Tiempo,ControlPWM,Plataforma,Posicion,Error
0,1466,-1.036833,-0.2532902,0.2532902
0.02,1466,-2.006861,-0.2532902,0.2532902
0.04,1463,-2.915795,-0.3882504,0.3882504
0.06,1463,-3.760326,-0.3882504,0.3882504
0.08,1490,-3.752672,0.7589102,-0.7589102
0.1,1478,-3.257493,0.2865496,-0.2865496
0.12,1472,-2.513791,0.01663017,-0.01663017
0.14,1489,-1.415219,0.6914301,-0.6914301
0.16,1482,-0.3117196,0.4215097,-0.4215097
0.18,1497,0.9681848,1.02883,-1.02883
0.2,1489,2.245193,0.6914301,-0.6914301
0.22,1507,3.534238,1.36623,-1.36623
0.24,1497,4.669428,0.9613495,-0.9613495
0.26,1497,5.289174,0.9613495,-0.9613495
0.28,1499,5.502749,1.02883,-1.02883
0.3,1501,5.099675,1.09631,-1.09631
0.32,1502,4.813518,1.09631,-1.09631
0.34,1509,4.465885,1.36623,-1.36623
0.36,1511,4.242386,1.43371,-1.43371
0.38,1517,3.996717,1.63615,-1.63615
0.4,1518,3.852587,1.63615,-1.63615
0.42,1496,3.689649,0.7589102,-0.7589102
0.44,1503,3.50248,1.02883,-1.02883
0.46,1479,3.330431,0.01663017,-0.01663017
0.48,1485,3.042153,0.2865496,-0.2865496
0.5,1496,2.8737,0.6914301,-0.6914301
0.52,1498,2.499596,0.7589102,-0.7589102
0.54,1505,2.217772,1.02883,-1.02883
0.56,1480,1.987311,0.01663017,-0.01663017
0.58,1480,1.814913,0.01663017,-0.01663017
0.6,1487,1.63966,0.2865496,-0.2865496
0.62,1487,1.403866,0.2865496,-0.2865496
0.64,1488,1.225226,0.3540297,-0.3540297
0.66,1489,1.137785,0.3540297,-0.3540297
0.68,1489,1.025805,0.3540297,-0.3540297
0.7,1489,0.9247177,0.3540297,-0.3540297
0.72,1489,0.8375034,0.3540297,-0.3540297
0.74,1487,0.7464498,0.2865496,-0.2865496
0.76,1489,0.6629361,0.3540297,-0.3540297
0.78,1488,0.5986521,0.2865496,-0.2865496
0.8,1490,0.5336298,0.3540297,-0.3540297
0.82,1488,0.4703695,0.2865496,-0.2865496
0.84,1490,0.4100563,0.3540297,-0.3540297
0.86,1488,0.3617975,0.2865496,-0.2865496
0.88,1490,0.3053607,0.3540297,-0.3540297
0.9,1488,0.2672947,0.2865496,-0.2865496
0.92,1490,0.2094769,0.3540297,-0.3540297
0.94,1489,0.1789158,0.2865496,-0.2865496
0.96,1489,0.1465797,0.2865496,-0.2865496
0.98,1489,0.1265803,0.2865496,-0.2865496
1,1489,0.08975597,0.2865496,-0.2865496
1.02,1489,0.0703405,0.2865496,-0.2865496
1.04,1491,0.04960603,0.3540297,-0.3540297
1.06,1491,0.009744791,0.3540297,-0.3540297
1.08,1493,-0.02617239,0.4215097,-0.4215097
1.1,1490,-0.05523781,0.2865496,-0.2865496
1.12,1490,-0.07762052,0.2865496,-0.2865496
1.14,1493,-0.1045313,0.4215097,-0.4215097
1.16,1492,-0.1194751,0.3540297,-0.3540297
1.18,1492,-0.1395173,0.3540297,-0.3540297
1.2,1494,-0.1503457,0.4215097,-0.4215097
1.22,1492,-0.1631719,0.3540297,-0.3540297
1.24,1492,-0.1831323,0.3540297,-0.3540297
1.26,1493,-0.1959039,0.3540297,-0.3540297
1.28,1493,-0.2176326,0.3540297,-0.3540297
1.3,1491,-0.2255296,0.2865496,-0.2865496
1.32,1493,-0.232509,0.3540297,-0.3540297
1.34,1491,-0.2477212,0.2865496,-0.2865496
1.36,1492,-0.2506784,0.2865496,-0.2865496
1.38,1495,-0.2685376,0.4215097,-0.4215097
1.4,1495,-0.2779022,0.4215097,-0.4215097
1.42,1494,-0.2813742,0.3540297,-0.3540297
1.44,1494,-0.2861747,0.3540297,-0.3540297
1.46,1494,-0.2911657,0.3540297,-0.3540297
1.48,1492,-0.2976685,0.2865496,-0.2865496
1.5,1494,-0.2981361,0.3540297,-0.3540297
1.52,1493,-0.301007,0.2865496,-0.2865496
1.54,1494,-0.3142739,0.3540297,-0.3540297
1.56,1493,-0.3230932,0.2865496,-0.2865496
1.58,1496,-0.3321336,0.4215097,-0.4215097
1.6,1493,-0.3307557,0.2865496,-0.2865496
1.62,1493,-0.3410878,0.2865496,-0.2865496
1.64,1495,-0.3457619,0.3540297,-0.3540297
1.66,1495,-0.3516165,0.3540297,-0.3540297
1.68,1494,-0.3519765,0.2865496,-0.2865496
1.7,1496,-0.3549237,0.3540297,-0.3540297
1.72,1496,-0.3437479,0.3540297,-0.3540297
1.74,1494,-0.3445714,0.2865496,-0.2865496
1.76,1498,-0.3432781,0.4215097,-0.4215097
1.78,1496,-0.3393121,0.3540297,-0.3540297
1.8,1496,-0.3567251,0.3540297,-0.3540297
1.82,1498,-0.3701888,0.4215097,-0.4215097
1.84,1495,-0.374594,0.2865496,-0.2865496
1.86,1498,-0.371616,0.4215097,-0.4215097
1.88,1497,-0.3726863,0.3540297,-0.3540297
1.9,1499,-0.367941,0.4215097,-0.4215097
1.92,1497,-0.3720046,0.3540297,-0.3540297
1.94,1496,-0.3733204,0.2865496,-0.2865496
1.96,1496,-0.3295897,0.2865496,-0.2865496
1.98,1498,-0.3216015,0.3540297,-0.3540297
2,1498,-0.3290785,0.3540297,-0.3540297
2.02,1496,-0.3335646,0.2865496,-0.2865496
2.04,1496,-0.3429088,0.2865496,-0.2865496
2.06,1498,-0.3388844,0.3540297,-0.3540297
2.08,1498,-0.335509,0.3540297,-0.3540297
2.1,1498,-0.3354405,0.3540297,-0.3540297
2.12,1497,-0.3415789,0.2865496,-0.2865496
2.14,1497,-0.3487414,0.2865496,-0.2865496
2.16,1499,-0.3462368,0.3540297,-0.3540297
2.18,1501,-0.3456461,0.4215097,-0.4215097
2.2,1499,-0.3469741,0.3540297,-0.3540297
2.22,1499,-0.3483306,0.3540297,-0.3540297
2.24,1501,-0.3465256,0.4215097,-0.4215097
2.26,1499,-0.350111,0.3540297,-0.3540297
2.28,1501,-0.3487656,0.4215097,-0.4215097
2.3,1500,-0.3525403,0.3540297,-0.3540297
2.32,1498,-0.3652932,0.2865496,-0.2865496
2.34,1500,-0.3634296,0.3540297,-0.3540297
2.36,1500,-0.3590569,0.3540297,-0.3540297
2.38,1500,-0.347476,0.3540297,-0.3540297
2.4,1499,-0.3502775,0.2865496,-0.2865496
2.42,1502,-0.3476922,0.4215097,-0.4215097
2.44,1501,-0.3488291,0.3540297,-0.3540297
2.46,1501,-0.3527899,0.3540297,-0.3540297
2.48,1503,-0.3521014,0.4215097,-0.4215097
2.5,1501,-0.3455921,0.3540297,-0.3540297
2.52,1503,-0.3449896,0.4215097,-0.4215097
2.54,1496,-0.3277763,0.1515903,-0.1515903
2.56,1500,-0.342117,0.2865496,-0.2865496
2.58,1502,-0.328734,0.3540297,-0.3540297
2.6,1500,-0.3349846,0.2865496,-0.2865496
2.62,1504,-0.3422764,0.4215097,-0.4215097
2.64,1504,-0.339491,0.4215097,-0.4215097
2.66,1504,-0.3389474,0.4215097,-0.4215097
2.68,1506,-0.3199036,0.4889898,-0.4889898
2.7,1504,-0.3089089,0.4215097,-0.4215097
2.72,1501,-0.2181744,0.2865496,-0.2865496
2.74,1501,-0.2111184,0.2865496,-0.2865496
2.76,1503,-0.1641034,0.3540297,-0.3540297
2.78,1501,-0.1519593,0.2865496,-0.2865496
2.8,1503,-0.1393556,0.3540297,-0.3540297
2.82,1502,-0.1401121,0.2865496,-0.2865496
2.84,1505,-0.1378897,0.4215097,-0.4215097
2.86,1504,-0.1548487,0.3540297,-0.3540297
2.88,1504,-0.1595617,0.3540297,-0.3540297
2.9,1504,-0.1568601,0.3540297,-0.3540297
2.92,1504,-0.1513057,0.3540297,-0.3540297
2.94,1506,-0.156087,0.4215097,-0.4215097
2.96,1504,-0.1537344,0.3540297,-0.3540297
2.98,1505,-0.1528659,0.3540297,-0.3540297
3,1506,-0.1545436,0.4215097,-0.4215097
3.02,1505,-0.1484295,0.3540297,-0.3540297
3.04,1505,-0.1495679,0.3540297,-0.3540297
3.06,1507,-0.1459886,0.4215097,-0.4215097
3.08,1504,-0.1518511,0.2865496,-0.2865496
3.1,1504,-0.1570193,0.2865496,-0.2865496
3.12,1504,-0.1574331,0.2865496,-0.2865496
3.14,1506,-0.1678357,0.3540297,-0.3540297
3.16,1506,-0.1736791,0.3540297,-0.3540297
3.18,1506,-0.1734947,0.3540297,-0.3540297
3.2,1506,-0.1766795,0.3540297,-0.3540297
3.22,1506,-0.1799515,0.3540297,-0.3540297
3.24,1506,-0.1673712,0.3540297,-0.3540297
3.26,1507,-0.1608898,0.3540297,-0.3540297
3.28,1508,-0.1664957,0.4215097,-0.4215097
3.3,1505,-0.1459638,0.2865496,-0.2865496
3.32,1507,-0.1536529,0.3540297,-0.3540297
3.34,1505,-0.1455886,0.2865496,-0.2865496
3.36,1507,-0.1539002,0.3540297,-0.3540297
3.38,1507,-0.1602353,0.3540297,-0.3540297
3.4,1506,-0.1665688,0.2865496,-0.2865496
3.42,1508,-0.1727097,0.3540297,-0.3540297
3.44,1506,-0.2021574,0.2865496,-0.2865496
3.46,1510,-0.2707209,0.4215097,-0.4215097
3.48,1508,-0.3052603,0.3540297,-0.3540297
3.5,1506,-0.2516516,0.2865496,-0.2865496
3.52,1508,-0.2616677,0.3540297,-0.3540297
3.54,1507,-0.2040348,0.2865496,-0.2865496
3.56,1509,-0.1267949,0.3540297,-0.3540297
3.58,1507,-0.1254447,0.2865496,-0.2865496
3.6,1509,-0.09817813,0.3540297,-0.3540297
3.62,1507,-0.08113296,0.2865496,-0.2865496
3.64,1509,-0.1240949,0.3540297,-0.3540297
3.66,1508,-0.1278404,0.2865496,-0.2865496
3.68,1508,-0.1381158,0.2865496,-0.2865496
3.7,1508,-0.1536106,0.2865496,-0.2865496
3.72,1508,-0.1511293,0.2865496,-0.2865496
3.74,1510,-0.1492973,0.3540297,-0.3540297
3.76,1510,-0.1500239,0.3540297,-0.3540297
3.78,1510,-0.1310199,0.3540297,-0.3540297
3.8,1508,-0.1445611,0.2865496,-0.2865496
3.82,1510,-0.1294882,0.3540297,-0.3540297
3.84,1510,-0.128165,0.3540297,-0.3540297
3.86,1509,-0.1267675,0.2865496,-0.2865496
3.88,1511,-0.1423301,0.3540297,-0.3540297
3.9,1501,-0.1634581,-0.05084991,0.05084991
3.92,1502,-0.1717853,0.01663017,-0.01663017
3.94,1502,-0.1902435,0.01663017,-0.01663017
3.96,1502,-0.1963373,0.01663017,-0.01663017
3.98,1528,-0.2108764,1.02883,-1.02883
4,1528,-0.2258723,1.02883,-1.02883
4.02,1528,-0.1633466,1.02883,-1.02883
4.04,1503,0.02381913,0.01663017,-0.01663017
4.06,1504,0.1277618,0.01663017,-0.01663017
4.08,1531,0.2422974,1.09631,-1.09631
4.1,1531,0.1662129,1.09631,-1.09631
4.12,1521,0.194015,0.6914301,-0.6914301
4.14,1538,0.2500975,1.36623,-1.36623
4.16,1530,0.3019749,1.02883,-1.02883
4.18,1539,0.3796783,1.36623,-1.36623
4.2,1557,0.4742379,2.04103,-2.04103
4.22,1540,0.521645,1.36623,-1.36623
4.24,1558,0.6986896,2.04103,-2.04103
4.26,1550,0.8018001,1.703629,-1.703629
4.28,1576,0.895384,2.71583,-2.71583
4.3,1577,1.017128,2.71583,-2.71583
4.32,1578,1.074168,2.71583,-2.71583
4.34,1579,1.261084,2.71583,-2.71583
4.36,1580,1.461985,2.71583,-2.71583
4.38,1581,1.622725,2.71583,-2.71583
4.4,1556,1.825696,1.63615,-1.63615
4.42,1556,1.878253,1.63615,-1.63615
4.44,1567,2.007253,2.04103,-2.04103
4.46,1568,1.944928,2.04103,-2.04103
4.48,1576,1.925536,2.31095,-2.31095
4.5,1553,1.875767,1.36623,-1.36623
4.52,1560,1.842613,1.63615,-1.63615
4.54,1571,1.867764,2.04103,-2.04103
4.56,1548,1.820522,1.09631,-1.09631
4.58,1555,1.794629,1.36623,-1.36623
4.6,1564,1.799642,1.703629,-1.703629
4.62,1540,1.752175,0.6914301,-0.6914301
4.64,1540,1.704705,0.6914301,-0.6914301
4.66,1551,1.680446,1.09631,-1.09631
4.68,1558,1.571694,1.36623,-1.36623
4.7,1533,1.525165,0.3540297,-0.3540297
4.72,1533,1.518516,0.3540297,-0.3540297
4.74,1533,1.567216,0.3540297,-0.3540297
4.76,1561,1.424606,1.43371,-1.43371
4.78,1549,1.314129,0.9613495,-0.9613495
4.8,1560,1.183781,1.36623,-1.36623
4.82,1579,1.230104,2.10851,-2.10851
4.84,1584,1.144918,2.31095,-2.31095
4.86,1568,1.211616,1.63615,-1.63615
4.88,1588,1.459499,2.37843,-2.37843
4.9,1604,1.667986,2.98575,-2.98575
4.92,1598,1.79407,2.71583,-2.71583
4.94,1599,1.967142,2.71583,-2.71583
4.96,1600,2.177372,2.71583,-2.71583
4.98,1601,2.355104,2.71583,-2.71583
5,1603,2.514321,2.71583,-2.71583
5.02,1604,2.565896,2.71583,-2.71583
5.04,1605,2.670167,2.71583,-2.71583
5.06,1613,2.707878,2.98575,-2.98575
5.08,1624,2.812824,3.39063,-3.39063
5.1,1600,2.912704,2.37843,-2.37843
5.12,1603,2.954754,2.44591,-2.44591
5.14,1587,3.065926,1.77111,-1.77111
5.16,1594,3.015331,2.04103,-2.04103
5.18,1605,3.065901,2.44591,-2.44591
5.2,1579,2.985929,1.36623,-1.36623
5.22,1588,2.997269,1.703629,-1.703629
5.24,1572,2.989257,1.02883,-1.02883
5.26,1581,2.898764,1.36623,-1.36623
5.28,1592,2.852675,1.77111,-1.77111
5.3,1591,2.743078,1.703629,-1.703629
5.32,1583,2.668235,1.36623,-1.36623
5.34,1604,2.66573,2.17599,-2.17599
5.36,1584,2.639155,1.36623,-1.36623
5.38,1595,2.583813,1.77111,-1.77111
5.4,1628,2.580609,3.05323,-3.05323
5.42,1639,2.520929,3.45811,-3.45811
5.44,1647,2.641295,3.72803,-3.72803
5.46,1623,2.801992,2.71583,-2.71583
5.48,1639,3.079269,3.32315,-3.32315
5.5,1669,3.334331,4.47031,-4.47031
5.52,1661,3.573108,4.06543,-4.06543
5.54,1662,3.717424,4.06543,-4.06543
5.56,1664,4.039307,4.06543,-4.06543
5.58,1666,4.189239,4.06543,-4.06543
5.6,1676,4.455041,4.40283,-4.40283
5.62,1652,4.643139,3.39063,-3.39063
5.64,1660,4.812652,3.66055,-3.66055
5.66,1672,4.813345,4.06543,-4.06543
5.68,1657,4.820757,3.39063,-3.39063
5.7,1641,4.835322,2.71583,-2.71583
5.72,1651,4.917579,3.05323,-3.05323
5.74,1644,4.79984,2.71583,-2.71583
5.76,1628,4.80706,2.04103,-2.04103
5.78,1620,4.787683,1.703629,-1.703629
5.8,1636,4.652117,2.31095,-2.31095
5.82,1630,4.46287,2.04103,-2.04103
5.84,1623,4.373331,1.703629,-1.703629
5.86,1615,4.294961,1.36623,-1.36623
5.88,1607,4.290721,1.02883,-1.02883
5.9,1599,4.191911,0.6914301,-0.6914301
5.92,1593,4.147733,0.4215097,-0.4215097
5.94,1592,3.977356,0.3540297,-0.3540297
5.96,1560,3.79138,-0.9280891,0.9280891
5.98,1558,3.592571,-0.9955692,0.9955692
6,1559,3.359768,-0.9280891,0.9280891
6.02,1559,2.938039,-0.9280891,0.9280891
6.04,1525,2.522163,-2.277691,2.277691
6.06,1524,2.276758,-2.277691,2.277691
6.08,1493,2.062353,-3.492331,3.492331
6.1,1492,1.665854,-3.492331,3.492331
6.12,1490,1.363942,-3.492331,3.492331
6.14,1456,0.9799095,-4.84193,4.84193
6.16,1456,0.6461946,-4.77445,4.77445
6.18,1446,0.3586953,-5.111851,5.111851
6.2,1442,-0.06271327,-5.179329,5.179329
6.22,1433,-0.5500982,-5.449249,5.449249
6.24,1424,-0.9012486,-5.71917,5.71917
6.26,1412,-1.239946,-6.12405,6.12405
6.28,1401,-1.600425,-6.461451,6.461451
6.3,1363,-1.779552,-7.878531,7.878531
6.32,1374,-1.965665,-7.33869,7.33869
6.34,1372,-2.19982,-7.27121,7.27121
6.36,1376,-2.702374,-7.001289,7.001289
6.38,1358,-3.500292,-7.60861,7.60861
6.4,1335,-4.172517,-8.418369,8.418369
6.42,1339,-4.540855,-8.148449,8.148449
6.44,1327,-4.639113,-8.485849,8.485849
6.46,1347,-4.596785,-7.54113,7.54113
6.48,1342,-4.508575,-7.60861,7.60861
6.5,1339,-4.918424,-7.60861,7.60861
6.52,1336,-5.428204,-7.60861,7.60861
6.54,1311,-5.669968,-8.485849,8.485849
6.56,1343,-5.658537,-7.068769,7.068769
6.58,1340,-5.534145,-7.068769,7.068769
6.6,1331,-5.354797,-7.33869,7.33869
6.62,1350,-5.363066,-6.461451,6.461451
6.64,1317,-5.371176,-7.67609,7.67609
6.66,1316,-5.337346,-7.60861,7.60861
6.68,1328,-5.3251,-7.001289,7.001289
6.7,1347,-5.43635,-6.12405,6.12405
6.72,1314,-5.570065,-7.33869,7.33869
6.74,1335,-5.641573,-6.39397,6.39397
6.76,1322,-5.636022,-6.798849,6.798849
6.78,1314,-5.656579,-7.001289,7.001289
6.8,1333,-5.660099,-6.12405,6.12405
6.82,1324,-5.705687,-6.39397,6.39397
6.84,1313,-5.804024,-6.731369,6.731369
6.86,1310,-5.782015,-6.731369,6.731369
6.88,1323,-5.742019,-6.12405,6.12405
6.9,1346,-5.820962,-5.111851,5.111851
6.92,1303,-5.901145,-6.731369,6.731369
6.94,1346,-5.988397,-4.90941,4.90941
6.96,1340,-5.962495,-5.044371,5.044371
6.98,1320,-5.881238,-5.78665,5.78665
7,1341,-5.946691,-4.84193,4.84193
7.02,1327,-5.954456,-5.314289,5.314289
7.04,1339,-5.862689,-4.77445,4.77445
7.06,1360,-5.985822,-3.829729,3.829729
7.08,1342,-6.074488,-4.50453,4.50453
7.1,1355,-6.020856,-3.897209,3.897209
7.12,1337,-5.908692,-4.57201,4.57201
7.14,1352,-5.790735,-3.897209,3.897209
7.16,1367,-5.648034,-3.22241,3.22241
7.18,1357,-5.58278,-3.559811,3.559811
7.2,1364,-5.313328,-3.22241,3.22241
7.22,1388,-5.015821,-2.210211,2.210211
7.24,1377,-4.853137,-2.615089,2.615089
7.26,1371,-4.753089,-2.81753,2.81753
7.28,1360,-4.479933,-3.22241,3.22241
7.3,1384,-4.29404,-2.210211,2.210211
7.32,1376,-4.252897,-2.480129,2.480129
7.34,1390,-4.293164,-1.87281,1.87281
7.36,1389,-4.231102,-1.87281,1.87281
7.38,1379,-4.280107,-2.277691,2.277691
7.4,1373,-4.134264,-2.480129,2.480129
7.42,1394,-3.962657,-1.60289,1.60289
7.44,1384,-3.910659,-1.94029,1.94029
7.46,1384,-3.876753,-1.94029,1.94029
7.48,1383,-3.811228,-1.94029,1.94029
7.5,1407,-3.812998,-0.9280891,0.9280891
7.52,1407,-3.820051,-0.9280891,0.9280891
7.54,1408,-3.84951,-0.8606091,0.8606091
7.56,1374,-3.689308,-2.210211,2.210211
7.58,1373,-3.56791,-2.210211,2.210211
7.6,1373,-3.465431,-2.210211,2.210211
7.62,1404,-3.514862,-0.9280891,0.9280891
7.64,1401,-3.585435,-0.9955692,0.9955692
7.66,1401,-3.679947,-0.9955692,0.9955692
7.68,1404,-3.667218,-0.8606091,0.8606091
7.7,1370,-3.635125,-2.210211,2.210211
7.72,1369,-3.536647,-2.210211,2.210211
7.74,1368,-3.412022,-2.210211,2.210211
7.76,1401,-3.512732,-0.8606091,0.8606091
7.78,1397,-3.587499,-0.9955692,0.9955692
7.8,1399,-3.736948,-0.9280891,0.9280891
7.82,1364,-3.70448,-2.277691,2.277691
7.84,1369,-3.643427,-2.075251,2.075251
7.86,1387,-3.630892,-1.33297,1.33297
7.88,1388,-3.677451,-1.26549,1.26549
7.9,1385,-3.791281,-1.33297,1.33297
7.92,1388,-3.75633,-1.198009,1.198009
7.94,1362,-3.791742,-2.210211,2.210211
7.96,1362,-3.781512,-2.210211,2.210211
7.98,1361,-3.774404,-2.210211,2.210211
8,1358,-3.835657,-2.277691,2.277691
8.02,1359,-3.943848,-2.210211,2.210211
8.04,1358,-4.045949,-2.210211,2.210211
8.06,1381,-4.126885,-1.26549,1.26549
8.08,1380,-4.234148,-1.26549,1.26549
8.1,1380,-4.280141,-1.26549,1.26549
8.12,1379,-4.233961,-1.26549,1.26549
8.14,1379,-4.18144,-1.26549,1.26549
8.16,1378,-4.091273,-1.26549,1.26549
8.18,1378,-4.014126,-1.26549,1.26549
8.2,1377,-3.974664,-1.26549,1.26549
8.22,1346,-3.948409,-2.480129,2.480129
8.24,1344,-3.94372,-2.547609,2.547609
8.26,1343,-3.913707,-2.547609,2.547609
8.28,1374,-4.026706,-1.26549,1.26549
8.3,1344,-4.20782,-2.412649,2.412649
8.32,1366,-4.386333,-1.53541,1.53541
8.34,1340,-4.520422,-2.547609,2.547609
8.36,1362,-4.443882,-1.60289,1.60289
8.38,1361,-4.529101,-1.60289,1.60289
8.4,1361,-4.514696,-1.60289,1.60289
8.42,1360,-4.453312,-1.60289,1.60289
8.44,1363,-4.490408,-1.46793,1.46793
8.46,1357,-4.468033,-1.67037,1.67037
8.48,1358,-4.498513,-1.60289,1.60289
8.5,1358,-4.480813,-1.60289,1.60289
8.52,1355,-4.48173,-1.67037,1.67037
8.54,1356,-4.45751,-1.60289,1.60289
8.56,1357,-4.465214,-1.53541,1.53541
8.58,1357,-4.460181,-1.53541,1.53541
8.6,1354,-4.460108,-1.60289,1.60289
8.62,1354,-4.447079,-1.60289,1.60289
8.64,1355,-4.448729,-1.53541,1.53541
8.66,1353,-4.456769,-1.60289,1.60289
8.68,1350,-4.455228,-1.67037,1.67037
8.7,1353,-4.459779,-1.53541,1.53541
8.72,1351,-4.458059,-1.60289,1.60289
8.74,1348,-4.489652,-1.67037,1.67037
8.76,1348,-4.529385,-1.67037,1.67037
8.78,1349,-4.567717,-1.60289,1.60289
8.8,1348,-4.547795,-1.60289,1.60289
8.82,1347,-4.562842,-1.60289,1.60289
8.84,1345,-4.546098,-1.67037,1.67037
8.86,1348,-4.562339,-1.53541,1.53541
8.88,1369,-4.563709,-0.6581707,0.6581707
8.9,1360,-4.626706,-0.9955692,0.9955692
8.92,1343,-4.595652,-1.67037,1.67037
8.94,1353,-4.587855,-1.26549,1.26549
8.96,1362,-4.54947,-0.8606091,0.8606091
8.98,1367,-4.564838,-0.6581707,0.6581707
9,1392,-4.547455,0.3540297,-0.3540297
9.02,1375,-4.543167,-0.3207703,0.3207703
9.04,1375,-4.39331,-0.3207703,0.3207703
9.06,1417,-4.299071,1.36623,-1.36623
9.08,1424,-4.242247,1.63615,-1.63615
9.1,1436,-4.041456,2.10851,-2.10851
9.12,1444,-3.729133,2.37843,-2.37843
9.14,1455,-3.385234,2.78331,-2.78331
9.16,1463,-2.933522,3.05323,-3.05323
9.18,1472,-2.417918,3.39063,-3.39063
9.2,1479,-2.100628,3.66055,-3.66055
9.22,1466,-1.731971,3.05323,-3.05323
9.24,1507,-1.421581,4.67275,-4.67275
9.26,1494,-1.113754,4.06543,-4.06543
9.28,1512,-0.756739,4.74023,-4.74023
9.3,1504,-0.5088564,4.33535,-4.33535
9.32,1524,-0.2187465,5.07763,-5.07763
9.34,1516,-0.03580595,4.67275,-4.67275
9.36,1510,0.09851829,4.33535,-4.33535
9.38,1537,0.2662939,5.347549,-5.347549
9.4,1540,0.3461815,5.41503,-5.41503
9.42,1534,0.4268405,5.07763,-5.07763
9.44,1534,0.5528088,5.01015,-5.01015
9.46,1538,0.7178831,5.07763,-5.07763
9.48,1547,0.7899731,5.347549,-5.347549
9.5,1551,0.9267733,5.41503,-5.41503
9.52,1553,0.9536282,5.41503,-5.41503
9.54,1555,1.116841,5.41503,-5.41503
9.56,1557,1.207804,5.41503,-5.41503
9.58,1534,1.336035,4.40283,-4.40283
9.6,1570,1.368781,5.75243,-5.75243
9.62,1546,1.397446,4.74023,-4.74023
9.64,1549,1.327364,4.74023,-4.74023
9.66,1557,1.479592,5.01015,-5.01015
9.68,1562,1.401695,5.14511,-5.14511
9.7,1539,1.387838,4.13291,-4.13291
9.72,1538,1.52134,3.99795,-3.99795
9.74,1539,1.53911,3.99795,-3.99795
9.76,1543,1.492747,4.06543,-4.06543
9.78,1543,1.47154,3.99795,-3.99795
9.8,1548,1.467201,4.13291,-4.13291
9.82,1547,1.455388,4.06543,-4.06543
9.84,1549,1.430858,4.06543,-4.06543
9.86,1549,1.405078,3.99795,-3.99795
9.88,1554,1.416385,4.13291,-4.13291
9.9,1554,1.39264,4.06543,-4.06543
9.92,1556,1.402859,4.06543,-4.06543
9.94,1557,1.390372,4.06543,-4.06543
9.96,1559,1.379962,4.06543,-4.06543
9.98,1560,1.385886,4.06543,-4.06543
10,1562,1.380488,4.06543,-4.06543
10.02,1562,1.388272,3.99795,-3.99795
10.04,1565,1.397307,4.06543,-4.06543
10.06,1565,1.397973,3.99795,-3.99795
10.08,1570,1.398253,4.13291,-4.13291
10.1,1570,1.406565,4.06543,-4.06543
10.12,1572,1.465685,4.06543,-4.06543
10.14,1572,1.588127,3.99795,-3.99795
10.16,1575,1.666431,4.06543,-4.06543
10.18,1575,1.739248,3.99795,-3.99795
10.2,1578,1.796833,4.06543,-4.06543
10.22,1580,1.855076,4.06543,-4.06543
10.24,1582,1.901251,4.06543,-4.06543
10.26,1581,2.006754,3.99795,-3.99795
10.28,1585,2.050558,4.06543,-4.06543
10.3,1586,2.103226,4.06543,-4.06543
10.32,1588,2.134966,4.06543,-4.06543
10.34,1590,2.169892,4.06543,-4.06543
10.36,1591,2.229198,4.06543,-4.06543
10.38,1593,2.281183,4.06543,-4.06543
10.4,1595,2.345442,4.06543,-4.06543
10.42,1596,2.374859,4.06543,-4.06543
10.44,1596,2.424332,3.99795,-3.99795
10.46,1598,2.434552,3.99795,-3.99795
10.48,1601,2.49134,4.06543,-4.06543
10.5,1603,2.50994,4.06543,-4.06543
10.52,1604,2.578182,4.06543,-4.06543
10.54,1604,2.635367,3.99795,-3.99795
10.56,1607,2.673467,4.06543,-4.06543
10.58,1609,2.728902,4.06543,-4.06543
10.6,1611,2.757903,4.06543,-4.06543
10.62,1614,2.826372,4.13291,-4.13291
10.64,1612,2.855577,3.99795,-3.99795
10.66,1616,2.923272,4.06543,-4.06543
10.68,1617,2.962995,4.06543,-4.06543
10.7,1619,3.005057,4.06543,-4.06543
10.72,1622,3.059353,4.13291,-4.13291
10.74,1622,3.103966,4.06543,-4.06543
10.76,1624,3.157875,4.06543,-4.06543
10.78,1625,3.223077,4.06543,-4.06543
10.8,1627,3.256455,4.06543,-4.06543
10.82,1629,3.274626,4.06543,-4.06543
10.84,1629,3.319109,3.99795,-3.99795
10.86,1632,3.360733,4.06543,-4.06543
10.88,1633,3.40816,4.06543,-4.06543
10.9,1635,3.457705,4.06543,-4.06543
10.92,1637,3.531991,4.06543,-4.06543
10.94,1638,3.596613,4.06543,-4.06543
10.96,1640,3.66637,4.06543,-4.06543
10.98,1642,3.771038,4.06543,-4.06543
11,1643,3.81204,4.06543,-4.06543
11.02,1645,3.883762,4.06543,-4.06543
11.04,1646,3.93968,4.06543,-4.06543
11.06,1648,3.983721,4.06543,-4.06543
11.08,1650,4.15051,4.06543,-4.06543
11.1,1650,4.095559,3.99795,-3.99795
11.12,1653,4.192072,4.06543,-4.06543
11.14,1688,4.192473,5.41503,-5.41503
11.16,1656,4.234272,4.06543,-4.06543
11.18,1658,4.257523,4.06543,-4.06543
11.2,1662,4.531396,4.13291,-4.13291
11.22,1662,4.55734,4.06543,-4.06543
11.24,1697,4.612698,5.41503,-5.41503
11.26,1699,4.585118,5.41503,-5.41503
11.28,1701,4.58954,5.41503,-5.41503
11.3,1668,4.821114,3.99795,-3.99795
11.32,1680,5.056679,4.40283,-4.40283
11.34,1683,5.279166,4.47031,-4.47031
11.36,1682,5.271424,4.33535,-4.33535
11.38,1693,5.343528,4.74023,-4.74023
11.4,1704,5.312851,5.07763,-5.07763
11.42,1679,5.439174,3.99795,-3.99795
11.44,1689,5.520933,4.33535,-4.33535
11.46,1675,5.49902,3.72803,-3.72803
11.48,1658,5.586206,2.98575,-2.98575
11.5,1677,5.527683,3.66055,-3.66055
11.52,1665,5.506567,3.120709,-3.120709
11.54,1656,5.521361,2.71583,-2.71583
11.56,1647,5.492397,2.31095,-2.31095
11.58,1641,5.469915,2.04103,-2.04103
11.6,1632,5.343246,1.63615,-1.63615
11.62,1626,5.152583,1.36623,-1.36623
11.64,1620,4.937131,1.09631,-1.09631
11.66,1617,4.744555,0.9613495,-0.9613495
11.68,1595,4.553556,0.08411026,-0.08411026
11.7,1592,4.350827,-0.05084991,0.05084991
11.72,1594,4.061523,0.01663017,-0.01663017
11.74,1595,3.764549,0.08411026,-0.08411026
11.76,1570,3.523975,-0.9280891,0.9280891
11.78,1570,3.367244,-0.9280891,0.9280891
11.8,1546,3.167459,-1.87281,1.87281
11.82,1520,3.051296,-2.88501,2.88501
11.84,1496,2.829808,-3.829729,3.829729
11.86,1494,2.536102,-3.829729,3.829729
11.88,1468,2.101983,-4.84193,4.84193
11.9,1474,1.613771,-4.50453,4.50453
11.92,1448,1.145849,-5.516729,5.516729
11.94,1422,0.5093158,-6.461451,6.461451
11.96,1428,-0.09936659,-6.12405,6.12405
11.98,1404,-0.4340229,-7.001289,7.001289
12,1401,-0.8148777,-7.001289,7.001289
12.02,1377,-1.240573,-7.878531,7.878531
12.04,1374,-1.756333,-7.878531,7.878531
12.06,1348,-2.300457,-8.75577,8.75577
12.08,1323,-3.057652,-9.633009,9.633009
12.1,1331,-3.546594,-9.16065,9.16065
12.12,1321,-4.093124,-9.430571,9.430571
12.14,1312,-4.763624,-9.633009,9.633009
12.16,1300,-5.317948,-9.970409,9.970409
12.18,1281,-5.67092,-10.57773,10.57773
12.2,1285,-5.620654,-10.24033,10.24033
12.22,1288,-5.84455,-9.970409,9.970409
12.24,1284,-6.377729,-9.970409,9.970409
12.26,1259,-6.755004,-10.78017,10.78017
12.28,1240,-7.019588,-11.38749,11.38749
12.3,1251,-7.169796,-10.78017,10.78017
12.32,1267,-7.359939,-9.970409,9.970409
12.34,1239,-7.720077,-10.91513,10.91513
12.36,1236,-8.061253,-10.84765,10.84765
12.38,1247,-8.146475,-10.24033,10.24033
12.4,1234,-8.101593,-10.57773,10.57773
12.42,1249,-8.378759,-9.835449,9.835449
12.44,1211,-8.547757,-11.18505,11.18505
12.46,1222,-8.597451,-10.57773,10.57773
12.48,1235,-8.712829,-9.902929,9.902929
12.5,1242,-9.097902,-9.430571,9.430571
12.52,1205,-9.247633,-10.78017,10.78017
12.54,1258,-9.144964,-8.485849,8.485849
12.56,1261,-9.178999,-8.215929,8.215929
12.58,1244,-9.542614,-8.75577,8.75577
12.6,1269,-9.433455,-7.60861,7.60861
12.62,1248,-9.161302,-8.350889,8.350889
12.64,1248,-8.817352,-8.215929,8.215929
12.66,1288,-8.379324,-6.461451,6.461451
12.68,1287,-8.208468,-6.39397,6.39397
12.7,1283,-8.415957,-6.461451,6.461451
12.72,1304,-8.352101,-5.516729,5.516729
12.74,1305,-8.175165,-5.381769,5.381769
12.76,1291,-8.061631,-5.85413,5.85413
12.78,1314,-7.507129,-4.84193,4.84193
12.8,1335,-7.128215,-3.897209,3.897209
12.82,1359,-7.029201,-2.88501,2.88501
12.84,1349,-6.854702,-3.22241,3.22241
12.86,1373,-6.445696,-2.210211,2.210211
12.88,1397,-5.976851,-1.198009,1.198009
12.9,1410,-5.491911,-0.6581707,0.6581707
12.92,1410,-5.174388,-0.6581707,0.6581707
12.94,1426,-4.755278,0.01663017,-0.01663017
12.96,1426,-4.43498,0.01663017,-0.01663017
12.98,1441,-4.137196,0.62395,-0.62395
13,1445,-3.704524,0.7589102,-0.7589102
13.02,1471,-3.223518,1.77111,-1.77111
13.04,1471,-2.896124,1.77111,-1.77111
13.06,1494,-2.474728,2.71583,-2.71583
13.08,1495,-2.041644,2.71583,-2.71583
13.1,1530,-1.800467,4.06543,-4.06543
13.12,1533,-1.442461,4.13291,-4.13291
13.14,1567,-1.149079,5.41503,-5.41503
13.16,1567,-0.8975135,5.347549,-5.347549
13.18,1579,-0.5799568,5.75243,-5.75243
13.2,1590,-0.09329842,6.089829,-6.089829
13.22,1601,0.5114107,6.42723,-6.42723
13.24,1585,1.055747,5.68495,-5.68495
13.26,1606,1.52991,6.42723,-6.42723
13.28,1625,1.906197,7.10203,-7.10203
13.3,1618,2.230915,6.69715,-6.69715
13.32,1620,2.51141,6.69715,-6.69715
13.34,1616,2.82079,6.42723,-6.42723
13.36,1617,3.065716,6.35975,-6.35975
13.38,1630,3.247397,6.764629,-6.764629
13.4,1633,3.349614,6.764629,-6.764629
13.42,1634,3.388054,6.69715,-6.69715
13.44,1646,3.495472,7.10203,-7.10203
13.46,1622,3.572029,6.022349,-6.022349
13.48,1633,3.702362,6.35975,-6.35975
13.5,1646,3.876236,6.764629,-6.764629
13.52,1632,3.776639,6.089829,-6.089829
13.54,1643,3.922811,6.42723,-6.42723
13.56,1627,3.959224,5.68495,-5.68495
13.58,1614,4.056889,5.07763,-5.07763
13.6,1623,4.031218,5.347549,-5.347549
13.62,1618,4.034467,5.07763,-5.07763
13.64,1602,3.962579,4.33535,-4.33535
13.66,1622,3.924454,5.07763,-5.07763
13.68,1609,3.892241,4.47031,-4.47031
13.7,1600,3.75284,4.06543,-4.06543
13.72,1585,3.811812,3.39063,-3.39063
13.74,1604,3.741606,4.06543,-4.06543
13.76,1595,3.595164,3.66055,-3.66055
13.78,1581,3.375172,3.05323,-3.05323
13.8,1574,3.297959,2.71583,-2.71583
13.82,1559,3.106703,2.04103,-2.04103
13.84,1551,2.940577,1.703629,-1.703629
13.86,1569,2.696137,2.37843,-2.37843
13.88,1561,2.356687,2.04103,-2.04103
13.9,1554,2.107469,1.703629,-1.703629
13.92,1546,1.979473,1.36623,-1.36623
13.94,1530,2.013826,0.6914301,-0.6914301
13.96,1523,1.921061,0.4215097,-0.4215097
13.98,1513,1.935452,0.01663017,-0.01663017
14,1515,1.674593,0.08411026,-0.08411026
14.02,1505,1.429254,-0.3207703,0.3207703
14.04,1498,1.154254,-0.5906906,0.5906906
14.06,1490,0.819403,-0.9280891,0.9280891
14.08,1483,0.5387094,-1.198009,1.198009
14.1,1497,0.3898109,-0.5906906,0.5906906
14.12,1489,0.1888567,-0.9280891,0.9280891
14.14,1472,-0.08788703,-1.60289,1.60289
14.16,1467,-0.113574,-1.80533,1.80533
14.18,1446,-0.2105538,-2.615089,2.615089
14.2,1437,-0.4505523,-2.95249,2.95249
14.22,1454,-0.5174196,-2.210211,2.210211
14.24,1436,-0.7006132,-2.88501,2.88501
14.26,1418,-0.9882714,-3.559811,3.559811
14.28,1425,-1.343667,-3.22241,3.22241
14.3,1410,-1.492985,-3.762249,3.762249
14.32,1384,-1.693042,-4.77445,4.77445
14.34,1414,-1.988662,-3.492331,3.492331
14.36,1385,-2.240517,-4.57201,4.57201
14.38,1416,-2.370067,-3.28989,3.28989
14.4,1418,-2.535259,-3.15493,3.15493
14.42,1415,-2.788747,-3.22241,3.22241
14.44,1415,-2.863937,-3.15493,3.15493
14.46,1412,-2.775958,-3.22241,3.22241
14.48,1411,-2.782187,-3.22241,3.22241
14.5,1410,-2.718946,-3.22241,3.22241
14.52,1408,-2.712264,-3.22241,3.22241
14.54,1407,-2.709165,-3.22241,3.22241
14.56,1406,-2.704312,-3.22241,3.22241
14.58,1404,-2.711246,-3.22241,3.22241
14.6,1403,-2.711001,-3.22241,3.22241
14.62,1404,-2.745807,-3.15493,3.15493
14.64,1401,-2.789003,-3.22241,3.22241
14.66,1367,-2.829308,-4.50453,4.50453
14.68,1398,-2.847002,-3.22241,3.22241
14.7,1398,-2.90123,-3.15493,3.15493
14.72,1395,-3.024193,-3.22241,3.22241
14.74,1394,-3.214269,-3.22241,3.22241
14.76,1392,-3.459188,-3.22241,3.22241
14.78,1357,-3.506464,-4.57201,4.57201
14.8,1356,-3.425714,-4.57201,4.57201
14.82,1378,-3.465183,-3.627291,3.627291
14.84,1379,-3.48783,-3.492331,3.492331
14.86,1378,-3.581454,-3.492331,3.492331
14.88,1375,-3.753033,-3.559811,3.559811
14.9,1375,-3.993884,-3.492331,3.492331
14.92,1365,-3.979075,-3.829729,3.829729
14.94,1364,-3.920092,-3.829729,3.829729
14.96,1362,-3.981444,-3.829729,3.829729
14.98,1351,-3.977492,-4.23461,4.23461
15,1351,-4.04633,-4.16713,4.16713
15.02,1351,-4.18101,-4.099649,4.099649
15.04,1347,-4.283553,-4.16713,4.16713
15.06,1346,-4.358995,-4.16713,4.16713
15.08,1344,-4.4476,-4.16713,4.16713
15.1,1342,-4.571094,-4.16713,4.16713
15.12,1339,-4.646201,-4.23461,4.23461
15.14,1339,-4.6596,-4.16713,4.16713
15.16,1337,-4.701737,-4.16713,4.16713
15.18,1336,-4.733338,-4.16713,4.16713
15.2,1332,-4.769786,-4.23461,4.23461
15.22,1332,-4.826338,-4.16713,4.16713
15.24,1331,-4.880551,-4.16713,4.16713
15.26,1327,-4.933517,-4.23461,4.23461
15.28,1327,-5.021966,-4.16713,4.16713
15.3,1326,-5.086974,-4.16713,4.16713
15.32,1324,-5.175974,-4.16713,4.16713
15.34,1321,-5.250826,-4.23461,4.23461
15.36,1321,-5.301836,-4.16713,4.16713
15.38,1319,-5.359778,-4.16713,4.16713
15.4,1316,-5.450176,-4.23461,4.23461
15.42,1316,-5.524146,-4.16713,4.16713
15.44,1314,-5.562142,-4.16713,4.16713
15.46,1312,-5.633972,-4.16713,4.16713
15.48,1312,-5.686815,-4.099649,4.099649
15.5,1309,-5.730767,-4.16713,4.16713
15.52,1307,-5.788522,-4.16713,4.16713
15.54,1307,-5.800775,-4.099649,4.099649
15.56,1304,-5.839204,-4.16713,4.16713
15.58,1302,-5.890718,-4.16713,4.16713
15.6,1301,-5.963362,-4.16713,4.16713
15.62,1297,-6.033991,-4.23461,4.23461
15.64,1297,-6.087584,-4.16713,4.16713
15.66,1296,-6.163215,-4.16713,4.16713
15.68,1292,-6.212115,-4.23461,4.23461
15.7,1292,-6.288917,-4.16713,4.16713
15.72,1289,-6.339265,-4.23461,4.23461
15.74,1289,-6.375289,-4.16713,4.16713
15.76,1286,-6.415303,-4.23461,4.23461
15.78,1309,-6.488026,-3.22241,3.22241
15.8,1308,-6.562563,-3.22241,3.22241
15.82,1306,-6.622716,-3.22241,3.22241
15.84,1305,-6.586883,-3.22241,3.22241
15.86,1295,-6.603815,-3.559811,3.559811
15.88,1297,-6.576949,-3.42485,3.42485
15.9,1293,-6.574562,-3.559811,3.559811
15.92,1291,-6.551865,-3.559811,3.559811
15.94,1313,-6.529075,-2.615089,2.615089
15.96,1312,-6.523466,-2.615089,2.615089
15.98,1304,-6.512555,-2.88501,2.88501
16,1270,-6.4823,-4.23461,4.23461
16.02,1295,-6.44444,-3.15493,3.15493
16.04,1292,-6.432427,-3.22241,3.22241
16.06,1316,-6.539277,-2.210211,2.210211
16.08,1315,-6.664014,-2.210211,2.210211
16.1,1312,-6.653518,-2.277691,2.277691
16.12,1303,-6.560616,-2.615089,2.615089
16.14,1294,-6.398232,-2.95249,2.95249
16.16,1289,-6.272506,-3.08745,3.08745
16.18,1313,-6.157328,-2.075251,2.075251
16.2,1309,-6.237845,-2.210211,2.210211
16.22,1298,-6.248574,-2.615089,2.615089
16.24,1314,-6.252803,-1.94029,1.94029
16.26,1306,-6.197261,-2.210211,2.210211
16.28,1329,-6.104895,-1.26549,1.26549
16.3,1311,-6.139462,-1.94029,1.94029
16.32,1336,-6.176409,-0.9280891,0.9280891
16.34,1318,-6.106409,-1.60289,1.60289
16.36,1335,-6.113238,-0.9280891,0.9280891
16.38,1326,-6.007341,-1.26549,1.26549
16.4,1342,-6.09454,-0.5906906,0.5906906
16.42,1359,-5.933219,0.08411026,-0.08411026
16.44,1340,-5.837316,-0.6581707,0.6581707
16.46,1357,-5.540738,0.01663017,-0.01663017
16.48,1342,-5.327278,-0.5906906,0.5906906
16.5,1357,-5.306367,0.01663017,-0.01663017
16.52,1363,-5.205018,0.2865496,-0.2865496
16.54,1357,-5.258392,0.01663017,-0.01663017
16.56,1365,-5.173147,0.3540297,-0.3540297
16.58,1357,-5.089324,0.01663017,-0.01663017
16.6,1374,-4.950243,0.6914301,-0.6914301
16.62,1381,-4.760951,0.9613495,-0.9613495
16.64,1398,-4.786348,1.63615,-1.63615
16.66,1383,-4.66857,1.02883,-1.02883
16.68,1404,-4.561663,1.83859,-1.83859
16.7,1383,-4.462046,0.9613495,-0.9613495
16.72,1427,-4.240474,2.71583,-2.71583
16.74,1443,-4.067875,3.32315,-3.32315
16.76,1429,-3.939456,2.71583,-2.71583
16.78,1447,-3.504222,3.39063,-3.39063
16.8,1433,-3.26691,2.78331,-2.78331
16.82,1449,-2.943724,3.39063,-3.39063
16.84,1468,-2.677963,4.06543,-4.06543
16.86,1459,-2.478354,3.66055,-3.66055
16.88,1478,-2.196094,4.40283,-4.40283
16.9,1472,-1.900801,4.06543,-4.06543
16.92,1498,-1.801311,5.07763,-5.07763
16.94,1492,-1.491709,4.74023,-4.74023
16.96,1483,-1.350306,4.33535,-4.33535
16.98,1487,-1.122412,4.40283,-4.40283
17,1516,-0.9442124,5.48251,-5.48251
17.02,1482,-0.9140062,4.06543,-4.06543
17.04,1482,-0.7878556,3.99795,-3.99795
17.06,1486,-0.5770522,4.06543,-4.06543
17.08,1487,-0.6563978,4.06543,-4.06543
17.1,1521,-0.6126007,5.347549,-5.347549
17.12,1523,-0.6326238,5.347549,-5.347549
17.14,1527,-0.6021652,5.41503,-5.41503
17.16,1495,-0.3577559,4.06543,-4.06543
17.18,1497,-0.1880118,4.06543,-4.06543
17.2,1500,0.05256602,4.13291,-4.13291
17.22,1532,-0.04255236,5.347549,-5.347549
17.24,1533,-0.0006153807,5.280069,-5.280069
17.26,1538,-0.04069405,5.41503,-5.41503
17.28,1539,0.1521669,5.347549,-5.347549
17.3,1542,0.2284499,5.41503,-5.41503
17.32,1545,0.4245733,5.41503,-5.41503
17.34,1545,0.5159657,5.347549,-5.347549
17.36,1547,0.7163564,5.347549,-5.347549
17.38,1551,0.8091589,5.41503,-5.41503
17.4,1553,0.8769726,5.41503,-5.41503
17.42,1522,0.9971404,4.06543,-4.06543
17.44,1530,1.057728,4.33535,-4.33535
17.46,1534,1.131634,4.40283,-4.40283
17.48,1535,0.9690567,4.40283,-4.40283
17.5,1537,0.9767609,4.40283,-4.40283
17.52,1537,0.9722966,4.33535,-4.33535
17.54,1549,0.9611725,4.74023,-4.74023
17.56,1551,0.9585558,4.74023,-4.74023
17.58,1549,0.9515656,4.605269,-4.605269
17.6,1531,0.9908977,3.79551,-3.79551
17.62,1565,1.02989,5.07763,-5.07763
17.64,1567,1.083996,5.07763,-5.07763
17.66,1543,1.017839,4.06543,-4.06543
17.68,1547,1.17271,4.13291,-4.13291
17.7,1547,1.233417,4.06543,-4.06543
17.72,1548,1.226381,4.06543,-4.06543
17.74,1552,1.263994,4.13291,-4.13291
17.76,1550,1.238036,3.99795,-3.99795
17.78,1553,1.263204,4.06543,-4.06543
17.8,1555,1.253734,4.06543,-4.06543
17.82,1556,1.268659,4.06543,-4.06543
17.84,1567,1.278324,4.40283,-4.40283
17.86,1568,1.283705,4.40283,-4.40283
17.88,1568,1.325172,4.33535,-4.33535
17.9,1573,1.428422,4.47031,-4.47031
17.92,1572,1.519746,4.33535,-4.33535
17.94,1575,1.612388,4.40283,-4.40283
17.96,1577,1.724524,4.40283,-4.40283
17.98,1577,1.826621,4.33535,-4.33535
18,1555,1.850679,3.39063,-3.39063
18.02,1557,1.910668,3.39063,-3.39063
18.04,1594,1.93014,4.80771,-4.80771
18.06,1590,1.914486,4.605269,-4.605269
18.08,1568,1.96865,3.66055,-3.66055
18.1,1570,2.12378,3.66055,-3.66055
18.12,1575,2.15949,3.79551,-3.79551
18.14,1575,2.107484,3.72803,-3.72803
18.16,1585,2.08473,4.06543,-4.06543
18.18,1586,2.063487,4.06543,-4.06543
18.2,1561,2.110453,2.98575,-2.98575
18.22,1572,2.12678,3.39063,-3.39063
18.24,1574,2.12117,3.39063,-3.39063
18.26,1582,2.077253,3.66055,-3.66055
18.28,1560,2.034746,2.71583,-2.71583
18.3,1568,2.056293,2.98575,-2.98575
18.32,1570,2.028444,3.05323,-3.05323
18.34,1578,2.009727,3.32315,-3.32315
18.36,1556,2.026349,2.37843,-2.37843
18.38,1566,2.013695,2.71583,-2.71583
18.4,1575,2.01302,3.05323,-3.05323
18.42,1551,1.976584,2.04103,-2.04103
18.44,1559,1.994962,2.31095,-2.31095
18.46,1570,1.991851,2.71583,-2.71583
18.48,1544,1.883799,1.63615,-1.63615
18.5,1555,1.862734,2.04103,-2.04103
18.52,1565,1.924664,2.44591,-2.44591
18.54,1539,1.83457,1.36623,-1.36623
18.56,1547,1.829043,1.63615,-1.63615
18.58,1558,1.793254,2.04103,-2.04103
18.6,1533,1.719963,1.02883,-1.02883
18.62,1544,1.69127,1.43371,-1.43371
18.64,1553,1.655159,1.77111,-1.77111
18.66,1526,1.506952,0.6914301,-0.6914301
18.68,1527,1.484094,0.6914301,-0.6914301
18.7,1534,1.530726,0.9613495,-0.9613495
18.72,1544,1.385812,1.36623,-1.36623
18.74,1545,1.247714,1.36623,-1.36623
18.76,1518,1.096749,0.2865496,-0.2865496
18.78,1529,1.180116,0.6914301,-0.6914301
18.8,1505,1.140589,-0.2532902,0.2532902
18.82,1512,1.045079,0.01663017,-0.01663017
18.84,1521,0.924215,0.3540297,-0.3540297
18.86,1519,0.8299797,0.2865496,-0.2865496
18.88,1529,0.6724916,0.6914301,-0.6914301
18.9,1513,0.6519632,0.01663017,-0.01663017
18.92,1513,0.6463323,0.01663017,-0.01663017
18.94,1489,0.6494782,-0.9280891,0.9280891
18.96,1523,0.588172,0.4215097,-0.4215097
18.98,1497,0.5599014,-0.5906906,0.5906906
19,1506,0.3768938,-0.2532902,0.2532902
19.02,1505,0.4403194,-0.2532902,0.2532902
19.04,1504,0.3025759,-0.3207703,0.3207703
19.06,1504,0.2220525,-0.3207703,0.3207703
19.08,1503,0.2021659,-0.3207703,0.3207703
19.1,1503,0.2198941,-0.3207703,0.3207703
19.12,1503,0.2054707,-0.3207703,0.3207703
19.14,1505,0.1840433,-0.2532902,0.2532902
19.16,1503,0.1425621,-0.3207703,0.3207703
19.18,1505,0.1283008,-0.2532902,0.2532902
19.2,1504,0.1403359,-0.2532902,0.2532902
19.22,1504,0.1377586,-0.2532902,0.2532902
19.24,1503,0.1428664,-0.3207703,0.3207703
19.26,1502,0.1541314,-0.3207703,0.3207703
19.28,1502,0.1532859,-0.3207703,0.3207703
19.3,1500,0.155355,-0.3882504,0.3882504
19.32,1502,0.1645609,-0.3207703,0.3207703
19.34,1500,0.1645821,-0.3882504,0.3882504
19.36,1503,0.170531,-0.2532902,0.2532902
19.38,1502,0.1789156,-0.3207703,0.3207703
19.4,1503,0.1859583,-0.2532902,0.2532902
19.42,1503,0.1963866,-0.2532902,0.2532902
19.44,1503,0.2000689,-0.2532902,0.2532902
19.46,1503,0.2049831,-0.2532902,0.2532902
19.48,1503,0.2038859,-0.2532902,0.2532902
19.5,1501,0.2075356,-0.3207703,0.3207703
19.52,1503,0.2110457,-0.2532902,0.2532902
19.54,1501,0.2087258,-0.3207703,0.3207703
19.56,1502,0.2073717,-0.2532902,0.2532902
19.58,1500,0.2105072,-0.3207703,0.3207703
19.6,1502,0.2046297,-0.2532902,0.2532902
19.62,1502,0.2099164,-0.2532902,0.2532902
19.64,1502,0.2112266,-0.2532902,0.2532902
19.66,1500,0.2066038,-0.3207703,0.3207703
19.68,1500,0.1978504,-0.3207703,0.3207703
19.7,1502,0.2026664,-0.2532902,0.2532902
19.72,1501,0.2030922,-0.2532902,0.2532902
19.74,1503,0.2036742,-0.1858101,0.1858101
19.76,1501,0.2034026,-0.2532902,0.2532902
19.78,1499,0.2056396,-0.3207703,0.3207703
19.8,1499,0.2091666,-0.3207703,0.3207703
19.82,1499,0.2034749,-0.3207703,0.3207703
19.84,1499,0.204349,-0.3207703,0.3207703
19.86,1501,0.1410401,-0.2532902,0.2532902
19.88,1500,0.1203405,-0.2532902,0.2532902
19.9,1499,0.06151374,-0.3207703,0.3207703
19.92,1499,0.04094636,-0.3207703,0.3207703
19.94,1498,0.0197044,-0.3207703,0.3207703
19.96,1500,0.02846369,-0.2532902,0.2532902
19.98,1498,0.02341875,-0.3207703,0.3207703
20,1500,0.033143,-0.2532902,0.2532902
20.02,1500,0.04024147,-0.2532902,0.2532902
20.04,1500,0.05590438,-0.2532902,0.2532902
20.06,1498,0.05701598,-0.3207703,0.3207703
20.08,1494,0.05212672,-0.4557304,0.4557304
20.1,1499,0.05010267,-0.2532902,0.2532902
20.12,1499,0.06064618,-0.2532902,0.2532902
20.14,1499,0.015676,-0.2532902,0.2532902
20.16,1497,-0.01591749,-0.3207703,0.3207703
20.18,1497,-0.008123547,-0.3207703,0.3207703
20.2,1497,-0.006069757,-0.3207703,0.3207703
20.22,1497,-0.0263639,-0.3207703,0.3207703
20.24,1497,-0.008559592,-0.3207703,0.3207703
20.26,1498,-0.02140047,-0.2532902,0.2532902
20.28,1498,-0.01108982,-0.2532902,0.2532902
20.3,1498,-0.02342198,-0.2532902,0.2532902
20.32,1496,-0.02956414,-0.3207703,0.3207703
20.34,1498,-0.02271594,-0.2532902,0.2532902
20.36,1498,-0.02126437,-0.2532902,0.2532902
20.38,1498,-0.02411482,-0.2532902,0.2532902
20.4,1496,-0.05079835,-0.3207703,0.3207703
20.42,1496,-0.04197069,-0.3207703,0.3207703
20.44,1497,-0.04686618,-0.2532902,0.2532902
20.46,1495,-0.07915636,-0.3207703,0.3207703
20.48,1495,-0.04086446,-0.3207703,0.3207703
20.5,1497,-0.05331747,-0.2532902,0.2532902
20.52,1497,-0.04084407,-0.2532902,0.2532902
20.54,1495,-0.04618253,-0.3207703,0.3207703
20.56,1495,-0.05774376,-0.3207703,0.3207703
20.58,1495,-0.04686522,-0.3207703,0.3207703
20.6,1496,-0.04521076,-0.2532902,0.2532902
20.62,1496,-0.03730136,-0.2532902,0.2532902
20.64,1494,-0.02667284,-0.3207703,0.3207703
20.66,1496,-0.01927481,-0.2532902,0.2532902
20.68,1496,-0.02466407,-0.2532902,0.2532902
20.7,1494,-0.02816705,-0.3207703,0.3207703
20.72,1494,-0.03002159,-0.3207703,0.3207703
20.74,1497,-0.03725821,-0.1858101,0.1858101
20.76,1489,-0.03939054,-0.5232105,0.5232105
20.78,1495,-0.035177,-0.2532902,0.2532902
20.8,1493,-0.03655397,-0.3207703,0.3207703
20.82,1495,-0.07165221,-0.2532902,0.2532902
20.84,1493,-0.08261598,-0.3207703,0.3207703
20.86,1493,-0.1016921,-0.3207703,0.3207703
20.88,1495,-0.08117277,-0.2532902,0.2532902
20.9,1495,-0.09043334,-0.2532902,0.2532902
20.92,1493,-0.0925066,-0.3207703,0.3207703
20.94,1491,-0.09012593,-0.3882504,0.3882504
20.96,1489,-0.09220888,-0.4557304,0.4557304
20.98,1494,-0.1111639,-0.2532902,0.2532902
21,1490,-0.1478419,-0.3882504,0.3882504
21.02,1492,-0.1504559,-0.3207703,0.3207703
21.04,1492,-0.1777842,-0.3207703,0.3207703
21.06,1490,-0.1674259,-0.3882504,0.3882504
21.08,1492,-0.1897125,-0.3207703,0.3207703
21.1,1490,-0.1678515,-0.3882504,0.3882504
21.12,1491,-0.1659892,-0.3207703,0.3207703
21.14,1490,-0.1583912,-0.3882504,0.3882504
21.16,1489,-0.1511996,-0.3882504,0.3882504
21.18,1491,-0.1528298,-0.3207703,0.3207703
21.2,1491,-0.1407652,-0.3207703,0.3207703
21.22,1491,-0.142755,-0.3207703,0.3207703
21.24,1489,-0.1557963,-0.3882504,0.3882504
21.26,1489,-0.1470365,-0.3882504,0.3882504
21.28,1490,-0.1467512,-0.3207703,0.3207703
21.3,1492,-0.1374995,-0.2532902,0.2532902
21.32,1490,-0.1398209,-0.3207703,0.3207703
21.34,1488,-0.1344534,-0.3882504,0.3882504
21.36,1488,-0.1356396,-0.3882504,0.3882504
21.38,1490,-0.1391568,-0.3207703,0.3207703
21.4,1491,-0.1393001,-0.2532902,0.2532902
21.42,1491,-0.1363387,-0.2532902,0.2532902
21.44,1489,-0.1386704,-0.3207703,0.3207703
21.46,1491,-0.1308362,-0.2532902,0.2532902
21.48,1491,-0.1176531,-0.2532902,0.2532902
21.5,1491,-0.114029,-0.2532902,0.2532902
21.52,1487,-0.1237291,-0.3882504,0.3882504
21.54,1489,-0.1251996,-0.3207703,0.3207703
21.56,1487,-0.1644007,-0.3882504,0.3882504
21.58,1488,-0.2206819,-0.3207703,0.3207703
21.6,1488,-0.2321809,-0.3207703,0.3207703
21.62,1490,-0.2528554,-0.2532902,0.2532902
21.64,1488,-0.2436686,-0.3207703,0.3207703
21.66,1488,-0.2463338,-0.3207703,0.3207703
21.68,1489,-0.2638991,-0.2532902,0.2532902
21.7,1491,-0.2734751,-0.1858101,0.1858101
21.72,1488,-0.2577493,-0.3207703,0.3207703
21.74,1489,-0.2575113,-0.2532902,0.2532902
21.76,1486,-0.2582017,-0.3882504,0.3882504
21.78,1485,-0.2570801,-0.3882504,0.3882504
21.8,1487,-0.2848629,-0.3207703,0.3207703
21.82,1489,-0.2703016,-0.2532902,0.2532902
21.84,1487,-0.2833627,-0.3207703,0.3207703
21.86,1478,-0.2816158,-0.6581707,0.6581707
21.88,1502,-0.2936321,0.2865496,-0.2865496
21.9,1495,-0.2960976,0.01663017,-0.01663017
21.92,1495,-0.2682242,0.01663017,-0.01663017
21.94,1488,-0.2616191,-0.2532902,0.2532902
21.96,1512,-0.2265688,0.6914301,-0.6914301
21.98,1512,-0.2762501,0.6914301,-0.6914301
22,1504,-0.1837866,0.3540297,-0.3540297
22.02,1504,-0.1163432,0.3540297,-0.3540297
22.04,1514,-0.08102252,0.7589102,-0.7589102
22.06,1513,-0.04457652,0.6914301,-0.6914301
22.08,1513,-0.02832795,0.6914301,-0.6914301
22.1,1490,0.07264958,-0.2532902,0.2532902
22.12,1498,0.1091531,0.08411026,-0.08411026
22.14,1496,0.08185936,0.01663017,-0.01663017
22.16,1472,0.02216913,-0.9955692,0.9955692
22.18,1472,0.02129671,-0.9955692,0.9955692
22.2,1506,-0.07581016,0.4215097,-0.4215097
22.22,1504,-0.249858,0.3540297,-0.3540297
22.24,1504,-0.3488758,0.3540297,-0.3540297
22.26,1504,-0.2628663,0.3540297,-0.3540297
22.28,1506,-0.2106309,0.4215097,-0.4215097
22.3,1506,-0.1824494,0.4215097,-0.4215097
22.32,1505,-0.1174467,0.3540297,-0.3540297
22.34,1505,-0.1188562,0.3540297,-0.3540297
22.36,1505,-0.1023692,0.3540297,-0.3540297
22.38,1505,-0.1316995,0.3540297,-0.3540297
22.4,1473,-0.1259376,-0.9280891,0.9280891
22.42,1497,-0.1284065,0.01663017,-0.01663017
22.44,1497,-0.2236315,0.01663017,-0.01663017
22.46,1514,-0.3270113,0.6914301,-0.6914301
22.48,1504,-0.2856469,0.2865496,-0.2865496
22.5,1504,-0.2304206,0.2865496,-0.2865496
22.52,1497,-0.1277464,0.01663017,-0.01663017
22.54,1499,-0.07817875,0.08411026,-0.08411026
22.56,1497,-0.1005881,0.01663017,-0.01663017
22.58,1474,-0.07433516,-0.9280891,0.9280891
22.6,1504,-0.1000907,0.2865496,-0.2865496
22.62,1505,-0.1409457,0.3540297,-0.3540297
22.64,1514,-0.244171,0.6914301,-0.6914301
22.66,1514,-0.2449384,0.6914301,-0.6914301
22.68,1514,-0.2063299,0.6914301,-0.6914301
22.7,1489,-0.1544576,-0.3207703,0.3207703
22.72,1491,-0.04096176,-0.2532902,0.2532902
22.74,1488,-0.03459398,-0.3882504,0.3882504
22.76,1488,-0.1240363,-0.3882504,0.3882504
22.78,1491,-0.1987244,-0.2532902,0.2532902
22.8,1497,-0.2711171,0.01663017,-0.01663017
22.82,1491,-0.2987315,-0.2532902,0.2532902
22.84,1491,-0.2898461,-0.2532902,0.2532902
22.86,1487,-0.3120452,-0.3882504,0.3882504
22.88,1490,-0.29171,-0.2532902,0.2532902
22.9,1487,-0.3125498,-0.3882504,0.3882504
22.92,1490,-0.2889211,-0.2532902,0.2532902
22.94,1488,-0.304888,-0.3207703,0.3207703
22.96,1486,-0.2834016,-0.3882504,0.3882504
22.98,1490,-0.2979102,-0.2532902,0.2532902
23,1488,-0.2915114,-0.3207703,0.3207703
23.02,1496,-0.2910476,0.01663017,-0.01663017
23.04,1486,-0.2888272,-0.3882504,0.3882504
23.06,1496,-0.2764323,0.01663017,-0.01663017
23.08,1496,-0.2899591,0.01663017,-0.01663017
23.1,1496,-0.267538,0.01663017,-0.01663017
23.12,1496,-0.282916,0.01663017,-0.01663017
23.14,1496,-0.2824005,0.01663017,-0.01663017
23.16,1488,-0.2831559,-0.3207703,0.3207703
23.18,1488,-0.2770821,-0.3207703,0.3207703
23.2,1486,-0.2703466,-0.3882504,0.3882504
23.22,1496,-0.2694919,0.01663017,-0.01663017
23.24,1496,-0.2711264,0.01663017,-0.01663017
23.26,1487,-0.2778869,-0.3207703,0.3207703
23.28,1514,-0.2777431,0.7589102,-0.7589102
23.3,1513,-0.2985166,0.6914301,-0.6914301
23.32,1503,-0.2660068,0.2865496,-0.2865496
23.34,1496,-0.1434036,0.01663017,-0.01663017
23.36,1486,-0.0903879,-0.3882504,0.3882504
23.38,1513,-0.122215,0.6914301,-0.6914301
23.4,1532,-0.07808928,1.43371,-1.43371
23.42,1520,-0.1321007,0.9613495,-0.9613495
23.44,1539,-0.01815149,1.703629,-1.703629
23.46,1531,0.1166026,1.36623,-1.36623
23.48,1549,0.1358223,2.04103,-2.04103
23.5,1558,0.4140632,2.37843,-2.37843
23.52,1540,0.3540834,1.63615,-1.63615
23.54,1551,0.6774845,2.04103,-2.04103
23.56,1567,0.8088356,2.64835,-2.64835
23.58,1580,0.8815848,3.120709,-3.120709
23.6,1596,1.09487,3.72803,-3.72803
23.62,1579,1.288512,2.98575,-2.98575
23.64,1597,1.498787,3.66055,-3.66055
23.66,1592,1.847344,3.39063,-3.39063
23.68,1617,2.058534,4.33535,-4.33535
23.7,1613,2.25456,4.13291,-4.13291
23.72,1612,2.413662,3.99795,-3.99795
23.74,1615,2.711313,4.06543,-4.06543
23.76,1623,2.888477,4.33535,-4.33535
23.78,1601,3.054432,3.39063,-3.39063
23.8,1611,3.17099,3.72803,-3.72803
23.82,1611,3.260964,3.66055,-3.66055
23.84,1623,3.186662,4.06543,-4.06543
23.86,1607,3.222406,3.39063,-3.39063
23.88,1584,3.259242,2.37843,-2.37843
23.9,1593,3.301466,2.71583,-2.71583
23.92,1603,3.311008,3.05323,-3.05323
23.94,1585,3.175003,2.31095,-2.31095
23.96,1596,3.019825,2.71583,-2.71583
23.98,1606,3.018099,3.05323,-3.05323
24,1582,2.903354,2.04103,-2.04103
24.02,1583,2.925562,2.04103,-2.04103
24.04,1584,2.880084,2.04103,-2.04103
24.06,1610,2.835261,3.05323,-3.05323
24.08,1604,2.7624,2.78331,-2.78331
24.1,1619,2.658851,3.32315,-3.32315
24.12,1603,2.770468,2.64835,-2.64835
24.14,1614,2.787717,3.05323,-3.05323
24.16,1624,2.888257,3.39063,-3.39063
24.18,1659,2.880008,4.74023,-4.74023
24.2,1669,2.975949,5.07763,-5.07763
24.22,1671,3.183583,5.07763,-5.07763
24.24,1680,3.441149,5.347549,-5.347549
24.26,1692,3.891174,5.75243,-5.75243
24.28,1701,4.320509,6.022349,-6.022349
24.3,1710,4.533851,6.29227,-6.29227
24.32,1731,4.925518,7.03455,-7.03455
24.34,1718,5.25684,6.42723,-6.42723
24.36,1713,5.682663,6.089829,-6.089829
24.38,1741,6.012229,7.10203,-7.10203
24.4,1741,6.205795,7.03455,-7.03455
24.42,1719,6.421427,6.022349,-6.022349
24.44,1730,6.597709,6.35975,-6.35975
24.46,1743,6.746626,6.764629,-6.764629
24.48,1730,6.839815,6.15731,-6.15731
24.5,1748,6.841043,6.764629,-6.764629
24.52,1732,6.899908,6.022349,-6.022349
24.54,1729,6.892572,5.81991,-5.81991
24.56,1747,7.003699,6.42723,-6.42723
24.58,1705,6.977454,4.67275,-4.67275
24.6,1709,7.10708,4.74023,-4.74023
24.62,1703,7.097609,4.40283,-4.40283
24.64,1705,6.937022,4.40283,-4.40283
24.66,1673,6.828192,3.05323,-3.05323
24.68,1683,6.624865,3.39063,-3.39063
24.7,1659,6.550243,2.37843,-2.37843
24.72,1634,6.257899,1.36623,-1.36623
24.74,1644,6.113004,1.703629,-1.703629
24.76,1621,5.748795,0.7589102,-0.7589102
24.78,1603,5.271299,0.01663017,-0.01663017
24.8,1588,4.918087,-0.5906906,0.5906906
24.82,1579,4.503223,-0.9280891,0.9280891
24.84,1562,4.007318,-1.60289,1.60289
24.86,1553,3.545305,-1.94029,1.94029
24.88,1513,3.170365,-3.492331,3.492331
24.9,1495,2.762637,-4.16713,4.16713
24.92,1485,2.334147,-4.50453,4.50453
24.94,1470,1.801912,-5.111851,5.111851
24.96,1459,1.373815,-5.449249,5.449249
24.98,1417,0.8365639,-7.068769,7.068769
25,1423,0.2097014,-6.731369,6.731369
25.02,1330,-0.1156244,-10.30781,10.30781
25.04,1351,-0.5496628,-9.363091,9.363091
25.06,1340,-1.098355,-9.633009,9.633009
25.08,1279,-2.164678,-11.92733,11.92733
25.1,1224,-3.56488,-13.95173,13.95173
25.12,1225,-4.634486,-13.68181,13.68181
25.14,1213,-5.313329,-13.95173,13.95173
25.16,1219,-6.1515,-13.47937,13.47937
25.18,536,-7.361727,-40.60633,40.60633
25.2,1284,-8.309216,-10.24033,10.24033
25.22,1230,-9.034388,-11.99481,11.99481
25.24,1210,-9.601258,-12.60213,12.60213
25.26,1278,-10.81551,-9.700489,9.700489
25.28,1231,-11.5859,-11.38749,11.38749
25.3,1225,-9.950356,-11.45497,11.45497
25.32,1158,-8.921799,-13.95173,13.95173
25.34,1268,-8.395955,-9.363091,9.363091
25.36,1250,-9.011173,-9.902929,9.902929
25.38,1260,-9.760029,-9.363091,9.363091
25.4,1256,-10.26345,-9.363091,9.363091
25.42,1326,-8.784027,-6.39397,6.39397
25.44,1355,-7.82514,-5.111851,5.111851
25.46,1351,-7.543972,-5.179329,5.179329
25.48,1325,-7.753348,-6.12405,6.12405
25.5,1355,-7.620524,-4.84193,4.84193
25.52,1377,-6.364234,-3.897209,3.897209
25.54,1368,-5.419328,-4.16713,4.16713
25.56,1367,-4.87009,-4.16713,4.16713
25.58,1365,-4.577004,-4.16713,4.16713
25.6,1397,-4.24789,-2.81753,2.81753
25.62,1401,-3.708432,-2.615089,2.615089
25.64,1400,-3.639272,-2.615089,2.615089
25.66,1439,-3.714018,-0.9955692,0.9955692
25.68,1438,-3.427444,-0.9955692,0.9955692
25.7,1446,-3.292891,-0.6581707,0.6581707
25.72,1446,-3.040099,-0.6581707,0.6581707
25.74,1454,-2.598899,-0.3207703,0.3207703
25.76,1464,-2.42577,0.08411026,-0.08411026
25.78,1472,-2.089459,0.4215097,-0.4215097
25.8,1478,-1.827143,0.6914301,-0.6914301
25.82,1463,-1.509002,0.01663017,-0.01663017
25.84,1479,-1.257646,0.6914301,-0.6914301
25.86,1466,-1.016572,0.1515903,-0.1515903
25.88,1481,-1.090241,0.7589102,-0.7589102
25.9,1504,-1.021586,1.703629,-1.703629
25.92,1497,-1.095091,1.36623,-1.36623
25.94,1490,-0.9973388,1.09631,-1.09631
25.96,1515,-0.7756634,2.04103,-2.04103
25.98,1505,-0.6204098,1.63615,-1.63615
26,1507,-0.5953199,1.703629,-1.703629
26.02,1508,-0.3479798,1.703629,-1.703629
26.04,1499,-0.3021413,1.29875,-1.29875
26.06,1501,-0.1527939,1.36623,-1.36623
26.08,1510,-0.09244469,1.703629,-1.703629
26.1,1511,-0.09529917,1.703629,-1.703629
26.12,1513,-0.1126583,1.77111,-1.77111
26.14,1510,-0.09465384,1.63615,-1.63615
26.16,1521,-0.03881469,2.04103,-2.04103
26.18,1522,0.02765039,2.04103,-2.04103
26.2,1489,0.1198912,0.6914301,-0.6914301
26.22,1489,0.1627466,0.6914301,-0.6914301
26.24,1513,0.2098476,1.63615,-1.63615
26.26,1514,0.1119795,1.63615,-1.63615
26.28,1491,0.04090754,0.6914301,-0.6914301
26.3,1517,0.05173682,1.703629,-1.703629
26.32,1517,0.03018789,1.703629,-1.703629
26.34,1518,0.01589753,1.703629,-1.703629
26.36,1518,0.06162849,1.703629,-1.703629
26.38,1514,0.06422995,1.50119,-1.50119
26.4,1518,0.153714,1.63615,-1.63615
26.42,1520,0.1705414,1.703629,-1.703629
26.44,1519,0.2248946,1.63615,-1.63615
26.46,1523,0.2318477,1.77111,-1.77111
26.48,1521,0.2400361,1.63615,-1.63615
26.5,1523,0.2624704,1.703629,-1.703629
26.52,1524,0.2628693,1.703629,-1.703629
26.54,1524,0.3118229,1.703629,-1.703629
26.56,1525,0.349115,1.703629,-1.703629
26.58,1526,0.3793836,1.703629,-1.703629
26.6,1526,0.4076249,1.703629,-1.703629
26.62,1529,0.3883856,1.77111,-1.77111
26.64,1526,0.396242,1.63615,-1.63615
26.66,1530,0.4311238,1.77111,-1.77111
26.68,1527,0.464497,1.63615,-1.63615
26.7,1530,0.5462514,1.703629,-1.703629
26.72,1531,0.580338,1.703629,-1.703629
26.74,1531,0.6410181,1.703629,-1.703629
26.76,1534,0.6014082,1.77111,-1.77111
26.78,1531,0.6238629,1.63615,-1.63615
26.8,1533,0.6217107,1.703629,-1.703629
26.82,1532,0.6465449,1.63615,-1.63615
26.84,1535,0.6755997,1.703629,-1.703629
26.86,1535,0.6856616,1.703629,-1.703629
26.88,1536,0.6846421,1.703629,-1.703629
26.9,1537,0.6996961,1.703629,-1.703629
26.92,1536,0.7537878,1.63615,-1.63615
26.94,1536,0.74652,1.63615,-1.63615
26.96,1539,0.7458103,1.703629,-1.703629
26.98,1538,0.751284,1.63615,-1.63615
27,1538,0.7503663,1.63615,-1.63615
27.02,1541,0.7490852,1.703629,-1.703629
27.04,1540,0.8089079,1.63615,-1.63615
27.06,1542,0.827989,1.703629,-1.703629
27.08,1543,0.8678155,1.703629,-1.703629
27.1,1543,0.8780239,1.703629,-1.703629
27.12,1542,0.9100353,1.63615,-1.63615
27.14,1543,0.9257491,1.63615,-1.63615
27.16,1544,0.9667063,1.63615,-1.63615
27.18,1546,0.9708666,1.703629,-1.703629
27.2,1545,0.9728054,1.63615,-1.63615
27.22,1547,0.9810684,1.703629,-1.703629
27.24,1546,1.010484,1.63615,-1.63615
27.26,1549,1.019759,1.703629,-1.703629
27.28,1549,1.01453,1.703629,-1.703629
27.3,1548,1.028088,1.63615,-1.63615
27.32,1552,1.049397,1.77111,-1.77111
27.34,1550,1.045367,1.63615,-1.63615
27.36,1552,1.073682,1.703629,-1.703629
27.38,1553,1.094589,1.703629,-1.703629
27.4,1553,1.149302,1.703629,-1.703629
27.42,1554,1.20361,1.703629,-1.703629
27.44,1555,1.240254,1.703629,-1.703629
27.46,1554,1.291954,1.63615,-1.63615
27.48,1556,1.288771,1.703629,-1.703629
27.5,1555,1.306708,1.63615,-1.63615
27.52,1557,1.314662,1.703629,-1.703629
27.54,1558,1.366307,1.703629,-1.703629
27.56,1559,1.369798,1.703629,-1.703629
27.58,1558,1.382675,1.63615,-1.63615
27.6,1558,1.393031,1.63615,-1.63615
27.62,1561,1.3811,1.703629,-1.703629
27.64,1556,1.387617,1.50119,-1.50119
27.66,1579,1.45772,2.37843,-2.37843
27.68,1580,1.466488,2.37843,-2.37843
27.7,1574,1.506111,2.10851,-2.10851
27.72,1565,1.719708,1.703629,-1.703629
27.74,1581,1.995573,2.31095,-2.31095
27.76,1573,1.994747,1.97355,-1.97355
27.78,1592,2.065509,2.71583,-2.71583
27.8,1602,2.133172,3.05323,-3.05323
27.82,1620,2.140844,3.72803,-3.72803
27.84,1614,2.340843,3.45811,-3.45811
27.86,1631,2.501662,4.06543,-4.06543
27.88,1622,2.733057,3.66055,-3.66055
27.9,1624,2.933496,3.66055,-3.66055
27.92,1627,3.165405,3.72803,-3.72803
27.94,1629,3.337144,3.72803,-3.72803
27.96,1630,3.478238,3.72803,-3.72803
27.98,1640,3.540772,4.06543,-4.06543
28,1642,3.619411,4.06543,-4.06543
28.02,1628,3.722259,3.45811,-3.45811
28.04,1636,3.856872,3.72803,-3.72803
28.06,1636,3.989633,3.66055,-3.66055
28.08,1621,4.008836,2.98575,-2.98575
28.1,1630,4.092513,3.32315,-3.32315
28.12,1616,4.026772,2.71583,-2.71583
28.14,1635,4.002036,3.39063,-3.39063
28.16,1621,4.046007,2.78331,-2.78331
28.18,1603,3.96978,2.04103,-2.04103
28.2,1587,4.044348,1.36623,-1.36623
28.22,1607,4.048402,2.10851,-2.10851
28.24,1590,3.942092,1.43371,-1.43371
28.26,1581,3.763061,1.02883,-1.02883
28.28,1565,3.676396,0.3540297,-0.3540297
28.3,1573,3.491915,0.6914301,-0.6914301
28.32,1558,3.248625,0.08411026,-0.08411026
28.34,1557,3.041939,0.01663017,-0.01663017
28.36,1557,2.81096,0.01663017,-0.01663017
28.38,1584,2.529165,1.09631,-1.09631
28.4,1574,2.219354,0.6914301,-0.6914301
28.42,1583,1.946937,1.02883,-1.02883
28.44,1581,2.062119,0.9613495,-0.9613495
28.46,1592,2.047697,1.36623,-1.36623
28.48,1596,2.112531,1.50119,-1.50119
28.5,1601,2.233931,1.703629,-1.703629
28.52,1634,2.460356,2.98575,-2.98575
28.54,1620,2.517994,2.37843,-2.37843
28.56,1636,2.652508,2.98575,-2.98575
28.58,1656,2.816798,3.72803,-3.72803
28.6,1681,2.91658,4.67275,-4.67275
28.62,1676,3.314703,4.40283,-4.40283
28.64,1671,3.775601,4.13291,-4.13291
28.66,1671,4.433812,4.06543,-4.06543
28.68,1674,4.750591,4.13291,-4.13291
28.7,1676,4.962053,4.13291,-4.13291
28.72,1682,4.965909,4.33535,-4.33535
28.74,1660,5.010738,3.39063,-3.39063
28.76,1669,5.098029,3.66055,-3.66055
28.78,1679,5.126069,3.99795,-3.99795
28.8,1667,5.117496,3.45811,-3.45811
28.82,1673,5.121098,3.66055,-3.66055
28.84,1659,5.106202,3.05323,-3.05323
28.86,1644,5.056129,2.37843,-2.37843
28.88,1662,4.997612,3.05323,-3.05323
28.9,1648,4.908033,2.44591,-2.44591
28.92,1640,4.829663,2.10851,-2.10851
28.94,1623,4.79457,1.36623,-1.36623
28.96,1615,4.713857,1.02883,-1.02883
28.98,1609,4.589168,0.7589102,-0.7589102
29,1607,4.375678,0.6914301,-0.6914301
29.02,1598,4.205235,0.2865496,-0.2865496
29.04,1567,3.967691,-0.9280891,0.9280891
29.06,1593,3.772321,0.08411026,-0.08411026
29.08,1565,3.609561,-0.9955692,0.9955692
29.1,1565,3.268572,-0.9955692,0.9955692
29.12,1567,3.020717,-0.9280891,0.9280891
29.14,1565,2.715305,-0.9955692,0.9955692
29.16,1532,2.412003,-2.277691,2.277691
29.18,1533,2.113188,-2.210211,2.210211
29.2,1498,1.964292,-3.559811,3.559811
29.22,1499,1.75028,-3.492331,3.492331
29.24,1498,1.456595,-3.492331,3.492331
29.26,1470,1.067632,-4.57201,4.57201
29.28,1470,0.7718754,-4.50453,4.50453
29.3,1436,0.4934635,-5.78665,5.78665
29.32,1433,0.1749394,-5.85413,5.85413
29.34,1425,0.009716615,-6.05657,6.05657
29.36,1421,-0.2770484,-6.12405,6.12405
29.38,1412,-0.6707544,-6.39397,6.39397
29.4,1386,-1.034487,-7.33869,7.33869
29.42,1376,-1.641093,-7.60861,7.60861
29.44,1365,-2.208069,-7.946011,7.946011
29.46,1332,-2.713819,-9.16065,9.16065
29.48,1321,-3.147081,-9.430571,9.430571
29.5,1334,-3.617358,-8.75577,8.75577
29.52,1294,-4.165578,-10.24033,10.24033
29.54,1303,-4.867465,-9.700489,9.700489
29.56,1286,-5.344465,-10.24033,10.24033
29.58,1304,-5.519742,-9.363091,9.363091
29.6,1300,-5.730475,-9.363091,9.363091
29.62,1295,-6.201109,-9.430571,9.430571
29.64,1291,-6.578981,-9.430571,9.430571
29.66,1282,-6.662599,-9.633009,9.633009
29.68,1280,-6.772781,-9.565529,9.565529
29.7,1308,-7.034076,-8.283409,8.283409
29.72,1256,-7.164562,-10.24033,10.24033
29.74,1274,-7.138013,-9.363091,9.363091
29.76,1285,-7.107588,-8.75577,8.75577
29.78,1317,-7.512951,-7.33869,7.33869
29.8,1287,-7.688349,-8.418369,8.418369
29.82,1275,-7.581939,-8.75577,8.75577
29.84,1307,-7.431908,-7.33869,7.33869
29.86,1277,-7.158465,-8.418369,8.418369
29.88,1301,-7.308837,-7.33869,7.33869
29.9,1291,-7.312227,-7.60861,7.60861
29.92,1303,-7.276399,-7.001289,7.001289
29.94,1315,-7.209715,-6.39397,6.39397
29.96,1296,-7.303654,-7.068769,7.068769
29.98,1279,-7.104007,-7.60861,7.60861
30,1314,-7.085197,-6.12405,6.12405
30.02,1296,-6.948124,-6.731369,6.731369
30.04,1332,-6.930293,-5.179329,5.179329
30.06,1336,-6.957921,-4.90941,4.90941
30.08,1312,-7.014056,-5.78665,5.78665
30.1,1327,-6.837477,-5.111851,5.111851
30.12,1357,-6.613223,-3.829729,3.829729
30.14,1364,-6.144149,-3.492331,3.492331
30.16,1360,-5.874733,-3.559811,3.559811
30.18,1367,-5.563466,-3.22241,3.22241
30.2,1344,-5.007965,-4.099649,4.099649
30.22,1383,-4.933829,-2.480129,2.480129
30.24,1387,-4.713493,-2.277691,2.277691
30.26,1386,-4.536245,-2.277691,2.277691
30.28,1397,-4.291643,-1.80533,1.80533
30.3,1403,-4.167736,-1.53541,1.53541
30.32,1409,-3.999929,-1.26549,1.26549
30.34,1415,-3.844608,-0.9955692,0.9955692
30.36,1401,-3.666901,-1.53541,1.53541
30.38,1441,-3.583476,0.08411026,-0.08411026
30.4,1424,-3.525229,-0.5906906,0.5906906
30.42,1429,-3.309493,-0.3882504,0.3882504
30.44,1415,-3.006946,-0.9280891,0.9280891
30.46,1455,-2.841244,0.6914301,-0.6914301
30.48,1440,-2.663312,0.08411026,-0.08411026
30.5,1456,-2.545469,0.6914301,-0.6914301
30.52,1472,-2.327013,1.36623,-1.36623
30.54,1463,-2.239723,0.9613495,-0.9613495
30.56,1481,-1.96664,1.703629,-1.703629
30.58,1473,-1.798201,1.36623,-1.36623
30.6,1491,-1.516267,2.04103,-2.04103
30.62,1483,-1.342068,1.703629,-1.703629
30.64,1484,-1.17545,1.703629,-1.703629
30.66,1476,-0.9931221,1.36623,-1.36623
30.68,1475,-0.9294347,1.29875,-1.29875
30.7,1502,-0.8737493,2.37843,-2.37843
30.72,1505,-0.8673728,2.44591,-2.44591
30.74,1504,-0.7830558,2.37843,-2.37843
30.76,1480,-0.6179084,1.36623,-1.36623
30.78,1480,-0.460719,1.36623,-1.36623
30.8,1481,-0.4172572,1.36623,-1.36623
30.82,1481,-0.4450724,1.36623,-1.36623
30.84,1489,-0.4807586,1.63615,-1.63615
30.86,1491,-0.468208,1.703629,-1.703629
30.88,1490,-0.4899618,1.63615,-1.63615
30.9,1468,-0.4794939,0.6914301,-0.6914301
30.92,1468,-0.4851512,0.6914301,-0.6914301
30.94,1502,-0.5180883,2.04103,-2.04103
30.96,1502,-0.5892814,2.04103,-2.04103
30.98,1503,-0.6829618,2.04103,-2.04103
31,1504,-0.5949777,2.04103,-2.04103
31.02,1504,-0.5024748,2.04103,-2.04103
31.04,1507,-0.4103417,2.10851,-2.10851
31.06,1506,-0.3502993,2.04103,-2.04103
31.08,1507,-0.282029,2.04103,-2.04103
31.1,1508,-0.1751841,2.04103,-2.04103
31.12,1475,-0.1374628,0.6914301,-0.6914301
31.14,1509,-0.07518434,2.04103,-2.04103
31.16,1513,-0.08867834,2.17599,-2.17599
31.18,1511,-0.1989835,2.04103,-2.04103
31.2,1513,-0.1249529,2.10851,-2.10851
31.22,1512,-0.05832653,2.04103,-2.04103
31.24,1513,0.008407593,2.04103,-2.04103
31.26,1516,0.01350509,2.10851,-2.10851
31.28,1515,0.05643087,2.04103,-2.04103
31.3,1516,0.01819696,2.04103,-2.04103
31.32,1516,0.01672633,2.04103,-2.04103
31.34,1517,0.03271127,2.04103,-2.04103
31.36,1518,0.04548468,2.04103,-2.04103
31.38,1520,0.0598108,2.10851,-2.10851
31.4,1521,0.08612204,2.10851,-2.10851
31.42,1520,0.1138951,2.04103,-2.04103
31.44,1521,0.1657692,2.04103,-2.04103
31.46,1522,0.2293589,2.04103,-2.04103
31.48,1523,0.2567212,2.04103,-2.04103
31.5,1524,0.3005957,2.04103,-2.04103
31.52,1525,0.3282667,2.04103,-2.04103
31.54,1525,0.3813701,2.04103,-2.04103
31.56,1526,0.3752099,2.04103,-2.04103
31.58,1527,0.4004984,2.04103,-2.04103
31.6,1528,0.4375452,2.04103,-2.04103
31.62,1530,0.4788669,2.10851,-2.10851
31.64,1529,0.4725071,2.04103,-2.04103
31.66,1530,0.4741837,2.04103,-2.04103
31.68,1531,0.4631388,2.04103,-2.04103
31.7,1535,0.4750991,2.17599,-2.17599
31.72,1533,0.4743824,2.04103,-2.04103
31.74,1535,0.5127355,2.10851,-2.10851
31.76,1534,0.6036456,2.04103,-2.04103
31.78,1535,0.6819897,2.04103,-2.04103
31.8,1538,0.7442716,2.10851,-2.10851
31.82,1537,0.7914284,2.04103,-2.04103
31.84,1538,0.8230109,2.04103,-2.04103
31.86,1539,0.8481588,2.04103,-2.04103
31.88,1539,0.9008182,2.04103,-2.04103
31.9,1540,0.9099278,2.04103,-2.04103
31.92,1541,0.9707847,2.04103,-2.04103
31.94,1542,0.9700822,2.04103,-2.04103
31.96,1543,0.9675412,2.04103,-2.04103
31.98,1543,0.9742036,2.04103,-2.04103
32,1544,0.9599464,2.04103,-2.04103
32.02,1545,0.9559788,2.04103,-2.04103
32.04,1544,0.9585619,1.97355,-1.97355
32.06,1547,0.9590601,2.04103,-2.04103
32.08,1548,1.007141,2.04103,-2.04103
32.1,1548,1.015021,2.04103,-2.04103
32.12,1549,1.047676,2.04103,-2.04103
32.14,1550,1.074309,2.04103,-2.04103
32.16,1551,1.105628,2.04103,-2.04103
32.18,1550,1.068892,1.97355,-1.97355
32.2,1552,1.063795,2.04103,-2.04103
32.22,1553,1.060869,2.04103,-2.04103
32.24,1552,1.049762,1.97355,-1.97355
32.26,1555,1.066648,2.04103,-2.04103
32.28,1556,1.06586,2.04103,-2.04103
32.3,1556,1.111033,2.04103,-2.04103
32.32,1557,1.164384,2.04103,-2.04103
32.34,1558,1.216528,2.04103,-2.04103
32.36,1559,1.25731,2.04103,-2.04103
32.38,1561,1.302857,2.10851,-2.10851
32.4,1561,1.347224,2.04103,-2.04103
32.42,1561,1.415946,2.04103,-2.04103
32.44,1562,1.466706,2.04103,-2.04103
32.46,1563,1.486086,2.04103,-2.04103
32.48,1564,1.536302,2.04103,-2.04103
32.5,1565,1.556204,2.04103,-2.04103
32.52,1565,1.61454,2.04103,-2.04103
32.54,1568,1.611787,2.10851,-2.10851
32.56,1567,1.677409,2.04103,-2.04103
32.58,1568,1.693113,2.04103,-2.04103
32.6,1569,1.770128,2.04103,-2.04103
32.62,1571,1.765896,2.10851,-2.10851
32.64,1570,1.763841,2.04103,-2.04103
32.66,1571,1.778482,2.04103,-2.04103
32.68,1574,1.791432,2.10851,-2.10851
32.7,1575,1.806695,2.10851,-2.10851
32.72,1574,1.840743,2.04103,-2.04103
32.74,1575,1.85919,2.04103,-2.04103
32.76,1575,1.922197,2.04103,-2.04103
32.78,1576,1.936524,2.04103,-2.04103
32.8,1579,1.959062,2.10851,-2.10851
32.82,1578,1.991514,2.04103,-2.04103
32.84,1579,2.02719,2.04103,-2.04103
32.86,1579,2.043837,2.04103,-2.04103
32.88,1580,2.077156,2.04103,-2.04103
32.9,1581,2.078675,2.04103,-2.04103
32.92,1582,2.123236,2.04103,-2.04103
32.94,1583,2.116057,2.04103,-2.04103
32.96,1584,2.126791,2.04103,-2.04103
32.98,1586,2.13649,2.10851,-2.10851
33,1585,2.163051,2.04103,-2.04103
33.02,1586,2.217601,2.04103,-2.04103
33.04,1587,2.251746,2.04103,-2.04103
33.06,1588,2.299314,2.04103,-2.04103
33.08,1588,2.318702,2.04103,-2.04103
33.1,1591,2.352857,2.10851,-2.10851
33.12,1592,2.376283,2.10851,-2.10851
33.14,1591,2.386651,2.04103,-2.04103
33.16,1592,2.392643,2.04103,-2.04103
33.18,1593,2.398622,2.04103,-2.04103
33.2,1593,2.43732,2.04103,-2.04103
33.22,1594,2.45806,2.04103,-2.04103
33.24,1595,2.448152,2.04103,-2.04103
33.26,1596,2.458168,2.04103,-2.04103
33.28,1597,2.460951,2.04103,-2.04103
33.3,1598,2.465965,2.04103,-2.04103
33.32,1598,2.496761,2.04103,-2.04103
33.34,1599,2.547585,2.04103,-2.04103
33.36,1600,2.576027,2.04103,-2.04103
33.38,1601,2.600769,2.04103,-2.04103
33.4,1602,2.636117,2.04103,-2.04103
33.42,1604,2.658769,2.10851,-2.10851
33.44,1603,2.694516,2.04103,-2.04103
33.46,1604,2.718721,2.04103,-2.04103
33.48,1605,2.75699,2.04103,-2.04103
33.5,1606,2.828722,2.04103,-2.04103
33.52,1607,2.846052,2.04103,-2.04103
33.54,1607,2.890983,2.04103,-2.04103
33.56,1608,2.899225,2.04103,-2.04103
33.58,1611,2.947866,2.10851,-2.10851
33.6,1610,2.944968,2.04103,-2.04103
33.62,1612,2.950227,2.10851,-2.10851
33.64,1613,2.979776,2.10851,-2.10851
33.66,1612,3.030972,2.04103,-2.04103
33.68,1613,3.044423,2.04103,-2.04103
33.7,1614,3.110166,2.04103,-2.04103
33.72,1615,3.10849,2.04103,-2.04103
33.74,1616,3.12224,2.04103,-2.04103
33.76,1618,3.139758,2.10851,-2.10851
33.78,1617,3.178083,2.04103,-2.04103
33.8,1618,3.207606,2.04103,-2.04103
33.82,1619,3.229292,2.04103,-2.04103
33.84,1620,3.240721,2.04103,-2.04103
33.86,1621,3.235004,2.04103,-2.04103
33.88,1621,3.230492,2.04103,-2.04103
33.9,1622,3.245808,2.04103,-2.04103
33.92,1623,3.25343,2.04103,-2.04103
33.94,1624,3.243221,2.04103,-2.04103
33.96,1623,3.227934,1.97355,-1.97355
33.98,1624,3.236374,1.97355,-1.97355
34,1626,3.304665,2.04103,-2.04103
34.02,1627,3.326272,2.04103,-2.04103
34.04,1628,3.369846,2.04103,-2.04103
34.06,1630,3.414858,2.10851,-2.10851
34.08,1629,3.438047,2.04103,-2.04103
34.1,1630,3.503726,2.04103,-2.04103
34.12,1634,3.547435,2.17599,-2.17599
34.14,1632,3.606749,2.04103,-2.04103
34.16,1631,3.623824,1.97355,-1.97355
34.18,1608,3.713455,1.02883,-1.02883
34.2,1609,3.77545,1.02883,-1.02883
34.22,1608,3.807496,0.9613495,-0.9613495
34.24,1610,3.766195,1.02883,-1.02883
34.26,1619,3.713695,1.36623,-1.36623
34.28,1621,3.623636,1.43371,-1.43371
34.3,1626,3.57929,1.63615,-1.63615
34.32,1603,3.585777,0.6914301,-0.6914301
34.34,1611,3.570867,0.9613495,-0.9613495
34.36,1613,3.564891,1.02883,-1.02883
34.38,1621,3.503545,1.36623,-1.36623
34.4,1597,3.523657,0.3540297,-0.3540297
34.42,1605,3.525041,0.6914301,-0.6914301
34.44,1590,3.439415,0.08411026,-0.08411026
34.46,1596,3.333958,0.2865496,-0.2865496
34.48,1606,3.257572,0.6914301,-0.6914301
34.5,1589,3.159287,0.01663017,-0.01663017
34.52,1599,3.165375,0.4215097,-0.4215097
34.54,1579,3.160735,-0.3882504,0.3882504
34.56,1589,3.069314,0.01663017,-0.01663017
34.58,1572,2.956163,-0.6581707,0.6581707
34.6,1591,2.839163,0.08411026,-0.08411026
34.62,1574,2.758519,-0.5906906,0.5906906
34.64,1589,2.684274,0.01663017,-0.01663017
34.66,1572,2.671192,-0.6581707,0.6581707
34.68,1557,2.607108,-1.26549,1.26549
34.7,1548,2.589241,-1.60289,1.60289
34.72,1566,2.49305,-0.8606091,0.8606091
34.74,1547,2.353533,-1.60289,1.60289
34.76,1538,2.158207,-1.94029,1.94029
34.78,1520,2.053359,-2.615089,2.615089
34.8,1504,1.875013,-3.22241,3.22241
34.82,1518,1.72567,-2.615089,2.615089
34.84,1510,1.351496,-2.88501,2.88501
34.86,1492,1.013939,-3.559811,3.559811
34.88,1483,0.7428557,-3.897209,3.897209
34.9,1500,0.5088431,-3.15493,3.15493
34.92,1459,0.2361605,-4.77445,4.77445
34.94,1472,0.09316545,-4.16713,4.16713
34.96,1454,0.01631043,-4.84193,4.84193
34.98,1469,-0.07007055,-4.16713,4.16713
35,1450,-0.2525212,-4.84193,4.84193
35.02,1431,-0.5108335,-5.516729,5.516729
35.04,1439,-0.7357717,-5.111851,5.111851
35.06,1420,-0.983705,-5.78665,5.78665
35.08,1427,-1.241277,-5.449249,5.449249
35.1,1399,-1.423388,-6.461451,6.461451
35.12,1382,-1.627173,-7.068769,7.068769
35.14,1409,-1.885379,-5.85413,5.85413
35.16,1383,-2.059292,-6.798849,6.798849
35.18,1391,-2.309795,-6.39397,6.39397
35.2,1386,-2.847885,-6.461451,6.461451
35.22,1384,-3.290444,-6.461451,6.461451
35.24,1381,-3.650631,-6.461451,6.461451
35.26,1373,-3.920332,-6.663889,6.663889
35.28,1367,-4.088338,-6.798849,6.798849
35.3,1388,-4.139075,-5.85413,5.85413
35.32,1386,-4.092115,-5.85413,5.85413
35.34,1377,-4.063994,-6.12405,6.12405
35.36,1376,-4.084551,-6.05657,6.05657
35.38,1372,-4.050814,-6.12405,6.12405
35.4,1370,-4.085918,-6.12405,6.12405
35.42,1367,-4.176003,-6.12405,6.12405
35.44,1365,-4.262573,-6.12405,6.12405
35.46,1354,-4.322382,-6.461451,6.461451
35.48,1353,-4.352798,-6.39397,6.39397
35.5,1350,-4.420804,-6.39397,6.39397
35.52,1348,-4.562215,-6.39397,6.39397
35.54,1344,-4.699432,-6.461451,6.461451
35.56,1343,-4.826345,-6.39397,6.39397
35.58,1340,-4.970578,-6.39397,6.39397
35.6,1338,-5.073209,-6.39397,6.39397
35.62,1365,-5.087577,-5.179329,5.179329
35.64,1365,-5.108616,-5.111851,5.111851
35.66,1361,-5.178799,-5.179329,5.179329
35.68,1359,-5.161504,-5.179329,5.179329
35.7,1357,-5.113784,-5.179329,5.179329
35.72,1355,-5.074156,-5.179329,5.179329
35.74,1353,-5.013132,-5.179329,5.179329
35.76,1319,-4.910775,-6.461451,6.461451
35.78,1348,-4.889666,-5.179329,5.179329
35.8,1316,-4.920267,-6.39397,6.39397
35.82,1315,-4.92675,-6.32649,6.32649
35.84,1343,-4.94296,-5.111851,5.111851
35.86,1340,-5.286228,-5.111851,5.111851
35.88,1338,-5.621517,-5.111851,5.111851
35.9,1336,-5.87717,-5.111851,5.111851
35.92,1331,-5.840802,-5.246809,5.246809
35.94,1297,-5.723101,-6.528931,6.528931
35.96,1320,-5.673165,-5.516729,5.516729
35.98,1287,-5.636912,-6.731369,6.731369
36,1307,-5.664446,-5.85413,5.85413
36.02,1306,-5.809392,-5.78665,5.78665
36.04,1303,-6.114711,-5.78665,5.78665
36.06,1325,-6.391381,-4.84193,4.84193
36.08,1323,-6.606011,-4.84193,4.84193
36.1,1314,-6.619205,-5.111851,5.111851
36.12,1310,-6.481094,-5.179329,5.179329
36.14,1271,-6.274284,-6.663889,6.663889
36.16,1314,-6.229086,-4.84193,4.84193
36.18,1310,-6.251252,-4.90941,4.90941
36.2,1301,-6.329893,-5.179329,5.179329
36.22,1299,-6.39992,-5.179329,5.179329
36.24,1291,-6.399375,-5.449249,5.449249
36.26,1305,-6.446764,-4.77445,4.77445
36.28,1329,-6.426718,-3.762249,3.762249
36.3,1285,-6.441254,-5.449249,5.449249
36.32,1328,-6.425799,-3.627291,3.627291
36.34,1322,-6.414202,-3.829729,3.829729
36.36,1303,-6.305795,-4.50453,4.50453
36.38,1325,-6.12016,-3.559811,3.559811
36.4,1315,-6.112624,-3.897209,3.897209
36.42,1331,-6.103217,-3.22241,3.22241
36.44,1321,-6.003895,-3.559811,3.559811
36.46,1304,-5.992307,-4.16713,4.16713
36.48,1352,-5.810415,-2.210211,2.210211
36.5,1340,-5.779239,-2.615089,2.615089
36.52,1324,-5.769496,-3.22241,3.22241
36.54,1348,-5.547089,-2.210211,2.210211
36.56,1328,-5.549022,-2.95249,2.95249
36.58,1346,-5.42242,-2.210211,2.210211
36.6,1335,-5.228103,-2.615089,2.615089
36.62,1352,-5.205428,-1.87281,1.87281
36.64,1365,-5.092135,-1.33297,1.33297
36.66,1381,-5.111251,-0.6581707,0.6581707
36.68,1366,-4.927517,-1.26549,1.26549
36.7,1380,-4.69474,-0.6581707,0.6581707
36.72,1365,-4.512034,-1.26549,1.26549
36.74,1380,-4.388955,-0.6581707,0.6581707
36.76,1396,-4.159902,0.01663017,-0.01663017
36.78,1381,-4.116919,-0.5906906,0.5906906
36.8,1396,-4.090824,0.01663017,-0.01663017
36.82,1404,-4.011263,0.3540297,-0.3540297
36.84,1398,-4.146588,0.08411026,-0.08411026
36.86,1413,-4.007464,0.6914301,-0.6914301
36.88,1396,-3.840768,0.01663017,-0.01663017
36.9,1388,-3.727563,-0.3207703,0.3207703
36.92,1405,-3.482147,0.3540297,-0.3540297
36.94,1396,-3.442636,0.01663017,-0.01663017
36.96,1413,-3.511587,0.6914301,-0.6914301
36.98,1440,-3.390743,1.77111,-1.77111
37,1429,-3.471205,1.29875,-1.29875
37.02,1448,-3.379118,2.04103,-2.04103
37.04,1439,-3.148185,1.63615,-1.63615
37.06,1433,-2.995321,1.36623,-1.36623
37.08,1457,-2.625953,2.31095,-2.31095
37.1,1453,-2.360105,2.10851,-2.10851
37.12,1452,-2.24212,2.04103,-2.04103
37.14,1453,-2.085221,2.04103,-2.04103
37.16,1447,-1.919215,1.77111,-1.77111
37.18,1471,-1.843071,2.71583,-2.71583
37.2,1472,-1.823498,2.71583,-2.71583
37.22,1474,-1.814554,2.78331,-2.78331
37.24,1472,-1.602463,2.64835,-2.64835
37.26,1474,-1.448665,2.71583,-2.71583
37.28,1475,-1.226305,2.71583,-2.71583
37.3,1476,-1.154395,2.71583,-2.71583
37.32,1477,-1.076038,2.71583,-2.71583
37.34,1479,-1.080403,2.71583,-2.71583
37.36,1480,-1.032509,2.71583,-2.71583
37.38,1481,-1.046985,2.71583,-2.71583
37.4,1482,-0.9633376,2.71583,-2.71583
37.42,1485,-0.9290401,2.78331,-2.78331
37.44,1484,-0.8464274,2.71583,-2.71583
37.46,1488,-0.8786014,2.85079,-2.85079
37.48,1486,-0.7802442,2.71583,-2.71583
37.5,1487,-0.7899708,2.71583,-2.71583
37.52,1488,-0.7183473,2.71583,-2.71583
37.54,1491,-0.7592661,2.78331,-2.78331
37.56,1491,-0.7124764,2.71583,-2.71583
37.58,1492,-0.7185172,2.71583,-2.71583
37.6,1493,-0.6741816,2.71583,-2.71583
37.62,1492,-0.6136025,2.64835,-2.64835
37.64,1493,-0.5869998,2.64835,-2.64835
37.66,1496,-0.5463964,2.71583,-2.71583
37.68,1497,-0.5468574,2.71583,-2.71583
37.7,1496,-0.5416478,2.64835,-2.64835
37.72,1499,-0.5564171,2.71583,-2.71583
37.74,1500,-0.5570278,2.71583,-2.71583
37.76,1501,-0.5373742,2.71583,-2.71583
37.78,1502,-0.4842762,2.71583,-2.71583
37.8,1504,-0.4202598,2.71583,-2.71583
37.82,1506,-0.3765789,2.78331,-2.78331
37.84,1507,-0.2957832,2.78331,-2.78331
37.86,1507,-0.2590773,2.71583,-2.71583
37.88,1508,-0.1992403,2.71583,-2.71583
37.9,1509,-0.1702314,2.71583,-2.71583
37.92,1508,-0.1736675,2.64835,-2.64835
37.94,1511,-0.1080371,2.71583,-2.71583
37.96,1512,-0.09522176,2.71583,-2.71583
37.98,1513,-0.02040406,2.71583,-2.71583
38,1514,-0.04263219,2.71583,-2.71583
38.02,1516,-0.01798721,2.71583,-2.71583
38.04,1517,-0.02387309,2.71583,-2.71583
38.06,1519,-0.02225562,2.78331,-2.78331
38.08,1519,0.0335482,2.71583,-2.71583
38.1,1520,0.05859756,2.71583,-2.71583
38.12,1521,0.1060584,2.71583,-2.71583
38.14,1520,0.1283328,2.64835,-2.64835
38.16,1523,0.1779128,2.71583,-2.71583
38.18,1524,0.2215124,2.71583,-2.71583
38.2,1525,0.2722998,2.71583,-2.71583
38.22,1526,0.295708,2.71583,-2.71583
38.24,1527,0.2935463,2.71583,-2.71583
38.26,1529,0.3324383,2.71583,-2.71583
38.28,1530,0.3938515,2.71583,-2.71583
38.3,1531,0.4483606,2.71583,-2.71583
38.32,1532,0.4827748,2.71583,-2.71583
38.34,1535,0.5569921,2.78331,-2.78331
38.36,1534,0.5852569,2.71583,-2.71583
38.38,1537,0.6207561,2.78331,-2.78331
38.4,1538,0.6916574,2.78331,-2.78331
38.42,1537,0.7328207,2.71583,-2.71583
38.44,1538,0.8088338,2.71583,-2.71583
38.46,1540,0.7920895,2.71583,-2.71583
38.48,1514,0.8339606,1.63615,-1.63615
38.5,1514,0.812779,1.63615,-1.63615
38.52,1517,0.803377,1.703629,-1.703629
38.54,1517,0.7126164,1.703629,-1.703629
38.56,1527,0.598881,2.04103,-2.04103
38.58,1527,0.5533703,2.04103,-2.04103
38.6,1528,0.5039436,2.04103,-2.04103
38.62,1529,0.5611273,2.04103,-2.04103
38.64,1532,0.5397729,2.10851,-2.10851
38.66,1531,0.5565361,2.04103,-2.04103
38.68,1531,0.5655275,2.04103,-2.04103
38.7,1531,0.5629678,1.97355,-1.97355
38.72,1533,0.587892,2.04103,-2.04103
38.74,1536,0.6058396,2.10851,-2.10851
38.76,1535,0.6459199,2.04103,-2.04103
38.78,1536,0.6622244,2.04103,-2.04103
38.8,1536,0.7297566,2.04103,-2.04103
38.82,1539,0.7547636,2.10851,-2.10851
38.84,1538,0.8040293,2.04103,-2.04103
38.86,1539,0.8194959,2.04103,-2.04103
38.88,1541,0.8489895,2.10851,-2.10851
38.9,1542,0.8911674,2.10851,-2.10851
38.92,1541,0.9121169,2.04103,-2.04103
38.94,1542,0.9220227,2.04103,-2.04103
38.96,1543,0.9203923,2.04103,-2.04103
38.98,1544,0.9386403,2.04103,-2.04103
39,1545,0.9527704,2.04103,-2.04103
39.02,1545,0.9468736,2.04103,-2.04103
39.04,1546,0.9603589,2.04103,-2.04103
39.06,1547,0.9666332,2.04103,-2.04103
39.08,1548,0.9629391,2.04103,-2.04103
39.1,1549,0.9484793,2.04103,-2.04103
39.12,1551,0.9511226,2.10851,-2.10851
39.14,1550,0.9581831,2.04103,-2.04103
39.16,1551,0.9588354,2.04103,-2.04103
39.18,1550,0.9939389,1.97355,-1.97355
39.2,1553,1.056273,2.04103,-2.04103
39.22,1555,1.045537,2.10851,-2.10851
39.24,1549,1.090952,1.83859,-1.83859
39.26,1555,1.147389,2.04103,-2.04103
39.28,1554,1.170939,1.97355,-1.97355
39.3,1557,1.206232,2.04103,-2.04103
39.32,1558,1.209454,2.04103,-2.04103
39.34,1558,1.204852,2.04103,-2.04103
39.36,1559,1.204953,2.04103,-2.04103
39.38,1560,1.21302,2.04103,-2.04103
39.4,1561,1.213985,2.04103,-2.04103
39.42,1560,1.269345,1.97355,-1.97355
39.44,1562,1.32499,2.04103,-2.04103
39.46,1562,1.388131,1.97355,-1.97355
39.48,1562,1.438896,1.97355,-1.97355
39.5,1565,1.509555,2.04103,-2.04103
39.52,1566,1.565443,2.04103,-2.04103
39.54,1566,1.614434,2.04103,-2.04103
39.56,1567,1.672232,2.04103,-2.04103
39.58,1568,1.763836,2.04103,-2.04103
39.6,1569,1.826173,2.04103,-2.04103
39.62,1570,1.807751,2.04103,-2.04103
39.64,1571,1.811807,2.04103,-2.04103
39.66,1571,1.800821,2.04103,-2.04103
39.68,1572,1.807572,2.04103,-2.04103
39.7,1573,1.799791,2.04103,-2.04103
39.72,1574,1.797556,2.04103,-2.04103
39.74,1575,1.794221,2.04103,-2.04103
39.76,1577,1.809575,2.10851,-2.10851
39.78,1576,1.890934,2.04103,-2.04103
39.8,1577,1.906145,2.04103,-2.04103
39.82,1578,1.99316,2.04103,-2.04103
39.84,1579,2.006442,2.04103,-2.04103
39.86,1580,2.064354,2.04103,-2.04103
39.88,1580,2.069802,2.04103,-2.04103
39.9,1581,2.114751,2.04103,-2.04103
39.92,1582,2.140701,2.04103,-2.04103
39.94,1583,2.204673,2.04103,-2.04103
39.96,1584,2.198688,2.04103,-2.04103
39.98,1584,2.238415,2.04103,-2.04103
40,1589,2.274408,2.17599,-2.17599
40.02,1586,2.296455,2.04103,-2.04103
40.04,1587,2.310031,2.04103,-2.04103
40.06,1586,2.376759,1.97355,-1.97355
40.08,1589,2.346563,2.04103,-2.04103
40.1,1589,2.351603,2.04103,-2.04103
40.12,1590,2.352853,2.04103,-2.04103
40.14,1591,2.34871,2.04103,-2.04103
40.16,1592,2.347278,2.04103,-2.04103
40.18,1593,2.351837,2.04103,-2.04103
40.2,1592,2.393806,1.97355,-1.97355
40.22,1594,2.454617,2.04103,-2.04103
40.24,1595,2.467146,2.04103,-2.04103
40.26,1598,2.496363,2.10851,-2.10851
40.28,1597,2.506189,2.04103,-2.04103
40.3,1598,2.52186,2.04103,-2.04103
40.32,1598,2.58992,2.04103,-2.04103
40.34,1599,2.641829,2.04103,-2.04103
40.36,1600,2.664968,2.04103,-2.04103
40.38,1603,2.704765,2.10851,-2.10851
40.4,1602,2.722594,2.04103,-2.04103
40.42,1603,2.744419,2.04103,-2.04103
40.44,1605,2.798488,2.10851,-2.10851
40.46,1604,2.83938,2.04103,-2.04103
40.48,1605,2.848018,2.04103,-2.04103
40.5,1606,2.877383,2.04103,-2.04103
40.52,1607,2.894428,2.04103,-2.04103
40.54,1607,2.875563,2.04103,-2.04103
40.56,1608,2.877371,2.04103,-2.04103
40.58,1609,2.883399,2.04103,-2.04103
40.6,1610,2.890411,2.04103,-2.04103
40.62,1611,2.88584,2.04103,-2.04103
40.64,1612,2.880106,2.04103,-2.04103
40.66,1612,2.87131,2.04103,-2.04103
40.68,1615,2.917858,2.10851,-2.10851
40.7,1614,2.971725,2.04103,-2.04103
40.72,1615,3.004388,2.04103,-2.04103
40.74,1617,3.052729,2.10851,-2.10851
40.76,1591,3.090239,1.02883,-1.02883
40.78,1590,3.105122,0.9613495,-0.9613495
40.8,1592,3.151303,1.02883,-1.02883
40.82,1626,3.041397,2.37843,-2.37843
40.84,1625,3.000108,2.31095,-2.31095
40.86,1630,2.895709,2.44591,-2.44591
40.88,1629,3.085475,2.37843,-2.37843
40.9,1628,3.214373,2.31095,-2.31095
40.92,1632,3.382102,2.44591,-2.44591
40.94,1630,3.433847,2.31095,-2.31095
40.96,1607,3.525328,1.36623,-1.36623
40.98,1610,3.604332,1.43371,-1.43371
41,1615,3.653645,1.63615,-1.63615
41.02,1626,3.587281,2.04103,-2.04103
41.04,1602,3.612868,1.02883,-1.02883
41.06,1611,3.614169,1.36623,-1.36623
41.08,1621,3.613618,1.77111,-1.77111
41.1,1603,3.523908,1.02883,-1.02883
41.12,1579,3.495984,0.01663017,-0.01663017
41.14,1596,3.466795,0.6914301,-0.6914301
41.16,1579,3.367042,0.01663017,-0.01663017
41.18,1596,3.204798,0.6914301,-0.6914301
41.2,1579,3.119007,0.01663017,-0.01663017
41.22,1588,2.950113,0.3540297,-0.3540297
41.24,1573,2.901307,-0.2532902,0.2532902
41.26,1558,2.827326,-0.8606091,0.8606091
41.28,1571,2.711244,-0.3207703,0.3207703
41.3,1555,2.612529,-0.9280891,0.9280891
41.32,1572,2.426373,-0.2532902,0.2532902
41.34,1553,2.32224,-0.9955692,0.9955692
41.36,1546,2.16298,-1.26549,1.26549
41.38,1532,2.096609,-1.80533,1.80533
41.4,1522,2.05316,-2.210211,2.210211
41.42,1536,1.922516,-1.60289,1.60289
41.44,1520,1.796901,-2.210211,2.210211
41.46,1511,1.459595,-2.547609,2.547609
41.48,1503,1.337182,-2.81753,2.81753
41.5,1509,1.223997,-2.547609,2.547609
41.52,1501,1.029352,-2.81753,2.81753
41.54,1483,0.7257355,-3.492331,3.492331
41.56,1497,0.5087985,-2.88501,2.88501
41.58,1480,0.4028337,-3.492331,3.492331
41.6,1463,0.240226,-4.16713,4.16713
41.62,1445,0.1815676,-4.84193,4.84193
41.64,1458,0.03126532,-4.23461,4.23461
41.66,1441,-0.1585378,-4.84193,4.84193
41.68,1448,-0.4502255,-4.50453,4.50453
41.7,1429,-0.839528,-5.179329,5.179329
41.72,1436,-1.207229,-4.84193,4.84193
41.74,1410,-1.298963,-5.78665,5.78665
41.76,1408,-1.389405,-5.78665,5.78665
41.78,1412,-1.473553,-5.516729,5.516729
41.8,1412,-1.709725,-5.449249,5.449249
41.82,1410,-1.967208,-5.449249,5.449249
41.84,1407,-2.26278,-5.449249,5.449249
41.86,1405,-2.560087,-5.449249,5.449249
41.88,1403,-2.841964,-5.449249,5.449249
41.9,1401,-3.114579,-5.449249,5.449249
41.92,1399,-3.269309,-5.449249,5.449249
41.94,1396,-3.280658,-5.449249,5.449249
41.96,1396,-3.215741,-5.381769,5.381769
41.98,1394,-3.201768,-5.381769,5.381769
42,1390,-3.194492,-5.449249,5.449249
42.02,1386,-3.177781,-5.516729,5.516729
42.04,1384,-3.176073,-5.516729,5.516729
42.06,1383,-3.207764,-5.449249,5.449249
42.08,1380,-3.229976,-5.516729,5.516729
42.1,1379,-3.226634,-5.449249,5.449249
42.12,1377,-3.354573,-5.449249,5.449249
42.14,1375,-3.572077,-5.449249,5.449249
42.16,1374,-3.786628,-5.381769,5.381769
42.18,1372,-3.989675,-5.381769,5.381769
42.2,1366,-4.167545,-5.516729,5.516729
42.22,1366,-4.284666,-5.449249,5.449249
42.24,1364,-4.342364,-5.449249,5.449249
42.26,1362,-4.34304,-5.449249,5.449249
42.28,1351,-4.318467,-5.78665,5.78665
42.3,1347,-4.3003,-5.85413,5.85413
42.32,1346,-4.30848,-5.78665,5.78665
42.34,1346,-4.41876,-5.71917,5.71917
42.36,1342,-4.630722,-5.78665,5.78665
42.38,1339,-4.838742,-5.78665,5.78665
42.4,1335,-4.982733,-5.85413,5.85413
42.42,1333,-5.099153,-5.85413,5.85413
42.44,1356,-5.16147,-4.84193,4.84193
42.46,1356,-5.165604,-4.77445,4.77445
42.48,1354,-5.144043,-4.77445,4.77445
42.5,1384,-5.123235,-3.492331,3.492331
42.52,1342,-5.108582,-5.111851,5.111851
42.54,1340,-5.103308,-5.111851,5.111851
42.56,1330,-5.122597,-5.449249,5.449249
42.58,1326,-5.089588,-5.516729,5.516729
42.6,1349,-5.054943,-4.50453,4.50453
42.62,1347,-5.082997,-4.50453,4.50453
42.64,1369,-5.106296,-3.559811,3.559811
42.66,1367,-5.134425,-3.559811,3.559811
42.68,1366,-5.166398,-3.559811,3.559811
42.7,1359,-5.100328,-3.762249,3.762249
42.72,1348,-4.98698,-4.16713,4.16713
42.74,1314,-4.834131,-5.449249,5.449249
42.76,1334,-4.736537,-4.57201,4.57201
42.78,1332,-4.76052,-4.57201,4.57201
42.8,1333,-4.890543,-4.43705,4.43705
42.82,1330,-5.026271,-4.50453,4.50453
42.84,1328,-5.192767,-4.50453,4.50453
42.86,1325,-5.245303,-4.57201,4.57201
42.88,1323,-5.222953,-4.57201,4.57201
42.9,1324,-5.197932,-4.43705,4.43705
42.92,1321,-5.209561,-4.50453,4.50453
42.94,1321,-5.256838,-4.43705,4.43705
42.96,1317,-5.312629,-4.50453,4.50453
42.98,1317,-5.367002,-4.43705,4.43705
43,1314,-5.443848,-4.50453,4.50453
43.02,1314,-5.520097,-4.43705,4.43705
43.04,1310,-5.595358,-4.50453,4.50453
43.06,1308,-5.67621,-4.50453,4.50453
43.08,1305,-5.782131,-4.57201,4.57201
43.1,1306,-5.882362,-4.43705,4.43705
43.12,1303,-5.979903,-4.50453,4.50453
43.14,1301,-6.056865,-4.50453,4.50453
43.16,1299,-6.119785,-4.50453,4.50453
43.18,1298,-6.18602,-4.50453,4.50453
43.2,1296,-6.249784,-4.50453,4.50453
43.22,1294,-6.323563,-4.50453,4.50453
43.24,1291,-6.403235,-4.57201,4.57201
43.26,1290,-6.47477,-4.50453,4.50453
43.28,1287,-6.536436,-4.57201,4.57201
43.3,1287,-6.604127,-4.50453,4.50453
43.32,1285,-6.663281,-4.50453,4.50453
43.34,1283,-6.725894,-4.50453,4.50453
43.36,1280,-6.792809,-4.57201,4.57201
43.38,1280,-6.849636,-4.50453,4.50453
43.4,1278,-6.929599,-4.50453,4.50453
43.42,1274,-7.013992,-4.57201,4.57201
43.44,1274,-7.110702,-4.50453,4.50453
43.46,1272,-7.160839,-4.50453,4.50453
43.48,1270,-7.194238,-4.50453,4.50453
43.5,1269,-7.220138,-4.50453,4.50453
43.52,1267,-7.226314,-4.50453,4.50453
43.54,1265,-7.253308,-4.50453,4.50453
43.56,1262,-7.283291,-4.57201,4.57201
43.58,1260,-7.336884,-4.57201,4.57201
43.6,1261,-7.439055,-4.43705,4.43705
43.62,1256,-7.56075,-4.57201,4.57201
43.64,1254,-7.681218,-4.57201,4.57201
43.66,1244,-7.791423,-4.90941,4.90941
43.68,1278,-7.900133,-3.492331,3.492331
43.7,1242,-7.993103,-4.84193,4.84193
43.72,1264,-8.097885,-3.897209,3.897209
43.74,1264,-8.070235,-3.829729,3.829729
43.76,1252,-8.022877,-4.23461,4.23461
43.78,1269,-8.035784,-3.492331,3.492331
43.8,1264,-8.003402,-3.627291,3.627291
43.82,1292,-8.00551,-2.480129,2.480129
43.84,1248,-7.97612,-4.16713,4.16713
43.86,1262,-8.0205,-3.559811,3.559811
43.88,1284,-7.923036,-2.615089,2.615089
43.9,1283,-7.947649,-2.615089,2.615089
43.92,1243,-7.973291,-4.16713,4.16713
43.94,1291,-7.837334,-2.210211,2.210211
43.96,1283,-7.684212,-2.480129,2.480129
43.98,1272,-7.574095,-2.88501,2.88501
44,1287,-7.575993,-2.210211,2.210211
44.02,1280,-7.518837,-2.480129,2.480129
44.04,1285,-7.41641,-2.210211,2.210211
44.06,1300,-7.291487,-1.60289,1.60289
44.08,1314,-7.111282,-0.9955692,0.9955692
44.1,1290,-6.876709,-1.94029,1.94029
44.12,1306,-6.62183,-1.26549,1.26549
44.14,1312,-6.385763,-0.9955692,0.9955692
44.16,1322,-6.368194,-0.5906906,0.5906906
44.18,1328,-6.347597,-0.3207703,0.3207703
44.2,1335,-6.31364,-0.05084991,0.05084991
44.22,1311,-6.172771,-0.9955692,0.9955692
44.24,1343,-6.087,0.2865496,-0.2865496
44.26,1353,-5.900739,0.6914301,-0.6914301
44.28,1362,-5.854229,1.02883,-1.02883
44.3,1362,-5.741596,1.02883,-1.02883
44.32,1373,-5.5403,1.43371,-1.43371
44.34,1405,-5.41993,2.71583,-2.71583
44.36,1406,-5.258564,2.71583,-2.71583
44.38,1414,-4.989739,2.98575,-2.98575
44.4,1417,-4.5264,3.05323,-3.05323
44.42,1426,-4.17292,3.39063,-3.39063
44.44,1461,-3.619809,4.74023,-4.74023
44.46,1471,-3.336758,5.07763,-5.07763
44.48,1483,-2.962651,5.48251,-5.48251
44.5,1491,-2.38809,5.75243,-5.75243
44.52,1500,-1.819443,6.022349,-6.022349
44.54,1511,-1.290289,6.35975,-6.35975
44.56,1498,-1.039588,5.75243,-5.75243
44.58,1516,-0.7037272,6.35975,-6.35975
44.6,1529,-0.4476569,6.764629,-6.764629
44.62,1521,-0.2720567,6.35975,-6.35975
44.64,1542,-0.02662394,7.10203,-7.10203
44.66,1537,0.208362,6.764629,-6.764629
44.68,1565,0.3746239,7.77683,-7.77683
44.7,1561,0.5916709,7.506909,-7.506909
44.72,1554,0.7518105,7.10203,-7.10203
44.74,1557,1.114788,7.10203,-7.10203
44.76,1585,1.268931,8.114229,-8.114229
44.78,1586,1.474034,8.04675,-8.04675
44.8,1589,1.373492,8.04675,-8.04675
44.82,1569,1.701175,7.10203,-7.10203
44.84,1572,1.887238,7.10203,-7.10203
44.86,1575,2.160087,7.10203,-7.10203
44.88,1584,2.093442,7.37195,-7.37195
44.9,1587,2.161319,7.37195,-7.37195
44.92,1599,2.057148,7.70935,-7.70935
44.94,1576,2.073933,6.69715,-6.69715
44.96,1579,2.148508,6.69715,-6.69715
44.98,1590,2.332976,7.03455,-7.03455
45,1595,2.320093,7.10203,-7.10203
45.02,1606,2.400189,7.439429,-7.439429
45.04,1582,2.407723,6.35975,-6.35975
45.06,1586,2.468196,6.42723,-6.42723
45.08,1597,2.523313,6.764629,-6.764629
45.1,1609,2.499879,7.10203,-7.10203
45.12,1610,2.504005,7.03455,-7.03455
45.14,1589,2.500899,6.089829,-6.089829
45.16,1600,2.630772,6.42723,-6.42723
45.18,1613,2.696234,6.832109,-6.832109
45.2,1587,2.681596,5.68495,-5.68495
45.22,1597,2.68967,6.022349,-6.022349
45.24,1586,2.675452,5.48251,-5.48251
45.26,1594,2.736259,5.68495,-5.68495
45.28,1606,2.667211,6.089829,-6.089829
45.3,1590,2.654135,5.347549,-5.347549
45.32,1601,2.706048,5.68495,-5.68495
45.34,1588,2.712449,5.07763,-5.07763
45.36,1598,2.765439,5.41503,-5.41503
45.38,1573,2.789531,4.33535,-4.33535
45.4,1592,2.826699,5.01015,-5.01015
45.42,1570,2.816865,4.06543,-4.06543
45.44,1589,2.731284,4.74023,-4.74023
45.46,1565,2.746704,3.72803,-3.72803
45.48,1584,2.646973,4.40283,-4.40283
45.5,1567,2.599491,3.66055,-3.66055
45.52,1579,2.575558,4.06543,-4.06543
45.54,1564,2.560638,3.39063,-3.39063
45.56,1548,2.46246,2.71583,-2.71583
45.58,1568,2.344752,3.45811,-3.45811
45.6,1551,2.222845,2.71583,-2.71583
45.62,1535,2.116922,2.04103,-2.04103
45.64,1544,2.094812,2.37843,-2.37843
45.66,1527,1.989351,1.63615,-1.63615
45.68,1546,1.738406,2.37843,-2.37843
45.7,1530,1.604814,1.703629,-1.703629
45.72,1516,1.458331,1.09631,-1.09631
45.74,1533,1.45779,1.77111,-1.77111
45.76,1515,1.213609,1.02883,-1.02883
45.78,1524,1.005728,1.36623,-1.36623
45.8,1508,0.927143,0.6914301,-0.6914301
45.82,1515,0.7855508,0.9613495,-0.9613495
45.84,1500,0.76236,0.3540297,-0.3540297
45.86,1509,0.6386088,0.6914301,-0.6914301
45.88,1494,0.5372893,0.08411026,-0.08411026
45.9,1501,0.35315,0.3540297,-0.3540297
45.92,1482,0.3203053,-0.3882504,0.3882504
45.94,1492,0.1433534,0.01663017,-0.01663017
45.96,1475,0.14424,-0.6581707,0.6581707
45.98,1485,-0.06862886,-0.2532902,0.2532902
46,1483,-0.1273163,-0.3207703,0.3207703
46.02,1490,-0.3129067,-0.05084991,0.05084991
46.04,1469,-0.3347982,-0.9280891,0.9280891
46.06,1476,-0.3971637,-0.5906906,0.5906906
46.08,1474,-0.4027436,-0.6581707,0.6581707
46.1,1474,-0.5266877,-0.6581707,0.6581707
46.12,1475,-0.5405575,-0.5906906,0.5906906
46.14,1475,-0.6057546,-0.5906906,0.5906906
46.16,1475,-0.6331789,-0.5906906,0.5906906
46.18,1473,-0.7012148,-0.6581707,0.6581707
46.2,1473,-0.6908732,-0.6581707,0.6581707
46.22,1473,-0.704215,-0.6581707,0.6581707
46.24,1472,-0.6914959,-0.6581707,0.6581707
46.26,1474,-0.6813532,-0.5906906,0.5906906
46.28,1473,-0.6875747,-0.5906906,0.5906906
46.3,1473,-0.735524,-0.5906906,0.5906906
46.32,1472,-0.7359934,-0.6581707,0.6581707
46.34,1473,-0.7748931,-0.5906906,0.5906906
46.36,1472,-0.7683092,-0.5906906,0.5906906
46.38,1472,-0.7682441,-0.5906906,0.5906906
46.4,1471,-0.7584727,-0.6581707,0.6581707
46.42,1471,-0.7675638,-0.6581707,0.6581707
46.44,1471,-0.7761449,-0.6581707,0.6581707
46.46,1472,-0.7678717,-0.5906906,0.5906906
46.48,1470,-0.7602944,-0.6581707,0.6581707
46.5,1472,-0.7554412,-0.5906906,0.5906906
46.52,1471,-0.7431454,-0.5906906,0.5906906
46.54,1471,-0.7459239,-0.5906906,0.5906906
46.56,1469,-0.7450125,-0.6581707,0.6581707
46.58,1469,-0.7412384,-0.6581707,0.6581707
46.6,1469,-0.7433663,-0.6581707,0.6581707
46.62,1470,-0.7398381,-0.5906906,0.5906906
46.64,1470,-0.7873116,-0.5906906,0.5906906
46.66,1470,-0.7921556,-0.5906906,0.5906906
46.68,1468,-0.867485,-0.6581707,0.6581707
46.7,1469,-0.8632095,-0.5906906,0.5906906
46.72,1467,-0.8674896,-0.6581707,0.6581707
46.74,1467,-0.8632438,-0.6581707,0.6581707
46.76,1467,-0.8636688,-0.6581707,0.6581707
46.78,1468,-0.8612225,-0.5906906,0.5906906
46.8,1466,-0.8476296,-0.6581707,0.6581707
46.82,1466,-0.8561337,-0.6581707,0.6581707
46.84,1466,-0.8510605,-0.6581707,0.6581707
46.86,1467,-0.8443453,-0.5906906,0.5906906
46.88,1465,-0.8282832,-0.6581707,0.6581707
46.9,1463,-0.8347006,-0.7256508,0.7256508
46.92,1465,-0.8140016,-0.6581707,0.6581707
46.94,1464,-0.8098292,-0.6581707,0.6581707
46.96,1464,-0.8444585,-0.6581707,0.6581707
46.98,1464,-0.9325004,-0.6581707,0.6581707
47,1465,-0.9270193,-0.5906906,0.5906906
47.02,1465,-0.9747798,-0.5906906,0.5906906
47.04,1463,-0.9915403,-0.6581707,0.6581707
47.06,1463,-0.985442,-0.6581707,0.6581707
47.08,1463,-0.9705335,-0.6581707,0.6581707
47.1,1462,-0.987219,-0.6581707,0.6581707
47.12,1462,-0.9795433,-0.6581707,0.6581707
47.14,1462,-0.9794118,-0.6581707,0.6581707
47.16,1462,-0.9699132,-0.6581707,0.6581707
47.18,1461,-0.9791093,-0.6581707,0.6581707
47.2,1463,-0.9894301,-0.5906906,0.5906906
47.22,1463,-0.9933859,-0.5906906,0.5906906
47.24,1461,-0.9900238,-0.6581707,0.6581707
47.26,1460,-0.9823259,-0.6581707,0.6581707
47.28,1460,-0.9765143,-0.6581707,0.6581707
47.3,1462,-0.9793013,-0.5906906,0.5906906
47.32,1460,-0.9946266,-0.6581707,0.6581707
47.34,1461,-0.9968219,-0.5906906,0.5906906
47.36,1459,-0.9972669,-0.6581707,0.6581707
47.38,1459,-1.014247,-0.6581707,0.6581707
47.4,1459,-1.026041,-0.6581707,0.6581707
47.42,1460,-1.079007,-0.5906906,0.5906906
47.44,1458,-1.097934,-0.6581707,0.6581707
47.46,1458,-1.095957,-0.6581707,0.6581707
47.48,1458,-1.091014,-0.6581707,0.6581707
47.5,1459,-1.096059,-0.5906906,0.5906906
47.52,1460,-1.093899,-0.5232105,0.5232105
47.54,1458,-1.079144,-0.5906906,0.5906906
47.56,1458,-1.085263,-0.5906906,0.5906906
47.58,1458,-1.101474,-0.5906906,0.5906906
47.6,1456,-1.097255,-0.6581707,0.6581707
47.62,1456,-1.089906,-0.6581707,0.6581707
47.64,1457,-1.088923,-0.5906906,0.5906906
47.66,1455,-1.083869,-0.6581707,0.6581707
47.68,1455,-1.085238,-0.6581707,0.6581707
47.7,1457,-1.081794,-0.5906906,0.5906906
47.72,1456,-1.100607,-0.5906906,0.5906906
47.74,1456,-1.138307,-0.5906906,0.5906906
47.76,1456,-1.200633,-0.5906906,0.5906906
47.78,1454,-1.217002,-0.6581707,0.6581707
47.8,1454,-1.276654,-0.6581707,0.6581707
47.82,1457,-1.277851,-0.5232105,0.5232105
47.84,1453,-1.279909,-0.6581707,0.6581707
47.86,1455,-1.290119,-0.5906906,0.5906906
47.88,1454,-1.283999,-0.5906906,0.5906906
47.9,1452,-1.298089,-0.6581707,0.6581707
47.92,1452,-1.299469,-0.6581707,0.6581707
47.94,1452,-1.306538,-0.6581707,0.6581707
47.96,1452,-1.304967,-0.6581707,0.6581707
47.98,1451,-1.28702,-0.6581707,0.6581707
48,1453,-1.306998,-0.5906906,0.5906906
48.02,1451,-1.3058,-0.6581707,0.6581707
48.04,1451,-1.331591,-0.6581707,0.6581707
48.06,1452,-1.29601,-0.5906906,0.5906906
48.08,1450,-1.309201,-0.6581707,0.6581707
48.1,1450,-1.30419,-0.6581707,0.6581707
48.12,1450,-1.340568,-0.6581707,0.6581707
48.14,1451,-1.404008,-0.5906906,0.5906906
48.16,1449,-1.413612,-0.6581707,0.6581707
48.18,1450,-1.439778,-0.5906906,0.5906906
48.2,1449,-1.416628,-0.6581707,0.6581707
48.22,1450,-1.425231,-0.5906906,0.5906906
48.24,1448,-1.42221,-0.6581707,0.6581707
48.26,1448,-1.412664,-0.6581707,0.6581707
48.28,1449,-1.433328,-0.5906906,0.5906906
48.3,1447,-1.425233,-0.6581707,0.6581707
48.32,1449,-1.421042,-0.5906906,0.5906906
48.34,1448,-1.429569,-0.5906906,0.5906906
48.36,1447,-1.458079,-0.6581707,0.6581707
48.38,1446,-1.48771,-0.6581707,0.6581707
48.4,1446,-1.464736,-0.6581707,0.6581707
48.42,1447,-1.477713,-0.5906906,0.5906906
48.44,1446,-1.475806,-0.6581707,0.6581707
48.46,1445,-1.441257,-0.6581707,0.6581707
48.48,1445,-1.465204,-0.6581707,0.6581707
48.5,1446,-1.449501,-0.5906906,0.5906906
48.52,1444,-1.463872,-0.6581707,0.6581707
48.54,1444,-1.465543,-0.6581707,0.6581707
48.56,1446,-1.460858,-0.5906906,0.5906906
48.58,1444,-1.453975,-0.6581707,0.6581707
48.6,1445,-1.449097,-0.5906906,0.5906906
48.62,1445,-1.46005,-0.5906906,0.5906906
48.64,1446,-1.455712,-0.5232105,0.5232105
48.66,1444,-1.467407,-0.5906906,0.5906906
48.68,1443,-1.463398,-0.6581707,0.6581707
48.7,1442,-1.45688,-0.6581707,0.6581707
48.72,1444,-1.45765,-0.5906906,0.5906906
48.74,1442,-1.442789,-0.6581707,0.6581707
48.76,1442,-1.497009,-0.6581707,0.6581707
48.78,1443,-1.545101,-0.5906906,0.5906906
48.8,1443,-1.523168,-0.5906906,0.5906906
48.82,1442,-1.540912,-0.5906906,0.5906906
48.84,1441,-1.527374,-0.6581707,0.6581707
48.86,1440,-1.534005,-0.6581707,0.6581707
48.88,1440,-1.581579,-0.6581707,0.6581707
48.9,1440,-1.595353,-0.6581707,0.6581707
48.92,1440,-1.645325,-0.6581707,0.6581707
48.94,1439,-1.657151,-0.6581707,0.6581707
48.96,1439,-1.640841,-0.6581707,0.6581707
48.98,1439,-1.636289,-0.6581707,0.6581707
49,1440,-1.663184,-0.5906906,0.5906906
49.02,1438,-1.689564,-0.6581707,0.6581707
49.04,1438,-1.745801,-0.6581707,0.6581707
49.06,1438,-1.7618,-0.6581707,0.6581707
49.08,1437,-1.738008,-0.6581707,0.6581707
49.1,1437,-1.738448,-0.6581707,0.6581707
49.12,1437,-1.742072,-0.6581707,0.6581707
49.14,1438,-1.742663,-0.5906906,0.5906906
49.16,1438,-1.736504,-0.5906906,0.5906906
49.18,1436,-1.734415,-0.6581707,0.6581707
49.2,1436,-1.739263,-0.6581707,0.6581707
49.22,1436,-1.736687,-0.6581707,0.6581707
49.24,1437,-1.734375,-0.5906906,0.5906906
49.26,1435,-1.741251,-0.6581707,0.6581707
49.28,1437,-1.728924,-0.5906906,0.5906906
49.3,1435,-1.722476,-0.6581707,0.6581707
49.32,1436,-1.75649,-0.5906906,0.5906906
49.34,1434,-1.812715,-0.6581707,0.6581707
49.36,1437,-1.861403,-0.5232105,0.5232105
49.38,1434,-1.908534,-0.6581707,0.6581707
49.4,1433,-1.894431,-0.6581707,0.6581707
49.42,1435,-1.912305,-0.5906906,0.5906906
49.44,1435,-1.89626,-0.5906906,0.5906906
49.46,1433,-1.902743,-0.6581707,0.6581707
49.48,1434,-1.898092,-0.5906906,0.5906906
49.5,1432,-1.895579,-0.6581707,0.6581707
49.52,1434,-1.887507,-0.5906906,0.5906906
49.54,1433,-1.871032,-0.5906906,0.5906906
49.56,1433,-1.872937,-0.5906906,0.5906906
49.58,1433,-1.873621,-0.5906906,0.5906906
49.6,1431,-1.871808,-0.6581707,0.6581707
49.62,1431,-1.876043,-0.6581707,0.6581707
49.64,1432,-1.880495,-0.5906906,0.5906906
49.66,1430,-1.892238,-0.6581707,0.6581707
49.68,1432,-1.947441,-0.5906906,0.5906906
49.7,1430,-1.99162,-0.6581707,0.6581707
49.72,1431,-2.020667,-0.5906906,0.5906906
49.74,1431,-2.049768,-0.5906906,0.5906906
49.76,1431,-2.036313,-0.5906906,0.5906906
49.78,1432,-2.028817,-0.5232105,0.5232105
49.8,1432,-2.039281,-0.5232105,0.5232105
49.82,1428,-2.031981,-0.6581707,0.6581707
49.84,1430,-2.037477,-0.5906906,0.5906906
49.86,1428,-2.023541,-0.6581707,0.6581707
49.88,1429,-2.024129,-0.5906906,0.5906906
49.9,1427,-2.020759,-0.6581707,0.6581707
49.92,1427,-2.023609,-0.6581707,0.6581707
49.94,1428,-2.022829,-0.5906906,0.5906906
49.96,1427,-2.013408,-0.6581707,0.6581707
49.98,1426,-2.048881,-0.6581707,0.6581707
50,1426,-2.065172,-0.6581707,0.6581707
50.02,1426,-2.14161,-0.6581707,0.6581707
50.04,1419,-2.176149,-0.9280891,0.9280891
50.06,1417,-2.211556,-0.9955692,0.9955692
50.08,1442,-2.179068,0.01663017,-0.01663017
50.1,1435,-2.23251,-0.2532902,0.2532902
50.12,1425,-2.271303,-0.6581707,0.6581707
50.14,1416,-2.232782,-0.9955692,0.9955692
50.16,1432,-2.231601,-0.3207703,0.3207703
50.18,1449,-2.195144,0.3540297,-0.3540297
50.2,1441,-2.257805,0.01663017,-0.01663017
50.22,1458,-2.27801,0.6914301,-0.6914301
50.24,1449,-2.243724,0.3540297,-0.3540297
50.26,1468,-2.223588,1.09631,-1.09631
50.28,1457,-2.160122,0.62395,-0.62395
50.3,1450,-2.056028,0.3540297,-0.3540297
50.32,1475,-1.813921,1.36623,-1.36623
50.34,1468,-1.746326,1.02883,-1.02883
50.36,1468,-1.577262,1.02883,-1.02883
50.38,1462,-1.416002,0.7589102,-0.7589102
50.4,1459,-1.329726,0.62395,-0.62395
50.42,1483,-1.329535,1.63615,-1.63615
50.44,1477,-1.359612,1.36623,-1.36623
50.46,1488,-1.39464,1.77111,-1.77111
50.48,1487,-1.28924,1.703629,-1.703629
50.5,1487,-1.189057,1.703629,-1.703629
50.52,1493,-1.030272,1.90607,-1.90607
50.54,1490,-0.8890781,1.77111,-1.77111
50.56,1489,-0.7816083,1.703629,-1.703629
50.58,1490,-0.7180828,1.703629,-1.703629
50.6,1489,-0.6722666,1.63615,-1.63615
50.62,1490,-0.6184791,1.63615,-1.63615
50.64,1492,-0.6546575,1.703629,-1.703629
50.66,1491,-0.572438,1.63615,-1.63615
50.68,1494,-0.5826775,1.703629,-1.703629
50.7,1496,-0.559195,1.77111,-1.77111
50.72,1497,-0.5199255,1.77111,-1.77111
50.74,1496,-0.4912353,1.703629,-1.703629
50.76,1496,-0.4205885,1.703629,-1.703629
50.78,1495,-0.3810558,1.63615,-1.63615
50.8,1498,-0.3364234,1.703629,-1.703629
50.82,1500,-0.3351831,1.77111,-1.77111
50.84,1499,-0.3321745,1.703629,-1.703629
50.86,1500,-0.3377994,1.703629,-1.703629
50.88,1500,-0.3423061,1.703629,-1.703629
50.9,1499,-0.3382097,1.63615,-1.63615
50.92,1503,-0.3562278,1.77111,-1.77111
50.94,1504,-0.3662215,1.77111,-1.77111
50.96,1505,-0.363066,1.77111,-1.77111
50.98,1504,-0.362422,1.703629,-1.703629
51,1505,-0.3010193,1.703629,-1.703629
51.02,1505,-0.2730252,1.703629,-1.703629
51.04,1506,-0.2241806,1.703629,-1.703629
51.06,1508,-0.2113704,1.77111,-1.77111
51.08,1507,-0.22368,1.703629,-1.703629
51.1,1506,-0.2006209,1.63615,-1.63615
51.12,1500,-0.2000323,1.36623,-1.36623
51.14,1501,-0.1540135,1.36623,-1.36623
51.16,1491,-0.165195,0.9613495,-0.9613495
51.18,1510,-0.1309841,1.703629,-1.703629
51.2,1526,-0.1943666,2.31095,-2.31095
51.22,1512,-0.1462932,1.703629,-1.703629
51.24,1521,-0.2111422,2.04103,-2.04103
51.26,1528,-0.1651015,2.31095,-2.31095
51.28,1565,-0.1404689,3.72803,-3.72803
51.3,1574,0.05213933,4.06543,-4.06543
51.32,1584,0.2126023,4.40283,-4.40283
51.34,1594,0.6879451,4.74023,-4.74023
51.36,1605,1.201294,5.07763,-5.07763
51.38,1590,1.562494,4.40283,-4.40283
51.4,1608,2.015213,5.07763,-5.07763
51.42,1602,2.274019,4.74023,-4.74023
51.44,1628,2.39482,5.68495,-5.68495
51.46,1631,2.660503,5.75243,-5.75243
51.48,1632,2.748234,5.68495,-5.68495
51.5,1634,3.031886,5.68495,-5.68495
51.52,1636,3.13119,5.68495,-5.68495
51.54,1615,3.336974,4.74023,-4.74023
51.56,1624,3.486008,5.01015,-5.01015
51.58,1638,3.630192,5.48251,-5.48251
51.6,1621,3.551429,4.74023,-4.74023
51.62,1632,3.581401,5.07763,-5.07763
51.64,1608,3.625309,4.06543,-4.06543
51.66,1619,3.623745,4.40283,-4.40283
51.68,1603,3.71636,3.72803,-3.72803
51.7,1614,3.676444,4.06543,-4.06543
51.72,1622,3.653286,4.33535,-4.33535
51.74,1608,3.5521,3.72803,-3.72803
51.76,1593,3.586293,3.05323,-3.05323
51.78,1601,3.612208,3.32315,-3.32315
51.8,1587,3.60609,2.71583,-2.71583
51.82,1605,3.535059,3.39063,-3.39063
51.84,1591,3.377167,2.78331,-2.78331
51.86,1574,3.255444,2.04103,-2.04103
51.88,1592,3.194589,2.71583,-2.71583
51.9,1554,3.069583,1.16379,-1.16379
51.92,1570,2.890922,1.77111,-1.77111
51.94,1550,2.822844,0.9613495,-0.9613495
51.96,1544,2.563304,0.6914301,-0.6914301
51.98,1561,2.311402,1.36623,-1.36623
52,1521,2.174149,-0.2532902,0.2532902
52.02,1537,1.920933,0.3540297,-0.3540297
52.04,1528,1.951004,0.01663017,-0.01663017
52.06,1520,1.628162,-0.3207703,0.3207703
52.08,1503,1.395916,-0.9955692,0.9955692
52.1,1521,1.267721,-0.2532902,0.2532902
52.12,1511,1.065178,-0.6581707,0.6581707
52.14,1528,0.9236749,0.01663017,-0.01663017
52.16,1512,0.788224,-0.5906906,0.5906906
52.18,1509,0.716076,-0.7256508,0.7256508
52.2,1487,0.7415534,-1.60289,1.60289
52.22,1505,0.5961447,-0.8606091,0.8606091
52.24,1486,0.5740608,-1.60289,1.60289
52.26,1473,0.4979278,-2.075251,2.075251
52.28,1453,0.3608408,-2.88501,2.88501
52.3,1468,0.2788743,-2.277691,2.277691
52.32,1453,0.08699963,-2.81753,2.81753
52.34,1433,-0.1800563,-3.559811,3.559811
52.36,1441,-0.4211535,-3.22241,3.22241
52.38,1448,-0.6538578,-2.88501,2.88501
52.4,1430,-0.9583395,-3.559811,3.559811
52.42,1437,-1.195704,-3.22241,3.22241
52.44,1412,-1.277702,-4.16713,4.16713
52.46,1419,-1.467798,-3.829729,3.829729
52.48,1417,-1.72199,-3.829729,3.829729
52.5,1417,-1.973044,-3.762249,3.762249
52.52,1417,-2.210735,-3.694771,3.694771
52.54,1413,-2.361628,-3.829729,3.829729
52.56,1409,-2.344174,-3.897209,3.897209
52.58,1408,-2.405238,-3.897209,3.897209
52.6,1408,-2.463885,-3.829729,3.829729
52.62,1406,-2.544947,-3.829729,3.829729
52.64,1403,-2.656846,-3.897209,3.897209
52.66,1402,-2.729924,-3.897209,3.897209
52.68,1400,-2.758209,-3.897209,3.897209
52.7,1400,-2.83074,-3.829729,3.829729
52.72,1397,-2.915681,-3.897209,3.897209
52.74,1397,-2.922027,-3.829729,3.829729
52.76,1394,-2.97537,-3.897209,3.897209
52.78,1394,-3.021008,-3.829729,3.829729
52.8,1392,-3.070459,-3.829729,3.829729
52.82,1391,-3.131663,-3.829729,3.829729
52.84,1389,-3.202911,-3.829729,3.829729
52.86,1388,-3.277409,-3.829729,3.829729
52.88,1385,-3.322295,-3.897209,3.897209
52.9,1376,-3.393139,-4.16713,4.16713
52.92,1373,-3.4468,-4.23461,4.23461
52.94,1373,-3.522199,-4.16713,4.16713
52.96,1393,-3.617529,-3.28989,3.28989
52.98,1395,-3.715425,-3.15493,3.15493
53,1394,-3.797197,-3.15493,3.15493
53.02,1393,-3.757904,-3.15493,3.15493
53.04,1390,-3.757855,-3.22241,3.22241
53.06,1380,-3.741894,-3.559811,3.559811
53.08,1379,-3.740163,-3.559811,3.559811
53.1,1377,-3.736516,-3.559811,3.559811
53.12,1377,-3.729104,-3.492331,3.492331
53.14,1373,-3.722937,-3.627291,3.627291
53.16,1373,-3.71543,-3.559811,3.559811
53.18,1373,-3.706897,-3.492331,3.492331
53.2,1372,-3.737755,-3.492331,3.492331
53.22,1369,-3.789564,-3.559811,3.559811
53.24,1372,-3.823643,-3.35737,3.35737
53.26,1368,-3.842224,-3.492331,3.492331
53.28,1365,-3.871704,-3.559811,3.559811
53.3,1363,-3.947685,-3.559811,3.559811
53.32,1362,-3.980551,-3.559811,3.559811
53.34,1360,-4.074592,-3.559811,3.559811
53.36,1361,-4.1267,-3.492331,3.492331
53.38,1357,-4.144055,-3.559811,3.559811
53.4,1354,-4.217731,-3.627291,3.627291
53.42,1356,-4.27522,-3.492331,3.492331
53.44,1353,-4.327324,-3.559811,3.559811
53.46,1350,-4.419301,-3.627291,3.627291
53.48,1352,-4.491999,-3.492331,3.492331
53.5,1349,-4.552397,-3.559811,3.559811
53.52,1348,-4.606505,-3.559811,3.559811
53.54,1348,-4.630647,-3.492331,3.492331
53.56,1343,-4.661667,-3.627291,3.627291
53.58,1375,-4.663834,-2.277691,2.277691
53.6,1376,-4.644506,-2.210211,2.210211
53.62,1373,-4.687893,-2.277691,2.277691
53.64,1342,-4.599684,-3.492331,3.492331
53.66,1332,-4.503424,-3.829729,3.829729
53.68,1355,-4.346329,-2.88501,2.88501
53.7,1345,-4.420728,-3.22241,3.22241
53.72,1344,-4.591593,-3.22241,3.22241
53.74,1342,-4.657536,-3.22241,3.22241
53.76,1366,-4.690837,-2.210211,2.210211
53.78,1357,-4.74637,-2.547609,2.547609
53.8,1347,-4.692618,-2.88501,2.88501
53.82,1338,-4.626736,-3.22241,3.22241
53.84,1360,-4.644207,-2.277691,2.277691
53.86,1369,-4.722702,-1.87281,1.87281
53.88,1360,-4.730541,-2.210211,2.210211
53.9,1373,-4.633123,-1.67037,1.67037
53.92,1390,-4.453778,-0.9280891,0.9280891
53.94,1373,-4.423268,-1.60289,1.60289
53.96,1389,-4.330595,-0.9280891,0.9280891
53.98,1370,-4.272418,-1.67037,1.67037
54,1388,-4.261673,-0.9280891,0.9280891
54.02,1369,-4.182057,-1.67037,1.67037
54.04,1387,-4.251701,-0.9280891,0.9280891
54.06,1402,-4.15239,-0.3207703,0.3207703
54.08,1387,-4.180898,-0.9280891,0.9280891
54.1,1403,-4.044877,-0.2532902,0.2532902
54.12,1416,-3.991934,0.2865496,-0.2865496
54.14,1410,-3.943549,0.01663017,-0.01663017
54.16,1427,-3.773277,0.6914301,-0.6914301
54.18,1418,-3.617446,0.3540297,-0.3540297
54.2,1435,-3.419217,1.02883,-1.02883
54.22,1427,-3.199044,0.6914301,-0.6914301
54.24,1419,-3.102267,0.3540297,-0.3540297
54.26,1436,-2.798239,1.02883,-1.02883
54.28,1428,-2.752592,0.6914301,-0.6914301
54.3,1454,-2.647198,1.703629,-1.703629
54.32,1453,-2.611781,1.63615,-1.63615
54.34,1446,-2.543242,1.36623,-1.36623
54.36,1447,-2.294048,1.36623,-1.36623
54.38,1448,-2.149196,1.36623,-1.36623
54.4,1448,-2.046351,1.36623,-1.36623
54.42,1449,-1.990201,1.36623,-1.36623
54.44,1449,-1.966765,1.36623,-1.36623
54.46,1416,-1.952985,0.01663017,-0.01663017
54.48,1457,-1.955636,1.63615,-1.63615
54.5,1461,-2.014912,1.77111,-1.77111
54.52,1458,-2.121187,1.63615,-1.63615
54.54,1459,-1.989125,1.63615,-1.63615
54.56,1463,-1.89496,1.77111,-1.77111
54.58,1453,-1.787327,1.36623,-1.36623
54.6,1445,-1.665892,1.02883,-1.02883
54.62,1472,-1.604217,2.10851,-2.10851
54.64,1455,-1.586278,1.36623,-1.36623
54.66,1472,-1.558367,2.04103,-2.04103
54.68,1489,-1.529621,2.71583,-2.71583
54.7,1497,-1.533561,2.98575,-2.98575
54.72,1508,-1.336555,3.39063,-3.39063
54.74,1516,-1.240464,3.66055,-3.66055
54.76,1521,-0.921155,3.79551,-3.79551
54.78,1529,-0.6724519,4.06543,-4.06543
54.8,1564,-0.415985,5.41503,-5.41503
54.82,1541,-0.07956293,4.40283,-4.40283
54.84,1587,0.3145587,6.15731,-6.15731
54.86,1596,0.656716,6.42723,-6.42723
54.88,1581,0.8623337,5.75243,-5.75243
54.9,1592,1.37789,6.089829,-6.089829
54.92,1611,1.665919,6.764629,-6.764629
54.94,1607,2.00976,6.49471,-6.49471
54.96,1600,2.193255,6.089829,-6.089829
54.98,1602,2.531698,6.089829,-6.089829
55,1605,2.667592,6.089829,-6.089829
55.02,1607,2.799333,6.089829,-6.089829
55.04,1616,2.792914,6.35975,-6.35975
55.06,1620,2.868052,6.42723,-6.42723
55.08,1630,2.835438,6.69715,-6.69715
55.1,1607,2.947633,5.68495,-5.68495
55.12,1620,3.048497,6.089829,-6.089829
55.14,1632,3.149323,6.49471,-6.49471
55.16,1608,3.145236,5.41503,-5.41503
55.18,1615,3.204514,5.61747,-5.61747
55.2,1629,3.318605,6.089829,-6.089829
55.22,1615,3.260119,5.41503,-5.41503
55.24,1624,3.272065,5.68495,-5.68495
55.26,1601,3.257578,4.67275,-4.67275
55.28,1621,3.212809,5.41503,-5.41503
55.3,1596,3.220382,4.33535,-4.33535
55.32,1615,3.151541,5.01015,-5.01015
55.34,1600,3.120277,4.33535,-4.33535
55.36,1612,3.087965,4.74023,-4.74023
55.38,1597,2.997564,4.06543,-4.06543
55.4,1607,3.028186,4.40283,-4.40283
55.42,1590,2.961641,3.66055,-3.66055
55.44,1577,3.008806,3.05323,-3.05323
55.46,1595,2.905791,3.72803,-3.72803
55.48,1578,2.800471,2.98575,-2.98575
55.5,1564,2.772899,2.37843,-2.37843
55.52,1558,2.731027,2.10851,-2.10851
55.54,1541,2.571767,1.36623,-1.36623
55.56,1558,2.371601,2.04103,-2.04103
55.58,1542,2.183236,1.36623,-1.36623
55.6,1559,1.941055,2.04103,-2.04103
55.62,1550,1.837486,1.63615,-1.63615
55.64,1537,1.620262,1.09631,-1.09631
55.66,1518,1.617407,0.2865496,-0.2865496
55.68,1535,1.539651,0.9613495,-0.9613495
55.7,1518,1.377737,0.2865496,-0.2865496
55.72,1512,1.105021,0.01663017,-0.01663017
55.74,1518,1.010255,0.2865496,-0.2865496
55.76,1512,0.7231952,0.01663017,-0.01663017
55.78,1497,0.5560026,-0.5906906,0.5906906
55.8,1512,0.4765785,0.01663017,-0.01663017
55.82,1498,0.3696508,-0.5232105,0.5232105
55.84,1511,0.2420101,0.01663017,-0.01663017
55.86,1494,0.1702904,-0.6581707,0.6581707
55.88,1477,-0.03902784,-1.33297,1.33297
55.9,1487,-0.03978722,-0.9280891,0.9280891
55.92,1471,-0.1424291,-1.60289,1.60289
55.94,1455,-0.3009545,-2.210211,2.210211
55.96,1463,-0.3517544,-1.87281,1.87281
55.98,1467,-0.5325621,-1.67037,1.67037
56,1453,-0.7921064,-2.210211,2.210211
56.02,1452,-0.9838692,-2.210211,2.210211
56.04,1458,-1.067705,-1.94029,1.94029
56.06,1457,-1.204761,-1.94029,1.94029
56.08,1431,-1.282894,-2.95249,2.95249
56.1,1432,-1.262417,-2.88501,2.88501
56.12,1431,-1.336914,-2.88501,2.88501
56.14,1429,-1.511278,-2.88501,2.88501
56.16,1425,-1.723192,-3.01997,3.01997
56.18,1427,-1.888163,-2.88501,2.88501
56.2,1424,-1.998541,-2.95249,2.95249
56.22,1425,-2.027718,-2.88501,2.88501
56.24,1424,-2.113303,-2.88501,2.88501
56.26,1422,-2.153919,-2.88501,2.88501
56.28,1423,-2.178087,-2.81753,2.81753
56.3,1418,-2.267751,-2.95249,2.95249
56.32,1421,-2.301789,-2.81753,2.81753
56.34,1418,-2.272076,-2.88501,2.88501
56.36,1417,-2.288172,-2.88501,2.88501
56.38,1416,-2.337131,-2.88501,2.88501
56.4,1414,-2.39219,-2.88501,2.88501
56.42,1413,-2.466183,-2.88501,2.88501
56.44,1410,-2.504095,-2.95249,2.95249
56.46,1413,-2.550647,-2.81753,2.81753
56.48,1410,-2.600976,-2.88501,2.88501
56.5,1409,-2.657655,-2.88501,2.88501
56.52,1407,-2.710482,-2.88501,2.88501
56.54,1408,-2.754052,-2.81753,2.81753
56.56,1405,-2.768372,-2.88501,2.88501
56.58,1404,-2.735993,-2.88501,2.88501
56.6,1401,-2.743478,-2.95249,2.95249
56.62,1403,-2.762368,-2.81753,2.81753
56.64,1401,-2.788281,-2.88501,2.88501
56.66,1399,-2.849653,-2.88501,2.88501
56.68,1400,-2.899093,-2.81753,2.81753
56.7,1395,-2.94508,-2.95249,2.95249
56.72,1394,-3.015244,-2.95249,2.95249
56.74,1393,-3.063025,-2.95249,2.95249
56.76,1394,-3.107655,-2.88501,2.88501
56.78,1392,-3.170671,-2.88501,2.88501
56.8,1391,-3.226785,-2.88501,2.88501
56.82,1390,-3.281207,-2.88501,2.88501
56.84,1413,-3.377196,-1.94029,1.94029
56.86,1412,-3.408683,-1.94029,1.94029
56.88,1411,-3.382596,-1.94029,1.94029
56.9,1410,-3.309498,-1.94029,1.94029
56.92,1403,-3.221499,-2.210211,2.210211
56.94,1402,-3.197476,-2.210211,2.210211
56.96,1397,-3.173104,-2.345169,2.345169
56.98,1400,-3.197191,-2.210211,2.210211
57,1399,-3.190905,-2.210211,2.210211
57.02,1396,-3.191524,-2.277691,2.277691
57.04,1397,-3.193271,-2.210211,2.210211
57.06,1395,-3.188342,-2.277691,2.277691
57.08,1394,-3.183746,-2.277691,2.277691
57.1,1395,-3.17295,-2.210211,2.210211
57.12,1394,-3.170972,-2.210211,2.210211
57.14,1393,-3.165132,-2.210211,2.210211
57.16,1392,-3.172943,-2.210211,2.210211
57.18,1389,-3.162679,-2.277691,2.277691
57.2,1390,-3.160383,-2.210211,2.210211
57.22,1389,-3.164792,-2.210211,2.210211
57.24,1388,-3.193519,-2.210211,2.210211
57.26,1387,-3.206325,-2.210211,2.210211
57.28,1387,-3.281705,-2.210211,2.210211
57.3,1386,-3.344951,-2.210211,2.210211
57.32,1385,-3.390972,-2.210211,2.210211
57.34,1384,-3.427882,-2.210211,2.210211
57.36,1375,-3.407612,-2.547609,2.547609
57.38,1374,-3.428581,-2.547609,2.547609
57.4,1371,-3.443743,-2.615089,2.615089
57.42,1373,-3.53621,-2.480129,2.480129
57.44,1371,-3.631963,-2.547609,2.547609
57.46,1393,-3.763809,-1.60289,1.60289
57.48,1394,-3.821621,-1.53541,1.53541
57.5,1395,-3.838229,-1.46793,1.46793
57.52,1384,-3.775905,-1.87281,1.87281
57.54,1382,-3.743847,-1.94029,1.94029
57.56,1407,-3.699299,-0.9280891,0.9280891
57.58,1408,-3.763659,-0.8606091,0.8606091
57.6,1397,-3.701365,-1.26549,1.26549
57.62,1390,-3.57789,-1.53541,1.53541
57.64,1411,-3.532037,-0.6581707,0.6581707
57.66,1413,-3.551934,-0.5906906,0.5906906
57.68,1404,-3.508243,-0.9280891,0.9280891
57.7,1404,-3.402095,-0.9280891,0.9280891
57.72,1393,-3.34609,-1.33297,1.33297
57.74,1394,-3.32746,-1.26549,1.26549
57.76,1394,-3.306858,-1.26549,1.26549
57.78,1383,-3.275171,-1.67037,1.67037
57.8,1384,-3.314756,-1.60289,1.60289
57.82,1384,-3.315517,-1.60289,1.60289
57.84,1407,-3.370079,-0.6581707,0.6581707
57.86,1406,-3.471278,-0.6581707,0.6581707
57.88,1406,-3.51802,-0.6581707,0.6581707
57.9,1406,-3.458597,-0.6581707,0.6581707
57.92,1405,-3.416225,-0.6581707,0.6581707
57.94,1405,-3.353866,-0.6581707,0.6581707
57.96,1405,-3.305087,-0.6581707,0.6581707
57.98,1406,-3.268928,-0.5906906,0.5906906
58,1404,-3.257268,-0.6581707,0.6581707
58.02,1406,-3.265913,-0.5906906,0.5906906
58.04,1406,-3.25858,-0.5906906,0.5906906
58.06,1404,-3.284715,-0.6581707,0.6581707
58.08,1403,-3.271894,-0.6581707,0.6581707
58.1,1405,-3.282191,-0.5906906,0.5906906
58.12,1403,-3.278919,-0.6581707,0.6581707
58.14,1403,-3.282045,-0.6581707,0.6581707
58.16,1394,-3.278844,-0.9955692,0.9955692
58.18,1394,-3.275125,-0.9955692,0.9955692
58.2,1420,-3.294351,0.08411026,-0.08411026
58.22,1410,-3.282905,-0.3207703,0.3207703
58.24,1401,-3.231238,-0.6581707,0.6581707
58.26,1394,-3.145871,-0.9280891,0.9280891
58.28,1421,-3.14606,0.1515903,-0.1515903
58.3,1407,-3.143351,-0.3882504,0.3882504
58.32,1401,-3.166697,-0.6581707,0.6581707
58.34,1400,-3.086241,-0.6581707,0.6581707
58.36,1392,-3.116471,-0.9955692,0.9955692
58.38,1418,-3.115119,0.08411026,-0.08411026
58.4,1417,-3.15286,0.01663017,-0.01663017
58.42,1408,-3.161323,-0.3207703,0.3207703
58.44,1408,-3.147193,-0.3207703,0.3207703
58.46,1410,-3.079068,-0.2532902,0.2532902
58.48,1399,-3.120384,-0.6581707,0.6581707
58.5,1399,-3.080772,-0.6581707,0.6581707
58.52,1423,-3.090867,0.2865496,-0.2865496
58.54,1424,-3.096577,0.3540297,-0.3540297
58.56,1424,-3.092716,0.3540297,-0.3540297
58.58,1424,-3.012162,0.3540297,-0.3540297
58.6,1423,-2.972279,0.2865496,-0.2865496
58.62,1423,-2.870034,0.2865496,-0.2865496
58.64,1425,-2.790629,0.3540297,-0.3540297
58.66,1393,-2.72885,-0.9280891,0.9280891
58.68,1416,-2.681293,0.01663017,-0.01663017
58.7,1416,-2.678114,0.01663017,-0.01663017
58.72,1433,-2.767252,0.6914301,-0.6914301
58.74,1423,-2.742583,0.2865496,-0.2865496
58.76,1408,-2.723695,-0.3207703,0.3207703
58.78,1450,-2.627477,1.36623,-1.36623
58.8,1459,-2.62933,1.703629,-1.703629
58.82,1470,-2.561325,2.10851,-2.10851
58.84,1469,-2.387921,2.04103,-2.04103
58.86,1471,-2.201974,2.10851,-2.10851
58.88,1503,-1.890726,3.39063,-3.39063
58.9,1506,-1.525034,3.45811,-3.45811
58.92,1512,-1.285013,3.66055,-3.66055
58.94,1548,-0.9067012,5.01015,-5.01015
58.96,1527,-0.799799,4.13291,-4.13291
58.98,1560,-0.6244376,5.347549,-5.347549
59,1570,-0.119542,5.68495,-5.68495
59.02,1557,0.208528,5.07763,-5.07763
59.04,1601,0.5383589,6.764629,-6.764629
59.06,1587,0.9413341,6.089829,-6.089829
59.08,1606,1.194255,6.764629,-6.764629
59.1,1600,1.562554,6.42723,-6.42723
59.12,1596,1.922069,6.15731,-6.15731
59.14,1621,2.227249,7.03455,-7.03455
59.16,1625,2.46073,7.10203,-7.10203
59.18,1628,2.628516,7.10203,-7.10203
59.2,1631,2.888765,7.10203,-7.10203
59.22,1608,3.03279,6.089829,-6.089829
59.24,1621,3.191588,6.49471,-6.49471
59.26,1630,3.317354,6.764629,-6.764629
59.28,1608,3.280235,5.75243,-5.75243
59.3,1619,3.326857,6.089829,-6.089829
59.32,1606,3.334101,5.48251,-5.48251
59.34,1615,3.281544,5.75243,-5.75243
59.36,1602,3.268564,5.14511,-5.14511
59.38,1612,3.28273,5.48251,-5.48251
59.4,1596,3.259846,4.74023,-4.74023
59.42,1613,3.230126,5.347549,-5.347549
59.44,1590,3.283116,4.33535,-4.33535
59.46,1609,3.295316,5.01015,-5.01015
59.48,1595,3.254041,4.40283,-4.40283
59.5,1606,3.258926,4.74023,-4.74023
59.52,1591,3.326737,4.06543,-4.06543
59.54,1576,3.363851,3.39063,-3.39063
59.56,1594,3.323988,4.06543,-4.06543
59.58,1580,3.168235,3.45811,-3.45811
59.6,1563,3.137233,2.71583,-2.71583
59.62,1548,2.994133,2.04103,-2.04103
59.64,1565,2.833066,2.71583,-2.71583
59.66,1549,2.515569,2.04103,-2.04103
59.68,1566,2.27751,2.64835,-2.64835
59.7,1551,2.253106,2.04103,-2.04103
59.72,1544,2.02625,1.703629,-1.703629
59.74,1528,1.995607,1.02883,-1.02883
59.76,1547,1.825045,1.77111,-1.77111
59.78,1504,1.714535,0.01663017,-0.01663017
59.8,1521,1.471368,0.6914301,-0.6914301
59.82,1504,1.322942,0.01663017,-0.01663017
59.84,1523,0.9357045,0.7589102,-0.7589102
59.86,1504,0.6913804,0.01663017,-0.01663017
59.88,1511,0.4691077,0.2865496,-0.2865496
59.9,1505,0.4864341,0.01663017,-0.01663017
59.92,1489,0.3821633,-0.5906906,0.5906906
59.94,1498,0.3596237,-0.2532902,0.2532902
59.96,1487,0.1401184,-0.6581707,0.6581707
59.98,1497,-0.01991154,-0.2532902,0.2532902
60,1479,-0.1692976,-0.9955692,0.9955692
60.02,1487,-0.3103996,-0.6581707,0.6581707
60.04,1472,-0.428048,-1.26549,1.26549
60.06,1478,-0.4996778,-0.9955692,0.9955692
60.08,1486,-0.5461549,-0.6581707,0.6581707
60.1,1441,-0.622603,-2.480129,2.480129
60.12,1447,-0.6696631,-2.210211,2.210211
60.14,1475,-0.6283148,-0.9955692,0.9955692
60.16,1455,-0.9026678,-1.80533,1.80533
60.18,1460,-1.183355,-1.60289,1.60289
60.2,1459,-1.107329,-1.60289,1.60289
60.22,1457,-1.238871,-1.67037,1.67037
60.24,1434,-1.286811,-2.547609,2.547609
60.26,1434,-1.231688,-2.547609,2.547609
60.28,1433,-1.304513,-2.547609,2.547609
60.3,1432,-1.422657,-2.547609,2.547609
60.32,1430,-1.64967,-2.547609,2.547609
60.34,1428,-1.833055,-2.615089,2.615089
60.36,1427,-1.893122,-2.615089,2.615089
60.38,1426,-1.932343,-2.615089,2.615089
60.4,1426,-2.044997,-2.547609,2.547609
60.42,1427,-2.043694,-2.480129,2.480129
60.44,1446,-2.083915,-1.67037,1.67037
60.46,1447,-2.156736,-1.60289,1.60289
60.48,1446,-2.185445,-1.60289,1.60289
60.5,1447,-2.175817,-1.53541,1.53541
60.52,1443,-2.099488,-1.67037,1.67037
60.54,1445,-2.033535,-1.60289,1.60289
60.56,1444,-1.925776,-1.60289,1.60289
60.58,1443,-1.880025,-1.60289,1.60289
60.6,1443,-1.863282,-1.60289,1.60289
60.62,1418,-1.868976,-2.547609,2.547609
60.64,1418,-1.862999,-2.547609,2.547609
60.66,1442,-1.856387,-1.53541,1.53541
60.68,1441,-1.937173,-1.53541,1.53541
60.7,1439,-2.044093,-1.60289,1.60289
60.72,1430,-2.071054,-1.94029,1.94029
60.74,1454,-2.125228,-0.9280891,0.9280891
60.76,1437,-2.166244,-1.60289,1.60289
60.78,1453,-2.14422,-0.9280891,0.9280891
60.8,1437,-2.07662,-1.53541,1.53541
60.82,1469,-2.067841,-0.2532902,0.2532902
60.84,1467,-2.027863,-0.3207703,0.3207703
60.86,1469,-1.931094,-0.2532902,0.2532902
60.88,1491,-1.855549,0.6914301,-0.6914301
60.9,1486,-1.725894,0.4889898,-0.4889898
60.92,1517,-1.573741,1.703629,-1.703629
60.94,1519,-1.31877,1.77111,-1.77111
60.96,1518,-1.179396,1.703629,-1.703629
60.98,1552,-1.001679,3.05323,-3.05323
61,1551,-0.69891,2.98575,-2.98575
61.02,1563,-0.4377695,3.39063,-3.39063
61.04,1573,0.0157472,3.72803,-3.72803
61.06,1582,0.319887,4.06543,-4.06543
61.08,1592,0.8024059,4.40283,-4.40283
61.1,1609,1.297499,5.01015,-5.01015
61.12,1594,1.538422,4.33535,-4.33535
61.14,1613,2.018512,5.01015,-5.01015
61.16,1608,2.352936,4.74023,-4.74023
61.18,1635,2.597613,5.75243,-5.75243
61.2,1637,2.805231,5.75243,-5.75243
61.22,1638,3.078155,5.68495,-5.68495
61.24,1617,3.299244,4.74023,-4.74023
61.26,1619,3.581959,4.74023,-4.74023
61.28,1627,3.645718,5.01015,-5.01015
61.3,1640,3.687165,5.41503,-5.41503
61.32,1615,3.649175,4.33535,-4.33535
61.34,1635,3.614076,5.07763,-5.07763
61.36,1610,3.754343,3.99795,-3.99795
61.38,1620,3.751057,4.33535,-4.33535
61.4,1632,3.757039,4.74023,-4.74023
61.42,1617,3.724323,4.06543,-4.06543
61.44,1627,3.680257,4.40283,-4.40283
61.46,1612,3.79742,3.72803,-3.72803
61.48,1622,3.789531,4.06543,-4.06543
61.5,1598,3.812778,3.05323,-3.05323
61.52,1615,3.786057,3.66055,-3.66055
61.54,1601,3.740544,3.05323,-3.05323
61.56,1586,3.611312,2.37843,-2.37843
61.58,1595,3.559649,2.71583,-2.71583
61.6,1588,3.473729,2.37843,-2.37843
61.62,1599,3.160876,2.78331,-2.78331
61.64,1581,3.178381,2.04103,-2.04103
61.66,1574,3.003268,1.703629,-1.703629
61.68,1558,2.935186,1.02883,-1.02883
61.7,1577,2.744577,1.77111,-1.77111
61.72,1561,2.635471,1.09631,-1.09631
61.74,1551,2.41652,0.6914301,-0.6914301
61.76,1534,2.324447,0.01663017,-0.01663017
61.78,1528,2.080834,-0.2532902,0.2532902
61.8,1543,1.959285,0.3540297,-0.3540297
61.82,1535,1.765862,0.01663017,-0.01663017
61.84,1526,1.536575,-0.3207703,0.3207703
61.86,1511,1.436268,-0.9280891,0.9280891
61.88,1504,1.300057,-1.198009,1.198009
61.9,1517,1.225774,-0.6581707,0.6581707
61.92,1508,0.987275,-0.9955692,0.9955692
61.94,1499,0.6531901,-1.33297,1.33297
61.96,1484,0.5716012,-1.94029,1.94029
61.98,1476,0.4796271,-2.210211,2.210211
62,1482,0.273559,-1.94029,1.94029
62.02,1467,-0.03038352,-2.547609,2.547609
62.04,1481,-0.2645494,-1.94029,1.94029
62.06,1464,-0.3723471,-2.615089,2.615089
62.08,1448,-0.5115178,-3.22241,3.22241
62.1,1433,-0.5995443,-3.762249,3.762249
62.12,1438,-0.7863336,-3.492331,3.492331
62.14,1420,-0.9311265,-4.16713,4.16713
62.16,1427,-1.209974,-3.829729,3.829729
62.18,1409,-1.50964,-4.50453,4.50453
62.2,1439,-1.742333,-3.22241,3.22241
62.22,1414,-2.018536,-4.16713,4.16713
62.24,1419,-2.166508,-3.897209,3.897209
62.26,1419,-2.324877,-3.829729,3.829729
62.28,1394,-2.503177,-4.77445,4.77445
62.3,1391,-2.48017,-4.84193,4.84193
62.32,1390,-2.519456,-4.77445,4.77445
62.34,1387,-2.669204,-4.84193,4.84193
62.36,1385,-2.934745,-4.84193,4.84193
62.38,1383,-3.256757,-4.84193,4.84193
62.4,1415,-3.589404,-3.492331,3.492331
62.42,1413,-3.849246,-3.492331,3.492331
62.44,1378,-3.884518,-4.84193,4.84193
62.46,1403,-3.656242,-3.762249,3.762249
62.48,1400,-3.449895,-3.829729,3.829729
62.5,1397,-3.484306,-3.897209,3.897209
62.52,1395,-3.475837,-3.897209,3.897209
62.54,1363,-3.459559,-5.111851,5.111851
62.56,1363,-3.484028,-5.044371,5.044371
62.58,1383,-3.407243,-4.16713,4.16713
62.6,1357,-3.476916,-5.111851,5.111851
62.62,1379,-3.630987,-4.16713,4.16713
62.64,1354,-3.816478,-5.111851,5.111851
62.66,1350,-4.015213,-5.179329,5.179329
62.68,1373,-4.234911,-4.16713,4.16713
62.7,1372,-4.152131,-4.16713,4.16713
62.72,1370,-4.166479,-4.16713,4.16713
62.74,1368,-4.248251,-4.16713,4.16713
62.76,1367,-4.340296,-4.16713,4.16713
62.78,1363,-4.276405,-4.23461,4.23461
62.8,1387,-4.285643,-3.22241,3.22241
62.82,1385,-4.285235,-3.22241,3.22241
62.84,1386,-4.25444,-3.15493,3.15493
62.86,1383,-4.160942,-3.22241,3.22241
62.88,1381,-4.03782,-3.22241,3.22241
62.9,1380,-3.911648,-3.22241,3.22241
62.92,1381,-3.846659,-3.15493,3.15493
62.94,1379,-3.800997,-3.15493,3.15493
62.96,1376,-3.830794,-3.22241,3.22241
62.98,1375,-3.826755,-3.22241,3.22241
63,1374,-3.83533,-3.22241,3.22241
63.02,1369,-3.810531,-3.35737,3.35737
63.04,1373,-3.829462,-3.15493,3.15493
63.06,1370,-3.82347,-3.22241,3.22241
63.08,1369,-3.85051,-3.22241,3.22241
63.1,1367,-3.825279,-3.22241,3.22241
63.12,1366,-3.834559,-3.22241,3.22241
63.14,1363,-3.84016,-3.28989,3.28989
63.16,1365,-3.832264,-3.15493,3.15493
63.18,1362,-3.835715,-3.22241,3.22241
63.2,1361,-3.855961,-3.22241,3.22241
63.22,1360,-3.899341,-3.22241,3.22241
63.24,1358,-3.973571,-3.22241,3.22241
63.26,1359,-4.02617,-3.15493,3.15493
63.28,1356,-4.079025,-3.22241,3.22241
63.3,1354,-4.14488,-3.22241,3.22241
63.32,1353,-4.201382,-3.22241,3.22241
63.34,1352,-4.252365,-3.22241,3.22241
63.36,1351,-4.291261,-3.22241,3.22241
63.38,1317,-4.356094,-4.50453,4.50453
63.4,1339,-4.454027,-3.559811,3.559811
63.42,1331,-4.485603,-3.829729,3.829729
63.44,1345,-4.590332,-3.22241,3.22241
63.46,1343,-4.756929,-3.22241,3.22241
63.48,1367,-4.995929,-2.210211,2.210211
63.5,1326,-4.98257,-3.829729,3.829729
63.52,1316,-5.016273,-4.16713,4.16713
63.54,1340,-4.931478,-3.15493,3.15493
63.56,1338,-4.88618,-3.15493,3.15493
63.58,1335,-4.998147,-3.22241,3.22241
63.6,1359,-5.1707,-2.210211,2.210211
63.62,1357,-5.200009,-2.277691,2.277691
63.64,1357,-5.16446,-2.210211,2.210211
63.66,1350,-5.092213,-2.480129,2.480129
63.68,1313,-4.94242,-3.897209,3.897209
63.7,1337,-4.825387,-2.88501,2.88501
63.72,1334,-4.876468,-2.95249,2.95249
63.74,1359,-5.093722,-1.94029,1.94029
63.76,1327,-5.09537,-3.15493,3.15493
63.78,1350,-5.102791,-2.210211,2.210211
63.8,1349,-5.040378,-2.210211,2.210211
63.82,1348,-5.102129,-2.210211,2.210211
63.84,1337,-5.000603,-2.615089,2.615089
63.86,1339,-4.99412,-2.480129,2.480129
63.88,1337,-4.919725,-2.547609,2.547609
63.9,1327,-5.004391,-2.88501,2.88501
63.92,1326,-4.984687,-2.88501,2.88501
63.94,1323,-4.989263,-2.95249,2.95249
63.96,1324,-5.06308,-2.88501,2.88501
63.98,1324,-5.117817,-2.81753,2.81753
64,1331,-5.22046,-2.480129,2.480129
64.02,1320,-5.332644,-2.88501,2.88501
64.04,1343,-5.468287,-1.94029,1.94029
64.06,1342,-5.442129,-1.94029,1.94029
64.08,1333,-5.528888,-2.277691,2.277691
64.1,1317,-5.481472,-2.88501,2.88501
64.12,1365,-5.502226,-0.9280891,0.9280891
64.14,1357,-5.484026,-1.198009,1.198009
64.16,1372,-5.592724,-0.5906906,0.5906906
64.18,1363,-5.515063,-0.9280891,0.9280891
64.2,1347,-5.213799,-1.53541,1.53541
64.22,1371,-4.982908,-0.5906906,0.5906906
64.24,1353,-4.803488,-1.26549,1.26549
64.26,1378,-4.807612,-0.2532902,0.2532902
64.28,1368,-4.701939,-0.6581707,0.6581707
64.3,1385,-4.599965,0.01663017,-0.01663017
64.32,1378,-4.549241,-0.2532902,0.2532902
64.34,1371,-4.356885,-0.5232105,0.5232105
64.36,1386,-4.310941,0.08411026,-0.08411026
64.38,1376,-4.251108,-0.3207703,0.3207703
64.4,1392,-4.223323,0.3540297,-0.3540297
64.42,1382,-4.186911,-0.05084991,0.05084991
64.44,1377,-4.21029,-0.2532902,0.2532902
64.46,1394,-4.137377,0.4215097,-0.4215097
64.48,1386,-4.047947,0.08411026,-0.08411026
64.5,1410,-4.011175,1.02883,-1.02883
64.52,1401,-3.944025,0.6914301,-0.6914301
64.54,1393,-3.942108,0.3540297,-0.3540297
64.56,1419,-3.789048,1.36623,-1.36623
64.58,1412,-3.647704,1.09631,-1.09631
64.6,1403,-3.606679,0.6914301,-0.6914301
64.62,1432,-3.45838,1.83859,-1.83859
64.64,1420,-3.339991,1.36623,-1.36623
64.66,1421,-3.350517,1.36623,-1.36623
64.68,1411,-3.223368,0.9613495,-0.9613495
64.7,1439,-3.154389,2.04103,-2.04103
64.72,1438,-3.017634,1.97355,-1.97355
64.74,1439,-2.981035,1.97355,-1.97355
64.76,1433,-2.847457,1.703629,-1.703629
64.78,1433,-2.699545,1.703629,-1.703629
64.8,1434,-2.539922,1.703629,-1.703629
64.82,1435,-2.53048,1.703629,-1.703629
64.84,1437,-2.423257,1.77111,-1.77111
64.86,1436,-2.425946,1.703629,-1.703629
64.88,1437,-2.341368,1.703629,-1.703629
64.9,1438,-2.316546,1.703629,-1.703629
64.92,1438,-2.237535,1.703629,-1.703629
64.94,1439,-2.246352,1.703629,-1.703629
64.96,1441,-2.230777,1.77111,-1.77111
64.98,1440,-2.222219,1.703629,-1.703629
65,1439,-2.232548,1.63615,-1.63615
65.02,1440,-2.226091,1.63615,-1.63615
65.04,1444,-2.228472,1.77111,-1.77111
65.06,1443,-2.212628,1.703629,-1.703629
65.08,1442,-2.210937,1.63615,-1.63615
65.1,1444,-2.216609,1.703629,-1.703629
65.12,1445,-2.204758,1.703629,-1.703629
65.14,1446,-2.206515,1.703629,-1.703629
65.16,1448,-2.173406,1.77111,-1.77111
65.18,1447,-2.127419,1.703629,-1.703629
65.2,1449,-2.124738,1.77111,-1.77111
65.22,1448,-2.078124,1.703629,-1.703629
65.24,1447,-2.035504,1.63615,-1.63615
65.26,1448,-2.002558,1.63615,-1.63615
65.28,1450,-1.944281,1.703629,-1.703629
65.3,1451,-1.946866,1.703629,-1.703629
65.32,1452,-1.953107,1.703629,-1.703629
65.34,1453,-1.965855,1.703629,-1.703629
65.36,1453,-1.963479,1.703629,-1.703629
65.38,1452,-1.947598,1.63615,-1.63615
65.4,1453,-1.896602,1.63615,-1.63615
65.42,1454,-1.86234,1.63615,-1.63615
65.44,1454,-1.802519,1.63615,-1.63615
65.46,1458,-1.773536,1.77111,-1.77111
65.48,1457,-1.71757,1.703629,-1.703629
65.5,1458,-1.69481,1.703629,-1.703629
65.52,1459,-1.635494,1.703629,-1.703629
65.54,1459,-1.612343,1.703629,-1.703629
65.56,1460,-1.557172,1.703629,-1.703629
65.58,1459,-1.548346,1.63615,-1.63615
65.6,1460,-1.537487,1.63615,-1.63615
65.62,1460,-1.515899,1.63615,-1.63615
65.64,1461,-1.497301,1.63615,-1.63615
65.66,1463,-1.491481,1.703629,-1.703629
65.68,1464,-1.51075,1.703629,-1.703629
65.7,1463,-1.499443,1.63615,-1.63615
65.72,1465,-1.502632,1.703629,-1.703629
65.74,1480,-1.469481,2.31095,-2.31095
65.76,1474,-1.464156,2.04103,-2.04103
65.78,1483,-1.42598,2.37843,-2.37843
65.8,1493,-1.261566,2.71583,-2.71583
65.82,1517,-1.240446,3.66055,-3.66055
65.84,1546,-1.058409,4.74023,-4.74023
65.86,1539,-1.039165,4.40283,-4.40283
65.88,1566,-0.892356,5.41503,-5.41503
65.9,1592,-0.3540079,6.35975,-6.35975
65.92,1594,0.03780212,6.35975,-6.35975
65.94,1590,0.5085057,6.089829,-6.089829
65.96,1626,0.8829713,7.439429,-7.439429
65.98,1629,1.347844,7.439429,-7.439429
66,1638,1.872057,7.70935,-7.70935
66.02,1650,2.392837,8.04675,-8.04675
66.04,1683,2.86624,9.26139,-9.26139
66.06,1673,3.326244,8.72155,-8.72155
66.08,1694,3.628903,9.39635,-9.39635
66.1,1689,4.052427,9.058949,-9.058949
66.12,1694,4.436153,9.12643,-9.12643
66.14,1688,4.837969,8.72155,-8.72155
66.16,1692,5.052013,8.72155,-8.72155
66.18,1702,5.354455,8.99147,-8.99147
66.2,1707,5.510514,9.058949,-9.058949
66.22,1717,5.606469,9.32887,-9.32887
66.24,1706,5.768486,8.72155,-8.72155
66.26,1716,5.96243,8.99147,-8.99147
66.28,1706,6.047003,8.45163,-8.45163
66.3,1693,6.149866,7.77683,-7.77683
66.32,1711,6.227677,8.38415,-8.38415
66.34,1709,6.207725,8.181709,-8.181709
66.36,1694,6.193694,7.439429,-7.439429
66.38,1689,6.204172,7.10203,-7.10203
66.4,1683,6.124527,6.764629,-6.764629
66.42,1678,6.123056,6.42723,-6.42723
66.44,1670,5.952631,6.022349,-6.022349
66.46,1673,5.805064,6.022349,-6.022349
66.48,1643,5.667759,4.74023,-4.74023
66.5,1645,5.503453,4.74023,-4.74023
66.52,1647,5.33689,4.74023,-4.74023
66.54,1649,5.032847,4.74023,-4.74023
66.56,1626,4.817386,3.72803,-3.72803
66.58,1602,4.536174,2.71583,-2.71583
66.6,1576,4.367455,1.63615,-1.63615
66.62,1587,4.11288,2.04103,-2.04103
66.64,1563,3.698394,1.02883,-1.02883
66.66,1541,3.344611,0.1515903,-0.1515903
66.68,1530,2.9727,-0.3207703,0.3207703
66.7,1538,2.404779,0.01663017,-0.01663017
66.72,1521,2.093785,-0.6581707,0.6581707
66.74,1506,1.643038,-1.26549,1.26549
66.76,1480,1.409238,-2.277691,2.277691
66.78,1465,0.9503518,-2.88501,2.88501
66.8,1449,0.8069454,-3.492331,3.492331
66.82,1456,0.3665394,-3.15493,3.15493
66.84,1430,-0.07008526,-4.16713,4.16713
66.86,1403,-0.4366104,-5.179329,5.179329
66.88,1384,-0.8278174,-5.85413,5.85413
66.9,1384,-1.168894,-5.78665,5.78665
66.92,1331,-1.516549,-7.81105,7.81105
66.94,1348,-2.133274,-7.001289,7.001289
66.96,1310,-2.663215,-8.418369,8.418369
66.98,1292,-3.629609,-9.02569,9.02569
67,1265,-4.510813,-9.970409,9.970409
67.02,1261,-5.153964,-9.970409,9.970409
67.04,1301,-5.818347,-8.215929,8.215929
67.06,1317,-6.465019,-7.40617,7.40617
67.08,1317,-7.191135,-7.27121,7.27121
67.1,1336,-7.708583,-6.39397,6.39397
67.12,1280,-7.999928,-8.553329,8.553329
67.14,1270,-7.454759,-8.82325,8.82325
67.16,1305,-6.884554,-7.27121,7.27121
67.18,1321,-6.458943,-6.528931,6.528931
67.2,1269,-7.115727,-8.485849,8.485849
67.22,1310,-7.712343,-6.731369,6.731369
67.24,1322,-7.986732,-6.12405,6.12405
67.26,1304,-7.48087,-6.731369,6.731369
67.28,1317,-7.052515,-6.12405,6.12405
67.3,1299,-6.614556,-6.731369,6.731369
67.32,1312,-6.271841,-6.12405,6.12405
67.34,1318,-6.115147,-5.78665,5.78665
67.36,1339,-6.261546,-4.84193,4.84193
67.38,1311,-6.272434,-5.85413,5.85413
67.4,1362,-6.102214,-3.762249,3.762249
67.42,1366,-5.883307,-3.492331,3.492331
67.44,1323,-5.863191,-5.179329,5.179329
67.46,1363,-5.591759,-3.492331,3.492331
67.48,1368,-5.287456,-3.22241,3.22241
67.5,1350,-5.217129,-3.897209,3.897209
67.52,1391,-5.171597,-2.210211,2.210211
67.54,1371,-4.792014,-2.95249,2.95249
67.56,1387,-4.596758,-2.277691,2.277691
67.58,1394,-4.391099,-1.94029,1.94029
67.6,1378,-4.095253,-2.547609,2.547609
67.62,1394,-3.932014,-1.87281,1.87281
67.64,1400,-3.764302,-1.60289,1.60289
67.66,1414,-3.676345,-0.9955692,0.9955692
67.68,1400,-3.590847,-1.53541,1.53541
67.7,1413,-3.428508,-0.9955692,0.9955692
67.72,1430,-3.337317,-0.3207703,0.3207703
67.74,1423,-3.220363,-0.5906906,0.5906906
67.76,1431,-3.086126,-0.2532902,0.2532902
67.78,1422,-2.901042,-0.5906906,0.5906906
67.8,1437,-2.720973,0.01663017,-0.01663017
67.82,1429,-2.586771,-0.3207703,0.3207703
67.84,1446,-2.448173,0.3540297,-0.3540297
67.86,1437,-2.426716,0.01663017,-0.01663017
67.88,1431,-2.301006,-0.2532902,0.2532902
67.9,1456,-2.257922,0.7589102,-0.7589102
67.92,1446,-2.076647,0.3540297,-0.3540297
67.94,1438,-2.087959,0.01663017,-0.01663017
67.96,1461,-1.932504,0.9613495,-0.9613495
67.98,1431,-1.863396,-0.2532902,0.2532902
68,1455,-1.76556,0.6914301,-0.6914301
68.02,1457,-1.784637,0.7589102,-0.7589102
68.04,1455,-1.781293,0.6914301,-0.6914301
68.06,1459,-1.706553,0.8263903,-0.8263903
68.08,1456,-1.657476,0.6914301,-0.6914301
68.1,1456,-1.579871,0.6914301,-0.6914301
68.12,1458,-1.512457,0.7589102,-0.7589102
68.14,1457,-1.482807,0.6914301,-0.6914301
68.16,1457,-1.429265,0.6914301,-0.6914301
68.18,1457,-1.463481,0.6914301,-0.6914301
68.2,1458,-1.407438,0.6914301,-0.6914301
68.22,1458,-1.446071,0.6914301,-0.6914301
68.24,1458,-1.445714,0.6914301,-0.6914301
68.26,1458,-1.444829,0.6914301,-0.6914301
68.28,1460,-1.442479,0.7589102,-0.7589102
68.3,1459,-1.435651,0.6914301,-0.6914301
68.32,1461,-1.446132,0.7589102,-0.7589102
68.34,1460,-1.430282,0.6914301,-0.6914301
68.36,1460,-1.445355,0.6914301,-0.6914301
68.38,1460,-1.477653,0.6914301,-0.6914301
68.4,1460,-1.471235,0.6914301,-0.6914301
68.42,1461,-1.488002,0.6914301,-0.6914301
68.44,1461,-1.481304,0.6914301,-0.6914301
68.46,1465,-1.484226,0.8263903,-0.8263903
68.48,1462,-1.491722,0.6914301,-0.6914301
68.5,1464,-1.476529,0.7589102,-0.7589102
68.52,1462,-1.465331,0.6914301,-0.6914301
68.54,1462,-1.399861,0.6914301,-0.6914301
68.56,1463,-1.404568,0.6914301,-0.6914301
68.58,1463,-1.361427,0.6914301,-0.6914301
68.6,1467,-1.394542,0.8263903,-0.8263903
68.62,1464,-1.384063,0.6914301,-0.6914301
68.64,1464,-1.381423,0.6914301,-0.6914301
68.66,1464,-1.351718,0.6914301,-0.6914301
68.68,1464,-1.348755,0.6914301,-0.6914301
68.7,1465,-1.361022,0.6914301,-0.6914301
68.72,1467,-1.341452,0.7589102,-0.7589102
68.74,1465,-1.325295,0.6914301,-0.6914301
68.76,1466,-1.293917,0.6914301,-0.6914301
68.78,1466,-1.304134,0.6914301,-0.6914301
68.8,1466,-1.298986,0.6914301,-0.6914301
68.82,1466,-1.295393,0.6914301,-0.6914301
68.84,1468,-1.309093,0.7589102,-0.7589102
68.86,1469,-1.304176,0.7589102,-0.7589102
68.88,1467,-1.316388,0.6914301,-0.6914301
68.9,1468,-1.31809,0.6914301,-0.6914301
68.92,1468,-1.312503,0.6914301,-0.6914301
68.94,1468,-1.311612,0.6914301,-0.6914301
68.96,1468,-1.31355,0.6914301,-0.6914301
68.98,1469,-1.324,0.6914301,-0.6914301
69,1471,-1.319469,0.7589102,-0.7589102
69.02,1469,-1.332359,0.6914301,-0.6914301
69.04,1470,-1.332784,0.6914301,-0.6914301
69.06,1470,-1.342841,0.6914301,-0.6914301
69.08,1470,-1.356507,0.6914301,-0.6914301
69.1,1470,-1.357126,0.6914301,-0.6914301
69.12,1472,-1.355834,0.7589102,-0.7589102
69.14,1471,-1.338203,0.6914301,-0.6914301
69.16,1471,-1.339049,0.6914301,-0.6914301
69.18,1471,-1.358238,0.6914301,-0.6914301
69.2,1472,-1.300168,0.6914301,-0.6914301
69.22,1472,-1.291346,0.6914301,-0.6914301
69.24,1472,-1.27828,0.6914301,-0.6914301
69.26,1472,-1.258279,0.6914301,-0.6914301
69.28,1472,-1.25302,0.6914301,-0.6914301
69.3,1474,-1.255928,0.7589102,-0.7589102
69.32,1472,-1.256406,0.6914301,-0.6914301
69.34,1473,-1.265058,0.6914301,-0.6914301
69.36,1475,-1.247604,0.7589102,-0.7589102
69.38,1473,-1.195954,0.6914301,-0.6914301
69.4,1474,-1.173589,0.6914301,-0.6914301
69.42,1474,-1.136116,0.6914301,-0.6914301
69.44,1476,-1.111024,0.7589102,-0.7589102
69.46,1474,-1.112465,0.6914301,-0.6914301
69.48,1475,-1.116254,0.6914301,-0.6914301
69.5,1475,-1.096736,0.6914301,-0.6914301
69.52,1475,-1.10052,0.6914301,-0.6914301
69.54,1476,-1.098824,0.6914301,-0.6914301
69.56,1477,-1.098439,0.7589102,-0.7589102
69.58,1476,-1.100492,0.6914301,-0.6914301
69.6,1478,-1.095585,0.7589102,-0.7589102
69.62,1477,-1.088851,0.6914301,-0.6914301
69.64,1477,-1.090092,0.6914301,-0.6914301
69.66,1477,-1.081257,0.6914301,-0.6914301
69.68,1478,-1.077672,0.6914301,-0.6914301
69.7,1479,-1.061027,0.7589102,-0.7589102
69.72,1478,-1.001514,0.6914301,-0.6914301
69.74,1478,-0.9910151,0.6914301,-0.6914301
69.76,1479,-0.9799384,0.6914301,-0.6914301
69.78,1479,-0.9859587,0.6914301,-0.6914301
69.8,1479,-0.9679952,0.6914301,-0.6914301
69.82,1479,-0.9368925,0.6914301,-0.6914301
69.84,1480,-0.9294264,0.6914301,-0.6914301
69.86,1480,-0.9056399,0.6914301,-0.6914301
69.88,1458,-0.9230899,-0.2532902,0.2532902
69.9,1458,-0.9198896,-0.2532902,0.2532902
69.92,1458,-0.9135219,-0.2532902,0.2532902
69.94,1456,-1.01325,-0.3207703,0.3207703
69.96,1456,-1.098532,-0.3207703,0.3207703
69.98,1457,-1.161305,-0.2532902,0.2532902
70,1456,-1.223188,-0.3207703,0.3207703
70.02,1480,-1.239589,0.6914301,-0.6914301
70.04,1480,-1.241114,0.6914301,-0.6914301
70.06,1482,-1.213216,0.7589102,-0.7589102
70.08,1480,-1.142595,0.6914301,-0.6914301
70.1,1456,-1.040403,-0.3207703,0.3207703
70.12,1481,-1.001594,0.6914301,-0.6914301
70.14,1458,-0.9709936,-0.2532902,0.2532902
70.16,1458,-1.031712,-0.2532902,0.2532902
70.18,1458,-1.008604,-0.2532902,0.2532902
70.2,1456,-1.080173,-0.3207703,0.3207703
70.22,1481,-1.163754,0.6914301,-0.6914301
70.24,1456,-1.205737,-0.3207703,0.3207703
70.26,1481,-1.265907,0.6914301,-0.6914301
70.28,1482,-1.16805,0.7589102,-0.7589102
70.3,1481,-1.23101,0.6914301,-0.6914301
70.32,1483,-1.128641,0.7589102,-0.7589102
70.34,1482,-1.074376,0.6914301,-0.6914301
70.36,1482,-1.024371,0.6914301,-0.6914301
70.38,1482,-0.9829403,0.6914301,-0.6914301
70.4,1460,-0.9343557,-0.2532902,0.2532902
70.42,1483,-0.9205899,0.6914301,-0.6914301
70.44,1458,-0.9347584,-0.3207703,0.3207703
70.46,1483,-1.004318,0.6914301,-0.6914301
70.48,1483,-0.8616001,0.6914301,-0.6914301
70.5,1457,-0.9187191,-0.3882504,0.3882504
70.52,1461,-0.8681436,-0.2532902,0.2532902
70.54,1460,-0.8750877,-0.2532902,0.2532902
70.56,1459,-0.9477502,-0.3207703,0.3207703
70.58,1460,-1.067464,-0.2532902,0.2532902
70.6,1460,-1.124189,-0.2532902,0.2532902
70.62,1483,-1.172325,0.6914301,-0.6914301
70.64,1458,-1.153854,-0.3207703,0.3207703
70.66,1486,-1.158574,0.8263903,-0.8263903
70.68,1483,-1.095472,0.6914301,-0.6914301
70.7,1485,-1.173066,0.7589102,-0.7589102
70.72,1459,-1.076775,-0.3207703,0.3207703
70.74,1459,-1.002876,-0.3207703,0.3207703
70.76,1459,-0.9128323,-0.3207703,0.3207703
70.78,1459,-1.013691,-0.3207703,0.3207703
70.8,1461,-1.04808,-0.2532902,0.2532902
70.82,1483,-1.172558,0.6914301,-0.6914301
70.84,1461,-1.208895,-0.2532902,0.2532902
70.86,1483,-1.267767,0.6914301,-0.6914301
70.88,1483,-1.162327,0.6914301,-0.6914301
70.9,1484,-1.22999,0.6914301,-0.6914301
70.92,1484,-1.100853,0.6914301,-0.6914301
70.94,1460,-1.042592,-0.3207703,0.3207703
70.96,1484,-0.9817193,0.6914301,-0.6914301
70.98,1462,-0.9342891,-0.2532902,0.2532902
71,1462,-1.006898,-0.2532902,0.2532902
71.02,1460,-0.9432524,-0.3207703,0.3207703
71.04,1460,-1.035631,-0.3207703,0.3207703
71.06,1460,-1.054987,-0.3207703,0.3207703
71.08,1484,-1.144566,0.6914301,-0.6914301
71.1,1484,-1.143451,0.6914301,-0.6914301
71.12,1484,-1.130057,0.6914301,-0.6914301
71.14,1485,-1.070576,0.6914301,-0.6914301
71.16,1488,-0.9763365,0.8263903,-0.8263903
71.18,1461,-0.8974621,-0.3207703,0.3207703
71.2,1461,-0.8613329,-0.3207703,0.3207703
71.22,1485,-0.8055478,0.6914301,-0.6914301
71.24,1485,-0.9064676,0.6914301,-0.6914301
71.26,1485,-0.9797928,0.6914301,-0.6914301
71.28,1486,-0.9299507,0.6914301,-0.6914301
71.3,1479,-0.9077992,0.4215097,-0.4215097
71.32,1503,-0.8030388,1.36623,-1.36623
71.34,1495,-0.7960709,1.02883,-1.02883
71.36,1512,-0.763103,1.703629,-1.703629
71.38,1496,-0.6704887,1.02883,-1.02883
71.4,1515,-0.5687805,1.77111,-1.77111
71.42,1522,-0.4694926,2.04103,-2.04103
71.44,1508,-0.375046,1.43371,-1.43371
71.46,1524,-0.304006,2.04103,-2.04103
71.48,1525,-0.1745666,2.04103,-2.04103
71.5,1525,-0.0911502,2.04103,-2.04103
71.52,1552,0.05279937,3.05323,-3.05323
71.54,1512,0.1656239,1.43371,-1.43371
71.56,1555,0.3859288,3.120709,-3.120709
71.58,1598,0.5366907,4.80771,-4.80771
71.6,1615,0.6267659,5.41503,-5.41503
71.62,1609,0.8479686,5.07763,-5.07763
71.64,1629,1.30981,5.81991,-5.81991
71.66,1638,1.816974,6.089829,-6.089829
71.68,1657,2.397108,6.764629,-6.764629
71.7,1652,2.986451,6.42723,-6.42723
71.72,1646,3.521804,6.089829,-6.089829
71.74,1672,3.879717,7.03455,-7.03455
71.76,1649,4.229901,6.022349,-6.022349
71.78,1660,4.398709,6.35975,-6.35975
71.8,1664,4.629423,6.42723,-6.42723
71.82,1674,4.662507,6.69715,-6.69715
71.84,1661,4.729767,6.089829,-6.089829
71.86,1672,4.779311,6.42723,-6.42723
71.88,1656,4.848181,5.68495,-5.68495
71.9,1669,4.797023,6.089829,-6.089829
71.92,1652,4.812347,5.347549,-5.347549
71.94,1648,4.799335,5.07763,-5.07763
71.96,1633,4.71088,4.40283,-4.40283
71.98,1652,4.700952,5.07763,-5.07763
72,1645,4.643643,4.74023,-4.74023
72.02,1631,4.532842,4.06543,-4.06543
72.04,1624,4.522349,3.72803,-3.72803
72.06,1619,4.454485,3.45811,-3.45811
72.08,1610,4.340988,3.05323,-3.05323
72.1,1603,4.183335,2.71583,-2.71583
72.12,1594,4.037066,2.31095,-2.31095
72.14,1563,3.770275,1.02883,-1.02883
72.16,1589,3.601912,2.04103,-2.04103
72.18,1579,3.370253,1.63615,-1.63615
72.2,1548,2.992527,0.3540297,-0.3540297
72.22,1548,2.723351,0.3540297,-0.3540297
72.24,1516,2.433023,-0.9280891,0.9280891
72.26,1540,2.110462,0.01663017,-0.01663017
72.28,1540,1.812113,0.01663017,-0.01663017
72.3,1540,1.403961,0.01663017,-0.01663017
72.32,1508,1.257541,-1.26549,1.26549
72.34,1497,1.287685,-1.67037,1.67037
72.36,1490,1.281731,-1.94029,1.94029
72.38,1489,1.163127,-1.94029,1.94029
72.4,1480,0.8308752,-2.277691,2.277691
72.42,1472,0.476412,-2.615089,2.615089
72.44,1462,0.1628588,-2.95249,2.95249
72.46,1455,-0.08709592,-3.22241,3.22241
72.48,1421,-0.2652397,-4.50453,4.50453
72.5,1435,-0.2820917,-3.897209,3.897209
72.52,1426,-0.6737247,-4.16713,4.16713
72.54,1415,-0.9045954,-4.57201,4.57201
72.56,1403,-1.12851,-4.976891,4.976891
72.58,1379,-1.494022,-5.85413,5.85413
72.6,1394,-1.942219,-5.179329,5.179329
72.62,1376,-2.245976,-5.78665,5.78665
72.64,1359,-2.514665,-6.39397,6.39397
72.66,1363,-2.844814,-6.12405,6.12405
72.68,1368,-3.184989,-5.85413,5.85413
72.7,1352,-3.633744,-6.39397,6.39397
72.72,1349,-4.137977,-6.39397,6.39397
72.74,1353,-4.628474,-6.12405,6.12405
72.76,1351,-5.043173,-6.12405,6.12405
72.78,1342,-5.272337,-6.39397,6.39397
72.8,1336,-5.385917,-6.528931,6.528931
72.82,1330,-5.313282,-6.663889,6.663889
72.84,1349,-5.215713,-5.78665,5.78665
72.86,1370,-5.125659,-4.84193,4.84193
72.88,1368,-5.21196,-4.84193,4.84193
72.9,1326,-5.322391,-6.461451,6.461451
72.92,1323,-5.376732,-6.461451,6.461451
72.94,1314,-5.26575,-6.731369,6.731369
72.96,1337,-5.177943,-5.71917,5.71917
72.98,1355,-5.161234,-4.90941,4.90941
73,1354,-5.413099,-4.84193,4.84193
73.02,1344,-5.610746,-5.179329,5.179329
73.04,1342,-5.835093,-5.179329,5.179329
73.06,1324,-5.766367,-5.78665,5.78665
73.08,1348,-5.504009,-4.77445,4.77445
73.1,1374,-5.39963,-3.627291,3.627291
73.12,1335,-5.36682,-5.111851,5.111851
73.14,1325,-5.396941,-5.449249,5.449249
73.16,1347,-5.286056,-4.50453,4.50453
73.18,1368,-5.08771,-3.559811,3.559811
73.2,1365,-5.092308,-3.627291,3.627291
73.22,1365,-5.189494,-3.559811,3.559811
73.24,1323,-4.932114,-5.179329,5.179329
73.26,1315,-4.80099,-5.449249,5.449249
73.28,1335,-4.688307,-4.57201,4.57201
73.3,1360,-4.799656,-3.492331,3.492331
73.32,1356,-4.96918,-3.559811,3.559811
73.34,1355,-5.188964,-3.559811,3.559811
73.36,1345,-5.306924,-3.897209,3.897209
73.38,1313,-5.039904,-5.111851,5.111851
73.4,1335,-4.96588,-4.16713,4.16713
73.42,1326,-4.884084,-4.43705,4.43705
73.44,1345,-5.01916,-3.627291,3.627291
73.46,1345,-5.172704,-3.559811,3.559811
73.48,1335,-5.284146,-3.897209,3.897209
73.5,1325,-5.222721,-4.23461,4.23461
73.52,1351,-5.225737,-3.15493,3.15493
73.54,1371,-5.220304,-2.277691,2.277691
73.56,1370,-5.29943,-2.277691,2.277691
73.58,1329,-5.244156,-3.897209,3.897209
73.6,1344,-5.127275,-3.22241,3.22241
73.62,1343,-4.809755,-3.22241,3.22241
73.64,1367,-4.668882,-2.210211,2.210211
73.66,1332,-4.819657,-3.559811,3.559811
73.68,1356,-4.730106,-2.547609,2.547609
73.7,1346,-4.730879,-2.88501,2.88501
73.72,1345,-4.741907,-2.88501,2.88501
73.74,1344,-4.733547,-2.88501,2.88501
73.76,1367,-4.775214,-1.94029,1.94029
73.78,1366,-4.734726,-1.94029,1.94029
73.8,1333,-4.722318,-3.22241,3.22241
73.82,1355,-4.591474,-2.277691,2.277691
73.84,1356,-4.545704,-2.210211,2.210211
73.86,1347,-4.6253,-2.547609,2.547609
73.88,1347,-4.581053,-2.480129,2.480129
73.9,1336,-4.621195,-2.88501,2.88501
73.92,1359,-4.590294,-1.94029,1.94029
73.94,1358,-4.619503,-1.94029,1.94029
73.96,1350,-4.649934,-2.210211,2.210211
73.98,1341,-4.583575,-2.547609,2.547609
74,1332,-4.577596,-2.88501,2.88501
74.02,1354,-4.577291,-1.94029,1.94029
74.04,1379,-4.610789,-0.9280891,0.9280891
74.06,1368,-4.689481,-1.33297,1.33297
74.08,1361,-4.645221,-1.60289,1.60289
74.1,1384,-4.525856,-0.6581707,0.6581707
74.12,1351,-4.458778,-1.94029,1.94029
74.14,1374,-4.445788,-0.9955692,0.9955692
74.16,1375,-4.351811,-0.9280891,0.9280891
74.18,1365,-4.481239,-1.33297,1.33297
74.2,1368,-4.38707,-1.198009,1.198009
74.22,1366,-4.380172,-1.26549,1.26549
74.24,1365,-4.394264,-1.26549,1.26549
74.26,1365,-4.370168,-1.26549,1.26549
74.28,1364,-4.387794,-1.26549,1.26549
74.3,1362,-4.379919,-1.33297,1.33297
74.32,1363,-4.383103,-1.26549,1.26549
74.34,1363,-4.380196,-1.26549,1.26549
74.36,1362,-4.364047,-1.26549,1.26549
74.38,1360,-4.365935,-1.33297,1.33297
74.4,1361,-4.351273,-1.26549,1.26549
74.42,1361,-4.360145,-1.26549,1.26549
74.44,1358,-4.358953,-1.33297,1.33297
74.46,1359,-4.374507,-1.26549,1.26549
74.48,1357,-4.359663,-1.33297,1.33297
74.5,1350,-4.344193,-1.60289,1.60289
74.52,1351,-4.369807,-1.53541,1.53541
74.54,1372,-4.370543,-0.6581707,0.6581707
74.56,1372,-4.401904,-0.6581707,0.6581707
74.58,1365,-4.50058,-0.9280891,0.9280891
74.6,1356,-4.482532,-1.26549,1.26549
74.62,1374,-4.5043,-0.5232105,0.5232105
74.64,1372,-4.469305,-0.5906906,0.5906906
74.66,1365,-4.489562,-0.8606091,0.8606091
74.68,1389,-4.448246,0.08411026,-0.08411026
74.7,1378,-4.410824,-0.3207703,0.3207703
74.72,1372,-4.371987,-0.5906906,0.5906906
74.74,1363,-4.224882,-0.9280891,0.9280891
74.76,1388,-4.239612,0.08411026,-0.08411026
74.78,1378,-4.283803,-0.3207703,0.3207703
74.8,1369,-4.312641,-0.6581707,0.6581707
74.82,1394,-4.247201,0.3540297,-0.3540297
74.84,1386,-4.209549,0.01663017,-0.01663017
74.86,1388,-4.15478,0.08411026,-0.08411026
74.88,1379,-4.037562,-0.2532902,0.2532902
74.9,1403,-4.002489,0.6914301,-0.6914301
74.92,1394,-4.010394,0.3540297,-0.3540297
74.94,1388,-3.982725,0.08411026,-0.08411026
74.96,1390,-3.825455,0.1515903,-0.1515903
74.98,1413,-3.799355,1.09631,-1.09631
75,1412,-3.718606,1.02883,-1.02883
75.02,1404,-3.751374,0.6914301,-0.6914301
75.04,1404,-3.552544,0.6914301,-0.6914301
75.06,1404,-3.54054,0.6914301,-0.6914301
75.08,1405,-3.441664,0.6914301,-0.6914301
75.1,1405,-3.439019,0.6914301,-0.6914301
75.12,1409,-3.394471,0.8263903,-0.8263903
75.14,1407,-3.412954,0.7589102,-0.7589102
75.16,1408,-3.404486,0.7589102,-0.7589102
75.18,1406,-3.366824,0.6914301,-0.6914301
75.2,1407,-3.367702,0.6914301,-0.6914301
75.22,1407,-3.322665,0.6914301,-0.6914301
75.24,1407,-3.339238,0.6914301,-0.6914301
75.26,1399,-3.323191,0.3540297,-0.3540297
75.28,1397,-3.32628,0.2865496,-0.2865496
75.3,1418,-3.318511,1.09631,-1.09631
75.32,1408,-3.330298,0.6914301,-0.6914301
75.34,1425,-3.327762,1.36623,-1.36623
75.36,1434,-3.300687,1.703629,-1.703629
75.38,1443,-3.270824,2.04103,-2.04103
75.4,1451,-3.15107,2.31095,-2.31095
75.42,1462,-3.095684,2.71583,-2.71583
75.44,1469,-2.868989,2.98575,-2.98575
75.46,1480,-2.492826,3.39063,-3.39063
75.48,1491,-2.118062,3.79551,-3.79551
75.5,1499,-1.84146,4.06543,-4.06543
75.52,1518,-1.46081,4.74023,-4.74023
75.54,1528,-1.260962,5.07763,-5.07763
75.56,1513,-1.042874,4.40283,-4.40283
75.58,1532,-0.5495015,5.07763,-5.07763
75.6,1542,-0.2460792,5.41503,-5.41503
75.62,1536,0.0490347,5.07763,-5.07763
75.64,1556,0.3754633,5.81991,-5.81991
75.66,1548,0.5441974,5.41503,-5.41503
75.68,1574,0.7812681,6.35975,-6.35975
75.7,1572,1.04812,6.15731,-6.15731
75.72,1574,1.233112,6.15731,-6.15731
75.74,1573,1.426099,6.022349,-6.022349
75.76,1579,1.601893,6.15731,-6.15731
75.78,1580,1.77638,6.089829,-6.089829
75.8,1592,1.907631,6.49471,-6.49471
75.82,1591,2.075513,6.35975,-6.35975
75.84,1570,2.20458,5.41503,-5.41503
75.86,1606,2.373605,6.764629,-6.764629
75.88,1584,2.39848,5.75243,-5.75243
75.9,1584,2.494502,5.68495,-5.68495
75.92,1597,2.564968,6.089829,-6.089829
75.94,1606,2.564984,6.35975,-6.35975
75.96,1583,2.576863,5.347549,-5.347549
75.98,1587,2.620508,5.41503,-5.41503
76,1598,2.656603,5.75243,-5.75243
76.02,1608,2.661057,6.089829,-6.089829
76.04,1584,2.625909,5.01015,-5.01015
76.06,1593,2.732228,5.280069,-5.280069
76.08,1573,2.798431,4.40283,-4.40283
76.1,1582,2.749213,4.67275,-4.67275
76.12,1593,2.723022,5.07763,-5.07763
76.14,1604,2.621862,5.41503,-5.41503
76.16,1581,2.617378,4.40283,-4.40283
76.18,1591,2.617549,4.74023,-4.74023
76.2,1566,2.653652,3.66055,-3.66055
76.22,1578,2.610718,4.06543,-4.06543
76.24,1578,2.57498,3.99795,-3.99795
76.26,1588,2.442189,4.33535,-4.33535
76.28,1566,2.403695,3.39063,-3.39063
76.3,1574,2.385263,3.66055,-3.66055
76.32,1585,2.380116,4.06543,-4.06543
76.34,1568,2.268448,3.32315,-3.32315
76.36,1578,2.256005,3.66055,-3.66055
76.38,1558,2.264784,2.78331,-2.78331
76.4,1574,2.215889,3.39063,-3.39063
76.42,1550,2.271662,2.37843,-2.37843
76.44,1561,2.171396,2.78331,-2.78331
76.46,1544,2.254205,2.04103,-2.04103
76.48,1552,2.118746,2.31095,-2.31095
76.5,1537,2.090015,1.703629,-1.703629
76.52,1547,1.886347,2.04103,-2.04103
76.54,1530,1.745196,1.36623,-1.36623
76.56,1540,1.570912,1.703629,-1.703629
76.58,1549,1.558519,2.04103,-2.04103
76.6,1533,1.420445,1.36623,-1.36623
76.62,1538,1.312841,1.56867,-1.56867
76.64,1517,1.328435,0.6914301,-0.6914301
76.66,1528,1.261531,1.09631,-1.09631
76.68,1535,1.176087,1.36623,-1.36623
76.7,1518,1.014899,0.6914301,-0.6914301
76.72,1527,0.8827623,1.02883,-1.02883
76.74,1504,0.8437729,0.08411026,-0.08411026
76.76,1511,0.7958893,0.3540297,-0.3540297
76.78,1521,0.7756936,0.7589102,-0.7589102
76.8,1504,0.609195,0.08411026,-0.08411026
76.82,1505,0.5164984,0.08411026,-0.08411026
76.84,1513,0.4866424,0.4215097,-0.4215097
76.86,1496,0.3894275,-0.2532902,0.2532902
76.88,1495,0.2536581,-0.3207703,0.3207703
76.9,1505,0.1553767,0.08411026,-0.08411026
76.92,1501,0.09637957,-0.05084991,0.05084991
76.94,1481,0.04355451,-0.8606091,0.8606091
76.96,1477,0.07905948,-0.9955692,0.9955692
76.98,1487,0.01676866,-0.5906906,0.5906906
77,1487,-0.06716739,-0.5906906,0.5906906
77.02,1487,-0.2813019,-0.5906906,0.5906906
77.04,1486,-0.3265748,-0.5906906,0.5906906
77.06,1486,-0.4116896,-0.5906906,0.5906906
77.08,1482,-0.4189542,-0.7256508,0.7256508
77.1,1486,-0.4214445,-0.5906906,0.5906906
77.12,1485,-0.4009545,-0.5906906,0.5906906
77.14,1483,-0.423401,-0.6581707,0.6581707
77.16,1485,-0.4538622,-0.5906906,0.5906906
77.18,1485,-0.4429004,-0.5906906,0.5906906
77.2,1484,-0.4444669,-0.5906906,0.5906906
77.22,1482,-0.4309886,-0.6581707,0.6581707
77.24,1484,-0.4204338,-0.5906906,0.5906906
77.26,1484,-0.4282219,-0.5906906,0.5906906
77.28,1483,-0.4608466,-0.5906906,0.5906906
77.3,1483,-0.4639563,-0.5906906,0.5906906
77.32,1483,-0.4678768,-0.5906906,0.5906906
77.34,1479,-0.4531404,-0.7256508,0.7256508
77.36,1482,-0.4611443,-0.5906906,0.5906906
77.38,1482,-0.4527048,-0.5906906,0.5906906
77.4,1482,-0.4626577,-0.5906906,0.5906906
77.42,1482,-0.4537128,-0.5906906,0.5906906
77.44,1481,-0.4536428,-0.5906906,0.5906906
77.46,1478,-0.4420452,-0.7256508,0.7256508
77.48,1479,-0.4459625,-0.6581707,0.6581707
77.5,1481,-0.4306247,-0.5906906,0.5906906
77.52,1479,-0.4227794,-0.6581707,0.6581707
77.54,1480,-0.4411228,-0.5906906,0.5906906
77.56,1478,-0.4767547,-0.6581707,0.6581707
77.58,1480,-0.5368155,-0.5906906,0.5906906
77.6,1478,-0.5385051,-0.6581707,0.6581707
77.62,1477,-0.5500199,-0.6581707,0.6581707
77.64,1477,-0.5434337,-0.6581707,0.6581707
77.66,1477,-0.5243573,-0.6581707,0.6581707
77.68,1477,-0.5375165,-0.6581707,0.6581707
77.7,1478,-0.5357026,-0.5906906,0.5906906
77.72,1478,-0.5390633,-0.5906906,0.5906906
77.74,1476,-0.5393303,-0.6581707,0.6581707
77.76,1476,-0.5419582,-0.6581707,0.6581707
77.78,1477,-0.5404822,-0.5906906,0.5906906
77.8,1477,-0.5328304,-0.5906906,0.5906906
77.82,1475,-0.5417917,-0.6581707,0.6581707
77.84,1476,-0.5219176,-0.5906906,0.5906906
77.86,1474,-0.5238011,-0.6581707,0.6581707
77.88,1476,-0.5734833,-0.5906906,0.5906906
77.9,1476,-0.6023638,-0.5906906,0.5906906
77.92,1477,-0.6594132,-0.5232105,0.5232105
77.94,1475,-0.7139819,-0.5906906,0.5906906
77.96,1475,-0.7376845,-0.5906906,0.5906906
77.98,1475,-0.7405679,-0.5906906,0.5906906
78,1476,-0.7365437,-0.5232105,0.5232105
78.02,1473,-0.7213534,-0.6581707,0.6581707
78.04,1474,-0.7315904,-0.5906906,0.5906906
78.06,1472,-0.7288436,-0.6581707,0.6581707
78.08,1472,-0.732416,-0.6581707,0.6581707
78.1,1472,-0.742965,-0.6581707,0.6581707
78.12,1472,-0.7349925,-0.6581707,0.6581707
78.14,1472,-0.7403601,-0.6581707,0.6581707
78.16,1472,-0.740596,-0.5906906,0.5906906
78.18,1470,-0.7309998,-0.7256508,0.7256508
78.2,1471,-0.7308303,-0.6581707,0.6581707
78.22,1471,-0.7423573,-0.6581707,0.6581707
78.24,1472,-0.7551091,-0.5906906,0.5906906
78.26,1472,-0.7762538,-0.5906906,0.5906906
78.28,1472,-0.8273876,-0.5906906,0.5906906
78.3,1472,-0.8573009,-0.5906906,0.5906906
78.32,1471,-0.8617371,-0.5906906,0.5906906
78.34,1470,-0.8480995,-0.6581707,0.6581707
78.36,1471,-0.8637675,-0.5906906,0.5906906
78.38,1471,-0.8573446,-0.5906906,0.5906906
78.4,1469,-0.8573641,-0.6581707,0.6581707
78.42,1470,-0.8500928,-0.5906906,0.5906906
78.44,1468,-0.8410122,-0.6581707,0.6581707
78.46,1468,-0.8373454,-0.6581707,0.6581707
78.48,1469,-0.8341737,-0.5906906,0.5906906
78.5,1468,-0.832792,-0.6581707,0.6581707
78.52,1469,-0.8321787,-0.5906906,0.5906906
78.54,1469,-0.8267279,-0.5906906,0.5906906
78.56,1468,-0.8519716,-0.5906906,0.5906906
78.58,1463,-0.8721321,-0.7931309,0.7931309
78.6,1466,-0.9342266,-0.6581707,0.6581707
78.62,1466,-0.9655517,-0.6581707,0.6581707
78.64,1467,-0.9820567,-0.5906906,0.5906906
78.66,1465,-1.037202,-0.6581707,0.6581707
78.68,1467,-1.063928,-0.5906906,0.5906906
78.7,1465,-1.090362,-0.6581707,0.6581707
78.72,1466,-1.072153,-0.5906906,0.5906906
78.74,1464,-1.090345,-0.6581707,0.6581707
78.76,1466,-1.085297,-0.5906906,0.5906906
78.78,1464,-1.084039,-0.6581707,0.6581707
78.8,1464,-1.083882,-0.6581707,0.6581707
78.82,1463,-1.08755,-0.6581707,0.6581707
78.84,1465,-1.083899,-0.5906906,0.5906906
78.86,1466,-1.080508,-0.5232105,0.5232105
78.88,1464,-1.074209,-0.5906906,0.5906906
78.9,1462,-1.061173,-0.6581707,0.6581707
78.92,1462,-1.060956,-0.6581707,0.6581707
78.94,1462,-1.058173,-0.6581707,0.6581707
78.96,1462,-1.079183,-0.6581707,0.6581707
78.98,1461,-1.062459,-0.6581707,0.6581707
79,1463,-1.0649,-0.5906906,0.5906906
79.02,1463,-1.065246,-0.5906906,0.5906906
79.04,1461,-1.055841,-0.6581707,0.6581707
79.06,1460,-1.056333,-0.6581707,0.6581707
79.08,1460,-1.04128,-0.6581707,0.6581707
79.1,1460,-1.051826,-0.6581707,0.6581707
79.12,1460,-1.05024,-0.6581707,0.6581707
79.14,1461,-1.052543,-0.5906906,0.5906906
79.16,1459,-1.076497,-0.6581707,0.6581707
79.18,1459,-1.110766,-0.6581707,0.6581707
79.2,1459,-1.150617,-0.6581707,0.6581707
79.22,1458,-1.157024,-0.6581707,0.6581707
79.24,1461,-1.159292,-0.5232105,0.5232105
79.26,1458,-1.179774,-0.6581707,0.6581707
79.28,1461,-1.226736,-0.5232105,0.5232105
79.3,1457,-1.196838,-0.6581707,0.6581707
79.32,1459,-1.196652,-0.5906906,0.5906906
79.34,1457,-1.211344,-0.6581707,0.6581707
79.36,1458,-1.204428,-0.5906906,0.5906906
79.38,1458,-1.21567,-0.5906906,0.5906906
79.4,1458,-1.220437,-0.5906906,0.5906906
79.42,1456,-1.217022,-0.6581707,0.6581707
79.44,1457,-1.228867,-0.5906906,0.5906906
79.46,1455,-1.231825,-0.6581707,0.6581707
79.48,1455,-1.230483,-0.6581707,0.6581707
79.5,1457,-1.22987,-0.5906906,0.5906906
79.52,1455,-1.220265,-0.6581707,0.6581707
79.54,1456,-1.207982,-0.5906906,0.5906906
79.56,1456,-1.203001,-0.5906906,0.5906906
79.58,1454,-1.208374,-0.6581707,0.6581707
79.6,1455,-1.215696,-0.5906906,0.5906906
79.62,1453,-1.242456,-0.6581707,0.6581707
79.64,1455,-1.279489,-0.5906906,0.5906906
79.66,1455,-1.304107,-0.5906906,0.5906906
79.68,1454,-1.365609,-0.5906906,0.5906906
79.7,1454,-1.388173,-0.5906906,0.5906906
79.72,1454,-1.417468,-0.5906906,0.5906906
79.74,1452,-1.39009,-0.6581707,0.6581707
79.76,1452,-1.395915,-0.6581707,0.6581707
79.78,1453,-1.395652,-0.5906906,0.5906906
79.8,1453,-1.381299,-0.5906906,0.5906906
79.82,1453,-1.39794,-0.5906906,0.5906906
79.84,1451,-1.39144,-0.6581707,0.6581707
79.86,1451,-1.4019,-0.6581707,0.6581707
79.88,1450,-1.404882,-0.6581707,0.6581707
79.9,1450,-1.409107,-0.6581707,0.6581707
79.92,1451,-1.424756,-0.5906906,0.5906906
79.94,1449,-1.431293,-0.6581707,0.6581707
79.96,1449,-1.493257,-0.6581707,0.6581707
79.98,1449,-1.50165,-0.6581707,0.6581707
80,1450,-1.537921,-0.5906906,0.5906906
80.02,1448,-1.515499,-0.6581707,0.6581707
80.04,1448,-1.520807,-0.6581707,0.6581707
80.06,1448,-1.522882,-0.6581707,0.6581707
80.08,1449,-1.50904,-0.5906906,0.5906906
80.1,1447,-1.521814,-0.6581707,0.6581707
80.12,1447,-1.51477,-0.6581707,0.6581707
80.14,1447,-1.514898,-0.6581707,0.6581707
80.16,1448,-1.510673,-0.5906906,0.5906906
80.18,1446,-1.512688,-0.6581707,0.6581707
80.2,1446,-1.513891,-0.6581707,0.6581707
80.22,1446,-1.539849,-0.6581707,0.6581707
80.24,1446,-1.555144,-0.6581707,0.6581707
80.26,1449,-1.552545,-0.5232105,0.5232105
80.28,1445,-1.539618,-0.6581707,0.6581707
80.3,1445,-1.537462,-0.6581707,0.6581707
80.32,1446,-1.526373,-0.5906906,0.5906906
80.34,1444,-1.525015,-0.6581707,0.6581707
80.36,1446,-1.529086,-0.5906906,0.5906906
80.38,1444,-1.535514,-0.6581707,0.6581707
80.4,1447,-1.534022,-0.5232105,0.5232105
80.42,1443,-1.528748,-0.6581707,0.6581707
80.44,1445,-1.523304,-0.5906906,0.5906906
80.46,1443,-1.531055,-0.6581707,0.6581707
80.48,1446,-1.531098,-0.5232105,0.5232105
80.5,1442,-1.529889,-0.6581707,0.6581707
80.52,1444,-1.547662,-0.5906906,0.5906906
80.54,1442,-1.518773,-0.6581707,0.6581707
80.56,1443,-1.60418,-0.5906906,0.5906906
80.58,1445,-1.662641,-0.5232105,0.5232105
80.6,1443,-1.608443,-0.5906906,0.5906906
80.62,1441,-1.675323,-0.6581707,0.6581707
80.64,1442,-1.620931,-0.5906906,0.5906906
80.66,1440,-1.609846,-0.6581707,0.6581707
80.68,1440,-1.642857,-0.6581707,0.6581707
80.7,1440,-1.629146,-0.6581707,0.6581707
80.72,1440,-1.656678,-0.6581707,0.6581707
80.74,1439,-1.662274,-0.6581707,0.6581707
80.76,1441,-1.653523,-0.5906906,0.5906906
80.78,1439,-1.63774,-0.6581707,0.6581707
80.8,1440,-1.617183,-0.5906906,0.5906906
80.82,1438,-1.616738,-0.6581707,0.6581707
80.84,1440,-1.609283,-0.5906906,0.5906906
80.86,1438,-1.638638,-0.6581707,0.6581707
80.88,1438,-1.694221,-0.6581707,0.6581707
80.9,1437,-1.757117,-0.6581707,0.6581707
80.92,1439,-1.808775,-0.5906906,0.5906906
80.94,1437,-1.833358,-0.6581707,0.6581707
80.96,1438,-1.79555,-0.5906906,0.5906906
80.98,1436,-1.789505,-0.6581707,0.6581707
81,1436,-1.773462,-0.6581707,0.6581707
81.02,1436,-1.766258,-0.6581707,0.6581707
81.04,1437,-1.783771,-0.5906906,0.5906906
81.06,1435,-1.779053,-0.6581707,0.6581707
81.08,1437,-1.786853,-0.5906906,0.5906906
81.1,1435,-1.789395,-0.6581707,0.6581707
81.12,1436,-1.791384,-0.5906906,0.5906906
81.14,1436,-1.78946,-0.5906906,0.5906906
81.16,1436,-1.78209,-0.5906906,0.5906906
81.18,1434,-1.782159,-0.6581707,0.6581707
81.2,1435,-1.788461,-0.5906906,0.5906906
81.22,1433,-1.788062,-0.6581707,0.6581707
81.24,1435,-1.790639,-0.5906906,0.5906906
81.26,1433,-1.825778,-0.6581707,0.6581707
81.28,1434,-1.879541,-0.5906906,0.5906906
81.3,1434,-1.908718,-0.5906906,0.5906906
81.32,1434,-1.949218,-0.5906906,0.5906906
81.34,1432,-1.975317,-0.6581707,0.6581707
81.36,1433,-1.958743,-0.5906906,0.5906906
81.38,1431,-1.982372,-0.6581707,0.6581707
81.4,1433,-1.965387,-0.5906906,0.5906906
81.42,1431,-1.965871,-0.6581707,0.6581707
81.44,1432,-1.95973,-0.5906906,0.5906906
81.46,1432,-1.946602,-0.5906906,0.5906906
81.48,1432,-1.942866,-0.5906906,0.5906906
81.5,1430,-1.940238,-0.6581707,0.6581707
81.52,1431,-1.942968,-0.5906906,0.5906906
81.54,1429,-1.940283,-0.6581707,0.6581707
81.56,1429,-1.932929,-0.6581707,0.6581707
81.58,1429,-1.959844,-0.6581707,0.6581707
81.6,1429,-1.99174,-0.6581707,0.6581707
81.62,1430,-2.021381,-0.5906906,0.5906906
81.64,1430,-2.088053,-0.5906906,0.5906906
81.66,1428,-2.062584,-0.6581707,0.6581707
81.68,1429,-2.094403,-0.5906906,0.5906906
81.7,1427,-2.068895,-0.6581707,0.6581707
81.72,1429,-2.093237,-0.5906906,0.5906906
81.74,1427,-2.086387,-0.6581707,0.6581707
81.76,1428,-2.081635,-0.5906906,0.5906906
81.78,1426,-2.077435,-0.6581707,0.6581707
81.8,1428,-2.072904,-0.5906906,0.5906906
81.82,1426,-2.079739,-0.6581707,0.6581707
81.84,1426,-2.074912,-0.6581707,0.6581707
81.86,1425,-2.078326,-0.6581707,0.6581707
81.88,1427,-2.088298,-0.5906906,0.5906906
81.9,1425,-2.088017,-0.6581707,0.6581707
81.92,1425,-2.088978,-0.6581707,0.6581707
81.94,1424,-2.090222,-0.6581707,0.6581707
81.96,1424,-2.11533,-0.6581707,0.6581707
81.98,1424,-2.162081,-0.6581707,0.6581707
82,1425,-2.214428,-0.5906906,0.5906906
82.02,1423,-2.261809,-0.6581707,0.6581707
82.04,1425,-2.295902,-0.5906906,0.5906906
82.06,1423,-2.286878,-0.6581707,0.6581707
82.08,1423,-2.273059,-0.6581707,0.6581707
82.1,1422,-2.277237,-0.6581707,0.6581707
82.12,1425,-2.25633,-0.5232105,0.5232105
82.14,1422,-2.262376,-0.6581707,0.6581707
82.16,1423,-2.246753,-0.5906906,0.5906906
82.18,1421,-2.246096,-0.6581707,0.6581707
82.2,1423,-2.258627,-0.5906906,0.5906906
82.22,1421,-2.256995,-0.6581707,0.6581707
82.24,1421,-2.305988,-0.6581707,0.6581707
82.26,1420,-2.356973,-0.6581707,0.6581707
82.28,1420,-2.382022,-0.6581707,0.6581707
82.3,1420,-2.44123,-0.6581707,0.6581707
82.32,1421,-2.384709,-0.5906906,0.5906906
82.34,1419,-2.407593,-0.6581707,0.6581707
82.36,1421,-2.391752,-0.5906906,0.5906906
82.38,1419,-2.390469,-0.6581707,0.6581707
82.4,1420,-2.395983,-0.5906906,0.5906906
82.42,1418,-2.381959,-0.6581707,0.6581707
82.44,1418,-2.378881,-0.6581707,0.6581707
82.46,1418,-2.381365,-0.6581707,0.6581707
82.48,1419,-2.375196,-0.5906906,0.5906906
82.5,1417,-2.379075,-0.6581707,0.6581707
82.52,1419,-2.387347,-0.5906906,0.5906906
82.54,1417,-2.386935,-0.6581707,0.6581707
82.56,1418,-2.383206,-0.5906906,0.5906906
82.58,1416,-2.394383,-0.6581707,0.6581707
82.6,1419,-2.389863,-0.5232105,0.5232105
82.62,1416,-2.39863,-0.6581707,0.6581707
82.64,1419,-2.428401,-0.5232105,0.5232105
82.66,1415,-2.42703,-0.6581707,0.6581707
82.68,1415,-2.433253,-0.6581707,0.6581707
82.7,1415,-2.440085,-0.6581707,0.6581707
82.72,1415,-2.503144,-0.6581707,0.6581707
82.74,1414,-2.54345,-0.6581707,0.6581707
82.76,1414,-2.59224,-0.6581707,0.6581707
82.78,1414,-2.619969,-0.6581707,0.6581707
82.8,1414,-2.601925,-0.6581707,0.6581707
82.82,1413,-2.617746,-0.6581707,0.6581707
82.84,1415,-2.612928,-0.5906906,0.5906906
82.86,1414,-2.612185,-0.5906906,0.5906906
82.88,1414,-2.601228,-0.5906906,0.5906906
82.9,1416,-2.617965,-0.5232105,0.5232105
82.92,1410,-2.599672,-0.7256508,0.7256508
82.94,1412,-2.602241,-0.6581707,0.6581707
82.96,1412,-2.615963,-0.6581707,0.6581707
82.98,1411,-2.643566,-0.6581707,0.6581707
83,1411,-2.682841,-0.6581707,0.6581707
83.02,1411,-2.73136,-0.6581707,0.6581707
83.04,1410,-2.696544,-0.6581707,0.6581707
83.06,1410,-2.718187,-0.6581707,0.6581707
83.08,1412,-2.709917,-0.5906906,0.5906906
83.1,1410,-2.712449,-0.6581707,0.6581707
83.12,1411,-2.727296,-0.5906906,0.5906906
83.14,1409,-2.736899,-0.6581707,0.6581707
83.16,1409,-2.72404,-0.6581707,0.6581707
83.18,1409,-2.712365,-0.6581707,0.6581707
83.2,1408,-2.72793,-0.6581707,0.6581707
83.22,1408,-2.723932,-0.6581707,0.6581707
83.24,1408,-2.732123,-0.6581707,0.6581707
83.26,1408,-2.725305,-0.6581707,0.6581707
83.28,1409,-2.722059,-0.5906906,0.5906906
83.3,1407,-2.738822,-0.6581707,0.6581707
83.32,1409,-2.740953,-0.5906906,0.5906906
83.34,1408,-2.740027,-0.5906906,0.5906906
83.36,1408,-2.747401,-0.5906906,0.5906906
83.38,1406,-2.792099,-0.6581707,0.6581707
83.4,1409,-2.842908,-0.5232105,0.5232105
83.42,1406,-2.867079,-0.6581707,0.6581707
83.44,1407,-2.905355,-0.5906906,0.5906906
83.46,1407,-2.882986,-0.5906906,0.5906906
83.48,1407,-2.895016,-0.5906906,0.5906906
83.5,1405,-2.886307,-0.6581707,0.6581707
83.52,1408,-2.870884,-0.5232105,0.5232105
83.54,1404,-2.889905,-0.6581707,0.6581707
83.56,1407,-2.881458,-0.5232105,0.5232105
83.58,1404,-2.883514,-0.6581707,0.6581707
83.6,1405,-2.880007,-0.5906906,0.5906906
83.62,1403,-2.874687,-0.6581707,0.6581707
83.64,1406,-2.884205,-0.5232105,0.5232105
83.66,1403,-2.881434,-0.6581707,0.6581707
83.68,1404,-2.877684,-0.5906906,0.5906906
83.7,1402,-2.905387,-0.6581707,0.6581707
83.72,1404,-2.958259,-0.5906906,0.5906906
83.74,1403,-2.961619,-0.5906906,0.5906906
83.76,1402,-2.983541,-0.6581707,0.6581707
83.78,1403,-2.96724,-0.5906906,0.5906906
83.8,1401,-2.986111,-0.6581707,0.6581707
83.82,1401,-2.991325,-0.6581707,0.6581707
83.84,1401,-2.991345,-0.6581707,0.6581707
83.86,1402,-2.995861,-0.5906906,0.5906906
83.88,1402,-2.99502,-0.5906906,0.5906906
83.9,1400,-3.011324,-0.6581707,0.6581707
83.92,1400,-3.003469,-0.6581707,0.6581707
83.94,1399,-3.001302,-0.6581707,0.6581707
83.96,1399,-3.004,-0.6581707,0.6581707
83.98,1399,-2.984532,-0.6581707,0.6581707
84,1398,-2.996428,-0.6581707,0.6581707
84.02,1398,-3.03863,-0.6581707,0.6581707
84.04,1400,-3.106896,-0.5906906,0.5906906
84.06,1398,-3.180231,-0.6581707,0.6581707
84.08,1399,-3.220282,-0.5906906,0.5906906
84.1,1399,-3.275786,-0.5906906,0.5906906
84.12,1397,-3.2756,-0.6581707,0.6581707
84.14,1397,-3.276335,-0.6581707,0.6581707
84.16,1398,-3.262861,-0.5906906,0.5906906
84.18,1396,-3.255895,-0.6581707,0.6581707
84.2,1399,-3.264034,-0.5232105,0.5232105
84.22,1396,-3.244678,-0.6581707,0.6581707
84.24,1397,-3.271987,-0.5906906,0.5906906
84.26,1395,-3.254047,-0.6581707,0.6581707
84.28,1400,-3.255985,-0.4557304,0.4557304
84.3,1395,-3.275239,-0.6581707,0.6581707
84.32,1395,-3.266454,-0.6581707,0.6581707
84.34,1394,-3.258957,-0.6581707,0.6581707
84.36,1394,-3.317997,-0.6581707,0.6581707
84.38,1394,-3.325061,-0.6581707,0.6581707
84.4,1395,-3.446157,-0.5906906,0.5906906
84.42,1393,-3.449026,-0.6581707,0.6581707
84.44,1393,-3.414418,-0.6581707,0.6581707
84.46,1393,-3.450972,-0.6581707,0.6581707
84.48,1392,-3.404157,-0.6581707,0.6581707
84.5,1392,-3.405849,-0.6581707,0.6581707
84.52,1394,-3.427196,-0.5906906,0.5906906
84.54,1392,-3.400778,-0.6581707,0.6581707
84.56,1391,-3.406695,-0.6581707,0.6581707
84.58,1391,-3.41738,-0.6581707,0.6581707
84.6,1391,-3.401803,-0.6581707,0.6581707
84.62,1391,-3.422971,-0.6581707,0.6581707
84.64,1390,-3.415353,-0.6581707,0.6581707
84.66,1390,-3.408509,-0.6581707,0.6581707
84.68,1390,-3.458238,-0.6581707,0.6581707
84.7,1390,-3.465967,-0.6581707,0.6581707
84.72,1391,-3.47652,-0.5906906,0.5906906
84.74,1389,-3.495854,-0.6581707,0.6581707
84.76,1389,-3.477931,-0.6581707,0.6581707
84.78,1389,-3.483843,-0.6581707,0.6581707
84.8,1388,-3.464018,-0.6581707,0.6581707
84.82,1391,-3.460656,-0.5232105,0.5232105
84.84,1388,-3.458466,-0.6581707,0.6581707
84.86,1388,-3.450916,-0.6581707,0.6581707
84.88,1381,-3.464245,-0.9280891,0.9280891
84.9,1380,-3.470937,-0.9280891,0.9280891
84.92,1378,-3.465504,-0.9955692,0.9955692
84.94,1386,-3.537091,-0.6581707,0.6581707
84.96,1379,-3.591706,-0.9280891,0.9280891
84.98,1386,-3.658293,-0.6581707,0.6581707
85,1387,-3.675556,-0.5906906,0.5906906
85.02,1377,-3.706131,-0.9955692,0.9955692
85.04,1388,-3.71752,-0.5232105,0.5232105
85.06,1378,-3.718999,-0.9280891,0.9280891
85.08,1376,-3.750212,-0.9955692,0.9955692
85.1,1375,-3.725399,-0.9955692,0.9955692
85.12,1375,-3.755316,-0.9955692,0.9955692
85.14,1383,-3.773007,-0.6581707,0.6581707
85.16,1376,-3.844652,-0.9280891,0.9280891
85.18,1374,-3.859112,-0.9955692,0.9955692
85.2,1375,-3.85127,-0.9280891,0.9280891
85.22,1376,-3.893261,-0.8606091,0.8606091
85.24,1374,-3.86474,-0.9280891,0.9280891
85.26,1374,-3.885719,-0.9280891,0.9280891
85.28,1374,-3.881052,-0.9280891,0.9280891
85.3,1397,-3.873462,0.01663017,-0.01663017
85.32,1388,-3.853642,-0.3207703,0.3207703
85.34,1380,-3.863678,-0.6581707,0.6581707
85.36,1405,-3.801548,0.3540297,-0.3540297
85.38,1396,-3.804389,0.01663017,-0.01663017
85.4,1390,-3.838945,-0.2532902,0.2532902
85.42,1403,-3.77214,0.2865496,-0.2865496
85.44,1405,-3.810548,0.3540297,-0.3540297
85.46,1397,-3.888333,0.01663017,-0.01663017
85.48,1422,-3.835942,1.02883,-1.02883
85.5,1414,-3.804527,0.6914301,-0.6914301
85.52,1404,-3.743584,0.2865496,-0.2865496
85.54,1431,-3.541686,1.36623,-1.36623
85.56,1431,-3.432336,1.36623,-1.36623
85.58,1422,-3.384795,0.9613495,-0.9613495
85.6,1426,-3.222286,1.09631,-1.09631
85.62,1423,-3.076849,0.9613495,-0.9613495
85.64,1416,-2.982209,0.6914301,-0.6914301
85.66,1417,-2.850426,0.6914301,-0.6914301
85.68,1417,-2.804494,0.6914301,-0.6914301
85.7,1417,-2.801095,0.6914301,-0.6914301
85.72,1419,-2.787619,0.7589102,-0.7589102
85.74,1418,-2.787784,0.6914301,-0.6914301
85.76,1418,-2.778123,0.6914301,-0.6914301
85.78,1418,-2.785611,0.6914301,-0.6914301
85.8,1419,-2.789114,0.6914301,-0.6914301
85.82,1421,-2.787721,0.7589102,-0.7589102
85.84,1421,-2.789742,0.7589102,-0.7589102
85.86,1420,-2.791728,0.6914301,-0.6914301
85.88,1422,-2.758223,0.7589102,-0.7589102
85.9,1420,-2.738658,0.6914301,-0.6914301
85.92,1420,-2.73757,0.6914301,-0.6914301
85.94,1421,-2.747934,0.6914301,-0.6914301
85.96,1421,-2.745764,0.6914301,-0.6914301
85.98,1421,-2.749743,0.6914301,-0.6914301
86,1422,-2.754077,0.6914301,-0.6914301
86.02,1422,-2.755816,0.6914301,-0.6914301
86.04,1424,-2.764707,0.7589102,-0.7589102
86.06,1422,-2.757291,0.6914301,-0.6914301
86.08,1423,-2.75069,0.6914301,-0.6914301
86.1,1423,-2.749182,0.6914301,-0.6914301
86.12,1423,-2.749843,0.6914301,-0.6914301
86.14,1424,-2.76194,0.6914301,-0.6914301
86.16,1424,-2.753079,0.6914301,-0.6914301
86.18,1426,-2.762294,0.7589102,-0.7589102
86.2,1424,-2.768456,0.6914301,-0.6914301
86.22,1423,-2.755439,0.62395,-0.62395
86.24,1425,-2.757107,0.6914301,-0.6914301
86.26,1425,-2.767272,0.6914301,-0.6914301
86.28,1425,-2.771827,0.6914301,-0.6914301
86.3,1426,-2.783233,0.6914301,-0.6914301
86.32,1426,-2.773363,0.6914301,-0.6914301
86.34,1428,-2.763072,0.7589102,-0.7589102
86.36,1430,-2.768746,0.8263903,-0.8263903
86.38,1427,-2.78354,0.6914301,-0.6914301
86.4,1429,-2.742452,0.7589102,-0.7589102
86.42,1436,-2.707601,1.02883,-1.02883
86.44,1436,-2.662928,1.02883,-1.02883
86.46,1445,-2.627219,1.36623,-1.36623
86.48,1420,-2.60394,0.3540297,-0.3540297
86.5,1421,-2.523539,0.3540297,-0.3540297
86.52,1419,-2.417945,0.2865496,-0.2865496
86.54,1421,-2.42058,0.3540297,-0.3540297
86.56,1419,-2.393464,0.2865496,-0.2865496
86.58,1421,-2.429038,0.3540297,-0.3540297
86.6,1420,-2.410015,0.2865496,-0.2865496
86.62,1420,-2.423533,0.2865496,-0.2865496
86.64,1422,-2.415959,0.3540297,-0.3540297
86.66,1422,-2.428448,0.3540297,-0.3540297
86.68,1445,-2.4343,1.29875,-1.29875
86.7,1441,-2.432063,1.09631,-1.09631
86.72,1448,-2.430131,1.36623,-1.36623
86.74,1448,-2.358444,1.36623,-1.36623
86.76,1449,-2.293856,1.36623,-1.36623
86.78,1450,-2.190029,1.36623,-1.36623
86.8,1450,-2.134556,1.36623,-1.36623
86.82,1451,-2.077558,1.36623,-1.36623
86.84,1451,-2.04513,1.36623,-1.36623
86.86,1452,-1.951301,1.36623,-1.36623
86.88,1452,-1.912539,1.36623,-1.36623
86.9,1453,-1.838843,1.36623,-1.36623
86.92,1453,-1.806985,1.36623,-1.36623
86.94,1420,-1.74689,0.01663017,-0.01663017
86.96,1420,-1.751387,0.01663017,-0.01663017
86.98,1429,-1.847263,0.3540297,-0.3540297
87,1431,-2.016141,0.4215097,-0.4215097
87.02,1429,-2.166639,0.3540297,-0.3540297
87.04,1428,-2.242179,0.2865496,-0.2865496
87.06,1431,-2.271839,0.4215097,-0.4215097
87.08,1424,-2.264937,0.1515903,-0.1515903
87.1,1457,-2.24403,1.43371,-1.43371
87.12,1457,-2.264725,1.43371,-1.43371
87.14,1456,-2.162695,1.36623,-1.36623
87.16,1458,-2.054864,1.43371,-1.43371
87.18,1459,-1.963823,1.43371,-1.43371
87.2,1458,-1.906371,1.36623,-1.36623
87.22,1424,-1.800907,0.01663017,-0.01663017
87.24,1431,-1.725703,0.2865496,-0.2865496
87.26,1433,-1.802703,0.3540297,-0.3540297
87.28,1432,-1.895993,0.2865496,-0.2865496
87.3,1432,-2.033744,0.2865496,-0.2865496
87.32,1432,-2.094883,0.2865496,-0.2865496
87.34,1434,-2.177382,0.3540297,-0.3540297
87.36,1432,-2.21301,0.2865496,-0.2865496
87.38,1434,-2.184082,0.3540297,-0.3540297
87.4,1434,-2.160286,0.3540297,-0.3540297
87.42,1432,-2.179811,0.2865496,-0.2865496
87.44,1434,-2.170749,0.3540297,-0.3540297
87.46,1434,-2.168091,0.3540297,-0.3540297
87.48,1426,-2.177512,0.01663017,-0.01663017
87.5,1433,-2.172126,0.2865496,-0.2865496
87.52,1426,-2.179913,0.01663017,-0.01663017
87.54,1426,-2.171597,0.01663017,-0.01663017
87.56,1433,-2.172606,0.2865496,-0.2865496
87.58,1460,-2.167913,1.36623,-1.36623
87.6,1462,-2.205824,1.43371,-1.43371
87.62,1461,-2.13312,1.36623,-1.36623
87.64,1462,-1.984462,1.36623,-1.36623
87.66,1462,-1.871334,1.36623,-1.36623
87.68,1431,-1.721342,0.08411026,-0.08411026
87.7,1466,-1.657381,1.50119,-1.50119
87.72,1440,-1.670203,0.4215097,-0.4215097
87.74,1438,-1.692463,0.3540297,-0.3540297
87.76,1437,-1.655508,0.2865496,-0.2865496
87.78,1439,-1.715384,0.3540297,-0.3540297
87.8,1439,-1.702243,0.3540297,-0.3540297
87.82,1437,-1.701203,0.2865496,-0.2865496
87.84,1437,-1.726912,0.2865496,-0.2865496
87.86,1439,-1.712668,0.3540297,-0.3540297
87.88,1439,-1.729435,0.3540297,-0.3540297
87.9,1438,-1.723866,0.2865496,-0.2865496
87.92,1438,-1.730605,0.2865496,-0.2865496
87.94,1438,-1.734872,0.2865496,-0.2865496
87.96,1440,-1.713983,0.3540297,-0.3540297
87.98,1440,-1.719077,0.3540297,-0.3540297
88,1438,-1.71127,0.2865496,-0.2865496
88.02,1438,-1.710019,0.2865496,-0.2865496
88.04,1440,-1.702916,0.3540297,-0.3540297
88.06,1440,-1.698083,0.3540297,-0.3540297
88.08,1441,-1.706396,0.3540297,-0.3540297
88.1,1439,-1.700724,0.2865496,-0.2865496
88.12,1439,-1.705028,0.2865496,-0.2865496
88.14,1439,-1.707471,0.2865496,-0.2865496
88.16,1439,-1.703731,0.2865496,-0.2865496
88.18,1439,-1.711884,0.2865496,-0.2865496
88.2,1440,-1.708955,0.2865496,-0.2865496
88.22,1441,-1.711753,0.3540297,-0.3540297
88.24,1443,-1.714679,0.4215097,-0.4215097
88.26,1443,-1.710736,0.4215097,-0.4215097
88.28,1442,-1.699913,0.3540297,-0.3540297
88.3,1444,-1.706782,0.4215097,-0.4215097
88.32,1440,-1.703435,0.2865496,-0.2865496
88.34,1442,-1.690984,0.3540297,-0.3540297
88.36,1441,-1.694488,0.2865496,-0.2865496
88.38,1443,-1.686523,0.3540297,-0.3540297
88.4,1443,-1.687907,0.3540297,-0.3540297
88.42,1441,-1.686022,0.2865496,-0.2865496
88.44,1445,-1.682823,0.4215097,-0.4215097
88.46,1443,-1.680113,0.3540297,-0.3540297
88.48,1442,-1.683453,0.2865496,-0.2865496
88.5,1443,-1.689879,0.3540297,-0.3540297
88.52,1443,-1.693093,0.3540297,-0.3540297
88.54,1444,-1.702982,0.3540297,-0.3540297
88.56,1444,-1.707757,0.3540297,-0.3540297
88.58,1444,-1.710323,0.3540297,-0.3540297
88.6,1446,-1.707992,0.4215097,-0.4215097
88.62,1444,-1.694926,0.3540297,-0.3540297
88.64,1443,-1.694429,0.2865496,-0.2865496
88.66,1443,-1.689727,0.2865496,-0.2865496
88.68,1443,-1.703518,0.2865496,-0.2865496
88.7,1443,-1.693399,0.2865496,-0.2865496
88.72,1443,-1.703858,0.2865496,-0.2865496
88.74,1445,-1.705688,0.3540297,-0.3540297
88.76,1445,-1.716224,0.3540297,-0.3540297
88.78,1444,-1.717046,0.2865496,-0.2865496
88.8,1445,-1.719577,0.3540297,-0.3540297
88.82,1444,-1.727452,0.2865496,-0.2865496
88.84,1444,-1.723554,0.2865496,-0.2865496
88.86,1447,-1.716246,0.4215097,-0.4215097
88.88,1444,-1.714362,0.2865496,-0.2865496
88.9,1446,-1.717697,0.3540297,-0.3540297
88.92,1444,-1.716931,0.2865496,-0.2865496
88.94,1445,-1.716566,0.2865496,-0.2865496
88.96,1445,-1.715209,0.2865496,-0.2865496
88.98,1446,-1.718849,0.3540297,-0.3540297
89,1447,-1.717804,0.3540297,-0.3540297
89.02,1445,-1.724735,0.2865496,-0.2865496
89.04,1447,-1.721527,0.3540297,-0.3540297
89.06,1447,-1.703226,0.3540297,-0.3540297
89.08,1447,-1.701422,0.3540297,-0.3540297
89.1,1447,-1.698546,0.3540297,-0.3540297
89.12,1447,-1.69302,0.3540297,-0.3540297
89.14,1448,-1.694556,0.3540297,-0.3540297
89.16,1448,-1.687861,0.3540297,-0.3540297
89.18,1448,-1.681592,0.3540297,-0.3540297
89.2,1448,-1.676919,0.3540297,-0.3540297
89.22,1446,-1.690012,0.2865496,-0.2865496
89.24,1448,-1.695738,0.3540297,-0.3540297
89.26,1448,-1.702058,0.3540297,-0.3540297
89.28,1450,-1.706448,0.4215097,-0.4215097
89.3,1447,-1.706643,0.2865496,-0.2865496
89.32,1447,-1.707536,0.2865496,-0.2865496
89.34,1451,-1.70261,0.4215097,-0.4215097
89.36,1447,-1.703826,0.2865496,-0.2865496
89.38,1449,-1.707224,0.3540297,-0.3540297
89.4,1449,-1.711142,0.3540297,-0.3540297
89.42,1450,-1.710963,0.3540297,-0.3540297
89.44,1451,-1.717391,0.4215097,-0.4215097
89.46,1451,-1.704945,0.4215097,-0.4215097
89.48,1450,-1.70111,0.3540297,-0.3540297
89.5,1448,-1.707543,0.2865496,-0.2865496
89.52,1449,-1.706674,0.2865496,-0.2865496
89.54,1450,-1.706497,0.3540297,-0.3540297
89.56,1452,-1.703608,0.4215097,-0.4215097
89.58,1451,-1.702889,0.3540297,-0.3540297
89.6,1451,-1.692764,0.3540297,-0.3540297
89.62,1449,-1.678169,0.2865496,-0.2865496
89.64,1451,-1.685672,0.3540297,-0.3540297
89.66,1451,-1.692176,0.3540297,-0.3540297
89.68,1450,-1.698807,0.2865496,-0.2865496
89.7,1450,-1.699174,0.2865496,-0.2865496
89.72,1450,-1.692285,0.2865496,-0.2865496
89.74,1452,-1.691852,0.3540297,-0.3540297
89.76,1450,-1.684941,0.2865496,-0.2865496
89.78,1452,-1.690897,0.3540297,-0.3540297
89.8,1452,-1.692204,0.3540297,-0.3540297
89.82,1451,-1.690276,0.2865496,-0.2865496
89.84,1451,-1.694257,0.2865496,-0.2865496
89.86,1454,-1.695209,0.4215097,-0.4215097
89.88,1453,-1.698864,0.3540297,-0.3540297
89.9,1451,-1.69975,0.2865496,-0.2865496
89.92,1451,-1.696527,0.2865496,-0.2865496
89.94,1453,-1.707643,0.3540297,-0.3540297
89.96,1451,-1.71214,0.2865496,-0.2865496
89.98,1453,-1.714774,0.3540297,-0.3540297
90,1453,-1.727258,0.3540297,-0.3540297
90.02,1454,-1.708645,0.3540297,-0.3540297
90.04,1455,-1.730017,0.4215097,-0.4215097
90.06,1454,-1.729151,0.3540297,-0.3540297
90.08,1454,-1.732336,0.3540297,-0.3540297
90.1,1454,-1.732207,0.3540297,-0.3540297
90.12,1456,-1.711102,0.4215097,-0.4215097
90.14,1454,-1.715631,0.3540297,-0.3540297
90.16,1453,-1.722248,0.2865496,-0.2865496
90.18,1456,-1.711661,0.4215097,-0.4215097
90.2,1455,-1.721631,0.3540297,-0.3540297
90.22,1453,-1.718682,0.2865496,-0.2865496
90.24,1455,-1.713073,0.3540297,-0.3540297
90.26,1455,-1.72167,0.3540297,-0.3540297
90.28,1455,-1.711721,0.3540297,-0.3540297
90.3,1456,-1.706954,0.3540297,-0.3540297
90.32,1456,-1.714189,0.3540297,-0.3540297
90.34,1458,-1.702047,0.4215097,-0.4215097
90.36,1458,-1.702354,0.4215097,-0.4215097
90.38,1456,-1.700033,0.3540297,-0.3540297
90.4,1455,-1.69463,0.2865496,-0.2865496
90.42,1456,-1.69924,0.3540297,-0.3540297
90.44,1458,-1.699029,0.4215097,-0.4215097
90.46,1458,-1.690499,0.4215097,-0.4215097
90.48,1457,-1.684714,0.3540297,-0.3540297
90.5,1459,-1.681836,0.4215097,-0.4215097
90.52,1457,-1.680232,0.3540297,-0.3540297
90.54,1457,-1.688126,0.3540297,-0.3540297
90.56,1457,-1.691725,0.3540297,-0.3540297
90.58,1458,-1.696559,0.3540297,-0.3540297
90.6,1458,-1.700755,0.3540297,-0.3540297
90.62,1460,-1.699524,0.4215097,-0.4215097
90.64,1458,-1.703875,0.3540297,-0.3540297
90.66,1458,-1.696739,0.3540297,-0.3540297
90.68,1457,-1.676919,0.2865496,-0.2865496
90.7,1459,-1.688942,0.3540297,-0.3540297
90.72,1460,-1.685479,0.4215097,-0.4215097
90.74,1457,-1.688034,0.2865496,-0.2865496
90.76,1464,-1.699774,0.5564699,-0.5564699
90.78,1457,-1.662117,0.2865496,-0.2865496
90.8,1459,-1.634956,0.3540297,-0.3540297
90.82,1459,-1.570149,0.3540297,-0.3540297
90.84,1460,-1.601127,0.3540297,-0.3540297
90.86,1458,-1.578204,0.2865496,-0.2865496
90.88,1461,-1.603376,0.4215097,-0.4215097
90.9,1460,-1.572836,0.3540297,-0.3540297
90.92,1460,-1.566159,0.3540297,-0.3540297
90.94,1459,-1.549946,0.2865496,-0.2865496
90.96,1459,-1.56283,0.2865496,-0.2865496
90.98,1459,-1.556491,0.2865496,-0.2865496
91,1461,-1.543795,0.3540297,-0.3540297
91.02,1461,-1.543937,0.3540297,-0.3540297
91.04,1461,-1.536956,0.3540297,-0.3540297
91.06,1461,-1.534975,0.3540297,-0.3540297
91.08,1461,-1.537538,0.3540297,-0.3540297
91.1,1460,-1.534586,0.2865496,-0.2865496
91.12,1460,-1.539428,0.2865496,-0.2865496
91.14,1462,-1.536209,0.3540297,-0.3540297
91.16,1463,-1.535462,0.4215097,-0.4215097
91.18,1464,-1.522587,0.4215097,-0.4215097
91.2,1464,-1.528805,0.4215097,-0.4215097
91.22,1460,-1.514043,0.2865496,-0.2865496
91.24,1462,-1.503278,0.3540297,-0.3540297
91.26,1461,-1.505793,0.2865496,-0.2865496
91.28,1461,-1.510795,0.2865496,-0.2865496
91.3,1463,-1.515639,0.3540297,-0.3540297
91.32,1463,-1.511935,0.3540297,-0.3540297
91.34,1461,-1.521223,0.2865496,-0.2865496
91.36,1463,-1.519511,0.3540297,-0.3540297
91.38,1463,-1.517152,0.3540297,-0.3540297
91.4,1462,-1.515978,0.2865496,-0.2865496
91.42,1465,-1.506514,0.4215097,-0.4215097
91.44,1465,-1.49737,0.4215097,-0.4215097
91.46,1465,-1.480306,0.4215097,-0.4215097
91.48,1462,-1.479905,0.2865496,-0.2865496
91.5,1464,-1.482053,0.3540297,-0.3540297
91.52,1464,-1.477043,0.3540297,-0.3540297
91.54,1463,-1.474991,0.2865496,-0.2865496
91.56,1464,-1.480094,0.3540297,-0.3540297
91.58,1463,-1.47802,0.2865496,-0.2865496
91.6,1465,-1.489798,0.3540297,-0.3540297
91.62,1465,-1.487075,0.3540297,-0.3540297
91.64,1463,-1.481138,0.2865496,-0.2865496
91.66,1465,-1.489583,0.3540297,-0.3540297
91.68,1465,-1.495092,0.3540297,-0.3540297
91.7,1465,-1.497821,0.3540297,-0.3540297
91.72,1464,-1.496536,0.2865496,-0.2865496
91.74,1464,-1.500722,0.2865496,-0.2865496
91.76,1466,-1.500044,0.3540297,-0.3540297
91.78,1466,-1.499614,0.3540297,-0.3540297
91.8,1464,-1.501791,0.2865496,-0.2865496
91.82,1466,-1.500007,0.3540297,-0.3540297
91.84,1465,-1.501601,0.2865496,-0.2865496
91.86,1463,-1.498716,0.2190704,-0.2190704
91.88,1465,-1.50394,0.2865496,-0.2865496
91.9,1468,-1.503239,0.4215097,-0.4215097
91.92,1467,-1.505685,0.3540297,-0.3540297
91.94,1465,-1.507174,0.2865496,-0.2865496
91.96,1465,-1.505569,0.2865496,-0.2865496
91.98,1467,-1.508431,0.3540297,-0.3540297
92,1466,-1.508464,0.2865496,-0.2865496
92.02,1467,-1.508225,0.3540297,-0.3540297
92.04,1468,-1.501034,0.3540297,-0.3540297
92.06,1468,-1.509896,0.3540297,-0.3540297
92.08,1468,-1.516632,0.3540297,-0.3540297
92.1,1468,-1.51937,0.3540297,-0.3540297
92.12,1466,-1.516942,0.2865496,-0.2865496
92.14,1467,-1.533339,0.2865496,-0.2865496
92.16,1468,-1.512374,0.3540297,-0.3540297
92.18,1467,-1.459035,0.2865496,-0.2865496
92.2,1469,-1.426134,0.3540297,-0.3540297
92.22,1470,-1.402919,0.4215097,-0.4215097
92.24,1467,-1.40334,0.2865496,-0.2865496
92.26,1469,-1.414566,0.3540297,-0.3540297
92.28,1468,-1.383703,0.2865496,-0.2865496
92.3,1468,-1.398935,0.2865496,-0.2865496
92.32,1468,-1.389757,0.2865496,-0.2865496
92.34,1470,-1.38103,0.3540297,-0.3540297
92.36,1468,-1.367296,0.2865496,-0.2865496
92.38,1471,-1.352184,0.4215097,-0.4215097
92.4,1468,-1.343612,0.2865496,-0.2865496
92.42,1468,-1.324866,0.2865496,-0.2865496
92.44,1470,-1.321641,0.3540297,-0.3540297
92.46,1470,-1.343691,0.3540297,-0.3540297
92.48,1470,-1.34198,0.3540297,-0.3540297
92.5,1471,-1.340533,0.3540297,-0.3540297
92.52,1471,-1.335202,0.3540297,-0.3540297
92.54,1471,-1.342497,0.3540297,-0.3540297
92.56,1469,-1.339751,0.2865496,-0.2865496
92.58,1471,-1.339229,0.3540297,-0.3540297
92.6,1471,-1.345571,0.3540297,-0.3540297
92.62,1472,-1.341911,0.4215097,-0.4215097
92.64,1472,-1.33645,0.3540297,-0.3540297
92.66,1472,-1.325771,0.4215097,-0.4215097
92.68,1470,-1.316118,0.2865496,-0.2865496
92.7,1470,-1.29804,0.2865496,-0.2865496
92.72,1472,-1.281577,0.3540297,-0.3540297
92.74,1471,-1.299405,0.2865496,-0.2865496
92.76,1473,-1.318511,0.4215097,-0.4215097
92.78,1472,-1.312653,0.3540297,-0.3540297
92.8,1471,-1.311099,0.2865496,-0.2865496
92.82,1471,-1.292627,0.2865496,-0.2865496
92.84,1474,-1.263213,0.4215097,-0.4215097
92.86,1472,-1.283996,0.3540297,-0.3540297
92.88,1472,-1.241688,0.3540297,-0.3540297
92.9,1472,-1.21947,0.3540297,-0.3540297
92.92,1472,-1.216415,0.2865496,-0.2865496
92.94,1473,-1.19804,0.3540297,-0.3540297
92.96,1474,-1.205332,0.4215097,-0.4215097
92.98,1475,-1.200581,0.4215097,-0.4215097
93,1472,-1.21505,0.2865496,-0.2865496
93.02,1475,-1.208447,0.4215097,-0.4215097
93.04,1472,-1.218458,0.2865496,-0.2865496
93.06,1474,-1.220361,0.3540297,-0.3540297
93.08,1472,-1.216614,0.2865496,-0.2865496
93.1,1474,-1.209622,0.3540297,-0.3540297
93.12,1476,-1.21244,0.4215097,-0.4215097
93.14,1474,-1.208164,0.3540297,-0.3540297
93.16,1474,-1.210258,0.3540297,-0.3540297
93.18,1474,-1.211122,0.3540297,-0.3540297
93.2,1475,-1.204531,0.3540297,-0.3540297
93.22,1473,-1.20255,0.2865496,-0.2865496
93.24,1473,-1.195974,0.2865496,-0.2865496
93.26,1473,-1.189834,0.2865496,-0.2865496
93.28,1473,-1.190275,0.2865496,-0.2865496
93.3,1473,-1.201558,0.2865496,-0.2865496
93.32,1475,-1.214941,0.3540297,-0.3540297
93.34,1475,-1.21897,0.3540297,-0.3540297
93.36,1474,-1.222405,0.2865496,-0.2865496
93.38,1476,-1.215625,0.3540297,-0.3540297
93.4,1474,-1.213684,0.2865496,-0.2865496
93.42,1476,-1.222298,0.3540297,-0.3540297
93.44,1476,-1.220191,0.3540297,-0.3540297
93.46,1476,-1.225256,0.3540297,-0.3540297
93.48,1476,-1.218228,0.3540297,-0.3540297
93.5,1476,-1.231331,0.3540297,-0.3540297
93.52,1477,-1.22771,0.3540297,-0.3540297
93.54,1475,-1.231883,0.2865496,-0.2865496
93.56,1475,-1.234618,0.2865496,-0.2865496
93.58,1475,-1.23135,0.2865496,-0.2865496
93.6,1475,-1.217169,0.2865496,-0.2865496
93.62,1476,-1.22945,0.2865496,-0.2865496
93.64,1477,-1.234486,0.3540297,-0.3540297
93.66,1477,-1.232762,0.3540297,-0.3540297
93.68,1479,-1.23167,0.4215097,-0.4215097
93.7,1479,-1.228029,0.4215097,-0.4215097
93.72,1478,-1.231089,0.3540297,-0.3540297
93.74,1478,-1.224297,0.3540297,-0.3540297
93.76,1478,-1.225252,0.3540297,-0.3540297
93.78,1478,-1.221718,0.3540297,-0.3540297
93.8,1477,-1.221676,0.2865496,-0.2865496
93.82,1479,-1.221104,0.3540297,-0.3540297
93.84,1479,-1.223776,0.3540297,-0.3540297
93.86,1479,-1.215745,0.3540297,-0.3540297
93.88,1479,-1.218456,0.3540297,-0.3540297
93.9,1479,-1.220165,0.3540297,-0.3540297
93.92,1479,-1.227539,0.3540297,-0.3540297
93.94,1478,-1.227914,0.2865496,-0.2865496
93.96,1480,-1.225725,0.3540297,-0.3540297
93.98,1480,-1.235672,0.3540297,-0.3540297
94,1480,-1.239656,0.3540297,-0.3540297
94.02,1480,-1.243385,0.3540297,-0.3540297
94.04,1480,-1.25007,0.3540297,-0.3540297
94.06,1482,-1.255476,0.4215097,-0.4215097
94.08,1479,-1.263047,0.2865496,-0.2865496
94.1,1481,-1.221691,0.3540297,-0.3540297
94.12,1481,-1.058946,0.3540297,-0.3540297
94.14,1481,-1.065921,0.3540297,-0.3540297
94.16,1481,-0.9879752,0.3540297,-0.3540297
94.18,1481,-1.002098,0.3540297,-0.3540297
94.2,1481,-1.009758,0.3540297,-0.3540297
94.22,1483,-1.003238,0.4215097,-0.4215097
94.24,1482,-1.02158,0.3540297,-0.3540297
94.26,1480,-1.017135,0.2865496,-0.2865496
94.28,1480,-1.001877,0.2865496,-0.2865496
94.3,1482,-0.9961812,0.3540297,-0.3540297
94.32,1482,-0.9611022,0.3540297,-0.3540297
94.34,1482,-0.9755469,0.3540297,-0.3540297
94.36,1482,-0.9664332,0.3540297,-0.3540297
94.38,1483,-0.9770262,0.3540297,-0.3540297
94.4,1484,-0.9727299,0.4215097,-0.4215097
94.42,1479,-0.9733061,0.2190704,-0.2190704
94.44,1481,-0.975399,0.2865496,-0.2865496
94.46,1483,-0.9305711,0.3540297,-0.3540297
94.48,1481,-0.9627995,0.2865496,-0.2865496
94.5,1483,-0.9459872,0.3540297,-0.3540297
94.52,1482,-0.9536174,0.2865496,-0.2865496
94.54,1484,-0.952629,0.3540297,-0.3540297
94.56,1482,-0.9413247,0.2865496,-0.2865496
94.58,1484,-0.9521574,0.3540297,-0.3540297
94.6,1482,-0.9346978,0.2865496,-0.2865496
94.62,1482,-0.9476739,0.2865496,-0.2865496
94.64,1484,-0.9436521,0.3540297,-0.3540297
94.66,1484,-0.9365317,0.3540297,-0.3540297
94.68,1486,-0.9415351,0.4215097,-0.4215097
94.7,1483,-0.927321,0.2865496,-0.2865496
94.72,1486,-0.9303216,0.4215097,-0.4215097
94.74,1483,-0.9223783,0.2865496,-0.2865496
94.76,1487,-0.9360455,0.4215097,-0.4215097
94.78,1485,-0.9192511,0.3540297,-0.3540297
94.8,1485,-0.9224727,0.3540297,-0.3540297
94.82,1485,-0.9206896,0.3540297,-0.3540297
94.84,1486,-0.9231051,0.3540297,-0.3540297
94.86,1487,-0.9166605,0.4215097,-0.4215097
94.88,1488,-0.919679,0.4215097,-0.4215097
94.9,1484,-0.9251444,0.2865496,-0.2865496
94.92,1488,-0.9168841,0.4215097,-0.4215097
94.94,1488,-0.920944,0.4215097,-0.4215097
94.96,1487,-0.9244027,0.3540297,-0.3540297
94.98,1487,-0.9247677,0.3540297,-0.3540297
95,1489,-0.9212282,0.4215097,-0.4215097
95.02,1487,-0.9258777,0.3540297,-0.3540297
95.04,1487,-0.92845,0.3540297,-0.3540297
95.06,1489,-0.9302232,0.4215097,-0.4215097
95.08,1487,-0.928126,0.3540297,-0.3540297
95.1,1488,-0.9258013,0.3540297,-0.3540297
95.12,1486,-0.9253911,0.2865496,-0.2865496
95.14,1486,-0.9253529,0.2865496,-0.2865496
95.16,1486,-0.9189041,0.2865496,-0.2865496
95.18,1490,-0.9158216,0.4215097,-0.4215097
95.2,1488,-0.91474,0.3540297,-0.3540297
95.22,1488,-0.9113535,0.3540297,-0.3540297
95.24,1487,-0.9071049,0.2865496,-0.2865496
95.26,1490,-0.9028302,0.4215097,-0.4215097
95.28,1490,-0.900262,0.4215097,-0.4215097
95.3,1487,-0.8961926,0.2865496,-0.2865496
95.32,1491,-0.899956,0.4215097,-0.4215097
95.34,1488,-0.8950114,0.2865496,-0.2865496
95.36,1491,-0.9017599,0.4215097,-0.4215097
95.38,1488,-0.9013208,0.2865496,-0.2865496
95.4,1491,-0.9014803,0.4215097,-0.4215097
95.42,1488,-0.9107152,0.2865496,-0.2865496
95.44,1487,-0.9038322,0.2190704,-0.2190704
95.46,1490,-0.9208246,0.3540297,-0.3540297
95.48,1490,-0.8922608,0.3540297,-0.3540297
95.5,1490,-0.8420653,0.3540297,-0.3540297
95.52,1489,-0.7887575,0.2865496,-0.2865496
95.54,1489,-0.7206713,0.2865496,-0.2865496
95.56,1489,-0.7111669,0.2865496,-0.2865496
95.58,1489,-0.6694945,0.2865496,-0.2865496
95.6,1489,-0.6687543,0.2865496,-0.2865496
95.62,1491,-0.6436293,0.3540297,-0.3540297
95.64,1491,-0.6418885,0.3540297,-0.3540297
95.66,1491,-0.6479346,0.3540297,-0.3540297
95.68,1491,-0.6597422,0.3540297,-0.3540297
95.7,1490,-0.6662534,0.2865496,-0.2865496
95.72,1490,-0.6716555,0.2865496,-0.2865496
95.74,1492,-0.6709051,0.3540297,-0.3540297
95.76,1494,-0.6781679,0.4215097,-0.4215097
95.78,1492,-0.6786708,0.3540297,-0.3540297
95.8,1492,-0.6636007,0.3540297,-0.3540297
95.82,1492,-0.6552137,0.3540297,-0.3540297
95.84,1493,-0.644294,0.3540297,-0.3540297
95.86,1491,-0.6102005,0.2865496,-0.2865496
95.88,1493,-0.5829519,0.3540297,-0.3540297
95.9,1495,-0.5935292,0.4215097,-0.4215097
95.92,1493,-0.5874861,0.3540297,-0.3540297
95.94,1492,-0.5753548,0.2865496,-0.2865496
95.96,1492,-0.6052493,0.2865496,-0.2865496
95.98,1495,-0.5929802,0.4215097,-0.4215097
96,1494,-0.5931081,0.3540297,-0.3540297
96.02,1494,-0.6230069,0.3540297,-0.3540297
96.04,1492,-0.6079901,0.2865496,-0.2865496
96.06,1492,-0.6012247,0.2865496,-0.2865496
96.08,1494,-0.6242102,0.3540297,-0.3540297
96.1,1493,-0.616945,0.2865496,-0.2865496
96.12,1494,-0.623279,0.3540297,-0.3540297
96.14,1493,-0.6287879,0.2865496,-0.2865496
96.16,1496,-0.6158448,0.4215097,-0.4215097
96.18,1493,-0.6230156,0.2865496,-0.2865496
96.2,1495,-0.6087949,0.3540297,-0.3540297
96.22,1493,-0.6016909,0.2865496,-0.2865496
96.24,1494,-0.6047086,0.2865496,-0.2865496
96.26,1494,-0.6105668,0.2865496,-0.2865496
96.28,1494,-0.6111783,0.2865496,-0.2865496
96.3,1494,-0.6262271,0.2865496,-0.2865496
96.32,1497,-0.619477,0.4215097,-0.4215097
96.34,1494,-0.6251126,0.2865496,-0.2865496
96.36,1494,-0.6104041,0.2865496,-0.2865496
96.38,1498,-0.6055151,0.4215097,-0.4215097
96.4,1496,-0.6014941,0.3540297,-0.3540297
96.42,1496,-0.5994667,0.3540297,-0.3540297
96.44,1495,-0.5272845,0.2865496,-0.2865496
96.46,1497,-0.5044219,0.3540297,-0.3540297
96.48,1497,-0.4783591,0.3540297,-0.3540297
96.5,1497,-0.4490795,0.3540297,-0.3540297
96.52,1495,-0.437203,0.2865496,-0.2865496
96.54,1497,-0.4376943,0.3540297,-0.3540297
96.56,1499,-0.4248906,0.4215097,-0.4215097
96.58,1496,-0.4352759,0.2865496,-0.2865496
96.6,1498,-0.4312346,0.3540297,-0.3540297
96.62,1498,-0.4284342,0.3540297,-0.3540297
96.64,1498,-0.4338781,0.3540297,-0.3540297
96.66,1498,-0.4298104,0.3540297,-0.3540297
96.68,1498,-0.4348816,0.3540297,-0.3540297
96.7,1498,-0.4403124,0.3540297,-0.3540297
96.72,1498,-0.4357277,0.3540297,-0.3540297
96.74,1500,-0.4354087,0.4215097,-0.4215097
96.76,1497,-0.4430312,0.2865496,-0.2865496
96.78,1499,-0.4404856,0.3540297,-0.3540297
96.8,1499,-0.4488048,0.3540297,-0.3540297
96.82,1497,-0.4484181,0.2865496,-0.2865496
96.84,1498,-0.4434958,0.2865496,-0.2865496
96.86,1501,-0.4476004,0.4215097,-0.4215097
96.88,1500,-0.448263,0.3540297,-0.3540297
96.9,1498,-0.4302955,0.2865496,-0.2865496
96.92,1498,-0.4281152,0.2865496,-0.2865496
96.94,1500,-0.424196,0.3540297,-0.3540297
96.96,1500,-0.4186602,0.3540297,-0.3540297
96.98,1499,-0.4119405,0.2865496,-0.2865496
97,1499,-0.4077013,0.2865496,-0.2865496
97.02,1499,-0.4182275,0.2865496,-0.2865496
97.04,1501,-0.4241355,0.3540297,-0.3540297
97.06,1501,-0.4245139,0.3540297,-0.3540297
97.08,1501,-0.4264421,0.3540297,-0.3540297
97.1,1499,-0.4373614,0.2865496,-0.2865496
97.12,1499,-0.4270659,0.2865496,-0.2865496
97.14,1501,-0.3734192,0.3540297,-0.3540297
97.16,1500,-0.3256786,0.2865496,-0.2865496
97.18,1501,-0.3107527,0.3540297,-0.3540297
97.2,1500,-0.273623,0.2865496,-0.2865496
97.22,1500,-0.2854044,0.2865496,-0.2865496
97.24,1502,-0.2834208,0.3540297,-0.3540297
97.26,1502,-0.2906575,0.3540297,-0.3540297
97.28,1502,-0.2862721,0.3540297,-0.3540297
97.3,1501,-0.2894359,0.2865496,-0.2865496
97.32,1504,-0.2893432,0.4215097,-0.4215097
97.34,1501,-0.2890668,0.2865496,-0.2865496
97.36,1504,-0.2897709,0.4215097,-0.4215097
97.38,1503,-0.2812972,0.3540297,-0.3540297
97.4,1503,-0.2879392,0.3540297,-0.3540297
97.42,1503,-0.2881193,0.3540297,-0.3540297
97.44,1502,-0.2885811,0.2865496,-0.2865496
97.46,1503,-0.295067,0.3540297,-0.3540297
97.48,1502,-0.2894205,0.2865496,-0.2865496
97.5,1502,-0.2995878,0.2865496,-0.2865496
97.52,1504,-0.2999633,0.3540297,-0.3540297
97.54,1504,-0.3005415,0.3540297,-0.3540297
97.56,1502,-0.3042753,0.2865496,-0.2865496
97.58,1504,-0.2976397,0.3540297,-0.3540297
97.6,1504,-0.2926804,0.3540297,-0.3540297
97.62,1504,-0.3042634,0.3540297,-0.3540297
97.64,1506,-0.2985437,0.4215097,-0.4215097
97.66,1505,-0.3138511,0.3540297,-0.3540297
97.68,1503,-0.3012342,0.2865496,-0.2865496
97.7,1505,-0.2840498,0.3540297,-0.3540297
97.72,1507,-0.2859563,0.4215097,-0.4215097
97.74,1505,-0.2603076,0.3540297,-0.3540297
97.76,1504,-0.2543366,0.2865496,-0.2865496
97.78,1506,-0.2187349,0.3540297,-0.3540297
97.8,1504,-0.20745,0.2865496,-0.2865496
97.82,1508,-0.2086466,0.4215097,-0.4215097
97.84,1508,-0.2033744,0.4215097,-0.4215097
97.86,1506,-0.2170504,0.3540297,-0.3540297
97.88,1505,-0.2112963,0.2865496,-0.2865496
97.9,1506,-0.2161615,0.3540297,-0.3540297
97.92,1505,-0.2170099,0.2865496,-0.2865496
97.94,1507,-0.2095265,0.3540297,-0.3540297
97.96,1507,-0.2119221,0.3540297,-0.3540297
97.98,1505,-0.2187348,0.2865496,-0.2865496
98,1507,-0.2115508,0.3540297,-0.3540297
98.02,1507,-0.2145815,0.3540297,-0.3540297
98.04,1506,-0.2146886,0.2865496,-0.2865496
98.06,1507,-0.2098516,0.3540297,-0.3540297
98.08,1509,-0.2140848,0.4215097,-0.4215097
98.1,1508,-0.216251,0.3540297,-0.3540297
98.12,1508,-0.2111093,0.3540297,-0.3540297
98.14,1508,-0.2210565,0.3540297,-0.3540297
98.16,1508,-0.2118403,0.3540297,-0.3540297
98.18,1508,-0.1948288,0.3540297,-0.3540297
98.2,1508,-0.1920296,0.3540297,-0.3540297
98.22,1509,-0.2252048,0.3540297,-0.3540297
98.24,1509,-0.1977782,0.3540297,-0.3540297
98.26,1509,-0.185548,0.3540297,-0.3540297
98.28,1507,-0.2142355,0.2865496,-0.2865496
98.3,1509,-0.1908197,0.3540297,-0.3540297
98.32,1509,-0.1870804,0.3540297,-0.3540297
98.34,1509,-0.2154722,0.3540297,-0.3540297
98.36,1510,-0.2002124,0.3540297,-0.3540297
98.38,1508,-0.1965532,0.2865496,-0.2865496
98.4,1508,-0.2125661,0.2865496,-0.2865496
98.42,1508,-0.1914206,0.2865496,-0.2865496
98.44,1510,-0.2012913,0.3540297,-0.3540297
98.46,1509,-0.2088977,0.2865496,-0.2865496
98.48,1510,-0.1885913,0.3540297,-0.3540297
98.5,1510,-0.1960418,0.3540297,-0.3540297
98.52,1509,-0.190908,0.2865496,-0.2865496
98.54,1509,-0.1847829,0.2865496,-0.2865496
98.56,1509,-0.07944588,0.2865496,-0.2865496
98.58,1513,-0.115023,0.4215097,-0.4215097
98.6,1511,-0.07377317,0.3540297,-0.3540297
98.62,1510,-0.1115633,0.2865496,-0.2865496
98.64,1520,-0.1018678,0.6914301,-0.6914301
98.66,1520,-0.1109288,0.6914301,-0.6914301
98.68,1520,-0.02120154,0.6914301,-0.6914301
98.7,1522,0.05718787,0.7589102,-0.7589102
98.72,1521,0.1272895,0.6914301,-0.6914301
98.74,1521,0.17793,0.6914301,-0.6914301
98.76,1521,0.2667201,0.6914301,-0.6914301
98.78,1522,0.2955185,0.6914301,-0.6914301
98.8,1522,0.3657932,0.6914301,-0.6914301
98.82,1522,0.3484359,0.6914301,-0.6914301
98.84,1523,0.3829446,0.6914301,-0.6914301
98.86,1523,0.3682988,0.6914301,-0.6914301
98.88,1523,0.3543478,0.6914301,-0.6914301
98.9,1523,0.3582005,0.6914301,-0.6914301
98.92,1524,0.3557092,0.6914301,-0.6914301
98.94,1524,0.3567254,0.6914301,-0.6914301
98.96,1524,0.3417492,0.6914301,-0.6914301
98.98,1524,0.3490483,0.6914301,-0.6914301
99,1523,0.3459198,0.62395,-0.62395
99.02,1525,0.3394693,0.6914301,-0.6914301
99.04,1525,0.3414682,0.6914301,-0.6914301
99.06,1526,0.3411763,0.6914301,-0.6914301
99.08,1526,0.3427546,0.6914301,-0.6914301
99.1,1526,0.3462994,0.6914301,-0.6914301
99.12,1526,0.3482215,0.6914301,-0.6914301
99.14,1527,0.3633506,0.6914301,-0.6914301
99.16,1527,0.3579527,0.6914301,-0.6914301
99.18,1527,0.3616481,0.6914301,-0.6914301
99.2,1527,0.3549367,0.6914301,-0.6914301
99.22,1529,0.3496835,0.7589102,-0.7589102
99.24,1530,0.356319,0.7589102,-0.7589102
99.26,1527,0.3572014,0.62395,-0.62395
99.28,1530,0.3543668,0.7589102,-0.7589102
99.3,1527,0.3631307,0.62395,-0.62395
99.32,1529,0.3590792,0.6914301,-0.6914301
99.34,1529,0.3575292,0.6914301,-0.6914301
99.36,1530,0.4024006,0.6914301,-0.6914301
99.38,1530,0.4475031,0.6914301,-0.6914301
99.4,1530,0.4976095,0.6914301,-0.6914301
99.42,1532,0.525595,0.7589102,-0.7589102
99.44,1531,0.5662639,0.6914301,-0.6914301
99.46,1531,0.6114014,0.6914301,-0.6914301
99.48,1531,0.6265882,0.6914301,-0.6914301
99.5,1532,0.6092148,0.6914301,-0.6914301
99.52,1532,0.6220452,0.6914301,-0.6914301
99.54,1534,0.6167802,0.7589102,-0.7589102
99.56,1531,0.6195741,0.62395,-0.62395
99.58,1533,0.6177196,0.6914301,-0.6914301
99.6,1535,0.6176959,0.7589102,-0.7589102
99.62,1533,0.6124959,0.6914301,-0.6914301
99.64,1534,0.6154664,0.6914301,-0.6914301
99.66,1534,0.6061639,0.6914301,-0.6914301
99.68,1534,0.6083978,0.6914301,-0.6914301
99.7,1534,0.6070209,0.6914301,-0.6914301
99.72,1535,0.6022704,0.6914301,-0.6914301
99.74,1535,0.6043887,0.6914301,-0.6914301
99.76,1535,0.607595,0.6914301,-0.6914301
99.78,1512,0.5871097,-0.2532902,0.2532902
99.8,1546,0.5972874,1.09631,-1.09631
99.82,1544,0.5503012,1.02883,-1.02883
99.84,1545,0.6611494,1.02883,-1.02883
99.86,1545,0.7704202,1.02883,-1.02883
99.88,1544,0.9083281,0.9613495,-0.9613495
99.9,1546,0.931865,1.02883,-1.02883
99.92,1545,1.011964,0.9613495,-0.9613495
99.94,1547,1.030146,1.02883,-1.02883
99.96,1545,1.024873,0.9613495,-0.9613495
99.98,1548,1.024021,1.02883,-1.02883
100,1548,1.022893,1.02883,-1.02883
100.02,1548,1.022514,1.02883,-1.02883
100.04,1549,1.020582,1.02883,-1.02883
100.06,1547,1.028085,0.9613495,-0.9613495
100.08,1548,1.026576,0.9613495,-0.9613495
100.1,1548,1.020509,0.9613495,-0.9613495
100.12,1550,1.01637,1.02883,-1.02883
100.14,1549,1.018984,0.9613495,-0.9613495
100.16,1551,1.02105,1.02883,-1.02883
100.18,1552,1.007773,1.02883,-1.02883
100.2,1552,1.003321,1.02883,-1.02883
100.22,1551,1.014771,0.9613495,-0.9613495
100.24,1553,1.061101,1.02883,-1.02883
100.26,1553,1.096378,1.02883,-1.02883
100.28,1552,1.112495,0.9613495,-0.9613495
100.3,1554,1.154084,1.02883,-1.02883
100.32,1554,1.165449,1.02883,-1.02883
100.34,1555,1.159106,1.02883,-1.02883
100.36,1553,1.145658,0.9613495,-0.9613495
100.38,1554,1.13986,0.9613495,-0.9613495
100.4,1558,1.146077,1.09631,-1.09631
100.42,1555,1.132815,0.9613495,-0.9613495
100.44,1555,1.130571,0.9613495,-0.9613495
100.46,1557,1.129076,1.02883,-1.02883
100.48,1558,1.122513,1.02883,-1.02883
100.5,1558,1.116489,1.02883,-1.02883
100.52,1558,1.117467,1.02883,-1.02883
100.54,1557,1.125557,0.9613495,-0.9613495
100.56,1561,1.124265,1.09631,-1.09631
100.58,1560,1.117913,1.02883,-1.02883
100.6,1558,1.119638,0.9613495,-0.9613495
100.62,1559,1.19623,0.9613495,-0.9613495
100.64,1561,1.251056,1.02883,-1.02883
100.66,1563,1.355586,1.09631,-1.09631
100.68,1562,1.430179,1.02883,-1.02883
100.7,1564,1.492781,1.09631,-1.09631
100.72,1562,1.539612,1.02883,-1.02883
100.74,1561,1.56618,0.9613495,-0.9613495
100.76,1565,1.571767,1.09631,-1.09631
100.78,1562,1.615228,0.9613495,-0.9613495
100.8,1564,1.636587,1.02883,-1.02883
100.82,1563,1.646853,0.9613495,-0.9613495
100.84,1565,1.629807,1.02883,-1.02883
100.86,1567,1.617191,1.09631,-1.09631
100.88,1566,1.612835,1.02883,-1.02883
100.9,1568,1.622842,1.09631,-1.09631
100.92,1565,1.621392,0.9613495,-0.9613495
100.94,1569,1.688087,1.09631,-1.09631
100.96,1566,1.703844,0.9613495,-0.9613495
100.98,1568,1.708683,1.02883,-1.02883
101,1570,1.691663,1.09631,-1.09631
101.02,1567,1.695153,0.9613495,-0.9613495
101.04,1567,1.693227,0.9613495,-0.9613495
101.06,1569,1.696247,1.02883,-1.02883
101.08,1570,1.690293,1.02883,-1.02883
101.1,1569,1.699736,0.9613495,-0.9613495
101.12,1569,1.712206,0.9613495,-0.9613495
101.14,1569,1.706537,0.9613495,-0.9613495
101.16,1571,1.700513,1.02883,-1.02883
101.18,1572,1.697861,1.02883,-1.02883
101.2,1572,1.697943,1.02883,-1.02883
101.22,1571,1.686821,0.9613495,-0.9613495
101.24,1571,1.687254,0.9613495,-0.9613495
101.26,1573,1.732908,1.02883,-1.02883
101.28,1572,1.755472,0.9613495,-0.9613495
101.3,1574,1.76166,1.02883,-1.02883
101.32,1575,1.75066,1.02883,-1.02883
101.34,1575,1.753309,1.02883,-1.02883
101.36,1575,1.748153,1.02883,-1.02883
101.38,1574,1.805522,0.9613495,-0.9613495
101.4,1578,1.843303,1.09631,-1.09631
101.42,1578,1.891352,1.09631,-1.09631
101.44,1577,1.920116,1.02883,-1.02883
101.46,1578,1.920622,1.02883,-1.02883
101.48,1578,1.905134,1.02883,-1.02883
101.5,1578,1.916065,1.02883,-1.02883
101.52,1577,1.913907,0.9613495,-0.9613495
101.54,1577,1.916462,0.9613495,-0.9613495
101.56,1580,1.921475,1.02883,-1.02883
101.58,1580,1.92012,1.02883,-1.02883
101.6,1582,1.927347,1.09631,-1.09631
101.62,1582,1.941243,1.09631,-1.09631
101.64,1581,2.001435,1.02883,-1.02883
101.66,1583,2.03219,1.09631,-1.09631
101.68,1582,2.119554,1.02883,-1.02883
101.7,1583,2.13383,1.02883,-1.02883
101.72,1585,2.160097,1.09631,-1.09631
101.74,1583,2.174495,1.02883,-1.02883
101.76,1582,2.206933,0.9613495,-0.9613495
101.78,1586,2.217756,1.09631,-1.09631
101.8,1585,2.28862,1.02883,-1.02883
101.82,1585,2.271029,1.02883,-1.02883
101.84,1587,2.290243,1.09631,-1.09631
101.86,1586,2.278947,1.02883,-1.02883
101.88,1561,2.272664,0.01663017,-0.01663017
101.9,1561,2.277205,0.01663017,-0.01663017
101.92,1561,2.278487,0.01663017,-0.01663017
101.94,1563,2.159607,0.08411026,-0.08411026
101.96,1563,2.111466,0.08411026,-0.08411026
101.98,1570,2.01679,0.3540297,-0.3540297
102,1571,1.968899,0.4215097,-0.4215097
102.02,1568,1.903641,0.2865496,-0.2865496
102.04,1578,1.919175,0.6914301,-0.6914301
102.06,1579,1.896457,0.6914301,-0.6914301
102.08,1555,1.89581,-0.2532902,0.2532902
102.1,1554,1.91999,-0.3207703,0.3207703
102.12,1562,1.919789,0.01663017,-0.01663017
102.14,1562,1.869709,0.01663017,-0.01663017
102.16,1562,1.795061,0.01663017,-0.01663017
102.18,1564,1.772319,0.08411026,-0.08411026
102.2,1538,1.759835,-0.9280891,0.9280891
102.22,1570,1.763144,0.3540297,-0.3540297
102.24,1572,1.737619,0.4215097,-0.4215097
102.26,1569,1.640164,0.2865496,-0.2865496
102.28,1554,1.675771,-0.3207703,0.3207703
102.3,1555,1.652854,-0.2532902,0.2532902
102.32,1555,1.688506,-0.2532902,0.2532902
102.34,1555,1.655492,-0.2532902,0.2532902
102.36,1553,1.676466,-0.3207703,0.3207703
102.38,1562,1.659758,0.01663017,-0.01663017
102.4,1563,1.653829,0.08411026,-0.08411026
102.42,1562,1.667301,0.01663017,-0.01663017
102.44,1563,1.664195,0.08411026,-0.08411026
102.46,1538,1.678612,-0.9280891,0.9280891
102.48,1538,1.66968,-0.9280891,0.9280891
102.5,1546,1.675529,-0.5906906,0.5906906
102.52,1546,1.557811,-0.5906906,0.5906906
102.54,1545,1.477425,-0.5906906,0.5906906
102.56,1552,1.407693,-0.3207703,0.3207703
102.58,1553,1.403739,-0.2532902,0.2532902
102.6,1560,1.395141,0.01663017,-0.01663017
102.62,1560,1.401596,0.01663017,-0.01663017
102.64,1560,1.395853,0.01663017,-0.01663017
102.66,1536,1.420851,-0.9280891,0.9280891
102.68,1534,1.427671,-0.9955692,0.9955692
102.7,1546,1.432063,-0.5232105,0.5232105
102.72,1542,1.392711,-0.6581707,0.6581707
102.74,1542,1.290318,-0.6581707,0.6581707
102.76,1542,1.223372,-0.6581707,0.6581707
102.78,1541,1.197423,-0.6581707,0.6581707
102.8,1541,1.210202,-0.6581707,0.6581707
102.82,1519,1.200328,-1.53541,1.53541
102.84,1551,1.222957,-0.2532902,0.2532902
102.86,1550,1.221134,-0.2532902,0.2532902
102.88,1548,1.132678,-0.3207703,0.3207703
102.9,1550,1.014637,-0.2532902,0.2532902
102.92,1548,1.142664,-0.3207703,0.3207703
102.94,1548,1.059562,-0.3207703,0.3207703
102.96,1548,1.030167,-0.3207703,0.3207703
102.98,1548,1.156149,-0.3207703,0.3207703
103,1548,1.084751,-0.3207703,0.3207703
103.02,1549,1.125583,-0.2532902,0.2532902
103.04,1549,1.163797,-0.2532902,0.2532902
103.06,1547,1.093273,-0.3207703,0.3207703
103.08,1547,1.125664,-0.3207703,0.3207703
103.1,1549,1.155493,-0.2532902,0.2532902
103.12,1547,1.103982,-0.3207703,0.3207703
103.14,1547,1.142087,-0.3207703,0.3207703
103.16,1547,1.165019,-0.3207703,0.3207703
103.18,1547,1.137094,-0.3207703,0.3207703
103.2,1547,1.157204,-0.3207703,0.3207703
103.22,1548,1.159561,-0.2532902,0.2532902
103.24,1546,1.1361,-0.3207703,0.3207703
103.26,1546,1.154671,-0.3207703,0.3207703
103.28,1546,1.14603,-0.3207703,0.3207703
103.3,1548,1.138493,-0.2532902,0.2532902
103.32,1546,1.136498,-0.3207703,0.3207703
103.34,1546,1.134148,-0.3207703,0.3207703
103.36,1546,1.123831,-0.3207703,0.3207703
103.38,1547,1.135328,-0.2532902,0.2532902
103.4,1545,1.136436,-0.3207703,0.3207703
103.42,1547,1.140472,-0.2532902,0.2532902
103.44,1547,1.1473,-0.2532902,0.2532902
103.46,1545,1.147115,-0.3207703,0.3207703
103.48,1545,1.15016,-0.3207703,0.3207703
103.5,1545,1.155528,-0.3207703,0.3207703
103.52,1546,1.161767,-0.2532902,0.2532902
103.54,1545,1.164594,-0.3207703,0.3207703
103.56,1544,1.164799,-0.3207703,0.3207703
103.58,1544,1.163636,-0.3207703,0.3207703
103.6,1542,1.159002,-0.3882504,0.3882504
103.62,1546,1.171082,-0.2532902,0.2532902
103.64,1546,1.169297,-0.2532902,0.2532902
103.66,1545,1.166328,-0.2532902,0.2532902
103.68,1544,1.169075,-0.3207703,0.3207703
103.7,1545,1.173762,-0.2532902,0.2532902
103.72,1543,1.174133,-0.3207703,0.3207703
103.74,1542,1.178415,-0.3882504,0.3882504
103.76,1545,1.166067,-0.2532902,0.2532902
103.78,1543,1.165393,-0.3207703,0.3207703
103.8,1543,1.169923,-0.3207703,0.3207703
103.82,1543,1.164725,-0.3207703,0.3207703
103.84,1541,1.160691,-0.3882504,0.3882504
103.86,1541,1.162803,-0.3882504,0.3882504
103.88,1546,1.16376,-0.1858101,0.1858101
103.9,1542,1.144964,-0.3207703,0.3207703
103.92,1544,1.160134,-0.2532902,0.2532902
103.94,1540,1.1564,-0.3882504,0.3882504
103.96,1544,1.157057,-0.2532902,0.2532902
103.98,1543,1.159083,-0.2532902,0.2532902
104,1543,1.157122,-0.2532902,0.2532902
104.02,1542,1.164491,-0.3207703,0.3207703
104.04,1541,1.167439,-0.3207703,0.3207703
104.06,1541,1.166251,-0.3207703,0.3207703
104.08,1543,1.161554,-0.2532902,0.2532902
104.1,1543,1.169072,-0.2532902,0.2532902
104.12,1543,1.174024,-0.2532902,0.2532902
104.14,1543,1.175053,-0.2532902,0.2532902
104.16,1541,1.179143,-0.3207703,0.3207703
104.18,1542,1.176875,-0.2532902,0.2532902
104.2,1542,1.166022,-0.2532902,0.2532902
104.22,1540,1.175528,-0.3207703,0.3207703
104.24,1540,1.160294,-0.3207703,0.3207703
104.26,1540,1.160463,-0.3207703,0.3207703
104.28,1540,1.159496,-0.3207703,0.3207703
104.3,1538,1.154909,-0.3882504,0.3882504
104.32,1540,1.162563,-0.3207703,0.3207703
104.34,1541,1.15695,-0.2532902,0.2532902
104.36,1540,1.171304,-0.3207703,0.3207703
104.38,1541,1.168499,-0.2532902,0.2532902
104.4,1541,1.157301,-0.2532902,0.2532902
104.42,1539,1.170627,-0.3207703,0.3207703
104.44,1539,1.164537,-0.3207703,0.3207703
104.46,1539,1.165692,-0.3207703,0.3207703
104.48,1541,1.165377,-0.2532902,0.2532902
104.5,1539,1.161721,-0.3207703,0.3207703
104.52,1539,1.155242,-0.3207703,0.3207703
104.54,1537,1.151005,-0.3882504,0.3882504
104.56,1540,1.153694,-0.2532902,0.2532902
104.58,1537,1.141146,-0.3882504,0.3882504
104.6,1538,1.152202,-0.3207703,0.3207703
104.62,1538,1.14403,-0.3207703,0.3207703
104.64,1538,1.142036,-0.3207703,0.3207703
104.66,1538,1.152288,-0.3207703,0.3207703
104.68,1539,1.156821,-0.2532902,0.2532902
104.7,1537,1.143955,-0.3207703,0.3207703
104.72,1539,1.137844,-0.2532902,0.2532902
104.74,1536,1.148084,-0.3882504,0.3882504
104.76,1537,1.142919,-0.3207703,0.3207703
104.78,1539,1.137808,-0.2532902,0.2532902
104.8,1535,1.145332,-0.3882504,0.3882504
104.82,1537,1.144765,-0.3207703,0.3207703
104.84,1538,1.14826,-0.2532902,0.2532902
104.86,1538,1.152909,-0.2532902,0.2532902
104.88,1536,1.152021,-0.3207703,0.3207703
104.9,1536,1.151867,-0.3207703,0.3207703
104.92,1536,1.154081,-0.3207703,0.3207703
104.94,1536,1.149836,-0.3207703,0.3207703
104.96,1538,1.146159,-0.2532902,0.2532902
104.98,1537,1.149341,-0.2532902,0.2532902
105,1537,1.153622,-0.2532902,0.2532902
105.02,1537,1.136483,-0.2532902,0.2532902
105.04,1535,1.136824,-0.3207703,0.3207703
105.06,1537,1.138951,-0.2532902,0.2532902
105.08,1535,1.132857,-0.3207703,0.3207703
105.1,1535,1.137158,-0.3207703,0.3207703
105.12,1535,1.139308,-0.3207703,0.3207703
105.14,1537,1.149248,-0.2532902,0.2532902
105.16,1535,1.151844,-0.3207703,0.3207703
105.18,1536,1.154284,-0.2532902,0.2532902
105.2,1535,1.156587,-0.3207703,0.3207703
105.22,1534,1.154533,-0.3207703,0.3207703
105.24,1534,1.158748,-0.3207703,0.3207703
105.26,1536,1.144262,-0.2532902,0.2532902
105.28,1536,1.117059,-0.2532902,0.2532902
105.3,1536,1.072385,-0.2532902,0.2532902
105.32,1534,1.039575,-0.3207703,0.3207703
105.34,1535,0.9792731,-0.2532902,0.2532902
105.36,1534,1.000475,-0.3207703,0.3207703
105.38,1532,0.9775931,-0.3882504,0.3882504
105.4,1533,0.9864361,-0.3207703,0.3207703
105.42,1533,0.9937891,-0.3207703,0.3207703
105.44,1535,0.9931825,-0.2532902,0.2532902
105.46,1531,0.9938527,-0.3882504,0.3882504
105.48,1531,0.9957903,-0.3882504,0.3882504
105.5,1534,1.001665,-0.2532902,0.2532902
105.52,1534,0.9911827,-0.2532902,0.2532902
105.54,1531,0.9931368,-0.3882504,0.3882504
105.56,1532,0.9855052,-0.3207703,0.3207703
105.58,1534,0.989917,-0.2532902,0.2532902
105.6,1530,0.9906523,-0.3882504,0.3882504
105.62,1534,1.001237,-0.2532902,0.2532902
105.64,1532,0.9942886,-0.3207703,0.3207703
105.66,1532,0.9976681,-0.3207703,0.3207703
105.68,1532,1.001235,-0.3207703,0.3207703
105.7,1531,1.00569,-0.3207703,0.3207703
105.72,1533,1.009824,-0.2532902,0.2532902
105.74,1531,1.003182,-0.3207703,0.3207703
105.76,1531,0.9967557,-0.3207703,0.3207703
105.78,1529,0.9951648,-0.3882504,0.3882504
105.8,1532,1.002231,-0.2532902,0.2532902
105.82,1532,1.00703,-0.2532902,0.2532902
105.84,1531,0.9783855,-0.3207703,0.3207703
105.86,1532,0.9741399,-0.2532902,0.2532902
105.88,1529,0.9305639,-0.3882504,0.3882504
105.9,1530,0.8979005,-0.3207703,0.3207703
105.92,1532,0.9105259,-0.2532902,0.2532902
105.94,1532,0.8994232,-0.2532902,0.2532902
105.96,1530,0.9073075,-0.3207703,0.3207703
105.98,1530,0.9124908,-0.3207703,0.3207703
106,1530,0.909543,-0.3207703,0.3207703
106.02,1531,0.9082701,-0.2532902,0.2532902
106.04,1531,0.9190933,-0.2532902,0.2532902
106.06,1528,0.9063658,-0.3882504,0.3882504
106.08,1531,0.8973011,-0.2532902,0.2532902
106.1,1529,0.9000769,-0.3207703,0.3207703
106.12,1529,0.8961583,-0.3207703,0.3207703
106.14,1529,0.9039484,-0.3207703,0.3207703
106.16,1530,0.9101956,-0.2532902,0.2532902
106.18,1527,0.9066601,-0.3882504,0.3882504
106.2,1528,0.910007,-0.3207703,0.3207703
106.22,1530,0.9114435,-0.2532902,0.2532902
106.24,1530,0.9141288,-0.2532902,0.2532902
106.26,1528,0.9165221,-0.3207703,0.3207703
106.28,1528,0.9135394,-0.3207703,0.3207703
106.3,1528,0.9163884,-0.3207703,0.3207703
106.32,1529,0.9051589,-0.2532902,0.2532902
106.34,1526,0.8959619,-0.3882504,0.3882504
106.36,1527,0.9040307,-0.3207703,0.3207703
106.38,1529,0.9087402,-0.2532902,0.2532902
106.4,1527,0.908421,-0.3207703,0.3207703
106.42,1529,0.9088288,-0.2532902,0.2532902
106.44,1525,0.9207887,-0.3882504,0.3882504
106.46,1527,0.9195012,-0.3207703,0.3207703
106.48,1528,0.9152731,-0.2532902,0.2532902
106.5,1527,0.9122836,-0.3207703,0.3207703
106.52,1526,0.9040133,-0.3207703,0.3207703
106.54,1528,0.8380929,-0.2532902,0.2532902
106.56,1528,0.8173451,-0.2532902,0.2532902
106.58,1526,0.7948202,-0.3207703,0.3207703
106.6,1524,0.7969155,-0.3882504,0.3882504
106.62,1528,0.7957633,-0.2532902,0.2532902
106.64,1527,0.7948496,-0.2532902,0.2532902
106.66,1526,0.7946615,-0.3207703,0.3207703
106.68,1527,0.8114731,-0.2532902,0.2532902
106.7,1525,0.8060808,-0.3207703,0.3207703
106.72,1525,0.8153713,-0.3207703,0.3207703
106.74,1525,0.8098115,-0.3207703,0.3207703
106.76,1525,0.7966871,-0.3207703,0.3207703
106.78,1527,0.7963594,-0.2532902,0.2532902
106.8,1526,0.794183,-0.2532902,0.2532902
106.82,1525,0.7886497,-0.3207703,0.3207703
106.84,1526,0.7938501,-0.2532902,0.2532902
106.86,1523,0.7953905,-0.3882504,0.3882504
106.88,1523,0.7901785,-0.3882504,0.3882504
106.9,1526,0.7948716,-0.2532902,0.2532902
106.92,1526,0.7992837,-0.2532902,0.2532902
106.94,1524,0.7925185,-0.3207703,0.3207703
106.96,1525,0.7935091,-0.2532902,0.2532902
106.98,1524,0.7934872,-0.3207703,0.3207703
107,1524,0.7900792,-0.3207703,0.3207703
107.02,1525,0.7932709,-0.2532902,0.2532902
107.04,1523,0.7903475,-0.3207703,0.3207703
107.06,1523,0.7850003,-0.3207703,0.3207703
107.08,1523,0.7833335,-0.3207703,0.3207703
107.1,1523,0.7802611,-0.3207703,0.3207703
107.12,1523,0.7881137,-0.3207703,0.3207703
107.14,1524,0.7879902,-0.2532902,0.2532902
107.16,1523,0.7793702,-0.3207703,0.3207703
107.18,1522,0.784248,-0.3207703,0.3207703
107.2,1524,0.7804613,-0.2532902,0.2532902
107.22,1522,0.7752824,-0.3207703,0.3207703
107.24,1524,0.7716498,-0.2532902,0.2532902
107.26,1524,0.7796711,-0.2532902,0.2532902
107.28,1524,0.7802859,-0.2532902,0.2532902
107.3,1523,0.7896622,-0.2532902,0.2532902
107.32,1520,0.7892805,-0.3882504,0.3882504
107.34,1525,0.7918476,-0.1858101,0.1858101
107.36,1520,0.792083,-0.3882504,0.3882504
107.38,1523,0.7303535,-0.2532902,0.2532902
107.4,1521,0.7591798,-0.3207703,0.3207703
107.42,1523,0.7399641,-0.2532902,0.2532902
107.44,1521,0.7659584,-0.3207703,0.3207703
107.46,1521,0.7547446,-0.3207703,0.3207703
107.48,1521,0.7476277,-0.3207703,0.3207703
107.5,1521,0.7526971,-0.3207703,0.3207703
107.52,1520,0.7539475,-0.3207703,0.3207703
107.54,1520,0.7577488,-0.3207703,0.3207703
107.56,1519,0.7545128,-0.3882504,0.3882504
107.58,1518,0.7505977,-0.3882504,0.3882504
107.6,1520,0.7603493,-0.3207703,0.3207703
107.62,1520,0.7491856,-0.3207703,0.3207703
107.64,1521,0.7551047,-0.2532902,0.2532902
107.66,1520,0.7462359,-0.3207703,0.3207703
107.68,1519,0.7418324,-0.3207703,0.3207703
107.7,1518,0.7504106,-0.3882504,0.3882504
107.72,1521,0.7337253,-0.2532902,0.2532902
107.74,1521,0.7407307,-0.2532902,0.2532902
107.76,1519,0.7444246,-0.3207703,0.3207703
107.78,1517,0.7422668,-0.3882504,0.3882504
107.8,1519,0.742045,-0.3207703,0.3207703
107.82,1517,0.7218476,-0.3882504,0.3882504
107.84,1517,0.7084349,-0.3882504,0.3882504
107.86,1520,0.6741201,-0.2532902,0.2532902
107.88,1518,0.624664,-0.3207703,0.3207703
107.9,1518,0.6052615,-0.3207703,0.3207703
107.92,1518,0.6107758,-0.3207703,0.3207703
107.94,1519,0.6030199,-0.2532902,0.2532902
107.96,1519,0.6068159,-0.2532902,0.2532902
107.98,1516,0.6060345,-0.3882504,0.3882504
108,1519,0.6104559,-0.2532902,0.2532902
108.02,1517,0.6042089,-0.3207703,0.3207703
108.04,1519,0.6074804,-0.2532902,0.2532902
108.06,1517,0.6091042,-0.3207703,0.3207703
108.08,1517,0.5989226,-0.3207703,0.3207703
108.1,1518,0.6011974,-0.2532902,0.2532902
108.12,1518,0.5903878,-0.2532902,0.2532902
108.14,1517,0.5845477,-0.3207703,0.3207703
108.16,1518,0.5852749,-0.2532902,0.2532902
108.18,1516,0.5859258,-0.3207703,0.3207703
108.2,1518,0.5969558,-0.2532902,0.2532902
108.22,1516,0.5932713,-0.3207703,0.3207703
108.24,1518,0.5969637,-0.2532902,0.2532902
108.26,1518,0.5928856,-0.2532902,0.2532902
108.28,1516,0.5920715,-0.3207703,0.3207703
108.3,1514,0.5958619,-0.3882504,0.3882504
108.32,1517,0.5957726,-0.2532902,0.2532902
108.34,1519,0.6022531,-0.1858101,0.1858101
108.36,1517,0.551662,-0.2532902,0.2532902
108.38,1517,0.5220275,-0.2532902,0.2532902
108.4,1517,0.4941958,-0.2532902,0.2532902
108.42,1517,0.5114911,-0.2532902,0.2532902
108.44,1515,0.5079431,-0.3207703,0.3207703
108.46,1515,0.515174,-0.3207703,0.3207703
108.48,1515,0.5272576,-0.3207703,0.3207703
108.5,1515,0.5215749,-0.3207703,0.3207703
108.52,1514,0.5187427,-0.3207703,0.3207703
108.54,1514,0.4954074,-0.3207703,0.3207703
108.56,1516,0.4957677,-0.2532902,0.2532902
108.58,1512,0.5048006,-0.3882504,0.3882504
108.6,1514,0.4989596,-0.3207703,0.3207703
108.62,1514,0.4985476,-0.3207703,0.3207703
108.64,1515,0.5099149,-0.2532902,0.2532902
108.66,1515,0.5188588,-0.2532902,0.2532902
108.68,1515,0.5202595,-0.2532902,0.2532902
108.7,1513,0.5105006,-0.3207703,0.3207703
108.72,1517,0.517053,-0.1858101,0.1858101
108.74,1515,0.5131029,-0.2532902,0.2532902
108.76,1513,0.5101627,-0.3207703,0.3207703
108.78,1513,0.5090621,-0.3207703,0.3207703
108.8,1513,0.508698,-0.3207703,0.3207703
108.82,1514,0.5088198,-0.2532902,0.2532902
108.84,1514,0.5187209,-0.2532902,0.2532902
108.86,1512,0.5190398,-0.3207703,0.3207703
108.88,1514,0.5226085,-0.2532902,0.2532902
108.9,1514,0.5265806,-0.2532902,0.2532902
108.92,1514,0.5356412,-0.2532902,0.2532902
108.94,1514,0.5341835,-0.2532902,0.2532902
108.96,1514,0.5287539,-0.2532902,0.2532902
108.98,1510,0.5317343,-0.3882504,0.3882504
109,1512,0.5322467,-0.3207703,0.3207703
109.02,1512,0.5305246,-0.3207703,0.3207703
109.04,1513,0.5001167,-0.2532902,0.2532902
109.06,1510,0.4768609,-0.3882504,0.3882504
109.08,1511,0.4135851,-0.3207703,0.3207703
109.1,1511,0.4156536,-0.3207703,0.3207703
109.12,1513,0.3506851,-0.2532902,0.2532902
109.14,1511,0.3153323,-0.3207703,0.3207703
109.16,1511,0.265201,-0.3207703,0.3207703
109.18,1511,0.3006808,-0.3207703,0.3207703
109.2,1512,0.281486,-0.2532902,0.2532902
109.22,1512,0.3064035,-0.2532902,0.2532902
109.24,1512,0.311521,-0.2532902,0.2532902
109.26,1510,0.3171046,-0.3207703,0.3207703
109.28,1512,0.3187212,-0.2532902,0.2532902
109.3,1510,0.3200518,-0.3207703,0.3207703
109.32,1510,0.3071597,-0.3207703,0.3207703
109.34,1510,0.3122293,-0.3207703,0.3207703
109.36,1511,0.3072495,-0.2532902,0.2532902
109.38,1509,0.307242,-0.3207703,0.3207703
109.4,1509,0.3082536,-0.3207703,0.3207703
109.42,1511,0.3072211,-0.2532902,0.2532902
109.44,1511,0.3084278,-0.2532902,0.2532902
109.46,1511,0.3022743,-0.2532902,0.2532902
109.48,1510,0.3103313,-0.2532902,0.2532902
109.5,1509,0.3174621,-0.3207703,0.3207703
109.52,1509,0.3191634,-0.3207703,0.3207703
109.54,1510,0.3221827,-0.2532902,0.2532902
109.56,1510,0.3243408,-0.2532902,0.2532902
109.58,1510,0.3233456,-0.2532902,0.2532902
109.6,1510,0.3218415,-0.2532902,0.2532902
109.62,1511,0.3243513,-0.1858101,0.1858101
109.64,1508,0.3286236,-0.3207703,0.3207703
109.66,1508,0.3231354,-0.3207703,0.3207703
109.68,1508,0.3281815,-0.3207703,0.3207703
109.7,1509,0.3313176,-0.2532902,0.2532902
109.72,1507,0.3129117,-0.3207703,0.3207703
109.74,1507,0.3198046,-0.3207703,0.3207703
109.76,1512,0.3180977,-0.11833,0.11833
109.78,1511,0.3152817,-0.1858101,0.1858101
109.8,1509,0.3190755,-0.2532902,0.2532902
109.82,1509,0.3191046,-0.2532902,0.2532902
109.84,1507,0.3175966,-0.3207703,0.3207703
109.86,1508,0.3315414,-0.2532902,0.2532902
109.88,1507,0.3258379,-0.3207703,0.3207703
109.9,1508,0.3121362,-0.2532902,0.2532902
109.92,1506,0.3273336,-0.3207703,0.3207703
109.94,1508,0.3182314,-0.2532902,0.2532902
109.96,1506,0.3296237,-0.3207703,0.3207703
109.98,1506,0.3237238,-0.3207703,0.3207703
110,1508,0.3255666,-0.2532902,0.2532902
110.02,1506,0.3404222,-0.3207703,0.3207703
110.04,1506,0.3338994,-0.3207703,0.3207703
110.06,1506,0.3482615,-0.3207703,0.3207703
110.08,1507,0.3493389,-0.2532902,0.2532902
110.1,1507,0.3381861,-0.2532902,0.2532902
110.12,1505,0.3365167,-0.3207703,0.3207703
110.14,1505,0.3249844,-0.3207703,0.3207703
110.16,1507,0.3142633,-0.2532902,0.2532902
110.18,1507,0.319598,-0.2532902,0.2532902
110.2,1505,0.3059506,-0.3207703,0.3207703
110.22,1505,0.3018343,-0.3207703,0.3207703
110.24,1506,0.2978345,-0.2532902,0.2532902
110.26,1504,0.2851197,-0.3207703,0.3207703
110.28,1506,0.2920783,-0.2532902,0.2532902
110.3,1506,0.2795795,-0.2532902,0.2532902
110.32,1504,0.2784638,-0.3207703,0.3207703
110.34,1506,0.2637898,-0.2532902,0.2532902
110.36,1506,0.2212702,-0.2532902,0.2532902
110.38,1502,0.2075027,-0.3882504,0.3882504
110.4,1504,0.2175459,-0.3207703,0.3207703
110.42,1505,0.2269928,-0.2532902,0.2532902
110.44,1505,0.2186444,-0.2532902,0.2532902
110.46,1505,0.2197337,-0.2532902,0.2532902
110.48,1505,0.2134684,-0.2532902,0.2532902
110.5,1503,0.2123368,-0.3207703,0.3207703
110.52,1505,0.206453,-0.2532902,0.2532902
110.54,1503,0.2174126,-0.3207703,0.3207703
110.56,1503,0.2163264,-0.3207703,0.3207703
110.58,1501,0.2151497,-0.3882504,0.3882504
110.6,1502,0.2149763,-0.3207703,0.3207703
110.62,1504,0.2180113,-0.2532902,0.2532902
110.64,1502,0.2155926,-0.3207703,0.3207703
110.66,1502,0.2190176,-0.3207703,0.3207703
110.68,1504,0.2231097,-0.2532902,0.2532902
110.7,1502,0.2302213,-0.3207703,0.3207703
110.72,1503,0.2323116,-0.2532902,0.2532902
110.74,1500,0.2232246,-0.3882504,0.3882504
110.76,1503,0.2298114,-0.2532902,0.2532902
110.78,1500,0.2187515,-0.3882504,0.3882504
110.8,1503,0.1992916,-0.2532902,0.2532902
110.82,1501,0.1619148,-0.3207703,0.3207703
110.84,1503,0.1015451,-0.2532902,0.2532902
110.86,1499,0.1429072,-0.3882504,0.3882504
110.88,1501,0.1272382,-0.3207703,0.3207703
110.9,1502,0.1254046,-0.2532902,0.2532902
110.92,1502,0.1089471,-0.2532902,0.2532902
110.94,1500,0.0837206,-0.3207703,0.3207703
110.96,1502,0.09146255,-0.2532902,0.2532902
110.98,1498,0.09528299,-0.3882504,0.3882504
111,1500,0.09485516,-0.3207703,0.3207703
111.02,1500,0.08024223,-0.3207703,0.3207703
111.04,1501,0.03020647,-0.2532902,0.2532902
111.06,1501,0.009556249,-0.2532902,0.2532902
111.08,1501,-0.01455581,-0.2532902,0.2532902
111.1,1499,-0.004942752,-0.3207703,0.3207703
111.12,1499,0.0003203228,-0.3207703,0.3207703
111.14,1501,0.002278969,-0.2532902,0.2532902
111.16,1501,0.002738737,-0.2532902,0.2532902
111.18,1497,0.0004584864,-0.3882504,0.3882504
111.2,1501,0.01411923,-0.2532902,0.2532902
111.22,1500,-0.01653939,-0.2532902,0.2532902
111.24,1500,-0.03274379,-0.2532902,0.2532902
111.26,1500,-0.04863232,-0.2532902,0.2532902
111.28,1498,-0.05535297,-0.3207703,0.3207703
111.3,1498,-0.0717126,-0.3207703,0.3207703
111.32,1500,-0.05219384,-0.2532902,0.2532902
111.34,1498,-0.05461667,-0.3207703,0.3207703
111.36,1500,-0.05045769,-0.2532902,0.2532902
111.38,1498,-0.04057577,-0.3207703,0.3207703
111.4,1498,-0.03978297,-0.3207703,0.3207703
111.42,1499,-0.04294664,-0.2532902,0.2532902
111.44,1499,-0.05191384,-0.2532902,0.2532902
111.46,1497,-0.05799531,-0.3207703,0.3207703
111.48,1497,-0.04737933,-0.3207703,0.3207703
111.5,1499,-0.04845693,-0.2532902,0.2532902
111.52,1499,-0.05059855,-0.2532902,0.2532902
111.54,1499,-0.04532979,-0.2532902,0.2532902
111.56,1499,-0.04506268,-0.2532902,0.2532902
111.58,1497,-0.03868524,-0.3207703,0.3207703
111.6,1497,-0.04106445,-0.3207703,0.3207703
111.62,1495,-0.03332286,-0.3882504,0.3882504
111.64,1498,-0.03218135,-0.2532902,0.2532902
111.66,1495,-0.03907043,-0.3882504,0.3882504
111.68,1496,-0.04557111,-0.3207703,0.3207703
111.7,1498,-0.04148705,-0.2532902,0.2532902
111.72,1496,-0.0330272,-0.3207703,0.3207703
111.74,1496,-0.03315852,-0.3207703,0.3207703
111.76,1496,-0.03725322,-0.3207703,0.3207703
111.78,1497,-0.022686,-0.2532902,0.2532902
111.8,1495,-0.03213578,-0.3207703,0.3207703
111.82,1497,-0.03697064,-0.2532902,0.2532902
111.84,1493,-0.03007602,-0.3882504,0.3882504
111.86,1495,-0.0311287,-0.3207703,0.3207703
111.88,1497,-0.05411128,-0.2532902,0.2532902
111.9,1495,-0.09770531,-0.3207703,0.3207703
111.92,1495,-0.1684083,-0.3207703,0.3207703
111.94,1496,-0.1206252,-0.2532902,0.2532902
111.96,1494,-0.1495857,-0.3207703,0.3207703
111.98,1496,-0.149066,-0.2532902,0.2532902
112,1494,-0.1582597,-0.3207703,0.3207703
112.02,1492,-0.157449,-0.3882504,0.3882504
112.04,1496,-0.155073,-0.2532902,0.2532902
112.06,1494,-0.1696041,-0.3207703,0.3207703
112.08,1492,-0.1648071,-0.3882504,0.3882504
112.1,1493,-0.1621348,-0.3207703,0.3207703
112.12,1493,-0.159672,-0.3207703,0.3207703
112.14,1492,-0.2181039,-0.3882504,0.3882504
112.16,1493,-0.2510467,-0.3207703,0.3207703
112.18,1495,-0.2637948,-0.2532902,0.2532902
112.2,1493,-0.2756488,-0.3207703,0.3207703
112.22,1494,-0.2762611,-0.2532902,0.2532902
112.24,1493,-0.2794665,-0.3207703,0.3207703
112.26,1491,-0.2721507,-0.3882504,0.3882504
112.28,1492,-0.2857147,-0.3207703,0.3207703
112.3,1492,-0.2723691,-0.3207703,0.3207703
112.32,1490,-0.2868163,-0.3882504,0.3882504
112.34,1490,-0.2806907,-0.3882504,0.3882504
112.36,1490,-0.2903505,-0.3882504,0.3882504
112.38,1490,-0.2961702,-0.3882504,0.3882504
112.4,1493,-0.2845289,-0.2532902,0.2532902
112.42,1491,-0.290501,-0.3207703,0.3207703
112.44,1491,-0.2879324,-0.3207703,0.3207703
112.46,1493,-0.2830843,-0.2532902,0.2532902
112.48,1493,-0.2791318,-0.2532902,0.2532902
112.5,1491,-0.2750153,-0.3207703,0.3207703
112.52,1492,-0.2704056,-0.2532902,0.2532902
112.54,1492,-0.2701934,-0.2532902,0.2532902
112.56,1492,-0.2850358,-0.2532902,0.2532902
112.58,1492,-0.2822226,-0.2532902,0.2532902
112.6,1492,-0.275479,-0.2532902,0.2532902
112.62,1490,-0.2758994,-0.3207703,0.3207703
112.64,1490,-0.2724766,-0.3207703,0.3207703
112.66,1490,-0.282192,-0.3207703,0.3207703
112.68,1492,-0.2846182,-0.2532902,0.2532902
112.7,1490,-0.2803386,-0.3207703,0.3207703
112.72,1490,-0.2798532,-0.3207703,0.3207703
112.74,1491,-0.2796853,-0.2532902,0.2532902
112.76,1488,-0.2831853,-0.3882504,0.3882504
112.78,1488,-0.2774954,-0.3882504,0.3882504
112.8,1491,-0.282952,-0.2532902,0.2532902
112.82,1491,-0.3275351,-0.2532902,0.2532902
112.84,1491,-0.3605656,-0.2532902,0.2532902
112.86,1489,-0.3989839,-0.3207703,0.3207703
112.88,1489,-0.3635904,-0.3207703,0.3207703
112.9,1487,-0.3762888,-0.3882504,0.3882504
112.92,1490,-0.3637656,-0.2532902,0.2532902
112.94,1487,-0.3668584,-0.3882504,0.3882504
112.96,1490,-0.3694064,-0.2532902,0.2532902
112.98,1490,-0.3672134,-0.2532902,0.2532902
113,1490,-0.3704725,-0.2532902,0.2532902
113.02,1490,-0.3606122,-0.2532902,0.2532902
113.04,1486,-0.3687797,-0.3882504,0.3882504
113.06,1488,-0.3625637,-0.3207703,0.3207703
113.08,1487,-0.3528766,-0.3207703,0.3207703
113.1,1487,-0.3508142,-0.3207703,0.3207703
113.12,1485,-0.3480953,-0.3882504,0.3882504
113.14,1489,-0.3492362,-0.2532902,0.2532902
113.16,1489,-0.365797,-0.2532902,0.2532902
113.18,1489,-0.4068905,-0.2532902,0.2532902
113.2,1485,-0.3888697,-0.3882504,0.3882504
113.22,1487,-0.4020376,-0.3207703,0.3207703
113.24,1486,-0.3849854,-0.3207703,0.3207703
113.26,1485,-0.3826856,-0.3882504,0.3882504
113.28,1486,-0.3947255,-0.3207703,0.3207703
113.3,1488,-0.3934193,-0.2532902,0.2532902
113.32,1488,-0.3994371,-0.2532902,0.2532902
113.34,1486,-0.3964849,-0.3207703,0.3207703
113.36,1484,-0.3957402,-0.3882504,0.3882504
113.38,1487,-0.3865348,-0.2532902,0.2532902
113.4,1487,-0.3820201,-0.2532902,0.2532902
113.42,1485,-0.3935273,-0.3207703,0.3207703
113.44,1487,-0.3838346,-0.2532902,0.2532902
113.46,1485,-0.3826791,-0.3207703,0.3207703
113.48,1483,-0.3830656,-0.3882504,0.3882504
113.5,1487,-0.3789695,-0.2532902,0.2532902
113.52,1486,-0.3869432,-0.2532902,0.2532902
113.54,1485,-0.3890236,-0.3207703,0.3207703
113.56,1486,-0.3885671,-0.2532902,0.2532902
113.58,1486,-0.3859598,-0.2532902,0.2532902
113.6,1486,-0.3808381,-0.2532902,0.2532902
113.62,1484,-0.3819761,-0.3207703,0.3207703
113.64,1486,-0.3834778,-0.2532902,0.2532902
113.66,1486,-0.3779515,-0.2532902,0.2532902
113.68,1486,-0.3804418,-0.2532902,0.2532902
113.7,1485,-0.3746243,-0.2532902,0.2532902
113.72,1485,-0.3775062,-0.2532902,0.2532902
113.74,1484,-0.3812207,-0.3207703,0.3207703
113.76,1485,-0.382651,-0.2532902,0.2532902
113.78,1485,-0.3878734,-0.2532902,0.2532902
113.8,1487,-0.3901159,-0.1858101,0.1858101
113.82,1481,-0.3891782,-0.3882504,0.3882504
113.84,1483,-0.3861345,-0.3207703,0.3207703
113.86,1481,-0.3749119,-0.3882504,0.3882504
113.88,1484,-0.3986872,-0.2532902,0.2532902
113.9,1481,-0.4535986,-0.3882504,0.3882504
113.92,1484,-0.4694356,-0.2532902,0.2532902
