Tiempo,ControlPWM,ReferenciaPosicion,ThetaMedido,ThetaObservado,OmegaMedido,OmegaObservado,PosicionMedido,PosicionObservado
0,-121.3004,-5,0.3309082,-0.002683654,0.1519171,-1.42043,-0.7933693,-0.435782
0.02,-68.44296,-5,0.6380203,-0.02473362,0.04504682,-15.62557,-0.7933693,-0.6105556
0.04,-54.01575,-5,0.931103,-0.117308,-0.0007547362,-20.66259,-0.7933693,-0.6753281
0.06,-124.2336,-5,1.109118,-0.2405405,-6.275566,-23.31329,-1.19825,-0.9457237
0.08,-74.97266,-5,0.8474555,-0.4782132,-29.55802,-31.26604,-1.13077,-1.084059
0.1,-55.86529,-5,0.07598537,-0.9241354,-56.39772,-28.97179,-1.19825,-1.287346
0.12,4.40052,-5,-1.099393,-1.46425,-76.29086,-21.51397,-1.13077,-1.443547
0.14,64.56776,-5,-2.407202,-1.980975,-75.84811,-5.998926,-1.06329,-1.547611
0.16,19.31778,-5,-2.78547,-2.155044,-12.1229,11.5442,-1.46817,-1.75671
0.18,-8.80069,-5,-2.434387,-1.952771,15.99925,17.36614,-1.805569,-1.906456
0.2,178.3696,-5,-1.531066,-1.362597,35.14429,15.80857,-0.7933693,-1.205188
0.22,83.23947,-5,-0.8250967,-0.6650685,21.4649,31.35883,-0.7933693,-0.8137038
0.24,46.25781,-5,-0.6989957,-0.03895623,-3.71068,31.65596,-0.7933693,-0.6750072
0.26,-13.8419,-5,-0.1700877,0.4562383,28.83895,26.29802,-1.06329,-0.766349
0.28,-25.35031,-5,0.8613068,0.9302716,37.80078,13.22276,-1.13077,-0.7773746
0.3,-36.21326,-5,1.21748,1.120118,10.02978,2.204569,-1.19825,-0.8614273
0.32,-2.477997,-5,1.258121,1.093913,-6.947322,-6.273451,-1.06329,-0.8796868
0.34,48.75153,-5,0.9672409,0.9260572,-22.71832,-7.409212,-0.7933693,-0.800449
0.36,46.53244,-5,0.372397,0.6744484,-35.63435,-0.9956467,-0.7933693,-0.8462996
0.38,61.52612,-5,-0.156191,0.4647566,-24.84046,4.810171,-0.7933693,-0.9102135
0.4,60.48117,-5,0.1966688,0.5362945,9.693905,8.990199,-0.7933693,-0.85562
0.42,42.77612,-5,0.7670751,0.8038614,22.07559,9.738556,-0.7933693,-0.7532877
0.44,-24.00485,-5,1.277519,1.078374,22.19773,6.630399,-1.06329,-0.8385391
0.46,-25.62753,-5,1.541115,1.218583,10.45726,-3.075925,-1.13077,-0.9387183
0.48,55.88928,-5,1.629186,1.236449,-2.351901,-9.801729,-0.7258892,-0.7776712
0.5,27.06418,-5,1.327961,1.116575,-21.39008,-5.038178,-0.7933693,-0.8129089
0.52,35.58191,-5,1.045638,1.008012,-13.57328,-3.854976,-0.7933693,-0.8682338
0.54,34.57605,-5,1.328821,1.045776,10.13665,-3.164932,-0.7933693,-0.8496523
0.56,-130.3083,-5,1.384776,0.9843103,2.503063,-3.346594,-1.738089,-1.413072
0.58,-70.91882,-5,1.612657,0.8800386,7.87711,-20.89422,-1.805569,-1.694027
0.6,-23.86029,-5,1.572525,0.6113309,-4.245031,-26.32388,-1.738089,-1.799853
0.62,-6.987549,-5,1.151398,0.2834384,-25.1458,-23.75299,-1.738089,-1.893308
0.64,16.2663,-5,0.4410055,-0.06626053,-40.77939,-17.95251,-1.738089,-1.996886
0.66,25.20386,-5,0.008889016,-0.3010745,-18.68778,-10.31487,-1.805569,-2.086205
0.68,202.2554,-5,0.3526468,-0.1035911,10.36566,-5.116198,-0.7933693,-1.41754
0.7,109.7231,-5,0.6842343,0.324284,18.73207,15.09707,-0.7933693,-1.057095
0.72,17.54254,-5,1.077429,0.8888459,21.66337,17.70805,-1.06329,-1.029606
0.74,3.282043,-5,1.670471,1.374179,31.58704,8.148342,-1.13077,-1.039453
0.76,-50.4696,-5,2.473994,1.725752,36.0756,-2.393459,-1.40069,-1.171738
0.78,-36.49603,-5,2.834196,1.85013,14.36566,-16.00357,-1.40069,-1.262026
0.8,21.66473,-5,2.768227,1.750015,-5.2832,-23.28247,-1.13077,-1.210521
0.82,74.71497,-5,2.401716,1.55645,-22.45878,-20.88846,-0.7933693,-1.059025
0.84,66.21442,-5,1.647716,1.295478,-37.1916,-11.42339,-0.7933693,-1.084389
0.86,-80.60785,-5,1.040658,0.9880673,-18.18397,-4.315853,-1.738089,-1.708465
0.88,-1.76355,-5,1.269259,0.8692741,12.22826,-15.16868,-1.738089,-1.913863
0.9,10.47705,-5,1.462633,0.7619318,3.571766,-15.01479,-1.805569,-1.996321
0.92,23.81714,-5,1.352626,0.683018,-11.17633,-13.28707,-1.805569,-2.029841
0.94,45.70581,-5,1.136201,0.6241351,-7.023658,-10.01951,-1.738089,-2.015889
0.96,30.81775,-5,1.258402,0.6852633,5.999248,-6.063617,-1.805569,-2.014006
0.98,207.0383,-5,1.30321,0.908136,4.258789,-4.696942,-0.7933693,-1.391889
1,120.614,-5,1.620176,1.290595,16.02979,12.94428,-0.7933693,-1.07231
1.02,82.91052,-5,1.825091,1.772663,11.23589,15.20304,-0.7933693,-0.9283648
1.04,53.81757,-5,2.735249,2.335386,53.72445,9.848632,-0.7933693,-0.7952694
1.06,-20.03894,-5,3.574177,2.787072,40.90002,0.4509077,-1.06329,-0.8697533
1.08,35.13037,-5,3.868926,2.984923,13.32749,-14.11765,-0.7933693,-0.7984393
1.1,27.50452,-5,3.735226,2.895324,-7.588544,-17.74623,-0.7933693,-0.8560958
1.12,-51.55615,-5,3.263469,2.578842,-28.61145,-19.55113,-1.33321,-1.300109
1.14,4.119446,-5,2.677062,2.127317,-30.1229,-26.77447,-1.40069,-1.612389
1.16,84.11499,-5,2.653412,1.817305,1.800773,-25.74327,-1.13077,-1.554736
1.18,133.1495,-5,2.41593,1.674577,-10.13816,-16.06371,-0.7933693,-1.318291
1.2,110.8383,-5,1.952403,1.634876,-28.26031,-3.143982,-0.7933693,-1.240506
1.22,-50.34131,-5,1.657748,1.596452,3.739704,3.822353,-1.738089,-1.781615
1.24,3.356323,-5,2.262737,1.731414,27.35803,-9.853043,-1.805569,-1.963832
1.26,37.72131,-5,3.036654,1.905749,39.96873,-15.98855,-1.670609,-1.873361
1.28,51.04114,-5,3.484154,2.09786,21.12902,-18.01503,-1.46817,-1.685591
1.3,32.99866,-5,3.219774,2.117316,-22.79466,-17.13211,-1.46817,-1.680048
1.32,110.1343,-5,2.392034,1.938129,-47.51222,-15.44241,-1.13077,-1.601683
1.34,101.1598,-5,1.803579,1.74765,-9.832819,-4.547162,-1.19825,-1.653506
1.36,121.2054,-5,2.2684,1.93596,18.73207,0.2598351,-1.06329,-1.484799
1.38,87.31982,-5,3.01617,2.352922,33.2817,2.964705,-1.06329,-1.307431
1.4,-121.4609,-5,3.863752,2.741976,37.63285,-1.89768,-2.075489,-1.772472
1.42,-48.45447,-5,4.24168,2.869762,17.63284,-27.4288,-2.008009,-1.974159
1.44,188.7788,-5,4.102461,2.742647,-5.023657,-36.00779,-0.7933693,-1.416573
1.46,-44.60046,-5,3.568991,2.447621,-31.25267,-16.3224,-1.738089,-1.814677
1.48,72.00366,-5,2.685813,2.152534,-48.22978,-23.80421,-1.46817,-1.930211
1.5,102.9808,-5,2.404209,1.895298,-4.336633,-15.96172,-1.40069,-1.934981
1.52,92.43811,-5,2.331181,1.853541,-1.832817,-7.40343,-1.46817,-1.931662
1.54,96.4519,-5,2.313498,1.949883,5.907644,-2.711452,-1.46817,-1.898225
1.56,35.49902,-5,2.997969,2.250612,31.73972,-1.578685,-1.738089,-1.94197
1.58,90.70789,-5,3.239887,2.514541,9.709172,-7.664917,-1.46817,-1.794505
1.6,69.2196,-5,3.547464,2.723376,16.18246,-7.130113,-1.46817,-1.720962
1.62,74.9491,-5,3.554056,2.854617,-2.596175,-8.934423,-1.40069,-1.679055
1.64,64.09375,-5,3.414865,2.870841,-4.947321,-9.089308,-1.46817,-1.742862
1.66,-78.44727,-5,3.505101,2.796736,4.68627,-10.90658,-2.345409,-2.295759
1.68,-13.97485,-5,3.479753,2.610296,1.174818,-26.41515,-2.412889,-2.59659
1.7,33.89221,-5,3.496349,2.341902,-0.3060985,-30.17041,-2.345409,-2.684528
1.72,91.3468,-5,3.243912,2.118731,-17.00839,-26.87655,-2.075489,-2.574739
1.74,86.64673,-5,2.630469,1.900374,-34.59619,-16.83032,-2.075489,-2.576949
1.76,148.8832,-5,1.947795,1.755691,-34.33664,-8.233113,-1.805569,-2.459829
1.78,125.505,-5,2.361778,1.965424,18.79314,2.374091,-1.805569,-2.297051
1.8,116.7163,-5,2.676501,2.33622,24.79315,6.029091,-1.738089,-2.12934
1.82,75.55286,-5,3.424668,2.82139,42.67102,5.044358,-1.805569,-2.018476
1.84,69.073,-5,4.009303,3.251362,26.85421,-1.686831,-1.738089,-1.907737
1.86,-115.191,-5,4.157771,3.339072,6.564133,-7.657075,-2.75029,-2.515833
1.88,190.7411,-5,4.074506,3.299793,-2.428236,-29.43311,-1.46817,-2.07812
1.9,-18.78186,-5,3.861853,3.031349,-9.756483,-12.55533,-2.345409,-2.44891
1.92,82.75098,-5,3.439647,2.857104,-23.45115,-21.04842,-2.075489,-2.4945
1.94,147.2957,-5,3.298157,2.712294,-1.099992,-15.78853,-1.738089,-2.311014
1.96,-48.84363,-5,3.124655,2.581321,-8.947322,-5.584409,-2.75029,-2.831166
1.98,84.71985,-5,2.982131,2.508264,2.579399,-18.00475,-2.412889,-2.861819
2,76.42676,-5,3.508719,2.544792,25.11376,-14.47568,-2.412889,-2.788965
2.02,-91.62659,-5,3.395168,2.468826,-3.649611,-12.94833,-3.357609,-3.340426
2.04,40.96484,-5,2.964463,2.237312,-23.46641,-27.32261,-3.08769,-3.485734
2.06,123.4506,-5,2.626636,1.947021,-11.25267,-22.13575,-2.75029,-3.363711
2.08,-49.22302,-5,2.225824,1.686494,-20.01603,-9.368344,-3.695009,-3.875301
2.1,87.97119,-5,1.846127,1.525785,-25.43588,-16.91355,-3.357609,-3.901753
2.12,134.5497,-5,2.038808,1.526222,16.86948,-8.545675,-3.08769,-3.675184
2.14,102.6692,-5,2.227911,1.74117,6.350392,1.071952,-3.08769,-3.513372
2.16,-68.51477,-5,2.057891,1.838202,-11.49694,4.467706,-4.03241,-4.027806
2.18,-8.266724,-5,2.762401,2.028932,36.41147,-12.90162,-4.03241,-4.169521
2.2,218.0344,-5,3.452001,2.294819,29.58704,-20.12277,-2.75029,-3.398386
2.22,-37.33557,-5,3.484269,2.420424,-0.1686933,-2.51732,-3.627529,-3.610784
2.24,-19.69312,-5,3.082699,2.420716,-28.06183,-15.37802,-3.762489,-3.875739
2.26,101.1842,-5,2.483558,2.141458,-26.62672,-19.88806,-3.357609,-3.844021
2.28,141.9125,-5,2.338958,1.993151,-2.13816,-10.06396,-3.08769,-3.646325
2.3,-48.35449,-5,2.352131,1.966948,-9.985491,0.1458285,-4.03241,-4.083498
2.32,19.1781,-5,2.181294,1.915748,-1.099992,-11.70499,-4.03241,-4.288714
2.34,28.33472,-5,3.001235,2.005889,38.77789,-15.45696,-4.03241,-4.26109
2.36,71.41675,-5,3.458206,2.177648,18.3046,-18.44265,-3.695009,-4.002213
2.38,41.85376,-5,3.230163,2.20107,-17.1,-15.31982,-3.695009,-3.951298
2.4,-117.771,-5,2.813855,2.005799,-24.65725,-15.201,-4.639729,-4.568705
2.42,23.75134,-5,2.721616,1.785844,6.029782,-30.78784,-4.30233,-4.649862
2.44,30.39807,-5,2.678915,1.526765,2.579399,-26.6496,-4.30233,-4.671321
2.46,94.37769,-5,2.298562,1.361218,-21.89389,-21.84834,-3.96493,-4.496812
2.48,72.84155,-5,1.640932,1.187233,-37.20687,-10.01312,-4.03241,-4.509377
2.5,87.22375,-5,1.171167,1.112427,-11.05419,-2.746296,-4.03241,-4.525224
2.52,91.39563,-5,1.749548,1.365022,36.83895,1.624777,-3.96493,-4.366079
2.54,49.87122,-5,2.45363,1.783232,31.64811,2.562555,-4.03241,-4.240346
2.56,21.28479,-5,3.312186,2.263657,42.79316,-3.899322,-4.03241,-4.11431
2.58,14.04456,-5,3.688926,2.554441,19.95345,-12.30884,-3.96493,-4.042928
2.6,51.97852,-5,3.714403,2.638814,-3.038924,-18.60331,-3.695009,-3.912507
2.62,-129.0679,-5,3.206724,2.360676,-26.22977,-17.62088,-4.707209,-4.568566
2.64,38.99634,-5,2.582383,1.941079,-33.86336,-32.9911,-4.30233,-4.699279
2.66,-107.0405,-5,1.826207,1.267546,-32.99313,-23.98991,-5.314529,-5.420256
2.68,53.27319,-5,1.229672,0.7524942,-28.33664,-30.6291,-4.977129,-5.534406
2.7,63.48828,-5,1.146475,0.4506733,-5.588543,-18.52187,-4.977129,-5.505685
2.72,-114.6953,-5,1.072544,0.310883,-2.794649,-9.605918,-5.989328,-6.038677
2.74,184.1469,-5,0.9151666,0.338447,-5.374802,-20.64921,-4.707209,-5.487947
2.76,112.6349,-5,1.349095,0.5615522,19.58704,0.8110392,-4.639729,-5.107196
2.78,53.08679,-5,1.478138,0.9769046,3.739704,7.311006,-4.707209,-4.952703
2.8,57.73743,-5,1.399327,1.275827,-4.51984,5.924845,-4.639729,-4.879636
2.82,-177.0322,-5,1.989433,1.467183,33.90766,3.041082,-5.92185,-5.561251
2.84,64.07068,-5,2.778351,1.703786,39.26643,-24.85806,-4.977129,-5.235118
2.86,6.298706,-5,3.2894,1.768843,18.16719,-20.7016,-4.977129,-5.073971
2.88,37.69104,-5,3.250518,1.830073,-8.275566,-23.60248,-4.639729,-4.849014
2.9,-99.75928,-5,2.713074,1.605495,-29.61909,-20.8336,-5.314529,-5.263405
2.92,-35.4325,-5,2.135326,1.236791,-27.86336,-30.94805,-5.314529,-5.52794
2.94,-165.9558,-5,1.980294,0.7611363,-1.344267,-30.9704,-6.259249,-6.203873
2.96,125.1816,-5,1.950236,0.5033808,0.7626044,-43.61801,-5.044609,-5.738738
2.98,-102.5889,-5,1.704233,0.1986333,-20.48931,-22.12869,-5.989328,-6.091643
3,23.27771,-5,0.693549,-0.09946159,-56.10764,-27.39388,-5.65193,-6.139742
3.02,57.97375,-5,-0.5214471,-0.5834461,-62.53512,-14.00635,-5.65193,-6.254393
3.04,87.52869,-5,-1.59618,-0.9476706,-44.13817,2.020339,-5.71941,-6.367033
3.06,97.4928,-5,-1.174095,-0.7730869,33.03743,14.25914,-5.71941,-6.231079
3.08,194.8417,-5,-0.6044087,-0.2188698,43.1901,21.76809,-5.044609,-5.6243
3.1,41.46313,-5,0.6630152,0.6316179,68.16721,32.20714,-5.38201,-5.386488
3.12,8.991089,-5,1.990278,1.570507,62.01453,19.1896,-5.314529,-5.141469
3.14,-91.49011,-5,3.061222,2.194408,49.55651,3.569955,-5.65193,-5.225566
3.16,-42.63037,-5,3.668807,2.466178,27.08322,-18.8865,-5.38201,-5.15658
3.18,-34.86072,-5,3.252574,2.220892,-30.79466,-27.42537,-5.314529,-5.245057
3.2,-125.9346,-5,2.196717,1.559635,-54.07711,-29.0377,-5.989328,-5.862364
3.22,13.69385,-5,1.138211,0.7901694,-56.01604,-35.65474,-5.71941,-6.077169
3.24,107.4512,-5,0.1983336,0.1068616,-47.23741,-22.63705,-5.38201,-6.001029
3.26,-61.86023,-5,-0.3793845,-0.326793,-26.84046,-2.971979,-6.326729,-6.492089
3.28,167.1556,-5,0.003671074,-0.2034779,20.442,-7.955739,-5.314529,-5.960579
3.3,72.95142,-5,0.6398087,0.1522604,31.29696,9.725888,-5.38201,-5.644051
3.32,30.46228,-5,1.000198,0.6509648,15.49543,10.68402,-5.38201,-5.468815
3.34,26.7594,-5,1.594613,1.124142,31.22063,5.087584,-5.247049,-5.281538
3.36,-12.29614,-5,2.479411,1.575353,40.50308,-1.980368,-5.247049,-5.147664
3.38,-44.25586,-5,2.754821,1.779905,15.43436,-11.57998,-5.314529,-5.177443
3.4,-200.4965,-5,2.629901,1.585742,-9.237398,-21.12004,-6.259249,-5.846052
3.42,-108.7589,-5,2.25896,1.10001,-20.62671,-41.97715,-6.259249,-6.22891
3.44,-13.12659,-5,1.742944,0.4528205,-29.06947,-44.6893,-5.989328,-6.291742
3.46,23.30469,-5,0.8259505,-0.1643031,-47.49695,-33.72826,-5.85437,-6.299536
3.48,73.83081,-5,-0.2890272,-0.650961,-56.96261,-18.98376,-5.65193,-6.240179
3.5,107.0365,-5,-1.218236,-0.9340982,-41.49695,-0.9194649,-5.51697,-6.14779
3.52,18.32495,-5,-0.8133229,-0.7420117,32.99162,12.90526,-5.92185,-6.191109
3.54,-48.7251,-5,-0.1591765,-0.3395132,42.91529,10.78839,-6.326729,-6.329367
3.56,123.5828,-5,1.190137,0.3360972,65.23591,-1.512779,-5.314529,-5.625866
3.58,-38.32922,-5,2.431802,1.013119,54.97636,3.442483,-5.58445,-5.385218
3.6,-229.9098,-5,2.644701,1.306991,-1.466404,-10.75145,-6.529169,-5.934482
3.62,71.74646,-5,1.93514,1.079743,-35.03893,-36.63588,-5.314529,-5.643186
3.64,-133.916,-5,1.18587,0.4626598,-30.97787,-21.16302,-6.326729,-6.225868
3.66,-61.3197,-5,0.9035243,0.05928658,-15.29847,-30.78998,-6.326729,-6.471747
3.68,-32.3606,-5,0.711448,-0.3245197,-11.42061,-29.17997,-6.326729,-6.562612
3.7,-18.38232,-5,0.7500221,-0.5029711,6.014514,-25.32271,-6.259249,-6.510018
3.72,-31.66455,-5,0.8029253,-0.5390815,1.358024,-21.56519,-6.259249,-6.452696
3.74,-39.04077,-5,0.7220471,-0.5451093,-5.863352,-20.16527,-6.259249,-6.429892
3.76,-42.4928,-5,0.7176922,-0.5379633,-0.6725109,-19.97751,-6.259249,-6.417199
3.78,-57.81274,-5,0.7919226,-0.522754,2.335124,-20.48438,-6.326729,-6.44145
3.8,-41.45325,-5,0.7215512,-0.5457826,-4.016023,-22.10878,-6.259249,-6.423671
3.82,-41.82153,-5,0.5943215,-0.6078176,-6.947322,-21.10606,-6.259249,-6.429553
3.84,-39.55945,-5,0.4776379,-0.6658226,-6.748848,-20.09141,-6.259249,-6.437112
3.86,-38.16943,-5,0.4252756,-0.7001612,-4.092359,-19.01716,-6.259249,-6.434465
3.88,-25.12854,-5,0.3395675,-0.7204633,-4.122893,-17.85116,-6.191769,-6.392215
3.9,-40.0271,-5,0.2493764,-0.7386017,-4.016023,-15.48155,-6.259249,-6.413539
3.92,-35.07837,-5,0.195344,-0.74036,-2.214496,-15.23113,-6.259249,-6.417988
3.94,-34.62317,-5,0.2417162,-0.7188144,1.541231,-14.71519,-6.259249,-6.403409
3.96,-35.7511,-5,0.2517858,-0.6937921,0.2282531,-14.35789,-6.259249,-6.389341
3.98,-37.27002,-5,0.2746985,-0.6671385,0.7931387,-14.31063,-6.259249,-6.376312
4,-37.71338,-5,0.2526864,-0.6571058,-1.313733,-14.35708,-6.259249,-6.371325
4.02,-49.61572,-5,0.2535801,-0.6596881,-0.2450293,-14.46084,-6.326729,-6.406572
4.04,-33.57666,-5,0.2675881,-0.6602306,0.06031401,-15.7543,-6.259249,-6.377106
4.06,-61.6001,-5,0.288388,-0.6782532,0.5030622,-15.11472,-6.394209,-6.439874
4.08,-53.01318,-5,0.2596801,-0.7111024,-1.558007,-17.43002,-6.394209,-6.470289
4.1,-38.56042,-5,0.2596822,-0.7514062,-0.01602192,-18.07344,-6.326729,-6.440451
4.12,-43.0437,-5,0.2082386,-0.7918704,-2.962588,-16.87608,-6.326729,-6.428821
4.14,-32.77454,-5,0.1395579,-0.8171574,-4.061825,-16.2898,-6.259249,-6.386135
4.16,-49.677,-5,0.08513068,-0.841638,-2.24503,-14.71333,-6.326729,-6.408368
4.18,-36.30676,-5,0.1145238,-0.8322344,1.388559,-15.45687,-6.259249,-6.367974
4.2,-42.1936,-5,0.1250221,-0.8253812,-0.3977011,-14.63803,-6.259249,-6.346287
4.22,-45.13806,-5,0.1162501,-0.8184099,-0.7183124,-14.66787,-6.259249,-6.336604
4.24,-47.71265,-5,0.158011,-0.8069808,0.9000088,-15.1318,-6.259249,-6.326571
4.26,-49.2124,-5,0.1491881,-0.8131584,-0.2755641,-15.67529,-6.259249,-6.32475
4.28,-50.2771,-5,0.1502216,-0.8280169,0.5183294,-16.19735,-6.259249,-6.324204
4.3,-51.15149,-5,0.1397937,-0.8510485,-0.5351062,-16.62359,-6.259249,-6.324965
4.32,-75.30859,-5,0.1342163,-0.8923371,0.04504682,-17.03498,-6.394209,-6.406188
4.34,-42.70105,-5,0.1352582,-0.9283372,-0.6419765,-19.70805,-6.259249,-6.360252
4.36,-50.98999,-5,0.1368118,-0.9671118,-0.1381594,-18.19988,-6.259249,-6.337228
4.38,-55.65576,-5,0.1208616,-0.9850487,-2.580908,-18.00224,-6.259249,-6.326492
4.4,-55.92151,-5,0.02126931,-1.027812,-5.161061,-18.01668,-6.259249,-6.334298
4.42,-53.39172,-5,-0.09449466,-1.088752,-6.000757,-17.66867,-6.259249,-6.348089
4.44,-63.56311,-5,-0.1320373,-1.139036,-1.573274,-17.08667,-6.326729,-6.390151
4.46,126.0211,-5,-0.1276098,-1.04213,-0.4282355,-17.34429,-5.247049,-5.749556
4.48,17.72473,-5,-0.1852019,-0.8799661,-2.580908,1.756122,-5.38201,-5.542519
4.5,-6.000244,-5,-0.1670974,-0.5880194,5.617568,3.377039,-5.38201,-5.448892
4.52,-72.51355,-5,0.4642286,-0.2545626,31.44964,-0.162945,-5.65193,-5.508969
4.54,-60.15417,-5,1.030608,0.01544729,25.48017,-11.10223,-5.58445,-5.468211
4.56,-69.98315,-5,1.289648,0.1006153,10.59467,-17.97604,-5.58445,-5.472641
4.58,-82.05139,-5,1.213569,0.006632328,-6.947322,-23.31547,-5.65193,-5.568766
4.6,-20.75024,-5,0.8802987,-0.2084032,-18.47404,-26.87132,-5.38201,-5.513852
4.62,-23.60693,-5,0.3772746,-0.4938706,-25.22214,-21.36285,-5.38201,-5.546325
4.64,-11.34583,-5,-0.2033473,-0.7585496,-28.55038,-16.06422,-5.38201,-5.603431
4.66,14.33691,-5,-0.5967766,-0.9337538,-9.863353,-9.959307,-5.314529,-5.591903
4.68,-0.7724609,-5,-0.06414114,-0.7813677,29.22063,-5.118519,-5.314529,-5.469121
4.7,-251.6288,-5,0.2441135,-0.7007017,22.93055,-4.981861,-6.664129,-6.184016
4.72,12.55396,-5,0.6520514,-0.6006683,22.27406,-31.20124,-5.65193,-5.868698
4.74,-44.64783,-5,1.132608,-0.5843128,18.86948,-23.49601,-5.65193,-5.690526
4.76,-63.64124,-5,1.183202,-0.5065707,-6.107628,-24.39099,-5.58445,-5.589243
4.78,-75.72095,-5,0.5413064,-0.6838928,-31.0084,-24.78946,-5.65193,-5.701603
4.8,9.741211,-5,-0.1533391,-0.9638349,-32.80993,-23.80773,-5.314529,-5.631841
4.82,3.453613,-5,-0.4780189,-1.145597,-10.2603,-13.43013,-5.314529,-5.596585
4.84,-3.827637,-5,-0.4137776,-1.092744,2.930544,-7.415287,-5.314529,-5.524241
4.86,-61.88184,-5,-0.1690316,-0.9374988,14.85421,-5.083411,-5.58445,-5.602192
4.88,-58.25195,-5,0.3340962,-0.7074814,26.65574,-11.08617,-5.58445,-5.577807
4.9,-75.97681,-5,0.6247578,-0.574974,12.94581,-15.68838,-5.65193,-5.599009
4.92,-129.8948,-5,0.6182904,-0.6177828,-1.145793,-20.63374,-5.989328,-5.842815
4.94,-29.2583,-5,0.5840099,-0.7212392,-5.008389,-29.09192,-5.58445,-5.72997
4.96,-58.02771,-5,0.4430815,-0.8835125,-8.519841,-24.09399,-5.65193,-5.738989
4.98,-40.29932,-5,0.03427834,-1.047285,-24.2145,-22.31469,-5.58445,-5.744282
5,-37.8363,-5,-0.6308379,-1.301404,-33.9855,-17.12458,-5.65193,-5.849967
5.02,-0.02282715,-5,-1.196422,-1.523193,-28.33664,-11.48619,-5.58445,-5.880248
5.04,-13.77197,-5,-0.9344375,-1.474764,18.36566,-4.822361,-5.65193,-5.838116
5.06,-26.06067,-5,-0.4746743,-1.224663,20.01452,-3.335777,-5.65193,-5.731563
5.08,-100.1926,-5,-0.1162877,-0.9941887,18.60994,-4.912994,-5.989328,-5.851875
5.1,80.87384,-5,0.4500906,-0.6530429,26.3046,-14.96921,-4.977129,-5.25347
5.12,-7.287476,-5,0.850194,-0.3473172,15.54123,-4.710116,-4.977129,-4.976304
5.14,-40.54468,-5,0.7928362,-0.1096002,-2.306099,-6.675966,-4.977129,-4.91083
5.16,-45.97144,-5,0.7694915,-0.02783042,3.083216,-11.26512,-4.977129,-4.931348
5.18,-50.42969,-5,1.047979,0.02546486,12.18246,-15.80233,-4.977129,-4.932714
5.2,-53.91162,-5,1.11307,0.0002515316,1.235887,-19.49599,-4.977129,-4.952534
5.22,-51.61682,-5,0.9719537,-0.1185958,-8.351902,-21.8398,-4.977129,-5.00033
5.24,-217.2842,-5,0.7118897,-0.4219677,-12.61145,-22.68089,-5.989328,-5.670178
5.26,-116.5271,-5,0.518909,-0.7924767,-9.893888,-39.29346,-5.92185,-5.946196
5.28,-83.01575,-5,0.2839123,-1.246968,-13.57328,-39.31348,-5.92185,-6.074102
5.3,-52.44434,-5,-0.2434793,-1.647126,-30.2603,-34.16393,-5.85437,-6.112525
5.32,13.87952,-5,-1.162765,-2.021137,-50.24504,-24.47185,-5.58445,-6.02845
5.34,22.09998,-5,-2.100081,-2.313869,-46.68779,-8.174973,-5.58445,-6.029647
5.36,-42.89954,-5,-2.175052,-2.305365,21.81605,3.581734,-5.989328,-6.186681
5.38,-82.5061,-5,-1.208445,-1.923709,44.97636,1.485191,-6.259249,-6.234782
5.4,87.49292,-5,-0.3059214,-1.36531,47.87712,-6.524483,-5.247049,-5.543127
5.42,-91.10681,-5,0.6951146,-0.7811877,42.0756,1.803583,-5.65193,-5.399276
5.44,-101.9192,-5,0.7079861,-0.4461583,-6.214497,-10.7945,-5.65193,-5.423289
5.46,-88.93457,-5,0.4680111,-0.4977413,-11.60381,-19.40481,-5.65193,-5.538399
5.48,-73.79834,-5,0.3261793,-0.6874868,-5.939688,-23.32356,-5.65193,-5.630328
5.5,-62.06592,-5,0.09005953,-0.9213184,-11.80229,-23.61224,-5.65193,-5.697901
5.52,-52.71082,-5,-0.1842017,-1.142485,-15.75649,-21.7133,-5.65193,-5.74547
5.54,176.2632,-5,-0.5034017,-1.185033,-17.78702,-17.96699,-4.36981,-5.009892
5.56,84.46844,-5,-0.8938686,-1.096652,-18.32137,8.936519,-4.36981,-4.695162
5.58,61.34454,-5,-0.9740068,-0.7400501,3.235888,17.75509,-4.30233,-4.494512
5.6,-11.04358,-5,-0.4828448,-0.2927281,32.47254,19.53991,-4.572248,-4.504709
5.62,-93.9801,-5,0.6628328,0.2353344,61.06797,9.427452,-4.977129,-4.637516
5.64,-93.98279,-5,1.798358,0.6697459,58.22827,-9.459431,-4.977129,-4.629928
5.66,-98.78601,-5,2.499899,0.856535,35.20536,-24.32776,-4.909649,-4.598498
5.68,-64.95935,-5,2.111459,0.6477705,-25.37481,-33.32228,-4.707209,-4.605894
5.7,-224.0515,-5,1.057953,-0.01597054,-56.85574,-32.7356,-5.71941,-5.390822
5.72,-70.04187,-5,-0.0944128,-0.8386227,-59.25268,-44.46667,-5.51697,-5.736442
5.74,29.68707,-5,-1.0448,-1.623389,-42.06184,-33.35434,-5.247049,-5.757351
5.76,-1.712036,-5,-1.145334,-1.915079,-7.573277,-15.66176,-5.38201,-5.733642
5.78,20.56189,-5,-1.299902,-1.887048,-7.145795,-6.55113,-5.247049,-5.58107
5.8,-23.58362,-5,-1.052348,-1.658274,20.71681,0.8693435,-5.38201,-5.519264
5.82,130.418,-5,-0.2302185,-1.087784,35.96872,-1.051328,-4.36981,-4.768828
5.84,-190.8188,-5,0.2259765,-0.6710055,26.31986,11.2177,-5.65193,-5.184774
5.86,24.90332,-5,0.7578849,-0.2226157,31.57178,-14.54272,-4.707209,-4.797617
5.88,-37.74866,-5,1.837935,0.1536074,43.40384,-13.42027,-4.639729,-4.514998
5.9,-83.58484,-5,2.152302,0.41752,12.67101,-20.13579,-4.639729,-4.432944
5.92,-86.54443,-5,1.745537,0.3179896,-25.02366,-27.87974,-4.639729,-4.534237
5.94,-223.2798,-5,0.9880337,-0.1893168,-40.64199,-31.12628,-5.58445,-5.281161
5.96,-66.59021,-5,0.1610453,-0.8502827,-43.13054,-44.19104,-5.314529,-5.537858
5.98,-27.4248,-5,-0.5844412,-1.528344,-38.13817,-34.48397,-5.314529,-5.675445
6,-1.680908,-5,-1.345984,-1.986783,-37.48168,-21.54214,-5.314529,-5.73211
6.02,14.8349,-5,-1.855521,-2.194529,-9.069461,-8.635795,-5.314529,-5.722368
6.04,155.9876,-5,-1.404719,-1.880854,27.11376,0.4133639,-4.43729,-5.047478
6.06,21.25549,-5,-0.6137874,-1.246415,35.72445,17.93032,-4.639729,-4.736767
6.08,-84.36273,-5,0.3046994,-0.4876327,49.66339,12.69802,-4.977129,-4.722577
6.1,66.05957,-5,1.3674,0.2367554,51.63285,-4.634782,-4.03241,-4.104406
6.12,-244.2228,-5,2.01359,0.5681674,33.00689,-3.586444,-5.314529,-4.624492
6.14,-188.7835,-5,2.242679,0.5934588,9.648103,-35.06208,-5.38201,-4.973527
6.16,-73.68652,-5,2.010437,0.1742248,-15.40534,-49.36499,-4.977129,-4.993011
6.18,-74.63879,-5,1.433764,-0.3838542,-34.15344,-45.32686,-4.977129,-5.08498
6.2,-7.477417,-5,0.3961866,-0.9461001,-55.64963,-39.21357,-4.707209,-5.065933
6.22,-155.84,-5,-0.7608448,-1.591327,-59.10001,-24.85551,-5.65193,-5.707682
6.24,178.7993,-5,-1.706967,-1.986449,-36.24504,-26.60827,-4.30233,-5.207564
6.26,39.01282,-5,-1.242664,-1.896413,34.24353,4.365895,-4.639729,-5.010227
6.28,-4.196472,-5,-0.6954873,-1.353612,16.77788,8.872343,-4.707209,-4.839077
6.3,-11.34772,-5,-0.6572808,-0.9595424,1.693902,7.425535,-4.707209,-4.781252
6.32,-65.4411,-5,-0.1336702,-0.6134914,36.22827,3.932319,-4.977129,-4.872661
6.34,-62.91956,-5,0.6506559,-0.2650247,38.10613,-6.45899,-4.977129,-4.846638
6.36,-70.8208,-5,1.046215,-0.08800042,18.50307,-14.40762,-4.977129,-4.839763
6.38,-73.07385,-5,1.090386,-0.09454441,-3.038924,-20.63184,-4.977129,-4.881874
6.4,-62.45636,-5,0.7227979,-0.3005084,-20.19923,-23.75915,-4.977129,-4.979072
6.42,0.5524292,-5,0.3011707,-0.5558035,-24.65725,-23.25128,-4.707209,-4.912
6.44,-3.790955,-5,-0.1524187,-0.7877778,-23.03893,-15.03576,-4.707209,-4.912313
6.46,1.870972,-5,-0.5145072,-0.916041,-13.51221,-8.819647,-4.707209,-4.918907
6.48,-229.1832,-5,-0.007785401,-0.9068501,26.54887,-6.319265,-5.989328,-5.590822
6.5,29.02277,-5,0.3785121,-0.8065493,18.54887,-28.90014,-4.977129,-5.239193
6.52,-35.31317,-5,0.5338757,-0.8374282,4.426728,-18.30728,-5.044609,-5.118212
6.54,-30.52679,-5,0.4768474,-0.7670788,-4.641977,-17.60056,-4.909649,-4.99709
6.56,-69.72461,-5,0.4521675,-0.7382956,0.8694746,-16.63329,-5.044609,-5.042845
6.58,-53.36072,-5,0.4964579,-0.7195169,1.144284,-20.08626,-4.977129,-5.029764
6.6,-51.66956,-5,0.3227734,-0.7950921,-7.145795,-20.13463,-4.977129,-5.05662
6.62,-46.80011,-5,0.1878113,-0.8802112,-7.863354,-19.54599,-4.977129,-5.081999
6.64,-55.5755,-5,0.143625,-0.9411634,-3.420603,-18.54397,-5.044609,-5.129129
6.66,-37.14874,-5,0.08706007,-0.9783239,-3.038924,-18.5507,-4.977129,-5.107685
6.68,-37.37488,-5,-0.03799922,-1.0209,-4.916787,-16.26842,-4.977129,-5.105221
6.7,-35.37396,-5,-0.1295322,-1.038137,-3.451137,-14.46748,-4.977129,-5.103646
6.72,-34.98535,-5,-0.1143246,-1.014044,-0.519839,-13.11651,-4.977129,-5.08918
6.74,-35.13892,-5,-0.1157928,-0.9766241,-0.5656406,-12.16804,-4.977129,-5.076057
6.76,-36.00354,-5,-0.07289381,-0.9249302,1.983979,-11.69052,-4.977129,-5.060647
6.78,-36.48315,-5,-0.05517551,-0.8791009,0.9763447,-11.51187,-4.977129,-5.050717
6.8,-36.8385,-5,-0.02394994,-0.8375289,1.525963,-11.53906,-4.977129,-5.042407
6.82,-47.94305,-5,-0.02796079,-0.8195827,-0.03128911,-11.59722,-5.044609,-5.080725
6.84,-42.91284,-5,0.01906753,-0.8028125,1.739704,-12.90963,-5.044609,-5.091822
6.86,-30.23279,-5,0.05662142,-0.7879655,2.060315,-13.36729,-4.977129,-5.052212
6.88,-47.24219,-5,0.0647526,-0.7818435,0.1519171,-12.44328,-5.044609,-5.074912
6.9,-32.60583,-5,0.07100971,-0.7684635,0.6557342,-13.54694,-4.977129,-5.045114
6.92,-36.7215,-5,0.07689314,-0.7634699,0.4114593,-12.81895,-4.977129,-5.032543
6.94,-26.2381,-5,0.05097682,-0.7530526,-0.8557167,-12.64242,-4.909649,-4.990336
6.96,-55.44751,-5,0.0711672,-0.7468085,0.7168028,-11.58698,-5.044609,-5.050011
6.98,-35.39526,-5,0.0698915,-0.7421538,-0.1992282,-13.80803,-4.977129,-5.038085
7,-37.5874,-5,0.09055915,-0.7496955,1.067948,-13.3201,-4.977129,-5.031062
7.02,-38.18188,-5,0.06110749,-0.7581035,-1.496938,-13.12225,-4.977129,-5.031441
7.04,-38.80688,-5,0.07856046,-0.7564678,1.32749,-13.11202,-4.977129,-5.028583
7.06,-50.72479,-5,0.07416374,-0.7653224,-0.5045714,-13.17988,-5.044609,-5.068902
7.08,-45.35242,-5,0.07066434,-0.781767,0.4725278,-14.41647,-5.044609,-5.087891
7.1,-31.11963,-5,0.04668012,-0.8042243,-0.6419765,-14.5854,-4.977129,-5.058253
7.12,-47.81757,-5,0.06184668,-0.8143638,0.7626044,-13.34002,-5.044609,-5.080669
7.14,-33.58191,-5,0.06596914,-0.8071957,0.2740546,-14.19428,-4.977129,-5.048919
7.16,-49.67719,-5,0.07103116,-0.8111956,-0.3671672,-13.36529,-5.044609,-5.075418
7.18,-35.01685,-5,0.08514021,-0.8028108,0.4419934,-14.46712,-4.977129,-5.045639
7.2,-38.94757,-5,0.07528653,-0.8055292,-0.7641136,-13.68332,-4.977129,-5.035003
7.22,-40.86719,-5,0.08495922,-0.7972888,0.8694746,-13.59803,-4.977129,-5.029159
7.24,-52.9549,-5,0.07564375,-0.8034306,-0.4282355,-13.73048,-5.044609,-5.069808
7.26,-36.25098,-5,0.08539703,-0.8076465,0.3503905,-15.0465,-4.977129,-5.047085
7.28,-28.00623,-5,0.07867517,-0.8107978,-0.4893047,-14.18345,-4.909649,-4.99723
7.3,-47.04462,-5,0.09234343,-0.7997491,0.4877952,-12.85665,-4.977129,-5.01277
7.32,-44.45404,-5,0.08250203,-0.7916706,-0.1686933,-13.87005,-4.977129,-5.022861
7.34,-55.00983,-5,0.1020771,-0.8014555,0.3351234,-14.36885,-5.044609,-5.067336
7.36,-37.40106,-5,0.08958343,-0.8182486,0.1366499,-15.6974,-4.977129,-5.049314
7.38,-40.61633,-5,0.0922106,-0.8341591,-0.4129688,-14.80897,-4.977129,-5.039885
7.4,-42.21826,-5,0.08113604,-0.8380831,-0.519839,-14.51334,-4.977129,-5.035799
7.42,-55.07776,-5,0.1016746,-0.8404325,0.2893218,-14.57674,-5.044609,-5.071894
7.44,-49.75977,-5,0.07912333,-0.8590363,0.1519171,-15.84157,-5.044609,-5.092511
7.46,-59.11853,-5,0.07968909,-0.8924756,-0.2908313,-16.16871,-5.112089,-5.141841
7.48,-29.62836,-5,0.05775015,-0.9155828,-1.008389,-17.20755,-4.977129,-5.083878
7.5,-38.97058,-5,0.07817044,-0.917956,0.6404669,-14.99038,-4.977129,-5.052117
7.52,-42.50348,-5,0.03494329,-0.9085606,-1.496938,-14.32736,-4.977129,-5.042583
7.54,-44.89508,-5,0.08956762,-0.8810586,3.052681,-14.43127,-4.977129,-5.031609
7.56,-34.48267,-5,0.09525772,-0.8581294,-0.596175,-14.73564,-4.909649,-4.988591
7.58,-51.6886,-5,0.09759866,-0.8483203,0.2435202,-13.91999,-4.977129,-5.012247
7.6,-48.48529,-5,0.1068419,-0.8414041,-0.04655629,-15.15018,-4.977129,-5.023932
7.62,-58.61438,-5,0.1135126,-0.8582707,0.6862684,-15.68723,-5.044609,-5.071135
7.64,-40.71613,-5,0.09633288,-0.8811022,-0.6877776,-16.98277,-4.977129,-5.054509
7.66,-43.94739,-5,0.1009736,-0.8996166,0.5793981,-16.05063,-4.977129,-5.044838
7.68,-45.16772,-5,0.07011361,-0.9100847,-1.878618,-15.66102,-4.977129,-5.042911
7.7,-46.01617,-5,0.08117709,-0.909397,1.098482,-15.56618,-4.977129,-5.039495
7.72,-46.58026,-5,0.08172286,-0.908523,-0.7030448,-15.59231,-4.977129,-5.038045
7.74,-46.61719,-5,0.07219441,-0.9117451,0.6251997,-15.63527,-4.977129,-5.039039
7.76,-46.38623,-5,0.06322441,-0.9170698,-0.4282355,-15.63777,-4.977129,-5.040443
7.78,-46.44885,-5,0.06750789,-0.91921,0.4877952,-15.6313,-4.977129,-5.039835
7.8,-46.29102,-5,0.05399157,-0.9244269,-0.1534266,-15.58826,-4.977129,-5.040967
7.82,-46.53003,-5,0.0648265,-0.9240543,0.1977187,-15.58114,-4.977129,-5.039281
7.84,-46.63617,-5,0.0580494,-0.9259925,-0.04655629,-15.57829,-4.977129,-5.039315
7.86,-46.77283,-5,0.06059795,-0.9267011,0.3351234,-15.59636,-4.977129,-5.038745
7.88,-46.80536,-5,0.0561964,-0.9289132,-0.2144953,-15.60783,-4.977129,-5.038941
7.9,-46.93506,-5,0.05890135,-0.9299073,0.1519171,-15.62852,-4.977129,-5.038404
7.92,-47.05121,-5,0.05747938,-0.9315327,0.02977964,-15.6512,-4.977129,-5.038246
7.94,-47.19965,-5,0.05878295,-0.932823,0.1061156,-15.68313,-4.977129,-5.037892
7.96,-47.54364,-5,0.06662034,-0.9323031,0.1061156,-15.74671,-4.977129,-5.036709
7.98,-47.83771,-5,0.06807579,-0.9331123,0.09084838,-15.82954,-4.977129,-5.036378
8,-59.53656,-5,0.06628126,-0.9438344,-0.01602192,-15.93437,-5.044609,-5.077477
8.02,-88.71796,5,0.06671248,-0.9528421,0.04504682,-17.16165,-4.977129,-5.055513
8.04,-107.2498,5,0.06415443,-1.022417,-0.3519,-20.98609,-5.044609,-5.086852
8.06,-96.34863,5,0.02554886,-1.153173,-2.84045,-25.28302,-4.977129,-5.063287
8.08,-103.5035,5,-0.1326327,-1.349262,-8.428238,-26.54879,-4.977129,-5.065112
8.1,-105.5712,5,-0.4031954,-1.587767,-15.51221,-27.25694,-4.977129,-5.084068
8.12,-101.9849,5,-0.8138313,-1.877216,-23.1916,-26.6025,-4.977129,-5.119195
8.14,-93.65094,5,-1.319993,-2.19746,-27.1,-24.14357,-4.977129,-5.15989
8.16,-83.42218,5,-1.834692,-2.505617,-24.1687,-19.97136,-4.977129,-5.189671
8.18,-83.15826,5,-1.941987,-2.664618,1.510696,-15.84527,-4.977129,-5.152955
8.2,68.50949,5,-1.871439,-2.5799,2.243521,-13.00285,-4.03241,-4.509831
8.22,-240.6938,5,-1.803274,-2.516796,4.441995,3.441024,-5.314529,-4.956085
8.24,-11.40936,5,-1.518265,-2.287168,9.861844,-17.51992,-4.30233,-4.508564
8.26,-312.4922,5,-1.136314,-2.333082,23.19009,-10.04557,-5.65193,-5.087031
8.28,-73.75375,5,-0.7872807,-2.285843,14.21299,-36.36945,-4.639729,-4.712123
8.3,-119.1851,5,-0.8790529,-2.491307,-5.985489,-29.3972,-4.572248,-4.54243
8.32,-173.6877,5,-1.057787,-2.652194,-13.71068,-28.93351,-4.707209,-4.570438
8.34,-145.3712,5,-1.514644,-2.921219,-22.87099,-32.61399,-4.572248,-4.562455
8.36,-166.3377,5,-2.085353,-3.310938,-29.84809,-30.37123,-4.707209,-4.692857
8.38,-144.0453,5,-2.717264,-3.724243,-32.73359,-28.91946,-4.707209,-4.785514
8.4,-176.3208,5,-3.166712,-4.106146,-21.51221,-24.32399,-4.977129,-4.981778
8.42,-166.8494,5,-3.249772,-4.337181,-4.565641,-24.31607,-5.044609,-5.052232
8.44,11.37858,5,-3.269972,-4.364971,-2.94732,-22.93213,-4.03241,-4.425309
8.46,-73.52074,5,-3.409641,-4.279308,-8.977857,-3.591795,-4.03241,-4.122404
8.48,-158.7037,5,-3.430621,-4.064642,2.961078,0.5522017,-4.30233,-4.128259
8.5,-213.989,5,-2.823257,-3.804602,28.60994,-7.473307,-4.572248,-4.21787
8.52,-290.1111,5,-2.406761,-3.748714,19.67864,-19.96609,-5.044609,-4.520194
8.54,-68.45995,5,-2.390045,-3.83295,-0.0007547362,-35.60667,-3.96493,-4.037436
8.56,10.98199,5,-2.605923,-3.922289,-20.55038,-22.5885,-3.08769,-3.326496
8.58,-292.9409,5,-3.470021,-4.152858,-48.55039,-3.617608,-4.36981,-3.876321
8.6,-27.24734,5,-4.326431,-4.379431,-28.29084,-18.51343,-3.357609,-3.596054
8.62,6.672699,5,-3.230336,-4.15568,41.20537,-5.022695,-2.75029,-2.903499
8.64,-155.9624,5,-2.782326,-3.738416,19.17482,5.606606,-3.08769,-2.735417
8.66,-235.672,5,-2.606573,-3.461344,8.96108,-4.557212,-3.425089,-2.892674
8.68,-114.9714,5,-1.889784,-3.230577,43.64811,-21.53199,-2.75029,-2.52206
8.7,-298.5414,5,-1.37923,-3.204098,15.25116,-22.62668,-3.425089,-2.755776
8.72,-78.96252,5,-1.863764,-3.381905,-28.0771,-39.94252,-2.345409,-2.334523
8.74,-203.2756,5,-2.528815,-3.832699,-39.77176,-27.21105,-2.75029,-2.490592
8.76,-4.153503,5,-3.305155,-4.144258,-42.94733,-28.43037,-1.738089,-2.019984
8.78,-114.1481,5,-4.181664,-4.498724,-25.71069,-6.338511,-2.075489,-2.070914
8.8,1.341614,5,-4.107609,-4.391833,5.98398,-2.869282,-1.40069,-1.603426
8.82,-184.4974,5,-3.707056,-4.15921,26.50307,9.472394,-2.075489,-1.714483
8.84,-80.08374,5,-2.86828,-3.681339,39.51071,-3.757123,-1.46817,-1.299696
8.86,-30.22485,5,-2.257079,-3.258175,30.3962,-3.798806,-0.7933693,-0.6836591
8.88,-230.9489,5,-1.672028,-2.895136,21.78551,-1.072597,-1.40069,-0.761237
8.9,-277.7006,5,-1.656258,-2.843103,-1.771747,-19.78328,-1.738089,-1.081445
8.92,-128.5442,5,-1.968096,-3.144639,-18.42824,-35.63823,-1.13077,-0.9608435
8.94,-200.7834,5,-2.645956,-3.693748,-33.87862,-28.96643,-1.46817,-1.198816
8.96,-46.60168,5,-3.542639,-4.180281,-45.71069,-28.63583,-0.7933693,-0.9709919
8.98,-186.3189,5,-4.315674,-4.661931,-22.70305,-10.52593,-1.46817,-1.301425
9,-33.15643,5,-4.308076,-4.726867,4.426728,-12.45365,-0.7933693,-0.9586488
9.02,-37.98199,5,-3.687323,-4.467771,21.86185,-0.2436681,-0.4559698,-0.4732198
9.04,23.90674,5,-3.541,-4.020708,11.49543,7.091859,0.2863102,0.2088072
9.06,-27.65576,5,-3.018783,-3.427433,34.62521,16.49878,0.5562305,0.7161258
9.08,-220.0084,5,-2.284322,-2.854409,41.93819,14.74571,-0.1185694,0.5728803
9.1,-175.0404,5,-1.091041,-2.320452,63.73973,-9.796431,0.15135,0.7310877
9.12,-150.514,5,-0.103524,-2.00929,39.83132,-24.7315,0.5562305,1.054004
9.14,-89.53918,5,0.001271904,-1.944725,-2.657244,-32.35303,1.23103,1.503103
9.16,-259.3601,5,-0.8046555,-2.31301,-47.35955,-28.89223,0.5562305,1.112552
9.18,-75.36572,5,-2.049045,-2.911028,-64.56567,-39.37727,1.23103,1.162292
9.2,28.36584,5,-2.541161,-3.360255,4.106117,-25.86659,1.90583,1.57996
9.22,17.73169,5,-2.560668,-3.349209,-10.45877,-6.336703,2.243231,2.039625
9.24,84.99304,5,-3.125689,-3.158597,5.434361,7.633029,2.918031,2.608541
9.26,53.30408,5,-2.368498,-2.541467,44.38094,21.22371,3.25543,3.185476
9.28,33.18677,5,-1.804997,-1.796846,39.86185,25.23358,3.592831,3.682828
9.3,-2.605957,5,-0.1403551,-0.7993042,76.39622,20.34468,3.93023,4.247686
9.32,25.32117,5,0.8973147,0.06878039,46.28934,10.20624,4.60503,4.899229
9.34,-173.3921,5,1.470668,0.5412745,24.15192,4.090966,3.99771,4.743259
9.36,-233.2537,5,1.492995,0.5197866,-0.4893047,-20.33812,3.525351,4.252847
9.38,8.767822,5,1.465568,0.2116686,-4.977856,-42.09737,4.60503,4.589037
9.4,-29.12268,5,0.8422136,-0.3016974,-37.86336,-30.01358,4.67251,4.670024
9.42,-41.46606,5,-0.3173876,-0.8331462,-60.07711,-22.05617,4.60503,4.534248
9.44,-96.87402,5,-0.6459933,-1.204361,10.85421,-17.12226,4.20015,4.239203
9.46,-55.50293,5,-0.5136582,-1.361063,2.121383,-19.88942,4.267631,4.210622
9.48,120.4473,5,-0.6100237,-1.374471,-2.122893,-16.84309,5.27983,4.817331
9.5,-188.1534,5,-0.8848833,-1.447137,-17.86336,3.341764,3.93023,4.262813
9.52,71.89514,5,-1.22864,-1.408319,-9.66488,-12.91751,4.94243,4.592156
9.54,18.02246,5,-0.7587632,-1.278214,24.54887,1.037443,4.94243,4.821444
9.56,-5.495728,5,-0.9100714,-1.083625,-13.97022,5.330359,4.94243,4.909905
9.58,-76.70496,5,-1.051072,-0.9998568,15.5107,6.145905,4.53755,4.681009
9.6,-51.58618,5,-0.1427847,-0.7221607,32.33513,-3.525506,4.60503,4.735333
9.62,-60.34229,5,0.09013769,-0.6054998,6.930545,-8.164582,4.60503,4.751662
9.64,-70.06982,5,-0.08502272,-0.6690072,-12.53511,-11.56398,4.53755,4.661769
9.66,-40.19556,5,-0.4613776,-0.8645465,-16.64198,-13.50809,4.60503,4.602901
9.68,136.8025,5,-0.481782,-0.8793477,-5.619077,-11.34151,5.61723,5.199922
9.7,-112.5237,5,-0.7785217,-0.9316005,-14.18397,8.565995,4.60503,4.838391
9.72,99.76868,5,-0.741062,-0.744966,1.373291,-3.2181,5.54975,5.261548
9.74,35.59253,5,-0.2943086,-0.5075646,24.54887,8.93816,5.54975,5.506938
9.76,9.724609,5,-0.3836318,-0.2646204,-10.18396,10.7896,5.54975,5.587638
9.78,2.739624,5,-0.2807771,-0.07508985,13.72444,9.072615,5.54975,5.613651
9.8,-245.8522,5,0.4656825,0.06276196,30.15193,4.213168,4.20015,4.887699
9.82,-128.3717,5,0.7369932,-0.01730928,9.587034,-24.95899,4.335111,4.626975
9.84,-125.774,5,0.8461224,-0.3841875,1.983979,-32.81499,4.20015,4.406285
9.86,140.5054,5,0.5289627,-0.6600529,-26.36718,-36.20783,5.61723,5.115916
9.88,53.599,5,-0.3773551,-0.9493616,-49.05421,-8.569772,5.61723,5.338286
9.9,-146.8538,5,-1.202638,-1.165033,-35.17634,3.274899,4.53755,4.728286
9.92,125.1272,5,-1.272203,-1.156384,7.373293,-8.448096,5.61723,5.140411
9.94,-4.322998,5,-0.5157179,-0.9298605,31.48017,8.617517,5.27983,5.259605
9.96,-16.25769,5,-0.4132864,-0.6166787,-2.550374,6.48386,5.27983,5.321001
9.98,-66.52136,5,-0.7081907,-0.575798,4.609933,4.775427,4.94243,5.078958
10,-61.78149,5,0.1043177,-0.387448,30.38093,-4.177566,4.87495,5.032236
10.02,141.3943,5,0.2034018,-0.2327788,3.358025,-9.517935,6.02211,5.684135
10.04,41.16479,5,0.1813288,-0.08379394,-4.245031,7.487772,5.95463,5.913588
10.06,4.381348,5,0.03584079,0.1176731,-11.54274,9.050201,5.887151,5.939014
10.08,-3.070923,5,0.4051058,0.341268,23.67864,5.131413,5.887151,5.973967
10.1,-19.05798,5,1.017982,0.5867832,29.93819,-0.2833169,5.887151,6.034407
10.12,-31.94275,5,1.285124,0.7156882,12.13665,-6.398141,5.887151,6.044087
10.14,-22.96838,5,1.277024,0.6941005,0.5793981,-11.71621,5.95463,6.039704
10.16,-13.9502,5,1.218504,0.5931157,-2.84045,-14.13495,6.02211,6.041456
10.18,-39.09265,5,1.05844,0.4329326,-7.680146,-14.36563,5.887151,5.926376
10.2,-13.30054,5,0.8852037,0.264812,-9.451139,-16.47055,5.95463,5.890655
10.22,-0.6853027,5,0.8240483,0.1368919,-2.932054,-15.04415,6.02211,5.914158
10.24,-31.23499,5,0.8303298,0.06875421,0.8542075,-12.9182,5.887151,5.85219
10.26,-14.62134,5,0.87723,0.05164962,2.793139,-14.74291,5.95463,5.871451
10.28,-18.33057,5,0.8644174,0.02183528,-1.283198,-14.23571,5.95463,5.873401
10.3,-20.49097,5,0.8823581,0.01024503,1.342757,-14.34468,5.95463,5.873297
10.32,-263.9509,5,0.8704883,-0.1718578,-0.3366328,-15.13045,4.53755,5.013745
10.34,94.05371,5,0.834318,-0.318098,-1.130526,-39.56743,5.95463,5.47025
10.36,32.9635,5,0.5182168,-0.5754743,-23.34427,-18.51156,5.95463,5.648599
10.38,21.375,5,-0.2231936,-0.6949835,-25.64962,-8.288469,5.95463,5.671425
10.4,-64.27234,5,0.3559803,-0.5124642,31.29696,-4.796739,5.54975,5.551232
10.42,-39.26575,5,0.7270938,-0.2975918,16.97635,-12.34282,5.61723,5.577166
10.44,-43.88428,5,0.9496086,-0.1888251,5.739706,-15.54355,5.61723,5.589149
10.46,-37.91626,5,0.6900992,-0.2440917,-16.19923,-17.24831,5.61723,5.537541
10.48,-40.66589,5,0.5615306,-0.3412414,-3.130527,-17.36269,5.54975,5.456611
10.5,-18.6405,5,0.5139289,-0.4090081,-6.3061,-17.52817,5.61723,5.465004
10.52,-29.04211,5,0.3761891,-0.4813771,-4.626711,-14.97021,5.54975,5.421485
10.54,-11.33276,5,0.3474252,-0.4952146,-0.5809073,-14.20175,5.61723,5.452585
10.56,-15.43665,5,0.3713107,-0.4698965,0.1824515,-11.97786,5.61723,5.479406
10.58,-17.09473,5,0.3555668,-0.4273991,0.8694746,-10.86012,5.61723,5.493942
10.6,-18.62817,5,0.4208304,-0.3650581,2.915277,-10.49811,5.61723,5.510602
10.62,-31.05212,5,0.4540142,-0.3183455,1.953444,-10.5403,5.54975,5.479507
10.64,-14.80872,5,0.508139,-0.2737888,3.159552,-11.97061,5.61723,5.50983
10.66,-6.085327,5,0.5072559,-0.2448471,-0.1992282,-11.24072,5.684711,5.560505
10.68,-35.65466,5,0.5252602,-0.2201014,1.419093,-9.985856,5.54975,5.503223
10.7,-27.58984,5,0.5593442,-0.1982477,1.800773,-12.25166,5.54975,5.479001
10.72,-13.21765,5,0.6055018,-0.1884928,0.4114593,-13.05989,5.61723,5.511097
10.74,-17.08899,5,0.5859849,-0.1886241,0.4877952,-12.07694,5.61723,5.520926
10.76,-29.80225,5,0.5796033,-0.1874627,-0.2144953,-11.82223,5.54975,5.483321
10.78,-24.71204,5,0.5912831,-0.1886452,0.1213828,-12.9743,5.54975,5.46673
10.8,-22.69482,5,0.6023606,-0.1980515,0.1366499,-13.2567,5.54975,5.459672
10.82,-10.33044,5,0.5992368,-0.1991452,0.2587874,-13.20364,5.61723,5.496626
10.84,-26.99915,5,0.5977409,-0.1982609,0.1061156,-11.94102,5.54975,5.472668
10.86,-11.8606,5,0.593981,-0.1851164,0.4419934,-12.75052,5.61723,5.501351
10.88,-15.6084,5,0.6020573,-0.1741281,0.1671843,-11.78179,5.61723,5.514273
10.9,-28.41211,5,0.5976247,-0.1651954,0.6710012,-11.52881,5.54975,5.478141
10.92,-11.95361,5,0.6201813,-0.1503792,1.098482,-12.70147,5.61723,5.503976
10.94,-15.06226,5,0.6183186,-0.145208,-0.3519,-11.80553,5.61723,5.513893
10.96,-27.73767,5,0.6193366,-0.1389706,0.6404669,-11.55491,5.54975,5.477527
10.98,-22.42725,5,0.6227896,-0.1390627,0.3961921,-12.67704,5.54975,5.460353
11,-8.235596,5,0.6176128,-0.1434236,-0.107625,-12.83602,5.61723,5.492013
11.02,-12.54089,5,0.6152892,-0.1379988,0.1671843,-11.49954,5.61723,5.507204
11.04,-25.67126,5,0.6089423,-0.1282172,0.2435202,-11.05348,5.54975,5.473134
11.06,-9.724365,5,0.6444234,-0.106668,1.510696,-12.17487,5.61723,5.502093
11.08,-12.82935,5,0.6325101,-0.0996592,-0.4282355,-11.2621,5.61723,5.511682
11.1,-25.31348,5,0.6320167,-0.09224114,0.4725278,-10.99413,5.54975,5.475063
11.12,-8.118408,5,0.6279864,-0.08510226,0.04504682,-12.0341,5.61723,5.497762
11.14,-11.14148,5,0.638422,-0.07850911,0.1519171,-11.01694,5.61723,5.509452
11.16,-23.67297,5,0.6286577,-0.07234456,0.2893218,-10.64026,5.54975,5.473135
11.18,-6.622437,5,0.6296411,-0.06298432,-0.07709067,-11.62988,5.61723,5.497065
11.2,-9.612671,5,0.6353804,-0.05560555,0.2740546,-10.57774,5.61723,5.508754
11.22,-10.67261,5,0.6319876,-0.03859845,0.1977187,-10.17052,5.61723,5.514074
11.24,-22.43896,5,0.6408361,-0.02735509,0.1213828,-10.05928,5.54975,5.476418
11.26,-5.318848,5,0.6511005,-0.01534821,0.6099325,-11.17792,5.61723,5.500324
11.28,-8.633179,5,0.6702448,-0.004526392,0.5641309,-10.24973,5.61723,5.513058
11.3,-9.755615,5,0.6625643,0.01115966,0.2435202,-9.94334,5.61723,5.51725
11.32,-22.09851,5,0.6958196,0.0265649,1.92291,-9.988675,5.54975,5.481658
11.34,-6.139648,5,0.7373188,0.04654211,1.739704,-11.37652,5.61723,5.50894
11.36,1.908081,5,0.7411458,0.06049995,-0.3060985,-10.66864,5.684711,5.559089
11.38,-16.30859,5,0.7412775,0.07686975,0.304589,-9.415243,5.61723,5.539301
11.4,-12.82959,5,0.732761,0.08917318,0.02977964,-10.39538,5.61723,5.526585
11.42,-11.03577,5,0.7486556,0.09107109,0.7931387,-10.74149,5.61723,5.520758
11.44,1.818481,5,0.7340922,0.09322984,0.06031401,-10.71243,5.684711,5.555986
11.46,-26.20593,5,0.7427338,0.09154465,0.07558119,-9.474023,5.54975,5.492151
11.48,-5.494385,5,0.7384833,0.09470614,0.4419934,-11.44232,5.61723,5.502694
11.5,-7.331177,5,0.7606937,0.09162547,2.564131,-10.72334,5.61723,5.509836
11.52,-7.014893,5,0.7089873,0.0844179,-0.5809073,-10.2581,5.61723,5.506692
11.54,-7.217529,5,0.741067,0.09664343,0.6404669,-10.02457,5.61723,5.511086
11.56,-7.692993,5,0.7562441,0.1124057,1.235887,-9.939122,5.61723,5.514509
11.58,-7.919434,5,0.7681345,0.1270782,-0.03128911,-9.968021,5.61723,5.51598
11.6,-18.95752,5,0.7588336,0.1258587,-0.3671672,-10.00076,5.54975,5.473065
11.62,-1.005005,5,0.7484089,0.1225886,-0.3366328,-11.07238,5.61723,5.492335
11.64,-3.456543,5,0.743531,0.1184796,-0.1686933,-9.948568,5.61723,5.501395
11.66,-4.231934,5,0.7315075,0.1272498,-0.4740371,-9.411235,5.61723,5.505574
11.68,-16.41174,5,0.7557791,0.1396141,0.304589,-9.238131,5.54975,5.470441
11.7,-10.797,5,0.7488782,0.1400387,-0.06182348,-10.32519,5.54975,5.452442
11.72,-8.017212,5,0.7467268,0.1299374,-0.3060985,-10.46473,5.54975,5.443969
11.74,-6.751587,5,0.7418295,0.1233055,-0.2755641,-10.25727,5.54975,5.441029
11.76,5.396851,5,0.737808,0.1307118,-0.01602192,-9.951265,5.61723,5.481313
11.78,0.2856445,5,0.7365443,0.1490541,0.02977964,-8.516181,5.61723,5.500379
11.8,-1.719727,5,0.743704,0.1797228,-0.03128911,-8.105116,5.61723,5.509813
11.82,-15.24109,5,0.8139029,0.2157842,4.167186,-8.294037,5.54975,5.48058
11.84,-0.7709961,5,0.8970274,0.2570581,3.403826,-10.03636,5.61723,5.513602
11.86,-28.02344,5,0.9044897,0.2547773,0.9763447,-9.801824,5.48227,5.441116
11.88,5.214111,5,0.8891268,0.2476242,-0.6114421,-12.29623,5.61723,5.483151
11.9,-0.3950195,5,0.8612444,0.2248777,-1.252663,-10.49534,5.61723,5.497178
11.92,-14.5965,5,0.8665024,0.2247455,1.358024,-9.918335,5.54975,5.465353
11.94,-9.706604,5,0.849353,0.2178181,-0.7030448,-10.91143,5.54975,5.447649
11.96,4.131958,5,0.8525321,0.2127563,-0.1534266,-11.05706,5.61723,5.480473
11.98,-0.6184082,5,0.8576645,0.2194383,-0.03128911,-9.773615,5.61723,5.496842
12,-2.475708,5,0.8533158,0.2370721,0.3198562,-9.39007,5.61723,5.503421
12.02,-14.36737,5,0.855513,0.2455197,0.09084838,-9.353712,5.54975,5.464555
12.04,2.960693,5,0.8579053,0.2521974,-0.1228922,-10.50873,5.61723,5.486549
12.06,-11.41406,5,0.8605845,0.2467288,0.09084838,-9.553646,5.54975,5.455915
12.08,4.4151,5,0.8630113,0.2553469,0.4572606,-10.35485,5.61723,5.483445
12.1,12.56323,5,0.8611526,0.2694407,-0.2755641,-9.2519,5.684711,5.536051
12.12,-17.755,5,0.8801596,0.2895113,1.266421,-7.81445,5.54975,5.481189
12.14,-11.31805,5,0.9571439,0.3218059,4.121384,-10.18246,5.54975,5.463628
12.16,-9.173279,5,0.9920237,0.3235169,-0.8251827,-11.21173,5.54975,5.454133
12.18,3.022522,5,1.006454,0.3229676,1.22062,-11.70059,5.61723,5.488517
12.2,-12.8913,5,0.9742749,0.306954,-0.1534266,-10.71204,5.54975,5.456748
12.22,-9.13269,5,0.9808106,0.3004697,0.2129859,-11.68944,5.54975,5.442525
12.24,-7.586243,5,0.9856244,0.2868455,0.5641309,-11.97196,5.54975,5.435387
12.26,-7.037659,5,0.9838116,0.2747473,0.09084838,-11.99777,5.54975,5.431495
12.28,-6.932678,5,0.9847646,0.2672543,0.1366499,-11.96404,5.54975,5.429615
12.3,4.185974,5,1.001955,0.2756044,0.3198562,-11.96521,5.61723,5.471076
12.32,-12.92413,5,0.996751,0.2792293,0.06031401,-10.85252,5.54975,5.44697
12.34,13.73993,5,0.9934391,0.2993816,0.4725278,-11.78277,5.684711,5.515151
12.36,-18.34973,5,0.9936956,0.303102,-0.04655629,-9.755717,5.54975,5.46307
12.38,0.4284058,5,1.005471,0.3216737,1.32749,-11.66907,5.61723,5.480353
12.4,-2.39624,5,1.041655,0.3311097,0.1977187,-11.15652,5.61723,5.490375
12.42,-15.42346,5,1.051425,0.3366351,1.022146,-11.1618,5.54975,5.453509
12.44,-9.957886,5,1.040774,0.3276176,-0.04655629,-12.44295,5.54975,5.432754
12.46,4.059326,5,1.046689,0.3180642,-0.4435031,-12.73106,5.61723,5.463917
12.48,-12.37378,5,1.055967,0.3128594,1.006879,-11.5645,5.54975,5.439077
12.5,-9.012268,5,1.053871,0.3130712,0.6251997,-12.44632,5.54975,5.426867
12.52,4.357361,5,1.048198,0.3100666,-0.0007547362,-12.64361,5.61723,5.459894
12.54,-0.5311279,5,1.057443,0.3179088,0.5030622,-11.45603,5.61723,5.476222
12.56,-2.379395,5,1.051342,0.3341308,0.4114593,-11.14438,5.61723,5.482049
12.58,-14.20911,5,1.051498,0.3399467,0.1213828,-11.1483,5.54975,5.44238
12.6,-8.376892,5,1.051141,0.3356055,0.09084838,-12.34021,5.54975,5.423055
12.62,6.078125,5,1.042832,0.3271065,-0.2908313,-12.48228,5.61723,5.453789
12.64,1.781433,5,1.04119,0.3305279,0.4572606,-11.11068,5.61723,5.46921
12.66,-11.04523,5,1.019269,0.3352211,0.304589,-10.58799,5.54975,5.43359
12.68,5.704224,5,1.028874,0.3479421,0.2740546,-11.54007,5.61723,5.459515
12.7,-9.068787,5,1.035821,0.350103,0.1671843,-10.52275,5.54975,5.431533
12.72,6.70282,5,1.036437,0.3637973,0.2282531,-11.31582,5.61723,5.459847
12.74,3.664917,5,1.023382,0.3703836,-0.183961,-10.19946,5.61723,5.470757
12.76,14.24023,5,1.023405,0.3968197,0.3351234,-9.740487,5.684711,5.517272
12.78,-2.69696,5,1.021831,0.4204147,-0.07709067,-8.385139,5.61723,5.497241
12.8,1.230408,5,1.019006,0.4423938,0.4572606,-9.183935,5.61723,5.486957
12.82,-8.358459,5,1.036434,0.4466875,0.8847416,-9.391893,5.54975,5.443066
12.84,-1.490479,5,1.023566,0.4374155,-0.4435031,-10.44789,5.54975,5.421556
12.86,1.602173,5,1.022563,0.4232039,-0.2297625,-10.44397,5.54975,5.413399
12.88,14.39014,5,1.016405,0.4239996,-0.09235785,-10.0804,5.61723,5.45222
12.9,-2.060669,5,1.009567,0.430122,-0.1992282,-8.5491,5.54975,5.430417
12.92,1.772095,5,1.000428,0.4419251,0.1671843,-9.163189,5.54975,5.420281
12.94,13.46698,5,1.078214,0.474519,2.945811,-9.414618,5.61723,5.466456
12.96,-2.939636,5,1.049167,0.4843284,-0.7793808,-8.324783,5.54975,5.440257
12.98,12.52484,5,1.058726,0.5049857,0.1519171,-9.265065,5.61723,5.469067
13,8.398682,5,1.091023,0.5259823,0.8084057,-8.430798,5.61723,5.484846
13.02,-4.02948,5,1.063677,0.5325935,-0.2144953,-8.226896,5.54975,5.445866
13.04,13.31549,5,1.066619,0.5403588,-0.519839,-9.326984,5.61723,5.468288
13.06,21.96631,5,1.074371,0.5537861,0.2129859,-8.300101,5.684711,5.52012
13.08,-7.446411,5,1.061265,0.5639761,0.1061156,-6.753033,5.54975,5.461027
13.1,0.9955444,5,1.078313,0.5763118,0.2282531,-8.752877,5.54975,5.435753
13.12,14.79059,5,1.148743,0.5910675,3.953445,-9.429434,5.61723,5.472441
13.14,10.84326,5,1.111949,0.5906846,-1.451137,-8.359093,5.61723,5.482063
13.16,20.54785,5,1.137484,0.6176788,0.1824515,-8.111645,5.684711,5.530137
13.18,-8.911682,5,1.153077,0.6337851,0.7626044,-7.070465,5.54975,5.470311
13.2,11.68054,5,1.144607,0.6428103,-0.5656406,-9.299459,5.61723,5.479408
13.22,9.687683,5,1.183758,0.6441469,2.655735,-8.822322,5.61723,5.486736
13.24,-2.195801,5,1.15477,0.6340808,-0.3824344,-8.63592,5.54975,5.444583
13.26,14.14758,5,1.191441,0.6402076,1.403826,-9.8099,5.61723,5.470564
13.28,10.40405,5,1.198107,0.6415311,0.5793981,-8.95789,5.61723,5.481667
13.3,21.03619,5,1.173192,0.6523155,-0.2450293,-8.664339,5.684711,5.522992
13.32,15.46436,5,1.181996,0.673776,0.5793981,-7.425961,5.684711,5.542144
13.34,-9.64856,5,1.184343,0.6856379,-0.107625,-7.226677,5.54975,5.468205
13.36,12.396,5,1.19655,0.6898097,0.2435202,-9.640958,5.61723,5.474434
13.38,10.97437,5,1.223926,0.6834034,1.571765,-9.099708,5.61723,5.479622
13.4,-0.8278809,5,1.197432,0.670594,-0.4740371,-8.821895,5.54975,5.437866
13.42,4.322327,5,1.215487,0.6633429,0.5183294,-9.889378,5.54975,5.421601
13.44,5.752563,5,1.240309,0.6549273,0.8542075,-10.15751,5.54975,5.417089
13.46,17.95898,5,1.226043,0.6507667,0.1519171,-10.11766,5.61723,5.453228
13.48,12.44849,5,1.239909,0.6613756,0.2129859,-8.907429,5.61723,5.471446
13.5,-1.752625,5,1.25508,0.6768801,0.2435202,-8.741537,5.54975,5.439573
13.52,2.376038,5,1.281684,0.6859536,1.235887,-10.1538,5.54975,5.425224
13.54,16.46326,5,1.262634,0.677711,-0.9320526,-10.57877,5.61723,5.453654
13.56,0.3887329,5,1.27433,0.6722035,-0.09235785,-9.503367,5.54975,5.427402
13.58,15.35522,5,1.278107,0.6807953,0.5488637,-10.4038,5.61723,5.455964
13.6,23.51587,5,1.261817,0.688212,-0.7488468,-9.406565,5.684711,5.5059
13.62,4.943237,5,1.276826,0.7090735,0.5488637,-8.000447,5.61723,5.48976
13.64,5.802063,5,1.358847,0.7510027,3.877109,-9.222485,5.61723,5.490539
13.66,5.781799,5,1.387073,0.7683485,-0.6267089,-10.03667,5.61723,5.487701
13.68,-5.486023,5,1.394931,0.7613842,0.7778715,-10.62915,5.54975,5.441468
13.7,0.9874878,5,1.373727,0.7341002,-0.1534266,-12.08721,5.54975,5.414532
13.72,15.51282,5,1.368036,0.7076039,-0.8404495,-12.35383,5.61723,5.442056
13.74,10.57086,5,1.378396,0.7002333,0.5183294,-11.10261,5.61723,5.45735
13.76,-3.542847,5,1.382536,0.7019044,1.006879,-10.81752,5.54975,5.423847
13.78,12.67023,5,1.380129,0.7036512,-0.3977011,-12.02049,5.61723,5.446665
13.8,9.29187,5,1.38498,0.701193,-0.2908313,-11.19496,5.61723,5.456143
13.82,-3.86792,5,1.391606,0.7022717,0.7931387,-11.03982,5.54975,5.419983
13.84,1.251038,5,1.387267,0.6943365,0.2282531,-12.25016,5.54975,5.401176
13.86,15.38647,5,1.378297,0.6820245,-0.550373,-12.4762,5.61723,5.431342
13.88,-0.9229126,5,1.387522,0.6761698,0.304589,-11.25626,5.54975,5.406663
13.9,14.05597,5,1.38364,0.6843805,0.6099325,-12.05873,5.61723,5.435454
13.92,-0.9929199,5,1.371986,0.6785407,-0.4282355,-11.06114,5.54975,5.405408
13.94,2.723206,5,1.390476,0.6832664,0.2282531,-11.98281,5.54975,5.394361
13.96,16.44989,5,1.370962,0.6791858,0.1519171,-12.1228,5.61723,5.426339
13.98,12.1452,5,1.366099,0.683881,0.07558119,-10.81248,5.61723,5.441199
14,10.44373,5,1.365604,0.7023027,0.1061156,-10.37855,5.61723,5.448512
14.02,10.11804,5,1.366882,0.7199002,0.1061156,-10.26433,5.61723,5.451077
14.04,10.70001,5,1.357975,0.7308891,0.02977964,-10.18729,5.61723,5.450153
14.06,0.1204834,5,1.347926,0.7298318,0.1671843,-10.06428,5.54975,5.407815
14.08,18.16956,5,1.337767,0.7297618,-0.01602192,-10.98611,5.61723,5.42884
14.1,15.6123,5,1.336677,0.7312905,0.01451245,-9.765014,5.61723,5.440128
14.12,2.775635,5,1.342271,0.7420908,0.2740546,-9.257852,5.54975,5.407358
14.14,7.767639,5,1.350332,0.750079,0.2893218,-10.24077,5.54975,5.39351
14.16,21.65521,5,1.352472,0.754891,-0.3213652,-10.36315,5.61723,5.427959
14.18,-6.044312,5,1.358065,0.7529122,0.2435202,-9.109187,5.48227,5.364015
14.2,26.59039,5,1.342483,0.7613284,0.2435202,-10.97027,5.61723,5.414491
14.22,19.34277,5,1.36871,0.7730443,-0.2755641,-8.990417,5.61723,5.441435
14.24,4.578979,5,1.367954,0.7948036,1.266421,-8.436267,5.54975,5.413194
14.26,19.4353,5,1.424963,0.8298758,2.976346,-9.724183,5.61723,5.446266
14.28,3.160095,5,1.462133,0.8473255,0.6251997,-9.223863,5.54975,5.421253
14.3,18.28668,5,1.470668,0.8632185,1.373291,-10.53967,5.61723,5.447547
14.32,3.354553,5,1.467694,0.8570161,0.2282531,-9.896619,5.54975,5.415044
14.34,30.65979,5,1.472277,0.8680906,0.4877952,-10.94481,5.684711,5.480805
14.36,-1.565002,5,1.477339,0.8658646,0.5335966,-8.948987,5.54975,5.42857
14.38,17.26208,5,1.476415,0.8761921,1.480162,-10.85538,5.61723,5.44403
14.4,1.748718,5,1.555737,0.8841786,3.144284,-10.5064,5.54975,5.418426
14.42,17.74396,5,1.515422,0.878525,0.3656577,-11.68202,5.61723,5.438352
14.44,14.18732,5,1.534214,0.8753158,0.01451245,-10.90865,5.61723,5.44842
14.46,0.4562378,5,1.555588,0.8787846,1.083215,-10.85707,5.54975,5.414009
14.48,28.34821,5,1.551572,0.8859228,0.3503905,-12.14555,5.684711,5.476101
14.5,-3.708496,5,1.562374,0.8796257,-0.107625,-10.26962,5.54975,5.422492
14.52,15.34192,5,1.551527,0.8827711,1.174818,-12.20585,5.61723,5.435787
14.54,12.09991,5,1.605105,0.8866713,1.754971,-11.74247,5.61723,5.446853
14.56,11.57495,5,1.557832,0.8792828,-0.2908313,-11.60609,5.61723,5.443367
14.58,11.19562,5,1.584538,0.8835804,0.4877952,-11.65985,5.61723,5.444688
14.6,-0.8230591,5,1.595869,0.880264,0.8694746,-11.79755,5.54975,5.40448
14.62,4.658997,5,1.591913,0.8662493,0.3656577,-13.08812,5.54975,5.38377
14.64,6.950989,5,1.595231,0.8444423,-0.0007547362,-13.39861,5.54975,5.374163
14.66,7.790466,5,1.587044,0.8255677,0.3656577,-13.34664,5.54975,5.36938
14.68,8.095459,5,1.578655,0.812534,0.09084838,-13.20098,5.54975,5.366924
14.7,19.73816,5,1.574535,0.8133513,0.1061156,-13.03581,5.61723,5.406504
14.72,14.44855,5,1.567227,0.82267,0.2435202,-11.7274,5.61723,5.423688
14.74,12.80554,5,1.552624,0.8390531,0.1519171,-11.34697,5.61723,5.429191
14.76,0.977356,5,1.558822,0.8480381,0.6557342,-11.30435,5.54975,5.390933
14.78,29.99127,5,1.554203,0.8612067,-0.04655629,-12.39974,5.684711,5.453308
14.8,10.10968,5,1.560948,0.8703036,-0.1381594,-10.23981,5.61723,5.442056
14.82,1.264465,5,1.536443,0.8774757,0.06031401,-10.75999,5.54975,5.393326
14.84,19.24939,5,1.572033,0.8876057,1.693902,-12.08555,5.61723,5.416151
14.86,16.62762,5,1.564963,0.8875831,-1.191595,-11.11848,5.61723,5.425248
14.88,4.423157,5,1.548944,0.8873628,-0.7335792,-10.71387,5.54975,5.387558
14.9,21.42499,5,1.552965,0.8941128,0.1061156,-11.66295,5.61723,5.412177
14.92,41.80853,5,1.541492,0.9113815,-0.107625,-10.48072,5.752191,5.503714
14.94,7.335327,5,1.518197,0.9321159,-0.4129688,-7.612084,5.61723,5.462426
14.96,2.568359,5,1.521697,0.9544309,-0.09235785,-9.22805,5.54975,5.403615
14.98,21.39514,5,1.598467,0.9737746,6.121385,-11.00198,5.61723,5.425994
15,7.343689,5,1.593233,0.9662306,-2.51984,-10.27755,5.54975,5.392861
15.02,23.28369,5,1.598549,0.971022,-0.1686933,-11.20936,5.61723,5.419085
15.04,20.36353,5,1.575759,0.9669027,0.1519171,-10.13705,5.61723,5.427623
15.06,8.330017,5,1.551974,0.9632043,-0.962587,-9.667046,5.54975,5.389027
15.08,25.39026,5,1.556731,0.9691239,0.1213828,-10.55805,5.61723,5.413904
15.1,22.73071,5,1.540903,0.9697475,0.04504682,-9.367044,5.61723,5.424062
15.12,33.41101,5,1.535896,0.9924139,-0.3671672,-8.803783,5.684711,5.470572
15.14,16.10388,5,1.546715,1.018637,0.06031401,-7.411109,5.61723,5.452925
15.16,19.10388,5,1.568881,1.049217,1.403826,-8.307772,5.61723,5.446713
15.18,20.78583,5,1.578146,1.062059,-0.519839,-8.622045,5.61723,5.442689
15.2,21.34467,5,1.600437,1.074149,0.09084838,-8.731297,5.61723,5.44288
15.22,10.21344,5,1.6,1.073241,0.2893218,-8.767926,5.54975,5.401212
15.24,27.74487,5,1.598174,1.072229,0.2129859,-9.881243,5.61723,5.42218
15.26,13.22406,5,1.602897,1.063028,-0.04655629,-8.886125,5.54975,5.392089
15.28,17.15106,5,1.609636,1.062745,0.1213828,-9.716537,5.54975,5.380057
15.3,30.44073,5,1.60943,1.062343,0.01451245,-9.840539,5.61723,5.414795
15.32,14.34204,5,1.6,1.059863,-0.01602192,-8.573898,5.54975,5.389184
15.34,18.06427,5,1.598808,1.064325,0.1061156,-9.356787,5.54975,5.377768
15.36,31.67645,5,1.590751,1.065552,-0.03128911,-9.442233,5.61723,5.411799
15.38,26.995,5,1.597476,1.077637,-0.01602192,-8.145864,5.61723,5.429112
15.4,24.9668,5,1.604048,1.102182,0.1977187,-7.782663,5.61723,5.437797
15.42,13.18884,5,1.598482,1.11252,-0.01602192,-7.749933,5.54975,5.398682
15.44,30.62189,5,1.602475,1.121039,0.01451245,-8.900622,5.61723,5.421077
15.46,16.42511,5,1.599619,1.115468,-0.06182348,-7.912798,5.54975,5.390247
15.48,20.80573,5,1.600919,1.116529,0.1977187,-8.695319,5.54975,5.377484
15.5,45.86829,5,1.603337,1.127088,-0.01602192,-8.724092,5.684711,5.453587
15.52,12.81531,5,1.595528,1.134234,0.09084838,-6.236045,5.54975,5.406743
15.54,19.39984,5,1.614615,1.155227,1.403826,-7.990693,5.54975,5.387947
15.56,32.36017,5,1.689955,1.178609,1.32749,-8.709683,5.61723,5.427395
15.58,27.77222,5,1.670071,1.186896,0.6557342,-7.809037,5.61723,5.439331
15.6,26.61737,5,1.6589,1.198121,0.1213828,-7.639508,5.61723,5.441641
15.62,25.77295,5,1.695391,1.217175,0.6710012,-7.765852,5.61723,5.445981
15.64,37.20355,5,1.694686,1.234593,0.6862684,-7.905406,5.684711,5.485694
15.66,32.27655,5,1.689292,1.250633,0.01451245,-6.82445,5.684711,5.500995
15.68,7.316467,5,1.699925,1.259553,0.3961921,-6.692727,5.54975,5.42658
15.7,17.31775,5,1.727772,1.257135,2.02978,-9.215511,5.54975,5.393961
15.72,20.95966,5,1.75556,1.235941,-0.7946484,-9.964044,5.54975,5.380757
15.74,33.48145,5,1.758743,1.223167,0.7015356,-10.079,5.61723,5.415567
15.76,28.80206,5,1.729976,1.214064,-0.5045714,-8.797058,5.61723,5.427552
15.78,15.40894,5,1.727548,1.213921,0.3503905,-8.441553,5.54975,5.392437
15.8,31.21307,5,1.75471,1.224652,1.846574,-9.624249,5.61723,5.419583
15.82,16.20862,5,1.747316,1.216509,-0.7183124,-8.809777,5.54975,5.388287
15.84,31.60626,5,1.759624,1.22304,0.4572606,-9.803213,5.61723,5.415726
15.86,27.75159,5,1.764078,1.225833,-0.1686933,-8.919952,5.61723,5.427346
15.88,14.69403,5,1.761395,1.228186,0.2740546,-8.74262,5.54975,5.390705
15.9,31.47266,5,1.760127,1.230448,-0.03128911,-9.912379,5.61723,5.413027
15.92,28.24182,5,1.767115,1.230157,-0.1534266,-9.013887,5.61723,5.423397
15.94,15.41974,5,1.761412,1.230626,0.304589,-8.752824,5.54975,5.386613
15.96,32.12061,5,1.764777,1.234514,-0.01602192,-9.858778,5.61723,5.410134
15.98,29.18854,5,1.75653,1.232008,-0.06182348,-8.873857,5.61723,5.419292
16,28.02222,5,1.755834,1.242154,0.4419934,-8.516459,5.61723,5.424051
16.02,62.48853,-5,1.748244,1.243265,-0.07709067,-8.39514,5.54975,5.384109
16.04,83.52405,-5,1.744042,1.295038,0.1824515,-4.743075,5.61723,5.406729
16.06,73.99878,-5,1.760547,1.408299,1.892376,-0.2323169,5.54975,5.378218
16.08,91.01465,-5,2.001682,1.628554,13.89238,1.057476,5.61723,5.431455
16.1,83.66641,-5,2.376309,1.917382,18.5794,2.421434,5.61723,5.484082
16.12,67.23611,-5,2.677925,2.200566,15.64811,1.590398,5.54975,5.471148
16.14,68.97589,-5,3.043119,2.466607,18.33513,-1.801838,5.54975,5.470103
16.16,82.50085,-5,3.275632,2.668255,10.74734,-4.585236,5.61723,5.493619
16.18,-77.31256,-5,3.292909,2.667329,0.6862684,-5.43308,4.67251,4.895997
16.2,226.4183,-5,3.310541,2.704638,1.92291,-21.66119,5.95463,5.371844
16.22,-23.68007,-5,3.34795,2.619079,-1.252663,-2.219088,4.87495,4.930599
16.24,57.16386,-5,3.05565,2.589958,-24.24504,-13.58009,4.94243,4.729942
16.26,138.86,-5,3.327818,2.607124,15.80078,-13.65612,5.27983,4.875358
16.28,128.0984,-5,3.07737,2.620955,-10.3519,-4.571584,5.27983,4.908266
16.3,139.5905,-5,2.641613,2.646309,-11.329,1.873208,5.27983,4.874142
16.32,139.1173,-5,3.158382,2.928842,25.72445,5.617338,5.27983,4.943673
16.34,129.3886,-5,3.639304,3.30969,26.33513,6.486738,5.27983,5.021863
16.36,117.0528,-5,4.197997,3.721163,25.00689,4.249227,5.27983,5.087754
16.38,-75.08633,-5,4.569724,3.922718,19.4191,-0.08673763,4.20015,4.456549
16.4,251.5099,-5,4.928924,4.120622,18.4878,-22.98744,5.61723,5.011842
16.42,-8.351593,-5,4.95722,4.048656,0.8389403,-5.628444,4.53755,4.571073
16.44,70.24832,-5,4.66364,3.983364,-21.81756,-19.36993,4.60503,4.351086
16.46,163.8791,-5,4.900634,3.934118,13.58704,-21.12348,5.009911,4.512479
16.48,148.3228,-5,4.608163,3.873717,-12.45877,-11.82331,5.009911,4.542269
16.5,211.8137,-5,3.826515,3.783388,-41.46642,-4.46639,5.27983,4.623755
16.52,196.3702,-5,4.191953,4.002457,25.95345,5.632414,5.27983,4.741286
16.54,20.75513,-5,4.549842,4.27801,20.42673,9.251462,4.335111,4.273095
16.56,57.2627,-5,5.222143,4.561148,44.59468,-8.331902,4.20015,4.036487
16.58,84.63312,-5,5.752818,4.678492,26.90002,-17.99787,4.20015,3.947777
16.6,176.1235,-5,5.426599,4.597919,-14.51984,-20.34219,4.60503,4.066479
16.62,0.9690552,-5,4.796434,4.297164,-36.90153,-10.87912,3.592831,3.42344
16.64,153.3237,-5,4.484107,4.084987,-14.99313,-21.07609,3.93023,3.32395
16.66,150.0802,-5,4.704782,3.998852,11.70917,-13.14131,3.86275,3.304376
16.68,218.0857,-5,4.504463,4.05441,-16.10763,-7.378138,4.20015,3.497867
16.7,42.67493,-5,4.253465,4.05988,0.7320697,3.853005,3.25543,3.000989
16.72,331.3271,-5,4.55174,4.350042,16.22826,-6.88267,4.53755,3.603911
16.74,89.42896,-5,4.889299,4.597475,25.78551,13.74226,3.592831,3.34885
16.76,167.3979,-5,5.018275,4.936921,0.01451245,2.646446,3.79527,3.354339
16.78,20.94012,-5,4.86478,4.919028,5.800774,3.44084,2.850551,2.73688
16.8,355.5278,-5,5.263339,5.116838,9.846577,-11.54222,4.335111,3.402234
16.82,134.6205,-5,5.142744,5.162872,-0.4282355,12.48905,3.525351,3.192519
16.84,253.5967,-5,5.022504,5.400316,-7.313733,6.688431,3.99771,3.368543
16.86,47.32507,-5,4.871199,5.400963,5.144285,15.03149,2.850551,2.729303
16.88,200.8472,-5,5.306128,5.557282,12.82368,-1.522935,3.25543,2.747236
16.9,27.86401,-5,5.467408,5.481015,17.15956,2.183985,2.243231,2.155862
16.92,161.3026,-5,5.758924,5.490524,7.327492,-13.64922,2.58063,2.125966
16.94,56.83252,-5,5.512178,5.236227,-15.58855,-10.01826,1.90583,1.662524
16.96,175.2017,-5,5.498731,5.097136,-2.24503,-17.97168,2.243231,1.669448
16.98,66.2323,-5,5.129822,4.816433,-19.71068,-10.24994,1.568431,1.233111
17,239.8094,-5,5.112842,4.757547,-5.970222,-15.80735,2.243231,1.471711
17.02,83.79053,-5,5.016996,4.67183,1.70917,-1.86999,1.500951,1.142359
17.04,17.1084,-5,4.984259,4.624283,-6.47404,-8.512898,0.8261509,0.6018435
17.06,212.6038,-5,4.904552,4.529698,2.991613,-19.04294,1.500951,0.7609345
17.08,73.40039,-5,5.005258,4.431735,1.739704,-6.814809,0.8261509,0.4631305
17.1,22.28076,-5,4.59205,4.265668,-30.01603,-11.58221,0.2188301,-0.07171384
17.12,222.9913,-5,4.193094,4.048927,-7.924421,-18.22033,0.89363,0.0674179
17.14,81.09045,-5,4.482532,3.990624,9.281691,-3.524808,0.2188301,-0.186207
17.16,71.01172,-5,4.577023,4.063568,7.266424,-8.52247,-0.05108929,-0.4244658
17.18,-17.40405,-5,5.020285,4.090281,15.72444,-14.54011,-0.7258892,-0.8809811
17.2,159.2565,-5,4.72263,3.956349,-15.43587,-26.16637,-0.1185694,-0.7726114
17.22,97.53418,-5,4.215835,3.67171,-29.43588,-14.39456,-0.4559698,-0.9748859
17.24,101.3778,-5,3.707148,3.463314,-25.31374,-11.1717,-0.6584091,-1.205733
17.26,46.98547,-5,3.979495,3.422791,15.75498,-9.695889,-1.13077,-1.507544
17.28,-3.265259,-5,4.108729,3.367412,3.205353,-14.79726,-1.670609,-1.927456
17.3,-10.92175,-5,4.042176,3.173281,-1.328999,-23.11622,-2.075489,-2.357441
17.32,159.5375,-5,3.686094,2.916952,-18.27557,-27.91129,-1.46817,-2.208809
17.34,93.86316,-5,3.063401,2.617625,-36.36718,-11.86042,-1.805569,-2.376246
17.36,89.56873,-5,2.29392,2.382275,-38.88626,-5.337373,-2.075489,-2.645234
17.38,64.04993,-5,2.639855,2.409487,20.28933,-2.678509,-2.412889,-2.849581
17.4,-25.56824,-5,3.031028,2.496479,21.4649,-5.002108,-3.08769,-3.259378
17.42,144.5433,-5,3.369681,2.640993,15.83131,-16.41949,-2.412889,-2.988036
17.44,-171.6996,-5,3.602907,2.578286,1.678635,-8.156153,-4.03241,-3.814597
17.46,75.78369,-5,3.351889,2.44357,-14.2603,-33.47412,-3.290129,-3.781816
17.48,7.418213,-5,3.003202,2.052583,-15.80229,-24.16168,-3.695009,-4.043497
17.5,-65.65186,-5,2.914881,1.796991,-5.725948,-24.84509,-4.30233,-4.489963
17.52,-61.1261,-5,2.725488,1.490047,-9.145797,-32.13996,-4.639729,-4.886485
17.54,92.67114,-5,2.700639,1.272603,-1.038923,-36.17498,-4.03241,-4.666556
17.56,-51.37305,-5,2.440248,1.045848,-7.970222,-22.68894,-4.707209,-4.969049
17.58,-46.78784,-5,1.968256,0.8303032,-33.77176,-26.81599,-4.977129,-5.292286
17.6,-38.24609,-5,1.056777,0.3662103,-42.62672,-26.07318,-5.314529,-5.71595
17.62,-88.15027,-5,0.6079352,-0.08612084,-11.31374,-23.39746,-5.989328,-6.284006
17.64,43.8075,-5,0.6604142,-0.2884958,1.968712,-26.65956,-5.65193,-6.236798
17.66,-79.59473,-5,0.7344522,-0.4038439,2.106116,-15.95224,-6.326729,-6.542642
17.68,36.10059,-5,0.6570351,-0.3780164,-7.298466,-20.88752,-5.92185,-6.401995
17.7,-141.1158,-5,0.2090601,-0.5743912,-22.01603,-11.28553,-6.93405,-6.974422
17.72,-7.552002,-5,-0.06864176,-0.7209623,-14.24503,-21.74166,-6.664129,-7.056808
17.74,7.061768,-5,-0.1333148,-0.8586278,-4.641977,-14.8919,-6.664129,-7.048178
17.76,78.72632,-5,-0.2149783,-0.8002152,-5.435872,-8.433963,-6.259249,-6.75611
17.78,36.31506,-5,-0.3587823,-0.6563132,-7.512208,3.562653,-6.326729,-6.645815
17.8,22.8324,-5,-0.08150876,-0.3408028,16.97635,6.308673,-6.326729,-6.534963
17.82,-47.68188,-5,0.7185186,0.08296618,41.0985,3.992405,-6.596649,-6.5489
17.84,-44.73193,-5,1.530448,0.4933085,36.33514,-7.36453,-6.529169,-6.454671
17.86,-75.39185,-5,1.987406,0.6984984,20.76261,-16.15772,-6.596649,-6.463285
17.88,-83.41614,-5,1.842354,0.6147469,-13.75649,-24.6376,-6.664129,-6.589248
17.9,-41.33325,-5,1.033211,0.208464,-43.92443,-28.32546,-6.596649,-6.737621
17.92,46.31738,-5,0.2146729,-0.255404,-43.86337,-23.64271,-6.259249,-6.67488
17.94,39.33081,-5,-0.6710821,-0.6615779,-42.56565,-8.734056,-6.326729,-6.729261
17.96,55.83228,-5,-1.167664,-0.8328301,-14.32137,2.116581,-6.326729,-6.727403
17.98,-3.882324,-5,-0.4960223,-0.601509,42.45728,8.624062,-6.596649,-6.72591
18,-27.57275,-5,0.3627116,-0.1712158,44.76262,4.00008,-6.664129,-6.643517
18.02,-97.02942,-5,1.219887,0.2176939,44.47255,-4.436302,-6.93405,-6.702018
18.04,-108.3325,-5,1.718575,0.4070874,25.57177,-18.7548,-7.00153,-6.776407
18.06,-81.52185,-5,1.424145,0.2244955,-23.11527,-28.37445,-6.93405,-6.874133
18.08,2.440063,-5,0.5290991,-0.2263552,-50.871,-28.91419,-6.596649,-6.848138
18.1,15.77332,-5,-0.6234917,-0.7749864,-57.13054,-16.9236,-6.596649,-6.940209
18.12,43.79956,-5,-1.582275,-1.193374,-47.78703,-4.404009,-6.596649,-7.013758
18.14,54.65649,-5,-1.681643,-1.263571,13.26643,7.076912,-6.596649,-6.954632
18.16,-39.60437,-5,-0.7740356,-0.915916,39.81606,12.58323,-7.00153,-6.984723
18.18,94.87231,-5,0.01728997,-0.3708064,43.12903,4.365175,-6.191769,-6.416735
18.2,-11.3269,-5,1.113101,0.242187,52.09087,8.777004,-6.259249,-6.112714
18.22,-119.6028,-5,1.818204,0.7421062,31.35803,-1.581415,-6.596649,-6.180956
18.24,-102.1145,-5,1.666338,0.7651705,-12.93206,-18.87727,-6.596649,-6.341114
18.26,142.6621,-5,1.293762,0.5808529,-19.60382,-26.8418,-5.314529,-5.746488
18.28,62.3623,-5,0.8294188,0.3902995,-28.42825,-5.886672,-5.314529,-5.537461
18.3,-110.8984,-5,-0.09114401,0.130709,-53.45115,2.570706,-6.259249,-6.109083
18.32,-19.74915,-5,-1.121725,-0.3203208,-48.70306,-5.833145,-6.326729,-6.500868
18.34,199.8215,-5,-0.9589968,-0.4632657,31.48017,-2.297462,-5.314529,-5.961594
18.36,-139.0951,-5,-0.5136088,-0.3807495,28.07559,20.15912,-6.799089,-6.484085
18.38,126.0452,-5,-0.1362237,-0.02012105,3.190086,-0.04432964,-5.65193,-5.969936
18.4,64.18286,-5,-0.1624438,0.1154013,-0.03128911,13.49476,-5.65193,-5.7654
18.42,46.09583,-5,0.06234564,0.4120061,6.854209,15.45329,-5.58445,-5.607315
18.44,18.69763,-5,0.1221593,0.6201233,2.197719,14.70786,-5.65193,-5.59407
18.46,-33.72949,-5,0.5027781,0.7930471,25.61757,10.07097,-5.92185,-5.72464
18.48,-31.92358,-5,1.251442,0.9992683,31.84658,-0.8246644,-5.92185,-5.719427
18.5,-44.68433,-5,1.716029,1.089968,19.73971,-9.447577,-5.92185,-5.711958
18.52,-6.491699,-5,1.795348,1.048458,-0.962587,-16.65967,-5.65193,-5.592174
18.54,-188.3369,-5,1.148981,0.631446,-36.80993,-15.82239,-6.664129,-6.269558
18.56,-30.71301,-5,0.382712,0.06807328,-41.42061,-30.94305,-6.326729,-6.463624
18.58,-4.860962,-5,-0.1565782,-0.5263655,-27.0084,-23.21259,-6.326729,-6.566847
18.6,17.96509,-5,-0.5537843,-0.8704731,-20.22977,-14.15289,-6.259249,-6.544412
18.62,13.68848,-5,-0.724407,-0.9830763,0.6404669,-5.289115,-6.259249,-6.490754
18.64,147.5432,-5,-0.341129,-0.7168436,16.5336,-0.8249497,-5.38201,-5.84685
18.66,55.52649,-5,0.07679801,-0.2739774,21.70918,14.22469,-5.38201,-5.501759
18.68,-32.77026,-5,0.7510286,0.3025862,37.64811,12.51776,-5.58445,-5.417501
18.7,-290.3511,-5,1.799363,0.6960491,48.74736,-1.575157,-6.93405,-6.13449
18.72,-34.32361,-5,2.57174,0.8694475,33.72445,-39.1449,-5.92185,-5.854588
18.74,-262.1838,-5,2.886304,0.5791039,8.212989,-39.63956,-6.93405,-6.387733
18.76,-139.9614,-5,2.061642,-0.009590536,-50.33665,-60.19224,-6.664129,-6.626693
18.78,-40.56836,-5,0.8301924,-0.8948153,-59.78703,-57.21695,-6.326729,-6.684838
18.8,-174.9592,-5,-0.4254391,-1.790741,-61.08475,-41.36417,-7.20397,-7.315945
18.82,139.3691,-5,-1.419207,-2.34176,-55.10001,-40.62619,-5.92185,-6.839485
18.84,82.60583,-5,-2.051971,-2.598506,-17.25267,-6.239927,-5.92185,-6.58004
18.86,-10.09167,-5,-1.936728,-2.306327,3.296956,10.26811,-6.259249,-6.540794
18.88,169.2451,-5,-1.733796,-1.760936,18.33513,11.5957,-5.247049,-5.848753
18.9,-6.413452,-5,-0.5117688,-0.9602845,56.56415,26.36269,-5.65193,-5.617968
18.92,-82.59497,-5,0.2765813,-0.1948274,43.38857,15.65815,-5.92185,-5.636837
18.94,31.06348,-5,1.140047,0.3930105,48.56415,-1.73896,-5.247049,-5.225365
18.96,-99.39001,-5,2.101257,0.8104718,44.74735,-5.159647,-5.58445,-5.214637
18.98,-102.611,-5,2.226062,0.9338629,-1.573274,-21.07227,-5.58445,-5.297606
19,-15.70312,-5,1.298871,0.547352,-46.30611,-28.69716,-5.247049,-5.328488
19.02,-12.02087,-5,0.3318267,-0.02146887,-51.08474,-21.75835,-5.314529,-5.498121
19.04,-143.7629,-5,-0.438201,-0.5984445,-40.53512,-14.5702,-6.259249,-6.17701
19.06,106.2676,-5,-0.5857652,-0.8716807,6.701538,-22.25066,-5.314529,-5.853618
19.08,48.08923,-5,-0.1943247,-0.847105,17.99925,-3.398067,-5.314529,-5.591363
19.1,22.92371,-5,-0.08012105,-0.5722757,1.663368,2.812147,-5.247049,-5.393403
19.12,-9.800415,-5,-0.003841929,-0.3165943,-0.3824344,4.109518,-5.314529,-5.348886
19.14,-79.31848,-5,0.5121937,-0.05715618,28.80842,-0.1897025,-5.65193,-5.486076
19.16,-67.76379,-5,1.011954,0.128603,30.42674,-11.73266,-5.65193,-5.522201
19.18,-67.53394,-5,1.227479,0.1416451,8.426728,-18.93773,-5.65193,-5.556666
19.2,-65.04749,-5,1.143088,0.01234445,-13.83282,-23.42672,-5.65193,-5.616272
19.22,-59.77271,-5,0.5177931,-0.3211722,-36.00076,-24.0867,-5.71941,-5.777279
19.24,41.70361,-5,-0.2301991,-0.6957155,-37.69542,-21.3259,-5.314529,-5.676127
19.26,48.29517,-5,-0.8587046,-0.9750382,-28.68779,-7.105202,-5.247049,-5.610219
19.28,21.13123,-5,-0.659806,-0.8866575,17.84658,2.272268,-5.314529,-5.525534
19.3,-60.13757,-5,0.05624713,-0.5529593,41.49544,3.201987,-5.65193,-5.572977
19.32,-126.241,-5,0.9886444,-0.1735502,44.71682,-7.654493,-5.989328,-5.707851
19.34,-109.8324,-5,1.736805,0.06594881,33.3733,-24.01904,-5.92185,-5.702073
19.36,-115.1986,-5,1.836107,0.004752487,-5.588543,-33.55811,-5.92185,-5.763705
19.38,-40.67371,-5,0.6861334,-0.4776905,-65.11527,-36.46758,-5.65193,-5.822791
19.4,44.27771,-5,-0.6117783,-1.087896,-66.93208,-26.38037,-5.314529,-5.778715
19.42,54.76685,-5,-1.688967,-1.551021,-49.74123,-7.491442,-5.314529,-5.800132
19.44,42.67639,-5,-1.632288,-1.536958,27.38857,5.870681,-5.38201,-5.728945
19.46,-21.44312,-5,-0.9735003,-1.178395,43.2817,11.20639,-5.65193,-5.712126
19.48,-93.91504,-5,0.03900897,-0.6756264,55.0985,4.754601,-5.989328,-5.781269
19.5,75.58398,-5,1.027522,-0.1153199,46.1672,-9.77091,-4.977129,-5.134878
19.52,-22.21667,-5,1.661059,0.3137806,25.81605,-4.431712,-4.977129,-4.845962
19.54,-218.8557,-5,1.130566,0.29483,-36.65726,-9.412533,-5.989328,-5.481255
19.56,-46.36536,-5,0.376456,-0.09910482,-38.47405,-29.85754,-5.58445,-5.66488
19.58,-32.19543,-5,0.3980457,-0.4959306,13.29696,-26.03279,-5.58445,-5.717428
19.6,-37.26099,-5,0.4578854,-0.669373,0.6251997,-22.31935,-5.58445,-5.692466
19.62,-42.17273,-5,0.288991,-0.7826213,-18.24504,-19.8359,-5.58445,-5.687037
19.64,-35.51099,-5,-0.1402291,-0.9434128,-27.40535,-17.25149,-5.58445,-5.728784
19.66,-23.69067,-5,-0.4823066,-1.093452,-18.47404,-13.70975,-5.58445,-5.765384
19.68,-19.34644,-5,-0.4906894,-1.123759,3.251155,-10.13426,-5.58445,-5.747528
19.7,-19.27954,-5,-0.52271,-1.091582,1.495429,-7.207388,-5.58445,-5.719505
19.72,-95.46753,-5,-0.2837203,-1.006127,10.5336,-6.209441,-5.989328,-5.905251
19.74,-65.7981,-5,0.1417898,-0.8669578,17.44963,-14.64301,-5.92185,-5.897801
19.76,-70.24292,-5,0.3474482,-0.8227221,10.10612,-17.91701,-5.92185,-5.89021
19.78,90.76843,-5,0.2813604,-0.7591048,-7.023658,-19.97207,-4.977129,-5.346022
19.8,21.13599,-5,0.02732052,-0.7075025,-15.51221,-4.243079,-4.977129,-5.140782
19.82,1.480469,-5,-0.2540269,-0.5878018,-16.06183,0.05755436,-4.977129,-5.083085
19.84,3.563843,-5,-0.4538342,-0.5164426,-1.115259,1.615147,-4.977129,-5.082283
19.86,-0.5789795,-5,-0.1077517,-0.3442118,29.54124,1.711893,-4.977129,-5.027792
19.88,-83.88525,-5,0.3578288,-0.1543244,23.99925,-0.3535249,-5.38201,-5.195488
19.9,-59.59106,-5,0.916024,0.03283909,27.09849,-11.99042,-5.314529,-5.189771
19.92,-79.68945,-5,1.242457,0.07667696,11.96872,-18.37575,-5.38201,-5.232153
19.94,-234.5414,-5,1.028042,-0.1856129,-17.63435,-24.29132,-6.326729,-5.888322
19.96,87.14911,-5,0.1792844,-0.638429,-48.39772,-40.50496,-5.044609,-5.534823
19.98,-86.172,-5,-0.8803456,-1.298044,-53.34428,-15.47807,-5.85437,-5.949584
20,22.07642,-5,-1.959632,-1.751407,-54.12291,-12.71214,-5.65193,-6.055815
20.02,4.58313,-5,-2.611961,-2.099691,-14.85572,2.214352,-5.92185,-6.242096
20.04,180.3575,-5,-2.048333,-1.824967,29.35803,8.822262,-4.977129,-5.574876
20.06,30.10376,-5,-1.054562,-1.171812,46.57942,27.51825,-5.247049,-5.268015
20.08,-77.51477,-5,-0.01951766,-0.3650198,53.57178,21.10096,-5.58445,-5.240201
20.1,61.81494,-5,0.96862,0.340829,51.8924,3.007693,-4.707209,-4.674035
20.12,-84.50586,-5,1.786203,0.7988902,39.86185,2.201825,-5.044609,-4.628355
20.14,-88.64954,-5,2.257625,1.075276,17.05269,-14.73628,-4.977129,-4.617154
20.16,-41.91443,-5,2.042272,0.9526806,-18.90152,-25.57817,-4.707209,-4.578922
20.18,-38.96887,-5,1.268721,0.522395,-41.46642,-25.47583,-4.707209,-4.707148
20.2,-184.1686,-5,0.289977,-0.142802,-53.03894,-22.22717,-5.71941,-5.484805
20.22,-10.06165,-5,-0.6449128,-0.8326021,-44.10764,-31.45306,-5.38201,-5.691298
20.24,14.54517,-5,-0.5462531,-1.214765,15.44963,-20.2714,-5.314529,-5.633331
20.26,-60.20422,-5,-0.4501552,-1.287403,2.197719,-10.86309,-5.65193,-5.725453
20.28,-42.30676,-5,-0.6373731,-1.303428,-13.46641,-11.55009,-5.65193,-5.764138
20.3,-41.33716,-5,-0.3843619,-1.232603,15.03742,-11.03236,-5.65193,-5.731139
20.32,105.3212,-5,0.1421516,-0.9224542,23.48017,-12.01593,-4.707209,-5.077284
20.34,15.74695,-5,0.3339559,-0.5887103,6.625202,1.474861,-4.707209,-4.783709
20.36,-13.29614,-5,0.151636,-0.3156678,-9.481673,1.95035,-4.707209,-4.713101
20.38,-2.969727,-5,0.09017786,-0.1674486,12.68627,-0.4151826,-4.639729,-4.679918
20.4,-81.19653,-5,0.8890746,0.08243993,44.09086,-3.755184,-4.977129,-4.780664
20.42,-78.52539,-5,1.467403,0.2852522,25.49544,-15.82851,-4.977129,-4.797998
20.44,-34.88208,-5,1.637767,0.3088105,1.968712,-24.04257,-4.707209,-4.681993
20.46,-47.66016,-5,1.28832,0.1270041,-17.75649,-23.93017,-4.707209,-4.71664
20.48,-185.701,-5,0.6710868,-0.2791336,-37.29848,-23.42554,-5.58445,-5.347821
20.5,-44.69324,-5,-0.0258019,-0.7871932,-35.9855,-34.57486,-5.314529,-5.534201
20.52,-22.38684,-5,-0.7742462,-1.361644,-38.32138,-25.1886,-5.38201,-5.691946
20.54,23.48914,-5,-1.636616,-1.789287,-42.64199,-13.77859,-5.314529,-5.738619
20.56,30.55609,-5,-2.213331,-2.006716,-6.458772,0.3651904,-5.38201,-5.771269
20.58,46.87317,-5,-1.579929,-1.721811,32.01452,8.393024,-5.247049,-5.530771
20.6,104.9274,-5,-0.5584024,-1.050595,51.75499,12.16612,-4.639729,-4.902196
20.62,-53.12634,-5,0.6533781,-0.2416014,59.75499,16.31126,-4.977129,-4.714123
20.64,-92.82996,-5,1.379688,0.3844291,36.91529,0.6084232,-5.044609,-4.684409
20.66,-91.12341,-5,1.953054,0.6758617,23.86185,-15.70457,-4.977129,-4.67428
20.68,-98.88965,-5,2.143476,0.6599412,1.098482,-27.00644,-4.977129,-4.739213
20.7,-33.4585,-5,1.378366,0.2828046,-47.0084,-32.63275,-4.707209,-4.764783
20.72,-148.4377,-5,0.0307268,-0.4619119,-65.78704,-25.53378,-5.51697,-5.431121
20.74,-6.087036,-5,-1.204484,-1.221259,-64.59619,-28.19646,-5.314529,-5.690277
20.76,51.84955,-5,-1.633393,-1.707641,0.04504682,-14.04996,-5.179569,-5.65807
20.78,7.316284,-5,-1.582677,-1.760544,3.174819,0.9268365,-5.38201,-5.644928
20.8,16.02893,-5,-1.317364,-1.518144,16.47253,5.498313,-5.314529,-5.504221
20.82,-75.74829,-5,-0.3160734,-1.046907,49.8924,5.927208,-5.65193,-5.502756
20.84,78.33795,-5,0.4425677,-0.4945079,33.31223,-5.248554,-4.707209,-4.882438
20.86,-8.086182,-5,0.8410086,-0.09341225,17.12902,1.56304,-4.707209,-4.623228
20.88,-30.62524,-5,0.9929507,0.2224417,1.602299,-3.183326,-4.639729,-4.515127
20.9,-216.6824,-5,1.044988,0.2204517,4.045048,-9.167074,-5.65193,-5.132987
20.92,-142.4263,-5,1.349025,0.07328686,11.87711,-32.94979,-5.65193,-5.41569
20.94,-127.4412,-5,1.46497,-0.2853096,-0.6877776,-41.62106,-5.71941,-5.598859
20.96,-41.09399,-5,1.185507,-0.668626,-20.97786,-44.81329,-5.314529,-5.479917
20.98,11.74756,-5,0.1512048,-1.150732,-60.42825,-34.64458,-4.977129,-5.342203
21,2.680664,-5,-1.158675,-1.641394,-69.34429,-18.21319,-5.044609,-5.430933
21.02,-109.548,-5,-2.384493,-2.147045,-47.11527,-4.418005,-5.92185,-6.059782
21.04,64.08374,-5,-1.70636,-2.059457,41.61758,-8.622194,-5.314529,-5.771767
21.06,23.21008,-5,-0.8671601,-1.675673,40.85422,3.372598,-5.247049,-5.440964
21.08,-96.29553,-5,-0.2290152,-1.167072,27.70918,4.878235,-5.65193,-5.464756
21.1,-83.28931,-5,-0.1331981,-0.8907913,4.014514,-6.489652,-5.65193,-5.520242
21.12,-85.41473,-5,0.02117269,-0.8329706,14.91528,-13.21603,-5.71941,-5.608737
21.14,107.5266,-5,0.1765048,-0.7268702,11.17482,-18.0038,-4.639729,-4.999689
21.16,-138.0977,-5,0.147385,-0.7135698,-1.664878,-1.97375,-5.58445,-5.311119
21.18,-92.42285,-5,0.02645416,-0.7022139,-5.924421,-15.78834,-5.58445,-5.482192
21.2,-83.74304,-5,0.1314476,-0.8328732,3.693903,-20.67612,-5.65193,-5.600144
21.22,-67.64954,-5,-0.05630182,-1.032568,-13.90916,-22.41006,-5.65193,-5.675641
21.24,8.120911,-5,-0.5882018,-1.279265,-32.15344,-20.01901,-5.314529,-5.559553
21.26,3.177551,-5,-1.21663,-1.513809,-34.06183,-8.665257,-5.314529,-5.548277
21.28,14.78027,-5,-1.788257,-1.651198,-17.08473,0.2936196,-5.314529,-5.559683
21.3,181.3033,-5,-1.316267,-1.335452,41.96873,6.208323,-4.30233,-4.83463
21.32,16.32434,-5,-0.5871076,-0.7626622,38.73209,24.35983,-4.639729,-4.602675
21.34,-83.16907,-5,0.4146286,-0.03690732,50.35041,16.19627,-4.977129,-4.61753
21.36,-96.33746,-5,1.608592,0.550891,56.62522,-3.267592,-4.977129,-4.571994
21.38,-112.0326,-5,2.217604,0.7822891,30.51834,-19.54937,-4.977129,-4.594561
21.4,-104.8489,-5,1.863892,0.5611771,-28.09237,-30.76139,-4.977129,-4.749859
21.42,-176.1219,-5,0.8840888,-0.09169143,-57.95497,-34.42175,-5.58445,-5.349922
21.44,-34.32343,-5,-0.3542781,-0.9190632,-65.8481,-39.78086,-5.314529,-5.582526
21.46,4.348083,-5,-1.332069,-1.667229,-53.71069,-25.70711,-5.314529,-5.714018
21.48,25.19574,-5,-1.915872,-2.054363,-18.99313,-10.5217,-5.314529,-5.722931
21.5,7.884888,-5,-1.690515,-1.9931,16.51834,0.8645722,-5.38201,-5.635734
21.52,-60.2229,-5,-0.9912976,-1.631109,37.69392,4.216348,-5.65193,-5.624045
21.54,-72.42035,-5,-0.1202036,-1.161661,40.88476,-3.359007,-5.65193,-5.524247
21.56,78.79175,-5,0.589136,-0.6738178,31.1901,-11.6101,-4.639729,-4.838364
21.58,-18.35022,-5,0.9389636,-0.2930761,12.30459,-3.013545,-4.639729,-4.55587
21.6,-50.78381,-5,0.846971,-0.05086082,-7.344269,-6.871285,-4.639729,-4.511248
21.62,-61.60876,-5,0.6664032,-0.04500979,-8.382438,-12.12312,-4.707209,-4.610276
21.64,-60.37091,-5,1.07636,-0.01592842,17.05269,-18.09113,-4.707209,-4.625928
21.66,-40.11621,-5,1.145384,-0.05682006,5.968713,-22.12386,-4.572248,-4.571893
21.68,-59.96893,-5,0.9755672,-0.1908072,-12.45877,-22.23219,-4.639729,-4.632399
21.7,-210.8223,-5,0.6304983,-0.5055331,-19.86336,-23.52406,-5.58445,-5.279669
21.72,-133.1891,-5,0.3073398,-0.9294482,-18.18397,-38.54638,-5.65193,-5.64213
21.74,-5.672546,-5,0.01063231,-1.370893,-10.96259,-39.45829,-5.179569,-5.524603
21.76,-48.44635,-5,-0.2859132,-1.663964,-14.96259,-26.26239,-5.314529,-5.535396
21.78,-40.00061,-5,-0.7779555,-1.82811,-28.10763,-20.2093,-5.314529,-5.555284
21.8,-19.8736,-5,-1.477097,-2.021357,-37.13054,-12.96376,-5.314529,-5.609388
21.82,163.924,-5,-1.973635,-2.031636,-3.787015,-4.059289,-4.36981,-5.064695
21.84,19.69379,-5,-1.225965,-1.590004,31.86185,17.77119,-4.707209,-4.857195
21.86,-61.04755,-5,-0.3558443,-0.8967273,46.01453,14.6299,-4.977129,-4.816226
21.88,-132.9939,-5,1.147227,-0.1813588,73.8924,-0.7444735,-5.247049,-4.836718
21.9,9.860168,-5,2.003814,0.321041,46.50308,-20.74407,-4.36981,-4.326849
21.92,-50.36798,-5,1.680445,0.3441957,-27.52748,-18.49619,-4.36981,-4.251087
21.94,33.70691,-5,0.4463203,0.03268118,-61.13054,-18.81795,-3.96493,-4.183531
21.96,27.76868,-5,-0.4476058,-0.3576728,-38.48932,-7.552577,-4.03241,-4.28194
21.98,-196.7214,-5,0.09107251,-0.4393411,36.18246,-3.004481,-5.314529,-4.96169
22,49.26501,-5,0.9494096,-0.2306575,36.59468,-25.1713,-4.30233,-4.536978
22.02,-26.92371,-5,1.680124,-0.03596431,30.41147,-17.47577,-4.30233,-4.286516
22.04,-73.56226,-5,1.640765,0.09547552,-6.122894,-20.03918,-4.36981,-4.273654
22.06,-237.4119,-5,1.117544,-0.1706253,-27.9855,-25.08209,-5.38201,-4.996446
22.08,-63.33875,-5,0.5984231,-0.6264564,-26.09237,-43.05402,-4.977129,-5.15276
22.1,-45.17487,-5,0.2569278,-1.126067,-16.91679,-36.20845,-4.977129,-5.227833
22.12,-35.49097,-5,-0.1732761,-1.447819,-22.41298,-28.42313,-4.977129,-5.255517
22.14,-22.06836,-5,-0.7665083,-1.690232,-31.25267,-20.29196,-4.977129,-5.289176
22.16,-5.259277,-5,-1.286279,-1.847058,-24.67252,-11.77453,-4.977129,-5.310936
22.18,154.7322,-5,-0.9708625,-1.596037,17.49544,-5.118454,-4.03241,-4.648294
22.2,64.21594,-5,-0.5883294,-1.110802,23.08322,14.17175,-4.03241,-4.275383
22.22,-206.1476,-5,-0.0003318191,-0.5867934,31.63284,15.34195,-5.314529,-4.821959
22.24,36.80908,-5,0.8194113,-0.09074652,43.06796,-13.52118,-4.30233,-4.416438
22.26,-91.79938,-5,1.726312,0.1994488,45.60232,-11.25153,-4.639729,-4.392818
22.28,-110.3132,-5,2.344602,0.4647321,26.10612,-24.88725,-4.639729,-4.379638
22.3,-70.88135,-5,2.438154,0.4579644,-0.4435031,-36.04086,-4.36981,-4.290587
22.32,-238.3886,-5,1.815987,0.01916161,-35.69542,-37.74767,-5.314529,-4.958908
22.34,-78.68671,-5,0.8333053,-0.6462467,-55.06948,-52.38005,-4.977129,-5.18772
22.36,-35.20435,-5,-0.3242049,-1.466241,-55.97024,-42.02568,-4.977129,-5.381008
22.38,47.74109,-5,-1.347061,-2.040833,-52.27558,-27.23912,-4.707209,-5.322044
22.4,-106.8389,-5,-2.186526,-2.451272,-34.00077,-6.570839,-5.65193,-5.847543
22.42,-99.02045,-5,-1.833078,-2.442,23.77024,-9.766269,-5.989328,-6.128514
22.44,96.29468,-5,-1.289167,-2.186941,38.36567,-12.49069,-5.044609,-5.56195
22.46,179.0557,-5,-0.4079686,-1.549148,38.74735,2.855891,-4.03241,-4.566751
22.48,-172.3704,-5,-0.01507365,-0.9229524,21.69391,19.53842,-5.314529,-4.877823
22.5,43.52985,-5,0.6416924,-0.2593372,33.48018,-6.734953,-4.30233,-4.401369
22.52,-47.60962,-5,1.680994,0.2201196,46.54888,-5.825772,-4.36981,-4.183601
22.54,-65.9433,-5,1.861624,0.4999396,15.19009,-15.05919,-4.30233,-4.116148
22.56,-81.27075,-5,1.640086,0.444099,-18.73359,-22.32475,-4.36981,-4.235983
22.58,-227.2291,-5,0.9566329,-0.02394013,-35.86336,-26.77156,-5.38201,-5.023381
22.6,-45.58997,-5,0.3216991,-0.6144172,-34.32137,-42.1557,-4.977129,-5.19788
22.62,-22.40247,-5,-0.2087291,-1.205743,-27.97023,-32.19587,-4.977129,-5.282609
22.64,39.07727,-5,-0.8238215,-1.551652,-33.52748,-21.10849,-4.707209,-5.153594
22.66,32.65247,-5,-1.416894,-1.718043,-25.03893,-5.55175,-4.707209,-5.093794
22.68,-32.70422,-5,-0.850912,-1.465988,25.3275,2.10047,-4.977129,-5.086277
22.7,122.884,-5,-0.2192192,-0.95232,40.2588,-1.181324,-4.03241,-4.424582
22.72,-201.4097,-5,0.8225492,-0.4249343,51.20537,8.369406,-5.314529,-4.798841
22.74,6.726685,-5,1.45447,0.07414147,31.92292,-19.84563,-4.36981,-4.401152
22.76,-49.79254,-5,1.733822,0.2080215,13.05269,-18.43411,-4.36981,-4.278563
22.78,-57.30377,-5,1.694511,0.2454229,-5.191597,-23.10858,-4.30233,-4.246191
22.8,-243.7356,-5,1.398639,-0.02622342,-15.20687,-26.40006,-5.38201,-4.962297
22.82,76.37427,-5,0.9600602,-0.3569614,-22.29084,-45.4548,-4.09989,-4.582015
22.84,-138.6226,-5,0.5546741,-0.8206971,-18.87099,-24.73806,-5.044609,-5.003754
22.86,-68.42023,-5,0.1285479,-1.091386,-22.65725,-31.31882,-4.977129,-5.160387
22.88,-42.00604,-5,-0.2519616,-1.397461,-19.25267,-27.27557,-4.977129,-5.240467
22.9,-32.36548,-5,-0.3699111,-1.536548,-6.458772,-21.5289,-4.977129,-5.237965
22.92,-27.80579,-5,-0.5702252,-1.582229,-8.916789,-16.06207,-4.977129,-5.221718
22.94,146.5287,-5,-0.5864183,-1.405513,2.671002,-11.52794,-3.96493,-4.574513
22.96,48.77423,-5,-0.4131627,-1.054782,7.388561,8.479028,-4.03241,-4.280277
22.98,17.85425,-5,-0.3078241,-0.5920685,4.594666,11.50224,-4.03241,-4.140014
23,-55.03448,-5,0.1104335,-0.1966681,33.73972,8.891459,-4.36981,-4.254354
23.02,-100.7018,-5,1.163235,0.2246507,51.55651,-3.818681,-4.639729,-4.372909
23.04,-94.60889,-5,1.838154,0.4547524,31.58704,-19.10872,-4.639729,-4.412482
23.06,-96.9743,-5,2.099802,0.4434449,8.85421,-29.51893,-4.639729,-4.47084
23.08,-37.76807,-5,1.595805,0.1609153,-33.17634,-34.88633,-4.36981,-4.452071
23.1,31.76569,-5,0.5693858,-0.3030529,-55.49695,-28.90297,-4.03241,-4.375836
23.12,-121.3171,-5,-0.6182019,-0.894872,-57.23742,-14.28136,-4.977129,-5.008844
23.14,-30.27441,-5,-1.058151,-1.274895,7.66337,-18.55232,-4.977129,-5.259146
23.16,-31.34088,-5,-0.1943957,-1.251838,36.93055,-15.08397,-5.044609,-5.217133
23.18,-30.2533,-5,0.08968882,-1.098687,9.373294,-13.82393,-4.977129,-5.098845
23.2,-32.1756,-5,-0.3255232,-1.098149,-22.79466,-11.46454,-4.977129,-5.108295
23.22,-190.5637,-5,-0.7810418,-1.303433,-21.89389,-8.911583,-5.989328,-5.768827
23.24,73.13837,-5,-0.7597944,-1.373074,8.335126,-22.86507,-4.977129,-5.420795
23.26,16.74115,-5,-0.4125623,-1.311661,11.58704,-6.615482,-4.977129,-5.184346
23.28,-11.21564,-5,-0.4886654,-1.109582,-4.550375,-1.32277,-4.977129,-5.074151
23.3,-24.96313,-5,-0.2778091,-0.8674328,14.07559,-1.341564,-4.977129,-5.005155
23.32,126.534,-5,0.4846465,-0.3951996,34.82368,-4.929414,-3.96493,-4.286479
23.34,14.80011,-5,0.8619905,0.04813963,13.89238,6.67774,-4.03241,-4.004956
23.36,-233.85,-5,0.788257,0.2220925,-1.008389,2.818919,-5.314529,-4.722806
23.38,66.13861,-5,1.656184,0.4809476,43.29697,-27.28119,-4.03241,-4.217881
23.4,-8.656372,-5,2.277792,0.6061734,26.90002,-18.99939,-3.96493,-3.931852
23.42,-225.4948,-5,2.226237,0.5820941,-8.229766,-21.37224,-4.977129,-4.48032
23.44,-147.0351,-5,1.844905,0.2501554,-21.77176,-43.58619,-4.977129,-4.835533
23.46,-54.78717,-5,1.433669,-0.3020111,-16.41297,-48.88531,-4.707209,-4.898617
23.48,-214.6264,-5,1.018705,-0.8893726,-22.10763,-42.08195,-5.65193,-5.51372
23.5,-128.1876,-5,0.351207,-1.467787,-36.24504,-51.50011,-5.65193,-5.831727
23.52,-12.77148,-5,-0.7239209,-2.148007,-57.64962,-45.23252,-5.314529,-5.846652
23.54,6.416138,-5,-1.868411,-2.701336,-59.22215,-25.55622,-5.314529,-5.8904
23.56,32.98383,-5,-2.823315,-2.993729,-49.14581,-7.335268,-5.314529,-5.902689
23.58,195.5508,-5,-2.989957,-2.806107,18.56414,8.374077,-4.43729,-5.276209
23.6,-158.9703,-5,-2.222678,-2.284721,40.74735,32.08745,-5.989328,-5.743646
23.62,229.6947,-5,-0.8764789,-1.262102,59.75499,8.239889,-4.03241,-4.601686
23.64,-43.19788,-5,0.5737541,-0.3349417,67.78552,26.64435,-4.639729,-4.341575
23.66,-144.3538,-5,1.627262,0.5339178,51.26644,7.547741,-4.977129,-4.41186
23.68,-144.3663,-5,2.08852,0.8355693,26.06032,-16.87099,-5.044609,-4.579993
23.7,-125.2501,-5,2.16521,0.6802078,2.060315,-33.30995,-5.044609,-4.755327
23.72,-94.95245,-5,1.86257,0.2663549,-17.1458,-41.26882,-4.977129,-4.886439
23.74,-73.95551,-5,1.056038,-0.3248605,-46.0771,-40.81821,-4.977129,-5.057141
23.76,7.55188,-5,-0.1011741,-0.9691942,-59.81757,-34.43634,-4.707209,-5.080853
23.78,86.95251,-5,-1.358871,-1.522956,-59.22215,-17.61965,-4.36981,-4.964257
23.8,32.18085,-5,-1.876898,-1.728514,8.884744,3.188414,-4.639729,-5.023092
23.82,-30.98212,-5,-1.132976,-1.414335,35.70918,8.822387,-4.977129,-5.064641
23.84,-37.56146,-5,-0.1072831,-0.8861605,51.29697,2.759008,-4.977129,-4.941309
23.86,94.55359,-5,0.9142566,-0.2516381,48.1672,-4.987207,-4.03241,-4.236571
23.88,-7.102112,-5,1.505143,0.2821079,14.94582,1.211516,-4.03241,-3.926299
23.9,-196.3784,-5,0.7298324,0.2761436,-38.99313,-2.737069,-5.044609,-4.586634
23.92,-73.84833,-5,-0.0793284,-0.1354768,-26.62672,-21.66745,-4.977129,-4.980326
23.94,-53.83691,-5,0.9564974,-0.2712968,31.49544,-25.29796,-4.977129,-4.985212
23.96,-64.35327,-5,1.126077,-0.3568085,8.014515,-26.29273,-4.977129,-4.96381
23.98,-1.763855,-5,0.5639963,-0.5607691,-40.29084,-26.02599,-4.639729,-4.839689
24,61.22906,-5,-0.5759293,-0.9166466,-58.50459,-15.56517,-4.30233,-4.712894
24.02,3.725586,5,-1.447749,-1.182713,-15.87862,0.6468061,-4.36981,-4.741161
24.04,-72.80176,5,-0.6109174,-0.9678116,35.96872,2.587441,-4.707209,-4.767415
24.06,-132.1292,5,0.259484,-0.6602994,43.66339,-6.913214,-4.977129,-4.823822
24.08,-150.2177,5,1.373325,-0.3577477,49.64812,-22.99578,-4.977129,-4.751623
24.1,-175.2399,5,1.818056,-0.3213325,9.800775,-37.04707,-4.977129,-4.742115
24.12,-115.1859,5,0.7328804,-0.8230227,-60.36719,-45.19839,-4.707209,-4.783287
24.14,-36.93658,5,-0.651708,-1.575113,-74.36719,-39.80821,-4.36981,-4.759201
24.16,-193.1639,5,-1.794143,-2.348369,-66.45879,-24.90382,-5.314529,-5.370064
24.18,-100.1235,5,-2.732331,-2.991872,-26.1229,-27.67073,-5.314529,-5.646401
24.2,86.97491,5,-2.162769,-3.074725,32.51834,-21.65041,-4.30233,-4.96186
24.22,-32.6553,5,-1.677219,-2.784111,12.45726,-0.4911079,-4.36981,-4.563544
24.24,-137.1259,5,-1.765522,-2.472693,-6.870986,1.547174,-4.707209,-4.597992
24.26,-120.2188,5,-1.968622,-2.388421,-2.153427,-6.963798,-4.707209,-4.659561
24.28,-172.5931,5,-1.332686,-2.303165,28.01452,-13.14242,-4.977129,-4.765699
24.3,-168.9257,5,-0.984501,-2.295752,17.48017,-23.73528,-4.977129,-4.783811
24.32,-183.0017,5,-1.048687,-2.485737,-8.703049,-30.23917,-5.044609,-4.863644
24.34,-161.2225,5,-1.471746,-2.839094,-26.97786,-34.58029,-4.977129,-4.917694
24.36,-145.3261,5,-2.357142,-3.368324,-47.72596,-32.32591,-4.977129,-5.030718
24.38,-121.2379,5,-3.267356,-3.916229,-45.87863,-26.20381,-4.977129,-5.131717
24.4,64.7928,5,-4.126348,-4.280262,-41.58855,-16.49125,-4.03241,-4.624202
24.42,-79.63869,5,-4.106993,-4.270884,19.96872,8.47579,-4.43729,-4.529293
24.44,-145.4775,5,-3.656375,-3.92687,26.4878,8.762842,-4.707209,-4.531403
24.46,-40.37251,5,-2.839531,-3.452112,44.1672,-0.192333,-4.03241,-4.025395
24.48,48.83542,5,-1.962892,-2.857789,39.49544,1.882959,-3.02021,-3.116291
24.5,-151.466,5,-1.477376,-2.33617,11.63284,10.38775,-3.425089,-2.958569
24.52,-197.0424,5,-1.712081,-2.158373,-16.59618,-3.562819,-3.627529,-3.128597
24.54,-7.074738,5,-1.978454,-2.258075,1.022146,-16.16772,-2.68281,-2.726953
24.56,-144.5705,5,-1.811019,-2.378524,5.052682,-6.107974,-3.08769,-2.771729
24.58,-200.9108,5,-1.960061,-2.519939,-10.77938,-13.04712,-3.425089,-3.018764
24.6,-229.8535,5,-2.093942,-2.841618,-3.069458,-23.04906,-3.762489,-3.358533
24.62,-30.0625,5,-1.79897,-3.022055,5.541232,-33.2676,-2.75029,-2.854881
24.64,-105.3518,5,-2.062038,-3.230437,-15.60382,-19.05684,-2.75029,-2.657327
24.66,-119.9346,5,-2.984188,-3.496775,-54.65726,-14.23757,-2.75029,-2.675718
24.68,-141.7103,5,-4.147185,-3.965308,-48.90154,-8.719166,-3.02021,-2.958446
24.7,-183.8261,5,-3.515624,-4.055464,40.13667,-9.541638,-3.357609,-3.124239
24.72,-5.203033,5,-2.90716,-3.872182,29.87712,-16.03775,-2.345409,-2.47999
24.74,4.235168,5,-2.691633,-3.603921,11.15955,-2.853526,-1.738089,-1.807197
24.76,-299.6235,5,-2.965533,-3.494069,-17.1,7.190893,-3.02021,-2.336579
24.78,-108.8582,5,-3.462646,-3.584462,-17.2832,-14.95353,-2.412889,-2.298812
24.8,-189.42,5,-2.91352,-3.700567,37.64811,-12.32046,-2.75029,-2.401903
24.82,-77.56708,5,-2.012775,-3.478843,34.42674,-21.55322,-2.008009,-1.881424
24.84,-230.1882,5,-1.710117,-3.382644,8.121386,-17.6278,-2.412889,-1.900379
24.86,-62.30237,5,-2.113658,-3.41415,-26.79466,-28.81855,-1.46817,-1.448441
24.88,-167.9632,5,-3.020832,-3.780231,-45.42061,-16.39255,-1.805569,-1.587148
24.9,23.68207,5,-3.409801,-3.913826,8.411462,-17.21278,-0.7933693,-1.055735
24.92,-353.5225,5,-2.536074,-3.825113,36.45728,-2.016079,-2.412889,-1.641841
24.94,-121.9444,5,-2.141526,-3.633919,12.56413,-31.08621,-1.46817,-1.31395
24.96,-226.8472,5,-1.737042,-3.691251,11.87711,-28.43575,-1.738089,-1.326283
24.98,-68.00806,5,-1.945168,-3.745586,-14.04656,-36.31704,-0.7933693,-0.8253382
25,-199.9971,5,-2.570199,-4.018851,-34.35191,-23.60993,-1.19825,-0.9433755
25.02,-149.9407,5,-3.386319,-4.334743,-42.29084,-25.78887,-1.06329,-1.004185
25.04,-209.2103,5,-3.302445,-4.544797,7.495431,-22.61005,-1.40069,-1.180267
25.06,-202.077,5,-3.311114,-4.691666,-0.9015187,-26.51766,-1.46817,-1.26964
25.08,-72.47015,5,-3.582464,-4.834901,-14.19923,-27.23303,-0.7933693,-0.9188817
25.1,-166.21,5,-3.808395,-4.939834,-13.48168,-13.99126,-1.06329,-0.9207884
25.12,-54.7323,5,-4.174504,-4.923476,-20.85572,-13.2613,-0.4559698,-0.5736071
25.14,-159.781,5,-4.134302,-4.848236,8.167186,-1.788671,-0.7933693,-0.5863627
25.16,-46.41748,5,-3.838631,-4.558259,10.6252,-5.565424,-0.1185694,-0.1322794
25.18,-237.2681,5,-3.094467,-4.225644,36.59468,0.6030564,-0.7933693,-0.2503238
25.2,-41.21448,5,-2.696752,-3.850789,14.28933,-15.55997,0.2863102,0.3493149
25.22,-187.726,5,-2.80853,-3.794677,-0.5809073,-6.257775,-0.1185694,0.3047683
25.24,-70.79895,5,-2.721966,-3.652609,-3.405336,-14.99815,0.5562305,0.6742831
25.26,-175.9406,5,-2.921355,-3.70971,-0.5809073,-8.460352,0.2188301,0.5844173
25.28,-54.03638,5,-2.844559,-3.64425,-1.893885,-14.80748,0.89363,0.9525494
25.3,-172.6637,5,-2.990753,-3.702505,3.083216,-6.388033,0.4887505,0.8446164
25.32,-35.31116,5,-2.93855,-3.617979,-4.260297,-12.73821,1.23103,1.247609
25.34,-190.4929,5,-3.153282,-3.692949,5.067949,-2.595689,0.6237106,1.027918
25.36,-50.58032,5,-3.018483,-3.603365,-0.1534266,-11.79193,1.298511,1.356023
25.38,9.866699,5,-3.096366,-3.530104,6.609934,-3.271617,1.90583,1.852251
25.4,-134.1742,5,-2.847381,-3.310028,0.6710012,7.426423,1.500951,1.865429
25.42,-48.88245,5,-2.938753,-3.107874,0.1213828,0.4213063,1.97331,2.118237
25.44,-1.476929,5,-1.945605,-2.677524,44.38094,1.254146,2.58063,2.701788
25.46,-207.2662,5,-1.380213,-2.30717,15.69391,4.370112,1.90583,2.570824
25.48,-70.11414,5,-1.424336,-2.140186,2.319857,-13.99309,2.58063,2.827328
25.5,-3.052734,5,-1.017292,-2.019209,19.69391,-13.45538,3.25543,3.343299
25.52,49.45886,5,-1.073797,-1.84237,-4.397703,-5.945951,3.99771,3.969486
25.54,-156.001,5,-1.467852,-1.807043,-21.64962,5.303361,3.25543,3.712865
25.56,-18.53418,5,-0.9758283,-1.575225,20.56414,-9.452784,3.93023,4.039225
25.58,30.32153,5,-0.5505267,-1.36031,31.09849,-6.568491,4.53755,4.560048
25.6,-108.097,5,-0.2432847,-1.12722,9.17482,-0.9641173,4.20015,4.582222
25.62,-220.5363,5,-0.4940439,-1.174073,-19.02366,-10.68744,3.525351,4.0905
25.64,14.19336,5,0.02063586,-1.164391,26.27406,-29.82962,4.60503,4.545352
25.66,-130.2589,5,0.2148296,-1.267735,2.212986,-19.65419,4.20015,4.49657
25.68,-9.759644,5,-0.07206958,-1.321185,-6.947322,-26.37309,4.87495,4.812539
25.7,-100.4117,5,0.1575917,-1.336616,2.380925,-19.55808,4.67251,4.840716
25.72,50.55505,5,-0.2280763,-1.338662,-22.82519,-22.62859,5.54975,5.304976
25.74,-73,5,-0.2851414,-1.336655,1.968712,-9.385541,5.21235,5.293523
25.76,-120.3853,5,-0.2172123,-1.261824,14.38093,-13.4667,4.94243,5.126134
25.78,56.34961,5,0.1326335,-1.10263,10.42673,-21.78106,5.887151,5.642079
25.8,-53.44446,5,-0.1576436,-1.109898,-19.46641,-8.573268,5.61723,5.648975
25.82,-63.08887,5,-0.2975154,-1.062364,9.281691,-10.50201,5.54975,5.5869
25.84,-113.0846,5,0.2481922,-0.9469108,21.48017,-14.6934,5.27983,5.45823
25.86,-102.3273,5,0.09266092,-1.026274,-9.344269,-22.01363,5.21235,5.310703
25.88,-68.70801,5,-0.1187123,-1.223582,-13.58854,-25.03122,5.27983,5.247887
25.9,-49.37439,5,-0.7637402,-1.54301,-28.48932,-21.45617,5.27983,5.150926
25.92,-22.73413,5,-1.052407,-1.743654,-10.79465,-16.13698,5.34731,5.155929
25.94,-95.59167,5,-1.006407,-1.801021,4.30459,-10.22663,4.94243,4.965761
25.96,-86.1814,5,-0.7349943,-1.733228,10.21299,-14.60052,4.87495,4.897478
25.98,-54.65649,5,-0.5925146,-1.685657,0.1061156,-16.95366,5.009911,4.965473
26,-82.8175,5,-0.7243963,-1.717428,-2.932054,-14.9256,4.87495,4.894587
26.02,-61.66821,5,-0.7207652,-1.719168,0.8694746,-16.41216,4.94243,4.908878
26.04,-75.39087,5,-0.6985896,-1.725564,-0.07709067,-15.35437,4.87495,4.881591
26.06,-59.67432,5,-0.7070928,-1.718562,-0.3060985,-15.98478,4.94243,4.911675
26.08,-74.32874,5,-0.7338032,-1.725858,-0.7641136,-14.74662,4.87495,4.883136
26.1,-58.55225,5,-0.7353746,-1.715456,0.4267263,-15.37485,4.94243,4.913719
26.12,-61.24048,5,-0.7751536,-1.715996,-0.4740371,-14.05879,4.94243,4.924456
26.14,-62.36792,5,-0.7699668,-1.697305,-0.1228922,-13.47526,4.94243,4.933746
26.16,-73.91858,5,-0.7851837,-1.689103,-0.1381594,-13.17237,4.87495,4.897011
26.18,-56.21167,5,-0.7993672,-1.682593,-0.2755641,-14.05904,4.94243,4.920903
26.2,-70.01965,5,-0.8187494,-1.689579,-0.2908313,-12.8118,4.87495,4.891461
26.22,-65.75623,5,-0.8118728,-1.683408,0.1824515,-13.4011,4.87495,4.882932
26.24,-52.27307,5,-0.8203691,-1.677656,0.06031401,-13.3011,4.94243,4.920768
26.26,-68.78003,5,-0.813248,-1.667777,0.2435202,-11.92075,4.87495,4.900979
26.28,-65.68494,5,-0.8033539,-1.650961,0.4877952,-12.70585,4.87495,4.894567
26.3,-64.00244,5,-0.8100467,-1.650048,-0.1534266,-12.88524,4.87495,4.89057
26.32,-51.7699,5,-0.8059266,-1.641024,0.4725278,-12.8205,4.94243,4.93126
26.34,-68.45288,5,-0.8121354,-1.634812,-0.09235785,-11.54624,4.87495,4.909514
26.36,-53.52393,5,-0.8104234,-1.61656,0.5183294,-12.36743,4.94243,4.941206
26.38,-57.47742,5,-0.8044708,-1.603392,-0.2908313,-11.42045,4.94243,4.956182
26.4,-70.56824,5,-0.8067532,-1.593186,0.3198562,-11.21049,4.87495,4.922223
26.42,-53.84387,5,-0.8073927,-1.585123,-0.1686933,-12.3629,4.94243,4.946884
26.44,-56.85107,5,-0.8126368,-1.584793,-0.01602192,-11.41615,4.94243,4.957736
26.46,-69.84802,5,-0.8089992,-1.580348,0.3198562,-11.13175,4.87495,4.923898
26.48,-54.18335,5,-0.7757472,-1.56567,1.724437,-12.34151,4.94243,4.953403
26.5,-58.70935,5,-0.7489122,-1.554645,0.3198562,-11.6502,4.94243,4.968821
26.52,-60.32898,5,-0.7655904,-1.546847,0.4267263,-11.59613,4.94243,4.971917
26.54,-60.50439,5,-0.770681,-1.544069,-0.3824344,-11.70704,4.94243,4.97136
26.56,-60.7699,5,-0.7557329,-1.540016,0.5030622,-11.84889,4.94243,4.972516
26.58,-72.19653,5,-0.7675995,-1.551174,-0.1992282,-11.95507,4.87495,4.930022
26.6,-55.06519,5,-0.7674315,-1.560117,0.1671843,-13.15417,4.94243,4.951498
26.62,-58.08142,5,-0.7802517,-1.573599,-0.06182348,-12.17468,4.94243,4.960397
26.64,-59.75989,5,-0.7766685,-1.570037,0.1061156,-11.84683,4.94243,4.966652
26.66,-60.60754,5,-0.7749734,-1.564229,0.07558119,-11.80612,4.94243,4.969596
26.68,-60.94446,5,-0.7733481,-1.560354,0.09084838,-11.87047,4.94243,4.9705
26.7,-72.63562,5,-0.7709973,-1.566503,-0.0007547362,-11.98037,4.87495,4.930039
26.72,-67.16394,5,-0.773387,-1.581204,0.02977964,-13.22494,4.87495,4.911064
26.74,-53.33655,5,-0.7783976,-1.597282,-0.3519,-13.45304,4.94243,4.94306
26.76,-69.49866,5,-0.793276,-1.612932,-0.1534266,-12.18573,4.87495,4.916926
26.78,-54.85962,5,-0.7865027,-1.607471,0.1977187,-12.97974,4.94243,4.948124
26.8,-59.896,5,-0.7570755,-1.596539,0.4572606,-12.12709,4.94243,4.965799
26.82,-73.58508,5,-0.765865,-1.592726,0.04504682,-12.07015,4.87495,4.930515
26.84,-45.41882,5,-0.7716529,-1.585598,-0.3824344,-13.34433,5.009911,4.993279
26.86,-65.77368,5,-0.7671241,-1.585226,0.1366499,-11.38459,4.94243,4.981316
26.88,-63.72632,5,-0.7824074,-1.577387,0.07558119,-12.09496,4.94243,4.973779
26.9,-75.2699,5,-0.7336404,-1.575207,1.785506,-12.5468,4.87495,4.934982
26.92,-58.00793,5,-0.7529756,-1.58655,-0.4893047,-13.92049,4.94243,4.953462
26.94,-61.30481,5,-0.7439055,-1.5981,-0.01602192,-13.11821,4.94243,4.963151
26.96,-74.18396,5,-0.7639719,-1.610952,0.3351234,-12.88212,4.87495,4.924929
26.98,-57.71509,5,-0.7639427,-1.617513,-0.0007547362,-14.00224,4.94243,4.948479
27,-72.99878,5,-0.7589575,-1.632059,0.1824515,-13.12339,4.87495,4.91959
27.02,-69.15051,5,-0.7717202,-1.644285,0.09084838,-14.04497,4.87495,4.90542
27.04,-56.47766,5,-0.75517,-1.649718,-0.03128911,-14.29719,4.94243,4.942156
27.06,-62.203,5,-0.7448642,-1.645373,0.4267263,-13.22305,4.94243,4.960433
27.08,-64.68018,5,-0.7505667,-1.634487,-0.2908313,-13.07559,4.94243,4.966972
27.1,-77.31787,5,-0.7385546,-1.632611,0.3503905,-13.29535,4.87495,4.928974
27.12,-60.51672,5,-0.7421809,-1.637297,0.1671843,-14.67927,4.94243,4.949959
27.14,-63.65479,5,-0.7470581,-1.649022,-0.3060985,-13.88265,4.94243,4.958396
27.16,-64.88452,5,-0.7617455,-1.652358,-0.4129688,-13.62677,4.94243,4.961138
27.18,-77.31592,5,-0.7478589,-1.656219,0.1213828,-13.65551,4.87495,4.923767
27.2,-60.66406,5,-0.7524115,-1.661812,0.1519171,-14.88932,4.94243,4.946101
27.22,-63.93811,5,-0.7581604,-1.672235,-0.2908313,-14.0054,4.94243,4.955584
27.24,-77.07605,5,-0.7616123,-1.678352,-0.3519,-13.76847,4.87495,4.919839
27.26,-72.41272,5,-0.7581982,-1.687817,0.04504682,-14.9503,4.87495,4.903912
27.28,-70.7561,5,-0.7519862,-1.705328,-0.0007547362,-15.28204,4.87495,4.897449
27.3,-69.75964,5,-0.7816074,-1.728513,-1.390068,-15.23636,4.87495,4.89157
27.32,-57.5686,5,-0.8002255,-1.739201,-0.8404495,-15.01963,4.94243,4.929326
27.34,-63.4574,5,-0.785341,-1.730107,0.304589,-13.69855,4.94243,4.950651
27.36,-66.1698,5,-0.7863566,-1.711087,0.07558119,-13.41852,4.94243,4.960123
27.38,-78.57349,5,-0.7857631,-1.705106,0.4267263,-13.53386,4.87495,4.922236
27.4,-61.69775,5,-0.7812622,-1.702749,-0.04655629,-14.85067,4.94243,4.945054
27.42,-65.13281,5,-0.771964,-1.704733,0.1519171,-14.04857,4.94243,4.956409
27.44,-78.26892,5,-0.7770178,-1.707196,0.01451245,-13.87578,4.87495,4.920557
27.46,-61.68909,5,-0.7825907,-1.709703,-0.06182348,-15.04353,4.94243,4.943722
27.48,-76.59131,5,-0.7840763,-1.723838,0.06031401,-14.16201,4.87495,4.913721
27.5,-60.53479,5,-0.8122308,-1.731468,-1.588542,-14.96485,4.94243,4.938224
27.52,-51.77441,5,-0.8425227,-1.735841,-1.64961,-13.74641,5.009911,4.987793
27.54,-70.71875,5,-0.8183945,-1.716283,0.9610775,-12.16521,4.94243,4.9758
27.56,-68.57166,5,-0.810955,-1.693671,0.8542075,-13.05676,4.94243,4.970594
27.58,-78.64722,5,-0.8160551,-1.699183,-0.5045714,-13.43356,4.87495,4.924918
27.6,-60.93677,5,-0.810791,-1.705465,0.5030622,-14.69032,4.94243,4.945707
27.62,-74.86938,5,-0.8393481,-1.729596,-1.084725,-13.66111,4.87495,4.911988
27.64,-70.77966,5,-0.8345572,-1.739122,0.4267263,-14.4047,4.87495,4.900309
27.66,-69.03394,5,-0.8482697,-1.755987,-0.9320526,-14.43601,4.87495,4.894719
27.68,-57.26514,5,-0.8407052,-1.755623,0.4572606,-14.28166,4.94243,4.936132
27.7,-51.33032,5,-0.8457029,-1.738306,0.06031401,-12.95103,5.009911,4.996149
27.72,-71.3125,5,-0.8219519,-1.70627,1.022146,-11.58002,4.94243,4.985859
27.74,-58.07825,5,-0.7971307,-1.667133,1.251154,-12.74908,5.009911,5.021962
27.76,-85.52234,5,-0.7898918,-1.663153,-0.3977011,-12.25844,4.87495,4.953778
27.78,-64.73608,5,-0.7782954,-1.662989,0.8389403,-14.71798,4.94243,4.962689
27.8,-76.50977,5,-0.8285155,-1.703797,-2.443504,-14.09912,4.87495,4.918388
27.82,-71.14001,5,-0.8363948,-1.731558,0.304589,-14.85413,4.87495,4.901008
27.84,-57.31482,5,-0.8585171,-1.753547,-1.374801,-14.71137,4.94243,4.934071
27.86,-62.44727,5,-0.8570376,-1.754849,0.4572606,-13.22871,4.94243,4.953018
27.88,-65.38074,5,-0.8425688,-1.735007,0.5641309,-12.81798,4.94243,4.965119
27.9,-78.24524,5,-0.8367559,-1.725409,-0.107625,-12.887,4.87495,4.929347
27.92,-61.93701,5,-0.818325,-1.716712,0.4114593,-14.26703,4.94243,4.954465
27.94,-76.29468,5,-0.8436053,-1.733649,-0.8251827,-13.47204,4.87495,4.920746
27.96,-72.07776,5,-0.8411474,-1.743179,0.5488637,-14.40571,4.87495,4.907094
27.98,-70.22412,5,-0.8517334,-1.761974,-0.4435031,-14.56096,4.87495,4.90027
28,-70.09534,5,-0.8399559,-1.771522,0.5488637,-14.51802,4.87495,4.900574
28.02,-58.93823,5,-0.8398896,-1.769365,-0.3060985,-14.45382,4.94243,4.942153
28.04,-65.25537,5,-0.8213909,-1.754488,0.4725278,-13.35046,4.94243,4.963475
28.06,-79.41431,5,-0.8262739,-1.744536,0.1061156,-13.27022,4.87495,4.930206
28.08,-62.95239,5,-0.8306432,-1.741065,0.02977964,-14.60594,4.94243,4.952963
28.1,-77.86743,5,-0.824715,-1.751896,-0.6572433,-13.87216,4.87495,4.922717
28.12,-73.97522,5,-0.8269113,-1.7605,0.4114593,-14.88748,4.87495,4.908966
28.14,-60.96436,5,-0.8232844,-1.76852,-0.6419765,-15.15318,4.94243,4.943769
28.16,-66.28748,5,-0.8192469,-1.767312,0.6099325,-14.03223,4.94243,4.960761
28.18,-68.91357,5,-0.8124745,-1.753816,0.01451245,-13.85517,4.94243,4.969051
28.2,-81.53857,5,-0.8079863,-1.752071,0.1824515,-14.04475,4.87495,4.930777
28.22,-64.70898,5,-0.8099407,-1.755842,-0.03128911,-15.41282,4.94243,4.952018
28.24,-67.72778,5,-0.8190414,-1.767827,-0.4282355,-14.58822,4.94243,4.960134
28.26,-68.86108,5,-0.8343167,-1.770872,-0.04655629,-14.29941,4.94243,4.962934
28.28,-69.66296,5,-0.8213859,-1.766212,-0.183961,-14.26778,4.94243,4.966364
28.3,-58.60974,5,-0.8183001,-1.754952,0.4877952,-14.31375,5.009911,5.008344
28.32,-87.21655,5,-0.8242832,-1.758338,-0.3671672,-13.25968,4.87495,4.94456
28.34,-78.55591,5,-0.8187566,-1.765311,0.5793981,-15.4695,4.87495,4.915667
28.36,-63.29895,5,-0.8189748,-1.7861,-0.6114421,-16.0279,4.94243,4.942598
28.38,-78.33142,5,-0.8574947,-1.814816,-1.878618,-14.75455,4.87495,4.911198
28.4,-73.5343,5,-0.9006534,-1.83807,-0.9320526,-15.28642,4.87495,4.894614
28.42,-60.40625,5,-0.8874168,-1.844268,-0.1992282,-15.17214,4.94243,4.933051
28.44,-76.9928,5,-0.9032106,-1.849163,-0.04655629,-13.74404,4.87495,4.910417
28.46,-61.90186,5,-0.9155286,-1.839687,-0.2908313,-14.40753,4.94243,4.940917
28.48,-65.82751,5,-0.9117391,-1.830258,-0.2755641,-13.33315,4.94243,4.956195
28.5,-78.91846,5,-0.9180704,-1.821643,0.2740546,-13.02256,4.87495,4.922571
28.52,-62.30151,5,-0.916043,-1.812322,0.04504682,-14.11732,4.94243,4.948239
28.54,-77.09314,5,-0.9156695,-1.816797,-0.4587703,-13.18736,4.87495,4.919762
28.56,-73.42188,5,-0.9028194,-1.813697,0.4725278,-14.10906,4.87495,4.90968
28.58,-71.64624,5,-0.9144765,-1.824852,-0.3366328,-14.30634,4.87495,4.903527
28.6,-59.66174,5,-0.9072533,-1.82328,0.3503905,-14.25698,4.94243,4.943797
28.62,-65.1062,5,-0.9123905,-1.814474,-0.3977011,-12.99853,4.94243,4.962358
28.64,-79.24854,5,-0.9007127,-1.800344,0.5335966,-12.78241,4.87495,4.931763
28.66,-63.01819,5,-0.9021622,-1.791223,0.07558119,-14.03546,4.94243,4.956625
28.68,-66.26343,5,-0.9030599,-1.791199,-0.183961,-13.22092,4.94243,4.967084
28.7,-79.12695,5,-0.9081309,-1.791758,-0.03128911,-13.01953,4.87495,4.931082
28.72,-74.1626,5,-0.905277,-1.797786,-0.1534266,-14.19366,4.87495,4.914983
28.74,-60.53967,5,-0.9063799,-1.806509,0.2435202,-14.43849,4.94243,4.948424
28.76,-65.38232,5,-0.9100261,-1.80672,0.04504682,-13.21474,4.94243,4.964578
28.78,-67.90588,5,-0.8985608,-1.790595,-0.03128911,-12.93594,4.94243,4.974109
28.8,-68.99902,5,-0.8927877,-1.777086,0.2282531,-13.02598,4.94243,4.977692
28.82,-69.26917,5,-0.8902589,-1.770141,-0.04655629,-13.20404,4.94243,4.977998
28.84,-57.64966,5,-0.889333,-1.760423,0.304589,-13.3268,5.009911,5.017853
28.86,-74.40125,5,-0.8953906,-1.757367,-0.03128911,-12.24041,4.94243,4.994002
28.88,-82.63696,5,-0.8905758,-1.75927,0.3961921,-13.2552,4.87495,4.942764
28.9,-76.03528,5,-0.8734332,-1.775664,0.7320697,-14.81318,4.87495,4.920795
28.92,-73.11633,5,-0.8930084,-1.808458,-0.519839,-15.11056,4.87495,4.908581
28.94,-48.81482,5,-0.9107108,-1.820469,-1.283198,-14.90503,5.009911,4.984656
28.96,-82.33813,5,-0.9321896,-1.82964,-0.6267089,-12.29756,4.87495,4.937888
28.98,-65.11011,5,-0.9014996,-1.807374,0.5793981,-14.0389,4.94243,4.962664
29,-69.75464,5,-0.8362584,-1.787134,3.968712,-13.67002,4.94243,4.979975
29.02,-70.01843,5,-0.9149563,-1.79564,-2.458771,-13.63119,4.94243,4.974077
29.04,-70.23523,5,-0.8803387,-1.791,1.495429,-13.74976,4.94243,4.976354
29.06,-70.19946,5,-0.8938475,-1.793957,-0.550373,-13.80487,4.94243,4.974993
29.08,-69.94861,5,-0.9010127,-1.798682,0.02977964,-13.81398,4.94243,4.973478
29.1,-58.19836,5,-0.9051853,-1.794861,-0.06182348,-13.75577,5.009911,5.013443
29.12,-86.81555,5,-0.9035773,-1.798597,-0.2908313,-12.58795,4.87495,4.951075
29.14,-66.42407,5,-0.9111089,-1.799743,0.2740546,-14.65386,4.94243,4.96225
29.16,-79.27673,5,-0.9245266,-1.825544,-0.3977011,-13.93836,4.87495,4.925122
29.18,-74.08118,5,-0.9494762,-1.848,-2.03129,-14.67961,4.87495,4.907729
29.2,-72.86621,5,-0.9211714,-1.8604,1.067948,-14.74051,4.87495,4.906351
29.22,-60.90576,5,-0.9454399,-1.867225,-0.8709843,-14.55237,4.94243,4.944668
29.24,-66.77527,5,-0.9304681,-1.856223,0.5793981,-13.2734,4.94243,4.965691
29.26,-80.45935,5,-0.9509597,-1.849794,0.2282531,-12.97803,4.87495,4.931689
29.28,-64.23645,5,-0.9376546,-1.839751,0.8389403,-14.18221,4.94243,4.957961
29.3,-78.88513,5,-0.9512727,-1.849875,-0.2908313,-13.3181,4.87495,4.926992
29.32,-74.44812,5,-0.9632604,-1.858134,-0.3366328,-14.18543,4.87495,4.912589
29.34,-60.91003,5,-0.96808,-1.865103,-0.01602192,-14.26762,4.94243,4.947345
29.36,-77.32129,5,-0.9721987,-1.869715,-0.107625,-12.96748,4.87495,4.924068
29.38,-74.34875,5,-0.9615015,-1.863533,0.4114593,-13.80168,4.87495,4.916088
29.4,-61.05701,5,-0.9801895,-1.866097,-0.7335792,-13.96262,4.94243,4.95023
29.42,-66.21655,5,-0.9638228,-1.855613,0.5335966,-12.78319,4.94243,4.969254
29.44,-80.35706,5,-0.954048,-1.841896,0.3198562,-12.58409,4.87495,4.938467
29.46,-75.90845,5,-0.9469099,-1.838904,-0.07709067,-13.90274,4.87495,4.923566
29.48,-62.05054,5,-0.9568861,-1.846907,-0.3824344,-14.26472,4.94243,4.955023
29.5,-78.63293,5,-0.9418764,-1.850902,0.3198562,-13.18294,4.87495,4.93174
29.52,-75.62134,5,-0.93989,-1.850486,0.3351234,-14.15078,4.87495,4.921359
29.54,-62.22119,5,-0.9610312,-1.859609,-0.6572433,-14.38936,4.94243,4.953609
29.56,-67.63391,5,-0.9354511,-1.852091,0.4877952,-13.28306,4.94243,4.972818
29.58,-81.87622,5,-0.9316944,-1.843588,0.2435202,-13.13908,4.87495,4.940734
29.6,-65.80151,5,-0.9296155,-1.838528,0.1213828,-14.46345,4.94243,4.964962
29.62,-80.54675,5,-0.938974,-1.852851,-0.8404495,-13.70979,4.87495,4.932963
29.64,-76.89929,5,-0.9243145,-1.858536,0.6404669,-14.752,4.87495,4.920908
29.66,-75.02698,5,-0.9460298,-1.880325,-0.9320526,-14.99968,4.87495,4.912105
29.68,-63.14819,5,-0.9365013,-1.885906,0.5946653,-14.9838,4.94243,4.951505
29.7,-68.8407,5,-0.9400607,-1.882192,-0.1381594,-13.76542,4.94243,4.969687
29.72,-71.74512,5,-0.9242724,-1.863416,0.5641309,-13.59133,4.94243,4.979663
29.74,-72.67627,5,-0.9285318,-1.853023,-0.1228922,-13.75559,4.94243,4.981227
29.76,-84.35754,5,-0.9255808,-1.856874,0.1213828,-13.99346,4.87495,4.939958
29.78,-78.60791,5,-0.9338214,-1.873603,-0.06182348,-15.30176,4.87495,4.919275
29.8,-64.37598,5,-0.9477443,-1.894081,-0.8251827,-15.51373,4.94243,4.949429
29.82,-79.98962,5,-0.977168,-1.915838,-1.328999,-14.14544,4.87495,4.921237
29.84,-65.38684,5,-0.9598088,-1.909194,0.4267263,-14.85281,4.94243,4.954069
29.86,-69.61292,5,-0.9686697,-1.906724,-0.3060985,-13.81621,4.94243,4.967934
29.88,-71.8656,5,-0.9514754,-1.889337,0.4572606,-13.6175,4.94243,4.976858
29.9,-72.81555,5,-0.946636,-1.876172,0.1671843,-13.72969,4.94243,4.979941
29.92,-84.46338,5,-0.9488273,-1.878847,-0.0007547362,-13.91704,4.87495,4.938838
29.94,-67.4491,5,-0.9424378,-1.881962,0.2587874,-15.21238,4.94243,4.960985
29.96,-81.97253,5,-0.9556918,-1.901265,-0.6267089,-14.33162,4.87495,4.928799
29.98,-65.59485,5,-0.9892038,-1.913286,-0.550373,-15.07868,4.94243,4.952093
30,-69.19324,5,-0.9843464,-1.917593,-0.550373,-13.93549,4.94243,4.965595
30.02,-81.89636,5,-1.014215,-1.923234,-0.04655629,-13.46855,4.87495,4.929026
30.04,-76.44275,5,-1.025878,-1.932112,-0.8404495,-14.40067,4.87495,4.912395
30.06,-74.21094,5,-1.024745,-1.945523,-0.3366328,-14.46722,4.87495,4.907037
30.08,-73.21057,5,-1.043435,-1.957978,-0.2755641,-14.22208,4.87495,4.904818
30.1,-61.51465,5,-1.041927,-1.952838,-0.4435031,-13.93853,4.94243,4.947445
30.12,-67.27002,5,-1.037811,-1.935734,-0.183961,-12.58437,4.94243,4.968976
30.14,-81.22864,5,-1.0372,-1.917986,0.4267263,-12.29735,4.87495,4.938251
30.16,-65.29077,5,-1.016703,-1.898956,0.7626044,-13.55779,4.94243,4.966322
30.18,-79.87415,5,-1.032676,-1.904953,-0.9473198,-12.75064,4.87495,4.93508
30.2,-75.72803,5,-1.025823,-1.906036,0.8542075,-13.71218,4.87495,4.922671
30.22,-62.1687,5,-1.037086,-1.911913,-0.7030448,-13.86399,4.94243,4.956547
30.24,-67.51709,5,-1.015887,-1.901926,0.7626044,-12.66833,4.94243,4.976376
30.26,-81.14417,5,-1.033022,-1.895955,-0.183961,-12.38669,4.87495,4.942349
30.28,-65.08252,5,-1.014307,-1.884911,0.7168028,-13.61273,4.94243,4.969229
30.3,-79.94922,5,-1.023242,-1.893667,-0.6267089,-12.79554,4.87495,4.938765
30.32,-75.90796,5,-1.02324,-1.89877,0.4114593,-13.75702,4.87495,4.925567
30.34,-62.52905,5,-1.029489,-1.906079,-0.4587703,-13.93727,4.94243,4.959675
30.36,-67.7196,5,-1.02035,-1.901083,0.4419934,-12.73854,4.94243,4.977752
30.38,-69.76257,5,-1.034308,-1.889333,-0.2908313,-12.42498,4.94243,4.984269
30.4,-82.36646,5,-1.014574,-1.881514,0.8694746,-12.51542,4.87495,4.948422
30.42,-65.32227,5,-1.027627,-1.882735,-0.5045714,-13.77668,4.94243,4.969629
30.44,-68.50708,5,-1.021047,-1.88665,-0.1381594,-12.91137,4.94243,4.980348
30.46,-69.25415,5,-1.054709,-1.888952,-0.6267089,-12.54869,4.94243,4.98175
30.48,-81.41101,5,-1.035187,-1.888099,0.06031401,-12.47518,4.87495,4.945469
30.5,-76.24268,5,-1.037616,-1.895916,0.3656577,-13.64425,4.87495,4.928549
30.52,-62.31812,5,-1.047219,-1.907803,-0.4282355,-13.8362,4.94243,4.960731
30.54,-67.29773,5,-1.039411,-1.905715,0.4419934,-12.58559,4.94243,4.978378
30.56,-80.94495,5,-1.051287,-1.902207,-0.3366328,-12.24874,4.87495,4.944836
30.58,-65.47107,5,-1.015146,-1.887258,1.251154,-13.49994,4.94243,4.974391
30.6,-68.79553,5,-1.038017,-1.890562,-0.9778546,-12.68694,4.94243,4.983089
30.62,-70.08203,5,-1.037881,-1.883966,0.2435202,-12.48734,4.94243,4.987519
30.64,-58.65881,5,-1.049269,-1.873189,-0.3213652,-12.42119,5.009911,5.028391
30.66,-75.77454,5,-1.040432,-1.86252,0.3961921,-11.27926,4.94243,5.007541
30.68,-72.40234,5,-1.044231,-1.8534,-0.04655629,-12.23871,4.94243,4.996855
30.7,-82.79028,5,-1.020601,-1.859537,1.205353,-12.63499,4.87495,4.953514
30.72,-64.96289,5,-1.039187,-1.873722,-0.7183124,-13.85667,4.94243,4.971677
30.74,-68.25745,5,-1.025556,-1.882818,0.1824515,-12.91124,4.94243,4.983112
30.76,-69.47729,5,-1.052211,-1.885665,-1.359534,-12.53164,4.94243,4.985999
30.78,-59.39319,5,-1.010167,-1.863555,1.022146,-12.52178,5.009911,5.034029
30.8,-76.73706,5,-1.028922,-1.855825,-0.6114421,-11.46007,4.94243,5.010834
30.82,-61.90027,5,-1.021665,-1.839079,0.1213828,-12.50862,5.009911,5.04059
30.84,-77.66858,5,-1.003991,-1.835324,0.7778715,-11.7877,4.94243,5.014153
30.86,-73.41833,5,-1.025383,-1.840672,-1.069457,-12.83104,4.94243,4.998171
30.88,-83.54309,5,-1.000524,-1.856308,0.9152762,-13.19982,4.87495,4.953416
30.9,-65.71924,5,-1.023877,-1.87747,-1.008389,-14.36207,4.94243,4.970895
30.92,-69.4574,5,-0.9981952,-1.887036,0.2893218,-13.4198,4.94243,4.983932
30.94,-59.43433,5,-1.025891,-1.88328,-1.359534,-13.05952,5.009911,5.027509
30.96,-89.50378,5,-0.9885695,-1.874572,1.251154,-11.98869,4.87495,4.970891
30.98,-69.62634,5,-1.002822,-1.872805,-0.1686933,-14.24361,4.94243,4.981444
31,-71.93994,5,-0.9751985,-1.881032,1.419093,-13.82004,4.94243,4.98833
31.02,-72.09009,5,-1.025463,-1.896799,-2.62671,-13.60703,4.94243,4.984694
31.04,-84.46753,5,-0.9890451,-1.901886,1.571765,-13.6317,4.87495,4.948462
31.06,-55.97632,5,-1.014212,-1.906045,-0.8709843,-14.7628,5.009911,5.00929
31.08,-76.62573,5,-0.9983698,-1.907438,0.4725278,-12.71495,4.94243,4.998992
31.1,-74.72522,5,-1.020603,-1.901781,-0.8251827,-13.37397,4.94243,4.991366
31.12,-74.45593,5,-0.9838146,-1.895753,2.258788,-13.74112,4.94243,4.991717
31.14,-85.44238,5,-1.009767,-1.912462,-1.252663,-13.89465,4.87495,4.946411
31.16,-80.07227,5,-0.9921776,-1.928392,1.174818,-15.16531,4.87495,4.928516
31.18,-54.2937,5,-1.023423,-1.945241,-1.939687,-15.30761,5.009911,4.99801
31.2,-76.12488,5,-1.019406,-1.946231,-0.2755641,-12.8421,4.94243,4.992097
31.22,-75.88635,5,-0.995681,-1.92258,1.770238,-13.50016,4.94243,4.993061
31.24,-86.55371,5,-1.01777,-1.930954,-0.6725109,-13.85995,4.87495,4.94696
31.26,-80.52771,5,-1.011853,-1.947289,0.5335966,-15.19377,4.87495,4.926472
31.28,-66.1897,5,-1.030395,-1.968904,-1.222129,-15.37887,4.94243,4.956254
31.3,-70.81775,5,-1.035096,-1.976136,0.1671843,-14.0407,4.94243,4.971884
31.32,-72.98938,5,-1.041439,-1.967559,-0.2144953,-13.60473,4.94243,4.979779
31.34,-73.88379,5,-1.038698,-1.956926,0.2282531,-13.5449,4.94243,4.983503
31.36,-85.56641,5,-1.042201,-1.958875,-0.01602192,-13.60808,4.87495,4.943436
31.38,-68.3501,5,-1.045466,-1.962232,0.1213828,-14.79138,4.94243,4.965331
31.4,-59.8175,5,-1.049945,-1.961316,-0.9320526,-13.79444,5.009911,5.016175
31.42,-89.80042,5,-1.054811,-1.958046,0.6099325,-12.31036,4.87495,4.958852
31.44,-70.37939,5,-1.041026,-1.945334,0.6557342,-14.37665,4.94243,4.974959
31.46,-72.25916,5,-1.044694,-1.952572,-1.099992,-13.76649,4.94243,4.980568
31.48,-60.70947,5,-1.081562,-1.952329,-0.5809073,-13.40405,5.009911,5.020121
31.5,-77.45166,5,-1.086093,-1.94741,-0.2755641,-12.00809,4.94243,4.998837
31.52,-74.31091,5,-1.077453,-1.934194,0.9610775,-12.80325,4.94243,4.991311
31.54,-72.39111,5,-1.092885,-1.938154,-1.069457,-12.95554,4.94243,4.985504
31.56,-71.60645,5,-1.088135,-1.93935,0.5335966,-12.87648,4.94243,4.98504
31.58,-71.03784,5,-1.103258,-1.942101,-0.3824344,-12.69236,4.94243,4.984271
31.6,-71.05103,5,-1.093307,-1.937517,0.3351234,-12.54554,4.94243,4.986872
31.62,-71.08069,5,-1.09661,-1.933132,-0.2144953,-12.43731,4.94243,4.988327
31.64,-82.78662,5,-1.089413,-1.934467,0.2282531,-12.41705,4.87495,4.949786
31.66,-65.79333,5,-1.090515,-1.935627,-0.03128911,-13.55472,4.94243,4.972911
31.68,-80.58008,5,-1.091417,-1.947715,-0.4740371,-12.61253,4.87495,4.943362
31.7,-64.84985,5,-1.103841,-1.948539,0.4572606,-13.4161,4.94243,4.970309
31.72,-80.00037,5,-1.109611,-1.95801,-0.596175,-12.36428,4.87495,4.942171
31.74,-76.61853,5,-1.093833,-1.955977,0.8542075,-13.25253,4.87495,4.932818
31.76,-74.98376,5,-1.107019,-1.968136,-0.7488468,-13.45235,4.87495,4.926561
31.78,-63.29163,5,-1.090121,-1.964793,0.8236728,-13.45214,4.94243,4.967776
31.8,-80.23547,5,-1.104271,-1.96641,-0.4435031,-12.25088,4.87495,4.944288
31.82,-77.04382,5,-1.101333,-1.962474,0.5183294,-13.17827,4.87495,4.934105
31.84,-63.87012,5,-1.106677,-1.963988,-0.5656406,-13.42423,4.94243,4.968781
31.86,-80.83398,5,-1.086177,-1.961182,0.4114593,-12.35286,4.87495,4.947285
31.88,-77.70471,5,-1.09122,-1.958778,-0.04655629,-13.34157,4.87495,4.936177
31.9,-64.80627,5,-1.084435,-1.959008,-0.2908313,-13.67613,4.94243,4.971617
31.92,-81.51562,5,-1.081177,-1.961894,0.3656577,-12.63344,4.87495,4.947513
31.94,-78.33557,5,-1.0803,-1.961703,-0.183961,-13.63599,4.87495,4.936263
31.96,-77.04126,5,-1.075092,-1.971992,-0.03128911,-13.99503,4.87495,4.930828
31.98,-64.96509,5,-1.082645,-1.97716,0.1824515,-14.05274,4.94243,4.968126
32,-70.15222,5,-1.092947,-1.975764,-0.183961,-12.83962,4.94243,4.984346
32.02,-26.46033,-5,-1.087035,-1.960606,0.4572606,-12.58383,4.94243,4.992743
32.04,-23.91663,-5,-1.078508,-1.896969,-0.07709067,-7.983518,4.94243,4.997054
32.06,-19.77075,-5,-1.041909,-1.764289,2.777872,-4.758585,4.94243,5.00104
32.08,-5.040405,-5,-0.8844075,-1.563764,12.02978,-2.656413,5.009911,5.05518
32.1,-23.4126,-5,-0.5517107,-1.297141,15.49543,-0.8710642,4.94243,5.065071
32.12,-34.46338,-5,-0.2390715,-1.026299,16.65574,-2.572461,4.87495,5.038237
32.14,-18.37634,-5,0.08373185,-0.7794302,15.52597,-5.826436,4.94243,5.068904
32.16,-20.04871,-5,0.2757632,-0.5959103,9.022148,-6.95839,4.94243,5.065928
32.18,-25.36279,-5,0.2731469,-0.4976875,0.4114593,-7.852289,4.87495,4.987185
32.2,-0.5288086,-5,0.3550546,-0.4106276,4.930544,-9.189406,4.94243,4.97819
32.22,16.43555,-5,0.3620606,-0.3345644,0.7320697,-7.521687,5.009911,4.996779
32.24,6.190857,-5,0.39349,-0.2372644,2.976346,-4.795225,4.94243,4.955471
32.26,13.30536,-5,0.565832,-0.08372225,10.30459,-4.562361,4.94243,4.945805
32.28,3.211121,-5,0.8297017,0.09971261,12.27406,-4.558103,4.87495,4.914554
32.3,10.61133,-5,0.9797009,0.260623,8.212989,-6.034354,4.87495,4.89157
32.32,15.61725,-5,1.150278,0.4050717,9.052684,-6.794213,4.87495,4.875364
32.34,35.10156,-5,1.145428,0.5064881,0.3198562,-6.705437,4.94243,4.881797
32.36,38.02008,-5,1.197781,0.6129972,3.678636,-4.811732,4.94243,4.87364
32.38,42.75049,-5,1.280505,0.7449833,4.930544,-3.498126,4.94243,4.865634
32.4,45.28937,-5,1.48094,0.919188,10.16719,-2.780456,4.94243,4.87122
32.42,47.70404,-5,1.637607,1.09678,8.85421,-2.529935,4.94243,4.871055
32.44,38.18896,-5,1.837295,1.273357,11.15955,-2.772586,4.87495,4.830835
32.46,127.8058,-5,1.980841,1.480898,8.319858,-4.154699,5.34731,5.087738
32.48,84.19046,-5,2.129466,1.701807,7.388561,3.493083,5.27983,5.15621
32.5,79.81412,-5,2.252134,1.959782,7.373293,3.770838,5.27983,5.174482
32.52,60.24258,-5,2.835009,2.287884,33.34277,1.566563,5.21235,5.182765
32.54,68.99875,-5,3.25449,2.57915,19.17482,-3.219121,5.27983,5.228216
32.56,66.44052,-5,3.374356,2.738533,6.426728,-5.87138,5.27983,5.206162
32.58,129.7367,-5,3.433889,2.86074,2.854208,-7.930648,5.61723,5.363004
32.6,-61.92221,-5,3.435435,2.843031,0.5946653,-3.25951,4.60503,4.793363
32.62,250.8985,-5,3.388704,2.912632,0.9305434,-18.81908,5.95463,5.319112
32.64,12.0678,-5,3.671459,2.947626,16.5336,1.204294,5.009911,5.013419
32.66,55.32422,-5,3.301816,2.970915,-20.73359,-8.425346,4.94243,4.770245
32.68,146.5816,-5,3.024557,2.858785,9.525966,-9.308517,5.21235,4.777853
32.7,215.2194,-5,3.106037,2.934812,-3.038924,-0.7464757,5.61723,5.057995
32.72,193.2003,-5,2.725573,3.067047,-17.69542,13.18565,5.61723,5.149346
32.74,173.3476,-5,2.998285,3.421817,21.67864,19.29991,5.54975,5.199935
32.76,165.4224,-5,3.6634,3.923609,38.10613,19.17685,5.54975,5.295117
32.78,144.0943,-5,4.644593,4.518079,46.91529,15.05079,5.54975,5.416662
32.8,-37.08997,-5,5.332803,4.901291,33.83132,7.53842,4.60503,4.90784
32.82,28.97351,-5,5.806252,5.034476,23.17483,-17.28316,4.60503,4.646312
32.84,118.8241,-5,5.930595,4.89136,1.525963,-27.29555,4.94243,4.673017
32.86,106.0662,-5,5.525008,4.601739,-20.18397,-23.51617,4.87495,4.557655
32.88,18.68057,-5,4.719723,4.163571,-45.08474,-19.84269,4.20015,3.995459
32.9,111.5777,-5,4.298764,3.784666,-13.98549,-24.75334,4.267631,3.762869
32.92,196.5477,-5,4.325742,3.616256,1.480162,-18.53649,4.60503,3.914188
32.94,183.7853,-5,4.025327,3.595116,-21.74122,-4.793761,4.60503,3.98233
32.96,4.733215,-5,3.663277,3.560393,-11.25267,3.883721,3.525351,3.345985
32.98,164.4365,-5,3.894189,3.67116,22.96108,-8.987822,3.93023,3.358001
33,156.1545,-5,4.512071,3.87597,30.91529,-3.370962,3.93023,3.455035
33.02,136.6259,-5,5.096369,4.250628,29.93819,-2.428495,3.93023,3.562171
33.04,178.4165,-5,5.561932,4.659134,21.17483,-5.186982,4.267631,3.826061
33.06,-23.60364,-5,5.637118,4.812321,2.701536,-3.391654,3.25543,3.285319
33.08,98.80493,-5,5.770729,4.860323,7.525965,-22.91208,3.525351,3.173486
33.1,253.5943,-5,5.32419,4.681112,-18.82519,-21.62153,4.267631,3.482624
33.12,52.76666,-5,4.626613,4.400349,-34.67252,-3.139731,3.25543,2.943998
33.14,236.2158,-5,4.898624,4.511142,12.16719,-11.82046,3.93023,3.185042
33.16,26.76331,-5,4.83425,4.470539,-3.527473,0.8474994,2.850551,2.645931
33.18,8.636353,-5,4.578127,4.346463,-1.909152,-11.22087,2.243231,2.015851
33.2,209.4099,-5,4.77557,4.248145,4.457262,-21.35126,2.918031,2.182375
33.22,74.13538,-5,4.235313,3.975604,-35.95496,-6.169775,2.175751,1.768719
33.24,219.8377,-5,3.496591,3.785403,-30.85572,-7.081402,2.58063,1.781449
33.26,98.8125,-5,3.831043,3.807817,16.31986,5.730757,1.90583,1.490734
33.28,200.4111,-5,4.033,4.033377,10.60994,1.501412,2.243231,1.623008
33.3,46.96326,-5,4.805033,4.338609,29.78552,6.150589,1.500951,1.339332
33.32,160.7305,-5,5.013984,4.598403,12.41146,-6.768543,1.90583,1.449435
33.34,31.19141,-5,5.261353,4.663281,7.052682,-4.861198,1.23103,1.090203
33.36,-28.84607,-5,5.128982,4.525527,-9.405337,-16.45335,0.5562305,0.4803181
33.38,171.2423,-5,5.041368,4.299577,-5.985489,-29.58426,1.23103,0.5930164
33.4,49.36609,-5,4.474771,3.895157,-35.80229,-16.37691,0.5562305,0.1851915
33.42,53.15186,-5,3.585665,3.458317,-37.95496,-17.07007,0.15135,-0.3066197
33.44,178.3108,-5,3.946754,3.352705,14.94582,-18.15351,0.5562305,-0.1658656
33.46,59.81311,-5,3.830158,3.27785,-5.267932,-6.020502,-0.05108929,-0.439728
33.48,-23.77271,-5,3.750258,3.221344,9.419095,-9.924344,-0.7933693,-0.9915681
33.5,164.5458,-5,4.048091,3.252335,12.30459,-21.62859,-0.1185694,-0.778483
33.52,29.14368,-5,3.786857,3.108586,-17.48168,-9.675241,-0.7933693,-1.110458
33.54,42.07654,-5,3.295032,2.932553,-24.48931,-13.84466,-1.06329,-1.458986
33.56,123.2056,-5,3.88335,2.989398,18.25879,-17.12504,-0.7933693,-1.339545
33.58,63.45496,-5,3.906868,3.023286,-3.893886,-11.25107,-1.06329,-1.435332
33.6,-27.99329,-5,3.601728,2.927505,-16.09236,-12.59233,-1.738089,-1.921734
33.62,131.4419,-5,4.128513,3.012318,19.99925,-24.22367,-1.13077,-1.695151
33.64,-11.29248,-5,4.045922,2.922972,-1.954954,-15.76579,-1.805569,-2.015327
33.66,-60.39648,-5,3.588859,2.687106,-27.1916,-23.25362,-2.412889,-2.580904
33.68,124.4143,-5,3.376408,2.42584,-0.2450293,-32.1698,-1.805569,-2.47489
33.7,3.538086,-5,3.308594,2.195586,-2.779382,-19.37977,-2.412889,-2.757052
33.72,165.4564,-5,2.932948,2.126397,-22.73359,-21.59088,-1.738089,-2.487162
33.74,-141.162,-5,2.246137,1.799709,-31.16107,-4.967174,-3.425089,-3.431534
33.76,56.77026,-5,2.338065,1.699398,5.678637,-25.03227,-3.02021,-3.542471
33.78,-43.19934,-5,2.426423,1.470321,16.83895,-18.78671,-3.695009,-3.945424
33.8,65.05188,-5,2.58116,1.435922,2.258788,-25.1207,-3.357609,-3.861033
33.82,125.0923,-5,2.5408,1.45146,-6.535108,-18.06231,-2.95273,-3.562706
33.84,22.79956,-5,2.317213,1.500701,-14.47404,-6.719139,-3.357609,-3.680566
33.86,-63.95972,-5,2.027458,1.466799,-18.68778,-8.785257,-4.03241,-4.1622
33.88,52.36633,-5,2.511364,1.5435,24.90002,-20.3634,-3.695009,-4.094779
33.9,-125.4772,-5,2.896077,1.517469,26.21299,-17.89854,-4.639729,-4.580768
33.92,-14.51807,-5,2.958107,1.452696,0.5946653,-34.3297,-4.36981,-4.640287
33.94,68.68115,-5,2.599592,1.212427,-18.38244,-32.61701,-3.96493,-4.476402
33.96,-75.71106,-5,2.142463,0.9331551,-24.68779,-21.83419,-4.707209,-4.880107
33.98,46.08264,-5,1.655848,0.7153417,-21.08473,-27.50267,-4.36981,-4.883455
34,-64.3894,-5,1.862111,0.5884184,5.907644,-19.84953,-4.977129,-5.176364
34.02,-33.77625,-5,1.780983,0.5115355,-2.580908,-25.67877,-5.044609,-5.330123
34.04,71.13,-5,1.679305,0.4406863,-6.779382,-25.89238,-4.572248,-5.108391
34.06,-137.6674,-5,1.410579,0.2755509,-13.26794,-14.92528,-5.65193,-5.665321
34.08,-6.579346,-5,1.088644,0.1249607,-15.60382,-27.53828,-5.38201,-5.765538
34.1,28.90198,-5,1.136949,-0.005048394,4.79314,-22.71022,-5.247049,-5.685212
34.12,5.684814,-5,1.13977,0.006985575,-2.932054,-15.96285,-5.314529,-5.649886
34.14,7.800537,-5,0.9762571,0.05304906,-11.54274,-13.27672,-5.314529,-5.634224
34.16,13.27722,-5,0.838999,0.09238401,-1.54274,-10.79321,-5.314529,-5.627865
34.18,21.76147,-5,1.098499,0.2450537,11.25116,-9.422714,-5.247049,-5.531851
34.2,-57.31689,-5,1.178699,0.3458262,5.678637,-8.060534,-5.65193,-5.720466
34.22,-30.69482,-5,1.314044,0.4114302,8.518332,-15.58023,-5.65193,-5.793246
34.24,-23.32507,-5,1.490928,0.418107,6.915278,-18.44607,-5.65193,-5.809624
34.26,-18.77136,-5,1.371192,0.3523422,-8.290833,-19.19501,-5.65193,-5.836533
34.28,-9.088379,-5,1.055434,0.2160003,-17.93969,-18.16594,-5.65193,-5.883602
34.3,4.705078,-5,0.6744393,0.05035003,-19.55801,-15.21484,-5.65193,-5.93187
34.32,-0.0904541,-5,0.6115713,-0.01990858,2.732071,-11.67274,-5.71941,-5.966681
34.34,14.97937,-5,0.6957248,0.0200448,3.525964,-10.0608,-5.65193,-5.903193
34.36,167.0474,-5,0.8436217,0.2350181,8.274057,-7.608303,-4.707209,-5.274158
34.38,79.32727,-5,1.107454,0.5883689,11.20536,8.470337,-4.707209,-4.957026
34.4,54.84863,-5,1.173033,0.9930041,4.884743,10.04423,-4.639729,-4.78935
34.42,43.41748,-5,1.595682,1.376741,30.85422,7.232848,-4.572248,-4.656275
34.44,1.682007,-5,2.404047,1.781292,37.58705,1.468779,-4.639729,-4.57937
34.46,-17.02319,-5,2.951155,2.061289,23.93818,-8.421319,-4.639729,-4.544765
34.48,-39.94275,-5,3.232339,2.135828,11.48017,-17.85862,-4.707209,-4.60808
34.5,-183.6473,-5,3.111039,1.877007,-6.58091,-26.3768,-5.58445,-5.239606
34.52,-39.68054,-5,2.678976,1.395662,-23.57328,-44.96925,-5.247049,-5.40523
34.54,29.8042,-5,2.010976,0.7787395,-36.13817,-40.40332,-4.977129,-5.385979
34.56,-141.0138,-5,1.145229,0.1443157,-46.39772,-27.87136,-5.989328,-6.036757
34.58,18.45154,-5,0.1928864,-0.4177487,-51.8939,-33.48656,-5.65193,-6.172231
34.6,123.7231,-5,-0.8062977,-0.9368211,-45.0084,-17.52379,-5.247049,-6.017596
34.62,21.39844,-5,-0.4746574,-0.8919967,38.51834,2.411849,-5.65193,-6.021334
34.64,16.31555,-5,0.09797862,-0.4843056,47.02216,3.364775,-5.65193,-5.892124
34.66,-20.96814,-5,1.418524,0.1548656,62.04507,-0.9422569,-5.65193,-5.674601
34.68,-67.95605,-5,2.150605,0.6525856,37.64811,-10.04843,-5.71941,-5.598222
34.7,-6.464233,-5,1.84844,0.7431031,-24.39771,-19.67285,-5.38201,-5.489107
34.72,-150.2931,-5,0.9313426,0.3458616,-49.60382,-17.06206,-6.259249,-6.122978
34.74,-0.7572021,-5,-0.01597353,-0.1956683,-50.65726,-26.54043,-5.989328,-6.334911
34.76,95.21985,-5,-0.7206147,-0.6936796,-29.64962,-15.16405,-5.65193,-6.233438
34.78,77.05957,-5,-0.7689863,-0.7706707,-5.267932,2.225511,-5.65193,-6.085563
34.8,48.97473,-5,-0.2740246,-0.4371171,25.52597,10.2382,-5.65193,-5.88997
34.82,-34.33582,-5,0.6017891,0.0814191,47.11376,9.667804,-5.92185,-5.851002
34.84,-47.51709,-5,1.401879,0.5550414,42.0756,-1.807564,-5.92185,-5.784593
34.86,-78.56226,-5,2.100103,0.8538996,31.40384,-13.11786,-5.989328,-5.783342
34.88,-74.09448,-5,2.379792,0.9239025,9.083218,-24.69027,-5.92185,-5.785953
34.9,-15.24487,-5,1.646294,0.6164382,-45.92443,-29.35723,-5.65193,-5.779135
34.92,72.33325,-5,0.4312224,0.1041015,-62.84047,-22.27834,-5.247049,-5.683809
34.94,-94.24866,-5,-0.7755058,-0.4988377,-60.79467,-5.063805,-6.259249,-6.333813
34.96,5.282959,-5,-1.414319,-0.9107072,-5.191597,-8.300238,-6.259249,-6.603357
34.98,15.24036,-5,-0.3757932,-0.8252426,42.38094,-3.843958,-6.259249,-6.488747
35,167.6191,-5,0.02668379,-0.4654716,22.93055,-0.8585207,-5.247049,-5.748003
35.02,69.3772,-5,0.2182282,-0.03557837,-0.1381594,15.84998,-5.247049,-5.403222
35.04,22.34241,-5,0.1862114,0.3752199,-3.802283,17.06225,-5.314529,-5.324951
35.06,-208.7444,-5,0.6674019,0.6004911,21.99925,11.03964,-6.596649,-6.036877
35.08,32.35889,-5,1.631748,0.8641381,40.39621,-19.15704,-5.65193,-5.711751
35.1,-24.42554,-5,2.080672,0.8929166,25.66338,-16.31756,-5.65193,-5.569535
35.12,-59.90942,-5,2.426308,0.9761016,8.106118,-21.43238,-5.65193,-5.510942
35.14,-223.1807,-5,1.904828,0.6494228,-29.77176,-27.05299,-6.596649,-6.181962
35.16,-79.03613,-5,1.183153,0.06523392,-36.73359,-44.74994,-6.326729,-6.432953
35.18,-47.35193,-5,0.6211067,-0.6005673,-29.93969,-40.02339,-6.326729,-6.578765
35.2,-19.21985,-5,0.1014336,-1.066126,-26.70305,-31.9633,-6.259249,-6.597403
35.22,-185.2142,-5,-0.4766925,-1.499503,-32.79465,-22.23753,-7.27145,-7.219824
35.24,-87.18384,-5,-1.199065,-1.943638,-37.51222,-30.10074,-7.27145,-7.526387
35.26,133.9482,-5,-1.615136,-2.233902,-11.51221,-23.56611,-6.259249,-7.02404
35.28,56.23279,-5,-1.327811,-2.066319,10.80841,2.120818,-6.259249,-6.666488
35.3,-30.39355,-5,-1.310506,-1.677747,2.441994,11.11051,-6.529169,-6.627778
35.32,177.7279,-5,-1.392631,-1.245838,-6.397704,9.076938,-5.38201,-5.93327
35.34,45.35889,-5,-1.178552,-0.8087136,11.78551,27.97684,-5.65193,-5.753296
35.36,-34.16797,-5,-0.6805784,-0.2608942,31.08323,25.33475,-5.989328,-5.8208
35.38,-91.91919,-5,0.3183749,0.2300676,55.31224,12.10686,-6.326729,-5.971327
35.4,82.24146,-5,1.486168,0.7444812,50.64048,-6.02706,-5.314529,-5.353451
35.42,-13.58948,-5,2.052132,1.071851,16.22826,-2.395868,-5.314529,-5.097362
35.44,-190.9814,-5,1.214654,0.8839583,-45.11527,-7.264058,-6.259249,-5.749582
35.46,-101.467,-5,0.4459091,0.3382345,-31.9855,-25.8354,-6.326729,-6.213779
35.48,-48.65149,-5,0.7707344,-0.09895664,19.83131,-30.16341,-6.259249,-6.304324
35.5,-51.06018,-5,0.7969661,-0.3982878,3.083216,-27.83839,-6.259249,-6.309511
35.52,-59.39404,-5,0.2583418,-0.7245367,-33.9855,-24.80337,-6.326729,-6.406157
35.54,26.29626,-5,-0.6757811,-1.114045,-48.13818,-20.3767,-5.989328,-6.33707
35.56,26.97937,-5,-1.339726,-1.407148,-28.56565,-6.549975,-5.989328,-6.325131
35.58,-30.51855,-5,-1.002947,-1.320978,26.13666,1.434003,-6.259249,-6.362709
35.6,111.943,-5,-0.2411408,-0.8751595,41.35804,-1.318374,-5.38201,-5.728897
35.62,-32.63159,-5,0.5952156,-0.3342007,41.63285,8.315552,-5.65193,-5.527767
35.64,-63.17334,-5,1.107977,0.1597959,24.51834,-1.669028,-5.65193,-5.443157
35.66,-124.7585,-5,1.530841,0.3772361,17.40383,-12.89607,-5.92185,-5.601095
35.68,-120.3243,-5,1.717958,0.3364837,6.991614,-27.22659,-5.989328,-5.761603
35.7,-41.71875,-5,1.450263,0.06059588,-14.15343,-35.2672,-5.65193,-5.712633
35.72,16.14111,-5,0.6852228,-0.3539706,-45.40535,-29.98851,-5.314529,-5.591702
35.74,15.15723,-5,-0.401011,-0.802342,-61.89391,-17.02349,-5.314529,-5.637745
35.76,52.68066,-5,-1.449704,-1.172797,-47.9397,-4.973449,-5.247049,-5.677129
35.78,32.51367,-5,-1.370083,-1.178114,33.41911,6.504123,-5.38201,-5.669016
35.8,-184.5457,-5,-0.7670633,-0.9920002,43.11376,9.610997,-6.596649,-6.261772
35.82,55.52747,-5,0.1868218,-0.5977091,50.21301,-13.04724,-5.58445,-5.799321
35.84,-95.35681,-5,1.159056,-0.2749436,43.46491,-7.220119,-5.989328,-5.753164
35.86,-114.8379,-5,1.755492,0.03903872,16.51834,-20.67646,-5.989328,-5.725523
35.88,-37.09851,-5,1.244619,-0.08344454,-28.06183,-29.69826,-5.58445,-5.622941
35.9,-42.06445,-5,0.5415667,-0.43798,-37.03893,-25.47989,-5.58445,-5.69235
35.92,23.49646,-5,-0.2384484,-0.7927184,-42.47405,-20.485,-5.314529,-5.633821
35.94,26.64758,-5,-0.9346523,-1.08181,-36.39771,-8.209436,-5.314529,-5.639714
35.96,40.08545,-5,-1.033985,-1.093571,9.17482,0.6045979,-5.247049,-5.543941
35.98,-36.16296,-5,-0.6176434,-0.8777971,18.13666,6.28721,-5.58445,-5.605267
36,-48.50134,-5,0.09152517,-0.5235248,36.19773,-0.04751635,-5.65193,-5.581221
36.02,-120.436,-5,0.8381265,-0.2346601,35.11376,-8.117075,-5.989328,-5.716882
36.04,-85.07446,-5,1.213172,-0.1121575,11.92291,-21.9452,-5.85437,-5.709084
36.06,-26.9032,-5,0.5774387,-0.3615044,-39.95496,-25.29,-5.58445,-5.676904
36.08,35.82373,-5,-0.598998,-0.8206631,-60.13818,-17.57246,-5.314529,-5.643052
36.1,59.24731,-5,-1.571325,-1.204792,-44.06184,-2.821764,-5.247049,-5.641288
36.12,14.51294,-5,-1.248775,-1.136364,40.60995,8.15303,-5.44949,-5.626799
36.14,-36.40295,-5,-0.3911633,-0.7462075,52.39621,7.948444,-5.65193,-5.593492
36.16,-57.22217,-5,0.670729,-0.2478225,52.31987,-0.8984315,-5.65193,-5.471617
36.18,-143.2913,-5,1.43698,0.08384144,32.44201,-11.5774,-5.989328,-5.598049
36.2,-69.95325,-5,1.544595,0.1268016,-6.061825,-27.5997,-5.65193,-5.526343
36.22,4.991821,-5,0.6655291,-0.2310068,-50.18398,-27.70463,-5.247049,-5.418948
36.24,-167.6772,-5,-0.4146493,-0.8265829,-58.27559,-16.97357,-6.259249,-6.099789
36.26,-54.7749,-5,-1.608431,-1.495904,-52.61146,-23.26591,-6.259249,-6.491419
36.28,-29.80029,-5,-1.286869,-1.814867,23.40383,-17.1006,-6.326729,-6.557291
36.3,-18.89087,-5,-1.044116,-1.824186,9.846577,-11.29102,-6.259249,-6.440852
36.32,126.985,-5,-0.969524,-1.604542,-4.000756,-6.241418,-5.314529,-5.78238
36.34,33.11414,-5,-1.046331,-1.316308,-5.2832,12.06306,-5.38201,-5.52939
36.36,16.21545,-5,-0.9021392,-0.8974726,11.29696,14.23686,-5.314529,-5.360799
36.38,-63.6344,-5,-0.4441314,-0.5237443,37.57178,12.33166,-5.65193,-5.454623
36.4,-122.7719,-5,0.5071445,-0.1514648,49.70918,-0.3109155,-5.989328,-5.618582
36.42,54.13843,-5,1.463209,0.2325282,41.0527,-17.50235,-4.977129,-5.031104
36.44,-37.78564,-5,1.896792,0.4555,8.823676,-12.53425,-4.977129,-4.796173
36.46,-211.5691,-5,0.9396467,0.1914335,-56.85574,-15.72362,-5.92185,-5.461112
36.48,-56.10767,-5,-0.1249515,-0.4151297,-50.62672,-31.68929,-5.65193,-5.752723
36.5,-31.78906,-5,-0.05453801,-0.8773925,32.86949,-26.78974,-5.65193,-5.815671
36.52,-33.91321,-5,0.3823544,-0.9548583,17.25116,-22.59129,-5.58445,-5.690148
36.54,-204.4379,-5,-0.1297746,-1.207331,-34.67252,-18.68342,-6.529169,-6.262136
36.56,105.3024,-5,-1.245565,-1.598417,-56.84047,-29.07793,-5.314529,-5.91489
36.58,80.2807,-5,-1.921254,-1.922668,-7.634346,-2.338381,-5.247049,-5.727363
36.6,37.34229,-5,-1.707673,-1.70242,8.884744,12.07343,-5.314529,-5.559742
36.62,-20.52759,-5,-1.687089,-1.403327,-0.5045714,17.14937,-5.58445,-5.612316
36.64,-29.02612,-5,-0.9882278,-0.9852569,39.61758,12.33791,-5.65193,-5.580936
36.66,-96.58411,-5,0.1721328,-0.502353,51.48018,4.312298,-5.92185,-5.609187
36.68,64.34106,-5,0.6934234,-0.1172816,26.42673,-9.222759,-4.977129,-5.059153
36.7,-185.9993,-5,0.8500787,-0.0408006,-7.206865,-2.865481,-5.989328,-5.471674
36.72,-118.8977,-5,0.3310449,-0.2484191,-30.22977,-22.21932,-5.989328,-5.778134
36.74,-18.30908,-5,-0.01271313,-0.6586986,-20.35191,-26.95503,-5.65193,-5.76751
36.76,-22.21484,-5,-0.389486,-1.016443,-21.42061,-18.69076,-5.65193,-5.776352
36.78,42.4834,-5,-0.9537088,-1.245217,-29.28321,-11.61484,-5.314529,-5.605202
36.8,-31.21973,-5,-1.37904,-1.392211,-10.04656,0.9086372,-5.65193,-5.736431
36.82,-12.87061,-5,-0.8784809,-1.206016,31.69391,0.09478283,-5.58445,-5.644319
36.84,-105.0899,-5,-0.2280421,-0.9508791,35.08323,-0.9227638,-5.989328,-5.763531
36.86,77.08698,-5,0.2735042,-0.6209338,22.65574,-12.22393,-4.977129,-5.179824
36.88,-5.562073,-5,0.4977386,-0.3888511,4.976346,-2.083779,-4.977129,-4.93652
36.9,-207.4706,-5,0.3714038,-0.3320851,-10.67251,-3.717749,-5.989328,-5.497462
36.92,-127.4729,-5,0.248414,-0.5072939,-5.481672,-24.76609,-5.989328,-5.804143
36.94,-88.1369,-5,0.5508551,-0.7639341,10.16719,-31.60545,-5.92185,-5.870847
36.96,-88.06653,-5,0.4873192,-1.021918,-6.47404,-31.99041,-5.92185,-5.906773
36.98,-30.56659,-5,-0.1708055,-1.351213,-42.80993,-29.95923,-5.65193,-5.839787
37,49.17328,-5,-1.299695,-1.752497,-62.36718,-18.8624,-5.247049,-5.676852
37.02,37.43219,-5,-2.389442,-2.085181,-49.1916,0.1977668,-5.314529,-5.70494
37.04,-19.80774,-5,-2.189908,-1.993949,36.73208,10.85727,-5.65193,-5.793955
37.06,-67.9444,-5,-1.21405,-1.570211,49.34277,8.784073,-5.92185,-5.822541
37.08,82.93921,-5,-0.1098578,-0.946555,58.1672,-0.7865419,-4.977129,-5.148345
37.1,-88.33966,-5,0.6997533,-0.4143003,38.01453,5.222007,-5.38201,-5.054883
37.12,-71.98016,-5,0.7548427,-0.1123479,-10.33664,-8.267175,-5.247049,-5.017576
37.14,-249.8445,-5,0.348359,-0.3518668,-22.18397,-14.57083,-6.326729,-5.776351
37.16,77.09467,-5,-0.0768906,-0.6923265,-21.39008,-34.78547,-5.044609,-5.416382
37.18,32.87872,-5,-0.2625022,-0.9929681,-7.481674,-14.5101,-4.977129,-5.205583
37.2,1.225098,-5,-0.4611845,-0.9922016,-14.09236,-4.953848,-4.977129,-5.094497
37.22,-227.4355,-5,-0.6665874,-1.087714,-13.60381,-1.619553,-6.259249,-5.829948
37.24,-8.185669,-5,-0.2780444,-1.067163,26.02979,-23.51135,-5.51697,-5.657528
37.26,-17.52808,-5,0.4805111,-0.9662103,33.41911,-18.3339,-5.314529,-5.364584
37.28,-111.5893,-5,0.6865656,-0.8303263,8.441997,-16.71034,-5.58445,-5.396139
37.3,-117.3401,-5,0.5772305,-0.8457949,-8.214498,-24.82762,-5.65193,-5.510968
37.32,-54.74982,-5,0.3883561,-1.003902,-12.67251,-30.05814,-5.38201,-5.453488
37.34,-62.23401,-5,0.09755179,-1.218491,-16.82519,-26.24404,-5.38201,-5.465918
37.36,-31.88672,-5,-0.374882,-1.424067,-22.19924,-22.85563,-5.247049,-5.434114
37.38,-52.23279,-5,-0.815845,-1.617626,-25.06947,-16.11411,-5.38201,-5.526327
37.4,-19.65045,-5,-1.203891,-1.749508,-15.78702,-12.35782,-5.314529,-5.535589
37.42,144.137,-5,-0.7209108,-1.490666,20.47253,-7.8165,-4.30233,-4.823458
37.44,-11.43768,-5,-0.4331778,-1.102435,13.44963,10.62698,-4.639729,-4.661964
37.46,-93.06854,-5,0.07105868,-0.6174199,31.90765,5.285147,-4.977129,-4.755279
37.48,-96.2132,-5,1.156442,-0.1506448,46.59468,-10.13603,-4.977129,-4.719971
37.5,-112.7879,-5,1.840524,0.09665686,29.69391,-22.97643,-4.977129,-4.705042
37.52,-124.4064,-5,1.660295,-0.02213913,-15.45114,-32.60242,-5.044609,-4.847441
37.54,-187.3086,-5,0.4177827,-0.6717539,-67.6191,-36.20659,-5.65193,-5.477713
37.56,151.8148,-5,-1.057028,-1.421045,-71.46643,-39.45535,-4.30233,-5.093321
37.58,-75.41003,-5,-2.026579,-2.062693,-47.40535,-4.481822,-5.38201,-5.571203
37.6,-8.420654,-5,-2.266771,-2.18383,-9.252666,-3.464506,-5.38201,-5.68509
37.62,182.8408,-5,-2.086407,-1.996118,18.18246,3.826157,-4.36981,-5.023046
37.64,36.09882,-5,-1.71988,-1.554181,20.28933,26.64235,-4.707209,-4.830748
37.66,-34.25818,-5,-1.132446,-0.9227113,30.68628,24.86939,-4.977129,-4.829907
37.68,120.1596,-5,-0.09283099,-0.1955072,52.1672,13.49569,-4.03241,-4.175475
37.7,-187.6031,-5,0.8900964,0.3369598,54.21301,17.80312,-5.247049,-4.563821
37.72,19.56641,-5,1.551604,0.7803237,32.62521,-12.32355,-4.30233,-4.188449
37.74,-52.42236,-5,1.96881,0.8752928,15.31223,-12.78804,-4.36981,-4.108657
37.76,-70.92297,-5,2.000786,0.854407,-2.489305,-20.5561,-4.36981,-4.140868
37.78,-242.8958,-5,1.77647,0.5142382,-13.26794,-27.24529,-5.38201,-4.850456
37.8,-148.4822,-5,1.351992,-0.05230281,-21.81756,-47.64351,-5.38201,-5.249967
37.82,-28.27899,-5,0.7731974,-0.7443044,-27.97023,-49.5274,-4.977129,-5.243262
37.84,-44.58154,-5,0.1410021,-1.305978,-35.57328,-36.58682,-5.044609,-5.301696
37.86,-17.99567,-5,-0.655177,-1.701374,-43.69542,-26.99879,-4.977129,-5.321061
37.88,-0.3012695,-5,-1.470046,-2.008186,-40.56565,-15.20834,-4.977129,-5.361674
37.9,3.475281,-5,-1.395735,-1.980737,24.64047,-5.841454,-4.977129,-5.287115
37.92,151.8656,-5,-0.9827048,-1.586753,27.38857,-0.2660975,-4.03241,-4.583865
37.94,-5.281555,-5,-0.3652723,-1.013165,31.02216,16.21696,-4.36981,-4.387044
37.96,-95.6344,-5,0.4909632,-0.3417316,35.52598,8.244814,-4.707209,-4.435213
37.98,-80.11823,-5,1.184989,0.09648785,35.63285,-8.437423,-4.639729,-4.415548
38,-142.7856,-5,1.952163,0.3162459,38.99163,-20.60164,-4.909649,-4.556673
38.02,-138.4067,-5,1.988574,0.21712,5.999248,-35.16277,-4.977129,-4.73879
38.04,-66.87177,-5,1.575619,-0.1482694,-35.9855,-42.90239,-4.707209,-4.761326
38.06,-46.22241,-5,0.3044712,-0.7974269,-70.62672,-36.54815,-4.707209,-4.934104
38.08,42.1236,-5,-1.008472,-1.426749,-68.30612,-25.74181,-4.43729,-4.948475
38.1,9.390076,-5,-1.804843,-1.835452,6.090851,-7.063749,-4.707209,-5.106131
38.12,16.49231,-5,-1.214174,-1.664009,31.83132,0.02492571,-4.707209,-4.990619
38.14,-52.61444,-5,-0.5260324,-1.276787,35.93819,3.051242,-4.977129,-4.978227
38.16,107.5401,-5,0.4095508,-0.6597121,38.44201,-4.677701,-3.96493,-4.265612
38.18,-7.37439,-5,1.100536,-0.08870083,27.92292,4.020424,-4.03241,-3.9609
38.2,-43.46771,-5,1.26081,0.3341392,4.90001,-2.397365,-4.03241,-3.887
38.22,-262.4067,-5,1.088149,0.2745138,-6.046558,-10.17776,-5.314529,-4.724799
38.24,67.84174,-5,1.159731,0.1348433,0.7931387,-37.18002,-4.03241,-4.357823
38.26,21.22992,-5,1.146611,-0.08929074,-6.611444,-21.6388,-3.96493,-4.158154
38.28,-21.21887,-5,0.9490592,-0.1229874,-16.32137,-15.49565,-4.03241,-4.122187
38.3,-19.01569,-5,0.5886562,-0.1935544,-12.94732,-14.51901,-4.03241,-4.156105
38.32,-16.2876,-5,1.085122,-0.07593367,26.68628,-15.30829,-3.96493,-4.059893
38.34,-42.30157,-5,1.184379,0.003349394,7.602301,-15.9247,-4.03241,-4.063079
38.36,-29.33942,-5,1.155891,0.020244,-0.550373,-18.8465,-3.96493,-4.050351
38.38,-45.96008,-5,1.247168,0.01314828,-0.7793808,-19.81234,-4.03241,-4.087759
38.4,-29.09674,-5,1.174413,-0.03346586,-6.779382,-21.86905,-3.96493,-4.085386
38.42,-36.23395,-5,0.8969249,-0.1657408,-12.91679,-20.61927,-4.03241,-4.165019
38.44,-21.01141,-5,0.6178771,-0.3114637,-10.04656,-19.56963,-4.03241,-4.224457
38.46,-13.17627,-5,0.5556752,-0.3884737,-3.390069,-17.12014,-4.03241,-4.236044
38.48,-9.536255,-5,0.470118,-0.414728,-4.382436,-14.40917,-4.03241,-4.232514
38.5,35.03442,-5,0.5720154,-0.3247396,4.533598,-12.47938,-3.762489,-4.040049
38.52,-36.73376,-5,0.6703025,-0.2093555,3.648101,-7.125456,-4.03241,-4.099501
38.54,-71.59045,-5,0.71,-0.1325933,2.472528,-11.05209,-4.30233,-4.290864
38.56,-46.33069,-5,0.8700528,-0.1161452,8.701538,-17.68419,-4.30233,-4.366456
38.58,-48.26733,-5,0.9085132,-0.1757959,0.8084057,-19.66286,-4.36981,-4.442825
38.6,21.41669,-5,0.7785401,-0.2389782,-10.10763,-20.60249,-4.03241,-4.290517
38.62,16.82788,-5,0.5201554,-0.3032483,-13.1458,-13.29221,-3.96493,-4.205106
38.64,-2.663208,-5,0.3670184,-0.2914173,2.564131,-8.428754,-4.03241,-4.209076
38.66,-4.683228,-5,0.5778326,-0.1655453,13.15955,-7.878177,-4.03241,-4.17082
38.68,-73.60706,-5,0.9822983,-0.004824162,16.09085,-9.197109,-4.36981,-4.309562
38.7,-47.68213,-5,1.308641,0.1232624,14.12139,-18.09894,-4.30233,-4.314848
38.72,-45.79126,-5,1.291955,0.08857879,-2.855718,-21.31097,-4.30233,-4.350743
38.74,11.70605,-5,0.9266567,-0.05075487,-20.58091,-21.91899,-4.03241,-4.264818
38.76,9.362915,-5,0.4035285,-0.2481752,-29.68015,-14.7518,-4.03241,-4.280344
38.78,31.05444,-5,-0.001551367,-0.3697657,-15.95496,-8.84621,-3.96493,-4.262936
38.8,-0.8914795,-5,0.305956,-0.2661173,22.33513,-3.819764,-4.09989,-4.256335
38.82,0.3029785,-5,0.8890656,0.02116868,27.34277,-5.649725,-4.03241,-4.129386
38.84,-82.57068,-5,1.452186,0.2907304,29.26643,-8.76104,-4.36981,-4.232817
38.86,-80.54773,-5,1.63799,0.3907776,6.640469,-19.84157,-4.43729,-4.347294
38.88,-201.0536,-5,1.497001,0.1580721,-11.3748,-26.79537,-5.247049,-4.945834
38.9,102.7109,-5,1.117092,-0.132464,-22.44351,-41.8049,-3.96493,-4.50249
38.92,35.28174,-5,0.5315141,-0.472622,-33.34427,-19.1252,-4.03241,-4.390185
38.94,-125.0781,-5,-0.3921194,-0.7826935,-49.60382,-8.195096,-4.977129,-4.972894
38.96,-20.5946,-5,-1.371625,-1.190403,-42.56565,-13.78762,-4.977129,-5.299527
38.98,174.5316,-5,-0.9225643,-1.179369,38.85422,-8.023242,-4.03241,-4.724177
39,98.5791,-5,-0.366303,-0.771145,20.77788,13.65995,-3.96493,-4.291909
39.02,-9.504639,-5,-0.1906004,-0.2537227,1.449628,19.62613,-4.30233,-4.2811
39.04,-4.694702,-5,0.2034117,0.1926967,22.42673,11.38132,-4.30233,-4.262891
39.06,-80.47119,-5,0.8446146,0.4962478,46.0756,4.143894,-4.707209,-4.460173
39.08,-48.5686,-5,1.352293,0.6741854,29.52598,-9.968781,-4.639729,-4.494257
39.1,-61.02356,-5,1.575174,0.6551608,12.47253,-16.86842,-4.707209,-4.57258
39.12,-38.94946,-5,1.369931,0.4749062,-14.77939,-22.0038,-4.639729,-4.628685
39.14,-28.0481,-5,0.920285,0.1723196,-27.23741,-21.68351,-4.639729,-4.720822
39.16,47.65417,-5,0.3691651,-0.1205303,-30.87099,-18.40495,-4.30233,-4.609735
39.18,29.73218,-5,-0.2244049,-0.370196,-32.1229,-6.618926,-4.36981,-4.634105
39.2,40.39929,-5,-0.5856724,-0.463205,1.70917,0.5997003,-4.36981,-4.6369
39.22,38.48267,-5,-0.3617201,-0.3346075,10.33513,5.728302,-4.36981,-4.562091
39.24,-42.55554,-5,0.436555,0.00762035,39.80079,6.129185,-4.707209,-4.612329
39.26,-50.28906,-5,1.358958,0.4216921,42.22827,-4.89382,-4.707209,-4.551636
39.28,-66.17688,-5,1.882019,0.6533656,21.31223,-14.7395,-4.707209,-4.529791
39.3,-54.69861,-5,1.733654,0.5979588,-10.29083,-22.35843,-4.639729,-4.568521
39.32,22.24377,-5,0.9288303,0.2694857,-44.00077,-23.42012,-4.30233,-4.519722
39.34,65.04736,-5,-0.01825415,-0.1332569,-51.22215,-13.09292,-4.09989,-4.471659
39.36,80.6626,-5,-0.6792471,-0.3730955,-24.74886,0.3215685,-4.03241,-4.425764
39.38,54.46667,-5,0.1477794,-0.07859015,45.17483,7.990775,-4.03241,-4.22704
39.4,-46.19641,-5,1.150085,0.4355945,48.83895,6.917224,-4.36981,-4.215127
39.42,-63.81348,-5,2.204755,0.9518815,51.90766,-7.520331,-4.36981,-4.142702
39.44,-84.02295,-5,2.836329,1.215301,27.98399,-21.00229,-4.36981,-4.131199
39.46,-261.0186,-5,2.80521,1.023197,-9.405337,-32.28196,-5.38201,-4.833172
39.48,-82.35474,-5,1.821235,0.3710886,-55.90917,-54.17281,-4.977129,-5.086411
39.5,21.03906,-5,0.5991138,-0.5146081,-63.48169,-46.37679,-4.639729,-5.122584
39.52,108.1682,-5,-0.7039144,-1.191299,-68.35192,-26.26202,-4.23485,-4.955009
39.54,95.19434,-5,-1.920014,-1.592269,-47.23741,-0.06640744,-4.30233,-4.943924
39.56,15.49622,-5,-1.439644,-1.366938,28.41147,14.22451,-4.707209,-4.989168
39.58,11.80957,-5,-0.4288937,-0.7783499,48.99163,12.28857,-4.707209,-4.831242
39.6,-86.40186,-5,1.035257,-0.06400642,73.19011,5.616456,-5.044609,-4.805532
39.62,73.79626,-5,1.993817,0.5918328,49.11377,-11.56012,-4.03241,-4.156405
39.64,-17.36877,-5,2.378624,0.9645626,14.06032,-8.072659,-4.03241,-3.923864
39.66,-31.14172,-5,1.722096,0.9742321,-39.86336,-12.80142,-4.03241,-3.992517
39.68,-167.3394,-5,0.9675412,0.5777893,-39.55802,-15.12936,-4.977129,-4.723037
39.7,-56.66003,-5,0.7005916,0.1370907,14.50307,-29.47983,-4.909649,-5.020961
39.72,-35.93872,-5,1.112308,-0.1379931,16.56414,-29.1824,-4.909649,-5.055944
39.74,-57.46216,-5,0.9039823,-0.3698782,-10.67251,-26.27216,-5.044609,-5.154362
39.76,-26.84631,-5,0.4301611,-0.6159108,-32.09237,-24.91305,-4.977129,-5.199524
39.78,-9.282593,-5,-0.2097491,-0.9004282,-35.1916,-18.75618,-4.977129,-5.267799
39.8,13.83374,-5,-0.8669991,-1.148248,-18.29084,-10.66704,-4.977129,-5.326271
39.82,166.6286,-5,-0.6210091,-0.9831344,13.02215,-3.453496,-4.09989,-4.722788
39.84,95.79504,-5,-0.3157708,-0.5622661,14.76261,15.76225,-4.03241,-4.336782
39.86,-7.804688,-5,0.4142578,0.09375559,38.60995,18.76492,-4.30233,-4.240129
39.88,-84.37439,-5,1.311404,0.679922,47.48018,7.166619,-4.639729,-4.347831
39.9,-86.97961,-5,1.996948,1.002727,28.28933,-10.55484,-4.707209,-4.439302
39.92,-75.54614,-5,2.110075,0.9712607,3.556499,-22.92915,-4.707209,-4.549015
39.94,-47.18616,-5,1.759689,0.6815026,-26.67252,-28.78494,-4.639729,-4.649091
39.96,39.18555,-5,0.7229493,0.18201,-57.78703,-26.19735,-4.30233,-4.626337
39.98,99.76953,-5,-0.4253203,-0.312501,-61.02368,-11.7962,-4.03241,-4.544213
40,102.001,-5,-1.192724,-0.5700644,-6.565642,6.454169,-4.03241,-4.508955
40.02,-43.22144,5,-0.07105327,-0.1878495,46.57942,14.8372,-4.43729,-4.50007
40.04,-49.13562,5,0.9611276,0.3475418,50.01453,2.2417,-4.36981,-4.330368
40.06,-83.26392,5,2.132477,0.8118222,55.99926,-10.65446,-4.30233,-4.132116
40.08,-135.3584,5,2.651669,0.9933026,24.07559,-24.49508,-4.36981,-4.115413
40.1,-68.89966,5,1.866314,0.6553423,-51.40535,-36.22488,-4.03241,-4.093956
40.12,-219.7546,5,0.6109511,-0.158501,-65.32902,-33.4713,-4.977129,-4.824672
40.14,-51.88275,5,-0.6511932,-1.060788,-67.05421,-42.55043,-4.639729,-5.043928
40.16,-24.34894,5,-1.382723,-1.828308,-11.92442,-29.16397,-4.639729,-5.114142
40.18,-39.74854,5,-1.465819,-2.130376,-8.641978,-17.32787,-4.707209,-5.06461
40.2,-26.96252,5,-1.528054,-2.167025,-11.69542,-10.825,-4.572248,-4.887489
40.22,-127.5928,5,-1.239289,-2.059987,16.54887,-6.382471,-4.977129,-4.969812
40.24,35.29926,5,-0.7433053,-1.765005,20.25879,-14.95183,-4.03241,-4.365957
40.26,-47.37659,5,-0.6558623,-1.572644,5.87711,-4.50558,-4.03241,-4.102119
40.28,-82.03638,5,-0.6893702,-1.396281,-6.09236,-5.892675,-4.03241,-4.006586
40.3,-155.1246,5,-0.5761924,-1.354765,11.38856,-10.85536,-4.36981,-4.173836
40.32,-145.3609,5,-0.1750793,-1.358335,18.24353,-22.91726,-4.36981,-4.215413
40.34,-134.7769,5,-0.1868616,-1.540678,-1.741213,-29.90264,-4.30233,-4.218781
40.36,-137.5704,5,-0.522173,-1.862792,-21.63435,-32.39956,-4.30233,-4.270333
40.38,-128.24,5,-1.152369,-2.296922,-35.16107,-32.27889,-4.30233,-4.357758
40.4,-123.0663,5,-1.884917,-2.783781,-42.0313,-28.86575,-4.36981,-4.486469
40.42,-108.9675,5,-2.683378,-3.270265,-41.84809,-23.45086,-4.43729,-4.617433
40.44,-73.9287,5,-3.272528,-3.640105,-11.87862,-16.44704,-4.36981,-4.622332
40.46,-128.6456,5,-3.115089,-3.730027,5.129018,-8.92296,-4.639729,-4.676276
40.48,-183.4727,5,-2.940764,-3.712637,11.37329,-10.19836,-4.977129,-4.830768
40.5,-3.679169,5,-2.327097,-3.476108,22.5794,-18.28748,-3.96493,-4.193291
40.52,67.03291,5,-2.149759,-3.166095,7.602301,-5.776062,-3.02021,-3.326349
40.54,-112.3012,5,-2.417641,-2.889809,-11.20687,10.31585,-3.425089,-3.234193
40.56,-158.7706,5,-2.704658,-2.747827,3.968712,3.687221,-3.695009,-3.414861
40.58,19.42374,5,-1.788428,-2.418755,31.35803,-8.111811,-2.68281,-2.780061
40.6,-146.6169,5,-1.356706,-2.196673,12.86948,0.4139395,-3.08769,-2.718996
40.62,-205.603,5,-1.240002,-2.089055,-0.8404495,-11.28895,-3.357609,-2.889455
40.64,-201.8731,5,-1.100581,-2.222537,5.541232,-25.53467,-3.425089,-3.039338
40.66,-234.7759,5,-1.272781,-2.608546,-13.43587,-34.17031,-3.695009,-3.319505
40.68,-35.2254,5,-1.914325,-3.086638,-37.57328,-40.76374,-2.75029,-2.957307
40.7,-64.82367,5,-2.955426,-3.629851,-60.8252,-21.51295,-2.68281,-2.843575
40.72,-76.21317,5,-4.10873,-4.056185,-63.7565,-7.961169,-2.75029,-2.899646
40.74,-109.3297,5,-4.987315,-4.412816,-11.05419,2.699917,-3.08769,-3.143302
40.76,-149.2216,5,-4.383644,-4.364721,26.83895,4.267133,-3.425089,-3.273801
40.78,-29.93085,5,-3.622283,-4.04557,34.47254,-1.027084,-2.75029,-2.786293
40.8,9.125946,5,-2.558653,-3.461223,42.15193,4.172023,-2.008009,-1.994019
40.82,-178.1815,5,-1.912558,-2.891547,24.41147,9.143836,-2.412889,-1.862882
40.84,-62.35693,5,-1.935501,-2.552683,0.5335966,-6.185586,-1.670609,-1.456666
40.86,-246.3583,5,-1.431153,-2.435225,30.44201,-6.641786,-2.345409,-1.685464
40.88,-75.8045,5,-1.209226,-2.370785,11.84658,-26.02763,-1.46817,-1.294281
40.9,-14.07288,5,-1.566353,-2.526597,-16.64198,-20.24797,-0.7933693,-0.8094397
40.92,-147.3147,5,-1.685648,-2.600858,-14.42824,-10.03083,-1.13077,-0.8190878
40.94,-206.8856,5,-1.852927,-2.712167,-8.611445,-16.3698,-1.46817,-1.063095
40.96,-227.3622,5,-1.834984,-2.957386,15.34276,-26.78376,-1.738089,-1.347108
40.98,-98.49738,5,-1.715317,-3.184675,9.312226,-35.97065,-1.13077,-1.09619
41,-193.3267,5,-2.114541,-3.53283,-22.19924,-27.88793,-1.46817,-1.233906
41.02,-218.2571,5,-2.709244,-3.92154,-35.34427,-30.28219,-1.738089,-1.513829
41.04,-20.84076,5,-3.033439,-4.202397,-22.26031,-32.96953,-0.7933693,-1.075637
41.06,-148.2618,5,-3.465529,-4.444206,-25.03893,-13.54711,-1.19825,-1.127878
41.08,-174.8792,5,-4.136463,-4.637534,-21.54275,-11.43272,-1.46817,-1.349859
41.1,-36.86066,5,-3.847848,-4.580813,20.5336,-13.43104,-0.7933693,-0.9541464
41.12,22.19006,5,-3.680571,-4.345839,-0.6419765,-1.134681,-0.1185694,-0.3187246
41.14,-125.6904,5,-3.812238,-4.073252,0.2435202,13.22795,-0.5234499,-0.2853466
41.16,-242.6556,5,-3.147224,-3.700312,33.22063,5.314144,-1.13077,-0.5585217
41.18,-92.6886,5,-2.259586,-3.337986,39.37331,-14.44403,-0.3884897,-0.1675222
41.2,-53.2356,5,-1.775217,-3.09347,15.72444,-13.81776,0.2188301,0.3726816
41.22,-10.88989,5,-1.933047,-2.898169,-13.83282,-8.723306,0.89363,0.9435326
41.24,-143.4526,5,-2.165778,-2.802862,-14.18397,-0.4960505,0.5562305,0.9245112
41.26,-30.82922,5,-1.997217,-2.616842,21.80078,-8.80944,1.23103,1.313375
41.28,-215.3688,5,-1.40573,-2.466445,36.62521,-5.233006,0.5562305,1.124017
41.3,-67.44861,5,-1.292489,-2.363157,5.693904,-21.66603,1.298511,1.447045
41.32,-197.3701,5,-1.317107,-2.503546,0.4419934,-17.74439,0.8261509,1.259065
41.34,-54.79968,5,-1.72892,-2.68843,-25.54275,-26.69397,1.500951,1.505543
41.36,-131.809,5,-2.218942,-3.004769,-18.99313,-16.70795,1.23103,1.394527
41.38,-7.529785,5,-2.312917,-3.075352,-13.64962,-17.36106,1.90583,1.768765
41.4,-124.6969,5,-2.137232,-3.035423,9.571767,-5.999958,1.568431,1.774771
41.42,-24.3241,5,-2.041327,-2.849802,4.503064,-10.45071,2.175751,2.151249
41.44,40.04382,5,-1.527372,-2.502037,33.1901,-4.744903,2.918031,2.814067
41.46,-116.3579,5,-1.533318,-2.223653,2.564131,5.348114,2.51315,2.828245
41.48,7.210449,5,-1.291175,-1.881619,22.15192,-4.339117,3.25543,3.267793
41.5,-137.2189,5,-0.5418804,-1.565025,31.02216,-0.9770112,2.850551,3.269291
41.52,-20.18933,5,-0.529457,-1.364517,-6.412971,-13.17153,3.525351,3.6096
41.54,-117.3685,5,-0.4182897,-1.341897,5.678637,-9.934883,3.25543,3.56124
41.56,49.57068,5,-0.5330641,-1.292914,-10.68778,-16.91889,4.20015,4.057721
41.58,-64.95007,5,-0.6835707,-1.324545,4.823674,-4.317855,3.93023,4.077718
41.6,-128.6893,5,-0.6787216,-1.302747,-0.7335792,-7.738059,3.592831,3.873867
41.62,-167.5828,5,-0.3731369,-1.345758,25.08322,-17.60854,3.25543,3.597948
41.64,25.46155,5,-0.2892272,-1.415064,-3.069458,-28.01312,4.20015,4.029173
41.66,-17.50232,5,-0.752701,-1.595327,-29.97023,-13.85274,4.267631,4.194786
41.68,-83.17285,5,-1.575337,-1.816518,-39.52748,-6.214025,3.93023,3.977064
41.7,-58.98254,5,-1.435041,-1.850447,20.36566,-8.262024,3.93023,3.934001
41.72,-136.3418,5,-0.8495141,-1.763787,24.09086,-9.295616,3.525351,3.764745
41.74,68.51013,5,-0.6761869,-1.610714,6.930545,-17.97738,4.60503,4.344878
41.76,-13.86218,5,-0.5607789,-1.462408,5.037415,-3.449076,4.60503,4.601897
41.78,-36.54663,5,-1.00035,-1.358929,-14.64198,-0.7071019,4.60503,4.640769
41.8,-91.64233,5,-0.7334785,-1.229674,18.71681,-2.183275,4.335111,4.520513
41.82,91.61365,5,-0.3505467,-0.9865024,13.5565,-9.633633,5.34731,5.106693
41.84,-73.24768,5,-0.1092653,-0.8006529,9.037416,2.931873,4.87495,5.089326
41.86,-51.07288,5,-0.3376103,-0.6954294,-9.909155,-4.633087,4.94243,5.0574
41.88,-55.98108,5,0.08956936,-0.6031504,30.36567,-8.837721,4.94243,5.073285
41.9,-61.61902,5,0.1994908,-0.5860823,0.304589,-12.50341,4.94243,5.066689
41.92,-54.58167,5,-0.1537879,-0.7371884,-16.50458,-14.32174,4.94243,4.99456
41.94,-52.35645,5,-0.04655155,-0.826511,1.785506,-15.19616,4.94243,4.978615
41.96,-51.81421,5,-0.1359134,-0.9230689,-7.66488,-15.26769,4.94243,4.959925
41.98,-40.21973,5,-0.1781599,-0.9919868,-0.3060985,-15.10998,5.009911,4.988702
42,-56.11609,5,-0.2701432,-1.061008,-4.580909,-13.56352,4.94243,4.951714
42.02,-65.43164,5,-0.2393099,-1.095604,2.51833,-14.28607,4.87495,4.902435
42.04,-58.69922,5,-0.2920774,-1.150349,-2.168694,-15.53084,4.87495,4.873231
42.06,-55.61328,5,-0.3242551,-1.206973,-0.9167854,-15.57018,4.87495,4.858673
42.08,-42.15967,5,-0.3859957,-1.250751,-3.71068,-15.05626,4.94243,4.889495
42.1,-47.06958,5,-0.4045824,-1.266626,-1.909152,-13.30021,4.94243,4.906919
42.12,-61.48865,5,-0.397637,-1.261919,0.7931387,-12.68702,4.87495,4.878739
42.14,-58.23474,5,-0.3633452,-1.251471,2.426727,-13.85292,4.87495,4.870433
42.16,-57.68359,5,-0.3357974,-1.251511,0.09084838,-14.38786,4.87495,4.868352
42.18,-45.77222,5,-0.3505613,-1.255675,-0.6267089,-14.613,4.94243,4.90457
42.2,-61.90906,5,-0.3819734,-1.270133,-1.420603,-13.48147,4.87495,4.876267
42.22,-57.16711,5,-0.428429,-1.288332,-1.023656,-14.20698,4.87495,4.85876
42.24,-44.17444,5,-0.4013622,-1.290404,0.8084057,-14.27304,4.94243,4.897651
42.26,-60.16223,5,-0.4432667,-1.302786,-1.405335,-12.88968,4.87495,4.870942
42.28,-57.08044,5,-0.4220408,-1.296856,0.2740546,-13.66159,4.87495,4.863991
42.3,-56.30249,5,-0.4077134,-1.297459,0.6251997,-13.90756,4.87495,4.862751
42.32,-44.32886,5,-0.4207144,-1.296588,-0.7183124,-13.9229,4.94243,4.901233
42.34,-50.42847,5,-0.390975,-1.279591,0.6099325,-12.82676,4.94243,4.923315
42.36,-42.14954,5,-0.3691579,-1.244955,0.8236728,-12.76908,5.009911,4.975317
42.38,-71.39221,5,-0.3853662,-1.237427,-0.183961,-11.89163,4.87495,4.911997
42.4,-50.58264,5,-0.395551,-1.236883,0.304589,-14.20307,4.94243,4.920458
42.42,-50.84448,5,-0.4344986,-1.263868,-2.397702,-13.49562,4.94243,4.919007
42.44,-62.82617,5,-0.4312684,-1.277991,1.251154,-13.09231,4.87495,4.882045
42.46,-57.83716,5,-0.435601,-1.290962,-0.550373,-14.02034,4.87495,4.866825
42.48,-44.45105,5,-0.4365819,-1.300454,0.2435202,-14.10076,4.94243,4.902087
42.5,-49.36877,5,-0.4460581,-1.300539,0.06031401,-12.77236,4.94243,4.918993
42.52,-63.38428,5,-0.4387513,-1.291837,0.4419934,-12.44265,4.87495,4.888277
42.54,-47.40308,5,-0.4342783,-1.282816,-0.03128911,-13.62834,4.94243,4.914729
42.56,-50.58228,5,-0.4472798,-1.285519,-0.7641136,-12.75372,4.94243,4.924527
42.58,-63.78589,5,-0.4365306,-1.282486,0.5488637,-12.55964,4.87495,4.890803
42.6,-59.1698,5,-0.4306043,-1.285945,0.1671843,-13.78368,4.87495,4.875755
42.62,-56.83179,5,-0.4483047,-1.306701,-0.7183124,-14.06598,4.87495,4.866382
42.64,-56.60608,5,-0.4285293,-1.316698,0.6862684,-14.08526,4.87495,4.866664
42.66,-45.33777,5,-0.4350092,-1.317569,-0.0007547362,-14.03063,4.94243,4.907315
42.68,-62.81982,5,-0.4308756,-1.31659,0.1519171,-12.89923,4.87495,4.886007
42.7,-48.25317,5,-0.4350428,-1.306865,0.5793981,-13.87898,4.94243,4.915779
42.72,-63.31421,5,-0.4557096,-1.317629,-1.008389,-13.0113,4.87495,4.884993
42.74,-59.98413,5,-0.4276243,-1.315768,0.8694746,-14.05465,4.87495,4.875551
42.76,-58.24121,5,-0.4499367,-1.333164,-0.6572433,-14.33241,4.87495,4.867511
42.78,-57.63306,5,-0.4508096,-1.347218,0.3351234,-14.33886,4.87495,4.865095
42.8,-46.06543,5,-0.455729,-1.349525,0.01451245,-14.242,4.94243,4.905372
42.82,-63.49084,5,-0.4510689,-1.348326,0.1061156,-13.05386,4.87495,4.884532
42.84,-60.59167,5,-0.4517681,-1.344489,0.1977187,-14.02705,4.87495,4.874632
42.86,-47.52893,5,-0.4571969,-1.347205,-0.6267089,-14.3333,4.94243,4.909101
42.88,-64.29541,5,-0.4473053,-1.349234,0.4725278,-13.27775,4.87495,4.886013
42.9,-61.13977,5,-0.4502616,-1.349469,0.06031401,-14.26467,4.87495,4.874928
42.92,-48.24048,5,-0.4476624,-1.352617,-0.3519,-14.58184,4.94243,4.910147
42.94,-53.09192,5,-0.4586108,-1.353163,0.04504682,-13.45464,4.94243,4.92513
42.96,-66.61414,5,-0.4651424,-1.35161,0.2587874,-13.20504,4.87495,4.890944
42.98,-50.22913,5,-0.4661408,-1.349423,0.01451245,-14.37595,4.94243,4.915465
43,-53.58533,5,-0.4687223,-1.353094,-0.6877776,-13.48673,4.94243,4.926357
43.02,-66.64844,5,-0.4729222,-1.354906,0.3961921,-13.25084,4.87495,4.891077
43.04,-50.17859,5,-0.4742452,-1.354739,-0.4893047,-14.38345,4.94243,4.915506
43.06,-65.26868,5,-0.4713405,-1.365505,0.1366499,-13.50434,4.87495,4.886704
43.08,-49.78357,5,-0.479909,-1.365822,0.3503905,-14.39404,4.94243,4.914034
43.1,-65.11731,5,-0.4837393,-1.376151,-0.6114421,-13.43139,4.87495,4.885835
43.12,-61.59619,5,-0.4779798,-1.379128,0.6251997,-14.36411,4.87495,4.874782
43.14,-48.4021,5,-0.488661,-1.386519,-0.519839,-14.56341,4.94243,4.908983
43.16,-53.69177,5,-0.4774443,-1.381539,0.2893218,-13.40337,4.94243,4.927277
43.18,-56.35608,5,-0.469756,-1.364647,0.4419934,-13.19937,4.94243,4.936534
43.2,-57.60693,5,-0.4574451,-1.350178,0.304589,-13.37565,4.94243,4.940446
43.22,-69.07129,5,-0.4734583,-1.357224,-0.2144953,-13.58957,4.87495,4.89745
43.24,-51.93335,5,-0.4665286,-1.363237,-0.107625,-14.88622,4.94243,4.919138
43.26,-66.7627,5,-0.4689043,-1.381401,-0.3824344,-14.03125,4.87495,4.888452
43.28,-62.47986,5,-0.4915949,-1.398543,-0.4893047,-14.88901,4.87495,4.872777
43.3,-61.05835,5,-0.4814508,-1.415364,-0.2144953,-15.05845,4.87495,4.868391
43.32,-60.87244,5,-0.487204,-1.42934,-0.0007547362,-15.00994,4.87495,4.867075
43.34,-61.15234,5,-0.4881556,-1.43812,-0.01602192,-14.95852,4.87495,4.867473
43.36,-50.07043,5,-0.4855847,-1.435059,0.04504682,-14.93868,4.94243,4.909182
43.38,-67.70667,5,-0.4776702,-1.431225,0.04504682,-13.86174,4.87495,4.888422
43.4,-64.9021,5,-0.4752679,-1.426796,0.1671843,-14.94061,4.87495,4.878155
43.42,-63.63306,5,-0.4721333,-1.436507,-0.1228922,-15.38118,4.87495,4.872297
43.44,-51.6062,5,-0.47633,-1.441685,0.06031401,-15.50704,4.94243,4.909653
43.46,-67.81799,5,-0.5104422,-1.455946,-1.878618,-14.2889,4.87495,4.882087
43.48,-51.89209,5,-0.5439246,-1.46125,-0.596175,-14.98322,4.94243,4.907481
43.5,-67.53857,5,-0.5222657,-1.464103,0.1061156,-13.93218,4.87495,4.88329
43.52,-64.17017,5,-0.5230121,-1.463029,0.2893218,-14.81517,4.87495,4.873115
43.54,-50.88403,5,-0.5351253,-1.467452,-0.5045714,-14.99119,4.94243,4.907537
43.56,-43.64783,5,-0.557036,-1.46109,-1.573274,-13.66778,5.009911,4.962563
43.58,-73.79431,5,-0.5682368,-1.452269,0.1824515,-12.07638,4.87495,4.906703
43.6,-54.81531,5,-0.533923,-1.428659,1.907643,-14.15644,4.94243,4.926558
43.62,-69.84692,5,-0.4833292,-1.422572,2.945811,-13.8086,4.87495,4.8995
43.64,-53.00391,5,-0.5461572,-1.435031,-2.672511,-14.85933,4.94243,4.917757
43.66,-44.97412,5,-0.5184693,-1.429391,1.358024,-13.92216,5.009911,4.971798
43.68,-63.54395,5,-0.5348004,-1.419965,-0.6114421,-12.4651,4.94243,4.954333
43.7,-72.49597,5,-0.5286646,-1.413675,0.1061156,-13.42285,4.87495,4.905998
43.72,-55.21436,5,-0.482851,-1.408777,1.770238,-15.08685,4.94243,4.929143
43.74,-69.41235,5,-0.5131714,-1.433147,-1.16106,-14.3655,4.87495,4.893579
43.76,-41.29016,5,-0.5434987,-1.441761,-1.359534,-15.17157,5.009911,4.956216
43.78,-62.39551,5,-0.5197693,-1.439302,0.9610775,-12.97277,4.94243,4.949283
43.8,-61.02258,5,-0.5337501,-1.427103,-0.7335792,-13.6057,4.94243,4.944502
43.82,-61.01367,5,-0.4956215,-1.416654,2.045048,-14.01311,4.94243,4.945884
43.84,-60.40845,5,-0.5241418,-1.424138,-0.5351062,-14.18539,4.94243,4.940976
43.86,-71.81104,5,-0.5128772,-1.435796,-0.03128911,-14.30241,4.87495,4.8999
43.88,-55.05798,5,-0.5083542,-1.444214,0.3809245,-15.52176,4.94243,4.922646
43.9,-47.02222,5,-0.5107122,-1.447427,-0.3213652,-14.60503,5.009911,4.97363
43.92,-65.23682,5,-0.536369,-1.446661,-1.298465,-13.13056,4.94243,4.953655
43.94,-74.44739,5,-0.515913,-1.441476,0.7320697,-14.09041,4.87495,4.906694
43.96,-56.52905,5,-0.5077389,-1.448131,0.7015356,-15.65516,4.94243,4.925357
43.98,-59.24072,5,-0.5184678,-1.464334,-0.6877776,-14.84521,4.94243,4.932356
44,-117.9019,5,-0.5440525,-1.512588,-1.145793,-14.6267,4.60503,4.730574
44.02,-33.7677,5,-0.524501,-1.53745,0.8542075,-20.34282,4.94243,4.846308
44.04,-50.44482,5,-0.5457304,-1.577368,-0.6725109,-15.55744,4.94243,4.898632
44.06,-55.13147,5,-0.6913182,-1.589813,-12.68778,-13.59631,4.94243,4.909268
44.08,-64.8844,5,-0.8083663,-1.612247,0.5793981,-12.39874,4.87495,4.86415
44.1,-118.6233,5,-0.6988558,-1.622917,3.434361,-13.08048,4.53755,4.663423
44.12,-79.40417,5,-0.6839708,-1.664474,2.30459,-18.97164,4.60503,4.616597
44.14,-73.31372,5,-0.7151796,-1.75135,-1.390068,-18.79522,4.60503,4.594908
44.16,-80.44629,5,-0.8602555,-1.847096,-7.420605,-17.60334,4.53755,4.535753
44.18,-55.02856,5,-1.156864,-1.967752,-12.32137,-16.50506,4.60503,4.525577
44.2,-54.51733,5,-1.17224,-2.008466,-1.787015,-13.15377,4.60503,4.543548
44.22,-54.40369,5,-1.250384,-2.004034,-1.878618,-10.61394,4.60503,4.560095
44.24,-67.22095,5,-1.215544,-1.959048,1.037414,-9.053462,4.53755,4.544665
44.26,-52.41785,5,-1.156343,-1.889981,2.6252,-9.476339,4.60503,4.592129
44.28,-69.17346,5,-1.105351,-1.832598,1.129017,-8.44666,4.53755,4.580754
44.3,-54.87561,5,-1.067139,-1.77426,2.014513,-9.553035,4.60503,4.620267
44.32,-60.00696,5,-1.008831,-1.725322,0.8694746,-9.031178,4.60503,4.643427
44.34,-73.69995,5,-0.9986966,-1.696235,0.9152762,-9.261289,4.53755,4.611515
44.36,-57.08691,5,-0.9920667,-1.681298,-0.3519,-10.78971,4.60503,4.635737
44.38,-61.04724,5,-0.9565401,-1.671346,0.4572606,-10.2421,4.60503,4.650352
44.4,-86.16772,5,-0.9559038,-1.677096,0.6404669,-10.33561,4.47007,4.574768
44.42,-53.21826,5,-0.9430972,-1.681695,0.5793981,-12.92718,4.60503,4.621963
44.44,-60.09619,5,-0.952046,-1.700019,-0.9320526,-11.28617,4.60503,4.641809
44.46,-64.07837,5,-0.9323784,-1.689921,1.281688,-10.97018,4.60503,4.654839
44.48,-66.15881,5,-0.9252825,-1.681607,0.3809245,-11.19156,4.60503,4.659662
44.5,-67.64417,5,-0.8993992,-1.675262,0.4877952,-11.63926,4.60503,4.662656
44.52,-79.37793,5,-0.9217958,-1.694334,0.01451245,-12.03863,4.53755,4.617625
44.54,-62.67139,5,-0.9112059,-1.710804,-0.1381594,-13.50155,4.60503,4.638537
44.56,-66.08459,5,-0.9269651,-1.735078,-0.8404495,-12.73351,4.60503,4.646001
44.58,-79.54944,5,-0.9310321,-1.752794,0.3961921,-12.58904,4.53755,4.60954
44.6,-63.59802,5,-0.9351691,-1.76623,-0.2144953,-13.81794,4.60503,4.633122
44.62,-67.82861,5,-0.9265726,-1.778984,-0.4129688,-13.05345,4.60503,4.645156
44.64,-70.18188,5,-0.9273664,-1.781373,0.4267263,-12.97929,4.60503,4.650681
44.66,-71.23022,5,-0.9331158,-1.786583,-0.4282355,-13.15298,4.60503,4.651338
44.68,-72.1499,5,-0.9187784,-1.790365,0.2740546,-13.42632,4.60503,4.652635
44.7,-72.85852,5,-0.9175122,-1.798325,-0.04655629,-13.70862,4.60503,4.652134
44.72,-73.61584,5,-0.9088247,-1.806855,0.01451245,-14.001,4.60503,4.652034
44.74,-74.37903,5,-0.9041496,-1.817146,0.1671843,-14.29176,4.60503,4.651508
44.76,-74.92126,5,-0.9083573,-1.831019,0.01451245,-14.55217,4.60503,4.649694
44.78,-75.57275,5,-0.9037175,-1.844055,-0.01602192,-14.80028,4.60503,4.648908
44.8,-64.81689,5,-0.8984737,-1.848444,0.07558119,-15.02829,4.67251,4.689198
44.82,-82.70459,5,-0.892839,-1.854694,-0.0007547362,-14.14395,4.60503,4.666625
44.84,-80.25928,5,-0.8881459,-1.859879,-0.04655629,-15.38697,4.60503,4.655349
44.86,-67.41394,5,-0.9015341,-1.875834,-0.7030448,-15.8947,4.67251,4.687093
44.88,-83.41394,5,-0.9332501,-1.901687,-1.54274,-14.85716,4.60503,4.657093
44.9,-91.1615,5,-0.9530939,-1.929639,-1.008389,-15.7495,4.53755,4.601949
44.92,-61.521,5,-0.9433227,-1.947198,-0.1534266,-17.10578,4.67251,4.661032
44.94,-81.16333,5,-0.9799579,-1.974527,-2.24503,-14.91584,4.60503,4.644455
44.96,-78.66614,5,-1.017293,-1.986779,-1.695411,-15.33037,4.60503,4.635274
44.98,-78.36597,5,-0.9896429,-1.990773,0.7015356,-15.44636,4.60503,4.636865
45,-79.02563,5,-0.9820652,-1.993248,0.01451245,-15.52063,4.60503,4.639314
45.02,-79.54175,5,-0.9859486,-1.998264,-0.2908313,-15.62596,4.60503,4.639879
45.04,-80.12622,5,-0.9791567,-2.002254,0.1671843,-15.7736,4.60503,4.641098
45.06,-80.61255,5,-0.9806766,-2.008663,0.2129859,-15.92826,4.60503,4.641242
45.08,-80.93787,5,-0.9852697,-2.017472,-0.1228922,-16.06738,4.60503,4.640635
45.1,-69.78821,5,-0.9842206,-2.01794,0.2129859,-16.17398,4.67251,4.681351
45.12,-98.64514,5,-0.9922252,-2.030755,-0.1534266,-15.14635,4.53755,4.617606
45.14,-90.26221,5,-0.9927604,-2.046636,0.1213828,-17.38128,4.53755,4.588552
45.16,-63.51624,5,-1.004843,-2.069607,-1.527473,-17.92156,4.67251,4.655125
45.18,-82.56445,5,-1.109454,-2.109796,-6.336635,-15.25494,4.60503,4.634207
45.2,-78.14954,5,-1.19641,-2.135483,-2.290832,-15.12354,4.60503,4.620234
45.22,-77.59998,5,-1.142494,-2.129882,1.693902,-14.76997,4.60503,4.628122
45.24,-78.46423,5,-1.135794,-2.118631,-0.107625,-14.50183,4.60503,4.635546
45.26,-78.98718,5,-1.138394,-2.108915,0.2435202,-14.40177,4.60503,4.639629
45.28,-67.21033,5,-1.154349,-2.098008,-0.2144953,-14.30779,4.67251,4.680912
45.3,-83.72546,5,-1.167543,-2.092484,0.1671843,-13.03649,4.60503,4.658906
45.32,-80.28711,5,-1.166306,-2.082612,-0.2908313,-13.86622,4.60503,4.650674
45.34,-79.0238,5,-1.15501,-2.081735,0.07558119,-14.10266,4.60503,4.649086
45.36,-78.22705,5,-1.174992,-2.088961,-0.2450293,-14.06311,4.60503,4.646987
45.38,-77.8446,5,-1.181717,-2.094038,-0.3366328,-13.93367,4.60503,4.647412
45.4,-66.45105,5,-1.178708,-2.086281,0.07558119,-13.79464,4.67251,4.690768
45.42,-83.67749,5,-1.183596,-2.080578,-0.01602192,-12.56214,4.60503,4.670449
45.44,-80.63696,5,-1.182219,-2.07216,0.1977187,-13.49144,4.60503,4.661933
45.46,-79.69434,5,-1.164044,-2.072457,0.3961921,-13.85864,4.60503,4.660172
45.48,-91.01196,5,-1.169076,-2.086837,0.1366499,-14.01544,4.53755,4.618262
45.5,-85.72083,5,-1.167317,-2.106303,-0.06182348,-15.26897,4.53755,4.600251
45.52,-72.51404,5,-1.162241,-2.123378,0.04504682,-15.55735,4.60503,4.634575
45.54,-77.02368,5,-1.201334,-2.140363,-2.260297,-14.28731,4.60503,4.646856
45.56,-78.06262,5,-1.246844,-2.149877,-1.802282,-13.75309,4.60503,4.64917
45.58,-79.2644,5,-1.215723,-2.140484,1.037414,-13.61112,4.60503,4.656973
45.6,-79.74207,5,-1.231881,-2.138273,-0.2908313,-13.58441,4.60503,4.658582
45.62,-80.25391,5,-1.21791,-2.133181,0.1671843,-13.66275,4.60503,4.661656
45.64,-80.50146,5,-1.223129,-2.133301,0.07558119,-13.7494,4.60503,4.66234
45.66,-80.57483,5,-1.227225,-2.136294,-0.1228922,-13.81896,4.60503,4.662434
45.68,-69.12048,5,-1.229561,-2.132314,0.06031401,-13.84058,4.67251,4.703454
45.7,-86.23401,5,-1.234957,-2.131691,-0.04655629,-12.70765,4.60503,4.681383
45.72,-83.13721,5,-1.23575,-2.12871,0.1213828,-13.6853,4.60503,4.671511
45.74,-93.70105,5,-1.221598,-2.142393,0.5335966,-14.09156,4.53755,4.627883
45.76,-75.68262,5,-1.258384,-2.167113,-1.222129,-15.27795,4.60503,4.644351
45.78,-78.29553,5,-1.27484,-2.190753,-0.5045714,-14.18941,4.60503,4.652658
45.8,-79.13818,5,-1.311032,-2.202805,-2.03129,-13.6149,4.60503,4.655528
45.82,-80.26587,5,-1.288911,-2.196818,0.9610775,-13.3963,4.60503,4.662744
45.84,-69.32532,5,-1.29835,-2.185769,-0.519839,-13.30908,4.67251,4.706053
45.86,-98.84216,5,-1.272262,-2.178585,0.4877952,-12.28696,4.53755,4.648198
45.88,-78.91699,5,-1.280375,-2.176253,0.07558119,-14.53884,4.60503,4.660203
45.9,-81.01636,5,-1.268233,-2.188399,0.1366499,-14.05619,4.60503,4.666638
45.92,-92.86096,5,-1.312572,-2.211928,-2.809916,-13.82806,4.53755,4.62434
45.94,-87.64453,5,-1.310182,-2.231701,0.7168028,-14.88249,4.53755,4.607787
45.96,-85.88843,5,-1.313557,-2.256191,-0.4587703,-15.04259,4.53755,4.601927
45.98,-74.37854,5,-1.310257,-2.26437,0.06031401,-14.96069,4.60503,4.642863
46,-68.90649,5,-1.310807,-2.253181,0.2435202,-13.72208,4.67251,4.703451
46.02,-111.7383,5,-1.31634,-2.251381,-0.01602192,-12.41262,4.47007,4.608304
46.04,-75.76746,5,-1.30146,-2.24388,1.144284,-15.87119,4.60503,4.646713
46.06,-81.3103,5,-1.299404,-2.26087,0.9458106,-14.53228,4.60503,4.662965
46.08,-82.45703,5,-1.369823,-2.277657,-5.344268,-13.97434,4.60503,4.662828
46.1,-81.16223,5,-1.433032,-2.298575,-1.206862,-13.50816,4.60503,4.657718
46.12,-81.13818,5,-1.412294,-2.297641,0.6557342,-13.13854,4.60503,4.663239
46.14,-82.15454,5,-1.39348,-2.286332,0.4114593,-12.95477,4.60503,4.670761
46.16,-82.51514,5,-1.406871,-2.281109,-0.3060985,-12.88999,4.60503,4.672838
46.18,-82.42847,5,-1.412799,-2.278676,-0.4435031,-12.86275,4.60503,4.67382
46.2,-82.15588,5,-1.4229,-2.279327,-0.0007547362,-12.80112,4.60503,4.67414
46.22,-82.14209,5,-1.421702,-2.278168,-0.5809073,-12.73648,4.60503,4.675989
46.24,-93.95703,5,-1.418305,-2.283502,0.1366499,-12.72903,4.53755,4.637827
46.26,-77.2749,5,-1.416056,-2.286889,-0.3824344,-13.89896,4.60503,4.662209
46.28,-80.94873,5,-1.412486,-2.292379,-0.1228922,-13.00108,4.60503,4.674744
46.3,-83.55933,5,-1.387096,-2.279806,0.6099325,-12.86817,4.60503,4.684838
46.32,-96.3385,5,-1.390551,-2.281803,-0.2755641,-13.05962,4.53755,4.64677
46.34,-79.9856,5,-1.381032,-2.285247,0.2587874,-14.4847,4.60503,4.670106
46.36,-83.31921,5,-1.394075,-2.299795,-0.8251827,-13.73414,4.60503,4.678513
46.38,-97.24158,5,-1.369945,-2.303366,0.7473372,-13.68677,4.53755,4.645827
46.4,-81.32788,5,-1.379114,-2.310934,-0.3977011,-15.00783,4.60503,4.669101
46.42,-84.72815,5,-1.394518,-2.32773,-0.4587703,-14.2256,4.60503,4.677284
46.44,-85.93286,5,-1.417551,-2.33736,-0.6877776,-13.97899,4.60503,4.679311
46.46,-86.84961,5,-1.406751,-2.338531,-0.04655629,-13.97705,4.60503,4.682663
46.48,-87.20459,5,-1.419636,-2.34423,-0.107625,-14.02709,4.60503,4.682463
46.5,-87.36328,5,-1.423404,-2.350403,-0.3671672,-14.08538,4.60503,4.682299
46.52,-87.78528,5,-1.417291,-2.354125,0.1519171,-14.16285,4.60503,4.683588
46.54,-87.81201,5,-1.434216,-2.363235,-0.2297625,-14.20167,4.60503,4.682132
46.56,-99.70386,5,-1.426921,-2.375987,0.2129859,-14.2822,4.53755,4.64265
46.58,-82.87427,5,-1.437814,-2.389499,0.02977964,-15.47562,4.60503,4.664399
46.6,-86.35645,5,-1.441726,-2.403972,-1.420603,-14.55467,4.60503,4.675043
46.62,-99.21631,5,-1.469452,-2.419292,0.1213828,-14.2333,4.53755,4.637414
46.64,-83.35828,5,-1.449255,-2.420672,0.04504682,-15.36382,4.60503,4.664998
46.66,-87.16333,5,-1.460912,-2.429563,-0.3824344,-14.47263,4.60503,4.676287
46.68,-100.6299,5,-1.461688,-2.434556,0.8389403,-14.29438,4.53755,4.641791
46.7,-83.83179,5,-1.489437,-2.445317,-0.9167854,-15.41806,4.60503,4.663142
46.72,-75.55615,5,-1.491206,-2.448191,-0.3977011,-14.43489,4.67251,4.714871
46.74,-105.7472,5,-1.500574,-2.449392,0.4572606,-12.97227,4.53755,4.657865
46.76,-86.25073,5,-1.499899,-2.443986,0.3503905,-15.03092,4.60503,4.672947
46.78,-76.76001,5,-1.499625,-2.446939,-1.008389,-14.39766,4.67251,4.720263
46.8,-105.969,5,-1.524875,-2.456506,-0.3671672,-12.98937,4.53755,4.658816
46.82,-86.33289,5,-1.511795,-2.45281,0.3961921,-15.02681,4.60503,4.67446
46.84,-77.05945,5,-1.50847,-2.455673,-1.222129,-14.37615,4.67251,4.722641
46.86,-117.6422,5,-1.547281,-2.476879,-0.8709843,-12.95787,4.47007,4.619026
46.88,-80.70813,5,-1.539846,-2.482105,-0.2144953,-16.0919,4.60503,4.655994
46.9,-86.20825,5,-1.536757,-2.501026,-1.313733,-14.44414,4.60503,4.674458
46.92,-86.67603,5,-1.64177,-2.523716,-3.069458,-13.55928,4.60503,4.672363
46.94,-88.35962,5,-1.570208,-2.505418,2.732071,-13.26387,4.60503,4.685887
46.96,-77.19897,5,-1.609737,-2.494155,-1.16106,-13.07895,4.67251,4.727615
46.98,-94.7301,5,-1.584992,-2.477207,0.2282531,-11.93864,4.60503,4.710167
47,-92.03076,5,-1.574796,-2.460784,1.205353,-12.98869,4.60503,4.702972
47.02,-91.0907,5,-1.557406,-2.45828,-0.1534266,-13.46712,4.60503,4.700442
47.04,-114.2797,5,-1.54427,-2.475438,0.4114593,-13.78442,4.47007,4.61916
47.06,-80.4585,5,-1.546845,-2.493092,-0.550373,-16.27716,4.60503,4.662821
47.08,-75.36157,5,-1.563908,-2.511741,-0.9320526,-14.43051,4.67251,4.722172
47.1,-93.55566,5,-1.653578,-2.527956,-2.855718,-12.42416,4.60503,4.699894
47.12,-103.5485,5,-1.596649,-2.515428,1.785506,-13.15394,4.53755,4.660158
47.14,-75.16223,5,-1.575923,-2.503506,1.037414,-14.6629,4.67251,4.724888
47.16,-94.8501,5,-1.608721,-2.513923,-1.069457,-12.71032,4.60503,4.708488
47.18,-92.57288,5,-1.617821,-2.510736,0.3198562,-13.37962,4.60503,4.701359
47.2,-92.54102,5,-1.576779,-2.505073,1.006879,-13.73049,4.60503,4.703586
47.22,-127.3875,5,-1.586288,-2.533614,-0.03128911,-14.00447,4.402591,4.580408
47.24,-76.89624,5,-1.571128,-2.553398,-0.3977011,-17.67989,4.60503,4.648331
47.26,-86.58838,5,-1.601606,-2.589466,-1.817549,-14.91228,4.60503,4.676359
47.28,-87.26953,5,-1.772344,-2.629145,-7.787018,-13.49156,4.60503,4.671398
47.3,-89.39868,5,-1.675754,-2.606766,3.861842,-12.9482,4.60503,4.68969
47.32,-90.91553,5,-1.690038,-2.59063,-0.107625,-12.75468,4.60503,4.696704
47.34,-91.86194,5,-1.670296,-2.573311,0.6404669,-12.84551,4.60503,4.702132
47.36,-92.4801,5,-1.658097,-2.561148,0.6251997,-13.04165,4.60503,4.705238
47.38,-92.96265,5,-1.646696,-2.553892,-0.0007547362,-13.27247,4.60503,4.707088
47.4,-93.37585,5,-1.638679,-2.551242,0.7168028,-13.50196,4.60503,4.708008
47.42,-93.43103,5,-1.646186,-2.555827,-0.1381594,-13.67165,4.60503,4.706697
47.44,-82.35034,5,-1.630628,-2.549526,0.3656577,-13.819,4.67251,4.748775
47.46,-99.69812,5,-1.636142,-2.549944,0.2129859,-12.80761,4.60503,4.725926
47.48,-96.58362,5,-1.639621,-2.550599,0.1061156,-13.88124,4.60503,4.714388
47.5,-95.73242,5,-1.618063,-2.558212,0.6557342,-14.35011,4.60503,4.711085
47.52,-95.55334,5,-1.626942,-2.572381,-0.1228922,-14.54725,4.60503,4.70798
47.54,-95.8772,5,-1.622156,-2.583595,-0.07709067,-14.67957,4.60503,4.707479
47.56,-84.88647,5,-1.620021,-2.58533,0.1213828,-14.78584,4.67251,4.748164
47.58,-114.0796,5,-1.617878,-2.596406,0.1366499,-13.809,4.53755,4.68527
47.6,-94.38098,5,-1.615012,-2.603523,0.07558119,-16.09834,4.60503,4.696753
47.62,-85.41357,5,-1.598646,-2.613926,-0.183961,-15.65524,4.67251,4.743709
47.64,-102.6565,5,-1.659227,-2.634075,-1.985488,-14.28405,4.60503,4.716772
47.66,-99.50781,5,-1.657708,-2.640465,0.3809245,-15.12717,4.60503,4.706414
47.68,-98.63586,5,-1.646912,-2.651277,0.09084838,-15.40391,4.60503,4.703547
47.7,-98.32935,5,-1.662628,-2.666375,-0.03128911,-15.44831,4.60503,4.700783
47.72,-98.71008,5,-1.653683,-2.674462,-0.2144953,-15.48005,4.60503,4.701896
47.74,-99.50757,5,-1.644937,-2.678739,0.4114593,-15.57236,4.60503,4.703885
47.76,-99.97168,5,-1.652502,-2.686408,-0.1534266,-15.69159,4.60503,4.70338
47.78,-100.6364,5,-1.640575,-2.690877,0.07558119,-15.86097,4.60503,4.704589
47.8,-89.69043,5,-1.639195,-2.689333,-0.1228922,-16.02306,4.67251,4.745315
47.82,-106.9543,5,-1.648085,-2.694203,-0.0007547362,-15.02455,4.60503,4.721348
47.84,-103.9287,5,-1.648212,-2.697015,0.1366499,-16.11038,4.60503,4.709905
47.86,-102.7869,5,-1.643304,-2.710993,-0.1992282,-16.54053,4.60503,4.704435
47.88,-136.6936,5,-1.669806,-2.756994,-1.267931,-16.69885,4.402591,4.576905
47.9,-85.14099,5,-1.689431,-2.794947,-1.222129,-20.08595,4.60503,4.6404
47.92,-94.33582,5,-1.726642,-2.838987,-1.374801,-16.99765,4.60503,4.66851
47.94,-95.99487,5,-1.860027,-2.868106,-9.954956,-15.44085,4.60503,4.670556
47.96,-94.62292,5,-1.930481,-2.883793,0.3961921,-14.33884,4.60503,4.670098
47.98,-95.11255,5,-1.889891,-2.863715,0.8389403,-13.60419,4.60503,4.683254
48,-107.4819,5,-1.887745,-2.847049,0.5641309,-13.19528,4.53755,4.652174
48.02,129.0723,-5,-1.897765,-2.714278,-0.2602969,-13.73019,5.61723,5.288555
48.04,47.67627,-5,-1.883594,-2.444733,-0.2450293,9.794573,5.61723,5.581353
48.06,7.937134,-5,-1.880171,-1.99778,0.7320697,17.13772,5.54975,5.66535
48.08,4.643066,-5,-1.508374,-1.517653,29.54124,16.81515,5.54975,5.721383
48.1,-8.604858,-5,-0.6073598,-0.9538163,44.10613,13.30943,5.54975,5.820075
48.12,-74.29199,-5,0.2412574,-0.4467478,38.67102,6.743993,5.27983,5.739056
48.14,-67.30139,-5,0.8510348,-0.09935486,30.07559,-6.251942,5.27983,5.688492
48.16,-237.9677,-5,1.220216,-0.07869065,17.05269,-15.74591,4.267631,5.014165
48.18,89.15454,-5,0.9877675,-0.2332022,-8.626713,-37.95079,5.61723,5.421933
48.2,-134.3583,-5,0.4515939,-0.6664839,-35.64962,-18.16878,4.60503,4.906084
48.22,-48.51025,-5,-0.01500225,-0.9408658,-4.275566,-26.06237,4.67251,4.675389
48.24,-31.66577,-5,-0.005387418,-1.146626,-4.779382,-22.62378,4.60503,4.556566
48.26,46.92834,-5,-0.6908572,-1.355803,-33.95496,-16.18825,4.87495,4.602837
48.28,-3.925049,-5,-0.6906842,-1.345558,7.006881,-4.04308,4.60503,4.507268
48.3,12.53418,-5,-0.510801,-1.131814,14.04505,-1.686624,4.60503,4.514325
48.32,178.6889,-5,0.2052269,-0.6124143,30.80842,-0.4320025,5.61723,5.217722
48.34,43.40228,-5,0.5090751,-0.08226386,12.79314,16.09897,5.34731,5.373929
48.36,8.633484,-5,1.24106,0.5861579,48.93056,10.91565,5.27983,5.442385
48.38,-76.87286,-5,2.203427,1.133261,45.93819,0.6356325,4.87495,5.263675
48.4,21.81317,-5,2.461305,1.387928,7.495431,-15.47126,5.27983,5.354838
48.42,7.227112,-5,2.206029,1.315952,-15.60382,-15.29315,5.21235,5.248147
48.44,-126.707,-5,1.597933,0.9880561,-25.1,-14.92936,4.267631,4.528005
48.46,199.3674,-5,1.605883,0.8668307,-0.7641136,-27.68993,5.61723,5.030445
48.48,136.2897,-5,1.31947,0.7884644,-21.16107,-2.199271,5.61723,5.24159
48.5,-44.3172,-5,0.5875628,0.7440513,-29.03893,10.40924,4.60503,4.661923
48.52,192.3793,-5,1.14929,1.059062,34.28933,-0.9390818,5.54975,5.069772
48.54,147.5582,-5,1.684395,1.453112,18.25879,13.76293,5.61723,5.358725
48.56,112.1139,-5,1.611542,1.859311,10.97635,19.2343,5.54975,5.412001
48.58,98.77527,-5,2.473798,2.422775,48.1214,16.434,5.54975,5.51328
48.6,-134.4018,-5,3.094236,2.759334,37.06796,10.72617,4.267631,4.800128
48.62,-56.285,-5,3.795096,2.911941,29.17483,-18.92716,4.20015,4.449548
48.64,227.3317,-5,3.64359,2.769218,-11.16106,-29.58539,5.54975,5.011955
48.66,56.10345,-5,2.966909,2.479257,-40.50459,-5.950981,4.94243,4.799111
48.68,99.9305,-5,2.235626,2.308885,-26.76412,-5.137595,4.94243,4.630979
48.7,-56.23808,-5,2.56506,2.243004,15.34276,-1.602126,3.93023,4.020466
48.72,275.4444,-5,2.537359,2.316973,1.144284,-14.33681,5.34731,4.604456
48.74,-0.463974,-5,2.703657,2.359823,-0.1686933,9.797974,4.20015,4.209774
48.76,80.9582,-5,2.353128,2.447986,-15.57328,-0.8456523,4.267631,4.028567
48.78,106.3618,-5,2.667866,2.52861,17.02215,-0.6302623,4.267631,3.989072
48.8,182.0908,-5,2.439015,2.597327,-15.22214,3.044769,4.60503,4.147953
48.82,157.843,-5,2.827711,2.876072,21.93818,11.86547,4.60503,4.282039
48.84,83.13103,-5,3.223416,3.242023,24.71681,13.84034,4.267631,4.175869
48.86,74.62395,-5,4.179258,3.713323,48.83895,4.403059,4.20015,4.168287
48.88,146.2456,-5,4.560029,4.026783,15.66337,-3.7865,4.60503,4.381373
48.9,125.5392,-5,4.439092,4.127812,-4.672512,-1.539156,4.60503,4.396183
48.92,127.4864,-5,4.381871,4.19513,-0.1686933,-1.934182,4.60503,4.359652
48.94,132.61,-5,4.49423,4.272397,3.144284,-2.349688,4.60503,4.334136
48.96,-34.8721,-5,4.527736,4.217726,3.693903,-2.566961,3.592831,3.695877
48.98,270.5105,-5,4.659782,4.256038,5.296957,-19.54357,4.87495,4.178535
49,45.56973,-5,4.559474,4.137907,-6.016024,0.0826813,3.93023,3.804762
49.02,106.6009,-5,4.192034,4.080203,-21.60382,-8.392552,3.93023,3.59147
49.04,177.4701,-5,4.494431,4.105708,16.21299,-8.691947,4.20015,3.702899
49.06,183.3723,-5,4.242582,4.12138,-15.48168,-0.816353,4.267631,3.763427
49.08,-3.113342,-5,4.166797,4.11444,6.716805,4.884486,3.18795,3.140014
49.1,320.2173,-5,4.613639,4.363658,22.3962,-11.08718,4.60503,3.771941
49.12,59.04742,-5,4.948584,4.521542,14.02979,9.538268,3.592831,3.476127
49.14,102.3293,-5,4.661253,4.637018,-14.80992,-2.218811,3.525351,3.240268
49.16,143.3482,-5,5.044262,4.70965,19.54124,-6.817621,3.592831,3.205602
49.18,222.1124,-5,4.55172,4.63717,-19.75649,-3.875384,3.93023,3.317407
49.2,262.4254,-5,4.28363,4.666654,-6.596177,7.076959,4.20015,3.514843
49.22,84.91791,-5,4.563199,4.862801,15.83131,17.16601,3.32291,3.13658
49.24,120.6271,-5,5.191608,5.181545,35.38857,3.833364,3.25543,2.99701
49.26,185.0214,-5,6.09174,5.522661,41.93819,-4.228605,3.592831,3.211157
49.28,39.03723,-5,5.916438,5.534778,-9.481673,-2.719331,2.850551,2.777828
49.3,181.3328,-5,5.423151,5.372832,-24.44351,-14.61209,3.25543,2.729383
49.32,17.92517,-5,5.67401,5.181497,8.426728,-9.273205,2.31071,2.179385
49.34,191.1611,-5,5.37595,5.006257,-25.60382,-21.00672,2.850551,2.223864
49.36,88.71155,-5,4.981597,4.694063,-7.390069,-10.12577,2.243231,1.845533
49.38,25.75549,-5,4.853897,4.476977,-12.76412,-13.06523,1.568431,1.292504
49.4,157.8561,-5,4.923125,4.333024,6.823675,-21.41205,1.90583,1.284149
49.42,92.06995,-5,4.817131,4.162924,-6.336635,-13.33988,1.500951,1.049197
49.44,22.39368,-5,4.283802,3.909609,-31.0084,-13.05465,0.8261509,0.4969044
49.46,3.753296,-5,4.388238,3.693115,9.434362,-20.38932,0.2863102,-0.0229537
49.48,122.0609,-5,4.359535,3.486223,-3.237398,-26.8574,0.5562305,-0.06498571
49.5,263.9674,-5,3.94904,3.344173,-30.06183,-17.47778,1.298511,0.3477371
49.52,156.9371,-5,3.256368,3.269914,-35.74122,5.277383,0.89363,0.2532718
49.54,47.23096,-5,3.394563,3.441144,11.02215,8.834962,0.15135,-0.1618846
49.56,169.6594,-5,4.07721,3.782812,37.57178,-1.94614,0.5562305,0.0006551221
49.58,28.01611,-5,4.705015,4.047327,26.28933,0.9837532,-0.1185694,-0.2671091
49.6,147.8419,-5,4.492658,4.145977,-10.55038,-10.46602,0.2863102,-0.2060713
49.62,21.14563,-5,4.308403,4.009814,0.304589,-5.542171,-0.4559698,-0.6605752
49.64,-34.42419,-5,4.423467,3.864909,-0.7335792,-15.68607,-1.13077,-1.242929
49.66,179.6434,-5,4.117091,3.607675,-10.97786,-26.63729,-0.3884897,-1.089793
49.68,86.86597,-5,4.03927,3.39382,-2.916786,-12.12943,-0.7933693,-1.236994
49.7,-1.525513,-5,3.690545,3.227823,-24.38244,-10.96798,-1.46817,-1.717924
49.72,200.7134,-5,2.920733,2.961011,-41.78703,-16.20681,-0.7933693,-1.597302
49.74,70.14661,-5,2.864149,2.800304,1.006879,0.748628,-1.46817,-1.888474
49.76,224.0768,-5,3.086062,3.002571,5.953446,-1.67488,-0.7933693,-1.528186
49.78,66.22766,-5,3.643296,3.308795,25.83131,10.20859,-1.40069,-1.642763
49.8,-31.13354,-5,3.976551,3.571662,11.5107,0.7865522,-2.075489,-2.077609
49.82,-79.12439,-5,4.447117,3.600096,27.87712,-17.03643,-2.68281,-2.6186
49.84,100.226,-5,4.392884,3.392114,-7.191597,-33.22305,-2.075489,-2.537339
49.86,35.1449,-5,3.937069,3.000607,-33.75649,-24.4072,-2.412889,-2.759329
49.88,34.80347,-5,2.97755,2.536396,-51.48169,-22.01757,-2.68281,-3.108691
49.9,-31.24915,-5,2.208504,1.997257,-26.51985,-18.11309,-3.425089,-3.744212
49.92,159.3246,-5,2.500814,1.85087,17.4191,-22.88748,-2.75029,-3.496846
49.94,18.14478,-5,2.642432,1.815907,3.800773,-7.475183,-3.357609,-3.677024
49.96,-57.68433,-5,2.634718,1.841377,-5.145795,-11.72059,-3.96493,-4.098637
49.98,-129.7047,-5,2.913806,1.744799,13.4191,-23.35498,-4.707209,-4.694025
50,67.49548,-5,2.888316,1.548942,0.8847416,-37.94215,-4.03241,-4.557391
50.02,-51.61511,-5,2.522445,1.198166,-17.72595,-26.66017,-4.639729,-4.886468
50.04,-110.0721,-5,1.791744,0.7719288,-45.7565,-29.01212,-5.314529,-5.492122
50.06,94.97705,-5,0.8734105,0.2651923,-42.79466,-33.08809,-4.707209,-5.456145
50.08,-65.62866,-5,0.4061186,-0.1736419,-8.53511,-13.80658,-5.65193,-5.965331
50.1,106.9208,-5,0.4143905,-0.1989435,-8.840453,-17.03171,-5.044609,-5.727515
50.12,-70.42432,-5,0.4240988,-0.2106974,-3.023656,-2.04023,-5.92185,-6.086014
50.14,35.30847,-5,0.7452955,0.006691724,13.09848,-10.94745,-5.58445,-5.96244
50.16,77.34033,-5,1.043511,0.2314024,16.13666,-6.988963,-5.247049,-5.657611
50.18,39.79065,-5,1.153237,0.4926646,5.235888,-0.4825628,-5.247049,-5.507336
50.2,-145.9287,-5,1.139552,0.6002356,-4.672512,-0.2841212,-6.259249,-6.063059
50.22,-20.35205,-5,1.230381,0.5979315,10.97635,-19.06994,-5.989328,-6.152112
50.24,-13.46765,-5,1.900557,0.6233156,33.1443,-21.03181,-5.92185,-6.066407
50.26,-43.44397,-5,2.053991,0.639852,6.930545,-22.21228,-5.989328,-6.063848
50.28,-26.56836,-5,1.696204,0.5087453,-29.57328,-24.81569,-5.92185,-6.091401
50.3,25.48816,-5,0.9556403,0.2173226,-40.84046,-22.26758,-5.71941,-6.075467
50.32,46.29358,-5,0.2824639,-0.06394084,-34.55038,-13.02531,-5.65193,-6.070915
50.34,50.89478,-5,-0.01101908,-0.1637291,1.22062,-3.805148,-5.65193,-6.041935
50.36,-15.91614,-5,0.7716853,0.1043263,29.95345,0.030128,-5.92185,-6.038043
50.38,-83.23706,-5,1.449628,0.4264671,35.03743,-6.581866,-6.259249,-6.162691
50.4,-80.31372,-5,2.247547,0.699872,36.48781,-20.44707,-6.259249,-6.165268
50.42,-75.1521,-5,2.536844,0.7499068,3.342758,-30.29945,-6.191769,-6.155653
50.44,-18.96753,-5,1.397622,0.3374,-60.70307,-32.40327,-5.989328,-6.225909
50.46,10.03113,-5,0.17829,-0.2478029,-65.52749,-24.01908,-5.989328,-6.383899
50.48,106.6594,-5,-0.8819917,-0.7146641,-49.1916,-11.82573,-5.65193,-6.296797
50.5,47.73438,-5,-0.96336,-0.7949114,25.40384,6.201016,-5.92185,-6.315303
50.52,-17.05725,-5,-0.3179802,-0.4763204,39.57178,9.905101,-6.259249,-6.369429
50.54,141.2357,-5,0.6170337,0.1088835,46.94583,3.052807,-5.314529,-5.701863
50.56,-21.32251,-5,1.64466,0.7360885,47.80079,10.91114,-5.65193,-5.519462
50.58,-54.53918,-5,2.405917,1.311066,28.64048,-2.90894,-5.65193,-5.429105
50.6,-64.22559,-5,2.564802,1.476835,5.464896,-15.9556,-5.65193,-5.478451
50.62,5.222412,-5,2.244911,1.322565,-19.35954,-24.38853,-5.314529,-5.410872
50.64,15.23462,-5,1.575221,0.9679483,-37.69542,-20.70586,-5.247049,-5.445116
50.66,-157.6179,-5,0.8793572,0.4807384,-37.28321,-15.34449,-6.326729,-6.172822
50.68,19.87317,-5,0.1992661,-0.00896582,-33.28321,-26.79129,-5.92185,-6.293487
50.7,-21.59131,-5,0.3283551,-0.3271281,16.82368,-16.95743,-6.191769,-6.417756
50.72,-20.75452,-5,0.305226,-0.4291621,0.9763447,-14.59961,-6.259249,-6.459534
50.74,-14.32385,-5,0.2508481,-0.4697963,-6.809917,-12.7651,-6.259249,-6.456672
50.76,-18.12122,-5,0.4082527,-0.417738,8.732072,-11.42934,-6.259249,-6.415774
50.78,138.2269,-5,0.4770645,-0.2384963,3.205353,-10.80604,-5.314529,-5.815259
50.8,62.82227,-5,0.3440041,-0.04093416,-7.802285,5.835871,-5.314529,-5.563077
50.82,35.65491,-5,0.3037854,0.2492574,-0.5809073,9.35985,-5.314529,-5.457326
50.84,15.7229,-5,0.8876981,0.6266582,30.48781,6.99749,-5.314529,-5.349715
50.86,-78.45911,-5,1.630203,0.9702898,33.12903,0.7716269,-5.71941,-5.489701
50.88,-65.59009,-5,2.075379,1.140948,22.86948,-14.36652,-5.71941,-5.560031
50.9,-42.44177,-5,2.388127,1.131845,13.35803,-24.11121,-5.58445,-5.531126
50.92,-6.341064,-5,2.339255,1.004038,-4.840451,-28.00859,-5.314529,-5.406754
50.94,-189.6414,-5,1.673167,0.5740186,-41.25267,-25.12695,-6.326729,-6.069634
50.96,-25.10693,-5,0.5758556,-0.0584093,-56.06184,-37.91434,-5.989328,-6.291116
50.98,74.54578,-5,-0.4196723,-0.7365055,-47.37482,-26.2519,-5.65193,-6.241027
51,61.349,-5,-0.6028785,-0.9603821,-5.390069,-7.866587,-5.65193,-6.123892
51.02,46.37085,-5,-0.6173792,-0.8425772,-2.565641,3.020855,-5.65193,-5.993577
51.04,-22.12109,-5,-0.1041797,-0.5031768,31.54124,6.907781,-5.92185,-5.99698
51.06,-88.27832,-5,0.696894,-0.09800529,42.68628,-0.2377872,-6.259249,-6.111065
51.08,-81.92627,-5,1.418455,0.2031739,29.84658,-14.06358,-6.259249,-6.121107
51.1,-86.25977,-5,1.740797,0.2788244,8.808408,-23.66714,-6.259249,-6.147892
51.12,-24.95935,-5,1.118687,0.03170705,-41.42061,-28.28394,-5.989328,-6.125614
51.14,48.15649,-5,0.03179811,-0.4099756,-58.71833,-21.37187,-5.65193,-6.045498
51.16,54.52063,-5,-0.9912611,-0.811329,-47.72596,-5.965236,-5.65193,-6.074454
51.18,-163.8307,-5,-0.9855785,-0.9726813,19.15956,4.386906,-6.93405,-6.765517
51.2,77.49316,-5,-0.2270459,-0.7501727,41.61758,-12.97771,-5.989328,-6.357455
51.22,-52.93799,-5,0.6557513,-0.4673861,38.41147,-3.181171,-6.326729,-6.2633
51.24,-62.79041,-5,1.155468,-0.1171904,15.4649,-11.57281,-6.259249,-6.155612
51.26,-69.85339,-5,0.9872693,-0.08327428,-9.970223,-17.5629,-6.259249,-6.194805
51.28,-58.26184,-5,0.6268367,-0.2609451,-17.66488,-21.03914,-6.259249,-6.290208
51.3,-41.71252,-5,0.2491838,-0.5212852,-19.87863,-20.90856,-6.259249,-6.376377
51.32,144.89,-5,-0.05611922,-0.6358769,-15.78702,-17.75417,-5.247049,-5.816416
51.34,48.1731,-5,-0.2847569,-0.6042237,-11.43587,3.877584,-5.38201,-5.637625
51.36,38.47974,-5,-0.2635573,-0.3359818,4.19772,8.362418,-5.314529,-5.488611
51.38,6.858643,-5,0.09729154,-0.01295115,24.91528,9.135271,-5.38201,-5.419733
51.4,-60.91492,-5,0.9394983,0.3800455,42.09086,3.524228,-5.65193,-5.467365
51.42,-57.21899,-5,1.790342,0.7320186,39.98399,-9.88278,-5.58445,-5.398309
51.44,-89.65271,-5,2.314098,0.8848357,23.29696,-20.20285,-5.65193,-5.420684
51.46,-17.16345,-5,2.12312,0.7821447,-13.49694,-29.56026,-5.247049,-5.285524
51.48,-193.5762,-5,1.117501,0.224282,-54.33665,-25.45967,-6.259249,-5.997688
51.5,-37.11755,-5,0.06564768,-0.4586765,-56.79466,-36.92469,-5.989328,-6.259706
51.52,19.05554,-5,-0.8392656,-1.160788,-37.55802,-25.6092,-5.92185,-6.368318
51.54,-140.082,-5,-0.8028989,-1.486683,-0.6114421,-12.93748,-6.86657,-6.863161
51.56,100.5515,-5,-0.8615291,-1.514193,1.632834,-20.0273,-5.85437,-6.414663
51.58,-38.48462,-5,-0.4572483,-1.37865,23.14429,-1.915506,-6.259249,-6.361276
51.6,-52.55957,-5,0.02499267,-1.0098,16.83895,-5.617224,-6.259249,-6.267297
51.62,101.6522,-5,0.1523949,-0.696064,8.365661,-9.544292,-5.314529,-5.676435
51.64,38.38,-5,0.1314873,-0.4433585,1.877109,3.521991,-5.247049,-5.400065
51.66,-4.998535,-5,0.132335,-0.160617,0.1977187,5.734848,-5.314529,-5.336129
51.68,-70.31409,-5,0.3841363,0.04650316,13.98398,1.857761,-5.65193,-5.504226
51.7,-58.52478,-5,1.02637,0.2502548,29.78552,-9.460443,-5.65193,-5.52763
51.72,-67.98438,-5,1.578015,0.3703079,25.87712,-17.63288,-5.65193,-5.512947
51.74,-78.00916,-5,1.7655,0.3572256,10.88475,-24.67033,-5.65193,-5.534219
51.76,-76.34473,-5,1.540802,0.1614695,-15.20687,-29.6288,-5.65193,-5.615187
51.78,2.469238,-5,0.7614647,-0.2188196,-47.02367,-30.02145,-5.314529,-5.562871
51.8,-155.6345,-5,-0.09325396,-0.7543646,-45.72596,-19.81379,-6.259249,-6.184072
51.82,-71.44641,-5,-0.8686535,-1.275295,-35.43588,-26.42251,-6.326729,-6.537766
51.84,-21.38989,-5,-0.7538404,-1.573178,11.4649,-22.62048,-6.259249,-6.555559
51.86,129.1011,-5,-0.8118729,-1.572599,-3.420603,-14.51964,-5.38201,-5.976305
51.88,56.59302,-5,-0.992263,-1.391588,-7.55801,6.643685,-5.38201,-5.6963
51.9,-31.98303,-5,-0.4840605,-0.9195169,25.92292,11.50678,-5.65193,-5.646439
51.92,-103.4791,-5,0.3443767,-0.4268767,47.75499,2.886834,-5.989328,-5.751579
51.94,-90.33362,-5,0.8143987,-0.1653222,31.38857,-11.59499,-5.989328,-5.804167
51.96,86.13635,-5,1.071759,-0.0143488,9.571767,-20.33936,-4.977129,-5.243677
51.98,-161.9437,-5,0.8892562,-0.09776062,-14.65725,-8.108356,-5.989328,-5.661543
52,-90.5033,-5,0.1688358,-0.3707671,-44.0313,-22.66231,-5.989328,-5.961589
52.02,23.81787,-5,-0.6909912,-0.8840947,-32.50459,-22.01452,-5.65193,-5.98396
52.04,19.97241,-5,-0.7808945,-1.126518,-4.290833,-9.740414,-5.65193,-5.927183
52.06,26.92114,-5,-0.9981098,-1.153249,-6.19923,-1.251914,-5.58445,-5.828301
52.08,-50.95129,-5,-0.6018616,-0.9661753,20.10612,3.614236,-5.92185,-5.898789
52.1,108.448,-5,0.1542458,-0.5141062,34.90002,-3.21695,-4.977129,-5.267329
52.12,18.48303,-5,0.6148756,-0.08893263,18.02979,6.798428,-4.977129,-4.966424
52.14,-18.46082,-5,0.7338296,0.2710181,6.533598,3.909584,-4.977129,-4.873415
52.16,-52.10791,-5,1.346818,0.5812453,34.3046,-3.836841,-5.044609,-4.852406
52.18,-55.84521,-5,1.942787,0.7997154,24.4878,-14.37135,-4.977129,-4.793303
52.2,-67.50684,-5,2.002225,0.7815537,2.228254,-21.95942,-4.977129,-4.830819
52.22,-237.7991,-5,1.790856,0.4578701,-16.82519,-27.87185,-5.989328,-5.532278
52.24,-88.45007,-5,1.034092,-0.1427554,-39.60382,-46.34878,-5.71941,-5.800756
52.26,35.10583,-5,0.1226449,-0.8652998,-45.92443,-40.24715,-5.247049,-5.714344
52.28,27.07422,-5,-0.6856041,-1.361668,-44.22977,-21.04231,-5.247049,-5.686217
52.3,25.01819,-5,-1.488656,-1.626846,-43.02367,-6.466115,-5.314529,-5.721591
52.32,49.65051,-5,-2.185724,-1.757727,-22.1229,5.376341,-5.314529,-5.73819
52.34,-9.714355,-5,-1.725073,-1.536694,37.95346,14.08507,-5.65193,-5.801673
52.36,-62.56946,-5,-1.043067,-1.14914,42.60995,11.48877,-5.989328,-5.911703
52.38,111.5262,-5,0.05679466,-0.5480297,56.88477,1.148015,-4.977129,-5.227482
52.4,-63.96924,-5,0.9955214,0.015275,43.87712,8.56176,-5.38201,-5.103092
52.42,-66.67944,-5,1.678306,0.5257398,29.03742,-6.553546,-5.247049,-4.971213
52.44,-110.2788,-5,1.946555,0.6677266,8.793141,-17.80801,-5.38201,-5.06689
52.46,-67.59656,-5,1.506902,0.4386467,-27.63435,-28.16088,-5.247049,-5.161929
52.48,2.428223,-5,0.637861,-0.04042884,-45.77176,-27.69826,-4.977129,-5.173113
52.5,-160.2963,-5,-0.2394005,-0.6464217,-48.64199,-17.76667,-5.989328,-5.858435
52.52,-46.30847,-5,-0.9942003,-1.196703,-39.52748,-25.04545,-5.92185,-6.150939
52.54,-28.99426,-5,-0.8700871,-1.514127,9.709172,-18.76374,-5.989328,-6.217856
52.56,-21.99512,-5,-0.9494447,-1.624823,-2.092359,-12.58839,-5.989328,-6.191489
52.58,151.4352,-5,-1.073509,-1.509469,-5.420604,-6.986479,-4.977129,-5.545623
52.6,43.71777,-5,-0.5670194,-1.093088,22.3046,12.49447,-5.044609,-5.202391
52.62,-50.59827,-5,-0.05941444,-0.5318002,24.91528,12.68168,-5.314529,-5.164697
52.64,-66.31946,-5,0.444337,-0.1169235,37.87712,1.582801,-5.38201,-5.185148
52.66,-122.1371,-5,1.240507,0.157955,41.78552,-10.12637,-5.65193,-5.32002
52.68,-112.3658,-5,1.622412,0.2138427,17.87712,-24.82044,-5.65193,-5.404444
52.7,-24.24243,-5,1.092618,-0.06812409,-40.13817,-31.64712,-5.247049,-5.325925
52.72,31.30835,-5,-0.171206,-0.6044305,-66.47406,-22.93008,-4.977129,-5.29183
52.74,-122.345,-5,-1.591241,-1.282871,-65.58856,-7.147192,-5.989328,-5.999433
52.76,-80.55444,-5,-1.969106,-1.71816,14.73207,-11.03222,-6.326729,-6.456652
52.78,122.1417,-5,-1.171555,-1.65532,42.73209,-11.66458,-5.38201,-5.893117
52.8,59.96448,-5,-0.7147074,-1.32699,21.08322,6.896713,-5.247049,-5.46086
52.82,-3.953003,-5,-1.097627,-1.030897,-32.18397,14.13353,-5.38201,-5.407083
52.84,24.13318,-5,-1.613983,-0.9151108,-25.52748,14.28617,-5.314529,-5.418993
52.86,34.16614,-5,-1.14534,-0.6641154,53.0527,15.72224,-5.247049,-5.302987
52.88,-59.73682,-5,0.01964374,-0.1897622,54.24354,13.64593,-5.58445,-5.305045
52.9,101.4705,-5,0.8867155,0.3589725,41.49544,0.2381318,-4.572248,-4.647393
52.92,-19.07092,-5,1.409021,0.7419121,19.83131,5.798438,-4.707209,-4.453241
52.94,-150.1113,-5,1.505375,0.9003621,0.9458106,-3.308836,-5.314529,-4.806587
52.96,-135.0731,-5,1.371295,0.6974682,-8.565642,-22.21062,-5.51697,-5.179669
52.98,-66.45605,-5,1.179361,0.2669136,-10.15343,-32.52087,-5.38201,-5.322114
53,-45.66321,-5,0.9663302,-0.1613549,-15.45114,-31.72295,-5.314529,-5.363967
53.02,-40.71765,-5,0.4238327,-0.5658149,-29.84809,-27.32347,-5.314529,-5.429763
53.04,39.36914,-5,-0.5391303,-0.9839414,-55.98551,-20.56436,-4.977129,-5.343101
53.06,-126.1847,-5,-1.606464,-1.49588,-53.72596,-4.773107,-5.989328,-5.981146
53.08,-75.58313,-5,-2.108791,-1.862979,5.892377,-9.40075,-6.259249,-6.399597
53.1,139.3007,-5,-1.470685,-1.795927,21.22063,-9.060287,-5.247049,-5.805263
53.12,50.81976,-5,-1.46452,-1.58615,-3.527473,12.83903,-5.314529,-5.53195
53.14,18.41748,-5,-1.29432,-1.159366,3.296956,17.82337,-5.314529,-5.370175
53.16,-69.75391,-5,-0.4146025,-0.6340743,42.38094,14.78734,-5.65193,-5.40545
53.18,103.2314,-5,0.2945205,-0.09909177,28.79315,1.885149,-4.639729,-4.779553
53.2,3.099976,-5,0.7273612,0.2826943,22.56414,9.322255,-4.707209,-4.553712
53.22,-22.12854,-5,1.143693,0.6569714,18.41146,2.705006,-4.639729,-4.426704
53.24,-48.80554,-5,1.648627,0.9023637,24.31986,-5.954762,-4.639729,-4.38311
53.26,-49.12708,-5,1.836878,0.9540296,6.564133,-15.02951,-4.572248,-4.374779
53.28,-74.14148,-5,1.627428,0.7647075,-12.00076,-20.45586,-4.707209,-4.536664
53.3,-214.3344,-5,1.251295,0.3212293,-20.93206,-25.69973,-5.65193,-5.250875
53.32,-59.87305,-5,0.7737685,-0.2326154,-27.22214,-41.60905,-5.314529,-5.42434
53.34,-35.59021,-5,0.1269257,-0.8688595,-34.27557,-34.36825,-5.314529,-5.543816
53.36,-23.01367,-5,-0.7696533,-1.402492,-46.62672,-24.1554,-5.38201,-5.679079
53.38,32.12701,-5,-1.635396,-1.794367,-45.54276,-13.14653,-5.247049,-5.68153
53.4,36.39874,-5,-1.859877,-1.884383,12.22826,0.4962608,-5.247049,-5.613627
53.42,-55.61011,-5,-1.095368,-1.561986,28.24353,7.253058,-5.65193,-5.657419
53.44,104.236,-5,-0.2973267,-0.9918528,43.78552,0.1265979,-4.707209,-5.007286
53.46,-49.01868,-5,0.9057415,-0.3199061,52.90003,7.392106,-4.977129,-4.770534
53.48,-85.80933,-5,1.529544,0.2423136,28.79315,-5.416734,-4.977129,-4.681302
53.5,-93.28418,-5,1.602544,0.3887403,0.9458106,-17.86345,-4.977129,-4.742516
53.52,-81.5603,-5,1.352203,0.2141914,-15.78702,-26.0328,-4.977129,-4.870439
53.54,-58.68945,-5,0.7837911,-0.170118,-32.58092,-28.36444,-4.977129,-5.021422
53.56,26.29938,-5,0.08468873,-0.5841541,-39.08474,-25.13413,-4.639729,-4.952476
53.58,-132.5105,-5,-0.7673054,-1.077465,-43.90917,-11.89955,-5.58445,-5.543786
53.6,-37.06494,-5,-1.562848,-1.520791,-32.32137,-16.46372,-5.58445,-5.835388
53.62,-69.60913,-5,-1.10057,-1.678507,34.91529,-11.48089,-5.92185,-6.018589
53.64,94.18103,-5,-0.6146487,-1.482694,24.213,-12.76627,-5.044609,-5.459416
53.66,27.9823,-5,-0.3798669,-1.183669,0.8847416,2.155077,-4.977129,-5.131993
53.68,-5.232788,-5,-0.5410032,-0.8836868,-10.2145,5.877652,-4.977129,-5.023447
53.7,-21.60889,-5,-0.5770501,-0.6808572,1.205353,5.112788,-5.044609,-5.040558
53.72,149.3811,-5,-0.1019577,-0.3196754,39.11376,1.755872,-4.03241,-4.389107
53.74,-172.2205,-5,0.6976739,0.05248322,39.2817,13.61356,-5.314529,-4.790508
53.76,-128.2567,-5,1.423968,0.4031553,36.33514,-13.48958,-5.314529,-4.94495
53.78,-132.7142,-5,2.059654,0.4286298,30.02979,-29.15198,-5.38201,-5.062983
53.8,-56.44739,-5,2.080412,0.2487923,-6.229764,-39.94263,-4.977129,-4.939205
53.82,-12.91272,-5,0.9728785,-0.2579469,-63.77177,-35.60517,-4.707209,-4.901094
53.84,-150.6344,-5,-0.3414443,-0.9572801,-69.22215,-24.2774,-5.58445,-5.548147
53.86,12.21118,-5,-1.47302,-1.597797,-30.27558,-26.73075,-5.247049,-5.696487
53.88,-5.181396,-5,-0.7528339,-1.69821,19.96872,-14.34165,-5.314529,-5.594357
53.9,-9.895996,-5,-0.6245111,-1.550099,3.587033,-8.311301,-5.247049,-5.440114
53.92,-28.91412,-5,-0.4765748,-1.330219,14.07559,-5.282982,-5.247049,-5.344254
53.94,-59.31982,-5,0.02519879,-1.030149,24.79315,-6.90637,-5.314529,-5.287143
53.96,-135.0812,-5,0.2313588,-0.8801821,8.090851,-11.88694,-5.71941,-5.512435
53.98,-76.73669,-5,0.157383,-0.9192548,-2.092359,-22.51926,-5.58445,-5.575031
54,-92.86346,-5,0.1193963,-1.078125,-5.466405,-23.58121,-5.71941,-5.698575
54.02,-17.97375,-5,-0.08871364,-1.226124,-13.78702,-25.09906,-5.38201,-5.570708
54.04,-5.631165,-5,-0.5324405,-1.393024,-24.19924,-17.00272,-5.247049,-5.471464
54.06,143.657,-5,-1.127779,-1.432445,-30.99313,-8.063869,-4.36981,-4.941386
54.08,-134.6979,-5,-1.571588,-1.483715,-16.09236,13.95986,-5.65193,-5.484248
54.1,47.89886,-5,-0.9938517,-1.155326,41.73972,-1.239113,-4.977129,-5.206965
54.12,-0.159668,-5,-0.1781473,-0.7904859,49.66339,4.444324,-4.977129,-4.982931
54.14,-84.7782,-5,0.4415027,-0.3841588,23.84658,1.147079,-5.247049,-5.000881
54.16,-89.75598,-5,0.5491026,-0.2258311,1.556498,-9.965978,-5.314529,-5.101758
54.18,-63.47351,-5,0.5303236,-0.2912701,-0.03128911,-17.73246,-5.247049,-5.156611
54.2,-62.84576,-5,0.6082386,-0.4090454,-1.283198,-20.50308,-5.247049,-5.189947
54.22,173.9838,-5,0.3188604,-0.452504,-14.27557,-20.82201,-3.897449,-4.438986
54.24,68.12671,-5,-0.1901576,-0.4658604,-27.9397,4.537383,-3.96493,-4.197517
54.26,40.13672,-5,-0.7836965,-0.368522,-34.15344,12.58297,-4.03241,-4.185326
54.28,51.19617,-5,-0.976629,-0.2523625,6.869477,15.7809,-4.03241,-4.18368
54.3,-171.4997,-5,-0.05773459,0.00180313,40.19773,15.50172,-5.247049,-4.773252
54.32,-165.5398,-5,0.957401,0.2385906,50.13667,-10.69039,-5.58445,-5.141348
54.34,11.15387,-5,1.966865,0.3975565,51.0069,-30.48741,-4.707209,-4.715451
54.36,3.887939,-5,2.414886,0.4917737,22.94582,-27.17947,-4.30233,-4.294351
54.38,-63.32587,-5,1.982279,0.4280531,-29.2374,-24.39856,-4.36981,-4.27096
54.4,-215.6132,-5,1.144425,0.01355541,-45.43589,-26.93051,-5.314529,-4.979996
54.42,-50.29004,-5,0.2951023,-0.590828,-39.92443,-40.99287,-4.977129,-5.196517
54.44,24.50458,-5,-0.206271,-1.142966,-18.13817,-31.79993,-4.707209,-5.131422
54.46,14.7171,-5,-0.600613,-1.407202,-24.1687,-16.8564,-4.707209,-5.067337
54.48,25.14081,-5,-0.9799383,-1.456484,-12.88626,-6.647994,-4.639729,-4.980721
54.5,-1.063782,-5,-0.226553,-1.113775,34.99162,-1.365956,-4.639729,-4.797081
54.52,-101.1833,-5,0.4054902,-0.7133842,28.3962,-2.785218,-5.044609,-4.889714
54.54,-93.89709,-5,0.9852865,-0.3988315,27.54124,-15.77662,-5.044609,-4.908026
54.56,-71.97687,-5,1.290588,-0.2868795,14.13665,-24.61227,-4.909649,-4.856735
54.58,-92.04541,-5,1.258269,-0.3548731,-14.01603,-28.18619,-4.977129,-4.923982
54.6,-176.5526,-5,0.162054,-0.8548014,-62.61147,-29.1444,-5.65193,-5.524155
54.62,-14.61157,-5,-1.107661,-1.546443,-63.51223,-33.87562,-5.314529,-5.711312
54.64,192.5855,-5,-1.857332,-1.992064,-13.89389,-17.70469,-4.30233,-5.172846
54.66,112.7571,-5,-1.740194,-1.838266,-2.351901,13.52424,-4.30233,-4.790636
54.68,9.167969,-5,-1.529461,-1.327465,19.20536,25.30727,-4.639729,-4.736967
54.7,-74.91113,-5,-0.4474904,-0.6484843,56.2588,18.90304,-5.044609,-4.823151
54.72,114.5276,-5,0.5831084,0.04351062,47.46491,3.160357,-3.96493,-4.14285
54.74,-43.70721,-5,1.354446,0.5594071,36.59468,9.148301,-4.30233,-4.025735
54.76,-72.7702,-5,1.691586,0.9145386,15.66337,-4.070626,-4.36981,-4.064129
54.78,-56.0033,-5,1.788012,0.9484861,0.5641309,-16.06434,-4.30233,-4.117384
54.8,-213.3417,-5,1.682938,0.6576508,-7.252666,-22.33703,-5.247049,-4.776528
54.82,-124.44,-5,1.292765,0.15158,-20.32137,-41.08623,-5.247049,-5.145014
54.84,-29.84271,-5,0.7390783,-0.4898229,-29.89389,-42.56171,-4.977129,-5.202054
54.86,-35.63763,-5,0.1229853,-1.025628,-36.45878,-31.97799,-5.044609,-5.28919
54.88,-3.937744,-5,-0.6716253,-1.426963,-45.42061,-22.88089,-4.977129,-5.32166
54.9,-143.8303,-5,-1.573319,-1.873824,-44.58092,-10.95183,-5.92185,-5.944977
54.92,104.3727,-5,-1.672045,-1.980312,24.09086,-16.44759,-4.977129,-5.579291
54.94,203.8923,-5,-1.045586,-1.635464,31.73972,3.261961,-4.03241,-4.693941
54.96,38.16998,-5,-0.6777515,-0.9964658,14.54887,24.99737,-4.30233,-4.392356
54.98,0.078125,-5,-0.5146632,-0.3723433,8.74734,22.09371,-4.36981,-4.315329
55,-61.7804,-5,0.4054517,0.1815686,45.02216,13.17728,-4.639729,-4.379207
55.02,-73.12207,-5,1.23403,0.5765499,32.73208,-1.761643,-4.707209,-4.415486
55.04,-68.59418,-5,1.428544,0.6475323,9.373294,-13.44556,-4.707209,-4.48829
55.06,-52.61823,-5,1.489091,0.5408882,-0.3519,-20.92676,-4.639729,-4.526088
55.08,-33.5697,-5,1.071209,0.258224,-24.99313,-22.86644,-4.572248,-4.584987
55.1,30.59924,-5,0.2817965,-0.1265627,-41.48168,-19.49024,-4.30233,-4.544809
55.12,86.13544,-5,-0.651123,-0.4957632,-44.0771,-7.534742,-4.03241,-4.43832
55.14,20.12506,-5,-0.6031092,-0.5238668,20.45727,5.719977,-4.30233,-4.471436
55.16,4.03479,-5,0.3898672,-0.1194228,46.62522,4.476837,-4.30233,-4.320441
55.18,-101.428,-5,1.378355,0.3279587,49.78552,-1.453545,-4.707209,-4.406346
55.2,-104.1082,-5,2.20769,0.661967,40.06033,-18.84254,-4.707209,-4.42069
55.22,-109.5648,-5,2.492023,0.6815149,12.5794,-31.60961,-4.707209,-4.485665
55.24,-35.87634,-5,1.877832,0.3564313,-39.02367,-38.45745,-4.36981,-4.458112
55.26,32.89819,-5,0.7562039,-0.1729236,-61.6191,-31.67722,-4.03241,-4.392318
55.28,-130.7561,-5,-0.4892,-0.8201873,-63.14581,-16.44275,-5.044609,-5.073406
55.3,-14.59985,-5,-1.25554,-1.315757,-15.51221,-20.24559,-4.977129,-5.341021
55.32,-6.831055,-5,-0.246745,-1.287946,36.213,-14.39368,-4.977129,-5.227696
55.34,-28.14661,-5,0.1058217,-1.079916,12.15192,-10.92248,-4.977129,-5.101199
55.36,-28.98779,-5,0.1278089,-0.9023441,-2.092359,-10.81897,-4.909649,-5.013678
55.38,-44.22461,-5,-0.01366626,-0.8355185,-2.886252,-10.36621,-4.977129,-5.048082
55.4,-34.18176,-5,-0.1055836,-0.8194268,-5.573276,-11.2754,-4.977129,-5.076829
55.42,-42.17224,-5,-0.01096351,-0.7910742,4.487797,-11.19004,-5.044609,-5.11097
55.44,-18.55505,-5,0.2232254,-0.6946821,9.419095,-12.6728,-4.909649,-5.011599
55.46,-45.46802,-5,0.3670344,-0.6070456,6.182454,-11.77966,-4.977129,-4.997705
55.48,-58.0304,-5,0.384124,-0.5657009,1.052681,-13.99373,-5.044609,-5.044216
55.5,-51.38708,-5,0.3837261,-0.5820992,1.907643,-16.72541,-5.044609,-5.077099
55.52,-47.23743,-5,0.3499554,-0.6369267,-2.977855,-17.75067,-5.044609,-5.101138
55.54,-31.57678,-5,0.2392706,-0.706949,-5.176329,-17.6169,-4.977129,-5.08429
55.56,-35.43457,-5,0.2247361,-0.742155,-1.267931,-15.90523,-4.977129,-5.07142
55.58,-37.12585,-5,0.1858765,-0.7545024,-1.924419,-15.03698,-4.977129,-5.065568
55.6,-49.01355,-5,0.1607978,-0.7659867,0.3656577,-14.57476,-5.044609,-5.103775
55.62,140.9028,-5,0.1758152,-0.6436113,0.2740546,-15.11469,-3.96493,-4.46648
55.64,-128.2312,-5,0.1286803,-0.575992,-1.695411,3.45016,-5.044609,-4.833109
55.66,-68.745,-5,0.3784142,-0.3945919,12.30459,-12.2674,-4.977129,-4.932127
55.68,110.7584,-5,0.8387526,-0.2081583,18.47253,-17.80311,-3.96493,-4.33427
55.7,-140.4536,-5,0.7055147,-0.2013795,-4.641977,-3.290112,-4.977129,-4.715219
55.72,-81.85547,-5,0.4590292,-0.2519991,-16.19923,-18.23798,-4.977129,-4.935643
55.74,-64.16919,-5,0.4488882,-0.4560553,2.197719,-22.17165,-5.044609,-5.081675
55.76,-36.12537,-5,0.3771835,-0.6379404,-6.79465,-22.72683,-4.977129,-5.100078
55.78,-30.29248,-5,0.05275426,-0.8293181,-18.44351,-19.1762,-4.977129,-5.131249
55.8,-19.28455,-5,-0.3561367,-1.004962,-24.18397,-14.85839,-4.977129,-5.169824
55.82,-5.086304,-5,-0.764802,-1.150415,-16.87099,-9.49374,-4.977129,-5.20194
55.84,151.6268,-5,-0.349535,-0.9180931,23.96872,-5.543349,-4.03241,-4.549855
55.86,73.32117,-5,-0.06078213,-0.5107701,20.64047,11.94683,-3.96493,-4.169551
55.88,-39.00781,-5,0.4809911,0.04028478,32.06033,13.64662,-4.30233,-4.156114
55.9,-117.9252,-5,1.317139,0.507772,46.86949,0.472321,-4.707209,-4.350527
55.92,-101.5166,-5,2.028963,0.7450025,37.81606,-18.60488,-4.707209,-4.432549
55.94,-89.80396,-5,2.40609,0.7315922,14.67101,-30.84295,-4.639729,-4.461113
55.96,-255.6233,-5,1.900176,0.2777708,-32.74886,-36.48028,-5.65193,-5.207523
55.98,153.2538,-5,0.5901098,-0.3831498,-71.16109,-51.92568,-3.96493,-4.705108
56,-70.86914,-5,-0.8291858,-1.219133,-72.24506,-16.45543,-4.977129,-5.1933
56.02,-193.88,5,-2.020229,-1.833605,-62.12291,-11.9612,-5.92185,-6.0037
56.04,90.72375,5,-2.707322,-2.300306,-19.46641,-18.67976,-4.977129,-5.760678
56.06,43.35895,5,-2.304975,-2.343724,15.29696,4.28477,-4.977129,-5.461546
56.08,2.798462,5,-2.173249,-2.043488,4.441995,14.22983,-4.977129,-5.228176
56.1,-77.52582,5,-2.126585,-1.769027,10.25879,16.44585,-5.314529,-5.296658
56.12,90.74127,5,-1.178757,-1.242846,49.54125,6.989815,-4.30233,-4.590112
56.14,-73.59802,5,-0.4537881,-0.7763444,32.3962,15.12325,-4.639729,-4.417216
56.16,-110.6216,5,-0.1682916,-0.4471858,13.4649,2.85693,-4.707209,-4.40649
56.18,-176.5607,5,0.582573,-0.2903082,35.2359,-11.68618,-4.977129,-4.534973
56.2,-183.7571,5,1.291587,-0.2853456,34.97636,-30.45129,-4.977129,-4.573142
56.22,-190.4062,5,1.195287,-0.6229197,-8.947322,-43.38413,-4.977129,-4.676839
56.24,-113.6132,5,0.1391765,-1.315912,-62.5504,-49.04345,-4.639729,-4.691953
56.26,-56.94284,5,-1.20748,-2.141574,-72.45879,-40.49439,-4.36981,-4.672013
56.28,-44.54077,5,-2.240953,-2.787488,-56.42826,-25.68979,-4.30233,-4.657419
56.3,-66.27374,5,-2.457009,-3.044652,18.3046,-13.9977,-4.36981,-4.608538
56.32,-143.026,5,-2.130624,-3.008519,27.29696,-9.721504,-4.707209,-4.674776
56.34,-191.3391,5,-1.655856,-2.889997,31.57178,-16.37283,-4.977129,-4.785587
56.36,-15.2877,5,-1.17428,-2.706823,15.02215,-26.93132,-3.96493,-4.178316
56.38,-103.0203,5,-1.577791,-2.753396,-34.45878,-14.86064,-4.03241,-4.0224
56.4,-267.6332,5,-2.519517,-3.068273,-51.39008,-12.96955,-4.977129,-4.639656
56.42,9.159195,5,-3.506727,-3.512879,-4.122893,-24.62074,-3.96493,-4.394688
56.44,-130.4608,5,-2.842196,-3.615298,26.15193,-6.811656,-4.43729,-4.390528
56.46,-182.364,5,-2.745353,-3.548455,-3.481672,-9.611752,-4.707209,-4.496251
56.48,-157.8786,5,-2.680825,-3.56704,-3.481672,-16.91504,-4.639729,-4.493178
56.5,-1.247253,5,-2.628101,-3.549226,-2.061824,-19.12993,-3.695009,-3.912451
56.52,-90.32561,5,-2.881004,-3.548692,-13.00839,-4.009457,-3.762489,-3.714807
56.54,-106.3159,5,-3.403296,-3.560722,-29.89389,-1.291763,-3.762489,-3.680209
56.56,-143.7765,5,-3.936987,-3.723361,-11.45114,0.5886567,-4.03241,-3.873404
56.58,26.88911,5,-3.294274,-3.535718,31.98399,-3.776542,-3.08769,-3.264385
56.6,-55.82822,5,-2.800265,-3.220825,19.78551,8.886742,-3.02021,-2.879434
56.62,-179.2349,5,-2.612325,-2.924065,0.1671843,8.060764,-3.425089,-2.954641
56.64,-221.6891,5,-2.231402,-2.785064,20.94582,-6.369287,-3.695009,-3.149608
56.66,-50.78204,5,-1.645671,-2.679881,21.70918,-21.87088,-2.75029,-2.640789
56.68,-175.5984,5,-1.618847,-2.762444,-2.412969,-15.1496,-3.02021,-2.616013
56.7,-175.6885,5,-2.177959,-3.000011,-42.55038,-21.5236,-3.02021,-2.708299
56.72,-149.1637,5,-3.192365,-3.537391,-47.63436,-22.37594,-3.02021,-2.88184
56.74,-188.4418,5,-3.558584,-4.014485,-5.023657,-19.199,-3.357609,-3.152124
56.76,-162.7933,5,-3.572639,-4.307068,-3.527473,-21.06012,-3.357609,-3.211554
56.78,-41.2215,5,-3.82875,-4.49649,-12.27557,-18.62026,-2.68281,-2.821056
56.8,-107.6574,5,-4.030241,-4.563986,-13.57328,-4.12386,-2.75029,-2.66891
56.82,-171.0673,5,-4.2475,-4.551704,-16.44351,-0.6510718,-3.02021,-2.759646
56.84,-220.4983,5,-4.499288,-4.660501,-10.48931,-4.058298,-3.425089,-3.057959
56.86,-13.28577,5,-4.267804,-4.628634,8.716805,-11.70328,-2.412889,-2.525808
56.88,14.18677,5,-4.184591,-4.476262,-2.932054,4.081091,-1.805569,-1.889454
56.9,-116.8299,5,-4.22305,-4.1961,4.136652,17.26501,-2.075489,-1.761993
56.92,-39.99988,5,-3.583687,-3.69434,36.02979,10.79197,-1.46817,-1.273015
56.94,-209.2709,5,-2.88591,-3.300442,27.86185,11.68217,-2.008009,-1.340471
56.96,-111.9641,5,-2.567398,-3.038353,20.65574,-5.742528,-1.46817,-1.077228
56.98,-226.8947,5,-1.816638,-2.904996,28.99162,-10.16574,-1.805569,-1.131238
57,-125.7048,5,-1.700474,-2.901461,2.30459,-24.95915,-1.19825,-0.8467842
57.02,-196.4655,5,-2.272451,-3.248234,-28.71832,-22.76126,-1.40069,-0.969612
57.04,-217.9325,5,-3.207963,-3.802512,-49.02367,-25.48083,-1.670609,-1.311469
57.06,-15.72473,5,-4.0432,-4.340309,-40.94733,-26.34249,-0.7933693,-1.000568
57.08,-115.684,5,-4.14429,-4.603096,-6.031292,-6.305019,-1.06329,-0.9550213
57.1,-190.8549,5,-4.381204,-4.67937,-7.374802,-2.544446,-1.46817,-1.152778
57.12,-58.16931,5,-3.989143,-4.541611,23.63284,-8.725456,-0.7933693,-0.7578726
57.14,-79.42456,5,-3.410818,-4.260636,22.4878,-1.29423,-0.5234499,-0.3424523
57.16,-179.3801,5,-3.440844,-4.054692,-5.970222,1.423754,-0.7933693,-0.3518057
57.18,-26.83447,5,-3.856386,-3.993186,-1.725946,-5.18533,0.0163908,0.04454307
57.2,-237.1995,5,-3.196115,-3.85524,30.93055,3.283275,-0.7933693,-0.1806858
57.22,-96.85352,5,-2.949512,-3.674715,2.274055,-12.98289,-0.1185694,0.1260729
57.24,-22.79443,5,-3.039356,-3.648098,11.14429,-9.045559,0.5562305,0.6192687
57.26,-222.4525,5,-2.576662,-3.494406,12.64047,-0.8596399,-0.1185694,0.4806367
57.28,-81.27551,5,-2.895475,-3.461059,-18.55038,-14.33042,0.5562305,0.7395433
57.3,6.79187,5,-3.372577,-3.589553,5.846576,-7.14587,1.23103,1.179562
57.32,-182.4031,5,-3.063902,-3.510124,7.892378,5.141365,0.5562305,1.030907
57.34,-38.75732,5,-3.35953,-3.441267,-25.57328,-4.615534,1.23103,1.31904
57.36,23.50244,5,-2.819077,-3.205607,30.15193,1.845703,1.90583,1.918941
57.38,-187.0857,5,-2.256494,-2.863273,15.43436,10.19073,1.23103,1.831729
57.4,-35.97156,5,-2.579259,-2.707702,-20.13817,-4.219542,1.97331,2.135283
57.42,-0.3640137,5,-1.529895,-2.351409,53.1901,-1.842782,2.58063,2.737253
57.44,-213.8187,5,-0.9130758,-2.007661,19.09849,0.9003053,1.90583,2.61701
57.46,-58.52563,5,-1.381898,-1.983279,-28.84046,-17.03762,2.64811,2.855286
57.48,33.95679,5,-2.014247,-2.216822,7.617569,-10.8659,3.32291,3.244193
57.5,68.01624,5,-1.70706,-2.065751,8.212989,1.670653,3.93023,3.841898
57.52,-119.921,5,-2.089871,-1.970591,-26.36718,14.38814,3.25543,3.642733
57.54,52.03931,5,-2.667926,-1.945807,3.403826,6.054512,3.99771,3.911205
57.56,91.63452,5,-1.477909,-1.51397,52.77789,14.12012,4.60503,4.565269
57.58,-125.0089,5,-0.7553509,-0.996348,54.04507,20.71343,3.93023,4.505991
57.6,-29.01318,5,0.6594585,-0.2903218,69.11377,-1.375698,4.60503,4.97612
57.62,-159.088,5,1.17486,-0.01704949,20.4878,-8.210859,4.267631,4.911361
57.64,30.19385,5,0.6933293,-0.08790441,-29.39008,-23.93907,5.27983,5.314092
57.66,-7.878418,5,-0.434548,-0.548208,-57.77177,-11.47908,5.27983,5.301754
57.68,-75.18713,5,-0.9677558,-0.8940028,-10.91679,-5.493336,4.87495,5.014941
57.7,-39.53613,5,-0.6387343,-0.975695,10.33513,-9.435966,4.94243,5.006639
57.72,-40.29578,5,-0.6826963,-1.069956,-11.90916,-8.302998,4.94243,5.004375
57.74,-48.19153,5,-0.9411943,-1.195753,-13.20687,-6.794693,4.87495,4.934809
57.76,-101.0768,5,-0.8614481,-1.276125,3.296956,-6.996363,4.53755,4.724327
57.78,-76.02649,5,-0.7794511,-1.345479,0.2129859,-12.7475,4.53755,4.645097
57.8,-64.07751,5,-0.9239227,-1.491916,-14.15343,-13.53358,4.53755,4.591975
57.82,-25.42029,5,-1.406045,-1.703317,-23.49695,-11.17092,4.67251,4.600618
57.84,-39.25623,5,-1.500717,-1.803377,-3.787015,-5.410849,4.60503,4.586073
57.86,-40.61975,5,-1.379222,-1.757204,4.19772,-3.406361,4.60503,4.622626
57.88,-46.29712,5,-1.258427,-1.664666,3.419094,-2.617512,4.60503,4.661889
57.9,123.3802,5,-1.210052,-1.46597,0.3656577,-2.445581,5.61723,5.291516
57.92,39.10925,5,-1.123891,-1.191297,-0.2602969,14.50426,5.61723,5.581466
57.94,-1.131714,5,-0.8032523,-0.7578378,20.99162,16.11024,5.61723,5.736833
57.96,-35.14038,5,0.1214173,-0.2397456,40.44201,9.994291,5.61723,5.879969
57.98,-58.58484,5,0.6191207,0.1001514,19.83131,0.8303156,5.61723,5.929065
58,-64.90247,5,0.7094173,0.1770213,-2.611443,-7.921295,5.61723,5.884846
58.02,-57.26575,5,0.5114645,0.02919749,-15.71068,-13.70568,5.61723,5.788705
58.04,-54.77393,5,0.1825102,-0.2475732,-16.27557,-15.70362,5.54975,5.645689
58.06,-37.80566,5,-0.05687905,-0.5184692,-13.39007,-15.99133,5.54975,5.560674
58.08,-17.25916,5,-0.2469752,-0.7265557,-11.1,-13.82145,5.61723,5.559464
58.1,-18.09619,5,-0.4120565,-0.8574142,-5.466405,-9.768968,5.61723,5.560238
58.12,-91.89832,5,-0.3380467,-0.9091867,2.274055,-7.583543,5.21235,5.345373
58.14,-53.0885,5,-0.2704746,-0.9373901,2.533597,-13.78984,5.27983,5.301871
58.16,-49.23523,5,-0.2288205,-1.001125,-1.909152,-14.11096,5.27983,5.286738
58.18,-114.6692,5,-0.3892398,-1.136187,-11.81755,-13.55022,4.87495,5.018105
58.2,-78.49561,5,-0.4722813,-1.282795,-3.832817,-19.50425,4.87495,4.895002
58.22,-52.52344,5,-0.5110935,-1.431972,-8.916789,-19.62872,4.94243,4.88881
58.24,-54.90588,5,-0.9879089,-1.646912,-21.71069,-15.50523,4.87495,4.802228
58.26,-44.77368,5,-1.039117,-1.733831,1.235887,-12.84293,4.87495,4.791248
58.28,-34.18604,5,-0.9422252,-1.703083,4.747338,-10.35261,4.94243,4.864993
58.3,-44.14563,5,-0.8677981,-1.617239,2.976346,-7.880322,4.94243,4.917656
58.32,123.0527,5,-0.7855652,-1.392217,5.174819,-7.141934,5.95463,5.560773
58.34,25.79602,5,-0.6812153,-1.09715,3.648101,9.848492,5.887151,5.817461
58.36,-4.473267,5,-0.5452656,-0.7096939,13.89238,10.80183,5.887151,5.93201
58.38,-266.4153,5,0.4638592,-0.3542512,48.10613,4.478707,4.53755,5.263405
58.4,61.47522,5,0.9838231,-0.1102445,21.69391,-27.36271,5.95463,5.806046
58.42,-5.922119,5,1.085254,-0.1407353,0.3809245,-15.64958,6.02211,6.040275
58.44,-218.3916,5,0.6347446,-0.318821,-22.84046,-13.66656,4.94243,5.406491
58.46,-157.6671,5,0.9794906,-0.4794627,24.56414,-35.02347,4.87495,5.106241
58.48,-113.9292,5,0.9942561,-0.8316522,-4.977856,-43.0569,4.94243,4.991764
58.5,-94.68457,5,0.3052488,-1.336532,-36.97786,-41.67402,4.94243,4.853712
58.52,-7.58313,5,-0.6626859,-1.851565,-48.90154,-35.45483,5.27983,4.90966
58.54,-8.208862,5,-1.343169,-2.203332,-31.93969,-20.25821,5.27983,4.922456
58.56,-78.2113,5,-1.498891,-2.287363,-6.260299,-9.88592,4.87495,4.744237
58.58,125.3149,5,-1.091058,-1.990027,17.37329,-11.03237,5.95463,5.415643
58.6,-24.96484,5,-0.6989248,-1.592858,16.02979,7.334791,5.61723,5.574191
58.62,-94.29211,5,-0.6267746,-1.215153,11.77024,3.953004,5.27983,5.428776
58.64,-157.0986,5,0.3606303,-0.8451365,48.27407,-8.730497,4.87495,5.209467
58.66,54.61597,5,0.7519808,-0.607605,11.6481,-24.36045,5.95463,5.747365
58.68,-8.756714,5,0.3349002,-0.6494662,-23.20687,-11.92923,5.95463,5.886807
58.7,-23.04968,5,-0.4221678,-0.7728955,-39.22214,-7.603694,5.887151,5.804218
58.72,-3.595459,5,-0.2996802,-0.7509929,20.88475,-6.563446,5.95463,5.845169
58.74,-75.78149,5,0.139301,-0.6216633,19.95345,-5.509998,5.61723,5.727677
58.76,-74.27295,5,0.3843148,-0.5201647,12.76261,-12.9496,5.54975,5.647958
58.78,-66.43066,5,0.5432935,-0.5187114,9.480165,-18.25111,5.54975,5.606478
58.8,-45.89001,5,0.3215412,-0.6450372,-9.451139,-20.19998,5.61723,5.581478
58.82,16.31714,5,0.1136258,-0.7568411,-13.03893,-18.59867,5.95463,5.74906
58.84,-58.76917,5,-0.233982,-0.894632,-16.29084,-10.21992,5.61723,5.591464
58.86,-49.17944,5,-0.2601964,-0.9293741,0.6862684,-12.19413,5.54975,5.498892
58.88,-19.03076,5,0.003692064,-0.8767157,15.12902,-13.3555,5.684711,5.584932
58.9,-30.21631,5,0.03273762,-0.8288622,-2.260297,-11.17281,5.684711,5.626091
58.92,-69.06409,5,0.02541688,-0.8023348,3.480163,-10.90879,5.48227,5.517384
58.94,-30.98621,5,0.06900962,-0.7812538,1.800773,-14.74552,5.61723,5.550149
58.96,-24.10889,5,0.09086899,-0.7787918,2.548864,-13.4807,5.684711,5.60494
58.98,-41.33044,5,0.01394528,-0.7840707,-3.588542,-11.71759,5.61723,5.578717
59,-38.14856,5,0.0447179,-0.765707,1.617566,-12.39229,5.61723,5.572047
59.02,-48.505,5,0.0621258,-0.763101,1.693902,-12.5956,5.54975,5.529302
59.04,-18.1842,5,0.0220877,-0.7660028,-1.115259,-13.58494,5.684711,5.585021
59.06,8.489258,5,0.04255971,-0.7285655,0.01451245,-11.16825,5.887151,5.736857
59.08,-68.49695,5,0.01900189,-0.6975124,0.01451245,-6.924906,5.54975,5.60007
59.1,-26.3064,5,0.07798228,-0.6412686,3.281689,-12.03358,5.684711,5.624175
59.12,-44.3717,5,0.2650471,-0.6006817,14.21299,-11.79827,5.61723,5.612479
59.14,-52.01807,5,0.1913629,-0.6150647,-7.00839,-13.24392,5.54975,5.548245
59.16,-20.1792,5,0.1767297,-0.6379093,1.800773,-14.8698,5.684711,5.59512
59.18,-37.526,5,0.1187377,-0.6753923,-3.527473,-12.56007,5.61723,5.569434
59.2,-34.48853,5,0.1136042,-0.6803021,-0.6419765,-12.76898,5.61723,5.561191
59.22,-44.8623,5,0.1172592,-0.6898298,1.098482,-12.63458,5.54975,5.518491
59.24,-27.22925,5,0.1117061,-0.6940505,-1.176328,-13.54556,5.61723,5.539811
59.26,-42.06689,5,0.1275858,-0.6989933,1.251154,-12.4437,5.54975,5.512004
59.28,-37.85742,5,0.1166481,-0.7000101,-0.2450293,-13.1748,5.54975,5.498428
59.3,-24.24353,5,0.1167533,-0.6986992,-0.1686933,-13.20429,5.61723,5.532973
59.32,-29.40833,5,0.1404111,-0.6810491,0.4114593,-11.92802,5.61723,5.552522
59.34,-31.8717,5,0.1551591,-0.6515313,0.8694746,-11.6547,5.61723,5.562084
59.36,-44.1532,5,0.166521,-0.6351807,-0.09235785,-11.78294,5.54975,5.524119
59.38,-26.87781,5,0.1710146,-0.6257135,0.3809245,-13.09312,5.61723,5.545263
59.4,-40.77844,5,0.1597393,-0.6356032,-0.7488468,-12.19867,5.54975,5.511482
59.42,-36.82605,5,0.1878356,-0.6310737,0.6404669,-13.10442,5.54975,5.500408
59.44,-23.03149,5,0.166326,-0.6353123,-0.5351062,-13.20292,5.61723,5.532044
59.46,-38.97534,5,0.1675007,-0.6362076,0.01451245,-11.90359,5.54975,5.506783
59.48,-35.52173,5,0.1783479,-0.626681,0.9763447,-12.68944,5.54975,5.496965
59.5,-21.65356,5,0.1561501,-0.6263482,-0.7335792,-12.7555,5.61723,5.529099
59.52,-14.60022,5,0.1685322,-0.6045735,0.3809245,-11.41357,5.684711,5.586967
59.54,-45.08997,5,0.1751874,-0.5804111,0.6710012,-9.886084,5.54975,5.532613
59.56,-25.78674,5,0.2064868,-0.5486106,1.22062,-12.03014,5.61723,5.550177
59.58,-38.94043,5,0.2088636,-0.5504963,-0.6877776,-11.52524,5.54975,5.514339
59.6,-11.49341,5,0.2401869,-0.529072,0.7778715,-12.57275,5.684711,5.582749
59.62,-42.90186,5,0.2129493,-0.5331213,-0.4282355,-10.45057,5.54975,5.527157
59.64,-24.70801,5,0.2639069,-0.5064675,1.968712,-12.36465,5.61723,5.548947
59.66,-27.99243,5,0.2986864,-0.4929958,-0.2144953,-11.90697,5.61723,5.559715
59.68,-17.75781,5,0.300852,-0.472382,0.9763447,-11.91877,5.684711,5.6024
59.7,-45.69922,5,0.2749708,-0.4751444,-0.4587703,-10.85559,5.54975,5.534135
59.72,-36.3822,5,0.2864606,-0.4786505,0.1366499,-13.00985,5.54975,5.503373
59.74,-32.35596,5,0.2936738,-0.5010835,-0.6725109,-13.513,5.54975,5.489233
59.76,-18.79639,5,0.2694652,-0.5176187,-0.3213652,-13.33171,5.61723,5.521485
59.78,-23.67078,5,0.2732029,-0.5140793,0.1061156,-11.85632,5.61723,5.53879
59.8,-37.53638,5,0.2803684,-0.5004666,0.9610775,-11.42266,5.54975,5.507331
59.82,-21.49988,5,0.2974577,-0.4826136,0.3961921,-12.56484,5.61723,5.534047
59.84,-25.04895,5,0.3113974,-0.4710681,0.304589,-11.74477,5.61723,5.545918
59.86,-26.0072,5,0.2994998,-0.4579834,0.4419934,-11.51976,5.61723,5.548354
59.88,-26.29907,5,0.3186371,-0.4412747,0.8389403,-11.52958,5.61723,5.550597
59.9,-25.76404,5,0.3074199,-0.4335172,0.1519171,-11.52425,5.61723,5.548321
59.92,-25.09814,5,0.3102484,-0.4264304,0.01451245,-11.47281,5.61723,5.546959
59.94,-36.08521,5,0.3112983,-0.4274328,0.2129859,-11.39691,5.54975,5.505496
59.96,-29.98901,5,0.3066579,-0.4352182,0.1519171,-12.43609,5.54975,5.485927
59.98,-15.83899,5,0.3119736,-0.4395216,0.01451245,-12.49623,5.61723,5.519102
60,-20.2594,5,0.3069884,-0.4333697,0.2282531,-11.08945,5.61723,5.534903
60.02,-22.06787,5,0.3090554,-0.4118739,0.6251997,-10.61153,5.61723,5.542891
60.04,-35.24512,5,0.362422,-0.3852835,2.823674,-10.6804,5.54975,5.511446
60.06,-19.04236,5,0.3810353,-0.3656128,0.8694746,-12.08998,5.61723,5.536337
60.08,-23.1969,5,0.4260056,-0.3483492,0.5030622,-11.53587,5.61723,5.550154
60.1,-36.33752,5,0.4235045,-0.3419667,0.7015356,-11.60673,5.54975,5.511923
60.12,-30.48828,5,0.4054292,-0.3534746,-0.2908313,-12.91733,5.54975,5.489033
60.14,-27.62378,5,0.4055099,-0.3741081,-0.07709067,-13.19126,5.54975,5.47804
60.16,-26.54065,5,0.4021612,-0.3894522,0.1061156,-13.07206,5.54975,5.473692
60.18,-14.4967,5,0.3926537,-0.3910805,-0.09235785,-12.82681,5.61723,5.512062
60.2,-31.43652,5,0.3964625,-0.3864406,-0.07709067,-11.48711,5.54975,5.489952
60.22,-27.91455,5,0.3901227,-0.3785721,0.4419934,-12.28893,5.54975,5.478437
60.24,-15.63428,5,0.439208,-0.3598551,2.228254,-12.60059,5.61723,5.519015
60.26,-31.91492,5,0.4192089,-0.3568837,0.2282531,-11.52358,5.54975,5.491965
60.28,-4.981323,5,0.4261468,-0.3337198,0.304589,-12.42694,5.684711,5.56072
60.3,-38.01624,5,0.4668391,-0.3161666,0.9152762,-10.49116,5.54975,5.514227
60.32,-18.48816,5,0.4276284,-0.3051774,0.8389403,-12.38723,5.61723,5.525566
60.34,-21.88721,5,0.5172595,-0.2845532,3.983979,-11.96791,5.61723,5.540703
60.36,-33.94641,5,0.4674776,-0.2903617,-0.4740371,-11.89081,5.54975,5.497073
60.38,-28.42249,5,0.4874948,-0.295615,0.3351234,-13.12277,5.54975,5.47877
60.4,-14.80334,5,0.5005987,-0.3000008,0.7168028,-13.39639,5.61723,5.511995
60.42,-30.5791,5,0.4773888,-0.3109595,0.3809245,-12.14982,5.54975,5.483279
60.44,-14.99072,5,0.4707274,-0.3055483,-0.04655629,-12.87045,5.61723,5.510529
60.46,-18.98401,5,0.4896235,-0.2948209,0.7168028,-11.83467,5.61723,5.525184
60.48,-19.78479,5,0.4567696,-0.2852751,0.2893218,-11.4409,5.61723,5.526818
60.5,-31.11084,5,0.4609037,-0.2799987,0.1977187,-11.29678,5.54975,5.487311
60.52,-25.47644,5,0.4731887,-0.2782665,0.3198562,-12.3815,5.54975,5.470755
60.54,-11.18628,5,0.4656619,-0.2811068,0.2893218,-12.4742,5.61723,5.502794
60.56,-26.99805,5,0.463749,-0.2812909,0.09084838,-11.10973,5.54975,5.477914
60.58,-23.17517,5,0.4616271,-0.2736444,0.2740546,-11.79447,5.54975,5.46713
60.6,-10.17407,5,0.4822175,-0.2607018,1.648101,-11.90073,5.61723,5.505299
60.62,-37.56873,5,0.4609421,-0.265542,-0.5656406,-10.63445,5.48227,5.43832
60.64,-5.026978,5,0.4659881,-0.2525652,0.1213828,-12.52586,5.61723,5.490327
60.66,-12.46204,5,0.495221,-0.2376513,0.6404669,-10.58533,5.61723,5.517751
60.68,-37.49805,5,0.4431371,-0.2365848,-0.3060985,-9.926842,5.48227,5.441859
60.7,-16.83484,5,0.5206381,-0.2140763,2.136651,-12.25024,5.54975,5.458161
60.72,-19.33032,5,0.5511476,-0.208103,1.235887,-11.79874,5.54975,5.466781
60.74,-6.843994,5,0.4694808,-0.2146356,-1.832817,-11.45064,5.61723,5.499004
60.76,-23.61743,5,0.5055724,-0.2016404,0.3198562,-10.10572,5.54975,5.479635
60.78,-20.63586,5,0.5173861,-0.1830667,0.5641309,-10.94754,5.54975,5.471746
60.8,-8.085938,5,0.5461784,-0.1641703,2.136651,-11.27067,5.61723,5.510336
60.82,-1.01001,5,0.5317849,-0.1433285,-1.252663,-10.14161,5.684711,5.564696
60.84,-31.00537,5,0.5341336,-0.124086,0.3351234,-8.738395,5.54975,5.507394
60.86,-22.39893,5,0.5406147,-0.1116047,0.5946653,-10.85622,5.54975,5.480024
60.88,-19.36719,5,0.5903472,-0.1118855,2.976346,-11.54896,5.54975,5.472041
60.9,-17.74951,5,0.5671852,-0.1256776,-1.939687,-11.62107,5.54975,5.464197
60.92,-17.68506,5,0.5963861,-0.1257468,0.5030622,-11.6041,5.54975,5.464982
60.94,-5.768677,5,0.5758567,-0.1232213,-0.107625,-11.49155,5.61723,5.50242
60.96,-10.60876,5,0.5670342,-0.1134573,-0.6572433,-10.18399,5.61723,5.518146
60.98,-12.4873,5,0.5736631,-0.09030366,0.8389403,-9.829708,5.61723,5.525857
61,-13.01453,5,0.5844167,-0.06839383,0.3351234,-9.817867,5.61723,5.528892
61.02,-24.16272,5,0.581507,-0.06268504,-0.3671672,-9.874437,5.54975,5.487236
61.04,-18.15149,5,0.5881436,-0.06508334,-0.1381594,-11.05504,5.54975,5.468209
61.06,-15.04907,5,0.5736402,-0.08152257,-0.2602969,-11.17507,5.54975,5.457677
61.08,-2.237793,5,0.574379,-0.082147,0.02977964,-10.91646,5.61723,5.495666
61.1,-19.0564,5,0.5814711,-0.0748111,0.1366499,-9.500308,5.54975,5.474672
61.12,-4.836914,5,0.6096545,-0.04641348,0.9000088,-10.33038,5.61723,5.509109
61.14,-9.273682,5,0.6276896,-0.0241497,-0.03128911,-9.501094,5.61723,5.524387
61.16,-23.1344,5,0.6608897,-0.0004394352,1.388559,-9.53731,5.54975,5.492411
61.18,-7.797852,5,0.7107176,0.02564602,1.22062,-11.10136,5.61723,5.520669
61.2,-10.90662,5,0.693732,0.02648273,-0.3060985,-10.52801,5.61723,5.526361
61.22,-11.92346,5,0.7010513,0.03452583,0.2740546,-10.48875,5.61723,5.52809
61.24,-12.30042,5,0.7130221,0.04271734,0.1824515,-10.60542,5.61723,5.528284
61.26,-12.08789,5,0.709759,0.04512939,0.06031401,-10.70869,5.61723,5.525687
61.28,-23.15527,5,0.7071356,0.03696832,-0.107625,-10.77073,5.54975,5.482126
61.3,-17.53552,5,0.7181855,0.02639258,0.1519171,-11.96469,5.54975,5.463086
61.32,-3.607544,5,0.7165996,0.01511779,-0.107625,-12.15437,5.61723,5.494446
61.34,-19.82373,5,0.7157569,0.007461056,0.06031401,-10.89729,5.54975,5.468669
61.36,-16.55688,5,0.7233229,0.01046868,0.5641309,-11.72959,5.54975,5.457894
61.38,-14.97107,5,0.7225105,0.003344774,-0.4740371,-11.94498,5.54975,5.451492
61.4,-3.182129,5,0.742196,0.01064429,0.3961921,-11.96826,5.61723,5.491535
61.42,-8.407227,5,0.7340113,0.02119167,-0.1381594,-10.76636,5.61723,5.507597
61.44,1.278198,5,0.7345394,0.04894271,0.4877952,-10.47593,5.684711,5.554379
61.46,-16.2323,5,0.7463529,0.07331935,0.1061156,-9.369244,5.61723,5.534306
61.48,-24.32593,5,0.752053,0.08549435,0.7168028,-10.44668,5.54975,5.482512
61.5,-17.07227,5,0.7677072,0.07762637,0.9763447,-12.02305,5.54975,5.458467
61.52,-2.325806,5,0.7663659,0.06431706,0.4572606,-12.29987,5.61723,5.487496
61.54,-18.36597,5,0.7713745,0.05657296,0.3809245,-11.03705,5.54975,5.461933
61.56,-3.689453,5,0.7844014,0.06921436,0.8847416,-11.84099,5.61723,5.492791
61.58,-8.283691,5,0.8085018,0.08357688,0.5335966,-10.97103,5.61723,5.508182
61.6,-9.949829,5,0.8030348,0.0996504,0.9152762,-10.84171,5.61723,5.512169
61.62,-21.5083,5,0.7990746,0.101626,-0.1992282,-10.93429,5.54975,5.470385
61.64,-4.177246,5,0.8068742,0.1038687,0.2282531,-12.16047,5.61723,5.491633
61.66,4.49939,5,0.8074589,0.1095387,0.1977187,-11.19596,5.684711,5.541388
61.68,-25.34253,5,0.8098264,0.1178308,0.1213828,-9.741766,5.54975,5.483151
61.7,-17.4032,5,0.832458,0.1282728,1.556498,-11.86725,5.54975,5.458004
61.72,-3.883667,5,0.903098,0.1391283,1.43436,-12.68032,5.61723,5.493591
61.74,-19.0918,5,0.8490871,0.1209561,-0.2450293,-11.69669,5.54975,5.458985
61.76,-14.70813,5,0.8493024,0.1122654,-0.1686933,-12.58343,5.54975,5.443453
61.78,-1.80481,5,0.8731302,0.1125956,0.2587874,-12.78102,5.61723,5.479965
61.8,-18.54614,5,0.8737206,0.111518,0.5030622,-11.63748,5.54975,5.455355
61.82,8.586304,5,0.8496788,0.1237078,-0.1992282,-12.44015,5.684711,5.521207
61.84,-23.4906,5,0.8577243,0.1269458,-0.1686933,-10.30772,5.54975,5.470327
61.86,-4.904541,5,0.8717095,0.1474093,1.083215,-12.15743,5.61723,5.488911
61.88,-7.947144,5,0.9122698,0.1600482,1.663368,-11.63679,5.61723,5.50008
61.9,-20.24298,5,0.8902127,0.1588372,0.4725278,-11.55039,5.54975,5.459404
61.92,8.246216,5,0.9040989,0.1705128,0.4419934,-12.72889,5.684711,5.522738
61.94,-12.14966,5,0.916483,0.178058,0.3656577,-10.69792,5.61723,5.511441
61.96,-10.18091,5,0.9121549,0.1949247,0.8389403,-11.40044,5.61723,5.504468
61.98,-10.42627,5,0.9808574,0.2167337,3.785506,-11.89536,5.61723,5.507623
62,-9.138977,5,0.9263744,0.20807,-1.374801,-12.06156,5.61723,5.497872
62.02,-19.60211,5,0.9319121,0.1954392,-0.107625,-12.08398,5.54975,5.453394
62.04,-2.208008,5,0.9371845,0.1895445,0.3656577,-13.14579,5.61723,5.474897
62.06,-4.9823,5,0.9233903,0.1804678,-0.3519,-12.04364,5.61723,5.483278
62.08,-17.19421,5,0.9003512,0.174212,-0.6572433,-11.54259,5.54975,5.44484
62.1,-11.94098,5,0.9091471,0.1718317,-0.07709067,-12.47073,5.54975,5.429456
62.12,1.934082,5,0.9069058,0.1696352,-0.03128911,-12.51714,5.61723,5.463263
62.14,-2.201355,5,0.8897462,0.1737664,-0.3213652,-11.08756,5.61723,5.477752
62.16,-15.52155,5,0.8975516,0.1883398,-0.1228922,-10.6101,5.54975,5.445951
62.18,1.110779,5,0.8993013,0.2040171,0.1366499,-11.61489,5.61723,5.471578
62.2,-1.703064,5,0.8954307,0.2122331,-0.2450293,-10.58189,5.61723,5.482265
62.22,9.326111,5,0.8798662,0.2344158,-0.09235785,-10.10231,5.684711,5.52646
62.24,4.288147,5,0.8760091,0.2634848,-0.183961,-8.654166,5.684711,5.546397
62.26,-20.50751,5,0.8832133,0.285916,0.1213828,-8.275003,5.54975,5.474899
62.28,2.055664,5,0.8842657,0.2973962,0.5641309,-10.49694,5.61723,5.481826
62.3,-10.55707,5,0.9136734,0.2923449,1.205353,-9.804688,5.54975,5.448317
62.32,6.598633,5,0.882386,0.2899135,-0.4740371,-10.48611,5.61723,5.47079
62.34,3.397583,5,0.8969806,0.296948,0.2129859,-9.249905,5.61723,5.484837
62.36,13.58179,5,0.8951345,0.324624,-0.0007547362,-8.722179,5.684711,5.53275
62.38,-4.160583,5,0.9186198,0.3564919,1.449628,-7.446085,5.61723,5.516295
62.4,-1.225464,5,0.9387996,0.3878911,0.7473372,-8.457273,5.61723,5.509018
62.42,0.465271,5,0.9518055,0.4004788,1.388559,-8.866796,5.61723,5.504165
62.44,1.075562,5,0.9736149,0.4107888,-0.2450293,-9.036933,5.61723,5.503278
62.46,13.04968,5,0.9760238,0.4244735,0.3198562,-9.068274,5.684711,5.542347
62.48,-14.57782,5,0.9572171,0.4208428,-0.2450293,-7.865204,5.54975,5.475334
62.5,-4.900085,5,0.9508463,0.4143584,-0.3060985,-9.833982,5.54975,5.443983
62.52,-2.220032,5,1.018296,0.4098993,3.037414,-10.38151,5.54975,5.43873
62.54,-1.19397,5,0.9962789,0.3952316,-1.848083,-10.39846,5.54975,5.432627
62.56,-1.641907,5,1.031927,0.3963879,0.3809245,-10.42777,5.54975,5.434696
62.58,9.889587,5,1.016432,0.3996652,0.1519171,-10.41567,5.61723,5.472639
62.6,-6.665344,5,1.006565,0.3995823,-0.7335792,-9.236179,5.54975,5.447001
62.62,-3.574524,5,1.029437,0.4103562,0.2435202,-10.20494,5.54975,5.437556
62.64,9.767822,5,1.020174,0.4116229,-0.2297625,-10.474,5.61723,5.470403
62.66,-6.07666,5,1.011394,0.4083509,-0.2450293,-9.299991,5.54975,5.443229
62.68,-2.513062,5,1.023275,0.4147682,0.2740546,-10.16287,5.54975,5.432467
62.7,11.14032,5,1.008759,0.4140041,-0.4435031,-10.29576,5.61723,5.465167
62.72,-4.744568,5,1.00506,0.4133317,-0.1992282,-9.016751,5.54975,5.43961
62.74,-1.420593,5,1.023365,0.4248171,0.5030622,-9.835316,5.54975,5.430784
62.76,0.5726318,5,1.008846,0.4198724,-0.3060985,-9.987633,5.54975,5.42356
62.78,24.86304,5,1.004917,0.4317371,-0.3519,-9.820884,5.684711,5.501691
62.8,2.73175,5,1.014135,0.4545527,0.01451245,-7.313948,5.61723,5.498577
62.82,-9.22052,5,1.082961,0.4991416,3.11375,-8.148102,5.54975,5.464168
62.84,6.362915,5,1.156788,0.5353886,1.785506,-10.12581,5.61723,5.492324
62.86,3.451904,5,1.137402,0.5360252,-0.06182348,-9.792875,5.61723,5.495756
62.88,3.226562,5,1.121261,0.5339971,-0.2908313,-9.813643,5.61723,5.492685
62.9,-8.186401,5,1.128998,0.5265456,-0.09235785,-9.901403,5.54975,5.450487
62.92,9.102295,5,1.125695,0.5195043,0.3198562,-11.07415,5.61723,5.470446
62.94,-5.07489,5,1.109791,0.499345,-0.2297625,-10.07468,5.54975,5.436663
62.96,-1.261475,5,1.128392,0.4956015,0.02977964,-10.90892,5.54975,5.424968
62.98,11.89148,5,1.124323,0.491517,0.04504682,-11.035,5.61723,5.459106
63,-15.89423,5,1.1165,0.4788775,-0.03128911,-9.815126,5.48227,5.392539
63.02,4.633423,5,1.119933,0.4768288,0.02977964,-11.79943,5.54975,5.403488
63.04,14.62018,5,1.119238,0.4712893,-0.596175,-11.00841,5.61723,5.448617
63.06,8.782104,5,1.098932,0.4805722,0.5946653,-9.410272,5.61723,5.467652
63.08,-5.056885,5,1.103932,0.4983543,0.6099325,-8.984665,5.54975,5.436517
63.1,10.75116,5,1.135418,0.5228958,0.9305434,-10.17744,5.61723,5.465423
63.12,-4.456482,5,1.147554,0.5292979,0.01451245,-9.432634,5.54975,5.436995
63.14,-0.2058716,5,1.145689,0.5323723,0.6099325,-10.46769,5.54975,5.42231
63.16,13.78754,5,1.135672,0.5288774,-0.4435031,-10.66025,5.61723,5.453882
63.18,9.081421,5,1.149549,0.538577,0.06031401,-9.421196,5.61723,5.470857
63.2,7.324707,5,1.141184,0.5564418,0.5488637,-9.048592,5.61723,5.477073
63.22,-5.431213,5,1.180655,0.5752288,2.060315,-9.135672,5.54975,5.442917
63.24,10.71033,5,1.208123,0.5923947,0.1824515,-10.54555,5.61723,5.468487
63.26,7.232849,5,1.217466,0.5980136,0.2282531,-9.877814,5.61723,5.478252
63.28,-5.217041,5,1.202185,0.5959278,0.1061156,-9.761818,5.54975,5.438354
63.3,12.08734,5,1.194739,0.5934496,-0.04655629,-10.88955,5.61723,5.458756
63.32,9.349609,5,1.190416,0.5882719,-0.04655629,-9.87145,5.61723,5.467548
63.34,-3.437805,5,1.191455,0.5899088,0.3656577,-9.503742,5.54975,5.431962
63.36,1.757446,5,1.189909,0.5869896,0.09084838,-10.54358,5.54975,5.415111
63.38,15.578,5,1.194877,0.5846509,-0.03128911,-10.69462,5.61723,5.448647
63.4,-0.4558105,5,1.188758,0.5820072,0.1366499,-9.4032,5.54975,5.423263
63.42,3.007019,5,1.196882,0.5893621,0.2282531,-10.19467,5.54975,5.413179
63.44,4.479065,5,1.205967,0.5887698,-0.1992282,-10.3955,5.54975,5.40883
63.46,16.7937,5,1.202569,0.5941476,-0.0007547362,-10.3413,5.61723,5.446809
63.48,11.93115,5,1.195946,0.6058917,-0.0007547362,-9.039028,5.61723,5.463315
63.5,-1.280762,5,1.191636,0.6192799,0.4725278,-8.678419,5.54975,5.42941
63.52,15.20209,5,1.208089,0.63659,0.5030622,-9.799726,5.61723,5.455636
63.54,-0.3833618,5,1.246145,0.6473175,1.495429,-9.027254,5.54975,5.430549
63.56,15.85437,5,1.211704,0.6520577,0.2282531,-9.946609,5.61723,5.45345
63.58,12.36865,5,1.235274,0.6615219,0.5030622,-8.991824,5.61723,5.466735
63.6,10.97998,5,1.232449,0.6777871,0.7473372,-8.7022,5.61723,5.471956
63.62,-1.009399,5,1.24433,0.6870505,1.251154,-8.713542,5.54975,5.433853
63.64,15.43469,5,1.275993,0.7013231,0.6404669,-10.00989,5.61723,5.459618
63.66,24.29016,5,1.253774,0.7064198,-0.1381594,-9.103823,5.684711,5.507032
63.68,6.832764,5,1.2376,0.7166741,-0.4129688,-7.581522,5.61723,5.48613
63.7,9.826599,5,1.257919,0.7380574,0.2740546,-8.403609,5.61723,5.478972
63.72,9.873718,5,1.324467,0.7615584,3.861842,-8.865283,5.61723,5.48218
63.74,10.16553,5,1.314409,0.7670982,-1.206862,-9.129863,5.61723,5.478546
63.76,-1.481995,5,1.342341,0.7670047,0.4267263,-9.394186,5.54975,5.437788
63.78,27.62488,5,1.325038,0.7658088,-0.0007547362,-10.63468,5.684711,5.496044
63.8,-3.36377,5,1.311792,0.749722,-0.596175,-8.521835,5.54975,5.439244
63.82,15.76392,5,1.315022,0.7554095,0.3809245,-10.23997,5.61723,5.455298
63.84,0.3209229,5,1.387021,0.7615563,4.136652,-9.711088,5.54975,5.430229
63.86,16.14233,5,1.353111,0.7593807,-1.099992,-10.78173,5.61723,5.452102
63.88,12.22559,5,1.381704,0.7625883,0.2435202,-9.989024,5.61723,5.464461
63.9,22.30145,5,1.370846,0.7772077,0.2129859,-9.800492,5.684711,5.507759
63.92,16.93713,5,1.358883,0.7930575,-0.2144953,-8.618252,5.684711,5.523989
63.94,3.670349,5,1.359307,0.8080813,-0.2450293,-8.403943,5.61723,5.489322
63.96,-3.286316,5,1.390569,0.8123095,1.877109,-9.728662,5.54975,5.434903
63.98,27.43976,5,1.39315,0.8086742,-0.6419765,-11.26057,5.684711,5.489458
64,8.005432,5,1.398052,0.801168,-0.3366328,-9.212955,5.61723,5.474225
64.02,57.20905,-5,1.352771,0.7981777,-0.8251827,-9.669669,5.61723,5.461751
64.04,61.63977,-5,1.393845,0.8547902,0.7320697,-5.09077,5.61723,5.462739
64.06,66.50867,-5,1.417326,0.9811015,0.8084057,-1.643694,5.61723,5.464396
64.08,57.00732,-5,1.631835,1.181699,12.70154,0.4358304,5.54975,5.444277
64.1,74.4079,-5,1.869084,1.420094,11.43436,0.1363225,5.61723,5.487166
64.12,70.82318,-5,2.143911,1.669425,14.91528,0.8249419,5.61723,5.514859
64.14,58.05707,-5,2.394149,1.907003,12.99162,0.09988594,5.54975,5.486084
64.16,63.93628,-5,2.643015,2.117199,12.13665,-2.45876,5.54975,5.468529
64.18,80.31284,-5,2.823908,2.286302,10.16719,-4.096008,5.61723,5.487659
64.2,128.0997,-5,2.887317,2.440965,1.953444,-3.59641,5.887151,5.634489
64.22,123.9869,-5,2.936621,2.612559,3.770239,1.456436,5.95463,5.722633
64.24,116.1649,-5,3.046812,2.830582,6.36566,4.051964,5.95463,5.753693
64.26,100.7968,-5,3.369125,3.09284,20.5794,3.914765,5.887151,5.741037
64.28,-73.20833,-5,3.81318,3.259562,20.67101,0.4427032,4.87495,5.144841
64.3,11.18684,-5,3.948563,3.235305,6.106118,-19.82262,4.87495,4.843742
64.32,130.2745,-5,3.601925,2.962255,-11.329,-23.32177,5.27983,4.877208
64.34,193.4566,-5,3.008953,2.717998,-35.52748,-11.45573,5.61723,5.037664
64.36,187.7221,-5,2.790787,2.743711,6.945813,3.562193,5.684711,5.165982
64.38,151.7917,-5,3.365074,3.138677,29.77025,10.99734,5.61723,5.283358
64.4,130.6893,-5,4.143294,3.695853,40.02979,9.718353,5.61723,5.40931
64.42,102.2416,-5,4.740459,4.178434,28.51834,4.757501,5.54975,5.434062
64.44,171.9158,-5,5.062197,4.532298,13.57177,-2.283299,5.95463,5.651963
64.46,-10.77089,-5,5.007648,4.584751,-4.275566,-0.03669727,5.009911,5.109251
64.48,52.91901,-5,5.100447,4.540867,7.342759,-17.29654,4.94243,4.796205
64.5,161.6796,-5,4.770142,4.27949,-12.71832,-20.98081,5.27983,4.791678
64.52,58.888,-5,4.112667,3.896757,-36.61145,-10.43416,4.60503,4.31759
64.54,124.0406,-5,3.997361,3.718919,4.701537,-13.40454,4.60503,4.135822
64.56,193.1991,-5,4.146207,3.711249,2.716804,-9.12645,4.87495,4.271142
64.58,253.7611,-5,3.945953,3.829021,-10.44351,1.567122,5.27983,4.570656
64.6,40.07401,-5,4.268376,4.087926,19.26643,13.33817,4.267631,4.152991
64.62,80.62943,-5,4.98672,4.467942,37.61758,-2.835493,4.20015,3.997137
64.64,164.8946,-5,5.694255,4.766746,28.60994,-11.60022,4.60503,4.208374
64.66,-22.86951,-5,5.341455,4.679498,-19.81755,-8.041594,3.592831,3.593283
64.68,129.5014,-5,4.953945,4.479667,-14.90152,-23.16984,3.93023,3.449906
64.7,199.5452,-5,5.171055,4.372106,6.5794,-18.34597,4.267631,3.630998
64.72,58.07483,-5,4.724425,4.222908,-35.20687,-6.833008,3.525351,3.22409
64.74,204.2341,-5,4.434514,4.180614,0.6404669,-12.29744,3.99771,3.308228
64.76,58.78748,-5,4.885009,4.245902,11.93818,-2.888409,3.25543,2.98277
64.78,170.7205,-5,4.764487,4.333893,-18.36717,-10.76415,3.592831,3.023559
64.8,33.51434,-5,5.189353,4.410263,22.07559,-6.320764,2.850551,2.648746
64.82,165.2889,-5,4.963041,4.41729,-11.57328,-16.26862,3.25543,2.681035
64.84,52.52014,-5,5.265433,4.408121,12.71681,-10.73768,2.64811,2.37015
64.86,-28.38287,-5,5.229203,4.310143,-8.168697,-18.58652,1.90583,1.774052
64.88,164.1788,-5,5.450295,4.234069,8.441997,-32.38742,2.58063,1.934818
64.9,33.28442,-5,5.11278,3.971253,-21.22214,-21.15209,1.90583,1.559466
64.92,-12.83484,-5,4.281425,3.570224,-38.56565,-24.35504,1.23103,0.9014243
64.94,181.1174,-5,4.650177,3.446877,14.88475,-32.06064,1.90583,1.110729
64.96,40.16284,-5,4.516184,3.303977,-12.84045,-17.3316,1.23103,0.8157895
64.98,39.35681,-5,3.921906,3.128182,-28.36718,-19.90332,0.89363,0.4313754
65,151.2136,-5,4.444147,3.198744,22.64047,-23.2292,1.298511,0.6079211
65.02,9.334106,-5,4.264883,3.157,-6.3061,-13.75646,0.5562305,0.2312946
65.04,-43.2594,-5,3.9851,3.019133,-0.596175,-21.07244,-0.1185694,-0.3661366
65.06,-81.45337,-5,4.272115,2.814547,14.25879,-32.36758,-0.7933693,-0.9818708
65.08,124.2997,-5,3.992653,2.519142,-17.92443,-42.43544,-0.1185694,-0.8689238
65.1,9.429077,-5,3.16308,2.051534,-42.51985,-25.72841,-0.7933693,-1.285048
65.12,206.5767,-5,2.048296,1.702758,-54.26031,-22.21139,-0.1185694,-1.129163
65.14,84.57825,-5,1.547657,1.499217,-1.206862,1.549667,-0.7933693,-1.422734
65.16,203.1082,-5,1.55041,1.702543,7.983981,5.181651,-0.3884897,-1.211429
65.18,29.40015,-5,2.44335,2.157091,41.06796,16.34085,-1.19825,-1.432784
65.2,130.809,-5,3.130446,2.729894,31.52597,4.097936,-0.7933693,-1.208832
65.22,115.0869,-5,3.661811,3.161062,31.05269,4.549561,-0.7258892,-1.044008
65.24,-22.4845,-5,4.087501,3.46795,20.88475,1.60169,-1.40069,-1.367925
65.26,74.59509,-5,4.137413,3.565442,2.197719,-14.26992,-1.13077,-1.398824
65.28,135.2892,-5,4.244382,3.54794,7.648103,-15.17317,-0.7933693,-1.225988
65.3,1.090698,-5,3.969283,3.411833,-14.10763,-8.972099,-1.46817,-1.599119
65.32,130.0763,-5,3.564468,3.255022,-23.68015,-16.88893,-1.06329,-1.572167
65.34,163.6761,-5,3.85306,3.263049,16.56414,-9.951537,-0.7933693,-1.337409
65.36,-43.36914,-5,3.951714,3.30061,2.350391,-2.686354,-1.805569,-1.819366
65.38,-85.06262,-5,3.762244,3.147268,-13.66488,-18.3723,-2.48037,-2.480343
65.4,-91.30957,-5,3.874789,2.780536,-1.145793,-33.48668,-3.02021,-3.08842
65.42,267.9323,-5,3.602994,2.456538,-20.0771,-42.56632,-1.40069,-2.401961
65.44,71.57947,-5,2.704901,2.06632,-53.03894,-9.529177,-2.075489,-2.565881
65.46,10.98413,-5,1.278583,1.679654,-72.67253,-2.931527,-2.75029,-3.156408
65.48,192.7216,-5,0.1642581,1.267197,-4.825184,-0.649642,-2.345409,-3.223311
65.5,1.874146,-5,0.9565739,1.314993,35.22063,16.23788,-3.425089,-3.66466
65.52,307.6082,-5,1.3528,1.747679,16.36566,7.415914,-2.008009,-2.89733
65.54,23.41553,-5,2.200421,2.256599,38.56414,29.28123,-3.02021,-3.040031
65.56,46.50354,-5,2.715758,2.820524,21.29696,13.33877,-3.02021,-3.073898
65.58,109.2203,-5,2.819999,3.036091,6.594667,4.947887,-2.75029,-2.978725
65.6,-77.08948,-5,3.016298,3.037982,9.251156,4.714622,-3.762489,-3.550477
65.62,61.44421,-5,2.94635,2.920456,-3.573275,-13.87063,-3.425089,-3.634908
65.64,77.24011,-5,3.079125,2.735721,2.930544,-12.58367,-3.357609,-3.617103
65.66,73.30591,-5,2.89331,2.593306,-14.84046,-9.536448,-3.357609,-3.62361
65.68,134.3927,-5,2.641787,2.512486,-14.80992,-6.956101,-3.02021,-3.44586
65.7,99.2478,-5,3.010497,2.64586,15.90765,-0.339484,-3.02021,-3.303949
65.72,79.78918,-5,3.117099,2.822273,6.106118,0.1172518,-3.02021,-3.240314
65.74,64.21753,-5,3.532651,3.037206,27.96872,-2.951125,-3.02021,-3.185119
65.76,49.03015,-5,3.952387,3.226714,19.00688,-7.979769,-3.02021,-3.147022
65.78,30.23669,-5,4.063835,3.276145,5.449629,-13.25789,-3.08769,-3.205242
65.8,-124.8193,-5,4.009153,3.083129,-1.115259,-18.83542,-4.03241,-3.845374
65.82,177.6564,-5,3.932066,2.893152,-6.886253,-37.45234,-2.75029,-3.391895
65.84,-35.93237,-5,3.610023,2.537149,-15.58855,-18.49004,-3.627529,-3.753124
65.86,5.702148,-5,3.11314,2.271144,-28.33664,-25.90401,-3.695009,-3.996835
65.88,-111.9989,-5,2.479966,1.753326,-33.46641,-24.79347,-4.639729,-4.729482
65.9,201.6128,-5,2.417559,1.504858,1.525963,-35.23064,-3.357609,-4.23572
65.92,118.0791,-5,2.395168,1.428728,-3.130527,-10.41087,-3.425089,-4.000148
65.94,100.2966,-5,2.316653,1.655551,5.571766,-2.161484,-3.357609,-3.826006
65.96,79.40955,-5,3.011532,2.107944,37.26643,-0.8021963,-3.290129,-3.616506
65.98,26.70215,-5,3.494264,2.512837,22.51834,-3.673361,-3.425089,-3.582747
66,29.60449,-5,3.989521,2.827933,25.2817,-12.53186,-3.357609,-3.52102
66.02,-138.7542,-5,4.074306,2.807247,3.235888,-18.73718,-4.30233,-4.111775
66.04,-7.776855,-5,3.808431,2.535183,-17.32901,-38.84106,-4.03241,-4.28924
66.06,78.32996,-5,3.276055,2.070496,-31.20687,-36.98614,-3.695009,-4.232714
66.08,-81.32068,-5,2.407676,1.517474,-45.83283,-24.50979,-4.639729,-4.839166
66.1,64.13379,-5,1.430234,1.003,-49.10001,-28.95793,-4.36981,-5.003112
66.12,143.6594,-5,1.702353,0.8725538,17.09849,-17.93883,-3.96493,-4.700652
66.14,104.6322,-5,1.660308,1.004438,1.419093,-2.465972,-3.96493,-4.506237
66.16,-85.25671,-5,1.581843,1.146592,3.373292,3.743608,-4.977129,-5.011085
66.18,142.3344,-5,2.565779,1.58936,43.78552,-14.21561,-3.96493,-4.496415
66.2,-120.9248,-5,3.241227,1.843277,26.3504,-5.772512,-5.044609,-4.864583
66.22,-66.18469,-5,3.233922,1.914051,0.6099325,-26.75792,-5.044609,-5.085935
66.24,34.21008,-5,3.149857,1.725151,-1.405335,-34.66018,-4.639729,-4.992663
66.26,3.97876,-5,3.065795,1.530528,-6.870986,-29.52373,-4.707209,-5.001325
66.28,23.52466,-5,2.521503,1.307902,-31.46641,-27.34955,-4.639729,-5.025702
66.3,92.70276,-5,1.55032,0.9796447,-51.25268,-20.55293,-4.36981,-4.972166
66.32,117.052,-5,0.6282339,0.6893795,-44.71833,-5.902981,-4.30233,-4.95755
66.34,96.48108,-5,0.9837776,0.8455613,29.54124,5.057314,-4.36981,-4.854742
66.36,35.95996,-5,1.410797,1.1863,35.89239,8.735451,-4.639729,-4.87858
66.38,26.24268,-5,2.428873,1.699131,49.69392,1.660709,-4.639729,-4.766836
66.4,14.94763,-5,3.180786,2.127168,35.64811,-6.493592,-4.572248,-4.636694
66.42,-30.34998,-5,3.586988,2.356179,16.68627,-14.46126,-4.707209,-4.681239
66.44,-173.7137,-5,3.552412,2.225935,-3.680145,-24.54098,-5.58445,-5.300788
66.46,-38.36877,-5,3.095277,1.791909,-23.58855,-44.05288,-5.314529,-5.513738
66.48,40.66772,-5,2.389093,1.178236,-38.10764,-40.8212,-5.044609,-5.522172
66.5,116.7401,-5,1.552783,0.7123209,-46.9626,-27.76541,-4.639729,-5.323754
66.52,-68.45813,-5,0.6154432,0.2898246,-49.57329,-8.671314,-5.65193,-5.881484
66.54,87.29321,-5,-0.2893316,-0.03014289,-46.00077,-11.50828,-5.314529,-5.956713
66.56,93.53259,-5,-0.025852,-0.04834531,20.38093,1.534269,-5.314529,-5.853647
66.58,86.72632,-5,-0.01202145,0.1538638,11.67864,10.79722,-5.314529,-5.736558
66.6,70.84729,-5,0.9216518,0.6900794,47.96873,13.15756,-5.247049,-5.490737
66.62,-41.4707,-5,1.895056,1.273462,43.92293,9.70762,-5.65193,-5.529014
66.64,26.10889,-5,2.665208,1.761177,35.57178,-6.352517,-5.247049,-5.27982
66.66,-17.26709,-5,3.258885,2.039428,25.60231,-12.17207,-5.247049,-5.178255
66.68,-56.42102,-5,3.30517,2.073287,-1.817549,-20.65881,-5.38201,-5.287262
66.7,34.78174,-5,2.793377,1.833615,-28.35191,-28.38605,-4.977129,-5.213792
66.72,-73.35754,-5,2.147326,1.381633,-37.60382,-22.36968,-5.58445,-5.632981
66.74,-20.07959,-5,1.419934,0.8928158,-38.1687,-26.8987,-5.65193,-5.920134
66.76,98.53333,-5,0.652222,0.4081857,-31.86336,-21.75328,-5.247049,-5.84185
66.78,86.4032,-5,0.4248436,0.2154298,-4.672512,-5.598622,-5.247049,-5.745223
66.8,-102.2432,-5,0.5388097,0.2374914,7.846576,3.107982,-6.259249,-6.228056
66.82,122.296,-5,1.380067,0.5981801,42.1214,-12.61102,-5.247049,-5.705147
66.84,28.35303,-5,2.089745,0.9565421,36.74735,-2.74464,-5.314529,-5.444458
66.86,-9.219849,-5,2.372598,1.313033,11.61757,-6.698127,-5.314529,-5.341136
66.88,-191.3901,-5,2.344211,1.31452,-3.787015,-13.40008,-6.326729,-5.971185
66.9,-94.18823,-5,2.283922,1.071665,-3.069458,-35.99826,-6.259249,-6.261795
66.92,-28.30078,-5,2.243875,0.6813568,-4.474039,-40.92856,-6.056808,-6.282494
66.94,-21.4397,-5,1.999651,0.3443816,-18.13817,-36.74249,-5.989328,-6.262484
66.96,-7.759521,-5,0.9131439,-0.1120692,-61.89391,-29.65143,-5.989328,-6.367179
66.98,41.87878,-5,-0.3651779,-0.6256009,-66.21452,-19.23148,-5.92185,-6.472756
67,11.14575,-5,-1.038248,-0.9660653,-10.39771,-5.139903,-6.259249,-6.70119
67.02,182.1212,-5,-0.06445307,-0.5968845,32.79315,-1.815852,-5.314529,-6.004502
67.04,26.62231,-5,0.5129759,-0.06343225,31.95346,15.59849,-5.65193,-5.800153
67.06,-58.18213,-5,1.531617,0.6489747,45.64812,7.877166,-5.92185,-5.774739
67.08,93.45837,-5,2.394671,1.266597,43.73972,-8.334123,-4.977129,-5.17505
67.1,3.380127,-5,3.010384,1.688612,29.02216,-5.850376,-4.977129,-4.923772
67.12,-29.63062,-5,3.047258,1.904665,1.098482,-13.48792,-4.977129,-4.898657
67.14,-26.16602,-5,2.715926,1.798001,-16.71832,-20.78717,-4.977129,-5.002512
67.16,-12.15063,-5,2.448258,1.545702,-13.87862,-24.39234,-4.977129,-5.109355
67.18,-178.2816,-5,2.38242,1.20186,-0.8251827,-25.55347,-5.989328,-5.770931
67.2,-93.03845,-5,2.205933,0.7931108,-9.17633,-42.52225,-5.989328,-6.083667
67.22,4.829224,-5,1.820683,0.2921896,-20.56565,-43.72302,-5.65193,-6.049518
67.24,9.861206,-5,0.8842422,-0.2287169,-52.65726,-31.50588,-5.65193,-6.103787
67.26,94.99133,-5,-0.2864901,-0.6559867,-60.55039,-18.84265,-5.314529,-5.99621
67.28,102.5343,-5,-1.270035,-0.9312838,1.846574,1.492702,-5.314529,-5.96841
67.3,7.265381,-5,-0.1802672,-0.5288459,50.94583,11.91752,-5.71941,-5.946572
67.32,-40.28442,-5,0.8512553,0.0753324,52.1672,5.684676,-5.92185,-5.915122
67.34,-61.37244,-5,2.118947,0.6822152,57.64811,-7.489353,-5.92185,-5.79646
67.36,-83.68811,-5,2.714131,1.010169,18.60994,-20.35074,-5.92185,-5.764662
67.38,-5.283081,-5,1.725191,0.7647855,-54.21452,-27.66363,-5.58445,-5.762346
67.4,60.82812,-5,0.5739995,0.2749907,-63.06948,-20.60736,-5.314529,-5.745642
67.42,-87.17139,-5,-0.423195,-0.2614956,-52.38245,-6.249028,-6.259249,-6.362284
67.44,173.5774,-5,-0.7109727,-0.4432175,13.54123,-10.30719,-5.247049,-5.970347
67.46,87.59412,-5,0.1841866,-0.1615316,40.45728,10.3224,-5.314529,-5.637658
67.48,-13.36475,-5,0.4661024,0.2806473,13.35803,14.20419,-5.65193,-5.645319
67.5,-8.190186,-5,0.8050101,0.6352009,15.57177,5.46737,-5.65193,-5.641349
67.52,-24.26868,-5,1.757114,1.001801,43.12903,-2.98509,-5.65193,-5.558897
67.54,-41.60303,-5,2.164707,1.199968,18.06032,-11.59268,-5.65193,-5.534609
67.56,-41.13513,-5,1.960953,1.11692,-12.53511,-18.37863,-5.65193,-5.612031
67.58,-187.052,-5,1.484658,0.7148664,-29.1458,-21.5948,-6.596649,-6.303326
67.6,141.9269,-5,0.9327761,0.313119,-31.87862,-36.09958,-5.247049,-5.860212
67.62,-100.9503,-5,0.3619067,-0.1832626,-30.55038,-10.96785,-6.326729,-6.332634
67.64,-16.2655,-5,-0.3044153,-0.4934905,-34.29084,-16.61623,-6.259249,-6.522822
67.66,18.29517,-5,-0.747631,-0.8089548,-18.76412,-10.25729,-6.259249,-6.601133
67.68,183.8638,-5,-0.5379254,-0.7066144,7.968714,-2.894528,-5.314529,-5.964059
67.7,111.6368,-5,-0.4524357,-0.3769915,6.243523,18.44127,-5.247049,-5.584858
67.72,-6.131104,-5,-0.1159701,0.1266113,20.73208,23.98325,-5.65193,-5.608581
67.74,-65.70435,-5,0.7008715,0.626068,44.18247,12.91408,-5.989328,-5.751991
67.76,111.3361,-5,1.78708,1.157012,59.15957,-3.686337,-4.977129,-5.132593
67.78,-50.52454,-5,2.759889,1.595972,43.70919,-0.2405019,-5.314529,-5.017358
67.8,-10.58789,-5,2.89281,1.843603,-2.977855,-14.70298,-4.977129,-4.851837
67.82,-16.0199,-5,2.076592,1.575655,-40.18397,-17.51889,-4.977129,-4.970617
67.84,-152.9535,-5,1.313454,1.03126,-38.85573,-17.7429,-5.92185,-5.700224
67.86,-75.86792,-5,1.269422,0.5672507,5.831308,-31.60925,-5.989328,-6.036941
67.88,-36.771,-5,1.518309,0.2153959,10.3962,-33.82894,-5.92185,-6.076992
67.9,-53.66931,-5,1.479334,-0.03651223,-5.145795,-31.29458,-5.989328,-6.115897
67.92,-46.41223,-5,1.041175,-0.3027862,-28.47404,-29.8887,-5.989328,-6.177052
67.94,33.27087,-5,0.2146669,-0.6355094,-45.14581,-25.32315,-5.65193,-6.083046
67.96,46.28809,-5,-0.5718193,-0.9220684,-41.23741,-11.56939,-5.58445,-6.042442
67.98,-13.49707,-5,-0.7383108,-0.9683027,18.67101,-0.7009121,-5.92185,-6.171077
68,148.2955,-5,0.1963351,-0.5028518,44.44201,-2.321509,-4.977129,-5.488507
68.02,-9.772949,-5,0.9286457,0.04934826,34.85422,10.35605,-5.314529,-5.306471
68.04,-108.368,-5,1.586898,0.5814106,29.52598,0.3935966,-5.71941,-5.444562
68.06,-101.6306,-5,2.443731,0.9283322,36.83895,-19.04102,-5.71941,-5.485732
68.08,-90.1925,-5,2.697442,0.9358439,10.93055,-32.07179,-5.65193,-5.522521
68.1,-34.2771,-5,2.181555,0.6321055,-38.44352,-37.74506,-5.38201,-5.502852
68.12,56.521,-5,0.7098169,0.03065354,-72.53513,-30.77022,-4.977129,-5.443663
68.14,-101.0107,-5,-0.7547594,-0.6986095,-70.48933,-12.43107,-5.989328,-6.138152
68.16,-3.903076,-5,-1.139217,-1.094581,10.18246,-14.87314,-5.989328,-6.377639
68.18,21.995,-5,-0.4348264,-1.074679,30.48781,-8.980308,-5.92185,-6.251752
68.2,168.2009,-5,-0.3222394,-0.8078065,2.289322,-2.470777,-4.977129,-5.570424
68.22,83.95874,-5,-0.3453144,-0.4423138,2.579399,16.68977,-4.977129,-5.254858
68.24,29.28003,-5,0.1538268,0.1287009,24.10612,19.15913,-5.044609,-5.094278
68.26,14.27307,-5,0.507037,0.5835589,37.15956,14.12238,-5.044609,-5.020785
68.28,-1.327393,-5,1.638049,1.10782,55.06797,5.502011,-4.977129,-4.851205
68.3,-34.20374,-5,2.332755,1.481322,33.86185,-4.135036,-4.977129,-4.768307
68.32,-49.70776,-5,2.562196,1.597493,1.587032,-14.64137,-4.977129,-4.791602
68.34,-202.2697,-5,2.128066,1.259522,-26.79466,-22.08427,-5.92185,-5.494565
68.36,-45.10522,-5,1.525408,0.6932269,-32.80993,-40.27654,-5.58445,-5.702923
68.38,43.26111,-5,0.7815976,0.03065897,-39.9397,-33.82051,-5.247049,-5.652908
68.4,-132.0391,-5,-0.0522155,-0.5783533,-46.84046,-18.23104,-6.259249,-6.267466
68.42,-46.79077,-5,-0.9288973,-1.108131,-48.51985,-22.67525,-6.326729,-6.611485
68.44,11.82654,-5,-1.611367,-1.602524,-15.72595,-14.64197,-6.326729,-6.755092
68.46,19.46826,-5,-1.266665,-1.636637,14.47253,-4.540468,-6.326729,-6.66185
68.48,16.50952,-5,-1.000398,-1.41448,6.991614,2.067365,-6.259249,-6.487105
68.5,156.839,-5,-0.7299633,-0.9895604,21.80078,5.609861,-5.314529,-5.791498
68.52,67.81079,-5,-0.05392493,-0.3724658,31.48017,19.87531,-5.247049,-5.361419
68.54,-44.66626,-5,0.3706875,0.2207908,19.09849,18.76067,-5.58445,-5.367805
68.56,-54.96033,-5,0.8975216,0.6279602,31.46491,4.885474,-5.65193,-5.417809
68.58,-132.5024,-5,2.211473,0.9947035,63.37332,-9.900167,-5.989328,-5.54714
68.6,-134.6167,-5,2.99044,1.147649,34.80842,-30.19294,-5.989328,-5.607137
68.62,-72.62476,-5,2.797612,0.9085854,-18.24504,-43.12706,-5.65193,-5.557587
68.64,-18.38086,-5,1.540282,0.277431,-70.16872,-41.15763,-5.38201,-5.581593
68.66,-163.0725,-5,0.2175583,-0.5386455,-69.25269,-30.32627,-6.326729,-6.293185
68.68,6.44873,-5,-0.9833423,-1.287246,-48.18398,-33.59373,-5.989328,-6.473216
68.7,-204.3453,-5,-0.3578098,-1.625896,21.4649,-21.19183,-7.20397,-7.081123
68.72,22.24475,-5,-0.2482356,-1.679436,4.640468,-34.31475,-6.326729,-6.753264
68.74,47.76013,-5,-0.3487717,-1.70612,-7.267933,-19.61239,-5.92185,-6.349835
68.76,-12.10095,-5,-0.6224059,-1.583275,-18.96259,-6.437102,-5.989328,-6.216766
68.78,-15.97046,-5,-0.9514986,-1.450542,-6.626712,-2.638369,-5.989328,-6.185086
68.8,-72.74353,-5,-0.398671,-1.183853,42.10613,-2.449499,-6.259249,-6.246137
68.82,96.52527,-5,0.4275873,-0.7052244,40.24353,-10.4496,-5.247049,-5.572683
68.84,-13.09167,-5,0.9698538,-0.2608213,25.5565,-0.5197248,-5.314529,-5.290127
68.86,-36.24927,-5,1.077146,0.09654739,-1.008389,-5.393833,-5.247049,-5.175033
68.88,-42.87012,-5,0.9143998,0.179928,-7.130528,-10.40983,-5.247049,-5.207603
68.9,-51.21631,-5,0.9564625,0.1546849,0.8847416,-14.57152,-5.314529,-5.286992
68.92,-43.64404,-5,0.97901,0.07459182,-1.634343,-18.25793,-5.314529,-5.334123
68.94,-258.3429,-5,0.8691824,-0.2091424,-6.107628,-20.05906,-6.596649,-6.148335
68.96,-139.5706,-5,0.7502719,-0.5980633,-7.848085,-42.50784,-6.529169,-6.488173
68.98,-111.7172,-5,0.562108,-1.130125,-11.74122,-44.75574,-6.596649,-6.68655
69,117.1423,-5,0.2159258,-1.434281,-22.18397,-41.853,-5.38201,-6.044955
69.02,44.03516,-5,-0.7524852,-1.688474,-56.16871,-13.59617,-5.38201,-5.831553
69.04,44.25818,-5,-1.988466,-1.838979,-62.45879,1.880922,-5.38201,-5.827346
69.06,88.45593,-5,-3.030384,-1.964171,-37.71069,15.76985,-5.314529,-5.832783
69.08,21.11182,-5,-2.168407,-1.575351,48.65575,26.47675,-5.65193,-5.819452
69.1,130.8497,-5,-1.252673,-0.8730696,55.60232,24.00212,-4.977129,-5.258575
69.12,-68.03259,-5,0.2626166,-0.03061473,74.83896,28.14634,-5.58445,-5.21109
69.14,76.71326,-5,1.406066,0.8239907,58.35041,7.300755,-4.639729,-4.578003
69.16,-66.1488,-5,2.274004,1.359189,42.0756,5.076472,-4.909649,-4.477822
69.18,-105.9653,-5,2.968364,1.708017,30.48781,-13.26433,-4.977129,-4.511987
69.2,-110.8367,-5,3.203739,1.670552,7.144286,-30.27857,-4.977129,-4.621856
69.22,-99.70532,-5,2.840109,1.270378,-22.88626,-40.88057,-4.977129,-4.803226
69.24,-12.91858,-5,1.914567,0.6369349,-49.14581,-43.59907,-4.639729,-4.829127
69.26,-174.1362,-5,0.7666553,-0.1829171,-59.8481,-33.19958,-5.65193,-5.563044
69.28,6.189941,-5,-0.3457083,-0.9244684,-57.25268,-38.70975,-5.247049,-5.712192
69.3,26.76428,-5,-1.329405,-1.593137,-31.92443,-20.82007,-5.314529,-5.8332
69.32,33.94116,-5,-1.24844,-1.700754,5.693904,-7.171184,-5.314529,-5.743732
69.34,-39.2738,-5,-0.4776782,-1.372237,34.82368,-0.09741259,-5.58445,-5.693441
69.36,-68.69128,-5,0.4023644,-0.8798161,43.02216,-5.785174,-5.65193,-5.603608
69.38,76.73364,-5,0.985837,-0.4047233,26.93055,-14.1195,-4.707209,-4.976546
69.4,4.451904,-5,1.163836,-0.0726991,8.518332,-5.541575,-4.639729,-4.694974
69.42,-198.6254,-5,0.9853916,0.01988849,-9.298468,-6.972902,-5.65193,-5.255003
69.44,-117.9286,-5,0.8923758,-0.1203145,-3.787015,-28.09771,-5.65193,-5.558259
69.46,-87.83496,-5,1.140207,-0.3765108,9.281691,-34.74867,-5.65193,-5.67153
69.48,-80.12988,-5,1.061211,-0.6398764,-5.359536,-35.88059,-5.65193,-5.727394
69.5,-2.874878,-5,0.2115577,-1.019158,-52.62672,-32.88802,-5.314529,-5.648546
69.52,-148.0251,-5,-1.223589,-1.661638,-70.18398,-18.61541,-6.259249,-6.317317
69.54,124.4809,-5,-2.253334,-2.120127,-31.68015,-19.95412,-5.314529,-6.077936
69.56,63.29431,-5,-1.179573,-1.897452,32.53361,3.095055,-5.314529,-5.704902
69.58,-32.86169,-5,-0.8223224,-1.405203,14.31986,10.86241,-5.58445,-5.617683
69.6,112.7103,-5,-0.4976106,-0.8581479,21.89238,5.566364,-4.707209,-5.035307
69.62,-27.78174,-5,0.6276225,-0.2007048,56.19774,12.88252,-4.977129,-4.829582
69.64,-57.7854,-5,1.224941,0.3625925,23.31223,1.507287,-4.977129,-4.742296
69.66,-122.0452,-5,1.350195,0.5157888,9.06795,-9.591489,-5.314529,-4.986906
69.68,-118.3749,-5,2.037359,0.5769041,32.74735,-25.79191,-5.38201,-5.112491
69.7,-102.5798,-5,2.29239,0.4470428,13.15955,-37.02248,-5.314529,-5.158528
69.72,-32.84583,-5,1.588553,0.0402981,-42.44352,-40.41743,-4.977129,-5.112498
69.74,52.85364,-5,0.09199409,-0.5895726,-77.5733,-30.46289,-4.572248,-5.030492
69.76,-122.3243,-5,-1.25847,-1.274006,-72.65726,-11.0813,-5.65193,-5.732834
69.78,151.9755,-5,-1.697992,-1.535937,16.70154,-14.04671,-4.639729,-5.377388
69.8,30.64392,-5,-1.033738,-1.367637,40.01453,9.371387,-4.977129,-5.232813
69.82,-4.972656,-5,-0.4720957,-0.8657192,15.09849,10.70193,-5.044609,-5.101786
69.84,-1.221924,-5,-0.2819587,-0.4901241,9.419095,7.420641,-4.977129,-5.008037
69.86,-80.59241,-5,0.4888523,-0.1198955,38.02979,2.930549,-5.314529,-5.101463
69.88,-70.85217,-5,0.9055476,0.1008222,23.92292,-9.450121,-5.314529,-5.143477
69.9,-66.42834,-5,1.018293,0.09475127,7.144286,-17.03969,-5.314529,-5.200746
69.92,-20.28442,-5,1.161219,0.04708652,1.083215,-22.02537,-5.044609,-5.076508
69.94,-25.60205,-5,0.9168069,-0.09204239,-14.32137,-19.85361,-4.977129,-5.032964
69.96,-27.32593,-5,0.4973463,-0.2781839,-23.72595,-17.57315,-4.977129,-5.07078
69.98,-15.91492,-5,0.05144197,-0.4888505,-21.25267,-14.74561,-4.977129,-5.130004
70,-10.6217,-5,0.02443155,-0.5758876,2.594666,-11.63349,-4.977129,-5.128701
70.02,-11.11633,-5,0.01323424,-0.5820112,1.495429,-8.999005,-4.977129,-5.107161
70.04,-17.94629,-5,0.2149777,-0.4903659,9.648103,-7.98357,-4.977129,-5.059831
70.06,-28.85046,-5,0.4900803,-0.3476896,12.3962,-8.929485,-4.977129,-5.008164
70.08,-36.59949,-5,0.6152967,-0.248197,5.235888,-11.081,-4.977129,-4.988383
70.1,-51.17639,-5,0.6671116,-0.2194744,2.976346,-13.49179,-5.044609,-5.033852
70.12,-33.52795,-5,0.6443431,-0.2483845,-2.550374,-16.46299,-4.977129,-5.031477
70.14,-34.81689,-5,0.5999736,-0.3109264,-2.611443,-16.50608,-4.977129,-5.042362
70.16,-34.44031,-5,0.5438357,-0.3704621,-3.237398,-16.48818,-4.977129,-5.054438
70.18,-47.38196,-5,0.5795282,-0.4077364,2.090849,-16.59544,-5.044609,-5.093944
70.2,-44.2146,-5,0.6024739,-0.4384876,0.2740546,-18.06044,-5.044609,-5.110082
70.22,-31.86536,-5,0.5915772,-0.4737944,-0.596175,-18.65626,-4.977129,-5.080822
70.24,-36.34741,-5,0.5387548,-0.5126061,-3.359534,-17.63547,-4.977129,-5.075175
70.26,-36.76672,-5,0.4663159,-0.5479388,-3.939687,-17.17685,-4.977129,-5.08054
70.28,-37.82312,-5,0.4979031,-0.5559797,1.32749,-17.02772,-4.977129,-5.075856
70.3,-50.43079,-5,0.4947329,-0.5695815,-0.2755641,-17.05417,-5.044609,-5.114703
70.32,-92.23523,-5,0.5082195,-0.6166468,0.5335966,-18.49386,-5.314529,-5.293743
70.34,-68.83398,-5,0.5028833,-0.6990265,-1.115259,-23.64831,-5.314529,-5.376108
70.36,-59.01233,-5,0.4554481,-0.819437,-4.290833,-24.53566,-5.314529,-5.416113
70.38,-63.69666,-5,0.2592578,-0.9638439,-11.87862,-23.50248,-5.38201,-5.490263
70.4,-25.50732,-5,-0.06264308,-1.115402,-18.06183,-22.15662,-5.247049,-5.466813
70.42,186.7424,-5,-0.4416878,-1.120212,-19.03893,-15.66845,-4.03241,-4.745062
70.44,93.89868,-5,-0.6064308,-0.9149546,-4.809917,10.60988,-4.03241,-4.401534
70.46,-168.7946,-5,-0.378525,-0.5666621,9.816042,17.37295,-5.314529,-4.96881
70.48,72.95233,-5,0.09170398,-0.192438,37.99926,-5.846685,-4.36981,-4.618278
70.5,-44.28955,-5,1.359602,0.2189527,62.8695,-1.141107,-4.639729,-4.491986
70.52,-67.06995,-5,2.245721,0.6901829,41.0527,-12.87993,-4.572248,-4.349695
70.54,-108.3116,-5,2.311029,0.782356,-2.51984,-23.2504,-4.707209,-4.462772
70.56,-25.20605,-5,1.714072,0.5187737,-31.43588,-32.16868,-4.36981,-4.457326
70.58,-190.0327,-5,0.9105598,-0.06108902,-40.68779,-27.37189,-5.38201,-5.173974
70.6,-13.2384,-5,0.02928797,-0.6720077,-39.20687,-37.7226,-4.977129,-5.32193
70.62,4.32019,-5,-0.3416457,-1.158704,-17.54275,-25.45002,-4.977129,-5.354341
70.64,7.147949,-5,-0.584567,-1.335863,-15.72595,-14.748,-4.977129,-5.314121
70.66,-0.541626,-5,-0.4822991,-1.254688,13.03742,-7.716163,-4.977129,-5.22577
70.68,-17.84717,-5,-0.04781666,-0.9815667,22.50307,-5.288209,-4.977129,-5.107425
70.7,-36.68494,-5,0.3786133,-0.6680549,19.28169,-6.851361,-4.977129,-5.012913
70.72,-55.47314,-5,0.8920065,-0.3678188,24.4878,-11.51397,-4.977129,-4.939207
70.74,-79.24475,-5,1.157229,-0.2016029,10.442,-17.42112,-5.044609,-4.961432
70.76,-61.59839,-5,1.057142,-0.2271891,-7.17633,-23.37688,-4.977129,-4.987815
70.78,-52.84924,-5,0.7153865,-0.4150102,-19.06946,-24.39326,-4.977129,-5.062983
70.8,-47.80005,-5,0.2461306,-0.6800741,-25.71069,-22.63305,-5.044609,-5.187307
70.82,-23.36169,-5,-0.2505834,-0.9504111,-25.29848,-19.27815,-5.044609,-5.273437
70.84,2.673706,-5,-0.4875445,-1.102259,-4.077092,-13.752,-4.977129,-5.252622
70.86,0.2724609,-5,-0.4997597,-1.093233,2.930544,-7.408968,-4.977129,-5.199159
70.88,152.7541,-5,-0.2670165,-0.8157935,11.34276,-3.869512,-4.03241,-4.549149
70.9,-170.8752,-5,0.1811788,-0.5114026,20.31986,11.85571,-5.38201,-5.009569
70.92,68.19788,-5,0.4629941,-0.1414627,14.91528,-10.9774,-4.36981,-4.606106
70.94,12.69299,-5,1.209169,0.1610269,42.99163,-4.409219,-4.30233,-4.330909
70.96,-104.084,-5,1.723417,0.4799775,20.24353,-7.602938,-4.707209,-4.435498
70.98,-18.57104,-5,1.76008,0.5908225,-0.04655629,-21.50077,-4.30233,-4.308553
71,-36.07947,-5,1.651779,0.4855149,-8.764117,-21.71547,-4.30233,-4.315145
71.02,-196.3889,-5,1.366688,0.2015283,-16.91679,-23.05554,-5.247049,-4.94175
71.04,-59.36243,-5,0.8512451,-0.2275939,-25.78702,-38.29523,-4.977129,-5.127688
71.06,-30.0625,-5,0.258784,-0.7689449,-25.22214,-32.53267,-4.977129,-5.251399
71.08,-16.53687,-5,-0.05487771,-1.087818,-20.33664,-24.7237,-4.977129,-5.277633
71.1,-19.45715,-5,-0.4472928,-1.276769,-23.32901,-16.8918,-5.044609,-5.321847
71.12,-1.189209,-5,-0.9373041,-1.409919,-20.99313,-10.32467,-5.044609,-5.35313
71.14,171.502,-5,-0.6212856,-1.164041,19.4649,-4.790219,-4.03241,-4.662285
71.16,76.10785,-5,-0.2335084,-0.6890377,15.77024,15.01629,-4.03241,-4.279731
71.18,-192.4895,-5,0.1984556,-0.2127286,21.38857,16.55751,-5.314529,-4.84433
71.2,39.77576,-5,1.043623,0.2594994,42.15193,-11.99491,-4.36981,-4.479249
71.22,-74.16138,-5,2.028905,0.5608767,48.36568,-10.84047,-4.639729,-4.420465
71.24,-111.7263,-5,2.745062,0.8461025,35.58704,-24.09254,-4.707209,-4.421979
71.26,-109.8639,-5,3.021829,0.8668804,9.587034,-37.62048,-4.639729,-4.445311
71.28,-49.84521,-5,2.669551,0.6048286,-26.04656,-45.13486,-4.30233,-4.373488
71.3,3.040161,-5,1.446508,0.05228253,-66.47406,-39.87542,-4.03241,-4.361055
71.32,-142.9115,-5,0.1639968,-0.6495143,-70.06184,-27.11326,-4.977129,-5.041536
71.34,-188.7814,-5,-1.165179,-1.47789,-39.20687,-29.24405,-5.92185,-5.993335
71.36,-92.0144,-5,-0.6506318,-1.892026,27.15956,-36.98335,-5.989328,-6.264995
71.38,156.671,-5,-0.5210208,-1.983729,3.754972,-32.2522,-4.707209,-5.513155
71.4,-93.16663,-5,-1.141794,-2.06772,-49.25268,-2.269685,-5.65193,-5.766508
71.42,188.7865,-5,-2.47458,-2.092765,-62.7794,-2.66694,-4.43729,-5.268426
71.44,119.7779,-5,-3.404011,-2.14684,10.64047,28.72033,-4.639729,-5.195854
71.46,52.34277,-5,-2.817636,-1.626328,32.70155,40.49817,-4.977129,-5.17556
71.48,208.8605,-5,-1.706672,-0.7307571,53.41911,38.20008,-4.03241,-4.421285
71.5,46.56433,-5,-0.1392467,0.3306409,70.51836,47.16259,-4.30233,-4.080338
71.52,-76.85303,-5,1.152176,1.303924,61.2359,32.21071,-4.707209,-4.114757
71.54,-122.9175,-5,2.048314,1.81352,50.97636,6.752492,-4.977129,-4.330109
71.56,-106.3147,-5,2.681478,1.892811,28.97635,-16.89668,-4.977129,-4.479585
71.58,-53.39746,-5,2.828635,1.663121,0.06031401,-31.33033,-4.707209,-4.463781
71.6,-61.13501,-5,2.344121,1.187598,-33.72595,-33.99926,-4.707209,-4.576464
71.62,-142.6187,-5,1.263198,0.4512738,-65.6649,-33.21198,-5.314529,-5.142303
71.64,11.93042,-5,-0.2920243,-0.4541086,-73.46643,-35.57383,-4.977129,-5.348258
71.66,52.13477,-5,-1.493709,-1.257173,-29.31374,-17.4663,-4.977129,-5.478892
71.68,56.10803,-5,-1.368412,-1.419636,2.396193,-1.851615,-4.977129,-5.375518
71.7,32.19531,-5,-1.313532,-1.273883,3.281689,8.696336,-5.044609,-5.282465
71.72,21.27795,-5,-0.5399215,-0.8150858,41.11376,10.70794,-4.977129,-5.06891
71.74,-24.4342,-5,0.1775189,-0.3123423,38.1214,8.518167,-5.044609,-4.946939
71.76,-42.85522,-5,0.6857422,0.07468911,24.24353,0.7523122,-5.044609,-4.885686
71.78,-222.0175,-5,1.281676,0.2388101,27.93818,-8.614914,-5.989328,-5.41557
71.8,61.47827,-5,1.602499,0.3031375,10.15192,-33.52216,-4.707209,-4.909749
71.82,-174.2609,-5,1.49723,0.04356575,-11.40534,-21.41403,-5.65193,-5.312248
71.84,-65.76587,-5,0.7725775,-0.3112941,-44.76413,-34.72806,-5.38201,-5.442188
71.86,-27.06165,-5,-0.4949321,-0.9917824,-68.06184,-28.29811,-5.38201,-5.646264
71.88,90.50171,-5,-1.808283,-1.602461,-69.28322,-15.54394,-4.977129,-5.571997
71.9,-122.1355,-5,-2.73122,-2.098287,-12.18397,7.439834,-6.259249,-6.298396
71.92,-50.64905,-5,-1.54546,-1.881653,40.38094,-2.778984,-6.259249,-6.348292
71.94,102.328,-5,-0.9781507,-1.55889,31.63284,-3.838258,-5.38201,-5.747402
71.96,36.75958,-5,-0.4101546,-1.085648,16.76261,9.04258,-5.247049,-5.331872
71.98,-33.08948,-5,-0.4016724,-0.6779306,-7.924421,10.85229,-5.38201,-5.26745
72,-70.93616,-5,-0.2306133,-0.4260299,11.11375,4.362746,-5.58445,-5.385052
72.02,-126.3962,5,0.5485322,-0.1810827,29.58704,-6.39632,-5.65193,-5.416492
72.04,-134.1016,5,0.9475426,-0.1372586,16.90001,-20.52359,-5.65193,-5.434692
72.06,-144.7612,5,1.103649,-0.3047473,2.503063,-31.26315,-5.65193,-5.473338
72.08,-65.40924,5,0.3195413,-0.7731168,-47.51222,-36.74371,-5.247049,-5.379095
72.1,-238.2136,5,-0.9752733,-1.586899,-65.13054,-28.45111,-6.259249,-6.087082
72.12,-133.0441,5,-2.093639,-2.424122,-60.64199,-36.69055,-6.259249,-6.463579
72.14,-81.00873,5,-2.830071,-3.183722,-26.61145,-29.04716,-6.259249,-6.605526
72.16,83.84772,5,-2.766617,-3.381283,2.41146,-18.64002,-5.314529,-5.957695
72.18,168.0722,5,-2.911345,-3.162875,-4.626711,5.709604,-4.30233,-4.99027
72.2,-27.48676,5,-2.911736,-2.677513,10.64047,30.12169,-4.707209,-4.754673
72.22,-128.3597,5,-1.89296,-1.9375,45.22063,22.94018,-5.044609,-4.724758
72.24,-26.62543,5,-0.8714262,-1.298159,52.30461,4.816823,-4.36981,-4.244905
72.26,-157.7395,5,0.1666524,-0.8490968,50.1672,-0.5535312,-4.639729,-4.148324
72.28,-243.39,5,0.7076654,-0.6726656,24.31986,-19.39996,-4.977129,-4.3432
72.3,-43.71957,5,0.352971,-0.9114709,-24.1229,-39.03117,-3.96493,-3.965745
72.32,-106.3534,5,-0.4264493,-1.451081,-42.36718,-29.36335,-4.03241,-3.968149
72.34,-93.83502,5,-1.273132,-1.956326,-47.17634,-26.53292,-3.96493,-4.009677
72.36,-90.85158,5,-2.252411,-2.516999,-47.58856,-20.18155,-4.03241,-4.142996
72.38,-78.51826,5,-2.531603,-2.857555,14.86948,-14.78243,-4.03241,-4.156863
72.4,-139.2019,5,-2.178302,-2.923823,16.85421,-11.30131,-4.30233,-4.212167
72.42,-196.3323,5,-2.029028,-2.970309,4.319858,-15.79565,-4.639729,-4.398541
72.44,-24.07499,5,-1.591313,-2.886311,13.20536,-25.70368,-3.695009,-3.856041
72.46,-164.3364,5,-1.473096,-2.876156,2.060315,-15.46011,-4.03241,-3.813489
72.48,-180.5183,5,-1.74879,-2.940274,-18.97786,-22.02567,-4.09989,-3.888948
72.5,-147.5811,5,-2.438366,-3.283269,-36.22977,-25.68612,-4.03241,-3.979795
72.52,-131.2262,5,-3.007368,-3.690902,-20.1687,-22.89649,-4.03241,-4.055429
72.54,51.72218,5,-2.911358,-3.747011,0.5183294,-19.36533,-2.95273,-3.364181
72.56,-302.1161,5,-2.877611,-3.77489,-1.298465,0.7161129,-4.43729,-3.903333
72.58,-48.68161,5,-2.680174,-3.601634,18.77788,-22.03405,-3.357609,-3.463912
72.6,-185.0407,5,-1.963102,-3.478206,28.71681,-14.06323,-3.695009,-3.390451
72.62,-200.527,5,-1.886806,-3.396609,-0.01602192,-22.90141,-3.695009,-3.378812
72.64,-201.5609,5,-2.109318,-3.565868,-18.2603,-29.61528,-3.695009,-3.439664
72.66,-205.7121,5,-2.475437,-3.896672,-24.32137,-33.01164,-3.762489,-3.561137
72.68,-176.856,5,-2.998237,-4.307643,-28.97786,-33.94627,-3.695009,-3.620619
72.7,-222.8245,5,-3.64725,-4.786874,-35.49694,-29.63535,-4.03241,-3.887885
72.72,-175.5175,5,-4.526056,-5.306606,-43.71069,-28.48606,-4.03241,-4.054874
72.74,-142.1032,5,-5.332033,-5.797188,-27.72596,-20.22934,-4.03241,-4.141744
72.76,31.58307,5,-5.135381,-5.780549,5.709171,-11.68868,-3.02021,-3.437999
72.78,-124.0631,5,-4.988675,-5.520614,7.388561,10.85566,-3.357609,-3.242289
72.8,-50.38922,5,-4.497944,-4.953123,27.99925,8.599674,-2.75029,-2.709907
72.82,-176.0861,5,-3.735788,-4.402894,37.67865,11.86968,-3.02021,-2.567682
72.84,-95.21857,5,-3.199943,-3.902821,28.36567,-0.269038,-2.412889,-2.132018
72.86,-52.2113,5,-2.478106,-3.443959,35.4649,-2.361556,-1.738089,-1.509044
72.88,-261.0546,5,-2.109333,-3.165658,16.99162,-0.9888785,-2.412889,-1.666231
72.9,-286.05,5,-2.176713,-3.209085,-6.672513,-21.11749,-2.68281,-1.990667
72.92,-150.1569,5,-2.513432,-3.590848,-2.24503,-35.66488,-2.142969,-1.907009
72.94,-214.3569,5,-2.488454,-3.975554,-1.680145,-31.81614,-2.345409,-1.983495
72.96,-48.87439,5,-2.879709,-4.235101,-26.58092,-34.18463,-1.40069,-1.488775
72.98,-153.4303,5,-3.770342,-4.607974,-52.85574,-16.2148,-1.670609,-1.524302
73,22.43384,5,-4.970903,-4.903402,-61.37482,-10.55179,-0.7933693,-1.116482
73.02,-133.4673,5,-5.725122,-5.156637,-1.680145,13.25323,-1.46817,-1.35231
73.04,1.182861,5,-5.103677,-4.829487,19.05269,11.4209,-0.7933693,-0.8823535
73.06,-174.7484,5,-4.833321,-4.54734,14.56414,22.67355,-1.46817,-1.021413
73.08,-112.4129,5,-3.881877,-4.040042,37.26643,9.266981,-1.13077,-0.7651072
73.1,-98.99402,5,-3.165515,-3.637462,30.54888,4.397902,-0.7933693,-0.409497
73.12,-34.12817,5,-2.969848,-3.333632,2.243521,2.073902,-0.1185694,0.1162681
73.14,-206.7578,5,-3.107651,-3.26215,7.419095,7.262903,-0.7258892,-0.08604722
73.16,-85.45361,5,-2.795229,-3.133611,19.06795,-7.620224,-0.1185694,0.1913238
73.18,-65.07324,5,-2.513999,-3.067442,10.47253,-6.065084,0.2863102,0.5559854
73.2,-2.425293,5,-2.635363,-2.970392,-8.336635,-2.400933,0.9611101,1.076108
73.22,-35.8053,5,-2.465996,-2.757248,10.25879,5.796167,1.23103,1.466349
73.24,-212.5215,5,-2.184646,-2.558157,18.15192,6.571698,0.5562305,1.231841
73.26,-146.8798,5,-1.233184,-2.271821,44.80842,-13.90343,0.89363,1.393055
73.28,-129.5404,5,-0.6494871,-2.161114,17.89238,-22.73159,1.23103,1.657354
73.3,-52.13928,5,-0.9663576,-2.250514,-19.72595,-25.60392,1.90583,2.06249
73.32,-158.1714,5,-1.74795,-2.57727,-43.68016,-17.27399,1.568431,1.900813
73.34,-19.35522,5,-2.269043,-2.825148,-9.787017,-20.5281,2.243231,2.172627
73.36,-14.35583,5,-1.993116,-2.816488,7.358026,-9.51892,2.58063,2.559031
73.38,47.8844,5,-2.095112,-2.616433,-6.214497,-1.194609,3.25543,3.127923
73.4,-160.7939,5,-1.400073,-2.227951,29.64811,7.945933,2.58063,3.051981
73.42,-40.35962,5,-0.9342797,-1.818423,27.12902,-8.433121,3.25543,3.42236
73.44,-68.77844,5,0.146277,-1.39126,52.56415,-10.69211,3.525351,3.814903
73.46,-0.913208,5,0.3660916,-1.062423,4.701537,-15.60408,4.267631,4.369497
73.48,-110.5575,5,-0.2268586,-1.101654,-31.90916,-10.171,3.99771,4.293236
73.5,2.858032,5,-0.4087135,-1.127421,6.411461,-16.863,4.60503,4.565153
73.52,-114.6617,5,-0.1662722,-1.146066,4.167186,-10.84802,4.20015,4.459109
73.54,36.35657,5,-0.694089,-1.231868,-16.56565,-16.71262,4.94243,4.768348
73.56,-75.90515,5,-0.3784429,-1.213859,9.602302,-6.561617,4.60503,4.74854
73.58,31.2002,5,-0.4468952,-1.100138,-7.344269,-10.75863,5.21235,5.085261
73.6,-70.4812,5,-0.05784915,-0.9392323,28.71681,-4.154761,4.94243,5.107222
73.62,-129.4291,5,-0.07749856,-0.8765211,1.907643,-10.13987,4.60503,4.878767
73.64,8.594482,5,0.2575833,-0.7984984,26.4878,-20.93745,5.27983,5.194279
73.66,127.9858,5,0.1189175,-0.7373477,-11.16106,-13.34585,6.22455,5.859984
73.68,7.44397,5,-0.6324953,-0.7549828,-36.01603,6.126356,5.95463,5.892055
73.7,0.7261963,5,-0.4512413,-0.5294763,16.42673,6.210327,5.95463,5.943279
73.72,-133.3689,5,0.2927944,-0.2607962,36.50308,2.842384,5.27983,5.642905
73.74,69.78833,5,0.9641936,0.06179979,29.87712,-14.80732,6.29203,6.156051
73.76,8.306274,5,1.139681,0.209192,4.060315,-6.554448,6.35951,6.390373
73.78,-26.21997,5,0.7259369,0.2324742,-22.50458,-5.980004,6.29203,6.357056
73.8,-77.1803,5,1.049625,0.2813855,27.66338,-10.30005,6.02211,6.197786
73.82,-73.77466,5,1.264907,0.2579061,6.060316,-19.07011,5.95463,6.082822
73.84,-58.92554,5,1.128955,0.07614721,-5.435872,-24.08548,5.95463,5.984896
73.86,-45.45105,5,0.8317379,-0.1866849,-21.1,-24.9245,5.95463,5.89607
73.88,-13.15259,5,0.182519,-0.527434,-23.39008,-21.91674,6.02211,5.827997
73.9,-19.2345,5,0.0692333,-0.7093861,-5.390069,-16.31651,5.95463,5.7847
73.92,-10.57764,5,-0.1309599,-0.7988788,-9.787017,-12.54618,5.95463,5.773469
73.94,-12.00928,5,0.008370706,-0.7494218,6.060316,-9.635797,5.95463,5.812918
73.96,-15.02026,5,0.03512328,-0.6657532,2.869475,-7.929298,5.95463,5.84287
73.98,-30.6665,5,0.180634,-0.5543692,7.358026,-7.604476,5.887151,5.835279
74,-17.14661,5,0.2923308,-0.449429,6.991614,-9.305466,5.95463,5.879462
74.02,-25.13794,5,0.4832915,-0.3431368,6.655736,-9.700315,5.95463,5.913673
74.04,-27.20984,5,0.4662566,-0.2934443,0.02977964,-10.70635,5.95463,5.912015
74.06,-39.67896,5,0.552695,-0.2620331,3.770239,-11.89512,5.887151,5.871828
74.08,-21.64954,5,0.5297827,-0.2671759,0.6404669,-13.83535,5.95463,5.882086
74.1,-24.27502,5,0.558443,-0.2766619,0.6099325,-13.39524,5.95463,5.886373
74.12,-13.66895,5,0.550548,-0.2735183,-0.1992282,-13.32101,6.02211,5.925207
74.14,-42.95947,5,0.5766495,-0.2718605,1.632834,-12.34216,5.887151,5.86206
74.16,-22.77783,5,0.5783768,-0.2705107,0.6710012,-14.63277,5.95463,5.870052
74.18,-24.47168,5,0.5940353,-0.2822644,1.129017,-14.16054,5.95463,5.872215
74.2,-23.90588,5,0.5415746,-0.2990383,-1.313733,-13.84349,5.95463,5.864986
74.22,-23.52893,5,0.5560646,-0.2999634,0.8236728,-13.62481,5.95463,5.864143
74.24,-22.95239,5,0.54259,-0.3001577,0.304589,-13.39437,5.95463,5.861502
74.26,-33.80457,5,0.5386077,-0.3045591,0.04504682,-13.19231,5.887151,5.818897
74.28,-27.52625,5,0.5320131,-0.3128603,0.1671843,-14.12724,5.887151,5.798623
74.3,-24.48328,5,0.5260396,-0.3265396,0.2282531,-14.0859,5.887151,5.789346
74.32,-23.18945,5,0.5249014,-0.3312386,0.1824515,-13.7441,5.887151,5.786831
74.34,-11.03333,5,0.5240912,-0.3194048,-0.183961,-13.35599,5.95463,5.827463
74.36,-16.17664,5,0.5306469,-0.2945245,0.1671843,-11.89077,5.95463,5.847124
74.38,-18.27014,5,0.5478618,-0.2561778,1.144284,-11.49548,5.95463,5.857216
74.4,-19.20032,5,0.5837715,-0.2166876,2.41146,-11.56047,5.95463,5.863378
74.42,-19.10962,5,0.5971152,-0.188493,0.6557342,-11.736,5.95463,5.863846
74.44,-29.38123,5,0.5825613,-0.183754,0.01451245,-11.81259,5.887151,5.818392
74.46,-22.48083,5,0.5796413,-0.1883727,0.01451245,-12.88352,5.887151,5.796536
74.48,-7.455933,5,0.5722862,-0.1933357,-0.03128911,-12.83812,5.95463,5.827006
74.5,-11.21497,5,0.5642836,-0.185446,-0.01602192,-11.26046,5.95463,5.84193
74.52,-24.57446,5,0.5820076,-0.1627375,1.663368,-10.67848,5.887151,5.811616
74.54,2.678467,5,0.6266358,-0.1202279,1.480162,-11.73623,6.02211,5.883287
74.56,-17.10107,5,0.6088048,-0.09992272,-0.6114421,-9.643058,5.95463,5.869565
74.58,-15.21021,5,0.6492823,-0.05995733,2.838941,-10.38901,5.95463,5.867124
74.6,-26.7981,5,0.714977,-0.03224687,1.617566,-10.93151,5.887151,5.829604
74.62,-31.90771,5,0.6940365,-0.0439207,-0.4129688,-12.40905,5.819671,5.764009
74.64,0.2698975,5,0.6884862,-0.06000921,-0.5656406,-13.82706,5.95463,5.813267
74.66,-18.55945,5,0.6921483,-0.07238908,-0.4129688,-11.55233,5.887151,5.79701
74.68,-17.11182,5,0.7208667,-0.05394152,1.571765,-12.04776,5.887151,5.794367
74.7,-17.23315,5,0.761334,-0.03641164,1.525963,-12.36275,5.887151,5.795342
74.72,-4.686646,5,0.7315224,-0.02996898,-0.1228922,-12.4549,5.95463,5.828712
74.74,-8.942017,5,0.7282239,-0.01821023,-0.3519,-11.23607,5.95463,5.842223
74.76,-22.40552,5,0.752053,0.002523988,1.190086,-10.96373,5.887151,5.809864
74.78,-5.878662,5,0.7630041,0.02149592,0.2587874,-12.14964,5.95463,5.834183
74.8,-8.912476,5,0.7739773,0.03309424,0.07558119,-11.29751,5.95463,5.844167
74.82,-10.25867,5,0.7921681,0.05577104,0.2740546,-11.09995,5.95463,5.849561
74.84,-9.681152,5,0.7695167,0.0664531,0.04504682,-11.02436,5.95463,5.846283
74.86,-8.646118,5,0.7708461,0.07648459,-0.1381594,-10.9154,5.95463,5.843938
74.88,-19.17627,5,0.7677895,0.07786917,-0.0007547362,-10.7483,5.887151,5.801431
74.9,-12.87476,5,0.7699545,0.07573407,-0.0007547362,-11.702,5.887151,5.782422
74.92,1.713013,5,0.7663857,0.07448673,-0.03128911,-11.65261,5.95463,5.8145
74.94,9.223267,5,0.7638944,0.09379791,0.1213828,-10.11,6.02211,5.870992
74.96,-9.144531,5,0.7610424,0.1255752,0.3656577,-8.34439,5.95463,5.856223
74.98,-6.614746,5,0.7981309,0.1687845,2.991613,-9.150306,5.95463,5.852741
75,-7.561646,5,0.913754,0.2201767,4.457262,-9.810789,5.95463,5.862047
75.02,-6.929565,5,0.8844085,0.2346569,0.09084838,-10.23906,5.95463,5.855119
75.04,-16.97266,5,0.8809139,0.2301914,-0.1381594,-10.46775,5.887151,5.807425
75.06,-22.2533,5,0.8973254,0.2145432,0.2129859,-11.7095,5.819671,5.746101
75.08,9.117432,5,0.8950473,0.1998209,0.3961921,-13.00113,5.95463,5.798614
75.1,2.148193,5,0.8682281,0.1888114,-0.519839,-10.59637,5.95463,5.820231
75.12,-0.5264893,5,0.85719,0.2079278,1.403826,-9.6737,5.95463,5.830757
75.14,-3.616211,5,0.9577148,0.2598601,4.503064,-9.670203,5.95463,5.847662
75.16,-17.28015,5,0.9994597,0.2940376,1.724437,-10.14268,5.887151,5.813533
75.18,-0.6483154,5,1.015331,0.3113034,0.3503905,-11.85934,5.95463,5.833549
75.2,-3.243164,5,1.017505,0.3111258,-0.1381594,-11.32016,5.95463,5.838159
75.22,-14.97217,5,0.9962065,0.302811,0.2587874,-11.1792,5.887151,5.794742
75.24,13.82031,5,1.006927,0.3105429,-0.03128911,-12.2535,6.02211,5.856587
75.26,-17.9187,5,1.017037,0.3090301,0.4419934,-10.13995,5.887151,5.803696
75.28,-10.04919,5,1.002027,0.3106156,0.6404669,-11.89506,5.887151,5.776464
75.3,4.177002,5,1.054358,0.3166346,2.594666,-12.40711,5.95463,5.809953
75.32,0.4125977,5,1.022707,0.3151827,0.4114593,-11.2014,5.95463,5.819426
75.34,-0.8508301,5,1.027629,0.3303162,0.4572606,-10.80028,5.95463,5.824179
75.36,-1.629028,5,1.057226,0.3536255,0.8694746,-10.75939,5.95463,5.828582
75.38,-12.66602,5,1.041555,0.3568564,0.7473372,-10.77895,5.887151,5.784951
75.4,-17.65491,5,1.035393,0.3422667,0.2587874,-11.90515,5.819671,5.722406
75.42,13.604,5,1.053069,0.3361208,0.3503905,-13.15683,5.95463,5.777953
75.44,5.475098,5,1.067426,0.3425142,0.5183294,-10.87549,5.95463,5.806129
75.46,2.387451,5,1.04938,0.3676856,0.5183294,-10.12766,5.95463,5.8165
75.48,0.800293,5,1.094555,0.4053206,3.999247,-10.09352,5.95463,5.825022
75.5,0.7741699,5,1.094054,0.4290899,0.06031401,-10.22417,5.95463,5.824703
75.52,12.27087,5,1.132143,0.4617659,1.342757,-10.41188,6.02211,5.867145
75.54,-3.612305,5,1.107442,0.4741031,-0.6267089,-9.31302,5.95463,5.83914
75.56,1.39801,5,1.090406,0.4822218,-0.1686933,-10.12743,5.95463,5.822745
75.58,3.424194,5,1.125589,0.4913523,2.197719,-10.27179,5.95463,5.81952
75.6,-6.548767,5,1.10049,0.4830551,-0.4282355,-10.09793,5.887151,5.773562
75.62,11.26514,5,1.114025,0.4863887,-0.04655629,-11.00492,5.95463,5.795961
75.64,8.555664,5,1.113147,0.4901619,0.2587874,-9.798227,5.95463,5.806616
75.66,8.120789,5,1.090848,0.5024843,0.04504682,-9.195436,5.95463,5.80939
75.68,-3.277771,5,1.102272,0.5154124,0.5030622,-8.898748,5.887151,5.771912
75.7,2.431274,5,1.114696,0.5246964,0.2282531,-9.888111,5.887151,5.75604
75.72,16.76447,5,1.116183,0.5311386,0.2435202,-9.938331,5.95463,5.789225
75.74,12.88965,5,1.108193,0.5442738,-0.1686933,-8.493192,5.95463,5.804088
75.76,0.08410645,5,1.108772,0.5636029,-0.01602192,-7.951956,5.887151,5.770868
75.78,17.24512,5,1.1103,0.5842984,0.3656577,-8.859085,5.95463,5.795778
75.8,13.92682,5,1.143942,0.6085447,2.289322,-7.832681,5.95463,5.811016
75.82,12.60657,5,1.152334,0.6392624,-0.107625,-7.513031,5.95463,5.817835
75.84,11.07275,5,1.221895,0.6826565,2.869475,-7.664765,5.95463,5.827455
75.86,10.31152,5,1.246757,0.7142073,0.9305434,-7.999223,5.95463,5.82978
75.88,9.828918,5,1.28666,0.7403415,1.92291,-8.428463,5.95463,5.830982
75.9,9.628418,5,1.311464,0.757451,1.587032,-8.842358,5.95463,5.829711
75.92,10.38525,5,1.301283,0.7595794,-0.06182348,-9.099862,5.95463,5.823426
75.94,-0.5983276,5,1.315533,0.7543107,0.4267263,-9.265456,5.887151,5.7795
75.96,5.4375,5,1.312998,0.7404343,0.4114593,-10.47303,5.887151,5.757341
75.98,20.25854,5,1.291461,0.7220022,-0.1992282,-10.56133,5.95463,5.784495
76,15.82635,5,1.303912,0.7241142,0.4267263,-9.165599,5.95463,5.800061
76.02,2.028015,5,1.315657,0.7373568,0.8542075,-8.755342,5.887151,5.767848
76.04,17.99634,5,1.338166,0.756211,1.617566,-9.924532,5.95463,5.794214
76.06,3.122253,5,1.344356,0.7579099,-0.5045714,-9.127981,5.887151,5.76344
76.08,6.775696,5,1.375401,0.7682372,1.205353,-10.20655,5.887151,5.751741
76.1,20.68274,5,1.355448,0.7653221,-0.9015187,-10.45458,5.95463,5.781473
76.12,16.51697,5,1.35764,0.7714254,-0.1534266,-9.220874,5.95463,5.794943
76.14,14.33905,5,1.384002,0.7972217,1.556498,-8.914296,5.95463,5.803846
76.16,1.645386,5,1.410851,0.8161761,1.098482,-9.044518,5.887151,5.767465
76.18,17.98328,5,1.443205,0.8344101,2.045048,-10.4926,5.95463,5.791698
76.2,3.812073,5,1.42706,0.8255882,-0.3519,-9.768249,5.887151,5.756206
76.22,19.3808,5,1.45852,0.8368003,0.8542075,-10.80056,5.95463,5.783752
76.24,4.305176,5,1.454391,0.8320761,0.3961921,-9.920705,5.887151,5.752606
76.26,20.20154,5,1.452016,0.8379439,0.2893218,-10.82699,5.95463,5.777456
76.28,16.86505,5,1.455769,0.8423778,0.3351234,-9.831438,5.95463,5.787892
76.3,15.5423,5,1.461458,0.8586643,0.8694746,-9.528517,5.95463,5.792556
76.32,4.04248,5,1.456966,0.8638157,-0.07709067,-9.468429,5.887151,5.751457
76.34,10.18695,5,1.45489,0.8601323,0.3656577,-10.5777,5.887151,5.731137
76.36,24.99152,5,1.443318,0.8530232,-0.06182348,-10.62105,5.95463,5.760947
76.38,9.273987,5,1.44809,0.8533536,0.1213828,-9.194122,5.887151,5.736175
76.4,24.73914,5,1.44434,0.8699736,0.5183294,-9.79665,5.95463,5.765603
76.42,21.22131,5,1.451547,0.8868327,0.2129859,-8.652672,5.95463,5.779338
76.44,19.99902,5,1.456866,0.9135016,1.251154,-8.26575,5.95463,5.785769
76.46,6.62854,5,1.53572,0.9499679,4.060315,-8.420247,5.887151,5.756402
76.48,22.71289,5,1.557232,0.9753981,0.5030622,-9.914773,5.95463,5.781171
76.5,19.77649,5,1.56041,0.983681,-0.09235785,-9.28602,5.95463,5.788418
76.52,19.23132,5,1.552898,0.9937438,0.4114593,-9.140391,5.95463,5.788648
76.54,-3.387207,5,1.54807,0.9853137,0.1061156,-9.130173,5.819671,5.705151
76.56,7.694519,5,1.569062,0.9706007,0.9305434,-11.47318,5.819671,5.669062
76.58,35.28595,5,1.575912,0.9555945,-0.8557167,-11.87172,5.95463,5.734413
76.6,15.1145,5,1.541126,0.9434625,-0.7183124,-9.258696,5.887151,5.720462
76.62,28.96124,5,1.528075,0.9624587,0.9305434,-9.498656,5.95463,5.754776
76.64,23.57562,5,1.585697,0.9984509,1.800773,-8.449887,5.95463,5.777215
76.66,10.08368,5,1.581883,1.023299,-0.2144953,-8.309567,5.887151,5.742864
76.68,15.77618,5,1.580544,1.031831,-0.2450293,-9.568281,5.887151,5.723647
76.7,18.93176,5,1.579182,1.024942,0.07558119,-9.814704,5.887151,5.713318
76.72,32.13684,5,1.574365,1.027349,-0.1228922,-9.613832,5.95463,5.74941
76.74,27.49078,5,1.574141,1.042411,-0.2602969,-8.1445,5.95463,5.766803
76.76,25.83728,5,1.574959,1.070342,0.3503905,-7.641794,5.95463,5.774744
76.78,25.2724,5,1.598917,1.101858,1.693902,-7.551468,5.95463,5.779846
76.8,12.76093,5,1.653948,1.131108,1.983979,-7.754436,5.887151,5.746021
76.82,17.88788,5,1.671277,1.143112,0.7931387,-9.204983,5.887151,5.728521
76.84,31.93384,5,1.681853,1.145836,0.1366499,-9.652349,5.95463,5.759364
76.86,16.45239,5,1.670348,1.14087,0.1366499,-8.51534,5.887151,5.730076
76.88,32.54205,5,1.654516,1.146491,-0.0007547362,-9.246223,5.95463,5.754999
76.9,17.60492,5,1.665776,1.147984,0.2893218,-8.16453,5.887151,5.726933
76.92,33.43066,5,1.663716,1.161381,0.1671843,-8.922375,5.95463,5.754276
76.94,30.20703,5,1.664091,1.172198,0.1977187,-7.822284,5.95463,5.765935
76.96,29.45312,5,1.654284,1.190375,0.01451245,-7.38413,5.95463,5.769772
76.98,28.75006,5,1.696218,1.220448,2.472528,-7.307259,5.95463,5.776165
77,27.71857,5,1.742187,1.253629,1.678635,-7.478173,5.95463,5.78215
77.02,27.44019,5,1.756684,1.275922,0.8389403,-7.740342,5.95463,5.78231
77.04,28.49615,5,1.73917,1.281897,-0.2297625,-7.878651,5.95463,5.776476
77.06,29.75903,5,1.735758,1.284642,-0.04655629,-7.84801,5.95463,5.772169
77.08,18.98859,5,1.741519,1.282573,0.1977187,-7.741151,5.887151,5.730102
77.1,36.66302,5,1.739497,1.283524,0.07558119,-8.721256,5.95463,5.751082
77.12,22.24182,5,1.747143,1.278846,-0.107625,-7.631933,5.887151,5.721241
77.14,27.22424,5,1.720387,1.274165,0.02977964,-8.274368,5.887151,5.704689
77.16,40.89423,5,1.737527,1.280265,0.3961921,-8.223451,5.95463,5.740959
77.18,36.40771,5,1.733051,1.294719,0.1671843,-6.791555,5.95463,5.757552
77.2,34.98615,5,1.728518,1.32041,-0.04655629,-6.279284,5.95463,5.764457
77.22,33.6615,5,1.786989,1.360359,4.014514,-6.276319,5.95463,5.773848
77.24,31.875,5,1.854456,1.404014,3.556499,-6.631559,5.95463,5.782691
77.26,18.87476,5,1.903984,1.431005,3.022147,-7.236446,5.887151,5.746019
77.28,23.60962,5,1.936402,1.438712,1.144284,-9.05625,5.887151,5.72678
77.3,25.55743,5,1.958092,1.427218,0.6404669,-9.853861,5.887151,5.715516
77.32,27.10461,5,1.931267,1.402122,-0.3977011,-10.09594,5.887151,5.70384
77.34,39.37701,5,1.93417,1.392511,-0.4587703,-10.08677,5.95463,5.739024
77.36,22.44647,5,1.937198,1.388115,0.1061156,-8.879823,5.887151,5.71412
77.38,25.77795,5,1.936103,1.389297,-0.01602192,-9.788565,5.887151,5.701008
77.4,38.88037,5,1.946465,1.390984,0.5946653,-10.06078,5.95463,5.73483
77.42,34.42566,5,1.936298,1.395131,-0.6725109,-8.883666,5.95463,5.747607
77.44,21.11725,5,1.944023,1.40536,0.2435202,-8.606585,5.887151,5.712823
77.46,38.01227,5,1.940021,1.413492,-0.2297625,-9.724597,5.95463,5.73488
77.48,35.52625,5,1.93033,1.413714,-0.2908313,-8.721356,5.95463,5.742485
77.5,45.97687,5,1.943799,1.438538,0.2435202,-8.327783,6.02211,5.788712
77.52,17.49542,5,1.936559,1.45034,-0.09235785,-7.035172,5.887151,5.726059
77.54,37.61841,5,1.969993,1.473428,1.373291,-9.138732,5.95463,5.740997
77.56,35.80853,5,1.987785,1.47954,-0.2755641,-8.551568,5.95463,5.747361
77.58,34.56415,5,2.013638,1.497876,1.052681,-8.432358,5.95463,5.752427
77.6,22.93561,5,2.009338,1.501491,0.6404669,-8.487317,5.887151,5.710759
77.62,40.13794,5,2.024209,1.50734,1.144284,-9.71913,5.95463,5.732416
77.64,49.31653,5,2.006635,1.510253,-0.2908313,-8.709045,6.02211,5.779253
77.66,31.33209,5,2.015063,1.527878,0.3656577,-7.168169,5.95463,5.761418
77.68,22.31793,5,2.042021,1.547621,1.831307,-8.078587,5.887151,5.714486
77.7,39.40955,5,2.106809,1.567587,1.556498,-9.778705,5.95463,5.738544
77.72,25.39557,5,2.083446,1.554648,0.3961921,-9.120867,5.887151,5.701637
77.74,30.04254,5,2.090738,1.547687,0.01451245,-10.1253,5.887151,5.684922
77.76,32.03442,5,2.095819,1.534616,-0.107625,-10.33536,5.887151,5.67696
77.78,44.245,5,2.09998,1.534258,0.4572606,-10.26191,5.95463,5.714333
77.8,27.64685,5,2.093236,1.534337,0.1824515,-8.983498,5.887151,5.689307
77.82,42.68591,5,2.099166,1.550041,0.8084057,-9.807967,5.95463,5.718428
77.84,27.35028,5,2.107784,1.554606,-0.2908313,-8.885938,5.887151,5.690255
77.86,54.33594,5,2.120893,1.579154,0.8847416,-9.816578,6.02211,5.759029
77.88,22.88446,5,2.099782,1.58034,-0.3977011,-7.683474,5.887151,5.704119
77.9,41.3078,5,2.145698,1.609293,2.274055,-9.576397,5.95463,5.72518
77.92,25.73364,5,2.219181,1.627708,1.999246,-9.236959,5.887151,5.69988
77.94,42.00372,5,2.182235,1.629941,0.6862684,-10.43395,5.95463,5.719386
77.96,51.1709,5,2.170914,1.631878,-0.7335792,-9.517091,6.02211,5.765496
77.98,20.83826,5,2.210451,1.647936,0.9305434,-8.17055,5.887151,5.710351
78,40.17505,5,2.2254,1.666907,1.373291,-10.36583,5.95463,5.724472
78.02,38.07269,5,2.246837,1.668884,-0.6114421,-9.933339,5.95463,5.729799
78.04,37.31921,5,2.246746,1.674488,0.5641309,-9.859933,5.95463,5.730242
78.06,37.89594,5,2.227037,1.673318,-0.596175,-9.819496,5.95463,5.725863
78.08,38.49298,5,2.232036,1.67569,-0.2755641,-9.74928,5.95463,5.723896
78.1,27.34265,5,2.235132,1.67229,0.3198562,-9.675824,5.887151,5.682164
78.12,45.17352,5,2.219954,1.667708,-0.07709067,-10.67281,5.95463,5.701271
78.14,42.54248,5,2.222224,1.665773,-0.183961,-9.53608,5.95463,5.710966
78.16,41.30988,5,2.226578,1.680479,0.2587874,-9.06371,5.95463,5.716894
78.18,29.8587,5,2.215512,1.685495,-0.03128911,-8.859745,5.887151,5.676679
78.2,47.50623,5,2.215209,1.692476,-0.1381594,-9.849057,5.95463,5.69861
78.22,56.49841,5,2.215572,1.705562,0.01451245,-8.692204,6.02211,5.749615
78.24,27.17499,5,2.208938,1.719912,0.2282531,-7.045207,5.887151,5.69149
78.26,47.88696,5,2.201581,1.738024,0.2893218,-8.860303,5.95463,5.704175
78.28,45.3186,5,2.26868,1.759883,2.671002,-8.188187,5.95463,5.718111
78.3,33.31067,5,2.238703,1.765594,-0.04655629,-7.923879,5.887151,5.678168
78.32,39.03003,5,2.251915,1.769184,0.8847416,-9.000712,5.887151,5.661
78.34,52.17877,5,2.296739,1.782264,1.205353,-9.256533,5.95463,5.699183
78.36,36.55975,5,2.261927,1.779426,-0.2450293,-8.003897,5.887151,5.670052
78.38,40.8208,5,2.263056,1.78498,-0.1992282,-8.753865,5.887151,5.657171
78.4,42.2572,5,2.29313,1.790774,0.9458106,-8.916231,5.887151,5.654825
78.42,54.1748,5,2.30295,1.80456,0.7778715,-8.883914,5.95463,5.694775
78.44,48.75464,5,2.316087,1.826514,-0.7335792,-7.702394,5.95463,5.713367
78.46,35.52258,5,2.308561,1.843238,-0.07709067,-7.466539,5.887151,5.678023
78.48,51.3913,5,2.359429,1.870363,2.686269,-8.788734,5.95463,5.706745
78.5,48.06458,5,2.359526,1.881135,-1.023656,-8.057377,5.95463,5.716168
78.52,35.56897,5,2.359158,1.887963,-0.1381594,-7.932637,5.887151,5.677852
78.54,52.75134,5,2.360337,1.893931,-0.2450293,-9.086716,5.95463,5.699337
78.56,50.18579,5,2.354098,1.893382,-0.2755641,-8.090345,5.95463,5.707396
78.58,37.8963,5,2.347465,1.896037,-0.06182348,-7.69204,5.887151,5.669985
78.6,55.14453,5,2.342893,1.902195,-0.2144953,-8.624169,5.95463,5.692723
78.62,52.30469,5,2.347225,1.908279,0.04504682,-7.509063,5.95463,5.703822
78.64,51.88739,5,2.322197,1.919742,-0.0007547362,-6.971069,5.95463,5.706205
78.66,51.88068,5,2.340058,1.940764,0.2893218,-6.712608,5.95463,5.710072
78.68,39.37878,5,2.393363,1.965815,4.09085,-6.742708,5.887151,5.677271
78.7,54.88776,5,2.449486,1.99623,1.92291,-8.184759,5.95463,5.706878
78.72,50.83698,5,2.472257,2.013007,1.892376,-7.646667,5.95463,5.718457
78.74,38.1803,5,2.464338,2.01768,-0.5656406,-7.698539,5.887151,5.678296
78.76,54.87372,5,2.48691,2.025126,0.3198562,-9.059619,5.95463,5.70071
78.78,51.59094,5,2.496048,2.025737,0.6251997,-8.303653,5.95463,5.709558
78.8,62.13257,5,2.486485,2.039406,-0.5045714,-8.078768,6.02211,5.751404
78.82,44.78204,5,2.501558,2.055345,-0.1534266,-6.941469,5.95463,5.729926
78.84,117.7007,5,2.500442,2.116215,0.04504682,-7.784068,6.35951,5.961097
78.86,75.38934,5,2.512512,2.191931,0.6862684,-1.044614,6.29203,6.023965
78.88,80.13275,5,2.536769,2.317322,0.7168028,-0.9177008,6.35951,6.091262
78.9,42.83344,5,2.875441,2.480418,20.73208,-1.541629,6.22455,6.07263
78.92,39.14508,5,3.252188,2.647833,15.35803,-6.993325,6.22455,6.087479
78.94,33.87445,5,3.443522,2.720008,9.861844,-11.62427,6.22455,6.0822
78.96,-127.4777,5,3.397872,2.564445,-4.580909,-15.43414,5.27983,5.473296
78.98,-46.06836,5,3.264569,2.253011,-5.680146,-33.80223,5.27983,5.164158
79,55.60815,5,2.803907,1.771036,-27.35954,-36.04887,5.61723,5.17543
79.02,66.59833,5,1.794989,1.232889,-55.13055,-23.88245,5.61723,5.097948
79.04,71.02509,5,1.216851,0.9167328,-2.779382,-12.80501,5.54975,5.030186
79.06,95.43231,5,1.477386,0.9815144,12.25879,-5.842515,5.684711,5.190786
79.08,60.8075,5,1.746251,1.215262,13.99925,0.3194957,5.61723,5.288451
79.1,24.62482,5,2.071551,1.503457,16.90001,-0.224668,5.48227,5.290619
79.12,31.42133,5,2.579197,1.80141,21.43437,-5.90319,5.54975,5.373571
79.14,22.99951,5,2.69766,1.943686,0.1061156,-9.359575,5.54975,5.387166
79.16,36.50702,5,2.621321,1.961167,-4.443504,-12.2118,5.61723,5.395584
79.18,23.71356,5,2.599444,1.92574,-3.619076,-12.68945,5.54975,5.344635
79.2,46.52133,5,2.370485,1.830575,-9.77175,-13.50138,5.61723,5.329995
79.22,116.433,5,2.349023,1.81947,-2.03129,-11.51256,6.02211,5.574786
79.24,74.47421,5,2.215415,1.847524,-5.512208,-2.716924,5.95463,5.637713
79.26,61.48288,5,2.474117,2.030663,13.28169,-2.013867,5.95463,5.706372
79.28,45.26126,5,2.933633,2.272831,20.88475,-4.407236,5.95463,5.780151
79.3,22.09705,5,3.158202,2.428117,9.098484,-8.413243,5.887151,5.765291
79.32,35.47662,5,3.221817,2.471128,1.81604,-13.59804,5.95463,5.770915
79.34,33.31265,5,3.217719,2.427688,-1.115259,-15.67503,5.95463,5.748406
79.36,37.6778,5,3.039271,2.314559,-11.08473,-16.68095,5.95463,5.702926
79.38,31.42471,5,2.922858,2.189786,-5.054192,-16.55065,5.887151,5.62815
79.4,53.04584,5,2.794091,2.080176,-7.038925,-16.64397,5.95463,5.626189
79.42,41.49237,5,2.69967,1.992663,-5.374802,-14.23333,5.887151,5.584063
79.44,58.56299,5,2.649709,1.958668,-1.527473,-13.61337,5.95463,5.611053
79.46,65.01608,5,2.697875,1.981934,0.9763447,-11.61491,6.02211,5.678397
79.48,44.65048,5,2.719401,2.028264,2.579399,-9.7383,5.95463,5.672929
79.5,34.61224,5,2.754896,2.071754,2.457261,-10.6933,5.887151,5.631409
79.52,40.22739,5,2.815647,2.096636,2.655735,-12.53496,5.887151,5.615425
79.54,55.28696,5,2.787738,2.091603,-0.9778546,-13.06038,5.95463,5.640831
79.56,52.42932,5,2.760317,2.08529,-1.451137,-11.79286,5.95463,5.649097
79.58,62.65881,5,2.774843,2.109778,0.9916119,-11.26614,6.02211,5.697198
79.6,33.75833,5,2.775125,2.125156,0.3656577,-9.933432,5.887151,5.637087
79.62,54.21918,5,2.784413,2.144018,0.6557342,-11.97095,5.95463,5.650093
79.64,53.2421,5,2.779477,2.142667,-0.1228922,-11.22839,5.95463,5.653873
79.66,64.96643,5,2.763924,2.156219,0.07558119,-10.75551,6.02211,5.695361
79.68,37.13376,5,2.752425,2.162306,-0.2450293,-9.266704,5.887151,5.632388
79.7,45.69232,5,2.788235,2.178148,1.587032,-11.20764,5.887151,5.608926
79.72,60.73236,5,2.805202,2.18158,0.1213828,-11.65111,5.95463,5.639624
79.74,68.23236,5,2.806828,2.197739,0.8694746,-10.40398,6.02211,5.694573
79.76,38.17624,5,2.804901,2.214918,-0.2450293,-8.865523,5.887151,5.637836
79.78,57.43253,5,2.844142,2.244991,1.800773,-10.98594,5.95463,5.655926
79.8,54.87915,5,2.878438,2.258866,1.022146,-10.55384,5.95463,5.664984
79.82,55.0332,5,2.83639,2.260285,0.01451245,-10.38248,5.95463,5.661269
79.84,43.95099,5,2.849165,2.260278,-0.01602192,-10.31909,5.887151,5.620409
79.86,60.85355,5,2.871037,2.267998,0.6862684,-11.4411,5.95463,5.644856
79.88,69.50211,5,2.861788,2.275654,-0.1228922,-10.41704,6.02211,5.694404
79.9,51.58374,5,2.85629,2.292087,-0.2908313,-8.873365,5.95463,5.675718
79.92,43.26501,5,2.860482,2.304988,0.5183294,-9.697855,5.887151,5.625985
79.94,49.46875,5,2.912212,2.311212,2.380925,-11.25124,5.887151,5.608177
79.96,52.71796,5,2.886269,2.291495,-1.099992,-11.5601,5.887151,5.594657
79.98,65.97415,5,2.877853,2.283471,-0.3060985,-11.38138,5.95463,5.629287
80,61.26807,5,2.872047,2.289639,0.2282531,-9.904883,5.95463,5.645902
80.02,117.1902,-5,2.865543,2.317486,0.07558119,-9.35548,6.02211,5.693747
80.04,91.72241,-5,2.87774,2.388583,0.2282531,-3.385538,5.887151,5.635607
80.06,117.8818,-5,2.869171,2.521582,1.449628,-1.899023,5.95463,5.64578
80.08,106.0689,-5,3.148803,2.734292,17.38857,0.8196735,5.887151,5.638901
80.1,122.0723,-5,3.383663,2.986953,11.96872,0.7178764,5.95463,5.687131
80.12,130.2421,-5,3.639652,3.250075,13.43437,1.487077,6.02211,5.754255
80.14,113.9255,-5,3.835624,3.491832,9.480165,2.188252,5.95463,5.736529
80.16,118.5413,-5,4.099615,3.727563,12.96108,0.1661937,5.95463,5.728471
80.18,-39.18104,-5,4.297756,3.806432,11.25116,-1.675171,5.009911,5.144827
80.2,21.79362,-5,4.32941,3.720329,0.5946653,-18.91555,4.87495,4.77028
80.22,140.8462,-5,4.385161,3.547982,3.861842,-24.13784,5.27983,4.83709
80.24,139.0242,-5,3.965199,3.348637,-19.72595,-14.12657,5.27983,4.820138
80.26,216.0412,-5,3.262462,3.223851,-34.87099,-5.155204,5.61723,4.950985
80.28,203.8032,-5,3.670862,3.474451,18.38093,7.25428,5.684711,5.145801
80.3,167.3931,-5,4.08641,3.923548,18.65574,12.85627,5.61723,5.248029
80.32,166.4359,-5,4.658806,4.440634,40.73209,11.04738,5.684711,5.371926
80.34,121.1395,-5,5.474519,4.96074,38.71682,7.010336,5.54975,5.391853
80.36,176.0367,-5,5.983904,5.381611,25.12902,-1.782753,5.887151,5.588224
80.38,-5.658661,-5,6.032992,5.466249,2.564131,-2.541017,4.94243,5.035221
80.4,120.2168,-5,5.980837,5.397085,-3.512206,-21.07719,5.21235,4.888463
80.42,-23.99292,-5,5.998668,5.089684,2.167185,-21.00083,4.267631,4.231277
80.44,117.7797,-5,5.533333,4.702681,-21.45115,-33.8163,4.53755,4.036428
80.46,222.6385,-5,4.888764,4.270284,-28.99313,-25.60657,4.94243,4.137697
80.48,82.99548,-5,4.60621,4.044455,-23.51221,-8.89207,4.20015,3.763493
80.5,210.5605,-5,3.964067,3.921162,-23.55801,-9.580453,4.53755,3.762571
80.52,36.1936,-5,4.254217,3.923676,11.96872,1.577622,3.525351,3.243534
80.54,184.0177,-5,4.323898,4.048529,5.77024,-8.644554,3.93023,3.289025
80.56,239.2517,-5,4.555089,4.223957,3.953445,-1.038359,4.267631,3.554722
80.58,205.0543,-5,4.39081,4.447577,-0.2297625,10.15973,4.20015,3.62079
80.6,23.02448,-5,5.327418,4.88867,45.51072,10.65525,3.25543,3.204244
80.62,126.8891,-5,5.887606,5.238522,32.71682,-9.113558,3.525351,3.198106
80.64,203.2541,-5,5.975229,5.338287,0.1061156,-11.78089,3.93023,3.390394
80.66,73.86969,-5,5.563263,5.231427,-29.0084,-4.671555,3.25543,2.990937
80.68,164.3809,-5,6.024043,5.339481,17.17482,-14.46278,3.525351,3.032776
80.7,62.83142,-5,5.82653,5.219946,-7.985489,-11.31599,2.918031,2.639861
80.72,187.7433,-5,5.299119,5.020288,-22.04656,-17.54034,3.25543,2.597432
80.74,88.07166,-5,5.333238,4.857561,4.380926,-9.336571,2.64811,2.246626
80.76,177.1609,-5,5.128475,4.781459,-6.993124,-13.16297,2.850551,2.210326
80.78,78.20557,-5,5.244249,4.72676,3.846575,-7.258154,2.243231,1.866896
80.8,187.0438,-5,5.237215,4.757295,0.1213828,-13.14322,2.58063,1.928816
80.82,66.38599,-5,5.281702,4.724788,0.3656577,-6.391177,1.90583,1.565421
80.84,8.491455,-5,5.124625,4.603332,1.739704,-13.77966,1.23103,0.9835051
80.86,135.2279,-5,5.182822,4.449763,0.6862684,-24.53524,1.500951,0.9039025
80.88,54.63245,-5,4.657778,4.097001,-28.84046,-17.24863,0.89363,0.4585752
80.9,247.4491,-5,3.923154,3.81636,-30.65725,-17.78061,1.568431,0.621779
80.92,105.6576,-5,4.107082,3.774768,2.655735,0.5229216,0.89363,0.3871913
80.94,33.89771,-5,3.918478,3.791862,4.045048,-1.244901,0.2188301,-0.1061922
80.96,155.8374,-5,4.402337,3.926529,22.22826,-11.07543,0.5562305,-0.03947994
80.98,102.6443,-5,4.143471,3.870996,-10.94732,-4.441578,0.2188301,-0.2391883
81,199.9215,-5,3.836043,3.863666,-6.122894,-4.204525,0.5562305,-0.1409201
81.02,71.95178,-5,4.028301,3.930107,7.296957,4.934221,-0.1185694,-0.4448592
81.04,6.106445,-5,4.014204,3.940995,3.067949,-2.086792,-0.7933693,-0.9750633
81.06,140.0133,-5,4.57042,4.022739,19.25116,-15.03316,-0.3884897,-0.8916467
81.08,80.39856,-5,4.305097,3.888148,-13.1916,-9.259111,-0.7258892,-1.096131
81.1,51.05457,-5,3.816879,3.668541,-33.26794,-9.934473,-1.13077,-1.477451
81.12,1.303101,-5,4.186008,3.555739,12.93055,-14.75038,-1.670609,-1.891888
81.14,150.725,-5,4.183468,3.455118,-3.771748,-22.70901,-1.13077,-1.739718
81.16,44.03772,-5,3.859581,3.245888,-26.04656,-11.96934,-1.670609,-2.020468
81.18,176.2036,-5,3.300327,3.098425,-26.99313,-13.55032,-1.19825,-1.902799
81.2,50.05786,-5,3.591165,3.108258,10.60994,-2.421101,-1.805569,-2.132904
81.22,154.1923,-5,3.652792,3.253986,2.762605,-7.821779,-1.40069,-1.966089
81.24,-4.525269,-5,4.24581,3.434153,25.72445,-3.122786,-2.142969,-2.260424
81.26,-65.82068,-5,4.370321,3.461478,1.846574,-16.66696,-2.75029,-2.768499
81.28,136.7346,-5,4.179338,3.28378,-5.87862,-30.84899,-2.008009,-2.600802
81.3,-14.64746,-5,4.020555,2.995322,-5.970222,-19.51049,-2.75029,-2.979342
81.32,-63.64331,-5,3.677883,2.698104,-20.77939,-26.37461,-3.357609,-3.533421
81.34,138.8579,-5,3.064243,2.301506,-32.68779,-33.4957,-2.68281,-3.426905
81.36,-0.2286377,-5,2.702321,1.93005,-12.93206,-16.78874,-3.425089,-3.806594
81.38,168.5916,-5,2.537894,1.877535,-13.39007,-18.95802,-2.75029,-3.524157
81.4,27.02148,-5,2.162218,1.773398,-13.89389,-2.280714,-3.425089,-3.804785
81.42,-41.36951,-5,2.468557,1.869342,14.73207,-6.767755,-4.03241,-4.20948
81.44,72.54517,-5,2.742435,1.949242,12.18246,-17.37114,-3.695009,-4.142398
81.46,-115.3058,-5,3.097428,1.922935,17.89238,-14.42416,-4.707209,-4.671125
81.48,68.36768,-5,3.294832,1.944806,4.487797,-31.84652,-4.03241,-4.484287
81.5,-105.5778,-5,3.151348,1.706355,-6.748848,-24.65682,-4.909649,-4.956553
81.52,52.97046,-5,2.87653,1.514936,-16.68778,-36.34889,-4.36981,-4.868955
81.54,-56.18774,-5,2.400846,1.148891,-22.1229,-26.68287,-4.977129,-5.234122
81.56,59.06543,-5,1.867545,0.8734655,-25.48168,-29.38195,-4.639729,-5.216583
81.58,-54.55688,-5,1.574833,0.601718,-9.603811,-18.76521,-5.314529,-5.595086
81.6,-0.5941162,-5,1.450743,0.4764881,-9.817552,-22.77031,-5.314529,-5.724182
81.62,74.33911,-5,1.528539,0.4582,5.938179,-20.06461,-4.977129,-5.526186
81.64,-111.9302,-5,1.515789,0.4340605,-2.443504,-11.0004,-5.92185,-5.974837
81.66,1.880371,-5,1.413064,0.4213902,-7.954957,-23.33455,-5.65193,-6.010431
81.68,64.70862,-5,1.490329,0.3968845,3.632834,-20.09317,-5.314529,-5.795116
81.7,38.08167,-5,1.40671,0.4538225,-5.939688,-11.32012,-5.314529,-5.685375
81.72,21.62415,-5,1.146135,0.5176105,-12.93206,-7.339593,-5.38201,-5.69532
81.74,50.35144,-5,1.177612,0.6355854,9.17482,-6.394158,-5.247049,-5.598661
81.76,20.21448,-5,1.613404,0.8643045,23.93818,-4.341743,-5.314529,-5.529356
81.78,19.54346,-5,1.97226,1.122063,12.42673,-7.203613,-5.247049,-5.425952
81.8,-9.357666,-5,2.303085,1.322917,13.26643,-10.30408,-5.314529,-5.408587
81.82,-10.69348,-5,2.364158,1.39385,3.129017,-15.48556,-5.314529,-5.429215
81.84,-4.85791,-5,2.217141,1.317735,-7.527474,-18.55905,-5.314529,-5.482615
81.86,1.636963,-5,2.113561,1.198286,-6.611444,-19.66618,-5.314529,-5.52436
81.88,7.960205,-5,1.932161,1.059472,-9.313735,-19.14338,-5.314529,-5.560213
81.9,26.60083,-5,1.702555,0.9281358,-11.57328,-17.36715,-5.247049,-5.551025
81.92,14.31042,-5,1.581088,0.8446237,-4.138161,-13.92916,-5.314529,-5.582156
81.94,17.15869,-5,1.606262,0.8409899,1.037414,-12.98122,-5.314529,-5.574157
81.96,14.94141,-5,1.681054,0.8768415,4.258789,-12.31506,-5.314529,-5.551891
81.98,11.21985,-5,1.755958,0.9282105,3.235888,-12.34929,-5.314529,-5.530909
82,10.14478,-5,1.731676,0.9500577,-1.558007,-12.66365,-5.314529,-5.528146
82.02,10.38208,-5,1.729684,0.9579358,-0.4435031,-12.97193,-5.314529,-5.528324
82.04,-1.008789,-5,1.73157,0.9511378,-0.2908313,-13.18324,-5.38201,-5.568294
82.06,4.070679,-5,1.740897,0.9377837,0.5793981,-14.50509,-5.38201,-5.584187
82.08,16.58862,-5,1.767588,0.9292495,0.7778715,-14.93331,-5.314529,-5.546136
82.1,-0.4842529,-5,1.75114,0.9129384,-1.298465,-13.92827,-5.38201,-5.570856
82.12,2.700928,-5,1.732831,0.8976265,-1.115259,-14.93124,-5.38201,-5.583572
82.14,15.07788,-5,1.743101,0.8860935,0.2740546,-15.28554,-5.314529,-5.546476
82.16,-2.235474,-5,1.739391,0.8723793,-0.183961,-14.28918,-5.38201,-5.569648
82.18,-0.3312988,-5,1.764364,0.8701329,0.7015356,-15.46935,-5.38201,-5.576543
82.2,11.86707,-5,1.7533,0.8567889,-0.7335792,-15.99905,-5.314529,-5.542137
82.22,6.772217,-5,1.732132,0.8421879,-1.176328,-15.05308,-5.314529,-5.529038
82.24,4.841309,-5,1.70819,0.8341241,-1.252663,-14.86808,-5.314529,-5.525118
82.26,3.272461,-5,1.730997,0.8352917,0.8847416,-15.02249,-5.314529,-5.519665
82.28,14.36536,-5,1.705872,0.8322459,-0.4129688,-15.1769,-5.247049,-5.480553
82.3,-3.525635,-5,1.727288,0.8329741,0.5641309,-14.2618,-5.314529,-5.500197
82.32,-1.041748,-5,1.724993,0.8308722,-0.1381594,-15.46011,-5.314529,-5.510366
82.34,11.62207,-5,1.719604,0.8198974,-0.4282355,-15.9608,-5.247049,-5.476256
82.36,-5.222656,-5,1.714554,0.8044378,-0.1992282,-15.02719,-5.314529,-5.501426
82.38,-2.575562,-5,1.720235,0.7954026,0.1213828,-16.1357,-5.314529,-5.511559
82.4,-1.668457,-5,1.713883,0.7730877,-0.04655629,-16.58352,-5.314529,-5.517502
82.42,-1.63855,-5,1.705924,0.7497073,-0.1534266,-16.7669,-5.314529,-5.520332
82.44,-1.839722,-5,1.689446,0.7263218,-0.03128911,-16.83557,-5.314529,-5.522455
82.46,-3.115601,-5,1.713621,0.7156357,0.07558119,-16.98947,-5.314529,-5.518779
82.48,-16.14917,-5,1.720614,0.6978379,0.09084838,-17.27567,-5.38201,-5.557202
82.5,0.1005859,-5,1.706286,0.6751105,-0.0007547362,-18.71307,-5.314529,-5.536789
82.52,-15.10461,-5,1.69244,0.6390748,-0.2144953,-18.00777,-5.38201,-5.569429
82.54,-11.02393,-5,1.655849,0.603084,-3.191595,-18.96068,-5.38201,-5.587111
82.56,14.13855,-5,1.621131,0.5752307,-2.397702,-19.01575,-5.247049,-5.515741
82.58,-7.121704,-5,1.574107,0.5531943,-2.122893,-16.38506,-5.314529,-5.525705
82.6,-4.170166,-5,1.492702,0.5373108,-3.558008,-16.52149,-5.314529,-5.536417
82.62,-3.253784,-5,1.512938,0.5340592,1.831307,-16.38047,-5.314529,-5.533746
82.64,-3.834473,-5,1.524054,0.5378736,-1.252663,-16.23234,-5.314529,-5.527756
82.66,7.63562,-5,1.499613,0.5428797,-0.1228922,-16.08558,-5.247049,-5.485907
82.68,-9.72876,-5,1.507623,0.5505984,0.1977187,-14.88408,-5.314529,-5.504299
82.7,-6.454468,-5,1.489881,0.5542849,-0.2450293,-15.78342,-5.314529,-5.513999
82.72,5.601929,-5,1.529059,0.5652908,0.9000088,-16.15366,-5.247049,-5.471775
82.74,-22.49817,-5,1.496793,0.5502145,-1.695411,-15.12487,-5.38201,-5.537924
82.76,-1.005005,-5,1.452013,0.529712,-1.924419,-17.10601,-5.314529,-5.531536
82.78,-2.78064,-5,1.467152,0.5094289,1.129017,-16.29655,-5.314529,-5.522999
82.8,7.77417,-5,1.437099,0.5055762,-2.107625,-15.81798,-5.247049,-5.478544
82.82,-20.5675,-5,1.3962,0.4900275,-2.000756,-14.35052,-5.38201,-5.541914
82.84,-1.487793,-5,1.441107,0.5004492,2.197719,-16.36889,-5.314529,-5.520977
82.86,-3.495361,-5,1.408697,0.4836091,-2.107625,-15.66633,-5.314529,-5.515551
82.88,-3.755005,-5,1.371618,0.4706203,-0.4740371,-15.28214,-5.314529,-5.514752
82.9,-16.85864,-5,1.419727,0.4728591,1.129017,-15.24421,-5.38201,-5.545316
82.92,-1.068481,-5,1.415696,0.4712078,-0.9167854,-16.50476,-5.314529,-5.519073
82.94,-16.63208,-5,1.417075,0.4556894,0.3961921,-15.77647,-5.38201,-5.547332
82.96,-1.007324,-5,1.386362,0.442934,-0.5809073,-16.74152,-5.314529,-5.522385
82.98,6.19165,-5,1.401112,0.4441345,-0.1992282,-15.83002,-5.247049,-5.46665
83,-13.03503,-5,1.38965,0.4502891,-0.8709843,-14.49323,-5.314529,-5.482379
83.02,-22.62378,-5,1.399071,0.4522995,1.006879,-15.61103,-5.38201,-5.52942
83.04,-16.0542,-5,1.389284,0.4275668,-0.5045714,-17.28498,-5.38201,-5.553464
83.06,-12.92493,-5,1.359703,0.3845403,-1.64961,-17.63058,-5.38201,-5.566774
83.08,11.94739,-5,1.311085,0.3565314,-3.893886,-17.33312,-5.247049,-5.49344
83.1,-20.53503,-5,1.247616,0.3272472,-3.11526,-14.46658,-5.38201,-5.543921
83.12,9.8573,-5,1.221408,0.3338014,-0.2144953,-15.71403,-5.247049,-5.48313
83.14,-10.98352,-5,1.270631,0.3491147,1.739704,-13.66051,-5.314529,-5.486225
83.16,-9.120972,-5,1.232216,0.3609517,-1.451137,-14.2786,-5.314529,-5.491837
83.18,-21.40662,-5,1.309353,0.3747747,3.312223,-14.78365,-5.38201,-5.524559
83.2,-16.24109,-5,1.287748,0.3605338,-1.374801,-16.2853,-5.38201,-5.544166
83.22,-2.151978,-5,1.270112,0.3367922,0.06031401,-16.67322,-5.314529,-5.514224
83.24,-6.398804,-5,1.240298,0.3175554,-2.382435,-15.41132,-5.314529,-5.501399
83.26,-7.856079,-5,1.205651,0.3095443,-1.832817,-14.89343,-5.314529,-5.496604
83.28,-9.302979,-5,1.231019,0.3173845,1.358024,-14.78604,-5.314529,-5.488444
83.3,-10.01782,-5,1.218021,0.3185027,-0.7030448,-14.81872,-5.314529,-5.486078
83.32,-22.01746,-5,1.220025,0.3102908,0.3351234,-14.94611,-5.38201,-5.524746
83.34,5.726318,-5,1.236428,0.314346,-0.4740371,-16.24841,-5.247049,-5.45824
83.36,-15.55127,-5,1.246416,0.3127179,0.1824515,-14.37131,-5.314529,-5.467147
83.38,-13.73254,-5,1.211773,0.3111346,-1.481671,-15.16697,-5.314529,-5.47582
83.4,-24.31177,-5,1.212523,0.2921062,1.480162,-15.53814,-5.38201,-5.520282
83.42,-18.87268,-5,1.214528,0.2670345,-1.115259,-16.8607,-5.38201,-5.538965
83.44,-17.04248,-5,1.206366,0.233608,0.1519171,-17.16164,-5.38201,-5.546792
83.46,-5.344727,-5,1.196712,0.2136663,-1.023656,-17.12393,-5.314529,-5.508196
83.48,-10.16345,-5,1.141728,0.1936085,-2.24503,-15.73829,-5.314529,-5.495365
83.5,-12.3623,-5,1.136778,0.1945922,-0.183961,-15.29711,-5.314529,-5.486739
83.52,-25.18286,-5,1.138383,0.1916874,-0.550373,-15.26023,-5.38201,-5.521889
83.54,-8.900757,-5,1.13822,0.1883626,0.1977187,-16.50538,-5.314529,-5.496762
83.56,-0.4786377,-5,1.11282,0.1811467,-1.069457,-15.57523,-5.247049,-5.447036
83.58,-6.796021,-5,1.080117,0.1859376,-1.405335,-14.0038,-5.247049,-5.425952
83.6,-10.41455,-5,1.118128,0.2163811,1.892376,-13.73377,-5.247049,-5.409447
83.62,-12.19189,-5,1.125807,0.238173,-0.2908313,-13.94667,-5.247049,-5.402792
83.64,-23.66382,-5,1.102739,0.2327645,-0.04655629,-14.21391,-5.314529,-5.445285
83.66,-18.11646,-5,1.110297,0.2191692,0.01451245,-15.57408,-5.314529,-5.463128
83.68,-15.73914,-5,1.093585,0.1907459,-0.6114421,-15.85735,-5.314529,-5.472054
83.7,-3.420776,-5,1.078155,0.1737057,-1.023656,-15.73067,-5.247049,-5.434263
83.72,-20.87256,-5,1.081233,0.1658694,0.3351234,-14.4436,-5.314529,-5.454199
83.74,-18.37036,-5,1.079546,0.1646841,0.1366499,-15.35273,-5.314529,-5.462244
83.76,-17.71228,-5,1.088429,0.1548837,0.04504682,-15.73252,-5.314529,-5.464818
83.78,-29.50928,-5,1.090663,0.1354882,-0.04655629,-15.95366,-5.38201,-5.505838
83.8,-24.44153,-5,1.083226,0.1083348,-0.04655629,-17.26951,-5.38201,-5.524855
83.82,-11.28101,-5,1.081522,0.08291897,-0.04655629,-17.60096,-5.314529,-5.491714
83.84,-27.89575,-5,1.056641,0.05548638,-2.183961,-16.43968,-5.38201,-5.518358
83.86,-12.28345,-5,1.004919,0.03457305,-2.687778,-17.155,-5.314529,-5.494264
83.88,-17.12231,-5,1.038327,0.03152522,1.174818,-16.16829,-5.314529,-5.475895
83.9,-7.840698,-5,1.014631,0.03980325,-1.16106,-15.90447,-5.247049,-5.429068
83.92,-14.75696,-5,1.032967,0.05952848,1.052681,-14.85883,-5.247049,-5.405309
83.94,-17.51257,-5,1.024003,0.07776242,-0.7641136,-14.83883,-5.247049,-5.397156
83.96,-19.24231,-5,1.060408,0.0967381,1.129017,-15.22846,-5.247049,-5.390561
83.98,-30.87903,-5,1.033371,0.08541892,-0.7946484,-15.5962,-5.314529,-5.434383
84,-25.57495,-5,1.045093,0.06717964,0.4877952,-17.05556,-5.314529,-5.452918
84.02,-11.98401,-5,1.034349,0.04328212,-0.5809073,-17.42593,-5.247049,-5.421446
84.04,-28.65649,-5,1.025913,0.02142468,-0.8709843,-16.30158,-5.314529,-5.446669
84.06,-13.38367,-5,0.9857368,0.006692648,-1.680145,-17.08574,-5.247049,-5.421026
84.08,-40.37048,-5,0.9765069,-0.02131885,-0.01602192,-16.08427,-5.38201,-5.489674
84.1,-31.46106,-5,0.9698297,-0.04723063,-0.8099151,-18.12721,-5.38201,-5.519176
84.12,-28.11133,-5,0.9635579,-0.08762252,0.1671843,-18.55815,-5.38201,-5.531301
84.14,-15.60974,-5,0.9410916,-0.1158957,-2.535107,-18.40902,-5.314529,-5.495241
84.16,-18.77417,-5,0.8306076,-0.1539043,-4.641977,-16.67967,-5.314529,-5.489091
84.18,-20.26843,-5,0.8307536,-0.1556715,0.8084057,-15.85957,-5.314529,-5.478978
84.2,-21.73657,-5,0.8416951,-0.1431099,-0.550373,-15.50532,-5.314529,-5.469077
84.22,-10.86487,-5,0.8324764,-0.125882,0.1061156,-15.36219,-5.247049,-5.423832
84.24,-28.54968,-5,0.8482941,-0.1086695,0.5946653,-14.24872,-5.314529,-5.440814
84.26,-25.46411,-5,0.840169,-0.09774768,0.2282531,-15.27026,-5.314529,-5.449812
84.28,-24.63184,-5,0.8683481,-0.09499446,0.3656577,-15.72766,-5.314529,-5.450438
84.3,-35.99524,-5,0.8600625,-0.109902,-0.2144953,-15.94457,-5.38201,-5.492375
84.32,-7.841675,-5,0.8702541,-0.1125945,0.1213828,-17.22124,-5.247049,-5.427901
84.34,-39.94031,-5,0.8553633,-0.1325374,-0.7183124,-15.22696,-5.38201,-5.480916
84.36,-21.56604,-5,0.8518519,-0.1349876,0.4267263,-17.11711,-5.314529,-5.463318
84.38,-36.8877,-5,0.8900085,-0.1476019,0.3961921,-16.66785,-5.38201,-5.491013
84.4,-20.81946,-5,0.8340064,-0.169704,-2.122893,-17.70827,-5.314529,-5.470512
84.42,-36.81104,-5,0.8641784,-0.1868728,1.235887,-16.90554,-5.38201,-5.495952
84.44,-33.07153,-5,0.8244631,-0.2107365,-1.924419,-17.86065,-5.38201,-5.511831
84.46,-20.4021,-5,0.8333324,-0.2268079,0.7626044,-18.12273,-5.314529,-5.475625
84.48,-13.91699,-5,0.8052328,-0.2325191,-1.802282,-16.90248,-5.247049,-5.420393
84.5,-33.38196,-5,0.8018917,-0.224524,0.2893218,-15.46138,-5.314529,-5.434534
84.52,-43.44226,-5,0.8246269,-0.2163078,0.5335966,-16.57911,-5.38201,-5.479086
84.54,-26.95557,-5,0.8714898,-0.2140936,2.106116,-18.46756,-5.314529,-5.455022
84.56,-41.66211,-5,0.8414973,-0.2449287,-2.367168,-17.97948,-5.38201,-5.490866
84.58,-13.31299,-5,0.7848836,-0.269611,-2.351901,-18.90567,-5.247049,-5.432077
84.6,-22.25171,-5,0.7820696,-0.2789088,0.4114593,-16.65143,-5.247049,-5.40229
84.62,-37.15283,-5,0.737377,-0.2813623,-2.13816,-15.94382,-5.314529,-5.432614
84.64,-33.61401,-5,0.765649,-0.2762288,1.92291,-17.07644,-5.314529,-5.441405
84.66,-33.27051,-5,0.7996089,-0.2772756,0.6710012,-17.58307,-5.314529,-5.441298
84.68,-44.04077,-5,0.7524762,-0.3068901,-1.298465,-17.75209,-5.38201,-5.488647
84.7,-26.99719,-5,0.760097,-0.3263348,-0.2297625,-18.95461,-5.314529,-5.466336
84.72,-19.26904,-5,0.7576202,-0.3365714,0.09084838,-17.99934,-5.247049,-5.413789
84.74,-37.86279,-5,0.7263087,-0.342099,-2.077091,-16.51372,-5.314529,-5.432712
84.76,-34.28296,-5,0.6811571,-0.3516577,-0.8862511,-17.25882,-5.314529,-5.445992
84.78,-45.68604,-5,0.740886,-0.3567597,1.739704,-17.61721,-5.38201,-5.482851
84.8,-28.67871,-5,0.7119316,-0.3743059,-1.817549,-18.88408,-5.314529,-5.462794
84.82,-43.65332,-5,0.7089988,-0.4000682,0.1366499,-18.02308,-5.38201,-5.492977
84.84,-17.36133,-5,0.7156262,-0.3986868,-0.3060985,-18.94292,-5.247049,-5.42226
84.86,-26.89917,-5,0.692195,-0.3991136,-0.8251827,-16.82187,-5.247049,-5.39263
84.88,-42.37476,-5,0.6796607,-0.3894572,0.1671843,-16.37122,-5.314529,-5.42034
84.9,-50.14404,-5,0.6898408,-0.3940224,-0.04655629,-17.69574,-5.38201,-5.472969
84.92,-42.46802,-5,0.6630943,-0.4287471,-0.962587,-19.26428,-5.38201,-5.500835
84.94,-26.77112,-5,0.610403,-0.4736854,-3.359534,-19.32405,-5.314529,-5.47645
84.96,-28.73633,-5,0.5091181,-0.5193332,-4.977856,-17.43961,-5.314529,-5.471641
84.98,-28.86841,-5,0.4614576,-0.5354506,-1.695411,-16.23266,-5.314529,-5.466162
85,-29.67395,-5,0.4716965,-0.524577,0.5641309,-15.48058,-5.314529,-5.454862
85.02,-42.07776,-5,0.47218,-0.5145786,0.07558119,-15.08834,-5.38201,-5.486449
85.04,-14.73206,-5,0.5037908,-0.4863967,0.7473372,-16.13408,-5.247049,-5.413298
85.06,-35.26245,-5,0.4879687,-0.4753399,-0.7488468,-14.03458,-5.314529,-5.422276
85.08,-33.26428,-5,0.4793999,-0.4564842,0.1977187,-14.69055,-5.314529,-5.426075
85.1,-33.28918,-5,0.5277058,-0.438453,2.014513,-15.08275,-5.314529,-5.421365
85.12,-21.71326,-5,0.5156318,-0.42842,-0.8251827,-15.27817,-5.247049,-5.381134
85.14,-39.22668,-5,0.5373011,-0.4188492,1.037414,-14.33902,-5.314529,-5.400531
85.16,-36.08374,-5,0.5244493,-0.4169364,-0.2908313,-15.44465,-5.314529,-5.411891
85.18,-35.51599,-5,0.5605306,-0.4193142,1.403826,-15.98071,-5.314529,-5.412902
85.2,-35.15344,-5,0.5354463,-0.4359875,-1.023656,-16.19612,-5.314529,-5.417241
85.22,-35.96375,-5,0.5646486,-0.4422074,0.7626044,-16.40505,-5.314529,-5.41448
85.24,-48.30005,-5,0.5574821,-0.4610883,-0.3671672,-16.63092,-5.38201,-5.45529
85.26,-20.55176,-5,0.5644246,-0.4687628,0.2587874,-18.00327,-5.247049,-5.391883
85.28,-41.44824,-5,0.557193,-0.4840249,-0.3824344,-16.11598,-5.314529,-5.404675
85.3,-39.16296,-5,0.5083541,-0.4978999,-2.077091,-16.81989,-5.314529,-5.416365
85.32,-27.44824,-5,0.5458623,-0.4971164,2.197719,-17.15863,-5.247049,-5.375269
85.34,-44.53101,-5,0.5240411,-0.5081925,-1.43587,-16.15618,-5.314529,-5.400318
85.36,-41.31042,-5,0.5146233,-0.5174578,0.304589,-17.19056,-5.314529,-5.412643
85.38,-40.31274,-5,0.5235572,-0.5336339,-0.0007547362,-17.58149,-5.314529,-5.416896
85.4,-39.87695,-5,0.5004274,-0.5560735,-0.8251827,-17.6651,-5.314529,-5.420998
85.42,-39.67957,-5,0.4830152,-0.5768167,-1.130526,-17.62178,-5.314529,-5.423223
85.44,-39.52197,-5,0.4607218,-0.5960965,-1.588542,-17.50163,-5.314529,-5.424882
85.46,-27.78601,-5,0.4390471,-0.6050912,-0.9778546,-17.31088,-5.247049,-5.38527
85.48,-56.4718,-5,0.4302081,-0.6183405,0.2740546,-16.02373,-5.38201,-5.447073
85.5,-36.49255,-5,0.4246286,-0.6237034,-0.1534266,-18.02622,-5.314529,-5.433543
85.52,-49.43518,-5,0.394087,-0.6567895,-2.474038,-17.25424,-5.38201,-5.470702
85.54,-20.19629,-5,0.3243436,-0.6798437,-3.863351,-17.76624,-5.247049,-5.411012
85.56,-40.44409,-5,0.3259605,-0.687004,0.4419934,-15.18461,-5.314529,-5.418105
85.58,-39.27344,-5,0.3231008,-0.6711197,0.7626044,-15.51443,-5.314529,-5.417524
85.6,-51.1936,-5,0.3571473,-0.6629945,0.4419934,-15.75231,-5.38201,-5.452748
85.62,-34.59656,-5,0.3581692,-0.661924,-0.2908313,-17.09031,-5.314529,-5.428387
85.64,-38.10571,-5,0.3578479,-0.6682711,-0.9167854,-16.29904,-5.314529,-5.416896
85.66,-38.7251,-5,0.3080606,-0.6783478,-1.374801,-15.9651,-5.314529,-5.416655
85.68,-39.61865,-5,0.3356722,-0.6729281,1.067948,-15.90164,-5.314529,-5.410413
85.7,-39.84961,-5,0.312702,-0.6761187,-1.054191,-15.87327,-5.314529,-5.409992
85.72,-40.54956,-5,0.3345072,-0.6721871,1.022146,-15.95293,-5.314529,-5.405746
85.74,-40.8551,-5,0.3213641,-0.6756459,-0.4893047,-16.03349,-5.314529,-5.405433
85.76,-52.66919,-5,0.3215801,-0.6876254,0.5488637,-16.1455,-5.38201,-5.445232
85.78,-36.22766,-5,0.3295418,-0.695839,-0.2908313,-17.41573,-5.314529,-5.420879
85.8,-40.35107,-5,0.3389624,-0.7049929,-0.3824344,-16.63056,-5.314529,-5.407897
85.82,-53.3866,-5,0.3049148,-0.7215848,-1.527473,-16.44335,-5.38201,-5.446368
85.84,-25.78906,-5,0.3171152,-0.7204173,0.7626044,-17.62909,-5.247049,-5.37993
85.86,-35.09753,-5,0.309426,-0.7191676,-0.9931214,-15.60447,-5.247049,-5.350228
85.88,-38.4574,-5,0.274836,-0.7078123,-2.000756,-15.09431,-5.247049,-5.340536
85.9,-64.28467,-5,0.3410002,-0.6940321,2.915277,-15.37192,-5.38201,-5.409023
85.92,-54.75122,-5,0.3418675,-0.708904,-0.6267089,-18.16604,-5.38201,-5.443389
85.94,-38.4613,-5,0.3099416,-0.7519482,-0.4893047,-18.91827,-5.314529,-5.423705
85.96,-40.60144,-5,0.229211,-0.8009434,-3.893886,-17.50366,-5.314529,-5.42134
85.98,-39.30798,-5,0.1187853,-0.8442671,-6.779382,-16.41538,-5.314529,-5.427513
86,-36.14551,-5,0.005809741,-0.8850331,-4.168695,-15.18155,-5.314529,-5.435608
86.02,-36.31555,-5,0.05495492,-0.8749499,2.457261,-14.20895,-5.314529,-5.421367
86.04,-36.36121,-5,0.01257387,-0.8652987,-1.771747,-13.43501,-5.314529,-5.414949
86.06,-36.63306,-5,0.02543168,-0.8430573,1.251154,-12.96594,-5.314529,-5.405674
86.08,-37.43506,-5,0.05023053,-0.8144639,-0.4740371,-12.76199,-5.314529,-5.395509
86.1,-37.59827,-5,0.04339778,-0.7952137,-0.03128911,-12.68055,-5.314529,-5.391018
86.12,-37.26855,-5,0.03791176,-0.7827364,0.1671843,-12.62074,-5.314529,-5.388538
86.14,-37.01758,-5,0.03870323,-0.7728173,-0.04655629,-12.54745,-5.314529,-5.38561
86.16,-37.28149,-5,0.05240528,-0.7610489,-0.1686933,-12.51787,-5.314529,-5.380885
86.18,-37.44189,-5,0.04931254,-0.7540963,-0.0007547362,-12.51318,-5.314529,-5.378346
86.2,-49.09399,-5,0.04942288,-0.7575824,0.2129859,-12.55113,-5.38201,-5.41691
86.22,-43.72424,-5,0.0473372,-0.7693418,0.2129859,-13.74465,-5.38201,-5.433662
86.24,-18.3916,-5,0.03784694,-0.7761986,-0.1381594,-13.90865,-5.247049,-5.359544
86.26,-28.80847,-5,0.03304306,-0.7661354,-0.1228922,-11.44703,-5.247049,-5.323639
86.28,-57.32727,-5,0.06193671,-0.7418479,2.564131,-11.02394,-5.38201,-5.383727
86.3,-39.75745,-5,0.1758995,-0.7028216,5.617568,-13.98358,-5.314529,-5.359028
86.32,-56.15613,-5,0.2396738,-0.6991411,1.968712,-14.40987,-5.38201,-5.387715
86.34,-51.94702,-5,0.1952129,-0.7303115,-1.710679,-16.20507,-5.38201,-5.412886
86.36,-50.70459,-5,0.2216452,-0.7669033,0.5641309,-17.06403,-5.38201,-5.422869
86.38,-26.78809,-5,0.1727663,-0.8014871,-2.504572,-17.30082,-5.247049,-5.353217
86.4,-37.96179,-5,0.1714772,-0.811891,0.8389403,-15.04991,-5.247049,-5.320155
86.42,-43.64453,-5,0.1851504,-0.7940603,0.4419934,-14.74704,-5.247049,-5.303607
86.44,-46.94348,-5,0.2224163,-0.7746083,2.02978,-15.25242,-5.247049,-5.295306
86.46,-71.82117,-5,0.2396554,-0.7852364,-0.01602192,-16.03371,-5.38201,-5.375963
86.48,-49.80847,-5,0.2311497,-0.8175368,0.2587874,-19.01242,-5.314529,-5.377316
86.5,-51.19336,-5,0.2298145,-0.8655777,-1.405335,-18.76094,-5.314529,-5.379034
86.52,-61.40405,-5,0.1093604,-0.9369168,-6.214497,-18.36236,-5.38201,-5.43415
86.54,-31.8728,-5,0.08204119,-0.9759583,-0.4740371,-18.99266,-5.247049,-5.37512
86.56,-63.94495,-5,0.06739645,-1.008151,-1.695411,-16.43424,-5.38201,-5.425458
86.58,-55.89783,-5,-0.005513319,-1.036958,-3.161061,-17.73844,-5.38201,-5.453475
86.6,-42.52991,-5,0.05551525,-1.041844,2.533597,-17.96828,-5.314529,-5.413103
86.62,-35.50342,-5,0.0007219422,-1.046313,-3.145794,-16.56315,-5.247049,-5.35912
86.64,-40.70044,-5,-0.09053531,-1.049797,-3.588542,-14.61867,-5.247049,-5.343115
86.66,-54.70166,-5,-0.06201266,-1.027616,1.602299,-13.97832,-5.314529,-5.367655
86.68,-270.7264,-5,-0.03514621,-1.157423,0.7626044,-15.53434,-6.596649,-6.146257
86.7,53.6441,-5,-0.02427005,-1.26287,0.7320697,-37.91385,-5.314529,-5.725283
86.72,2.910156,-5,-0.0414749,-1.400477,-1.496938,-19.88005,-5.247049,-5.484097
86.74,-44.81476,-5,-0.08716558,-1.300663,-10.06183,-12.99999,-5.314529,-5.400746
86.76,-46.16895,-5,-0.3871595,-1.261292,-12.94732,-12.25672,-5.314529,-5.407147
86.78,-98.44067,-5,-0.01427289,-1.152028,23.89238,-13.25262,-5.58445,-5.521061
86.8,-102.4117,-5,0.4064173,-1.02906,19.69391,-20.63345,-5.65193,-5.5725
86.82,-96.09497,-5,0.4556667,-1.051103,4.869476,-26.08697,-5.65193,-5.618505
86.84,-94.17096,-5,0.497227,-1.133172,0.4267263,-29.21704,-5.65193,-5.651283
86.86,-88.21045,-5,0.24602,-1.3048,-11.52748,-30.26897,-5.65193,-5.707372
86.88,-72.9422,-5,-0.2815938,-1.572562,-27.97023,-28.59644,-5.65193,-5.792411
86.9,-40.23956,-5,-0.8784004,-1.859201,-32.9168,-23.90784,-5.58445,-5.832867
86.92,-35.06183,-5,-1.462321,-2.107497,-29.03893,-15.54075,-5.65193,-5.911559
86.94,-18.55725,-5,-1.695862,-2.189765,5.251155,-8.663554,-5.65193,-5.91082
86.96,-84.15723,-5,-1.226389,-2.025894,23.78551,-4.126054,-5.989328,-5.999492
86.98,94.72821,-5,-0.6592674,-1.62368,21.75498,-9.257135,-4.977129,-5.347939
87,-57.24304,-5,-0.1174092,-1.203434,28.16719,3.459762,-5.314529,-5.212814
87.02,-73.30188,-5,0.136916,-0.8129804,9.144286,-4.348511,-5.314529,-5.169428
87.04,-78.27991,-5,0.3852513,-0.6266065,14.10612,-11.96181,-5.314529,-5.1777
87.06,-79.75958,-5,0.5441332,-0.5847302,8.487798,-18.04513,-5.314529,-5.204999
87.08,-66.08899,-5,0.5060001,-0.6575452,-5.634344,-22.08575,-5.247049,-5.211834
87.1,-84.79346,-5,0.169454,-0.8673843,-19.57328,-22.31574,-5.38201,-5.353242
87.12,-34.98773,-5,-0.3692318,-1.151944,-27.48168,-22.50033,-5.247049,-5.394833
87.14,-45.63477,-5,-0.872781,-1.446821,-24.26031,-15.94248,-5.38201,-5.522731
87.16,-27.58673,-5,-1.043024,-1.585464,-3.527473,-12.09777,-5.38201,-5.54999
87.18,-30.25549,-5,-0.7829937,-1.523657,12.64047,-8.596494,-5.38201,-5.487634
87.2,-44.44427,-5,-0.4277585,-1.335704,18.3504,-7.742156,-5.38201,-5.402014
87.22,-106.814,-5,-0.07436476,-1.151804,17.69391,-9.90217,-5.65193,-5.496006
87.24,-95.03192,-5,0.0927984,-1.07128,7.785507,-18.19273,-5.65193,-5.548209
87.26,-89.56415,-5,0.1404752,-1.121013,-0.3824344,-22.65268,-5.65193,-5.592415
87.28,-72.151,-5,-0.003348682,-1.249755,-9.466407,-24.55851,-5.58445,-5.602771
87.3,-79.64453,-5,-0.3084472,-1.441884,-16.47404,-23.07495,-5.65193,-5.68493
87.32,7.095642,-5,-0.7451349,-1.620834,-22.44351,-21.23355,-5.247049,-5.51611
87.34,-19.63129,-5,-1.184974,-1.768116,-19.61908,-9.795524,-5.314529,-5.502064
87.36,140.1985,-5,-1.170731,-1.596111,3.861842,-4.617128,-4.36981,-4.881979
87.38,-151.059,-5,-0.979082,-1.380441,15.67864,13.85817,-5.58445,-5.28765
87.4,48.18524,-5,-0.3357771,-0.914415,32.4878,-5.156432,-4.707209,-4.868841
87.42,-77.75867,-5,0.4825903,-0.5550174,46.1672,-0.47648,-5.044609,-4.82388
87.44,-83.28845,-5,1.116286,-0.1892674,32.18246,-12.24628,-4.977129,-4.744125
87.46,-96.70038,-5,1.311121,-0.09319669,8.090851,-21.27145,-4.977129,-4.765134
87.48,-47.29822,-5,1.130382,-0.2062453,-14.2145,-27.92357,-4.707209,-4.694249
87.5,-212.5059,-5,0.5541328,-0.6184312,-31.08473,-25.78195,-5.65193,-5.328946
87.52,-72.7019,-5,-0.1384606,-1.131497,-36.58092,-38.62365,-5.38201,-5.525812
87.54,-26.6955,-5,-0.9100893,-1.728043,-39.13054,-30.35947,-5.314529,-5.618912
87.56,-4.634521,-5,-1.70918,-2.162025,-41.58855,-17.55164,-5.314529,-5.673094
87.58,25.89893,-5,-2.310245,-2.376484,-13.2374,-4.768975,-5.247049,-5.637848
87.6,157.3533,-5,-1.608752,-1.988594,36.57941,4.764918,-4.36981,-4.917064
87.62,-4.696716,-5,-0.8604332,-1.338203,40.68628,21.71312,-4.707209,-4.682833
87.64,-96.66235,-5,0.3922395,-0.4990698,66.35041,12.23683,-4.977129,-4.628084
87.66,-115.0341,-5,1.50084,0.1221136,50.53362,-7.042562,-4.977129,-4.574915
87.68,-186.6084,-5,2.024324,0.3100275,24.83895,-23.56163,-5.314529,-4.81299
87.7,-102.9101,-5,1.63183,0.04052392,-28.9626,-40.33131,-5.044609,-4.905683
87.72,-6.170593,-5,0.482373,-0.5895733,-61.83284,-38.98156,-4.639729,-4.881272
87.74,-164.2106,-5,-0.9470254,-1.411803,-71.83284,-23.90973,-5.65193,-5.609594
87.76,171.7891,-5,-2.13842,-1.993157,-54.9626,-25.37938,-4.36981,-5.21099
87.78,-112.2076,-5,-1.989946,-2.211627,17.40383,6.630918,-5.65193,-5.649426
87.8,109.331,-5,-1.807199,-1.928248,9.037416,-1.110152,-4.707209,-5.172718
87.82,2.018921,-5,-1.499939,-1.622953,17.92292,15.06982,-4.977129,-5.057394
87.84,-8.86731,-5,-1.211491,-1.194404,9.785508,13.99332,-4.977129,-4.965492
87.86,-14.35107,-5,-0.9555107,-0.8679513,16.91528,11.37273,-4.977129,-4.915593
87.88,142.0865,-5,-0.166469,-0.3619616,40.33514,6.828203,-3.96493,-4.207796
87.9,45.49469,-5,0.1896713,0.09767582,25.81605,18.41023,-3.96493,-3.893294
87.92,-226.4804,-5,0.445044,0.377302,17.40383,14.92847,-5.314529,-4.591935
87.94,-144.6537,-5,1.220216,0.5117629,38.80842,-17.44289,-5.314529,-4.876562
87.96,-126.7076,-5,1.914014,0.3804415,30.90002,-32.94396,-5.314529,-4.986564
87.98,-74.11139,-5,2.182197,0.177933,10.06032,-42.2511,-4.977129,-4.854723
88,-46.62152,-5,2.023003,-0.07892936,-19.31374,-42.54147,-4.639729,-4.659615
88.02,-265.6145,5,0.7797952,-0.7063295,-67.02368,-36.20296,-5.58445,-5.327236
88.04,-101.8732,5,-0.581156,-1.528629,-73.20689,-49.47642,-5.247049,-5.566334
88.06,-25.65143,5,-1.749288,-2.408251,-35.46642,-37.72757,-5.044609,-5.601661
88.08,-34.8045,5,-1.451141,-2.645967,6.121385,-23.30572,-4.977129,-5.393696
88.1,-68.37518,5,-1.448392,-2.605058,-3.954955,-14.75083,-4.977129,-5.224737
88.12,-78.3811,5,-1.92769,-2.622483,-18.56565,-10.88285,-4.977129,-5.180791
88.14,-135.541,5,-2.140358,-2.684376,-2.290832,-8.743507,-5.314529,-5.355108
88.16,-132.7615,5,-1.735365,-2.630473,21.03742,-14.49697,-5.38201,-5.38373
88.18,-130.7553,5,-1.201597,-2.528056,16.3962,-19.82118,-5.314529,-5.275829
88.2,23.55463,5,-1.125685,-2.416097,0.9152762,-23.06748,-4.30233,-4.621174
88.22,-291.8807,5,-1.49778,-2.562129,-22.18397,-8.950517,-5.65193,-5.196813
88.24,26.24567,5,-2.025397,-2.690418,-32.0771,-29.22334,-4.30233,-4.706593
88.26,-268.8017,5,-2.405363,-3.089874,-14.44351,-9.748392,-5.65193,-5.315339
88.28,-27.78601,5,-2.574629,-3.228219,-5.176329,-25.78325,-4.707209,-4.988086
88.3,-85.03316,5,-2.289812,-3.288262,13.92291,-13.03758,-4.707209,-4.763978
88.32,-178.3718,5,-2.271185,-3.241655,-3.680145,-10.64867,-5.044609,-4.841164
88.34,-165.9788,5,-2.407727,-3.299631,-5.023657,-18.06963,-5.044609,-4.896254
88.36,-159.6089,5,-2.081515,-3.345648,10.97635,-22.84227,-4.977129,-4.833593
88.38,-177.2648,5,-1.980468,-3.42946,-0.7183124,-25.76086,-4.977129,-4.795508
88.4,-179.0549,5,-2.440711,-3.685682,-27.66489,-27.98604,-4.977129,-4.843583
88.42,-174.7545,5,-3.221314,-4.118111,-40.56565,-27.07974,-5.044609,-4.986028
88.44,-135.7307,5,-3.989544,-4.583659,-40.56565,-23.46203,-4.977129,-5.049962
88.46,-181.891,5,-4.489483,-4.972757,-20.85572,-15.59035,-5.314529,-5.262421
88.48,7.278671,5,-4.20775,-4.940725,11.26643,-15.64042,-4.30233,-4.630093
88.5,-142.912,5,-3.987603,-4.767277,13.96871,2.523456,-4.639729,-4.478715
88.52,-220.9026,5,-3.871547,-4.53495,11.08322,-1.190616,-4.977129,-4.59329
88.54,-121.9987,5,-3.338901,-4.29764,27.84658,-13.13232,-4.43729,-4.270946
88.56,-214.7742,5,-2.784404,-4.133583,22.10612,-13.03981,-4.639729,-4.207011
88.58,-69.02814,5,-2.632306,-3.974108,0.1824515,-22.58683,-3.695009,-3.633495
88.6,-198.5275,5,-3.11848,-4.103714,-25.60382,-12.74575,-4.03241,-3.680194
88.62,-8.69632,5,-3.828476,-4.241074,-36.15343,-16.60728,-3.02021,-3.18601
88.64,-121.5059,5,-4.574192,-4.495762,-23.55801,2.363841,-3.357609,-3.231591
88.66,-58.24341,5,-4.239901,-4.33569,12.30459,2.499854,-2.95273,-2.907579
88.68,-180.92,5,-3.76003,-4.108009,26.51834,7.184855,-3.357609,-2.931909
88.7,-97.45569,5,-2.690016,-3.638712,47.49545,-5.537059,-2.75029,-2.463351
88.72,-45.70251,5,-2.143026,-3.251837,26.04506,-7.155818,-2.008009,-1.808522
88.74,-265.7393,5,-2.078155,-3.100945,-0.1228922,-3.598323,-2.75029,-2.029778
88.76,-277.8026,5,-2.411003,-3.273739,-15.42061,-22.51686,-3.02021,-2.401835
88.78,-128.1313,5,-2.638515,-3.667519,-16.22977,-35.29819,-2.412889,-2.26128
88.8,-24.53754,5,-3.136319,-4.055016,-29.77176,-26.75929,-1.670609,-1.79808
88.82,-150.0547,5,-4.000835,-4.407939,-45.0084,-7.974773,-2.075489,-1.900912
88.84,-161.2114,5,-5.141943,-4.809572,-28.51985,-4.506138,-2.345409,-2.200098
88.86,124.9726,5,-4.489721,-4.646003,29.70918,-4.955075,-0.7933693,-1.234417
88.88,-118.7828,5,-4.075397,-4.300258,11.02215,21.98936,-1.40069,-1.07803
88.9,-84.58148,5,-3.660009,-3.743973,25.75498,13.8775,-1.06329,-0.7687201
88.92,-266.2448,5,-2.756849,-3.332305,41.02216,8.63183,-1.805569,-1.018805
88.94,-121.0535,5,-2.402534,-3.126021,8.884744,-14.15606,-1.13077,-0.75919
88.96,-98.45801,5,-2.57676,-3.241729,-5.634344,-13.89822,-0.7933693,-0.5248237
88.98,-90.0575,5,-2.754098,-3.337404,-16.33664,-10.83572,-0.5234499,-0.2980177
89,5.242676,5,-3.043378,-3.362333,-12.93206,-6.782053,0.2188301,0.2059347
89.02,-177.5215,5,-2.86048,-3.289263,12.10612,4.606442,-0.3884897,0.09172776
89.04,-121.3276,5,-2.688136,-3.156224,14.64047,-6.850264,-0.1185694,0.2040998
89.06,-115.3574,5,-1.768774,-2.922638,45.00689,-11.80242,0.15135,0.5012124
89.08,-31.06519,5,-1.361057,-2.664521,10.5336,-15.63431,0.9611101,1.112928
89.1,-65.43103,5,-1.665154,-2.581054,-23.80229,-8.622662,1.23103,1.442422
89.12,23.2417,5,-2.131092,-2.523381,-15.34427,-5.683819,1.97331,1.936318
89.14,-20.02515,5,-1.838548,-2.292341,23.38857,4.23944,2.175751,2.303224
89.16,-5.31604,5,-1.605056,-1.946348,26.62521,5.73962,2.58063,2.709532
89.18,-37.16821,5,-0.5651427,-1.397006,49.44964,4.751595,2.850551,3.137004
89.2,-14.59253,5,-0.3756464,-1.010348,22.50307,0.3600237,3.32291,3.543776
89.22,-33.82336,5,0.05882151,-0.6878946,24.41147,-1.696371,3.592831,3.860247
89.24,46.77625,5,0.1567759,-0.4426595,1.480162,-5.120949,4.335111,4.381215
89.26,-143.9548,5,0.213781,-0.36692,1.892376,0.2371621,3.660311,4.151351
89.28,-12.37878,5,0.2254284,-0.3314635,-0.6725109,-15.34678,4.267631,4.360383
89.3,-174.6328,5,0.7142431,-0.3923185,24.5794,-14.31975,3.592831,4.070053
89.32,29.40088,5,0.7482396,-0.4314855,-9.649612,-29.83105,4.60503,4.507954
89.34,-82.23926,5,0.1310284,-0.7541426,-21.1,-17.5863,4.267631,4.387843
89.36,31.75562,5,-0.04363205,-0.8582835,-16.74885,-20.01237,4.87495,4.685674
89.38,-47.74341,5,-0.5546656,-1.053364,-4.412969,-8.508282,4.60503,4.597868
89.4,141.8923,5,-0.410034,-0.9072337,-1.084725,-9.03644,5.684711,5.250758
89.42,-26.32141,5,-0.3970976,-0.7372177,8.930546,9.531155,5.21235,5.264789
89.44,-87.80347,5,-0.1113926,-0.4575634,5.541232,3.722491,4.87495,5.093594
89.46,-126.4209,5,0.3321747,-0.3251721,35.51071,-7.926698,4.53755,4.832915
89.48,79.91077,5,0.9411949,-0.1442789,24.54887,-21.18413,5.61723,5.404294
89.5,-7.184204,5,0.7377228,-0.1452433,-17.87862,-8.494595,5.54975,5.551941
89.52,-9.980713,5,-0.08941618,-0.2740926,-42.33664,-6.145637,5.54975,5.491567
89.54,-215.1814,5,-0.408709,-0.5585756,12.45726,-4.267535,4.267631,4.665525
89.56,48.79016,5,-0.08334597,-0.6503901,16.30459,-24.46494,5.21235,4.93227
89.58,20.56238,5,-0.09193848,-0.7875818,3.419094,-11.10267,5.27983,5.108407
89.6,0.5394287,5,-0.4009665,-0.797022,-22.1687,-4.104659,5.27983,5.169258
89.62,-1.343994,5,-1.058236,-0.9043742,-17.13053,0.7112611,5.21235,5.085589
89.64,-66.33582,5,-0.2329915,-0.7047129,29.69391,0.811904,4.87495,4.986732
89.66,-30.57385,5,0.02574482,-0.5370951,9.06795,-6.489841,5.009911,5.042587
89.68,-57.89832,5,0.4570045,-0.3995877,16.99162,-9.187826,4.94243,5.056334
89.7,-66.74475,5,0.289423,-0.4342805,-6.168695,-13.20355,4.87495,4.966996
89.72,-52.75452,5,0.1113405,-0.5728227,-10.65725,-16.16086,4.87495,4.889333
89.74,-29.35767,5,-0.1109898,-0.7464479,-14.15343,-15.9373,4.94243,4.871527
89.76,-34.38538,5,-0.44537,-0.9349751,-14.18397,-12.32978,4.87495,4.798376
89.78,-26.70361,5,-0.4741375,-1.010469,-2.901519,-10.35644,4.87495,4.790364
89.8,-13.98669,5,-0.4956515,-1.018682,-3.451137,-8.172548,4.94243,4.844111
89.82,-32.6001,5,-0.4693936,-0.9813703,0.2740546,-5.552278,4.87495,4.843029
89.84,-22.38403,5,-0.3294919,-0.8859303,5.617568,-6.139643,4.94243,4.905258
89.86,-18.93054,5,-0.2442561,-0.7944829,2.564131,-5.752254,5.009911,4.979025
89.88,-30.26025,5,-0.1125412,-0.6935539,4.79314,-5.591773,5.009911,5.020615
89.9,-58.89612,5,-0.0440034,-0.635301,2.548864,-6.912491,4.87495,4.953562
89.92,-39.33264,5,0.03566986,-0.6103747,2.991613,-10.92149,4.94243,4.960824
89.94,-51.896,5,0.0126445,-0.6534222,-3.573275,-11.54813,4.87495,4.910028
89.96,-46.63184,5,0.00316779,-0.7039289,-0.4129688,-13.20883,4.87495,4.882795
89.98,-32.37683,5,-0.04001597,-0.7614233,-3.038924,-13.61295,4.94243,4.904817
90,-36.08191,5,-0.09853303,-0.8110588,-3.603809,-12.25343,4.94243,4.909804
90.02,-38.28845,5,-0.1000496,-0.827922,-0.8862511,-11.73264,4.94243,4.915644
90.04,-40.33423,5,-0.07911126,-0.8283169,0.01451245,-11.68743,4.94243,4.921688
90.06,-53.11084,5,-0.07944755,-0.8388066,-0.2602969,-11.89238,4.87495,4.881989
90.08,-48.84216,5,-0.05458102,-0.8518963,0.02977964,-13.4052,4.87495,4.865421
90.1,-35.56409,5,-0.06546064,-0.8745086,-1.344267,-13.91586,4.94243,4.895261
90.12,-39.78979,5,-0.1034376,-0.8981057,-2.962588,-12.79067,4.94243,4.904223
90.14,-53.60022,5,-0.095145,-0.9071039,0.2435202,-12.53276,4.87495,4.870384
90.16,-37.91919,5,-0.08994962,-0.9107468,-0.2755641,-13.75146,4.94243,4.895743
90.18,-41.87109,5,-0.08936927,-0.919247,-0.9320526,-12.9786,4.94243,4.906515
90.2,-43.14368,5,-0.1165196,-0.9253176,-1.008389,-12.77931,4.94243,4.907837
90.22,-55.43689,5,-0.1049818,-0.9325339,-0.3671672,-12.84245,4.87495,4.86949
90.24,-38.66394,5,-0.1137682,-0.9419169,-0.2908313,-14.07131,4.94243,4.891096
90.26,-41.67139,5,-0.1306627,-0.9577181,-1.512206,-13.1346,4.94243,4.899241
90.28,-42.7887,5,-0.1491709,-0.9624245,-0.3671672,-12.75975,4.94243,4.902461
90.3,-43.76562,5,-0.1316713,-0.9562678,-0.1686933,-12.68509,4.94243,4.90731
90.32,-55.91846,5,-0.1314324,-0.9602696,0.07558119,-12.76109,4.87495,4.868455
90.34,-27.33191,5,-0.1408586,-0.9596648,-0.3060985,-13.95577,5.009911,4.930414
90.36,-47.50623,5,-0.144461,-0.9641677,-1.008389,-11.87381,4.94243,4.918172
90.38,-56.76526,5,-0.1711339,-0.9685054,-0.3519,-12.47182,4.87495,4.86951
90.4,-39.1864,5,-0.1420853,-0.9698895,-0.4435031,-13.87246,4.94243,4.892138
90.42,-53.62158,5,-0.1599399,-0.9904429,-0.8251827,-12.98858,4.87495,4.859777
90.44,-25.57166,5,-0.1978132,-0.9964188,-1.710679,-13.68478,5.009911,4.9234
90.46,-46.40356,5,-0.1833246,-0.9930358,-0.5351062,-11.38822,4.94243,4.916238
90.48,-44.60449,5,-0.2062483,-0.9807001,-0.9015187,-11.89721,4.94243,4.911107
90.5,-56.2312,5,-0.1564141,-0.9723253,0.8694746,-12.24314,4.87495,4.874355
90.52,-38.87793,5,-0.178776,-0.9787798,-0.4282355,-13.54336,4.94243,4.893901
90.54,-41.83936,5,-0.1783928,-0.9881306,-1.084725,-12.65227,4.94243,4.903553
90.56,-30.15283,5,-0.2462844,-0.9948413,-2.046557,-12.10914,5.009911,4.941507
90.58,-58.75,5,-0.2332577,-0.9945328,0.04504682,-10.66455,4.87495,4.882552
90.6,-50.21252,5,-0.235487,-0.9951504,0.2435202,-12.58687,4.87495,4.856805
90.62,-35.21216,5,-0.2262104,-1.004671,-0.7946484,-12.99744,4.94243,4.887619
90.64,-50.46313,5,-0.2585712,-1.022178,-1.924419,-11.67086,4.87495,4.859129
90.66,-35.37903,5,-0.2503118,-1.015345,-0.0007547362,-12.33696,4.94243,4.890978
90.68,-51.54382,5,-0.2335035,-1.012326,-0.03128911,-11.33568,4.87495,4.867965
90.7,-48.53809,5,-0.2215109,-1.005224,0.9763447,-12.34694,4.87495,4.859056
90.72,-47.46655,5,-0.2119152,-1.010133,-0.1534266,-12.74354,4.87495,4.855091
90.74,-46.93018,5,-0.2227783,-1.021456,0.1213828,-12.8622,4.87495,4.851727
90.76,-23.61719,5,-0.2277106,-1.015765,-0.6877776,-12.82131,5.009911,4.931612
90.78,-46.24365,5,-0.227353,-1.00301,0.2435202,-10.4704,4.94243,4.928018
90.8,-56.67749,5,-0.2375201,-0.9900972,0.07558119,-11.19355,4.87495,4.883714
90.82,-40.15088,5,-0.1758107,-0.9744532,1.938177,-12.90568,4.94243,4.910256
90.84,-42.98767,5,-0.2072196,-0.9857593,-1.481671,-12.26303,4.94243,4.915553
90.86,-55.43896,5,-0.2170312,-0.9972643,-0.7641136,-12.11982,4.87495,4.876626
90.88,-50.66284,5,-0.2058464,-1.008766,-0.0007547362,-13.32085,4.87495,4.860846
90.9,-37.40552,5,-0.2056238,-1.021605,-0.2450293,-13.60894,4.94243,4.894482
90.92,-53.03174,5,-0.2512961,-1.045254,-2.794649,-12.33506,4.87495,4.864375
90.94,-49.1814,5,-0.2591975,-1.056131,1.006879,-13.04602,4.87495,4.852324
90.96,-48.08594,5,-0.2465999,-1.066401,0.1366499,-13.16952,4.87495,4.85006
90.98,-47.61182,5,-0.2664636,-1.079547,-0.03128911,-13.07471,4.87495,4.847689
91,-47.42651,5,-0.2742613,-1.08842,-0.4740371,-12.93907,4.87495,4.847366
91.02,-36.29517,5,-0.2639318,-1.081311,0.2129859,-12.84159,4.94243,4.890725
91.04,-41.97778,5,-0.2726398,-1.070142,-0.09235785,-11.62559,4.94243,4.909601
91.06,-44.40247,5,-0.2671793,-1.049141,0.2282531,-11.41529,4.94243,4.918701
91.08,-45.64941,5,-0.2454398,-1.028859,0.6862684,-11.59379,4.94243,4.924066
91.1,-57.16919,5,-0.2590358,-1.03142,-0.4129688,-11.816,4.87495,4.881942
91.12,-28.5791,5,-0.2462366,-1.025082,0.1824515,-13.1177,5.009911,4.945252
91.14,-48.79761,5,-0.2511008,-1.027889,-0.3060985,-11.10161,4.94243,4.932756
91.16,-58.17126,5,-0.2711073,-1.030338,-1.222129,-11.77024,4.87495,4.884362
91.18,-30.18237,5,-0.1980162,-1.011741,2.380925,-13.35373,5.009911,4.952776
91.2,-50.62231,5,-0.2198092,-1.016623,-1.451137,-11.52848,4.94243,4.937968
91.22,-48.48547,5,-0.2330679,-1.013858,-1.130526,-12.34461,4.94243,4.928908
91.24,-24.96704,5,-0.2003836,-0.9972645,2.167185,-12.72849,5.077391,5.009177
91.26,-70.00977,5,-0.2258794,-1.006781,-1.252663,-10.60042,4.87495,4.918899
91.28,-46.85071,5,-0.197181,-1.00067,0.8084057,-13.81442,4.94243,4.921541
91.3,-48.07019,5,-0.1701874,-1.01747,2.426727,-13.69079,4.94243,4.923864
91.32,-47.26892,5,-0.2472015,-1.04975,-5.695413,-13.47634,4.94243,4.914767
91.34,-47.01282,5,-0.2401725,-1.064686,1.449628,-13.28026,4.94243,4.914597
91.36,-36.08032,5,-0.2316008,-1.061196,-0.07709067,-13.13085,5.009911,4.958089
91.38,-65.4967,5,-0.222985,-1.063033,0.5488637,-12.01073,4.87495,4.897825
91.4,-45.54211,5,-0.2289304,-1.064338,0.1061156,-14.1957,4.94243,4.909173
91.42,-47.29065,5,-0.2311998,-1.08173,0.3656577,-13.6171,4.94243,4.913327
91.44,-58.47278,5,-0.2916622,-1.111067,-3.588542,-13.23483,4.87495,4.868345
91.46,-52.46252,5,-0.3054701,-1.135707,0.1824515,-14.06418,4.87495,4.849572
91.48,-38.89697,5,-0.301929,-1.148878,0.3961921,-13.99158,4.94243,4.885724
91.5,-43.81348,5,-0.3178394,-1.150645,-0.8099151,-12.52206,4.94243,4.903188
91.52,-57.1156,5,-0.3405092,-1.149041,-0.8709843,-11.99676,4.87495,4.869658
91.54,-53.07605,5,-0.3044786,-1.13988,1.373291,-13.11217,4.87495,4.860177
91.56,-39.40076,5,-0.3277442,-1.144961,-0.3213652,-13.33531,4.94243,4.892914
91.58,-31.9165,5,-0.3490328,-1.139045,-1.787015,-12.00535,5.009911,4.947488
91.6,-50.22253,5,-0.3675358,-1.124164,-0.9778546,-10.33418,4.94243,4.931489
91.62,-47.47815,5,-0.358503,-1.101698,0.5793981,-11.10563,4.94243,4.926166
91.64,-57.25647,5,-0.3679166,-1.105836,-0.2755641,-11.32657,4.87495,4.881279
91.66,-50.7583,5,-0.3726585,-1.119027,-0.01602192,-12.44003,4.87495,4.861671
91.68,-36.37854,5,-0.3834212,-1.132269,-0.07709067,-12.45561,4.94243,4.894523
91.7,-52.88098,5,-0.3757844,-1.135762,0.01451245,-11.06595,4.87495,4.873338
91.72,-38.73975,5,-0.3587968,-1.118005,0.8084057,-11.84623,4.94243,4.908132
91.74,-43.14917,5,-0.3585493,-1.107284,-0.4435031,-10.93419,4.94243,4.923132
91.76,-57.24377,5,-0.3284951,-1.090997,1.388559,-10.90458,4.87495,4.892781
91.78,-41.18689,5,-0.3269792,-1.082639,-0.4282355,-12.28698,4.94243,4.917318
91.8,-44.23096,5,-0.3398862,-1.08873,-0.962587,-11.53589,4.94243,4.925412
91.82,-57.54248,5,-0.3229041,-1.08804,0.8694746,-11.43201,4.87495,4.891327
91.84,-52.46094,5,-0.3405878,-1.101158,-0.519839,-12.64765,4.87495,4.87258
91.86,-38.64612,5,-0.3442705,-1.115749,0.1671843,-12.90039,4.94243,4.904717
91.88,-55.13892,5,-0.345083,-1.126954,0.02977964,-11.69826,4.87495,4.880439
91.9,-52.43665,5,-0.3318507,-1.126242,0.7626044,-12.61625,4.87495,4.871994
91.92,-39.7771,5,-0.3357023,-1.130161,-0.7793808,-12.91243,4.94243,4.907328
91.94,-56.75806,5,-0.3266896,-1.133638,0.7931387,-11.88894,4.87495,4.884104
91.96,-53.59961,5,-0.3333817,-1.136647,0.04504682,-12.90681,4.87495,4.872122
91.98,-40.36365,5,-0.3438829,-1.14571,-0.7030448,-13.20028,4.94243,4.905189
92,-57.2561,5,-0.3293951,-1.150311,0.5793981,-12.13527,4.87495,4.882411
92.02,-53.98804,5,-0.3436066,-1.155427,-0.0007547362,-13.0913,4.87495,4.869966
92.04,-52.09363,5,-0.3608004,-1.174519,-0.9015187,-13.33514,4.87495,4.861799
92.06,-39.79858,5,-0.3668391,-1.182484,-0.3213652,-13.26109,4.94243,4.89971
92.08,-45.32361,5,-0.3669418,-1.17788,-0.0007547362,-11.97318,4.94243,4.918625
92.1,-48.03186,5,-0.3589643,-1.159379,0.2587874,-11.70905,4.94243,4.928593
92.12,-37.58167,5,-0.3521992,-1.136511,0.4572606,-11.80541,5.009911,4.972996
92.14,-65.80151,5,-0.3737669,-1.1379,-0.1228922,-10.79145,4.87495,4.907395
92.16,-45.35852,5,-0.3605283,-1.133472,0.5946653,-12.98835,4.94243,4.919681
92.18,-35.58826,5,-0.3558919,-1.136842,-1.267931,-12.36495,5.009911,4.966069
92.2,-64.91858,5,-0.3710149,-1.143674,0.4114593,-10.96889,4.87495,4.905131
92.22,-56.45325,5,-0.3742472,-1.150883,0.07558119,-12.99618,4.87495,4.877449
92.24,-53.22498,5,-0.3590851,-1.172886,-0.01602192,-13.53049,4.87495,4.867031
92.26,-39.8584,5,-0.4016806,-1.195983,-1.634343,-13.39027,4.94243,4.899161
92.28,-33.22607,5,-0.4054843,-1.191994,-0.1686933,-11.91286,5.009911,4.957406
92.3,-64.19568,5,-0.4075302,-1.18079,0.2435202,-10.31307,4.87495,4.904201
92.32,-45.70142,5,-0.3711555,-1.156034,1.81604,-12.47885,4.94243,4.924548
92.34,-60.08752,5,-0.3524448,-1.159893,-0.09235785,-12.12936,4.87495,4.89271
92.36,-55.10925,5,-0.3853621,-1.177695,0.04504682,-13.24079,4.87495,4.872961
92.38,-52.90381,5,-0.3854218,-1.20074,-0.7488468,-13.47282,4.87495,4.865046
92.4,-52.49988,5,-0.3854768,-1.217236,-0.3977011,-13.40583,4.87495,4.863563
92.42,-41.26575,5,-0.3861904,-1.219196,-0.3213652,-13.296,4.94243,4.904881
92.44,-35.63037,5,-0.3863365,-1.20347,-0.107625,-12.06673,5.009911,4.964838
92.46,-54.85767,5,-0.3993411,-1.184603,-0.107625,-10.66958,4.94243,4.949192
92.48,-52.33179,5,-0.3904987,-1.165017,-0.107625,-11.71659,4.94243,4.941605
92.5,-62.01331,5,-0.4038041,-1.176759,-0.07709067,-12.13068,4.87495,4.893706
92.52,-55.65918,5,-0.4019269,-1.196149,0.1519171,-13.38671,4.87495,4.872887
92.54,-53.13293,5,-0.4093831,-1.223096,-0.4740371,-13.54991,4.87495,4.864199
92.56,-51.63196,5,-0.450633,-1.251997,-2.321366,-13.26504,4.87495,4.857819
92.58,-39.46265,5,-0.4644321,-1.260749,0.1366499,-12.85468,4.94243,4.897837
92.6,-44.96997,5,-0.4699459,-1.252979,-0.4129688,-11.33745,4.94243,4.918503
92.62,-47.77197,5,-0.4567088,-1.227225,0.7473372,-10.93593,4.94243,4.930982
92.64,-61.1095,5,-0.424011,-1.206224,1.083215,-11.08759,4.87495,4.898933
92.66,-44.21387,5,-0.4389191,-1.201082,-0.4740371,-12.45625,4.94243,4.920425
92.68,-58.95325,5,-0.4275384,-1.209187,0.1213828,-11.71783,4.87495,4.890666
92.7,-54.26733,5,-0.4585785,-1.223592,-1.008389,-12.61363,4.87495,4.873734
92.72,-41.36682,5,-0.4314094,-1.225962,0.01451245,-12.79878,4.94243,4.911787
92.74,-58.24719,5,-0.4374597,-1.230707,0.2740546,-11.62594,4.87495,4.888524
92.76,-43.64575,5,-0.43578,-1.221773,-0.2297625,-12.53727,4.94243,4.919018
92.78,-59.93018,5,-0.4119745,-1.219817,0.4114593,-11.77181,4.87495,4.894523
92.8,-33.05737,5,-0.4297092,-1.209587,-0.06182348,-12.80121,5.009911,4.961154
92.82,-54.2644,5,-0.4092466,-1.200504,-0.3213652,-10.86456,4.94243,4.952811
92.84,-52.64551,5,-0.4212407,-1.187467,0.7626044,-11.68752,4.94243,4.946233
92.86,-63.74597,5,-0.3929299,-1.189735,1.281688,-12.18785,4.87495,4.904284
92.88,-57.70764,5,-0.4115802,-1.21186,-0.7335792,-13.57628,4.87495,4.881308
92.9,-44.14612,5,-0.3941422,-1.228232,-0.07709067,-13.91942,4.94243,4.914536
92.92,-48.19495,5,-0.4445081,-1.248211,-2.397702,-12.61091,4.94243,4.924309
92.94,-61.5813,5,-0.445268,-1.254043,0.7320697,-12.18103,4.87495,4.890596
92.96,-45.44104,5,-0.4459874,-1.253814,-0.183961,-13.22066,4.94243,4.916457
92.98,-49.38696,5,-0.4343661,-1.253197,0.5183294,-12.31793,4.94243,4.93008
93,-62.68909,5,-0.4423074,-1.253803,-0.0007547362,-12.12036,4.87495,4.894834
93.02,-46.56091,5,-0.4306259,-1.250138,0.1519171,-13.34683,4.94243,4.920451
93.04,-50.13159,5,-0.432666,-1.253966,0.2587874,-12.5228,4.94243,4.931273
93.06,-51.27563,5,-0.4538972,-1.253922,-0.4587703,-12.26931,4.94243,4.933856
93.08,-51.79089,5,-0.4465003,-1.249209,0.3351234,-12.24268,4.94243,4.936375
93.1,-63.12866,5,-0.4650267,-1.259371,-0.1534266,-12.23946,4.87495,4.894339
93.12,-45.88086,5,-0.4664444,-1.266201,-0.2297625,-13.35091,4.94243,4.916573
93.14,-49.03955,5,-0.4713622,-1.274563,0.01451245,-12.32752,4.94243,4.927454
93.16,-50.43237,5,-0.4825028,-1.271147,-0.4893047,-11.93425,4.94243,4.932794
93.18,-51.23682,5,-0.4728284,-1.261751,0.304589,-11.84747,4.94243,4.937121
93.2,-63.11316,5,-0.4733633,-1.26327,0.04504682,-11.89408,4.87495,4.898049
93.22,-46.12793,5,-0.4735337,-1.265534,-0.2755641,-13.09684,4.94243,4.920755
93.24,-61.02234,5,-0.4711641,-1.27853,0.2740546,-12.21022,4.87495,4.891329
93.26,-57.06482,5,-0.4798048,-1.287938,-0.1992282,-13.10027,4.87495,4.877975
93.28,-55.80518,5,-0.4681292,-1.300145,0.2740546,-13.32852,4.87495,4.874118
93.3,-55.7262,5,-0.4679813,-1.310522,0.04504682,-13.35484,4.87495,4.87322
93.32,-44.49585,5,-0.4664683,-1.309604,-0.3671672,-13.34669,4.94243,4.914185
93.34,-61.67676,5,-0.4750614,-1.31172,0.3656577,-12.20664,4.87495,4.891098
93.36,-58.55725,5,-0.4756114,-1.310406,-0.2908313,-13.18756,4.87495,4.880316
93.38,-57.46729,5,-0.4626959,-1.317567,0.8236728,-13.56438,4.87495,4.876307
93.4,-56.49854,5,-0.4936564,-1.335601,-1.191595,-13.60026,4.87495,4.87045
93.42,-56.5769,5,-0.4783475,-1.342753,0.5488637,-13.57998,4.87495,4.87147
93.44,-56.94946,5,-0.4817972,-1.34852,-0.2297625,-13.56497,4.87495,4.872048
93.46,-45.97986,5,-0.4724442,-1.342241,-0.04655629,-13.60122,4.94243,4.914334
93.48,-52.0083,5,-0.4670316,-1.330047,0.2435202,-12.53887,4.94243,4.933677
93.5,-66.29846,5,-0.4579284,-1.318255,-0.0007547362,-12.50404,4.87495,4.90159
93.52,-49.94299,5,-0.4649004,-1.315259,-0.06182348,-13.87463,4.94243,4.924222
93.54,-64.54321,5,-0.4728338,-1.330894,-0.6572433,-13.128,4.87495,4.891973
93.56,-60.71631,5,-0.4652306,-1.339351,0.5183294,-14.13642,4.87495,4.879193
93.58,-47.47412,5,-0.4769853,-1.351552,-0.9320526,-14.35226,4.94243,4.912511
93.6,-51.97803,5,-0.4995972,-1.359287,-1.191595,-13.08443,4.94243,4.926139
93.62,-54.63306,5,-0.4756692,-1.343563,0.7931387,-12.78499,4.94243,4.93702
93.64,-55.28088,5,-0.4970037,-1.337716,-0.1992282,-12.7832,4.94243,4.937826
93.66,-55.39197,5,-0.4899125,-1.332494,-0.01602192,-12.87093,4.94243,4.938699
93.68,-55.43103,5,-0.488076,-1.330052,0.2893218,-12.94608,4.94243,4.939051
93.7,-55.31372,5,-0.4930088,-1.331042,0.02977964,-12.98302,4.94243,4.938445
93.72,-43.98389,5,-0.4815264,-1.32106,0.1977187,-13.00955,5.009911,4.980558
93.74,-61.35596,5,-0.4756843,-1.313547,0.02977964,-11.92958,4.94243,4.959442
93.76,-58.43555,5,-0.4682005,-1.304798,0.7015356,-12.99565,4.94243,4.949695
93.78,-68.1344,5,-0.4840893,-1.324386,-0.8709843,-13.3755,4.87495,4.900922
93.8,-50.92297,5,-0.4609528,-1.334801,0.8389403,-14.65913,4.94243,4.923283
93.82,-53.66174,5,-0.4957195,-1.356732,-1.909152,-13.65415,4.94243,4.929518
93.84,-54.33813,5,-0.5260384,-1.367269,0.3503905,-13.16705,4.94243,4.930983
93.86,-54.5658,5,-0.5308291,-1.368709,-0.550373,-12.89758,4.94243,4.933272
93.88,-66.72131,5,-0.5166562,-1.369808,0.6710012,-12.81531,4.87495,4.896859
93.9,-49.67957,5,-0.5331671,-1.374734,-0.3213652,-13.9058,4.94243,4.918934
93.92,-52.82849,5,-0.5342086,-1.380574,-0.1992282,-12.90203,4.94243,4.9301
93.94,-65.66272,5,-0.5483208,-1.38451,0.3656577,-12.53545,4.87495,4.894458
93.96,-48.5741,5,-0.5699391,-1.388913,-0.5809073,-13.48887,4.94243,4.917042
93.98,-63.54382,5,-0.5584382,-1.396626,-0.1686933,-12.45659,4.87495,4.89014
94,-48.5033,5,-0.5513464,-1.388092,0.4114593,-13.28472,4.94243,4.921066
94.02,-52.13098,5,-0.5696575,-1.388203,-0.6114421,-12.25088,4.94243,4.932843
94.04,-65.87891,5,-0.5428578,-1.37706,0.9000088,-12.0507,4.87495,4.902246
94.06,-61.28577,5,-0.545318,-1.378055,0.1519171,-13.29675,4.87495,4.88677
94.08,-47.35242,5,-0.5579668,-1.388124,-0.4893047,-13.58721,4.94243,4.918295
94.1,-63.25061,5,-0.5710738,-1.399991,-0.8099151,-12.35502,4.87495,4.892061
94.12,-48.06274,5,-0.5786049,-1.39611,-0.03128911,-13.09596,4.94243,4.921567
94.14,-52.04468,5,-0.5777671,-1.392427,-0.3366328,-12.05454,4.94243,4.935862
94.16,-65.80286,5,-0.5623307,-1.382323,0.4114593,-11.8468,4.87495,4.90448
94.18,-60.79517,5,-0.5774539,-1.3873,-0.3671672,-13.0458,4.87495,4.887091
94.2,-46.72083,5,-0.5862397,-1.397613,-0.2602969,-13.27599,4.94243,4.919037
94.22,-62.98511,5,-0.5855126,-1.404755,0.01451245,-12.03633,4.87495,4.89517
94.24,-48.25586,5,-0.584141,-1.395717,0.2587874,-12.83951,4.94243,4.92636
94.26,-52.34326,5,-0.585704,-1.390848,-0.6419765,-11.87758,4.94243,4.940183
94.28,-65.95154,5,-0.5740887,-1.382347,0.5335966,-11.72025,4.87495,4.907596
94.3,-61.17322,5,-0.575853,-1.385308,-0.5809073,-12.983,4.87495,4.891325
94.32,-47.80591,5,-0.5639973,-1.390009,-0.03128911,-13.34918,4.94243,4.925754
94.34,-52.5835,5,-0.575045,-1.391868,-0.07709067,-12.20678,4.94243,4.94055
94.36,-54.53577,5,-0.5821509,-1.383091,0.01451245,-11.91257,4.94243,4.94692
94.38,-67.15674,5,-0.5659974,-1.378517,0.1671843,-11.99527,4.87495,4.910727
94.4,-50.43164,5,-0.5693187,-1.37917,-0.07709067,-13.28688,4.94243,4.933197
94.42,-65.14478,5,-0.573905,-1.394684,-0.4740371,-12.46203,4.87495,4.902025
94.44,-60.37256,5,-0.6086425,-1.413607,-1.145793,-13.28627,4.87495,4.884529
94.46,-59.02063,5,-0.5833713,-1.426215,0.3198562,-13.43455,4.87495,4.881945
94.48,-58.52686,5,-0.6059123,-1.441807,-0.1381594,-13.32154,4.87495,4.879161
94.5,-47.4613,5,-0.5876397,-1.436926,-0.4587703,-13.23553,4.94243,4.92261
94.52,-53.91711,5,-0.5712,-1.420685,0.2740546,-12.11994,4.94243,4.944507
94.54,-67.92578,5,-0.5836121,-1.411866,0.01451245,-12.01995,4.87495,4.910459
94.56,-63.4364,5,-0.5670745,-1.410808,0.5641309,-13.42339,4.87495,4.895244
94.58,-61.33252,5,-0.5733406,-1.428398,-0.5656406,-13.87609,4.87495,4.886164
94.6,-48.31299,5,-0.6056068,-1.445635,-1.451137,-13.83046,4.94243,4.919399
94.62,-54.02771,5,-0.5805958,-1.439709,0.2587874,-12.57362,4.94243,4.94021
94.64,-68.10889,5,-0.5927991,-1.434701,0.1671843,-12.30666,4.87495,4.907329
94.66,-52.68127,5,-0.560702,-1.421531,1.052681,-13.63496,4.94243,4.935966
94.68,-67.89294,5,-0.5702017,-1.431562,-0.7030448,-12.94897,4.87495,4.905093
94.7,-52.14966,5,-0.5808333,-1.435027,0.02977964,-13.97217,4.94243,4.930143
94.72,-67.87378,5,-0.5628402,-1.443225,-0.0007547362,-13.1465,4.87495,4.903373
94.74,-64.30286,5,-0.571551,-1.451555,0.3809245,-14.16142,4.87495,4.889887
94.76,-51.19238,5,-0.5744115,-1.461535,-0.519839,-14.43763,4.94243,4.923711
94.78,-56.37659,5,-0.5724195,-1.462197,0.5030622,-13.30675,4.94243,4.940197
94.8,-58.13965,5,-0.5985102,-1.458622,-0.3671672,-12.99757,4.94243,4.944391
94.82,-59.198,5,-0.5752133,-1.447047,0.8236728,-13.05055,4.94243,4.949187
94.84,-71.16956,5,-0.5773032,-1.450134,-0.2755641,-13.21079,4.87495,4.909127
94.86,-65.90259,5,-0.5717217,-1.461717,0.06031401,-14.54402,4.87495,4.890841
94.88,-52.28796,5,-0.57133,-1.475931,-0.2908313,-14.87005,4.94243,4.923228
94.9,-44.98096,5,-0.6031877,-1.480968,-1.756481,-13.58141,5.009911,4.975733
94.92,-51.94275,5,-0.620353,-1.466005,0.4725278,-11.93739,5.009911,4.999292
94.94,-67.20349,5,-0.5810429,-1.435885,1.480162,-11.71247,4.94243,4.974627
94.96,-64.21265,5,-0.5333458,-1.411932,2.533597,-13.26385,4.94243,4.966181
94.98,-62.84912,5,-0.5282316,-1.415426,0.09084838,-14.00345,4.94243,4.958586
95,-61.52686,5,-0.5540552,-1.434812,-0.3519,-14.26902,4.94243,4.950105
95.02,-61.06934,5,-0.551229,-1.449435,-0.4587703,-14.32316,4.94243,4.947497
95.04,-61.54639,5,-0.5395579,-1.456462,0.4419934,-14.35519,4.94243,4.948546
95.06,-50.04321,5,-0.5591587,-1.459934,-0.3213652,-14.33572,5.009911,4.986813
95.08,-67.29004,5,-0.5532149,-1.460309,0.1671843,-13.20979,4.94243,4.96466
95.1,-52.69226,5,-0.5548528,-1.450565,0.04504682,-14.17784,5.009911,4.994422
95.12,-56.88708,5,-0.5477243,-1.445536,0.2893218,-13.36832,5.009911,5.007652
95.14,-81.31873,5,-0.5670643,-1.455916,-0.3366328,-13.24364,4.87495,4.929233
95.16,-59.26465,5,-0.560664,-1.468711,0.01451245,-15.62276,4.94243,4.934816
95.18,-72.12524,5,-0.5596485,-1.501357,0.3503905,-14.99699,4.87495,4.897509
95.2,-55.01184,5,-0.6122342,-1.529663,-3.145794,-15.68166,4.94243,4.916838
95.22,-69.88953,5,-0.6145657,-1.552855,0.4572606,-14.42535,4.87495,4.888478
95.24,-54.00586,5,-0.6497552,-1.562634,-2.229764,-14.95433,4.94243,4.91485
95.26,-70.1543,5,-0.6172988,-1.563048,1.541231,-13.83531,4.87495,4.893147
95.28,-66.57666,5,-0.6388441,-1.565693,-0.550373,-14.65372,4.87495,4.881114
95.3,-54.15173,5,-0.6077251,-1.559332,0.9916119,-14.91235,4.94243,4.920802
95.32,-58.9718,5,-0.6338017,-1.557506,-0.1686933,-13.74221,4.94243,4.935377
95.34,-61.42126,5,-0.6124501,-1.537942,0.6710012,-13.52939,4.94243,4.945368
95.36,-62.19861,5,-0.6180406,-1.52623,-0.0007547362,-13.61664,4.94243,4.947554
95.38,-73.68811,5,-0.6211156,-1.529448,-0.06182348,-13.76676,4.87495,4.906406
95.4,-67.95789,5,-0.6242219,-1.542681,-0.03128911,-15.01417,4.87495,4.887172
95.42,-53.23584,5,-0.6590928,-1.565656,-1.893885,-15.1159,4.94243,4.915624
95.44,-56.66858,5,-0.6995569,-1.581668,-1.206862,-13.56123,4.94243,4.927169
95.46,-59.45703,5,-0.6562499,-1.5602,1.037414,-13.02803,4.94243,4.942252
95.48,-61.27991,5,-0.6423373,-1.537483,0.3503905,-13.00337,4.94243,4.950184
95.5,-61.52588,5,-0.6532608,-1.527246,-0.4740371,-13.13273,4.94243,4.950357
95.52,-61.07898,5,-0.6591306,-1.524196,0.3351234,-13.2217,4.94243,4.949015
95.54,-72.1217,5,-0.6658974,-1.532706,-0.01602192,-13.23652,4.87495,4.907274
95.56,-54.92163,5,-0.6640213,-1.537502,0.09084838,-14.34078,4.94243,4.930202
95.58,-69.06934,5,-0.6928679,-1.558961,-1.252663,-13.26114,4.87495,4.897605
95.6,-65.12976,5,-0.6841975,-1.565102,0.7168028,-14.00586,4.87495,4.886943
95.62,-51.84277,5,-0.698617,-1.572181,-0.7488468,-14.0251,4.94243,4.922172
95.64,-68.521,5,-0.6943155,-1.573848,0.3961921,-12.7373,4.87495,4.900288
95.66,-65.49658,5,-0.691426,-1.568423,0.4877952,-13.58021,4.87495,4.891623
95.68,-52.41541,5,-0.6983378,-1.568294,-0.6725109,-13.78162,4.94243,4.927083
95.7,-57.75989,5,-0.681089,-1.556757,0.7626044,-12.65349,4.94243,4.946402
95.72,-59.83667,5,-0.693612,-1.541569,-0.2602969,-12.40642,4.94243,4.95316
95.74,-60.72095,5,-0.6778923,-1.525699,0.1977187,-12.50507,4.94243,4.957252
95.76,-72.26025,5,-0.685661,-1.527851,0.02977964,-12.6574,4.87495,4.916062
95.78,-66.63306,5,-0.682938,-1.538835,-0.1228922,-13.93086,4.87495,4.897408
95.8,-64.48865,5,-0.6791808,-1.558223,-0.3519,-14.21656,4.87495,4.890062
95.82,-63.9967,5,-0.6824555,-1.574091,0.1824515,-14.17997,4.87495,4.887908
95.84,-64.26465,5,-0.6807644,-1.583224,-0.3060985,-14.11446,4.87495,4.888479
95.86,-53.15125,5,-0.680862,-1.580913,0.3961921,-14.07508,4.94243,4.929906
95.88,-70.63708,5,-0.6776379,-1.578491,-0.03128911,-12.96603,4.87495,4.908485
95.9,-67.85107,5,-0.6708812,-1.573074,0.5030622,-14.02302,4.87495,4.898747
95.92,-54.88623,5,-0.6743163,-1.575682,-0.4435031,-14.40324,4.94243,4.932903
95.94,-60.09961,5,-0.6647995,-1.571099,0.5030622,-13.38046,4.94243,4.949713
95.96,-73.98022,5,-0.6659559,-1.566861,-0.09235785,-13.25516,4.87495,4.915928
95.98,-69.16394,5,-0.6707633,-1.574295,-0.09235785,-14.55743,4.87495,4.898378
96,-55.45642,5,-0.6726677,-1.586327,-0.2297625,-14.90013,4.94243,4.930438
96.02,-25.76111,-5,-0.6770362,-1.598334,-0.596175,-13.75628,4.87495,4.905016
96.04,-7.605591,-5,-0.6720096,-1.543058,0.4419934,-9.947803,4.94243,4.936333
96.06,-6.972778,-5,-0.657678,-1.421591,2.197719,-5.596039,4.94243,4.950775
96.08,-18.83838,-5,-0.4295991,-1.211738,11.6023,-3.396195,4.87495,4.939229
96.1,-15.17761,-5,-0.1520844,-0.9654253,15.40383,-4.01923,4.87495,4.949547
96.12,-4.019775,-5,0.1677067,-0.7068452,15.48017,-5.06177,4.94243,5.005883
96.14,-7.692871,-5,0.3401024,-0.4922883,8.976348,-5.158454,4.94243,5.017064
96.16,-5.807617,-5,0.4952149,-0.308097,9.113751,-6.072094,4.94243,5.007828
96.18,-2.557068,-5,0.6777493,-0.142532,9.525966,-7.05818,4.94243,4.995772
96.2,3.395691,-5,0.7434762,-0.021246,3.327491,-7.560572,4.94243,4.968853
96.22,11.3241,-5,0.78328,0.07498044,2.945811,-7.382116,4.94243,4.938233
96.24,17.80927,-5,0.8934633,0.1870043,5.113751,-6.791325,4.94243,4.920846
96.26,13.3172,-5,0.926005,0.2844819,2.457261,-5.834522,4.87495,4.85879
96.28,24.30286,-5,1.050911,0.4044982,7.861843,-6.028591,4.87495,4.831708
96.3,43.33527,-5,1.140136,0.531929,4.533598,-5.273501,4.94243,4.854893
96.32,32.46014,-5,1.232911,0.6681837,5.205354,-3.142483,4.87495,4.820585
96.34,39.8537,-5,1.39219,0.8337447,9.037416,-3.319854,4.87495,4.808414
96.36,54.8266,-5,1.605394,1.021295,11.6023,-3.334663,4.94243,4.849532
96.38,40.48663,-5,1.774339,1.200758,9.327493,-2.381849,4.87495,4.823682
96.4,59.24951,-5,1.904066,1.371782,7.831309,-3.566294,4.94243,4.841981
96.42,57.83786,-5,2.121554,1.548435,11.5107,-3.143991,4.94243,4.851994
96.44,48.22144,-5,2.244244,1.70076,6.68627,-3.404758,4.87495,4.803317
96.46,68.04938,-5,2.418302,1.852821,9.23589,-5.067562,4.94243,4.81702
96.48,114.9888,-5,2.53933,2.015431,6.838942,-4.431087,5.21235,4.974368
96.5,110.2318,-5,2.560687,2.184987,2.335124,0.7198691,5.27983,5.064643
96.52,100.1852,-5,2.744696,2.422492,12.65574,3.063209,5.27983,5.107522
96.54,80.81239,-5,3.163878,2.716782,22.18246,2.20226,5.21235,5.110027
96.56,90.52678,-5,3.573434,3.005088,20.80841,-1.638433,5.27983,5.159436
96.58,142.2537,-5,3.837741,3.257921,12.51833,-3.928015,5.61723,5.366595
96.6,118.8592,-5,3.873184,3.436706,1.587032,-0.3120847,5.61723,5.416811
96.62,105.9804,-5,3.869812,3.580311,1.296956,-0.2674857,5.54975,5.361443
96.64,-50.10378,-5,4.165571,3.642911,17.54124,-2.850594,4.60503,4.775958
96.66,261.3123,-5,4.321016,3.743752,6.548866,-20.28854,5.95463,5.309619
96.68,3.878937,-5,4.355062,3.682772,-0.7183124,-0.8643831,4.87495,4.882509
96.7,72.57462,-5,4.001459,3.636009,-25.95496,-12.80152,4.87495,4.631715
96.72,176.5121,-5,4.093588,3.582699,12.12139,-13.85122,5.27983,4.769872
96.74,-7.922592,-5,3.83752,3.436022,-9.893888,-3.523618,4.267631,4.198502
96.76,315.7718,-5,3.375815,3.404531,-17.72595,-13.18991,5.61723,4.708992
96.78,253.7046,-5,3.707223,3.613269,28.3046,12.07368,5.684711,5.056181
96.8,35.69461,-5,3.566696,3.903101,-11.25267,22.62487,4.60503,4.554633
96.82,118.449,-5,3.639472,4.120587,21.17483,7.452085,4.60503,4.32167
96.84,137.6609,-5,4.626584,4.407353,47.78552,2.546476,4.60503,4.332166
96.86,201.3391,-5,4.688959,4.601058,-1.512206,1.214033,4.94243,4.512738
96.88,15.38397,-5,4.459217,4.57921,-8.107629,7.20539,3.93023,3.92774
96.9,340.2211,-5,4.566078,4.725863,8.518332,-7.381674,5.34731,4.522393
96.92,71.21582,-5,4.878978,4.827717,18.79314,14.35932,4.267631,4.17609
96.94,189.0556,-5,4.636269,4.980143,-11.87862,2.552344,4.60503,4.175487
96.96,181.3929,-5,4.789922,5.052314,17.02215,6.176833,4.53755,4.139346
96.98,212.4261,-5,4.898068,5.203839,-4.779382,7.533196,4.67251,4.21414
97,16.81012,-5,4.743539,5.179022,4.90001,11.71365,3.525351,3.52643
97.02,171.3146,-5,5.322806,5.305477,22.13666,-7.014472,3.93023,3.530921
97.04,155.7194,-5,5.62675,5.325306,20.74734,-4.794232,3.86275,3.508954
97.06,221.2463,-5,5.476204,5.359937,-11.87862,-4.250529,4.20015,3.664456
97.08,267.6667,-5,5.172952,5.40259,-9.741216,3.904937,4.53755,3.888985
97.1,77.80621,-5,5.248678,5.501155,3.388559,13.4082,3.592831,3.436345
97.12,199.1395,-5,5.499692,5.682149,13.48017,-0.1410978,3.93023,3.457402
97.14,229.1318,-5,6.31031,5.96608,38.80842,0.5698352,4.20015,3.712078
97.16,103.1583,-5,6.495125,6.164359,3.159552,3.255062,3.660311,3.481514
97.18,189.9922,-5,6.340098,6.225574,-0.5809073,-7.03616,3.93023,3.470447
97.2,70.65088,-5,6.633239,6.193969,15.35803,-6.282827,3.25543,3.070877
97.22,18.84802,-5,6.274854,5.924176,-14.38244,-16.8487,2.58063,2.416199
97.24,163.1212,-5,6.242957,5.613592,4.365659,-28.78712,2.918031,2.323745
97.26,127.5479,-5,6.061543,5.286842,-14.15343,-21.57945,2.64811,2.119768
97.28,42.73523,-5,5.274209,4.862401,-47.39008,-18.00524,1.90583,1.5124
97.3,82.30896,-5,4.571559,4.374696,-30.42825,-21.89396,1.568431,0.9996932
97.32,29.58533,-5,4.736516,4.041531,9.419095,-21.20521,0.89363,0.463328
97.34,213.5203,-5,4.440582,3.818266,-20.64198,-24.77912,1.500951,0.6084183
97.36,160.1075,-5,3.956391,3.623053,-28.76412,-6.972396,1.23103,0.5085967
97.38,125.2661,-5,3.754276,3.641798,-17.93969,0.02522191,0.89363,0.300592
97.4,46.1377,-5,3.836228,3.700494,11.52597,0.6995215,0.2188301,-0.1449422
97.42,-11.84741,-5,4.37527,3.786903,26.83895,-8.823364,-0.4559698,-0.6570119
97.44,186.2405,-5,4.633336,3.843903,11.37329,-21.48804,0.2863102,-0.4079596
97.46,86.90857,-5,4.580011,3.79733,-8.046558,-9.791653,-0.1185694,-0.5430266
97.48,-164.1403,-5,4.343553,3.611644,-9.191597,-11.87273,-1.738089,-1.597932
97.5,148.696,-5,4.586167,3.484886,9.587034,-38.97569,-0.7258892,-1.422644
97.52,0.3154297,-5,4.353364,3.116212,-13.58854,-24.75977,-1.46817,-1.80441
97.54,61.31189,-5,3.764552,2.818825,-28.29084,-28.3516,-1.46817,-2.011728
97.56,198.3395,-5,3.931575,2.769117,4.121384,-24.84523,-0.7933693,-1.62943
97.58,-127.7493,-5,3.826586,2.677756,-13.31374,-8.927288,-2.412889,-2.413169
97.6,-58.5188,-5,3.181672,2.399546,-24.53511,-29.22348,-2.75029,-3.037442
97.62,129.9275,-5,3.662419,2.229941,15.58704,-36.94557,-2.075489,-2.809551
97.64,41.18103,-5,3.538644,2.089032,-3.283198,-22.71699,-2.412889,-2.887857
97.66,-47.62219,-5,2.878955,1.880046,-40.76413,-20.28138,-3.08769,-3.384118
97.68,-13.52014,-5,1.979376,1.45135,-44.8252,-24.65403,-3.425089,-3.884188
97.7,156.1686,-5,2.496846,1.398882,21.35803,-25.52863,-2.75029,-3.552871
97.72,-152.3651,-5,2.493063,1.310127,1.373291,-9.506697,-4.30233,-4.288288
97.74,63.30164,-5,2.219443,1.26168,-22.32137,-28.86753,-3.695009,-4.264605
97.76,-39.50549,-5,2.14969,1.048308,4.014514,-19.81646,-4.30233,-4.598481
97.78,-113.1467,-5,2.281607,0.9348106,2.961078,-24.88756,-4.977129,-5.094098
97.8,59.04749,-5,2.297835,0.8261019,-7.115261,-35.46233,-4.36981,-4.928715
97.82,-21.73499,-5,1.780661,0.5540335,-22.29084,-23.44805,-4.774689,-5.138332
97.84,-68.40771,-5,1.00579,0.2258986,-44.06184,-21.22376,-5.314529,-5.606574
97.86,-100.4611,-5,0.2147958,-0.2562315,-38.33664,-21.97635,-5.989328,-6.255596
97.88,102.6074,-5,0.6558691,-0.3531176,24.91528,-26.85447,-5.247049,-5.947158
97.9,-114.7322,-5,0.7954572,-0.3972764,14.10612,-10.39104,-6.259249,-6.338358
97.92,2.088135,-5,0.7309879,-0.323222,-10.91679,-21.08132,-5.92185,-6.289898
97.94,51.71423,-5,0.5210803,-0.3535851,-11.66488,-15.49272,-5.65193,-6.115948
97.96,76.21643,-5,0.5448484,-0.2101074,1.693902,-6.747695,-5.38201,-5.837516
97.98,-113.5522,-5,0.40364,-0.1215284,-2.24503,1.65671,-6.326729,-6.279758
98,-41.09436,-5,0.2245152,-0.1242993,-1.298465,-11.28951,-6.326729,-6.491457
98.02,-15.37476,-5,0.9697438,-0.02518728,44.54888,-14.97692,-6.259249,-6.429988
98.04,-211.1045,-5,1.590869,0.05412033,35.60231,-17.30207,-7.27145,-6.936222
98.06,81.27551,-5,1.889798,0.1576483,3.22062,-39.12476,-5.92185,-6.350624
98.08,-158.6188,-5,1.166507,-0.2005218,-44.58092,-21.9946,-6.93405,-6.821506
98.1,-22.23206,-5,0.255386,-0.5799837,-47.39008,-31.71814,-6.596649,-6.926008
98.12,-2.631592,-5,-0.2264066,-0.9753911,-12.38244,-22.72743,-6.596649,-6.978776
98.14,-1.295288,-5,-0.2079574,-1.067554,-5.466405,-14.86638,-6.596649,-6.923824
98.16,-11.57983,-5,-0.05104558,-0.9630213,11.35803,-10.05405,-6.596649,-6.834547
98.18,-32.59314,-5,0.4853594,-0.6855561,24.28933,-9.714514,-6.596649,-6.712656
98.2,-60.62085,-5,0.7221513,-0.4680088,10.5336,-12.43306,-6.664129,-6.691189
98.22,-48.65027,-5,0.7388172,-0.3829351,-0.09235785,-17.09128,-6.596649,-6.669251
98.24,-62.68982,-5,0.7337629,-0.4001548,-2.504572,-18.97707,-6.664129,-6.718389
98.26,-56.5127,-5,0.6811215,-0.4672825,-4.061825,-21.47711,-6.664129,-6.753522
98.28,-39.59546,-5,0.5411542,-0.5747993,-6.47404,-22.02179,-6.596649,-6.745417
98.3,-39.35376,-5,0.3492232,-0.693424,-10.67251,-20.03953,-6.596649,-6.755797
98.32,-36.22363,-5,0.1678175,-0.7909128,-10.36717,-18.10145,-6.596649,-6.766469
98.34,-44.91199,-5,0.04600948,-0.8629301,-6.855718,-16.12015,-6.664129,-6.807796
98.36,-14.85693,-5,-0.02939805,-0.8893217,-2.275565,-15.37938,-6.529169,-6.736005
98.38,-36.68127,-5,-0.0006601438,-0.8711188,0.5488637,-11.97473,-6.596649,-6.72409
98.4,-47.79199,-5,-0.03219642,-0.8437551,-0.962587,-11.8436,-6.664129,-6.754295
98.42,-46.28845,-5,0.130339,-0.7866459,7.693904,-13.42294,-6.664129,-6.741939
98.44,-37.55884,-5,0.2189096,-0.7409078,3.22062,-14.59017,-6.596649,-6.687129
98.46,-101.1963,-5,0.1594563,-0.7815039,-2.412969,-14.41233,-6.93405,-6.87819
98.48,-77.22778,-5,0.1980783,-0.8428743,0.8084057,-20.85621,-6.93405,-6.959673
98.5,-68.276,-5,0.181584,-0.9611342,-1.954954,-22.64731,-6.93405,-6.99701
98.52,-76.58179,-5,0.08715588,-1.092432,-6.657246,-22.65291,-7.00153,-7.058435
98.54,-54.50085,-5,-0.1622109,-1.245651,-15.1458,-22.64361,-6.93405,-7.066059
98.56,-48.61987,-5,-0.5073007,-1.421223,-18.85572,-19.25036,-6.93405,-7.09301
98.58,192.5109,-5,-0.8669818,-1.416754,-18.94733,-14.69275,-5.58445,-6.30613
98.6,-126.7478,-5,-1.134252,-1.392212,-11.26793,13.08868,-6.86657,-6.717106
98.62,93.04639,-5,-0.9322406,-1.046978,11.99925,-1.087614,-5.92185,-6.281055
98.64,-23.27539,-5,-0.5635523,-0.7938172,26.38093,10.41123,-6.259249,-6.245126
98.66,-28.14441,-5,-0.2545574,-0.4738753,18.90001,5.23316,-6.259249,-6.201783
98.68,-30.71851,-5,-0.08192922,-0.301266,12.02978,0.7577884,-6.259249,-6.192365
98.7,-46.63733,-5,0.6257529,-0.06602335,35.05269,-4.85714,-6.259249,-6.122336
98.72,-124.2888,-5,1.088357,0.06524119,21.00689,-11.89506,-6.596649,-6.281861
98.74,-59.74597,-5,1.126095,0.01576313,-1.145793,-24.45365,-6.326729,-6.242409
98.76,-53.82007,-5,0.8346794,-0.2331284,-22.33664,-25.27518,-6.259249,-6.255785
98.78,24.61353,-5,0.1360512,-0.5548674,-38.68779,-22.75641,-5.85437,-6.107728
98.8,-169.3239,-5,-0.6668733,-1.01492,-43.42061,-10.88844,-6.93405,-6.759207
98.82,-70.94568,-5,-1.296219,-1.443508,-18.00076,-20.48282,-6.93405,-7.073527
98.84,130.8372,-5,-0.9285249,-1.535764,17.72444,-17.72443,-5.92185,-6.484277
98.86,33.17749,-5,-0.7712128,-1.368489,6.930545,3.900818,-5.989328,-6.190946
98.88,0.7110596,-5,-0.8537739,-1.057264,-1.481671,8.605268,-5.989328,-6.061008
98.9,-62.33057,-5,-0.5009665,-0.7493668,20.42673,7.17169,-6.259249,-6.133845
98.92,115.5239,-5,0.05570888,-0.3483803,34.47254,-1.621445,-5.247049,-5.514313
98.94,0.7807617,-5,0.58393,0.03298609,25.35803,8.676466,-5.38201,-5.290398
98.96,-239.1866,-5,0.8578622,0.2489516,14.59467,2.485327,-6.596649,-5.94306
98.98,-164.4054,-5,1.532759,0.2963272,32.15193,-28.12483,-6.596649,-6.218606
99,-142.6907,-5,1.90176,0.03620476,19.14429,-42.09096,-6.596649,-6.359815
99.02,-82.90112,-5,1.492546,-0.4157589,-28.0313,-47.73486,-6.326729,-6.350289
99.04,-229.8243,-5,0.1067093,-1.249203,-71.43589,-41.17682,-7.27145,-7.090159
99.06,-54.2489,-5,-1.323232,-2.142558,-77.16109,-46.7441,-6.93405,-7.333026
99.08,201.8289,-5,-2.112667,-2.69953,-30.22977,-29.53743,-5.65193,-6.643674
99.1,104.1642,-5,-2.269713,-2.645333,-11.02366,8.215863,-5.65193,-6.214624
99.12,3.812378,-5,-2.522936,-2.247286,1.296956,24.07149,-5.989328,-6.180924
99.14,-48.8999,-5,-1.665956,-1.618726,49.02216,21.51159,-6.259249,-6.193056
99.16,110.7335,-5,-0.6955479,-0.9048195,49.44964,11.65119,-5.314529,-5.535535
99.18,-46.04028,-5,0.2979706,-0.2450658,40.44201,17.78946,-5.65193,-5.376928
99.2,-290.8734,-5,0.9224511,0.1447527,27.3275,3.412548,-6.93405,-6.089112
99.22,-38.87878,-5,1.400887,0.2357781,24.59467,-32.07621,-5.989328,-5.882839
99.24,-82.11401,-5,1.688057,0.0387198,10.04505,-31.11427,-5.989328,-5.82235
99.26,-30.72974,-5,1.498958,-0.1401585,-14.87099,-34.16331,-5.58445,-5.613308
99.28,-207.0829,-5,0.4412788,-0.6841247,-58.04657,-27.84549,-6.529169,-6.248886
99.3,105.2375,-5,-0.7931665,-1.268511,-62.01604,-36.87423,-5.314529,-5.931997
99.32,76.09314,-5,-1.378793,-1.672959,-10.85572,-9.304222,-5.247049,-5.733357
99.34,29.53674,-5,-1.226898,-1.517174,1.999246,5.426167,-5.314529,-5.568427
99.36,13.90039,-5,-1.145674,-1.212715,1.052681,10.22487,-5.314529,-5.453359
99.38,-223.6989,-5,-0.5894552,-0.9512205,36.06033,9.505814,-6.596649,-6.101488
99.4,10.50366,-5,0.4313192,-0.5736365,53.15957,-18.01667,-5.65193,-5.724043
99.42,-48.80786,-5,0.8856819,-0.4337452,29.98399,-14.1019,-5.65193,-5.55454
99.44,-80.54883,-5,1.117881,-0.2927829,8.915278,-18.3515,-5.65193,-5.497436
99.46,-88.63782,-5,1.018173,-0.3342012,-7.863354,-24.07536,-5.65193,-5.539021
99.48,-12.7522,-5,0.7449461,-0.4889679,-14.80992,-27.64212,-5.247049,-5.381021
99.5,-55.58679,-5,0.368454,-0.7103407,-21.35954,-21.15585,-5.38201,-5.442342
99.52,-202.5758,-5,-0.1405662,-1.046018,-24.90153,-19.85094,-6.326729,-6.087584
99.54,-101.3943,-5,-0.4211087,-1.409856,-17.06946,-32.84408,-6.259249,-6.342938
99.56,-85.1228,-5,-0.4327532,-1.748415,-4.031291,-31.19154,-6.326729,-6.455101
99.58,-70.30493,-5,-0.7115628,-2.000985,-14.47404,-27.52769,-6.326729,-6.495683
99.6,-51.73877,-5,-1.413508,-2.286518,-38.79466,-21.23497,-6.326729,-6.561818
99.62,-27.81677,-5,-2.103579,-2.540938,-38.19924,-12.84237,-6.326729,-6.618655
99.64,-53.44861,-5,-2.577502,-2.706784,-5.909153,-3.330185,-6.596649,-6.790686
99.66,119.5303,-5,-1.899351,-2.374669,37.34277,-1.517194,-5.65193,-6.138095
99.68,-36.10114,-5,-1.123703,-1.830302,33.49544,14.42518,-5.989328,-5.931205
99.7,-113.9539,-5,-0.4290083,-1.223922,36.06033,6.808662,-6.259249,-5.952909
99.72,52.43597,-5,0.4777289,-0.6449978,42.22827,-8.756884,-5.247049,-5.317458
99.74,-271.6132,-5,0.9718583,-0.4192733,21.70918,-4.452118,-6.596649,-5.870587
99.76,42.88751,-5,0.6621873,-0.4051493,-27.45115,-32.81191,-5.247049,-5.431434
99.78,-5.765869,-5,-0.05830562,-0.7725755,-33.97023,-17.39385,-5.247049,-5.362562
99.8,-6.176819,-5,-0.823896,-1.042054,-38.73359,-9.575878,-5.247049,-5.398081
99.82,-7.598145,-5,-1.183225,-1.201653,-3.664878,-3.255623,-5.314529,-5.4541
99.84,-79.34595,-5,-0.3147618,-1.00414,31.72445,-2.273354,-5.65193,-5.52648
99.86,-126.024,-5,0.2801768,-0.7893904,30.94582,-10.97875,-5.92185,-5.662575
99.88,-135.7048,-5,1.020375,-0.6250386,32.47254,-23.99035,-5.989328,-5.717957
99.9,37.03021,-5,1.229691,-0.5546777,5.098484,-33.94231,-4.977129,-5.17008
99.92,-199.0558,-5,0.4609642,-0.8771045,-47.9397,-20.92513,-5.989328,-5.676954
99.94,-38.64917,-5,-0.7660558,-1.370244,-65.63436,-31.88802,-5.58445,-5.814878
99.96,1.214539,-5,-1.96779,-2.032072,-41.39008,-18.84763,-5.58445,-5.966309
99.98,5.001526,-5,-1.619645,-2.117648,9.892378,-7.365947,-5.58445,-5.868762
100,-65.27014,-5,-1.527182,-2.00817,10.35039,0.1947143,-5.92185,-5.955849
100.02,99.7832,-5,-0.8918809,-1.588016,33.48018,-3.664234,-4.977129,-5.325467
100.04,5.893066,-5,-0.1982352,-1.065544,30.01452,8.115038,-4.977129,-4.974163
100.06,-246.1165,-5,0.06447025,-0.7226261,13.02215,5.069126,-6.191769,-5.570048
100.08,-23.33234,-5,0.2651762,-0.5895491,19.40383,-22.74206,-5.38201,-5.393592
100.1,-42.9729,-5,0.9520983,-0.5330324,41.63285,-20.91389,-5.247049,-5.185665
100.12,-100.2465,-5,1.419082,-0.38942,19.40383,-23.36978,-5.314529,-5.113441
100.14,-124.2856,-5,1.347763,-0.4289709,-12.3519,-30.62627,-5.38201,-5.194705
100.16,-30.57617,-5,0.5237101,-0.7714248,-44.99313,-34.95859,-4.977129,-5.137737
100.18,-188.0601,-5,-0.3972011,-1.348584,-47.92443,-25.63123,-5.92185,-5.781257
100.2,-95.07043,-5,-1.013626,-1.858166,-22.51984,-33.28236,-5.92185,-6.087471
100.22,-78.4624,-5,-0.7971294,-2.149511,10.85421,-29.68961,-5.989328,-6.161707
100.24,-62.4519,-5,-0.7757934,-2.25114,-1.191595,-25.69053,-5.92185,-6.099457
100.26,-64.70886,-5,-1.07891,-2.328117,-16.88626,-20.40513,-5.92185,-6.083102
100.28,-66.52429,-5,-1.531438,-2.43002,-24.47404,-15.61784,-5.989328,-6.146416
100.3,-47.03644,-5,-1.883205,-2.512065,-17.2832,-11.41216,-5.989328,-6.180036
100.32,130.5128,-5,-1.726085,-2.31188,9.861844,-6.77747,-4.977129,-5.519027
100.34,-177.7728,-5,-1.490562,-2.067162,14.64047,12.9601,-6.259249,-5.93693
100.36,43.19226,-5,-1.138165,-1.648905,22.21299,-5.92266,-5.314529,-5.519093
100.38,-11.53455,-5,-0.3709647,-1.263052,31.61758,1.374255,-5.247049,-5.222037
100.4,-110.668,-5,-0.06769712,-0.9258389,12.80841,-0.4974666,-5.58445,-5.298019
100.42,-106.5807,-5,-0.05245155,-0.826003,5.800774,-11.82152,-5.65193,-5.429825
100.44,67.78516,-5,0.1586296,-0.7558196,12.45726,-19.26073,-4.707209,-4.929952
100.46,-165.2825,-5,0.1471788,-0.8139169,-7.038925,-6.926471,-5.65193,-5.2959
100.48,-94.71478,-5,-0.3282341,-0.9824031,-25.66489,-20.69941,-5.58445,-5.498958
100.5,-83.74011,-5,-0.7619175,-1.361573,-22.90153,-21.25117,-5.71941,-5.72168
100.52,-34.14789,-5,-0.9187445,-1.622317,-8.214498,-19.93409,-5.58445,-5.717729
100.54,-46.0528,-5,-1.132735,-1.794131,-8.58091,-13.36329,-5.65193,-5.742533
100.56,120.2211,-5,-1.255717,-1.736746,-3.939687,-9.451586,-4.707209,-5.165259
100.58,-7.363892,-5,-1.057876,-1.496626,9.251156,9.152499,-4.977129,-5.017177
100.6,-23.86255,-5,-0.8864155,-1.130965,9.861844,7.995696,-4.977129,-4.933049
100.62,-41.49805,-5,-0.2334552,-0.7458719,39.60231,3.386975,-4.977129,-4.84117
100.64,96.77692,-5,0.5126785,-0.2700932,41.08323,-3.605719,-4.03241,-4.185292
100.66,2.427429,-5,0.9220814,0.1289347,18.51834,4.31772,-4.03241,-3.905897
100.68,-195.55,-5,1.012336,0.3148516,-0.8404495,-0.6711571,-4.977129,-4.411126
100.7,-111.7717,-5,0.937192,0.1922176,1.495429,-23.68461,-4.909649,-4.675241
100.72,-108.5189,-5,1.494836,-0.007472187,22.09085,-32.37081,-4.977129,-4.792812
100.74,-117.2534,-5,1.550084,-0.2653293,1.953444,-38.06583,-5.044609,-4.904432
100.76,-45.11066,-5,1.062786,-0.628579,-33.60382,-41.0084,-4.707209,-4.834533
100.78,-197.7273,-5,-0.2184425,-1.320766,-71.20689,-31.73911,-5.65193,-5.524929
100.8,-27.22168,-5,-1.477079,-2.036391,-66.15344,-36.63817,-5.314529,-5.723673
100.82,9.798889,-5,-2.289269,-2.626906,-10.77938,-19.87379,-5.314529,-5.799239
100.84,168.4088,-5,-1.939356,-2.501722,14.99162,-5.85564,-4.36981,-5.08791
100.86,80.40485,-5,-1.958462,-2.09876,-3.008389,19.52649,-4.36981,-4.708706
100.88,-27.03137,-5,-1.375448,-1.418935,30.68628,25.37048,-4.707209,-4.649724
100.9,-91.32159,-5,-0.1235328,-0.6637846,60.60995,14.12049,-4.977129,-4.665786
100.92,-89.89478,-5,0.5937183,-0.1989416,39.55651,-2.187524,-4.977129,-4.672067
100.94,-87.33954,-5,0.7906761,-0.09124231,8.793141,-13.48487,-4.977129,-4.736292
100.96,-77.9599,-5,0.666947,-0.2276041,-11.63435,-20.30188,-4.977129,-4.833992
100.98,-68.11176,-5,0.05302103,-0.5895361,-36.59619,-21.84075,-5.044609,-5.015698
101,-23.85657,-5,-0.642278,-1.016184,-37.90916,-19.50562,-4.977129,-5.12116
101.02,-168.7115,-5,-1.532811,-1.575386,-39.11527,-10.85744,-5.989328,-5.834976
101.04,98.37543,-5,-1.633739,-1.801541,11.87711,-19.01528,-4.977129,-5.476975
101.06,195.2957,-5,-1.075442,-1.580963,19.25116,1.044408,-4.03241,-4.606892
101.08,79.06073,-5,-0.9478094,-1.057311,2.915277,23.6382,-4.03241,-4.179555
101.1,-196.8169,-5,-0.8973256,-0.6414326,9.999249,26.18248,-5.38201,-4.821952
101.12,35.99933,-5,0.3557327,-0.08147979,58.93056,-3.81441,-4.43729,-4.42823
101.14,-74.23901,-5,1.10453,0.1891626,37.1443,-2.753556,-4.707209,-4.395525
101.16,-70.64795,-5,1.24444,0.3166836,5.373293,-13.68174,-4.639729,-4.396577
101.18,-17.479,-5,1.293424,0.2808624,0.07558119,-20.62514,-4.30233,-4.250668
101.2,-30.36786,-5,1.178155,0.1579276,-6.397704,-19.48865,-4.23485,-4.196523
101.22,-0.1730957,-5,0.7525802,-0.02151993,-24.64198,-18.57575,-4.03241,-4.123883
101.24,1.922791,-5,0.01250467,-0.3090643,-38.77939,-12.44634,-4.03241,-4.182086
101.26,30.3783,-5,-0.5440472,-0.5419359,-26.68779,-6.274891,-3.96493,-4.201212
101.28,16.20795,-5,0.06659819,-0.4004034,34.22826,-1.37546,-3.96493,-4.080646
101.3,-5.079773,-5,0.4372532,-0.1491696,25.3733,-0.8131638,-3.96493,-3.978269
101.32,-36.29193,-5,0.8795609,0.1121878,27.20536,-4.108415,-4.03241,-3.945679
101.34,-36.12311,-5,1.315733,0.328167,18.59467,-10.89421,-3.96493,-3.880008
101.36,-210.7739,-5,1.51019,0.2998075,5.907644,-16.39327,-4.909649,-4.446213
101.38,-147.4888,-5,1.452591,0.04176843,-6.519841,-37.51174,-4.977129,-4.792617
101.4,-113.2936,-5,1.093969,-0.4838587,-18.1687,-43.91545,-5.044609,-5.050374
101.42,-21.19257,-5,0.5030853,-1.008815,-32.48931,-42.61624,-4.707209,-5.010492
101.44,-18.29364,-5,-0.3735364,-1.495465,-45.55802,-29.52824,-4.707209,-5.04976
101.46,59.92633,-5,-1.298204,-1.821249,-50.50459,-17.33282,-4.36981,-4.905807
101.48,50.56238,-5,-2.192238,-2.029227,-44.80993,1.66888,-4.43729,-4.906017
101.5,12.44769,-5,-2.259771,-1.918483,26.3962,13.48656,-4.707209,-4.978839
101.52,-28.9635,-5,-1.510631,-1.505204,40.86949,14.90761,-4.977129,-5.016666
101.54,130.879,-5,-0.571096,-0.86752,45.69392,8.918322,-4.03241,-4.344459
101.56,-27.02429,-5,0.3617935,-0.2144527,45.69392,17.84538,-4.36981,-4.170701
101.58,-46.46625,-5,1.189129,0.4282862,34.71682,5.025332,-4.30233,-4.028754
101.6,-64.58862,-5,1.531834,0.7168506,13.03742,-6.573346,-4.30233,-4.029238
101.62,-69.46667,-5,1.295432,0.6319796,-13.40534,-15.31993,-4.36981,-4.181647
101.64,-55.24762,-5,0.8434113,0.3089694,-26.0771,-20.11874,-4.43729,-4.381226
101.66,55.33893,-5,0.361384,-0.03190294,-28.22977,-20.07237,-3.96493,-4.236942
101.68,15.63739,-5,-0.1077488,-0.3082511,-24.32137,-7.360547,-4.09989,-4.274099
101.7,35.5014,-5,-0.3954416,-0.3984931,-4.779382,-1.972033,-4.03241,-4.240679
101.72,24.03516,-5,-0.06370118,-0.2630681,19.61757,2.492848,-4.03241,-4.148326
101.74,2.625,-5,0.490405,0.03323281,25.3275,2.426512,-4.03241,-4.033408
101.76,-234.2283,-5,1.261697,0.268948,35.40384,-2.840328,-5.247049,-4.648073
101.78,-170.598,-5,1.733624,0.2807285,21.06796,-31.85996,-5.314529,-4.97205
101.8,-133.9545,-5,1.783684,-0.07145825,-1.313733,-44.80886,-5.314529,-5.170421
101.82,-112.9644,-5,1.400618,-0.5719374,-20.61145,-48.44253,-5.314529,-5.325173
101.84,-33.96692,-5,0.709843,-1.087366,-44.18397,-46.33183,-4.977129,-5.263915
101.86,21.63074,-5,-0.575897,-1.651033,-71.87864,-32.55348,-4.707209,-5.191845
101.88,-124.4526,-5,-1.970763,-2.254049,-72.7794,-13.46485,-5.65193,-5.815022
101.9,143.6879,-5,-2.910725,-2.587095,-16.76412,-11.9916,-4.707209,-5.523931
101.92,41.83856,-5,-2.115771,-2.349822,27.73971,13.35125,-4.977129,-5.321083
101.94,7.890869,-5,-1.749614,-1.807392,13.34276,18.61606,-5.044609,-5.171667
101.96,165.416,-5,-1.150418,-1.11566,31.67865,17.10226,-4.03241,-4.428751
101.98,9.468445,-5,-0.08125778,-0.3164887,54.99163,28.33427,-4.30233,-4.156925
102,-23.49786,-5,0.4966235,0.3800269,24.91528,18.07808,-4.30233,-4.04439
102.02,-109.9119,-5,1.123319,0.7672765,40.62521,5.722515,-4.707209,-4.256022
102.04,-94.57068,-5,2.307784,1.093765,54.04507,-15.16697,-4.639729,-4.247189
102.06,-114.4227,-5,2.94243,1.162866,26.22826,-29.63533,-4.639729,-4.267863
102.08,-46.56189,-5,2.222607,0.7940776,-43.52748,-38.73355,-4.30233,-4.260555
102.1,-145.6357,-5,0.8380779,0.00209573,-69.78704,-33.54144,-4.977129,-4.863272
102.12,-209.9216,-5,-0.5198338,-0.9803354,-69.03895,-35.90434,-5.92185,-5.816679
102.14,116.1288,-5,-0.7277443,-1.571958,-0.1992282,-42.78474,-4.707209,-5.426776
102.16,61.91156,-5,-0.705383,-1.772905,0.07558119,-14.47219,-4.639729,-5.100733
102.18,-148.5186,-5,-1.071399,-1.759076,-20.44351,-0.3917174,-5.65193,-5.545661
102.2,-71.09644,-5,-1.453124,-1.797123,-14.80992,-10.98302,-5.65193,-5.767833
102.22,122.4174,-5,-0.8330994,-1.599922,22.70154,-11.81708,-4.639729,-5.142423
102.24,-180.6071,-5,-0.6915902,-1.452181,6.350392,6.226065,-5.92185,-5.600152
102.26,53.32013,-5,-0.7871028,-1.241478,-3.832817,-11.74197,-4.977129,-5.259099
102.28,-12.50934,-5,-0.2493036,-1.03979,28.88475,-1.808808,-5.044609,-5.084402
102.3,-29.47253,-5,0.1066415,-0.7220557,14.64047,-3.081748,-4.977129,-4.936419
102.32,-43.96362,-5,0.1094817,-0.5581654,-0.07709067,-5.64414,-4.977129,-4.9118
102.34,-39.44824,-5,-0.0993312,-0.5630028,-2.199229,-8.091816,-4.977129,-4.957063
102.36,-41.35846,-5,0.2112426,-0.5116577,14.33513,-10.30611,-4.977129,-4.943123
102.38,-45.19604,-5,0.2730646,-0.4996097,4.075583,-12.18247,-4.977129,-4.943017
102.4,-46.11371,-5,0.2489127,-0.5331945,1.022146,-13.74284,-4.977129,-4.959781
102.42,-47.96667,-5,0.3203307,-0.5618099,1.678635,-15.12445,-4.977129,-4.965841
102.44,-48.63171,-5,0.2827034,-0.6161606,-2.672511,-16.11437,-4.977129,-4.981487
102.46,-49.61249,-5,0.296575,-0.6653154,0.6404669,-16.89942,-4.977129,-4.991115
102.48,-50.6571,-5,0.2867908,-0.7150028,-0.6267089,-17.50031,-4.977129,-5.000511
102.5,-51.15594,-5,0.2590865,-0.7670088,-2.092359,-17.92399,-4.977129,-5.011251
102.52,-50.94336,-5,0.2168576,-0.8209075,-2.596175,-18.12435,-4.977129,-5.022836
102.54,-72.79358,-5,0.1457466,-0.8953236,-3.496939,-18.05543,-5.112089,-5.11779
102.56,-37.6438,-5,0.1017767,-0.9545061,-2.061824,-20.0229,-4.977129,-5.081587
102.58,-55.57837,-5,0.08187842,-1.007535,-1.817549,-17.73865,-5.044609,-5.103008
102.6,-40.45831,-5,0.0001219716,-1.037827,-5.771749,-17.74482,-4.977129,-5.077383
102.62,-53.18347,-5,-0.118486,-1.085896,-4.916787,-15.8464,-5.044609,-5.116357
102.64,136.8324,-5,-0.1200353,-0.9703958,-0.4282355,-15.46503,-3.96493,-4.474689
102.66,40.06274,-5,-0.1336081,-0.7644145,-0.550373,3.986728,-4.03241,-4.220842
102.68,-150.7562,-5,-0.09987396,-0.5360869,0.6404669,6.606183,-4.977129,-4.675503
102.7,74.16968,-5,0.2103464,-0.2925578,17.87712,-11.58053,-4.03241,-4.296292
102.72,7.095703,-5,1.001075,-0.008830398,41.35804,-3.551174,-4.03241,-4.047253
102.74,-251.9082,-5,1.798732,0.2942289,39.34277,-8.209049,-5.247049,-4.609469
102.76,-190.6927,-5,2.511255,0.4063213,33.90766,-39.87518,-5.247049,-4.860199
102.78,-121.8599,-5,2.69041,0.1355805,7.87711,-55.17757,-4.977129,-4.876238
102.8,-74.93591,-5,2.058556,-0.3703328,-41.74123,-56.20103,-4.707209,-4.845579
102.82,-169.9017,-5,0.7641147,-1.116268,-68.50459,-48.07395,-5.314529,-5.354667
102.84,-243.0164,-5,-0.6826892,-2.049003,-70.38245,-47.77718,-6.259249,-6.271338
102.86,112.5891,-5,-1.70772,-2.791873,-41.87863,-50.98112,-4.977129,-5.924046
102.88,-115.662,-5,-1.840279,-3.168849,-12.36717,-17.09784,-5.989328,-6.243021
102.9,-53.45941,-5,-2.095012,-3.140588,-11.51221,-16.82878,-5.92185,-6.271889
102.92,-42.8869,-5,-2.447595,-3.14997,-15.95496,-9.112616,-5.989328,-6.311511
102.94,152.2815,-5,-2.733614,-2.971582,-6.641978,-1.514924,-4.977129,-5.692178
102.96,0.8480835,-5,-2.332639,-2.520238,22.28933,21.77634,-5.38201,-5.544234
102.98,-18.1026,-5,-1.628526,-1.810554,44.88476,19.566,-5.38201,-5.374279
103,64.38092,-5,-0.3910751,-0.9779405,63.9382,12.32909,-4.707209,-4.777377
103.02,-69.91223,-5,0.5585868,-0.2733363,44.3046,12.57807,-4.977129,-4.636567
103.04,-88.7843,-5,1.022933,0.1833534,24.01452,-2.399652,-4.977129,-4.623152
103.06,-94.08679,-5,1.342669,0.3166947,11.4191,-15.3053,-4.977129,-4.675749
103.08,-88.80438,-5,1.257737,0.1721229,-6.703048,-24.12817,-4.977129,-4.779692
103.1,-73.14648,-5,0.8129653,-0.178229,-27.51221,-27.97468,-4.977129,-4.916102
103.12,-218.8378,-5,-0.03284079,-0.8023569,-44.15344,-26.49553,-5.989328,-5.688192
103.14,115.8807,-5,-0.9452637,-1.376981,-48.32138,-36.6685,-4.707209,-5.330536
103.16,73.83777,-5,-1.689021,-1.825317,-34.67252,-7.079034,-4.707209,-5.172051
103.18,55.22327,-5,-1.973632,-1.787364,-13.54274,9.196183,-4.707209,-5.032907
103.2,50.84894,-5,-2.200658,-1.589887,-6.672513,18.90335,-4.707209,-4.941301
103.22,-12.8335,-5,-1.476019,-1.140874,39.84659,22.40071,-4.977129,-4.932273
103.24,141.6057,-5,-0.6023227,-0.4917721,45.75499,15.74249,-4.03241,-4.261175
103.26,-183.525,-5,0.5226181,0.09384121,55.2359,22.66921,-5.314529,-4.641138
103.28,31.05066,-5,1.402575,0.6653532,42.93056,-8.184527,-4.30233,-4.189022
103.3,-38.84503,-5,1.899551,0.8658471,26.10612,-8.619888,-4.30233,-4.034749
103.32,-72.74817,-5,2.225163,0.9924829,12.13665,-17.15215,-4.30233,-4.008251
103.34,-240.7205,-5,2.065505,0.7438048,-7.634346,-26.10079,-5.247049,-4.666145
103.36,-154.6906,-5,1.716906,0.2222129,-18.55038,-47.85378,-5.247049,-5.053421
103.38,-62.94592,-5,1.261124,-0.4538709,-25.92443,-51.95934,-4.977129,-5.123387
103.4,-56.96429,-5,0.5613502,-1.073897,-38.68779,-43.11931,-4.977129,-5.201632
103.42,8.406677,-5,-0.4125115,-1.576012,-54.45879,-33.32726,-4.707209,-5.1373
103.44,86.98273,-5,-1.482483,-1.943249,-54.53513,-16.48533,-4.30233,-4.920931
103.46,17.27039,-5,-1.768157,-1.968178,17.11375,3.478329,-4.572248,-4.922056
103.48,-63.20447,-5,-0.9670858,-1.558214,43.41911,6.830529,-4.977129,-4.994665
103.5,-63.20038,-5,0.02725317,-1.025315,52.77789,-2.380595,-4.977129,-4.907981
103.52,73.36267,-5,1.050424,-0.4278169,46.01453,-11.54949,-4.03241,-4.22701
103.54,-173.1269,-5,1.491213,-0.0799737,7.464897,-5.666938,-4.909649,-4.47595
103.56,-122.3972,-5,0.5142178,-0.2559129,-48.35192,-23.40463,-4.977129,-4.837917
103.58,-213.834,-5,-0.5057926,-0.9647467,-41.64962,-26.88412,-5.92185,-5.70851
103.6,-117.0355,-5,-0.5760928,-1.537771,-6.336635,-38.18613,-5.989328,-6.075709
103.62,143.0132,-5,-0.6447697,-1.841674,-5.023657,-35.16565,-4.707209,-5.40354
103.64,59.4613,-5,-1.27854,-1.97174,-42.59619,-4.796038,-4.707209,-5.116725
103.66,112.4966,-5,-2.575504,-1.998233,-69.34429,11.3661,-4.36981,-4.89115
103.68,62.96191,-5,-3.712394,-2.068357,-23.69542,31.22192,-4.707209,-5.058479
103.7,11.67371,-5,-2.470791,-1.521389,53.02217,35.1399,-5.044609,-5.071076
103.72,-40.23315,-5,-1.282584,-0.838149,59.43438,28.53897,-5.314529,-5.076549
103.74,60.95074,-5,0.07772458,-0.07826784,69.0985,14.64686,-4.639729,-4.555368
103.76,-12.48175,-5,1.144043,0.5664436,47.28171,12.09487,-4.572248,-4.242862
103.78,-128.2859,-5,1.573447,0.9240216,12.5794,1.341456,-4.977129,-4.410419
103.8,-97.01697,-5,1.252262,0.799048,-18.67252,-16.41185,-4.977129,-4.635543
103.82,-5.954102,-5,0.7738641,0.3871318,-25.77176,-23.28486,-4.639729,-4.641144
103.84,6.018982,-5,0.2152783,-0.05751958,-29.61909,-16.77251,-4.572248,-4.661661
103.86,13.19586,-5,-0.4332393,-0.4196764,-34.13817,-9.105955,-4.572248,-4.713454
103.88,-0.1555786,-5,-0.8062905,-0.6475091,-3.466405,-2.109799,-4.707209,-4.814084
103.9,11.61218,-5,-0.3405149,-0.5564543,21.15956,-0.3753093,-4.639729,-4.712162
103.92,-84.04834,-5,0.2681323,-0.3447092,27.93818,-0.2480183,-5.044609,-4.828609
103.94,-70.83386,-5,0.9745259,-0.08491179,33.69392,-12.19652,-4.977129,-4.786423
103.96,-83.30737,-5,1.275574,-0.01129177,15.35803,-19.80348,-4.977129,-4.791154
103.98,-84.37018,-5,1.163588,-0.130176,-7.787018,-25.75846,-4.977129,-4.859732
104,-27.63196,-5,0.799709,-0.3723197,-22.65725,-28.51584,-4.707209,-4.800925
104.02,-66.74493,5,0.2969473,-0.6607336,-28.33664,-22.92353,-4.639729,-4.793312
104.04,-235.4286,5,-0.3677618,-1.112317,-32.01603,-21.37637,-5.65193,-5.456531
104.06,83.91602,5,-0.7011845,-1.437599,-7.451138,-35.78583,-4.30233,-4.93775
104.08,-228.8981,5,-0.7101142,-1.776653,-4.107626,-13.59071,-5.65193,-5.455972
104.1,9.742981,5,-0.8204993,-1.833951,-12.3519,-29.81279,-4.639729,-5.048721
104.12,-207.3976,5,-1.035188,-2.10088,-12.22977,-16.09985,-5.58445,-5.438103
104.14,-154.3038,5,-1.316584,-2.325863,-14.55038,-28.05703,-5.58445,-5.614988
104.16,16.10522,5,-1.432122,-2.529948,-6.458772,-29.90466,-4.707209,-5.148067
104.18,-47.5744,5,-1.765634,-2.662793,-15.74122,-12.85018,-4.707209,-4.935794
104.2,-71.61649,5,-2.123999,-2.664315,-22.55038,-6.846169,-4.707209,-4.844553
104.22,-76.39221,5,-2.403831,-2.679306,3.403826,-4.370456,-4.707209,-4.80869
104.24,-140.4749,5,-1.855046,-2.539477,31.2359,-5.185102,-4.977129,-4.851823
104.26,28.42319,5,-1.380014,-2.271631,18.4878,-13.44902,-3.96493,-4.203704
104.28,-66.03558,5,-1.142445,-2.050554,8.991614,-2.719454,-3.96493,-3.905667
104.3,-174.4134,5,-1.228591,-1.928483,-10.77938,-5.097116,-4.36981,-4.057919
104.32,-146.7939,5,-1.096062,-1.939161,10.68627,-18.07857,-4.30233,-4.099856
104.34,-156.101,5,-0.7470168,-2.031319,14.77788,-25.10925,-4.30233,-4.094254
104.36,-165.8447,5,-0.7963781,-2.236095,-4.3061,-30.61638,-4.30233,-4.1176
104.38,-173.4872,5,-1.333999,-2.632344,-34.18397,-33.53578,-4.36981,-4.246625
104.4,-143.3556,5,-2.421517,-3.246257,-58.03131,-32.62968,-4.36981,-4.420106
104.42,-94.56978,5,-3.576231,-3.911616,-59.16108,-25.1006,-4.30233,-4.529162
104.44,-74.51817,5,-4.276076,-4.373376,-24.0313,-12.84976,-4.30233,-4.55195
104.46,-143.17,5,-3.945428,-4.414631,12.36566,-3.978981,-4.639729,-4.610059
104.48,-39.9472,5,-3.517639,-4.175323,23.84658,-6.269153,-4.03241,-4.163632
104.5,48.36639,5,-2.844501,-3.692243,32.56414,0.6945138,-3.08769,-3.301552
104.52,-117.0991,5,-2.528983,-3.19272,13.69391,12.9911,-3.357609,-3.068363
104.54,-199.5733,5,-2.497462,-2.881251,7.022149,4.140032,-3.695009,-3.220253
104.56,-255.8394,5,-1.583147,-2.673473,45.0985,-13.28163,-4.03241,-3.426867
104.58,-143.9411,5,-0.9096209,-2.599575,31.1901,-32.59348,-3.425089,-3.134204
104.6,-194.8178,5,-0.9288619,-2.786676,-4.275566,-34.10888,-3.425089,-3.069334
104.62,-199.8133,5,-1.72489,-3.222437,-51.66489,-37.68238,-3.425089,-3.179008
104.64,-146.9502,5,-3.015216,-3.91364,-69.72597,-36.22183,-3.290129,-3.30099
104.66,-137.6945,5,-4.35793,-4.679964,-66.91681,-25.48002,-3.425089,-3.530412
104.68,7.453613,5,-4.844643,-5.049479,6.426728,-15.56807,-2.75029,-3.164679
104.7,-128.3317,5,-4.378674,-4.946078,23.43437,3.896213,-3.155169,-3.07614
104.72,-30.74689,5,-3.941834,-4.510719,22.97635,1.814915,-2.48037,-2.538638
104.74,13.56372,5,-3.204689,-3.911498,35.48018,8.067646,-1.738089,-1.773182
104.76,-150.7245,5,-2.744865,-3.348249,16.22826,14.9514,-2.075489,-1.625225
104.78,-70.78369,5,-2.229462,-2.827477,23.26643,1.361479,-1.46817,-1.202326
104.8,-200.086,5,-1.031265,-2.358504,50.33514,-3.756209,-1.738089,-1.10315
104.82,-327.6173,5,-0.6453946,-2.236663,15.72444,-21.81868,-2.345409,-1.484262
104.84,-117.0422,5,-0.8729447,-2.497061,-13.69542,-45.60046,-1.40069,-1.213942
104.86,-166.8614,5,-1.57648,-3.07523,-45.29848,-37.81744,-1.46817,-1.257895
104.88,-141.9874,5,-2.72054,-3.701068,-61.83284,-33.92406,-1.40069,-1.358299
104.9,-185.5381,5,-3.879951,-4.396294,-50.64199,-25.12601,-1.805569,-1.730066
104.92,17.82599,5,-3.581381,-4.534761,22.77788,-24.36918,-0.7933693,-1.149165
104.94,-122.325,5,-3.178693,-4.386602,10.38093,-4.838409,-1.06329,-0.9440829
104.96,-193.3951,5,-3.219246,-4.179466,-1.206862,-6.084365,-1.33321,-1.018731
104.98,-268.4711,5,-2.886919,-4.089748,19.34276,-15.39026,-1.805569,-1.315022
105,-49.76892,5,-2.637774,-4.033594,12.71681,-29.57688,-0.7258892,-0.7914101
105.02,-179.9254,5,-2.808581,-4.1401,-10.19923,-16.47325,-1.06329,-0.7955714
105.04,-231.2656,5,-3.282532,-4.307144,-28.97786,-19.5374,-1.40069,-1.060185
105.06,-78.93347,5,-3.962177,-4.613145,-24.62672,-24.23295,-0.7933693,-0.8871234
105.08,-163.1128,5,-3.679659,-4.711964,8.243522,-13.03611,-1.06329,-0.8820364
105.1,-63.02527,5,-3.663876,-4.611117,-3.43587,-13.99543,-0.4559698,-0.4849298
105.12,-167.5918,5,-3.942223,-4.610889,-11.51221,-3.72834,-0.7933693,-0.539847
105.14,-51.02893,5,-3.656002,-4.389978,18.02979,-8.233555,-0.1185694,-0.1091156
105.16,-226.6718,5,-3.485993,-4.268314,10.09085,-0.2851498,-0.7933693,-0.3088765
105.18,-77.89514,5,-3.647596,-4.184712,6.25879,-11.98414,-0.1185694,-0.03067701
105.2,-13.73328,5,-3.127246,-3.969809,22.96108,-6.221528,0.5562305,0.5618948
105.22,-163.5482,5,-3.133659,-3.774606,-7.93969,3.881191,0.15135,0.5642689
105.24,-30.43286,5,-3.294602,-3.591877,14.45726,-3.776205,0.89363,0.9610377
105.26,-49.07678,5,-2.354524,-3.196978,36.88475,1.52002,1.23103,1.443712
105.28,-172.1287,5,-2.260971,-2.926694,0.1519171,2.637551,0.89363,1.413894
105.3,-123.7587,5,-1.666621,-2.648856,29.67865,-10.97911,1.23103,1.618398
105.32,-46.9856,5,-1.293663,-2.472183,14.67101,-16.16222,1.90583,2.094193
105.34,-164.1372,5,-1.735704,-2.568958,-24.59618,-10.55002,1.568431,1.988399
105.36,-32.41675,5,-2.553351,-2.810447,-21.92443,-15.73315,2.175751,2.176636
105.38,-184.9595,5,-1.963403,-2.852363,23.80078,-8.123818,1.568431,1.992999
105.4,-39.03516,5,-1.879002,-2.789141,-6.321367,-18.5522,2.31071,2.357179
105.42,11.48767,5,-1.87978,-2.731164,10.90001,-10.52435,2.918031,2.864402
105.44,-186.2946,5,-1.957057,-2.670983,-4.504573,-0.1941869,2.175751,2.622797
105.46,-28.59351,5,-1.860826,-2.531073,22.36567,-13.41102,2.918031,2.950862
105.48,-32.70898,5,-1.199693,-2.299626,21.69391,-8.360403,3.25543,3.361576
105.5,-151.0262,5,-1.501957,-2.238713,-19.20687,-4.622083,2.850551,3.220878
105.52,-12.20837,5,-1.704405,-2.222786,0.01451245,-13.18585,3.525351,3.507528
105.54,60.81458,5,-1.204504,-2.012247,10.56413,-6.270224,4.267631,4.138989
105.56,-65.12646,5,-1.455104,-1.846878,-13.40534,6.371146,3.99771,4.203064
105.58,20.18579,5,-0.946205,-1.456389,38.27407,0.489763,4.60503,4.636597
105.6,-167.9009,5,-0.2085907,-1.118963,32.02979,2.446337,3.93023,4.467461
105.62,-32.11462,5,0.02865382,-0.8932042,13.63284,-15.83568,4.60503,4.751105
105.64,94.32446,5,0.2791172,-0.7380468,5.159552,-14.71976,5.61723,5.454141
105.66,-50.63403,5,-0.2472762,-0.7410162,-31.78702,0.3650057,5.27983,5.454503
105.68,78.28979,5,-0.4080552,-0.6073471,12.94581,-3.519424,6.02211,5.86034
105.7,-63.9425,5,0.3295591,-0.3322298,26.79315,4.264476,5.61723,5.876788
105.72,-123.3346,5,0.4328604,-0.1806325,8.85421,-5.454313,5.27983,5.642979
105.74,-6.93811,5,1.222965,0.01385903,34.50307,-20.3376,5.887151,5.950996
105.76,-49.35388,5,1.100957,-0.04129884,-11.66488,-18.05923,5.887151,6.010922
105.78,-31.95288,5,0.2615573,-0.3168823,-40.70306,-18.02484,5.95463,5.935802
105.8,-90.20435,5,0.3787935,-0.4870122,14.65574,-16.79559,5.61723,5.726683
105.82,-65.00952,5,0.3109379,-0.6418468,-3.81755,-21.65317,5.61723,5.629794
105.84,-56.83362,5,0.3133659,-0.7902049,-0.5809073,-22.34216,5.61723,5.591035
105.86,-119.8011,5,0.07274897,-1.004471,-18.56565,-21.32745,5.21235,5.305263
105.88,-62.54895,5,-0.3830604,-1.287874,-16.22977,-25.44976,5.27983,5.173282
105.9,-58.83545,5,-0.4852336,-1.510668,-5.130528,-22.06771,5.21235,5.095645
105.92,-26.31104,5,-1.040677,-1.739913,-24.19924,-17.54676,5.27983,5.066422
105.94,-21.46008,5,-1.142359,-1.812732,0.5641309,-10.91143,5.27983,5.089359
105.96,-20.61865,5,-1.210671,-1.76923,-1.756481,-5.777762,5.27983,5.128959
105.98,134.5426,5,-0.958771,-1.477564,13.58704,-2.766507,6.22455,5.771699
106,61.71008,5,-0.7591751,-1.069722,8.716805,14.25965,6.29203,6.129171
106.02,16.43921,5,-0.4204234,-0.5332845,20.41146,17.032,6.29203,6.313479
106.04,-28.18848,5,0.4659605,0.04818885,46.76262,11.30359,6.22455,6.421247
106.06,-40.31628,5,1.292587,0.5290492,38.2588,0.2533951,6.29203,6.537515
106.08,-229.9288,5,1.53834,0.6002108,7.327492,-9.498587,5.27983,5.919992
106.1,-132.4338,5,1.356506,0.3121598,-9.161062,-34.46796,5.34731,5.589573
106.12,-44.81421,5,1.017138,-0.2178334,-18.87099,-39.90839,5.61723,5.538994
106.14,22.72388,5,0.2260073,-0.7509121,-45.29848,-31.9136,5.95463,5.646155
106.16,22.24536,5,-0.8658439,-1.225706,-52.32138,-16.15301,5.95463,5.614371
106.18,32.41406,5,-0.885211,-1.287294,6.228255,-5.691066,6.02211,5.722311
106.2,-45.4115,5,-0.5399839,-1.103163,21.06796,0.9831793,5.684711,5.659274
106.22,-41.23206,5,-0.04889232,-0.8076674,28.442,-4.091585,5.684711,5.695734
106.24,-130.8641,5,0.4012548,-0.6191711,23.49544,-8.697762,5.21235,5.456779
106.26,86.62463,5,0.5469145,-0.4675566,-0.3366328,-20.87234,6.29203,5.979503
106.28,21.83325,5,0.2812968,-0.462059,-14.67251,-6.074112,6.29203,6.156167
106.3,5.962891,5,-0.05364448,-0.3957852,-26.48932,-1.721133,6.29203,6.192009
106.32,-3.185181,5,0.2572418,-0.214003,19.31223,-1.4827,6.29203,6.249883
106.34,-21.4176,5,0.8643341,0.06538729,26.91529,-4.29201,6.29203,6.337833
106.36,-46.37793,5,1.102256,0.2393595,13.80078,-8.821959,6.22455,6.3241
106.38,-34.78638,5,1.232782,0.3028629,6.762606,-14.76288,6.29203,6.332224
106.4,-81.57166,5,1.146153,0.2044812,-2.764114,-17.3438,6.02211,6.130261
106.42,-17.17053,5,0.8908696,0.02025218,-11.92442,-22.84954,6.22455,6.114776
106.44,-14.88745,5,0.6569408,-0.1908663,-9.710681,-19.20742,6.22455,6.085906
106.46,-9.716431,5,0.4105943,-0.3382804,-18.64198,-15.7487,6.22455,6.062774
106.48,-3.845337,5,0.2146351,-0.4283409,-4.046557,-12.27437,6.22455,6.050017
106.5,4.246704,5,0.420827,-0.3607899,8.930546,-10.04744,6.29203,6.133264
106.52,-17.13513,5,0.4633563,-0.2743292,3.205353,-7.916517,6.22455,6.137832
106.54,-17.54785,5,0.5789182,-0.1712417,6.838942,-9.045063,6.22455,6.149323
106.56,-16.89929,5,0.6090732,-0.1120959,1.831307,-9.920891,6.22455,6.147935
106.58,-3.102539,5,0.6008406,-0.0791036,-0.3671672,-10.37074,6.29203,6.179697
106.6,-18.4458,5,0.6272108,-0.053149,0.2435202,-9.381788,6.22455,6.153977
106.62,-14.77881,5,0.6682392,-0.02119872,2.793139,-10.40903,6.22455,6.144865
106.64,-2.320679,5,0.7254643,0.01256497,1.999246,-10.87873,6.29203,6.184381
106.66,-7.06189,5,0.7319006,0.03883316,0.4419934,-9.949375,6.29203,6.198284
106.68,-20.42383,5,0.7605562,0.06556298,1.953444,-9.932768,6.22455,6.163544
106.7,7.039917,5,0.8128065,0.1040847,2.487796,-11.39179,6.35951,6.230575
106.72,-12.88318,5,0.8106313,0.120034,-0.4893047,-9.597784,6.29203,6.214242
106.74,-22.95142,5,0.8642358,0.1478284,3.052681,-10.62831,6.22455,6.169212
106.76,-5.606323,5,0.9091012,0.1645516,0.8542075,-12.44716,6.29203,6.188544
106.78,-7.495728,5,0.8847576,0.1558966,-0.09235785,-11.81334,6.29203,6.188619
106.8,-19.11853,5,0.8798162,0.1490603,0.4267263,-11.59326,6.22455,6.145704
106.82,-1.934814,5,0.8928459,0.1518812,0.4877952,-12.63671,6.29203,6.166951
106.84,-15.81482,5,0.874162,0.1396712,-0.2755641,-11.54998,6.22455,6.131901
106.86,0.3890381,5,0.8833534,0.148714,0.8694746,-12.23582,6.29203,6.157892
106.88,-2.484009,5,0.8734453,0.1554627,-0.1686933,-11.01476,6.29203,6.167368
106.9,-14.93274,5,0.8801712,0.1700579,0.8847416,-10.54162,6.22455,6.131637
106.92,-9.976929,5,0.9132298,0.1877273,1.754971,-11.59049,6.22455,6.11797
106.94,4.302002,5,0.9094494,0.1964692,-0.6114421,-11.73804,6.29203,6.149277
106.96,0.5021973,5,0.9099309,0.212065,0.3961921,-10.39095,6.29203,6.162906
106.98,-11.95471,5,0.9045858,0.230076,0.6557342,-9.886358,6.22455,6.127035
107,5.501953,5,0.9086398,0.2506338,0.3351234,-10.79035,6.29203,6.150403
107.02,2.829468,5,0.9265782,0.2710388,0.1671843,-9.677811,6.29203,6.162382
107.04,-10.11414,5,0.956762,0.2996421,2.335124,-9.333743,6.22455,6.130177
107.06,-6.463013,5,1.03528,0.3363714,3.785506,-10.67136,6.22455,6.122391
107.08,-3.466919,5,0.998128,0.3343375,-0.8099151,-11.05406,6.22455,6.108234
107.1,10.67407,5,0.9835349,0.3354456,-0.2144953,-10.92462,6.29203,6.139506
107.12,-4.773804,5,0.9832602,0.3420582,-0.06182348,-9.431143,6.22455,6.113879
107.14,-0.005493164,5,0.9635265,0.3522131,0.304589,-9.930655,6.22455,6.099799
107.16,2.097046,5,0.9918802,0.3655717,0.6557342,-9.866376,6.22455,6.097139
107.18,15.12451,5,0.9814221,0.383565,0.2129859,-9.543646,6.29203,6.134861
107.2,-0.7196045,5,0.9843096,0.4039762,-0.2755641,-8.043283,6.22455,6.111862
107.22,3.623413,5,0.9861593,0.4289749,0.9458106,-8.649253,6.22455,6.101117
107.24,27.86621,5,1.051251,0.4759308,3.129017,-8.771144,6.35951,6.184632
107.26,-5.06665,5,1.041319,0.5043987,-0.09235785,-6.414912,6.22455,6.136861
107.28,13.91479,5,1.06328,0.5469393,1.739704,-8.223955,6.29203,6.155891
107.3,-2.040405,5,1.192317,0.5922191,5.312224,-7.955838,6.22455,6.136441
107.32,14.95178,5,1.127435,0.6031239,-0.3977011,-9.13959,6.29203,6.152515
107.34,0.5219727,5,1.174359,0.6125557,0.2893218,-8.384904,6.22455,6.12275
107.36,16.68054,5,1.173364,0.6270715,1.144284,-9.310424,6.29203,6.147285
107.38,2.298706,5,1.172355,0.6282577,-0.2755641,-8.307622,6.22455,6.115318
107.4,6.880249,5,1.181323,0.636281,0.3503905,-9.122848,6.22455,6.100913
107.42,8.95105,5,1.197725,0.639487,0.3656577,-9.248474,6.22455,6.094827
107.44,10.36365,5,1.188244,0.6399965,-0.07709067,-9.085852,6.22455,6.089734
107.46,23.52283,5,1.167271,0.6473761,-0.07709067,-8.734557,6.29203,6.125104
107.48,19.35474,5,1.164815,0.6678023,0.09084838,-7.160213,6.29203,6.141561
107.5,18.10388,5,1.169119,0.702776,0.2587874,-6.548634,6.29203,6.14948
107.52,5.641479,5,1.222183,0.7414516,3.373292,-6.466675,6.22455,6.117447
107.54,8.445801,5,1.343586,0.793059,5.296957,-8.073418,6.22455,6.114234
107.56,20.6817,5,1.380274,0.8235685,1.602299,-8.945692,6.29203,6.149561
107.58,16.40234,5,1.376775,0.8384337,-0.519839,-8.27362,6.29203,6.158352
107.6,15.58435,5,1.374964,0.8536932,0.1213828,-8.254247,6.29203,6.157768
107.62,15.62701,5,1.39577,0.8694618,1.983979,-8.391161,6.29203,6.156498
107.64,16.12512,5,1.402374,0.880118,0.09084838,-8.496099,6.29203,6.153139
107.66,28.7572,5,1.394782,0.8925536,-0.0007547362,-8.460334,6.35951,6.188413
107.68,13.17212,5,1.382622,0.9000908,-0.3671672,-7.141543,6.29203,6.160641
107.7,6.134094,5,1.381921,0.905367,-0.07709067,-7.86062,6.22455,6.106353
107.72,13.13434,5,1.426168,0.9079386,3.129017,-9.187799,6.22455,6.086147
107.74,15.0752,5,1.470287,0.9097813,0.5488637,-9.502223,6.22455,6.081031
107.76,27.52216,5,1.465767,0.9152546,0.7473372,-9.471377,6.29203,6.116501
107.78,11.5907,5,1.453227,0.9175587,-0.2602969,-8.175381,6.22455,6.08875
107.8,27.06433,5,1.465721,0.9379406,-0.03128911,-8.940773,6.29203,6.117207
107.82,11.34027,5,1.504103,0.9554288,1.953444,-8.034523,6.22455,6.092074
107.84,27.80713,5,1.473446,0.9679621,-1.145793,-8.889657,6.29203,6.114124
107.86,24.93408,5,1.492074,0.982886,0.09084838,-7.849417,6.29203,6.125128
107.88,24.48358,5,1.479471,1.002608,-0.1228922,-7.404673,6.29203,6.127391
107.9,13.60687,5,1.479561,1.014978,0.3656577,-7.174572,6.22455,6.086511
107.92,30.32312,5,1.534535,1.04333,2.777872,-8.273347,6.29203,6.11464
107.94,27.28058,5,1.538614,1.060742,-0.07709067,-7.31918,6.29203,6.125053
107.96,15.0058,5,1.541032,1.076821,-0.2908313,-7.024618,6.22455,6.087623
107.98,20.38202,5,1.566471,1.090858,1.32749,-8.14818,6.22455,6.071696
108,34.81897,5,1.564953,1.097187,-0.2755641,-8.31056,6.29203,6.102598
108.02,30.79486,5,1.57323,1.113221,0.02977964,-6.984218,6.29203,6.11729
108.04,16.73749,5,1.623212,1.145975,2.350391,-6.704554,6.22455,6.08865
108.06,20.38776,5,1.67805,1.176395,1.571765,-8.118658,6.22455,6.077962
108.08,22.6189,5,1.677505,1.179088,-0.3060985,-8.677465,6.22455,6.067082
108.1,35.9422,5,1.672105,1.181849,-0.107625,-8.774962,6.29203,6.099295
108.12,32.15204,5,1.653573,1.187778,-0.4129688,-7.429257,6.29203,6.110481
108.14,30.30804,5,1.685867,1.217613,1.43436,-7.028847,6.29203,6.119288
108.16,17.54657,5,1.726143,1.244974,2.121383,-7.106788,6.22455,6.0845
108.18,22.81409,5,1.74272,1.25738,1.22062,-8.496868,6.22455,6.065978
108.2,37.81158,5,1.724339,1.253726,-0.9778546,-8.790653,6.29203,6.09227
108.22,33.5036,5,1.75572,1.268144,0.2282531,-7.574324,6.29203,6.108092
108.24,19.62433,5,1.783236,1.29136,1.541231,-7.321698,6.22455,6.076278
108.26,23.448,5,1.83611,1.314752,2.930544,-8.730364,6.22455,6.064219
108.28,24.98114,5,1.861241,1.320051,-0.2908313,-9.356388,6.22455,6.056384
108.3,37.53131,5,1.865015,1.324896,0.2435202,-9.601624,6.29203,6.08996
108.32,33.35388,5,1.847886,1.329201,-0.3060985,-8.438257,6.29203,6.100361
108.34,31.78284,5,1.864105,1.350155,0.7778715,-8.144762,6.29203,6.105579
108.36,30.10535,5,1.929879,1.38523,2.564131,-8.328678,6.29203,6.113101
108.38,30.16095,5,1.919196,1.400839,0.1366499,-8.58,6.29203,6.109099
108.4,30.93396,5,1.929765,1.410908,0.5641309,-8.772568,6.29203,6.104715
108.42,20.18365,5,1.936665,1.409998,0.7626044,-8.866769,6.22455,6.060215
108.44,26.77283,5,1.925906,1.398394,0.3961921,-9.973536,6.22455,6.036596
108.46,41.57831,5,1.9234,1.389195,0.1061156,-10.00149,6.29203,6.065918
108.48,37.41278,5,1.927338,1.3961,0.4419934,-8.53648,6.29203,6.080764
108.5,35.93732,5,1.924551,1.418144,0.7320697,-7.976603,6.29203,6.086889
108.52,23.06635,5,1.981121,1.447932,3.327491,-7.966762,6.22455,6.054436
108.54,27.41711,5,2.025018,1.470564,1.419093,-9.402357,6.22455,6.04078
108.56,29.84949,5,2.025638,1.468936,0.2129859,-9.908965,6.22455,6.029644
108.58,54.81866,5,2.014086,1.476071,0.4572606,-9.90597,6.35951,6.102258
108.6,22.07031,5,2.009556,1.482579,-0.01602192,-7.416955,6.22455,6.052863
108.62,41.01416,5,2.011636,1.507058,0.9610775,-9.056107,6.29203,6.070128
108.64,37.77661,5,2.081821,1.534629,3.067949,-8.457296,6.29203,6.084397
108.66,26.07043,5,2.04043,1.539186,0.2129859,-8.270102,6.22455,6.041045
108.68,43.58319,5,2.062556,1.551806,1.663368,-9.371758,6.29203,6.063201
108.7,40.14801,5,2.099009,1.568707,1.541231,-8.450126,6.29203,6.07651
108.72,27.73657,5,2.083746,1.578283,0.4419934,-8.158536,6.22455,6.03765
108.74,32.44885,5,2.133502,1.594446,2.793139,-9.381788,6.22455,6.024294
108.76,69.20306,5,2.144307,1.618818,-0.2297625,-9.670321,6.426991,6.138087
108.78,31.13239,5,2.137706,1.639844,0.07558119,-6.177646,6.29203,6.105468
108.8,37.50702,5,2.1025,1.665115,1.22062,-7.590045,6.29203,6.083638
108.82,25.28931,5,2.294545,1.713356,8.350393,-8.546249,6.22455,6.055128
108.84,43.47357,5,2.223522,1.709453,-2.51984,-10.14193,6.29203,6.064626
108.86,29.50323,5,2.262681,1.701737,-0.3213652,-9.516012,6.22455,6.03066
108.88,46.23706,5,2.235766,1.696134,0.6251997,-10.39565,6.29203,6.050524
108.9,43.67426,5,2.226058,1.690875,-1.069457,-9.25229,6.29203,6.057551
108.92,42.55365,5,2.237122,1.705614,0.2740546,-8.791197,6.29203,6.062463
108.94,31.41956,5,2.218822,1.708726,0.304589,-8.558382,6.22455,6.020033
108.96,37.9856,5,2.211823,1.705702,0.2587874,-9.498229,6.22455,5.999112
108.98,51.4389,5,2.265236,1.720188,3.266422,-9.605635,6.29203,6.037522
109,-125.7776,5,2.22426,1.608285,-1.64961,-8.554739,5.27983,5.438931
109.02,-57.16766,5,2.2475,1.424191,-0.3213652,-25.84193,5.21235,5.130855
109.04,-9.585327,5,2.296174,1.142057,-2.214496,-30.46939,5.27983,5.045541
109.06,72.26813,5,1.931612,0.8794434,-28.0313,-27.36085,5.684711,5.224791
109.08,50.92517,5,1.081416,0.5762911,-43.84809,-14.20689,5.61723,5.190614
109.1,64.23096,5,1.080517,0.5729939,4.19772,-7.632113,5.684711,5.274923
109.12,38.25507,5,1.349681,0.7501261,19.3275,-2.852265,5.61723,5.339768
109.14,-30.78192,5,1.715543,0.9767454,17.83131,-3.653931,5.27983,5.214189
109.16,-23.97797,5,1.928879,1.110564,15.38856,-11.8758,5.21235,5.121963
109.18,-13.68274,5,2.130994,1.140476,9.342759,-17.29316,5.21235,5.083736
109.2,80.21906,5,1.788815,1.048867,-15.46641,-18.50254,5.684711,5.291797
109.22,33.49475,5,1.487601,0.9446855,-16.06183,-8.860445,5.54975,5.27764
109.24,49.54102,5,1.36238,0.9569315,-9.634345,-6.754885,5.61723,5.318723
109.26,37.30292,5,1.725059,1.112307,19.31223,-4.954457,5.61723,5.39832
109.28,15.26044,5,1.876861,1.260764,6.426728,-5.529199,5.54975,5.403554
109.3,26.16986,5,2.013663,1.374868,10.31986,-8.564201,5.61723,5.445855
109.32,-15.25714,5,2.129398,1.418345,3.587033,-9.934023,5.41479,5.339904
109.34,35.38867,5,2.078148,1.402892,-2.993122,-14.77506,5.61723,5.391817
109.36,16.2038,5,2.039901,1.342474,-2.122893,-12.76242,5.54975,5.364324
109.38,22.20721,5,1.873169,1.270701,-8.15343,-12.81399,5.54975,5.332438
109.4,37.01874,5,1.859232,1.234532,1.235887,-12.17046,5.61723,5.36443
109.42,20.63965,5,1.850245,1.222109,-1.863351,-10.24552,5.54975,5.343779
109.44,22.43311,5,1.895839,1.24253,2.335124,-10.78042,5.54975,5.343518
109.46,21.86755,5,1.943571,1.262857,2.90001,-11.11155,5.54975,5.347769
109.48,21.40686,5,1.95338,1.273016,-0.1686933,-11.42009,5.54975,5.347583
109.5,32.62421,5,1.972385,1.287598,1.235887,-11.70986,5.61723,5.387805
109.52,27.18408,5,1.973375,1.300639,-0.4740371,-10.77367,5.61723,5.403546
109.54,24.78339,5,1.991744,1.322462,0.1061156,-10.76782,5.61723,5.410658
109.56,12.90833,5,1.982362,1.32372,0.09084838,-10.99909,5.54975,5.368445
109.58,42.00012,5,1.97868,1.327664,-0.3671672,-12.28607,5.684711,5.428054
109.6,22.53784,5,1.965493,1.322144,-0.7030448,-10.17994,5.61723,5.41247
109.62,12.01233,5,2.011479,1.33857,2.151918,-10.93493,5.54975,5.371316
109.64,30.34344,5,1.982889,1.330918,-1.344267,-12.37127,5.61723,5.386186
109.66,28.05975,5,1.983534,1.320165,-0.8404495,-11.47085,5.61723,5.393073
109.68,27.16724,5,1.97313,1.321509,0.6710012,-11.07214,5.61723,5.396131
109.7,15.69666,5,1.959548,1.316066,-0.3519,-10.87661,5.54975,5.355403
109.72,21.1004,5,1.972586,1.311419,0.2587874,-11.94665,5.54975,5.3391
109.74,35.04596,5,1.966221,1.30444,-0.4587703,-12.05879,5.61723,5.371784
109.76,18.67242,5,1.973658,1.303177,0.1824515,-10.77556,5.54975,5.348412
109.78,21.47192,5,1.995492,1.314501,1.006879,-11.65411,5.54975,5.34078
109.8,23.26794,5,1.976731,1.306576,-0.7488468,-11.88611,5.54975,5.333018
109.82,35.35052,5,1.99383,1.312726,0.4725278,-11.88996,5.61723,5.372755
109.84,18.57831,5,1.987768,1.315799,0.1519171,-10.67775,5.54975,5.349185
109.86,33.52362,5,1.991459,1.331506,-0.0007547362,-11.55637,5.61723,5.379016
109.88,29.93085,5,1.987666,1.339526,-0.183961,-10.61299,5.61723,5.390779
109.9,28.47516,5,1.995087,1.357471,0.4419934,-10.37651,5.61723,5.39681
109.92,28.52374,5,1.984078,1.368516,-0.2450293,-10.3271,5.61723,5.396752
109.94,17.5274,5,1.981877,1.368506,-0.1381594,-10.30395,5.54975,5.355285
109.96,23.40002,5,1.986984,1.363194,0.06031401,-11.41216,5.54975,5.33724
109.98,25.98566,5,1.983914,1.348801,-0.06182348,-11.53791,5.54975,5.329275
110,26.93188,5,1.981141,1.339737,-0.03128911,-11.34958,5.54975,5.327127
110.02,27.06421,5,1.984126,1.338682,-0.0007547362,-11.1389,5.54975,5.32802
110.04,26.97229,5,1.986576,1.342156,0.01451245,-10.99353,5.54975,5.329309
110.06,38.71167,5,1.980507,1.352998,-0.0007547362,-10.85948,5.61723,5.369729
110.08,21.91248,5,1.982408,1.363335,0.07558119,-9.616173,5.54975,5.347756
110.1,36.93036,5,1.985965,1.384337,0.5335966,-10.47499,5.61723,5.378309
110.12,33.41803,5,1.984305,1.396931,-0.3519,-9.517082,5.61723,5.390743
110.14,31.88873,5,1.998864,1.420249,0.4725278,-9.285976,5.61723,5.398056
110.16,32.01837,5,1.984769,1.433851,-0.4435031,-9.236248,5.61723,5.397956
110.18,20.88092,5,1.993238,1.438632,0.02977964,-9.240147,5.54975,5.357868
110.2,38.42255,5,1.991582,1.441959,0.01451245,-10.33189,5.61723,5.379817
110.22,24.34875,5,1.980611,1.431718,-0.2908313,-9.267239,5.54975,5.348363
110.24,28.76923,5,1.979916,1.430479,0.4419934,-9.980093,5.54975,5.335817
110.26,30.48682,5,1.988282,1.426373,-0.2602969,-10.02959,5.54975,5.332071
110.28,42.46509,5,1.994667,1.434703,0.1977187,-9.883574,5.61723,5.372836
110.3,25.74701,5,1.987963,1.441363,-0.2450293,-8.579469,5.54975,5.35017
110.32,52.40723,5,1.989119,1.468273,0.5641309,-9.356708,5.684711,5.421152
110.34,31.35168,5,2.008852,1.492151,0.6404669,-7.267964,5.61723,5.414321
110.36,21.59613,5,2.008762,1.513271,0.7320697,-8.036144,5.54975,5.368902
110.38,26.76843,5,2.083253,1.530285,3.312223,-9.77522,5.54975,5.35515
110.4,30.0387,5,2.038054,1.508088,-0.8404495,-10.24669,5.54975,5.339385
110.42,54.7677,5,2.039847,1.50667,-0.3060985,-10.18374,5.684711,5.414873
110.44,32.57312,5,2.045224,1.518298,0.3809245,-7.690917,5.61723,5.41058
110.46,34.19385,5,2.023001,1.537972,0.4877952,-8.209026,5.61723,5.405047
110.48,21.50208,5,2.127164,1.566013,5.205354,-8.761663,5.54975,5.373556
110.5,26.88873,5,2.105335,1.560183,-1.130526,-10.33251,5.54975,5.351141
110.52,40.33038,5,2.141107,1.556318,0.3656577,-10.92222,5.61723,5.384038
110.54,23.80298,5,2.139924,1.546355,0.2435202,-9.979556,5.54975,5.356731
110.56,27.38831,5,2.129939,1.537584,-0.2297625,-10.99418,5.54975,5.341614
110.58,40.25787,5,2.145059,1.532434,-0.4129688,-11.3293,5.61723,5.37606
110.6,35.39325,5,2.133622,1.530128,0.2740546,-10.2157,5.61723,5.38945
110.62,22.30121,5,2.11529,1.527178,-0.4893047,-9.936337,5.54975,5.351936
110.64,50.13397,5,2.134522,1.541075,0.1366499,-11.08689,5.684711,5.41785
110.66,18.06323,5,2.136481,1.538813,-0.04655629,-9.094419,5.54975,5.365458
110.68,37.45557,5,2.115181,1.543665,0.1366499,-10.91809,5.61723,5.378621
110.7,34.71411,5,2.158543,1.548204,1.281688,-10.3094,5.61723,5.389443
110.72,22.49335,5,2.126737,1.540542,-0.550373,-10.10234,5.54975,5.348615
110.74,39.01361,5,2.151567,1.54491,0.2740546,-11.25658,5.61723,5.373747
110.76,34.94775,5,2.175808,1.550449,0.5183294,-10.43315,5.61723,5.387415
110.78,45.14929,5,2.156106,1.564454,-0.2450293,-10.20914,5.684711,5.430302
110.8,27.60736,5,2.172422,1.580461,-0.107625,-9.111645,5.61723,5.409934
110.82,30.92542,5,2.171884,1.592914,0.4725278,-10.15411,5.61723,5.398324
110.84,32.75928,5,2.176968,1.590615,0.4877952,-10.52195,5.61723,5.391534
110.86,45.36523,5,2.171748,1.592223,-0.2908313,-10.53581,5.684711,5.427995
110.88,28.77155,5,2.174617,1.595385,0.09084838,-9.307196,5.61723,5.404576
110.9,20.78125,5,2.17085,1.593685,0.2129859,-10.18181,5.54975,5.352374
110.92,39.35498,5,2.182967,1.586699,0.7320697,-11.57836,5.61723,5.370044
110.94,60.42627,5,2.159129,1.586171,-0.5656406,-10.49386,5.752191,5.45672
110.96,26.02264,5,2.134959,1.594037,-0.5351062,-7.620286,5.61723,5.413857
110.98,20.85059,5,2.14352,1.609167,0.5488637,-9.24585,5.54975,5.35543
111,27.45587,5,2.229381,1.617441,5.999248,-11.12567,5.54975,5.338252
111.02,29.98187,5,2.222945,1.599434,-1.954954,-11.67767,5.54975,5.32679
111.04,42.33527,5,2.228997,1.591495,-0.4129688,-11.78468,5.61723,5.362747
111.06,37.55133,5,2.204982,1.586856,-0.09235785,-10.52989,5.61723,5.375904
111.08,36.31445,5,2.177974,1.590309,-0.9778546,-10.09375,5.61723,5.378708
111.1,24.23364,5,2.193889,1.594681,0.7931387,-10.00787,5.54975,5.34157
111.12,29.8396,5,2.185361,1.588021,-0.2602969,-11.13896,5.54975,5.322794
111.14,32.17621,5,2.192969,1.575036,-0.183961,-11.34355,5.54975,5.315565
111.16,32.69769,5,2.200747,1.568171,-0.01602192,-11.26905,5.54975,5.314464
111.18,32.67859,5,2.200801,1.565363,-0.04655629,-11.16764,5.54975,5.314424
111.2,32.91107,5,2.189442,1.561973,-0.1381594,-11.06396,5.54975,5.31295
111.22,32.94525,5,2.195829,1.563521,-0.04655629,-10.99299,5.54975,5.313447
111.24,32.9256,5,2.197586,1.56623,-0.06182348,-10.94782,5.54975,5.313749
111.26,44.40906,5,2.203959,1.578481,-0.03128911,-10.91544,5.61723,5.354981
111.28,38.99115,5,2.205525,1.595581,-0.107625,-9.739758,5.61723,5.373204
111.3,25.30048,5,2.211751,1.612658,0.1366499,-9.55542,5.54975,5.340433
111.32,42.02429,5,2.209927,1.623939,-0.06182348,-10.78076,5.61723,5.363739
111.34,27.8338,5,2.200336,1.61632,-0.6267089,-9.891917,5.54975,5.33156
111.36,31.67035,5,2.225836,1.621114,0.5030622,-10.82217,5.54975,5.321113
111.38,33.55994,5,2.213811,1.611113,-0.09235785,-11.00647,5.54975,5.313962
111.4,45.82825,5,2.217904,1.613084,-0.2297625,-10.92551,5.61723,5.352678
111.42,51.9422,5,2.224876,1.634435,0.1366499,-9.632193,5.684711,5.412322
111.44,21.06744,5,2.229432,1.655692,0.4725278,-8.226677,5.54975,5.35784
111.46,40.59021,5,2.243222,1.678256,0.9763447,-10.43279,5.61723,5.372806
111.48,27.45166,5,2.246523,1.669741,-0.8251827,-9.951565,5.54975,5.336672
111.5,31.91132,5,2.263155,1.666334,0.7931387,-11.01557,5.54975,5.322428
111.52,57.80457,5,2.226086,1.658572,-0.7488468,-11.09092,5.684711,5.391845
111.54,24.34644,5,2.250211,1.662692,0.01451245,-8.660045,5.54975,5.347355
111.56,42.15424,5,2.258171,1.684812,1.938177,-10.4329,5.61723,5.368331
111.58,27.8111,5,2.275084,1.684331,-0.3977011,-9.885668,5.54975,5.336835
111.6,32.04565,5,2.280234,1.682583,0.2282531,-10.98906,5.54975,5.322078
111.62,34.49872,5,2.25963,1.663769,-0.6572433,-11.21946,5.54975,5.311677
111.64,35.34912,5,2.265489,1.652411,-0.2450293,-11.14416,5.54975,5.309114
111.66,46.77661,5,2.27374,1.657217,0.1977187,-11.0119,5.61723,5.350585
111.68,41.25519,5,2.267969,1.668717,-0.1534266,-9.752316,5.61723,5.368465
111.7,39.12207,5,2.269472,1.689878,0.3503905,-9.482547,5.61723,5.375966
111.72,26.77087,5,2.285515,1.702266,0.02977964,-9.5968,5.54975,5.33885
111.74,32.09479,5,2.294009,1.702202,0.2435202,-10.94493,5.54975,5.320898
111.76,34.62384,5,2.291263,1.686947,-0.8099151,-11.28676,5.54975,5.311279
111.78,46.68713,5,2.308378,1.687218,0.4419934,-11.29052,5.61723,5.350566
111.8,41.63788,5,2.288867,1.690505,-0.04655629,-10.0107,5.61723,5.365815
111.82,28.23755,5,2.284956,1.697717,0.2129859,-9.687256,5.54975,5.331572
111.84,44.51105,5,2.299793,1.709524,0.1213828,-10.84864,5.61723,5.357518
111.86,41.17279,5,2.301576,1.713582,-0.3977011,-9.977252,5.61723,5.36836
111.88,39.9624,5,2.297376,1.72479,0.3656577,-9.72416,5.61723,5.372519
111.9,28.37555,5,2.291926,1.725517,-0.3060985,-9.683812,5.54975,5.332233
111.92,45.75903,5,2.290622,1.726399,-0.2297625,-10.79402,5.61723,5.354056
111.94,42.91028,5,2.288516,1.724365,-0.4435031,-9.76332,5.61723,5.364201
111.96,29.9884,5,2.291801,1.728725,0.6404669,-9.405818,5.54975,5.329742
111.98,57.93634,5,2.301934,1.746316,-0.107625,-10.4551,5.684711,5.396261
112,37.349,5,2.313513,1.758918,-0.09235785,-8.389892,5.61723,5.38661
112.02,73.64029,-5,2.314978,1.773104,0.8084057,-9.133241,5.54975,5.340785
112.04,81.84985,-5,2.40179,1.839258,3.129017,-6.201549,5.54975,5.329559
112.06,112.742,-5,2.370742,1.951341,0.5335966,-3.227099,5.684711,5.396416
112.08,93.69791,-5,2.584451,2.154673,12.36566,1.166024,5.61723,5.407411
112.1,83.49185,-5,2.831331,2.406062,14.59467,1.345137,5.54975,5.385192
112.12,97.90387,-5,3.221822,2.689567,20.22826,-0.8025973,5.61723,5.436166
112.14,92.26849,-5,3.525582,2.943206,14.70154,-1.743463,5.61723,5.458319
112.16,96.1568,-5,3.55581,3.102835,1.342757,-2.991147,5.61723,5.429933
112.18,160.9764,-5,3.673091,3.272089,6.289324,-3.647703,5.95463,5.604602
112.2,141.9016,-5,3.723269,3.442175,1.877109,2.335383,5.95463,5.665302
112.22,139.6082,-5,3.770117,3.644181,5.190087,4.251163,5.95463,5.676625
112.24,133.4908,-5,4.290726,3.954654,27.35803,3.578647,5.95463,5.72436
112.26,127.5226,-5,4.640987,4.242224,16.31986,1.379715,5.95463,5.746779
112.28,-47.33662,-5,4.891566,4.345391,13.96871,-1.860656,4.94243,5.129087
112.3,35.61067,-5,5.124523,4.309275,11.02215,-22.39838,4.94243,4.832935
112.32,132.5143,-5,5.127771,4.109229,-3.725947,-27.44576,5.27983,4.869782
112.34,189.6858,-5,4.731456,3.91918,-30.01603,-19.52751,5.61723,5.03533
112.36,11.42914,-5,3.91852,3.619922,-35.90916,-6.132596,4.60503,4.413581
112.38,307.0646,-5,4.316423,3.77377,15.43436,-16.08463,5.887151,4.995741
112.4,49.99088,-5,4.749036,3.967916,23.81605,5.400176,4.87495,4.712278
112.42,172.2489,-5,4.559216,4.208038,-10.01603,-5.514255,5.27983,4.782731
112.44,168.3047,-5,4.737223,4.36682,23.48017,-0.9033859,5.27983,4.815979
112.46,231.1611,-5,4.682507,4.569795,-5.619077,2.11728,5.61723,5.016881
112.48,215.4908,-5,4.59991,4.782652,7.434362,10.8077,5.61723,5.089335
112.5,40.05182,-5,5.196599,5.100998,26.10612,12.66656,4.67251,4.624806
112.52,89.95288,-5,5.784603,5.36919,36.80842,-5.753781,4.60503,4.410265
112.54,157.6378,-5,6.39802,5.528685,30.67101,-14.805,4.87495,4.501979
112.56,-9.881348,-5,6.194722,5.385084,-11.34427,-13.60396,3.93023,3.899888
112.58,130.6695,-5,5.631367,5.071511,-31.02366,-27.69025,4.20015,3.697152
112.6,227.3521,-5,5.444967,4.793983,0.3656577,-21.98814,4.60503,3.846807
112.62,93.6156,-5,5.207236,4.639458,-19.46641,-7.887886,3.93023,3.517129
112.64,206.5886,-5,4.440927,4.481435,-41.46642,-9.322224,4.20015,3.460709
112.66,265.8934,-5,4.869957,4.634943,30.65574,-0.1068442,4.53755,3.742207
112.68,141.0325,-5,5.014856,4.901769,6.411461,11.3437,3.99771,3.582101
112.7,-11.40045,-5,5.120721,5.061514,18.76261,5.625258,2.918031,2.864056
112.72,135.5115,-5,5.915138,5.253153,38.28934,-16.00887,3.25543,2.827218
112.74,200.0151,-5,6.064213,5.27173,7.373293,-15.79538,3.592831,3.000798
112.76,74.29675,-5,5.545283,5.116417,-21.89389,-7.622,2.918031,2.593246
112.78,26.1167,-5,5.113889,4.858025,-25.63435,-13.66116,2.243231,1.960182
112.8,207.7707,-5,5.478565,4.772198,19.35803,-23.45558,2.850551,2.117813
112.82,87.80334,-5,5.262385,4.598759,-8.428238,-11.04366,2.243231,1.815469
112.84,87.05334,-5,4.665207,4.386287,-37.60382,-13.0183,1.90583,1.425102
112.86,30.95508,-5,4.50521,4.128257,10.42673,-14.03363,1.23103,0.8631866
112.88,219.7291,-5,4.706005,4.072088,3.892376,-20.72302,1.90583,1.088668
112.9,79.56482,-5,4.561292,3.982107,-19.46641,-5.794987,1.23103,0.797753
112.92,82.05054,-5,4.369026,3.964702,-15.34427,-9.480657,0.9611101,0.508251
112.94,-11.24634,-5,4.376221,3.834986,6.090851,-11.91386,0.15135,-0.08733587
112.96,197.5635,-5,4.49792,3.793934,5.037415,-23.00554,0.89363,0.1310472
112.98,118.0747,-5,4.251637,3.675899,-12.56565,-8.497901,0.5562305,0.01852602
113,73.55029,-5,3.97703,3.638704,-19.80229,-6.119343,0.15135,-0.2772954
113.02,24.58179,-5,3.629549,3.472135,-8.061826,-8.018274,-0.4559698,-0.7932901
113.04,33.25146,-5,3.946732,3.379844,17.23589,-15.33756,-0.7933693,-1.147059
113.06,134.3552,-5,3.800107,3.237127,-10.1687,-18.638,-0.5234499,-1.136614
113.08,98.97363,-5,3.33771,3.033916,-23.63435,-9.10135,-0.7933693,-1.317675
113.1,82.6521,-5,3.200567,2.964838,-1.283198,-5.958489,-1.06329,-1.528022
113.12,-18.6239,-5,3.516269,2.975266,13.95345,-6.812428,-1.805569,-1.990488
113.14,161.649,-5,3.675077,3.035376,2.335124,-17.82668,-1.13077,-1.759998
113.16,32.48608,-5,3.551501,2.958082,-3.771748,-6.674089,-1.738089,-2.029133
113.18,17.1377,-5,3.410079,2.902232,-16.33664,-11.96334,-2.075489,-2.353673
113.2,166.7573,-5,3.928176,3.018544,15.86185,-18.46476,-1.40069,-2.012838
113.22,-152.774,-5,3.846589,2.901154,-4.550375,-7.970819,-3.02021,-2.849031
113.24,71.91467,-5,3.610958,2.751457,-23.34427,-32.24706,-2.412889,-2.893504
113.26,-210.9838,-5,3.952702,2.397893,13.11375,-27.33788,-4.03241,-3.830611
113.28,17.35803,-5,3.813869,2.070198,-2.199229,-51.96267,-3.425089,-3.891006
113.3,-35.22534,-5,3.542555,1.576293,-21.26794,-44.39343,-3.762489,-4.13515
113.32,-89.38562,-5,2.870454,1.083648,-37.26794,-42.6577,-4.30233,-4.609616
113.34,-81.25488,-5,2.021368,0.4878784,-43.31374,-44.24361,-4.707209,-5.117578
113.36,110.6177,-5,1.418468,0.03171608,-28.70305,-42.14163,-4.03241,-4.929304
113.38,-180.8771,-5,1.214664,-0.3011174,-19.54275,-21.241,-5.58445,-5.702843
113.4,37.75061,-5,0.9040695,-0.4248073,-20.74885,-35.52757,-4.977129,-5.650688
113.42,110.8998,-5,0.6040355,-0.5502653,-1.558007,-21.65316,-4.572248,-5.360159
113.44,-54.45947,-5,0.693378,-0.4244157,1.22062,-5.640509,-5.314529,-5.59142
113.46,50.34021,-5,0.5057276,-0.2360593,-5.451138,-10.92559,-4.977129,-5.483808
113.48,37.77478,-5,0.3968191,-0.1296394,13.22062,-3.41196,-5.044609,-5.464308
113.5,-135.6765,-5,1.116588,0.1387737,32.68628,-2.449115,-5.989328,-5.898794
113.52,-17.56506,-5,1.489174,0.3447631,16.12139,-20.40697,-5.65193,-5.858456
113.54,-21.50879,-5,1.606915,0.3455815,4.228254,-20.71955,-5.65193,-5.847653
113.56,-22.92517,-5,1.568421,0.3248576,-4.764115,-21.2039,-5.65193,-5.851932
113.58,-16.70776,-5,1.298261,0.2274352,-16.0771,-20.75847,-5.65193,-5.88865
113.6,-176.2761,-5,0.8764132,-0.05617037,-22.65725,-18.7843,-6.664129,-6.554157
113.62,97.34436,-5,0.3821892,-0.3315479,-23.83282,-31.51326,-5.65193,-6.275012
113.64,64.9314,-5,-0.01936042,-0.5785222,-20.91679,-10.91903,-5.65193,-6.140781
113.66,65.01709,-5,-0.3329056,-0.5369636,-14.84046,0.5125849,-5.58445,-6.009327
113.68,-18.11523,-5,0.2423146,-0.2160432,28.65574,6.04359,-5.92185,-6.034891
113.7,137.9056,-5,1.061177,0.3459508,40.33514,-1.07444,-4.977129,-5.379851
113.72,-4.072144,-5,1.757368,0.8688308,36.97636,7.523875,-5.247049,-5.207575
113.74,-44.12671,-5,2.328236,1.347322,23.25116,-3.104463,-5.314529,-5.170893
113.76,-54.50879,-5,2.792935,1.581834,24.07559,-15.75957,-5.314529,-5.183843
113.78,-57.58789,-5,2.935002,1.56348,2.991613,-25.69224,-5.314529,-5.246391
113.8,10.22351,-5,2.581762,1.332937,-22.1687,-31.30035,-4.977129,-5.165075
113.82,-161.8014,-5,1.656426,0.7719387,-50.06184,-25.4575,-5.989328,-5.864021
113.84,4.450439,-5,0.6566017,0.141118,-52.56565,-35.4677,-5.65193,-6.060728
113.86,39.11096,-5,-0.1200895,-0.4705868,-25.72596,-22.65215,-5.65193,-6.161004
113.88,46.23218,-5,-0.193631,-0.6523476,-3.359534,-10.42536,-5.65193,-6.103294
113.9,35.05151,-5,-0.0064236,-0.5231877,14.68627,-2.232685,-5.65193,-5.982853
113.92,-41.17554,-5,0.8226479,-0.1288169,41.67865,-0.8253753,-5.92185,-5.960473
113.94,-59.60864,-5,1.367951,0.2235432,28.70154,-9.44286,-5.989328,-5.955092
113.96,-64.19348,-5,1.76026,0.4114254,17.96872,-18.324,-5.989328,-5.956435
113.98,-56.35364,-5,1.925272,0.4425427,6.121385,-25.21233,-5.92185,-5.943774
114,-71.20044,-5,1.823385,0.3210267,-8.886253,-28.69191,-5.989328,-6.025992
114.02,8.635742,-5,1.126665,0.02150424,-38.9626,-30.04116,-5.65193,-5.962725
114.04,83.96387,-5,0.2267766,-0.3277698,-45.66489,-19.69328,-5.247049,-5.775982
114.06,72.60303,-5,-0.5362069,-0.547017,-38.55038,-2.663405,-5.247049,-5.720687
114.08,69.50354,-5,-0.6306493,-0.4611146,15.67864,7.801296,-5.247049,-5.63062
114.1,-15.19128,-5,0.3179651,-0.02184655,40.80842,11.12023,-5.58445,-5.625751
114.12,-85.43591,-5,1.309761,0.4767126,53.78553,1.317611,-5.92185,-5.724055
114.14,59.82092,-5,2.42771,1.003947,55.1443,-15.70038,-5.044609,-5.169106
114.16,-16.58118,-5,3.053047,1.358857,30.77788,-14.42164,-4.977129,-4.894686
114.18,-194.3098,-5,2.607871,1.285388,-31.77176,-20.18656,-5.85437,-5.451577
114.2,-51.98535,-5,1.552579,0.7536728,-52.47405,-38.29769,-5.58445,-5.726695
114.22,39.96753,-5,0.668071,0.06163513,-31.0542,-32.81473,-5.314529,-5.766184
114.24,25.97681,-5,0.8562592,-0.1705318,4.167186,-20.57638,-5.314529,-5.66812
114.26,20.86646,-5,0.8069729,-0.1606529,-3.695412,-13.72982,-5.247049,-5.542339
114.28,14.65417,-5,0.4287583,-0.1641768,-16.1687,-8.435384,-5.247049,-5.518562
114.3,8.05835,-5,0.2239005,-0.1523908,-2.03129,-4.870063,-5.314529,-5.553098
114.32,-40.09033,-5,0.6541985,-0.002090678,25.38857,-4.706389,-5.58445,-5.65188
114.34,-46.41077,-5,1.193982,0.2038651,25.48017,-11.29089,-5.65193,-5.672536
114.36,-109.7632,-5,1.664562,0.3220544,14.22826,-17.99849,-5.989328,-5.85488
114.38,-81.93347,-5,1.527426,0.2075987,-10.84045,-28.37947,-5.989328,-5.994478
114.4,-11.71045,-5,1.097261,-0.08326122,-27.31374,-30.89445,-5.71941,-5.963554
114.42,7.05542,-5,0.3035735,-0.4631273,-42.45878,-22.77883,-5.65193,-5.986054
114.44,72.60815,-5,-0.6060444,-0.7859504,-43.97023,-12.34226,-5.38201,-5.890932
114.46,32.12598,-5,-1.410938,-1.028492,-15.52748,3.832258,-5.65193,-6.03073
114.48,21.3103,-5,-0.5144954,-0.7182011,39.90766,7.430758,-5.71941,-5.929084
114.5,-54.61133,-5,0.5903254,-0.1964409,51.31224,4.92327,-5.989328,-5.893836
114.52,96.04126,-5,1.765917,0.4776597,58.10613,-7.987443,-4.977129,-5.17524
114.54,-22.45349,-5,2.443606,0.9875273,30.48781,-3.663857,-5.044609,-4.903682
114.56,-36.71875,-5,2.15692,1.180966,-22.29084,-11.83114,-4.977129,-4.88158
114.58,-189.8051,-5,1.654993,0.9127607,-26.35191,-17.35073,-5.92185,-5.570218
114.6,-94.40869,-5,1.297164,0.4518133,-15.60382,-35.25563,-5.92185,-5.935293
114.62,-10.25537,-5,1.272042,0.00710848,1.754971,-37.28869,-5.65193,-5.910945
114.64,-19.81689,-5,0.9907632,-0.3229924,-13.1916,-29.23341,-5.65193,-5.895532
114.66,-13.29297,-5,0.293535,-0.6212059,-44.8252,-22.55038,-5.65193,-5.941579
114.68,11.31958,-5,-0.6229251,-0.9554073,-49.08474,-14.36749,-5.65193,-6.030252
114.7,-27.17688,-5,-0.9747343,-1.149992,8.335126,-5.374131,-5.989328,-6.241234
114.72,160.0817,-5,-0.2620891,-0.838424,31.2359,-5.305274,-4.977129,-5.566235
114.74,69.96912,-5,0.01683621,-0.4206828,23.12902,12.72751,-4.977129,-5.21565
114.76,-29.77307,-5,0.7144668,0.1878622,26.86948,13.09518,-5.247049,-5.151193
114.78,-54.01538,-5,1.438425,0.6897277,35.00689,0.8179665,-5.314529,-5.137485
114.8,-65.03516,-5,2.134793,0.9964384,34.82368,-12.09798,-5.314529,-5.124183
114.82,-124.7562,-5,2.165179,0.9497153,4.518331,-22.00766,-5.65193,-5.396738
114.84,-28.49915,-5,1.83886,0.6703378,-19.06946,-33.39941,-5.314529,-5.405226
114.86,-40.05542,-5,1.41788,0.2703414,-27.40535,-29.85885,-5.38201,-5.507282
114.88,41.94824,-5,0.5369709,-0.1501608,-50.24504,-25.62124,-5.044609,-5.435768
114.9,-109.1985,-5,-0.6217569,-0.7188019,-58.36718,-10.97896,-5.989328,-6.061256
114.92,6.461426,-5,-1.574185,-1.21363,-12.45877,-13.26962,-5.92185,-6.328695
114.94,177.2346,-5,-0.5541104,-1.046574,38.85422,-6.142663,-4.977129,-5.635126
114.96,-154.2108,-5,-0.08237447,-0.7379038,28.73208,13.72092,-6.326729,-6.036037
114.98,-98.71008,-5,0.3155067,-0.3991189,13.20536,-7.937545,-6.326729,-6.18919
115,169.0298,-5,0.003993317,-0.3719056,-22.59618,-15.04109,-4.977129,-5.530775
115.02,89.38879,-5,-0.884814,-0.5083564,-44.58092,10.28047,-5.044609,-5.376768
115.04,-73.63037,-5,-1.587024,-0.5910422,-38.94733,21.0166,-5.989328,-5.911536
115.06,-56.56177,-5,-1.340435,-0.5568619,31.1901,10.77517,-6.326729,-6.269287
115.08,132.6,-5,-0.1897532,-0.2161493,50.27407,2.260038,-5.38201,-5.682801
115.1,53.74951,-5,0.01173733,0.07065426,16.93055,15.05382,-5.38201,-5.411263
115.12,38.11243,-5,-0.1516104,0.3270134,-10.53511,16.11415,-5.314529,-5.298795
115.14,22.77246,-5,0.1074982,0.5629058,17.54124,14.37321,-5.314529,-5.240491
115.16,-54.19922,-5,0.7557603,0.8117448,38.60995,9.357487,-5.65193,-5.362828
115.18,-65.71362,-5,1.533306,1.036563,35.58704,-4.401715,-5.71941,-5.410179
115.2,-63.91321,-5,2.115359,1.124439,23.00689,-16.64651,-5.65193,-5.387688
115.22,-2.417725,-5,2.014186,1.001407,-15.05419,-24.13661,-5.247049,-5.217498
115.24,37.89478,-5,0.869805,0.5571443,-64.32138,-18.97748,-4.977129,-5.163072
115.26,-129.0042,-5,-0.1916889,-0.03733242,-60.44352,-8.327988,-5.989328,-5.85143
115.28,-13.72607,-5,-0.9494015,-0.5727099,-12.01603,-15.53877,-5.92185,-6.14536
115.3,-24.66736,-5,0.3344676,-0.5594658,48.21301,-13.01416,-5.989328,-6.064116
115.32,-41.09314,-5,0.4988439,-0.4848521,13.93818,-13.02824,-5.989328,-5.998082
115.34,-43.40173,-5,0.2060422,-0.5392376,-30.0771,-13.724,-5.989328,-6.024799
115.36,-22.604,-5,-0.5563803,-0.796642,-32.87099,-11.83963,-5.989328,-6.134357
115.38,-1.897705,-5,-0.9187335,-1.007413,-6.412971,-7.254901,-5.989328,-6.187981
115.4,171.6729,-5,-0.674942,-0.862691,8.014515,-2.563434,-4.977129,-5.519572
115.42,80.09521,-5,-0.482992,-0.5217809,10.19772,17.41611,-4.977129,-5.171366
115.44,-43.79858,-5,0.1975152,0.04395938,32.27407,18.92368,-5.38201,-5.18176
115.46,-40.97449,-5,1.141066,0.5936242,44.62522,4.265727,-5.314529,-5.088195
115.48,-107.113,-5,1.755702,0.859879,31.81605,-7.320612,-5.58445,-5.220441
115.5,-108.3036,-5,2.041482,0.8660258,10.94581,-22.68757,-5.65193,-5.366805
115.52,-94.5061,-5,1.974053,0.6128131,-2.825183,-32.79389,-5.65193,-5.502406
115.54,-7.11438,-5,1.45762,0.2068987,-35.97023,-36.25156,-5.247049,-5.412197
115.56,30.23718,-5,0.272977,-0.3477989,-62.65726,-25.68879,-5.044609,-5.386138
115.58,-103.4316,-5,-1.011592,-0.9742429,-68.85574,-10.94048,-5.92185,-5.997733
115.6,2.250854,-5,-2.146791,-1.547963,-36.85573,-10.80215,-5.92185,-6.313947
115.62,170.037,-5,-1.2283,-1.436141,42.0756,-2.752566,-5.044609,-5.681181
115.64,76.66748,-5,-0.2299686,-0.8356185,33.38857,16.1725,-4.977129,-5.174656
115.66,-55.98792,-5,0.1255789,-0.2171118,16.91528,17.90549,-5.38201,-5.182997
115.68,-20.4447,-5,0.2829885,0.1556887,16.21299,5.212544,-5.247049,-5.156238
115.7,-97.40381,-5,0.7626069,0.3226356,21.69391,-1.336175,-5.65193,-5.377956
115.72,-59.16077,-5,0.9712086,0.3370457,9.724439,-14.12046,-5.58445,-5.453426
115.74,-49.94165,-5,0.8683092,0.1572587,-9.420605,-18.38155,-5.58445,-5.531781
115.76,23.79944,-5,0.3542681,-0.1198243,-27.58855,-18.43513,-5.247049,-5.434844
115.78,5.435669,-5,-0.2166512,-0.4081113,-30.19924,-9.143622,-5.314529,-5.478916
115.8,16.16431,-5,-0.5970222,-0.5726504,-12.27557,-3.575183,-5.314529,-5.502367
115.82,-63.73169,-5,-0.069793,-0.4830379,34.45728,-0.7356827,-5.71941,-5.646495
115.84,114.0499,-5,0.6698697,-0.1222079,33.05269,-9.044911,-4.707209,-5.008912
115.86,38.99854,-5,1.277817,0.2907514,27.86185,1.381783,-4.572248,-4.604477
115.88,-24.85596,-5,1.348942,0.6320797,5.525965,0.3845813,-4.639729,-4.519452
115.9,-46.83386,-5,1.474379,0.7989069,8.991614,-7.189185,-4.707209,-4.572072
115.92,-52.3302,-5,1.988268,0.9118488,24.93055,-16.17463,-4.707209,-4.580189
115.94,-207.2377,-5,2.087503,0.7599959,4.487797,-23.37275,-5.58445,-5.151711
115.96,-94.19128,-5,1.738835,0.3623642,-20.85572,-42.55375,-5.38201,-5.370165
115.98,-63.89844,-5,1.149847,-0.243875,-33.39008,-41.86306,-5.38201,-5.540557
116,34.53308,-5,0.2588906,-0.7957549,-52.67253,-35.23023,-4.977129,-5.438043
116.02,-138.9539,-5,-0.7645538,-1.372321,-53.34428,-17.84213,-5.989328,-6.054618
116.04,-32.33936,-5,-1.889369,-1.907599,-42.99314,-20.02204,-5.989328,-6.380045
116.06,177.2321,-5,-1.6534,-1.97657,30.04506,-11.04474,-4.977129,-5.767139
116.08,31.89819,-5,-1.317445,-1.667127,14.45726,14.82107,-5.314529,-5.566833
116.1,13.75183,-5,-1.136701,-1.155895,1.281688,16.67402,-5.314529,-5.432393
116.12,-47.61792,-5,-0.5727319,-0.6838691,29.83132,14.12964,-5.58445,-5.480651
116.14,113.8546,-5,0.2589129,-0.1213144,48.18246,3.839791,-4.639729,-4.864648
116.16,-39.33191,-5,0.6621085,0.2637383,29.61757,11.83378,-5.044609,-4.838352
116.18,-36.22302,-5,1.127781,0.628766,16.80841,0.0839417,-4.977129,-4.787658
116.2,-60.47363,-5,1.527924,0.7857813,19.96872,-8.758369,-5.044609,-4.825459
116.22,-64.65076,-5,1.819214,0.8056989,14.35039,-18.07565,-5.044609,-4.864951
116.24,-52.17944,-5,1.748738,0.6536652,-3.619076,-24.44422,-4.977129,-4.900669
116.26,14.85693,-5,1.194595,0.3483863,-36.01603,-25.44692,-4.639729,-4.81003
116.28,-152.1458,-5,0.02993707,-0.2554692,-57.8481,-15.81567,-5.65193,-5.513511
116.3,28.03467,-5,-0.9578054,-0.8358868,-50.94733,-22.80704,-5.247049,-5.646352
116.32,41.98608,-5,-1.104742,-1.182469,1.32749,-8.702178,-5.247049,-5.623096
116.34,24.29016,-5,-1.079547,-1.177151,5.724438,1.936825,-5.314529,-5.562209
116.36,-52.46985,-5,-0.4413087,-0.8882732,37.55651,4.926817,-5.65193,-5.613459
116.38,-56.86853,-5,0.3751622,-0.4924453,37.15956,-3.5833,-5.65193,-5.546009
116.4,-61.96021,-5,0.956106,-0.2050981,21.80078,-11.58801,-5.58445,-5.454602
116.42,-90.27612,-5,1.201532,-0.09585217,5.144285,-18.27427,-5.65193,-5.484089
116.44,-76.54553,-5,0.7059147,-0.2941856,-29.64962,-23.90864,-5.65193,-5.610745
116.46,10.4884,-5,-0.06383,-0.6663412,-42.06184,-23.5382,-5.314529,-5.566829
116.48,13.89124,-5,-0.7712306,-1.022193,-37.51222,-12.12373,-5.314529,-5.591753
116.5,23.86365,-5,-1.206251,-1.19185,-5.725948,-2.755234,-5.314529,-5.590441
116.52,20.71606,-5,-0.562753,-0.9590756,33.22063,2.317952,-5.247049,-5.406744
116.54,-84.72705,-5,0.1784856,-0.5833092,32.02979,2.711491,-5.65193,-5.470716
116.56,87.47583,-5,0.9000401,-0.1070246,36.33514,-9.731665,-4.639729,-4.844616
116.58,-3.851562,-5,1.351067,0.2537593,23.14429,-2.119698,-4.639729,-4.573284
116.6,-50.87659,-5,1.410336,0.5069488,2.045048,-6.582293,-4.707209,-4.554038
116.62,-210.8646,-5,1.294862,0.4121217,-8.214498,-14.26366,-5.65193,-5.191636
116.64,-125.4442,-5,1.180497,0.08858041,-6.550376,-35.11758,-5.65193,-5.526271
116.66,-88.77588,-5,1.090961,-0.3736911,-6.596177,-39.99656,-5.65193,-5.687908
116.68,-3.988281,-5,0.7661821,-0.7572612,-17.40534,-38.3237,-5.247049,-5.53333
116.7,34.95312,-5,-0.2581028,-1.169918,-59.05421,-25.13526,-4.977129,-5.397593
116.72,40.13696,-5,-1.492572,-1.548681,-63.35955,-8.315575,-4.977129,-5.426647
116.74,-154.0933,-5,-2.359146,-1.911118,-10.94732,5.828813,-6.259249,-6.224143
116.76,81.38452,-5,-1.222711,-1.630658,40.28934,-7.862437,-5.38201,-5.80764
116.78,-18.33691,-5,-0.496198,-1.281076,45.51072,4.386076,-5.58445,-5.628073
116.8,103.9314,-5,0.4654408,-0.5908666,41.17483,-0.4888692,-4.639729,-4.878211
116.82,8.323608,-5,0.6678056,-0.09334937,7.754973,7.94154,-4.639729,-4.591953
116.84,-17.94641,-5,0.5116341,0.210649,-9.405337,4.376667,-4.639729,-4.554428
116.86,-84.0061,-5,0.8782926,0.3898292,24.4878,-1.991016,-4.977129,-4.742018
116.88,-78.52136,-5,1.760962,0.6002464,38.70155,-15.86631,-4.977129,-4.757596
116.9,-86.19287,-5,2.0818,0.6115001,16.70154,-25.60824,-4.977129,-4.790499
116.92,-43.25708,-5,2.088769,0.4868656,-3.390069,-32.80919,-4.707209,-4.698469
116.94,-219.8972,-5,1.296862,-0.01897772,-45.63436,-30.99786,-5.71941,-5.40207
116.96,-51.07678,-5,0.163136,-0.7196208,-57.60383,-43.70226,-5.38201,-5.644578
116.98,-7.437622,-5,-0.8620392,-1.48426,-55.34428,-31.58269,-5.38201,-5.80629
117,39.31775,-5,-1.881049,-2.017526,-50.70306,-15.68634,-5.314529,-5.846521
117.02,57.62012,-5,-2.514522,-2.241105,0.7015356,1.733188,-5.314529,-5.81831
117.04,54.47925,-5,-1.835717,-1.896552,28.57941,12.89274,-5.247049,-5.569729
117.06,123.2313,-5,-0.703512,-1.115941,54.73209,16.43584,-4.572248,-4.877815
117.08,-59.59924,-5,0.8254463,-0.1518576,75.57178,20.42148,-4.977129,-4.665665
117.1,-157.4109,-5,2.018084,0.6451378,57.37331,0.4316463,-5.314529,-4.747341
117.12,-139.2655,-5,2.612712,0.939573,30.86948,-24.66006,-5.247049,-4.822616
117.14,-149.6888,-5,2.806325,0.8009732,1.754971,-40.15527,-5.314529,-4.989932
117.16,-77.20557,-5,2.09314,0.292666,-42.59619,-49.02565,-5.044609,-5.062699
117.18,-1.508911,-5,0.9911411,-0.3812953,-57.9855,-43.79763,-4.707209,-5.033461
117.2,-94.49341,-5,-0.3297505,-1.115699,-65.87864,-28.51113,-5.314529,-5.493075
117.22,-22.72156,-5,-1.623643,-1.78028,-62.38245,-23.43414,-5.38201,-5.803992
117.24,36.22815,-5,-1.59904,-2.019128,18.79314,-12.81123,-5.247049,-5.729052
117.26,16.22314,-5,-1.579346,-1.955562,17.63284,0.1192182,-5.314529,-5.639909
117.28,-52.57556,-5,-1.276794,-1.686101,20.56414,5.549924,-5.65193,-5.713911
117.3,109.8757,-5,-0.4166657,-1.128819,42.19773,-0.308444,-4.707209,-5.060207
117.32,29.52502,-5,0.1984066,-0.5636852,27.22063,10.18866,-4.639729,-4.683657
117.34,-29.87756,-5,0.5311456,-0.04661065,12.73207,7.860028,-4.707209,-4.573314
117.36,-39.81995,-5,0.7452629,0.2539614,16.96108,-0.3883753,-4.707209,-4.56768
117.38,-263.1636,-5,1.504988,0.379068,34.50307,-9.872325,-5.92185,-5.255
117.4,56.88208,-5,1.657266,0.3466475,6.732071,-38.71877,-4.572248,-4.800032
117.42,-193.9713,-5,1.429213,-0.04903722,-15.75649,-25.15452,-5.65193,-5.312537
117.44,-63.80652,-5,0.8060954,-0.441789,-41.23741,-39.35175,-5.314529,-5.420982
117.46,-39.9436,-5,-0.02848108,-1.023548,-42.9626,-32.78965,-5.314529,-5.553658
117.48,-179.2875,-5,-0.7017748,-1.571626,-22.87099,-24.14019,-6.259249,-6.197853
117.5,70.495,-5,-1.006862,-1.856101,-19.08473,-31.08992,-5.314529,-5.880991
117.52,14.42114,-5,-1.106002,-1.968992,0.5335966,-10.13396,-5.38201,-5.720433
117.54,0.6079102,-5,-0.9038996,-1.716166,3.022147,-2.600101,-5.314529,-5.528094
117.56,-15.10938,-5,-0.9490343,-1.466071,-3.848084,1.173919,-5.314529,-5.441741
117.58,-78.61475,-5,-0.8093647,-1.258915,16.25879,1.526013,-5.65193,-5.589873
117.6,108.0582,-5,-0.2058283,-0.8769022,26.41147,-6.278613,-4.639729,-4.977341
117.62,-201.0341,-5,0.3168522,-0.6183077,21.64811,5.167114,-5.92185,-5.435232
117.64,6.911255,-5,1.189217,-0.1817531,45.1901,-21.08687,-4.977129,-5.012051
117.66,-64.25977,-5,1.833845,0.03818977,31.08323,-19.65077,-4.977129,-4.820831
117.68,-265.8555,-5,1.776888,-0.02022696,-11.3748,-26.15027,-5.989328,-5.427635
117.7,-99.80786,-5,0.9405885,-0.4979489,-50.18398,-47.85789,-5.58445,-5.62311
117.72,-16.04095,-5,-0.09604718,-1.237466,-55.78703,-41.85721,-5.314529,-5.66466
117.74,1.891235,-5,-1.254931,-1.871548,-58.9168,-25.54496,-5.314529,-5.743758
117.76,18.34399,-5,-2.289142,-2.302553,-28.56565,-9.46439,-5.38201,-5.838618
117.78,27.07935,-5,-1.655349,-2.123762,28.79315,0.7556958,-5.314529,-5.6419
117.8,-69.58679,-5,-0.7590107,-1.638191,40.57941,5.28073,-5.65193,-5.60127
117.82,-135.603,-5,0.3510276,-1.064461,57.64811,-5.314607,-5.92185,-5.636814
117.84,21.15393,-5,1.164016,-0.5766748,36.10613,-21.37371,-4.977129,-5.064454
117.86,-66.96863,-5,1.231039,-0.391508,-8.626713,-16.45218,-5.044609,-4.928055
117.88,-223.1552,-5,0.20077,-0.6868363,-56.96261,-19.00966,-5.989328,-5.627587
117.9,-51.61554,-5,-0.7645302,-1.246221,-45.90917,-33.06509,-5.65193,-5.858145
117.92,138.4636,-5,-0.5910431,-1.486513,20.31986,-25.23055,-4.639729,-5.25807
117.94,50.875,-5,-0.5873953,-1.385733,2.762605,-0.9028215,-4.639729,-4.926707
117.96,0.6878052,-5,-0.6740385,-1.078307,-14.47404,6.592083,-4.707209,-4.810853
117.98,-50.95135,-5,-0.6659075,-0.8387817,9.098484,6.390396,-4.977129,-4.930435
118,-42.39899,-5,0.01024862,-0.5331442,46.56415,-1.20095,-4.977129,-4.909046
118.02,-67.39276,-5,0.7029076,-0.2587957,34.86949,-7.706809,-5.044609,-4.885902
118.04,-111.273,-5,1.059029,-0.1328737,12.33513,-15.82605,-5.247049,-5.005102
118.06,-46.41974,-5,0.8965104,-0.2268318,-12.3061,-24.99837,-4.977129,-4.96878
118.08,-50.25806,-5,0.5892529,-0.4619299,-19.46641,-23.50709,-4.977129,-5.011601
118.1,-42.15155,-5,0.1861294,-0.7095952,-26.22977,-21.57904,-4.977129,-5.073627
118.12,23.00073,-5,-0.4690116,-0.98074,-33.13054,-17.17982,-4.707209,-4.998228
118.14,39.40515,-5,-1.226532,-1.233093,-39.81756,-5.0948,-4.639729,-4.97109
118.16,-191.2421,-5,-0.9360864,-1.264014,15.86185,3.113008,-5.92185,-5.624689
118.18,38.19214,-5,-0.3234358,-1.052407,27.67864,-16.44852,-5.044609,-5.288188
118.2,147.662,-5,0.5577135,-0.6598496,47.44965,-8.799144,-4.03241,-4.426579
118.22,-218.3317,-5,1.397704,-0.1719216,35.66338,3.905515,-5.38201,-4.786669
118.24,-144.9097,-5,1.181981,-0.03024432,-13.25267,-23.92092,-5.314529,-5.034108
118.26,-39.87836,-5,0.6010295,-0.4041473,-25.23741,-32.7986,-4.977129,-5.08084
118.28,-41.59991,-5,0.4658083,-0.7276657,-0.7946484,-27.63857,-4.977129,-5.100439
118.3,-47.61047,-5,0.4430403,-0.8719713,-4.275566,-24.36639,-4.977129,-5.083153
118.32,-51.78387,-5,0.3262327,-0.9582158,-10.1687,-22.44057,-4.977129,-5.078811
118.34,-50.37177,-5,0.1399319,-1.042088,-8.306102,-20.97097,-4.977129,-5.09397
118.36,-48.65845,-5,0.08669778,-1.087068,-2.24503,-19.68042,-4.977129,-5.096563
118.38,-45.49835,-5,-0.04641708,-1.131106,-6.809917,-18.20195,-4.977129,-5.105183
118.4,-42.16974,-5,-0.1308319,-1.155753,-2.962588,-16.61318,-4.977129,-5.107788
118.42,-43.30182,-5,-0.04168117,-1.118123,2.945811,-15.52007,-4.977129,-5.085328
118.44,-44.44348,-5,-0.05020556,-1.080132,-0.4282355,-14.87452,-4.977129,-5.072846
118.46,-56.46368,-5,-0.03259825,-1.048931,1.067948,-14.63921,-5.044609,-5.10409
118.48,123.0815,-5,-0.04594516,-0.9174213,-1.099992,-15.26455,-4.03241,-4.509856
118.5,33.03564,-5,-0.05120562,-0.7205886,-0.4740371,2.439914,-4.09989,-4.280244
118.52,30.88306,-5,-0.04386879,-0.3976545,5.052682,5.077533,-3.96493,-4.099667
118.54,-241.8766,-5,0.5472965,-0.1585473,35.73972,4.101007,-5.38201,-4.816967
118.56,21.46094,-5,1.145623,0.06136519,35.60231,-25.70076,-4.36981,-4.500646
118.58,-24.30334,-5,1.699853,0.12841,26.60994,-20.66966,-4.30233,-4.295971
118.6,-233.9294,-5,1.827892,0.1004521,3.281689,-22.8482,-5.314529,-4.84027
118.62,-97.47546,-5,1.44294,-0.1848983,-22.91679,-44.06063,-4.977129,-4.982386
118.64,-27.69379,-5,0.8216474,-0.7076664,-31.92443,-42.12783,-4.707209,-4.971117
118.66,-187.1339,-5,0.09069186,-1.274433,-38.39771,-31.73006,-5.65193,-5.582141
118.68,125.8547,-5,-0.712844,-1.665455,-42.30611,-37.75996,-4.36981,-5.124536
118.7,-87.57709,-5,-1.391254,-2.046504,-29.37481,-8.182461,-5.314529,-5.489099
118.72,-33.37994,-5,-1.573207,-2.059006,-7.222132,-9.535642,-5.314529,-5.585352
118.74,160.9434,-5,-1.579535,-1.902494,2.915277,-4.478194,-4.30233,-4.965474
118.76,-142.4385,-5,-1.251499,-1.632585,15.4191,16.94287,-5.58445,-5.37144
118.78,70.53192,-5,-1.001906,-1.201113,9.800775,0.01161432,-4.707209,-4.990862
118.8,-28.07135,-5,-0.4765294,-0.8839666,31.34277,8.509691,-4.977129,-4.933076
118.82,-39.32782,-5,0.01100117,-0.503872,21.23589,2.536156,-4.977129,-4.869321
118.84,-41.39752,-5,0.06872892,-0.3436126,3.480163,-2.724027,-4.977129,-4.880988
118.86,-47.19922,-5,0.4674907,-0.2115252,17.38857,-7.758264,-4.977129,-4.865509
118.88,-53.8374,-5,0.6567472,-0.1598397,9.251156,-12.32832,-4.977129,-4.86769
118.9,-53.22382,-5,0.5520661,-0.2354882,-6.000757,-15.68988,-4.977129,-4.912456
118.92,-47.54376,-5,0.3874909,-0.3827972,-8.397705,-17.31824,-4.977129,-4.967031
118.94,-207.9444,-5,0.4111645,-0.6038852,0.9152762,-18.27917,-5.92185,-5.555826
118.96,87.54681,-5,0.3554985,-0.7427106,-3.481672,-34.45528,-4.639729,-5.056479
118.98,17.4884,-5,0.1414204,-0.903034,-11.35954,-14.61658,-4.639729,-4.848325
119,-167.6038,-5,-0.2520579,-1.004594,-21.78702,-7.64224,-5.58445,-5.352417
119.02,67.17352,-5,-0.3928824,-1.028826,6.609934,-20.87105,-4.639729,-5.017795
119.04,9.333313,-5,0.0849934,-0.9180526,18.18246,-7.514711,-4.639729,-4.786947
119.06,-31.05457,-5,0.05991971,-0.7246498,0.1824515,-4.48626,-4.707209,-4.730246
119.08,-97.47479,-5,0.2861625,-0.5687794,19.96872,-7.447243,-5.044609,-4.899299
119.1,-79.22772,-5,1.071084,-0.3394031,30.70155,-18.73842,-4.977129,-4.862052
119.12,-86.79218,-5,1.202905,-0.3162435,1.083215,-24.82411,-4.977129,-4.881094
119.14,-76.31018,-5,0.7178149,-0.5400096,-34.1687,-28.00243,-4.977129,-4.989564
119.16,13.0498,-5,-0.2444121,-0.9474322,-54.41299,-25.6818,-4.639729,-4.955009
119.18,85.65137,-5,-1.325214,-1.354316,-49.10001,-11.33821,-4.30233,-4.817013
119.2,-168.1595,-5,-1.75003,-1.618474,4.274056,6.408696,-5.71941,-5.567076
119.22,-117.0328,-5,-0.9192584,-1.491298,34.83895,-10.3107,-5.92185,-5.84563
119.24,52.04309,-5,0.1062277,-1.208111,49.0069,-19.28576,-5.044609,-5.303946
119.26,-24.78595,-5,0.7893019,-0.8455347,27.58704,-10.45723,-4.977129,-4.962744
119.28,-51.2326,-5,0.1226121,-0.7542588,-50.0313,-10.16263,-4.977129,-4.955514
119.3,-25.91632,-5,-0.8671344,-0.986856,-49.26794,-9.281148,-4.977129,-5.102539
119.32,-17.73956,-5,-0.4561267,-0.9759402,48.83895,-7.51154,-4.977129,-5.075665
119.34,121.2416,-5,0.3804636,-0.593034,33.84659,-7.989754,-4.03241,-4.371928
119.36,-186.3845,-5,0.7318119,-0.3138974,10.15192,4.060154,-5.247049,-4.777805
119.38,-75.2229,-5,0.5633768,-0.2220476,-10.93206,-18.37213,-4.977129,-4.878753
119.4,108.9242,-5,0.6797746,-0.2467778,9.648103,-21.97844,-3.96493,-4.335264
119.42,-148.9182,-5,0.8963483,-0.2470074,10.76261,-6.925656,-4.977129,-4.676894
119.44,-110.5449,-5,0.7019778,-0.2990304,-7.756482,-22.40796,-5.044609,-4.919318
119.46,-75.61914,-5,0.5127888,-0.573448,-12.36717,-28.121,-5.044609,-5.070182
119.48,-60.51331,-5,0.4156012,-0.8291786,-5.481672,-28.06208,-5.044609,-5.134908
119.5,-52.87946,-5,0.1748731,-1.047228,-16.84046,-25.70741,-5.044609,-5.173509
119.52,36.12445,-5,-0.6037004,-1.311982,-40.70306,-20.60257,-4.639729,-5.022052
119.54,21.86969,-5,-1.448236,-1.570901,-45.55802,-5.394321,-4.707209,-5.048248
119.56,-161.8455,-5,-2.221725,-1.865112,-15.35954,5.429653,-5.92185,-5.812952
119.58,263.0989,-5,-1.438527,-1.554645,37.35804,-7.798911,-3.96493,-4.795578
119.6,-104.0126,-5,-0.7110689,-1.167831,26.64048,23.46458,-5.247049,-4.987163
119.62,67.92157,-5,-0.4848795,-0.6010169,8.900012,6.614584,-4.43729,-4.581813
119.64,48.49146,-5,-0.4489777,-0.3227805,2.823674,12.82062,-4.30233,-4.364954
119.66,29.17767,-5,-0.5506683,-0.1015969,-7.00839,15.3238,-4.30233,-4.301869
119.68,-25.37482,-5,-0.2645423,0.1113239,30.80842,13.98855,-4.572248,-4.412044
119.7,-41.17261,-5,0.7517539,0.4606748,50.41148,4.151469,-4.639729,-4.394495
119.72,-69.69647,-5,1.504904,0.7185708,37.25117,-6.531938,-4.707209,-4.393722
119.74,-78.55109,-5,1.810326,0.7725099,8.075583,-17.55141,-4.707209,-4.432561
119.76,-13.10992,-5,1.449098,0.562752,-23.48168,-24.43771,-4.36981,-4.357454
119.78,44.23486,-5,0.6194086,0.1780364,-43.25268,-19.50335,-4.03241,-4.245555
119.8,-123.0317,-5,-0.2006632,-0.2930862,-43.55802,-8.06687,-4.977129,-4.836302
119.82,-42.45703,-5,-0.9315689,-0.7503738,-14.19923,-14.93462,-5.044609,-5.179072
119.84,-10.48657,-5,-0.0965962,-0.8164402,30.93055,-14.10734,-4.977129,-5.110404
119.86,-27.69153,-5,0.1608897,-0.7512442,9.44963,-11.21039,-4.977129,-5.023898
119.88,-199.1305,-5,0.08985633,-0.8174962,-4.886253,-11.15663,-5.92185,-5.571538
119.9,86.10175,-5,-0.03847735,-0.8769269,-5.832818,-27.53367,-4.707209,-5.112753
119.92,-197.3071,-5,-0.1373273,-1.111223,-5.741215,-9.710436,-5.989328,-5.680271
119.94,-119.1987,-5,-0.3167171,-1.268637,-13.06946,-25.95247,-5.989328,-5.940745
119.96,81.44397,-5,-0.5736803,-1.490744,-8.092361,-27.55717,-5.044609,-5.508682
119.98,26.76648,-5,-0.5142381,-1.479481,-1.741213,-8.556933,-4.977129,-5.22466
120,-6.066162,-5,-0.7081761,-1.302508,-12.97786,-0.881284,-4.977129,-5.102266
120.02,-52.1532,5,-1.10481,-1.211346,-19.86336,2.246981,-4.977129,-5.097579
120.04,-58.77869,5,-0.7476958,-1.049196,23.58704,-1.554577,-4.977129,-5.035142
120.06,75.43726,5,0.09564118,-0.6723934,35.48018,-7.262559,-4.03241,-4.333077
120.08,-246.8851,5,0.4219089,-0.5040365,17.78551,0.8649435,-5.314529,-4.786779
120.1,-192.7502,5,0.6664042,-0.4830104,6.396194,-27.20276,-5.314529,-5.013638
120.12,48.4248,5,0.713335,-0.6848114,10.64047,-40.02805,-4.03241,-4.38632
120.14,-57.68909,5,0.8764409,-0.8040229,3.922911,-24.83666,-4.03241,-4.090352
120.16,-268.0637,5,0.6906461,-0.9468809,-19.52748,-25.37393,-4.977129,-4.566286
120.18,-187.7573,5,-0.3254841,-1.50601,-51.72596,-43.60432,-4.977129,-4.937653
120.2,-84.99719,5,-1.242765,-2.284159,-42.45878,-44.3881,-4.707209,-5.019757
120.22,-80.37198,5,-1.773831,-2.860158,-29.64962,-32.79959,-4.707209,-5.024899
120.24,-77.60773,5,-2.38503,-3.228674,-27.25267,-22.65729,-4.707209,-5.008692
120.26,-129.1855,5,-2.517325,-3.382575,1.81604,-15.35189,-4.977129,-5.096745
120.28,36.93771,5,-2.262837,-3.232943,11.26643,-16.25021,-4.03241,-4.478523
120.3,-39.83386,5,-2.025557,-2.963209,7.999248,-0.8749177,-3.96493,-4.105894
120.32,-151.5742,5,-1.71133,-2.602297,13.34276,0.3072343,-4.30233,-4.105153
120.34,-225.0797,5,-0.8427671,-2.25616,38.83895,-13.28328,-4.639729,-4.233079
120.36,-225.4012,5,-0.5349181,-2.230406,18.99162,-30.79674,-4.707209,-4.358204
120.38,-271.9478,5,-0.6380304,-2.556656,-10.97786,-42.2567,-5.044609,-4.679178
120.4,-164.9368,5,-1.498978,-3.181777,-56.80993,-51.58054,-4.707209,-4.741892
120.42,-130.969,5,-2.875762,-4.014797,-71.78704,-42.33542,-4.639729,-4.856206
120.44,-99.51689,5,-4.284022,-4.773761,-71.6649,-28.08589,-4.639729,-4.974721
120.46,-124.2129,5,-5.437359,-5.370517,-9.909155,-11.71919,-4.977129,-5.233461
120.48,53.16154,5,-4.811175,-5.2262,23.05269,-5.13455,-4.03241,-4.550246
120.5,-152.9476,5,-4.180931,-4.803155,26.47253,14.77713,-4.639729,-4.458997
120.52,-56.96701,5,-3.41008,-4.124321,35.49544,4.769471,-3.96493,-3.917357
120.54,-37.19449,5,-2.492596,-3.456647,44.09086,4.960962,-3.357609,-3.24793
120.56,-203.176,5,-1.950586,-2.947366,23.3733,5.040075,-3.762489,-3.201622
120.58,-80.28165,5,-1.852175,-2.665081,0.9916119,-11.77998,-3.02021,-2.812979
120.6,-205.586,5,-1.833367,-2.70302,-1.069457,-10.76966,-3.425089,-2.944297
120.62,-69.1041,5,-1.815578,-2.741271,-4.382436,-22.62179,-2.68281,-2.588255
120.64,-120.3801,5,-2.09153,-2.933321,-14.77939,-15.8251,-2.68281,-2.485736
120.66,-204.7838,5,-2.475414,-3.174225,-20.96259,-15.45057,-3.08769,-2.731428
120.68,-46.55194,5,-2.743421,-3.383933,-0.3671672,-22.59517,-2.345409,-2.418423
120.7,-159.281,5,-2.629622,-3.520864,4.655735,-11.91235,-2.68281,-2.441088
120.72,-219.0342,5,-2.700715,-3.617661,-9.802284,-16.18572,-3.02021,-2.65219
120.74,-77.3913,5,-2.812491,-3.747041,2.380925,-24.45249,-2.345409,-2.356708
120.76,-201.4335,5,-2.556332,-3.831882,9.525966,-16.69299,-2.75029,-2.423108
120.78,-22.57611,5,-2.675155,-3.802591,-7.725949,-23.37746,-1.738089,-1.862218
120.8,-159.2885,5,-2.790183,-3.835719,-4.474039,-9.535335,-2.075489,-1.832665
120.82,-49.59894,5,-2.871593,-3.724213,-2.550374,-13.72264,-1.40069,-1.424462
120.84,-180.0265,5,-2.708791,-3.648117,7.495431,-6.158071,-1.805569,-1.471868
120.86,-48.63007,5,-2.666409,-3.507357,4.106117,-14.23724,-1.06329,-1.05636
120.88,-184.9033,5,-2.317219,-3.401747,11.48017,-7.687171,-1.46817,-1.086515
120.9,-239.2068,5,-2.375562,-3.420342,-7.634346,-17.101,-1.805569,-1.339446
120.92,-88.30157,5,-2.135153,-3.46558,12.3504,-29.38186,-1.06329,-1.000061
120.94,-211.1132,5,-2.187181,-3.638218,-7.725949,-22.3077,-1.46817,-1.112732
120.96,-178.7354,5,-2.777702,-3.914644,-33.22214,-28.08184,-1.40069,-1.204306
120.98,-214.8617,5,-3.525671,-4.400454,-34.80993,-26.26242,-1.738089,-1.5252
121,-14.20538,5,-3.76914,-4.663925,-12.15343,-27.56031,-0.7933693,-1.073354
121.02,-137.6011,5,-3.904972,-4.779643,-15.60382,-7.860151,-1.13077,-1.031713
121.04,-242.8033,5,-4.150526,-4.810859,-7.573277,-6.722052,-1.738089,-1.370974
121.06,-93.49902,5,-3.58363,-4.653543,24.22826,-18.24849,-1.06329,-1.02489
121.08,-41.49585,5,-3.361224,-4.481668,9.022148,-11.33602,-0.4559698,-0.4808964
121.1,7.510986,5,-3.661692,-4.25826,-14.27557,-0.2961223,0.2188301,0.1203972
121.12,-185.967,5,-3.693912,-4.025953,6.838942,11.77315,-0.4559698,-0.02562973
121.14,-44.85889,5,-3.202696,-3.636338,23.89238,-1.173954,0.2863102,0.4007753
121.16,-259.3539,5,-2.278533,-3.319957,57.61758,1.071117,-0.5234499,0.1831455
121.18,51.66089,5,-1.438149,-2.834836,35.72445,-21.34434,1.23103,1.179298
121.2,-201.5936,5,-1.417668,-2.723125,-1.802282,-5.161716,0.5562305,1.133591
121.22,-26.54895,5,-1.905626,-2.670034,-30.06183,-18.12644,1.500951,1.555564
121.24,-116.5807,5,-2.667597,-2.947922,-19.93969,-6.590039,1.23103,1.45429
121.26,-86.9126,5,-1.765289,-2.756217,33.3733,-11.06388,1.500951,1.70991
121.28,-17.34497,5,-1.370292,-2.507866,10.15192,-12.16124,2.175751,2.246821
121.3,43.28015,5,-1.250974,-2.213561,2.258788,-6.034965,2.985511,2.939226
121.32,-198.177,5,-0.9351466,-1.932277,13.80078,2.687887,2.175751,2.752063
121.34,-52.87158,5,-0.5720938,-1.646725,37.78552,-16.927,2.918031,3.091794
121.36,-228.252,5,-0.0954871,-1.604984,15.32749,-17.13466,2.243231,2.828206
121.38,-19.79712,5,-0.3302869,-1.684615,-12.19923,-33.88033,3.25543,3.22596
121.4,39.77148,5,-0.6728169,-1.851959,-20.01603,-22.55958,3.93023,3.736616
121.42,-87.83472,5,-1.508919,-2.05194,-27.02366,-6.463408,3.525351,3.619723
121.44,37.50159,5,-0.9549854,-1.809536,33.70918,-10.33703,4.267631,4.108085
121.46,-155.3073,5,-0.4257297,-1.561345,16.04505,-2.307364,3.592831,3.968451
121.48,-193.1299,5,-0.3475326,-1.467877,8.25879,-16.88521,3.25543,3.661941
121.5,13.18018,5,-0.04130201,-1.447142,9.480165,-31.00895,4.267631,4.126407
121.52,-104.5862,5,-0.4337415,-1.644372,-26.87099,-18.36208,3.93023,4.054933
121.54,-138.2751,5,-1.292595,-1.965857,-26.41298,-19.15908,3.592831,3.712173
121.56,64.4447,5,-0.8303483,-1.952456,18.09085,-24.27682,4.60503,4.26007
121.58,-80.35962,5,-0.8990989,-1.938368,-14.84046,-7.134899,4.20015,4.264619
121.6,-121.4984,5,-1.571776,-2.026277,0.7473372,-8.291026,3.86275,3.978122
121.62,24.90161,5,-1.189287,-1.93329,17.02215,-14.22345,4.53755,4.32306
121.64,-4.347046,5,-1.362506,-1.888057,-18.88626,-2.743444,4.60503,4.503297
121.66,81.67004,5,-1.067299,-1.559085,20.64047,1.139344,5.27983,5.039353
121.68,-61.68494,5,-0.2826545,-1.06102,30.68628,9.605366,4.94243,5.160141
121.7,69.54797,5,0.2128883,-0.5068692,40.41147,-0.6301577,5.819671,5.742373
121.72,-67.59021,5,0.9847718,-0.03881696,30.16719,3.123864,5.54975,5.861905
121.74,-65.74683,5,0.9255955,0.1761143,-3.878619,-8.052929,5.61723,5.857188
121.76,-140.613,5,1.168316,0.1610028,10.59467,-16.25181,5.21235,5.5751
121.78,-87.95142,5,0.8481084,-0.113531,-21.39008,-28.15505,5.27983,5.401635
121.8,-48.94202,5,0.2751777,-0.5724372,-29.25267,-28.7745,5.34731,5.284237
121.82,-39.60852,5,-0.4114986,-1.04035,-35.71069,-22.97926,5.27983,5.139016
121.84,-17.23291,5,-0.8836734,-1.370422,-12.55038,-16.61966,5.27983,5.072875
121.86,-71.56567,5,-0.8345379,-1.487662,2.197719,-10.44204,4.94243,4.906717
121.88,-52.77222,5,-0.6591763,-1.457946,7.266424,-12.42077,4.94243,4.887516
121.9,98.93616,5,-0.5195754,-1.30606,3.877109,-11.95699,5.819671,5.434052
121.92,29.08948,5,-0.5826343,-1.109621,-0.4435031,3.880186,5.819671,5.673686
121.94,34.81274,5,-0.4789988,-0.7628226,10.85421,7.024901,6.02211,5.912328
121.96,-31.68103,5,0.3386536,-0.2841954,41.0985,6.885571,5.887151,6.019787
121.98,-38.05273,5,0.8639712,0.1118566,24.79315,-1.663815,5.95463,6.115579
122,-55.13379,5,1.25037,0.3320062,16.50307,-9.271135,5.95463,6.137596
122.02,-227.4421,5,1.100535,0.1770354,-4.107626,-15.91763,4.94243,5.457677
122.04,-147.7007,5,0.9186447,-0.2058604,-11.11526,-37.13281,4.87495,5.057406
122.06,-25.22363,5,0.4855666,-0.7601703,-28.82519,-41.50563,5.27983,5.070496
122.08,27.65051,5,-0.4762712,-1.316631,-53.51222,-28.71688,5.54975,5.163401
122.1,38.94165,5,-1.412881,-1.69192,-31.02366,-11.75121,5.61723,5.206695
122.12,-38.21606,5,-0.9694746,-1.581485,19.20536,-1.007916,5.27983,5.16843
122.14,-35.38257,5,-0.5776899,-1.298922,24.79315,-2.98655,5.27983,5.226377
122.16,-124.6868,5,0.2506415,-0.9604972,33.95346,-6.931375,4.87495,5.099934
122.18,79.41748,5,0.4447886,-0.6936526,5.266423,-18.79764,5.95463,5.667901
122.2,-5.411865,5,0.3630418,-0.5806835,-3.405336,-5.795001,5.887151,5.833267
122.22,-2.688843,5,-0.1280727,-0.5250651,-20.36718,-4.098126,5.95463,5.865998
122.24,-23.94275,5,0.1942324,-0.3789361,23.25116,-3.80361,5.887151,5.88015
122.26,-26.86292,5,0.3860872,-0.2450728,7.220622,-6.393357,5.887151,5.897042
122.28,-21.49097,5,0.6437379,-0.1219667,13.93818,-9.242818,5.95463,5.957413
122.3,-28.37134,5,0.637982,-0.08679238,-2.565641,-10.56966,5.95463,5.95886
122.32,-30.8147,5,0.7071831,-0.07314213,2.090849,-12.38464,5.95463,5.951893
122.34,-41.46704,5,0.6653417,-0.1150314,-0.5351062,-13.72383,5.887151,5.889245
122.36,-23.48914,5,0.6719254,-0.1607471,-0.2908313,-15.69037,5.95463,5.895734
122.38,-37.99036,5,0.6664543,-0.2156725,-0.2755641,-15.19172,5.887151,5.853759
122.4,-33.34155,5,0.6263883,-0.2672638,-2.641977,-16.20061,5.887151,5.827581
122.42,-20.46558,5,0.6438723,-0.2988741,0.6404669,-16.43859,5.95463,5.857879
122.44,-24.99097,5,0.6018423,-0.3257822,-1.802282,-15.16098,5.95463,5.865036
122.46,-26.25952,5,0.577293,-0.3357173,-0.3671672,-14.6952,5.95463,5.864839
122.48,-26.625,5,0.582562,-0.3347866,0.4267263,-14.53377,5.95463,5.864598
122.5,-26.76941,5,0.5916551,-0.3293428,0.2129859,-14.49371,5.95463,5.864014
122.52,-37.72375,5,0.5779595,-0.3366838,-0.3060985,-14.45874,5.887151,5.819307
122.54,-31.49963,5,0.5765688,-0.3482316,0.2740546,-15.53342,5.887151,5.797935
122.56,-28.59009,5,0.572666,-0.365841,-0.4893047,-15.59849,5.887151,5.787787
122.58,-3.755005,5,0.5500885,-0.3650683,-0.9931214,-15.21886,6.02211,5.862854
122.6,-25.56201,5,0.5558581,-0.3463961,0.4114593,-12.50416,5.95463,5.858793
122.62,-23.69812,5,0.5416501,-0.3155718,0.07558119,-12.85989,5.95463,5.854573
122.64,-23.2113,5,0.5967931,-0.2824933,3.266422,-13.08503,5.95463,5.857705
122.66,-21.43164,5,0.5533345,-0.2750562,-1.267931,-13.03068,5.95463,5.850404
122.68,-20.26501,5,0.5755528,-0.2601222,0.6710012,-12.88356,5.95463,5.850169
122.7,-18.98901,5,0.5589362,-0.2505907,0.5030622,-12.60575,5.95463,5.847714
122.72,-29.10352,5,0.5461875,-0.249131,-0.07709067,-12.2684,5.887151,5.804964
122.74,-11.14392,5,0.5540028,-0.2384245,0.2282531,-13.05977,5.95463,5.828504
122.76,-13.42822,5,0.5458522,-0.2295936,-0.06182348,-11.73472,5.95463,5.839251
122.78,-13.92639,5,0.5399317,-0.2068665,0.1061156,-11.06377,5.95463,5.84503
122.8,-14.17151,5,0.5671334,-0.1737647,1.190086,-10.75472,5.95463,5.85148
122.82,-14.21887,5,0.5886004,-0.140854,0.8084057,-10.63975,5.95463,5.855735
122.84,-13.76538,5,0.5990218,-0.1138472,0.6404669,-10.59604,5.95463,5.856886
122.86,-24.21667,5,0.593919,-0.1033909,-0.04655629,-10.52175,5.887151,5.81439
122.88,-17.66394,5,0.5989926,-0.0999006,-0.1228922,-11.53693,5.887151,5.795257
122.9,-3.061768,5,0.6043848,-0.09552871,0.06031401,-11.5319,5.95463,5.82828
122.92,-6.990479,5,0.5987775,-0.08194681,-0.107625,-10.03097,5.95463,5.84381
122.94,-8.096191,5,0.5916901,-0.05568272,-0.01602192,-9.406815,5.95463,5.850601
122.96,-20.21143,5,0.6260428,-0.02766547,1.495429,-9.239974,5.887151,5.816836
122.98,-3.890381,5,0.6693617,0.005098909,2.472528,-10.46633,5.95463,5.845347
123,-19.72485,5,0.7223296,0.02842835,1.846574,-9.827985,5.887151,5.821094
123.02,-15.3075,5,0.7066767,0.03651261,-0.5045714,-10.94841,5.887151,5.803925
123.04,-1.562378,5,0.7279621,0.044119,0.4725278,-11.28506,5.95463,5.837063
123.06,-5.901001,5,0.7280273,0.05488077,0.3656577,-10.11838,5.95463,5.850788
123.08,-7.882202,5,0.7496303,0.08127068,1.281688,-9.856939,5.95463,5.858401
123.1,-20.4386,5,0.7798402,0.1011739,2.579399,-10.00803,5.887151,5.821719
123.12,-3.814575,5,0.8040928,0.1176845,0.9916119,-11.42818,5.95463,5.844645
123.14,-17.67151,5,0.7832555,0.1073124,-0.5809073,-10.64,5.887151,5.808284
123.16,-1.636597,5,0.802696,0.1156618,0.4267263,-11.55686,5.95463,5.83443
123.18,-4.440063,5,0.7807107,0.1145881,-0.2144953,-10.46664,5.95463,5.841983
123.2,-5.688599,5,0.798649,0.1329038,0.3351234,-10.08806,5.95463,5.847881
123.22,-5.69043,5,0.7944266,0.1486626,0.2435202,-9.945443,5.95463,5.848206
123.24,-16.64929,5,0.7968984,0.1546445,-0.01602192,-9.8799,5.887151,5.806499
123.26,1.058472,5,0.8025235,0.1623331,0.06031401,-10.93082,5.95463,5.827908
123.28,-1.395874,5,0.8003085,0.1663701,-0.107625,-9.825085,5.95463,5.837001
123.3,-13.96411,5,0.8090371,0.1782231,0.2435202,-9.393688,5.887151,5.802104
123.32,3.336792,5,0.8004293,0.1895971,-0.04655629,-10.31694,5.95463,5.824678
123.34,0.888916,5,0.7991624,0.1979847,-0.06182348,-9.170079,5.95463,5.83458
123.36,-11.35754,5,0.7987148,0.2109322,0.3503905,-8.678524,5.887151,5.799049
123.38,-5.688354,5,0.8024501,0.2199309,0.3503905,-9.595367,5.887151,5.782919
123.4,7.857544,5,0.8384504,0.2368184,1.571765,-9.718374,5.95463,5.820628
123.42,3.711548,5,0.8225458,0.252425,0.3809245,-8.374256,5.95463,5.834949
123.44,13.1792,5,0.8601044,0.2975609,2.671002,-8.002473,6.02211,5.886535
123.46,-17.66626,5,0.9396739,0.3451488,3.663368,-7.116161,5.887151,5.835455
123.48,1.352661,5,0.9757233,0.3830683,2.365658,-9.736197,5.95463,5.850253
123.5,10.57202,5,1.018423,0.4044592,-0.3060985,-9.662236,6.02211,5.896096
123.52,-6.860596,5,1.011266,0.4152468,0.9152762,-8.684662,5.95463,5.870605
123.54,-14.08984,5,0.9902138,0.4092616,0.1519171,-9.75115,5.887151,5.811866
123.56,3.827271,5,1.059417,0.4133568,1.602299,-11.39086,5.95463,5.832651
123.58,12.99902,5,1.033253,0.4068161,-0.4740371,-10.55142,6.02211,5.876294
123.6,-16.65601,5,1.044639,0.4083027,0.6099325,-9.161869,5.887151,5.815722
123.62,3.177856,5,1.055127,0.4180472,1.159551,-11.24595,5.95463,5.827767
123.64,0.5328369,5,1.101257,0.4230253,1.403826,-10.77394,5.95463,5.836168
123.66,10.96448,5,1.098769,0.4376928,1.067948,-10.69647,6.02211,5.877409
123.68,-6.274902,5,1.108985,0.4505003,0.7473372,-9.651936,5.95463,5.853731
123.7,-2.80603,5,1.116509,0.4627857,1.022146,-10.72592,5.95463,5.840552
123.72,-1.360718,5,1.144492,0.4664685,0.6099325,-11.17666,5.95463,5.834734
123.74,-0.4083252,5,1.139731,0.4624954,0.7320697,-11.31114,5.95463,5.828834
123.76,0.4675293,5,1.134066,0.4576912,-0.1381594,-11.28345,5.95463,5.824001
123.78,1.021729,5,1.137661,0.4573287,0.2435202,-11.18726,5.95463,5.821571
123.8,12.8678,5,1.144395,0.4693434,0.3809245,-11.06326,6.02211,5.861128
123.82,-15.15735,5,1.138341,0.4704294,-0.0007547362,-9.813376,5.887151,5.795775
123.84,-5.686035,5,1.135447,0.4683134,0.4267263,-11.80262,5.887151,5.764482
123.86,10.01971,5,1.14925,0.4595528,0.1977187,-12.17632,5.95463,5.791893
123.88,6.485901,5,1.135207,0.4573056,0.4419934,-10.78866,5.95463,5.803491
123.9,5.385864,5,1.125067,0.4707822,0.02977964,-10.19225,5.95463,5.808402
123.92,4.770447,5,1.151782,0.4955534,1.22062,-9.994879,5.95463,5.813681
123.94,16.99713,5,1.133453,0.517613,-0.06182348,-9.833713,6.02211,5.852331
123.96,12.50592,5,1.138031,0.5455802,0.01451245,-8.502806,6.02211,5.869743
123.98,-0.0814209,5,1.131706,0.5704266,0.1977187,-8.074387,5.95463,5.835243
124,5.868896,5,1.134389,0.58584,1.052681,-9.061872,5.95463,5.818592
124.02,-6.165222,5,1.28068,0.6206998,6.503064,-9.626539,5.887151,5.788635
124.04,12.32715,5,1.199465,0.6116008,-2.290832,-10.91019,5.95463,5.799187
124.06,10.0401,5,1.230887,0.611492,-0.3213652,-9.994567,5.95463,5.807925
124.08,9.245422,5,1.220824,0.6203332,-0.03128911,-9.585073,5.95463,5.810597
124.1,21.6012,5,1.193911,0.6326373,-0.3671672,-9.274502,6.02211,5.848125
124.12,5.001099,5,1.216309,0.6535417,0.1366499,-7.91848,5.95463,5.827718
124.14,8.995117,5,1.20844,0.6726978,0.4572606,-8.665877,5.95463,5.816105
124.16,9.954712,5,1.270515,0.6962826,2.747338,-8.959328,5.95463,5.817388
124.18,10.71149,5,1.263286,0.7066653,-0.3824344,-9.027253,5.95463,5.81421
124.2,11.2688,5,1.278259,0.7180287,0.1824515,-9.042361,5.95463,5.813109
124.22,0.3330078,5,1.278969,0.718643,0.2587874,-9.01983,5.887151,5.770539
124.24,18.09796,5,1.277665,0.7201288,-0.03128911,-10.07471,5.95463,5.790661
124.26,3.844727,5,1.283032,0.7141567,0.1366499,-9.017915,5.887151,5.759781
124.28,19.9917,5,1.27621,0.7217413,0.1519171,-9.70738,5.95463,5.785863
124.3,4.721985,5,1.29758,0.727977,1.877109,-8.62641,5.887151,5.759645
124.32,20.55811,5,1.289151,0.7423244,-0.4893047,-9.396476,5.95463,5.786418
124.34,16.49603,5,1.327633,0.7641118,1.770238,-8.432443,5.95463,5.802509
124.36,15.85065,5,1.294057,0.7796871,-1.023656,-8.088797,5.95463,5.803374
124.38,16.33099,5,1.301949,0.7975342,-0.09235785,-7.947981,5.95463,5.803772
124.4,16.94275,5,1.309504,0.8147783,1.281688,-7.825961,5.95463,5.804032
124.42,-6.102966,5,1.337786,0.8212548,0.4267263,-7.824051,5.819671,5.725563
124.44,27.88623,5,1.356985,0.8310564,0.9152762,-10.15759,5.95463,5.771818
124.46,22.02325,5,1.347218,0.828006,-0.7030448,-8.231122,5.95463,5.790356
124.48,19.71069,5,1.345111,0.8487136,-0.4740371,-7.542326,5.95463,5.799427
124.5,17.6665,5,1.41066,0.8888541,2.02978,-7.538446,5.95463,5.810555
124.52,3.709839,5,1.487357,0.9262601,3.678636,-8.023663,5.887151,5.779793
124.54,20.33923,5,1.484489,0.9397038,-1.054191,-9.715454,5.95463,5.798515
124.56,17.89075,5,1.484087,0.9367352,-0.183961,-9.151685,5.95463,5.802499
124.58,17.44354,5,1.474981,0.9384041,-0.2450293,-8.996043,5.95463,5.801436
124.6,6.174744,5,1.473417,0.9334151,-0.4282355,-8.956726,5.887151,5.758625
124.62,23.57599,5,1.477588,0.9324637,-0.1686933,-10.05434,5.95463,5.779219
124.64,20.77783,5,1.47685,0.9299079,-0.3824344,-9.018078,5.95463,5.787872
124.66,8.119934,5,1.477076,0.9333903,-0.1381594,-8.640888,5.887151,5.751255
124.68,13.6004,5,1.473789,0.9316919,0.04504682,-9.654385,5.887151,5.733064
124.7,28.16638,5,1.461076,0.9262611,-0.5656406,-9.697862,5.95463,5.763368
124.72,23.91046,5,1.468409,0.9360729,-0.09235785,-8.278566,5.95463,5.779492
124.74,10.13098,5,1.490736,0.9580644,1.373291,-7.868689,5.887151,5.749143
124.76,13.28888,5,1.565259,0.9890831,2.747338,-9.236468,5.887151,5.742231
124.78,27.4422,5,1.527094,0.9896131,-0.6114421,-9.662809,5.95463,5.769412
124.8,23.4375,5,1.541322,0.9990091,-0.1686933,-8.562166,5.95463,5.78272
124.82,21.4259,5,1.564141,1.024103,0.8084057,-8.315123,5.95463,5.790641
124.84,21.54932,5,1.545654,1.0374,-0.1686933,-8.288793,5.95463,5.78865
124.86,22.32654,5,1.549719,1.048529,-0.1381594,-8.268154,5.95463,5.786629
124.88,22.83881,5,1.563185,1.061353,0.04504682,-8.217105,5.95463,5.786456
124.9,23.41138,5,1.564561,1.072037,-0.1228922,-8.131946,5.95463,5.785318
124.92,24.18054,5,1.562437,1.081026,-0.03128911,-8.006157,5.95463,5.783598
124.94,36.9079,5,1.547982,1.094356,-0.0007547362,-7.766281,6.02211,5.82115
124.96,9.216675,5,1.552602,1.102394,-0.107625,-6.384192,5.887151,5.757923
124.98,30.08569,5,1.560027,1.118163,0.9916119,-8.259779,5.95463,5.770475
125,28.12952,5,1.597844,1.129563,0.7320697,-7.513196,5.95463,5.780225
125.02,16.07812,5,1.584558,1.134994,1.083215,-7.194541,5.887151,5.741539
125.04,32.72968,5,1.614882,1.15172,1.938177,-8.272912,5.95463,5.767689
125.06,28.53882,5,1.659725,1.172743,1.785506,-7.452481,5.95463,5.783604
125.08,15.1084,5,1.668894,1.189059,0.9763447,-7.388481,5.887151,5.748342
125.1,19.4538,5,1.709651,1.202117,2.396193,-8.8368,5.887151,5.733809
125.12,33.18347,5,1.711064,1.201899,-0.1381594,-9.332126,5.95463,5.763933
125.14,28.70142,5,1.718624,1.206999,0.2893218,-8.299461,5.95463,5.776836
125.16,27.18536,5,1.71281,1.219675,0.9000088,-8.05029,5.95463,5.78015
125.18,15.22888,5,1.72668,1.226411,0.7473372,-8.108654,5.887151,5.740446
125.2,32.74933,5,1.719322,1.22769,0.1519171,-9.300619,5.95463,5.759623
125.22,30.16846,5,1.720935,1.226054,-0.2602969,-8.322119,5.95463,5.767699
125.24,-144.2784,5,1.721591,1.11852,0.3351234,-8.315589,4.94243,5.162016
125.26,-62.57239,5,1.717161,0.9243331,-0.1228922,-25.8952,4.94243,4.886449
125.28,-27.31586,5,1.60174,0.587904,-7.00839,-28.8648,4.94243,4.755502
125.3,-3.921509,5,1.029577,0.2026552,-36.0313,-25.34937,4.94243,4.653082
125.32,23.42035,5,0.196051,-0.1966792,-31.45115,-17.84592,4.94243,4.551561
125.34,19.47717,5,0.2654491,-0.2960587,3.037414,-10.37014,4.87495,4.549286
125.36,203.7239,5,0.3821641,-0.08594768,6.503064,-5.794228,5.95463,5.259075
125.38,106.2752,5,0.6746291,0.3326213,13.11375,14.85772,5.95463,5.634364
125.4,50.19891,5,0.9059114,0.870383,18.54887,17.87785,5.887151,5.776165
125.42,-26.89954,5,1.963872,1.473307,53.57178,10.57054,5.61723,5.768224
125.44,-38.83099,5,2.510958,1.828672,26.77788,-3.899735,5.54975,5.710982
125.46,27.4657,5,2.636664,1.902649,3.388559,-14.9734,5.887151,5.82621
125.48,28.61322,5,2.28042,1.739149,-23.34427,-14.39915,5.95463,5.828246
125.5,-124.1471,5,1.640344,1.349999,-27.02366,-12.1217,5.009911,5.173417
125.52,-65.77734,5,1.655684,1.01733,2.548864,-26.14471,4.87495,4.826206
125.54,45.49915,5,1.55103,0.677578,-6.840452,-29.01307,5.27983,4.926971
125.56,48.49341,5,0.9718504,0.353193,-35.45115,-17.71288,5.34731,4.976296
125.58,106.5582,5,0.003751457,0.08000249,-35.8939,-6.570574,5.61723,5.089314
125.6,22.77643,5,0.4055705,0.1958653,22.79315,5.194761,5.27983,5.062098
125.62,20.74182,5,0.9320288,0.5275202,20.42673,2.763339,5.27983,5.140581
125.64,-0.8994141,5,1.738528,0.9263694,39.90766,-1.74993,5.27983,5.256357
125.66,-18.68817,5,2.101608,1.190058,12.54887,-8.145129,5.27983,5.299949
125.68,-35.53589,5,2.178181,1.255176,4.991613,-14.46598,5.21235,5.233344
125.7,-25.42151,5,2.058653,1.152189,-3.313734,-19.96117,5.21235,5.151478
125.72,44.78986,5,1.800436,0.979288,-13.39007,-21.59541,5.54975,5.272399
125.74,34.82123,5,1.300622,0.7576962,-25.52748,-13.91811,5.54975,5.27341
125.76,48.8996,5,1.029248,0.654202,-13.60381,-8.916203,5.61723,5.310697
125.78,50.38013,5,1.221952,0.7371392,9.922913,-4.807485,5.684711,5.421574
125.8,24.12463,5,1.336286,0.8746971,6.701538,-2.343536,5.61723,5.451194
125.82,-52.41211,5,1.631198,1.011954,16.94582,-4.503067,5.21235,5.250051
125.84,-16.60181,5,1.893769,1.091431,12.01452,-14.50966,5.27983,5.210967
125.86,-12.97559,5,1.959789,1.042134,1.098482,-17.7326,5.27983,5.177994
125.88,-6.38855,5,1.742121,0.9027275,-15.34427,-18.77811,5.27983,5.124229
125.9,7.974915,5,1.289306,0.678287,-19.9855,-17.28376,5.27983,5.047729
125.92,18.58893,5,1.111589,0.5235601,-8.962589,-14.2468,5.27983,5.01868
125.94,22.9303,5,1.017245,0.455888,-4.443504,-10.84388,5.27983,5.022754
125.96,33.69012,5,1.038705,0.4835224,1.22062,-8.193737,5.34731,5.089916
125.98,48.15216,5,1.106887,0.5849855,3.403826,-5.523756,5.48227,5.221175
126,-3.630798,5,1.214641,0.705562,5.602301,-2.727825,5.27983,5.173436
126.02,3.107666,5,1.366089,0.826212,9.251156,-6.606756,5.27983,5.163094
126.04,2.64093,5,1.560132,0.9071342,11.78551,-9.134963,5.27983,5.169502
126.06,1.609985,5,1.609115,0.9334031,-2.535107,-11.01963,5.27983,5.163922
126.08,2.213074,5,1.599728,0.917298,0.4267263,-12.34349,5.27983,5.149441
126.1,4.328064,5,1.543509,0.8711425,-1.832817,-12.97464,5.27983,5.13047
126.12,5.313354,5,1.540302,0.8323547,-0.7641136,-13.1749,5.27983,5.12174
126.14,5.270203,5,1.530913,0.8016919,-0.09235785,-13.18331,5.27983,5.117334
126.16,4.96344,5,1.518962,0.7775102,-0.7793808,-13.1592,5.27983,5.114163
126.18,4.342712,5,1.522384,0.7621359,-0.3213652,-13.1912,5.27983,5.113328
126.2,-8.12146,5,1.533059,0.7453647,-0.3671672,-13.34115,5.21235,5.073058
126.22,8.465515,5,1.523546,0.7277645,-0.1228922,-14.64479,5.27983,5.092796
126.24,6.328613,5,1.466484,0.6940463,-2.977855,-13.6421,5.27983,5.09419
126.26,5.525574,5,1.455522,0.6818317,0.2435202,-13.16217,5.27983,5.096621
126.28,4.947754,5,1.453684,0.6796691,-0.6114421,-12.92124,5.27983,5.099239
126.3,4.394287,5,1.45989,0.6829309,0.2893218,-12.84179,5.27983,5.101778
126.32,4.227295,5,1.455357,0.6843657,-0.0007547362,-12.82985,5.27983,5.102082
126.34,4.198486,5,1.456716,0.6857123,-0.1992282,-12.84326,5.27983,5.102298
126.36,-7.467834,5,1.461122,0.6796358,0.1977187,-12.89508,5.21235,5.062248
126.38,21.17786,5,1.456052,0.6810678,-0.06182348,-14.03886,5.34731,5.12452
126.4,-9.805664,5,1.423198,0.6620609,-1.939687,-11.84264,5.21235,5.067955
126.42,8.885254,5,1.441875,0.6713173,1.861841,-13.55785,5.27983,5.087586
126.44,-4.037842,5,1.396412,0.6469173,-2.764114,-12.67306,5.21235,5.049696
126.46,0.617981,5,1.405721,0.6376365,0.9763447,-13.42403,5.21235,5.03695
126.48,14.6424,5,1.373216,0.6243499,-1.64961,-13.313,5.27983,5.069529
126.5,10.54291,5,1.351785,0.6225476,-1.603809,-11.75094,5.27983,5.085153
126.52,-3.568848,5,1.379547,0.6405802,1.464895,-11.25102,5.21235,5.058247
126.54,12.40894,5,1.379311,0.6570451,0.1213828,-12.31574,5.27983,5.085984
126.56,9.183289,5,1.375967,0.6639963,-0.550373,-11.39194,5.27983,5.097718
126.58,7.448181,5,1.395029,0.6844671,0.4572606,-11.1709,5.27983,5.106259
126.6,6.876526,5,1.395511,0.6995533,0.02977964,-11.19962,5.27983,5.109037
126.62,6.925964,5,1.397608,0.7091525,-0.1534266,-11.2813,5.27983,5.10958
126.64,-4.473083,5,1.401559,0.7075821,0.2740546,-11.36717,5.21235,5.069238
126.66,12.47852,5,1.411352,0.7080295,0.09084838,-12.58085,5.27983,5.092664
126.68,9.252747,5,1.408292,0.7030591,-0.7030448,-11.66083,5.27983,5.103028
126.7,7.486633,5,1.416914,0.7125102,0.5641309,-11.40952,5.27983,5.109718
126.72,7.223938,5,1.399434,0.7157297,-0.2450293,-11.36238,5.27983,5.10967
126.74,7.169128,5,1.408098,0.7208347,0.02977964,-11.38623,5.27983,5.110709
126.76,-4.964905,5,1.431384,0.7222342,0.3198562,-11.51111,5.21235,5.073245
126.78,0.2209473,5,1.43027,0.7120292,-0.1992282,-12.81433,5.21235,5.054822
126.8,14.07123,5,1.424835,0.6975998,-0.4282355,-13.10837,5.27983,5.08614
126.82,9.045715,5,1.431798,0.696022,0.2587874,-11.93104,5.27983,5.102616
126.84,6.584106,5,1.433479,0.7075133,0.1366499,-11.66919,5.27983,5.110425
126.86,5.793823,5,1.43025,0.7153356,0.07558119,-11.73424,5.27983,5.111984
126.88,5.680847,5,1.432213,0.7191694,0.1519171,-11.86352,5.27983,5.111703
126.9,5.736389,5,1.433698,0.7199972,-0.1534266,-11.96537,5.27983,5.110999
126.92,5.899475,5,1.430225,0.7180728,-0.07709067,-12.0155,5.27983,5.109813
126.94,5.88678,5,1.43441,0.7173715,0.3198562,-12.04664,5.27983,5.109796
126.96,6.100891,5,1.423727,0.7134314,-0.0007547362,-12.03265,5.27983,5.108273
126.98,-5.445618,5,1.42792,0.7045577,0.01451245,-12.0414,5.21235,5.067877
127,11.18976,5,1.439869,0.701662,0.1671843,-13.22781,5.27983,5.09187
127.02,7.889099,5,1.429688,0.692467,-0.550373,-12.29874,5.27983,5.101412
127.04,-5.094971,5,1.422895,0.6869984,0.04504682,-12.02271,5.21235,5.065201
127.06,-11.62073,5,1.417392,0.6684749,-0.3671672,-13.1573,5.144871,5.007438
127.08,18.83655,5,1.424242,0.6542647,-0.0007547362,-14.53745,5.27983,5.063989
127.1,-0.5003662,5,1.39954,0.6333155,-0.9778546,-12.31882,5.21235,5.047622
127.12,13.79938,5,1.36302,0.634426,-1.573274,-12.65896,5.27983,5.078718
127.14,-2.235596,5,1.377123,0.6373819,0.06031401,-11.51188,5.21235,5.055672
127.16,1.228699,5,1.376003,0.6434131,0.06031401,-12.36794,5.21235,5.04564
127.18,2.755066,5,1.379991,0.6394317,-0.7641136,-12.59485,5.21235,5.041389
127.2,14.63507,5,1.388462,0.6453276,0.7320697,-12.59377,5.27983,5.081938
127.22,21.30176,5,1.364875,0.6590649,-0.3060985,-11.28933,5.34731,5.138301
127.24,2.020508,5,1.381358,0.6874228,0.3656577,-9.836044,5.27983,5.126041
127.26,4.280701,5,1.395241,0.7154376,0.7931387,-10.86692,5.27983,5.12027
127.28,5.493408,5,1.409551,0.7248,0.5946653,-11.36435,5.27983,5.116601
127.3,6.049744,5,1.416857,0.7267857,-0.06182348,-11.59404,5.27983,5.114606
127.32,6.413391,5,1.413935,0.7243906,-0.107625,-11.67959,5.27983,5.112781
127.34,17.76709,5,1.429066,0.734004,0.1061156,-11.72578,5.34731,5.154532
127.36,-10.69952,5,1.416984,0.7281579,0.04504682,-10.62084,5.21235,5.089946
127.38,9.720886,5,1.41784,0.727229,0.1824515,-12.74162,5.27983,5.100923
127.4,7.521667,5,1.439953,0.7183909,0.6862684,-12.15516,5.27983,5.108411
127.42,-4.553955,5,1.404635,0.7011135,-0.9778546,-11.89799,5.21235,5.067038
127.44,12.03778,5,1.417243,0.6965272,-0.183961,-12.96475,5.27983,5.091627
127.46,8.52179,5,1.412477,0.6895114,0.5335966,-11.97923,5.27983,5.102713
127.48,6.730164,5,1.414659,0.6964679,-0.2297625,-11.69269,5.27983,5.108928
127.5,5.52356,5,1.434481,0.7087886,0.8694746,-11.75177,5.27983,5.113604
127.52,5.288513,5,1.426293,0.7122376,-0.3366328,-11.88504,5.27983,5.112837
127.54,5.228943,5,1.434328,0.714451,-0.04655629,-12.02418,5.27983,5.112608
127.56,5.472839,5,1.42507,0.7111021,0.07558119,-12.09113,5.27983,5.110576
127.58,5.639038,5,1.425223,0.7082181,-0.1534266,-12.11164,5.27983,5.109708
127.6,5.514526,5,1.431014,0.7077492,-0.03128911,-12.1285,5.27983,5.110191
127.62,5.529968,5,1.425186,0.7053563,0.1061156,-12.13298,5.27983,5.109435
127.64,-6.064087,5,1.427274,0.6963649,-0.04655629,-12.16707,5.21235,5.068772
127.66,10.67133,5,1.435807,0.6920112,0.2129859,-13.3636,5.27983,5.092047
127.68,7.352905,5,1.428751,0.6826876,-0.03128911,-12.44182,5.27983,5.101764
127.7,5.975159,5,1.418531,0.6839674,-0.7488468,-12.13569,5.27983,5.105772
127.72,5.09198,5,1.433138,0.6919622,0.4267263,-12.12243,5.27983,5.109478
127.74,-6.437683,5,1.41726,0.6840376,0.1366499,-12.17425,5.21235,5.067461
127.76,10.77551,5,1.417698,0.6781409,-0.2144953,-13.34778,5.27983,5.089132
127.78,7.504089,5,1.419849,0.6713603,0.2129859,-12.39296,5.27983,5.100018
127.8,5.938904,5,1.414839,0.6762902,0.01451245,-12.07742,5.27983,5.105352
127.82,-6.34491,5,1.419885,0.6760541,-0.01602192,-12.06927,5.21235,5.067559
127.84,10.13318,5,1.432897,0.6786044,0.3351234,-13.32191,5.27983,5.092027
127.86,-4.754028,5,1.426959,0.665081,-0.1686933,-12.49154,5.21235,5.061144
127.88,10.70905,5,1.427199,0.6649235,-0.2755641,-13.42297,5.27983,5.088391
127.9,-5.105225,5,1.441042,0.6588393,0.2740546,-12.55041,5.21235,5.06184
127.92,-1.182861,5,1.421378,0.6496279,-0.3671672,-13.50552,5.21235,5.046904
127.94,11.47797,5,1.447683,0.6485696,1.296956,-13.80464,5.27983,5.084248
127.96,6.689941,5,1.422395,0.6453336,-1.298465,-12.64125,5.27983,5.097771
127.98,-6.751831,5,1.418856,0.646684,0.1519171,-12.37133,5.21235,5.063294
128,9.734131,5,1.415917,0.6486572,-0.107625,-13.5138,5.27983,5.087331
128.02,52.46759,-5,1.416078,0.6462284,-0.0007547362,-12.60446,5.27983,5.098293
128.04,54.52319,-5,1.413996,0.7042741,-0.1686933,-7.634725,5.27983,5.104585
128.06,43.60602,-5,1.576111,0.8648866,8.228255,-4.666399,5.21235,5.086025
128.08,60.45294,-5,1.781319,1.079829,9.602302,-4.418669,5.27983,5.129986
128.1,58.38123,-5,1.966489,1.296708,11.20536,-3.122905,5.27983,5.150217
128.12,60.26361,-5,2.11827,1.505372,8.457264,-2.934015,5.27983,5.152526
128.14,62.12204,-5,2.357322,1.720298,11.84658,-3.37333,5.27983,5.157285
128.16,77.77927,-5,2.480497,1.905025,6.747339,-3.815444,5.34731,5.185659
128.18,53.67877,-5,2.646847,2.06904,7.892378,-3.090794,5.21235,5.111526
128.2,135.4818,-5,2.823337,2.273129,9.87711,-5.442184,5.61723,5.317637
128.22,100.17,-5,2.917874,2.458225,4.945812,0.9624007,5.54975,5.355113
128.24,108.0031,-5,3.154953,2.722723,19.11375,0.8952241,5.61723,5.417791
128.26,84.3714,-5,3.644109,3.032016,22.67101,0.00942564,5.54975,5.432307
128.28,-75.90797,-5,3.840846,3.146912,10.59467,-3.938583,4.60503,4.844573
128.3,236.3364,-5,4.005518,3.259562,6.350392,-22.73341,5.95463,5.366525
128.32,1.394493,-5,3.664763,3.091815,-12.59618,-2.825995,4.94243,4.921852
128.34,60.59005,-5,3.272857,2.987224,-16.90152,-12.06237,4.87495,4.63485
128.36,108.477,-5,3.49487,2.928469,9.495431,-12.84525,4.94243,4.586102
128.38,182.6991,-5,3.201258,2.891894,-25.13053,-7.357049,5.27983,4.740524
128.4,166.5439,-5,3.169957,3.011635,10.42673,3.921922,5.27983,4.826485
128.42,153.2778,-5,3.58895,3.368753,20.01452,8.388393,5.27983,4.927711
128.44,124.0123,-5,4.270673,3.842661,37.43438,7.736097,5.21235,4.993776
128.46,127.5429,-5,4.771406,4.265582,23.84658,2.739633,5.27983,5.069995
128.48,117.607,-5,5.174975,4.581063,17.77024,-1.526829,5.27983,5.089525
128.5,-52.42575,-5,5.219015,4.608718,1.449628,-5.843892,4.267631,4.432032
128.52,258.0814,-5,5.268341,4.612876,1.083215,-25.51087,5.54975,4.870816
128.54,41.20724,-5,5.014384,4.395112,-9.222133,-6.630681,4.60503,4.450205
128.56,166.7294,-5,4.533713,4.278974,-26.68779,-14.27968,4.94243,4.410498
128.58,164.6683,-5,4.894744,4.311782,15.49543,-7.827885,4.94243,4.456289
128.6,223.4535,-5,4.767993,4.438878,-15.52748,-3.17808,5.27983,4.666019
128.62,15.28973,-5,5.285571,4.666058,25.48017,3.745748,4.267631,4.213923
128.64,66.99811,-5,5.598533,4.842717,17.08322,-13.72277,4.20015,3.973772
128.66,161.6476,-5,6.117914,4.949695,22.73208,-21.59826,4.60503,4.133626
128.68,-19.65057,-5,5.599529,4.716311,-22.90153,-15.85501,3.592831,3.494026
128.7,140.6525,-5,4.913327,4.379604,-30.38244,-27.87861,3.93023,3.321947
128.72,202.9354,-5,5.077747,4.21837,7.098485,-20.04228,4.20015,3.469384
128.74,86.50378,-5,4.764255,4.129819,-26.9626,-7.711051,3.592831,3.165069
128.76,202.6281,-5,4.285301,4.09064,1.571765,-9.50495,3.93023,3.194904
128.78,255.6053,-5,5.041979,4.411467,21.4649,-1.296743,4.335111,3.584916
128.8,31.82593,-5,4.931162,4.624303,-4.718313,9.505364,3.25543,3.088921
128.82,161.4395,-5,5.713823,5.027738,41.17483,-8.370197,3.660311,3.191248
128.84,14.78625,-5,6.371168,5.232402,30.93055,-9.535445,2.918031,2.825985
128.86,143.9683,-5,6.172869,5.231527,-6.932054,-24.26034,3.32291,2.825379
128.88,16.91101,-5,6.16072,5.036663,-2.458771,-21.15854,2.58063,2.353402
128.9,22.84216,-5,5.610727,4.672126,-28.48932,-30.20646,2.175751,1.824934
128.92,0.7531738,-5,5.023204,4.105779,-27.42061,-33.77882,1.568431,1.174165
128.94,224.3992,-5,4.422624,3.629529,-34.09237,-36.00895,2.31071,1.316235
128.96,93.78699,-5,3.576474,3.170237,-45.74123,-12.26586,1.568431,0.9134685
128.98,107.5101,-5,2.944774,2.938499,-26.35191,-7.674251,1.23103,0.549536
129,212.5867,-5,3.347096,3.061762,21.09849,-4.370811,1.568431,0.7292331
129.02,64.34973,-5,3.689425,3.301608,14.90001,7.082141,0.8261509,0.4547366
129.04,14.8894,-5,4.035078,3.559892,19.99925,-1.596379,0.2863102,0.05917311
129.06,111.8608,-5,4.655732,3.78928,33.77025,-14.23321,0.5562305,0.1077613
129.08,9.590942,-5,4.59646,3.750687,-8.275566,-12.76912,-0.05108929,-0.2675605
129.1,180.4309,-5,4.057131,3.604813,-33.49694,-20.03538,0.5562305,-0.1438361
129.12,61.41992,-5,3.983386,3.46295,1.571765,-7.52395,-0.05108929,-0.4317955
129.14,-24.12183,-5,3.970695,3.385813,-7.329002,-11.46792,-0.7933693,-0.9775446
129.16,90.06531,-5,4.368813,3.378846,20.79315,-23.89822,-0.5234499,-0.9952163
129.18,-2.815918,-5,4.519072,3.27181,5.037415,-21.26375,-1.06329,-1.306624
129.2,-52.98193,-5,4.01612,2.967737,-27.42061,-27.40963,-1.670609,-1.875085
129.22,133.981,-5,3.200449,2.507516,-34.55038,-33.53087,-1.13077,-1.883605
129.24,189.856,-5,3.082492,2.299008,-7.66488,-18.13954,-0.7933693,-1.623201
129.26,116.7476,-5,2.747103,2.316468,-19.17633,-1.267015,-1.06329,-1.644686
129.28,187.9365,-5,2.20119,2.413659,-17.0542,4.518421,-0.7933693,-1.51873
129.3,46.46252,-5,3.01056,2.78192,52.1214,12.62527,-1.46817,-1.718745
129.32,-75.62866,-5,3.580742,3.094059,31.00689,1.517795,-2.345409,-2.272554
129.34,41.03992,-5,4.224085,3.266248,41.26643,-20.15584,-2.075489,-2.316933
129.36,72.45801,-5,4.68291,3.307636,19.17482,-24.15891,-1.873049,-2.19531
129.38,-21.61072,-5,4.422209,3.16282,-17.58855,-22.9548,-2.345409,-2.490045
129.4,131.5981,-5,3.87952,2.937578,-36.12291,-29.6049,-1.738089,-2.338302
129.42,11.77478,-5,3.009698,2.502503,-44.94733,-15.83351,-2.412889,-2.763987
129.44,135.5013,-5,2.518879,2.254512,-18.64198,-17.01678,-2.075489,-2.751255
129.46,12.17432,-5,2.765379,2.184385,11.25116,-6.344701,-2.75029,-3.053936
129.48,115.8069,-5,2.74653,2.248766,0.1671843,-11.50924,-2.412889,-2.954593
129.5,-77.29834,-5,3.200366,2.314023,19.78551,-6.328129,-3.425089,-3.443
129.52,-112.241,-5,3.288048,2.245067,4.350392,-22.89104,-4.03241,-4.023814
129.54,24.72192,-5,3.287678,1.992414,-3.344267,-37.19902,-3.695009,-4.089966
129.56,-67.97327,-5,2.920708,1.564928,-22.26031,-31.81131,-4.30233,-4.512866
129.58,264.5138,-5,2.232646,1.301153,-41.46642,-34.70507,-2.75029,-3.81377
129.6,72.14551,-5,1.305382,1.016678,-49.86337,-0.1529903,-3.425089,-3.957314
129.62,12.33398,-5,0.4266601,0.8882486,-50.06184,6.049483,-4.03241,-4.414621
129.64,86.08118,-5,0.3753327,0.876822,19.73971,4.404188,-4.03241,-4.546685
129.66,108.0742,-5,1.094015,1.142175,33.55651,8.459149,-3.96493,-4.404153
129.68,135.1365,-5,1.571795,1.563028,17.86185,11.90805,-3.695009,-4.09597
129.7,103.2823,-5,2.145622,2.070071,29.20536,15.04633,-3.627529,-3.859032
129.72,-107.2064,-5,2.847449,2.483995,32.42674,11.17737,-4.639729,-4.316993
129.74,-47.26172,-5,3.319512,2.660644,30.88475,-14.20507,-4.639729,-4.534063
129.76,-50.47058,-5,4.153371,2.673151,44.1214,-27.78264,-4.707209,-4.627563
129.78,12.66235,-5,4.578022,2.628012,14.12139,-38.43682,-4.30233,-4.431793
129.8,-195.5861,-5,3.972331,2.172792,-34.80993,-37.54832,-5.38201,-5.12908
129.82,-26.12305,-5,2.694268,1.417236,-69.55803,-53.59295,-5.044609,-5.415384
129.84,86.98975,-5,1.29848,0.503175,-70.62672,-42.25355,-4.707209,-5.454421
129.86,-0.04650879,-5,0.1579859,-0.1980077,-46.13818,-19.71597,-5.314529,-5.848051
129.88,291.1577,-5,-0.3266268,-0.3322459,-20.2145,-11.42047,-3.96493,-5.133689
129.9,-41.17932,-5,0.05049018,-0.1102049,20.68628,21.74444,-5.314529,-5.466117
129.92,8.965088,-5,0.493187,0.3924769,24.07559,8.684004,-5.314529,-5.519632
129.94,200.1042,-5,0.8009727,0.788241,8.869477,4.557006,-4.30233,-4.911154
129.96,-34.4292,-5,0.85935,1.035224,1.510696,20.62437,-5.247049,-5.204647
129.98,146.0852,-5,1.226852,1.44805,19.28169,6.665217,-4.43729,-4.810061
130,115.9124,-5,1.628162,1.77826,20.83895,14.40104,-4.30233,-4.526245
130.02,68.26624,-5,1.831642,2.116904,5.38856,15.75771,-4.36981,-4.441525
130.04,45.72205,-5,2.58195,2.517677,42.88476,9.313202,-4.36981,-4.347108
130.06,31.65857,-5,3.33135,2.865936,34.56414,0.2569189,-4.30233,-4.233289
130.08,12.60339,-5,3.541329,2.985761,9.129019,-7.894114,-4.30233,-4.235416
130.1,53.64062,-5,3.607619,2.962964,0.7168028,-15.37747,-4.03241,-4.12841
130.12,-116.2672,-5,3.518762,2.727585,-4.580909,-16.26445,-4.909649,-4.661005
130.14,-57.45898,-5,3.226314,2.339538,-15.03893,-33.08633,-4.977129,-5.002224
130.16,-188.9409,-5,2.885086,1.683295,-18.48931,-37.52378,-5.989328,-5.805254
130.18,145.3276,-5,2.4586,1.148406,-26.00076,-51.82334,-4.639729,-5.373923
130.2,-86.67908,-5,1.789699,0.5514303,-38.88626,-25.68742,-5.65193,-5.817349
130.22,51.97278,-5,0.5222932,0.06371554,-66.18398,-27.4508,-5.314529,-5.903759
130.24,77.72986,-5,-0.6936578,-0.4833065,-57.97024,-10.47629,-5.38201,-6.043016
130.26,52.62878,-5,-0.3793386,-0.4739524,21.3275,2.260464,-5.58445,-6.052267
130.28,197.8522,-5,0.242985,-0.008780479,35.67865,6.432456,-4.707209,-5.378013
130.3,47.26013,-5,1.323571,0.7255934,54.1214,20.13647,-4.977129,-5.093448
130.32,6.669922,-5,2.115135,1.481087,39.67865,11.3312,-4.977129,-4.92823
130.34,154.316,-5,2.855397,2.116548,38.28934,-0.6924481,-3.96493,-4.249404
130.36,39.47241,-5,3.606351,2.635839,34.74735,3.673123,-4.03241,-3.98412
130.38,12.26221,-5,3.902452,3.000833,10.68627,-6.067982,-3.96493,-3.888659
130.4,-169.2733,-5,3.753513,2.891382,-6.09236,-15.16618,-4.977129,-4.569043
130.42,-96.88184,-5,3.822267,2.558011,3.678636,-39.80027,-5.044609,-4.958879
130.44,14.1886,-5,3.70714,2.059148,-4.183962,-48.27853,-4.639729,-4.925831
130.46,-175.175,-5,3.407196,1.488712,-17.08473,-42.1173,-5.65193,-5.545557
130.48,-26.36108,-5,2.476226,0.8473082,-55.51223,-53.94957,-5.314529,-5.719023
130.5,73.02832,-5,1.112497,0.05523816,-70.00078,-42.02247,-4.977129,-5.708998
130.52,-72.53564,-5,-0.1572239,-0.6474756,-63.72597,-20.16558,-5.92185,-6.313676
130.54,14.27063,-5,-0.5292834,-0.9608452,-4.321367,-19.10435,-5.92185,-6.495567
130.56,25.96057,-5,-0.3472518,-1.002535,19.90765,-10.1973,-5.989328,-6.487173
130.58,14.85205,-5,0.325767,-0.6875881,34.09086,-5.35163,-5.989328,-6.329322
130.6,0.2307129,-5,0.9615058,-0.2376348,28.94582,-5.356061,-5.92185,-6.131049
130.62,-37.47437,-5,1.372525,0.1393798,18.65574,-8.227084,-5.989328,-6.065157
130.64,-31.62402,-5,1.557918,0.3628436,6.380927,-14.522,-5.92185,-6.017265
130.66,13.43848,-5,1.481863,0.4248612,-7.237397,-17.7319,-5.65193,-5.879026
130.68,-0.3483887,-5,1.272568,0.3900252,-11.87862,-14.60442,-5.65193,-5.856509
130.7,0.6330566,-5,1.074546,0.3458887,-10.2603,-13.26589,-5.65193,-5.867008
130.72,0.4608154,-5,1.131154,0.3553275,4.350392,-12.47115,-5.65193,-5.852676
130.74,-1.331299,-5,1.152218,0.3789455,-0.6572433,-12.03198,-5.65193,-5.837702
130.76,-2.264893,-5,1.140665,0.3957157,0.7626044,-11.88143,-5.65193,-5.830439
130.78,-4.312866,-5,1.207419,0.4262428,2.090849,-12.10105,-5.65193,-5.816784
130.8,-5.731201,-5,1.212211,0.4412235,-0.3519,-12.47007,-5.65193,-5.811543
130.82,-6.739136,-5,1.228508,0.4477825,0.6557342,-12.91475,-5.65193,-5.808288
130.84,4.883545,-5,1.200545,0.4437476,-1.283198,-13.19406,-5.58445,-5.770648
130.86,-0.4903564,-5,1.191886,0.4421683,-0.4435031,-12.18072,-5.58445,-5.753416
130.88,-26.41028,-5,1.198689,0.435999,0.02977964,-12.13214,-5.71941,-5.824691
130.9,-18.02808,-5,1.242222,0.4246322,2.02978,-14.86685,-5.71941,-5.851856
130.92,-3.593628,-5,1.239935,0.3910193,-0.8251827,-15.79923,-5.65193,-5.825208
130.94,-6.846436,-5,1.160262,0.3430202,-3.832817,-14.69804,-5.65193,-5.82168
130.96,-7.374146,-5,1.102226,0.3081888,-3.344267,-14.11082,-5.65193,-5.822315
130.98,-8.622681,-5,1.117785,0.2975642,1.281688,-13.83401,-5.65193,-5.815172
131,-10.27319,-5,1.124677,0.2944854,-0.2450293,-13.80526,-5.65193,-5.808628
131.02,-11.70007,-5,1.129755,0.2916548,0.7626044,-13.97494,-5.65193,-5.804344
131.04,-12.47815,-5,1.119157,0.2819197,-0.5351062,-14.20027,-5.65193,-5.80371
131.06,-1.209229,-5,1.103102,0.2740569,-0.3060985,-14.3533,-5.58445,-5.764164
131.08,-18.91907,-5,1.108055,0.2671026,0.01451245,-13.36483,-5.65193,-5.784761
131.1,-16.82532,-5,1.118852,0.264791,0.4877952,-14.54177,-5.65193,-5.79234
131.12,-17.1355,-5,1.151567,0.2557958,0.5946653,-15.22363,-5.65193,-5.792558
131.14,-17.33984,-5,1.125171,0.2307118,-0.7793808,-15.62363,-5.65193,-5.797252
131.16,-6.64917,-5,1.137836,0.218436,-0.2297625,-15.93446,-5.58445,-5.756431
131.18,-24.67456,-5,1.130986,0.2017954,-0.4893047,-15.072,-5.65193,-5.779354
131.2,-22.37781,-5,1.127022,0.186571,0.1519171,-16.31691,-5.65193,-5.790638
131.22,-21.86743,-5,1.128549,0.159618,0.06031401,-16.9196,-5.65193,-5.796295
131.24,-22.05005,-5,1.113244,0.1279786,-0.8862511,-17.22334,-5.65193,-5.800354
131.26,-21.50439,-5,1.057493,0.08603212,-2.977855,-17.26248,-5.65193,-5.80799
131.28,-8.76062,-5,0.9953113,0.04872455,-3.252664,-17.00479,-5.58445,-5.775043
131.3,-25.42639,-5,0.9729977,0.02310054,-1.481671,-15.50407,-5.65193,-5.797876
131.32,-34.93408,-5,0.990018,0.01152095,1.342757,-16.2826,-5.71941,-5.842347
131.34,-17.2771,-5,0.9713046,-0.01171929,-1.451137,-17.67053,-5.65193,-5.823177
131.36,-20.43079,-5,0.9546973,-0.03843126,-1.176328,-16.75367,-5.65193,-5.813746
131.38,-22.15759,-5,0.935015,-0.05165675,-1.680145,-16.40638,-5.65193,-5.808219
131.4,-23.8136,-5,0.9490665,-0.05373749,1.037414,-16.40373,-5.65193,-5.801474
131.42,-12.94202,-5,0.9245867,-0.05649799,-1.16106,-16.46561,-5.58445,-5.760313
131.44,-19.19226,-5,0.9330875,-0.05011928,0.6099325,-15.44283,-5.58445,-5.739165
131.46,-33.72046,-5,0.93054,-0.04665753,0.09084838,-15.41973,-5.65193,-5.770329
131.48,-29.40015,-5,0.9236539,-0.05790654,-0.107625,-16.8505,-5.65193,-5.786179
131.5,-27.6908,-5,0.9179489,-0.08443078,-0.3977011,-17.34365,-5.65193,-5.793606
131.52,-14.88879,-5,0.8680959,-0.1139684,-2.504572,-17.30853,-5.58445,-5.760397
131.54,-42.56262,-5,0.8281207,-0.1506442,-2.107625,-15.91392,-5.71941,-5.827236
131.56,-33.70715,-5,0.8084767,-0.1805477,-0.4587703,-17.72313,-5.71941,-5.855309
131.58,-8.067261,-5,0.82809,-0.1970904,-0.3060985,-18.04239,-5.58445,-5.780206
131.6,-29.49573,-5,0.7760438,-0.21697,-3.344267,-15.5209,-5.65193,-5.789733
131.62,-27.84985,-5,0.7437612,-0.2199515,-0.7183124,-15.91391,-5.65193,-5.794194
131.64,-29.14441,-5,0.8180966,-0.2058608,2.808407,-16.26022,-5.65193,-5.784221
131.66,-29.86658,-5,0.790392,-0.212015,-2.122893,-16.52966,-5.65193,-5.784466
131.68,-30.70789,-5,0.8068243,-0.2170041,1.296956,-16.84075,-5.65193,-5.782104
131.7,-31.99756,-5,0.8232602,-0.2223126,0.1213828,-17.19251,-5.65193,-5.778928
131.72,-32.9353,-5,0.8163827,-0.2354857,-0.7793808,-17.53841,-5.65193,-5.779105
131.74,-22.39038,-5,0.8235186,-0.241457,0.1671843,-17.86767,-5.58445,-5.737749
131.76,-28.81104,-5,0.8210991,-0.2451074,-0.3213652,-17.02075,-5.58445,-5.719604
131.78,-31.90991,-5,0.819948,-0.2430229,-0.2450293,-17.11361,-5.58445,-5.712221
131.8,-45.09509,-5,0.8253442,-0.253819,0.2282531,-17.53758,-5.65193,-5.750407
131.82,-52.19922,-5,0.8260567,-0.2859294,-0.1381594,-19.18231,-5.71941,-5.809637
131.84,-33.79895,-5,0.8228557,-0.3291603,-0.1228922,-20.95653,-5.65193,-5.796358
131.86,-36.45496,-5,0.7814898,-0.3814073,-2.794649,-20.14099,-5.65193,-5.793536
131.88,-36.41724,-5,0.6910426,-0.4320647,-5.863352,-19.5746,-5.65193,-5.799511
131.9,-34.92444,-5,0.6086674,-0.4795771,-3.649611,-18.9236,-5.65193,-5.80641
131.92,-34.85071,-5,0.6031583,-0.5007625,0.07558119,-18.32749,-5.65193,-5.802079
131.94,-23.74634,-5,0.5802472,-0.5043159,-0.8709843,-17.82574,-5.58445,-5.756794
131.96,-41.96643,-5,0.5956407,-0.4954174,0.7015356,-16.45292,-5.65193,-5.770711
131.98,-40.17468,-5,0.6115689,-0.4803073,0.7778715,-17.44077,-5.65193,-5.773685
132,-38.96594,-5,0.5884696,-0.4902551,-1.390068,-17.83464,-5.65193,-5.778667
132.02,-38.33911,-5,0.5763494,-0.5050982,-0.3824344,-17.93416,-5.65193,-5.780491
132.04,-38.88916,-5,0.5883169,-0.5128565,-0.06182348,-17.98061,-5.65193,-5.776978
132.06,-39.51489,-5,0.5761259,-0.5233518,0.06031401,-18.02972,-5.65193,-5.775393
132.08,-40.61719,-5,0.5907383,-0.5283018,0.2282531,-18.17938,-5.65193,-5.771258
132.1,-41.30286,-5,0.5756903,-0.5400208,-0.09235785,-18.3436,-5.65193,-5.770874
132.12,-42.24963,-5,0.5859798,-0.548836,0.09084838,-18.56149,-5.65193,-5.768401
132.14,-31.5647,-5,0.5814364,-0.5531853,-0.107625,-18.76629,-5.58445,-5.726871
132.16,-49.40869,-5,0.579928,-0.5612031,-0.3519,-17.84988,-5.65193,-5.748478
132.18,-34.8103,-5,0.5553926,-0.567214,-0.6267089,-18.94334,-5.58445,-5.720877
132.2,-39.29346,-5,0.560738,-0.5754136,-0.03128911,-18.21486,-5.58445,-5.707095
132.22,-52.23425,-5,0.5172955,-0.5953439,-2.046557,-18.07038,-5.65193,-5.74616
132.24,-36.06616,-5,0.5229435,-0.6067563,0.5641309,-19.27866,-5.58445,-5.720641
132.26,-39.7981,-5,0.5059257,-0.6247742,-1.313733,-18.39147,-5.58445,-5.70955
132.28,-40.349,-5,0.4396876,-0.6460453,-2.870985,-17.96323,-5.58445,-5.710372
132.3,-53.12695,-5,0.4727464,-0.6530608,1.648101,-17.87603,-5.65193,-5.743001
132.32,-48.4928,-5,0.4544966,-0.6715395,-0.9473198,-19.04904,-5.65193,-5.758837
132.34,-47.06128,-5,0.4570569,-0.6961921,0.2893218,-19.36787,-5.65193,-5.763702
132.36,-35.02112,-5,0.4277893,-0.7165072,-2.046557,-19.31498,-5.58445,-5.726356
132.38,-39.40491,-5,0.3665117,-0.7377759,-3.771748,-17.86252,-5.58445,-5.713831
132.4,-39.86401,-5,0.2979586,-0.7534335,-3.420603,-17.11651,-5.58445,-5.712019
132.42,-51.48169,-5,0.2883362,-0.7631891,0.3351234,-16.66214,-5.65193,-5.747317
132.44,-34.93689,-5,0.2873116,-0.7632434,-0.3213652,-17.50437,-5.58445,-5.718372
132.46,-38.71423,-5,0.2827196,-0.7639111,-0.04655629,-16.3746,-5.58445,-5.702302
132.48,-40.59387,-5,0.2734046,-0.7541837,-0.3977011,-15.97946,-5.58445,-5.69292
132.5,-53.10913,-5,0.2737969,-0.7518691,0.2893218,-15.93464,-5.65193,-5.727453
132.52,-48.19678,-5,0.2733679,-0.7591969,-0.09235785,-17.16651,-5.65193,-5.741923
132.54,-46.42847,-5,0.2717892,-0.7780932,0.01451245,-17.4798,-5.65193,-5.746909
132.56,-45.95959,-5,0.2551452,-0.7984281,-1.741213,-17.45539,-5.65193,-5.748433
132.58,-44.60168,-5,0.1834548,-0.8310547,-3.176328,-17.15258,-5.65193,-5.755068
132.6,-31.74695,-5,0.1411526,-0.8500227,-1.970221,-16.6489,-5.58445,-5.716945
132.62,-47.67041,-5,0.09479536,-0.8659359,-2.458771,-14.8879,-5.65193,-5.739767
132.64,-44.58215,-5,0.09960411,-0.8610723,0.9152762,-15.34749,-5.65193,-5.743412
132.66,-55.43835,-5,0.1063291,-0.8676328,-0.519839,-15.385,-5.71941,-5.781597
132.68,-39.04041,-5,0.122731,-0.8676927,0.6251997,-16.53554,-5.65193,-5.753439
132.7,-42.9231,-5,0.116502,-0.8739945,-0.8862511,-15.62096,-5.65193,-5.73955
132.72,-45.0354,-5,0.1136912,-0.8698163,0.07558119,-15.40314,-5.65193,-5.731307
132.74,-46.44727,-5,0.1233889,-0.8639207,-0.07709067,-15.50797,-5.65193,-5.725484
132.76,-47.2981,-5,0.1222131,-0.8641193,-0.2450293,-15.7187,-5.65193,-5.723022
132.78,-47.91736,-5,0.1228437,-0.8687952,0.07558119,-15.94946,-5.65193,-5.721625
132.8,-48.26233,-5,0.11235,-0.8795745,-0.0007547362,-16.13297,-5.65193,-5.721895
132.82,-49.14636,-5,0.1266304,-0.8865181,0.1824515,-16.34206,-5.65193,-5.719135
132.84,-49.99133,-5,0.1222572,-0.897281,-0.2297625,-16.56,-5.65193,-5.71823
132.86,-39.56152,-5,0.1351345,-0.8979137,-0.03128911,-16.81354,-5.58445,-5.675242
132.88,-57.66504,-5,0.1372817,-0.9036134,-0.04655629,-15.96771,-5.65193,-5.696527
132.9,-55.41443,-5,0.141656,-0.9095287,0.1213828,-17.25773,-5.65193,-5.706628
132.92,-54.77795,-5,0.1441124,-0.9307166,-0.5809073,-17.89642,-5.65193,-5.712344
132.94,-42.53662,-5,0.1040408,-0.9576619,-3.008389,-18.10048,-5.58445,-5.679333
132.96,-46.41016,-5,0.0322607,-0.9899336,-3.603809,-16.76368,-5.58445,-5.671077
132.98,-47.2113,-5,-0.01506455,-1.00826,-2.458771,-16.11633,-5.58445,-5.668424
133,-47.80652,-5,-0.01885119,-1.012437,0.4572606,-15.75839,-5.58445,-5.663
133.02,-72.13513,-5,-0.00206607,-1.021955,-0.183961,-15.69048,-5.71941,-5.736622
133.04,-50.66589,-5,-0.001777793,-1.03722,0.3351234,-18.07784,-5.65193,-5.728253
133.06,-41.01709,-5,0.00115707,-1.05628,-0.596175,-17.47499,-5.58445,-5.681675
133.08,-57.9408,-5,-0.07375409,-1.082914,-4.504573,-15.88099,-5.65193,-5.707705
133.1,-40.65356,-5,-0.180023,-1.111445,-4.489305,-16.1534,-5.58445,-5.687908
133.12,-56.26868,-5,-0.1386274,-1.115843,1.953444,-14.75257,-5.65193,-5.706407
133.14,-41.37085,-5,-0.1642859,-1.109558,-1.267931,-15.29128,-5.58445,-5.673299
133.16,-46.51416,-5,-0.1289888,-1.092156,2.228254,-14.26203,-5.58445,-5.650845
133.18,-60.9021,-5,-0.1225326,-1.077434,-1.023656,-14.14983,-5.65193,-5.679718
133.2,-102.536,-5,-0.1342363,-1.112589,0.4267263,-15.58919,-5.92185,-5.857695
133.22,-90.5531,-5,-0.1282755,-1.191496,-0.3213652,-20.78686,-5.989328,-5.977262
133.24,-64.21228,-5,-0.157364,-1.305305,-1.573274,-22.89025,-5.92185,-5.98985
133.26,-86.92529,-5,-0.2443133,-1.428578,-5.924421,-21.38923,-6.056808,-6.077484
133.28,-61.53699,-5,-0.4442326,-1.550296,-11.81755,-21.99885,-5.989328,-6.089532
133.3,-43.5011,-5,-0.7399844,-1.688745,-15.1458,-18.81417,-5.92185,-6.07418
133.32,-40.8606,-5,-1.000579,-1.785371,-13.16107,-14.00304,-5.92185,-6.072047
133.34,-38.35883,-5,-1.100194,-1.797154,-0.04655629,-10.20624,-5.92185,-6.052706
133.36,119.4314,-5,-0.9436585,-1.587891,7.373293,-7.602226,-4.977129,-5.431249
133.38,36.11725,-5,-0.7825335,-1.256995,11.25116,9.511586,-4.977129,-5.123229
133.4,-77.85681,-5,-0.3015608,-0.786662,30.15193,10.63696,-5.38201,-5.180981
133.42,-72.617,-5,0.7313932,-0.2685747,47.99926,-3.575526,-5.314529,-5.086255
133.44,-106.1771,-5,1.391844,0.02204764,33.0985,-14.70637,-5.38201,-5.085289
133.46,-103.4393,-5,1.719488,0.0997538,5.342759,-26.58034,-5.314529,-5.0858
133.48,-26.87787,-5,0.7209212,-0.2741696,-55.13055,-30.69867,-4.977129,-5.076271
133.5,-183.3523,-5,-0.4921398,-0.970612,-64.90154,-22.00135,-5.989328,-5.823313
133.52,-7.279907,-5,-1.625697,-1.661952,-50.24504,-28.08099,-5.65193,-6.024776
133.54,15.34479,-5,-1.367334,-1.947699,18.41146,-15.14075,-5.58445,-5.92526
133.56,-64.83038,-5,-1.118195,-1.889505,6.976346,-5.269153,-5.92185,-5.974373
133.58,-54.85699,-5,-1.062645,-1.751688,9.678638,-7.00606,-5.92185,-5.968777
133.6,93.28564,-5,-0.3295485,-1.362936,37.08323,-9.251545,-4.977129,-5.302302
133.62,-0.6351318,-5,0.04902545,-0.9443918,19.34276,2.929049,-4.977129,-4.984912
133.64,-48.62866,-5,0.08187147,-0.5908792,2.106116,1.342998,-5.044609,-4.929502
133.66,-259.0031,-5,0.1551257,-0.5538581,13.08322,-5.243583,-6.259249,-5.677521
133.68,-10.34784,-5,0.8033386,-0.489769,36.06033,-32.66671,-5.314529,-5.397801
133.7,-71.89203,-5,1.070176,-0.5974637,15.23589,-26.6457,-5.38201,-5.31467
133.72,-31.18341,-5,0.9435437,-0.6439297,-19.0542,-28.40373,-5.044609,-5.115125
133.74,-208.9366,-5,0.2353887,-0.9895266,-38.59619,-23.46072,-5.989328,-5.707361
133.76,-62.39221,-5,-0.3937785,-1.403332,-33.87862,-35.89851,-5.65193,-5.836245
133.78,-24.5675,-5,-0.6324179,-1.771163,3.205353,-28.4608,-5.51697,-5.794097
133.8,-62.21375,-5,-0.571656,-1.865605,-0.06182348,-20.00079,-5.65193,-5.78944
133.82,-49.44641,-5,-0.6764461,-1.852959,-11.3748,-17.83296,-5.58445,-5.733132
133.84,-50.62207,-5,-0.8603493,-1.851337,-10.64198,-14.47477,-5.58445,-5.717637
133.86,-47.77869,-5,-0.9606112,-1.825066,-4.626711,-12.0152,-5.58445,-5.706068
133.88,-114.8627,-5,-0.9838026,-1.818307,1.785506,-10.15131,-5.989328,-5.930762
133.9,90.3681,-5,-0.9019485,-1.687803,6.518332,-15.56328,-4.977129,-5.39932
133.92,15.66418,-5,-0.6830848,-1.466414,9.510698,0.8498762,-4.977129,-5.122317
133.94,-239.5513,-5,-0.5291827,-1.263304,3.11375,3.150848,-6.259249,-5.756661
133.96,28.39325,-5,-0.5518087,-1.174695,8.701538,-20.60232,-5.247049,-5.467109
133.98,-47.62048,-5,0.01274292,-1.111086,37.78552,-11.19417,-5.38201,-5.354278
134,-50.92786,-5,0.408026,-0.8828038,15.34276,-13.97868,-5.247049,-5.187228
134.02,-84.22046,-5,0.4161119,-0.7998347,-2.84045,-16.23194,-5.314529,-5.197006
134.04,-69.15369,-5,0.274752,-0.8456001,-8.183965,-20.6035,-5.247049,-5.213213
134.06,-78.25775,-5,0.1215549,-0.9814158,-10.93206,-21.49901,-5.314529,-5.294502
134.08,-64.70764,-5,-0.1629585,-1.168622,-15.16107,-22.06555,-5.314529,-5.364935
134.1,-50.48621,-5,-0.5320967,-1.385772,-17.89389,-19.83128,-5.314529,-5.426407
134.12,-201.5831,-5,-0.7798035,-1.655384,-10.93206,-16.43352,-6.259249,-6.022603
134.14,36.15442,-5,-0.6808762,-1.741864,4.961079,-29.40864,-5.314529,-5.676778
134.16,-14.23389,-5,-0.6584023,-1.792828,-0.03128911,-14.05479,-5.314529,-5.493337
134.18,-23.86902,-5,-0.8402547,-1.691705,-11.08473,-8.373192,-5.247049,-5.373742
134.2,-54.18066,-5,-1.038353,-1.622088,-5.252665,-4.954691,-5.38201,-5.421293
134.22,-105.15,-5,-0.411147,-1.40451,28.94582,-7.957211,-5.65193,-5.516272
134.24,-97.94183,-5,0.02086781,-1.229571,18.77788,-16.53797,-5.65193,-5.52808
134.26,65.69397,-5,0.07581082,-1.115338,0.7168028,-21.32012,-4.707209,-4.993835
134.28,-5.51355,-5,-0.04450576,-1.033262,-9.466407,-7.583028,-4.707209,-4.788617
134.3,-27.96912,-5,-0.2388293,-0.9033733,-13.51221,-5.061816,-4.707209,-4.732821
134.32,-27.04742,-5,-0.4367412,-0.8567796,2.30459,-4.982161,-4.707209,-4.745431
134.34,-79.11359,-5,-0.03395546,-0.7421256,24.38093,-6.286695,-4.977129,-4.86098
134.36,-72.7879,-5,0.4440078,-0.596504,20.36566,-14.02007,-4.977129,-4.868629
134.38,-93.50568,-5,0.8718806,-0.5068846,16.85421,-19.98019,-5.044609,-4.892869
134.4,-79.97485,-5,0.8245594,-0.5683952,-4.916787,-25.85847,-4.977129,-4.910747
134.42,-27.79913,-5,0.4586569,-0.7601606,-21.42061,-27.07268,-4.707209,-4.827026
134.44,-21.0285,-5,-0.08464046,-1.007075,-29.55802,-20.77283,-4.639729,-4.811728
134.46,-186.5749,-5,-0.6887387,-1.352548,-31.0542,-14.26952,-5.65193,-5.460116
134.48,-78.55017,-5,-1.136421,-1.702536,-13.68015,-25.11542,-5.58445,-5.722385
134.5,-115.7735,-5,-0.6912493,-1.894252,31.14429,-22.97574,-5.92185,-5.925973
134.52,62.81335,-5,-0.3711724,-1.809335,11.29696,-26.05156,-4.977129,-5.374467
134.54,-8.886108,-5,-0.5180796,-1.712304,-16.51984,-9.572657,-4.977129,-5.141794
134.56,-20.97534,-5,-1.188928,-1.660851,-34.93206,-3.657188,-4.977129,-5.122018
134.58,-3.304199,-5,-1.777488,-1.703761,-20.53511,1.067954,-4.977129,-5.169282
134.6,171.4319,-5,-1.342487,-1.392112,36.06033,4.936204,-3.96493,-4.480116
134.62,-156.3365,-5,-0.378175,-0.8896623,42.85423,21.41841,-5.247049,-4.804538
134.64,46.21655,-5,0.3146729,-0.2858289,40.42674,-2.750739,-4.30233,-4.347644
134.66,-90.94214,-5,0.9333279,0.02000433,34.50307,-0.5029881,-4.707209,-4.388524
134.68,-93.11334,-5,1.794217,0.368421,38.71682,-15.79606,-4.639729,-4.328784
134.7,-126.113,-5,2.30278,0.4780367,23.57177,-27.92106,-4.707209,-4.373852
134.72,-127.5535,-5,2.300939,0.3217121,-3.023656,-39.33914,-4.707209,-4.479789
134.74,-47.60663,-5,1.474861,-0.1516653,-48.9168,-44.18723,-4.36981,-4.482575
134.76,29.92181,-5,0.05034745,-0.823148,-74.6878,-34.43121,-4.03241,-4.449582
134.78,-116.5903,-5,-1.300647,-1.527097,-69.51223,-15.9563,-4.977129,-5.091414
134.8,120.7428,-5,-1.556141,-1.758981,19.03742,-17.30639,-4.09989,-4.766223
134.82,71.77283,-5,-0.8514301,-1.521037,34.19773,3.45316,-4.03241,-4.396669
134.84,-184.3283,-5,-0.5555193,-1.170407,6.609934,10.79706,-5.247049,-4.900512
134.86,-125.0566,-5,-0.1110944,-0.9113393,26.442,-11.67579,-5.314529,-5.138982
134.88,46.40765,-5,1.065673,-0.5787138,50.68629,-24.13378,-4.36981,-4.563582
134.9,-40.71234,-5,1.440657,-0.3333566,12.93055,-16.36783,-4.36981,-4.314286
134.92,-46.34955,-5,0.7487689,-0.3402586,-46.30611,-17.71905,-4.30233,-4.313223
134.94,-199.6063,-5,-0.1418581,-0.7367032,-46.36718,-16.55323,-5.314529,-5.057154
134.96,-117.4345,-5,0.4035915,-0.9218602,26.3046,-33.08829,-5.314529,-5.287032
134.98,63.05414,-5,0.6889597,-1.018684,13.06795,-36.33487,-4.36981,-4.773312
135,-18.9892,-5,0.4330898,-1.081644,-12.73358,-19.46511,-4.43729,-4.610188
135.02,-176.0262,-5,-0.28728,-1.254353,-41.72596,-14.51977,-5.314529,-5.15164
135.04,149.8458,-5,-1.109311,-1.465559,-25.75649,-23.78244,-3.96493,-4.666055
135.06,14.97449,-5,-0.7166284,-1.400154,32.83895,1.57543,-4.30233,-4.533163
135.08,-65.89832,-5,-0.2875607,-1.018751,15.03742,3.147565,-4.639729,-4.589539
135.1,-52.53455,-5,-0.5040643,-0.8770826,3.281689,-3.220529,-4.707209,-4.709799
135.12,-93.67639,-5,0.1981398,-0.6953233,33.00689,-8.516442,-4.977129,-4.843174
135.14,-91.73993,-5,0.5395557,-0.6007822,17.95345,-17.33999,-5.044609,-4.926045
135.16,-77.72302,-5,0.4209362,-0.7023017,-10.06183,-22.58069,-5.044609,-5.009375
135.18,14.72485,-5,-0.2207098,-0.962626,-34.68779,-22.31837,-4.639729,-4.892168
135.2,15.20898,-5,-1.102464,-1.293289,-46.09237,-9.829577,-4.639729,-4.917604
135.22,21.67065,-5,-1.786652,-1.506973,-27.1,0.7869736,-4.707209,-4.988167
135.24,-22.01953,-5,-1.386467,-1.385684,25.60231,7.051514,-4.977129,-5.05607
135.26,-26.45996,-5,-0.500132,-0.9945435,48.70155,3.828359,-4.977129,-4.946079
135.28,103.6809,-5,0.5575619,-0.394029,52.15194,-1.955421,-4.03241,-4.224172
135.3,1.342407,-5,1.057896,0.1197456,23.98399,5.645573,-4.03241,-3.910427
135.32,-40.13354,-5,1.283039,0.5151268,5.724438,-0.4612527,-4.03241,-3.826622
135.34,-56.12415,-5,1.644949,0.7318335,17.17482,-9.93,-4.03241,-3.824163
135.36,-63.1983,-5,1.88781,0.7736963,11.83131,-18.65808,-4.03241,-3.860312
135.38,-221.6307,-5,1.735178,0.501536,-8.626713,-25.02332,-4.977129,-4.517305
135.4,-70.90271,-5,1.195704,0.004215658,-26.73359,-43.30865,-4.639729,-4.703182
135.42,-43.82178,-5,0.5208862,-0.6425545,-38.55038,-37.92211,-4.639729,-4.849049
135.44,39.52734,-5,-0.3245024,-1.146447,-47.8939,-28.67842,-4.30233,-4.752658
135.46,29.70581,-5,-1.268401,-1.529248,-47.68016,-10.98609,-4.36981,-4.787463
135.48,47.62091,-5,-1.839269,-1.663866,-9.222133,1.686875,-4.36981,-4.781519
135.5,-23.65228,-5,-1.072768,-1.357835,36.01452,9.217258,-4.707209,-4.801921
135.52,-29.14087,-5,-0.2185814,-0.8621327,43.96873,4.166297,-4.707209,-4.691064
135.54,-107.2173,-5,0.9502259,-0.3331853,56.60995,-3.750199,-4.977129,-4.698081
135.56,-118.3153,-5,1.76288,0.04033041,35.61758,-19.62392,-4.977129,-4.684069
135.58,-115.6565,-5,1.620562,-0.01696932,-12.3061,-30.78829,-4.977129,-4.792223
135.6,-28.70551,-5,0.7335143,-0.4295204,-50.68779,-34.81457,-4.639729,-4.798627
135.62,-25.04919,-5,-0.3234796,-0.9841502,-57.11528,-25.17685,-4.707209,-4.952572
135.64,80.1283,-5,-1.308424,-1.408521,-50.94733,-14.95522,-4.30233,-4.827862
135.66,72.18481,-5,-1.799193,-1.567547,2.686269,4.114408,-4.30233,-4.735929
135.68,-13.34735,-5,-0.9867069,-1.197968,29.02216,13.08701,-4.639729,-4.709663
135.7,-91.92535,-5,-0.2038708,-0.7224911,46.71682,7.635495,-5.044609,-4.840382
135.72,91.66473,-5,1.062024,-0.07998922,62.24354,-7.74542,-3.96493,-4.137063
135.74,-89.15637,-5,2.013302,0.4398996,41.84659,-2.77038,-4.36981,-4.031881
135.76,-39.60583,-5,1.945569,0.6945503,-8.000758,-17.43863,-4.03241,-3.901065
135.78,-201.9759,-5,1.211034,0.3538499,-38.77939,-20.02704,-4.977129,-4.586174
135.8,-110.8677,-5,0.4722185,-0.2314921,-38.26031,-35.67191,-5.044609,-5.035605
135.82,-46.90259,-5,0.2881916,-0.7869514,3.938178,-36.16933,-4.977129,-5.171493
135.84,24.48291,-5,0.4160857,-1.011729,2.564131,-30.3549,-4.572248,-4.909751
135.86,-12.21924,-5,0.1825792,-1.088036,-24.53511,-18.55041,-4.572248,-4.789262
135.88,-27.37195,-5,-0.8351797,-1.293809,-55.68016,-11.06472,-4.707209,-4.928081
135.9,24.08228,-5,-1.627547,-1.521413,-33.9397,-4.893942,-4.639729,-4.999424
135.92,121.8666,-5,-0.8623908,-1.231322,41.31224,2.074622,-4.03241,-4.489196
135.94,-167.2188,-5,0.00219325,-0.7744434,39.1443,13.20337,-5.247049,-4.862114
135.96,-43.51166,-5,1.297331,-0.1258476,62.35041,-12.78793,-4.707209,-4.589984
135.98,-94.28235,-5,2.195283,0.2408151,45.41911,-20.51808,-4.707209,-4.457109
136,-114.0317,-5,2.229074,0.3049444,-7.222132,-30.9316,-4.707209,-4.494872
136.02,-67.71759,5,1.247221,-0.06173059,-59.8481,-36.3892,-4.30233,-4.464081
136.04,-80.09308,5,0.02377643,-0.7104483,-63.6649,-31.31557,-4.43729,-4.67802
136.06,40.5025,5,-1.042701,-1.300491,-45.68016,-25.48013,-3.96493,-4.548479
136.08,-66.66144,5,-0.71493,-1.454262,22.80841,-10.74575,-4.36981,-4.58243
136.1,-57.07788,5,-0.5620453,-1.379163,12.96108,-12.35309,-4.30233,-4.483991
136.12,-154.9061,5,0.05395659,-1.23386,32.90002,-14.70996,-4.707209,-4.593184
136.14,19.27161,5,0.5867201,-1.000947,18.04505,-27.61724,-3.695009,-3.987997
136.16,-67.72314,5,0.6226827,-0.9255196,-1.664878,-18.76084,-3.695009,-3.750871
136.18,-264.75,5,0.05448556,-1.123589,-31.42061,-20.23458,-4.707209,-4.355426
136.2,-171.3552,5,-0.6744691,-1.628189,-32.30611,-38.67088,-4.707209,-4.723874
136.22,-140.7436,5,-0.4469176,-2.076272,14.18246,-42.23256,-4.707209,-4.811166
136.24,-141.6265,5,-0.5445265,-2.4289,-3.023656,-41.24416,-4.707209,-4.815941
136.26,-74.99323,5,-1.396015,-2.850697,-46.59619,-37.7471,-4.36981,-4.689363
136.28,-83.44504,5,-2.673807,-3.385153,-73.58856,-24.45643,-4.43729,-4.773735
136.3,-28.21848,5,-3.82706,-3.834155,-41.92443,-12.57872,-4.30233,-4.771868
136.32,-120.6367,5,-3.025454,-3.716331,36.213,-1.999264,-4.707209,-4.785148
136.34,-1.057404,5,-2.396848,-3.298744,32.79315,-6.178405,-3.96493,-4.220028
136.36,54.73297,5,-1.391118,-2.636512,49.31224,0.03945637,-3.08769,-3.322481
136.38,-112.4134,5,-0.641818,-1.938079,28.02979,7.1057,-3.290129,-3.007466
136.4,-217.6933,5,-0.5645934,-1.582464,2.594666,-5.570964,-3.695009,-3.200549
136.42,-26.67754,5,-0.6075237,-1.538919,7.083217,-24.11868,-2.75029,-2.805963
136.44,-319.9736,5,-0.1249899,-1.673633,24.86948,-19.28139,-4.03241,-3.37161
136.46,-82.57836,5,-0.03321022,-1.795144,0.2740546,-45.72787,-3.02021,-3.041975
136.48,-143.5573,5,-0.4287046,-2.214733,-24.61145,-38.02122,-3.08769,-3.015377
136.5,-139.9636,5,-0.9762699,-2.589058,-22.36718,-37.32764,-3.02021,-3.020609
136.52,-152.2133,5,-1.031255,-2.847381,-6.565642,-36.40765,-3.02021,-3.005227
136.54,-397.9204,5,-0.9961305,-3.175318,-9.680147,-37.74037,-4.36981,-3.790009
136.56,-294.4587,5,-1.319242,-3.688158,-19.37481,-62.39397,-4.36981,-4.182271
136.58,-18.62399,5,-2.126553,-4.363967,-41.43588,-65.08325,-3.08769,-3.662311
136.6,-77.25206,5,-3.444929,-4.998797,-67.86337,-34.63547,-3.08769,-3.509668
136.62,-62.79916,5,-4.862151,-5.395425,-74.38245,-15.65401,-3.02021,-3.462277
136.64,-101.2328,5,-5.887276,-5.665588,-15.05419,1.739167,-3.357609,-3.646695
136.66,5.421295,5,-4.717497,-5.192503,44.33514,5.694536,-2.75029,-3.082989
136.68,50.74246,5,-3.884301,-4.433913,45.0527,16.58097,-2.008009,-2.244625
136.7,-200.297,5,-2.79084,-3.564951,51.80079,24.37622,-2.75029,-2.20806
136.72,-93.79651,5,-1.898467,-2.787406,54.1672,1.412507,-2.075489,-1.768061
136.74,-64.37112,5,-0.9095116,-2.223307,48.85423,-6.160336,-1.46817,-1.191851
136.76,-419.3818,5,-0.4485986,-2.050245,16.79314,-10.43157,-3.02021,-1.918215
136.78,-150.2768,5,-0.5519853,-2.21137,-7.695413,-48.45751,-2.008009,-1.753766
136.8,-78.60095,5,-0.834956,-2.686367,-20.42824,-45.33326,-1.40069,-1.402493
136.82,-146.8102,5,-1.388958,-3.08656,-34.0313,-34.33344,-1.46817,-1.348592
136.84,-147.082,5,-2.318447,-3.516441,-47.86336,-30.90983,-1.46817,-1.425476
136.86,-177.8174,5,-3.008579,-3.969445,0.4877952,-26.49141,-1.738089,-1.66665
136.88,-222.5499,5,-2.611813,-4.146039,11.86185,-28.17715,-2.075489,-1.863927
136.9,-35.89453,5,-2.760433,-4.251391,-9.130528,-32.98232,-1.13077,-1.378827
136.92,-174.5852,5,-2.876833,-4.337525,-12.64198,-17.11645,-1.53565,-1.395378
136.94,-204.3062,5,-3.107794,-4.370035,-23.52748,-19.96992,-1.738089,-1.536201
136.96,-7.86792,5,-3.756121,-4.522123,-24.41298,-22.31004,-0.7933693,-1.102654
136.98,-145.5049,5,-3.519515,-4.486342,13.95345,-4.990564,-1.19825,-1.072104
137,-239.2112,5,-3.562662,-4.402927,-3.099992,-7.514442,-1.738089,-1.366651
137.02,-17.18451,5,-3.768002,-4.391526,-4.153428,-17.55318,-0.7258892,-0.9151721
137.04,-206.1091,5,-3.786245,-4.453958,-8.245033,-1.992577,-1.46817,-1.13806
137.06,-223.2002,5,-4.200145,-4.571489,-22.15343,-9.520701,-1.805569,-1.471998
137.08,-54.71521,5,-4.053519,-4.629642,8.365661,-16.42222,-1.06329,-1.129251
137.1,-12.76294,5,-4.005289,-4.564677,-3.008389,-3.951331,-0.5234499,-0.6143554
137.12,61.89258,5,-4.243152,-4.29761,-3.909153,9.59852,0.2863102,0.09349245
137.14,-185.5903,5,-3.513654,-3.785292,35.83132,23.29631,-0.5234499,0.02447592
137.16,-110.7386,5,-2.89428,-3.247108,40.79315,5.411784,-0.1185694,0.265151
137.18,-58.72766,5,-1.364862,-2.619587,68.64049,-3.794215,0.5562305,0.8983723
137.2,-102.8799,5,-0.6448331,-2.118609,30.80842,-7.030872,0.89363,1.363472
137.22,-211.8624,5,-1.201599,-2.120203,-39.52748,-11.97534,0.5562305,1.174657
137.24,-209.6027,5,-2.436281,-2.669633,-53.37482,-22.23592,0.2863102,0.7053739
137.26,-66.31348,5,-2.520738,-3.122415,26.60994,-28.34381,0.8261509,0.8377385
137.28,15.18713,5,-2.461874,-3.301531,-2.764114,-17.92421,1.500951,1.356991
137.3,65.59192,5,-3.028326,-3.300914,-32.38244,-0.7112049,2.175751,1.950305
137.32,-101.9952,5,-3.295523,-3.166554,11.08322,16.41897,1.63591,1.881509
137.34,12.42639,5,-3.090103,-2.835891,22.22826,10.361,2.243231,2.249594
137.36,-5.175171,5,-1.76562,-2.22367,60.33514,13.56334,2.58063,2.772696
137.38,27.1272,5,-0.9274558,-1.518207,27.98399,11.27977,3.25543,3.447243
137.4,-117.5927,5,-0.8050275,-1.117757,5.00688,12.44125,2.918031,3.454989
137.42,-24.03845,5,-0.2963491,-0.768738,28.09086,-2.944402,3.525351,3.798953
137.44,42.4491,5,0.2274787,-0.4900782,20.99162,-5.220566,4.267631,4.382963
137.46,-93.65417,5,0.01911116,-0.4279041,-14.2145,0.4779906,3.93023,4.33846
137.48,-154.49,5,-0.2724652,-0.5606577,-4.458772,-8.726848,3.525351,3.982473
137.5,-6.013672,5,0.06416637,-0.6580755,11.38856,-21.87808,4.20015,4.243411
137.52,-32.81494,5,-0.2052808,-0.8787041,-19.00839,-14.70288,4.267631,4.344867
137.54,-99.88037,5,-0.7798215,-1.150649,-31.87862,-10.9129,3.93023,4.112917
137.56,-147.3138,5,-0.6819965,-1.34268,11.6481,-15.69066,3.525351,3.793626
137.58,71.71118,5,-0.5361118,-1.402072,2.671002,-23.74603,4.60503,4.324514
137.6,-2.399902,5,-0.7017446,-1.446308,-10.65725,-6.436422,4.60503,4.545119
137.62,-19.17163,5,-1.332441,-1.469139,-29.55802,-0.3809605,4.60503,4.56886
137.64,-81.75256,5,-1.205068,-1.410341,20.27406,1.381407,4.267631,4.408141
137.66,-70.90259,5,-0.6294378,-1.231914,21.96872,-5.704535,4.267631,4.412143
137.68,-87.13135,5,-0.3565902,-1.147736,11.05268,-10.23959,4.20015,4.382356
137.7,-68.27002,5,-0.5149084,-1.21424,-6.153429,-14.3299,4.267631,4.361481
137.72,-79.64612,5,-0.5553346,-1.32419,-2.199229,-15.03703,4.20015,4.298419
137.74,-69.15405,5,-0.7994516,-1.483907,-14.48931,-15.84664,4.20015,4.239808
137.76,-63.06567,5,-0.8992759,-1.617003,-1.832817,-14.99858,4.20015,4.213546
137.78,-53.08875,5,-0.8312224,-1.65884,-5.512208,-14.04187,4.267631,4.266057
137.8,113.577,5,-0.9163589,-1.571532,-3.008389,-11.74773,5.27983,4.893572
137.82,28.02124,5,-0.8969627,-1.360126,-0.7793808,6.511317,5.27983,5.184014
137.84,-7.270996,5,-0.8438644,-1.023506,3.571766,9.752899,5.27983,5.312834
137.86,-28.72791,5,-0.3238282,-0.6476796,34.62521,6.593473,5.27983,5.409338
137.88,-64.9248,5,0.4473021,-0.2711884,34.64048,-0.287992,5.21235,5.464025
137.9,-66.73804,5,0.8705613,-0.04650787,18.25879,-9.913105,5.27983,5.514248
137.92,-235.427,5,0.8468565,-0.1760335,-4.016023,-16.763,4.335111,4.899168
137.94,-165.0353,5,0.6466899,-0.5533711,-12.88626,-37.70032,4.267631,4.516949
137.96,-105.0343,5,0.2573541,-1.139223,-18.09236,-43.12129,4.335111,4.33319
137.98,-47.27246,5,-0.3572538,-1.692589,-39.43588,-38.54604,4.53755,4.332423
138,-31.9978,5,-1.521582,-2.255957,-57.72596,-25.78709,4.53755,4.243403
138.02,-6.352661,5,-1.947339,-2.516126,-11.57328,-14.34593,4.60503,4.281386
138.04,-16.14294,5,-1.769663,-2.434444,11.4191,-4.769465,4.60503,4.398151
138.06,-94.11926,5,-1.334996,-2.164021,18.80841,-0.992435,4.267631,4.336375
138.08,88.08655,5,-0.9759115,-1.774224,17.37329,-7.169799,5.27983,4.954261
138.1,-58.49976,5,-0.4624518,-1.380141,30.13666,5.292334,4.94243,5.069948
138.12,-69.58862,5,-0.3053961,-1.030532,-1.283198,-1.806137,4.94243,5.096936
138.14,-80.72815,5,-0.1862559,-0.8966618,17.70918,-8.029145,4.87495,5.033104
138.16,-142.2571,5,0.3695824,-0.7992236,17.99925,-15.27923,4.53755,4.840792
138.18,-31.82422,5,0.183778,-0.8916669,-13.81755,-25.49661,5.009911,4.973331
138.2,-70.12891,5,-0.176363,-1.135128,-11.57328,-19.96018,4.87495,4.892637
138.22,-57.33752,5,-0.5239432,-1.33932,-28.30611,-19.02158,4.87495,4.827598
138.24,-30.31494,5,-0.9608468,-1.55535,-7.161062,-15.60991,4.94243,4.807203
138.26,-35.3009,5,-0.7710471,-1.564609,2.991613,-11.26696,4.94243,4.860431
138.28,-97.50732,5,-0.847465,-1.57128,-2.382435,-8.762074,4.60503,4.686563
138.3,-85.9342,5,-0.7559963,-1.564474,4.884743,-13.70691,4.53755,4.586172
138.32,-66.03076,5,-0.5077645,-1.541462,12.10612,-16.60945,4.60503,4.615074
138.34,-70.73193,5,-0.4942661,-1.551715,-3.023656,-16.56933,4.60503,4.624583
138.36,-82.47852,5,-0.5858979,-1.597421,-3.680145,-16.74244,4.53755,4.572612
138.38,-63.67871,5,-0.6490505,-1.647982,-2.870985,-17.80945,4.60503,4.583067
138.4,-52.02844,5,-0.7684882,-1.706254,-6.229764,-16.19102,4.67251,4.618515
138.42,-68.70447,5,-0.8040465,-1.728939,-0.8709843,-13.85393,4.60503,4.599679
138.44,-67.10291,5,-0.7647356,-1.711047,1.373291,-14.12572,4.60503,4.603298
138.46,-55.25696,5,-0.769677,-1.695261,-0.6114421,-14.09859,4.67251,4.646088
138.48,-73.08826,5,-0.7344269,-1.674301,1.464895,-13.02871,4.60503,4.630529
138.5,-70.79382,5,-0.717236,-1.654899,0.6862684,-14.17985,4.60503,4.624547
138.52,-69.43677,5,-0.7239972,-1.659207,0.3351234,-14.6848,4.60503,4.618802
138.54,-68.81616,5,-0.7263345,-1.669056,0.2435202,-14.87487,4.60503,4.616198
138.56,-68.74548,5,-0.7303039,-1.679136,0.01451245,-14.92673,4.60503,4.615604
138.58,-68.73792,5,-0.7434352,-1.690429,-0.2602969,-14.91203,4.60503,4.614797
138.6,-69.03662,5,-0.7430745,-1.697806,-0.06182348,-14.90534,4.60503,4.615908
138.62,-80.86304,5,-0.7519552,-1.71363,-0.1381594,-14.92877,4.53755,4.575607
138.64,-52.50586,5,-0.7584875,-1.719025,-0.1534266,-16.06743,4.67251,4.638829
138.66,-72.47852,5,-0.7867624,-1.73391,-1.619076,-13.8897,4.60503,4.624838
138.68,-70.73779,5,-0.7917896,-1.72956,1.083215,-14.4535,4.60503,4.620402
138.7,-81.18457,5,-0.8079873,-1.745857,-1.115259,-14.62013,4.53755,4.576098
138.72,-64.45105,5,-0.7848613,-1.751796,0.8084057,-15.83831,4.60503,4.60145
138.74,-67.67932,5,-0.8109602,-1.768039,-1.802282,-14.86773,4.60503,4.610687
138.76,-80.72827,5,-0.8214825,-1.778608,-0.107625,-14.54564,4.53755,4.575397
138.78,-64.73328,5,-0.8147057,-1.780843,0.2282531,-15.64901,4.60503,4.602247
138.8,-68.51855,5,-0.8216767,-1.788355,-1.390068,-14.74158,4.60503,4.614336
138.82,-58.30957,5,-0.8460589,-1.782788,-0.3519,-14.41976,4.67251,4.658773
138.84,-76.23328,5,-0.8330396,-1.772082,0.1213828,-13.24774,4.60503,4.641129
138.86,-74.08435,5,-0.8107133,-1.756537,0.8847416,-14.35942,4.60503,4.63546
138.88,-72.66772,5,-0.8280473,-1.765953,-1.43587,-14.81807,4.60503,4.628566
138.9,-72.28003,5,-0.8204941,-1.775663,0.2129859,-15.00563,4.60503,4.627045
138.92,-72.11035,5,-0.8364775,-1.789278,-0.550373,-15.03914,4.60503,4.625111
138.94,-72.22058,5,-0.8409992,-1.800091,-0.3824344,-15.03175,4.60503,4.625035
138.96,-72.70105,5,-0.838421,-1.806863,0.3809245,-15.04963,4.60503,4.626537
138.98,-73.32092,5,-0.8364934,-1.812022,-0.07709067,-15.1195,4.60503,4.628041
139,-85.60913,5,-0.8299763,-1.823759,0.2893218,-15.27872,4.53755,4.589075
139.02,-69.3241,5,-0.8250719,-1.834039,0.09084838,-16.61874,4.60503,4.61243
139.04,-72.79346,5,-0.8417518,-1.852983,-1.099992,-15.80771,4.60503,4.621004
139.06,-84.60107,5,-0.9080832,-1.88354,-2.24503,-15.42779,4.53755,4.577354
139.08,-68.06506,5,-0.8933651,-1.894151,0.2740546,-16.39499,4.60503,4.603556
139.1,-71.56616,5,-0.9148525,-1.908519,-1.54274,-15.29403,4.60503,4.614879
139.12,-72.49329,5,-0.9550414,-1.916357,-1.588542,-14.78694,4.60503,4.617656
139.14,-72.89551,5,-0.9559814,-1.914967,-0.04655629,-14.54255,4.60503,4.621636
139.16,-73.27783,5,-0.9566755,-1.911046,-0.1228922,-14.41901,4.60503,4.625193
139.18,-62.08875,5,-0.954452,-1.898569,0.04504682,-14.35806,4.67251,4.668915
139.2,-79.55005,5,-0.947685,-1.887965,0.1977187,-13.23708,4.60503,4.649686
139.22,-77.15552,5,-0.9243231,-1.872365,0.4572606,-14.33865,4.60503,4.643651
139.24,-76.10461,5,-0.9232899,-1.876234,-0.1534266,-14.8277,4.60503,4.639209
139.26,-75.27844,5,-0.9427485,-1.890691,-0.6419765,-14.98062,4.60503,4.634635
139.28,-86.14258,5,-0.9641624,-1.915606,-0.9167854,-14.95314,4.53755,4.590766
139.3,-57.26001,5,-0.9773365,-1.926807,-0.1686933,-15.93811,4.67251,4.652961
139.32,-77.79919,5,-0.9789932,-1.935181,-0.9931214,-13.69562,4.60503,4.643218
139.34,-75.59131,5,-1.020344,-1.936311,-1.191595,-14.15044,4.60503,4.635504
139.36,-64.22229,5,-0.9663215,-1.918596,1.342757,-14.38481,4.67251,4.681043
139.38,-81.14355,5,-0.9936559,-1.918621,-1.130526,-13.32632,4.60503,4.656797
139.4,-77.52942,5,-1.002758,-1.919134,-0.4587703,-14.30524,4.60503,4.644863
139.42,-64.54724,5,-0.9948581,-1.920291,-0.3213652,-14.58805,4.67251,4.681563
139.44,-92.71521,5,-1.002339,-1.933897,-0.8099151,-13.49169,4.53755,4.617133
139.46,-73.30688,5,-0.9730874,-1.932259,0.7931387,-15.68627,4.60503,4.633207
139.48,-64.12659,5,-0.9787034,-1.941902,-0.4740371,-15.13421,4.67251,4.67955
139.5,-81.04724,5,-1.04141,-1.959996,-3.054191,-13.66083,4.60503,4.653058
139.52,-89.53113,5,-1.031336,-1.968563,0.9000088,-14.45669,4.53755,4.604401
139.54,-71.5249,5,-1.02895,-1.982619,-0.7030448,-15.82105,4.60503,4.624126
139.56,-74.35779,5,-1.046362,-2.002483,-0.8251827,-14.84785,4.60503,4.632635
139.58,-74.54102,5,-1.108106,-2.021093,-3.344267,-14.28518,4.60503,4.631557
139.6,-75.17627,5,-1.087437,-2.019062,0.7473372,-14.00254,4.60503,4.637774
139.62,-75.20557,5,-1.115998,-2.022211,-0.7183124,-13.78324,4.60503,4.638587
139.64,-75.63379,5,-1.100636,-2.016675,0.06031401,-13.69297,4.60503,4.64305
139.66,-76.49146,5,-1.084178,-2.007825,0.8236728,-13.73242,4.60503,4.648037
139.68,-77.33264,5,-1.072436,-2.000654,0.3198562,-13.88569,4.60503,4.651463
139.7,-77.79285,5,-1.071902,-1.999401,0.4114593,-14.07515,4.60503,4.652301
139.72,-66.46814,5,-1.072444,-1.994486,0.5641309,-14.22163,4.67251,4.692857
139.74,-84.37573,5,-1.046407,-1.986765,1.205353,-13.2917,4.60503,4.673872
139.76,-92.9198,5,-1.06308,-1.995746,-0.4740371,-14.4566,4.53755,4.620748
139.78,-74.45166,5,-1.062232,-2.016173,0.04504682,-16.06697,4.60503,4.63645
139.8,-76.6488,5,-1.095068,-2.04778,-1.909152,-15.15885,4.60503,4.640676
139.82,-76.49829,5,-1.160927,-2.075535,-3.038924,-14.56235,4.60503,4.637733
139.84,-76.85034,5,-1.152208,-2.081969,0.6251997,-14.18417,4.60503,4.642247
139.86,-77.17627,5,-1.167792,-2.085334,-0.7335792,-13.9178,4.60503,4.644835
139.88,-77.80969,5,-1.156463,-2.080802,0.2282531,-13.81336,4.60503,4.649421
139.9,-78.33057,5,-1.156306,-2.077116,-0.04655629,-13.80924,4.60503,4.652228
139.92,-79.0835,5,-1.139343,-2.070745,0.2893218,-13.9173,4.60503,4.656034
139.94,-79.51831,5,-1.141899,-2.070091,-0.01602192,-14.0574,4.60503,4.656951
139.96,-68.29468,5,-1.138268,-2.063612,0.3503905,-14.18266,4.67251,4.698317
139.98,-85.59241,5,-1.138861,-2.061954,0.1061156,-13.15832,4.60503,4.676253
140,-82.68347,5,-1.134938,-2.058966,0.1366499,-14.24306,4.60503,4.666267
140.02,-81.73096,5,-1.122531,-2.067153,0.2282531,-14.70888,4.60503,4.662307
140.04,-81.05554,5,-1.146658,-2.085657,-1.145793,-14.84176,4.60503,4.657307
140.06,-68.75085,5,-1.173959,-2.098897,-1.481671,-14.74673,4.67251,4.69367
140.08,-85.17859,5,-1.197117,-2.111659,-0.6725109,-13.39158,4.60503,4.669113
140.1,-82.37781,5,-1.182053,-2.10888,0.2282531,-14.20719,4.60503,4.662225
140.12,-81.3136,5,-1.186745,-2.117913,-0.04655629,-14.44731,4.60503,4.658594
140.14,-92.25598,5,-1.204198,-2.139285,-1.038923,-14.46621,4.53755,4.615182
140.16,-74.22693,5,-1.244465,-2.164296,-1.420603,-15.42261,4.60503,4.63304
140.18,-65.61914,5,-1.249318,-2.17336,0.02977964,-14.19405,4.67251,4.685256
140.2,-83.9491,5,-1.274579,-2.170889,-1.848083,-12.45616,4.60503,4.668767
140.22,-81.49841,5,-1.268863,-2.15679,0.6251997,-13.17729,4.60503,4.663866
140.24,-92.04553,5,-1.263652,-2.162251,0.1061156,-13.44659,4.53755,4.621703
140.26,-73.90417,5,-1.296096,-2.177969,-0.2755641,-14.55286,4.60503,4.639965
140.28,-77.13611,5,-1.281326,-2.185571,0.4267263,-13.50257,4.60503,4.653427
140.3,-78.19275,5,-1.320108,-2.189136,-2.764114,-13.00569,4.60503,4.657074
140.32,-78.776,5,-1.313544,-2.183143,1.022146,-12.806,4.60503,4.661924
140.34,-78.94653,5,-1.323101,-2.179502,-0.6725109,-12.69982,4.60503,4.6641
140.36,-79.13184,5,-1.319443,-2.174658,0.5641309,-12.65853,4.60503,4.666777
140.38,-79.54785,5,-1.310294,-2.168628,-0.01602192,-12.68063,4.60503,4.670008
140.4,-80.04529,5,-1.302827,-2.163606,0.304589,-12.76282,4.60503,4.672659
140.42,-80.06323,5,-1.314526,-2.165548,-0.07709067,-12.82842,4.60503,4.672264
140.44,-80.05066,5,-1.316228,-2.16842,0.2129859,-12.86869,4.60503,4.672544
140.46,-80.49329,5,-1.305199,-2.168077,-0.2755641,-12.93263,4.60503,4.674884
140.48,-81.13354,5,-1.297523,-2.167554,-0.0007547362,-13.04738,4.60503,4.677001
140.5,-81.34937,5,-1.30736,-2.172735,-0.03128911,-13.15664,4.60503,4.676338
140.52,-81.37158,5,-1.313886,-2.180081,-0.1228922,-13.23063,4.60503,4.675496
140.54,-81.3739,5,-1.321739,-2.188473,0.1519171,-13.25731,4.60503,4.674817
140.56,-81.64392,5,-1.320223,-2.194236,-0.07709067,-13.28248,4.60503,4.675652
140.58,-81.80469,5,-1.329846,-2.201673,-0.03128911,-13.29601,4.60503,4.675393
140.6,-82.02051,5,-1.331885,-2.207752,0.04504682,-13.31639,4.60503,4.675836
140.62,-82.53333,5,-1.32509,-2.210727,-0.0007547362,-13.37688,4.60503,4.677589
140.64,-83.11755,5,-1.321612,-2.213603,0.01451245,-13.48288,4.60503,4.678908
140.66,-83.46753,5,-1.326109,-2.219377,0.02977964,-13.5993,4.60503,4.678735
140.68,-83.76575,5,-1.32693,-2.225893,0.01451245,-13.71148,4.60503,4.678644
140.7,-84.06628,5,-1.329148,-2.233188,0.02977964,-13.81104,4.60503,4.678495
140.72,-84.62561,5,-1.321671,-2.238155,-0.0007547362,-13.9355,4.60503,4.679614
140.74,-85.07678,5,-1.325001,-2.245313,0.06031401,-14.06616,4.60503,4.679465
140.76,-96.83655,5,-1.333365,-2.26314,0.01451245,-14.19818,4.53755,4.637627
140.78,-80.31396,5,-1.326102,-2.275628,0.01451245,-15.47464,4.60503,4.660659
140.8,-83.94397,5,-1.335264,-2.292693,-1.145793,-14.6229,4.60503,4.670448
140.82,-96.81482,5,-1.36422,-2.311353,-0.2602969,-14.35905,4.53755,4.631846
140.84,-80.72632,5,-1.354315,-2.318718,-0.1534266,-15.4947,4.60503,4.657493
140.86,-84.11182,5,-1.378954,-2.334916,-0.9473198,-14.5402,4.60503,4.666644
140.88,-84.81653,5,-1.421248,-2.346647,-1.466404,-14.11173,4.60503,4.6675
140.9,-85.87561,5,-1.392052,-2.340536,-0.01602192,-13.99983,4.60503,4.674206
140.92,-86.19507,5,-1.413256,-2.342196,-0.4282355,-13.96198,4.60503,4.674686
140.94,-86.45483,5,-1.407374,-2.34151,-0.2908313,-13.98987,4.60503,4.676473
140.96,-86.95374,5,-1.398893,-2.339668,-0.06182348,-14.06429,4.60503,4.678871
140.98,-87.57239,5,-1.390437,-2.338135,-0.06182348,-14.19406,4.60503,4.680982
141,-99.58557,5,-1.389678,-2.347877,0.1824515,-14.3721,4.53755,4.640968
141.02,-83.03625,5,-1.384456,-2.356578,0.07558119,-15.69678,4.60503,4.663905
141.04,-98.07703,5,-1.393953,-2.379807,-0.9931214,-14.8976,4.53755,4.632722
141.06,-93.78943,5,-1.423929,-2.40355,-0.9778546,-15.79062,4.53755,4.616117
141.08,-81.10803,5,-1.406995,-2.415618,-0.1534266,-15.98237,4.60503,4.653381
141.1,-84.65332,5,-1.494512,-2.44171,-3.237398,-14.53667,4.60503,4.660596
141.12,-97.74939,5,-1.491881,-2.447726,0.04504682,-13.97591,4.53755,4.628222
141.14,-81.38977,5,-1.503782,-2.448355,-1.298465,-14.86104,4.60503,4.654851
141.16,-73.44141,5,-1.504487,-2.441061,-0.4740371,-13.76608,4.67251,4.709505
141.18,-91.92529,5,-1.519203,-2.42759,-0.04655629,-12.21716,4.60503,4.693779
141.2,-89.47754,5,-1.506657,-2.407393,0.4114593,-13.10086,4.60503,4.688782
141.22,-88.9303,5,-1.477376,-2.39679,0.3503905,-13.53399,4.60503,4.689305
141.24,-100.7725,5,-1.462329,-2.399913,0.7168028,-13.84136,4.53755,4.64993
141.26,-84.13135,5,-1.457332,-2.406124,0.1671843,-15.23276,4.60503,4.67249
141.28,-76.22168,5,-1.454872,-2.409443,-0.3519,-14.45815,4.67251,4.72363
141.3,-105.5316,5,-1.504604,-2.425794,-1.710679,-13.03508,4.53755,4.659793
141.32,-85.98157,5,-1.4836,-2.424211,0.4267263,-15.10074,4.60503,4.675529
141.34,-87.79578,5,-1.504766,-2.443754,-1.573274,-14.42038,4.60503,4.679818
141.36,-86.93372,5,-1.584603,-2.470351,-3.161061,-13.88638,4.60503,4.674048
141.38,-87.23779,5,-1.555895,-2.470437,0.6862684,-13.54391,4.60503,4.680209
141.4,-87.4165,5,-1.578744,-2.472128,-0.7030448,-13.27078,4.60503,4.682213
141.42,-99.51453,5,-1.563841,-2.473054,0.04504682,-13.18351,4.53755,4.646384
141.44,-83.0249,5,-1.560689,-2.472399,-0.03128911,-14.33175,4.60503,4.671903
141.46,-86.94446,5,-1.548218,-2.472635,0.04504682,-13.4686,4.60503,4.685863
141.48,-88.79517,5,-1.555665,-2.466426,0.02977964,-13.2716,4.60503,4.69187
141.5,-89.87122,5,-1.542529,-2.45798,-0.2450293,-13.37396,4.60503,4.696015
141.52,-90.29834,5,-1.545512,-2.456304,0.2587874,-13.54134,4.60503,4.696576
141.54,-90.27417,5,-1.553252,-2.460569,0.02977964,-13.67026,4.60503,4.695442
141.56,-90.64478,5,-1.54097,-2.462139,-0.04655629,-13.79637,4.60503,4.696879
141.58,-91.12,5,-1.538984,-2.465347,-0.06182348,-13.92616,4.60503,4.697623
141.6,-102.8872,5,-1.546431,-2.480303,0.09084838,-14.06245,4.53755,4.656131
141.62,-97.84106,5,-1.540278,-2.499164,-0.06182348,-15.36335,4.53755,4.6384
141.64,-73.3844,5,-1.526546,-2.506598,-0.09235785,-15.71251,4.67251,4.713949
141.66,-95.47546,5,-1.548422,-2.513741,-0.596175,-13.43194,4.60503,4.705486
141.68,-94.56445,5,-1.550698,-2.504523,0.3961921,-14.15249,4.60503,4.701707
141.7,-83.53442,5,-1.507044,-2.488762,1.938177,-14.66029,4.67251,4.744595
141.72,-100.1108,5,-1.544607,-2.497535,-1.328999,-13.78392,4.60503,4.71604
141.74,-96.91077,5,-1.528459,-2.499331,0.3961921,-14.93582,4.60503,4.704897
141.76,-107.2107,5,-1.53018,-2.5233,0.01451245,-15.39489,4.53755,4.657939
141.78,-89.33118,5,-1.557637,-2.552787,-1.451137,-16.6228,4.60503,4.674217
141.8,-92.92676,5,-1.544505,-2.572444,0.3503905,-15.67785,4.60503,4.685808
141.82,-93.96838,5,-1.597526,-2.590182,-2.687778,-15.24259,4.60503,4.686
141.84,-94.83862,5,-1.583034,-2.592435,1.052681,-15.11193,4.60503,4.690215
141.86,-94.87146,5,-1.611838,-2.601161,-0.5809073,-15.01774,4.60503,4.689059
141.88,-95.07556,5,-1.606282,-2.604021,0.1824515,-14.97888,4.60503,4.690745
141.9,-95.37646,5,-1.608678,-2.606434,0.4114593,-14.96699,4.60503,4.6921
141.92,-95.41028,5,-1.619934,-2.611478,0.01451245,-14.95265,4.60503,4.691917
141.94,-84.21985,5,-1.610665,-2.604273,-0.03128911,-14.95403,4.67251,4.734674
141.96,-101.312,5,-1.623718,-2.60367,0.04504682,-13.80829,4.60503,4.712043
141.98,-97.42627,5,-1.651542,-2.607803,-0.2450293,-14.68318,4.60503,4.698495
142,-96.75745,5,-1.60498,-2.606605,1.205353,-15.02563,4.60503,4.699429
142.02,-107.8965,5,-1.633391,-2.626556,-0.550373,-15.11505,4.53755,4.655352
142.04,-91.44983,5,-1.607592,-2.633794,-0.3519,-16.36238,4.60503,4.680564
142.06,-106.6967,5,-1.61981,-2.655852,-0.1228922,-15.5132,4.53755,4.650186
142.08,-90.4541,5,-1.667914,-2.675301,-2.03129,-16.30702,4.60503,4.67219
142.1,-94.92419,5,-1.633612,-2.677459,1.205353,-15.31035,4.60503,4.689336
142.12,-97.41638,5,-1.638531,-2.670649,-0.9167854,-15.09055,4.60503,4.697127
142.14,-110.6262,5,-1.615885,-2.667649,0.7473372,-15.30117,4.53755,4.662
142.16,-94.30371,5,-1.619019,-2.672229,0.2129859,-16.73979,4.60503,4.684344
142.18,-97.83057,5,-1.620262,-2.684473,-0.03128911,-16.04139,4.60503,4.69371
142.2,-109.9698,5,-1.671792,-2.708359,-2.51984,-15.7914,4.53755,4.651327
142.22,-93.53784,5,-1.656284,-2.716798,0.6251997,-16.88067,4.60503,4.676815
142.24,-96.57104,5,-1.692734,-2.735814,-0.7946484,-15.82024,4.60503,4.684948
142.26,-98.17871,5,-1.692285,-2.735529,-1.680145,-15.43056,4.60503,4.691659
142.28,-99.55542,5,-1.674763,-2.726607,1.159551,-15.39608,4.60503,4.697962
142.3,-100.1189,5,-1.682766,-2.724286,-0.183961,-15.48631,4.60503,4.699122
142.32,-100.5421,5,-1.673677,-2.722435,0.4572606,-15.63478,4.60503,4.700622
142.34,-100.5212,5,-1.686686,-2.727816,-0.1686933,-15.73308,4.60503,4.699321
142.36,-100.4866,5,-1.690176,-2.733954,-0.04655629,-15.78573,4.60503,4.698842
142.38,-100.7753,5,-1.686229,-2.737904,-0.2602969,-15.83223,4.60503,4.699903
142.4,-101.114,5,-1.688085,-2.742359,-0.183961,-15.8879,4.60503,4.700516
142.42,-112.8076,5,-1.696598,-2.757078,-0.04655629,-15.95738,4.53755,4.659374
142.44,-95.94861,5,-1.699629,-2.769206,-0.2602969,-17.14979,4.60503,4.681671
142.46,-110.8137,5,-1.711943,-2.792973,-1.603809,-16.2217,4.53755,4.65083
142.48,-95.40466,5,-1.722616,-2.801576,0.2282531,-17.05124,4.60503,4.678224
142.5,-98.79236,5,-1.753664,-2.816254,-1.603809,-15.94068,4.60503,4.688111
142.52,-111.976,5,-1.756905,-2.821673,1.159551,-15.56587,4.53755,4.654319
142.54,-95.81287,5,-1.757231,-2.821733,-0.2602969,-16.62283,4.60503,4.680682
142.56,-110.9119,5,-1.765185,-2.834936,-1.038923,-15.68835,4.53755,4.651917
142.58,-95.17053,5,-1.78546,-2.839243,0.9763447,-16.50286,4.60503,4.678638
142.6,-98.45569,5,-1.806546,-2.847527,-1.420603,-15.38081,4.60503,4.689893
142.62,-100.5657,5,-1.787768,-2.834407,0.5030622,-15.03623,4.60503,4.700181
142.64,-112.8763,5,-1.800814,-2.834619,-0.5809073,-15.0025,4.53755,4.662521
142.66,-96.08582,5,-1.798584,-2.834625,-0.09235785,-16.20421,4.60503,4.686644
142.68,-98.88464,5,-1.822652,-2.845723,-0.8557167,-15.22167,4.60503,4.695462
142.7,-89.09924,5,-1.808098,-2.82927,0.5488637,-14.88096,4.67251,4.744625
142.72,-107.0686,5,-1.80818,-2.815315,-0.596175,-13.69395,4.60503,4.726485
142.74,-116.3009,5,-1.784253,-2.804761,1.006879,-14.82988,4.53755,4.679843
142.76,-97.81458,5,-1.79647,-2.816264,-0.9167854,-16.44399,4.60503,4.695602
142.78,-100.4087,5,-1.798844,-2.833396,-0.4129688,-15.63764,4.60503,4.703398
142.8,-100.9886,5,-1.840485,-2.847031,-1.206862,-15.22941,4.60503,4.703729
142.82,-101.6537,5,-1.827007,-2.846683,0.3503905,-15.06524,4.60503,4.708107
142.84,-101.7472,5,-1.848084,-2.850729,-0.2908313,-14.95333,4.60503,4.708262
142.86,-101.5757,5,-1.857911,-2.854488,-0.4129688,-14.85583,4.60503,4.708442
142.88,-113.0793,5,-1.862402,-2.864475,-0.07709067,-14.78421,4.53755,4.668899
142.9,-96.15137,5,-1.865239,-2.870913,-0.2755641,-15.86293,4.60503,4.692671
142.92,-99.53442,5,-1.870333,-2.879037,-0.9473198,-14.85018,4.60503,4.704503
142.94,-112.1034,5,-1.90318,-2.889871,-0.6419765,-14.43871,4.53755,4.667094
142.96,-96.19019,5,-1.874681,-2.884084,0.3351234,-15.50642,4.60503,4.696424
142.98,-100.1569,5,-1.877161,-2.884601,-0.2755641,-14.59756,4.60503,4.709778
143,-101.8188,5,-1.887178,-2.878512,0.304589,-14.36593,4.60503,4.715301
143.02,-102.0487,5,-1.902536,-2.877117,-0.5045714,-14.32899,4.60503,4.71595
143.04,-102.2789,5,-1.893556,-2.873404,0.1061156,-14.35811,4.60503,4.71817
143.06,-113.967,5,-1.897733,-2.880908,-0.06182348,-14.41196,4.53755,4.678339
143.08,-96.89587,5,-1.905083,-2.88911,-0.1228922,-15.57727,4.60503,4.700539
143.1,-100.3292,5,-1.902971,-2.897578,-0.3519,-14.63212,4.60503,4.712354
143.12,-113.3951,5,-1.919267,-2.905292,0.1977187,-14.32726,4.53755,4.676622
143.14,-108.9729,5,-1.905475,-2.911815,-0.2908313,-15.49201,4.53755,4.663018
143.16,-96.17859,5,-1.892515,-2.917758,0.07558119,-15.83471,4.60503,4.699384
143.18,-101.1768,5,-1.910811,-2.922924,-1.084725,-14.71151,4.60503,4.714112
143.2,-103.5624,5,-1.906695,-2.913914,0.2282531,-14.4916,4.60503,4.72214
143.22,-104.4706,5,-1.910706,-2.908664,-0.2755641,-14.57501,4.60503,4.724427
143.24,-105.1929,5,-1.893745,-2.903022,0.4267263,-14.78048,4.60503,4.726964
143.26,-105.2162,5,-1.908884,-2.907754,-0.07709067,-14.93953,4.60503,4.725085
143.28,-105.5336,5,-1.895856,-2.909906,0.1519171,-15.093,4.60503,4.726008
143.3,-117.2354,5,-1.905598,-2.925002,0.1366499,-15.22101,4.53755,4.684265
143.32,-100.5208,5,-1.901713,-2.936405,-0.06182348,-16.47672,4.60503,4.706782
143.34,-104.2268,5,-1.901228,-2.949462,-0.4740371,-15.6238,4.60503,4.717723
143.36,-115.7988,5,-1.982943,-2.979995,-2.886252,-15.18712,4.53755,4.672626
143.38,-99.21057,5,-1.958073,-2.986441,0.7778715,-16.12628,4.60503,4.699689
143.4,-102.6006,5,-1.98203,-2.99818,-1.313733,-14.99208,4.60503,4.710863
143.42,-115.5316,5,-1.998287,-3.004889,-1.328999,-14.55721,4.53755,4.675866
143.44,-99.59631,5,-1.980676,-2.999517,0.3809245,-15.60906,4.60503,4.704494
143.46,-103.4072,5,-1.984649,-3.000359,-0.183961,-14.68211,4.60503,4.71744
143.48,-104.8767,5,-1.998845,-2.995123,-0.9473198,-14.40825,4.60503,4.722506
143.5,-105.8184,5,-1.982232,-2.984598,0.8084057,-14.43207,4.60503,4.727413
143.52,-117.8092,5,-1.983712,-2.987647,0.04504682,-14.56331,4.53755,4.68824
143.54,-101.1769,5,-1.974435,-2.989899,0.1671843,-15.86676,4.60503,4.712056
143.56,-104.7072,5,-1.975769,-2.998149,-0.2450293,-15.04604,4.60503,4.722866
143.58,-104.5874,5,-2.053649,-3.016693,-3.298465,-14.59941,4.60503,4.71879
143.6,-116.3079,5,-2.034631,-3.024247,0.6251997,-14.38189,4.53755,4.682364
143.62,-99.0791,5,-2.062366,-3.034001,-1.023656,-15.3012,4.60503,4.704741
143.64,-102.7086,5,-2.047325,-3.035772,0.1061156,-14.21994,4.60503,4.719613
143.66,-104.3339,5,-2.064106,-3.029357,-0.3519,-13.81662,4.60503,4.726101
143.68,-105.2921,5,-2.050703,-3.017083,0.01451245,-13.75914,4.60503,4.7316
143.7,-106.1519,5,-2.033395,-3.004576,0.4877952,-13.87607,4.60503,4.736045
143.72,-106.7965,5,-2.022593,-2.996352,0.02977964,-14.07697,4.60503,4.738407
143.74,-107.3502,5,-2.010671,-2.991703,0.3656577,-14.31621,4.60503,4.739898
143.76,-107.9347,5,-1.998773,-2.989969,1.083215,-14.57232,4.60503,4.740965
143.78,-119.5471,5,-2.010999,-3.005064,-0.3213652,-14.78677,4.53755,4.698069
143.8,-102.9672,5,-1.996637,-3.014799,0.1977187,-16.12628,4.60503,4.721065
143.82,-95.00696,5,-2.004106,-3.022535,-0.2297625,-15.29061,4.67251,4.7712
143.84,-112.9109,5,-2.046423,-3.030792,-2.611443,-13.82231,4.60503,4.748749
143.86,-109.7971,5,-2.05301,-3.030801,0.7320697,-14.63897,4.60503,4.738805
143.88,-119.9639,5,-2.054087,-3.048028,-0.1381594,-14.88496,4.53755,4.693876
143.9,-114.2346,5,-2.052806,-3.06947,0.2740546,-16.07868,4.53755,4.675013
143.92,-100.7849,5,-2.051547,-3.087391,0.01451245,-16.26963,4.60503,4.708978
143.94,-116.9069,5,-2.083901,-3.10913,-1.893885,-14.9579,4.53755,4.681799
143.96,-101.1307,5,-2.122806,-3.119494,-0.8099151,-15.56421,4.60503,4.707673
143.98,-105.7839,5,-2.087534,-3.112946,0.7015356,-14.49215,4.60503,4.726784
144,-107.6139,5,-2.115229,-3.105523,-0.3366328,-14.16174,4.60503,4.732446
144.02,-62.24048,-5,-2.108415,-3.09569,-0.1381594,-14.1509,4.60503,4.736176
144.04,-58.47412,-5,-2.125891,-3.04455,-0.107625,-9.454115,4.60503,4.736411
144.06,-53.26575,-5,-2.115641,-2.924332,0.3351234,-5.952257,4.60503,4.737864
144.08,-51.12671,-5,-1.906862,-2.720285,10.76261,-3.758329,4.60503,4.760085
144.1,-50.56677,-5,-1.688923,-2.483141,12.85421,-2.7684,4.60503,4.781265
144.12,-4.433105,-5,-1.42722,-2.200906,13.49543,-2.782813,4.87495,4.962011
144.14,-71.27686,-5,-1.214094,-1.950072,11.00688,1.096352,4.60503,4.877476
144.16,-66.48608,-5,-1.038548,-1.734621,8.136653,-3.654037,4.53755,4.786616
144.18,-44.04175,-5,-0.6645497,-1.53791,23.12902,-7.494143,4.60503,4.799881
144.2,-45.6582,-5,-0.4361147,-1.379923,7.113751,-8.499625,4.60503,4.798869
144.22,-27.22961,-5,-0.5152773,-1.30255,-1.787015,-9.000354,4.67251,4.793854
144.24,-35.37341,-5,-0.4711666,-1.232472,2.41146,-7.607647,4.60503,4.735808
144.26,-34.77649,-5,-0.4677813,-1.16987,1.571765,-7.504205,4.53755,4.65361
144.28,1.554688,-5,-0.3613474,-1.069446,6.823675,-7.637907,4.67251,4.698947
144.3,-13.84961,-5,-0.2463354,-0.9443341,5.190087,-4.427009,4.60503,4.680281
144.32,-5.37854,-5,-0.2370756,-0.8164345,2.182452,-3.844042,4.60503,4.656544
144.34,9.775757,-5,0.0133487,-0.6296319,14.06032,-3.372791,4.67251,4.703333
144.36,-6.26001,-5,0.2272668,-0.4307755,10.35039,-2.231676,4.60503,4.688509
144.38,-1.257385,-5,0.4022901,-0.2418672,9.510698,-3.64134,4.60503,4.675589
144.4,-9.913025,-5,0.6292615,-0.07320353,12.19772,-4.814418,4.53755,4.62834
144.42,10.35034,-5,0.7781153,0.06901443,6.655736,-6.899553,4.60503,4.635918
144.44,1.137634,-5,0.8458412,0.1647103,3.999247,-6.44635,4.53755,4.579516
144.46,10.12335,-5,0.972351,0.2697754,7.403828,-7.466619,4.53755,4.548437
144.48,28.69391,-5,1.045535,0.3670439,3.648101,-7.415715,4.60503,4.562771
144.5,41.81213,-5,1.087024,0.4730892,3.358025,-5.582469,4.67251,4.596742
144.52,27.99176,-5,1.198932,0.6099517,7.892378,-3.408909,4.60503,4.569817
144.54,32.05524,-5,1.430884,0.7924703,12.5794,-4.107728,4.60503,4.567902
144.56,34.73187,-5,1.601984,0.9588178,9.037416,-4.692366,4.60503,4.561708
144.58,25.82013,-5,1.773216,1.106951,9.800775,-5.370532,4.53755,4.512391
144.6,47.40442,-5,1.864895,1.227463,5.251155,-6.961506,4.60503,4.51478
144.62,49.87061,-5,1.948891,1.330762,4.777873,-6.077096,4.60503,4.503482
144.64,100.539,-5,2.025284,1.473672,5.129018,-5.361431,4.87495,4.651359
144.66,82.91974,-5,2.148048,1.655906,6.350392,-0.1484051,4.87495,4.715345
144.68,97.72418,-5,2.416117,1.931215,19.26643,0.7023714,5.009911,4.83725
144.7,54.71494,-5,2.891819,2.252222,22.16719,1.142458,4.87495,4.836657
144.72,56.31041,-5,3.181074,2.514376,15.43436,-3.848561,4.87495,4.821837
144.74,59.57707,-5,3.396879,2.67576,10.10612,-7.679557,4.87495,4.79069
144.76,137.9474,-5,3.369074,2.771223,0.2893218,-9.606585,5.27983,4.974423
144.78,116.7963,-5,3.325984,2.857252,-0.6725109,-2.796282,5.27983,5.026828
144.8,-64.24117,-5,3.514448,2.933204,12.83895,-1.417957,4.267631,4.448047
144.82,10.2046,-5,3.906873,2.987234,18.3962,-20.06248,4.267631,4.207453
144.84,105.7869,-5,3.773489,2.827829,-8.58091,-24.24485,4.60503,4.251153
144.86,112.2941,-5,3.146094,2.575063,-38.21451,-15.21649,4.60503,4.191224
144.88,-42.65872,-5,2.674718,2.315714,-5.848084,-7.340657,3.592831,3.527465
144.9,40.53709,-5,3.052948,2.27976,18.88475,-18.99012,3.592831,3.315389
144.92,130.0093,-5,3.091124,2.227221,-4.382436,-18.22187,3.93023,3.4396
144.94,186.792,-5,2.548321,2.177342,-28.91679,-6.67123,4.267631,3.645632
144.96,146.9993,-5,2.760443,2.422123,11.52597,6.005558,4.20015,3.759523
144.98,140.902,-5,3.336392,2.910964,30.76262,8.509502,4.267631,3.927763
145,100.8158,-5,4.18552,3.489328,41.00689,6.718163,4.20015,4.031203
145.02,87.91226,-5,4.726727,3.952688,26.82368,-0.292556,4.20015,4.072149
145.04,97.18353,-5,5.007264,4.223272,12.16719,-7.114892,4.267631,4.087915
145.06,161.0791,-5,4.890611,4.313499,-4.90152,-10.14073,4.60503,4.221323
145.08,-36.10852,-5,4.73308,4.209506,-7.695413,-5.539099,3.525351,3.580775
145.1,55.20941,-5,4.614655,4.042132,-0.5351062,-21.96656,3.525351,3.264341
145.12,168.4282,-5,4.523787,3.813002,-5.832818,-23.09518,3.93023,3.356776
145.14,223.545,-5,3.988817,3.641056,-34.48931,-10.45101,4.267631,3.558134
145.16,33.95477,-5,3.572694,3.53497,-10.80992,4.53654,3.25543,3.026703
145.18,100.5756,-5,4.073771,3.703548,25.60231,-6.31986,3.25543,2.885001
145.2,175.6771,-5,4.51746,3.890596,15.67864,-8.062021,3.592831,3.076335
145.22,222.2528,-5,4.194017,4.001581,-15.87862,-0.3620479,3.93023,3.309221
145.24,194.1818,-5,4.324335,4.26518,11.87711,9.035398,3.93023,3.434002
145.26,3.582825,-5,4.775597,4.562986,23.05269,10.56416,2.918031,2.927275
145.28,52.13342,-5,5.603498,4.865646,41.02216,-10.42777,2.850551,2.723572
145.3,135.4717,-5,5.955841,4.940043,13.12902,-20.41853,3.18795,2.81733
145.32,-41.63452,-5,5.552925,4.676094,-25.74122,-17.619,2.175751,2.156702
145.34,199.611,-5,4.879692,4.335525,-32.10764,-31.04994,2.985511,2.255703
145.36,-5.109436,-5,4.890496,4.003654,-4.168695,-15.98171,1.90583,1.690162
145.38,196.6693,-5,4.405218,3.813932,-30.01603,-24.77258,2.58063,1.815161
145.4,5.507446,-5,3.964759,3.493924,-3.695412,-9.067001,1.500951,1.20502
145.42,165.8492,-5,3.695442,3.370396,-14.00076,-16.8632,1.90583,1.194867
145.44,47.88574,-5,4.00841,3.337524,12.59467,-7.059559,1.23103,0.872609
145.46,161.7678,-5,3.756068,3.357493,-15.1916,-11.4472,1.568431,0.9239558
145.48,211.1041,-5,4.06887,3.541785,11.63284,-3.711416,1.90583,1.215117
145.5,65.99622,-5,4.008065,3.72119,-4.993123,6.385939,1.23103,0.9405522
145.52,-79.12305,-5,4.336464,3.85031,25.57177,-3.038525,0.15135,0.2050471
145.54,82.86877,-5,4.973748,3.934168,27.72445,-25.84605,0.5562305,0.1780765
145.56,150.3446,-5,4.785136,3.78138,-12.1687,-23.76366,0.89363,0.3202589
145.58,18.24194,-5,4.066707,3.482714,-37.97023,-13.41925,0.15135,-0.1444001
145.6,171.3684,-5,3.650396,3.299867,-10.80992,-18.29758,0.6237106,-0.08469082
145.62,31.03687,-5,3.886287,3.229193,11.63284,-7.085203,-0.1185694,-0.4266462
145.64,133.1309,-5,3.673282,3.227159,-12.85572,-12.97477,0.15135,-0.4202083
145.66,11.81226,-5,4.049584,3.262085,14.79314,-8.028519,-0.5234499,-0.7544765
145.68,132.8213,-5,3.999876,3.309637,-3.252664,-16.64532,-0.1185694,-0.6650054
145.7,12.69214,-5,3.834505,3.196127,-0.09235785,-9.770419,-0.7933693,-1.048236
145.72,138.5365,-5,3.741515,3.16805,-5.771749,-16.8508,-0.3884897,-0.970697
145.74,181.8214,-5,3.539963,3.135513,-7.741216,-7.995188,-0.1185694,-0.7797211
145.76,56.63245,-5,3.477695,3.196033,-3.008389,2.243615,-0.7258892,-1.037819
145.78,135.3497,-5,3.420465,3.31007,0.9916119,-3.302733,-0.5234499,-1.025577
145.8,-31.7489,-5,3.858849,3.390226,30.33513,-0.7952647,-1.46817,-1.523198
145.82,151.4838,-5,4.10249,3.510142,6.47253,-16.53476,-0.7933693,-1.318194
145.84,-32.44067,-5,3.983785,3.363755,-5.069459,-8.355597,-1.738089,-1.822399
145.86,74.70227,-5,4.26825,3.366856,15.48017,-22.36848,-1.46817,-1.844195
145.88,207.8344,-5,4.135643,3.306687,-5.787016,-20.06615,-0.7258892,-1.432546
145.9,55.41174,-5,3.744544,3.221107,-23.97023,-4.013959,-1.33321,-1.651732
145.92,-38.99963,-5,3.700155,3.188566,3.922911,-8.903382,-2.075489,-2.185692
145.94,85.3689,-5,4.086912,3.190593,13.12902,-22.79925,-1.738089,-2.169236
145.96,-25.5304,-5,3.815476,2.941168,-17.90916,-18.73429,-2.412889,-2.605084
145.98,172.4116,-5,3.229425,2.693202,-36.47405,-24.96659,-1.670609,-2.408344
146,17.36462,-5,2.691234,2.367659,-22.87099,-7.551846,-2.48037,-2.827376
146.02,-14.77173,-5,2.544567,2.207946,-9.329001,-11.36399,-3.02021,-3.295681
146.04,88.61694,-5,2.934243,2.192661,15.25116,-18.27986,-2.75029,-3.250362
146.06,156.5653,-5,2.838288,2.195864,-4.214497,-11.89795,-2.345409,-2.97581
146.08,3.833252,-5,2.470417,2.157537,-23.0084,0.1693509,-3.08769,-3.322098
146.1,123.3969,-5,2.102703,2.144672,-2.51984,-5.853138,-2.75029,-3.29566
146.12,103.9879,-5,2.948345,2.394466,36.01452,-0.5654397,-2.75029,-3.139888
146.14,-35.87341,-5,3.3712,2.652218,11.54123,-0.6922398,-3.425089,-3.43022
146.16,67.30347,-5,3.419991,2.76366,8.090851,-14.90856,-3.08769,-3.390165
146.18,-108.5887,-5,3.825889,2.712641,13.00688,-15.60089,-4.03241,-3.91276
146.2,21.66553,-5,3.684509,2.536839,-8.855719,-33.2199,-3.695009,-3.98684
146.22,92.05994,-5,3.316149,2.212029,-24.1687,-30.34827,-3.357609,-3.867714
146.24,-33.34534,-5,2.707128,1.851089,-34.45878,-19.56176,-4.03241,-4.266337
146.26,-67.61841,-5,1.888601,1.394803,-40.19924,-22.54022,-4.639729,-4.870168
146.28,66.91833,-5,1.482482,0.9835669,4.991613,-26.44194,-4.36981,-4.961679
146.3,128.5411,-5,1.66393,0.8805265,5.556499,-15.88861,-4.03241,-4.692451
146.32,-65.68921,-5,1.541819,0.875048,-14.90152,-2.615129,-4.977129,-5.101804
146.34,61.17908,-5,1.251816,0.8884896,-17.60382,-12.29681,-4.639729,-5.094134
146.36,-110.5634,-5,1.350338,0.782276,13.43437,-6.536622,-5.65193,-5.657078
146.38,191.5558,-5,1.699687,0.9380041,16.02979,-20.70747,-4.30233,-5.024555
146.4,-48.77405,-5,1.519006,0.904561,-8.336635,0.7089362,-5.247049,-5.322849
146.42,-7.037964,-5,1.133646,0.8967468,-24.15343,-8.110093,-5.314529,-5.53092
146.44,90.79541,-5,0.833249,0.7723349,-10.24503,-8.52414,-4.977129,-5.439958
146.46,79.20068,-5,0.8478861,0.7790584,-2.916786,1.063524,-4.977129,-5.351215
146.48,68.6709,-5,0.9542387,0.9488391,3.144284,5.895766,-4.977129,-5.264201
146.5,207.094,-5,1.708859,1.442716,38.82369,5.85381,-4.03241,-4.551288
146.52,105.0662,-5,2.306258,2.014529,28.19773,17.78275,-4.03241,-4.188775
146.54,53.7373,-5,2.841262,2.60138,29.72445,13.54489,-4.03241,-4.023661
146.56,15.50513,-5,3.886125,3.148491,49.87712,2.020819,-4.03241,-3.903686
146.58,-161.1774,-5,4.502987,3.346357,28.86948,-11.90479,-4.909649,-4.408885
146.6,-261.6998,-5,4.657619,3.050797,3.587033,-39.87406,-5.85437,-5.288206
146.62,-108.042,-5,4.066466,2.238018,-32.9168,-66.48806,-5.65193,-5.700482
146.64,-165.3135,-5,2.880647,1.045054,-62.76413,-64.88446,-6.326729,-6.424092
146.66,-6.019775,-5,1.553183,-0.05581526,-72.85574,-65.06573,-5.989328,-6.620755
146.68,147.3777,-5,0.144886,-0.9312682,-72.93208,-44.11792,-5.314529,-6.346882
146.7,-31.28149,-5,-1.226392,-1.542174,-70.642,-10.49809,-6.259249,-6.803942
146.72,111.8326,-5,-2.116061,-1.752274,-22.65725,-3.098655,-5.92185,-6.762169
146.74,92.08472,-5,-1.585026,-1.486729,23.26643,14.54733,-5.989328,-6.578267
146.76,28.16736,-5,-1.143758,-0.9640657,28.4878,22.72785,-6.259249,-6.530917
146.78,11.6438,-5,0.1245808,-0.1940492,63.17484,17.48722,-6.259249,-6.33685
146.8,140.1826,-5,1.221428,0.6231306,54.04507,9.058027,-5.314529,-5.597271
146.82,38.66455,-5,1.85686,1.276284,31.4191,14.31939,-5.314529,-5.272269
146.84,5.743286,-5,2.297562,1.795947,19.17482,6.058378,-5.247049,-5.12416
146.86,-25.41553,-5,2.547945,2.02627,12.94581,-3.615019,-5.314529,-5.159968
146.88,-30.27136,-5,2.925095,2.098945,17.4191,-14.46548,-5.314529,-5.19764
146.9,-30.8479,-5,2.939186,1.972295,-0.519839,-22.22714,-5.314529,-5.270087
146.92,-185.3719,-5,2.652982,1.574194,-15.02366,-26.86091,-6.259249,-5.942107
146.94,-96.60278,-5,2.242815,1.020109,-23.77176,-44.18325,-6.259249,-6.303014
146.96,-1.527344,-5,1.589263,0.3407291,-34.94733,-44.39501,-5.989328,-6.358872
146.98,21.2113,-5,0.7367505,-0.2489168,-46.51986,-32.07503,-5.92185,-6.383827
147,84.88379,-5,-0.2850407,-0.6734192,-56.61146,-18.09679,-5.65193,-6.276191
147.02,101.7855,-5,-1.219585,-0.9269843,-48.80993,0.7878336,-5.58445,-6.206479
147.04,24.03662,-5,-1.080374,-0.7886519,24.71681,14.41612,-5.989328,-6.295447
147.06,-32.24561,-5,-0.1375864,-0.3223563,42.31987,12.33422,-6.326729,-6.363969
147.08,143.3569,-5,0.7629171,0.278617,49.8924,2.669932,-5.314529,-5.688291
147.1,-12.53723,-5,1.931253,0.9344552,49.22064,9.963348,-5.58445,-5.450955
147.12,-62.12891,-5,2.565267,1.477898,28.93055,-3.160501,-5.65193,-5.401263
147.14,-65.80054,-5,2.664892,1.604106,3.464895,-17.2043,-5.65193,-5.477626
147.16,-40.11279,-5,2.352395,1.385891,-16.53511,-25.81638,-5.58445,-5.580974
147.18,-34.18152,-5,1.798651,0.9723743,-32.85572,-27.11509,-5.65193,-5.756312
147.2,52.91467,-5,1.10055,0.5399473,-38.74886,-24.92462,-5.314529,-5.696891
147.22,55.65125,-5,0.2720107,0.1376031,-41.77176,-11.89773,-5.314529,-5.721061
147.24,74.29883,-5,-0.5386334,-0.1412042,-15.45114,-0.2564776,-5.314529,-5.759003
147.26,0.7585449,-5,0.3374737,0.08380972,37.25117,6.265202,-5.65193,-5.783607
147.28,-70.4906,-5,1.353233,0.5092537,45.15956,-0.3858879,-5.989328,-5.86079
147.3,-68.24524,-5,2.471936,0.9395073,52.68629,-15.73263,-5.92185,-5.769373
147.32,-102.3994,-5,2.977052,1.105057,21.3733,-27.42145,-5.989328,-5.7964
147.34,-28.18274,-5,2.262733,0.8358803,-45.26794,-36.11197,-5.65193,-5.777915
147.36,-185.87,-5,1.056007,0.1342777,-64.22978,-30.70682,-6.664129,-6.544781
147.38,152.1687,-5,-0.06858537,-0.5006647,-56.71833,-38.78161,-5.38201,-6.2
147.4,129.621,-5,-1.052347,-1.008647,-32.41298,-6.621945,-5.314529,-6.018821
147.42,92.17175,-5,-1.134705,-0.9033701,-4.031291,12.62357,-5.38201,-5.859461
147.44,89.95508,-5,-0.9818534,-0.5208756,11.70917,21.13971,-5.314529,-5.663429
147.46,8.059448,-5,0.04447896,0.1092371,52.30461,23.04643,-5.58445,-5.587296
147.48,-80.70935,-5,1.12089,0.7264696,47.81606,12.29673,-5.989328,-5.702309
147.5,97.23193,-5,2.072915,1.272434,49.03743,-6.592525,-4.977129,-5.108559
147.52,2.908936,-5,2.787988,1.65692,35.86185,-3.569475,-4.977129,-4.843819
147.54,-201.8542,-5,3.057045,1.802196,-0.1534266,-12.43632,-5.92185,-5.354635
147.56,-130.2653,-5,2.359829,1.394098,-38.50459,-36.6803,-5.989328,-5.804659
147.58,-4.95874,-5,1.519913,0.6497006,-41.51222,-42.5407,-5.65193,-5.924032
147.6,73.81616,-5,0.9865373,0.0887733,-24.35191,-31.86279,-5.247049,-5.738504
147.62,36.57056,-5,0.452938,-0.2128288,-26.33664,-15.12039,-5.314529,-5.689219
147.64,39.71704,-5,-0.1090358,-0.3442555,-28.47404,-5.920301,-5.314529,-5.67883
147.66,-19.57959,-5,-0.01708779,-0.2949738,14.18246,0.07238901,-5.65193,-5.812743
147.68,-73.42798,-5,0.7917649,-0.02834752,33.17483,-4.781969,-5.989328,-5.946636
147.7,107.7281,-5,1.48261,0.3412368,35.26643,-15.36715,-4.977129,-5.334491
147.72,-37.27478,-5,2.239588,0.7223644,34.91529,-6.762949,-5.247049,-5.17265
147.74,-74.59326,-5,2.513187,1.019278,13.54123,-16.71996,-5.314529,-5.17965
147.76,-71.6925,-5,2.468597,1.007773,-1.893885,-26.9493,-5.314529,-5.266993
147.78,-59.4696,-5,2.223428,0.7763904,-13.45114,-32.6277,-5.314529,-5.380289
147.8,4.500977,-5,1.750317,0.4507068,-23.90916,-33.48685,-5.044609,-5.335899
147.82,-153.6809,-5,0.9695997,-0.04970352,-41.31374,-25.33922,-5.989328,-5.959818
147.84,-30.06689,-5,0.01485891,-0.6055449,-47.69543,-32.63765,-5.85437,-6.227073
147.86,63.6908,-5,-0.7390234,-1.120432,-31.25267,-22.29,-5.58445,-6.191247
147.88,44.32959,-5,-0.8226151,-1.238455,-3.848084,-5.69992,-5.65193,-6.11279
147.9,-27.94312,-5,-0.4959504,-1.025509,19.54124,2.116459,-5.989328,-6.16501
147.92,144.853,-5,0.2349475,-0.5015993,41.03743,-2.060868,-4.977129,-5.468061
147.94,-171.9656,-5,0.8045686,-0.09671265,31.69391,10.23988,-6.259249,-5.881828
147.96,57.40283,-5,1.241657,0.3304836,22.02979,-14.7053,-5.247049,-5.458787
147.98,-34.95483,-5,1.930852,0.5853171,35.84659,-10.41314,-5.38201,-5.323091
148,-48.05151,-5,2.18988,0.7954609,13.61757,-17.80477,-5.314529,-5.248286
148.02,-54.99414,-5,2.013073,0.7469317,-10.09236,-23.45296,-5.314529,-5.300613
148.04,26.36011,-5,1.591024,0.5502445,-23.55801,-26.34466,-4.909649,-5.164767
148.06,-160.3267,-5,1.081684,0.1800222,-28.13817,-18.72892,-5.92185,-5.771221
148.08,-81.4834,-5,0.4955871,-0.2503775,-31.37481,-30.59069,-5.989328,-6.129808
148.1,-32.81152,-5,0.194577,-0.6997599,-1.405335,-29.43202,-5.989328,-6.276622
148.12,-10.0387,-5,0.2182007,-0.9071857,-1.298465,-23.81092,-5.92185,-6.230982
148.14,-16.95801,-5,0.1125119,-0.9671551,-9.222133,-17.44381,-5.92185,-6.179657
148.16,-31.47925,-5,-0.0286394,-0.963235,-10.1687,-13.47528,-5.989328,-6.188752
148.18,-22.08838,-5,-0.2475149,-0.9693657,-9.451139,-11.55669,-5.989328,-6.201572
148.2,154.8848,-5,-0.1975748,-0.7973248,4.274056,-9.104357,-4.977129,-5.568066
148.22,72.00415,-5,-0.1255574,-0.4996763,5.785507,10.15341,-4.977129,-5.256649
148.24,-187.8322,-5,0.1740967,-0.1695784,13.09848,13.03361,-6.259249,-5.852238
148.26,47.47791,-5,0.9427095,0.2157927,37.52598,-13.49716,-5.314529,-5.489658
148.28,6.817139,-5,1.726871,0.4866861,39.46491,-9.868559,-5.179569,-5.196935
148.3,-109.3425,-5,2.006508,0.6848193,12.74734,-12.73063,-5.58445,-5.331681
148.32,-46.11023,-5,2.022995,0.7002949,-4.932054,-26.34641,-5.314529,-5.294797
148.34,-52.40125,-5,1.842041,0.5000524,-9.329001,-28.39045,-5.314529,-5.344905
148.36,-1.343994,-5,1.549966,0.2782351,-16.61145,-29.33966,-5.044609,-5.252962
148.38,2.425903,-5,1.023298,0.01726995,-28.50458,-23.0443,-4.977129,-5.230336
148.4,-163.1443,-5,0.3351745,-0.3651509,-36.62672,-16.57121,-5.989328,-5.888276
148.42,-50.90723,-5,-0.277122,-0.7852235,-32.85572,-26.88688,-5.92185,-6.17381
148.44,-27.82983,-5,-0.3122713,-1.109177,3.663368,-22.24076,-5.989328,-6.276184
148.46,-8.097534,-5,-0.2389482,-1.191332,-1.588542,-17.05233,-5.92185,-6.206144
148.48,-23.96399,-5,-0.4233364,-1.207374,-9.87862,-11.01857,-5.989328,-6.20219
148.5,148.8699,-5,-0.3049154,-0.9846345,10.16719,-8.634151,-4.977129,-5.548701
148.52,54.54285,-5,0.1519048,-0.5544546,21.5565,8.855022,-4.977129,-5.185357
148.54,-34.96313,-5,0.3432467,-0.09106562,14.18246,10.14734,-5.247049,-5.186077
148.56,-49.68567,-5,1.414042,0.4473265,60.67102,-1.634241,-5.247049,-5.097799
148.58,-142.1289,-5,2.197083,0.7652668,41.60231,-13.7117,-5.65193,-5.284863
148.6,-138.6292,-5,2.636716,0.8190309,5.419095,-32.57885,-5.71941,-5.443946
148.62,-18.57776,-5,1.639009,0.348103,-57.25268,-41.19269,-5.247049,-5.431501
148.64,40.33081,-5,0.4353076,-0.2897613,-63.35955,-30.64214,-4.977129,-5.40093
148.66,-108.5151,-5,-0.7933604,-0.9437163,-61.46642,-13.94148,-5.92185,-6.030895
148.68,-10.94885,-5,-1.525986,-1.4082,1.617566,-15.41429,-5.92185,-6.299056
148.7,155.3444,-5,-0.7749746,-1.307792,34.74735,-8.689821,-5.044609,-5.685558
148.72,-138.1431,-5,-0.4909965,-1.082974,13.78551,11.14815,-6.259249,-6.057706
148.74,80.5835,-5,-0.3317712,-0.719023,3.098483,-5.524132,-5.314529,-5.640812
148.76,28.10364,-5,-0.1311166,-0.4995503,16.25879,4.906569,-5.314529,-5.446893
148.78,2.253296,-5,0.09339119,-0.1929135,8.319858,5.746733,-5.314529,-5.341172
148.8,-3.257935,-5,0.04868123,-0.01937954,2.197719,3.864282,-5.314529,-5.326632
148.82,-19.1991,-5,0.7967367,0.2667768,38.93056,-0.4561496,-5.314529,-5.241158
148.84,-42.67896,-5,1.427153,0.5385899,26.13666,-7.067284,-5.314529,-5.166105
148.86,-41.30176,-5,1.467702,0.601867,2.014513,-13.94987,-5.247049,-5.149302
148.88,-9.510742,-5,1.347524,0.5219417,-9.787017,-17.91495,-5.044609,-5.078691
148.9,-7.739868,-5,1.108413,0.3695372,-15.17633,-16.53185,-4.977129,-5.055027
148.92,-18.97949,-5,0.722988,0.1725536,-22.10763,-14.1922,-5.044609,-5.133573
148.94,-163.9412,-5,0.2809505,-0.1602645,-22.80992,-12.64989,-5.989328,-5.777254
148.96,-82.13562,-5,0.3183541,-0.4370152,4.106117,-26.38236,-5.989328,-6.030312
148.98,116.8195,-5,0.4279571,-0.5886688,6.47253,-27.18662,-4.977129,-5.491441
149,5.056885,-5,0.3293884,-0.6047482,-5.405336,-7.409213,-5.179569,-5.355199
149.02,28.2666,-5,0.04365808,-0.4798916,-19.13053,-4.602521,-4.977129,-5.19676
149.04,22.16638,-5,-0.3845198,-0.4574956,-23.97023,1.069002,-4.977129,-5.177543
149.06,24.05457,-5,-0.3797178,-0.3554803,11.00688,4.219529,-4.977129,-5.145589
149.08,-212.4465,-5,0.3612734,-0.1821068,28.22826,3.536895,-6.259249,-5.792812
149.1,37.85889,-5,1.046703,0.0522179,35.3275,-22.70873,-5.247049,-5.415982
149.12,-34.05591,-5,1.862194,0.2305603,34.53361,-17.5618,-5.247049,-5.18768
149.14,-78.53821,-5,1.79481,0.3079772,-8.825185,-21.29336,-5.314529,-5.192976
149.16,-18.12122,-5,1.094538,0.09186888,-37.86336,-25.82381,-5.044609,-5.174366
149.18,-157.4419,-5,0.2507569,-0.4037124,-41.90916,-20.21436,-5.92185,-5.798935
149.2,-66.22998,-5,-0.3347917,-0.8924693,-27.71069,-28.58768,-5.92185,-6.104386
149.22,-45.81946,-5,-0.2695985,-1.224833,6.304591,-25.13988,-5.989328,-6.203125
149.24,135.9233,-5,-0.2932678,-1.25147,-4.870985,-20.34536,-4.977129,-5.583922
149.26,58.41663,-5,-0.5826629,-1.144705,-16.04656,2.144624,-4.977129,-5.306762
149.28,-186.9742,-5,-0.819508,-1.030278,-12.84045,9.51767,-6.259249,-5.9608
149.3,44.69543,-5,-0.126261,-0.7257544,34.22826,-12.34107,-5.38201,-5.63236
149.32,-61.23462,-5,0.7338989,-0.4601128,37.75499,-6.37946,-5.65193,-5.556875
149.34,90.61194,-5,0.8480396,-0.1589772,7.098485,-13.1946,-4.707209,-4.983244
149.36,26.37854,-5,0.8477237,0.04218255,1.067948,-2.366622,-4.639729,-4.729466
149.38,-15.03137,-5,0.7503634,0.2268001,0.6557342,-1.419392,-4.707209,-4.700719
149.4,-28.05188,-5,1.250549,0.4589505,23.11376,-6.67164,-4.707209,-4.653502
149.42,-30.65601,-5,1.657102,0.6321969,22.76261,-12.82204,-4.639729,-4.584061
149.44,-42.66492,-5,1.735495,0.6606452,6.548866,-17.44464,-4.639729,-4.592001
149.46,-44.50159,-5,1.700979,0.5820791,-5.191597,-21.63151,-4.639729,-4.635937
149.48,-215.0522,-5,1.59534,0.313381,-7.695413,-24.64112,-5.65193,-5.299192
149.5,-124.7312,-5,1.276444,-0.1175962,-15.78702,-42.79208,-5.65193,-5.646294
149.52,-7.815552,-5,0.7693579,-0.6693908,-25.57328,-43.81891,-5.247049,-5.602457
149.54,-13.14941,-5,0.1701204,-1.110706,-32.2145,-30.70448,-5.247049,-5.600329
149.56,-5.029785,-5,-0.5032582,-1.389337,-34.94733,-20.31437,-5.247049,-5.618184
149.58,-162.9377,-5,-1.08707,-1.678002,-30.9626,-11.00465,-6.259249,-6.243454
149.6,90.8324,-5,-0.8224072,-1.630269,25.90765,-21.25529,-5.247049,-5.814072
149.62,-35.37646,-5,-0.2631763,-1.428121,26.54887,-4.389752,-5.58445,-5.712481
149.64,-57.67139,-5,-0.1186792,-1.12596,5.587033,-6.494391,-5.65193,-5.688435
149.66,107.733,-5,-0.05437011,-0.8499259,4.014514,-9.969881,-4.707209,-5.125329
149.68,35.5304,-5,0.4606551,-0.4536139,24.31986,2.720417,-4.639729,-4.77951
149.7,-18.97363,-5,0.6246532,-0.0508348,9.06795,3.228796,-4.707209,-4.680996
149.72,-18.12744,-5,0.4122953,0.1075426,-5.664879,-1.20121,-4.707209,-4.71388
149.74,-87.07812,-5,1.203373,0.3255331,40.42674,-6.834197,-5.044609,-4.852665
149.76,-70.47937,-5,1.852323,0.5100592,29.66338,-19.70245,-4.977129,-4.837294
149.78,-7.452271,-5,1.945992,0.5139408,4.777873,-26.73302,-4.572248,-4.63599
149.8,-198.735,-5,1.300081,0.1489446,-40.51985,-23.26085,-5.58445,-5.277026
149.82,-46.37805,-5,0.1745788,-0.4555597,-58.93207,-36.38844,-5.314529,-5.541642
149.84,2.716797,-5,-0.8305885,-1.17046,-41.80229,-26.26561,-5.314529,-5.71981
149.86,10.87366,-5,-1.08557,-1.501136,-7.405338,-13.77304,-5.38201,-5.756253
149.88,35.04883,-5,-0.9872315,-1.466986,13.86185,-4.948935,-5.247049,-5.591475
149.9,-6.100098,-5,-0.475799,-1.157881,26.73208,1.600137,-5.314529,-5.450502
149.92,-83.42065,-5,-0.07019512,-0.8250751,22.22826,0.3043687,-5.65193,-5.545904
149.94,-74.72681,-5,0.4570409,-0.5445505,27.43437,-10.11686,-5.65193,-5.555326
149.96,80.50574,-5,0.9552795,-0.2649594,22.28933,-17.45597,-4.707209,-4.97193
149.98,23.23254,-5,1.028448,-0.0568158,0.06031401,-6.866403,-4.572248,-4.664082
150,-189.6057,-5,0.5141122,-0.1033619,-29.35954,-4.349167,-5.65193,-5.280355
150.02,-90.24548,-5,-0.07987768,-0.4156583,-25.39008,-22.1452,-5.65193,-5.648878
150.04,-43.62903,-5,0.3096788,-0.6611025,32.38094,-25.14454,-5.58445,-5.692401
150.06,-63.0083,-5,0.580862,-0.758693,8.594668,-23.38801,-5.65193,-5.691072
150.08,2.840942,-5,0.06773322,-0.9192556,-35.29847,-22.34863,-5.314529,-5.551679
150.1,14.96887,-5,-0.8746381,-1.208142,-48.84047,-11.80495,-5.247049,-5.547874
150.12,26.49585,-5,-1.44409,-1.376562,-22.06183,-1.664797,-5.247049,-5.557653
150.14,5.496582,-5,-0.8981706,-1.169733,33.93819,4.368102,-5.314529,-5.466143
150.16,-68.33667,-5,0.05150405,-0.731639,42.06033,2.952022,-5.58445,-5.452973
150.18,82.87213,-5,0.7966988,-0.2183376,40.44201,-7.593613,-4.639729,-4.830712
150.2,-8.049927,-5,1.30073,0.1916889,23.5107,-1.02409,-4.639729,-4.556806
150.22,-34.71008,-5,1.503384,0.5169797,6.350392,-6.566474,-4.572248,-4.442272
150.24,-58.28052,-5,1.45969,0.5879787,-5.329,-12.82424,-4.639729,-4.509234
150.26,-209.3154,-5,1.296145,0.3596648,-4.870985,-19.16517,-5.58445,-5.172406
150.28,-137.3363,-5,1.280598,-0.002226889,-2.672511,-38.59636,-5.65193,-5.528834
150.3,-85.61365,-5,1.128178,-0.4888121,-9.2832,-43.65894,-5.58445,-5.66324
150.32,-18.63586,-5,0.877869,-0.8666313,-19.78702,-40.8677,-5.247049,-5.524287
150.34,-23.79602,-5,-0.1501995,-1.307079,-60.45879,-28.82947,-5.247049,-5.560549
150.36,-164.958,-5,-1.551701,-1.916737,-68.47406,-17.03197,-6.259249,-6.300785
150.38,-50.40625,-5,-2.71724,-2.537051,-33.1916,-19.49989,-6.326729,-6.716036
150.4,137.9365,-5,-1.60972,-2.419729,46.94583,-12.87929,-5.38201,-6.051857
150.42,-12.97705,-5,-0.7889494,-1.908744,33.83132,7.654489,-5.65193,-5.753852
150.44,106.5858,-5,-0.1736269,-1.133777,33.52597,4.268691,-4.707209,-5.000271
150.46,-51.91931,-5,0.8500078,-0.3630367,49.63285,10.54929,-4.977129,-4.766089
150.48,-83.63293,-5,1.407796,0.2277868,26.24353,-3.202202,-4.977129,-4.696314
150.5,-88.24426,-5,1.539343,0.4022384,10.12139,-15.94496,-4.977129,-4.75738
150.52,-82.62622,-5,1.580065,0.3250094,-1.954954,-25.00116,-4.977129,-4.84713
150.54,-82.51367,-5,1.307311,0.05530778,-16.56565,-29.56631,-5.044609,-4.997542
150.56,16.60681,-5,0.5315354,-0.354287,-41.1916,-29.83486,-4.639729,-4.923289
150.58,-141.7335,-5,-0.4295129,-0.9176785,-50.33665,-17.12741,-5.58445,-5.539446
150.6,164.2291,-5,-1.28761,-1.289128,-45.8023,-21.33861,-4.36981,-5.118847
150.62,-121.2316,-5,-1.084335,-1.42794,19.3275,5.636158,-5.65193,-5.578074
150.64,119.4011,-5,-1.09785,-1.217882,5.556499,-4.899105,-4.639729,-5.121593
150.66,-171.3024,-5,-0.8622465,-1.13319,12.71681,11.18927,-5.989328,-5.677399
150.68,78.62811,-5,-0.5893052,-0.8647918,8.426728,-8.034253,-4.977129,-5.276128
150.7,10.15723,-5,-0.234328,-0.6837072,16.06032,3.30608,-5.044609,-5.101341
150.72,-0.3708496,-5,-0.1317841,-0.4291908,3.312223,3.559219,-4.977129,-4.98126
150.74,-13.36328,-5,-0.02860502,-0.2460089,12.30459,2.326239,-4.977129,-4.940042
150.76,-28.20959,-5,0.5000722,-0.01375969,24.04505,-1.585759,-4.977129,-4.876954
150.78,-46.53369,-5,1.002131,0.196156,20.10612,-7.38218,-4.977129,-4.824602
150.8,-64.30322,-5,1.436863,0.3383784,20.88475,-14.56605,-4.977129,-4.798467
150.82,-83.80518,-5,1.498211,0.3041774,1.144284,-21.38588,-5.044609,-4.876551
150.84,-14.49573,-5,1.201121,0.1136296,-15.86336,-26.77811,-4.707209,-4.786667
150.86,-175.2511,-5,0.7672405,-0.2649809,-24.00076,-22.24937,-5.58445,-5.337503
150.88,-96.22534,-5,0.235193,-0.707984,-26.41298,-33.71009,-5.58445,-5.636184
150.9,-7.776489,-5,-0.2292092,-1.179295,-14.84046,-31.63467,-5.314529,-5.625654
150.92,-40.854,-5,-0.2892004,-1.408636,-5.145795,-21.19919,-5.44949,-5.64415
150.94,-11.32251,-5,-0.5908852,-1.49496,-15.2374,-16.57805,-5.314529,-5.566278
150.96,-12.97534,-5,-0.9229043,-1.546057,-18.48931,-9.401152,-5.314529,-5.540806
150.98,-67.72693,-5,-1.06359,-1.545406,-0.2755641,-4.444622,-5.65193,-5.714692
151,-49.51636,-5,-0.6467807,-1.3877,24.16719,-8.068119,-5.65193,-5.711679
151.02,-112.3673,-5,-0.23787,-1.246792,25.4191,-10.1063,-5.989328,-5.861479
151.04,61.74945,-5,0.2220872,-0.9966768,20.91528,-18.99614,-5.044609,-5.319818
151.06,-0.3415527,-5,0.2891163,-0.8188362,-2.412969,-7.512976,-4.977129,-5.057948
151.08,-24.90869,-5,-0.07971225,-0.7045388,-19.37481,-4.971319,-4.977129,-5.014029
151.1,-34.6521,-5,-0.2658722,-0.6740255,1.846574,-5.15824,-5.044609,-5.071578
151.12,-23.85413,-5,0.1645906,-0.533987,23.22063,-7.684277,-4.977129,-4.999687
151.14,-50.80566,-5,0.4844814,-0.3959145,13.05269,-9.372399,-5.044609,-4.983264
151.16,-59.2793,-5,0.7784708,-0.2790155,13.57177,-14.21831,-5.044609,-4.966906
151.18,-50.79321,-5,0.7905642,-0.2783242,-2.107625,-18.31254,-4.977129,-4.952058
151.2,-50.2691,-5,0.5638095,-0.4003822,-14.27557,-19.41838,-4.977129,-4.996451
151.22,-203.2746,-5,0.2667451,-0.6899657,-16.90152,-19.46397,-5.92185,-5.624362
151.24,89.10834,-5,0.08719125,-0.8902741,-5.939688,-33.88184,-4.707209,-5.183966
151.26,23.71027,-5,0.03259673,-1.016787,-4.275566,-13.72099,-4.707209,-4.962885
151.28,-1.916138,-5,-0.2629389,-0.948088,-16.59618,-6.031199,-4.707209,-4.874319
151.3,-3.690125,-5,-0.519291,-0.8814504,-7.313733,-2.650661,-4.707209,-4.857633
151.32,-68.92511,-5,0.3420998,-0.5789255,42.53361,-3.587258,-4.977129,-4.889107
151.34,-80.3653,-5,0.7775447,-0.3408635,26.2588,-12.28087,-5.044609,-4.921854
151.36,-65.91412,-5,0.9561546,-0.2719172,11.49543,-19.76443,-4.977129,-4.920548
151.38,-67.51904,-5,0.9332537,-0.3390031,-6.489306,-23.19611,-4.977129,-4.956568
151.4,-61.27582,-5,0.6904801,-0.5064047,-18.84046,-24.83311,-4.977129,-5.019953
151.42,-218.3157,-5,0.1520536,-0.9017953,-29.54275,-23.86064,-5.989328,-5.723257
151.44,109.588,-5,-0.625191,-1.309795,-36.82519,-35.95441,-4.707209,-5.336607
151.46,-154.8737,-5,-1.263067,-1.807203,-26.0771,-9.149714,-5.989328,-5.942999
151.48,-70.5929,-5,-1.490938,-1.98597,-16.13817,-17.34647,-5.989328,-6.157896
151.5,182.5392,-5,-1.58168,-2.002838,-7.878621,-13.40561,-4.707209,-5.435781
151.52,-109.4357,-5,-1.58383,-1.894142,0.2740546,14.35667,-5.85437,-5.743701
151.54,94.91492,-5,-1.677486,-1.56228,-2.932054,3.913648,-4.977129,-5.340298
151.56,219.2356,-5,-1.419505,-1.140999,15.98398,17.22125,-3.96493,-4.508672
151.58,94.14258,-5,-0.9044891,-0.4578269,15.75498,36.82436,-4.03241,-4.105507
151.6,-6.181519,-5,-0.6332046,0.1916729,21.3275,36.14595,-4.36981,-4.135836
151.62,-56.52448,-5,0.4262697,0.7831533,66.47255,21.94135,-4.639729,-4.239285
151.64,-112.2601,-5,1.381803,1.136642,54.77789,4.135653,-4.977129,-4.45403
151.66,-100.0255,-5,2.134752,1.256957,34.90002,-15.83402,-4.977129,-4.548773
151.68,-113.1548,-5,2.413987,1.102023,9.312226,-28.83852,-5.044609,-4.68383
151.7,-23.85577,-5,1.773945,0.6528866,-42.44352,-36.53467,-4.639729,-4.644816
151.72,-144.2482,-5,0.5570412,-0.1139196,-61.13054,-28.84595,-5.38201,-5.233634
151.74,6.430054,-5,-0.6649126,-0.8742882,-65.4817,-31.69611,-5.044609,-5.391091
151.76,41.26923,-5,-1.30811,-1.434017,-14.06183,-16.16112,-4.977129,-5.398008
151.78,32.57355,-5,-1.213249,-1.499324,7.571767,-2.691723,-4.977129,-5.279383
151.8,4.06134,-5,-0.5811521,-1.171409,32.94582,3.214883,-4.977129,-5.091074
151.82,-78.66272,-5,0.232858,-0.7082523,41.44964,1.404444,-5.247049,-5.076465
151.84,-107.8552,-5,0.7769687,-0.3760431,30.12139,-10.02649,-5.38201,-5.14097
151.86,-93.78705,-5,1.185144,-0.2399975,16.5336,-21.89347,-5.314529,-5.145102
151.88,-34.39984,-5,1.039707,-0.3269738,-7.55801,-27.73174,-4.977129,-5.018151
151.9,-208.2917,-5,0.08354811,-0.8153175,-58.18398,-22.77663,-5.989328,-5.714329
151.92,-22.66345,-5,-1.156141,-1.470654,-65.69543,-32.71262,-5.58445,-5.907176
151.94,238.9226,-5,-2.204929,-2.0012,-29.42061,-16.47515,-4.30233,-5.258201
151.96,145.6402,-5,-2.230874,-1.898127,-1.451137,20.76919,-4.30233,-4.832108
151.98,33.59424,-5,-1.922961,-1.315858,18.3504,34.84009,-4.639729,-4.730619
152,-43.85358,-5,-0.8042522,-0.5462466,53.1901,29.0036,-4.977129,-4.74966
152.02,-92.43475,5,0.2467645,0.09586571,47.48018,13.84268,-4.977129,-4.691068
152.04,-161.8396,5,1.208624,0.4610903,47.92292,-4.465877,-5.247049,-4.795452
152.06,-178.0619,5,1.874245,0.5214819,28.18246,-25.93298,-5.314529,-4.894198
152.08,-125.0408,5,1.629634,0.1659105,-22.48931,-40.95058,-5.044609,-4.8912
152.1,-58.12665,5,0.3808776,-0.5745128,-70.15345,-41.30605,-4.707209,-4.875705
152.12,22.1662,5,-1.13467,-1.389779,-78.56567,-29.62006,-4.30233,-4.765597
152.14,-152.0259,5,-2.496963,-2.178404,-67.45116,-9.626921,-5.314529,-5.385617
152.16,83.84381,5,-2.545584,-2.411847,17.31223,-13.4941,-4.36981,-4.966549
152.18,-209.5024,5,-2.00873,-2.434087,36.57941,5.463857,-5.65193,-5.389071
152.2,-195.7502,5,-1.588644,-2.313275,16.82368,-13.14339,-5.85437,-5.617903
152.22,-16.0802,5,-1.503642,-2.369921,2.594666,-24.01941,-4.977129,-5.195215
152.24,-83.10266,5,-1.417889,-2.420295,-2.993122,-13.42245,-4.977129,-4.985851
152.26,-135.6577,5,-1.635985,-2.452564,-15.69542,-12.5792,-5.112089,-4.996007
152.28,-92.0827,5,-2.112637,-2.623663,-27.77176,-15.68756,-4.909649,-4.939206
152.3,-102.9926,5,-2.701123,-2.922128,-17.22214,-11.41255,-4.977129,-5.002814
152.32,56.9393,5,-2.558159,-2.912073,6.197721,-9.855803,-4.03241,-4.39067
152.34,-240.8286,5,-2.414812,-2.880849,2.487796,6.333693,-5.247049,-4.796697
152.36,-44.85657,5,-2.020291,-2.655692,23.61757,-14.07645,-4.36981,-4.400381
152.38,-103.2403,5,-1.411143,-2.49689,26.77788,-9.856311,-4.30233,-4.129349
152.4,-366.1452,5,-1.32937,-2.540698,-3.252664,-13.80864,-5.58445,-4.805691
152.42,-283.1481,5,-1.701928,-2.953128,-27.20687,-41.79034,-5.65193,-5.240286
152.44,-212.3052,5,-2.364326,-3.735059,-37.13054,-49.69562,-5.58445,-5.475662
152.46,38.84009,5,-3.290616,-4.405966,-53.64962,-44.24492,-4.30233,-4.859775
152.48,-90.03378,5,-4.58117,-4.97258,-64.65726,-11.13097,-4.639729,-4.847682
152.5,-69.59627,5,-5.806274,-5.292954,-63.83284,1.858771,-4.639729,-4.879506
152.52,-103.7774,5,-6.500008,-5.503098,-3.542741,14.78237,-4.977129,-5.065813
152.54,11.02316,5,-5.66407,-5.14917,32.74735,17.33474,-4.36981,-4.561044
152.56,45.05182,5,-4.654939,-4.440347,45.69392,27.48245,-3.695009,-3.759129
152.58,36.91217,5,-3.467139,-3.4336,55.20538,33.84187,-3.02021,-2.872904
152.6,-213.4566,5,-2.212181,-2.479474,56.71682,32.68191,-3.695009,-2.821331
152.62,-172.6279,5,-0.8097829,-1.684586,69.28172,1.985454,-3.290129,-2.526078
152.64,-140.5992,5,0.101989,-1.320268,52.38094,-17.15966,-2.75029,-2.123343
152.66,-276.7025,5,0.5895287,-1.304172,22.5336,-28.52359,-3.08769,-2.227088
152.68,-338.3164,5,0.5544859,-1.666726,-15.64962,-49.9678,-3.425089,-2.601703
152.7,-113.4203,5,-0.5104468,-2.469211,-59.86337,-66.54608,-2.412889,-2.375303
152.72,-132.6628,5,-1.842441,-3.43889,-70.90154,-50.42971,-2.345409,-2.385925
152.74,-133.4841,5,-3.377095,-4.291185,-78.06184,-36.68729,-2.412889,-2.542756
152.76,-145.3956,5,-4.644445,-5.014907,-31.37481,-23.54993,-2.68281,-2.821118
152.78,-203.7403,5,-4.001353,-5.15,18.67101,-18.4075,-3.08769,-2.974431
152.8,-75.57123,5,-3.709985,-5.044557,11.31223,-21.63855,-2.412889,-2.545629
152.82,-41.94324,5,-3.211158,-4.728022,20.01452,-12.32163,-1.805569,-1.909302
152.84,-185.9261,5,-3.103649,-4.402689,-1.145793,-3.309696,-2.142969,-1.831598
152.86,-66.71484,5,-3.45993,-4.211866,-12.94732,-10.45675,-1.46817,-1.473222
152.88,-170.1885,5,-3.031321,-4.025028,25.80078,-4.711529,-1.738089,-1.431547
152.9,-65.25427,5,-2.765956,-3.765749,16.86948,-12.04335,-1.06329,-0.9944617
152.92,-236.5363,5,-2.885867,-3.757206,-10.84045,-6.178049,-1.738089,-1.252639
152.94,-85.11407,5,-2.999628,-3.7618,-0.8862511,-18.99486,-1.06329,-0.993906
152.96,-188.657,5,-2.750463,-3.814695,2.671002,-13.18291,-1.40069,-1.052323
152.98,-78.72614,5,-2.874968,-3.823394,-14.24503,-19.20428,-0.7933693,-0.7357815
153,-163.3508,5,-3.258021,-3.983576,-17.89389,-10.93409,-1.06329,-0.8093561
153.02,-46.55841,5,-3.118584,-3.923213,11.35803,-14.27631,-0.3884897,-0.4021274
153.04,-176.2859,5,-3.012861,-3.876314,3.922911,-5.241599,-0.7933693,-0.4486195
153.06,-121.3777,5,-3.155634,-3.837008,4.319858,-11.82267,-0.5234499,-0.3355795
153.08,-20.71851,5,-2.781982,-3.682853,15.4191,-11.64258,0.2188301,0.2028611
153.1,-153.0012,5,-2.799462,-3.571348,-10.22977,-1.480353,-0.1185694,0.2231506
153.12,-38.16699,5,-2.886975,-3.416463,9.541233,-7.612752,0.5562305,0.6056262
153.14,-219.0112,5,-2.364312,-3.267146,23.5107,-2.125246,-0.1185694,0.4201842
153.16,-88.47205,5,-2.421933,-3.192014,-1.939687,-16.37598,0.4887505,0.6573329
153.18,-11.146,5,-1.866541,-3.022794,20.97635,-14.26003,1.23103,1.254718
153.2,-211.056,5,-1.908496,-2.947452,-8.916789,-5.245554,0.5562305,1.075857
153.22,-63.16333,5,-2.330171,-2.978348,-17.2832,-17.84461,1.23103,1.308144
153.24,2.211914,5,-1.785834,-2.846683,36.51834,-12.86825,1.90583,1.877959
153.26,11.36658,5,-1.695457,-2.580556,-4.122893,-3.156187,2.44567,2.447092
153.28,-138.9094,5,-2.449809,-2.562181,-9.252666,6.486144,1.90583,2.242977
153.3,0.1165771,5,-1.769156,-2.255288,48.28934,-4.353623,2.64811,2.67769
153.32,-197.1028,5,-1.219604,-2.059157,25.12902,0.3599217,1.90583,2.460243
153.34,-44.4248,5,-1.042751,-1.898397,4.441995,-16.80017,2.64811,2.777668
153.36,-174.4077,5,-0.9382005,-1.969822,5.098484,-13.30047,2.175751,2.600865
153.38,-26.64648,5,-1.075572,-2.032211,-22.26031,-23.43107,2.918031,2.920651
153.4,-127.6987,5,-1.385395,-2.244847,-7.17633,-14.33706,2.58063,2.806004
153.42,0.8024902,5,-1.577953,-2.311129,-15.11526,-17.67566,3.25543,3.142355
153.44,-116.7823,5,-1.658349,-2.381794,3.999247,-6.818853,2.850551,3.04701
153.46,9.535645,5,-1.657325,-2.287732,-0.03128911,-11.29313,3.525351,3.415535
153.48,-107.0607,5,-1.30882,-2.146918,19.11375,-2.819104,3.18795,3.417779
153.5,22.84766,5,-1.369471,-1.96525,-4.336633,-8.530961,3.93023,3.834831
153.52,69.97607,5,-0.8445463,-1.618708,25.12902,-0.7334681,4.60503,4.47436
153.54,-83.81372,5,-0.8047233,-1.309956,-6.19923,8.851658,4.20015,4.483513
153.56,30.08203,5,-0.5649214,-0.960458,21.44963,-0.915923,4.87495,4.875389
153.58,-76.83252,5,0.3603969,-0.5729216,40.97636,0.9033751,4.67251,4.996793
153.6,-175.256,5,0.5173162,-0.4174993,0.304589,-9.440724,4.20015,4.708737
153.62,43.85974,5,0.6452165,-0.3926372,7.464897,-26.27709,5.27983,5.174841
153.64,-82.55225,5,0.544633,-0.5383289,-3.92442,-15.12742,4.94243,5.128351
153.66,-71.18811,5,0.01647799,-0.7310373,-31.37481,-18.79973,4.94243,5.021341
153.68,101.1514,5,-0.08159593,-0.816237,10.30459,-19.41928,5.887151,5.530576
153.7,53.64673,5,-0.2256891,-0.7814806,-9.145797,-1.924351,6.02211,5.834585
153.72,-56.95007,5,-0.6685361,-0.7314838,-14.71832,6.144468,5.54975,5.636171
153.74,-14.45203,5,-0.1757951,-0.5091807,30.01452,-1.281534,5.684711,5.695974
153.76,-114.631,5,0.4816566,-0.3146585,31.09849,-4.281934,5.21235,5.501686
153.78,-69.54492,5,0.758968,-0.2240223,5.678637,-17.27475,5.34731,5.487131
153.8,84.45728,5,0.6090283,-0.2638878,-4.51984,-20.49198,6.22455,5.948503
153.82,-187.0844,5,0.4171602,-0.4269714,-20.1229,-6.916414,5.009911,5.390439
153.84,-98.28333,5,-0.2274242,-0.7211317,-24.73359,-23.19147,5.009911,5.053347
153.86,-84.8103,5,-0.0771333,-1.033312,20.83895,-25.52162,4.87495,4.86525
153.88,-52.98865,5,-0.1619238,-1.266716,-14.22977,-25.40335,4.94243,4.842436
153.9,-36.13953,5,-0.9424284,-1.602892,-45.61909,-19.48029,4.94243,4.758852
153.92,-27.07947,5,-1.498339,-1.869534,-13.97022,-11.99762,4.87495,4.664385
153.94,168.9658,5,-1.457082,-1.770844,2.609933,-5.843958,5.95463,5.34198
153.96,73.74561,5,-1.124833,-1.375761,14.54887,16.91363,5.95463,5.730252
153.98,-45.12854,5,-0.7454783,-0.817569,12.70154,20.92831,5.54975,5.705227
154,-26.14233,5,-0.2508704,-0.3473203,41.37331,9.986162,5.61723,5.751185
154.02,-118.743,5,0.872918,0.07232928,52.93056,0.7493014,5.21235,5.616706
154.04,-92.65918,5,1.245077,0.2347071,9.342759,-15.94864,5.27983,5.56238
154.06,-21.70728,5,0.9111713,0.05319007,-23.28321,-23.12398,5.61723,5.630052
154.08,-23.29163,5,0.2385345,-0.3065567,-27.87863,-18.46986,5.61723,5.559227
154.1,3.543091,5,-0.3590093,-0.6276639,-31.84809,-13.53499,5.684711,5.520032
154.12,-6.143921,5,-0.4476956,-0.766646,0.3503905,-7.293378,5.61723,5.496916
154.14,-7.403442,5,-0.310447,-0.7296084,6.304591,-4.604364,5.61723,5.536417
154.16,-26.92712,5,-0.1160131,-0.6200446,11.43436,-3.626247,5.54975,5.546638
154.18,-77.32495,5,0.1194624,-0.5176252,10.15192,-5.839851,5.27983,5.410311
154.2,-61.48474,5,0.3162157,-0.46832,7.922912,-13.05103,5.27983,5.354726
154.22,-48.54175,5,0.0864034,-0.5929608,-8.657246,-15.44019,5.27983,5.281065
154.24,-37.08997,5,-0.1106109,-0.7501448,-9.069461,-15.05279,5.27983,5.227481
154.26,-29.22644,5,-0.2700896,-0.8775149,-9.939689,-13.10544,5.27983,5.200169
154.28,-26.1322,5,-0.3294104,-0.9379174,-0.962587,-10.8237,5.27983,5.200025
154.3,-26.95557,5,-0.3107219,-0.9334037,-1.756481,-9.062432,5.27983,5.216996
154.32,-40.6908,5,-0.2764492,-0.9025015,1.312223,-8.116102,5.21235,5.195002
154.34,-25.01013,5,-0.2600195,-0.8653198,0.5946653,-8.899093,5.27983,5.228655
154.36,-28.70166,5,-0.2417001,-0.8344303,-0.3366328,-7.887624,5.27983,5.245886
154.38,-43.01709,5,-0.1781252,-0.792822,2.197719,-7.827661,5.21235,5.220825
154.4,-51.36426,5,-0.1195922,-0.767541,2.121383,-9.4517,5.144871,5.17222
154.42,-21.16125,5,-0.1142373,-0.7629958,-0.107625,-11.33155,5.27983,5.226925
154.44,-29.01196,5,-0.109923,-0.7634181,-0.7793808,-9.540503,5.27983,5.250569
154.46,-33.59692,5,-0.06294024,-0.7324549,2.197719,-9.312931,5.27983,5.26669
154.48,-35.3363,5,-0.06251325,-0.714,0.1977187,-9.627897,5.27983,5.269059
154.5,-35.78259,5,-0.04799033,-0.7046352,0.8847416,-10.06118,5.27983,5.267787
154.52,-35.17969,5,-0.06465289,-0.7102357,-0.5809073,-10.33675,5.27983,5.261909
154.54,-46.58118,5,-0.04878624,-0.7209304,0.1519171,-10.53782,5.21235,5.219619
154.56,-41.28918,5,-0.04289371,-0.7374931,0.1213828,-11.84239,5.21235,5.200072
154.58,-38.89819,5,-0.05653397,-0.7662857,-0.7946484,-12.12514,5.21235,5.188858
154.6,-38.80371,5,-0.03450329,-0.7809659,0.06031401,-12.1484,5.21235,5.187897
154.62,-39.3479,5,-0.03319552,-0.790947,-0.06182348,-12.16227,5.21235,5.187391
154.64,-16.61218,5,-0.03512124,-0.783277,-0.2450293,-12.17251,5.34731,5.267293
154.66,-51.38489,5,-0.01426969,-0.7729539,0.2740546,-10.00897,5.21235,5.223899
154.68,-34.71252,5,0.02752402,-0.7432638,2.060315,-12.20828,5.27983,5.247055
154.7,-38.17297,5,0.0505483,-0.7374565,-1.069457,-12.05624,5.27983,5.254683
154.72,-50.56494,5,0.03117554,-0.7488176,0.3809245,-12.26842,5.21235,5.211312
154.74,-33.31396,5,0.02327017,-0.7628191,-1.176328,-13.60916,5.27983,5.229287
154.76,-36.46899,5,0.02531362,-0.7775414,-0.1534266,-12.76263,5.27983,5.237446
154.78,-38.19568,5,0.02724321,-0.777561,0.4267263,-12.53224,5.27983,5.24171
154.8,-38.83887,5,0.02337233,-0.7771933,-0.4893047,-12.54287,5.27983,5.24194
154.82,-39.27808,5,0.03585996,-0.7744217,0.4267263,-12.65799,5.27983,5.242455
154.84,-51.04529,5,0.03853821,-0.7821534,0.5030622,-12.81353,5.21235,5.20086
154.86,-33.94739,5,0.03552183,-0.7908912,-0.09235785,-14.06898,5.27983,5.221011
154.88,-37.29858,5,0.04203561,-0.7997507,-0.4282355,-13.19567,5.27983,5.230842
154.9,-27.57007,5,0.04726969,-0.7868329,0.3961921,-12.95247,5.34731,5.27675
154.92,-45.29175,5,0.04734096,-0.7765809,-0.4282355,-11.83665,5.27983,5.255438
154.94,-53.86719,5,0.05662713,-0.7731407,0.3809245,-12.94497,5.21235,5.204275
154.96,-35.33105,5,0.06209313,-0.7830235,-0.2450293,-14.53385,5.27983,5.22
154.98,-49.56299,5,0.06436527,-0.8052205,-0.2908313,-13.74613,5.21235,5.18659
155,-45.08643,5,0.04428514,-0.8245862,-0.4893047,-14.59679,5.21235,5.169653
155.02,-20.27844,5,0.04853299,-0.8282113,-0.5045714,-14.67136,5.34731,5.244737
155.04,-30.21167,5,0.02150366,-0.8211979,-1.023656,-12.12753,5.34731,5.276478
155.06,-45.57422,5,0.01239232,-0.7991153,0.7168028,-11.4451,5.27983,5.249813
155.08,-30.36414,5,0.04785194,-0.7684301,1.266421,-12.63569,5.34731,5.281301
155.1,-45.4425,5,0.04642975,-0.7624034,-0.4893047,-11.90373,5.27983,5.252039
155.12,-52.79639,5,0.05214288,-0.7654251,0.3198562,-12.98494,5.21235,5.197875
155.14,-45.07263,5,0.04317343,-0.7895429,-0.5045714,-14.40787,5.21235,5.171339
155.16,-30.37769,5,0.04112723,-0.8109515,-0.4129688,-14.53515,5.27983,5.201398
155.18,-34.08215,5,0.0007633828,-0.8264924,-1.893885,-13.00085,5.27983,5.212663
155.2,-35.4386,5,-0.01297086,-0.8209231,0.2129859,-12.31503,5.27983,5.219245
155.22,-36.76294,5,0.02140784,-0.7985225,1.174818,-12.11281,5.27983,5.228
155.24,-48.39954,5,0.004318618,-0.7947392,-0.4129688,-12.07732,5.21235,5.187801
155.26,-42.59534,5,0.008458759,-0.7983307,0.1671843,-13.23879,5.21235,5.169818
155.28,-28.54639,5,0.01042843,-0.8031784,-0.1534266,-13.39858,5.27983,5.203156
155.3,-44.47974,5,-0.0008980609,-0.8088596,-0.1381594,-12.07261,5.21235,5.177837
155.32,-29.39636,5,0.001979304,-0.796434,0.1366499,-12.78852,5.27983,5.208661
155.34,-33.54114,5,0.01427508,-0.783547,0.07558119,-11.77817,5.27983,5.224152
155.36,-46.5791,5,0.006043745,-0.7743835,0.2129859,-11.52545,5.21235,5.1891
155.38,-29.76538,5,0.007981915,-0.7654406,-0.1228922,-12.6525,5.27983,5.213262
155.4,-32.72485,5,0.005833006,-0.7630764,0.01451245,-11.68978,5.27983,5.223865
155.42,-33.87683,5,0.003149164,-0.7506709,0.07558119,-11.34252,5.27983,5.229209
155.44,-34.34302,5,0.01313121,-0.7354652,-0.1686933,-11.26058,5.27983,5.232737
155.46,-46.0625,5,0.02182192,-0.7300518,0.1061156,-11.30543,5.21235,5.193999
155.48,-28.41748,5,0.004707838,-0.731993,-0.2144953,-12.43176,5.27983,5.214022
155.5,-31.06299,5,0.002846128,-0.735686,-0.07709067,-11.38605,5.27983,5.223885
155.52,-32.28943,5,0.001732447,-0.7252409,0.1977187,-10.95795,5.27983,5.229916
155.54,-32.86011,5,0.01017682,-0.7106348,0.06031401,-10.82513,5.27983,5.23385
155.56,-33.0636,5,0.0182257,-0.6971932,0.4725278,-10.81953,5.27983,5.235972
155.58,-44.21118,5,0.009277536,-0.698648,-0.04655629,-10.82863,5.21235,5.194295
155.6,-38.4928,5,0.01813911,-0.7046086,-0.0007547362,-11.98689,5.21235,5.176601
155.62,-24.72778,5,0.02489675,-0.70986,0.1977187,-12.17028,5.27983,5.210549
155.64,-29.22278,5,0.01157987,-0.7092011,-0.03128911,-10.85739,5.27983,5.22541
155.66,-31.02588,5,0.008222871,-0.694524,0.04504682,-10.4325,5.27983,5.232655
155.68,-19.99536,5,0.01176464,-0.671216,0.1366499,-10.31812,5.34731,5.276489
155.7,-36.87366,5,0.01180276,-0.6542521,0.09084838,-9.151941,5.27983,5.254852
155.72,-33.16626,5,0.01181777,-0.6389732,-0.107625,-10.08195,5.27983,5.244022
155.74,-31.11621,5,0.01394297,-0.6379272,0.1213828,-10.32441,5.27983,5.238363
155.76,-41.84192,5,0.02056803,-0.6444507,0.01451245,-10.32264,5.21235,5.19656
155.78,-24.46838,5,0.01993554,-0.6479313,-0.06182348,-11.37441,5.27983,5.21872
155.8,-38.99634,5,0.01476083,-0.660845,0.01451245,-10.32176,5.21235,5.188447
155.82,-23.35449,5,0.0130814,-0.6570996,-0.04655629,-11.06153,5.27983,5.216669
155.84,-27.14319,5,0.01527128,-0.6524754,0.04504682,-9.977169,5.27983,5.230265
155.86,-28.98901,5,0.02418378,-0.6345646,0.06031401,-9.673107,5.27983,5.238011
155.88,-29.5658,5,0.02728452,-0.6191843,-0.1381594,-9.666901,5.27983,5.240624
155.9,-41.02039,5,0.02889499,-0.6168582,0.1519171,-9.74921,5.21235,5.200083
155.92,-23.65259,5,0.02938316,-0.6162382,-0.06182348,-10.93347,5.27983,5.221691
155.94,-26.55322,5,0.02803477,-0.6194656,-0.04655629,-9.956425,5.27983,5.231622
155.96,-28.10266,5,0.03651155,-0.6074958,0.07558119,-9.63271,5.27983,5.238229
155.98,-17.03271,5,0.03563249,-0.5886011,0.1824515,-9.54553,5.34731,5.280947
156,-33.64612,5,0.02427247,-0.5780933,-0.1686933,-8.355541,5.27983,5.257313
156.02,-30.20715,5,0.0391373,-0.5623013,0.7778715,-9.294006,5.27983,5.247991
156.04,-28.37292,5,0.0389358,-0.5621468,-0.04655629,-9.562027,5.27983,5.242305
156.06,-16.11682,5,0.04811774,-0.5533693,0.1977187,-9.557811,5.34731,5.28171
156.08,-33.22583,5,0.06335481,-0.5422807,0.4572606,-8.394016,5.27983,5.260938
156.1,-31.39587,5,0.1202667,-0.5158806,2.609933,-9.544263,5.27983,5.257411
156.12,-42.63647,5,0.1446749,-0.5155203,0.06031401,-10.22615,5.21235,5.213711
156.14,-24.8844,5,0.1282551,-0.5302348,0.3503905,-11.73121,5.27983,5.22896
156.16,-27.10815,5,0.1072653,-0.5536197,-0.5351062,-10.86432,5.27983,5.232715
156.18,-40.24658,5,0.1226673,-0.5620177,0.1213828,-10.59694,5.21235,5.1974
156.2,-24.28979,5,0.1295361,-0.5637247,0.3961921,-11.74574,5.27983,5.222143
156.22,-27.80664,5,0.1223975,-0.5714658,-0.2297625,-10.87106,5.27983,5.231378
156.24,-29.48425,5,0.1267191,-0.5660475,0.2893218,-10.66545,5.27983,5.23611
156.26,-30.31079,5,0.1357626,-0.5587885,0.2893218,-10.73023,5.27983,5.238069
156.28,-30.45361,5,0.1341433,-0.5564083,-0.01602192,-10.85117,5.27983,5.236966
156.3,-30.21069,5,0.1306043,-0.5577608,0.04504682,-10.93351,5.27983,5.234833
156.32,-30.17249,5,0.138571,-0.5573664,0.01451245,-10.99037,5.27983,5.234365
156.34,-30.16663,5,0.1395584,-0.5576693,0.02977964,-11.02754,5.27983,5.233582
156.36,-29.89661,5,0.1315748,-0.5605841,0.09084838,-11.02447,5.27983,5.231601
156.38,-41.21973,5,0.1308787,-0.5701529,-0.01602192,-11.01776,5.21235,5.189935
156.4,-23.74536,5,0.1177509,-0.5797496,-0.03128911,-12.0856,5.27983,5.210081
156.42,-26.95544,5,0.1252769,-0.5854043,0.04504682,-11.05216,5.27983,5.221373
156.44,-40.13586,5,0.1236124,-0.5853918,0.1213828,-10.71426,5.21235,5.186655
156.46,-23.74756,5,0.1263979,-0.5813373,-0.0007547362,-11.80435,5.27983,5.211393
156.48,-27.11865,5,0.1275278,-0.5813787,-0.1381594,-10.87297,5.27983,5.222426
156.5,-28.90186,5,0.1398317,-0.5675529,0.1977187,-10.64034,5.27983,5.229291
156.52,-29.38342,5,0.1359151,-0.5579372,-0.01602192,-10.6524,5.27983,5.230437
156.54,-29.47412,5,0.1452173,-0.5495877,0.01451245,-10.73907,5.27983,5.23101
156.56,-29.23181,5,0.1421355,-0.546252,0.02977964,-10.79379,5.27983,5.229816
156.58,-28.70862,5,0.1337365,-0.5467454,0.01451245,-10.77579,5.27983,5.227753
156.6,-28.28491,5,0.1321796,-0.5464029,-0.06182348,-10.70446,5.27983,5.226904
156.62,-27.92078,5,0.1275934,-0.5456774,-0.0007547362,-10.59757,5.27983,5.226318
156.64,-27.71851,5,0.1292307,-0.5424883,-0.0007547362,-10.49414,5.27983,5.226736
156.66,-27.56055,5,0.1293126,-0.5383698,-0.04655629,-10.40397,5.27983,5.227161
156.68,-15.81177,5,0.1292329,-0.525984,0.04504682,-10.30116,5.34731,5.268079
156.7,-21.04578,5,0.1295353,-0.5076438,-0.0007547362,-9.046894,5.34731,5.28669
156.72,-46.00073,5,0.127014,-0.4985818,0.5488637,-8.786617,5.21235,5.212955
156.74,-24.28418,5,0.1498328,-0.4922834,1.464895,-11.18087,5.27983,5.221745
156.76,-37.19556,5,0.1609908,-0.5099215,-0.2602969,-10.63025,5.21235,5.185648
156.78,-21.0592,5,0.1607161,-0.5149478,0.6404669,-11.54447,5.27983,5.210752
156.8,-24.4845,5,0.1506096,-0.5217568,-0.3213652,-10.48563,5.27983,5.221222
156.82,-37.76831,5,0.1565956,-0.5201647,0.4114593,-10.1787,5.21235,5.187064
156.84,-22.12292,5,0.1861536,-0.5083754,2.045048,-11.39074,5.27983,5.215169
156.86,-26.6095,5,0.2145607,-0.4988154,0.8389403,-10.70851,5.27983,5.229561
156.88,-28.17041,5,0.1986365,-0.4918123,0.8694746,-10.65905,5.27983,5.2317
156.9,-28.5387,5,0.2052123,-0.4862897,-0.0007547362,-10.80652,5.27983,5.231631
156.92,-28.97266,5,0.2250221,-0.4798777,0.5488637,-11.00845,5.27983,5.232547
156.94,-17.57312,5,0.2268405,-0.4709308,0.4572606,-11.16727,5.34731,5.271815
156.96,-34.33801,5,0.2206082,-0.4692255,0.1366499,-10.12681,5.27983,5.246653
156.98,-30.85547,5,0.2231231,-0.4653794,0.1213828,-11.14048,5.27983,5.234369
157,-29.15417,5,0.2252083,-0.4737253,0.1824515,-11.46413,5.27983,5.227614
157.02,-28.14502,5,0.2119761,-0.4858539,0.09084838,-11.46161,5.27983,5.222855
157.04,-27.7677,5,0.2118514,-0.4925897,-0.1534266,-11.35798,5.27983,5.221605
157.06,-27.81177,5,0.2147112,-0.4941956,0.1366499,-11.26124,5.27983,5.221996
157.08,-39.57153,5,0.2193383,-0.5004668,0.2587874,-11.2426,5.21235,5.182124
157.1,-22.55554,5,0.2164746,-0.5054563,-0.09235785,-12.38167,5.27983,5.203907
157.12,-26.01501,5,0.2264385,-0.5091247,0.1213828,-11.45027,5.27983,5.21534
157.14,-39.22766,5,0.2240413,-0.5099177,0.1977187,-11.20305,5.21235,5.179832
157.16,-34.3313,5,0.22478,-0.5163652,0.1213828,-12.37523,5.21235,5.162912
157.18,-20.95215,5,0.2368155,-0.5217249,0.4419934,-12.67012,5.27983,5.197025
157.2,-37.02576,5,0.2174449,-0.5330251,-0.1534266,-11.47588,5.21235,5.169682
157.22,-21.5249,5,0.2027298,-0.53141,-0.1686933,-12.23512,5.27983,5.19673
157.24,-13.82898,5,0.2112652,-0.518925,0.1824515,-11.17459,5.34731,5.251204
157.26,-32.37622,5,0.2045654,-0.500488,0.09084838,-9.70022,5.27983,5.234582
157.28,-29.44763,5,0.2074978,-0.4806833,0.02977964,-10.60592,5.27983,5.226142
157.3,-28.70618,5,0.2506592,-0.4659879,3.49543,-11.05064,5.27983,5.226051
157.32,-16.73779,5,0.2479564,-0.4551716,-1.283198,-11.23389,5.34731,5.26419
157.34,-33.76685,5,0.2647388,-0.4455215,0.4572606,-10.22898,5.27983,5.241918
157.36,-30.09509,5,0.2516135,-0.4416727,-0.03128911,-11.23922,5.27983,5.228318
157.38,-28.92749,5,0.2847539,-0.4410935,0.7931387,-11.64625,5.27983,5.225186
157.4,-28.02551,5,0.2615337,-0.4521654,-0.3671672,-11.71898,5.27983,5.219614
157.42,-39.26929,5,0.2680764,-0.4655494,-0.3213652,-11.72385,5.21235,5.177745
157.44,-22.71118,5,0.2858762,-0.4694001,0.1671843,-12.8973,5.27983,5.201846
157.46,-26.17029,5,0.2789153,-0.4782566,0.09084838,-11.97869,5.27983,5.211414
157.48,-27.91235,5,0.2834639,-0.4727963,-0.1534266,-11.73901,5.27983,5.216656
157.5,6.048096,5,0.2863863,-0.4429387,0.07558119,-11.6913,5.48227,5.340137
157.52,-56.61853,5,0.2850112,-0.4311578,0.1213828,-8.329305,5.21235,5.231871
157.54,-28.94641,5,0.2632536,-0.4207066,0.1977187,-12.33292,5.27983,5.21805
157.56,-30.33948,5,0.4072792,-0.4086975,9.571767,-12.66674,5.27983,5.228341
157.58,-31.80347,5,0.3977191,-0.4112614,-4.321367,-13.00018,5.27983,5.227434
157.6,-32.16223,5,0.3952325,-0.4207363,1.861841,-13.36427,5.27983,5.223111
157.62,-31.65686,5,0.3734361,-0.4391913,-1.115259,-13.57107,5.27983,5.216153
157.64,-31.99353,5,0.3962433,-0.4477905,0.1671843,-13.73745,5.27983,5.215509
157.66,-43.89929,5,0.3912722,-0.4660966,0.4267263,-13.89337,5.21235,5.172523
157.68,-26.8512,5,0.3808541,-0.4841799,-0.5045714,-15.14036,5.27983,5.191218
157.7,-42.2196,5,0.3991799,-0.5039573,0.2435202,-14.33374,5.21235,5.161526
157.72,-26.51758,5,0.3674279,-0.5182673,-1.43587,-15.2236,5.27983,5.184297
157.74,-29.17847,5,0.3260927,-0.5398544,-1.619076,-14.08831,5.27983,5.189795
157.76,-42.02148,5,0.3288801,-0.5466902,0.5030622,-13.64348,5.21235,5.15471
157.78,-25.06396,5,0.3050587,-0.5524827,-0.3519,-14.53899,5.27983,5.177049
157.8,-28.00317,5,0.2976313,-0.5575594,-0.9015187,-13.39214,5.27983,5.187801
157.82,-41.49915,5,0.3184674,-0.5487441,0.8389403,-13.02687,5.21235,5.156731
157.84,-24.8573,5,0.3016139,-0.5442892,-0.596175,-14.0632,5.27983,5.180337
157.86,-27.83667,5,0.2988442,-0.5438206,0.07558119,-13.05626,5.27983,5.191064
157.88,-17.92798,5,0.313594,-0.5193187,0.5946653,-12.71599,5.34731,5.239686
157.9,-35.70898,5,0.3220994,-0.4972452,0.2282531,-11.54351,5.27983,5.221246
157.92,-44.39514,5,0.3387528,-0.483061,0.8847416,-12.64299,5.21235,5.172408
157.94,-25.17456,5,0.3201585,-0.4923386,-0.9320526,-14.15359,5.27983,5.185972
157.96,-26.60742,5,0.2952093,-0.5113373,-1.267931,-13.12507,5.27983,5.190074
157.98,-27.58984,5,0.3017334,-0.5076905,0.4267263,-12.61257,5.27983,5.196146
158,-16.75134,5,0.308301,-0.4887099,-0.2297625,-12.36866,5.34731,5.24136
158.02,-45.55432,5,0.3095453,-0.4805726,0.7778715,-11.16648,5.21235,5.180406
158.04,-25.32947,5,0.319123,-0.4686067,0.9610775,-13.28386,5.27983,5.193675
158.06,-26.58545,5,0.3095651,-0.477613,-1.481671,-12.60498,5.27983,5.197442
158.08,-39.0752,5,0.3222501,-0.4788622,1.159551,-12.35149,5.21235,5.161757
158.1,-22.24109,5,0.3119855,-0.4797909,-0.6419765,-13.38318,5.27983,5.184839
158.12,-25.35278,5,0.3095255,-0.4826187,-0.3519,-12.35579,5.27983,5.19562
158.14,-27.14807,5,0.3237739,-0.4682858,1.098482,-12.03978,5.27983,5.203518
158.16,-27.76465,5,0.3220389,-0.456473,0.01451245,-12.00501,5.27983,5.205864
158.18,-27.91553,5,0.3306405,-0.4463044,-0.3060985,-12.07165,5.27983,5.207016
158.2,-27.80359,5,0.3325447,-0.4401443,0.1671843,-12.13579,5.27983,5.206813
158.22,-38.93274,5,0.3251412,-0.4467603,-0.2297625,-12.16562,5.21235,5.164542
158.24,-33.13696,5,0.3255756,-0.4588578,-0.1686933,-13.30837,5.21235,5.145621
158.26,-19.00769,5,0.3166741,-0.4721633,-0.596175,-13.42148,5.27983,5.177421
158.28,-35.41602,5,0.3219405,-0.478116,0.3809245,-12.11412,5.21235,5.154068
158.3,-20.50696,5,0.3153394,-0.4695314,0.2129859,-12.85955,5.27983,5.184005
158.32,-24.38135,5,0.3147124,-0.4634196,-0.3213652,-11.84351,5.27983,5.197286
158.34,-37.58386,5,0.3177348,-0.4552183,0.5488637,-11.59857,5.21235,5.163246
158.36,-20.92944,5,0.3165838,-0.4482155,-0.09235785,-12.73776,5.27983,5.187327
158.38,-24.05347,5,0.317212,-0.4467996,-0.4740371,-11.80932,5.27983,5.19813
158.4,-25.85315,5,0.3353997,-0.4301057,0.6251997,-11.57296,5.27983,5.205973
158.42,-26.33167,5,0.3299364,-0.4189982,-0.2144953,-11.57857,5.27983,5.207387
158.44,-25.91418,5,0.3203717,-0.4147038,-0.09235785,-11.59625,5.27983,5.20579
158.46,-25.78992,5,0.3343352,-0.4075556,0.01451245,-11.61116,5.27983,5.206882
158.48,-25.92407,5,0.344035,-0.400188,0.1366499,-11.63991,5.27983,5.208187
158.5,-25.80591,5,0.341107,-0.396663,-0.09235785,-11.66141,5.27983,5.207617
158.52,-13.89038,5,0.3363417,-0.3877504,0.07558119,-11.62117,5.34731,5.247034
158.54,-42.06238,5,0.3320485,-0.3896286,0.02977964,-10.42692,5.21235,5.183172
158.56,-21.73853,5,0.3423593,-0.3835025,0.2587874,-12.48927,5.27983,5.196017
158.58,-23.34888,5,0.3417591,-0.3930301,-0.4587703,-11.79531,5.27983,5.201145
158.6,-35.18457,5,0.3173884,-0.4050852,0.02977964,-11.44271,5.21235,5.160999
158.62,-29.83374,5,0.3216281,-0.4145828,0.07558119,-12.4171,5.21235,5.144727
158.64,-16.43591,5,0.3320283,-0.4188039,0.1671843,-12.52894,5.27983,5.180429
158.66,-33.02478,5,0.3306206,-0.4215254,-0.0007547362,-11.27175,5.21235,5.156971
158.68,-18.01477,5,0.3239006,-0.4117513,0.07558119,-12.06782,5.27983,5.186363
158.7,-21.64783,5,0.3181626,-0.4068818,-0.3060985,-11.05746,5.27983,5.198614
158.72,-34.83215,5,0.3261403,-0.3978943,0.1977187,-10.80847,5.21235,5.164999
158.74,-18.01685,5,0.3172789,-0.3924215,-0.01602192,-11.91686,5.27983,5.18829
158.76,-20.82837,5,0.3099607,-0.3934632,-0.04655629,-10.92455,5.27983,5.198076
158.78,-22.11365,5,0.3139712,-0.3808352,0.1977187,-10.56574,5.27983,5.204367
158.8,-22.75671,5,0.3248565,-0.3652927,-0.1686933,-10.49304,5.27983,5.208392
158.82,-22.9314,5,0.330592,-0.3529228,0.06031401,-10.52694,5.27983,5.209961
158.84,-11.27795,5,0.3353563,-0.3360494,0.07558119,-10.55569,5.34731,5.251003
158.86,-28.09521,5,0.338636,-0.3240228,-0.06182348,-9.433275,5.27983,5.228686
158.88,-24.49329,5,0.3377662,-0.312986,0.1824515,-10.38435,5.27983,5.217441
158.9,-22.77515,5,0.3474255,-0.3132305,0.3198562,-10.67821,5.27983,5.212485
158.92,-45.01807,5,0.3421804,-0.3331325,-0.09235785,-10.73017,5.144871,5.128345
158.94,-10.59412,5,0.3412294,-0.3464752,-0.09235785,-12.95423,5.27983,5.172091
158.96,-5.348389,5,0.3346478,-0.3541638,-0.03128911,-10.901,5.34731,5.233453
158.98,-13.16943,5,0.3028327,-0.3356513,-0.7335792,-8.910523,5.34731,5.259753
159,-28.88208,5,0.3546194,-0.2951652,2.503063,-8.584177,5.27983,5.237976
159.02,-26.31262,5,0.4177174,-0.2589618,4.533598,-10.16453,5.27983,5.231955
159.04,-26.39844,5,0.4809291,-0.2392828,2.869475,-11.16145,5.27983,5.231333
159.06,-25.65698,5,0.4547295,-0.2493851,-0.9015187,-11.74207,5.27983,5.22194
159.08,-13.75244,5,0.4700688,-0.251965,-0.2297625,-12.08049,5.34731,5.258209
159.1,-30.66516,5,0.4660117,-0.2597258,-0.03128911,-11.11786,5.27983,5.231917
159.12,-27.02649,5,0.4503081,-0.2687458,-0.1534266,-12.13883,5.27983,5.216439
159.14,-37.16089,5,0.4629943,-0.2906129,0.1061156,-12.51487,5.21235,5.169413
159.16,-19.41418,5,0.4461057,-0.3141841,-0.1381594,-13.7057,5.27983,5.186321
159.18,-33.79309,5,0.4327857,-0.3445286,-0.519839,-12.68359,5.21235,5.152876
159.2,-17.82568,5,0.4092546,-0.3588136,-0.9473198,-13.35779,5.27983,5.177356
159.22,-34.04736,5,0.443749,-0.3638861,0.4725278,-12.33468,5.21235,5.153887
159.24,-19.31018,5,0.4372501,-0.3591625,0.1061156,-13.25111,5.27983,5.182496
159.26,-23.42004,5,0.4416419,-0.3572181,-0.06182348,-12.38446,5.27983,5.194856
159.28,-24.79236,5,0.4270272,-0.3514234,-0.0007547362,-12.17902,5.27983,5.197914
159.3,-25.35461,5,0.4392824,-0.3424978,-0.1381594,-12.22295,5.27983,5.20007
159.32,-37.10999,5,0.4432811,-0.344751,0.1671843,-12.34693,5.21235,5.159659
159.34,-31.47729,5,0.4392859,-0.3575019,-0.09235785,-13.60099,5.21235,5.139802
159.36,-17.56409,5,0.4396951,-0.3706239,-0.1228922,-13.83658,5.27983,5.171716
159.38,-22.07898,5,0.426401,-0.3758761,-0.1381594,-12.54485,5.27983,5.185893
159.4,-24.37378,5,0.4362782,-0.3619611,-0.1228922,-12.18239,5.27983,5.194629
159.42,-14.10388,5,0.4544655,-0.3369156,0.5946653,-12.21039,5.34731,5.240274
159.44,-31.43481,5,0.4552662,-0.321942,-0.2144953,-11.21976,5.27983,5.218113
159.46,-28.32922,5,0.4715228,-0.3069367,-0.0007547362,-12.36877,5.27983,5.207972
159.48,-38.03589,5,0.4663234,-0.3203923,0.5030622,-12.81968,5.21235,5.15949
159.5,-31.55945,5,0.4617693,-0.3433006,-0.2755641,-14.08126,5.21235,5.136756
159.52,-17.3136,5,0.4541985,-0.3645126,-0.596175,-14.2103,5.27983,5.167391
159.54,-34.29565,5,0.4762796,-0.3713371,0.2587874,-12.96046,5.21235,5.145842
159.56,-31.72522,5,0.4821362,-0.3696718,0.5183294,-13.87129,5.21235,5.136618
159.58,-18.76465,5,0.471919,-0.3746074,-0.3213652,-14.15397,5.27983,5.170071
159.6,-23.97668,5,0.4844102,-0.3691256,0.09084838,-13.0769,5.27983,5.186927
159.62,-26.56421,5,0.4960516,-0.3519266,0.1977187,-12.93318,5.27983,5.195133
159.64,-27.37146,5,0.4956156,-0.341529,-0.1228922,-13.09815,5.27983,5.196143
159.66,-27.5011,5,0.502429,-0.3361944,-0.03128911,-13.31153,5.27983,5.195419
159.68,-27.28479,5,0.4997162,-0.3368378,0.1061156,-13.45647,5.27983,5.193264
159.7,-27.04419,5,0.4991677,-0.3393493,-0.03128911,-13.52877,5.27983,5.191534
159.72,-38.80664,5,0.5124195,-0.3461306,0.04504682,-13.6228,5.21235,5.151504
159.74,-21.71667,5,0.5031846,-0.3550718,0.06031401,-14.81588,5.27983,5.171993
159.76,-24.54102,5,0.4886844,-0.3688414,-0.7183124,-13.83051,5.27983,5.179775
159.78,-26.42249,5,0.5075549,-0.3608536,0.7931387,-13.53073,5.27983,5.187292
159.8,-27.1521,5,0.5010098,-0.3550716,-0.04655629,-13.50079,5.27983,5.188839
159.82,-27.14148,5,0.4976558,-0.3524645,-0.09235785,-13.54288,5.27983,5.188138
159.84,-27.10254,5,0.503555,-0.3496469,0.2587874,-13.58902,5.27983,5.188138
159.86,-15.46606,5,0.5036902,-0.340444,0.02977964,-13.59036,5.34731,5.22831
159.88,-32.30127,5,0.5012845,-0.3347496,-0.01602192,-12.43375,5.27983,5.205214
159.9,-29.16992,5,0.5145609,-0.3235854,0.5793981,-13.41323,5.27983,5.195777
159.92,-27.31897,5,0.504132,-0.3304394,-0.3671672,-13.7065,5.27983,5.188501
159.94,-26.85156,5,0.5204672,-0.3327082,0.1366499,-13.76823,5.27983,5.187742
159.96,-26.92957,5,0.524079,-0.3337165,0.1366499,-13.77438,5.27983,5.187792
159.98,-26.87317,5,0.5187214,-0.3360752,-0.107625,-13.76854,5.27983,5.186736
160,-38.3064,5,0.5165846,-0.3459489,0.09084838,-13.77708,5.21235,5.145247
160.02,25.02002,-5,0.5094619,-0.3545058,0.06031401,-14.88688,5.27983,5.166239
160.04,25.48566,-5,0.5065355,-0.3132022,-0.6419765,-9.168208,5.27983,5.177158
160.06,15.46246,-5,0.591144,-0.1752654,5.800774,-5.604485,5.21235,5.152602
160.08,30.45441,-5,0.8947532,0.06247568,15.98398,-5.205554,5.27983,5.21053
160.1,25.7644,-5,1.124822,0.3062911,10.38093,-4.149668,5.27983,5.24053
160.12,26.88586,-5,1.267304,0.5230901,7.77024,-4.353168,5.27983,5.241113
160.14,29.59161,-5,1.481636,0.7297461,10.86948,-5.045616,5.27983,5.238951
160.16,81.44397,-5,1.572483,0.9212385,4.426728,-5.384579,5.54975,5.381763
160.18,66.05603,-5,1.69146,1.120477,7.06795,-0.7280211,5.54975,5.43657
160.2,64.32617,-5,1.777847,1.336206,7.449629,0.5529668,5.54975,5.447803
160.22,60.87665,-5,2.199049,1.619052,20.60994,-0.1450615,5.54975,5.480512
160.24,69.98584,-5,2.476051,1.879603,15.96872,-1.81652,5.61723,5.531556
160.26,52.69797,-5,2.736397,2.099637,12.77787,-2.863952,5.54975,5.504554
160.28,69.29001,-5,2.94609,2.284412,12.18246,-5.946391,5.61723,5.517441
160.3,116.4007,-5,3.057195,2.439989,4.029781,-6.546179,5.887151,5.660681
160.32,125.2413,-5,3.036883,2.582536,1.464895,-2.033836,6.02211,5.772869
160.34,101.6823,-5,3.131918,2.770651,8.487798,1.531539,5.95463,5.77193
160.36,98.15341,-5,3.577569,3.056636,23.93818,0.04745317,5.95463,5.801682
160.38,82.54929,-5,3.913996,3.306987,16.41146,-2.407783,5.887151,5.773002
160.4,-83.25507,-5,4.041652,3.341977,7.144286,-6.375767,4.87495,5.117972
160.42,6.664391,-5,4.147512,3.226,4.426728,-26.04841,4.87495,4.796601
160.44,120.2178,-5,4.041365,2.973512,-4.657245,-29.42125,5.27983,4.862146
160.46,104.1308,-5,3.637385,2.739938,-31.60382,-18.83516,5.21235,4.810495
160.48,139.7854,-5,2.879011,2.542549,-34.39771,-10.84299,5.27983,4.756508
160.5,141.3517,-5,3.215962,2.675837,22.94582,-3.040366,5.27983,4.820003
160.52,120.0349,-5,3.627326,2.99657,18.02979,0.9233561,5.21235,4.870625
160.54,120.3347,-5,4.286371,3.443788,30.45727,-0.7494891,5.27983,4.993333
160.56,151.8863,-5,4.704987,3.858122,23.14429,-3.085428,5.54975,5.209554
160.58,137.7096,-5,4.969344,4.195624,13.22062,-2.271678,5.61723,5.32118
160.6,131.0854,-5,4.976347,4.416273,4.518331,-3.150514,5.61723,5.31709
160.62,-39.89136,-5,5.182788,4.485297,11.84658,-5.433412,4.60503,4.691959
160.64,267.7325,-5,5.262351,4.555304,3.968712,-23.94106,5.887151,5.156132
160.66,44.54645,-5,5.22619,4.455913,-4.016023,-5.311972,4.94243,4.774732
160.68,152.7274,-5,4.876508,4.434065,-24.00076,-14.2262,5.21235,4.717311
160.7,167.1907,-5,5.210231,4.49487,18.88475,-10.23966,5.27983,4.777174
160.72,216.1176,-5,4.951082,4.572589,-10.41297,-5.125097,5.54975,4.928678
160.74,206.7438,-5,4.752924,4.692421,9.785508,3.921491,5.54975,4.973747
160.76,36.16797,-5,5.22102,4.927088,18.76261,7.083161,4.60503,4.491373
160.78,102.2032,-5,5.669966,5.13617,30.64048,-9.488287,4.60503,4.305201
160.8,180.6604,-5,6.149025,5.27075,23.60231,-15.20252,4.94243,4.448783
160.82,232.8877,-5,5.706799,5.256231,-17.45114,-9.40746,5.27983,4.627936
160.84,50.05603,-5,5.19714,5.119425,-22.62672,1.075364,4.267631,4.03406
160.86,184.5728,-5,5.540677,5.203229,17.02215,-11.42576,4.60503,4.032372
160.88,239.5225,-5,5.89581,5.337431,22.09085,-7.11439,4.94243,4.278872
160.9,99.53674,-5,5.739779,5.410612,-8.168697,1.593873,4.267631,3.953604
160.92,217.4741,-5,5.845081,5.568155,9.312226,-6.932775,4.67251,4.054272
160.94,62.51074,-5,6.224532,5.661018,17.95345,-2.186868,3.86275,3.647882
160.96,25.66992,-5,5.982952,5.545644,-9.909155,-14.05457,3.25543,3.0463
160.98,162.323,-5,6.173776,5.391469,8.976348,-26.07206,3.592831,2.999376
161,75.52551,-5,5.656556,5.026445,-18.68778,-18.65607,2.985511,2.556637
161.02,82.20264,-5,4.894948,4.598019,-37.9397,-20.05058,2.58063,2.056119
161.04,39.60815,-5,4.623904,4.190646,2.762605,-19.55918,1.90583,1.455609
161.06,224.3704,-5,4.633961,4.015078,-5.130528,-23.2664,2.51315,1.62127
161.08,177.0487,-5,4.302597,3.898968,-21.55801,-5.953256,2.31071,1.586973
161.1,78.27576,-5,4.035531,3.905769,-20.06183,1.42672,1.63591,1.183939
161.12,21.57507,-5,4.28556,3.961936,13.43437,-4.666778,0.9611101,0.6644211
161.14,193.5192,-5,4.77776,4.105404,22.79315,-15.75926,1.568431,0.8747783
161.16,69.19006,-5,4.695962,4.089302,-6.19923,-5.621002,0.9611101,0.5952774
161.18,-9.403687,-5,4.461826,3.992477,-20.73359,-10.91148,0.2188301,0.00266384
161.2,185.6897,-5,4.66794,3.957642,14.71681,-22.71709,0.89363,0.183713
161.22,55.88281,-5,4.766109,3.88413,-0.3366328,-11.34106,0.2863102,-0.07052548
161.24,-25.37964,-5,4.387716,3.719627,-31.95496,-15.89784,-0.4559698,-0.6681601
161.26,198.8522,-5,3.832971,3.447315,-10.94732,-24.89217,0.2863102,-0.5417166
161.28,48.41089,-5,4.012154,3.300385,8.411462,-9.032466,-0.4559698,-0.8506927
161.3,149.2107,-5,4.068998,3.389588,3.129017,-13.77115,-0.1185694,-0.7407868
161.32,13.09241,-5,4.51884,3.513369,15.77024,-8.452101,-0.7933693,-1.028835
161.34,103.6436,-5,4.551215,3.613722,-3.81755,-18.65265,-0.5234499,-1.004631
161.36,55.45264,-5,4.643641,3.603277,3.541231,-16.6293,-0.7933693,-1.156325
161.38,-29.70349,-5,4.308217,3.423768,-21.49694,-19.25269,-1.46817,-1.676558
161.4,106.4861,-5,3.99131,3.177313,-13.08473,-28.34411,-1.13077,-1.733386
161.42,12.91675,-5,3.770932,2.87887,-10.50457,-20.0486,-1.738089,-2.113766
161.44,175.2576,-5,3.428741,2.730381,-23.02366,-22.59782,-1.13077,-1.916288
161.46,52.58411,-5,3.127731,2.584789,-9.2832,-7.057391,-1.738089,-2.183633
161.48,138.849,-5,3.13117,2.672379,-0.2297625,-9.035654,-1.46817,-2.093317
161.5,23.88855,-5,3.374486,2.778695,24.33513,-2.621075,-2.075489,-2.361631
161.52,120.8837,-5,3.576289,2.960167,6.976346,-10.49308,-1.738089,-2.24639
161.54,-5.119141,-5,3.634984,2.983986,1.938177,-6.305532,-2.412889,-2.598214
161.56,108.0956,-5,3.500466,2.977059,-5.60381,-15.64085,-2.075489,-2.570509
161.58,-1.699951,-5,3.662772,2.91036,5.373293,-11.12023,-2.68281,-2.892091
161.6,-80.86072,-5,3.534257,2.734989,-8.260299,-19.03876,-3.425089,-3.491607
161.62,119.0253,-5,3.38534,2.505105,-5.374802,-31.47105,-2.75029,-3.362695
161.64,-73.95105,-5,3.269198,2.191113,-4.565641,-19.4805,-3.762489,-3.895953
161.66,130.3628,-5,2.922405,2.017571,-20.13817,-29.58257,-3.02021,-3.698213
161.68,-0.2015381,-5,2.353714,1.693723,-32.61145,-13.93071,-3.695009,-4.049979
161.7,104.7611,-5,1.863673,1.525867,-24.80993,-14.97914,-3.425089,-4.047596
161.72,177.9985,-5,1.798161,1.535819,5.98398,-4.642904,-3.02021,-3.749721
161.74,-21.59521,-5,1.925944,1.682723,9.464897,8.840864,-3.96493,-4.117738
161.76,81.50403,-5,2.082227,1.908806,8.945812,-2.76352,-3.695009,-4.085415
161.78,57.62561,-5,2.768296,2.161269,35.64811,-2.308459,-3.762489,-4.023886
161.8,41.57898,-5,3.335753,2.465899,24.10612,-6.323875,-3.762489,-3.944788
161.82,-124.2622,-5,3.274339,2.455601,-4.321367,-10.73835,-4.707209,-4.531606
161.84,7.86792,-5,3.028412,2.228179,-13.39007,-29.45499,-4.43729,-4.692561
161.86,109.6735,-5,2.809382,1.918438,-13.08473,-27.5634,-3.96493,-4.499558
161.88,-87.39636,-5,2.369008,1.583675,-25.39008,-14.94985,-4.977129,-5.041415
161.9,43.10913,-5,1.772634,1.27872,-33.81756,-24.38445,-4.707209,-5.159928
161.92,64.84045,-5,1.409402,0.9674371,-10.10763,-16.17836,-4.707209,-5.205204
161.94,139.4249,-5,1.344011,0.9466274,-3.603809,-8.168778,-4.30233,-4.921877
161.96,89.84998,-5,1.460841,1.136983,8.121386,4.259946,-4.36981,-4.775466
161.98,65.42053,-5,1.980913,1.546297,27.14429,5.738112,-4.36981,-4.629962
162,39.5448,-5,2.673445,2.000329,34.3962,1.935516,-4.36981,-4.504565
162.02,15.55457,-5,3.318198,2.38544,32.27407,-5.362339,-4.36981,-4.422627
162.04,0.831665,-5,3.660016,2.589019,14.22826,-13.77697,-4.36981,-4.411841
162.06,-172.6627,-5,3.590046,2.434939,-6.3061,-20.99385,-5.38201,-5.086039
162.08,-7.316406,-5,3.165229,2.030258,-22.97786,-41.71151,-4.977129,-5.232706
162.1,-146.2905,-5,2.528939,1.318039,-34.68779,-36.93348,-5.92185,-5.933119
162.12,0.4575195,-5,1.689709,0.6369907,-46.70306,-44.8935,-5.65193,-6.132355
162.14,95.45361,-5,0.7332477,-0.005975185,-52.26031,-31.97317,-5.314529,-6.052887
162.16,-61.427,-5,-0.2853015,-0.5330829,-54.39772,-10.74028,-6.259249,-6.598164
162.18,188.1913,-5,-0.8595587,-0.6987253,-10.56564,-10.18653,-5.314529,-6.2287
162.2,133.0919,-5,0.02528137,-0.3258156,32.60994,12.48795,-5.247049,-5.802652
162.22,78.35303,-5,0.4874526,0.3251591,17.54124,20.39036,-5.247049,-5.524497
162.24,43.99011,-5,1.13177,0.9913711,36.27407,17.96707,-5.247049,-5.349885
162.26,-65.95422,-5,2.482609,1.677084,60.01453,8.213503,-5.65193,-5.402931
162.28,-62.58032,-5,3.119845,2.051406,28.82368,-11.48481,-5.65193,-5.450349
162.3,-59.11743,-5,3.299069,2.042259,11.26643,-24.79765,-5.65193,-5.545176
162.32,-1.028442,-5,3.478756,1.918898,4.777873,-33.79278,-5.314529,-5.419291
162.34,-195.0964,-5,3.151392,1.523915,-20.91679,-33.22459,-6.326729,-6.051625
162.36,-21.95984,-5,1.899177,0.8275791,-63.57329,-48.10754,-5.92185,-6.262929
162.38,70.88879,-5,0.4978393,-0.04046967,-71.35956,-35.63576,-5.65193,-6.311775
162.4,96.83826,-5,-0.431386,-0.5746582,-47.34428,-14.85809,-5.58445,-6.27923
162.42,149.0848,-5,-0.5360593,-0.5645834,-0.9473198,2.003998,-5.247049,-5.945793
162.44,25.66602,-5,-0.3137624,-0.2549177,27.40384,17.55007,-5.71941,-5.97519
162.46,35.84778,-5,0.5117109,0.3206607,44.1672,12.66341,-5.65193,-5.820276
162.48,-51.28137,-5,1.496804,0.8612801,47.60232,7.058709,-5.989328,-5.862953
162.5,-41.84985,-5,2.267329,1.271972,37.52598,-8.008811,-5.92185,-5.812815
162.52,-54.63818,-5,2.672586,1.421866,17.86185,-18.40326,-5.92185,-5.818974
162.54,0.2587891,-5,2.228317,1.250139,-29.34427,-25.00325,-5.65193,-5.779604
162.56,60.63037,-5,1.106371,0.801263,-56.56566,-19.96255,-5.38201,-5.755586
162.58,-88.94812,-5,0.09981968,0.2500158,-51.77176,-7.49699,-6.326729,-6.387325
162.6,14.87146,-5,-0.3786061,-0.1366071,6.655736,-12.68525,-6.259249,-6.605306
162.62,17.21887,-5,0.6030982,-0.08299437,41.60231,-8.91562,-6.259249,-6.492572
162.64,-5.670288,-5,0.9789639,0.1089181,16.3504,-7.461247,-6.259249,-6.376093
162.66,41.69006,-5,0.894618,0.2439575,-9.267933,-8.404669,-5.92185,-6.15148
162.68,4.921509,-5,0.7630372,0.3029919,-8.748849,-3.830167,-5.989328,-6.120978
162.7,5.652832,-5,0.6399639,0.3424638,-5.695413,-4.101861,-5.989328,-6.125032
162.72,-1.071655,-5,1.002198,0.4657837,17.48017,-5.427075,-5.989328,-6.077803
162.74,-13.37268,-5,1.313457,0.6016015,20.13666,-8.040945,-5.989328,-6.03062
162.76,-13.30469,-5,1.547214,0.7053459,9.495431,-11.79323,-5.92185,-5.965328
162.78,-24.79028,-5,1.612616,0.7252704,0.304589,-14.51318,-5.92185,-5.957204
162.8,-39.16113,-5,1.566594,0.6599547,-3.283198,-17.36947,-5.989328,-6.02279
162.82,-31.02014,-5,1.426097,0.5209228,-7.619077,-20.26012,-5.989328,-6.082392
162.84,-22.38599,-5,1.189088,0.3276173,-12.10763,-20.57101,-5.989328,-6.138279
162.86,-3.975952,-5,0.9937347,0.1589578,-11.02366,-19.23942,-5.92185,-6.13269
162.88,-17.38525,-5,0.862295,0.03965689,-6.886253,-16.09677,-5.989328,-6.167156
162.9,-13.37195,-5,0.7896028,-0.02129717,-2.321366,-15.1362,-5.989328,-6.173746
162.92,-15.2572,-5,0.8588675,-0.02347206,3.098483,-14.33366,-5.989328,-6.154714
162.94,-7.116333,-5,0.8865643,-0.0004325658,-0.04655629,-14.06615,-5.92185,-6.097383
162.96,-25.5531,-5,0.8560061,0.005773976,-0.519839,-12.99363,-5.989328,-6.115828
162.98,-24.0531,-5,0.9001396,0.02205944,1.098482,-14.2991,-5.989328,-6.117815
163,-23.89099,-5,0.9032536,0.01440288,0.5183294,-15.02409,-5.989328,-6.119997
163.02,-24.15857,-5,0.8972371,-0.004142523,-0.8099151,-15.47286,-5.989328,-6.121785
163.04,-25.15186,-5,0.9059235,-0.0221352,-0.04655629,-15.83381,-5.989328,-6.120393
163.06,-14.66589,-5,0.897188,-0.03628695,-0.5809073,-16.12675,-5.92185,-6.079595
163.08,-21.91968,-5,0.9199048,-0.03811547,0.4267263,-15.3489,-5.92185,-6.057401
163.1,-25.75891,-5,0.919359,-0.03713188,0.2893218,-15.576,-5.92185,-6.048595
163.12,-28.05872,-5,0.9338711,-0.04145667,0.304589,-16.17177,-5.92185,-6.044945
163.14,-40.85327,-5,0.925773,-0.06742239,-0.1534266,-16.8048,-5.989328,-6.087181
163.16,-36.33899,-5,0.9215726,-0.1060159,-0.4435031,-18.50998,-5.989328,-6.10767
163.18,-22.99792,-5,0.8899806,-0.1544304,-1.985488,-19.05906,-5.92185,-6.079713
163.2,-27.40845,-5,0.8312014,-0.2019455,-2.993122,-17.8886,-5.92185,-6.071214
163.22,-42.32263,-5,0.8504746,-0.2238996,1.358024,-17.66271,-5.989328,-6.100771
163.24,-27.6897,-5,0.8446637,-0.2417679,-1.099992,-18.98307,-5.92185,-6.073429
163.26,-43.52026,-5,0.8166251,-0.2789574,-1.527473,-18.31761,-5.989328,-6.104766
163.28,-39.50757,-5,0.770412,-0.3198773,-3.161061,-19.32905,-5.989328,-6.122548
163.3,-26.01172,-5,0.7321096,-0.3610972,-1.512206,-19.4445,-5.92185,-6.091202
163.32,-30.20813,-5,0.6699946,-0.3975789,-3.466405,-17.95648,-5.92185,-6.079401
163.34,-42.67993,-5,0.6014115,-0.4308405,-2.611443,-17.19646,-5.989328,-6.117026
163.36,-39.24805,-5,0.6453006,-0.4383985,1.556498,-18.10466,-5.989328,-6.121961
163.38,-38.33374,-5,0.6189411,-0.4616046,-1.43587,-18.27215,-5.989328,-6.124993
163.4,-27.05383,-5,0.6146169,-0.472354,-0.4893047,-18.25589,-5.92185,-6.082587
163.42,-43.97009,-5,0.5712038,-0.4920705,-2.611443,-16.99074,-5.989328,-6.106398
163.44,-28.71216,-5,0.5329024,-0.5029017,-1.344267,-17.712,-5.92185,-6.077681
163.46,-45.13672,-5,0.5545125,-0.5111614,0.5183294,-16.74964,-5.989328,-6.098447
163.48,-30.29565,-5,0.5234648,-0.5169159,-1.496938,-17.64584,-5.92185,-6.068799
163.5,-46.78479,-5,0.5423278,-0.5258768,0.6251997,-16.83261,-5.989328,-6.090991
163.52,-31.64746,-5,0.502633,-0.5368617,-2.306099,-17.80536,-5.92185,-6.063837
163.54,-47.40283,-5,0.498942,-0.5562772,0.06031401,-16.93691,-5.989328,-6.089942
163.56,-32.73413,-5,0.4911472,-0.5635922,-0.7183124,-17.90754,-5.92185,-6.05921
163.58,-49.39221,-5,0.5031862,-0.5770525,0.2893218,-17.13927,-5.989328,-6.082386
163.6,-46.30432,-5,0.4792322,-0.5955939,-1.603809,-18.23881,-5.989328,-6.094678
163.62,-33.56531,-5,0.4654032,-0.6177226,-0.3824344,-18.58674,-5.92185,-6.05972
163.64,-38.59814,-5,0.4336751,-0.6377622,-2.000756,-17.43081,-5.92185,-6.04482
163.66,-40.39099,-5,0.3924671,-0.6509836,-2.168694,-17.04263,-5.92185,-6.039875
163.68,-53.19141,-5,0.3962048,-0.663148,0.6099325,-17.00937,-5.989328,-6.074512
163.7,-48.82629,-5,0.3930018,-0.6817554,-0.5809073,-18.27242,-5.989328,-6.088609
163.72,-47.8269,-5,0.3979561,-0.7078324,0.1977187,-18.68769,-5.989328,-6.092274
163.74,-47.66772,-5,0.3670278,-0.7397373,-2.687778,-18.76376,-5.989328,-6.095334
163.76,-46.47668,-5,0.2892463,-0.7838701,-4.275566,-18.54148,-5.989328,-6.103104
163.78,-44.53772,-5,0.2072859,-0.8309916,-3.649611,-18.00183,-5.989328,-6.110583
163.8,-43.052,-5,0.1501253,-0.8673464,-2.611443,-17.25887,-5.989328,-6.112383
163.82,-19.08997,-5,0.103861,-0.8751736,-2.687778,-16.41211,-5.85437,-6.028799
163.84,-52.43311,-5,0.05744863,-0.8788897,-1.64961,-13.32774,-5.989328,-6.069899
163.86,-35.12231,-5,0.0782686,-0.8481081,0.8694746,-14.69912,-5.92185,-6.038638
163.88,-39.2428,-5,0.1118562,-0.8251755,2.167185,-13.96724,-5.92185,-6.017972
163.9,-31.73193,-5,0.1846975,-0.776176,2.747338,-14.12228,-5.85437,-5.957474
163.92,-50.62585,-5,0.1779568,-0.7535317,-0.9167854,-13.47167,-5.92185,-5.974902
163.94,-48.41077,-5,0.1983784,-0.7399702,1.205353,-15.02125,-5.92185,-5.982681
163.96,-58.69214,-5,0.1858047,-0.7643372,-1.328999,-15.80694,-5.989328,-6.030721
163.98,-52.50513,-5,0.1627142,-0.8061123,-0.7793808,-17.29101,-5.989328,-6.054507
164,-96.57251,-5,0.1460538,-0.8864496,-2.107625,-17.69813,-6.259249,-6.226575
164.02,-72.96753,-5,0.05770521,-1.000766,-4.382436,-22.12282,-6.259249,-6.310974
164.04,-61.82385,-5,-0.0532596,-1.148133,-5.924421,-22.29358,-6.259249,-6.353111
164.06,-54.82019,-5,-0.2520504,-1.290411,-10.76412,-20.61888,-6.259249,-6.380071
164.08,-47.3374,-5,-0.5179986,-1.423233,-14.62671,-17.90942,-6.259249,-6.404005
164.1,-50.52832,-5,-0.7854461,-1.540522,-13.17633,-14.47829,-6.326729,-6.461749
164.12,-29.71265,-5,-0.8487048,-1.570919,0.8084057,-12.28003,-6.259249,-6.423427
164.14,125.2999,-5,-0.7216857,-1.391456,6.045049,-8.787754,-5.314529,-5.796257
164.16,40.1134,-5,-0.5567587,-1.06912,7.87711,8.613417,-5.314529,-5.482574
164.18,-1.884888,-5,-0.2278971,-0.5966935,19.14429,10.40341,-5.314529,-5.312796
164.2,-31.98914,-5,0.5169508,-0.1014147,42.39621,4.846764,-5.314529,-5.18489
164.22,-115.9683,-5,1.227344,0.2565664,41.2817,-4.393882,-5.65193,-5.308029
164.24,-64.21692,-5,1.81132,0.4660376,26.01452,-20.87897,-5.38201,-5.206397
164.26,-84.99866,-5,1.952535,0.4207063,-0.5351062,-27.07904,-5.38201,-5.218297
164.28,-163.4277,-5,1.09925,-0.0319649,-50.21451,-30.6544,-5.92185,-5.707353
164.3,-33.271,-5,-0.1122117,-0.7327248,-58.59619,-36.76679,-5.65193,-5.908948
164.32,63.85388,-5,-1.178119,-1.406448,-50.80993,-23.93691,-5.314529,-5.851232
164.34,62.95776,-5,-1.864195,-1.749307,-27.58855,-3.323167,-5.314529,-5.792156
164.36,62.33459,-5,-1.674273,-1.592814,12.10612,9.629795,-5.247049,-5.594926
164.38,-27.63391,-5,-1.030136,-1.156673,39.11376,15.87696,-5.58445,-5.581417
164.4,-101.3718,-5,0.1138727,-0.5767689,55.81606,6.972349,-5.92185,-5.647785
164.42,-117.9186,-5,1.168195,-0.1143918,51.44965,-9.929453,-5.989328,-5.656513
164.44,-178.451,-5,1.952531,0.09160703,36.02979,-25.55276,-6.259249,-5.818678
164.46,-103.3053,-5,1.949888,-0.03270948,-8.840453,-41.91965,-5.92185,-5.782557
164.48,-56.25671,-5,0.7498916,-0.6176646,-63.64963,-41.0871,-5.71941,-5.849909
164.5,25.88025,-5,-0.544809,-1.264852,-69.05421,-31.33701,-5.38201,-5.806895
164.52,-181.3939,-5,-1.779685,-1.956116,-62.27558,-12.91373,-6.664129,-6.624648
164.54,157.9035,-5,-2.345303,-2.262816,-5.634344,-19.22356,-5.38201,-6.175704
164.56,29.18372,-5,-1.490217,-2.061071,36.27407,7.920785,-5.65193,-5.916235
164.58,-7.500854,-5,-1.054644,-1.522317,23.5565,11.40719,-5.65193,-5.710849
164.6,-73.28992,-5,-0.7719765,-1.109692,10.91528,8.999304,-5.92185,-5.776811
164.62,-66.19141,-5,-0.689527,-0.9129992,7.816042,0.5066426,-5.989328,-5.874813
164.64,-93.67969,-5,-0.2193792,-0.7934254,16.04505,-6.028839,-6.191769,-6.001886
164.66,-100.5939,-5,-0.1172917,-0.8218935,5.159552,-13.51912,-6.326729,-6.151839
164.68,92.92523,-5,-0.2164444,-0.8638583,-7.680146,-18.46676,-5.314529,-5.638108
164.7,12.93396,-5,-0.4580134,-0.8989416,-16.1687,-1.438588,-5.38201,-5.474513
164.72,-152.6979,-5,-0.775343,-0.9371461,-21.72595,2.460398,-6.259249,-5.959471
164.74,94.04535,-5,-0.9743134,-0.957571,4.808407,-10.60615,-5.247049,-5.588547
164.76,26.75122,-5,-0.3062893,-0.7806373,28.54887,3.421079,-5.247049,-5.314382
164.78,-72.6897,-5,-0.01973609,-0.4920555,9.312226,4.775453,-5.58445,-5.368531
164.8,-91.59277,-5,0.3230505,-0.2935178,22.04505,-5.582479,-5.71941,-5.474425
164.82,-83.99805,-5,1.117205,-0.1104857,35.22063,-17.01326,-5.65193,-5.428084
164.84,-97.95715,-5,1.311996,-0.1171591,3.648101,-24.5085,-5.65193,-5.445074
164.86,-41.89832,-5,0.7149315,-0.3910943,-45.69543,-28.80869,-5.38201,-5.415939
164.88,-190.9211,-5,-0.3845928,-1.006875,-56.53512,-22.66589,-6.326729,-6.111954
164.9,-12.11548,-5,-1.432382,-1.651182,-43.46642,-29.95639,-5.92185,-6.25667
164.92,-80.10822,-5,-1.126587,-1.970706,21.73971,-17.89305,-6.326729,-6.425302
164.94,-58.29297,-5,-1.254575,-2.081131,1.70917,-16.35405,-6.326729,-6.45374
164.96,-52.36334,-5,-1.336115,-2.127341,-8.641978,-12.84151,-6.326729,-6.441996
164.98,124.8371,-5,-1.034576,-1.886429,9.693905,-10.526,-5.247049,-5.721197
165,3.992065,-5,-0.8553942,-1.539886,6.732071,8.234656,-5.38201,-5.452776
165.02,-21.79755,-5,-0.9170535,-1.168578,2.915277,8.644918,-5.38201,-5.360963
165.04,-82.70874,-5,-0.406828,-0.8354335,30.07559,4.51809,-5.65193,-5.446248
165.06,-68.6355,-5,0.266079,-0.5371368,34.28933,-6.594312,-5.58445,-5.399459
165.08,-85.53125,-5,0.8132163,-0.3551837,26.22826,-14.38216,-5.58445,-5.364564
165.1,-99.4093,-5,1.104565,-0.3010302,9.831309,-22.26515,-5.58445,-5.37077
165.12,-96.6366,-5,0.8046081,-0.4908164,-18.1687,-27.91413,-5.58445,-5.464277
165.14,-28.31061,-5,0.05872304,-0.8745191,-37.25267,-28.78778,-5.314529,-5.456309
165.16,-22.1261,-5,-0.654507,-1.276734,-38.58092,-20.08316,-5.314529,-5.512177
165.18,-5.861267,-5,-1.290146,-1.571742,-30.19924,-11.56131,-5.314529,-5.559357
165.2,7.905823,-5,-1.663058,-1.713613,1.495429,-3.000382,-5.314529,-5.561626
165.22,-1.777771,-5,-1.157411,-1.516129,25.43437,2.371813,-5.314529,-5.438472
165.24,-84.24231,-5,-0.5320446,-1.18364,28.27406,2.730442,-5.65193,-5.496078
165.26,-76.55084,-5,0.2681761,-0.8032281,41.40384,-8.025957,-5.58445,-5.412546
165.28,-153.1991,-5,0.7702383,-0.621785,23.15956,-16.19207,-5.92185,-5.577145
165.3,-72.28009,-5,0.7020639,-0.674603,-13.39007,-29.00224,-5.58445,-5.519666
165.32,-60.95013,-5,-0.3329383,-1.125879,-59.52749,-25.82878,-5.58445,-5.656917
165.34,11.34698,-5,-1.51031,-1.65602,-59.08474,-18.54567,-5.38201,-5.705856
165.36,-176.8429,-5,-2.336142,-2.187053,-15.39007,-4.073653,-6.596649,-6.4732
165.38,50.43896,-5,-1.339253,-2.053137,39.46491,-16.51159,-5.71941,-6.06238
165.4,-63.72327,-5,-0.7062542,-1.826075,25.03742,-4.005815,-5.989328,-5.937427
165.42,-87.27313,-5,-0.2707323,-1.480974,16.3962,-8.760491,-5.989328,-5.846693
165.44,-95.81281,-5,-0.2068812,-1.339608,0.9610775,-14.50037,-5.989328,-5.849839
165.46,-71.40491,-5,-0.2175932,-1.332887,-1.725946,-19.08237,-5.85437,-5.807369
165.48,-98.33038,-5,-0.3980231,-1.447968,-9.680147,-19.10637,-5.989328,-5.909393
165.5,-82.40094,-5,-0.6396646,-1.611566,-11.329,-21.04096,-5.989328,-5.985212
165.52,-76.46716,-5,-0.6374618,-1.730127,0.5488637,-20.73112,-5.989328,-6.004723
165.54,-75.79016,-5,-0.6974949,-1.814806,-3.466405,-19.73882,-5.989328,-6.008811
165.56,-72.01178,-5,-0.9244488,-1.917944,-11.48168,-18.25664,-5.989328,-6.030071
165.58,-66.70856,-5,-1.096716,-2.005369,-7.115261,-16.31484,-5.989328,-6.045291
165.6,-56.02881,-5,-1.01605,-1.996125,3.434361,-14.74216,-5.92185,-5.9815
165.62,97.73108,-5,-1.010257,-1.846809,0.6862684,-12.28941,-4.977129,-5.374326
165.64,16.22528,-5,-0.9501792,-1.590329,3.892376,4.644815,-4.977129,-5.08931
165.66,-16.28125,-5,-0.9185655,-1.245303,4.289323,7.50105,-4.977129,-4.967735
165.68,-46.10944,-5,-0.4606405,-0.8911104,31.54124,4.558918,-5.044609,-4.921136
165.7,-119.9639,-5,0.2482851,-0.5780256,38.65575,-2.908083,-5.38201,-5.053588
165.72,-111.9108,-5,0.8182421,-0.3937058,27.31223,-17.23656,-5.38201,-5.101376
165.74,-103.2989,-5,1.123734,-0.3977299,9.922913,-26.93683,-5.314529,-5.107249
165.76,-47.31543,-5,0.931376,-0.5643733,-13.02366,-31.76068,-4.977129,-4.980607
165.78,-226.2797,-5,0.05899028,-1.071797,-49.9397,-26.78028,-5.989328,-5.663865
165.8,-61.32111,-5,-0.9630859,-1.695305,-54.00077,-37.99098,-5.65193,-5.869484
165.82,-9.057678,-5,-1.952737,-2.372609,-39.9397,-25.35596,-5.58445,-5.96766
165.84,-8.712769,-5,-1.82185,-2.527906,1.648101,-12.16636,-5.58445,-5.875913
165.86,-19.42224,-5,-1.835897,-2.430942,0.4419934,-3.343771,-5.58445,-5.770054
165.88,54.91113,-5,-1.407182,-2.060605,24.73208,0.191957,-5.044609,-5.313601
165.9,-60.30182,-5,-0.7199554,-1.56174,34.44201,7.630813,-5.314529,-5.1914
165.92,-74.85059,-5,-0.3288144,-1.125392,24.80841,-0.3938968,-5.314529,-5.135991
165.94,-147.9393,-5,0.3228353,-0.839809,39.44964,-9.486012,-5.65193,-5.292228
165.96,-138.7783,-5,0.9118232,-0.6926556,26.4878,-24.88548,-5.65193,-5.35344
165.98,36.60944,-5,1.020199,-0.6802773,-2.351901,-34.17066,-4.639729,-4.823902
166,-194.0927,-5,0.09479973,-1.069675,-52.94733,-19.91358,-5.65193,-5.352302
166.02,-54.10986,-5,-1.1457,-1.599812,-59.22215,-29.51288,-5.38201,-5.570476
166.04,-4.177551,-5,-1.844032,-2.131618,-1.496938,-19.30893,-5.314529,-5.644649
166.06,160.5997,-5,-1.818194,-2.149472,-2.550374,-7.242475,-4.36981,-5.004082
166.08,13.1676,-5,-1.582775,-1.832908,11.87711,16.4626,-4.707209,-4.826816
166.1,-67.67438,-5,-0.6698196,-1.183365,41.93819,14.08032,-4.977129,-4.785752
166.12,99.88031,-5,-0.0002737269,-0.5633118,36.47254,2.501458,-3.96493,-4.135249
166.14,-211.8654,-5,0.5700632,-0.214655,25.5565,9.361135,-5.247049,-4.614769
166.16,15.09851,-5,0.8226749,0.03811994,13.26643,-18.09194,-4.30233,-4.307158
166.18,-37.81372,-5,1.24788,0.08505841,20.3962,-14.77709,-4.30233,-4.177387
166.2,-74.2901,-5,1.31793,0.1109689,1.541231,-18.25903,-4.36981,-4.196059
166.22,-244.6129,-5,1.091214,-0.1474922,-12.73358,-23.90211,-5.38201,-4.887888
166.24,81.98889,-5,0.6955688,-0.4737371,-23.39008,-43.01123,-4.03241,-4.457629
166.26,-138.0433,-5,0.17986,-0.9642923,-27.77176,-21.31136,-4.977129,-4.877104
166.28,-76.51929,-5,-0.4105332,-1.295924,-32.51985,-27.22406,-4.977129,-5.094435
166.3,-39.98541,-5,-0.8964189,-1.664297,-19.51221,-23.25522,-4.977129,-5.207626
166.32,145.1808,-5,-0.9396724,-1.693353,-5.176329,-16.40516,-3.96493,-4.589289
166.34,64.60217,-5,-1.026002,-1.494719,-4.382436,7.117916,-3.96493,-4.274983
166.36,-31.651,-5,-0.8343188,-1.078741,11.44963,13.77628,-4.30233,-4.292522
166.38,-43.0946,-5,-0.1656474,-0.6076115,31.09849,6.226828,-4.36981,-4.274789
166.4,-98.10773,-5,0.5719474,-0.2507647,37.86185,-2.474244,-4.639729,-4.382658
166.42,-93.55365,-5,1.221264,-0.01725537,28.88475,-15.97244,-4.639729,-4.410036
166.44,-96.14087,-5,1.469619,-0.003227174,9.495431,-25.30062,-4.639729,-4.45717
166.46,-101.5401,-5,1.237641,-0.217,-18.76412,-31.01495,-4.707209,-4.597679
166.48,-68.89532,-5,0.3125336,-0.7026019,-51.7565,-32.247,-4.707209,-4.795101
166.5,31.78241,-5,-0.7888852,-1.262655,-57.48169,-25.92775,-4.36981,-4.780241
166.52,33.54657,-5,-1.760571,-1.712036,-48.42825,-8.312018,-4.43729,-4.847881
166.54,53.83563,-5,-1.81474,-1.728118,15.48017,3.756885,-4.36981,-4.736987
166.56,-22.16461,-5,-1.382409,-1.451286,28.60994,12.25269,-4.707209,-4.769253
166.58,-73.02972,-5,-0.519618,-0.9929341,45.0985,7.231274,-4.977129,-4.824699
166.6,85.19879,-5,0.4203132,-0.4390082,38.27407,-4.011047,-4.03241,-4.202323
166.62,-1.731445,-5,0.8387846,-0.02820697,19.02215,3.110269,-4.03241,-3.938159
166.64,-253.0331,-5,0.8795297,0.1091788,0.2129859,-1.606988,-5.314529,-4.656066
166.66,-164.7356,-5,0.8689317,-0.07377456,3.312223,-30.08201,-5.38201,-5.082283
166.68,119.7982,-5,1.19917,-0.2695355,9.358027,-40.58525,-3.96493,-4.402618
166.7,17.92505,-5,1.05738,-0.3885249,-8.657246,-18.40104,-3.96493,-4.116086
166.72,-184.2745,-5,0.3646208,-0.5562899,-37.75649,-12.13209,-4.977129,-4.689145
166.74,-90.38562,-5,-0.349686,-0.9167769,-17.93969,-25.97494,-4.977129,-5.035768
166.76,-68.47052,-5,0.4356265,-1.038097,34.96109,-28.2806,-4.977129,-5.047648
166.78,-76.66217,-5,0.6406434,-1.078986,6.777874,-28.30962,-4.977129,-5.015814
166.8,-20.73566,-5,-0.06488105,-1.281938,-33.68016,-26.69048,-4.707209,-4.939055
166.82,-1.602173,-5,-0.9545884,-1.579576,-48.13818,-16.93826,-4.639729,-4.952232
166.84,4.870911,-5,-1.681621,-1.808664,-30.39771,-6.098406,-4.707209,-5.027777
166.86,-37.96991,-5,-1.299736,-1.698755,29.67865,0.3764844,-4.977129,-5.098521
166.88,116.2255,-5,-0.273941,-1.161435,46.30461,-2.741777,-4.03241,-4.400774
166.9,-34.9472,-5,0.5758926,-0.5542224,40.68628,7.799201,-4.30233,-4.176511
166.92,-71.12592,-5,0.8093717,-0.09361547,11.52597,-1.320224,-4.36981,-4.165129
166.94,-57.60968,-5,0.9911962,0.0911933,12.71681,-11.58083,-4.30233,-4.174655
166.96,-74.46167,-5,1.286903,0.1378799,14.02979,-18.03649,-4.36981,-4.232507
166.98,-58.62793,-5,1.298711,0.0627642,-0.7183124,-24.05115,-4.30233,-4.255707
167,-8.649414,-5,1.033715,-0.1099183,-18.13817,-25.46587,-4.03241,-4.161304
167.02,-184.2574,-5,0.3269204,-0.5223601,-35.63435,-19.37156,-5.044609,-4.81796
167.04,-81.78302,-5,-0.4782505,-1.041349,-42.1687,-30.34304,-5.044609,-5.1829
167.06,-23.43994,-5,-0.6919556,-1.479017,5.709171,-26.47081,-4.977129,-5.263719
167.08,-20.72443,-5,-0.6345835,-1.629244,4.854208,-18.21092,-4.977129,-5.216933
167.1,-39.6684,-5,-0.6275533,-1.604842,-10.73358,-12.51983,-5.044609,-5.192217
167.12,-21.39886,-5,-0.8996779,-1.583647,-16.27557,-9.702374,-4.977129,-5.156819
167.14,156.1335,-5,-1.090952,-1.439842,-4.412969,-4.935123,-3.96493,-4.533882
167.16,67.91449,-5,-0.7084051,-1.036448,16.3962,14.86873,-3.96493,-4.177536
167.18,-37.5509,-5,-0.242466,-0.4784727,22.07559,17.36891,-4.30233,-4.171418
167.2,-40.04169,-5,0.4336711,0.01921219,39.93819,6.129118,-4.30233,-4.134708
167.22,-107.3396,-5,1.02569,0.2929366,26.442,-3.655873,-4.639729,-4.313782
167.24,-94.96466,-5,1.161181,0.2972238,2.197719,-17.40734,-4.707209,-4.483093
167.26,-4.595947,-5,1.070886,0.1283424,-8.703049,-24.8129,-4.30233,-4.367998
167.28,-28.46136,-5,0.5927553,-0.1655831,-27.37481,-19.03192,-4.36981,-4.427219
167.3,49.94617,-5,-0.2328192,-0.4787209,-41.63435,-14.72867,-4.03241,-4.336331
167.32,61.53156,-5,-0.9308327,-0.7328539,-14.96259,-1.574469,-3.96493,-4.293104
167.34,29.9798,-5,-0.3823669,-0.5408718,27.90765,6.427665,-4.03241,-4.177232
167.36,-55.59497,-5,0.3993065,-0.1486944,38.02979,5.783408,-4.36981,-4.219828
167.38,-54.32166,-5,1.400987,0.3064544,46.90002,-6.634584,-4.30233,-4.116951
167.4,-88.98877,-5,1.979934,0.5556499,26.62521,-16.71365,-4.36981,-4.120606
167.42,-77.53168,-5,1.949,0.5232357,-3.81755,-26.78907,-4.30233,-4.166389
167.44,-4.125549,-5,1.28549,0.20945,-41.34428,-29.96586,-3.96493,-4.116164
167.46,-166.7648,-5,0.1577219,-0.4145753,-61.25268,-21.2502,-4.977129,-4.837398
167.48,18.15393,-5,-0.9479934,-1.049628,-57.22215,-28.00637,-4.572248,-4.994097
167.5,28.00427,-5,-1.297783,-1.485689,11.35803,-12.60275,-4.639729,-5.042212
167.52,21.7937,-5,-1.370437,-1.543675,7.892378,-1.178773,-4.707209,-5.011184
167.54,-20.14813,-5,-1.485639,-1.468039,-2.51984,6.086013,-4.977129,-5.114826
167.56,-14.03973,-5,-0.8096025,-1.143421,35.08323,4.425218,-4.977129,-5.038881
167.58,-28.39819,-5,-0.2246708,-0.7881875,26.65574,2.009288,-4.977129,-4.939508
167.6,-44.77069,-5,0.2216072,-0.4872772,13.61757,-2.529143,-4.977129,-4.873638
167.62,-57.22968,-5,0.5651595,-0.2855935,14.51833,-8.344531,-4.977129,-4.845933
167.64,-60.41705,-5,0.6016133,-0.2491907,-0.4129688,-13.58309,-4.977129,-4.874001
167.66,-52.21039,-5,0.3384,-0.3831356,-15.45114,-16.49534,-4.977129,-4.948701
167.68,15.46344,-5,0.1587331,-0.5160379,-12.56565,-16.87558,-4.639729,-4.803382
167.7,-18.95953,-5,0.1043477,-0.5806894,-6.245031,-10.15558,-4.707209,-4.773077
167.72,-34.41168,-5,0.02556004,-0.5845351,-5.206864,-8.962296,-4.774689,-4.802228
167.74,-7.682556,-5,0.0518469,-0.5577163,5.587033,-9.770147,-4.639729,-4.729347
167.76,-19.53656,-5,0.1514796,-0.5047375,3.693903,-7.941682,-4.639729,-4.684509
167.78,-82.6192,-5,0.1582202,-0.493719,-1.054191,-8.080826,-4.977129,-4.872606
167.8,-61.80731,-5,0.3726196,-0.4761954,8.167186,-15.26439,-4.977129,-4.937629
167.82,-56.70184,-5,0.4845642,-0.522269,4.548865,-18.2934,-4.977129,-4.965361
167.84,-55.55725,-5,0.4651346,-0.6009362,-2.24503,-19.73272,-4.977129,-4.989235
167.86,-41.16016,-5,0.3341233,-0.7031981,-8.901521,-20.11959,-4.909649,-4.98019
167.88,-52.91547,-5,0.1478679,-0.8248001,-10.51984,-18.33243,-4.977129,-5.036739
167.9,-45.78156,-5,0.05297241,-0.9115184,-5.985489,-18.02599,-4.977129,-5.063224
167.92,-43.22424,-5,0.02219186,-0.9640567,-2.657244,-17.00185,-4.977129,-5.06783
167.94,-41.26495,-5,-0.06889459,-1.005084,-4.321367,-15.75931,-4.977129,-5.072735
167.96,-40.41547,-5,-0.08888111,-1.015656,-0.2908313,-14.67012,-4.977129,-5.068276
167.98,-52.26392,-5,-0.08467704,-1.011296,-1.725946,-13.89948,-5.044609,-5.0997
168,-35.521,-5,-0.08877131,-0.9978734,-0.3519,-14.54118,-4.977129,-5.070275
168.02,-85.76019,5,-0.0530275,-0.9746726,0.304589,-13.39079,-4.977129,-5.049649
168.04,-91.88757,5,-0.02895421,-0.99002,0.9152762,-17.83068,-4.977129,-5.0374
168.06,-98.15753,5,-0.01884461,-1.079644,-1.725946,-21.46608,-4.977129,-5.0315
168.08,-100.9388,5,-0.2060383,-1.260822,-10.79465,-23.92554,-4.977129,-5.048923
168.1,-99.53687,5,-0.5041507,-1.509751,-17.48168,-24.88192,-4.977129,-5.07947
168.12,-95.44952,5,-0.8678474,-1.792544,-19.90916,-24.19725,-4.977129,-5.111056
168.14,70.89868,5,-1.230251,-1.957055,-18.68778,-21.80157,-4.03241,-4.562694
168.16,7.188477,5,-1.466332,-1.971471,-11.2832,-2.65111,-3.96493,-4.257729
168.18,-42.3894,5,-1.630065,-1.821751,-6.382436,4.060994,-4.03241,-4.146558
168.2,-48.30835,5,-1.364836,-1.593139,24.83895,2.611423,-3.96493,-4.008573
168.22,-164.8663,5,-0.5292111,-1.308187,38.33514,-1.966914,-4.43729,-4.13099
168.24,-207.2657,5,0.05696993,-1.170389,25.5107,-18.88862,-4.707209,-4.319244
168.26,-180.6463,5,0.2767549,-1.311514,6.380927,-35.13789,-4.639729,-4.392546
168.28,-120.0859,5,0.02062165,-1.671708,-14.93206,-42.29592,-4.30233,-4.289756
168.3,-143.1708,5,-0.8038778,-2.219907,-50.47405,-38.26018,-4.36981,-4.387928
168.32,-58.98053,5,-2.042826,-2.84592,-68.62673,-33.69242,-4.03241,-4.343213
168.34,-46.68105,5,-3.373678,-3.481935,-67.05421,-17.7129,-4.03241,-4.401884
168.36,-88.29219,5,-4.075381,-3.869008,0.3351234,-3.667651,-4.36981,-4.592363
168.38,-68.24197,5,-3.426135,-3.741254,26.67101,-0.7366401,-4.30233,-4.438914
168.4,6.034584,5,-2.840927,-3.368651,33.75499,1.48378,-3.695009,-3.887806
168.42,-143.7414,5,-1.88991,-2.836919,41.51071,7.081899,-4.03241,-3.728873
168.44,0.1813631,5,-1.264166,-2.266961,27.20536,-6.122484,-3.02021,-3.030754
168.46,-313.3487,5,-1.145547,-2.135009,-1.451137,-1.257078,-4.30233,-3.554511
168.48,-234.5936,5,-1.541454,-2.350908,-26.53511,-28.4165,-4.30233,-3.900981
168.5,-196.2733,5,-2.087107,-2.981942,-26.61145,-36.63298,-4.36981,-4.181196
168.52,-164.329,5,-2.616119,-3.625594,-30.06183,-36.48018,-4.36981,-4.324692
168.54,23.45227,5,-3.142012,-4.042259,-32.97787,-31.071,-3.357609,-3.775946
168.56,-59.6626,5,-3.780163,-4.28407,-38.19924,-6.471644,-3.425089,-3.576564
168.58,-68.07385,5,-4.686588,-4.405651,-40.01603,4.429362,-3.425089,-3.534527
168.6,-117.6485,5,-4.670979,-4.350604,26.38093,10.65496,-3.695009,-3.605655
168.62,-176.6962,5,-3.988179,-4.10745,40.3046,7.354228,-4.03241,-3.707469
168.64,-67.50461,5,-2.928021,-3.676317,47.12904,-4.121615,-3.357609,-3.215006
168.66,-205.2431,5,-2.280567,-3.369499,29.2817,-3.046768,-3.695009,-3.16423
168.68,-49.92764,5,-2.325568,-3.196203,-12.41297,-15.81241,-2.75029,-2.646458
168.7,-160.6249,5,-2.769098,-3.333042,-26.87099,-7.24125,-3.02021,-2.678725
168.72,-160.9456,5,-3.35847,-3.571669,-30.91679,-10.85397,-3.08769,-2.813281
168.74,-21.3504,5,-3.432856,-3.714486,15.14429,-12.78372,-2.345409,-2.413982
168.76,-161.376,5,-3.067856,-3.688139,8.487798,-1.409907,-2.75029,-2.403734
168.78,-44.27972,5,-3.302306,-3.619632,-9.787017,-7.042213,-2.075489,-2.028727
168.8,-169.4438,5,-2.755236,-3.472144,24.99162,-0.9664634,-2.412889,-1.998965
168.82,-60.45062,5,-2.256977,-3.185118,16.94582,-11.06188,-1.670609,-1.505601
168.84,-198.7087,5,-2.266091,-3.143309,-3.008389,-6.91855,-2.075489,-1.582982
168.86,-88.40857,5,-2.309412,-3.127398,-0.3519,-17.84037,-1.46817,-1.296357
168.88,-181.8513,5,-2.261391,-3.229837,5.022148,-14.25389,-1.738089,-1.349527
168.9,-19.84625,5,-2.314738,-3.240225,-9.710681,-20.86275,-0.7933693,-0.8275978
168.92,-148.493,5,-2.624646,-3.366716,-13.63435,-8.023451,-1.13077,-0.8476487
168.94,-212.2767,5,-2.536102,-3.394414,0.7931387,-13.01987,-1.46817,-1.046306
168.96,-72.11493,5,-2.603463,-3.481609,2.671002,-22.31832,-0.7933693,-0.752031
168.98,-171.9783,5,-2.356788,-3.542536,13.25116,-15.30515,-1.06329,-0.7504563
169,-248.5616,5,-2.334091,-3.61866,3.11375,-21.05124,-1.46817,-1.000927
169.02,-267.9993,5,-2.302068,-3.843568,-3.22213,-32.84068,-1.738089,-1.291385
169.04,-67.53485,5,-2.69067,-4.177241,-23.26794,-40.9808,-0.7933693,-0.9106807
169.06,-161.0531,5,-3.424485,-4.602779,-40.84046,-23.80898,-1.06329,-0.9679742
169.08,-37.06494,5,-4.330637,-4.884467,-53.29848,-18.65977,-0.4559698,-0.6885166
169.1,-122.886,5,-4.9038,-5.088786,-0.3824344,-0.9276472,-0.7933693,-0.768004
169.12,-3.33606,5,-4.588866,-4.854574,12.51833,1.326314,-0.1185694,-0.2843669
169.14,-198.6633,5,-3.732781,-4.426631,41.78552,11.75056,-0.7933693,-0.3388034
169.16,-89.53003,5,-2.781365,-3.823467,35.34277,-4.055312,-0.1185694,0.1287364
169.18,-277.0687,5,-2.146107,-3.509471,28.85422,-5.910289,-0.7933693,-0.06667377
169.2,-125.1622,5,-2.056631,-3.392021,-0.1992282,-26.15308,-0.05108929,0.2217792
169.22,-58.65576,5,-2.379602,-3.532119,-9.00839,-22.93736,0.5562305,0.6205648
169.24,-163.2594,5,-2.633976,-3.65177,-20.51985,-13.42634,0.2863102,0.5971743
169.26,-49.53088,5,-3.149844,-3.757811,-22.0313,-15.78536,0.89363,0.8841117
169.28,12.68127,5,-2.772102,-3.59756,17.80078,-6.925211,1.568431,1.483416
169.3,-172.9935,5,-2.779819,-3.41591,-1.451137,4.960557,0.9611101,1.378686
169.32,-56.10474,5,-2.140237,-3.028097,34.18246,-7.871021,1.63591,1.792785
169.34,-86.66394,5,-1.195965,-2.603455,41.02216,-7.680083,1.90583,2.205135
169.36,-30.19104,5,-1.039,-2.265532,3.037414,-10.99292,2.58063,2.733342
169.38,-154.2848,5,-1.30579,-2.199839,-1.298465,-6.773965,2.243231,2.657817
169.4,-43.50793,5,-1.298718,-2.137131,-0.4893047,-16.36572,2.850551,2.946265
169.42,-193.9586,5,-1.186918,-2.207003,6.014514,-12.17276,2.243231,2.694285
169.44,-56.9812,5,-1.357418,-2.295194,-13.35954,-23.8376,2.850551,2.900343
169.46,37.77161,5,-1.459131,-2.365521,5.38856,-17.1365,3.592831,3.416955
169.48,-92.56201,5,-1.612994,-2.342552,-13.02366,-2.806614,3.25543,3.431402
169.5,31.32117,5,-2.037266,-2.269285,2.228254,-4.832323,3.93023,3.784492
169.52,83.01428,5,-1.343074,-1.889356,33.17483,4.234484,4.60503,4.443542
169.54,-119.1425,5,-1.231919,-1.545961,5.724438,14.79197,3.93023,4.317833
169.56,6.742676,5,-0.6507992,-1.099621,41.77025,-0.3597245,4.60503,4.692907
169.58,65.52026,5,0.2736799,-0.6084087,45.84659,-0.5277066,5.34731,5.360466
169.6,-98.04834,5,0.5305558,-0.2627551,5.754972,4.212894,4.94243,5.36586
169.62,-135.3118,5,0.2240787,-0.2389978,-6.107628,-8.276912,4.67251,5.080962
169.64,50.96887,5,0.6620967,-0.2056881,25.22063,-21.44738,5.61723,5.529519
169.66,-70.68774,5,0.49622,-0.3362651,-13.75649,-10.96697,5.27983,5.4713
169.68,-54.06958,5,-0.1380891,-0.5521263,-39.20687,-14.23255,5.27983,5.345983
169.7,-97.26746,5,-0.2824694,-0.8022315,12.77787,-14.36563,4.94243,5.076495
169.72,105.2734,5,-0.2125858,-0.8548024,-2.825183,-18.68579,5.95463,5.592391
169.74,-193.5417,5,-0.4697432,-1.032333,-11.71068,-0.7478994,4.60503,4.991519
169.76,51.19092,5,-0.572604,-1.029287,-13.49694,-18.36427,5.54975,5.288761
169.78,4.140747,5,-0.3296613,-1.02152,18.91528,-6.10559,5.54975,5.461877
169.8,-68.28223,5,-0.2399056,-0.8915066,-3.970222,-3.181216,5.27983,5.393133
169.82,-34.98535,5,-0.6037911,-0.9153865,-6.397704,-7.2943,5.34731,5.338692
169.84,-67.05396,5,0.07474331,-0.7875534,31.17483,-8.987033,5.21235,5.324182
169.86,-49.71655,5,-0.02389753,-0.7793542,-7.909153,-12.99057,5.27983,5.322958
169.88,-33.15833,5,-0.2659091,-0.8794262,-7.191597,-13.04774,5.34731,5.318544
169.9,-57.1825,5,-0.3099158,-0.9590837,-5.573276,-11.32246,5.21235,5.237092
169.92,-30.93799,5,-0.5142844,-1.050242,-9.619079,-11.89165,5.27983,5.223124
169.94,-30.97302,5,-0.4882801,-1.085505,-0.2144953,-9.701762,5.27983,5.234911
169.96,-45.52942,5,-0.437851,-1.069154,-3.206862,-8.451979,5.21235,5.216162
169.98,-31.11108,5,-0.4122415,-1.035778,1.43436,-9.152167,5.27983,5.252999
170,-105.4689,5,-0.3742074,-1.050122,1.251154,-8.434673,4.87495,5.029265
170.02,-63.89087,5,-0.3412466,-1.085791,0.3198562,-15.54798,4.94243,4.970375
170.04,-69.34985,5,-0.3145215,-1.176947,1.205353,-16.16361,4.87495,4.905911
170.06,8.466064,5,-0.4099809,-1.227185,-11.3748,-16.65639,5.27983,5.113299
170.08,-10.09473,5,-0.8748689,-1.337202,-17.84809,-7.558951,5.27983,5.156326
170.1,-93.55713,5,-0.5689546,-1.251586,17.5565,-4.60787,4.87495,4.996939
170.12,-76.00073,5,-0.2691499,-1.133289,11.57177,-12.08637,4.87495,4.959247
170.14,-66.52942,5,-0.3633913,-1.177678,-4.580909,-14.92799,4.87495,4.910537
170.16,-57.89539,5,-0.5073383,-1.278956,-7.909153,-15.36551,4.87495,4.868064
170.18,-40.26318,5,-0.6123375,-1.362799,-5.81755,-14.40613,4.94243,4.886225
170.2,-40.09033,5,-0.7826195,-1.434549,-5.512208,-11.41675,4.94243,4.886117
170.22,108.615,5,-0.7385129,-1.319198,1.419093,-9.241924,5.819671,5.436268
170.24,59.62109,5,-0.7538731,-1.094436,-0.6267089,7.309884,5.95463,5.771321
170.26,26.09741,5,-0.5048674,-0.6807529,23.92292,12.48727,6.02211,5.990468
170.28,-40.30969,5,0.4658721,-0.1205615,43.80079,9.207507,5.887151,6.098646
170.3,-51.3009,5,1.203063,0.3379331,32.94582,-2.13015,5.95463,6.204865
170.32,-66.54553,5,1.438941,0.5076023,4.212987,-11.54846,5.95463,6.192328
170.34,-2.293457,5,1.173,0.4206237,-17.42061,-18.31945,6.29203,6.289435
170.36,-198.906,5,0.8427384,0.08909985,-16.22977,-15.63106,5.21235,5.617028
170.38,-98.73083,5,0.6271863,-0.2819149,-4.977856,-32.97163,5.27983,5.330604
170.4,-69.89294,5,0.6127763,-0.6878265,-7.970222,-34.28294,5.27983,5.219024
170.42,-58.87732,5,-0.1530916,-1.16395,-44.70306,-29.70703,5.21235,5.060357
170.44,-13.5918,5,-1.030574,-1.619598,-32.1229,-22.58618,5.27983,4.973235
170.46,-10.75378,5,-0.9099155,-1.724523,1.785506,-13.70459,5.27983,5.029819
170.48,-77.16431,5,-0.8220651,-1.669059,6.762606,-7.952597,4.94243,4.909253
170.5,108.8909,5,-0.4760442,-1.37948,18.99162,-11.62051,5.95463,5.523531
170.52,15.80896,5,-0.2998212,-1.069192,3.724437,4.132568,5.887151,5.773497
170.54,-59.07996,5,-0.1808323,-0.722779,14.38093,4.648074,5.61723,5.718022
170.56,-62.61902,5,0.6468536,-0.3225414,39.1901,-5.34624,5.61723,5.762806
170.58,-127.6345,5,0.9623161,-0.1734941,7.648103,-13.49533,5.27983,5.558393
170.6,-92.9397,5,0.6945825,-0.3254707,-12.87099,-24.54945,5.27983,5.380214
170.62,-68.25977,5,0.4322919,-0.6272482,-20.41298,-27.48044,5.27983,5.254669
170.64,3.05603,5,-0.2274108,-0.9922261,-35.43588,-24.61288,5.54975,5.295055
170.66,-45.12573,5,-0.6711702,-1.27791,-15.1,-14.12613,5.27983,5.142895
170.68,-29.65747,5,-0.5816067,-1.311843,6.823675,-12.35575,5.27983,5.138395
170.7,140.6599,5,-0.360985,-1.109136,12.06032,-9.972557,6.29203,5.798562
170.72,42.95117,5,-0.3256353,-0.8197504,4.289323,8.657405,6.22455,6.063623
170.74,-60.9281,5,-0.03622787,-0.4161001,20.86948,9.983209,5.819671,5.964194
170.76,-21.71606,5,0.779462,0.03137589,42.24353,-2.279176,6.02211,6.104634
170.78,-68.86694,5,1.286775,0.2871477,18.99162,-8.181758,5.887151,6.086194
170.8,-47.18677,5,1.055404,0.2618291,-12.56565,-16.05153,5.95463,6.026464
170.82,-38.27222,5,0.8807309,0.09651575,-5.038925,-18.49047,5.95463,5.950609
170.84,-40.8158,5,0.701799,-0.09677809,-14.85572,-18.64389,5.887151,5.852852
170.86,-10.99426,5,0.2902429,-0.3292716,-12.71832,-17.5975,5.95463,5.807795
170.88,-20.39478,5,0.2623037,-0.450799,-1.252663,-13.83067,5.887151,5.77111
170.9,-2.852539,5,0.1514073,-0.5008446,-3.390069,-11.88876,5.95463,5.801227
170.92,-20.06714,5,0.2176897,-0.4775324,3.739704,-9.076076,5.887151,5.797191
170.94,-7.893799,5,0.2836906,-0.4069688,3.327491,-9.143757,5.95463,5.848801
170.96,-27.29797,5,0.4087285,-0.3257258,6.25879,-8.397598,5.887151,5.8443
170.98,-14.57227,5,0.4767737,-0.2510831,4.274056,-10.06125,5.95463,5.88273
171,-20.92017,5,0.58707,-0.1874394,3.052681,-10.24408,5.95463,5.904145
171.02,-20.5144,5,0.4991236,-0.1799007,-0.7946484,-10.7064,5.95463,5.891514
171.04,-19.5365,5,0.5415371,-0.1688042,-0.519839,-11.11131,5.95463,5.88766
171.06,-30.89331,5,0.5650721,-0.1678081,0.7168028,-11.38295,5.887151,5.84521
171.08,-13.04773,5,0.5480831,-0.1757061,-0.09235785,-12.62406,5.95463,5.861194
171.1,-27.22363,5,0.5557222,-0.1900709,-0.5351062,-11.69215,5.887151,5.827921
171.12,-11.3877,5,0.5584512,-0.1873903,0.5488637,-12.49095,5.95463,5.853572
171.14,-26.43286,5,0.5598421,-0.1921251,-0.03128911,-11.44806,5.887151,5.823599
171.16,-21.95935,5,0.5491766,-0.1938723,-0.01602192,-12.2398,5.887151,5.807864
171.18,-8.488647,5,0.565882,-0.1889855,-0.04655629,-12.33864,5.95463,5.842808
171.2,-13.1123,5,0.5671315,-0.1763492,0.3198562,-11.04643,5.95463,5.858315
171.22,-14.34558,5,0.5534232,-0.1567696,-0.06182348,-10.61042,5.95463,5.862484
171.24,-14.60266,5,0.5752815,-0.1318194,0.6710012,-10.51546,5.95463,5.865674
171.26,-14.0863,5,0.5749356,-0.1137109,0.1213828,-10.47166,5.95463,5.864806
171.28,-13.15039,5,0.5752432,-0.09969209,-0.03128911,-10.38564,5.95463,5.86292
171.3,-23.57886,5,0.5706512,-0.09650862,0.07558119,-10.23789,5.887151,5.820057
171.32,-5.532349,5,0.5708427,-0.09016989,0.04504682,-11.16162,5.95463,5.841213
171.34,-65.8147,5,0.5740634,-0.1227557,-0.03128911,-10.08119,5.61723,5.64866
171.36,18.67004,5,0.562511,-0.133835,0.1366499,-15.28034,5.95463,5.764161
171.38,1.854736,5,0.5871318,-0.1426639,0.8389403,-10.26568,5.95463,5.822596
171.4,-2.960938,5,0.4619905,-0.125038,-5.725948,-8.228921,5.95463,5.836565
171.42,-64.53455,5,0.5920978,-0.08997402,9.968714,-7.927563,5.61723,5.659034
171.44,-53.87207,5,0.7393547,-0.07441391,6.197721,-14.45759,5.54975,5.551277
171.46,16.03967,5,0.8416875,-0.07997182,6.243523,-17.911,5.887151,5.709485
171.48,9.961792,5,0.6167439,-0.1373137,-9.023658,-12.35808,5.95463,5.78809
171.5,-66.49329,5,0.4215158,-0.2018695,-9.405337,-8.799858,5.54975,5.562237
171.52,-28.08545,5,0.593142,-0.1892499,9.983981,-14.71198,5.61723,5.532083
171.54,-27.13391,5,0.7372369,-0.1937762,6.121385,-15.21961,5.61723,5.535886
171.56,-23.56299,5,0.5463892,-0.2570157,-7.787018,-14.81628,5.61723,5.509738
171.58,-30.40515,5,0.4545012,-0.3202738,-4.550375,-13.90251,5.54975,5.45186
171.6,-11.09338,5,0.4343318,-0.3471593,-2.153427,-13.89118,5.61723,5.473642
171.62,-13.00732,5,0.3929056,-0.3584881,-1.008389,-11.78799,5.61723,5.486134
171.64,-14.15369,5,0.3956066,-0.334258,-0.9320526,-10.59445,5.61723,5.499104
171.66,-27.23694,5,0.4437306,-0.2952035,1.983979,-10.10085,5.54975,5.473372
171.68,-23.30884,5,0.4932561,-0.2576081,2.136651,-11.25396,5.54975,5.466766
171.7,-21.5603,5,0.5096892,-0.2411425,-0.183961,-11.66729,5.54975,5.462844
171.72,-21.26184,5,0.5445907,-0.2246702,1.067948,-11.87786,5.54975,5.464077
171.74,-21.20557,5,0.5547957,-0.2137781,0.2587874,-12.01891,5.54975,5.463897
171.76,-21.02515,5,0.5613941,-0.2066834,0.2435202,-12.1269,5.54975,5.462839
171.78,-20.82507,5,0.5682177,-0.2013706,0.1366499,-12.20157,5.54975,5.461818
171.8,-20.66943,5,0.5746754,-0.1968226,-0.183961,-12.25121,5.54975,5.460968
171.82,-20.26025,5,0.569295,-0.1957,-0.0007547362,-12.24872,5.54975,5.458774
171.84,-20.07898,5,0.5789532,-0.1915324,-0.2450293,-12.23699,5.54975,5.458501
171.86,-20.14062,5,0.5897953,-0.1852521,-0.1534266,-12.24627,5.54975,5.45895
171.88,-8.214844,5,0.5809475,-0.175662,-0.09235785,-12.202,5.61723,5.497443
171.9,-1.609375,5,0.5797035,-0.1522381,-0.2755641,-10.93815,5.684711,5.554856
171.92,-32.43713,5,0.601374,-0.1245498,1.235887,-9.558922,5.54975,5.501499
171.94,-13.79126,5,0.6516942,-0.08804184,1.831307,-11.90059,5.61723,5.5209
171.96,-27.25391,5,0.6526111,-0.09127617,-0.9778546,-11.5893,5.54975,5.484018
171.98,-22.7561,5,0.6738961,-0.0928349,1.296956,-12.81407,5.54975,5.468301
172,-9.146484,5,0.6722224,-0.1000106,-0.596175,-13.13738,5.61723,5.499698
172.02,-13.78088,5,0.6716524,-0.09938338,-0.0007547362,-11.9767,5.61723,5.513584
172.04,-27.36682,5,0.6763615,-0.09301803,0.7168028,-11.72003,5.54975,5.479208
172.06,-22.1925,5,0.668224,-0.09732065,-0.06182348,-12.89236,5.54975,5.460485
172.08,-8.108521,5,0.6682366,-0.1039755,-0.5351062,-13.11692,5.61723,5.491841
172.1,-12.86877,5,0.6792476,-0.09765677,0.3809245,-11.88103,5.61723,5.508201
172.12,-26.65002,5,0.6868409,-0.08573924,0.4877952,-11.59616,5.54975,5.475393
172.14,-22.0957,5,0.7023842,-0.07963888,0.4114593,-12.84911,5.54975,5.460204
172.16,-8.364014,5,0.7050167,-0.08079773,-0.2144953,-13.19828,5.61723,5.4922
172.18,-12.7417,5,0.7004015,-0.07747753,-0.09235785,-12.02733,5.61723,5.5058
172.2,-26.16272,5,0.7067384,-0.06831755,0.5335966,-11.74232,5.54975,5.471828
172.22,-9.682129,5,0.7126284,-0.05830318,-0.07709067,-12.9007,5.61723,5.495997
172.24,-24.33618,5,0.7136657,-0.06314401,-0.03128911,-12.02868,5.54975,5.465139
172.26,-19.85864,5,0.7063002,-0.06636569,0.1824515,-12.90561,5.54975,5.450007
172.28,-5.895874,5,0.6958162,-0.071427,-0.4435031,-12.96925,5.61723,5.482335
172.3,-10.4303,5,0.6991667,-0.06367917,0.1671843,-11.6121,5.61723,5.498824
172.32,-12.41052,5,0.7041776,-0.04129989,0.5183294,-11.18882,5.61723,5.507245
172.34,-24.2843,5,0.7022818,-0.03037748,-0.04655629,-11.12398,5.54975,5.468639
172.36,-6.877075,5,0.705157,-0.02139166,0.304589,-12.25922,5.61723,5.490938
172.38,-20.8739,5,0.6958812,-0.0281575,-0.3366328,-11.24175,5.54975,5.459081
172.4,-16.28455,5,0.6953205,-0.02760316,0.4267263,-11.97767,5.54975,5.445817
172.42,-2.619507,5,0.6957766,-0.02481127,-0.3671672,-11.97251,5.61723,5.481074
172.44,-18.94458,5,0.7029391,-0.01804361,0.2282531,-10.63696,5.54975,5.45855
172.46,-15.02625,5,0.6901122,-0.009828955,0.5030622,-11.35608,5.54975,5.446702
172.48,-1.716309,5,0.7061031,0.001906082,0.2129859,-11.45942,5.61723,5.483853
172.5,5.170654,5,0.7074014,0.02672735,0.1977187,-10.16058,5.684711,5.541657
172.52,-25.06396,5,0.7078465,0.05041094,0.3503905,-8.656942,5.54975,5.486201
172.54,-5.682739,5,0.743301,0.08302943,2.365658,-10.80474,5.61723,5.504169
172.56,-8.36377,5,0.7879361,0.1011968,0.9763447,-10.41259,5.61723,5.514699
172.58,-8.904541,5,0.7693291,0.1110343,0.7015356,-10.35998,5.61723,5.514418
172.6,-20.26843,5,0.7779088,0.1125791,0.2129859,-10.43165,5.54975,5.473251
172.62,-3.210205,5,0.7930396,0.1170172,0.6404669,-11.64925,5.61723,5.495962
172.64,-17.64539,5,0.7859567,0.1059074,-0.03128911,-10.73122,5.54975,5.463768
172.66,-13.27856,5,0.7836039,0.1008747,0.3351234,-11.57326,5.54975,5.449204
172.68,0.1386719,5,0.7883288,0.09911605,0.1061156,-11.67721,5.61723,5.483757
172.7,-4.60791,5,0.7869552,0.1063336,0.3198562,-10.38658,5.61723,5.499735
172.72,-17.96497,5,0.7839367,0.1169352,0.2282531,-10.02731,5.54975,5.46573
172.74,-1.736938,5,0.8053872,0.1335155,1.388559,-11.18198,5.61723,5.49229
172.76,-16.85706,5,0.8190657,0.1361905,0.01451245,-10.37534,5.54975,5.46371
172.78,-0.5374756,5,0.7940753,0.1394251,0.1671843,-11.2573,5.61723,5.487006
172.8,-15.37048,5,0.8051828,0.137159,-0.2602969,-10.25263,5.54975,5.458425
172.82,0.4311523,5,0.8000707,0.1460132,0.2740546,-11.04175,5.61723,5.485626
172.84,-14.69482,5,0.8069597,0.1470013,-0.2297625,-10.01353,5.54975,5.457967
172.86,12.82764,5,0.7946422,0.1640366,0.1366499,-10.76659,5.684711,5.525043
172.88,-19.31873,5,0.8088182,0.1734135,-0.183961,-8.581228,5.54975,5.475965
172.9,-0.005615234,5,0.7939646,0.1908215,0.3351234,-10.30376,5.61723,5.4917
172.92,-3.554443,5,0.8760024,0.2159401,4.380926,-9.764544,5.61723,5.508348
172.94,-4.384521,5,0.8406621,0.2267853,-1.267931,-9.645795,5.61723,5.50827
172.96,-4.736084,5,0.872542,0.2441053,0.2893218,-9.756491,5.61723,5.510789
172.98,-4.495483,5,0.8686401,0.252519,0.1671843,-9.849454,5.61723,5.509139
173,-14.94653,5,0.8462997,0.2432051,-0.4129688,-9.833558,5.54975,5.463514
173.02,-8.619385,5,0.8468245,0.2311543,-0.3060985,-10.87634,5.54975,5.443396
173.04,5.363159,5,0.8561329,0.2252461,0.07558119,-10.9298,5.61723,5.47726
173.06,1.03064,5,0.8399653,0.2270711,-0.09235785,-9.49835,5.61723,5.491918
173.08,-0.5421143,5,0.8344218,0.2441246,-0.183961,-8.969844,5.61723,5.498867
173.1,-1.384827,5,0.8596507,0.269086,0.8389403,-8.860854,5.61723,5.504753
173.12,-1.579529,5,0.8688858,0.289105,0.1671843,-8.900958,5.61723,5.506641
173.14,-1.000061,5,0.8637597,0.3004688,-0.107625,-8.925634,5.61723,5.505008
173.16,-11.86652,5,0.8666376,0.3016051,0.1213828,-8.914401,5.54975,5.463284
173.18,-6.111694,5,0.8794992,0.2991838,0.01451245,-10.04327,5.54975,5.445753
173.2,19.42389,5,0.8830457,0.3039497,-0.01602192,-10.16629,5.684711,5.519435
173.22,-13.82947,5,0.8878437,0.3097717,0.01451245,-7.736407,5.54975,5.473009
173.24,-6.83728,5,0.8823892,0.3218942,-0.0007547362,-9.467534,5.54975,5.45055
173.26,-4.69928,5,0.9400405,0.3276145,4.335124,-10.09535,5.54975,5.446026
173.28,7.357239,5,0.9468632,0.3338265,-1.237397,-10.29155,5.61723,5.483499
173.3,1.278381,5,0.9832689,0.3535582,0.7931387,-9.328683,5.61723,5.503539
173.32,-0.5084229,5,0.9572381,0.3670977,0.1061156,-9.219212,5.61723,5.505795
173.34,-12.06079,5,0.9592519,0.3686973,0.4267263,-9.357676,5.54975,5.463888
173.36,5.451782,5,0.9585188,0.3676024,-0.09235785,-10.58498,5.61723,5.483817
173.38,14.16882,5,0.9614124,0.371927,0.1061156,-9.610924,5.684711,5.53354
173.4,-4.384338,5,0.9730181,0.3899603,0.2129859,-8.152716,5.61723,5.517213
173.42,-2.290405,5,1.004272,0.4169331,1.785506,-9.166219,5.61723,5.511649
173.44,-13.00775,5,1.027584,0.4201853,0.07558119,-9.725148,5.54975,5.467346
173.46,-7.043091,5,1.034441,0.4085922,0.5793981,-11.19794,5.54975,5.445196
173.48,7.767334,5,1.009384,0.3862998,-0.7793808,-11.4582,5.61723,5.471325
173.5,14.9201,5,1.016842,0.3895636,0.1213828,-10.13693,5.684711,5.526479
173.52,-4.530151,5,1.030464,0.4108332,0.8542075,-8.615406,5.61723,5.512887
173.54,-2.83667,5,1.06298,0.440146,1.968712,-9.682574,5.61723,5.508
173.56,-13.31262,5,1.072765,0.4399084,-0.2908313,-10.27192,5.54975,5.461597
173.58,-7.032837,5,1.075418,0.4247516,0.4725278,-11.72627,5.54975,5.438225
173.6,-3.931274,5,1.060205,0.3955424,-0.519839,-12.0012,5.54975,5.424959
173.62,-3.305786,5,1.076743,0.3802134,0.1977187,-11.92743,5.54975,5.422675
173.64,-3.38147,5,1.071978,0.370463,-0.04655629,-11.80134,5.54975,5.421336
173.66,-3.278931,5,1.062379,0.3632466,0.04504682,-11.69426,5.54975,5.419283
173.68,8.310791,5,1.065233,0.369096,0.1213828,-11.59783,5.61723,5.459272
173.7,3.252563,5,1.051794,0.3789751,-0.04655629,-10.31878,5.61723,5.475201
173.72,-10.44366,5,1.065665,0.3955207,0.4877952,-10.05566,5.54975,5.443048
173.74,17.73822,5,1.064879,0.415883,-0.107625,-11.20759,5.684711,5.507399
173.76,-13.85474,5,1.07075,0.4197113,0.1061156,-9.19142,5.54975,5.454822
173.78,5.112488,5,1.080384,0.4381897,1.037414,-11.05388,5.61723,5.472083
173.8,2.33905,5,1.117107,0.4487613,-0.06182348,-10.48988,5.61723,5.482617
173.82,-10.41418,5,1.116563,0.4530975,0.7015356,-10.42041,5.54975,5.444969
173.84,-4.50592,5,1.095445,0.4420193,-0.1686933,-11.58813,5.54975,5.423256
173.86,9.713196,5,1.102112,0.4337206,-0.107625,-11.75801,5.61723,5.455192
173.88,4.847961,5,1.113114,0.4398843,0.2893218,-10.47241,5.61723,5.472326
173.9,-8.970947,5,1.118115,0.4516039,0.3351234,-10.15654,5.54975,5.439746
173.92,-4.392273,5,1.131946,0.4575441,0.5946653,-11.38694,5.54975,5.424669
173.94,9.731812,5,1.119093,0.4524207,0.2893218,-11.66605,5.61723,5.455001
173.96,5.588196,5,1.113943,0.4546331,0.04504682,-10.40686,5.61723,5.468765
173.98,-8.00946,5,1.128434,0.4669584,0.3351234,-10.06703,5.54975,5.436707
174,-2.851929,5,1.118633,0.4674226,0.06031401,-11.17863,5.54975,5.419194
174.02,11.20544,5,1.122024,0.4658422,-0.3366328,-11.37498,5.61723,5.451834
174.04,-4.984497,5,1.128962,0.4669114,0.4725278,-10.13349,5.54975,5.427763
174.06,10.27802,5,1.122897,0.4797362,0.3198562,-10.90035,5.61723,5.456593
174.08,-5.603943,5,1.154203,0.4897538,0.6251997,-9.994731,5.54975,5.432352
174.1,-1.607422,5,1.142872,0.4941813,1.022146,-10.95956,5.54975,5.41831
174.12,0.3320923,5,1.151615,0.4896378,0.09084838,-11.21994,5.54975,5.411974
174.14,12.58246,5,1.157294,0.4945195,0.6099325,-11.18897,5.61723,5.450529
174.16,-3.755798,5,1.141311,0.4948961,0.02977964,-9.902569,5.54975,5.425251
174.18,-0.1640625,5,1.147463,0.5033759,0.5030622,-10.721,5.54975,5.414629
174.2,1.176514,5,1.166996,0.5061808,0.7320697,-10.96168,5.54975,5.411393
174.22,2.004517,5,1.156955,0.5032204,0.1061156,-10.94971,5.54975,5.407978
174.24,14.00446,5,1.160144,0.5114814,0.07558119,-10.84235,5.61723,5.447673
174.26,-2.803345,5,1.162439,0.5200658,0.3198562,-9.592041,5.54975,5.425322
174.28,12.47571,5,1.154896,0.5369635,0.4572606,-10.40969,5.61723,5.454052
174.3,-3.294312,5,1.187886,0.5494504,0.8389403,-9.540923,5.54975,5.429738
174.32,23.78491,5,1.182377,0.572576,0.7626044,-10.4876,5.684711,5.49759
174.34,-8.650574,5,1.204975,0.584693,0.6099325,-8.504134,5.54975,5.44851
174.36,21.961,5,1.197458,0.6102819,0.7626044,-10.39006,5.684711,5.504591
174.38,-9.417114,5,1.245275,0.6206596,2.02978,-8.754543,5.54975,5.452773
174.4,10.50055,5,1.211411,0.625591,0.3198562,-10.70033,5.61723,5.463013
174.42,7.52356,5,1.281565,0.6364128,2.548864,-10.20953,5.61723,5.475605
174.44,7.250305,5,1.227856,0.6326199,0.1519171,-10.00467,5.61723,5.472158
174.46,-4.170532,5,1.24314,0.6297479,-0.07709067,-9.972486,5.54975,5.431829
174.48,1.146057,5,1.255422,0.6239718,0.7015356,-11.14352,5.54975,5.414558
174.5,3.792969,5,1.238825,0.6038156,0.1824515,-11.32247,5.54975,5.404008
174.52,16.69794,5,1.225924,0.5954096,-0.1992282,-11.10436,5.61723,5.439742
174.54,-0.199707,5,1.237297,0.5982233,0.1213828,-9.721457,5.54975,5.418559
174.56,14.63275,5,1.23356,0.6141301,0.3351234,-10.47454,5.61723,5.448882
174.58,-0.9387817,5,1.246514,0.6208409,0.6557342,-9.540994,5.54975,5.422552
174.6,15.48041,5,1.212049,0.6256256,-0.4740371,-10.3518,5.61723,5.44589
174.62,12.39923,5,1.221276,0.6331391,-0.3213652,-9.257389,5.61723,5.458314
174.64,11.797,5,1.196414,0.6448748,-0.06182348,-8.758532,5.61723,5.461546
174.66,23.37152,5,1.207272,0.6711554,-0.2450293,-8.496327,5.684711,5.505711
174.68,-4.613708,5,1.198543,0.6828454,0.04504682,-7.17064,5.54975,5.443186
174.7,16.63251,5,1.191093,0.6957321,-0.1992282,-9.062701,5.61723,5.454368
174.72,14.96814,5,1.224264,0.7041614,1.81604,-8.273114,5.61723,5.464178
174.74,26.19714,5,1.203623,0.7224177,-0.7183124,-7.821322,5.684711,5.50725
174.76,-2.572083,5,1.224363,0.7395182,1.663368,-6.50597,5.54975,5.448663
174.78,6.075195,5,1.236714,0.7521514,1.388559,-8.577442,5.54975,5.42243
174.8,19.83716,5,1.313983,0.7681345,3.525964,-9.303713,5.61723,5.459445
174.82,15.75201,5,1.280781,0.7686859,-1.573274,-8.281964,5.61723,5.469414
174.84,2.092957,5,1.312721,0.781211,-0.03128911,-8.153152,5.54975,5.436817
174.86,17.81348,5,1.338933,0.7961102,0.9610775,-9.508849,5.61723,5.463189
174.88,14.22607,5,1.3433,0.7991426,-0.01602192,-8.831851,5.61723,5.472531
174.9,1.687378,5,1.329765,0.7958271,-0.8709843,-8.727337,5.54975,5.432657
174.92,18.3136,5,1.34605,0.7987069,0.1366499,-9.952728,5.61723,5.455957
174.94,3.57489,5,1.342386,0.7867854,0.04504682,-9.096224,5.54975,5.42414
174.96,19.30908,5,1.340651,0.7879015,-0.519839,-9.98757,5.61723,5.449964
174.98,3.737305,5,1.357414,0.7846266,-0.07709067,-9.069599,5.54975,5.422621
175,19.12341,5,1.352676,0.7904966,-0.01602192,-9.994047,5.61723,5.449295
175.02,4.515503,5,1.331293,0.7790393,-0.2755641,-9.003226,5.54975,5.416893
175.04,8.669312,5,1.340238,0.7779041,-0.1686933,-9.852618,5.54975,5.404076
175.06,22.11487,5,1.337877,0.7763454,-0.09235785,-9.958779,5.61723,5.438311
175.08,17.73804,5,1.324725,0.780507,-0.1686933,-8.626562,5.61723,5.452822
175.1,4.130127,5,1.339545,0.7951424,0.3961921,-8.262611,5.54975,5.421258
175.12,19.96796,5,1.366183,0.8154553,1.129017,-9.45722,5.61723,5.449341
175.14,16.70197,5,1.361761,0.8224291,-0.2450293,-8.629957,5.61723,5.459208
175.16,3.67926,5,1.377276,0.832581,0.8084057,-8.490036,5.54975,5.424319
175.18,19.73737,5,1.404782,0.8473372,1.464895,-9.777555,5.61723,5.450655
175.2,16.63184,5,1.393953,0.8476112,-0.962587,-8.968967,5.61723,5.458798
175.22,14.94885,5,1.418403,0.8635741,0.8542075,-8.831399,5.61723,5.465106
175.24,2.839905,5,1.420624,0.8670114,0.07558119,-8.942069,5.54975,5.425223
175.26,20.13025,5,1.416959,0.866004,-0.04655629,-10.19789,5.61723,5.445227
175.28,17.06915,5,1.426317,0.8634988,-0.1992282,-9.312762,5.61723,5.45495
175.3,4.033386,5,1.429629,0.8649424,0.304589,-9.074272,5.54975,5.419052
175.32,32.39233,5,1.423056,0.8740093,-0.1686933,-10.15821,5.684711,5.481844
175.34,12.57544,5,1.414644,0.875542,-0.1992282,-8.007195,5.61723,5.468157
175.36,13.08118,5,1.480715,0.9104281,2.701536,-8.810188,5.61723,5.470544
175.38,0.3591309,5,1.543685,0.9308525,1.006879,-9.526024,5.54975,5.434069
175.4,6.008911,5,1.526033,0.9187366,0.4572606,-11.22336,5.54975,5.409106
175.42,20.94141,5,1.50565,0.8936256,-0.9778546,-11.68076,5.61723,5.433396
175.44,27.64154,5,1.53262,0.8973595,0.4419934,-10.54512,5.684711,5.489627
175.46,-3.591003,5,1.540273,0.9056844,0.8847416,-9.199078,5.54975,5.433815
175.48,15.7019,5,1.54556,0.9157431,0.3198562,-11.45548,5.61723,5.446301
175.5,14.02942,5,1.54461,0.9045451,-0.9015187,-10.99403,5.61723,5.448626
175.52,2.053711,5,1.53262,0.8911287,0.6710012,-10.84459,5.54975,5.407139
175.54,19.52515,5,1.512938,0.8787083,-0.4893047,-11.86243,5.61723,5.426191
175.56,16.24695,5,1.526526,0.8737127,0.02977964,-10.8168,5.61723,5.437626
175.58,14.34772,5,1.535465,0.8851342,0.5641309,-10.48838,5.61723,5.444458
175.6,2.21283,5,1.533032,0.8870205,0.02977964,-10.47914,5.54975,5.405029
175.62,19.39539,5,1.532007,0.8875692,-0.09235785,-11.66702,5.61723,5.42625
175.64,4.929321,5,1.531542,0.8763813,-0.2908313,-10.73939,5.54975,5.39489
175.66,32.31598,5,1.52829,0.8869496,0.4877952,-11.52498,5.684711,5.462102
175.68,12.23474,5,1.50917,0.8899612,-0.4282355,-9.23866,5.61723,5.449479
175.7,13.90491,5,1.52828,0.9148413,1.083215,-9.818716,5.61723,5.446827
175.72,2.939758,5,1.551453,0.9229924,0.8389403,-10.13236,5.54975,5.405774
175.74,9.245972,5,1.539042,0.9129328,0.4877952,-11.40099,5.54975,5.383666
175.76,12.05359,5,1.542628,0.895364,-0.5045714,-11.61207,5.54975,5.374398
175.78,24.1311,5,1.55794,0.8959689,0.6404669,-11.49465,5.61723,5.414327
175.8,7.566162,5,1.536564,0.8929903,0.02977964,-10.15143,5.54975,5.389332
175.82,22.7865,5,1.53361,0.9052517,0.3351234,-10.89985,5.61723,5.418509
175.84,7.409485,5,1.542328,0.9089113,0.1061156,-9.909771,5.54975,5.391777
175.86,11.25757,5,1.548041,0.9158465,0.3961921,-10.82528,5.54975,5.380022
175.88,13.33154,5,1.541578,0.9092633,-0.0007547362,-11.01638,5.54975,5.372908
175.9,25.78015,5,1.544385,0.9133321,0.06031401,-10.91589,5.61723,5.411407
175.92,20.92419,5,1.534057,0.9240071,0.1061156,-9.556973,5.61723,5.428172
175.94,7.773621,5,1.525937,0.9365277,0.1366499,-9.145272,5.54975,5.39431
175.96,24.63544,5,1.527865,0.9501678,0.1366499,-10.17709,5.61723,5.419173
175.98,21.91724,5,1.522228,0.9563802,0.01451245,-9.132997,5.61723,5.429637
176,21.22339,5,1.512079,0.9710357,0.02977964,-8.680312,5.61723,5.434132
176.02,67.43018,-5,1.512416,0.9875056,0.04504682,-8.447508,5.61723,5.436602
176.04,71.30127,-5,1.518997,1.054571,0.1519171,-3.596828,5.61723,5.439552
176.06,77.52002,-5,1.50122,1.180491,1.464895,0.1169399,5.61723,5.437586
176.08,67.3949,-5,1.779394,1.404574,17.35803,2.297453,5.54975,5.426924
176.1,82.16083,-5,2.098205,1.681461,15.93818,1.727472,5.61723,5.483698
176.12,60.56497,-5,2.579966,1.997208,24.97635,1.243518,5.54975,5.498181
176.14,60.20572,-5,2.888082,2.267084,14.54887,-2.251553,5.54975,5.497037
176.16,143.7567,-5,3.090137,2.506691,11.4191,-5.061951,6.02211,5.757626
176.18,112.6554,-5,3.154293,2.703886,3.510697,1.331612,6.02211,5.842273
176.2,95.4339,-5,3.181007,2.902125,2.51833,2.336149,5.95463,5.809505
176.22,96.86899,-5,3.603468,3.156931,24.86948,-0.1195393,5.95463,5.816893
176.24,141.9406,-5,3.912309,3.409727,13.11375,-2.497746,6.22455,5.979181
176.26,135.8928,-5,3.99188,3.605076,4.854208,0.2721145,6.29203,6.058048
176.28,-43.33984,-5,4.037687,3.663977,2.51833,0.9943911,5.27983,5.453022
176.3,107.4805,-5,4.283097,3.707719,13.02215,-17.24849,5.684711,5.422957
176.32,98.05987,-5,4.426202,3.634305,7.144286,-14.54251,5.61723,5.361124
176.34,173.069,-5,4.043205,3.560148,-18.82519,-12.26453,5.95463,5.47604
176.36,167.8583,-5,3.672437,3.513127,-9.863353,-1.89304,5.95463,5.486768
176.38,-6.134262,-5,3.821549,3.567462,6.228255,3.605665,4.94243,4.92018
176.4,120.3421,-5,4.033866,3.663521,17.49544,-10.86405,5.21235,4.850902
176.42,122.0955,-5,4.583735,3.786406,26.56414,-9.447615,5.21235,4.879876
176.44,184.273,-5,4.435346,3.892568,-9.191597,-7.670371,5.54975,5.055724
176.46,180.0959,-5,4.311398,4.016557,0.5030622,0.2692223,5.61723,5.146732
176.48,218.5464,-5,4.420695,4.280588,1.770238,4.877798,5.887151,5.358291
176.5,20.70813,-5,4.667644,4.505474,18.45727,10.65409,4.87495,4.859276
176.52,109.1848,-5,5.215005,4.766272,24.67101,-7.231372,5.009911,4.754504
176.54,151.9952,-5,5.768649,4.934277,32.2588,-11.85486,5.21235,4.854673
176.56,208.4039,-5,5.86028,5.081479,-2.870985,-10.73025,5.61723,5.112013
176.58,3.938721,-5,5.350933,4.96672,-28.10763,-2.955047,4.53755,4.477306
176.6,-16.50165,-5,5.552141,4.85204,8.838943,-19.32158,3.93023,3.844649
176.62,144.2701,-5,5.369282,4.550807,-15.69542,-31.36651,4.335111,3.770606
176.64,41.99249,-5,4.573247,4.020657,-49.8939,-20.64055,3.592831,3.213074
176.66,242.5562,-5,4.003125,3.708852,-19.78702,-21.64949,4.267631,3.360955
176.68,279.2958,-5,4.038583,3.726383,2.640467,-1.994196,4.60503,3.709036
176.7,57.77649,-5,3.921016,3.904435,-0.962587,14.76027,3.525351,3.248329
176.72,185.9164,-5,4.673847,4.372658,46.97636,1.172359,3.93023,3.393767
176.74,218.9158,-5,5.045894,4.72757,13.32749,4.070671,4.20015,3.6378
176.76,92.30646,-5,5.084289,4.967786,9.113751,9.019331,3.592831,3.357096
176.78,185.6895,-5,5.619451,5.297778,28.3962,-2.112941,3.93023,3.474931
176.8,-8.210083,-5,5.704822,5.325841,-0.3977011,-0.676555,2.850551,2.84726
176.82,-6.862671,-5,5.53741,5.122585,-1.954954,-18.88941,2.31071,2.191576
176.84,188.2974,-5,5.404233,4.793201,-8.565642,-30.05332,2.918031,2.244187
176.86,76.92438,-5,4.691147,4.311347,-42.9626,-15.54151,2.243231,1.803965
176.88,91.23181,-5,4.009593,3.922529,-26.99313,-14.9793,1.90583,1.37931
176.9,25.89294,-5,4.290758,3.725678,12.68627,-14.29499,1.23103,0.8889831
176.92,213.2038,-5,4.187311,3.638278,-11.31374,-19.76856,1.90583,1.102849
176.94,72.68774,-5,4.116936,3.566967,-3.176328,-4.433597,1.23103,0.8211578
176.96,13.83252,-5,4.045858,3.561284,-0.0007547362,-8.41943,0.6237106,0.3493988
176.98,181.9856,-5,4.318648,3.628816,13.44963,-17.61215,1.23103,0.5522264
177,51.87805,-5,3.978212,3.509613,-18.68778,-5.755097,0.5562305,0.2041887
177.02,-1.866333,-5,3.544184,3.324845,-8.382438,-9.783897,-0.1185694,-0.3861099
177.04,187.3447,-5,3.961861,3.334736,12.38093,-18.95373,0.5562305,-0.1536981
177.06,-122.6393,-5,3.663995,3.088026,-20.32137,-5.482344,-1.13077,-1.079887
177.08,130.014,-5,3.302404,2.892554,-14.70305,-26.34215,-0.4559698,-1.106196
177.1,10.70496,-5,3.598139,2.690767,15.5107,-15.80612,-1.13077,-1.441963
177.12,173.2,-5,3.537731,2.698257,-10.65725,-20.40679,-0.4559698,-1.158775
177.14,14.87354,-5,3.344852,2.630509,-5.115261,-6.630213,-1.19825,-1.482708
177.16,15.85205,-5,3.372793,2.653835,-1.725946,-13.66796,-1.46817,-1.765327
177.18,124.817,-5,3.526408,2.677245,10.50307,-18.53015,-1.06329,-1.620672
177.2,-16.06311,-5,3.38903,2.589431,-8.993125,-10.52198,-1.805569,-2.009436
177.22,167.1147,-5,2.898735,2.498953,-24.35191,-17.50291,-1.13077,-1.825131
177.24,21.58081,-5,3.168727,2.492707,14.06032,-4.742702,-1.805569,-2.077406
177.26,-41.06677,-5,3.065202,2.471574,-2.107625,-10.84486,-2.412889,-2.551745
177.28,83.32495,-5,3.155854,2.407839,8.472529,-21.32436,-2.075489,-2.542378
177.3,184.0787,-5,3.256114,2.423,-1.970221,-15.77144,-1.46817,-2.142866
177.32,37.44336,-5,2.832061,2.400693,-23.51221,-0.7136719,-2.075489,-2.366624
177.34,130.903,-5,2.353448,2.402444,-22.13817,-3.805745,-1.805569,-2.346143
177.36,14.16101,-5,2.986628,2.553645,34.50307,1.27787,-2.412889,-2.589464
177.38,-116.077,-5,3.340888,2.630205,14.47253,-8.660028,-3.357609,-3.224883
177.4,28.18176,-5,3.507647,2.536749,12.5794,-28.77109,-3.02021,-3.309954
177.42,80.3374,-5,3.590999,2.359956,0.1824515,-27.66966,-2.75029,-3.180586
177.44,-39.92371,-5,3.284148,2.141827,-19.72595,-20.89266,-3.357609,-3.517553
177.46,-96.43408,-5,2.595238,1.743862,-37.72596,-26.47674,-4.03241,-4.14904
177.48,117.4677,-5,1.899665,1.277198,-40.65726,-33.2284,-3.357609,-4.07296
177.5,143.4624,-5,2.01744,1.129762,8.274057,-16.36922,-3.08769,-3.778631
177.52,-42.60803,-5,1.845345,1.150662,4.518331,-2.342268,-3.96493,-4.139441
177.54,-9.093384,-5,2.728997,1.479812,44.27407,-14.81109,-3.96493,-4.166522
177.56,32.16846,-5,3.393221,1.754298,29.48017,-21.78301,-3.695009,-3.964977
177.58,-120.6429,-5,3.435237,1.774173,-7.451138,-22.65611,-4.43729,-4.363801
177.6,25.99719,-5,2.474028,1.438434,-53.7565,-35.25933,-4.03241,-4.456659
177.62,-55.91174,-5,1.361979,0.7833388,-61.58856,-25.25184,-4.707209,-5.012947
177.64,-53.46936,-5,0.2701027,0.1093161,-44.30611,-23.37862,-5.247049,-5.63028
177.66,233.5343,-5,0.7286887,0.02516896,18.99162,-22.90275,-3.96493,-4.952512
177.68,-38.65796,-5,1.06346,0.1800083,9.709172,4.904405,-4.977129,-5.138221
177.7,55.32263,-5,1.002586,0.4972144,-2.290832,-3.837086,-4.639729,-5.00899
177.72,41.4187,-5,1.31429,0.7443724,15.89238,-1.114507,-4.639729,-4.916953
177.74,-140.8439,-5,1.502113,0.8671756,7.113751,-1.698859,-5.65193,-5.468194
177.76,-60.24011,-5,1.522689,0.8146821,0.8389403,-20.51517,-5.65193,-5.729679
177.78,26.14795,-5,1.779148,0.6945714,10.65574,-25.52839,-5.314529,-5.611403
177.8,6.140259,-5,1.741815,0.5980775,-4.153428,-20.01472,-5.314529,-5.553119
177.82,-7.100708,-5,1.351561,0.479251,-26.19924,-17.11812,-5.38201,-5.609691
177.84,83.2334,-5,0.7510113,0.3203741,-30.9626,-14.3524,-4.977129,-5.450455
177.86,3.154297,-5,0.2819996,0.1596932,-2.977855,-1.948162,-5.38201,-5.638907
177.88,30.25916,-5,0.7728888,0.3315738,22.21299,-3.441565,-5.314529,-5.56841
177.9,9.150635,-5,1.490681,0.6436611,34.54887,-4.093071,-5.314529,-5.438546
177.92,-67.29407,-5,2.234768,0.9828414,33.95346,-9.276032,-5.58445,-5.481236
177.94,-50.89856,-5,2.435053,1.116438,10.33513,-21.08827,-5.51697,-5.498795
177.96,-69.79614,-5,2.285486,0.9760955,-9.573277,-26.81074,-5.65193,-5.658493
177.98,13.32068,-5,1.859442,0.7051654,-25.22214,-30.96748,-5.314529,-5.598848
178,11.65308,-5,1.250061,0.365065,-31.80229,-23.29032,-5.314529,-5.632732
178.02,74.52295,-5,0.491934,0.08310917,-38.74886,-15.73112,-5.044609,-5.537446
178.04,89.64526,-5,-0.2671687,-0.1295684,-31.20687,-1.77197,-4.977129,-5.48675
178.06,15.22314,-5,0.2179345,0.05835137,35.54124,7.251393,-5.314529,-5.5279
178.08,1.543335,-5,0.9162363,0.4453868,40.74735,3.357717,-5.38201,-5.477598
178.1,-65.18396,-5,1.870234,0.8576336,48.39621,-3.897543,-5.65193,-5.525575
178.12,-69.89893,-5,2.580729,1.150467,31.52597,-17.84007,-5.65193,-5.522952
178.14,-30.24329,-5,2.838515,1.218934,5.434361,-28.33749,-5.38201,-5.403242
178.16,-34.88562,-5,2.129397,0.9270721,-43.26794,-28.926,-5.38201,-5.495701
178.18,64.25049,-5,1.03846,0.4697852,-56.04658,-25.97913,-4.977129,-5.430197
178.2,-87.88611,-5,-0.0776566,-0.1147279,-54.36718,-10.60382,-5.92185,-6.050427
178.22,-23.02515,-5,0.02080461,-0.3381319,25.4649,-16.1311,-5.989328,-6.260616
178.24,165.598,-5,0.5529775,-0.22446,31.83132,-14.61731,-4.977129,-5.61618
178.26,69.62158,-5,0.9820915,0.126384,9.129019,3.969495,-4.977129,-5.249659
178.28,-142.0604,-5,0.8457824,0.3738098,-8.993125,6.640188,-5.989328,-5.733615
178.3,-75.48169,-5,1.169942,0.5048604,18.07559,-14.02529,-5.989328,-5.941803
178.32,118.4301,-5,1.582769,0.5818816,23.25116,-21.95539,-4.977129,-5.399555
178.34,-123.0527,-5,1.693384,0.5700957,5.556499,-8.383724,-5.92185,-5.725307
178.36,-85.67285,-5,1.432077,0.4830992,-21.68015,-22.96856,-5.989328,-5.967801
178.38,29.64709,-5,0.779416,0.118952,-23.78702,-26.46698,-5.58445,-5.926669
178.4,13.67798,-5,0.3998187,-0.1825796,-23.31374,-15.88777,-5.65193,-5.952591
178.42,22.23035,-5,0.01537856,-0.335575,-19.54275,-9.210878,-5.65193,-5.959035
178.44,35.90198,-5,-0.0202073,-0.3225368,11.92291,-3.767912,-5.58445,-5.878846
178.46,-44.23083,-5,0.5859928,-0.09141922,25.14429,-0.9468398,-5.92185,-5.93875
178.48,-39.83789,-5,0.9951365,0.1473805,17.25116,-8.54264,-5.92185,-5.928938
178.5,-48.90686,-5,1.465633,0.319281,21.29696,-14.70943,-5.92185,-5.89923
178.52,-69.73547,-5,1.68408,0.374586,6.671003,-20.4889,-5.989328,-5.939587
178.54,-61.57703,-5,1.453471,0.2359399,-12.79465,-25.66356,-5.989328,-6.023341
178.56,27.08325,-5,0.8826419,-0.03593631,-32.48931,-26.20495,-5.58445,-5.899112
178.58,-3.177612,-5,0.1955,-0.355453,-36.94733,-15.35676,-5.71941,-5.983022
178.6,-129.5988,-5,-0.4810522,-0.7083637,-33.69542,-9.277168,-6.596649,-6.580951
178.62,115.2203,-5,-0.5977038,-0.8400455,11.67864,-17.23174,-5.65193,-6.231555
178.64,3.812012,-5,0.1101894,-0.6757668,24.96108,-0.2419868,-5.92185,-6.087781
178.66,-26.12524,-5,0.2698236,-0.3824877,7.693904,-0.8308327,-5.989328,-6.037366
178.68,-29.28796,-5,0.4242631,-0.1853098,5.28169,-4.744462,-5.989328,-6.020467
178.7,-28.3949,-5,0.9327685,0.02813402,26.06032,-9.338668,-5.92185,-5.930063
178.72,-34.10022,-5,1.221234,0.1770567,12.74734,-13.24986,-5.85437,-5.847353
178.74,-68.896,-5,1.223785,0.1842206,-3.756481,-16.4966,-5.989328,-5.928904
178.76,-45.79773,-5,1.08609,0.07727373,-11.92442,-21.69113,-5.92185,-5.96777
178.78,-39.14124,-5,0.8238233,-0.1251056,-14.87099,-21.92933,-5.92185,-6.025129
178.8,17.05444,-5,0.4940534,-0.3138278,-17.39007,-20.22058,-5.65193,-5.917078
178.82,5.952148,-5,0.1623201,-0.4586245,-13.26794,-12.30912,-5.65193,-5.884174
178.84,0.2938232,-5,0.1394814,-0.4498891,0.1061156,-8.1273,-5.65193,-5.84077
178.86,-6.024414,-5,0.2333233,-0.3600259,6.060316,-6.242342,-5.65193,-5.793135
178.88,-75.42114,-5,0.5657632,-0.2276193,15.5565,-6.876381,-5.989328,-5.930263
178.9,-48.53247,-5,0.8232587,-0.1273457,11.84658,-15.14299,-5.92185,-5.935802
178.92,-62.02014,-5,0.9444664,-0.1398483,3.052681,-18.33295,-5.989328,-5.986102
178.94,2.748169,-5,0.8309833,-0.2015853,-7.17633,-21.31385,-5.65193,-5.83497
178.96,-16.22607,-5,0.6115571,-0.3011944,-11.22213,-16.02603,-5.65193,-5.796582
178.98,-20.51562,-5,0.4525322,-0.3511924,-7.588544,-13.92837,-5.65193,-5.789938
179,-25.38391,-5,0.5710519,-0.3240159,7.220622,-13.38225,-5.65193,-5.762524
179.02,-29.89819,-5,0.6126244,-0.2932669,3.388559,-13.65818,-5.65193,-5.746114
179.04,-34.91113,-5,0.728363,-0.2516874,6.930545,-14.69422,-5.65193,-5.728814
179.06,-40.66785,-5,0.8579832,-0.2120604,4.594666,-16.33374,-5.65193,-5.713724
179.08,-41.82727,-5,0.7936648,-0.2374644,-3.374801,-17.79353,-5.65193,-5.727992
179.1,-41.47656,-5,0.7818819,-0.2820888,0.3809245,-18.84879,-5.65193,-5.741231
179.12,-41.30823,-5,0.7569823,-0.3353868,-2.24503,-19.44055,-5.65193,-5.751832
179.14,-40.60828,-5,0.6931666,-0.3981714,-3.359534,-19.61226,-5.65193,-5.76418
179.16,-40.60254,-5,0.6689199,-0.4489377,-1.191595,-19.58522,-5.65193,-5.769424
179.18,-40.5874,-5,0.620781,-0.4962167,-2.703046,-19.41453,-5.65193,-5.774605
179.2,-40.08923,-5,0.5642522,-0.5409921,-2.458771,-19.11748,-5.65193,-5.780142
179.22,-39.77368,-5,0.5281777,-0.5757674,-1.54274,-18.75537,-5.65193,-5.782074
179.24,-41.0304,-5,0.5485696,-0.5876935,0.7168028,-18.55889,-5.65193,-5.775338
179.26,-42.56238,-5,0.5483035,-0.5949279,0.02977964,-18.56054,-5.65193,-5.770391
179.28,-44.026,-5,0.5577793,-0.5996203,0.2740546,-18.75389,-5.65193,-5.766277
179.3,-44.98682,-5,0.551177,-0.6099631,-0.3671672,-19.01278,-5.65193,-5.765423
179.32,-22.3429,-5,0.5379254,-0.6103235,-0.1534266,-19.19141,-5.51697,-5.685239
179.34,-45.12488,-5,0.5248677,-0.6098402,-1.176328,-17.01162,-5.58445,-5.690271
179.36,-44.12939,-5,0.505287,-0.6029072,-0.5656406,-17.81051,-5.58445,-5.694751
179.38,-55.6665,-5,0.5276595,-0.6115569,0.9458106,-18.34058,-5.65193,-5.735077
179.4,-49.62402,-5,0.4873312,-0.6451988,-1.939687,-19.72211,-5.65193,-5.758751
179.42,-34.69995,-5,0.4393724,-0.6872592,-2.290832,-19.8409,-5.58445,-5.732025
179.44,-38.58826,-5,0.3991682,-0.7162797,-2.641977,-18.2823,-5.58445,-5.718893
179.46,-61.84192,-5,0.3054773,-0.7578374,-5.038925,-17.38218,-5.71941,-5.800219
179.48,-38.44543,-5,0.2598038,-0.792004,-2.03129,-18.95317,-5.65193,-5.794887
179.5,-40.32495,-5,0.2856467,-0.8098211,0.6862684,-17.71498,-5.65193,-5.780726
179.52,-41.51611,-5,0.2442441,-0.8166735,-2.458771,-16.9486,-5.65193,-5.773465
179.54,-41.55054,-5,0.2099833,-0.8202405,-1.069457,-16.4461,-5.65193,-5.769755
179.56,-54.27502,-5,0.2459044,-0.8129478,0.9916119,-16.26332,-5.71941,-5.799364
179.58,-37.76208,-5,0.2233786,-0.8134611,-1.267931,-17.3246,-5.65193,-5.773391
179.6,-29.82617,-5,0.2249561,-0.8081385,0.5946653,-16.3392,-5.58445,-5.718108
179.62,-49.30872,-5,0.2406429,-0.7896118,0.2282531,-14.96878,-5.65193,-5.728894
179.64,-35.82092,-5,0.2411678,-0.765896,0.2893218,-16.00812,-5.58445,-5.693401
179.66,-52.00159,-5,0.246903,-0.7625731,-0.4282355,-15.37843,-5.65193,-5.71825
179.68,-47.76074,-5,0.2134724,-0.7736669,-0.1992282,-16.48464,-5.65193,-5.733777
179.7,-46.60059,-5,0.2380054,-0.7865419,-0.01602192,-16.87175,-5.65193,-5.735839
179.72,-34.44922,-5,0.2020711,-0.8022822,-2.077091,-16.86746,-5.58445,-5.699035
179.74,-51.24609,-5,0.1846244,-0.8169355,-1.267931,-15.60881,-5.65193,-5.722117
179.76,-36.6134,-5,0.173126,-0.816982,-0.04655629,-16.4122,-5.58445,-5.690746
179.78,-41.61523,-5,0.1935184,-0.8125228,-0.3060985,-15.53729,-5.58445,-5.672253
179.8,-55.13623,-5,0.1655863,-0.8181256,-1.145793,-15.39896,-5.65193,-5.707528
179.82,-50.9939,-5,0.1856894,-0.8247703,1.022146,-16.74249,-5.65193,-5.720201
179.84,-49.02625,-5,0.1579414,-0.8532625,-1.145793,-17.12058,-5.65193,-5.729163
179.86,-48.30432,-5,0.1401438,-0.8809505,-1.115259,-17.11627,-5.65193,-5.732557
179.88,-37.0448,-5,0.1342833,-0.8925416,-0.5656406,-17.00065,-5.58445,-5.690781
179.9,-42.43469,-5,0.09639007,-0.9016926,-1.588542,-15.66467,-5.58445,-5.674185
179.92,-56.96252,-5,0.1116659,-0.8974393,0.9152762,-15.4074,-5.65193,-5.702625
179.94,-53.3667,-5,0.1238259,-0.8993587,-0.1228922,-16.74713,-5.65193,-5.714015
179.96,-51.85046,-5,0.1112217,-0.9211125,-0.5045714,-17.22911,-5.65193,-5.721174
179.98,-39.28296,-5,0.07624361,-0.9433282,-2.229764,-17.25559,-5.58445,-5.686419
180,-54.96973,-5,0.01819915,-0.9734029,-2.214496,-15.83812,-5.65193,-5.715158
180.02,-50.87305,-5,-0.01221917,-0.9927425,-1.023656,-16.38504,-5.65193,-5.727088
180.04,-38.56421,-5,0.00836928,-0.9957749,0.4877952,-16.37796,-5.58445,-5.684834
180.06,-44.32874,-5,-0.002434791,-0.9922926,-1.099992,-15.09738,-5.58445,-5.66427
180.08,-58.10596,-5,-0.02536026,-0.9915446,-0.3060985,-14.78378,-5.65193,-5.69681
180.1,-54.47375,-5,0.0122432,-0.9866898,1.022146,-16.09508,-5.65193,-5.705594
180.12,-52.75195,-5,-0.01337078,-1.00711,-0.8099151,-16.50935,-5.65193,-5.713238
180.14,-52.44348,-5,-0.01210812,-1.025008,-0.01602192,-16.61738,-5.65193,-5.714252
180.16,-52.6189,-5,-0.02792787,-1.043077,-0.6114421,-16.60874,-5.65193,-5.714545
180.18,-65.02332,-5,-0.02066023,-1.061552,0.4725278,-16.67543,-5.71941,-5.752173
180.2,-37.2489,-5,-0.02914301,-1.070979,-0.3060985,-17.89704,-5.58445,-5.687908
180.22,-70.18347,-5,-0.01983142,-1.088432,0.4114593,-15.98854,-5.71941,-5.73735
180.24,-52.70398,-5,-0.01330413,-1.089161,0.7473372,-18.05607,-5.65193,-5.71768
180.26,-55.25964,-5,-0.04245734,-1.115242,-2.336633,-17.56315,-5.65193,-5.713636
180.28,-43.74512,-5,-0.1033125,-1.137118,-3.206862,-17.27094,-5.58445,-5.676799
180.3,-60.5094,-5,-0.1258832,-1.153346,0.02977964,-15.86907,-5.65193,-5.699585
180.32,-58.24963,-5,-0.1052487,-1.151242,0.5183294,-16.70829,-5.65193,-5.703944
180.34,-57.17737,-5,-0.1296736,-1.167425,-1.390068,-16.95349,-5.65193,-5.70859
180.36,-56.56519,-5,-0.1503752,-1.186659,-1.267931,-16.9402,-5.65193,-5.711003
180.38,-55.56055,-5,-0.2001572,-1.212447,-2.993122,-16.70398,-5.65193,-5.715239
180.4,-54.31909,-5,-0.248973,-1.23817,-2.550374,-16.28306,-5.65193,-5.71851
180.42,-53.91296,-5,-0.2639025,-1.251359,-0.01602192,-15.82996,-5.65193,-5.715903
180.44,-66.1499,-5,-0.2567901,-1.258833,-0.3060985,-15.53955,-5.71941,-5.749584
180.46,-61.73267,-5,-0.2509515,-1.266947,0.3198562,-16.60308,-5.71941,-5.76136
180.48,-37.41754,-5,-0.2456121,-1.266683,-0.6114421,-16.82864,-5.58445,-5.682786
180.5,-58.8067,-5,-0.2964693,-1.27489,-2.580908,-14.38058,-5.65193,-5.69205
180.52,-45.41888,-5,-0.3202012,-1.260713,-0.5656406,-14.81946,-5.58445,-5.655434
180.54,-73.93512,-5,-0.2883587,-1.255064,0.9763447,-13.91551,-5.71941,-5.714193
180.56,-65.11176,-5,-0.3090951,-1.265955,-0.7488468,-16.12671,-5.71941,-5.743317
180.58,-107.9819,-5,-0.2983218,-1.325951,0.09084838,-16.83385,-5.989328,-5.916241
180.6,-72.2312,-5,-0.3752665,-1.41869,-4.367168,-21.34473,-5.92185,-5.960322
180.62,-67.78735,-5,-0.4134897,-1.524142,-2.855718,-20.59039,-5.92185,-5.976003
180.64,-77.66888,-5,-0.5074065,-1.611654,-6.748848,-19.36114,-5.989328,-6.023091
180.66,-68.32013,-5,-0.701256,-1.71019,-10.24503,-18.89489,-5.989328,-6.057092
180.68,-61.25964,-5,-0.8595328,-1.799889,-6.626712,-17.10531,-5.989328,-6.075191
180.7,-48.17078,-5,-0.8560774,-1.813641,1.098482,-15.19239,-5.92185,-6.021365
180.72,95.64423,-5,-0.8643863,-1.682616,-0.962587,-12.24616,-5.044609,-5.456181
180.74,20.78033,-5,-0.8357512,-1.445114,2.609933,4.120948,-5.044609,-5.189564
180.76,-58.04688,-5,-0.7004251,-1.116593,6.289324,6.824499,-5.314529,-5.220617
180.78,-66.89557,-5,-0.2542269,-0.8120321,25.80078,-0.8527799,-5.38201,-5.245321
180.8,-63.76483,-5,0.4803236,-0.5260216,36.77788,-9.266186,-5.314529,-5.161282
180.82,-83.67725,-5,0.9171266,-0.354314,20.07559,-16.00903,-5.314529,-5.123321
180.84,-94.6748,-5,1.078128,-0.3292661,3.770239,-23.06257,-5.314529,-5.142963
180.86,-93.01562,-5,0.9025634,-0.4866692,-11.51221,-28.28843,-5.314529,-5.219187
180.88,-89.2951,-5,0.3721628,-0.8248317,-28.15344,-29.84877,-5.38201,-5.379966
180.9,-59.42664,-5,-0.3371291,-1.25627,-35.32901,-28.13239,-5.38201,-5.524635
180.92,-10.05402,-5,-0.9539018,-1.630189,-32.62672,-21.85287,-5.247049,-5.535452
180.94,-25.50293,-5,-1.412331,-1.871465,-16.36717,-11.20739,-5.38201,-5.612027
180.96,-25.84448,-5,-0.9912795,-1.754483,19.89238,-7.133812,-5.38201,-5.528175
180.98,-85.02002,-5,-0.7068305,-1.569947,22.06032,-5.513557,-5.65193,-5.600291
181,78.98645,-5,-0.1616209,-1.210707,26.51834,-11.89045,-4.707209,-5.004915
181.02,-52.18134,-5,0.2171168,-0.8872204,16.99162,-0.9352527,-4.977129,-4.884122
181.04,-66.7337,-5,0.3646744,-0.597935,6.014514,-7.456158,-4.977129,-4.857559
181.06,-68.37299,-5,0.4681374,-0.496345,10.6252,-13.58381,-4.977129,-4.882843
181.08,-71.15771,-5,0.7101588,-0.460148,8.25879,-18.63199,-4.977129,-4.895604
181.1,-69.5639,-5,0.6117641,-0.5472972,-6.275566,-21.94144,-4.977129,-4.941731
181.12,-73.75269,-5,0.3755947,-0.7280278,-14.18397,-23.2196,-5.044609,-5.045211
181.14,0.9723511,-5,0.03754868,-0.9197125,-17.51221,-23.23602,-4.707209,-4.925528
181.16,-1.192444,-5,-0.2625977,-1.059796,-14.68778,-14.67436,-4.639729,-4.845749
181.18,4.731506,-5,-0.5438636,-1.095641,-10.76412,-8.259587,-4.572248,-4.77583
181.2,-240.1258,-5,-0.3025177,-1.108472,13.37329,-4.727886,-5.92185,-5.500587
181.22,12.12579,-5,0.1623174,-1.001548,25.14429,-28.3057,-4.977129,-5.19978
181.24,-40.58795,-5,0.6147761,-0.955571,21.89238,-19.94958,-4.977129,-5.022285
181.26,-69.04205,-5,0.676389,-0.846468,0.2893218,-20.00625,-4.977129,-4.955064
181.28,-72.61011,-5,0.428939,-0.8784769,-12.76412,-22.10297,-4.977129,-4.988327
181.3,-65.37091,-5,0.2274466,-0.9905891,-10.59618,-23.18001,-4.977129,-5.040348
181.32,-60.37585,-5,0.1830775,-1.084272,-2.092359,-23.02077,-4.977129,-5.063225
181.34,-55.32294,-5,0.002981868,-1.187724,-8.183965,-21.80931,-4.977129,-5.088085
181.36,-48.45831,-5,-0.2155656,-1.290724,-11.39007,-19.75997,-4.977129,-5.113273
181.38,-32.11249,-5,-0.3122406,-1.336185,-3.970222,-17.35425,-4.909649,-5.076238
181.4,-13.34717,-5,-0.3204862,-1.300719,-2.061824,-14.02622,-4.774689,-4.961185
181.42,-61.53333,-5,-0.3180856,-1.237209,0.7626044,-10.00505,-4.977129,-5.020091
181.44,-52.19147,-5,-0.2348523,-1.14922,5.235888,-12.47741,-4.977129,-5.032812
181.46,-50.94702,-5,-0.08898024,-1.077668,6.762606,-13.6441,-4.977129,-5.022961
181.48,-62.1004,-5,-0.0818354,-1.053244,-0.1381594,-14.33116,-5.044609,-5.06396
181.5,-44.60669,-5,-0.06266715,-1.04185,1.693902,-15.9463,-4.977129,-5.042442
181.52,-47.39069,-5,-0.06202384,-1.044069,-0.3519,-15.24826,-4.977129,-5.033609
181.54,-48.82812,-5,-0.05636463,-1.036545,0.304589,-15.08887,-4.977129,-5.028309
181.56,-61.11804,-5,-0.05062964,-1.037243,0.3961921,-15.17369,-5.044609,-5.06642
181.58,-44.24158,-5,-0.05471123,-1.041206,-0.3519,-16.43104,-4.977129,-5.044445
181.6,-46.95837,-5,-0.07692339,-1.055112,-1.222129,-15.48346,-4.977129,-5.037027
181.62,-47.99731,-5,-0.08889183,-1.056133,-0.3213652,-15.09313,-4.977129,-5.033075
181.64,-60.11774,-5,-0.08595147,-1.059092,-0.1381594,-14.97522,-5.044609,-5.070417
181.66,-43.49335,-5,-0.08154614,-1.058839,0.5641309,-16.10949,-4.977129,-5.045833
181.68,-35.14398,-5,-0.09135691,-1.057031,-0.4435031,-15.12211,-4.909649,-4.994836
181.7,-64.86926,-5,-0.1067254,-1.056395,0.3503905,-13.62727,-5.044609,-5.053535
181.72,-56.77148,-5,-0.09596838,-1.053653,0.2893218,-15.67521,-5.044609,-5.078516
181.74,-41.71521,-5,-0.09464756,-1.065678,-0.8251827,-16.18697,-4.977129,-5.049572
181.76,-56.84521,-5,-0.1268554,-1.086276,-1.237397,-14.9228,-5.044609,-5.07935
181.78,-41.73425,-5,-0.1181429,-1.082212,0.9305434,-15.62015,-4.977129,-5.048229
181.8,-45.83282,-5,-0.1222257,-1.0793,-0.7488468,-14.54128,-4.977129,-5.03377
181.82,-47.93524,-5,-0.1120964,-1.062771,0.5641309,-14.27741,-4.977129,-5.025075
181.84,-48.64862,-5,-0.1135132,-1.050644,-0.7030448,-14.30963,-4.977129,-5.022311
181.86,-48.81348,-5,-0.1082297,-1.042431,0.1061156,-14.41971,-4.977129,-5.021214
181.88,-48.47858,-5,-0.1185661,-1.041708,-0.1228922,-14.47324,-4.977129,-5.02258
181.9,-48.58319,-5,-0.1037791,-1.037521,0.2893218,-14.52436,-4.977129,-5.020915
181.92,-48.85327,-5,-0.09885795,-1.034429,0.04504682,-14.58543,-4.977129,-5.019743
181.94,-48.81189,-5,-0.1058266,-1.035642,0.02977964,-14.62975,-4.977129,-5.020512
181.96,-37.29907,-5,-0.1015333,-1.027968,-0.03128911,-14.64454,-4.909649,-4.979541
181.98,-66.14886,-5,-0.09425598,-1.02907,-0.09235785,-13.56835,-5.044609,-5.041356
182,-57.67755,-5,-0.09090413,-1.035185,0.09084838,-15.78092,-5.044609,-5.069873
182.02,-42.52209,-5,-0.08900197,-1.055095,0.5641309,-16.36758,-4.977129,-5.042717
182.04,-46.1651,-5,-0.1219855,-1.074355,-1.619076,-15.1169,-4.977129,-5.032907
182.06,-47.28107,-5,-0.1500488,-1.079753,-1.695411,-14.56614,-4.977129,-5.029376
182.08,-48.45178,-5,-0.1224657,-1.068431,0.9763447,-14.40833,-4.977129,-5.022364
182.1,-37.0506,-5,-0.1430494,-1.057769,-0.9167854,-14.32679,-4.909649,-4.981696
182.12,-65.40308,-5,-0.145249,-1.057885,0.3961921,-13.16453,-5.044609,-5.044502
182.14,-44.83484,-5,-0.1494044,-1.055351,-0.2755641,-15.21747,-4.977129,-5.032766
182.16,-46.88531,-5,-0.1288183,-1.061011,1.373291,-14.56478,-4.977129,-5.024444
182.18,-47.62286,-5,-0.1519549,-1.063652,-2.183961,-14.26379,-4.977129,-5.022568
182.2,-47.99304,-5,-0.1469331,-1.060136,1.190086,-14.15633,-4.977129,-5.020077
182.22,-48.09863,-5,-0.1509825,-1.057723,-0.8099151,-14.10852,-4.977129,-5.019158
182.24,-59.71069,-5,-0.1494521,-1.062999,0.3198562,-14.11748,-5.044609,-5.058863
182.26,-54.17474,-5,-0.1540878,-1.076038,-0.5351062,-15.27893,-5.044609,-5.077179
182.28,-51.92523,-5,-0.1569152,-1.096933,0.06031401,-15.47738,-5.044609,-5.084753
182.3,-39.85712,-5,-0.1583249,-1.10381,0.1213828,-15.35318,-4.977129,-5.045566
182.32,-45.47241,-5,-0.1610823,-1.098745,-0.04655629,-14.04609,-4.977129,-5.026585
182.34,-48.09674,-5,-0.1559565,-1.080492,0.7168028,-13.76857,-4.977129,-5.017052
182.36,-49.37225,-5,-0.1396266,-1.062749,0.07558119,-13.90502,-4.977129,-5.012187
182.38,-49.65826,-5,-0.1401053,-1.054813,0.02977964,-14.12185,-4.977129,-5.012139
182.4,-49.70953,-5,-0.1327465,-1.051215,-0.07709067,-14.31886,-4.977129,-5.012383
182.42,-49.60059,-5,-0.1356598,-1.052815,0.2740546,-14.44482,-4.977129,-5.013672
182.44,-49.49707,-5,-0.1371915,-1.056163,-0.1534266,-14.51263,-4.977129,-5.014657
182.46,-49.64484,-5,-0.1319371,-1.057939,0.2129859,-14.56575,-4.977129,-5.014347
182.48,-49.87805,-5,-0.1299363,-1.0597,-0.03128911,-14.6237,-4.977129,-5.014127
182.5,-50.03406,-5,-0.1308722,-1.062417,0.06031401,-14.6836,-4.977129,-5.01443
182.52,-50.00848,-5,-0.1368263,-1.067057,0.02977964,-14.71993,-4.977129,-5.015495
182.54,-61.47736,-5,-0.1421054,-1.080104,0.07558119,-14.74973,-5.044609,-5.057092
182.56,-33.19739,-5,-0.1323966,-1.078691,-0.03128911,-15.9101,-4.909649,-4.992979
182.58,-53.80389,-5,-0.1326533,-1.081736,-0.3519,-13.84845,-4.977129,-5.004271
182.6,-51.41888,-5,-0.1692829,-1.080772,-0.9320526,-14.44504,-4.977129,-5.013935
182.62,-51.31165,-5,-0.1160157,-1.07168,2.274055,-14.77748,-4.977129,-5.011343
182.64,-50.7757,-5,-0.1495689,-1.080275,-1.527473,-14.87334,-4.977129,-5.015988
182.66,-62.72986,-5,-0.1180575,-1.085995,1.11375,-15.0155,-5.044609,-5.054168
182.68,-45.94171,-5,-0.127632,-1.095519,-0.7030448,-16.25957,-4.977129,-5.032856
182.7,-49.89441,-5,-0.1062111,-1.101126,0.304589,-15.46152,-4.977129,-5.020236
182.72,-50.98047,-5,-0.1477432,-1.108931,-1.695411,-15.19656,-4.977129,-5.020062
182.74,-63.15149,-5,-0.1334737,-1.115174,1.083215,-15.2061,-5.044609,-5.058178
182.76,-58.04962,-5,-0.1358469,-1.129067,-0.7183124,-16.4335,-5.044609,-5.076066
182.78,-44.58844,-5,-0.1332356,-1.142745,0.2893218,-16.71394,-4.977129,-5.042904
182.8,-48.95917,-5,-0.1640594,-1.154566,-1.222129,-15.43939,-4.977129,-5.030537
182.82,-50.32739,-5,-0.1888159,-1.154602,-1.237397,-14.95713,-4.977129,-5.026214
182.84,-62.4928,-5,-0.1831705,-1.155015,0.6099325,-14.82045,-5.044609,-5.062936
182.86,-34.1698,-5,-0.1834584,-1.146158,-0.4435031,-15.90515,-4.909649,-4.998044
182.88,-53.99487,-5,-0.2040728,-1.148411,-1.176328,-13.71772,-4.977129,-5.011223
182.9,-52.24084,-5,-0.1938416,-1.130906,1.22062,-14.30876,-4.977129,-5.014248
182.92,-40.15906,-5,-0.175648,-1.1134,-0.2144953,-14.55563,-4.909649,-4.973541
182.94,-56.44403,-5,-0.1945854,-1.110134,0.1213828,-13.45955,-4.977129,-4.998922
182.96,-53.21619,-5,-0.1725683,-1.098394,0.4877952,-14.45282,-4.977129,-5.007396
182.98,-51.49695,-5,-0.1824939,-1.104949,-0.6419765,-14.74737,-4.977129,-5.01367
183,-50.81586,-5,-0.180565,-1.111238,0.5641309,-14.77477,-4.977129,-5.015499
183.02,-50.40179,-5,-0.1930821,-1.118521,-0.4129688,-14.68206,-4.977129,-5.016982
183.04,-50.45831,-5,-0.1880736,-1.120031,0.06031401,-14.59624,-4.977129,-5.015764
183.06,-39.04858,-5,-0.1897611,-1.112384,-0.107625,-14.51454,-4.909649,-4.974216
183.08,-56.5202,-5,-0.1762695,-1.102444,0.09084838,-13.38048,-4.977129,-4.994032
183.1,-65.18152,-5,-0.1714076,-1.100032,0.4725278,-14.43672,-5.044609,-5.044137
183.12,-58.32892,-5,-0.1675153,-1.11835,-0.2144953,-16.02011,-5.044609,-5.067972
183.14,-43.60004,-5,-0.1871629,-1.144489,-0.6114421,-16.2832,-4.977129,-5.040106
183.16,-47.25134,-5,-0.2261875,-1.164898,-2.260297,-14.84119,-4.977129,-5.029489
183.18,-48.31573,-5,-0.2573026,-1.168858,-1.313733,-14.15364,-4.977129,-5.025052
183.2,-49.38995,-5,-0.2322918,-1.155026,0.5946653,-13.89037,-4.977129,-5.017293
183.22,-49.4325,-5,-0.2543443,-1.149198,-0.107625,-13.74836,-4.977129,-5.016565
183.24,-61.05609,-5,-0.2415853,-1.14738,0.1671843,-13.72508,-5.044609,-5.054436
183.26,-43.84119,-5,-0.2498712,-1.148261,-0.2144953,-14.82736,-4.977129,-5.03175
183.28,-46.96716,-5,-0.2487555,-1.150787,-0.1228922,-13.82028,-4.977129,-5.020084
183.3,-47.96063,-5,-0.2714191,-1.146811,-0.5045714,-13.3942,-4.977129,-5.016071
183.32,-48.60394,-5,-0.2554536,-1.134169,0.6251997,-13.26546,-4.977129,-5.011017
183.34,-37.03296,-5,-0.2659731,-1.119515,-0.04655629,-13.18264,-4.909649,-4.969539
183.36,-65.6897,-5,-0.2540658,-1.11289,0.1824515,-12.04935,-5.044609,-5.030137
183.38,0.9657593,-5,-0.2572415,-1.074742,-0.1228922,-14.05416,-4.707209,-4.855438
183.4,-69.3255,-5,-0.2265571,-1.052933,1.11375,-8.85422,-4.977129,-4.935247
183.42,-56.74445,-5,-0.2533473,-1.026004,-1.619076,-12.42348,-4.977129,-4.976956
183.44,-52.96954,-5,-0.1410252,-1.017201,8.04505,-13.88415,-4.977129,-4.984848
183.46,-54.1062,-5,-0.06121209,-1.008438,2.915277,-14.74102,-4.977129,-4.981646
183.48,-65.70636,-5,-0.1003751,-1.03686,-1.603809,-15.32077,-5.044609,-5.03153
183.5,-50.14386,-5,-0.03503459,-1.047088,2.380925,-17.07721,-4.977129,-5.007228
183.52,-53.70099,-5,-0.07385023,-1.079865,-1.619076,-16.54336,-4.977129,-5.00485
183.54,-55.52448,-5,-0.07135884,-1.097181,1.098482,-16.56749,-4.977129,-5.004023
183.56,-56.25739,-5,-0.08635522,-1.115766,-1.084725,-16.72359,-4.977129,-5.00705
183.58,-56.42963,-5,-0.099379,-1.135238,-0.107625,-16.86224,-4.977129,-5.011031
183.6,-68.30353,-5,-0.09902018,-1.158584,-0.3977011,-17.00258,-5.044609,-5.053646
183.62,-63.60889,-5,-0.08777548,-1.181913,0.6557342,-18.33617,-5.044609,-5.071877
183.64,-50.20294,-5,-0.1024943,-1.209037,-0.8099151,-18.67263,-4.977129,-5.041904
183.66,-65.30139,-5,-0.1702229,-1.248831,-3.848084,-17.34341,-5.044609,-5.076355
183.68,-59.46466,-5,-0.2512389,-1.288914,-3.420603,-17.71788,-5.044609,-5.098558
183.7,-45.62451,-5,-0.2472994,-1.304913,-0.2297625,-17.36312,-4.977129,-5.061471
183.72,-49.97076,-5,-0.2863533,-1.310107,-2.458771,-15.59952,-4.977129,-5.044863
183.74,-51.32532,-5,-0.3119683,-1.298148,-0.4282355,-14.78484,-4.977129,-5.036493
183.76,-52.45087,-5,-0.2806761,-1.270237,0.4419934,-14.4848,-4.977129,-5.026076
183.78,-40.50702,-5,-0.3118118,-1.248967,-0.8557167,-14.26466,-4.909649,-4.984735
183.8,-57.61401,-5,-0.2804025,-1.22178,0.6557342,-13.04076,-4.977129,-5.001206
183.82,-53.95056,-5,-0.2936155,-1.202942,0.1519171,-13.90984,-4.977129,-5.010891
183.84,-64.67731,-5,-0.2418724,-1.19295,1.281688,-14.30928,-5.044609,-5.049497
183.86,-58.38153,-5,-0.2671842,-1.206719,-0.9167854,-15.56755,-5.044609,-5.07129
183.88,-44.61261,-5,-0.2459632,-1.213967,0.07558119,-15.80852,-4.977129,-5.036368
183.9,-36.85968,-5,-0.2971137,-1.218181,-2.229764,-14.38089,-4.909649,-4.984807
183.92,-55.45142,-5,-0.2972559,-1.203022,0.7931387,-12.68094,-4.977129,-4.999051
183.94,-54.00195,-5,-0.2490436,-1.169672,1.754971,-13.59595,-4.977129,-4.998969
183.96,-54.01947,-5,-0.2157364,-1.151059,2.197719,-14.16395,-4.977129,-4.997938
183.98,-65.64294,-5,-0.2071826,-1.153323,-0.3060985,-14.59509,-5.044609,-5.040009
184,-48.00269,-5,-0.2264724,-1.16709,0.1824515,-15.96319,-4.977129,-5.022741
184.02,-96.91089,5,-0.2294565,-1.182974,-0.5045714,-15.07783,-4.977129,-5.014575
184.04,-101.5527,5,-0.2511716,-1.239419,-1.023656,-19.40923,-4.977129,-5.012917
184.06,-107.6807,5,-0.2364708,-1.351593,1.144284,-22.84305,-4.977129,-5.008373
184.08,-113.927,5,-0.3095263,-1.513471,-4.90152,-25.54637,-4.977129,-5.010594
184.1,-116.8694,5,-0.5291301,-1.737133,-11.83282,-27.28646,-4.977129,-5.030105
184.12,-116.4779,5,-0.8233636,-2.002424,-15.48168,-27.80212,-4.977129,-5.057189
184.14,-126.1147,5,-1.143085,-2.286639,-17.49694,-27.10618,-5.044609,-5.121161
184.16,-106.4259,5,-1.488407,-2.561576,-18.0313,-26.47736,-4.977129,-5.116081
184.18,-106.7853,5,-1.834342,-2.815514,-17.63435,-22.94814,-4.977129,-5.114115
184.2,-164.762,5,-2.113675,-3.049684,-11.58854,-19.87143,-5.314529,-5.304272
184.22,76.06265,5,-2.140607,-3.058152,-0.2602969,-23.14986,-4.03241,-4.576553
184.24,-25.23529,5,-2.186664,-2.954546,-3.206862,-0.8899138,-4.03241,-4.219309
184.26,-288.979,5,-2.312789,-2.851108,-3.848084,3.495413,-5.314529,-4.827758
184.28,-55.39078,5,-1.703636,-2.644189,34.96109,-21.94159,-4.36981,-4.460044
184.3,-109.2653,5,-1.125532,-2.545616,25.4191,-17.13214,-4.30233,-4.201854
184.32,-220.0207,5,-1.093578,-2.525416,-2.107625,-19.74451,-4.707209,-4.35363
184.34,-190.7752,5,-1.223113,-2.684973,-10.3061,-32.26249,-4.639729,-4.431185
184.36,-186.555,5,-1.401069,-3.010953,-11.87862,-37.05378,-4.639729,-4.500544
184.38,-141.8511,5,-1.992212,-3.441588,-34.50459,-37.80228,-4.43729,-4.472468
184.4,-123.2068,5,-3.008463,-3.977366,-52.80993,-30.38955,-4.36981,-4.506898
184.42,-92.60871,5,-4.080674,-4.486922,-56.70306,-19.99537,-4.30233,-4.538079
184.44,-143.7483,5,-4.945329,-4.91494,-16.84046,-7.264848,-4.707209,-4.799022
184.46,-173.8713,5,-4.272458,-4.872655,29.2359,-6.375456,-4.977129,-4.880137
184.48,-16.3167,5,-3.517197,-4.533873,33.34277,-11.02442,-4.03241,-4.209573
184.5,-5.202866,5,-2.833724,-4.017174,32.07559,-0.2878294,-3.357609,-3.425107
184.52,-168.9906,5,-2.642765,-3.548706,5.205354,7.090085,-3.695009,-3.299662
184.54,-233.9339,5,-2.783666,-3.373071,-10.58091,-4.259483,-4.03241,-3.529061
184.56,-285.7841,5,-2.220477,-3.376746,32.54887,-20.40212,-4.43729,-3.845125
184.58,-136.4297,5,-1.670603,-3.428418,23.78551,-37.95318,-3.695009,-3.50758
184.6,-191.1089,5,-1.847395,-3.680962,-10.74885,-33.9854,-3.695009,-3.415154
184.62,-254.8285,5,-2.735323,-4.14333,-56.18398,-34.12389,-4.03241,-3.703357
184.64,-203.0198,5,-3.847845,-4.806059,-60.55039,-36.95323,-4.03241,-3.948086
184.66,-0.84198,5,-4.763408,-5.36655,-20.65725,-30.17961,-3.08769,-3.525075
184.68,-113.5374,5,-4.433528,-5.40564,7.235888,-6.528597,-3.290129,-3.303024
184.7,-223.2451,5,-4.49336,-5.261069,-6.870986,-2.285859,-3.762489,-3.447221
184.72,-76.52246,5,-4.750696,-5.184078,-5.49694,-9.424356,-3.08769,-3.131408
184.74,-188.9714,5,-4.20964,-5.018144,22.86948,-1.287965,-3.425089,-3.101508
184.76,-62.69055,5,-3.776516,-4.680238,23.14429,-8.457735,-2.61533,-2.550127
184.78,-68.37073,5,-3.213294,-4.282725,33.12903,-2.219399,-2.142969,-1.978569
184.8,-256.1533,5,-2.888495,-3.959762,11.86185,-0.06846237,-2.75029,-2.097922
184.82,-125.8475,5,-2.758928,-3.775813,10.77787,-17.8463,-2.075489,-1.796845
184.84,-241.2764,5,-2.254612,-3.73848,15.52597,-18.33682,-2.412889,-1.851453
184.86,-125.8162,5,-2.271757,-3.765269,-6.703048,-30.09989,-1.738089,-1.521101
184.88,-242.1137,5,-2.614281,-4.033611,-24.61145,-25.30099,-2.142969,-1.695748
184.9,-40.76404,5,-3.277009,-4.308356,-39.22214,-31.33484,-1.13077,-1.254367
184.92,-138.985,5,-4.05856,-4.677381,-32.2145,-12.51003,-1.40069,-1.289285
184.94,-31.37567,5,-4.332671,-4.727139,-10.62671,-8.87578,-0.7933693,-0.9163502
184.96,-249.9312,5,-4.125782,-4.682536,20.94582,3.322996,-1.738089,-1.250548
184.98,-122.5851,5,-3.597937,-4.43973,23.5107,-12.27528,-1.19825,-1.000416
185,-90.24292,5,-2.939504,-4.185244,29.83132,-11.79711,-0.7258892,-0.5451361
185.02,-55.00623,5,-2.705766,-3.883932,5.129018,-8.847724,-0.1185694,0.01368918
185.04,-227.5648,5,-3.017091,-3.810373,-14.2603,-2.58086,-0.7258892,-0.1903291
185.06,-95.32776,5,-2.626052,-3.632767,19.84658,-16.97695,-0.05108929,0.1430572
185.08,-91.23816,5,-2.392003,-3.540081,11.31223,-13.85392,0.2863102,0.4875893
185.1,-323.0175,5,-2.58874,-3.641018,-9.87862,-11.18936,-0.7933693,-0.06524251
185.12,91.27136,5,-2.497328,-3.590786,2.503063,-32.42818,1.23103,0.892235
185.14,-152.5363,5,-2.417924,-3.619796,1.342757,-5.198436,0.6237106,0.9553708
185.16,-114.7972,5,-2.618186,-3.484017,-17.54275,-11.12347,0.89363,1.108374
185.18,-18.78552,5,-2.678172,-3.402241,10.01452,-10.79854,1.568431,1.549941
185.2,-26.84326,5,-2.52087,-3.204893,3.6023,-1.337832,1.90583,1.962637
185.22,42.03772,5,-2.839578,-2.976477,-4.183962,5.395477,2.58063,2.494351
185.24,32.40662,5,-2.419267,-2.531397,28.88475,15.50827,2.985511,3.019421
185.26,-0.1501465,5,-1.795365,-1.92494,35.87712,19.18771,3.25543,3.459824
185.28,-238.9441,5,-0.7058764,-1.343756,53.20537,14.26761,2.31071,3.154218
185.3,65.75476,5,0.1710601,-0.8160272,42.77789,-15.48729,3.93023,3.987596
185.32,-19.61011,5,0.8474603,-0.4935148,30.3046,-6.656417,4.20015,4.495881
185.34,-136.3026,5,0.6739738,-0.3555579,-10.62671,-9.080017,3.93023,4.43588
185.36,-81.04175,5,0.4029891,-0.4625998,8.930546,-21.52467,4.20015,4.451608
185.38,13.84827,5,0.7314298,-0.5155805,8.884744,-25.10136,4.87495,4.864469
185.4,-89.59241,5,0.3497483,-0.693202,-28.9626,-16.78414,4.60503,4.802999
185.42,86.70605,5,-0.252546,-0.8374447,-28.51985,-19.40376,5.54975,5.250049
185.44,-88.11292,5,-0.1218399,-0.8771862,9.358027,-4.044769,4.94243,5.113084
185.46,91.18091,5,-0.1410981,-0.7182096,-4.168695,-11.15559,5.887151,5.613564
185.48,-86.00366,5,0.1042248,-0.5940484,25.19009,1.178247,5.27983,5.488447
185.5,-142.0107,5,0.3336249,-0.4663235,2.732071,-9.505928,4.87495,5.191813
185.52,75.38,5,0.245419,-0.4862487,10.82368,-21.53768,5.887151,5.61687
185.54,-42.54346,5,0.6248711,-0.4408963,8.701538,-8.954416,5.61723,5.685815
185.56,-53.12,5,0.1343581,-0.4794542,-35.03893,-10.9484,5.54975,5.592336
185.58,-62.45935,5,-0.4117417,-0.713138,-8.977857,-11.55637,5.34731,5.352008
185.6,97.41431,5,0.3829141,-0.5461627,17.87712,-15.25809,6.22455,5.902215
185.62,27.8053,5,0.1996225,-0.4328494,-13.48168,-0.9608922,6.22455,6.114252
185.64,-67.24133,5,0.6183451,-0.1428704,31.92292,-0.1046848,5.887151,6.047632
185.66,-115.0342,5,1.270534,0.1234878,31.26643,-11.44344,5.61723,5.893908
185.68,-93.19434,5,1.32957,0.1021375,-2.718313,-23.96997,5.61723,5.767696
185.7,-78.36353,5,0.7667972,-0.2439179,-30.01603,-28.18617,5.54975,5.561232
185.72,-18.6792,5,0.0413382,-0.6959718,-32.90153,-26.99095,5.684711,5.472226
185.74,-18.19226,5,-0.3299539,-1.023495,-22.35191,-18.95355,5.61723,5.398686
185.76,-4.453125,5,-0.6656617,-1.199805,-4.703047,-12.45114,5.61723,5.37915
185.78,164.5712,5,-0.385449,-1.001015,14.73207,-7.316155,6.62943,6.063451
185.8,60.12,5,-0.1671939,-0.6228439,14.4878,12.38977,6.561951,6.373781
185.82,15.65649,5,0.3695967,-0.03712615,37.83132,13.06457,6.561951,6.564576
185.84,-66.46167,5,1.338359,0.5425545,48.83895,5.671812,6.29203,6.552598
185.86,-6.38501,5,1.740755,0.883406,16.90001,-8.72954,6.62943,6.711486
185.88,-29.53723,5,1.454105,0.8408494,-12.87099,-11.2465,6.561951,6.63065
185.9,-171.7791,5,0.9642205,0.5086377,-22.29084,-13.96119,5.61723,5.937219
185.92,-37.03796,5,0.9343081,0.1838098,-3.359534,-29.91298,5.887151,5.795259
185.94,-5.982178,5,0.5723865,-0.2336898,-24.36718,-25.6061,5.95463,5.749528
185.96,23.70593,5,-0.2872801,-0.6397884,-43.14581,-16.7078,6.02211,5.706474
185.98,-2.268188,5,-0.1637739,-0.7181552,13.58704,-8.293068,5.887151,5.690617
186,-2.91333,5,0.01206699,-0.6110867,12.76261,-5.93107,5.887151,5.741287
186.02,-58.29443,5,0.2892284,-0.4602353,21.61757,-5.45115,5.61723,5.642163
186.04,-40.85962,5,0.3247091,-0.3866682,0.4114593,-10.82398,5.61723,5.588549
186.06,-35.01929,5,0.473549,-0.3587937,1.067948,-13.1021,5.61723,5.573842
186.08,-26.33069,5,0.2226626,-0.4379068,-14.3061,-13.16392,5.61723,5.52861
186.1,-21.5304,5,0.2353333,-0.4754884,1.098482,-12.36583,5.61723,5.519724
186.12,-21.4137,5,0.2709388,-0.472261,0.6557342,-11.47024,5.61723,5.528763
186.14,-35.71484,5,0.3520693,-0.4418206,3.419094,-11.16307,5.54975,5.505244
186.16,-9.358276,5,0.3873352,-0.4029021,0.2740546,-12.46926,5.684711,5.576728
186.18,-30.6123,5,0.4119956,-0.3785212,-0.07709067,-10.77875,5.61723,5.566973
186.2,-27.83545,5,0.3789703,-0.3646153,-1.115259,-11.69503,5.61723,5.554103
186.22,-25.80884,5,0.3886556,-0.3629944,-1.115259,-12.04852,5.61723,5.547009
186.24,-23.86243,5,0.356913,-0.3733899,-1.54274,-11.96713,5.61723,5.539074
186.26,-10.97363,5,0.3491245,-0.3703855,-1.222129,-11.66226,5.684711,5.576687
186.28,-27.71436,5,0.3635557,-0.3576298,0.2129859,-10.2311,5.61723,5.556569
186.3,-13.17822,5,0.3831582,-0.3275973,0.9458106,-11.01295,5.684711,5.590158
186.32,-41.72595,5,0.4512536,-0.3051199,1.877109,-10.33886,5.54975,5.530486
186.34,-10.21606,5,0.4692143,-0.281621,0.7168028,-12.78307,5.684711,5.582379
186.36,-40.62,5,0.487506,-0.2885692,-0.3671672,-11.32775,5.54975,5.522863
186.38,-32.54236,5,0.4842287,-0.2962227,-0.107625,-13.42537,5.54975,5.493216
186.4,-18.21936,5,0.5235085,-0.3053492,0.02977964,-14.1023,5.61723,5.523362
186.42,-22.23022,5,0.4940612,-0.3189255,-0.962587,-13.00716,5.61723,5.531905
186.44,-35.78235,5,0.5093006,-0.3192951,0.3961921,-12.76819,5.54975,5.497022
186.46,-19.77625,5,0.5211959,-0.3150364,0.5793981,-13.9933,5.61723,5.521239
186.48,-34.78345,5,0.5213708,-0.3257293,-0.6725109,-13.21288,5.54975,5.48943
186.5,-30.64062,5,0.5187254,-0.333504,0.04504682,-14.20429,5.54975,5.473672
186.52,-16.72681,5,0.5009896,-0.345895,-0.5809073,-14.35492,5.61723,5.503887
186.54,-9.577515,5,0.4978894,-0.338302,0.4267263,-13.01492,5.684711,5.558856
186.56,-28.67236,5,0.5067756,-0.3150018,0.1366499,-11.46394,5.61723,5.544569
186.58,-38.46826,5,0.547026,-0.289144,1.449628,-12.52586,5.54975,5.500171
186.6,-20.86792,5,0.5775708,-0.2779834,1.602299,-14.29002,5.61723,5.519849
186.62,-11.2251,5,0.5487447,-0.2826381,-0.5809073,-13.55477,5.684711,5.562566
186.64,-40.34656,5,0.548654,-0.2840951,-0.1228922,-12.14696,5.54975,5.501037
186.66,-20.56519,5,0.5670853,-0.2732181,0.7168028,-14.1918,5.61723,5.515224
186.68,-34.38123,5,0.5877555,-0.2820237,0.4114593,-13.63819,5.54975,5.481624
186.7,-28.8551,5,0.5431901,-0.302228,-1.267931,-14.51612,5.54975,5.459809
186.72,-15.46045,5,0.5753747,-0.3054562,0.01451245,-14.62035,5.61723,5.496006
186.74,-20.53076,5,0.5728496,-0.2997944,0.4572606,-13.32929,5.61723,5.512501
186.76,-22.40149,5,0.5652815,-0.2839856,-0.4587703,-12.96269,5.61723,5.518399
186.78,-34.98767,5,0.5957304,-0.26928,1.129017,-13.03519,5.54975,5.482764
186.8,-18.23584,5,0.6030836,-0.2598502,0.6251997,-14.35023,5.61723,5.505365
186.82,-32.69141,5,0.6016545,-0.2678907,-0.8099151,-13.54642,5.54975,5.473005
186.84,-16.29565,5,0.5834073,-0.269111,-0.8709843,-14.38679,5.61723,5.496396
186.86,-19.76416,5,0.5957063,-0.265438,0.5335966,-13.32658,5.61723,5.508961
186.88,-32.3822,5,0.5779464,-0.2633595,0.02977964,-12.94051,5.54975,5.471822
186.9,-15.76733,5,0.5946366,-0.2523696,0.4877952,-13.98679,5.61723,5.497441
186.92,-7.701904,5,0.6080472,-0.2354367,0.4572606,-13.018,5.684711,5.550715
186.94,-25.30151,5,0.5768402,-0.2216095,-0.5351062,-11.48238,5.61723,5.529571
186.96,-33.42712,5,0.5871531,-0.2083345,0.2282531,-12.3003,5.54975,5.480166
186.98,-26.94751,5,0.6278734,-0.2045856,1.907643,-13.79222,5.54975,5.461591
187,-11.99463,5,0.6010311,-0.2169171,-1.222129,-14.00394,5.61723,5.489128
187.02,-50.38525,5,0.59038,-0.2426668,-0.5656406,-12.67302,5.41479,5.380238
187.04,-12.63965,5,0.5963866,-0.2498748,0.3351234,-15.63616,5.54975,5.414712
187.06,-17.80627,5,0.6056021,-0.2644795,0.8542075,-13.8118,5.54975,5.432665
187.08,-7.040649,5,0.528643,-0.2652071,-4.077092,-12.8436,5.61723,5.47383
187.1,-24.20508,5,0.5436792,-0.2465951,1.999246,-11.19009,5.54975,5.456894
187.12,-9.255005,5,0.5419142,-0.2155052,-0.8251827,-11.79365,5.61723,5.490115
187.14,-13.55774,5,0.5787032,-0.1815444,2.319857,-10.80097,5.61723,5.509213
187.16,-26.09216,5,0.5601695,-0.1614938,-1.16106,-10.53695,5.54975,5.47316
187.18,-20.75049,5,0.5854925,-0.1456886,0.5946653,-11.70649,5.54975,5.458972
187.2,-5.703613,5,0.5524234,-0.1477807,-0.1686933,-11.79615,5.61723,5.487984
187.22,-9.360596,5,0.5525252,-0.1377276,-0.3213652,-10.33274,5.61723,5.503593
187.24,-23.78821,5,0.6097439,-0.1045682,2.014513,-9.950517,5.54975,5.479027
187.26,-8.145996,5,0.6255861,-0.07579261,0.3198562,-11.1776,5.61723,5.507439
187.28,-11.04529,5,0.6169487,-0.06490144,-0.1381594,-10.37557,5.61723,5.516254
187.3,-23.41992,5,0.6212121,-0.05501345,0.2435202,-10.17546,5.54975,5.479564
187.32,-17.99854,5,0.6283351,-0.052044,0.1366499,-11.31204,5.54975,5.462729
187.34,7.707886,5,0.6280783,-0.04515848,0.09084838,-11.46015,5.684711,5.535767
187.36,-25.26038,5,0.6294735,-0.03895475,0.1366499,-9.017257,5.54975,5.488651
187.38,-19.97632,5,0.6984501,-0.005574524,2.961078,-10.96302,5.54975,5.475663
187.4,-6.408081,5,0.7192351,0.006177232,-0.9778546,-11.75603,5.61723,5.507851
187.42,-22.81018,5,0.7379877,0.00934048,0.9000088,-10.99965,5.54975,5.481187
187.44,-18.66003,5,0.7175153,0.003759637,-0.03128911,-12.08714,5.54975,5.463675
187.46,-16.16724,5,0.7067154,-0.01452874,-0.8404495,-12.3488,5.54975,5.45296
187.48,-15.83838,5,0.7344064,-0.01998037,0.4419934,-12.36422,5.54975,5.452443
187.5,-15.65027,5,0.7199265,-0.02755977,-0.4435031,-12.29305,5.54975,5.449658
187.52,-3.720825,5,0.7126462,-0.02515413,-0.550373,-12.1773,5.61723,5.487827
187.54,-8.798462,5,0.708286,-0.01426956,0.1824515,-10.88172,5.61723,5.504554
187.56,-22.30652,5,0.7113132,0.0001616478,0.8694746,-10.57276,5.54975,5.471303
187.58,5.807861,5,0.7191845,0.02252482,0.5183294,-11.70439,5.684711,5.536638
187.6,-14.25024,5,0.7232134,0.03531903,-0.550373,-9.649904,5.61723,5.524784
187.62,-1.370483,5,0.7597646,0.07577856,1.693902,-10.41424,5.684711,5.563783
187.64,-30.17493,5,0.8131822,0.09931047,1.373291,-9.846851,5.54975,5.502948
187.66,-9.23291,5,0.7970119,0.104342,0.5335966,-12.29717,5.61723,5.508715
187.68,-21.39954,5,0.7906837,0.07961971,-1.283198,-11.80285,5.54975,5.46746
187.7,-16.62427,5,0.8050771,0.0662497,1.022146,-12.75371,5.54975,5.451605
187.72,-2.809814,5,0.7862965,0.05106898,0.1061156,-12.81061,5.61723,5.482554
187.74,-7.756714,5,0.7972735,0.05400839,0.2587874,-11.49215,5.61723,5.499385
187.76,-10.2019,5,0.8068458,0.07317536,1.022146,-11.1537,5.61723,5.507957
187.78,-10.93579,5,0.810185,0.08931255,0.2129859,-11.18644,5.61723,5.509836
187.8,1.179077,5,0.7974804,0.1033854,0.1977187,-11.21125,5.684711,5.547452
187.82,-15.04541,5,0.7964693,0.1132669,0.2282531,-10.02402,5.61723,5.522975
187.84,-22.6604,5,0.7961961,0.1170185,-0.01602192,-10.89833,5.54975,5.470498
187.86,-3.468506,5,0.7960787,0.110904,0.07558119,-12.21329,5.61723,5.486415
187.88,-17.07104,5,0.7896168,0.09416013,-0.1228922,-11.14501,5.54975,5.453282
187.9,-1.162598,5,0.7934564,0.09836681,0.4572606,-11.79862,5.61723,5.481424
187.92,-4.726562,5,0.7909843,0.1037624,-0.3824344,-10.61349,5.61723,5.494431
187.94,-6.313721,5,0.7982598,0.1237446,0.5488637,-10.21317,5.61723,5.5018
187.96,-6.341187,5,0.7890577,0.139113,0.02977964,-10.07377,5.61723,5.502785
187.98,-17.66003,5,0.8020946,0.147559,-0.03128911,-10.04923,5.54975,5.463618
188,-0.1427002,5,0.801058,0.1537595,0.2435202,-11.14195,5.61723,5.485564
188.02,-2.556274,5,0.7904799,0.1535113,-0.04655629,-10.05577,5.61723,5.494359
188.04,-15.245,5,0.7997527,0.1622998,0.5183294,-9.63615,5.54975,5.460346
188.06,2.092896,5,0.7791187,0.1678269,-0.1686933,-10.53987,5.61723,5.482542
188.08,-12.68188,5,0.802938,0.171507,0.1824515,-9.487999,5.54975,5.455964
188.1,3.293091,5,0.7895795,0.1828322,0.3809245,-10.21082,5.61723,5.483151
188.12,-0.630127,5,0.8181568,0.2006994,1.877109,-9.168363,5.61723,5.499344
188.14,-13.53174,5,0.8091489,0.2137913,0.304589,-8.867877,5.54975,5.464104
188.16,-9.181641,5,0.8556749,0.2306933,2.396193,-10.12465,5.54975,5.452807
188.18,4.561523,5,0.8491581,0.2337673,-0.04655629,-10.46474,5.61723,5.484895
188.2,12.10974,5,0.8373809,0.2461474,-0.2602969,-9.235917,5.684711,5.538244
188.22,-6.137024,5,0.8300918,0.2671137,0.1824515,-7.66174,5.61723,5.521099
188.24,-15.82208,5,0.8857968,0.2972316,3.81604,-8.673667,5.54975,5.478554
188.26,-2.646606,5,1.088239,0.359156,9.266423,-10.97646,5.61723,5.521143
188.28,-7.063904,5,1.053283,0.3636044,-2.046557,-11.05218,5.61723,5.523998
188.3,-8.502991,5,1.075188,0.3662863,0.4572606,-11.62772,5.61723,5.521736
188.32,-8.29895,5,1.059219,0.3529229,-0.3671672,-12.1034,5.61723,5.513425
188.34,-7.685852,5,1.050657,0.3346292,-0.596175,-12.37184,5.61723,5.505769
188.36,-19.22974,5,1.061354,0.3140648,-0.107625,-12.55223,5.54975,5.461721
188.38,-1.904358,5,1.042513,0.2922228,-0.107625,-13.75024,5.61723,5.47844
188.4,-16.21539,5,1.027427,0.2620371,-0.7335792,-12.76939,5.54975,5.443488
188.42,11.57581,5,1.001677,0.2547579,-0.7488468,-13.43086,5.684711,5.506839
188.44,-9.42749,5,1.019829,0.2585681,-0.2144953,-11.15017,5.61723,5.498428
188.46,-7.947144,5,1.014706,0.2757722,0.3351234,-11.74712,5.61723,5.49328
188.48,4.116699,5,1.043777,0.2959025,0.7473372,-12.06209,5.684711,5.53285
188.5,-12.0675,5,1.028322,0.3009255,-0.2755641,-11.02406,5.61723,5.50577
188.52,-8.264587,5,1.038248,0.309917,-0.09235785,-12.00368,5.61723,5.493542
188.54,-18.11188,5,1.049696,0.3006694,0.2587874,-12.32758,5.54975,5.447195
188.56,-11.51727,5,1.035676,0.2797859,-0.07709067,-13.48618,5.54975,5.423821
188.58,2.724792,5,1.038831,0.2648266,-0.3824344,-13.56998,5.61723,5.455418
188.6,-13.55054,5,1.037508,0.2565566,-0.6114421,-12.20951,5.54975,5.430721
188.62,-9.952942,5,1.027143,0.2557519,-0.1686933,-12.91843,5.54975,5.418708
188.64,14.87921,5,1.029378,0.2652484,-0.1381594,-12.97804,5.684711,5.494609
188.66,-18.29675,5,1.023721,0.271509,-0.4587703,-10.54163,5.54975,5.447502
188.68,0.06481934,5,1.032161,0.2959506,0.09084838,-12.28208,5.61723,5.467412
188.7,-2.469971,5,1.053533,0.3075019,1.235887,-11.6456,5.61723,5.477085
188.72,-2.691223,5,1.025893,0.3145958,-0.7946484,-11.38552,5.61723,5.476933
188.74,8.815735,5,1.047714,0.3375146,0.02977964,-11.28121,5.684711,5.52032
188.76,-8.094849,5,1.051982,0.3557715,0.4725278,-10.08745,5.61723,5.498909
188.78,-15.70892,5,1.042905,0.3619145,-0.2297625,-10.99643,5.54975,5.445877
188.8,3.109314,5,1.064517,0.3628992,0.8694746,-12.40742,5.61723,5.464242
188.82,-10.73291,5,1.058547,0.3489201,-0.107625,-11.44216,5.54975,5.431333
188.84,-5.918274,5,1.042681,0.3397114,-0.3824344,-12.14674,5.54975,5.415717
188.86,-4.149414,5,1.057484,0.332775,0.5030622,-12.1733,5.54975,5.411783
188.88,-3.638428,5,1.056885,0.3297527,0.1977187,-12.00892,5.54975,5.410879
188.9,8.314209,5,1.048614,0.3367203,-0.2602969,-11.79407,5.61723,5.450563
188.92,-8.682312,5,1.059682,0.3485443,0.04504682,-10.50689,5.54975,5.429814
188.94,-5.476929,5,1.06747,0.3641661,0.6099325,-11.39618,5.54975,5.420475
188.96,-3.106689,5,1.045972,0.3589332,-0.2297625,-11.58288,5.54975,5.411716
188.98,9.544922,5,1.055506,0.3663692,-0.0007547362,-11.4711,5.61723,5.450596
189,4.276306,5,1.065747,0.3853735,0.2129859,-10.15303,5.61723,5.470232
189.02,-9.270081,5,1.064814,0.4041681,0.304589,-9.834014,5.54975,5.437584
189.04,7.560669,5,1.065534,0.4197121,-0.1228922,-10.96285,5.61723,5.461703
189.06,4.772827,5,1.067326,0.4277225,0.02977964,-10.01121,5.61723,5.472134
189.08,3.581238,5,1.076454,0.4472972,0.1977187,-9.692404,5.61723,5.47837
189.1,-7.728638,5,1.062131,0.4522554,-0.0007547362,-9.574649,5.54975,5.437674
189.12,-1.671875,5,1.064768,0.4508449,-0.07709067,-10.64222,5.54975,5.419426
189.14,1.270447,5,1.057421,0.4388829,-0.04655629,-10.70639,5.54975,5.410909
189.16,14.12109,5,1.05224,0.440254,-0.0007547362,-10.40625,5.61723,5.449207
189.18,9.206238,5,1.049176,0.454823,-0.0007547362,-8.898191,5.61723,5.468077
189.2,-4.343933,5,1.053894,0.4757195,0.6862684,-8.436181,5.54975,5.437191
189.22,12.10474,5,1.066233,0.4980629,0.3198562,-9.509403,5.61723,5.464174
189.24,9.005737,5,1.072932,0.512297,-0.07709067,-8.575516,5.61723,5.476181
189.26,18.58368,5,1.111602,0.5513929,1.525963,-8.374356,5.684711,5.526941
189.28,-11.2865,5,1.144161,0.5793074,1.251154,-7.432462,5.54975,5.46984
189.3,8.308472,5,1.172045,0.6040546,1.495429,-9.891064,5.61723,5.483636
189.32,-4.868591,5,1.179503,0.5942174,-0.7488468,-9.584325,5.54975,5.445897
189.34,11.28198,5,1.192824,0.5941769,0.5183294,-10.73214,5.61723,5.469903
189.36,8.470276,5,1.165505,0.5823767,-0.4893047,-9.767792,5.61723,5.475924
189.38,7.344055,5,1.167825,0.5870678,0.01451245,-9.423383,5.61723,5.479699
189.4,-4.660217,5,1.172838,0.5877972,0.07558119,-9.350527,5.54975,5.440802
189.42,12.66309,5,1.163073,0.5862855,-0.04655629,-10.45338,5.61723,5.461431
189.44,9.739868,5,1.167133,0.5844799,-0.3671672,-9.445031,5.61723,5.471469
189.46,8.306274,5,1.172699,0.5971193,0.3351234,-9.092479,5.61723,5.477315
189.48,-3.594055,5,1.172393,0.6014549,0.4114593,-9.026154,5.54975,5.438213
189.5,2.153015,5,1.171034,0.5968355,0.1213828,-10.17552,5.54975,5.419247
189.52,16.25208,5,1.174951,0.5920634,0.1213828,-10.33956,5.61723,5.451797
189.54,11.68188,5,1.17595,0.5978241,0.304589,-9.027627,5.61723,5.467766
189.56,9.610046,5,1.183119,0.6186901,0.5946653,-8.645869,5.61723,5.476071
189.58,8.253113,5,1.219083,0.6460958,2.121383,-8.72183,5.61723,5.482658
189.6,-3.461243,5,1.217699,0.6532521,-0.1228922,-8.926788,5.54975,5.441459
189.62,2.134888,5,1.232963,0.6510882,0.3503905,-10.29341,5.54975,5.422528
189.64,16.4007,5,1.226203,0.6413202,0.06031401,-10.58115,5.61723,5.45247
189.66,0.7303467,5,1.214395,0.6306118,0.04504682,-9.316965,5.54975,5.424708
189.68,4.512817,5,1.212572,0.6298794,0.3503905,-10.05702,5.54975,5.412702
189.7,17.85461,5,1.211649,0.6303077,-0.2602969,-10.13307,5.61723,5.447589
189.72,13.26904,5,1.206314,0.6382965,0.1977187,-8.817576,5.61723,5.46337
189.74,-0.1322021,5,1.209475,0.6517358,0.2129859,-8.445971,5.54975,5.430475
189.76,4.811829,5,1.217709,0.6587507,-0.1534266,-9.576925,5.54975,5.415277
189.78,7.092163,5,1.223604,0.6536309,-0.01602192,-9.840871,5.54975,5.408169
189.8,20.00305,5,1.208759,0.6528944,0.06031401,-9.707683,5.61723,5.444102
189.82,15.26318,5,1.205779,0.6636007,-0.107625,-8.305009,5.61723,5.461287
189.84,1.764221,5,1.210326,0.6804152,0.4725278,-7.895394,5.54975,5.429412
189.86,6.451782,5,1.228524,0.6929014,1.602299,-9.044243,5.54975,5.415946
189.88,19.1864,5,1.274312,0.7096549,1.480162,-9.455765,5.61723,5.45483
189.9,14.76331,5,1.249674,0.7169696,0.06031401,-8.358052,5.61723,5.467278
189.92,2.073364,5,1.239439,0.7232287,-0.06182348,-8.068854,5.54975,5.430373
189.94,17.68274,5,1.298112,0.7469004,2.991613,-9.328781,5.61723,5.460983
189.96,13.75287,5,1.305276,0.757745,-0.01602192,-8.607883,5.61723,5.472714
189.98,12.37073,5,1.305272,0.7715586,0.2740546,-8.52852,5.61723,5.475919
190,11.54102,5,1.33533,0.7887956,1.983979,-8.716116,5.61723,5.478944
190.02,11.1698,5,1.347592,0.7997234,0.5793981,-8.964361,5.61723,5.478748
190.04,10.91504,5,1.366024,0.8078423,0.9152762,-9.227779,5.61723,5.478213
190.06,0.078125,5,1.343026,0.7946461,-0.1228922,-9.374603,5.54975,5.431736
190.08,17.81482,5,1.34167,0.7843087,-0.1686933,-10.53458,5.61723,5.450592
190.1,14.85828,5,1.343549,0.7755032,0.09084838,-9.516497,5.61723,5.459897
190.12,1.89325,5,1.34089,0.7733158,0.1366499,-9.159711,5.54975,5.423862
190.14,6.903015,5,1.341964,0.7681431,-0.04655629,-10.2347,5.54975,5.406979
190.16,9.0896,5,1.344036,0.754732,0.06031401,-10.44415,5.54975,5.399189
190.18,9.955322,5,1.339917,0.7441353,0.1519171,-10.34769,5.54975,5.395859
190.2,21.9292,5,1.333324,0.7458598,-0.2297625,-10.14884,5.61723,5.434906
190.22,28.29358,5,1.329981,0.7658119,-0.03128911,-8.771922,5.684711,5.49336
190.24,-2.135071,5,1.32595,0.7855466,0.1977187,-7.255751,5.54975,5.437704
190.26,29.36823,5,1.333717,0.8158038,0.3503905,-9.296678,5.684711,5.492787
190.28,-2.705444,5,1.422438,0.8391348,4.68627,-7.811092,5.54975,5.445836
190.3,16.82245,5,1.385348,0.8483388,-2.077091,-9.91548,5.61723,5.456045
190.32,1.923767,5,1.470283,0.85518,2.732071,-9.644733,5.54975,5.42863
190.34,18.99731,5,1.397488,0.8394213,-1.878618,-10.69924,5.61723,5.443941
190.36,15.93719,5,1.419116,0.8337142,-0.9931214,-9.745497,5.61723,5.45424
190.38,15.06268,5,1.391669,0.8335236,-0.4435031,-9.332417,5.61723,5.45577
190.4,26.80438,5,1.382627,0.8445731,-0.5809073,-9.090247,5.684711,5.496124
190.42,-1.275085,5,1.377084,0.8468833,-0.4282355,-7.774315,5.54975,5.432712
190.44,19.60431,5,1.373123,0.854068,-0.183961,-9.696503,5.61723,5.443973
190.46,6.390686,5,1.392726,0.8459862,0.3351234,-8.945159,5.54975,5.41102
190.48,23.27069,5,1.362998,0.8421438,-0.9473198,-9.654694,5.61723,5.433785
190.5,19.8512,5,1.379885,0.8480279,-0.07709067,-8.473674,5.61723,5.447978
190.52,18.11395,5,1.386569,0.868136,0.1671843,-8.05967,5.61723,5.456037
190.54,17.43481,5,1.398733,0.8894263,0.2129859,-7.999228,5.61723,5.46004
190.56,17.71088,5,1.395098,0.9029713,-0.4129688,-8.011648,5.61723,5.459641
190.58,6.433167,5,1.40908,0.9083874,0.06031401,-8.060772,5.54975,5.41972
190.6,12.21313,5,1.41261,0.9047144,-0.03128911,-9.239787,5.54975,5.40113
190.62,26.33191,5,1.414052,0.8994196,-0.5045714,-9.411773,5.61723,5.433422
190.64,33.18964,5,1.421195,0.914358,0.09084838,-8.098818,5.684711,5.490738
190.66,25.5686,5,1.42866,0.9492522,0.4114593,-6.564544,5.684711,5.51753
190.68,-1.387207,5,1.476974,0.9847898,3.144284,-6.531981,5.54975,5.451932
190.7,30.39526,5,1.532465,1.019401,1.617566,-9.364329,5.684711,5.50484
190.72,12.55255,5,1.512061,1.011228,-0.7641136,-7.981403,5.61723,5.479909
190.74,3.905945,5,1.524307,1.007441,0.9610775,-8.937119,5.54975,5.42836
190.76,22.8418,5,1.507927,0.9890682,-0.7183124,-10.35885,5.61723,5.441423
190.78,8.864868,5,1.509849,0.964415,-0.3977011,-9.418694,5.54975,5.407653
190.8,24.08301,5,1.525737,0.9639847,0.5946653,-10.23889,5.61723,5.436279
190.82,20.4248,5,1.507243,0.9582087,-0.07709067,-9.182516,5.61723,5.446095
190.84,18.74017,5,1.516084,0.9690178,0.06031401,-8.884937,5.61723,5.451893
190.86,18.33478,5,1.512863,0.9780445,0.1519171,-8.846296,5.61723,5.452654
190.88,18.44171,5,1.517051,0.9855547,0.01451245,-8.873954,5.61723,5.452239
190.9,30.52582,5,1.510155,0.9965115,-0.09235785,-8.830738,5.684711,5.49078
190.92,2.405823,5,1.513023,0.9983466,0.07558119,-7.640754,5.54975,5.427026
190.94,11.67651,5,1.507863,0.9948436,-0.06182348,-9.672407,5.54975,5.396708
190.96,16.19037,5,1.497472,0.9695224,-0.5045714,-10.03873,5.54975,5.381405
190.98,17.58618,5,1.507276,0.9553027,0.2129859,-9.857309,5.54975,5.37845
191,17.89172,5,1.501147,0.94865,-0.09235785,-9.575497,5.54975,5.37809
191.02,29.2323,5,1.51036,0.9595518,-0.1228922,-9.363661,5.61723,5.420719
191.04,23.74426,5,1.507892,0.9772687,-0.06182348,-8.069798,5.61723,5.439494
191.06,10.05524,5,1.514647,0.9967377,0.6557342,-7.815471,5.54975,5.407261
191.08,15.10443,5,1.519656,1.00471,-0.1534266,-9.041869,5.54975,5.391088
191.1,29.08606,5,1.525767,1.006895,0.06031401,-9.333757,5.61723,5.423959
191.12,24.60815,5,1.528392,1.015634,-0.01602192,-8.123061,5.61723,5.439551
191.14,11.31158,5,1.527006,1.026748,0.1519171,-7.794795,5.54975,5.405643
191.16,27.81085,5,1.53751,1.040225,0.2740546,-8.92675,5.61723,5.430942
191.18,13.00488,5,1.544254,1.039672,-0.1686933,-8.054047,5.54975,5.401587
191.2,17.08807,5,1.549438,1.042526,0.5641309,-8.988073,5.54975,5.388647
191.22,18.45746,5,1.572008,1.041156,0.06031401,-9.266806,5.54975,5.384857
191.24,30.20868,5,1.582725,1.048392,0.4114593,-9.323497,5.61723,5.424431
191.26,13.48492,5,1.574164,1.050314,-0.1228922,-8.171564,5.54975,5.399612
191.28,17.18787,5,1.569397,1.05417,0.6099325,-9.081876,5.54975,5.386795
191.3,29.97491,5,1.597908,1.063023,0.8847416,-9.378273,5.61723,5.424224
191.32,24.94763,5,1.597635,1.073676,0.5183294,-8.282562,5.61723,5.440022
191.34,23.22424,5,1.591585,1.090247,0.5335966,-8.045695,5.61723,5.445091
191.36,21.64587,5,1.647533,1.118506,3.067949,-8.250734,5.61723,5.452698
191.38,-2.499146,5,1.669745,1.122278,0.8847416,-8.670067,5.48227,5.373501
191.4,19.92365,5,1.672022,1.109535,0.2740546,-11.36549,5.54975,5.37446
191.42,30.69354,5,1.673471,1.088615,-0.6877776,-10.86277,5.61723,5.414281
191.44,25.5741,5,1.627656,1.076952,-0.4740371,-9.292857,5.61723,5.427521
191.46,12.12604,5,1.622447,1.078424,-0.107625,-8.781496,5.54975,5.393645
191.48,16.29547,5,1.651926,1.08535,0.5030622,-9.898766,5.54975,5.38168
191.5,29.73663,5,1.648996,1.084693,-0.03128911,-10.17862,5.61723,5.414802
191.52,25.28564,5,1.642109,1.08844,-0.01602192,-8.983561,5.61723,5.428852
191.54,23.54889,5,1.642348,1.10443,0.1061156,-8.644028,5.61723,5.435228
191.56,23.10187,5,1.647222,1.119833,0.6404669,-8.609008,5.61723,5.43742
191.58,34.69092,5,1.655836,1.140637,0.2435202,-8.631985,5.684711,5.478734
191.6,6.596619,5,1.651711,1.145414,-0.1228922,-7.511426,5.54975,5.414346
191.62,27.68732,5,1.643713,1.150059,0.3961921,-9.55098,5.61723,5.423746
191.64,24.95691,5,1.711255,1.159787,3.296956,-8.994066,5.61723,5.436483
191.66,13.62213,5,1.638339,1.143387,-0.9778546,-8.680213,5.54975,5.390689
191.68,30.51379,5,1.67419,1.148042,-0.1534266,-9.710565,5.61723,5.41653
191.7,26.89685,5,1.681847,1.151612,0.7626044,-8.710328,5.61723,5.429228
191.72,14.22272,5,1.662993,1.152148,0.1061156,-8.375844,5.54975,5.391718
191.74,19.20728,5,1.680563,1.153501,-0.2755641,-9.490817,5.54975,5.37662
191.76,32.76196,5,1.688306,1.153199,0.3809245,-9.722527,5.61723,5.410741
191.78,17.37817,5,1.652433,1.14212,-0.2602969,-8.410772,5.54975,5.381238
191.8,21.44928,5,1.653571,1.143248,-0.2297625,-9.099305,5.54975,5.36959
191.82,34.01337,5,1.687439,1.155621,0.2587874,-9.229275,5.61723,5.40974
191.84,29.21216,5,1.67071,1.166403,0.1061156,-7.989278,5.61723,5.425153
191.86,27.83374,5,1.659882,1.184439,-0.2908313,-7.61651,5.61723,5.430462
191.88,27.13434,5,1.688239,1.208759,0.5335966,-7.601532,5.61723,5.435747
191.9,27.12787,5,1.690839,1.225183,0.6404669,-7.667256,5.61723,5.436477
191.92,27.1001,5,1.711669,1.241082,0.5946653,-7.77852,5.61723,5.437997
191.94,15.07208,5,1.741754,1.250343,1.159551,-7.979483,5.54975,5.400144
191.96,32.02899,5,1.744964,1.253604,0.8236728,-9.309963,5.61723,5.421478
191.98,17.02466,5,1.76387,1.246976,0.2740546,-8.565772,5.54975,5.391611
192,33.00183,5,1.743718,1.244333,0.2587874,-9.496065,5.61723,5.415136
192.02,75.37427,-5,1.757018,1.245332,0.02977964,-8.542478,5.61723,5.42725
192.04,65.80042,-5,1.75393,1.297745,0.02977964,-3.601341,5.54975,5.392158
192.06,64.61566,-5,1.753466,1.401665,0.4419934,-1.272444,5.48227,5.333254
192.08,97.72076,-5,1.966759,1.592216,14.35039,-0.4612761,5.61723,5.408923
192.1,88.88031,-5,2.245672,1.841184,12.3962,2.533048,5.61723,5.462827
192.12,74.81317,-5,2.42558,2.088695,10.28932,3.041726,5.54975,5.442135
192.14,90.16553,-5,2.756603,2.35431,19.5107,0.9207089,5.61723,5.483897
192.16,84.46713,-5,3.098938,2.608673,15.86185,-0.03865385,5.61723,5.508463
192.18,71.53442,-5,3.320385,2.81258,11.4191,-1.980467,5.54975,5.464331
192.2,148.4244,-5,3.508475,3.011868,9.922913,-5.014674,5.95463,5.670808
192.22,125.9326,-5,3.496674,3.155735,-1.481671,0.8173022,5.95463,5.72637
192.24,106.2636,-5,3.742591,3.380545,18.3504,1.577204,5.887151,5.716122
192.26,187.1016,-5,4.10062,3.682298,15.05268,-0.897649,6.35951,6.005081
192.28,141.4556,-5,4.196599,3.922598,5.892377,5.315891,6.29203,6.062285
192.3,-38.79124,-5,4.463145,4.089679,21.40383,3.570189,5.27983,5.472921
192.32,36.61176,-5,4.939779,4.180179,23.64811,-17.33951,5.27983,5.220357
192.34,124.7957,-5,4.708079,3.976045,-10.80992,-22.61535,5.54975,5.192603
192.36,210.7063,-5,4.021407,3.705896,-39.23741,-14.70497,5.95463,5.334624
192.38,22.58083,-5,3.736651,3.529725,-0.6572433,-0.1894713,4.94243,4.789726
192.4,148.5865,-5,4.126008,3.654188,17.83131,-10.71982,5.27983,4.826365
192.42,147.3126,-5,4.255688,3.734043,0.02977964,-5.323709,5.27983,4.854928
192.44,199.2399,-5,4.107757,3.865361,-2.870985,-1.233572,5.54975,5.007456
192.46,14.5336,-5,4.503907,4.060126,15.3733,5.07668,4.60503,4.556827
192.48,296.3906,-5,4.869331,4.402615,20.91528,-10.09144,5.887151,5.146714
192.5,54.40677,-5,5.201688,4.605479,9.87711,6.914254,4.94243,4.851386
192.52,152.0264,-5,5.07531,4.796655,-10.91679,-5.713412,5.21235,4.827102
192.54,216.1276,-5,5.705865,5.049013,22.99162,-6.124184,5.61723,5.109659
192.56,80.78262,-5,5.197587,5.034945,-24.36718,1.575753,4.94243,4.727783
192.58,-55.92657,-5,5.526921,5.013777,26.41147,-8.469108,3.86275,3.938171
192.6,113.6296,-5,5.966611,4.944636,13.25116,-30.18167,4.267631,3.861222
192.62,5.279785,-5,5.53895,4.525675,-33.34427,-26.20936,3.525351,3.306971
192.64,211.9359,-5,4.641474,4.082203,-39.42061,-31.21159,4.20015,3.372463
192.66,82.5108,-5,4.608862,3.820905,-4.474039,-13.75483,3.525351,3.056395
192.68,205.2897,-5,4.225279,3.768392,-22.24504,-13.78866,3.93023,3.158443
192.7,65.51013,-5,4.85954,3.947408,19.78551,-3.743706,3.25543,2.917547
192.72,168.1464,-5,4.773582,4.130417,3.724437,-10.73526,3.592831,2.995497
192.74,38.39508,-5,5.265259,4.299019,24.213,-6.839868,2.918031,2.679126
192.76,-21.79492,-5,5.087417,4.248368,-5.863352,-16.9592,2.243231,2.085479
192.78,164.4469,-5,5.173657,4.144792,2.121383,-29.72007,2.850551,2.187999
192.8,46.44226,-5,4.684953,3.838743,-28.64199,-17.90646,2.175751,1.778214
192.82,257.6561,-5,3.969971,3.641924,-28.71832,-19.24659,2.985511,2.030673
192.84,81.35522,-5,4.182006,3.646334,10.80841,0.236567,2.175751,1.745473
192.86,24.33423,-5,4.184445,3.743525,0.5335966,-4.856026,1.568431,1.283095
192.88,138.935,-5,4.826177,3.934151,30.83895,-15.93153,1.90583,1.36641
192.9,24.2406,-5,4.61671,3.860635,-6.993124,-11.16379,1.23103,0.9583713
192.92,-24.58228,-5,4.293909,3.644203,-11.48168,-18.70137,0.5562305,0.3348474
192.94,104.0549,-5,4.430982,3.45874,6.5794,-28.9085,0.8261509,0.259802
192.96,76.18506,-5,4.050377,3.173763,-24.70305,-21.43594,0.5562305,0.0444726
192.98,19.79004,-5,3.256424,2.806431,-43.7565,-16.81056,-0.05108929,-0.4728338
193,-39.39502,-5,3.363598,2.570234,16.16719,-20.0178,-0.7933693,-1.07063
193.02,111.8181,-5,3.425596,2.423926,3.999247,-28.0974,-0.3884897,-1.039284
193.04,209.6805,-5,3.075583,2.31704,-16.65725,-16.73031,0.15135,-0.7035579
193.06,75.94971,-5,2.545372,2.281922,-26.27557,2.270404,-0.4559698,-0.9335272
193.08,5.819458,-5,2.793309,2.450796,15.43436,0.3335491,-1.06329,-1.322365
193.1,94.36951,-5,3.697855,2.784558,44.10613,-10.89662,-0.7933693,-1.206753
193.12,137.3398,-5,4.041384,3.045994,15.61757,-10.3638,-0.4559698,-0.9339811
193.14,56.77991,-5,3.711233,3.120497,-16.65725,-4.661721,-0.7933693,-1.085331
193.16,-79.98499,-5,3.268326,2.95647,-15.25267,-7.867608,-1.805569,-1.826578
193.18,98.27783,-5,3.505537,2.848552,23.34276,-24.35811,-1.33321,-1.826922
193.2,185.451,-5,3.687675,2.807645,5.403827,-17.63793,-0.7933693,-1.458405
193.22,34.38245,-5,3.532739,2.828438,-16.65725,-4.1027,-1.40069,-1.660802
193.24,136.7357,-5,3.014596,2.824562,-18.35191,-8.501736,-1.06329,-1.610649
193.26,160.4685,-5,3.355989,2.971697,31.17483,-2.10315,-0.8608494,-1.400748
193.28,27.3811,-5,3.627744,3.1839,11.26643,3.404835,-1.46817,-1.630713
193.3,-105.67,-5,3.593486,3.176049,1.632834,-6.611673,-2.48037,-2.367788
193.32,61.58777,-5,3.836519,3.060543,19.28169,-27.28036,-2.075489,-2.437891
193.34,-47.29724,-5,3.817319,2.743285,-3.329,-24.22161,-2.75029,-2.875654
193.36,117.8773,-5,3.481541,2.48673,-23.86336,-31.83851,-2.142969,-2.731304
193.38,0.4852295,-5,2.986703,2.138458,-28.61145,-18.74628,-2.75029,-3.064248
193.4,-59.78992,-5,2.418929,1.790934,-27.46641,-20.26427,-3.425089,-3.644551
193.42,137.292,-5,2.70549,1.693479,10.04505,-27.99853,-2.68281,-3.367686
193.44,-74.3689,-5,2.698911,1.558712,-2.092359,-13.54664,-3.695009,-3.817241
193.46,110.6372,-5,2.406553,1.526944,-18.64198,-24.10398,-3.02021,-3.628015
193.48,-22.13562,-5,2.134858,1.355085,-11.57328,-11.69417,-3.695009,-3.958845
193.5,76.96411,-5,1.877802,1.297676,-15.58855,-15.8936,-3.425089,-3.938585
193.52,143.6998,-5,2.006592,1.376598,5.709171,-8.898792,-3.02021,-3.632138
193.54,-68.46667,-5,2.093398,1.488602,2.762605,1.81744,-4.03241,-4.066865
193.56,-120.7168,-5,2.237769,1.524384,12.82368,-13.21629,-4.707209,-4.648612
193.58,16.39563,-5,2.861755,1.529868,28.83895,-30.33511,-4.30233,-4.594077
193.6,60.69116,-5,3.011916,1.473286,0.2282531,-28.19069,-3.96493,-4.358605
193.62,-138.3606,-5,2.571429,1.250472,-30.53512,-21.22397,-4.977129,-4.923728
193.64,50.08386,-5,1.66469,0.8767101,-46.04657,-33.44149,-4.43729,-4.959836
193.66,137.4446,-5,0.9105465,0.4655109,-29.52748,-19.75441,-4.03241,-4.77132
193.68,-53.4668,-5,0.8851634,0.3625508,-3.344267,-2.140481,-4.977129,-5.164907
193.7,6.461426,-5,0.8410755,0.4098966,4.045048,-9.575648,-4.977129,-5.29583
193.72,-148.35,-5,1.533666,0.4785396,38.68628,-11.07479,-5.92185,-5.807033
193.74,131.597,-5,2.075394,0.6920582,19.92292,-29.0217,-4.639729,-5.200814
193.76,52.81152,-5,1.967792,0.7461051,-9.954956,-12.2608,-4.639729,-4.96393
193.78,-137.2826,-5,1.352287,0.6603574,-39.20687,-7.459123,-5.65193,-5.551049
193.8,24.20129,-5,0.495683,0.3478813,-38.45878,-20.41128,-5.314529,-5.711847
193.82,40.60852,-5,0.6287149,0.1476416,31.31223,-13.06721,-5.314529,-5.705633
193.84,-29.86682,-5,1.061861,0.2268392,19.29696,-8.137441,-5.65193,-5.794628
193.86,-17.91187,-5,1.21758,0.3399056,-5.313733,-12.50727,-5.65193,-5.807839
193.88,35.84802,-5,1.112892,0.3633739,-8.000758,-13.71687,-5.38201,-5.673183
193.9,42.02795,-5,1.089639,0.4117328,-4.016023,-8.955406,-5.247049,-5.529295
193.92,17.02551,-5,0.9154352,0.4583701,-8.596177,-4.617347,-5.314529,-5.521262
193.94,11.34387,-5,0.7585363,0.4835773,-0.9015187,-3.751913,-5.38201,-5.570444
193.96,-19.44934,-5,0.9942064,0.5557338,14.06032,-4.604162,-5.58445,-5.672099
193.98,-21.64819,-5,1.291261,0.6434494,9.693905,-9.292264,-5.65193,-5.721201
194,-6.451782,-5,1.469915,0.6866903,6.793141,-13.18976,-5.58445,-5.693133
194.02,-21.24048,-5,1.414014,0.6419752,-4.107626,-14.0787,-5.65193,-5.742241
194.04,45.14832,-5,1.244769,0.5792682,-8.565642,-15.47407,-5.314529,-5.587464
194.06,11.36426,-5,1.187199,0.5430176,-4.031291,-9.537795,-5.38201,-5.558609
194.08,17.3877,-5,1.213108,0.591259,2.869475,-9.100179,-5.314529,-5.495023
194.1,3.631836,-5,1.449793,0.6958368,11.72444,-9.008034,-5.314529,-5.439152
194.12,-3.310181,-5,1.47401,0.7548986,2.258788,-10.42534,-5.314529,-5.426323
194.14,4.740356,-5,1.553407,0.792919,2.121383,-12.3144,-5.247049,-5.383615
194.16,-0.7677002,-5,1.516559,0.7815631,-2.580908,-12.63639,-5.247049,-5.380904
194.18,-26.42004,-5,1.546359,0.7543305,1.388559,-13.56919,-5.38201,-5.462916
194.2,-5.641113,-5,1.558901,0.7130957,0.2282531,-16.80355,-5.314529,-5.463105
194.22,3.86499,-5,1.547148,0.6582293,-1.084725,-16.79099,-5.247049,-5.427225
194.24,-12.18042,-5,1.425835,0.585393,-6.825184,-15.45392,-5.314529,-5.466877
194.26,4.804565,-5,1.337458,0.5280543,-4.458772,-15.87631,-5.247049,-5.450864
194.28,-22.99048,-5,1.371156,0.4912839,0.8847416,-14.61183,-5.38201,-5.513854
194.3,-14.5343,-5,1.334242,0.4538416,-0.9931214,-16.46319,-5.38201,-5.544284
194.32,-1.564331,-5,1.395776,0.4347648,2.014513,-17.02007,-5.314529,-5.506925
194.34,-18.18799,-5,1.345047,0.4002008,-3.267931,-15.941,-5.38201,-5.536538
194.36,-1.097168,-5,1.239955,0.3587054,-5.038925,-16.5317,-5.314529,-5.520773
194.38,-4.536987,-5,1.249577,0.339542,0.5946653,-15.2324,-5.314529,-5.506354
194.4,-6.389893,-5,1.224476,0.3355074,-1.420603,-14.64018,-5.314529,-5.498691
194.42,-7.938354,-5,1.242128,0.344454,0.8694746,-14.4973,-5.314529,-5.490481
194.44,-9.23938,-5,1.254706,0.3538158,-0.3977011,-14.6032,-5.314529,-5.48478
194.46,-9.531128,-5,1.237687,0.3517964,-0.596175,-14.74857,-5.314529,-5.484906
194.48,-9.928955,-5,1.247599,0.350398,-0.04655629,-14.90964,-5.314529,-5.483033
194.5,-10.57422,-5,1.253704,0.3477763,0.06031401,-15.07967,-5.314529,-5.481023
194.52,0.1000977,-5,1.265048,0.353245,0.3198562,-15.27388,-5.247049,-5.437984
194.54,-17.70618,-5,1.267787,0.3531783,0.4114593,-14.36386,-5.314529,-5.459261
194.56,-15.0791,-5,1.269483,0.3518187,-0.2450293,-15.57009,-5.314529,-5.469697
194.58,-2.592285,-5,1.274277,0.344203,0.2129859,-16.09574,-5.247049,-5.434427
194.6,-18.96973,-5,1.246815,0.3241889,-1.130526,-15.12031,-5.314529,-5.462467
194.62,-16.37537,-5,1.26935,0.3181548,1.129017,-16.21056,-5.314529,-5.471045
194.64,-15.13184,-5,1.244476,0.2929082,-0.9167854,-16.58844,-5.314529,-5.47883
194.66,-14.81628,-5,1.236227,0.2691604,-0.5351062,-16.68986,-5.314529,-5.481884
194.68,-14.31116,-5,1.196481,0.2408445,-2.260297,-16.59561,-5.314529,-5.486474
194.7,-26.06262,-5,1.194172,0.215314,0.2587874,-16.50423,-5.38201,-5.526353
194.72,-21.52612,-5,1.200304,0.192727,-0.4129688,-17.6547,-5.38201,-5.541403
194.74,-8.583008,-5,1.191696,0.1702818,-0.6267089,-17.90666,-5.314529,-5.50723
194.76,-0.9992676,-5,1.124617,0.1501845,-3.848084,-16.52026,-5.247049,-5.457333
194.78,-29.69189,-5,1.05079,0.1255512,-3.283198,-14.64369,-5.38201,-5.520981
194.8,-22.20044,-5,1.09517,0.1280365,1.983979,-16.45017,-5.38201,-5.539046
194.82,-8.173706,-5,1.09786,0.1187409,-0.8251827,-16.86972,-5.314529,-5.505138
194.84,-12.10706,-5,1.052438,0.1041771,-2.336633,-15.57998,-5.314529,-5.493235
