Tiempo,ControlPWM,ReferenciaPosicion,ThetaMedido,ThetaObservado,OmegaMedido,OmegaObservado,PosicionMedido,PosicionObservado,VelocidadObservado,TiempoTranscurrido
0,-1216.185,-5,0.1902989,-0.7952099,0.2740546,-3.339767,-7.20397,-4.313951,-14.30273,0
0.02,-652.8735,-5,0.3776012,-2.174138,-0.0007547362,-128.9054,-7.27145,-6.290906,-22.6455,8316
0.04,-415.0211,-5,0.5507109,-4.311455,-0.2297625,-155.5434,-7.20397,-7.074502,-28.432,8456
0.06,-375.1159,-5,0.6709387,-5.849944,-3.771748,-149.7604,-7.20397,-7.265996,-30.05819,8452
0.08,-398.5343,-5,0.5923356,-6.775302,-16.47404,-141.8921,-7.20397,-7.267727,-31.97057,8448
0.1,-413.5147,-5,-0.6902066,-7.670263,-80.61147,-134.9359,-7.27145,-7.442139,-37.0332,8440
0.12,-322.2661,-5,-2.191723,-8.54216,-87.68018,-126.7609,-6.93405,-7.454483,-39.80982,8460
0.14,-279.8331,-5,-3.71845,-9.31204,-85.3901,-106.9784,-6.799089,-7.470046,-40.21862,8444
0.16,-206.5043,-5,-5.155211,-9.830925,-82.29086,-84.64539,-6.529169,-7.357102,-37.83735,8428
0.18,-184.2449,-5,-6.625105,-10.15595,-88.29086,-57.4259,-6.529169,-7.337009,-34.23801,8412
0.2,-203.415,-5,-8.270385,-10.40594,-87.6191,-31.62058,-6.93405,-7.610887,-30.4005,8420
0.22,-212.5493,-5,-9.763986,-10.62019,-67.19162,-11.44813,-7.541368,-8.097445,-25.46945,8456
0.24,-79.13341,-5,-9.131145,-10.17365,35.70918,-0.7958627,-7.20397,-7.820718,-13.43905,8492
0.26,7.450211,-5,-8.614894,-9.362163,31.03743,18.42276,-6.596649,-7.135582,-3.154479,8476
0.28,-2.45137,-5,-8.167995,-8.305506,16.50307,38.66698,-6.259249,-6.505386,5.195919,8436
0.3,-64.35394,-5,-7.515935,-7.144033,20.83895,49.01563,-6.259249,-6.129279,11.6592,8412
0.32,105.2448,-5,-5.971536,-5.70561,69.37332,45.0172,-4.977129,-5.025848,20.39856,8412
0.34,4.747559,-5,-4.172389,-4.188318,81.63287,53.63078,-4.639729,-4.193536,25.9296,8328
0.36,-104.1071,-5,-3.029034,-2.888504,68.12141,45.34134,-4.639729,-3.833406,26.32593,8300
0.38,66.13457,-5,-1.550358,-1.722716,69.52599,24.38741,-3.290129,-2.852062,28.01018,8340
0.4,-263.0974,-5,-0.08524132,-0.9107221,60.65575,22.33817,-4.30233,-3.021074,24.43697,8244
0.42,-47.17274,-5,0.7317967,-0.3539955,37.64811,-14.66261,-3.08769,-2.462884,20.99147,8280
0.44,-217.8572,-5,0.5925148,-0.5144858,-12.2145,-17.15321,-3.627529,-2.73336,12.89045,8204
0.46,-87.96176,-5,-0.1239707,-0.9536417,-37.37481,-33.53713,-3.08769,-2.719532,7.046834,8256
0.48,32.82491,-5,-1.225348,-1.612198,-55.81757,-27.36353,-2.412889,-2.476524,3.327112,8236
0.5,-49.99453,-5,-2.346169,-2.209776,-63.02368,-7.499389,-2.75029,-2.667445,0.9970292,8184
0.52,-56.77312,-5,-3.318187,-2.659833,-36.61145,0.4408903,-3.02021,-2.964918,0.3265595,8204
0.54,248.7508,-5,-2.946576,-2.519986,30.74735,4.391921,-1.40069,-1.991818,7.021635,8224
0.56,3.993576,-5,-2.39982,-2.061237,26.22826,35.79126,-2.008009,-1.808969,10.23544,8124
0.58,82.43538,-5,-1.786697,-1.271069,32.59467,30.00388,-1.40069,-1.306039,13.48164,8156
0.6,54.53942,-5,-0.803481,-0.4924791,44.97636,30.92109,-1.13077,-0.8685733,15.43302,8104
0.62,-54.90705,-5,-0.03891053,0.1579148,41.75499,26.03273,-1.40069,-0.8374212,14.55327,8092
0.64,-27.34906,-5,0.9790975,0.7151561,44.15193,8.403751,-1.13077,-0.6458297,13.7512,8104
0.66,-105.4391,-5,1.388106,0.896439,16.91528,-1.981181,-1.40069,-0.7952251,9.637627,8080
0.68,-96.08251,-5,1.195877,0.7217457,-14.90152,-16.15716,-1.46817,-1.02616,4.642761,8108
0.7,-107.6472,-5,0.6283455,0.2157257,-30.50458,-22.81015,-1.738089,-1.415147,-0.3623598,8112
0.72,110.9266,-5,-0.1345792,-0.3098325,-41.34428,-25.48038,-0.7933693,-1.111927,-1.695416,8124
0.74,75.3178,-5,-0.9204687,-0.731243,-43.02367,-2.549284,-0.7933693,-1.023361,-2.033716,8088
0.76,72.1982,-5,-1.517053,-0.8553154,-24.64198,11.02509,-0.7933693,-0.9901,-0.7809441,8060
0.78,72.88515,-5,-1.097949,-0.6006563,33.31223,18.3357,-0.7258892,-0.8263738,2.827973,8060
0.8,-17.61734,-5,-0.2467273,-0.1280322,37.87712,20.28074,-1.06329,-0.8412313,5.140288,8068
0.82,-70.64102,-5,0.6179678,0.3399667,43.08323,9.440466,-1.33321,-0.9495465,5.316311,8092
0.84,96.11992,-5,1.368559,0.7560574,32.45727,-5.245656,-0.3884897,-0.4146824,6.008389,8128
0.86,10.43968,-5,1.535719,0.9570602,2.182452,1.269109,-0.4559698,-0.2759811,3.897005,8060
0.88,-163.748,-5,1.271328,0.911285,-23.83282,-2.572074,-1.40069,-0.8802842,-0.7287371,8040
0.9,91.41869,-5,1.212843,0.8004189,11.34276,-22.11896,-0.3884897,-0.5914114,-1.453883,8092
0.92,39.69693,-5,1.45436,0.7092029,6.747339,-10.10812,-0.3884897,-0.4413348,-1.654627,8044
0.94,-149.5032,-5,1.068934,0.5467104,-26.48932,-6.50728,-1.40069,-1.0426,-5.182152,8056
0.96,-57.32233,-5,0.5677242,0.2214431,-13.75649,-21.51887,-1.40069,-1.385427,-7.656893,8116
0.98,145.5011,-5,1.026927,0.1325637,24.5336,-23.28605,-0.3884897,-0.8461435,-4.788487,8124
1,69.79184,-5,0.9409919,0.1754264,-7.893886,-3.708321,-0.3884897,-0.6000503,-4.276269,8068
1.02,-110.6816,-5,0.4082076,0.1615177,-34.99313,3.027677,-1.33321,-1.127035,-6.721269,8060
1.04,-25.99701,-5,-0.3563628,-0.08812577,-25.13053,-8.117671,-1.40069,-1.49926,-8.566617,8100
1.06,190.5328,-5,-0.003261003,-0.09424305,16.88475,-7.674391,-0.3884897,-0.9638119,-4.328465,8112
1.08,115.4726,-5,-0.2672876,0.001270145,-15.05419,15.38186,-0.4559698,-0.7578778,-2.69918,8072
1.1,113.7895,-5,-0.5225012,0.2820463,-12.59618,23.97359,-0.3884897,-0.628872,-0.7625046,8064
1.12,23.57227,-5,0.6333261,0.8789476,61.984,25.51845,-0.7258892,-0.6144796,2.955514,8052
1.14,1.728577,-5,1.64042,1.486077,40.41147,14.0538,-0.7933693,-0.5735983,3.970907,8064
1.16,4.603821,-5,2.257906,1.864931,31.00689,2.236385,-0.7258892,-0.5268489,2.726851,8056
1.18,-0.2855225,-5,2.376923,1.961551,0.3656577,-5.689834,-0.7258892,-0.5752622,0.02827644,8076
1.2,-161.5969,-5,2.082277,1.69761,-14.55038,-10.82016,-1.738089,-1.299289,-5.036008,8080
1.22,141.312,-5,1.955551,1.447449,-8.229766,-29.62038,-0.5234499,-0.927461,-5.241475,8144
1.24,110.6907,-5,1.69325,1.19221,-16.24504,-10.54619,-0.3884897,-0.7018028,-5.603272,8068
1.26,-26.26428,-5,1.057246,1.018397,-35.20687,0.8335257,-1.06329,-1.061338,-7.392839,8052
1.28,17.33478,-5,0.8326672,0.9105831,18.02979,-4.707234,-1.13077,-1.267599,-7.431746,8108
1.3,38.38501,-5,1.648883,1.04718,39.2359,-6.66039,-1.06329,-1.190152,-4.892823,8120
1.32,19.81207,-5,1.637139,1.112043,-2.275565,-5.796426,-1.13077,-1.211962,-5.621092,8144
1.34,35.22095,-5,1.224887,1.040749,-22.50458,-5.688488,-1.13077,-1.289553,-6.92783,8136
1.36,43.27191,-5,1.361163,1.056373,4.884743,-4.496964,-1.13077,-1.296568,-6.189148,8112
1.38,104.0164,-5,1.376639,1.140472,-0.3671672,-2.798929,-0.7933693,-1.090079,-5.239346,8116
1.4,79.71289,-5,1.365086,1.265546,1.571765,4.517313,-0.7933693,-0.9982021,-4.665232,8096
1.42,2.107727,-5,1.412408,1.40164,2.075582,6.61412,-1.19825,-1.198118,-4.885377,8100
1.44,40.68945,-5,1.678781,1.550654,17.61757,-0.6705076,-1.13077,-1.225255,-4.442,8136
1.46,49.52765,-5,2.122594,1.707701,17.14429,-3.035439,-1.06329,-1.158625,-3.899089,8132
1.48,89.15546,-5,2.140076,1.815572,-2.046557,-3.656209,-0.7933693,-0.9920405,-4.222985,8100
1.5,81.64673,-5,2.067963,1.891712,-2.855718,0.2080798,-0.7258892,-0.9069263,-4.64414,8072
1.52,57.34119,-5,2.204695,2.019889,7.419095,1.523358,-0.7933693,-0.9046874,-4.624715,8088
1.54,56.87231,-5,2.355897,2.145197,8.380928,-0.5577343,-0.7933693,-0.9044363,-4.840055,8076
1.56,54.46362,-5,2.574349,2.256766,10.12139,-2.705311,-0.7933693,-0.8996965,-5.100377,8100
1.58,66.1842,-5,2.626533,2.317475,0.5488637,-4.510632,-0.7258892,-0.8758759,-5.763178,8076
1.6,53.2525,-5,2.590231,2.321652,-0.3671672,-4.416269,-0.7933693,-0.9300994,-6.669657,8068
1.62,61.55414,-5,2.569244,2.312669,-0.596175,-5.579844,-0.7933693,-0.9683938,-7.230651,8096
1.64,67.82544,-5,2.54177,2.293157,-0.2450293,-5.405311,-0.7933693,-0.9955096,-7.633304,8092
1.66,72.57477,-5,2.517453,2.28589,-0.6114421,-4.561303,-0.7933693,-1.013016,-7.83637,8100
1.68,76.23376,-5,2.50881,2.299717,-0.107625,-3.478719,-0.7933693,-1.022835,-7.886202,8100
1.7,79.57037,-5,2.50101,2.330254,-0.1686933,-2.348095,-0.7933693,-1.029494,-7.873495,8096
1.72,82.91943,-5,2.500704,2.374494,-0.1381594,-1.240468,-0.7933693,-1.034134,-7.79305,8100
1.74,86.85974,-5,2.486486,2.423809,-0.09235785,-0.09683394,-0.7933693,-1.039926,-7.702858,8096
1.76,91.51038,-5,2.464648,2.475929,0.09084838,1.158836,-0.7933693,-1.046404,-7.559642,8104
1.78,95.3764,-5,2.4902,2.545685,2.823674,2.401906,-0.7933693,-1.045873,-7.238482,8108
1.8,96.12329,-5,2.618146,2.653813,5.480163,3.210806,-0.7933693,-1.030561,-6.727707,8088
1.82,97.05945,-5,2.676866,2.757227,3.434361,3.651028,-0.7933693,-1.023831,-6.575823,8104
1.84,109.6226,-5,2.771425,2.870228,5.373293,3.76964,-0.7258892,-0.9770539,-6.256953,8096
1.86,93.11084,-5,2.881288,2.980794,6.854209,4.744622,-0.7933693,-0.9930862,-6.200126,8088
1.88,74.46375,-5,2.952204,3.061023,4.518331,3.455602,-0.9283295,-1.085682,-6.570964,8100
1.9,110.4359,-5,3.075906,3.135569,7.831309,0.3778999,-0.7933693,-1.043405,-6.471381,8108
1.92,104.4525,-5,3.177686,3.198199,3.938178,1.649084,-0.7933693,-1.023493,-6.564223,8096
1.94,104.0759,-5,3.165312,3.250429,-0.4129688,1.939349,-0.7933693,-1.028043,-6.908304,8076
1.96,117.9976,-5,3.183238,3.304396,1.43436,2.074768,-0.7258892,-0.9969296,-6.966694,8076
1.98,103.361,-5,3.22918,3.360161,1.739704,3.406923,-0.7933693,-1.025256,-7.105263,8080
2,107.672,-5,3.315099,3.431825,5.49543,2.537546,-0.7933693,-1.035325,-7.121634,8072
2.02,109.2994,-5,3.413121,3.499768,3.892376,2.086124,-0.7933693,-1.038316,-7.208075,8068
2.04,134.4832,-5,3.442609,3.565416,2.564131,1.919836,-0.6584091,-0.9665266,-7.209171,8080
2.06,102.2675,-5,3.505144,3.628347,2.762605,4.105605,-0.7933693,-1.017076,-7.466751,8068
2.08,109.5353,-5,3.594901,3.703671,6.136652,2.010471,-0.7933693,-1.039397,-7.607504,8072
2.1,111.1482,-5,3.753657,3.775107,8.274057,0.8407815,-0.7933693,-1.042805,-7.709962,8084
2.12,136.1299,-5,3.775374,3.829166,1.067948,0.2204383,-0.6584091,-0.9758657,-7.93182,8056
2.14,105.8297,-5,3.758789,3.855217,0.4725278,2.349591,-0.7933693,-1.040794,-8.503854,8068
2.16,127.2101,-5,3.787723,3.899108,2.762605,0.6394644,-0.7258892,-1.033896,-8.605582,8084
2.18,112.7598,-5,3.941681,3.957828,8.228255,1.138688,-0.7933693,-1.059877,-8.639804,8068
2.2,119.002,-5,3.912922,3.986239,-0.6725109,0.1210049,-0.7933693,-1.087627,-9.149648,8052
2.22,134.358,-5,3.973808,4.023706,2.533597,-0.08598156,-0.7258892,-1.06014,-9.165897,8072
2.24,133.6804,-5,3.915675,4.043782,-2.03129,1.539352,-0.7258892,-1.062502,-9.466754,8060
2.26,124.5594,-5,3.904174,4.073104,-0.6267089,2.576496,-0.7933693,-1.108747,-9.615346,8068
2.28,133.0079,-5,3.916097,4.109401,2.121383,2.32367,-0.7933693,-1.13078,-9.611761,8100
2.3,135.1769,-5,4.051519,4.179225,5.968713,2.574532,-0.7933693,-1.126022,-9.310809,8068
2.32,136.5151,-5,4.086799,4.243218,2.090849,2.860316,-0.7933693,-1.127314,-9.389555,8088
2.34,137.9456,-5,4.147266,4.310455,3.205353,2.99987,-0.7933693,-1.128441,-9.398083,8096
2.36,138.8409,-5,4.228769,4.383358,3.571766,2.980456,-0.7933693,-1.127353,-9.39383,8104
2.38,140.8757,-5,4.252382,4.440849,1.892376,2.997484,-0.7933693,-1.134147,-9.572578,8092
2.4,142.9874,-5,4.305838,4.49861,3.067949,3.052636,-0.7933693,-1.138847,-9.629961,8076
2.42,144.9191,-5,4.354239,4.555644,2.777872,3.15757,-0.7933693,-1.143021,-9.703258,8076
2.44,146.5485,-5,4.410704,4.614951,3.754972,3.249629,-0.7933693,-1.145917,-9.758305,8084
2.46,159.4272,-5,4.473114,4.684702,3.754972,3.307412,-0.7258892,-1.107279,-9.679937,8072
2.48,155.2534,-5,4.532392,4.759685,4.625201,4.462582,-0.7258892,-1.09157,-9.694474,8064
2.5,153.0916,-5,4.644761,4.855175,6.151919,4.441116,-0.7258892,-1.080418,-9.640965,8068
2.52,151.6028,-5,4.765292,4.950314,6.762606,3.81793,-0.7258892,-1.074156,-9.730746,8068
2.54,139.699,-5,4.855366,5.020254,5.067949,2.941205,-0.7933693,-1.116821,-10.13872,8064
2.56,-27.2677,-5,4.914536,4.943375,3.846575,0.5958613,-1.805569,-1.753838,-12.64286,8056
2.58,69.61084,-5,4.96953,4.767445,2.274055,-17.94921,-1.738089,-2.007041,-14.05375,8132
2.6,148.4297,-5,4.853883,4.473212,-4.733581,-19.91801,-1.46817,-1.974419,-14.87508,8152
2.62,146.131,-5,4.452836,4.208827,-27.1,-11.92062,-1.46817,-1.987968,-15.54945,8108
2.64,218.4286,-5,3.762658,4.008101,-35.11527,-4.404943,-1.13077,-1.84543,-15.3931,8132
2.66,189.3165,-5,4.131845,4.156762,12.65574,6.633713,-1.13077,-1.684576,-12.37358,8100
2.68,237.9498,-5,4.355631,4.501174,9.587034,10.41167,-0.7258892,-1.330671,-10.05871,8096
2.7,175.5228,-5,4.86431,4.945102,38.02979,16.10404,-0.7933693,-1.166518,-8.490935,8092
2.72,-23.22083,-5,5.436738,5.297529,28.04506,11.27302,-1.805569,-1.675279,-9.95168,8080
2.74,109.963,-5,5.997983,5.506422,31.29696,-13.7029,-1.40069,-1.657306,-10.80731,8128
2.76,102.2015,-5,6.224223,5.441578,10.10612,-17.52752,-1.40069,-1.682451,-12.98144,8108
2.78,237.9991,-5,5.763134,5.288745,-18.91679,-19.03975,-0.6584091,-1.340251,-14.4243,8104
2.8,12.71619,-5,5.245203,4.996469,-26.30611,-5.009382,-1.738089,-1.902491,-17.6407,8076
2.82,198.0477,-5,4.895683,4.82344,-19.58855,-17.06874,-1.13077,-1.814496,-17.44337,8144
2.84,15.84863,-5,5.134191,4.649065,10.33513,-7.462654,-2.075489,-2.285014,-17.98472,8112
2.86,193.2692,-5,5.162148,4.63173,-0.4740371,-19.34335,-1.40069,-2.071687,-16.99133,8172
2.88,58.46387,-5,4.747076,4.397557,-30.47405,-8.110147,-2.075489,-2.430344,-18.98032,8124
2.9,80.68933,-5,3.896838,4.052565,-48.27558,-11.49667,-2.345409,-2.833432,-20.73842,8156
2.92,191.6597,-5,3.455124,3.739772,1.877109,-9.831921,-2.075489,-2.848045,-19.43037,8180
2.94,72.92407,-5,3.638607,3.644078,4.258789,1.649302,-2.75029,-3.158942,-17.49526,8144
2.96,-27.99951,-5,3.536554,3.544481,-4.107626,-2.681298,-3.627529,-3.795774,-18.05841,8208
2.98,145.0051,-5,3.95669,3.547295,23.09849,-16.88497,-3.08769,-3.676122,-15.77349,8264
3,39.77869,-5,3.870962,3.400834,-6.351902,-8.682475,-3.627529,-3.943329,-16.50588,8208
3.02,192.5723,-5,3.355527,3.282634,-28.0771,-11.89694,-3.02021,-3.741107,-15.89969,8236
3.04,76.40576,-5,2.76477,3.056681,-11.80229,3.215117,-3.627529,-4.051128,-16.38987,8208
3.06,4.898193,-5,2.777158,2.984932,1.678635,1.225517,-4.30233,-4.535328,-15.50142,8256
3.08,-55.49707,-5,3.408329,2.974866,27.83132,-9.633127,-4.977129,-5.043254,-14.67194,8328
3.1,126.0085,-5,3.632577,2.922568,2.732071,-23.37383,-4.30233,-4.834324,-13.71594,8332
3.12,-13.45117,-5,3.336933,2.670992,-20.90153,-13.38014,-4.977129,-5.178622,-15.59415,8288
3.14,151.2629,-5,2.619078,2.426067,-34.56565,-18.20147,-4.36981,-5.034286,-15.65183,8332
3.16,113.8723,-5,1.83147,2.099163,-42.04657,-2.139123,-4.572248,-5.140004,-15.62495,8296
3.18,-34.99878,-5,1.410238,1.876495,-12.33664,5.78652,-5.58445,-5.769706,-15.36523,8324
3.2,-70.91638,-5,1.830325,1.801482,34.90002,-5.606689,-6.259249,-6.337871,-13.82326,8380
3.22,54.39282,-5,2.377792,1.777892,27.22063,-18.42591,-5.92185,-6.289087,-11.71308,8404
3.24,-73.8822,-5,2.589183,1.658045,6.25879,-15.20401,-6.596649,-6.634445,-12.48238,8392
3.26,114.2181,-5,1.919171,1.433304,-45.32901,-23.4869,-5.85437,-6.424223,-13.05797,8412
3.28,54.50647,-5,0.6704394,0.9384853,-69.19161,-5.855901,-6.191769,-6.65336,-14.78469,8376
3.3,-0.447876,-5,-0.6584162,0.4068479,-65.5733,4.05126,-6.86657,-7.234235,-15.37908,8408
3.32,89.91626,-5,-1.066987,0.09955025,18.88475,6.530396,-6.86657,-7.417809,-11.75368,8440
3.34,144.3854,-5,-0.2033219,0.3160351,41.12903,14.56153,-6.596649,-7.10796,-4.725908,8436
3.36,-53.96936,-5,0.4700699,0.7033059,26.22826,22.81235,-7.473888,-7.367014,-2.315626,8424
3.38,29.14404,-5,0.9317634,1.081263,18.51834,6.822567,-7.20397,-7.281786,-0.9137379,8476
3.4,84.94263,-5,0.8965752,1.188285,5.312224,4.928949,-6.86657,-7.081862,-0.965291,8476
3.42,-49.16614,-5,1.082465,1.247692,5.98398,8.451105,-7.473888,-7.340566,-1.42104,8448
3.44,19.2395,-5,1.196917,1.286922,0.5030622,-3.077296,-7.27145,-7.332644,-1.496809,8496
3.46,20.11597,-5,1.076013,1.163245,-8.107629,-3.385326,-7.27145,-7.357036,-2.382647,8512
3.48,-59.64355,-5,0.9848707,0.9957649,-8.657246,-3.392401,-7.743809,-7.656413,-3.563519,8504
3.5,14.49438,-5,0.8599768,0.8176563,-9.267933,-10.96665,-7.541368,-7.675195,-3.864053,8524
3.52,13.80078,-5,0.7651198,0.6255369,-8.764117,-8.183068,-7.541368,-7.67872,-3.954308,8488
3.54,24.73035,-5,0.5850658,0.4969144,-11.34427,-5.806188,-7.473888,-7.640366,-3.785228,8488
3.56,-143.1469,-5,0.4760908,0.3136648,-8.19923,-3.134054,-8.41861,-8.18573,-5.341485,8492
3.58,66.52283,-5,0.4890729,0.2113173,-1.16106,-18.06083,-7.608849,-7.92698,-4.175019,8532
3.6,72.12915,-5,0.5208178,0.1309716,-1.038923,-6.777013,-7.33893,-7.62738,-3.039643,8468
3.62,-4.075562,-5,0.4000016,0.1764642,-9.832819,1.537638,-7.541368,-7.612187,-2.759042,8504
3.64,0.1827393,-5,0.1908395,0.2039082,-11.06946,0.03683311,-7.541368,-7.630688,-2.892941,8484
3.66,17.87671,-5,0.1023956,0.188545,-2.748847,-0.1920078,-7.473888,-7.604391,-2.528896,8488
3.68,6.648193,-5,0.4181365,0.2767465,14.70154,0.3740124,-7.473888,-7.539232,-1.221281,8480
3.7,-6.630005,-5,0.6376201,0.3874649,7.190088,-1.139689,-7.473888,-7.487333,-0.8349645,8504
3.72,-24.87732,-5,0.6463407,0.4129465,-0.4282355,-3.550993,-7.541368,-7.521215,-1.505821,8512
3.74,-10.86865,-5,0.6797113,0.3918018,-0.6267089,-7.092833,-7.473888,-7.504097,-1.880652,8488
3.76,-27.44824,-5,0.6731201,0.3218879,-2.016023,-8.045617,-7.541368,-7.544759,-2.493372,8480
3.78,-11.97278,-5,0.5854251,0.2283117,-6.351902,-10.05405,-7.473888,-7.53583,-2.979274,8492
3.8,-25.91028,-5,0.4628954,0.1044671,-7.084726,-9.4547,-7.541368,-7.584633,-3.548592,8488
3.82,-10.51428,-5,0.4042186,0.01106198,-4.809917,-10.266,-7.473888,-7.56418,-3.55971,8484
3.84,7.7052,-5,0.3442627,-0.05329759,-4.183962,-9.015751,-7.33893,-7.472453,-3.326191,8476
3.86,-29.05139,-5,0.2753657,-0.1028457,-4.626711,-6.189194,-7.473888,-7.512587,-3.463474,8508
3.88,-24.34436,-5,0.2343935,-0.1367777,-2.229764,-7.908963,-7.473888,-7.529842,-3.463819,8480
3.9,-35.92517,-5,0.2669167,-0.1806891,1.464895,-8.716318,-7.541368,-7.569787,-3.500547,8468
3.92,-32.96204,-5,0.2831279,-0.2279637,-1.145793,-10.48909,-7.541368,-7.582538,-3.570915,8484
3.94,-33.06714,-5,0.2562799,-0.2927484,-2.580908,-11.28813,-7.541368,-7.589565,-3.768574,8480
3.96,-22.51624,-5,0.2163744,-0.3531605,-3.11526,-11.6866,-7.473888,-7.553265,-3.794179,8480
3.98,-40.05505,-5,0.1422781,-0.4226377,-4.535108,-10.67962,-7.541368,-7.581974,-4.044595,8500
4,-35.61121,-5,0.01649147,-0.5042205,-7.435873,-11.37637,-7.541368,-7.604564,-4.272775,8480
4.02,-32.29614,-5,-0.09493321,-0.5953166,-7.222132,-11.02336,-7.541368,-7.618776,-4.311011,8492
4.04,-18.69653,-5,-0.1981778,-0.6676243,-6.672513,-10.09212,-7.473888,-7.583745,-4.031514,8484
4.06,-21.5708,-5,-0.3483624,-0.7327187,-8.703049,-7.604456,-7.473888,-7.572045,-3.814022,8488
4.08,-32.42578,-5,-0.4830833,-0.7858813,-7.222132,-5.824382,-7.541368,-7.607591,-3.564171,8488
4.1,-14.17859,-5,-0.5678194,-0.8160803,-5.008389,-5.429877,-7.473888,-7.576539,-2.94588,8472
4.12,-29.36169,-5,-0.5871527,-0.8274828,-1.374801,-3.283797,-7.541368,-7.588972,-2.368947,8468
4.14,-15.94189,-5,-0.5715958,-0.8026419,0.02977964,-3.424454,-7.473888,-7.539026,-1.62189,8464
4.16,-22.42908,-5,-0.5491741,-0.7728982,0.2129859,-2.237631,-7.473888,-7.506098,-1.09704,8500
4.18,-26.16455,-5,-0.5478129,-0.7431659,-0.0007547362,-2.115342,-7.473888,-7.48657,-0.7469002,8488
4.2,-40.17004,-5,-0.5313904,-0.7303426,0.2282531,-2.495158,-7.541368,-7.513716,-0.6111881,8488
4.22,-24.75879,-5,-0.534152,-0.7326278,-0.2602969,-4.129696,-7.473888,-7.483934,-0.4063642,8492
4.24,-18.53076,-5,-0.5105029,-0.7336446,0.2129859,-3.716675,-7.40641,-7.423816,-0.07644895,8484
4.26,-39.29651,-5,-0.5068366,-0.7347237,-0.1686933,-2.865683,-7.473888,-7.434316,-0.04878524,8512
4.28,-50.59827,-5,-0.49197,-0.7465816,-0.04655629,-4.487539,-7.541368,-7.477477,-0.1784713,8492
4.3,-46.4718,-5,-0.4712289,-0.7832417,0.1366499,-6.781913,-7.541368,-7.495223,-0.3217465,8504
4.32,-34.92542,-5,-0.4627143,-0.8298508,-0.1534266,-7.901063,-7.473888,-7.461009,-0.3511184,8496
4.34,-42.45447,-5,-0.458458,-0.8709962,-0.0007547362,-7.510619,-7.473888,-7.443208,-0.4292883,8496
4.36,-59.25488,-5,-0.4504378,-0.9090477,0.01451245,-8.087776,-7.541368,-7.474114,-0.6841743,8504
4.38,-57.24573,-5,-0.4623511,-0.9628903,-0.8099151,-10.14552,-7.541368,-7.491048,-1.004385,8500
4.4,-46.4314,-5,-0.4610707,-1.021857,0.1519171,-11.30281,-7.473888,-7.458094,-1.136531,8492
4.42,-65.97205,-5,-0.4563909,-1.080665,-0.3213652,-11.042,-7.541368,-7.482121,-1.433802,8476
4.44,-63.67297,-5,-0.5453902,-1.159889,-6.428238,-12.56552,-7.541368,-7.504402,-1.908423,8484
4.46,-60.11938,-5,-0.7021332,-1.277849,-8.565642,-12.82947,-7.541368,-7.530948,-2.385238,8484
4.48,-57.00171,-5,-0.8315731,-1.392401,-6.596177,-12.22497,-7.541368,-7.547738,-2.500947,8468
4.5,-54.38086,-5,-0.9738907,-1.495335,-7.970222,-11.04355,-7.541368,-7.558245,-2.466258,8472
4.52,-39.24805,-5,-1.158437,-1.58556,-9.512208,-9.357882,-7.473888,-7.528669,-2.222616,8472
4.54,-53.21375,-5,-1.289391,-1.65091,-6.138161,-6.302834,-7.541368,-7.552045,-1.852809,8460
4.56,-48.86487,-5,-1.355692,-1.676105,-3.099992,-5.469188,-7.541368,-7.551209,-1.233634,8472
4.58,-37.0354,-5,-1.35633,-1.667331,-0.7793808,-4.447935,-7.473888,-7.494489,-0.4135388,8460
4.6,-44.59082,-5,-1.332962,-1.631711,0.7778715,-2.656809,-7.473888,-7.454525,0.2706771,8472
4.62,-95.08545,-5,-1.33327,-1.622079,-0.2602969,-2.335958,-7.743809,-7.593132,0.1660908,8472
4.64,-87.47595,-5,-1.312966,-1.651105,0.7626044,-7.312801,-7.811289,-7.690803,0.07593542,8496
4.66,-75.52307,-5,-1.295138,-1.729121,-0.4740371,-9.89435,-7.811289,-7.728377,0.03178316,8504
4.68,-234.8507,-5,-1.301142,-1.921324,-0.6725109,-10.73963,-8.75601,-8.306475,-1.868511,8504
4.7,5.970947,-5,-1.482323,-2.112375,-12.3061,-26.42525,-7.811289,-8.013453,-1.330458,8552
4.72,-20.71155,-5,-1.830634,-2.36479,-20.51985,-11.29168,-7.743809,-7.861022,-1.19982,8492
4.74,-37.15625,-5,-2.694693,-2.580146,-45.35955,-1.114057,-7.811289,-7.900121,-1.509098,8496
4.76,-223.891,-5,-3.352424,-2.896794,-26.01603,5.747584,-9.025928,-8.675385,-2.91697,8492
4.78,127.0474,-5,-2.491803,-2.696061,68.10614,-10.85348,-7.473888,-7.911429,3.73931,8568
4.8,-16.82605,-5,-1.230802,-2.202935,54.36568,9.313925,-7.541368,-7.430637,7.904644,8476
4.82,29.40576,-5,-0.8014644,-1.542942,9.754973,6.859138,-6.86657,-6.808465,9.290026,8480
4.84,-214.2743,-5,-1.004332,-1.323976,-14.36717,10.18729,-7.878769,-7.254263,5.222923,8448
4.86,-28.33301,-5,-1.241183,-1.315327,-3.481672,-11.16747,-7.20397,-7.136109,3.876672,8496
4.88,-116.6205,-5,-0.325074,-1.25598,49.49545,-9.723774,-7.473888,-7.144659,4.595653,8456
4.9,14.00989,-5,0.308228,-1.009354,27.95345,-19.56989,-6.596649,-6.577691,5.558159,8468
4.92,-48.49841,-5,0.006164402,-1.001184,-29.06947,-11.91922,-6.529169,-6.387897,2.805809,8428
4.94,-220.6667,-5,-1.313832,-1.439541,-64.61146,-9.147562,-7.541368,-7.117546,-3.335581,8436
4.96,74.20605,-5,-2.503304,-2.005473,-40.61145,-20.28474,-6.529169,-6.956537,-3.881844,8456
4.98,-58.68842,-5,-1.232923,-1.979984,53.38858,-2.320507,-6.93405,-6.866931,1.359466,8432
5,-89.33374,-5,-0.5141085,-1.622598,30.90002,-6.340302,-6.93405,-6.72083,3.05098,8452
5.02,-152.6201,-5,-0.9271421,-1.645065,-18.80992,-10.83697,-7.27145,-6.968132,-0.3384738,8464
5.04,-110.7164,-5,-1.340435,-1.8882,-24.9626,-18.80859,-7.27145,-7.153121,-2.318489,8456
5.06,-72.29358,-5,-1.652691,-2.19909,-17.1458,-18.77061,-7.20397,-7.216067,-2.810841,8472
5.08,-76.30463,-5,-1.892478,-2.43821,-11.57328,-14.0948,-7.27145,-7.274695,-2.52957,8448
5.1,108.1062,-5,-2.187578,-2.48552,-14.68778,-10.03961,-6.259249,-6.688959,0.03211784,8452
5.12,34.92432,-5,-2.464741,-2.395151,-15.83282,12.19397,-6.259249,-6.420907,1.980775,8416
5.14,-1.732971,-5,-2.67717,-2.141003,-7.023658,20.20716,-6.326729,-6.33784,3.796849,8416
5.16,-74.35797,-5,-2.08534,-1.759274,34.04506,19.72285,-6.664129,-6.416494,6.083339,8440
5.18,-69.19598,-5,-0.9402546,-1.251099,55.1901,8.256585,-6.596649,-6.289139,8.455791,8440
5.2,8.618469,-5,0.2046658,-0.7057106,53.15957,-2.429406,-5.92185,-5.750324,10.09233,8424
5.22,-95.18542,-5,1.081574,-0.2516479,42.64048,-4.693262,-5.989328,-5.537655,8.801408,8420
5.24,-120.259,-5,1.364353,-0.02726007,5.709171,-17.69105,-5.92185,-5.483546,5.219933,8396
5.26,-112.2454,-5,0.5224356,-0.3516893,-43.7565,-26.03761,-5.92185,-5.668183,-0.8308294,8376
5.28,-76.63721,-5,-0.4404565,-0.9481713,-48.77939,-27.54488,-5.92185,-5.892925,-4.695906,8368
5.3,-210.1595,-5,-1.424326,-1.709702,-47.95497,-22.03012,-6.93405,-6.680641,-8.412038,8372
5.32,-94.15912,-5,-2.315103,-2.442353,-44.39771,-28.84782,-6.93405,-7.062251,-9.219326,8432
5.34,122.052,-5,-2.878892,-2.935141,-21.89389,-19.35284,-5.989328,-6.625409,-5.83526,8420
5.36,-0.348938,-5,-2.938924,-2.991211,-2.397702,8.835042,-6.326729,-6.52185,-1.966103,8384
5.38,-5.205933,-5,-2.626104,-2.614204,22.74734,14.09584,-6.259249,-6.328161,2.108225,8408
5.4,59.17206,-5,-1.555057,-1.929064,53.43438,13.73312,-5.65193,-5.735859,7.095459,8412
5.42,-81.89423,-5,-0.8546911,-1.307958,38.79315,17.51337,-5.989328,-5.639162,7.743021,8356
5.44,-158.0353,-5,-0.158024,-0.8287631,38.35041,3.284021,-6.326729,-5.793291,6.584569,8368
5.46,19.57025,-5,0.7650336,-0.4257326,40.33514,-16.56596,-5.314529,-5.23047,7.116825,8392
5.48,-138.1418,-5,1.171684,-0.2850181,17.38857,-13.34937,-5.71941,-5.264305,4.005249,8340
5.5,-112.3794,-5,0.5456952,-0.4653427,-37.20687,-25.08845,-5.65193,-5.401526,-0.844254,8376
5.52,-77.3963,-5,-0.5086408,-1.029591,-51.58856,-26.72144,-5.65193,-5.629272,-5.145108,8372
5.54,22.77631,-5,-1.520322,-1.620083,-49.9855,-20.74578,-5.314529,-5.611663,-6.077396,8372
5.56,-32.08972,-5,-2.16414,-2.039071,-21.40534,-4.634669,-5.65193,-5.798942,-5.350858,8340
5.58,-17.37115,-5,-1.868878,-2.018844,14.86948,-0.5079364,-5.65193,-5.756846,-1.782341,8368
5.6,-83.96033,-5,-1.11108,-1.749504,36.96109,1.066795,-5.92185,-5.769131,0.8057942,8388
5.62,70.02979,-5,-0.4635227,-1.319349,31.93819,-6.444415,-4.977129,-5.145151,3.560793,8396
5.64,-75.70392,-5,-0.1172865,-0.9966592,15.98398,2.82399,-5.314529,-5.074167,2.981512,8332
5.66,-95.185,-5,-0.01066699,-0.7650497,4.121384,-6.178047,-5.38201,-5.126485,1.497943,8388
5.68,-76.52899,-5,0.08125869,-0.7358797,8.930546,-14.38807,-5.314529,-5.151046,-0.08864701,8380
5.7,-93.48297,-5,0.3086356,-0.7743402,9.23589,-18.75232,-5.38201,-5.204541,-1.233287,8344
5.72,-76.22711,-5,0.1625714,-0.9176061,-9.298468,-22.86761,-5.314529,-5.232397,-3.012999,8352
5.74,-69.22522,-5,-0.2425095,-1.174008,-20.51985,-22.50926,-5.314529,-5.306026,-4.840427,8348
5.76,-53.22351,-5,-0.7765374,-1.475658,-25.74122,-19.78201,-5.314529,-5.39111,-5.986387,8344
5.78,-34.13812,-5,-1.314006,-1.759156,-26.68779,-14.54937,-5.314529,-5.459545,-6.166268,8348
5.8,-19.74817,-5,-1.648777,-1.931603,-10.15343,-8.017509,-5.314529,-5.479994,-5.108192,8340
5.82,-77.68304,-5,-1.518852,-1.928735,7.495431,-2.789299,-5.65193,-5.62462,-3.501974,8344
5.84,115.0173,-5,-1.34468,-1.719293,10.30459,-5.363867,-4.639729,-5.033773,-0.1135885,8376
5.86,23.8996,-5,-1.158441,-1.433648,11.03742,11.75145,-4.707209,-4.777937,1.754777,8336
5.88,-51.35956,-5,-1.050429,-1.083266,1.174818,13.40634,-4.977129,-4.822005,2.326875,8324
5.9,-44.04352,-5,-0.6827617,-0.7891176,18.09085,5.694797,-4.977129,-4.824434,2.86683,8348
5.92,-114.6088,-5,0.1152839,-0.5261488,34.68628,-1.47048,-5.314529,-4.961823,3.026014,8328
5.94,61.1684,-5,0.4240633,-0.327795,14.59467,-14.03292,-4.36981,-4.471169,3.258813,8344
5.96,4.996887,-5,0.3914475,-0.2662199,-4.825184,-4.491061,-4.30233,-4.261469,2.048818,8308
5.98,-190.9907,-5,0.04982037,-0.3636907,-19.37481,-3.124961,-5.314529,-4.849496,-1.558093,8300
6,63.22424,-5,-0.06384124,-0.4647325,5.541232,-21.24804,-4.30233,-4.535784,-1.356651,8360
6.02,7.6922,-5,0.2406142,-0.5122426,16.13666,-8.603165,-4.30233,-4.350745,-0.6068312,8268
6.04,-19.86206,-5,0.1842223,-0.4330265,-4.962589,-5.707813,-4.30233,-4.277036,-0.8715546,8284
6.06,-26.46619,-5,0.06217994,-0.4022028,-5.863352,-6.17602,-4.30233,-4.277764,-1.649246,8300
6.08,-34.21735,-5,0.3800119,-0.3086684,18.25879,-8.233665,-4.30233,-4.248376,-1.328034,8288
6.1,-41.31885,-5,0.5167356,-0.2524556,5.113751,-10.85024,-4.30233,-4.239874,-1.938138,8276
6.12,-53.21619,-5,0.4471168,-0.292656,-2.458771,-13.1006,-4.36981,-4.308878,-3.220243,8288
6.14,-31.95526,-5,0.3348893,-0.3854655,-5.329,-15.3968,-4.30233,-4.325313,-4.072145,8296
6.16,-204.4221,-5,0.2526044,-0.6043689,-5.374802,-14.87975,-5.314529,-4.952456,-6.61003,8296
6.18,-109.9083,-5,0.1769291,-0.8741295,-3.756481,-31.67035,-5.247049,-5.199383,-7.86337,8336
6.2,-92.37079,-5,0.05780377,-1.248203,-6.932054,-32.84931,-5.314529,-5.351814,-8.93121,8348
6.22,-59.84229,-5,-0.3488147,-1.5933,-21.26794,-30.48372,-5.247049,-5.399922,-9.590724,8344
6.24,1.320618,-5,-0.9933152,-1.896824,-40.58092,-23.36761,-4.977129,-5.299587,-9.503204,8344
6.26,6.216492,-5,-1.901049,-2.182889,-48.30611,-9.40678,-4.977129,-5.311512,-9.190425,8348
6.28,22.49146,-5,-2.916181,-2.428691,-44.22977,3.774307,-5.044609,-5.406301,-8.007053,8336
6.3,163.7142,-5,-2.729993,-2.213135,51.28171,13.85974,-4.30233,-4.877484,-1.56949,8352
6.32,22.49347,-5,-1.736946,-1.572733,47.70919,31.36825,-4.639729,-4.65625,4.02615,8308
6.34,-64.75134,-5,-0.9515076,-0.8429369,34.38094,25.95521,-4.977129,-4.683292,6.033439,8328
6.36,89.008,-5,0.2785187,-0.07095343,56.59469,9.815577,-4.03241,-4.043773,9.17561,8332
6.38,-67.15778,-5,1.22426,0.5075039,43.2817,11.34229,-4.36981,-3.939996,8.378146,8272
6.4,-67.65753,-5,1.402207,0.8080569,12.33513,-4.034521,-4.30233,-3.944087,5.210033,8300
6.42,-63.65039,-5,1.260845,0.7223836,-8.825185,-13.8013,-4.30233,-4.055662,1.411562,8300
6.44,-45.63782,-5,0.8374884,0.4025475,-25.51221,-18.46308,-4.30233,-4.20069,-1.807664,8312
6.46,26.8114,-5,0.1445727,-0.01771226,-36.61145,-17.31715,-4.03241,-4.1887,-3.681454,8300
6.48,30.70306,-5,-0.4890447,-0.3859289,-31.92443,-7.12367,-4.03241,-4.222128,-4.136484,8296
6.5,33.2439,-5,-0.6417073,-0.5055389,-6.901521,0.5196767,-4.03241,-4.198066,-2.625692,8284
6.52,-184.2656,-5,-0.3751203,-0.531513,14.77788,4.487087,-5.247049,-4.845741,-3.000639,8268
6.54,47.59607,-5,0.01273987,-0.4347922,18.28933,-15.80561,-4.36981,-4.556133,-1.184482,8336
6.56,17.48138,-5,0.1129638,-0.4507939,2.30459,-6.111182,-4.30233,-4.383374,-1.088759,8284
6.58,-14.11395,-5,-0.09740707,-0.4197035,-16.33664,-2.084015,-4.36981,-4.37448,-1.514576,8296
6.6,0.3479004,-5,-0.2138585,-0.3907466,2.655735,-2.190298,-4.30233,-4.347878,-1.530348,8296
6.62,-9.023193,-5,0.07830919,-0.2798209,15.31223,-1.780461,-4.30233,-4.297172,-0.6448729,8288
6.64,-14.64764,-5,0.1199363,-0.2009445,2.472528,-2.593627,-4.30233,-4.28156,-0.8561271,8300
6.66,-18.37488,-5,0.2435347,-0.1339007,3.770239,-4.115655,-4.30233,-4.27208,-0.9453873,8292
6.68,-53.5788,-5,0.244987,-0.1412927,-0.519839,-5.579585,-4.50477,-4.403782,-1.853739,8288
6.7,-2.684021,-5,0.2916431,-0.1569268,0.8084057,-10.18495,-4.30233,-4.344584,-1.962629,8300
6.72,-23.57794,-5,0.2784113,-0.2072951,-3.649611,-8.077118,-4.36981,-4.365535,-2.435609,8300
6.74,-20.09332,-5,0.1786137,-0.2548244,-7.161062,-8.466537,-4.36981,-4.388753,-2.869608,8300
6.76,-6.918823,-5,0.1885272,-0.2770331,0.01451245,-8.383605,-4.30233,-4.355687,-2.79241,8288
6.78,-13.0921,-5,0.2222862,-0.2713476,-0.3977011,-7.116994,-4.30233,-4.335453,-2.726745,8312
6.8,-26.83044,-5,0.1948298,-0.2709523,0.07558119,-6.838327,-4.36981,-4.373001,-3.012598,8292
6.82,-22.32751,-5,0.2235846,-0.2687137,0.7778715,-8.137183,-4.36981,-4.388862,-3.100382,8296
6.84,-8.403076,-5,0.2136144,-0.2767377,-1.115259,-8.480247,-4.30233,-4.359492,-3.15368,8280
6.86,-13.28149,-5,0.2347483,-0.2705006,0.7626044,-7.373828,-4.30233,-4.343958,-3.114126,8300
6.88,-16.40576,-5,0.2777049,-0.2431963,-0.1992282,-7.282117,-4.30233,-4.33326,-3.071231,8296
6.9,-40.87146,-5,0.292368,-0.2392772,0.07558119,-7.636608,-4.43729,-4.412926,-3.473067,8288
6.92,-6.964233,-5,0.300718,-0.2415354,-0.1228922,-10.31659,-4.30233,-4.371448,-3.497543,8296
6.94,-24.56543,-5,0.2977445,-0.2642902,-0.3366328,-8.679727,-4.36981,-4.396,-3.731383,8308
6.96,-9.355957,-5,0.2620064,-0.2710155,-2.229764,-9.231664,-4.30233,-4.371036,-3.75658,8316
6.98,-13.62109,-5,0.2894903,-0.263688,1.754971,-8.153317,-4.30233,-4.356024,-3.672402,8316
7,-27.07214,-5,0.2907979,-0.2547095,-0.2297625,-7.901104,-4.36981,-4.390969,-3.826617,8312
7.02,-21.3067,-5,0.2673641,-0.2612515,-0.03128911,-9.009799,-4.36981,-4.412268,-4.00148,8308
7.04,-18.52814,-5,0.2746423,-0.2734028,-0.6267089,-9.181064,-4.36981,-4.421175,-4.033525,8296
7.06,-16.83606,-5,0.2503454,-0.2872445,-1.084725,-8.92942,-4.36981,-4.427335,-4.090115,8308
7.08,-4.596619,-5,0.254528,-0.2810097,-0.01602192,-8.57894,-4.30233,-4.387046,-3.889734,8320
7.1,-10.18573,-5,0.2711438,-0.2577456,0.3809245,-7.165882,-4.30233,-4.365814,-3.738157,8348
7.12,-12.26678,-5,0.2715347,-0.2266617,0.2587874,-6.794816,-4.30233,-4.357464,-3.682774,8316
7.14,-12.88812,-5,0.2945144,-0.1959271,1.281688,-6.832084,-4.30233,-4.353221,-3.620904,8320
7.16,-12.63275,-5,0.3022848,-0.1743024,0.1061156,-6.940239,-4.30233,-4.353205,-3.629,8300
7.18,-11.40082,-5,0.2856325,-0.165402,-0.4435031,-6.924212,-4.30233,-4.35743,-3.678918,8300
7.2,-10.30298,-5,0.2893033,-0.156128,-0.3366328,-6.796354,-4.30233,-4.359049,-3.630716,8316
7.22,-9.147949,-5,0.2769034,-0.1495939,0.07558119,-6.553736,-4.30233,-4.361232,-3.609961,8312
7.24,-8.250488,-5,0.27792,-0.1392509,-0.04655629,-6.274661,-4.30233,-4.361303,-3.530201,8304
7.26,-19.4624,-5,0.2929263,-0.1302986,0.1671843,-6.070023,-4.36981,-4.399483,-3.560734,8308
7.28,-1.94989,-5,0.2919028,-0.1207561,-0.07709067,-7.031752,-4.30233,-4.376657,-3.456107,8300
7.3,-16.23724,-5,0.2970403,-0.1202576,0.06031401,-5.936569,-4.36981,-4.406024,-3.504924,8304
7.32,-11.80164,-5,0.2987811,-0.1133609,0.3503905,-6.657022,-4.36981,-4.418455,-3.486824,8292
7.34,-9.610718,-5,0.3000576,-0.1138966,-0.2602969,-6.683867,-4.36981,-4.424035,-3.48212,8304
7.36,-8.681091,-5,0.3059636,-0.110055,0.2740546,-6.496404,-4.36981,-4.425014,-3.430765,8296
7.38,3.760925,-5,0.2922643,-0.09897231,-0.1381594,-6.20314,-4.30233,-4.38616,-3.284499,8304
7.4,-1.029297,-5,0.2944324,-0.07686716,0.1061156,-4.756773,-4.30233,-4.367501,-3.136734,8312
7.42,-2.686096,-5,0.2980137,-0.04398765,0.04504682,-4.292121,-4.30233,-4.358795,-3.016977,8304
7.44,-2.951782,-5,0.3125917,-0.01233814,0.4114593,-4.194687,-4.30233,-4.354612,-2.924632,8320
7.46,-2.320251,-5,0.3135902,0.01069418,0.4419934,-4.15327,-4.30233,-4.354489,-2.888,8300
7.48,-13.38928,-5,0.3344578,0.02578698,1.495429,-4.151223,-4.36981,-4.393451,-2.934316,8308
7.5,3.670776,-5,0.360902,0.04399288,1.037414,-5.325141,-4.30233,-4.368405,-2.797424,8320
7.52,0.1676025,-5,0.3875063,0.06003546,1.281688,-4.464146,-4.30233,-4.355166,-2.731506,8320
7.54,-0.4694824,-5,0.3623579,0.07317407,-0.04655629,-4.161417,-4.30233,-4.35406,-2.786385,8312
7.56,-0.8581543,-5,0.3977923,0.09617888,0.7473372,-4.141373,-4.30233,-4.349966,-2.684133,8316
7.58,-12.10034,-5,0.3933553,0.10239,0.3656577,-4.173245,-4.36981,-4.391651,-2.866945,8320
7.6,-6.036499,-5,0.3986155,0.1002737,0.6099325,-5.342113,-4.36981,-4.411326,-2.942032,8328
7.62,19.64038,-5,0.4105929,0.1074848,1.067948,-5.488087,-4.23485,-4.337821,-2.696198,8312
7.64,-1.402344,-5,0.3942507,0.1169413,-0.5351062,-2.9614,-4.30233,-4.346869,-2.732196,8296
7.66,0.3409424,-5,0.4001472,0.1451875,0.1671843,-3.433663,-4.30233,-4.350294,-2.663697,8308
7.68,-10.86218,-5,0.4465284,0.1639855,3.342758,-3.745445,-4.36981,-4.388873,-2.722425,8316
7.7,-6.302368,-5,0.5024836,0.1795068,1.831307,-5.267402,-4.36981,-4.402387,-2.75365,8312
7.72,-3.895142,-5,0.4905094,0.1682824,-0.04655629,-5.769562,-4.36981,-4.414235,-2.976246,8328
7.74,-2.300537,-5,0.4787468,0.1529684,-0.3671672,-5.818172,-4.36981,-4.422143,-3.092257,8316
7.76,-1.895508,-5,0.4921792,0.1478985,-0.1228922,-5.734684,-4.36981,-4.423623,-3.101102,8320
7.78,9.953735,-5,0.4839397,0.1520666,0.1061156,-5.585139,-4.30233,-4.385253,-3.033137,8316
7.8,4.998291,-5,0.4764403,0.1637619,-0.2755641,-4.26411,-4.30233,-4.369291,-2.999728,8304
7.82,-8.442261,-5,0.4839737,0.1806342,0.6251997,-3.940475,-4.36981,-4.402509,-3.076724,8320
7.84,7.634766,-5,0.5144299,0.2032502,1.312223,-5.156711,-4.30233,-4.375288,-2.96119,8320
7.86,4.303955,-5,0.5215995,0.2149971,0.1671843,-4.357933,-4.30233,-4.364808,-2.982553,8308
7.88,2.599731,-5,0.5485373,0.2389058,0.9610775,-4.256195,-4.30233,-4.35826,-2.934553,8312
7.9,1.9198,-5,0.5658522,0.2592728,1.556498,-4.417002,-4.30233,-4.356417,-2.973954,8308
7.92,-9.500244,-5,0.5718023,0.2634493,-0.1992282,-4.634589,-4.36981,-4.398882,-3.189964,8300
7.94,8.281372,-5,0.5656475,0.2615516,0.06031401,-5.881968,-4.30233,-4.380713,-3.215899,8320
7.96,-5.220459,-5,0.5428609,0.2425792,-0.5351062,-4.856688,-4.36981,-4.41654,-3.409672,8308
7.98,11.11523,-5,0.5422285,0.2437304,0.04504682,-5.513157,-4.30233,-4.390606,-3.278946,8304
8,-3.735718,-5,0.5394359,0.239662,-0.1534266,-4.310466,-4.36981,-4.419186,-3.359355,8304
8.02,-34.2511,5,0.5469828,0.254,0.06031401,-5.012554,-4.30233,-4.389885,-3.205565,8308
8.04,-41.53589,5,0.5565051,0.21824,-0.0007547362,-8.634466,-4.30233,-4.376898,-3.273547,8304
8.06,-59.7442,5,0.5605006,0.1170875,-0.4435031,-11.85139,-4.36981,-4.410949,-3.636446,8328
8.08,-59.84161,5,0.4814875,-0.04379655,-3.558008,-15.60462,-4.36981,-4.432742,-4.159464,8300
8.1,-63.5332,5,0.4132132,-0.2337456,-7.390069,-17.92543,-4.36981,-4.44179,-4.554098,8300
8.12,-53.22314,5,0.1453359,-0.4722081,-15.54274,-18.96493,-4.30233,-4.426482,-5.159605,8300
8.14,-55.34192,5,-0.2372032,-0.7499899,-18.50458,-17.37738,-4.30233,-4.445139,-5.674698,8292
8.16,-54.77832,5,-0.5237334,-0.9946625,-13.16107,-15.62583,-4.30233,-4.454367,-5.485503,8288
8.18,-58.4754,5,-0.6317828,-1.162986,-5.023657,-14.09195,-4.30233,-4.433924,-4.726353,8296
8.2,-66.09326,5,-0.6793827,-1.273603,-3.359534,-13.33442,-4.30233,-4.400204,-4.004143,8288
8.22,-84.71027,5,-0.7821484,-1.386,-6.504574,-13.32337,-4.36981,-4.417318,-3.779173,8284
8.24,88.03625,5,-0.8635137,-1.38515,-3.619076,-14.5838,-3.357609,-3.807156,-1.463311,8292
8.26,1.107605,5,-0.8756248,-1.292572,-1.725946,2.010641,-3.357609,-3.514777,0.03686547,8224
8.28,-37.66699,5,-0.9250634,-1.095684,-6.229764,4.315773,-3.357609,-3.383261,0.9383579,8240
8.3,-59.69373,5,-0.6482224,-0.9028997,19.34276,0.9632225,-3.357609,-3.299659,1.782261,8280
8.32,-149.0885,5,0.2000792,-0.6661198,34.85422,-6.511966,-3.695009,-3.378872,2.360757,8240
8.34,-161.5897,5,0.6056934,-0.610914,16.91528,-21.9385,-3.762489,-3.458684,0.5663922,8252
8.36,-148.8879,5,0.6622955,-0.8093603,0.2740546,-33.64647,-3.695009,-3.501606,-2.13195,8252
8.38,-310.7856,5,0.3026127,-1.331808,-18.48931,-39.34348,-4.639729,-4.164264,-7.16759,8252
8.4,-2.384155,5,-0.4116298,-1.931272,-43.54275,-56.65297,-3.357609,-3.777182,-8.434923,8308
8.42,-205.4076,5,-1.746656,-2.820362,-68.10765,-32.88069,-4.30233,-4.289514,-12.28987,8236
8.44,-117.9781,5,-3.233162,-3.609686,-72.62673,-32.70034,-4.30233,-4.600863,-13.13061,8280
8.46,-59.73466,5,-4.369439,-4.332911,-26.22977,-19.8934,-4.30233,-4.74729,-11.43921,8272
8.48,-109.7446,5,-4.210564,-4.537002,12.21299,-6.194094,-4.639729,-4.833794,-6.156693,8288
8.5,73.41541,5,-4.047377,-4.331614,5.113751,-2.337754,-3.627529,-4.143642,0.003677845,8324
8.52,-87.06325,5,-3.406087,-3.871273,26.64048,16.4177,-3.96493,-3.905564,4.334373,8240
8.54,-177.6079,5,-2.910209,-3.347765,19.12902,10.80286,-4.30233,-3.948138,5.889949,8276
8.56,-74.22767,5,-2.201975,-2.906387,39.20537,-4.211059,-3.695009,-3.56059,7.714714,8280
8.58,-134.0604,5,-1.757557,-2.661074,20.90001,-5.23608,-3.695009,-3.386646,7.409948,8240
8.6,-221.8423,5,-1.574046,-2.583142,-2.596175,-12.77489,-4.03241,-3.540754,5.392625,8252
8.62,-185.2318,5,-1.955641,-2.828196,-23.69542,-25.36945,-3.96493,-3.665341,2.332898,8276
8.64,-176.9445,5,-2.554839,-3.324434,-35.39008,-28.0602,-4.03241,-3.84233,-0.2249492,8264
8.66,27.38956,5,-3.44734,-3.808371,-46.48932,-25.66843,-3.02021,-3.384205,0.2240167,8260
8.68,-24.78787,5,-4.386654,-4.192714,-51.68016,-0.3328842,-3.02021,-3.217442,1.250703,8204
8.7,-29.33698,5,-5.320422,-4.370801,-31.28321,14.28379,-3.02021,-3.166378,3.266303,8208
8.72,53.33817,5,-4.611166,-3.996952,35.3275,21.3407,-2.412889,-2.595676,10.29982,8216
8.74,-79.33746,5,-3.816851,-3.412271,45.66339,31.57843,-2.68281,-2.377264,14.03885,8208
8.76,-242.642,5,-2.565288,-2.744075,58.62522,20.45506,-3.357609,-2.565735,15.32355,8200
8.78,-75.56799,5,-1.339572,-2.174453,58.96109,-7.20185,-2.412889,-2.026863,16.31699,8236
8.8,-225.3179,5,-0.6146959,-1.961396,34.19773,-11.27985,-2.75029,-2.01339,13.19573,8184
8.82,-287.9381,5,-0.4144832,-2.022917,2.41146,-30.01241,-3.02021,-2.250992,8.275225,8188
8.84,-95.65033,5,-0.9686827,-2.457154,-31.08473,-46.61253,-2.075489,-1.94572,4.030632,8228
8.86,-140.9235,5,-1.760906,-3.076971,-46.88626,-35.62804,-2.075489,-1.924528,0.4754706,8172
8.88,-313.3638,5,-2.802817,-3.780279,-59.57329,-29.91718,-3.08769,-2.622005,-3.910012,8176
8.9,-202.1447,5,-4.143642,-4.645574,-67.57329,-39.06419,-3.08769,-3.045421,-6.653516,8224
8.92,45.78351,5,-5.519431,-5.483633,4.716804,-28.85029,-2.075489,-2.686023,-4.9675,8200
8.94,67.08209,5,-4.749939,-5.385005,16.36566,0.5277028,-1.46817,-1.893361,3.998904,8148
8.96,-256.3023,5,-4.759308,-5.052759,-10.04656,21.61691,-2.75029,-2.245467,5.261883,8144
8.98,-72.33124,5,-5.05466,-4.78478,0.9610775,4.194516,-2.075489,-2.038019,6.778818,8196
9,-178.2237,5,-4.361275,-4.570084,33.49544,8.806363,-2.48037,-2.091724,9.020713,8140
9.02,-50.65808,5,-3.880034,-4.234659,6.716805,-0.194581,-1.738089,-1.614049,11.64543,8192
9.04,5.849182,5,-3.966819,-4.013394,-10.2145,7.261081,-1.06329,-1.034086,12.7334,8148
9.06,-122.9549,5,-4.214185,-3.850602,-6.977857,18.56432,-1.40069,-1.02146,12.43338,8100
9.08,-19.82208,5,-3.638657,-3.454974,30.22826,11.31404,-0.7258892,-0.5446873,15.38862,8116
9.1,-220.017,5,-2.656207,-3.055334,41.95346,13.3275,-1.40069,-0.6503167,15.67885,8076
9.12,-113.0248,5,-2.086257,-2.722993,23.3275,-7.314234,-0.7933693,-0.3383663,15.0897,8104
9.14,-228.6234,5,-1.592396,-2.659891,18.62521,-12.0266,-1.13077,-0.4243562,12.28905,8068
9.16,-107.2422,5,-1.737151,-2.77031,-11.54274,-26.17665,-0.4559698,-0.1487068,9.62291,8112
9.18,-202.5651,5,-2.287299,-3.172233,-36.87099,-21.64027,-0.7933693,-0.3400468,5.52902,8064
9.2,-212.726,5,-3.321341,-3.771577,-58.41299,-24.95713,-1.06329,-0.7168585,1.596189,8080
9.22,-57.34143,5,-4.407399,-4.442467,-38.9168,-24.33769,-0.5234499,-0.6481323,0.7485273,8084
9.24,-129.939,5,-4.314094,-4.742104,3.327491,-8.692046,-0.7933693,-0.6671776,3.374415,8052
9.26,-15.13367,5,-4.410044,-4.713786,-12.93206,-5.135848,-0.1185694,-0.2183805,6.396087,8096
9.28,45.15369,5,-4.613544,-4.5394,7.235888,9.736385,0.5562305,0.39407,9.334983,8036
9.3,-158.6812,5,-4.22121,-4.150233,21.99925,24.05882,-0.1185694,0.3356206,11.34956,8004
9.32,-78.6626,5,-3.892819,-3.720436,35.98399,11.99647,0.2863102,0.5714972,12.9236,8040
9.34,-22.18567,5,-2.477405,-3.096447,66.30461,7.569062,0.9611101,1.223086,16.78613,8040
9.36,-77.39368,5,-1.72722,-2.515622,30.28934,7.846258,1.23103,1.686602,16.83098,7992
9.38,-22.01257,5,-1.700015,-2.136461,-6.886253,2.539199,1.90583,2.195163,15.17598,8004
9.4,39.43604,5,-2.3078,-2.048502,-23.49695,6.868703,2.58063,2.668657,13.10995,7948
9.42,-157.8679,5,-1.745378,-1.829904,18.15192,13.71508,1.90583,2.520109,12.83977,7908
9.44,-25.1322,5,-1.596442,-1.641978,7.800775,-1.97846,2.58063,2.8246,12.22542,7944
9.46,-200.4303,5,-0.9685112,-1.570899,43.51072,-1.374256,1.90583,2.58344,10.41719,7896
9.48,-64.50586,5,-0.6947395,-1.51968,6.961079,-19.42288,2.58063,2.856038,9.103672,7936
9.5,-153.7191,5,-1.271741,-1.865479,-34.0771,-15.87329,2.243231,2.644689,4.558619,7912
9.52,-18.65967,5,-1.893699,-2.217268,-30.06183,-20.27553,2.850551,2.832127,3.173749,7920
9.54,137.1497,5,-2.214986,-2.370062,-15.63435,-8.107103,3.93023,3.55456,5.224799,7860
9.56,-29.96924,5,-2.02412,-2.176869,10.54887,14.83628,3.592831,3.737326,7.118746,7800
9.58,58.46997,5,-1.758575,-1.713693,34.53361,12.45373,4.267631,4.249965,9.452416,7832
9.6,-151.5078,5,-0.8905186,-1.245986,37.2817,16.58908,3.525351,4.099898,9.622327,7788
9.62,-184.1061,5,-0.3131238,-0.9378569,29.95345,-3.951248,3.25543,3.864249,7.583763,7836
9.64,15.43506,5,-0.03336649,-0.8772379,1.70917,-21.40679,4.267631,4.316616,6.441155,7800
9.66,-97.82507,5,-0.5941399,-1.154159,-42.44352,-11.0905,3.93023,4.19414,2.577106,7780
9.68,-62.84949,5,-1.73406,-1.595903,-47.78703,-11.90667,3.93023,3.991653,-0.6255098,7800
9.7,-106.2767,5,-1.113635,-1.71538,21.05268,-11.13284,3.660311,3.865418,1.173715,7796
9.72,74.25464,5,-1.345319,-1.770053,-11.52748,-13.89042,4.60503,4.356925,2.033123,7820
9.74,-64.19177,5,-1.410356,-1.780462,3.129017,2.555697,4.20015,4.337428,2.024553,7760
9.76,-70.04102,5,-1.070114,-1.570023,18.45727,-1.72813,4.20015,4.376687,3.045604,7772
9.78,90.1283,5,-0.6149409,-1.262577,18.3962,-6.314342,5.21235,5.032929,5.173603,7796
9.8,21.49219,5,-0.8828197,-1.094013,-5.191597,7.731836,5.27983,5.295189,4.407532,7720
9.82,-85.49463,5,-0.6962832,-0.8463051,19.73971,9.278646,4.87495,5.171778,4.149603,7720
9.84,-73.50525,5,0.1700142,-0.505758,36.41147,-3.407611,4.94243,5.229598,4.92386,7736
9.86,-72.23706,5,0.3891496,-0.4061113,1.11375,-11.31371,5.009911,5.256174,2.95816,7748
9.88,-90.63049,5,-0.07273297,-0.6123652,-24.84046,-14.9337,4.87495,5.076648,-0.490898,7728
9.9,-125.507,5,-0.3146843,-0.9201424,-7.55801,-18.52135,4.53755,4.754968,-2.710126,7736
9.92,-74.26294,5,-0.4906968,-1.233243,-14.77939,-23.81521,4.60503,4.642226,-3.675503,7756
9.94,-52.55811,5,-1.092742,-1.633817,-30.0313,-20.12127,4.60503,4.538867,-5.026515,7768
9.96,-31.33545,5,-1.705536,-1.982078,-24.26031,-13.42421,4.60503,4.464238,-5.128831,7764
9.98,-35.89087,5,-1.760208,-2.103259,0.4725278,-6.686859,4.53755,4.446418,-3.334577,7756
10,138.2615,5,-1.662799,-1.932563,5.403827,-2.62653,5.54975,5.102626,0.534969,7772
10.02,-169.5125,5,-1.503057,-1.741686,9.358027,16.63199,4.267631,4.665,0.4463773,7696
10.04,64.54761,5,-1.189682,-1.368547,30.3962,-2.367822,5.27983,5.107518,2.991378,7784
10.06,-77.19019,5,-0.3834718,-1.049415,31.83132,5.856582,4.87495,5.136704,3.954381,7720
10.08,-61.05493,5,-0.5114837,-0.8767142,-16.41297,-2.573551,4.94243,5.12568,2.393093,7760
10.1,-39.86572,5,-0.7381928,-0.932233,11.72444,-5.716654,5.009911,5.095816,0.9368509,7752
10.12,121.745,5,-0.64159,-0.8586847,-3.634344,-5.63391,5.95463,5.661417,2.88549,7744
10.14,53.02563,5,-0.9894856,-0.7923114,-11.26793,11.89836,5.95463,5.871928,3.000505,7688
10.16,-48.28882,5,-0.7357436,-0.5331571,15.58704,15.53065,5.54975,5.762379,3.874235,7672
10.18,-34.55652,5,0.07936954,-0.1595617,40.02979,4.988554,5.61723,5.833331,5.217039,7696
10.2,-50.39929,5,0.5634927,0.06353962,16.62521,-2.228072,5.61723,5.868474,4.322403,7712
10.22,-49.13306,5,0.3452144,0.01720745,-14.06183,-7.880362,5.61723,5.797575,1.617938,7708
10.24,-53.29358,5,0.2626743,-0.1294796,-2.672511,-11.25942,5.54975,5.689096,-0.04264307,7712
10.26,-16.35596,5,0.06446329,-0.3173271,-12.59618,-13.21678,5.684711,5.689758,-1.134023,7700
10.28,-37.69312,5,-0.2562715,-0.5435221,-13.329,-9.767634,5.54975,5.575918,-2.30265,7720
10.3,-12.15173,5,-0.3992338,-0.6840376,-6.290833,-9.145716,5.61723,5.568167,-2.212472,7704
10.32,-71.72351,5,-0.3978409,-0.7816535,-0.5351062,-6.289429,5.27983,5.381073,-2.440557,7688
10.34,-47.18481,5,-0.4112597,-0.8483843,-0.7641136,-10.36826,5.27983,5.305993,-2.504452,7724
10.36,7.410034,5,-0.3848346,-0.8877531,-0.519839,-10.5692,5.54975,5.4451,-1.930167,7720
10.38,-8.859741,5,-0.5429733,-0.9186214,-8.428238,-4.659075,5.54975,5.495372,-1.886858,7708
10.4,-50.34717,5,-0.5381499,-0.8880686,1.358024,-2.488027,5.34731,5.406874,-1.720756,7696
10.42,-63.95972,5,-0.3558749,-0.8315773,7.938179,-5.897924,5.21235,5.310122,-1.546913,7716
10.44,-40.48267,5,-0.2425658,-0.8134744,3.617567,-9.874098,5.27983,5.312926,-1.619452,7728
10.46,-28.91882,5,-0.2708821,-0.841496,-1.695411,-10.01124,5.34731,5.34362,-1.913383,7716
10.48,-43.21436,5,-0.3796971,-0.8919483,-7.099994,-8.597711,5.27983,5.302114,-2.357424,7736
10.5,-37.79712,5,-0.4105543,-0.9225736,-1.405335,-9.004449,5.27983,5.283661,-2.380434,7732
10.52,-35.50391,5,-0.421468,-0.9454589,-1.328999,-8.687742,5.27983,5.277889,-2.340891,7724
10.54,-35.41125,5,-0.4065705,-0.9488031,0.3809245,-8.296604,5.27983,5.280766,-2.219073,7740
10.56,-46.81799,5,-0.4256171,-0.9580221,-0.6267089,-7.988247,5.21235,5.240233,-2.353495,7728
10.58,-29.6543,5,-0.424044,-0.9585703,-0.04655629,-8.913271,5.27983,5.263867,-2.225178,7720
10.6,-44.6228,5,-0.4135922,-0.9634719,-0.1381594,-7.850158,5.21235,5.236409,-2.266066,7724
10.62,-29.04248,5,-0.4199792,-0.9561027,-0.4893047,-8.610842,5.27983,5.264493,-2.151972,7732
10.64,-32.81885,5,-0.4123442,-0.9478746,-0.1686933,-7.564208,5.27983,5.278314,-2.071898,7680
10.66,-34.16516,5,-0.4200419,-0.9326558,0.06031401,-7.226828,5.27983,5.283637,-2.028719,7724
10.68,-33.92664,5,-0.4344524,-0.922555,-0.2602969,-7.087729,5.27983,5.283544,-2.02003,7724
10.7,-33.37683,5,-0.4333951,-0.9126905,0.1671843,-6.97132,5.27983,5.283831,-1.95615,7720
10.72,-21.06152,5,-0.4428491,-0.8980141,-0.2908313,-6.777594,5.34731,5.323752,-1.777975,7720
10.74,-37.65039,5,-0.4349231,-0.8816943,-0.0007547362,-5.454912,5.27983,5.303049,-1.742798,7724
10.76,-33.8197,5,-0.4411121,-0.8657596,0.2435202,-6.23025,5.27983,5.292653,-1.719953,7748
10.78,-19.81519,5,-0.4508722,-0.8569283,-0.1381594,-6.291154,5.34731,5.326943,-1.57392,7716
10.8,-35.9491,5,-0.4344853,-0.8440638,0.2282531,-4.994487,5.27983,5.305438,-1.514219,7736
10.82,-32.55371,5,-0.4230873,-0.8255476,-0.107625,-5.801137,5.27983,5.297266,-1.457004,7720
10.84,-30.91443,5,-0.4147469,-0.8191627,-0.2450293,-6.014228,5.27983,5.293452,-1.448235,7716
10.86,-29.93152,5,-0.4182808,-0.8170103,-0.01602192,-5.97429,5.27983,5.291165,-1.438438,7740
10.88,-29.38306,5,-0.4164739,-0.8130233,-0.183961,-5.852035,5.27983,5.290882,-1.396289,7740
10.9,-29.23547,5,-0.4082792,-0.8053588,0.02977964,-5.741045,5.27983,5.292189,-1.342086,7712
10.92,-40.50281,5,-0.4124124,-0.8072706,-0.07709067,-5.661468,5.21235,5.25144,-1.467249,7732
10.94,-23.8075,5,-0.3855151,-0.7994391,0.1366499,-6.809163,5.27983,5.277085,-1.321116,7736
10.96,-28.06165,5,-0.3503526,-0.7882712,0.5030622,-5.999882,5.27983,5.29246,-1.244799,7728
10.98,-29.61548,5,-0.3656142,-0.7777279,0.3961921,-5.843993,5.27983,5.295629,-1.314194,7740
11,-29.75696,5,-0.3656957,-0.7699244,0.5335966,-5.896453,5.27983,5.295334,-1.343764,7748
11.02,-41.25024,5,-0.3565538,-0.7709416,0.3198562,-6.000052,5.21235,5.254566,-1.486795,7720
11.04,-23.79822,5,-0.365073,-0.7754728,0.3961921,-7.1727,5.27983,5.274563,-1.474977,7716
11.06,-38.2207,5,-0.3657489,-0.7895477,0.2893218,-6.207569,5.21235,5.243233,-1.591361,7708
11.08,-22.27783,5,-0.3772301,-0.7905038,0.1366499,-6.961706,5.27983,5.269219,-1.506265,7720
11.1,-25.85461,5,-0.3760554,-0.7890622,0.1671843,-5.853185,5.27983,5.281809,-1.445173,7720
11.12,-39.01746,5,-0.3742928,-0.7825017,0.1824515,-5.512773,5.21235,5.247734,-1.515408,7712
11.14,-22.20972,5,-0.3814324,-0.7766445,-0.03128911,-6.564188,5.27983,5.271176,-1.449985,7736
11.16,-37.28943,5,-0.3599972,-0.7765623,0.2740546,-5.657399,5.21235,5.243947,-1.490499,7732
11.18,12.70557,5,-0.354368,-0.74138,0.3809245,-6.497791,5.48227,5.394588,-0.9736428,7748
11.2,-41.76123,5,-0.363316,-0.7205261,0.3198562,-2.051295,5.27983,5.338638,-1.156614,7736
11.22,-44.76367,5,-0.3577317,-0.6914151,0.5793981,-4.654039,5.21235,5.271703,-1.304228,7716
11.24,-37.97839,5,-0.2212865,-0.6724502,8.487798,-7.130507,5.21235,5.25469,-1.221068,7748
11.26,-25.93274,5,-0.1493148,-0.6633612,0.1519171,-8.301194,5.27983,5.290861,-1.255036,7752
11.28,-31.82837,5,-0.1391061,-0.664836,0.7931387,-7.900495,5.27983,5.302316,-1.50045,7752
11.3,-44.32788,5,-0.1949152,-0.690196,-1.069457,-8.074537,5.21235,5.2546,-1.996938,7744
11.32,-27.23425,5,-0.1909557,-0.7096182,0.3198562,-9.44313,5.27983,5.272369,-2.060069,7736
11.34,-30.35254,5,-0.2004104,-0.7318538,0.5183294,-8.593573,5.27983,5.278558,-2.178451,7728
11.36,-42.77124,5,-0.2326319,-0.7540464,-1.619076,-8.267904,5.21235,5.236955,-2.429209,7732
11.38,-26.06091,5,-0.2321097,-0.7645575,1.159551,-9.284056,5.27983,5.259323,-2.38333,7732
11.4,-29.19556,5,-0.2461164,-0.7769785,-0.6725109,-8.221963,5.27983,5.268097,-2.414833,7712
11.42,-30.74109,5,-0.244303,-0.77191,-0.107625,-7.844651,5.27983,5.273501,-2.369433,7716
11.44,-31.16003,5,-0.2504512,-0.7661412,0.2282531,-7.72996,5.27983,5.274618,-2.385522,7732
11.46,-30.57947,5,-0.2699122,-0.7661598,-0.183961,-7.628851,5.27983,5.27206,-2.425103,7708
11.48,-18.45239,5,-0.2701097,-0.7556798,0.04504682,-7.475195,5.34731,5.312098,-2.246808,7704
11.5,-35.42224,5,-0.2573247,-0.7418194,0.1061156,-6.21615,5.27983,5.291769,-2.239702,7708
11.52,-32.04773,5,-0.2560422,-0.7270562,0.4725278,-7.09905,5.27983,5.281824,-2.247701,7728
11.54,-29.63306,5,-0.2753527,-0.7319232,-0.2908313,-7.271654,5.27983,5.273508,-2.316175,7720
11.56,-40.44238,5,-0.2540012,-0.7366412,0.1366499,-7.236583,5.21235,5.233106,-2.356144,7728
11.58,-23.42896,5,-0.2464165,-0.7363237,0.2435202,-8.302579,5.27983,5.256776,-2.26074,7728
11.6,-38.33643,5,-0.2425328,-0.744931,-0.3824344,-7.326492,5.21235,5.227592,-2.359604,7704
11.62,-34.85242,5,-0.2252461,-0.7427561,0.6099325,-8.245074,5.21235,5.217033,-2.358492,7720
11.64,-20.99634,5,-0.2580059,-0.7524902,-0.550373,-8.362543,5.27983,5.247591,-2.367986,7724
11.66,-25.30066,5,-0.2612318,-0.7505813,-0.2602969,-7.030495,5.27983,5.262673,-2.269796,7704
11.68,-27.15222,5,-0.2609102,-0.7335314,0.3809245,-6.585601,5.27983,5.270607,-2.179286,7728
11.7,-26.95557,5,-0.2866228,-0.7243311,-0.519839,-6.388302,5.27983,5.270193,-2.193344,7712
11.72,-38.27222,5,-0.2710617,-0.7180974,0.1824515,-6.311872,5.21235,5.23185,-2.219046,7728
11.74,-21.02734,5,-0.2681962,-0.7115944,0.2893218,-7.383834,5.27983,5.255396,-2.106781,7716
11.76,-23.68567,5,-0.2790235,-0.7118416,-0.2144953,-6.311252,5.27983,5.2651,-2.06142,7720
11.78,-24.85583,5,-0.27482,-0.6971027,0.2129859,-5.883585,5.27983,5.271605,-1.943184,7724
11.8,-25.18103,5,-0.2719772,-0.6810582,0.1061156,-5.725336,5.27983,5.274837,-1.877773,7716
11.82,-36.44653,5,-0.2749249,-0.6767974,-0.2908313,-5.66494,5.21235,5.234787,-1.97804,7732
11.84,-30.5332,5,-0.2733588,-0.6799638,-0.06182348,-6.763103,5.21235,5.216798,-2.00177,7728
11.86,-15.79028,5,-0.2959059,-0.6900622,0.02977964,-6.786067,5.27983,5.247168,-1.912714,7712
11.88,-31.5061,5,-0.2975469,-0.6933536,-0.3366328,-5.331022,5.21235,5.223073,-1.889379,7720
11.9,-16.64978,5,-0.285087,-0.6744141,0.3656577,-5.970845,5.27983,5.256214,-1.665009,7732
11.92,-20.87988,5,-0.2726644,-0.6562376,-0.3060985,-4.932393,5.27983,5.272473,-1.558845,7720
11.94,-22.52039,5,-0.2701869,-0.6322569,0.7626044,-4.679612,5.27983,5.27947,-1.490814,7728
11.96,-22.65503,5,-0.270135,-0.6140461,-0.1534266,-4.674494,5.27983,5.281087,-1.465415,7728
11.98,-22.34998,5,-0.263088,-0.5997531,0.2587874,-4.704537,5.27983,5.281686,-1.424228,7748
12,-21.49902,5,-0.2768959,-0.5938712,-0.107625,-4.643051,5.27983,5.279507,-1.430171,7732
12.02,-20.77942,5,-0.2758144,-0.5872982,-0.183961,-4.516449,5.27983,5.279168,-1.368896,7732
12.04,-31.6106,5,-0.2848847,-0.5902432,0.02977964,-4.350986,5.21235,5.237844,-1.466029,7744
12.06,-2.150146,5,-0.2985114,-0.5843226,-0.3366328,-5.233988,5.34731,5.299662,-1.22024,7732
12.08,-22.20117,5,-0.2844387,-0.5741642,-0.2755641,-2.913141,5.27983,5.290848,-1.128316,7732
12.1,-21.18384,5,-0.2514652,-0.5403786,1.43436,-3.513659,5.27983,5.291792,-0.9804187,7724
12.12,-32.66528,5,-0.2199206,-0.5252387,1.541231,-3.935003,5.21235,5.252549,-1.100335,7720
12.14,-26.30408,5,-0.2401364,-0.5351561,-0.0007547362,-5.300611,5.21235,5.229232,-1.288713,7724
12.16,-35.2439,5,-0.2235509,-0.5584096,-0.03128911,-5.639775,5.144871,5.180241,-1.444082,7744
12.18,5.796997,5,-0.2302748,-0.5621403,0.1519171,-6.667788,5.34731,5.2801,-1.149815,7736
12.2,-20.17065,5,-0.2158625,-0.5528526,-0.4435031,-3.280344,5.27983,5.288076,-1.080222,7732
12.22,-20.69531,5,-0.2259475,-0.5221829,1.632834,-3.631914,5.27983,5.289835,-1.064177,7748
12.24,-35.75061,5,-0.06215022,-0.4706227,6.533598,-4.494465,5.21235,5.267548,-0.9106333,7724
12.26,-20.75464,5,-0.04889414,-0.4514099,-0.03128911,-6.604713,5.27983,5.289829,-1.15992,7736
12.28,-25.99707,5,0.02790003,-0.4383769,0.5946653,-6.749223,5.27983,5.302352,-1.272607,7740
12.3,-27.76099,5,0.006753094,-0.444716,1.205353,-7.310061,5.27983,5.297886,-1.653168,7708
12.32,-39.54553,5,0.00694874,-0.4676884,0.2129859,-7.890738,5.21235,5.25024,-2.054778,7712
12.34,-23.11523,5,0.0297916,-0.4862608,0.3961921,-9.521681,5.27983,5.269042,-2.17201,7724
12.36,-26.67358,5,0.02041535,-0.5130817,0.02977964,-8.915562,5.27983,5.2736,-2.40144,7716
12.38,-27.70728,5,-0.0118359,-0.534847,-0.9778546,-8.772757,5.27983,5.270363,-2.610546,7728
12.4,-28.81848,5,0.01552605,-0.540805,0.4267263,-8.880235,5.27983,5.271844,-2.652488,7724
12.42,-29.36829,5,0.007258526,-0.5503627,0.3503905,-9.03948,5.27983,5.269179,-2.822594,7728
12.44,-29.55347,5,0.007132917,-0.5599444,0.06031401,-9.203101,5.27983,5.266168,-2.945981,7720
12.46,-29.72046,5,0.009995092,-0.5683594,0.5335966,-9.342471,5.27983,5.263795,-3.048348,7732
12.48,-29.57849,5,-0.0007160092,-0.5793366,0.1366499,-9.417613,5.27983,5.260077,-3.170575,7724
12.5,-29.14966,5,-0.01453214,-0.5913795,0.1061156,-9.407936,5.27983,5.256091,-3.265697,7728
12.52,-40.7113,5,-0.007382499,-0.6046042,0.3198562,-9.40892,5.21235,5.214767,-3.420489,7732
12.54,-23.56934,5,-0.01763684,-0.6163738,-0.0007547362,-10.51708,5.27983,5.235041,-3.425097,7728
12.56,-26.91687,5,-0.01232328,-0.6251854,-0.04655629,-9.537614,5.27983,5.245455,-3.409554,7736
12.58,-27.86206,5,-0.04268214,-0.6282233,-0.4587703,-9.127639,5.27983,5.246879,-3.458078,7748
12.6,-27.94287,5,-0.04535495,-0.6254548,0.01451245,-8.942327,5.27983,5.247765,-3.427285,7724
12.62,-16.44702,5,-0.03890494,-0.6109514,0.1671843,-8.822996,5.34731,5.289889,-3.248484,7740
12.64,-45.07788,5,-0.03308158,-0.6056492,-0.1381594,-7.652593,5.21235,5.228119,-3.422744,7760
12.66,-24.63794,5,-0.03227461,-0.5982932,0.304589,-9.744313,5.27983,5.23974,-3.384194,7752
12.68,-26.06274,5,-0.03059563,-0.6065617,-0.04655629,-9.065094,5.27983,5.244422,-3.393958,7712
12.7,-13.93213,5,-0.08297274,-0.6095314,-1.252663,-8.557336,5.34731,5.281727,-3.31635,7740
12.72,-31.08057,5,-0.0555907,-0.5947898,0.5488637,-7.113375,5.27983,5.264201,-3.196648,7716
12.74,-27.55859,5,-0.07191534,-0.5816951,0.1671843,-7.83193,5.27983,5.254046,-3.207765,7732
12.76,-25.96741,5,-0.05374817,-0.5745416,0.9152762,-8.007293,5.27983,5.251469,-3.142014,7740
12.78,-36.57361,5,-0.0619067,-0.5806324,-0.107625,-7.95683,5.21235,5.208789,-3.268917,7720
12.8,-19.06311,5,-0.05926848,-0.5818765,0.09084838,-8.974529,5.27983,5.231276,-3.148952,7728
12.82,-22.4491,5,-0.04451526,-0.5791702,0.3961921,-7.927107,5.27983,5.244521,-3.0456,7732
12.84,-23.94836,5,-0.05001761,-0.5666693,0.1213828,-7.558073,5.27983,5.250409,-2.997769,7732
12.86,-24.41479,5,-0.04454542,-0.5527135,0.304589,-7.481876,5.27983,5.253194,-2.955651,7732
12.88,-23.81226,5,-0.06334484,-0.5477662,0.4572606,-7.412047,5.27983,5.251169,-2.9817,7720
12.9,-22.22302,5,-0.09979643,-0.5522708,-0.1381594,-7.178051,5.27983,5.246074,-3.001953,7712
12.92,-21.99561,5,-0.06829883,-0.5405537,0.304589,-6.965784,5.27983,5.250282,-2.810019,7736
12.94,-22.2511,5,-0.05929869,-0.5266985,-0.1381594,-6.829763,5.27983,5.253734,-2.73788,7736
12.96,-33.47986,5,-0.06930011,-0.5262048,-0.107625,-6.753817,5.21235,5.212885,-2.864858,7736
12.98,-15.99927,5,-0.06822017,-0.5237848,0.3809245,-7.811652,5.27983,5.235375,-2.750475,7744
13,-18.86719,5,-0.06909642,-0.5235196,-0.03128911,-6.740059,5.27983,5.246365,-2.67684,7732
13.02,-31.91016,5,-0.06129033,-0.5157717,0.1366499,-6.372246,5.21235,5.21305,-2.703298,7732
13.04,-15.52515,5,-0.05317856,-0.5044193,1.022146,-7.444885,5.27983,5.239102,-2.588646,7764
13.06,-18.69702,5,-0.05582912,-0.5003096,0.5641309,-6.487904,5.27983,5.250035,-2.555868,7740
13.08,-31.39868,5,-0.0596313,-0.4953033,0.1061156,-6.187239,5.21235,5.214314,-2.634587,7732
13.1,-14.77527,5,-0.05020387,-0.4859491,0.304589,-7.274228,5.27983,5.239602,-2.515293,7748
13.12,-17.95959,5,-0.05015548,-0.4823731,0.1213828,-6.311923,5.27983,5.250759,-2.475327,7732
13.14,-31.20825,5,-0.03469126,-0.4724112,-0.03128911,-6.074626,5.21235,5.217577,-2.518452,7728
13.16,-14.69568,5,-0.03402147,-0.4639679,0.3351234,-7.229669,5.27983,5.241848,-2.459268,7752
13.18,-29.09668,5,-0.04511226,-0.4731409,0.1824515,-6.311415,5.21235,5.210084,-2.599156,7720
13.2,-24.84229,5,-0.04141206,-0.4751837,0.1213828,-7.170021,5.21235,5.197062,-2.599845,7736
13.22,-11.5105,5,-0.03866592,-0.4759917,0.1061156,-7.289587,5.27983,5.232315,-2.482644,7732
13.24,-16.28589,5,-0.04190591,-0.469061,-0.01602192,-6.011778,5.27983,5.248706,-2.406904,7704
13.26,-29.84143,5,-0.03992185,-0.4575807,0.4267263,-5.681232,5.21235,5.215961,-2.470917,7724
13.28,-13.04065,5,-0.04903638,-0.4496039,-0.1992282,-6.771796,5.27983,5.23934,-2.409962,7724
13.3,-15.95654,5,-0.04835381,-0.44645,0.01451245,-5.795589,5.27983,5.24999,-2.350664,7712
13.32,-17.06677,5,-0.05130748,-0.4333057,0.06031401,-5.433758,5.27983,5.255265,-2.277392,7728
13.34,-17.02649,5,-0.05922632,-0.4221957,-0.07709067,-5.276808,5.27983,5.256424,-2.244569,7720
13.36,-16.57141,5,-0.06128513,-0.4125526,0.06031401,-5.158312,5.27983,5.256763,-2.192081,7716
13.38,-15.88672,5,-0.06896516,-0.405555,-0.0007547362,-5.004188,5.27983,5.256283,-2.14775,7716
13.4,-26.78296,5,-0.0728061,-0.4063387,-0.0007547362,-4.841489,5.21235,5.215743,-2.218151,7724
13.42,-9.342407,5,-0.07017007,-0.4026125,-0.01602192,-5.813158,5.27983,5.239302,-2.072962,7736
13.44,-12.19678,5,-0.07385316,-0.4009513,-0.04655629,-4.678585,5.27983,5.250693,-1.985948,7720
13.46,-24.93604,5,-0.07618792,-0.3940016,0.1213828,-4.232639,5.21235,5.216534,-2.012364,7728
13.48,-8.328857,5,-0.06861332,-0.3816232,0.01451245,-5.220147,5.27983,5.242852,-1.860728,7724
13.5,-11.35791,5,-0.07313105,-0.3756914,-0.04655629,-4.177091,5.27983,5.254265,-1.797242,7716
13.52,-24.26831,5,-0.06531379,-0.3647137,0.09084838,-3.843489,5.21235,5.220727,-1.818517,7728
13.54,-18.71338,5,-0.07967263,-0.3656125,0.02977964,-4.873449,5.21235,5.203098,-1.879082,7732
13.56,-4.789673,5,-0.06745458,-0.3639193,-0.03128911,-5.004998,5.27983,5.238025,-1.700676,7716
13.58,-20.7406,5,-0.07741646,-0.3645504,0.1213828,-3.67643,5.21235,5.213276,-1.747146,7732
13.6,-5.601074,5,-0.07230506,-0.3480578,0.06031401,-4.398863,5.27983,5.244322,-1.565033,7740
13.62,-9.196045,5,-0.07657778,-0.336965,-0.06182348,-3.329894,5.27983,5.257559,-1.498183,7724
13.64,-10.20557,5,-0.08701757,-0.3198762,0.1519171,-2.948794,5.27983,5.262594,-1.425815,7720
13.66,-9.970337,5,-0.09310788,-0.3050755,0.02977964,-2.773771,5.27983,5.264025,-1.361274,7720
13.68,-9.627686,5,-0.08480915,-0.2895589,0.07558119,-2.657609,5.27983,5.265999,-1.26339,7728
13.7,-8.964966,5,-0.09317346,-0.2790339,-0.01602192,-2.513251,5.27983,5.265851,-1.217215,7732
13.72,-19.60706,5,-0.1036812,-0.2794248,-0.2450293,-2.335872,5.21235,5.224432,-1.294947,7732
13.74,-1.38623,5,-0.1237069,-0.28101,-0.2297625,-3.194407,5.27983,5.245036,-1.17504,7728
13.76,-3.63562,5,-0.1333731,-0.2815932,-0.4435031,-1.884599,5.27983,5.255835,-1.035258,7724
13.78,-4.538452,5,-0.1379554,-0.2652418,0.09084838,-1.227327,5.27983,5.263257,-0.8599991,7724
13.8,-5.87854,5,-0.08954333,-0.2316076,1.983979,-1.043028,5.27983,5.274009,-0.622345,7740
13.82,-8.235962,5,-0.01164736,-0.1866399,2.686269,-1.316251,5.27983,5.286788,-0.4425894,7732
13.84,-21.38354,5,0.02173031,-0.1628868,1.81604,-1.870845,5.21235,5.250605,-0.6399116,7736
13.86,-5.756104,5,0.07481276,-0.1432088,2.335124,-3.718054,5.27983,5.276064,-0.631174,7736
13.88,-9.81958,5,0.09587325,-0.1404417,-0.3060985,-3.434134,5.27983,5.284878,-0.7844282,7708
13.9,-22.91333,5,0.09256402,-0.1481169,0.4725278,-3.675493,5.21235,5.243922,-1.098675,7728
13.92,-6.018066,5,0.0843209,-0.1611894,0.02977964,-5.106114,5.27983,5.261724,-1.214396,7724
13.94,-20.61218,5,0.07936867,-0.1869792,0.04504682,-4.357107,5.21235,5.227247,-1.457426,7720
13.96,-4.931641,5,0.07115828,-0.1985563,-0.03128911,-5.286222,5.27983,5.251264,-1.461501,7724
13.98,-9.202148,5,0.08758257,-0.2032518,-0.2602969,-4.375264,5.27983,5.263992,-1.461688,7724
14,-10.95386,5,0.07408879,-0.2012326,0.3503905,-4.162293,5.27983,5.267074,-1.540227,7716
14.02,-11.96851,5,0.09545292,-0.1927181,-0.09235785,-4.271842,5.27983,5.269711,-1.550228,7724
14.04,-23.81921,5,0.09448875,-0.1982528,0.1977187,-4.469264,5.21235,5.22773,-1.785027,7728
14.06,-6.514648,5,0.08759189,-0.2072719,0.02977964,-5.747329,5.27983,5.246721,-1.816346,7732
14.08,-9.45105,5,0.08489779,-0.218862,-0.1992282,-4.83642,5.27983,5.254826,-1.844241,7724
14.1,-22.53931,5,0.08756773,-0.2231339,0.07558119,-4.567593,5.21235,5.218883,-1.964385,7720
14.12,-6.102905,5,0.0869045,-0.223893,-0.04655629,-5.683398,5.27983,5.242281,-1.933341,7740
14.14,2.459839,5,0.07308759,-0.2236423,-0.4587703,-4.689077,5.34731,5.291274,-1.830087,7732
14.16,-27.49512,5,0.07724199,-0.2181546,-0.3671672,-3.233793,5.21235,5.233579,-1.974021,7728
14.18,-8.21521,5,0.1005422,-0.2017038,-0.2297625,-5.348066,5.27983,5.249814,-1.890582,7732
14.2,-10.43652,5,0.1123507,-0.2030768,-0.3213652,-4.83599,5.27983,5.25621,-1.935627,7712
14.22,-10.48962,5,0.07563373,-0.2087591,-0.3213652,-4.598433,5.27983,5.253765,-2.033278,7732
14.24,-33.69702,5,0.09243731,-0.2197961,-0.550373,-4.553196,5.144871,5.174267,-2.238365,7728
14.26,-11.2782,5,0.09152889,-0.2349067,0.07558119,-6.835458,5.21235,5.178514,-2.261898,7732
14.28,-11.9342,5,0.07580638,-0.2636439,-0.550373,-6.025778,5.21235,5.179238,-2.322987,7736
14.3,-12.10913,5,0.05194677,-0.2774522,-0.4893047,-5.4784,5.21235,5.179637,-2.305911,7744
14.32,-1.070801,5,0.0631066,-0.2671806,-0.06182348,-5.146883,5.27983,5.224171,-2.072344,7736
14.34,-18.48901,5,0.06457913,-0.2553258,-0.1228922,-3.843359,5.21235,5.204243,-2.10417,7768
14.36,-3.358276,5,0.0520705,-0.2375893,0.5335966,-4.670888,5.27983,5.233364,-2.004736,7760
14.38,-9.162476,5,0.1467597,-0.2000566,3.770239,-4.008091,5.27983,5.257893,-1.740257,7724
14.4,-22.47534,5,0.1116211,-0.1898248,-1.603809,-4.062423,5.21235,5.219242,-2.050964,7732
14.42,-6.028809,5,0.1423316,-0.1772313,0.02977964,-5.518825,5.27983,5.243518,-1.967071,7756
14.44,-8.802002,5,0.1252249,-0.1823116,-0.2908313,-4.761962,5.27983,5.250067,-2.061479,7736
14.46,-9.430908,5,0.1098882,-0.1812637,-0.2755641,-4.490754,5.27983,5.251184,-2.075225,7740
14.48,-9.615356,5,0.116968,-0.1749155,-0.1381594,-4.397843,5.27983,5.252732,-2.038702,7760
14.5,-9.286133,5,0.1057816,-0.1724235,-0.107625,-4.315477,5.27983,5.251563,-2.059801,7756
14.52,-9.158203,5,0.1161277,-0.1660013,-0.06182348,-4.260884,5.27983,5.252506,-2.012308,7744
14.54,-9.486694,5,0.1351368,-0.1554124,0.01451245,-4.274559,5.27983,5.255031,-1.966333,7756
14.56,-9.889526,5,0.1493225,-0.1450734,0.3656577,-4.363535,5.27983,5.256711,-1.964219,7752
14.58,-9.946045,5,0.1522482,-0.1392224,0.4267263,-4.471931,5.27983,5.256172,-2.004174,7740
14.6,-9.780273,5,0.1544905,-0.1363514,0.3198562,-4.55601,5.27983,5.254955,-2.038121,7744
14.62,-10.13611,5,0.1784973,-0.1288587,0.3198562,-4.675606,5.27983,5.256608,-2.019264,7736
14.64,-10.20654,5,0.1763413,-0.1268246,0.1213828,-4.783155,5.27983,5.255341,-2.091074,7740
14.66,-9.645508,5,0.1612523,-0.1312601,-0.2755641,-4.809965,5.27983,5.251646,-2.171026,7744
14.68,-8.619629,5,0.1384884,-0.139967,-0.1686933,-4.693127,5.27983,5.247136,-2.224808,7728
14.7,-7.797363,5,0.1287443,-0.1450821,-0.4740371,-4.477902,5.27983,5.245188,-2.201826,7732
14.72,-7.395996,5,0.1269706,-0.1444168,-0.4282355,-4.244772,5.27983,5.245539,-2.147578,7752
14.74,-7.213257,5,0.1270869,-0.1396613,-0.1381594,-4.048368,5.27983,5.246654,-2.09446,7748
14.76,4.664062,5,0.1217752,-0.126559,-0.1381594,-3.854353,5.34731,5.28758,-1.922515,7752
14.78,-23.70007,5,0.1268515,-0.1206371,-0.2144953,-2.592504,5.21235,5.225955,-2.058421,7752
14.8,-2.98999,5,0.121255,-0.1128155,-0.06182348,-4.574041,5.27983,5.237506,-1.996239,7748
14.82,-4.34668,5,0.1263521,-0.1176951,0.6557342,-3.805082,5.27983,5.24336,-1.95461,7752
14.84,-4.442139,5,0.1013753,-0.1173247,-0.6725109,-3.348227,5.27983,5.244415,-1.926772,7736
14.86,-16.50085,5,0.1285819,-0.1102027,0.07558119,-3.170559,5.21235,5.209288,-1.911254,7744
14.88,0.3323975,5,0.1277832,-0.1035944,-0.1992282,-4.239091,5.27983,5.233452,-1.826582,7748
14.9,-2.946289,5,0.1359121,-0.09904049,-0.2602969,-3.270791,5.27983,5.245452,-1.758821,7744
14.92,-4.448242,5,0.1398565,-0.0837218,0.3961921,-2.974818,5.27983,5.251705,-1.694293,7740
14.94,-4.790894,5,0.140257,-0.07046084,0.3503905,-2.929892,5.27983,5.253553,-1.679219,7724
14.96,-5.32373,5,0.17081,-0.05275185,0.3961921,-3.035774,5.27983,5.257326,-1.606216,7736
14.98,-5.009521,5,0.1565541,-0.04716937,-0.1381594,-3.109217,5.27983,5.255176,-1.678682,7740
15,-3.56604,5,0.1215815,-0.05350463,-0.2908313,-3.005197,5.27983,5.249118,-1.750028,7740
15.02,-1.918091,5,0.0951984,-0.06111025,-0.519839,-2.698222,5.27983,5.244762,-1.724751,7716
15.04,-0.9449463,5,0.08946713,-0.06055035,-0.5656406,-2.305854,5.27983,5.244949,-1.609245,7716
15.06,-0.2806396,5,0.07932419,-0.05539456,-0.5351062,-1.909817,5.27983,5.246057,-1.507126,7720
15.08,0.2249756,5,0.07602521,-0.04556419,-0.4435031,-1.56521,5.27983,5.248054,-1.388158,7716
15.1,0.6020508,5,0.0774712,-0.03232663,-0.3060985,-1.286378,5.27983,5.250559,-1.268673,7732
15.12,0.8167725,5,0.08496924,-0.01636219,-0.0007547362,-1.084461,5.27983,5.253533,-1.151554,7724
15.14,-10.52185,5,0.09035417,-0.008532302,-0.1686933,-0.9680219,5.21235,5.215208,-1.198754,7748
15.16,6.842651,5,0.0924269,-0.0005030837,-0.1992282,-2.01238,5.27983,5.238789,-1.068347,7752
15.18,3.735107,5,0.1032063,0.006808763,-0.07709067,-0.9821333,5.27983,5.251511,-0.9590522,7736
15.2,-9.116943,5,0.101398,0.01565417,0.2435202,-0.6325347,5.21235,5.217089,-1.015277,7752
15.22,7.554321,5,0.1077186,0.02731214,-0.1381594,-1.691083,5.27983,5.24248,-0.8909304,7732
15.24,4.42334,5,0.1100202,0.03361285,0.06031401,-0.7119713,5.27983,5.254069,-0.8297206,7736
15.26,3.332031,5,0.1044983,0.04793721,-0.0007547362,-0.3609405,5.27983,5.259082,-0.7666121,7736
15.28,3.386475,5,0.09944032,0.06052049,-0.2755641,-0.218585,5.27983,5.260391,-0.7261967,7744
15.3,3.639282,5,0.1063673,0.07340097,-0.107625,-0.1385812,5.27983,5.261793,-0.6578675,7724
15.32,-7.283447,5,0.09654853,0.07313441,-0.1686933,-0.04832779,5.21235,5.220335,-0.7742845,7744
15.34,10.13196,5,0.1046175,0.07758407,-0.1381594,-1.089088,5.27983,5.243745,-0.6335043,7744
15.36,7.096191,5,0.1077609,0.08046016,-0.04655629,-0.02619307,5.27983,5.255507,-0.5541203,7736
15.38,5.539551,5,0.1166817,0.09784113,0.09084838,0.3405288,5.27983,5.262934,-0.4505915,7748
15.4,4.767456,5,0.1317164,0.1175149,0.4114593,0.3775657,5.27983,5.267319,-0.3916652,7748
15.42,4.731689,5,0.1343222,0.131115,0.02977964,0.3182563,5.27983,5.267949,-0.3934728,7728
15.44,4.907349,5,0.1433295,0.1419059,-0.07709067,0.2477357,5.27983,5.268178,-0.3775287,7744
15.46,5.39624,5,0.1382909,0.1469951,-0.04655629,0.2384011,5.27983,5.266645,-0.3961235,7756
15.48,-5.710083,5,0.1399972,0.1436081,0.04504682,0.2529317,5.21235,5.225286,-0.5170661,7748
15.5,0.02575684,5,0.143148,0.1351448,-0.0007547362,-0.8665555,5.21235,5.206924,-0.5716203,7760
15.52,14.03088,5,0.1415091,0.1266006,0.02977964,-0.9941459,5.27983,5.239512,-0.475814,7760
15.54,9.684204,5,0.1283693,0.126374,-0.0007547362,0.379568,5.27983,5.254166,-0.414572,7736
15.56,-3.810059,5,0.1321777,0.135658,1.235887,0.8105114,5.21235,5.221826,-0.4511659,7744
15.58,10.37988,5,0.223074,0.17119,4.396194,-0.5470804,5.27983,5.258545,-0.1715504,7744
15.6,6.201782,5,0.2104743,0.1809535,-1.038923,0.03170323,5.27983,5.268525,-0.3278152,7724
15.62,16.38,5,0.2153357,0.2008662,0.2282531,-0.0001609176,5.34731,5.31165,-0.2375769,7736
15.64,-0.5614014,5,0.2077905,0.2101311,1.648101,1.006455,5.27983,5.287052,-0.3894539,7744
15.66,2.923218,5,0.2171596,0.2202714,0.8084057,-0.06933032,5.27983,5.275188,-0.4409707,7736
15.68,14.66443,5,0.2848646,0.2411175,2.961078,-0.6303982,5.34731,5.316926,-0.2564317,7744
15.7,-2.310181,5,0.2780147,0.2443044,0.04504682,0.1803945,5.27983,5.290531,-0.5016157,7728
15.72,0.552002,5,0.3067134,0.2524554,0.8542075,-1.096231,5.27983,5.279338,-0.586736,7736
15.74,1.354614,5,0.3322348,0.2483448,0.1366499,-1.737774,5.27983,5.273743,-0.7279835,7732
15.76,-10.45593,5,0.3529767,0.2341303,0.1671843,-2.17932,5.21235,5.230285,-1.000973,7740
15.78,-4.973755,5,0.3429563,0.2064739,0.2587874,-3.632805,5.21235,5.206473,-1.28053,7732
15.8,8.92395,5,0.3367332,0.1782036,-0.1228922,-3.996958,5.27983,5.23454,-1.342134,7736
15.82,3.940796,5,0.3366176,0.1643703,-0.1992282,-2.840055,5.27983,5.247962,-1.377903,7728
15.84,1.620361,5,0.3304287,0.1652834,-0.1534266,-2.562898,5.27983,5.252933,-1.437305,7732
15.86,12.00964,5,0.3431453,0.1788238,-0.5809073,-2.63397,5.34731,5.295679,-1.349934,7728
15.88,-16.48389,5,0.3263396,0.1728252,-0.4435031,-1.627348,5.21235,5.229179,-1.684987,7732
15.9,-7.43689,5,0.3277861,0.16258,-0.4587703,-3.843135,5.21235,5.197702,-1.838872,7736
15.92,8.143188,5,0.3265112,0.1398606,-0.9320526,-4.362415,5.27983,5.222998,-1.844578,7732
15.94,-6.470581,5,0.2804309,0.1089295,-1.038923,-3.00418,5.21235,5.189658,-2.044934,7724
15.96,-2.343628,5,0.2762022,0.09689586,-0.09235785,-3.568671,5.21235,5.17724,-2.016358,7740
15.98,10.10388,5,0.3018903,0.1001201,-0.1381594,-3.585448,5.27983,5.21713,-1.816378,7732
16,-6.455322,5,0.2827034,0.09773669,-0.2297625,-2.300899,5.21235,5.19233,-1.936988,7740
16.02,54.41675,-5,0.2942455,0.1133905,-0.04655629,-3.137091,5.27983,5.223421,-1.780973,7756
16.04,53.81506,-5,0.3055296,0.1760371,0.2587874,2.468412,5.27983,5.238681,-1.593845,7720
16.06,46.35138,-5,0.287764,0.2971696,2.167185,6.199298,5.21235,5.200717,-1.466799,7728
16.08,62.151,-5,0.6371071,0.5429316,17.4649,6.816328,5.27983,5.262311,-0.3685317,7708
16.1,56.67822,-5,0.8973179,0.8046244,13.93818,7.998758,5.27983,5.299183,-0.09905523,7712
16.12,41.29175,-5,1.219959,1.075653,13.63284,7.165054,5.21235,5.283997,-0.1233042,7736
16.14,57.09058,-5,1.485579,1.315295,15.31223,4.238553,5.27983,5.311594,-0.4449125,7756
16.16,55.36749,-5,1.696996,1.504598,8.518332,3.229457,5.27983,5.31064,-1.077706,7736
16.18,61.01526,-5,1.717578,1.622863,2.762605,2.359712,5.27983,5.276154,-2.102931,7744
16.2,125.522,-5,1.837129,1.772988,5.00688,2.118893,5.61723,5.452829,-1.926084,7736
16.22,92.95557,-5,1.929892,1.93987,4.319858,8.172256,5.54975,5.481128,-2.163892,7720
16.24,94.1405,-5,2.001952,2.136858,5.663369,8.684239,5.54975,5.479178,-2.408664,7700
16.26,99.77457,-5,2.563279,2.445002,28.71681,7.31896,5.61723,5.563998,-1.588521,7700
16.28,89.53394,-5,2.850518,2.710631,14.10612,6.055469,5.61723,5.592233,-2.227299,7724
16.3,112.4449,-5,2.991279,2.913635,8.350393,3.798305,5.752191,5.654577,-3.081401,7700
16.32,84.27966,-5,3.083491,3.043792,6.045049,4.293837,5.61723,5.571977,-4.301238,7704
16.34,-72.38678,-5,3.059469,2.995604,-0.6267089,1.519984,4.60503,4.889741,-7.513172,7700
16.36,251.4218,-5,3.181554,3.018147,6.121385,-15.98464,5.95463,5.388635,-6.392348,7748
16.38,12.46977,-5,3.092617,2.893652,-4.718313,5.094467,4.94243,4.985003,-8.480311,7676
16.4,63.84738,-5,2.828086,2.864155,-28.93206,-4.204446,4.87495,4.731438,-9.583567,7748
16.42,110.7506,-5,2.9562,2.818222,18.13666,-5.500486,4.94243,4.674656,-9.443539,7748
16.44,120.8504,-5,2.966369,2.825408,-6.641978,-1.607038,4.94243,4.657121,-9.281332,7760
16.46,209.4573,-5,2.466936,2.81886,-9.802284,3.881413,5.34731,4.83336,-9.172817,7736
16.48,173.7195,-5,2.71449,3.04093,17.09849,15.65561,5.27983,4.927682,-7.02693,7704
16.5,171.5678,-5,2.750699,3.350013,7.999248,19.77911,5.27983,4.974919,-5.977352,7716
16.52,-75.50198,-5,3.675567,3.719195,50.35041,18.73387,3.93023,4.287336,-6.163065,7732
16.54,258.0928,-5,4.320825,4.113006,29.3275,-8.477705,5.34731,4.854656,-4.561145,7812
16.56,146.9918,-5,5.009926,4.40354,32.24353,4.8705,5.21235,5.054297,-4.783853,7724
16.58,187.0446,-5,4.804429,4.665245,-14.27557,3.283104,5.54975,5.256269,-6.465557,7716
16.6,25.77414,-5,4.832887,4.752575,15.63284,5.902582,4.73999,4.809211,-9.30611,7712
16.62,-117.0546,-5,5.2865,4.722923,13.20536,-10.57877,3.592831,3.93552,-12.64134,7788
16.64,60.78036,-5,5.254181,4.407144,1.663368,-35.6104,3.93023,3.694314,-15.65688,7828
16.66,147.1164,-5,5.056317,3.980537,-11.66488,-33.39216,4.267631,3.756669,-17.20145,7808
16.68,206.4144,-5,4.218267,3.618593,-49.90917,-20.26537,4.60503,3.907437,-18.26831,7788
16.7,93.14432,-5,3.117633,3.251606,-49.7565,-2.109164,3.93023,3.479598,-20.05271,7780
16.72,157.1214,-5,3.438951,3.321594,9.251156,-2.53359,3.99771,3.443484,-16.6452,7836
16.74,207.0984,-5,3.869482,3.586566,25.3275,2.380475,4.267631,3.675311,-13.67898,7824
16.76,17.74133,-5,4.168728,3.849592,11.38856,9.377164,3.32291,3.247127,-13.93145,7780
16.78,53.75995,-5,4.172616,3.969417,13.34276,-5.124289,3.12047,2.907346,-15.06252,7856
16.8,172.9031,-5,4.803688,4.119419,31.11376,-12.94931,3.592831,3.103713,-13.45409,7884
16.82,225.0834,-5,4.589894,4.189137,-11.81755,-5.180379,3.99771,3.388331,-13.56832,7820
16.84,35.09363,-5,3.865172,4.072065,-36.15343,7.330034,2.985511,2.811973,-16.38878,7804
16.86,172.4399,-5,4.056724,4.151699,11.83131,-4.031439,3.32291,2.80411,-14.59276,7880
16.88,216.324,-5,4.483307,4.317355,24.70154,1.063592,3.592831,3.028731,-12.47289,7848
16.9,250.5844,-5,4.48736,4.578757,-6.367169,9.017962,3.93023,3.329841,-11.1695,7824
16.92,50.44928,-5,4.317655,4.728116,2.167185,17.98369,2.918031,2.822073,-12.72734,7812
16.94,129.5893,-5,4.814484,4.966258,21.69391,2.125209,2.985511,2.68718,-11.76897,7892
16.96,189.7128,-5,5.348023,5.148009,36.2588,-1.99733,3.25543,2.82985,-11.00792,7864
16.98,63.18518,-5,5.647759,5.264826,8.5336,0.1309111,2.64811,2.536611,-12.42626,7852
17,166.1659,-5,5.580571,5.299137,-1.725946,-10.86025,2.985511,2.5612,-13.66196,7888
17.02,-14.56738,-5,5.3161,5.050315,-14.94733,-7.205529,1.90583,1.866701,-17.27966,7876
17.04,206.7586,-5,4.789401,4.75871,-15.72595,-20.9664,2.58063,1.899826,-18.06198,7948
17.06,86.31628,-5,4.65506,4.449222,-13.95496,-7.468989,1.90583,1.530474,-18.62795,7904
17.08,267.8775,-5,3.963972,4.261214,-34.9626,-8.080123,2.58063,1.727467,-17.79648,7932
17.1,123.0009,-5,4.601615,4.398458,20.85421,7.518435,1.97331,1.588793,-15.02684,7876
17.12,26.55103,-5,4.93342,4.622457,16.5794,1.872055,1.298511,1.168807,-15.23994,7920
17.14,140.6442,-5,5.343921,4.780511,20.04505,-12.79317,1.63591,1.205807,-14.94091,7952
17.16,96.86475,-5,4.752157,4.564755,-23.32901,-9.043146,1.298511,0.9160153,-17.814,7912
17.18,22.62048,-5,4.180711,4.220134,-17.13053,-9.288744,0.5562305,0.2878665,-20.04066,7952
17.2,-5.508057,-5,4.068056,3.860207,-4.977856,-16.75316,-0.1185694,-0.3672514,-20.89575,8048
17.22,44.86951,-5,3.698681,3.400587,-25.78702,-23.30812,-0.3884897,-0.8213256,-21.77318,8048
17.24,237.8057,-5,2.905331,2.943776,-43.92443,-19.55449,0.2863102,-0.6521243,-20.71515,8052
17.26,173.9312,-5,2.100456,2.619532,-37.08474,5.060893,-0.05108929,-0.7812914,-19.19448,8000
17.28,59.73291,-5,2.463297,2.761029,15.12902,13.4485,-0.7933693,-1.134975,-15.5276,8036
17.3,56.61157,-5,3.216801,3.090144,29.38857,4.913403,-1.06329,-1.323133,-12.73397,8072
17.32,132.9285,-5,3.564239,3.322176,17.61757,-2.031043,-0.7933693,-1.21488,-11.54963,8092
17.34,79.0343,-5,3.135584,3.28093,-8.351902,2.464034,-1.13077,-1.43934,-13.01424,8072
17.36,-2.905273,-5,3.178746,3.227132,0.2435202,-0.3559065,-1.805569,-1.923687,-13.44278,8112
17.38,189.7285,-5,3.35406,3.246212,5.083216,-10.751,-1.06329,-1.658002,-11.59908,8136
17.4,57.57996,-5,3.108716,3.126728,-9.206864,2.465987,-1.670609,-1.922348,-12.48833,8092
17.42,196.9484,-5,2.744743,3.114315,-13.29847,-0.6772897,-1.13077,-1.737684,-11.33745,8132
17.44,48.00781,-5,3.232327,3.237687,24.73208,9.459825,-1.805569,-1.968434,-9.893236,8096
17.46,-8.790894,-5,3.328716,3.319279,-1.084725,0.6295144,-2.345409,-2.386454,-10.80544,8156
17.48,-60.52832,-5,3.705748,3.248503,22.4878,-12.39632,-2.95273,-2.906172,-12.17772,8184
17.5,54.53003,-5,3.739333,3.029167,-2.641977,-26.21764,-2.68281,-2.986517,-13.26941,8196
17.52,171.5442,-5,3.38574,2.757195,-31.26794,-22.31657,-2.075489,-2.695478,-13.42572,8184
17.54,-120.1508,-5,2.55023,2.315228,-46.33664,-5.695038,-3.627529,-3.572042,-17.13877,8164
17.56,125.3538,-5,1.530196,1.862547,-56.88627,-20.44287,-3.02021,-3.677068,-17.40857,8252
17.58,17.98816,-5,1.635069,1.533189,24.12139,-5.941656,-3.695009,-4.025911,-15.5032,8240
17.6,115.9309,-5,1.90458,1.583299,14.82368,-7.949194,-3.357609,-3.869054,-12.07347,8236
17.62,-10.29297,-5,1.672355,1.529866,-11.52748,1.192175,-4.03241,-4.205801,-12.42661,8252
17.64,2.633911,-5,1.327673,1.420597,-20.19923,-4.394288,-4.30233,-4.535232,-12.6109,8316
17.66,79.02979,-5,1.59762,1.402794,19.58704,-7.555851,-4.09989,-4.489027,-10.37915,8336
17.68,-89.5697,-5,2.179187,1.471819,20.3504,-4.199939,-4.977129,-4.894951,-9.79197,8304
17.7,85.03955,-5,2.156914,1.512847,-3.985489,-18.65966,-4.30233,-4.684802,-9.457927,8340
17.72,-50.91663,-5,1.823389,1.295969,-16.82519,-9.697242,-4.977129,-5.044019,-11.47934,8316
17.74,70.8125,-5,1.573652,1.16794,-13.11526,-16.5011,-4.572248,-4.97031,-10.9059,8368
17.76,-59.69434,-5,1.249412,0.9140676,-19.81755,-7.867263,-5.314529,-5.396643,-12.04863,8336
17.78,65.729,-5,0.8036963,0.7071729,-23.71069,-13.67912,-4.977129,-5.401046,-11.42081,8364
17.8,-91.47876,-5,0.6108799,0.440519,-5.084725,-4.519062,-5.92185,-5.944527,-11.82633,8348
17.82,199.3607,-5,0.712444,0.4792352,5.49543,-14.16823,-4.639729,-5.351955,-7.851732,8376
17.84,-33.28613,-5,0.8640848,0.531129,6.029782,8.00008,-5.51697,-5.560582,-7.099752,8304
17.86,14.55469,-5,0.7463792,0.6818969,-6.641978,-0.4021289,-5.44949,-5.615664,-6.476177,8344
17.88,9.215332,-5,1.052822,0.7814832,14.41146,-2.142384,-5.51697,-5.642496,-5.542938,8368
17.9,3.383301,-5,1.105193,0.8253503,1.556498,-4.016924,-5.58445,-5.691424,-5.502567,8384
17.92,14.45654,-5,0.993641,0.7934958,-5.161061,-5.456,-5.58445,-5.72977,-5.749251,8372
17.94,28.87964,-5,1.087115,0.7976562,2.945811,-5.574378,-5.51697,-5.686568,-5.12514,8368
17.96,22.7135,-5,1.102537,0.8134118,1.022146,-4.249476,-5.51697,-5.660942,-4.88606,8372
17.98,7.792603,-5,1.111377,0.8310648,2.02978,-4.053748,-5.58445,-5.687936,-4.875879,8368
18,11.03076,-5,1.147138,0.8432726,1.235887,-5.551859,-5.58445,-5.696743,-4.83567,8384
18.02,13.23828,-5,1.107099,0.82047,-1.130526,-6.080241,-5.58445,-5.707743,-5.013406,8372
18.04,14.37061,-5,1.092469,0.7955983,-0.1992282,-6.160388,-5.58445,-5.712269,-5.009783,8372
18.06,25.90491,-5,1.086829,0.785197,-0.0007547362,-6.058923,-5.51697,-5.671101,-4.822697,8364
18.08,8.103271,-5,1.089057,0.7800578,0.7778715,-4.865319,-5.58445,-5.690271,-4.828592,8380
18.1,10.0072,-5,1.106676,0.7840077,0.4572606,-5.937748,-5.58445,-5.695923,-4.798466,8368
18.12,21.4718,-5,1.130808,0.7862362,0.5946653,-6.513812,-5.51697,-5.655951,-4.691007,8392
18.14,4.292236,-5,1.115055,0.7737461,-0.8099151,-5.715281,-5.58445,-5.681564,-4.87961,8380
18.16,7.725586,-5,1.092364,0.756444,-0.04655629,-6.850921,-5.58445,-5.696245,-5.004976,8380
18.18,-2.799805,-5,1.100342,0.7253309,0.09084838,-7.311037,-5.65193,-5.741793,-5.181072,8388
18.2,2.393799,-5,1.096283,0.6889378,-0.107625,-8.66975,-5.65193,-5.761585,-5.310354,8388
18.22,2.714966,-5,1.134032,0.6595075,-0.1228922,-9.178378,-5.65193,-5.763944,-5.324811,8388
18.24,13.22253,-5,1.128392,0.6377023,-0.8557167,-9.448049,-5.58445,-5.724809,-5.335808,8396
18.26,18.2417,-5,1.119907,0.6305688,-0.4740371,-8.52264,-5.51697,-5.667555,-5.264421,8384
18.28,-2.264648,-5,1.126217,0.633498,0.2893218,-7.462058,-5.58445,-5.682018,-5.375751,8404
18.3,-0.9207764,-5,1.132118,0.6341234,-0.07709067,-8.859157,-5.58445,-5.690581,-5.515275,8400
18.32,11.37598,-5,1.124025,0.61957,0.2587874,-9.599694,-5.51697,-5.657974,-5.580736,8404
18.34,-17.29419,-5,1.124197,0.5909233,-0.7183124,-8.907185,-5.65193,-5.72494,-5.899681,8384
18.36,2.665283,-5,1.10846,0.5628724,-1.481671,-11.27314,-5.58445,-5.716973,-6.003752,8400
18.38,0.1881104,-5,1.10833,0.52494,0.2282531,-10.82806,-5.58445,-5.712861,-6.09864,8420
18.4,-13.28528,-5,1.098419,0.4922165,-0.8557167,-10.78645,-5.65193,-5.750944,-6.302062,8396
18.42,2.736206,-5,1.07477,0.4615168,-1.954954,-12.02206,-5.58445,-5.729833,-6.358088,8412
18.44,-1.042725,-5,1.054321,0.4291043,-1.038923,-11.15989,-5.58445,-5.72119,-6.418295,8392
18.46,-3.891602,-5,1.069192,0.4198988,0.5946653,-11.0315,-5.58445,-5.712805,-6.365106,8376
18.48,-5.455688,-5,1.054224,0.407466,-0.4893047,-11.19107,-5.58445,-5.711224,-6.461501,8392
18.5,-6.708252,-5,1.063151,0.3967637,0.2282531,-11.49147,-5.58445,-5.70955,-6.500175,8368
18.52,-6.989136,-5,1.03259,0.3744366,-0.3671672,-11.71969,-5.58445,-5.713233,-6.646795,8380
18.54,-7.229126,-5,1.023158,0.3527287,-0.9320526,-11.87336,-5.58445,-5.714971,-6.692857,8372
18.56,-7.94873,-5,1.023235,0.335107,-1.191595,-12.00589,-5.58445,-5.714277,-6.711708,8384
18.58,-8.331909,-5,0.999311,0.3132846,-1.466404,-12.09154,-5.58445,-5.716094,-6.794982,8372
18.6,-8.355957,-5,0.9740206,0.2896173,-1.634343,-12.10707,-5.58445,-5.718474,-6.848184,8372
18.62,-20.92261,-5,0.991944,0.2701912,0.5488637,-12.21137,-5.65193,-5.755477,-6.918745,8376
18.64,-16.60754,-5,0.9886332,0.244775,-0.1534266,-13.54317,-5.65193,-5.771926,-7.031281,8384
18.66,-26.86658,-5,0.981437,0.2017984,-1.069457,-13.99439,-5.71941,-5.820006,-7.273893,8360
18.68,3.346558,-5,0.9010819,0.1529,-4.19923,-15.0126,-5.58445,-5.768551,-7.285903,8236
18.7,7.66394,-5,0.8452382,0.1216049,-2.580908,-12.42802,-5.51697,-5.705486,-7.055958,8352
18.72,-11.65039,-5,0.777059,0.1134721,-2.51984,-10.08574,-5.58445,-5.719031,-6.985732,8372
18.74,-9.916748,-5,0.7912711,0.1311625,0.9152762,-10.53613,-5.58445,-5.718221,-6.715875,8368
18.76,-9.534668,-5,0.7972872,0.1393842,-0.5045714,-10.67633,-5.58445,-5.715535,-6.586632,8360
18.78,-9.474976,-5,0.7917252,0.14133,0.1519171,-10.71099,-5.58445,-5.713454,-6.493337,8368
18.8,-9.480713,-5,0.7841783,0.139856,-0.3977011,-10.7027,-5.58445,-5.711544,-6.406487,8384
18.82,-9.705444,-5,0.7816746,0.1380558,0.1213828,-10.69035,-5.58445,-5.70888,-6.313108,8380
18.84,1.336304,-5,0.7843595,0.1451283,-0.06182348,-10.69038,-5.51697,-5.664828,-6.087688,8384
18.86,-17.11011,-5,0.8174182,0.1579785,-0.183961,-9.716025,-5.58445,-5.680027,-6.023769,8380
18.88,-14.85303,-5,0.8152583,0.1641662,-0.4740371,-10.93033,-5.58445,-5.688463,-6.079558,8380
18.9,-13.94629,-5,0.8192778,0.1528577,-0.1992282,-11.52047,-5.58445,-5.693155,-6.142007,8380
18.92,-13.22791,-5,0.7905182,0.1288959,-0.8862511,-11.72594,-5.58445,-5.698592,-6.241962,8384
18.94,-11.93213,-5,0.7343993,0.09493991,-1.909152,-11.60369,-5.58445,-5.705896,-6.334702,8384
18.96,-22.01855,-5,0.6801549,0.05292187,-1.710679,-11.23703,-5.65193,-5.751983,-6.465167,8380
18.98,-4.972656,-5,0.6796581,0.03214404,0.09084838,-11.98795,-5.58445,-5.726053,-6.215611,8388
19,-8.906494,-5,0.6706706,0.01833223,-0.3060985,-10.73545,-5.58445,-5.71067,-6.067372,8388
19.02,-11.08508,-5,0.6582683,0.0200554,-0.7030448,-10.26697,-5.58445,-5.70148,-5.934579,8396
19.04,-12.31067,-5,0.6579273,0.02547556,0.09084838,-10.17796,-5.58445,-5.695477,-5.828709,8408
19.06,-13.20056,-5,0.6634026,0.03016667,0.1213828,-10.26291,-5.58445,-5.691064,-5.748367,8404
19.08,-13.46179,-5,0.6490247,0.02658156,0.01451245,-10.36206,-5.58445,-5.690373,-5.739917,8420
19.1,-13.72595,-5,0.6478101,0.02175519,-0.1381594,-10.45205,-5.58445,-5.688889,-5.688461,8408
19.12,-14.02893,-5,0.6408235,0.0145434,-0.03128911,-10.51725,-5.58445,-5.687758,-5.660737,8400
19.14,-14.7417,-5,0.6489618,0.01023255,-0.07709067,-10.6217,-5.58445,-5.684769,-5.603309,8388
19.16,-15.64441,-5,0.6539354,0.005748779,0.01451245,-10.78337,-5.58445,-5.68207,-5.584882,8392
19.18,-16.5675,-5,0.6586006,-6.109476e-05,-0.03128911,-11.00155,-5.58445,-5.680023,-5.589813,8404
19.2,-17.53052,-5,0.664952,-0.007210702,0.02977964,-11.26541,-5.58445,-5.678312,-5.609791,8392
19.22,-18.30029,-5,0.6618719,-0.01863325,-0.07709067,-11.53207,-5.58445,-5.678193,-5.668058,8404
19.24,-18.83765,-5,0.6537209,-0.03405343,-0.4129688,-11.7642,-5.58445,-5.67914,-5.734757,8396
19.26,-19.17603,-5,0.6401806,-0.05276765,-0.9167854,-11.93189,-5.58445,-5.680746,-5.801462,8396
19.28,-19.71545,-5,0.6363458,-0.06974259,0.1213828,-12.0698,-5.58445,-5.680829,-5.829659,8388
19.3,-20.4469,-5,0.6329578,-0.08529416,0.06031401,-12.20995,-5.58445,-5.680308,-5.861858,8384
19.32,-9.904785,-5,0.6384771,-0.08980015,0.02977964,-12.37606,-5.51697,-5.638006,-5.744839,8380
19.34,-27.89026,-5,0.6371276,-0.09748721,-0.03128911,-11.44922,-5.58445,-5.659585,-5.862916,8388
19.36,-25.51135,-5,0.6379762,-0.104238,-0.1992282,-12.66151,-5.58445,-5.669858,-5.947029,8376
19.38,-24.77539,-5,0.6391562,-0.1249047,-0.6114421,-13.23097,-5.58445,-5.67543,-6.056573,8380
19.4,-24.052,-5,0.5997677,-0.1579991,-2.382435,-13.40608,-5.58445,-5.68262,-6.215858,8368
19.42,-22.05432,-5,0.5129575,-0.2059722,-4.474039,-13.16055,-5.58445,-5.694324,-6.389487,8372
19.44,-30.97656,-5,0.4253605,-0.2635084,-4.351902,-12.52869,-5.65193,-5.744983,-6.548146,8368
19.46,-12.42151,-5,0.3833051,-0.300214,-2.855718,-12.84484,-5.58445,-5.723522,-6.287642,8376
19.48,-26.2041,-5,0.3304978,-0.3356177,-1.909152,-11.02676,-5.65193,-5.752285,-6.207612,8352
19.5,2.760498,-5,0.243871,-0.3494489,-3.603809,-10.87172,-5.51697,-5.686204,-5.812327,8368
19.52,-16.35559,-5,0.1962897,-0.3536801,-1.573274,-7.705134,-5.58445,-5.693303,-5.512536,8364
19.54,-15.19751,-5,0.2250056,-0.3161827,1.266421,-7.635019,-5.58445,-5.684001,-4.999531,8352
19.56,-27.77759,-5,0.2781528,-0.2822596,2.30459,-7.66931,-5.65193,-5.710842,-4.768201,8364
19.58,-23.15881,-5,0.2887169,-0.2669691,-0.6572433,-8.992529,-5.65193,-5.721852,-4.690672,8372
19.6,-21.12195,-5,0.2877257,-0.2722785,-0.07709067,-9.394148,-5.65193,-5.726542,-4.643141,8368
19.62,-20.71472,-5,0.2929547,-0.2784184,-1.145793,-9.472168,-5.65193,-5.725636,-4.543581,8376
19.64,-9.623535,-5,0.297597,-0.2744209,0.1366499,-9.475262,-5.58445,-5.681864,-4.323924,8372
19.66,-27.47754,-5,0.3038974,-0.2709935,0.04504682,-8.407743,-5.65193,-5.700536,-4.326139,8372
19.68,-24.81482,-5,0.2986178,-0.2695888,0.3809245,-9.489938,-5.65193,-5.709618,-4.347215,8384
19.7,-35.43921,-5,0.3036853,-0.2891516,0.1366499,-9.980224,-5.71941,-5.753936,-4.505529,8372
19.72,-18.08813,-5,0.2865223,-0.3139487,-0.7183124,-11.29688,-5.65193,-5.734582,-4.492907,8376
19.74,-9.786011,-5,0.2705571,-0.3327982,-1.512206,-10.34101,-5.58445,-5.684649,-4.341902,8388
19.76,-16.10815,-5,0.2175535,-0.3413543,-2.62671,-8.698839,-5.58445,-5.665486,-4.292966,8388
19.78,-17.89856,-5,0.1763956,-0.3404456,-1.527473,-8.115959,-5.58445,-5.65887,-4.202834,8400
19.8,-19.35645,-5,0.2065914,-0.324603,1.800773,-8.013843,-5.58445,-5.64914,-3.972239,8392
19.82,-20.51758,-5,0.2146996,-0.3124448,-0.107625,-8.121319,-5.58445,-5.643315,-3.889911,8396
19.84,-20.97534,-5,0.2092393,-0.30925,-0.1992282,-8.292029,-5.58445,-5.641594,-3.868931,8384
19.86,-21.33594,-5,0.2130294,-0.3095314,0.1061156,-8.465492,-5.58445,-5.639857,-3.825743,8376
19.88,-21.62341,-5,0.2080321,-0.3145693,0.5335966,-8.601964,-5.58445,-5.639123,-3.815361,8372
19.9,-21.64014,-5,0.1924676,-0.3249851,0.04504682,-8.671247,-5.58445,-5.639849,-3.824771,8368
19.92,-21.70117,-5,0.1826422,-0.3359734,0.2893218,-8.688368,-5.58445,-5.63977,-3.802409,8376
19.94,-22.03308,-5,0.178631,-0.3450434,-0.2755641,-8.695347,-5.58445,-5.638404,-3.764398,8368
19.96,-22.71863,-5,0.1823645,-0.3509411,0.07558119,-8.749457,-5.58445,-5.635791,-3.720992,8380
19.98,-22.87354,-5,0.1590863,-0.3633532,-0.01602192,-8.77904,-5.58445,-5.63673,-3.758148,8388
20,-23.30737,-5,0.1627105,-0.3715073,-0.0007547362,-8.82985,-5.58445,-5.63497,-3.708237,8380
20.02,-24.18945,-5,0.1711829,-0.3763571,-0.107625,-8.939652,-5.58445,-5.631917,-3.672965,8396
20.04,-24.78247,-5,0.1612805,-0.3855692,0.304589,-9.071819,-5.58445,-5.63149,-3.707213,8372
20.06,-25.57043,-5,0.1698016,-0.3925047,-0.107625,-9.252182,-5.58445,-5.629558,-3.694471,8364
20.08,-26.44031,-5,0.1727757,-0.400571,0.06031401,-9.465765,-5.58445,-5.628172,-3.720267,8376
20.1,-27.10681,-5,0.1680016,-0.412119,-0.1381594,-9.683688,-5.58445,-5.628249,-3.774944,8380
20.12,-28.05237,-5,0.1788203,-0.4214864,0.09084838,-9.937093,-5.58445,-5.626711,-3.793499,8376
20.14,-29.07251,-5,0.183031,-0.4322355,0.06031401,-10.22027,-5.58445,-5.625839,-3.852964,8372
20.16,-30.3761,-5,0.1992016,-0.4411627,-0.2908313,-10.57167,-5.58445,-5.623946,-3.899463,8384
20.18,-31.56396,-5,0.2035064,-0.4536383,-0.5656406,-10.95721,-5.58445,-5.623781,-4.003735,8364
20.2,-32.62231,-5,0.2075933,-0.4688685,-0.1381594,-11.3533,-5.58445,-5.624369,-4.114003,8368
20.22,-33.61023,-5,0.2094151,-0.4865727,-0.3824344,-11.73598,-5.58445,-5.625428,-4.232981,8368
20.24,-34.07434,-5,0.1902174,-0.5113932,-0.5045714,-12.0316,-5.58445,-5.629179,-4.394887,8368
20.26,-45.68823,-5,0.1658467,-0.5481662,-1.527473,-12.22414,-5.65193,-5.674264,-4.664715,8376
20.28,-28.33984,-5,0.1297173,-0.5861267,-2.260297,-13.3826,-5.58445,-5.657102,-4.717414,8400
20.3,-43.11658,-5,0.1089266,-0.6284111,-1.252663,-12.35801,-5.65193,-5.689192,-4.853533,8380
20.32,-26.75635,-5,0.04232225,-0.6633155,-3.92442,-12.92852,-5.58445,-5.667646,-4.850489,8388
20.34,-28.58069,-5,-0.04170447,-0.704703,-3.237398,-11.37264,-5.58445,-5.663329,-4.855603,8392
20.36,-29.37451,-5,-0.06256124,-0.7157671,-1.298465,-10.46064,-5.58445,-5.655853,-4.598683,8356
20.38,-29.77625,-5,-0.08539107,-0.7162981,-0.8404495,-9.860285,-5.58445,-5.649793,-4.404247,8356
20.4,-31.00378,-5,-0.05670606,-0.7,0.6099325,-9.59986,-5.58445,-5.639164,-4.124676,8360
20.42,-43.54443,-5,-0.05477463,-0.6943841,-0.3977011,-9.582503,-5.65193,-5.673431,-4.142555,8380
20.44,-38.76062,-5,-0.04779705,-0.6979111,0.3656577,-10.8597,-5.65193,-5.687387,-4.120036,8372
20.46,-37.00183,-5,-0.04850674,-0.714889,-0.2297625,-11.21855,-5.65193,-5.692728,-4.117764,8368
20.48,-36.85303,-5,-0.04889482,-0.7301666,-1.130526,-11.28012,-5.65193,-5.692878,-4.080658,8400
20.5,-36.24561,-5,-0.09627117,-0.7545671,-2.214496,-11.14917,-5.65193,-5.696963,-4.147154,8388
20.52,-35.69153,-5,-0.1221158,-0.7752342,-1.451137,-10.91683,-5.65193,-5.69836,-4.094945,8380
20.54,-34.96826,-5,-0.1631648,-0.7961715,-2.03129,-10.57055,-5.65193,-5.700137,-4.054028,8368
20.56,138.0246,-5,-0.1512812,-0.6816245,0.8389403,-9.932103,-4.639729,-5.085107,-1.795364,8360
20.58,-128.8732,-5,-0.1743085,-0.6090747,-0.4587703,7.61814,-5.71941,-5.457413,-2.776725,8300
20.6,116.6292,-5,0.05955417,-0.3153442,13.78551,-8.088364,-4.572248,-4.911874,-0.2884301,8360
20.62,13.64563,-5,0.4810925,-0.06986172,24.38093,4.852211,-4.707209,-4.717285,0.5555111,8308
20.64,-173.209,-5,0.5847635,0.09717721,5.052682,2.281185,-5.65193,-5.216573,-1.609007,8304
20.66,55.58679,-5,0.7791653,0.1899882,15.66337,-18.57621,-4.707209,-4.890683,-1.377772,8380
20.68,3.728394,-5,0.9965617,0.1784622,10.09085,-10.00972,-4.707209,-4.742507,-1.745624,8316
20.7,-178.7686,-5,0.8578537,0.08961803,-8.916789,-9.515675,-5.65193,-5.278954,-4.650012,8336
20.72,-97.94495,-5,0.4337495,-0.2153828,-18.48931,-26.18642,-5.65193,-5.593273,-7.316968,8356
20.74,-34.01917,-5,0.2002147,-0.6263744,-12.68778,-28.20182,-5.51697,-5.667082,-8.111521,8364
20.76,-58.77319,-5,-0.2066763,-1.001511,-22.30611,-21.80186,-5.71941,-5.830797,-8.754996,8384
20.78,-8.352661,-5,-0.7005512,-1.282273,-28.30611,-18.36013,-5.58445,-5.836719,-8.455962,8384
20.8,-9.458252,-5,-1.231373,-1.517422,-30.68779,-9.210453,-5.65193,-5.893419,-7.873837,8384
20.82,24.8877,-5,-1.839921,-1.681798,-23.45115,-1.157229,-5.58445,-5.893644,-6.574314,8384
20.84,-56.20264,-5,-1.239083,-1.507722,30.53361,5.493742,-5.989328,-5.9917,-3.01704,8352
20.86,124.8755,-5,-0.6700757,-1.078616,27.48017,0.1946318,-4.977129,-5.338917,1.16144,8380
20.88,-24.99976,-5,-0.1692918,-0.651538,26.18246,13.16907,-5.314529,-5.207731,2.320453,8340
20.9,-42.10974,-5,0.1826652,-0.2225948,12.36566,5.418459,-5.314529,-5.150362,2.403518,8348
20.92,120.6641,-5,0.6249493,0.1607845,23.12902,-2.538824,-4.30233,-4.520136,3.810187,8348
20.94,29.39404,-5,0.9970185,0.4992574,18.82368,7.351305,-4.30233,-4.243508,3.804104,8288
20.96,-0.9206543,-5,0.8553215,0.7271184,-3.893886,5.116982,-4.30233,-4.195724,2.136637,8296
20.98,-229.4026,-5,1.06779,0.7166738,17.67864,-0.6276122,-5.58445,-4.965846,-1.327886,8296
21,-150.9972,-5,1.606976,0.5958298,24.06032,-29.3478,-5.65193,-5.3243,-3.282114,8360
21.02,-121.6836,-5,1.567551,0.1444294,1.144284,-40.33268,-5.71941,-5.570091,-6.756587,8364
21.04,-30.78699,-5,1.353723,-0.3006184,-14.62671,-43.83339,-5.314529,-5.465263,-8.395362,8376
21.06,-47.36731,-5,0.7752251,-0.7388372,-34.29084,-35.09184,-5.314529,-5.47522,-10.31701,8360
21.08,-126.823,-5,-0.6590139,-1.378506,-76.85574,-26.40938,-5.92185,-5.993814,-14.19699,8360
21.1,19.66016,-5,-2.220561,-2.098982,-79.13055,-23.28366,-5.65193,-6.178783,-14.89619,8412
21.12,24.33167,-5,-3.506005,-2.748862,-6.779382,-2.106971,-5.92185,-6.444161,-13.13926,8364
21.14,37.84039,-5,-2.608964,-2.565747,33.29697,9.403781,-5.92185,-6.278171,-4.810737,8416
21.16,191.1025,-5,-2.166716,-2.012591,18.22826,17.33775,-4.909649,-5.472836,1.615287,8416
21.18,88.05304,-5,-1.71619,-1.302354,16.04505,36.59102,-4.909649,-5.046211,5.627113,8336
21.2,-29.23657,-5,-0.8038116,-0.443091,40.97636,35.74883,-5.247049,-4.973458,8.332399,8328
21.22,135.1324,-5,0.04300374,0.3529464,37.31224,20.92239,-4.23485,-4.307675,10.85851,8348
21.24,-188.9081,-5,0.7222033,0.7862486,37.57178,24.93243,-5.58445,-4.828019,8.173067,8284
21.26,-122.787,-5,1.211722,0.995576,20.02979,-6.799612,-5.58445,-5.093228,5.499682,8352
21.28,-97.29211,-5,1.563971,0.8137985,10.5336,-22.30325,-5.58445,-5.250502,2.211329,8352
21.3,-27.91467,-5,1.436994,0.4818408,-10.70305,-29.49563,-5.247049,-5.178476,-0.5818158,8336
21.32,-45.06946,-5,0.6280324,-0.0298995,-51.35955,-24.61715,-5.314529,-5.303999,-4.257937,8340
21.34,-116.4266,-5,-1.05875,-0.8487193,-81.84811,-17.71888,-5.989328,-5.952055,-9.288734,8340
21.36,12.06091,-5,-2.737278,-1.754702,-59.26795,-14.63669,-5.92185,-6.31586,-10.52205,8384
21.38,182.2876,-5,-1.521702,-1.704483,45.86186,-3.346709,-4.977129,-5.592665,-1.006722,8388
21.4,80.5979,-5,-1.256521,-1.309598,26.83895,20.40754,-4.977129,-5.173574,2.652226,8340
21.42,27.49829,-5,-0.934126,-0.713653,8.335126,24.76154,-4.977129,-4.950503,4.913832,8336
21.44,-67.7146,-5,-0.009628013,-0.09910838,39.49544,19.06237,-5.314529,-4.98183,6.190851,8360
21.46,-80.29578,-5,1.183165,0.4588112,55.26644,1.662995,-5.314529,-4.924628,6.500859,8360
21.48,-87.86707,-5,1.872032,0.7328357,31.77025,-13.43733,-5.247049,-4.879494,4.173938,8348
21.5,-115.5536,-5,2.128222,0.7208363,8.197721,-25.14154,-5.314529,-4.966028,0.4163256,8332
21.52,-33.72974,-5,1.232669,0.2928149,-52.65726,-32.59167,-4.977129,-4.988155,-4.604956,8336
21.54,43.7619,-5,-0.05736822,-0.3492657,-72.45879,-24.82066,-4.639729,-4.956299,-7.601519,8312
21.56,-112.816,-5,-1.47335,-1.091421,-72.5962,-7.472489,-5.65193,-5.656479,-10.53672,8324
21.58,-5.223389,-5,-2.289551,-1.629305,-4.993123,-9.014583,-5.65193,-5.95885,-9.216655,8368
21.6,176.3988,-5,-1.09095,-1.427491,53.17484,-2.789725,-4.639729,-5.211797,-0.7746071,8380
21.62,63.6261,-5,-0.414942,-0.8895065,30.24353,17.37782,-4.639729,-4.757781,3.00562,8324
21.64,8.483276,-5,-0.6279825,-0.4246923,-12.91679,20.02194,-4.707209,-4.660374,2.773655,8340
21.66,-180.6921,-5,-0.9119719,-0.3430268,-10.71832,16.78529,-5.85437,-5.383949,-0.1111587,8332
21.68,-0.9979248,-5,0.2876807,-0.06089772,74.56416,-8.2325,-5.247049,-5.19991,2.951552,8380
21.7,-44.47546,-5,1.58385,0.2563543,59.96873,-10.99123,-5.179569,-4.955308,4.028203,8344
21.72,-118.7407,-5,2.212798,0.5106565,15.73971,-19.46464,-5.314529,-4.930389,1.722863,8352
21.74,-49.63599,-5,0.9853777,0.1580697,-66.13818,-28.37702,-5.044609,-5.013921,-4.641939,8348
21.76,39.55896,-5,-0.3188713,-0.4665255,-68.80994,-22.78973,-4.707209,-5.019562,-7.624311,8352
21.78,48.84827,-5,-1.175753,-0.9434609,-32.42825,-7.208705,-4.707209,-5.053161,-7.160197,8340
21.8,53.89783,-5,-0.9478653,-0.9309469,11.5107,3.290162,-4.639729,-4.903814,-3.232859,8336
21.82,-178.0714,-5,-0.6222719,-0.8138732,20.21299,9.209602,-5.85437,-5.485514,-2.992999,8332
21.84,43.31354,-5,-0.0106867,-0.5479,32.16719,-12.00036,-4.977129,-5.145429,-0.4936246,8368
21.86,-58.46997,-5,0.5157726,-0.4021582,27.87712,-5.535666,-5.247049,-5.116204,-0.4863069,8312
21.88,-81.29932,-5,1.273096,-0.100735,33.66338,-14.14345,-5.247049,-5.041669,-0.2106192,8352
21.9,-112.5767,-5,1.67926,0.03496373,19.69391,-23.57821,-5.314529,-5.069083,-2.345847,8332
21.92,-112.2299,-5,1.636317,-0.07012409,-4.382436,-32.88273,-5.314529,-5.156089,-5.596764,8344
21.94,-31.2981,-5,0.8165739,-0.4714944,-48.55039,-36.15098,-4.977129,-5.136647,-9.079903,8352
21.96,-112.4667,-5,-0.6964987,-1.203806,-79.90918,-25.28039,-5.58445,-5.664819,-13.44178,8328
21.98,-29.68152,-5,-2.055799,-1.937186,-74.5504,-21.7009,-5.65193,-6.021807,-14.17936,8376
22,-28.95831,-5,-2.740144,-2.480862,17.5565,-8.725133,-5.989328,-6.334993,-11.99159,8372
22.02,-1.785583,-5,-2.169652,-2.448336,20.38093,-1.943197,-5.989328,-6.267284,-6.137066,8400
22.04,165.0319,-5,-1.960915,-2.115468,9.846577,5.014371,-4.977129,-5.540718,-0.9080833,8396
22.06,65.77753,-5,-1.484455,-1.542901,20.33513,24.88119,-4.977129,-5.131356,3.088842,8316
22.08,-40.75891,-5,-1.081848,-0.902287,23.52597,26.53757,-5.314529,-5.121875,4.611311,8336
22.1,-34.40601,-5,-0.2063359,-0.3003727,52.10613,13.99327,-5.247049,-5.021208,6.070635,8344
22.12,-120.0599,-5,0.8523665,0.1538317,51.73972,2.65738,-5.58445,-5.121001,5.693964,8352
22.14,-119.7262,-5,1.569021,0.3952216,29.98399,-15.93371,-5.58445,-5.169868,3.547374,8244
22.16,-45.99902,-5,1.059051,0.1601451,-46.10764,-26.38456,-5.247049,-5.14659,-0.9867086,8364
22.18,28.83453,-5,-0.2349047,-0.4132861,-68.44353,-21.39777,-4.909649,-5.122201,-4.742195,8332
22.2,-139.508,-5,-1.578057,-1.144079,-70.39773,-6.433191,-5.989328,-5.873739,-8.208203,8336
22.22,155.2923,-5,-2.69729,-1.684338,-16.77939,-9.33875,-4.977129,-5.639338,-6.048844,8372
22.24,-129.8125,-5,-1.531894,-1.645157,52.99163,14.12741,-6.259249,-6.024975,-1.050919,8340
22.26,88.68085,-5,-0.981523,-1.223832,27.09849,-0.6119792,-5.247049,-5.485904,2.927729,8424
22.28,4.882446,-5,-0.6699453,-0.9247323,7.159553,10.65428,-5.314529,-5.27241,3.712712,8344
22.3,-14.36646,-5,-0.8031451,-0.6834326,-11.3748,10.08627,-5.314529,-5.223414,3.326897,8364
22.32,-55.28876,-5,-1.024651,-0.6448327,-7.481674,8.439628,-5.58445,-5.416751,2.154738,8384
22.34,-38.33319,-5,-0.5319178,-0.5322475,36.71682,1.573342,-5.58445,-5.441929,3.236675,8364
22.36,-48.07336,-5,0.0573987,-0.3853441,26.99162,-3.248025,-5.58445,-5.39485,3.714402,8360
22.38,-72.4353,-5,0.2938358,-0.3228819,5.800774,-8.270983,-5.65193,-5.421778,2.477617,8380
22.4,-78.45752,-5,0.09636191,-0.4483067,-14.32137,-13.44141,-5.71941,-5.538265,0.09319395,8364
22.42,22.10181,-5,-0.3024918,-0.6674956,-24.87099,-15.96975,-5.247049,-5.37116,-0.9705497,8388
22.44,6.520325,-5,-0.8782849,-0.9292009,-30.1229,-5.565378,-5.247049,-5.352308,-1.781146,8364
22.46,12.59296,-5,-1.408892,-1.102387,-24.58092,1.524387,-5.247049,-5.371319,-1.503892,8344
22.48,8.111816,-5,-1.134058,-1.020622,18.5794,5.910223,-5.247049,-5.298953,0.9324698,8356
22.5,-22.40491,-5,-0.6030823,-0.7671233,21.98399,6.550304,-5.314529,-5.225291,2.796766,8380
22.52,-96.40894,-5,-0.1271678,-0.5321156,18.45727,2.161778,-5.65193,-5.358443,2.657622,8388
22.54,144.5277,-5,0.3534735,-0.2166141,19.3275,-9.336952,-4.30233,-4.588522,4.713871,8376
22.56,28.93738,-5,0.3602555,-0.02326892,0.5793981,7.305655,-4.36981,-4.329521,3.935185,8288
22.58,15.38354,-5,0.01176229,0.1429846,-14.91679,7.798855,-4.30233,-4.253914,2.72422,8296
22.6,-224.0102,-5,0.5210428,0.2313718,36.50308,4.552413,-5.58445,-4.952948,0.7882296,8312
22.62,-153.1247,-5,1.085194,0.2070329,23.23589,-23.69667,-5.65193,-5.278928,-0.971163,8352
22.64,-117.4415,-5,1.182444,-0.1363356,-0.01602192,-35.55946,-5.65193,-5.46007,-4.020728,8344
22.66,-32.35419,-5,0.9411286,-0.5293143,-17.39007,-38.89937,-5.247049,-5.341419,-5.888071,8372
22.68,20.52997,-5,-0.1200175,-1.029252,-64.47406,-28.86916,-4.909649,-5.209643,-8.175723,8348
22.7,-148.9799,-5,-1.481869,-1.659172,-74.03131,-12.70519,-5.92185,-5.877269,-11.4385,8328
22.72,-19.1347,-5,-2.839234,-2.297139,-47.8023,-14.4775,-5.85437,-6.213541,-11.67028,8384
22.74,122.556,-5,-1.291416,-2.068434,57.03743,-7.411712,-5.044609,-5.544121,-2.254036,8380
22.76,-18.47839,-5,-0.8838415,-1.637462,31.57178,10.09088,-5.314529,-5.323949,0.1158693,8316
22.78,-22.5672,-5,-0.9967571,-1.250938,-1.145793,7.840257,-5.247049,-5.228393,0.3118401,8340
22.8,-17.84076,-5,-1.253248,-1.106467,-2.03129,6.856382,-5.247049,-5.248942,-0.1102185,8360
22.82,-68.55609,-5,-0.6974496,-0.8946731,37.03742,4.738389,-5.51697,-5.34933,1.271549,8364
22.84,95.64886,-5,-0.01587313,-0.5286848,26.10612,-3.719118,-4.572248,-4.7584,4.035762,8372
22.86,9.996399,-5,0.3620492,-0.2027745,12.10612,5.972919,-4.572248,-4.488595,4.233058,8316
22.88,-19.11578,-5,0.2152035,0.0186037,-5.87862,4.196031,-4.572248,-4.439554,2.737914,8332
22.9,-42.30927,-5,0.5417604,0.1865312,16.09085,-1.055662,-4.639729,-4.459158,2.163948,8328
22.92,-48.76202,-5,0.9441283,0.3030054,18.12139,-8.246527,-4.639729,-4.45832,1.383762,8344
22.94,-63.77539,-5,1.001464,0.2650441,2.319857,-13.90021,-4.707209,-4.536628,-0.667865,8312
22.96,-217.7742,-5,0.8995922,-0.001187399,-7.985489,-19.1984,-5.65193,-5.184991,-4.605733,8336
22.98,90.20099,-5,0.553255,-0.3088741,-18.19923,-36.62263,-4.36981,-4.762569,-5.051778,8376
23,-129.4059,-5,0.09016807,-0.7635587,-25.97023,-15.86786,-5.314529,-5.178809,-7.553247,8280
23.02,-54.17804,-5,-0.5735196,-1.098076,-34.1687,-22.0864,-5.247049,-5.367462,-8.441658,8340
23.04,-16.45581,-5,-1.259494,-1.516785,-30.74886,-16.25586,-5.247049,-5.491203,-8.747285,8348
23.06,-21.40607,-5,-1.047985,-1.604505,8.472529,-9.318564,-5.314529,-5.483131,-5.93924,8324
23.08,-67.89105,-5,-1.026357,-1.582347,0.5488637,-5.387743,-5.58445,-5.598142,-4.906119,8360
23.1,-45.68005,-5,-1.134195,-1.568382,-0.4893047,-7.087975,-5.58445,-5.64605,-4.324853,8388
23.12,121.7021,-5,-0.9631246,-1.399136,8.96108,-6.164474,-4.639729,-5.059671,-1.148632,8376
23.14,44.565,-5,-0.8966303,-1.135192,0.9763447,11.12869,-4.639729,-4.777586,0.6446751,8324
23.16,15.44397,-5,-0.9370344,-0.7936679,-1.954954,14.91816,-4.639729,-4.661536,1.686545,8328
23.18,-59.64215,-5,-0.4426166,-0.4438386,23.77024,12.72141,-4.977129,-4.767893,2.579998,8328
23.2,-56.2804,-5,0.373194,-0.08371028,36.28934,0.9545562,-4.977129,-4.749145,3.399092,8340
23.22,-65.44824,-5,0.8443947,0.1010604,18.25879,-8.078766,-4.977129,-4.742124,2.245239,8328
23.24,-69.13458,-5,0.9149572,0.08772145,-0.2297625,-15.24477,-4.977129,-4.788098,-0.006011963,8324
23.26,-60.62445,-5,0.6068083,-0.1233982,-20.24504,-19.34994,-4.977129,-4.885877,-2.645861,8352
23.28,20.37939,-5,-0.1165728,-0.4754218,-37.95496,-18.66172,-4.639729,-4.824062,-4.453341,8320
23.3,23.95947,-5,-0.9356172,-0.8513018,-43.66489,-7.272269,-4.639729,-4.862924,-5.165085,8292
23.32,40.77454,-5,-1.585032,-1.092136,-10.19923,2.825617,-4.639729,-4.896233,-4.18285,8308
23.34,-38.82391,-5,-0.5020249,-0.8122921,49.31224,7.434509,-4.977129,-4.905232,0.2949487,8304
23.36,-45.59247,-5,0.143278,-0.4508059,33.93819,0.279896,-4.977129,-4.83883,1.439052,8340
23.38,-61.93127,-5,0.691913,-0.1840024,26.04506,-6.984853,-4.977129,-4.790429,1.092242,8332
23.4,-128.9237,-5,0.8716463,-0.1336334,6.609934,-14.19116,-5.314529,-5.007587,-1.339381,8328
23.42,-41.11969,-5,0.7319683,-0.2642186,-10.3519,-25.14692,-4.977129,-4.965721,-3.327983,8336
23.44,-45.74194,-5,0.3883313,-0.5399147,-21.97023,-22.39433,-4.977129,-5.006128,-5.22487,8344
23.46,-32.0965,-5,-0.2804101,-0.8686655,-35.03893,-18.81284,-4.977129,-5.095243,-6.770677,8340
23.48,40.80768,-5,-1.11837,-1.209408,-44.36718,-12.13391,-4.707209,-5.03928,-6.959749,8336
23.5,46.2229,-5,-1.776744,-1.442213,-17.90916,1.892498,-4.707209,-5.027966,-5.638411,8308
23.52,4.632446,-5,-1.483192,-1.309642,25.84658,10.68089,-4.909649,-5.029262,-2.050773,8316
23.54,-11.95953,-5,-0.9144262,-0.969283,36.73208,10.39006,-4.977129,-4.967964,0.7895101,8336
23.56,-88.66064,-5,-0.07146263,-0.572412,43.06796,5.581007,-5.314529,-5.051995,2.093464,8324
23.58,79.66913,-5,0.4572178,-0.194941,24.59467,-6.764074,-4.36981,-4.507419,3.415961,8356
23.6,16.92926,-5,0.6056391,0.02945212,6.090851,1.575597,-4.30233,-4.260863,2.692911,8276
23.62,-10.70557,-5,0.4292057,0.1776393,-11.95496,1.314791,-4.30233,-4.21771,1.279922,8272
23.64,-193.9731,-5,0.1976473,0.05040076,-10.32137,-1.273103,-5.38201,-4.910667,-2.294565,8304
23.66,74.4422,-5,0.560878,0.02788302,21.26643,-22.30402,-4.30233,-4.536066,-0.8963257,8352
23.68,11.06915,-5,0.8555764,-0.007853031,7.235888,-10.12272,-4.30233,-4.338983,-0.7915303,8304
23.7,-166.4104,-5,0.6737248,-0.07566348,-13.2832,-8.240442,-5.179569,-4.815396,-3.583218,8304
23.72,-115.1149,-5,0.1957084,-0.3753061,-25.55802,-23.35577,-5.314529,-5.19256,-6.557745,8368
23.74,-70.52502,-5,0.1796577,-0.7378312,6.503064,-28.10825,-5.314529,-5.349029,-7.216267,8372
23.76,-49.88824,-5,0.27941,-0.9656062,0.9305434,-27.08618,-5.247049,-5.334664,-6.889492,8352
23.78,-54.13287,-5,0.0739571,-1.141935,-25.1,-23.66553,-5.247049,-5.336436,-7.386674,8372
23.8,17.09918,-5,-1.106007,-1.503176,-64.76414,-17.75015,-4.977129,-5.308956,-9.072596,8360
23.82,51.92072,-5,-2.342002,-1.911584,-64.7336,-2.41252,-4.909649,-5.346317,-8.847721,8364
23.84,77.68195,-5,-3.143836,-2.11738,27.52597,14.01979,-4.909649,-5.354576,-5.886827,8320
23.86,-8.064758,-5,-2.127165,-1.7275,49.2359,23.9748,-5.314529,-5.360615,0.6071809,8320
23.88,156.2338,-5,-1.055747,-0.9723806,47.35804,18.72518,-4.30233,-4.599033,6.670253,8352
23.9,-12.65997,-5,-0.04886395,-0.2110923,47.54125,28.3475,-4.639729,-4.382003,8.615047,8312
23.92,129.7846,-5,0.6508056,0.5772468,25.77025,15.67005,-3.627529,-3.677917,10.3333,8320
23.94,-198.4036,-5,1.198842,0.9765785,26.67101,19.30869,-4.977129,-4.211179,6.770839,8256
23.96,103.0761,-5,1.522127,1.266429,9.846577,-12.02971,-3.627529,-3.696849,6.125945,8316
23.98,-198.6389,-5,1.923726,1.174102,16.04505,-4.17615,-4.909649,-4.26285,1.862628,8252
24,91.65027,-5,1.852075,1.109854,-7.741216,-28.7984,-3.627529,-3.810865,0.583079,8320
24.02,-180.4819,5,1.541814,0.7235267,-13.22213,-15.12439,-4.572248,-4.253609,-3.793326,8260
24.04,-137.0399,5,1.104601,0.3110118,-23.90916,-32.22547,-4.639729,-4.551579,-6.638213,8292
24.06,-60.59595,5,0.8657552,-0.2097761,-9.970223,-38.30816,-4.36981,-4.54143,-7.947191,8320
24.08,-64.00726,5,0.6344088,-0.6448652,-15.2374,-33.90501,-4.30233,-4.488125,-8.423478,8300
24.1,-241.8977,5,-0.128053,-1.211075,-45.08474,-29.23417,-5.314529,-5.133776,-11.85004,8288
24.12,-63.33728,5,-1.547936,-1.984713,-73.78704,-39.19558,-4.909649,-5.308593,-13.91398,8360
24.14,-18.01953,5,-3.045097,-2.881047,-73.6191,-22.69081,-4.909649,-5.462167,-13.88366,8324
24.16,2.880371,5,-3.579647,-3.30717,-21.13053,-5.400762,-4.909649,-5.426741,-9.245922,8308
24.18,-76.85962,5,-3.422747,-3.301593,10.71681,7.476888,-5.314529,-5.495662,-4.33975,8340
24.2,40.0173,5,-2.827208,-2.920287,30.16719,6.205364,-4.639729,-4.971409,1.600253,8352
24.22,132.1649,5,-2.037579,-2.276401,31.3275,14.88083,-3.627529,-4.012186,7.462351,8296
24.24,-217.2172,5,-1.611831,-1.733207,19.08322,27.96597,-4.909649,-4.332076,7.0995,8280
24.26,-86.133,5,-0.9560556,-1.239333,29.49544,-0.6949937,-4.36981,-4.13351,7.858479,8328
24.28,37.7085,5,0.1139944,-0.8412616,55.06797,-9.676117,-3.357609,-3.376132,9.763134,8292
24.3,-134.0262,5,0.8426569,-0.5009987,32.51834,-5.797738,-3.627529,-3.186619,8.406228,8240
24.32,-332.1148,5,0.579362,-0.6013011,-17.58855,-20.19135,-4.639729,-3.847196,1.813579,8252
24.34,-5.982178,5,-0.5627192,-1.209421,-59.58856,-45.44154,-3.357609,-3.587451,-2.45436,8304
24.36,-252.3105,5,-1.817626,-2.219704,-58.7794,-25.52025,-4.639729,-4.36625,-7.497029,8244
24.38,-10.97246,5,-2.151601,-2.753796,-22.96259,-35.8501,-3.762489,-4.124087,-5.024669,8304
24.4,-37.0354,5,-2.55945,-3.164752,-16.77939,-16.95381,-3.695009,-3.941658,-3.537446,8256
24.42,-70.22438,5,-2.625009,-3.203725,-9.435872,-6.93789,-3.695009,-3.789979,-0.9767783,8252
24.44,-138.9949,5,-3.044378,-3.27307,-19.87863,-2.398827,-4.03241,-3.942798,-0.8874141,8240
24.46,-176.4635,5,-3.010173,-3.332986,8.96108,-6.584693,-4.36981,-4.176226,-0.09297836,8252
24.48,33.09182,5,-2.744627,-3.257523,10.13665,-13.63147,-3.290129,-3.57161,3.292702,8292
24.5,-120.378,5,-2.748184,-3.213823,-8.061826,2.692367,-3.695009,-3.528415,3.854234,8224
24.52,-132.756,5,-2.966869,-3.152674,-7.252666,-1.342081,-3.762489,-3.570629,3.87699,8256
24.54,-184.5452,5,-2.500466,-3.089753,22.94582,-6.954163,-4.03241,-3.690209,4.574633,8260
24.56,-219.012,5,-2.404016,-3.18689,3.648101,-16.35556,-4.30233,-3.907601,3.307347,8244
24.58,-27.2121,5,-2.693145,-3.390146,-19.37481,-24.76435,-3.357609,-3.482245,3.415069,8280
24.6,79.5148,5,-3.224062,-3.546042,-31.48168,-8.873216,-2.412889,-2.768373,4.995272,8228
24.62,2.640564,5,-3.847777,-3.521132,-38.0771,14.47093,-2.345409,-2.442328,6.477272,8172
24.64,-149.9801,5,-4.047526,-3.372704,13.22062,22.54056,-3.02021,-2.689215,7.377503,8176
24.66,-39.96503,5,-2.656061,-2.820522,68.54889,7.996393,-2.412889,-2.241918,12.59866,8208
24.68,-175.898,5,-1.667088,-2.381006,45.0527,5.993618,-2.75029,-2.173774,12.78474,8168
24.7,-67.66782,5,-1.212697,-2.053955,19.35803,-10.38781,-2.008009,-1.726032,12.1249,8188
24.72,-183.9613,5,-1.468339,-2.143749,-11.46641,-9.633359,-2.345409,-1.844367,8.092162,8160
24.74,-171.9345,5,-2.171245,-2.506521,-35.81756,-18.61096,-2.412889,-2.066544,4.304284,8172
24.76,56.37836,5,-3.222257,-3.028393,-43.31374,-19.4237,-1.33321,-1.638954,3.522822,8176
24.78,-67.754,5,-3.480934,-3.315753,-2.550374,3.780243,-1.670609,-1.607386,4.984548,8120
24.8,-145.4927,5,-3.552292,-3.335837,-7.420605,6.627416,-2.075489,-1.78575,6.088203,8164
24.82,38.4494,5,-3.432262,-3.222141,13.4191,0.6063339,-1.13077,-1.260663,8.912555,8172
24.84,-89.30823,5,-3.011522,-3.021374,22.24353,13.65195,-1.40069,-1.122342,10.57355,8092
24.86,-154.4271,5,-2.910671,-2.825309,-1.283198,8.894773,-1.670609,-1.225572,10.18445,8112
24.88,-56.71899,5,-2.472197,-2.643543,25.92292,-2.124896,-1.13077,-0.9217418,11.15428,8156
24.9,-161.2004,5,-1.87307,-2.497503,24.33513,-1.722703,-1.40069,-0.9053971,10.82628,8104
24.92,-164.7269,5,-1.980402,-2.534685,-10.90152,-11.71613,-1.40069,-0.9623291,8.332813,8160
24.94,-200.4048,5,-2.40276,-2.870791,-23.1,-17.4099,-1.670609,-1.238437,4.967679,8124
24.96,1.483704,5,-2.541677,-3.123407,-9.222133,-23.99038,-0.6584091,-0.7637846,5.692607,8132
24.98,-139.5392,5,-2.753012,-3.349196,-18.99313,-7.469492,-1.06329,-0.7989957,4.980156,8076
25,-139.3712,5,-3.358186,-3.554543,-24.74886,-8.831716,-1.13077,-0.9133105,3.793834,8096
25.02,-185.8919,5,-2.942866,-3.623752,23.96872,-11.24787,-1.40069,-1.047469,4.720932,8100
25.04,-211.5693,5,-2.749898,-3.717578,1.052681,-18.30784,-1.60313,-1.202533,4.084409,8104
25.06,-48.72449,5,-3.125036,-3.916895,-21.87862,-24.03588,-0.7933693,-0.8408769,3.79231,8144
25.08,-94.56787,5,-3.623127,-4.151737,-27.39008,-9.746962,-0.7933693,-0.7211916,3.509827,8068
25.1,-158.4871,5,-4.279129,-4.360694,-28.44351,-2.879262,-1.13077,-0.9148328,2.944887,8084
25.12,-15.40894,5,-3.949676,-4.260751,18.77788,-5.634524,-0.3884897,-0.4666651,6.718125,8096
25.14,-158.1647,5,-3.410062,-4.03407,17.96872,4.995754,-0.7933693,-0.4227346,8.394745,8060
25.16,-104.0142,5,-3.368834,-3.81024,7.205354,-2.434084,-0.4559698,-0.2165631,8.719121,8084
25.18,-186.9485,5,-2.941234,-3.658402,25.4649,-3.446286,-0.7258892,-0.2601044,8.601313,8056
25.2,-78.41956,5,-2.907778,-3.574547,-3.191595,-12.4139,-0.1185694,0.05549729,8.476565,8060
25.22,-2.271362,5,-3.189622,-3.582068,-12.88626,-6.22149,0.5562305,0.5438151,8.618117,8048
25.24,-125.6678,5,-3.394551,-3.554937,-11.84809,6.070969,0.2188301,0.5363495,8.292441,7996
25.26,-243.6348,5,-3.270917,-3.511133,10.6252,1.035262,-0.4559698,0.1421493,7.391658,8024
25.28,86.00403,5,-2.288387,-3.170866,41.83132,-16.88707,1.298511,1.129835,11.75146,8044
25.3,-172.1556,5,-2.035704,-3.000099,9.464897,3.374789,0.6237106,1.152171,10.14264,7952
25.32,-53.29224,5,-2.372593,-2.842141,-24.99313,-7.987893,1.298511,1.472455,8.928847,8004
25.34,-161.5974,5,-2.625273,-2.946373,6.197721,-2.826758,0.89363,1.302365,6.662508,7964
25.36,-28.99207,5,-2.570565,-2.936453,-1.848083,-10.32414,1.568431,1.633717,7.519555,7980
25.38,-13.86646,5,-2.819897,-2.977233,-10.01603,-0.9548273,1.90583,1.94827,7.623654,7940
25.4,66.18359,5,-2.776424,-2.771378,-2.428236,6.851595,2.64811,2.550978,10.03194,7916
25.42,86.48755,5,-2.61002,-2.366052,12.24352,19.72653,3.25543,3.201405,12.61145,7880
25.44,-120.7731,5,-1.730365,-1.756613,34.88475,27.05204,2.64811,3.211212,13.95811,7832
25.46,-101.5742,5,-0.7205343,-1.139233,60.22828,7.606659,2.850551,3.381167,14.14085,7900
25.48,-23.01233,5,0.5368506,-0.6015593,55.37331,-7.323775,3.592831,3.947855,14.34959,7840
25.5,7.955688,5,0.7693319,-0.3149119,9.709172,-9.894455,4.267631,4.508261,11.71097,7812
25.52,-131.017,5,0.2363715,-0.3848065,-34.45878,-6.928382,3.86275,4.344933,6.295815,7796
25.54,-131.8649,5,-0.5785518,-0.7630478,-11.64961,-16.38958,3.660311,3.991628,1.452543,7796
25.56,4.832764,5,-0.4408389,-1.032223,8.25879,-23.00769,4.267631,4.220447,1.764797,7820
25.58,-94.88428,5,-0.9310902,-1.388525,-29.06947,-12.12797,3.86275,4.029031,-0.4482858,7772
25.6,-48.4469,5,-1.658891,-1.73225,-39.74123,-12.55547,3.93023,3.917813,-1.721987,7824
25.62,72.73486,5,-1.536444,-1.800918,10.93055,-8.316378,4.60503,4.33641,1.102201,7800
25.64,-48.64124,5,-1.351427,-1.684539,2.51833,5.950568,4.267631,4.375146,2.349201,7764
25.66,112.8036,5,-1.405181,-1.40749,-1.145793,3.654836,5.21235,4.951459,4.448488,7824
25.68,-74.63354,5,-0.9711518,-1.098321,37.52598,16.74774,4.60503,4.887957,5.140281,7724
25.7,105.7241,5,-0.5978099,-0.6421522,10.19772,5.591729,5.61723,5.481543,7.25722,7780
25.72,-42.896,5,-0.3606778,-0.367457,41.98399,15.47775,5.21235,5.483652,6.458292,7736
25.74,-99.64563,5,0.2400706,-0.04236197,17.77024,4.853291,4.94243,5.352927,5.996814,7728
25.76,-120.5035,5,0.09481592,-0.1113288,-7.970222,-7.509841,4.67251,5.044126,2.430651,7740
25.78,58.54211,5,0.4351443,-0.154177,14.93055,-18.63097,5.54975,5.445983,2.908938,7784
25.8,8.79187,5,-0.05945193,-0.3562402,-27.1,-6.279186,5.54975,5.543543,0.8925093,7716
25.82,22.28638,5,-0.9387304,-0.5898074,-46.09237,-0.1781317,5.61723,5.524724,-0.6313829,7708
25.84,-46.10657,5,-0.9941271,-0.6962854,18.50307,5.258199,5.21235,5.303278,-0.1264287,7716
25.86,-17.84814,5,-0.4267544,-0.5649035,16.65574,0.06706464,5.27983,5.343512,1.900337,7744
25.88,-80.99243,5,-0.3243622,-0.5456333,8.182454,-0.9736314,4.94243,5.159326,0.9671612,7740
25.9,-61.28601,5,-0.1105019,-0.5380243,-1.237397,-8.763476,4.94243,5.089771,0.5788592,7752
25.92,-48.54028,5,-0.3123217,-0.6876302,-4.443504,-11.2458,4.94243,5.016118,-0.8781507,7764
25.94,-41.36157,5,-0.3870368,-0.8303721,-7.023658,-11.36272,4.94243,4.978032,-1.326783,7736
25.96,-48.64526,5,-0.5194855,-0.9631109,-7.283201,-10.30737,4.87495,4.913293,-1.809361,7744
25.98,-43.62695,5,-0.5011515,-1.032842,-1.344267,-10.41825,4.87495,4.898425,-1.696881,7744
26,-30.15015,5,-0.5794353,-1.089278,-5.573276,-9.70215,4.94243,4.928467,-1.742863,7744
26.02,-47.35986,5,-0.57906,-1.113195,-0.9167854,-7.901299,4.87495,4.908135,-1.693218,7748
26.04,-31.69336,5,-0.6529962,-1.128537,-2.474038,-8.17586,4.94243,4.933158,-1.6768,7736
26.06,-46.75708,5,-0.6563275,-1.138463,-1.725946,-6.788386,4.87495,4.907356,-1.626103,7728
26.08,-31.36169,5,-0.6631094,-1.129601,-0.8404495,-7.342607,4.94243,4.938613,-1.405281,7736
26.1,-46.24939,5,-0.6844181,-1.133352,-1.512206,-6.104583,4.87495,4.911112,-1.439508,7736
26.12,-31.00208,5,-0.6674193,-1.115786,-0.4893047,-6.819224,4.94243,4.943998,-1.164298,7728
26.14,-34.78857,5,-0.6725779,-1.104162,-0.6419765,-5.731447,4.94243,4.958815,-1.060464,7752
26.16,-36.92981,5,-0.6468468,-1.076881,0.4114593,-5.480608,4.94243,4.969764,-0.8819688,7748
26.18,-37.9165,5,-0.6349726,-1.054188,-0.3366328,-5.568627,4.94243,4.974771,-0.8280514,7740
26.2,-38.93799,5,-0.5960656,-1.030935,0.1061156,-5.856127,4.94243,4.980213,-0.746854,7744
26.22,-40.05359,5,-0.5624787,-1.01215,0.1977187,-6.262442,4.94243,4.984102,-0.7438734,7756
26.24,-40.64905,5,-0.5511236,-1.004439,-0.01602192,-6.682864,4.94243,4.983853,-0.8328144,7760
26.26,-41.29688,5,-0.527132,-1.000119,0.1213828,-7.103941,4.94243,4.984106,-0.8923882,7748
26.28,-42.14478,5,-0.5048297,-0.9987388,-0.1228922,-7.526146,4.94243,4.984331,-0.9789987,7744
26.3,-42.97681,5,-0.4889731,-1.001393,0.1824515,-7.948391,4.94243,4.983531,-1.099524,7740
26.32,-55.03442,5,-0.4863822,-1.018274,-0.4587703,-8.349905,4.87495,4.940063,-1.392624,7736
26.34,-50.29382,5,-0.469835,-1.040105,0.5335966,-9.892769,4.87495,4.920452,-1.57931,7752
26.36,-36.81116,5,-0.4828144,-1.068975,-1.267931,-10.3694,4.94243,4.948938,-1.678189,7740
26.38,-40.94836,5,-0.524341,-1.096932,-2.321366,-9.18969,4.94243,4.957094,-1.809334,7740
26.4,-53.81152,5,-0.553715,-1.118171,-0.7488468,-8.759238,4.87495,4.918306,-1.983394,7740
26.42,-38.01794,5,-0.5312028,-1.121076,-0.1228922,-9.826185,4.94243,4.945572,-1.850426,7744
26.44,-53.50745,5,-0.5380301,-1.136614,-0.5351062,-8.941002,4.87495,4.916194,-2.018551,7752
26.46,-49.3894,5,-0.5605569,-1.152264,-0.8251827,-9.846263,4.87495,4.900365,-2.13042,7752
26.48,-47.89563,5,-0.5522458,-1.169502,-0.8557167,-10.05759,4.87495,4.895125,-2.148861,7736
26.5,-46.35205,5,-0.6079176,-1.197955,-2.886252,-9.859964,4.87495,4.886846,-2.28503,7752
26.52,-45.10486,5,-0.6364417,-1.219545,-1.283198,-9.477955,4.87495,4.883051,-2.255077,7740
26.54,-32.29907,5,-0.6782787,-1.229881,-2.718313,-8.932378,4.94243,4.92065,-2.080448,7756
26.56,-35.97937,5,-0.7351661,-1.234059,-2.596175,-7.084898,4.94243,4.935018,-1.94435,7744
26.58,-37.93652,5,-0.7145073,-1.206341,0.4419934,-6.302271,4.94243,4.949414,-1.598646,7740
26.6,-38.81409,5,-0.7105029,-1.176884,-0.183961,-5.990548,4.94243,4.957772,-1.415855,7736
26.62,-50.8418,5,-0.6903174,-1.155655,0.3198562,-5.960871,4.87495,4.923666,-1.379032,7748
26.64,197.4724,5,-0.6859682,-0.9816658,0.04504682,-6.634683,6.29203,5.76154,1.52444,7748
26.66,-145.5542,5,-0.6832055,-0.85864,-0.07709067,17.4667,4.94243,5.328444,0.4281254,7664
26.68,-95.8844,5,-0.5264795,-0.6609542,9.617569,-1.784268,4.87495,5.100737,0.2322226,7744
26.7,-76.69666,5,0.158602,-0.574901,21.4649,-11.77221,4.87495,5.056942,0.4738373,7732
26.72,-48.08289,5,-0.329424,-0.7806792,-22.68779,-14.76821,4.94243,4.984601,-2.024071,7720
26.74,36.36731,5,-1.23099,-1.140521,-35.0542,-10.69068,5.27983,5.049516,-3.304626,7736
26.76,-48.10693,5,-1.216173,-1.281442,0.1061156,0.3290555,4.87495,4.894958,-1.997814,7728
26.78,-10.90356,5,-1.390989,-1.30994,-4.382436,-0.2846941,4.94243,4.881397,-1.068514,7740
26.8,157.2982,5,-1.0077,-1.073749,23.15956,2.174913,5.95463,5.558858,2.952093,7748
26.82,66.03125,5,-0.8349776,-0.7186757,1.739704,20.20119,5.95463,5.887637,4.810886,7668
26.84,24.53943,5,-0.5833513,-0.2427482,26.50307,22.05394,5.95463,6.046306,6.039221,7696
26.86,-80.09412,5,0.4434083,0.2874451,49.72445,15.48719,5.54975,5.95876,6.930462,7668
26.88,-60.27673,5,0.976219,0.5960777,27.64811,-1.187763,5.61723,5.943964,5.39665,7704
26.9,-73.07788,5,1.169232,0.6014795,2.686269,-10.90405,5.54975,5.842175,2.605286,7708
26.92,16.69885,5,0.6764174,0.3547252,-23.60382,-16.83919,5.95463,5.927658,-0.2022167,7688
26.94,6.816162,5,0.2159925,0.04687514,-26.56565,-10.18028,5.95463,5.906464,-1.773849,7688
26.96,12.36743,5,-0.2128535,-0.1816261,-21.31374,-5.355145,5.95463,5.868195,-2.280756,7688
26.98,9.332764,5,-0.04649062,-0.2037574,10.18246,-2.175042,5.95463,5.904021,-1.056299,7684
27,3.305542,5,0.0005943207,-0.1609533,2.41146,-0.5384259,5.95463,5.935227,-0.6783479,7676
27.02,-14.73584,5,0.144841,-0.08281142,6.68627,-0.5749922,5.887151,5.924421,-0.4709533,7704
27.04,-2.337158,5,0.2413818,-0.01327237,3.571766,-2.717968,5.95463,5.961037,-0.4862449,7688
27.06,-19.44617,5,0.3049689,0.01801198,2.930544,-3.121772,5.887151,5.932021,-0.877705,7700
27.08,8.112305,5,0.2931326,0.03041089,0.2587874,-5.027339,6.02211,5.987673,-1.096449,7708
27.1,-70.29126,5,0.3353759,-0.005220428,0.2129859,-3.801748,5.61723,5.767878,-2.036391,7696
27.12,-52.64722,5,0.3329642,-0.07763495,0.5793981,-10.92565,5.54975,5.621533,-2.865907,7712
27.14,-23.25061,5,0.3261935,-0.203479,-0.8404495,-13.80291,5.61723,5.59244,-3.372315,7728
27.16,-17.85828,5,0.1122308,-0.361573,-12.45877,-12.02254,5.61723,5.558016,-4.032553,7732
27.18,-19.8479,5,-0.2260219,-0.5322143,-13.03893,-9.187917,5.54975,5.474755,-4.592466,7712
27.2,-10.60815,5,-0.2337542,-0.5978837,-0.3977011,-7.484108,5.54975,5.462494,-3.862644,7692
27.22,2.966187,5,-0.2494771,-0.5999809,-0.2144953,-5.336896,5.61723,5.513457,-3.155613,7716
27.24,8.597656,5,-0.2389944,-0.5462281,-0.06182348,-2.546973,5.684711,5.589247,-2.400247,7716
27.26,0.8594971,5,-0.240253,-0.4658425,1.403826,-0.1177285,5.684711,5.627773,-1.880358,7700
27.28,-15.65881,5,-0.1186833,-0.357453,5.892377,0.285094,5.61723,5.620342,-1.375685,7724
27.3,-13.20825,5,-0.0330925,-0.2693479,5.541232,-1.390157,5.61723,5.620745,-1.201656,7684
27.32,-13.13953,5,0.06489227,-0.2066519,4.732071,-2.569419,5.61723,5.624843,-1.122652,7708
27.34,-0.7479248,5,0.07041633,-0.1737423,-0.8251827,-3.329048,5.684711,5.659669,-1.181096,7712
27.36,-29.4248,5,0.1314939,-0.1533045,0.2129859,-2.834755,5.54975,5.597159,-1.38676,7708
27.38,-7.623779,5,0.08465995,-0.1596916,0.1213828,-5.216968,5.61723,5.597809,-1.643038,7684
27.4,3.065918,5,0.1091332,-0.165347,0.01451245,-4.644744,5.684711,5.640544,-1.524507,7688
27.42,-2.320068,5,0.08120359,-0.1608155,-1.558007,-3.094368,5.684711,5.656589,-1.538033,7724
27.44,-27.76831,5,0.09910164,-0.1506775,1.174818,-2.723729,5.54975,5.584752,-1.71527,7700
27.46,-5.787842,5,0.1000303,-0.1485583,1.190086,-5.020636,5.61723,5.590472,-1.752515,7716
27.48,4.458008,5,0.1260216,-0.1468915,0.07558119,-4.377899,5.684711,5.635948,-1.608399,7712
27.5,-13.02979,5,0.1140708,-0.1404843,-0.7030448,-2.904263,5.61723,5.614286,-1.711784,7720
27.52,-21.95581,5,0.1441305,-0.1277861,0.5335966,-3.821018,5.54975,5.566564,-1.82201,7732
27.54,-3.703125,5,0.1565231,-0.1269671,0.9152762,-5.340006,5.61723,5.583957,-1.847675,7732
27.56,-5.998779,5,0.1505684,-0.1354124,-0.4893047,-4.479115,5.61723,5.589633,-1.914221,7728
27.58,-18.67285,5,0.1581916,-0.135996,-0.01602192,-4.193431,5.54975,5.552769,-2.029791,7728
27.6,-2.472412,5,0.180216,-0.1271477,0.6862684,-5.331447,5.61723,5.57823,-1.95759,7724
27.62,-5.712036,5,0.1751229,-0.1266574,0.09084838,-4.429134,5.61723,5.587159,-2.017038,7728
27.64,-6.93689,5,0.178171,-0.1150901,0.1061156,-4.170158,5.61723,5.590866,-2.013972,7744
27.66,-18.62341,5,0.1789565,-0.112272,0.2740546,-4.148265,5.54975,5.550331,-2.181853,7728
27.68,10.36816,5,0.1785144,-0.1021534,0.1366499,-5.258032,5.684711,5.611702,-2.012194,7720
27.7,2.135742,5,0.1815905,-0.08838139,0.02977964,-3.072721,5.684711,5.639476,-1.915719,7708
27.72,-24.69617,5,0.200367,-0.06554611,0.9152762,-2.573059,5.54975,5.572766,-2.061873,7724
27.74,-3.207153,5,0.2066815,-0.05312478,0.1671843,-4.941753,5.61723,5.580465,-2.084772,7712
27.76,-3.398315,5,0.1882842,-0.06637479,-0.4129688,-4.269631,5.61723,5.579593,-2.177934,7716
27.78,-14.74829,5,0.1822287,-0.07410425,-0.107625,-3.847773,5.54975,5.539539,-2.261805,7708
27.8,-8.994873,5,0.1797149,-0.08078867,-0.3824344,-4.702286,5.54975,5.522071,-2.287758,7708
27.82,5.015015,5,0.1825892,-0.08255472,-0.4435031,-4.666184,5.61723,5.556122,-2.144819,7720
27.84,0.4946289,5,0.1823306,-0.07200956,-0.3060985,-3.225087,5.61723,5.572961,-2.034094,7720
27.86,-1.461548,5,0.1911178,-0.04529151,-0.03128911,-2.756481,5.61723,5.582016,-1.925094,7708
27.88,-1.292236,5,0.1744964,-0.02675647,-0.1992282,-2.582749,5.61723,5.582274,-1.931621,7720
27.9,-11.79053,5,0.1669668,-0.0208806,-0.1381594,-2.444225,5.54975,5.540171,-2.024987,7708
27.92,-4.988403,5,0.1545788,-0.02437736,-0.2450293,-3.363317,5.54975,5.519909,-2.045526,7724
27.94,9.930664,5,0.148299,-0.02604412,-0.3213652,-3.230411,5.61723,5.552377,-1.861785,7724
27.96,-5.717529,5,0.1489383,-0.02033976,-0.2450293,-1.659524,5.54975,5.529455,-1.808255,7708
27.98,-2.011719,5,0.1555287,-0.002856102,-0.01602192,-2.218386,5.54975,5.521386,-1.71202,7720
28,22.97021,5,0.1614692,0.02246668,-0.3824344,-2.175904,5.684711,5.599532,-1.385186,7720
28.02,1.412476,5,0.1692423,0.05289828,-0.0007547362,0.3269864,5.61723,5.595665,-1.290242,7724
28.04,-8.973755,5,0.1960608,0.09190263,2.701536,-0.3064034,5.54975,5.555659,-1.288983,7728
28.06,6.677002,5,0.308174,0.1404606,3.480163,-2.119578,5.61723,5.588617,-1.024775,7688
28.08,-7.482056,5,0.2703249,0.138869,-0.7335792,-1.630877,5.54975,5.551359,-1.412342,7712
28.1,-2.54187,5,0.2820973,0.1380724,-0.1228922,-2.775239,5.54975,5.534105,-1.485654,7724
28.12,0.09545898,5,0.2728526,0.12341,-0.4435031,-2.998417,5.54975,5.52383,-1.603177,7720
28.14,1.38916,5,0.2670021,0.1120272,-0.1228922,-2.858675,5.54975,5.519111,-1.637026,7716
28.16,2.189453,5,0.255371,0.1052377,-0.2297625,-2.595039,5.54975,5.516438,-1.655746,7712
28.18,14.13159,5,0.2566477,0.11438,-0.1381594,-2.317097,5.61723,5.556964,-1.486899,7724
28.2,8.693481,5,0.2671632,0.1364326,0.1213828,-0.9614531,5.61723,5.5769,-1.365557,7708
28.22,-5.201416,5,0.2829813,0.1623299,0.7626044,-0.6908109,5.54975,5.546009,-1.417477,7712
28.24,-0.7480469,5,0.3121769,0.1812682,0.9916119,-2.008252,5.54975,5.532645,-1.450408,7720
28.26,0.4182129,5,0.3609699,0.1923135,1.495429,-2.590112,5.54975,5.529662,-1.465414,7700
28.28,1.588257,5,0.3366924,0.1852827,0.6251997,-2.773524,5.54975,5.522023,-1.654741,7684
28.3,2.70105,5,0.328606,0.1773268,0.1061156,-2.748274,5.54975,5.516809,-1.721461,7716
28.32,3.486816,5,0.3222541,0.1723192,0.3809245,-2.596451,5.54975,5.513878,-1.749995,7712
28.34,4.151367,5,0.3132602,0.1701055,-0.3519,-2.384502,5.54975,5.511789,-1.763984,7708
28.36,4.428833,5,0.3202526,0.1749721,-0.3519,-2.198604,5.54975,5.512232,-1.725379,7712
28.38,4.942017,5,0.3105447,0.179018,-0.1534266,-2.011966,5.54975,5.510999,-1.735087,7712
28.4,17.28687,5,0.3012162,0.1910022,-0.2755641,-1.776436,5.61723,5.550015,-1.58424,7712
28.42,12.22363,5,0.3124491,0.215132,0.01451245,-0.4091728,5.61723,5.569637,-1.430584,7716
28.44,-1.157837,5,0.3157524,0.2396783,0.7778715,-0.04935327,5.54975,5.537477,-1.477331,7724
28.46,13.70227,5,0.4021164,0.2834628,3.571766,-1.423616,5.61723,5.572482,-1.201634,7716
28.48,9.502563,5,0.4171505,0.3071657,0.8847416,-0.8786312,5.61723,5.584983,-1.273472,7704
28.5,-3.73877,5,0.4379874,0.3243551,-0.04655629,-1.037264,5.54975,5.548727,-1.444384,7716
28.52,12.62317,5,0.4628692,0.3382377,0.7168028,-2.535339,5.61723,5.571864,-1.448384,7712
28.54,-1.805054,5,0.455964,0.3282581,-0.1686933,-1.874066,5.54975,5.537312,-1.709583,7708
28.56,2.58667,5,0.4611694,0.3221039,-0.1381594,-2.91148,5.54975,5.521096,-1.817476,7720
28.58,16.06958,5,0.4652874,0.3163825,-0.1381594,-3.141089,5.61723,5.553592,-1.788463,7728
28.6,11.48474,5,0.4599164,0.3179892,-0.2144953,-1.914437,5.61723,5.567332,-1.793656,7704
28.62,9.934448,5,0.4505981,0.3302935,0.2129859,-1.535441,5.61723,5.571796,-1.802256,7716
28.64,-3.071045,5,0.5024152,0.3491471,1.724437,-1.639933,5.54975,5.538359,-1.840932,7712
28.66,25.54895,5,0.4864345,0.3617508,0.3809245,-2.914376,5.684711,5.598547,-1.784568,7700
28.68,5.461792,5,0.5063154,0.3709129,0.1213828,-0.9582347,5.61723,5.586112,-1.830201,7712
28.7,7.648071,5,0.5019489,0.3881176,0.7778715,-1.678281,5.61723,5.578244,-1.888149,7732
28.72,7.976807,5,0.5541985,0.4057057,2.51833,-2.106424,5.61723,5.578669,-1.85725,7712
28.74,8.560913,5,0.5428135,0.407976,0.1519171,-2.315877,5.61723,5.57385,-2.011775,7720
28.76,8.412964,5,0.5779557,0.4169016,0.3656577,-2.513215,5.61723,5.574327,-2.010605,7712
28.78,-2.689697,5,0.5619614,0.4072759,0.4572606,-2.628929,5.54975,5.529143,-2.296975,7724
28.8,14.59277,5,0.5750582,0.4034453,0.5793981,-3.843854,5.61723,5.549735,-2.268536,7724
28.82,11.71924,5,0.5686002,0.3952535,0.1519171,-2.879445,5.61723,5.557436,-2.323763,7716
28.84,22.16992,5,0.5641993,0.4082763,-0.04655629,-2.492927,5.684711,5.601162,-2.19019,7740
28.86,27.45276,5,0.5902668,0.4450153,0.04504682,-1.244634,5.752191,5.663989,-1.936922,7732
28.88,-3.788086,5,0.6077753,0.4784528,0.3351234,0.00488466,5.61723,5.61031,-2.113574,7712
28.9,15.02942,5,0.6564692,0.5159345,3.174819,-2.458454,5.684711,5.627798,-2.053981,7724
28.92,-11.38757,5,0.7228844,0.5217704,3.373292,-2.457668,5.54975,5.556943,-2.360277,7728
28.94,10.34424,5,0.702845,0.5078613,-0.7488468,-5.030885,5.61723,5.557473,-2.614748,7744
28.96,-2.747559,5,0.7343171,0.4798085,0.3503905,-4.669548,5.54975,5.518912,-2.846997,7736
28.98,26.06067,5,0.6797401,0.4575855,-0.8404495,-5.520863,5.684711,5.574783,-2.891141,7728
29,5.440552,5,0.7047863,0.4517697,0.3351234,-3.287855,5.61723,5.564017,-2.902423,7708
29.02,7.518921,5,0.6746043,0.4553454,0.1213828,-3.794142,5.61723,5.554637,-3.027812,7692
29.04,7.792969,5,0.7226448,0.4659462,2.060315,-4.079173,5.61723,5.555091,-2.985213,7720
29.06,19.57715,5,0.7180213,0.4754765,-0.2602969,-4.198148,5.684711,5.592624,-2.973097,7704
29.08,-8.580811,5,0.7192656,0.4729802,-0.04655629,-3.141642,5.54975,5.526658,-3.24645,7708
29.1,12.67627,5,0.6993298,0.4683716,-0.06182348,-5.191284,5.61723,5.533112,-3.311864,7728
29.12,12.06567,5,0.6865407,0.4500478,0.04504682,-4.352671,5.61723,5.534192,-3.360315,7728
29.14,12.60828,5,0.6495507,0.4403439,-0.9320526,-3.734115,5.61723,5.532266,-3.367496,7744
29.16,12.78345,5,0.6598513,0.4475216,0.304589,-3.302184,5.61723,5.535224,-3.235954,7736
29.18,13.47937,5,0.6377904,0.4534592,0.04504682,-2.91993,5.61723,5.534553,-3.212922,7728
29.2,14.92542,5,0.6091707,0.4569111,-0.1228922,-2.494445,5.61723,5.531837,-3.168894,7732
29.22,4.430969,5,0.6096661,0.4604523,-0.01602192,-2.087541,5.54975,5.49239,-3.154168,7736
29.24,11.12463,5,0.5888903,0.4571847,-0.4129688,-2.799997,5.54975,5.473643,-3.136473,7736
29.26,25.83777,5,0.5877589,0.4602185,-0.3519,-2.558046,5.61723,5.508438,-2.886163,7752
29.28,10.6814,5,0.5644679,0.4639359,-0.3824344,-0.8536493,5.54975,5.483871,-2.847582,7724
29.3,14.80078,5,0.5693932,0.4825305,-0.3977011,-1.267363,5.54975,5.476263,-2.67937,7724
29.32,28.32623,5,0.576896,0.5039174,0.1824515,-1.116095,5.61723,5.515458,-2.418115,7740
29.34,35.66669,5,0.5723446,0.5380403,-0.4435031,0.3965499,5.684711,5.574479,-2.094971,7728
29.36,17.25482,5,0.5793386,0.5817948,-0.1534266,2.094331,5.61723,5.562186,-1.960073,7724
29.38,19.4101,5,0.6338146,0.6365986,2.655735,1.181775,5.61723,5.562061,-1.754456,7744
29.4,6.784241,5,0.7472043,0.6849021,2.014513,0.3959762,5.54975,5.531404,-1.696219,7732
29.42,23.81165,5,0.7430527,0.7019928,0.4877952,-1.353738,5.61723,5.550157,-1.842221,7716
29.44,21.51733,5,0.7433443,0.7012088,-1.084725,-0.7894767,5.61723,5.554748,-1.942227,7720
29.46,20.57501,5,0.755044,0.7101941,0.7778715,-0.6880868,5.61723,5.55719,-1.953158,7720
29.48,7.978821,5,0.7917441,0.7189022,0.4114593,-0.8648679,5.54975,5.520275,-2.082332,7740
29.5,12.97308,5,0.8008372,0.7151269,-0.107625,-2.282858,5.54975,5.501128,-2.267895,7592
29.52,27.62482,5,0.772492,0.6968492,-0.0007547362,-2.593374,5.61723,5.526967,-2.358858,7712
29.54,34.8642,5,0.7825343,0.7026294,0.3656577,-1.329494,5.684711,5.581584,-2.166393,7692
29.56,16.37909,5,0.7639309,0.7160213,0.6862684,0.2728112,5.61723,5.56316,-2.257377,7704
29.58,19.21851,5,0.7766345,0.7374095,1.877109,-0.5748883,5.61723,5.554957,-2.251088,7716
29.6,20.34955,5,0.8052759,0.750062,1.11375,-0.9403072,5.61723,5.552294,-2.259083,7720
29.62,9.898682,5,0.7911222,0.7424948,0.7168028,-1.041964,5.54975,5.506462,-2.496331,7724
29.64,27.51172,5,0.8024919,0.7406358,0.1519171,-2.174347,5.61723,5.527341,-2.424501,7728
29.66,24.53583,5,0.8058696,0.7381989,0.1366499,-1.154039,5.61723,5.537184,-2.412158,7712
29.68,11.29199,5,0.8209907,0.7452452,0.7778715,-0.8566433,5.54975,5.503154,-2.491345,7720
29.7,27.40546,5,0.8387045,0.7574388,1.510696,-2.029365,5.61723,5.528767,-2.428758,7712
29.72,13.08856,5,0.81799,0.7473428,-0.7946484,-1.130471,5.54975,5.494995,-2.649407,7728
29.74,16.71399,5,0.8568152,0.7542873,0.7626044,-2.112217,5.54975,5.484809,-2.610139,7720
29.76,30.3811,5,0.8343419,0.7497367,-0.4435031,-2.291287,5.61723,5.515882,-2.637531,7596
29.78,14.12231,5,0.8478534,0.7505953,0.1977187,-1.100582,5.54975,5.49134,-2.691517,7720
29.8,29.52844,5,0.836242,0.7608932,0.4267263,-1.889454,5.61723,5.51864,-2.635722,7704
29.82,14.00958,5,0.8584585,0.7666418,0.02977964,-0.9531142,5.54975,5.49233,-2.696244,7724
29.84,18.02454,5,0.8550047,0.7714179,0.6557342,-1.88748,5.54975,5.478672,-2.774409,7728
29.86,20.33337,5,0.8476628,0.7631906,-0.01602192,-2.071037,5.54975,5.470276,-2.852717,7728
29.88,32.66833,5,0.8611128,0.7695675,-0.1686933,-1.977647,5.61723,5.509427,-2.68689,7728
29.9,15.91742,5,0.8619197,0.7766359,-0.107625,-0.6977434,5.54975,5.486577,-2.757711,7712
29.92,19.4422,5,0.8632516,0.7875887,-0.03128911,-1.545387,5.54975,5.47545,-2.788299,7716
29.94,22.14136,5,0.8349735,0.7785133,-0.3671672,-1.649206,5.54975,5.465357,-2.895329,7724
29.96,23.81866,5,0.8271835,0.7724953,-0.3366328,-1.415391,5.54975,5.461315,-2.857585,7728
29.98,24.26434,5,0.8394815,0.7778745,-0.4435031,-1.12985,5.54975,5.462973,-2.755166,7712
30,24.47998,5,0.838532,0.7863673,-0.2297625,-0.8895208,5.54975,5.464139,-2.71062,7724
30.02,47.92651,5,0.8396876,0.8125252,-0.1228922,-0.6585596,5.684711,5.546158,-2.388797,7712
30.04,25.63507,5,0.851897,0.8457507,0.1519171,1.797362,5.61723,5.544067,-2.304848,7696
30.06,26.57062,5,0.8766311,0.89227,2.136651,1.090112,5.61723,5.544338,-2.206043,7712
30.08,11.7052,5,1.063369,0.9569562,8.121386,0.06565386,5.54975,5.523159,-2.015065,7724
30.1,27.77496,5,1.043559,0.9735953,-0.09235785,-2.018082,5.61723,5.540222,-2.36408,7696
30.12,12.73907,5,1.085751,0.9696534,-0.1228922,-1.941773,5.54975,5.506176,-2.635929,7736
30.14,29.23071,5,1.054442,0.955193,0.3503905,-3.281489,5.61723,5.522764,-2.857717,7724
30.16,26.06238,5,1.060937,0.9407256,-0.7793808,-2.526461,5.61723,5.529284,-2.957158,7704
30.18,12.83777,5,1.067121,0.9327713,0.1519171,-2.397577,5.54975,5.491474,-3.166584,7708
30.2,17.7207,5,1.065717,0.9190712,0.09084838,-3.643813,5.54975,5.471854,-3.362906,7720
30.22,31.66101,5,1.056991,0.9020755,-0.3977011,-3.919969,5.61723,5.50097,-3.399558,7720
30.24,16.1142,5,1.031928,0.8826652,-0.06182348,-2.637831,5.54975,5.470735,-3.589883,7712
30.26,19.91815,5,1.031554,0.8770248,-0.2144953,-3.359579,5.54975,5.45794,-3.628221,7708
30.28,20.63171,5,1.069699,0.8772367,0.8389403,-3.580114,5.54975,5.456727,-3.607814,7720
30.3,20.84619,5,1.063151,0.8728508,0.1366499,-3.63196,5.54975,5.453777,-3.71761,7680
30.32,32.37537,5,1.073979,0.8804356,0.5488637,-3.656328,5.61723,5.493412,-3.621215,7704
30.34,26.93958,5,1.076094,0.8937488,0.4877952,-2.516404,5.61723,5.510253,-3.611705,7720
30.36,25.06873,5,1.072591,0.9130254,0.4725278,-2.300002,5.61723,5.515543,-3.629278,7696
30.38,24.67255,5,1.083097,0.9301875,0.1061156,-2.378803,5.61723,5.516857,-3.640779,7700
30.4,25.39081,5,1.069013,0.9363254,-0.03128911,-2.420016,5.61723,5.513393,-3.714201,7732
30.42,14.68622,5,1.068672,0.9330519,-0.2602969,-2.395437,5.54975,5.470496,-3.849313,7736
30.44,32.28088,5,1.071779,0.9333773,-0.2602969,-3.441242,5.61723,5.492036,-3.765522,7736
30.46,29.55457,5,1.067759,0.9317656,-0.2144953,-2.339492,5.61723,5.501726,-3.729934,7720
30.48,17.40442,5,1.04627,0.930997,-0.1534266,-1.837598,5.54975,5.463793,-3.836472,7728
30.5,22.83459,5,1.054093,0.932173,-0.2297625,-2.754313,5.54975,5.448294,-3.817987,7708
30.52,36.89661,5,1.052164,0.9329209,-0.07709067,-2.775109,5.61723,5.482097,-3.6851,7732
30.54,20.98047,5,1.0501,0.9359183,-0.3213652,-1.385063,5.54975,5.457953,-3.703571,7740
30.56,24.90027,5,1.044975,0.9451703,-0.1228922,-2.052594,5.54975,5.447013,-3.684003,7736
30.58,38.42908,5,1.049416,0.955211,-0.09235785,-2.082145,5.61723,5.483187,-3.519954,7728
30.6,22.53955,5,1.043812,0.9626713,-0.1992282,-0.7387581,5.54975,5.458919,-3.547565,7744
30.62,26.41895,5,1.047428,0.9766783,0.09084838,-1.463216,5.54975,5.44879,-3.50172,7716
30.64,39.823,5,1.057419,0.9904493,0.02977964,-1.552832,5.61723,5.485621,-3.332064,7724
30.66,35.21436,5,1.062363,1.01011,0.1671843,-0.2721671,5.61723,5.503112,-3.213387,7744
30.68,45.10706,5,1.065853,1.046795,0.01451245,0.1255966,5.684711,5.551648,-2.982255,7732
30.7,27.79846,5,1.077696,1.079167,0.1519171,1.326779,5.61723,5.5328,-2.976927,7736
30.72,43.11047,5,1.081809,1.113964,0.1977187,0.3906013,5.684711,5.563038,-2.835948,7724
30.74,27.53113,5,1.123494,1.139123,1.81604,1.158142,5.61723,5.539252,-2.826655,7716
30.76,32.08307,5,1.109223,1.151219,-0.4740371,0.1457114,5.61723,5.524029,-2.923058,7716
30.78,22.13055,5,1.152237,1.153391,2.41146,-0.2289594,5.54975,5.480709,-2.997814,7724
30.8,40.38281,5,1.131068,1.145084,-1.390068,-1.380825,5.61723,5.497563,-3.036866,7732
30.82,37.50983,5,1.148736,1.142941,-0.07709067,-0.3570566,5.61723,5.508225,-2.962467,7732
30.84,25.03851,5,1.128992,1.140713,-0.2602969,0.07132804,5.54975,5.470345,-3.110686,7740
30.86,41.30426,5,1.158668,1.153227,1.11375,-0.9766718,5.61723,5.497524,-2.953928,7736
30.88,49.54669,5,1.155248,1.166013,0.4572606,0.01234017,5.684711,5.548742,-2.828777,7728
30.9,20.05908,5,1.144883,1.175509,-0.4740371,1.483184,5.54975,5.488923,-3.017319,7736
30.92,39.17493,5,1.19737,1.203747,2.915277,-0.6702784,5.61723,5.507837,-2.850831,7760
30.94,34.76263,5,1.294676,1.232812,4.19772,-0.4893788,5.61723,5.52501,-2.749945,7764
30.96,33.60669,5,1.259361,1.239453,-1.099992,-0.6974338,5.61723,5.522191,-3.0321,7736
30.98,21.45917,5,1.298854,1.242555,0.3809245,-1.110955,5.54975,5.481838,-3.209348,7744
31,27.57178,5,1.271441,1.221863,-0.2450293,-2.517608,5.54975,5.456203,-3.513191,7732
31.02,30.38702,5,1.273928,1.194542,-0.3213652,-2.838436,5.54975,5.444177,-3.64126,7748
31.04,42.55194,5,1.283086,1.185219,-0.183961,-2.774233,5.61723,5.481394,-3.558924,7732
31.06,25.28711,5,1.288416,1.182208,-0.2144953,-1.549969,5.54975,5.458224,-3.684723,7712
31.08,39.98413,5,1.285889,1.191615,-0.06182348,-2.451434,5.61723,5.48651,-3.659881,7740
31.1,36.40381,5,1.278385,1.193788,-0.1534266,-1.537127,5.61723,5.496335,-3.711581,7744
31.12,23.02722,5,1.301036,1.203675,0.7931387,-1.396588,5.54975,5.462292,-3.799103,7724
31.14,27.85632,5,1.307173,1.203985,-0.1992282,-2.672846,5.54975,5.445026,-3.929931,7712
31.16,41.91022,5,1.301291,1.196639,-0.2144953,-2.981398,5.61723,5.475203,-3.924338,7724
31.18,37.35541,5,1.307877,1.19998,-0.07709067,-1.789422,5.61723,5.489996,-3.878595,7720
31.2,23.54596,5,1.321319,1.211116,0.5488637,-1.533001,5.54975,5.457247,-3.975582,7716
31.22,39.83679,5,1.327004,1.221402,0.04504682,-2.749357,5.61723,5.481225,-3.954087,7716
31.24,25.64056,5,1.308884,1.210357,-0.2908313,-1.870237,5.54975,5.44729,-4.159417,7724
31.26,30.2334,5,1.309101,1.205892,0.3961921,-2.721958,5.54975,5.432358,-4.194392,7732
31.28,44.18121,5,1.296841,1.200003,-0.4129688,-2.751359,5.61723,5.464726,-4.121011,7736
31.3,39.8299,5,1.292219,1.205541,0.1366499,-1.346011,5.61723,5.480291,-4.027352,7732
31.32,26.53577,5,1.29211,1.218158,0.7320697,-0.879916,5.54975,5.447426,-4.073403,7728
31.34,31.28619,5,1.309689,1.228843,0.07558119,-1.968755,5.54975,5.433827,-4.071304,7736
31.36,33.54724,5,1.312165,1.22563,-0.1228922,-2.212326,5.54975,5.426733,-4.116317,7728
31.38,34.91064,5,1.300216,1.219385,-0.1534266,-2.102054,5.54975,5.422282,-4.14124,7704
31.4,47.14148,5,1.300821,1.226998,-0.3519,-1.866071,5.61723,5.462112,-3.963359,7736
31.42,30.51398,5,1.299063,1.236393,0.07558119,-0.4927087,5.54975,5.439991,-3.989657,7720
31.44,45.76917,5,1.296852,1.257523,0.2282531,-1.227697,5.61723,5.470093,-3.843449,7728
31.46,30.13879,5,1.324816,1.272749,-0.3213652,-0.2884481,5.54975,5.445858,-3.848334,7732
31.48,33.87189,5,1.334799,1.287453,0.6557342,-1.276151,5.54975,5.434711,-3.868989,7740
31.5,35.43195,5,1.354495,1.292021,-0.1381594,-1.614252,5.54975,5.430268,-3.888474,7716
31.52,48.17627,5,1.339023,1.295497,0.3198562,-1.600416,5.61723,5.465832,-3.828355,7732
31.54,55.23444,5,1.331475,1.313689,-0.3671672,-0.2525068,5.684711,5.521927,-3.620027,7724
31.56,36.2384,5,1.347149,1.34609,1.358024,1.273784,5.61723,5.508802,-3.564747,7716
31.58,25.84564,5,1.418427,1.386311,3.388559,0.1020415,5.54975,5.468678,-3.571523,7720
31.6,42.21747,5,1.487031,1.414872,2.396193,-1.923469,5.61723,5.493568,-3.542608,7708
31.62,39.3985,5,1.47438,1.412477,-0.3671672,-1.565723,5.61723,5.497015,-3.776277,7720
31.64,27.00952,5,1.477612,1.406229,0.304589,-1.652352,5.54975,5.455876,-4.008624,7708
31.66,43.84705,5,1.482684,1.401146,-0.04655629,-2.952433,5.61723,5.476279,-4.044407,7720
31.68,98.64105,5,1.476755,1.430043,-0.1534266,-1.96624,5.95463,5.686522,-3.442411,7720
31.7,0.6911621,5,1.478742,1.454239,0.2435202,4.053842,5.54975,5.537849,-3.901016,7676
31.72,32.31427,5,1.541639,1.506929,7.144286,-2.041998,5.61723,5.514724,-3.890027,7704
31.74,39.04236,5,1.901518,1.58594,12.19772,-4.064236,5.684711,5.581493,-3.378755,7720
31.76,81.04803,5,1.707261,1.585135,-8.168697,-3.972819,5.95463,5.730731,-3.969606,7700
31.78,56.17981,5,1.843297,1.65151,5.617568,-0.1443076,5.95463,5.810566,-3.624985,7688
31.8,48.36938,5,1.74753,1.698318,0.7320697,0.1902622,5.95463,5.822892,-4.098033,7696
31.82,42.91614,5,1.935676,1.777874,9.373294,-1.014164,5.95463,5.843352,-3.900673,7696
31.84,41.07062,5,1.93988,1.805813,2.747338,-2.376376,5.95463,5.837971,-4.418636,7684
31.86,40.33093,5,1.996152,1.816605,0.04504682,-3.656776,5.95463,5.831756,-4.72992,7692
31.88,41.4104,5,1.963802,1.793906,0.4572606,-4.472934,5.95463,5.815832,-5.23275,7660
31.9,42.61072,5,1.958004,1.766103,-0.5045714,-4.88862,5.95463,5.80377,-5.527262,7692
31.92,42.87079,5,1.968422,1.745527,0.4572606,-5.082192,5.95463,5.797592,-5.720664,7684
31.94,-119.0928,5,1.968758,1.618046,0.304589,-5.542513,5.009911,5.223687,-7.848273,7696
31.96,-42.86414,5,1.964055,1.412069,-0.1381594,-22.17681,5.009911,4.961332,-9.120642,7740
31.98,-22.32635,5,1.871927,1.074083,-5.130528,-25.18581,4.94243,4.797147,-10.33274,7740
32,66.07343,5,1.177539,0.6812039,-41.20687,-22.64508,5.27983,4.863471,-11.23467,7748
32.02,119.5243,-5,0.2023318,0.2725007,-41.03893,-8.745132,5.27983,4.823912,-11.60531,7728
32.04,129.9338,-5,-0.002138868,0.2267939,-7.466405,6.598928,5.27983,4.865141,-8.738958,7716
32.06,68.23309,-5,0.3114944,0.5023697,21.96872,16.69703,4.94243,4.779963,-5.752974,7712
32.08,239.7536,-5,1.035549,1.113084,39.1901,15.15009,5.887151,5.413552,-0.8964778,7732
32.1,161.4463,-5,1.933241,1.876395,46.09086,28.51571,5.95463,5.819337,2.086934,7680
32.12,44.86047,-5,2.442057,2.585658,21.78551,27.62994,5.54975,5.746546,1.66279,7672
32.14,57.92996,-5,3.55007,3.255374,56.38095,11.62071,5.61723,5.799712,1.88052,7704
32.16,101.3537,-5,4.374792,3.727246,34.27407,-0.2630789,5.95463,6.016665,0.670759,7704
32.18,95.4075,-5,4.126344,3.818597,-11.22213,-2.862794,6.02211,6.014284,-3.357587,7664
32.2,-81.25381,-5,3.803672,3.61719,-21.49694,-4.489731,4.94243,5.263286,-8.429574,7688
32.22,89.0824,-5,3.750149,3.379738,-0.8557167,-23.0393,5.34731,5.140085,-10.06335,7744
32.24,149.8488,-5,3.621076,3.103783,-10.3061,-17.53622,5.61723,5.2306,-10.84597,7724
32.26,218.9281,-5,2.923464,2.915952,-39.29848,-5.245134,6.02211,5.446242,-11.2021,7708
32.28,28.82108,-5,2.439049,2.787816,-9.038925,11.15328,5.009911,4.909734,-12.37101,7684
32.3,77.8063,-5,2.754788,2.897922,22.47253,1.762118,4.87495,4.662716,-10.86157,7732
32.32,142.5925,-5,3.276348,3.067424,37.54124,-1.090948,5.077391,4.744498,-9.200961,7744
32.34,169.4916,-5,3.443978,3.268113,-3.558008,3.132343,5.27983,4.912654,-8.46841,7784
32.36,-10.72398,-5,3.122052,3.279457,-17.51221,9.404113,4.267631,4.320284,-11.05542,7728
32.38,301.364,-5,3.414018,3.503627,17.11375,-5.052339,5.61723,4.900341,-8.08606,7796
32.4,213.7914,-5,3.596638,3.73256,11.54123,16.3221,5.54975,5.136672,-6.932959,7716
32.42,31.78853,-5,3.499608,3.984936,-10.47404,21.62153,4.60503,4.650115,-8.286308,7708
32.44,119.5156,-5,3.632407,4.151151,32.94582,6.418159,4.67251,4.462204,-8.571096,7756
32.46,191.5934,-5,4.435564,4.391308,34.56414,2.719917,5.009911,4.665784,-6.692015,7764
32.48,213.7891,-5,4.082779,4.477991,-15.1916,8.862739,5.21235,4.801165,-7.838595,7728
32.5,-2.628235,-5,3.892039,4.453062,-4.245031,15.39847,3.99771,4.096811,-10.31221,7712
32.52,116.3756,-5,4.150766,4.478292,12.06032,-2.883824,4.13267,3.891323,-10.22158,7808
32.54,230.7377,-5,4.554508,4.520231,22.59467,-4.04748,4.67251,4.167767,-8.986687,7780
32.56,27.41992,-5,4.309806,4.435835,-14.48931,7.202336,3.660311,3.643945,-11.56637,7760
32.58,170.2825,-5,3.879237,4.326115,-17.93969,-4.259586,3.99771,3.55459,-12.41992,7832
32.6,165.5131,-5,4.184949,4.301737,21.29696,1.595886,3.93023,3.532328,-11.25556,7804
32.62,249.4859,-5,3.857096,4.337242,-17.97023,6.289383,4.335111,3.736122,-10.67378,7824
32.64,290.7447,-5,3.648324,4.489609,6.090851,18.76143,4.67251,4.021111,-8.956952,7788
32.66,81.17206,-5,3.951335,4.777369,5.28169,29.83228,3.660311,3.596069,-8.349856,7772
32.68,187.6711,-5,4.443921,5.148952,30.85422,14.51363,3.93023,3.613429,-6.972983,7836
32.7,-2.61145,-5,5.511456,5.439409,49.0985,11.22848,2.918031,3.110338,-7.52431,7816
32.72,128.6563,-5,5.608947,5.504606,-0.6419765,-10.31984,3.25543,3.033,-9.787511,7872
32.74,37.67596,-5,5.497696,5.242341,-3.237398,-11.13241,2.64811,2.573629,-13.36411,7876
32.76,180.2861,-5,5.296372,5.002636,-15.29847,-19.99447,3.12047,2.619165,-14.40283,7896
32.78,97.04572,-5,4.450545,4.544252,-47.22215,-8.777819,2.58063,2.21791,-17.49012,7892
32.8,112.5674,-5,3.953661,4.201577,-24.10763,-8.158072,2.31071,1.864308,-17.99585,7896
32.82,44.82935,-5,3.928927,3.946824,1.342757,-6.28695,1.63591,1.354001,-17.96665,7932
32.84,194.7593,-5,3.994175,3.861136,-2.870985,-11.86851,2.108271,1.462001,-16.11807,7976
32.86,78.73804,-5,3.977829,3.783728,-1.237397,-0.5375562,1.500951,1.174879,-16.07754,7924
32.88,70.54504,-5,3.720708,3.715486,-16.06183,-3.967261,1.16355,0.8331671,-16.5799,7964
32.9,8.983276,-5,3.618027,3.535103,0.1824515,-6.889131,0.4887505,0.2829793,-17.51198,7976
32.92,232.2021,-5,3.797028,3.511609,5.999248,-15.24428,1.365991,0.6176814,-14.9709,8032
32.94,68.09717,-5,3.540743,3.40277,-20.97786,2.406004,0.6237106,0.3144228,-15.60678,7956
32.96,51.91101,-5,3.220018,3.341802,-22.09237,-1.517294,0.2188301,-0.07685775,-16.00284,7988
32.98,-55.24316,-5,3.396672,3.200161,8.945812,-6.613625,-0.7258892,-0.7720585,-16.72111,8032
33,147.8119,-5,3.800775,3.172717,12.07559,-21.84908,-0.05108929,-0.6053238,-14.78306,8084
33.02,8.778076,-5,3.379869,2.89973,-24.36718,-10.23339,-0.7933693,-1.020643,-16.89544,8024
33.04,34.81665,-5,2.686292,2.579166,-36.0313,-14.31679,-1.06329,-1.42384,-18.23603,8072
33.06,127.0764,-5,3.011282,2.485891,12.94581,-15.32608,-0.7933693,-1.345274,-15.55262,8100
33.08,62.18616,-5,2.922007,2.431555,-8.809917,-6.465241,-1.13077,-1.488758,-15.13115,8080
33.1,163.6348,-5,2.558462,2.435223,-18.41298,-5.738072,-0.7258892,-1.331471,-14.076,8100
33.12,12.88647,-5,2.849735,2.534193,17.3275,3.77314,-1.46817,-1.639779,-13.06751,8080
33.14,125.9418,-5,3.087258,2.745427,5.480163,-5.763433,-1.06329,-1.49804,-11.4451,8144
33.16,163.4531,-5,3.414667,2.969261,17.58704,-1.586079,-0.7258892,-1.199957,-9.829995,8092
33.18,6.612549,-5,3.223133,3.059602,-9.619079,5.35328,-1.46817,-1.552856,-11.40524,8072
33.2,112.9004,-5,3.446329,3.208949,16.50307,-6.485852,-1.13077,-1.490286,-10.56489,8112
33.22,-5.112549,-5,3.847668,3.262794,11.98398,-5.128825,-1.738089,-1.791147,-11.23194,8100
33.24,104.9169,-5,3.474724,3.16711,-18.87099,-14.74215,-1.40069,-1.791894,-12.59255,8124
33.26,6.56604,-5,3.197474,2.913807,-7.634346,-9.25231,-2.008009,-2.186991,-14.27479,8128
33.28,-66.45593,-5,3.07958,2.649264,-6.962589,-15.41337,-2.75029,-2.798435,-15.76385,8184
33.3,78.17798,-5,2.836698,2.329426,-9.802284,-25.87094,-2.412889,-2.875523,-15.962,8204
33.32,189.2729,-5,2.756792,2.1504,-10.64198,-17.6617,-1.805569,-2.510697,-13.94628,8204
33.34,34.90222,-5,2.215653,2.012971,-27.61908,0.5604642,-2.48037,-2.777703,-14.45792,8148
33.36,2.849731,-5,1.386609,1.792917,-39.87863,-0.3328085,-3.02021,-3.287164,-15.63143,8184
33.38,-91.35291,-5,1.634808,1.607573,30.2588,-5.263569,-3.96493,-3.992053,-14.95066,8232
33.4,225.2637,-5,2.185668,1.687401,31.2359,-19.32107,-2.61533,-3.381106,-10.45284,8264
33.42,14.56995,-5,2.275631,1.719514,-1.863351,2.79471,-3.357609,-3.522189,-10.28677,8232
33.44,116.5964,-5,1.884929,1.836566,-25.83282,-2.380154,-2.95273,-3.384639,-9.775,8240
33.46,-2.749146,-5,1.078858,1.618568,-40.04657,7.009524,-3.695009,-3.86375,-11.80495,8240
33.48,69.69751,-5,1.38586,1.641829,16.64047,0.2134749,-3.627529,-3.945333,-9.086881,8268
33.5,120.6772,-5,1.858278,1.794773,23.58704,1.595666,-3.357609,-3.729792,-6.369932,8268
33.52,84.88806,-5,2.320629,2.080404,21.70918,6.10999,-3.357609,-3.57073,-4.668762,8232
33.54,-98.24829,-5,2.573462,2.253624,10.4878,4.279932,-4.30233,-4.063227,-6.373367,8220
33.56,172.5447,-5,2.935556,2.443933,15.84658,-16.1724,-3.08769,-3.547323,-5.095068,8292
33.58,-61.12463,-5,2.995323,2.375725,-0.4282355,-2.913834,-4.03241,-3.910073,-7.599483,8208
33.6,2.875977,-5,2.762693,2.281033,-17.29847,-16.9588,-3.96493,-4.081364,-9.358719,8260
33.62,74.88379,-5,2.98406,2.172556,9.113751,-20.40273,-3.627529,-3.936082,-9.208276,8280
33.64,-120.8132,-5,2.857488,1.947831,-9.405337,-15.38974,-4.639729,-4.498353,-12.009,8232
33.66,195.1283,-5,2.316697,1.739125,-27.68015,-29.51236,-3.290129,-4.007881,-11.73581,8300
33.68,-33.08667,-5,1.588614,1.327922,-38.67252,-4.862889,-4.30233,-4.458163,-13.87858,8236
33.7,113.9596,-5,0.7750269,1.081399,-39.23741,-8.697236,-3.897449,-4.457707,-13.05548,8304
33.72,34.073,-5,1.232019,1.084531,24.213,1.973167,-4.30233,-4.570732,-9.991292,8296
33.74,47.01147,-5,1.531641,1.272136,9.999249,-0.01997447,-4.30233,-4.549013,-7.986569,8304
33.76,46.62878,-5,1.709574,1.429285,10.6252,-0.5949183,-4.30233,-4.51842,-7.188947,8292
33.78,-117.3328,-5,1.834242,1.447617,5.87711,-1.764754,-5.247049,-5.06557,-8.678953,8300
33.8,175.9032,-5,1.976472,1.516601,7.373293,-19.06819,-3.96493,-4.532518,-6.860569,8340
33.82,87.22144,-5,2.123948,1.566196,3.00688,-1.42382,-4.03241,-4.31663,-6.168459,8276
33.84,88.52905,-5,1.834715,1.708012,-17.13053,2.286232,-3.897449,-4.177813,-6.104488,8268
33.86,-89.23071,-5,1.435041,1.624369,1.281688,5.863609,-4.909649,-4.78313,-8.527825,8268
33.88,-27.06372,-5,1.893159,1.62107,29.44964,-11.25739,-4.977129,-5.025522,-7.783453,8324
33.9,-1.804321,-5,2.213726,1.518725,15.23589,-17.35651,-4.977129,-5.097144,-7.959592,8360
33.92,74.28015,-5,2.154822,1.414053,-3.893886,-18.50459,-4.572248,-4.895697,-8.023874,8344
33.94,28.17981,-5,1.780615,1.263236,-21.64962,-10.39234,-4.707209,-4.929757,-9.028564,8324
33.96,115.6343,-5,1.123681,1.114873,-37.08474,-7.31853,-4.30233,-4.76747,-9.05422,8328
33.98,97.99707,-5,0.4647003,0.9507483,-28.32137,5.770766,-4.36981,-4.778703,-8.609118,8300
34,102.4552,-5,0.9111423,1.166539,30.60994,11.18931,-4.30233,-4.626423,-4.779096,8280
34.02,88.78528,-5,1.448326,1.547911,26.47253,13.46646,-4.23485,-4.436389,-2.217625,8300
34.04,17.51135,-5,2.281191,2.016939,38.04506,10.71923,-4.43729,-4.393305,-0.8375295,8304
34.06,32.40051,-5,2.738759,2.35483,20.3046,0.21608,-4.30233,-4.299116,-1.422593,8328
34.08,15.15381,-5,3.06458,2.509013,15.99925,-6.336998,-4.30233,-4.281916,-2.90222,8308
34.1,-161.3431,-5,3.037108,2.359737,-4.397703,-12.72699,-5.314529,-4.941331,-7.232159,8312
34.12,-14.39819,-5,2.805131,2.011975,-19.55801,-33.88274,-4.977129,-5.097706,-9.910237,8352
34.14,54.5575,-5,2.251404,1.478514,-29.0084,-31.08238,-4.707209,-5.072408,-11.83581,8336
34.16,66.88708,-5,1.499911,1.029613,-41.32901,-19.74893,-4.639729,-5.067513,-12.51183,8328
34.18,-22.1936,-5,0.5325651,0.5831312,-47.8023,-7.978836,-5.247049,-5.489105,-13.83211,8324
34.2,32.73804,-5,0.04219586,0.2795135,7.709171,-7.520711,-5.314529,-5.699811,-12.54344,8364
34.22,42.16162,-5,0.8249349,0.3757417,32.71682,-4.270071,-5.314529,-5.613848,-8.116079,8356
34.24,38.72473,-5,1.153023,0.5942645,9.327493,-2.231893,-5.247049,-5.471416,-6.276688,8340
34.26,14.49048,-5,1.121785,0.7424611,-6.290833,-1.135036,-5.314529,-5.46311,-6.226921,8332
34.28,71.7876,-5,0.827799,0.7871922,-14.58091,-1.73899,-5.044609,-5.343519,-6.117479,8352
34.3,80.20984,-5,0.8893335,0.8891706,3.907644,3.511404,-4.909649,-5.188882,-4.652402,8336
34.32,48.36731,-5,1.029632,1.068376,8.411462,7.347053,-4.977129,-5.133381,-3.5091,8336
34.34,37.54846,-5,1.391773,1.314149,16.82368,5.458666,-4.977129,-5.068957,-2.402744,8344
34.36,24.90881,-5,1.77125,1.537654,15.20536,1.844941,-4.977129,-5.017001,-2.072048,8336
34.38,14.13623,-5,2.05609,1.690676,13.98398,-2.787459,-4.977129,-4.992797,-2.526298,8344
34.4,-164.916,-5,2.176066,1.619064,1.541231,-7.736989,-5.989328,-5.61277,-5.693219,8348
34.42,139.1368,-5,2.041129,1.479272,-6.412971,-28.16129,-4.707209,-5.166488,-5.812891,8384
34.44,95.48083,-5,1.948537,1.312512,-6.168695,-10.63087,-4.572248,-4.895335,-5.81692,8312
34.46,47.14075,-5,1.680613,1.327091,-15.00839,-2.629298,-4.639729,-4.83389,-5.944743,8304
34.48,48.5271,-5,1.306251,1.307564,-16.59618,-0.9610186,-4.639729,-4.854143,-6.492939,8324
34.5,37.47913,-5,1.90914,1.490728,31.08323,-1.749678,-4.639729,-4.775342,-4.581114,8336
34.52,16.85767,-5,2.431795,1.726382,20.96108,-5.159955,-4.639729,-4.694178,-4.111749,8324
34.54,18.48901,-5,2.477797,1.821596,1.800773,-9.642056,-4.572248,-4.656175,-5.415836,8316
34.56,3.075562,-5,2.388201,1.778026,-1.970221,-12.18116,-4.639729,-4.724931,-7.014341,8320
34.58,-151.2705,-5,2.33171,1.570447,-4.000756,-15.59777,-5.58445,-5.34709,-9.978067,8336
34.6,-68.81653,-5,2.203543,1.240095,-4.535108,-33.01452,-5.58445,-5.649212,-11.9678,8352
34.62,-205.7573,-5,1.994,0.6711486,-9.588544,-35.88381,-6.596649,-6.408101,-15.46263,8372
34.64,111.3909,-5,1.671749,0.232224,-20.51985,-50.06489,-5.314529,-5.983534,-14.65573,8424
34.66,53.95447,-5,1.109377,-0.1659137,-35.8939,-25.55186,-5.314529,-5.812964,-14.53568,8344
34.68,-47.50427,-5,-0.2432625,-0.5595292,-78.76414,-10.83103,-5.92185,-6.209833,-16.28009,8360
34.7,33.38464,-5,-1.78083,-1.080772,-73.13055,-6.102538,-5.989328,-6.538351,-16.51664,8392
34.72,219.7955,-5,-2.281641,-1.286592,57.49545,7.273445,-5.247049,-6.163072,-10.64644,8412
34.74,86.04211,-5,-1.421085,-0.8604821,43.78552,31.96207,-5.65193,-5.992445,-3.076083,8356
34.76,79.03442,-5,-0.8087052,-0.1457139,18.76261,32.81097,-5.58445,-5.759415,1.581694,8368
34.78,55.65015,-5,-0.6795442,0.3558924,0.6251997,32.30115,-5.65193,-5.706949,2.922043,8348
34.8,11.23181,-5,-0.8012858,0.5902513,0.6251997,29.97492,-5.989328,-5.923608,2.923769,8376
34.82,193.0905,-5,0.03759645,1.032029,52.82369,21.53586,-5.044609,-5.343386,7.499664,8380
34.84,123.4297,-5,0.9790092,1.601423,32.93056,31.20207,-4.909649,-4.906065,10.28745,8324
34.86,52.91919,-5,1.35956,2.125244,19.03742,29.22474,-4.977129,-4.768301,9.882683,8316
34.88,29.30066,-5,1.905047,2.511764,42.48781,18.94405,-4.977129,-4.71911,8.915456,8324
34.9,17.45105,-5,2.715698,2.807438,32.15193,7.019467,-4.909649,-4.634788,7.928795,8320
34.92,-184.9774,-5,2.883645,2.710629,0.09084838,-3.086473,-5.989328,-5.314796,2.425893,8320
34.94,-24.97302,-5,2.590816,2.303041,-17.66488,-29.11779,-5.58445,-5.481768,-1.857566,8388
34.96,2.881348,-5,2.146125,1.668767,-26.06183,-28.70143,-5.51697,-5.588309,-5.134045,8348
34.98,-115.2957,-5,1.542392,1.026492,-36.41298,-23.93632,-6.259249,-6.127745,-8.559687,8376
35,21.17737,-5,0.6753371,0.397692,-50.27558,-29.70526,-5.92185,-6.232312,-10.17871,8392
35.02,104.9474,-5,-0.3600178,-0.2166579,-55.39009,-16.12249,-5.58445,-6.133899,-10.15393,8380
35.04,-67.7085,-5,-1.31512,-0.7179579,-52.24505,4.167633,-6.596649,-6.711895,-10.45629,8372
35.06,198.3528,-5,-1.913431,-0.8933324,10.27406,2.607863,-5.58445,-6.329067,-6.195439,8416
35.08,116.3866,-5,-0.5392836,-0.4198245,53.87712,23.8528,-5.58445,-5.879929,1.600657,8356
35.1,-165.6051,-5,0.07780538,0.1367951,29.99926,27.0713,-6.86657,-6.370511,1.895212,8340
35.12,125.3461,-5,0.5319737,0.6017911,20.02979,-0.2790786,-5.58445,-5.825366,3.55553,8428
35.14,24.78503,-5,1.408787,0.9548849,33.83132,8.040688,-5.65193,-5.564906,4.440425,8348
35.16,-12.57471,-5,1.595165,1.248471,9.495431,2.704708,-5.65193,-5.487513,3.014409,8360
35.18,-179.5208,-5,1.444165,1.161086,-8.138162,-4.464738,-6.596649,-6.108938,-1.518483,8368
35.2,-101.342,-5,1.511852,0.8915808,3.770239,-26.30873,-6.596649,-6.416106,-4.053565,8416
35.22,-73.17651,-5,1.605552,0.4893912,-0.01602192,-33.20648,-6.596649,-6.55371,-5.963613,8440
35.24,-5.910767,-5,1.356603,0.1147027,-17.42061,-34.02617,-6.259249,-6.437565,-7.237385,8412
35.26,-168.3296,-5,0.1895736,-0.5296599,-70.53512,-24.2438,-7.20397,-7.085171,-11.94768,8400
35.28,153.64,-5,-1.338031,-1.189832,-79.06948,-28.56191,-5.989328,-6.77638,-11.97843,8448
35.3,143.1307,-5,-2.530463,-1.723378,-49.1916,5.184539,-5.92185,-6.621896,-9.538855,8364
35.32,48.33203,-5,-1.931424,-1.438366,20.59467,24.30694,-6.259249,-6.527191,-2.517106,8368
35.34,40.74609,-5,-1.508332,-0.9221351,15.86185,26.01864,-6.259249,-6.383686,1.437315,8412
35.36,121.4421,-5,-0.6289562,-0.2489954,53.17484,23.71201,-5.65193,-5.849492,5.959111,8416
35.38,-48.71069,-5,0.6836201,0.5079479,53.67866,25.74683,-6.124289,-5.772869,8.094884,8360
35.4,-98.06836,-5,1.43013,1.052516,37.44964,7.308118,-6.326729,-5.867318,6.512399,8388
35.42,-84.18335,-5,2.099736,1.272592,35.34277,-12.12018,-6.259249,-5.895995,4.022893,8424
35.44,75.20239,-5,2.628855,1.3852,21.4649,-25.0378,-5.247049,-5.324141,3.055416,8416
35.46,-183.9568,-5,2.526721,1.208068,-10.45877,-17.62616,-6.259249,-5.764787,-2.232185,8352
35.48,-112.3633,-5,1.581519,0.71925,-45.34428,-35.78418,-6.259249,-6.136809,-7.811525,8392
35.5,-7.31665,-5,0.6235762,-0.029535,-49.69543,-37.25158,-5.989328,-6.256676,-10.80197,8400
35.52,25.42908,-5,-0.3108099,-0.6921329,-50.7794,-24.46986,-5.92185,-6.312956,-11.31126,8400
35.54,33.91675,-5,-1.293478,-1.173905,-51.29848,-9.428679,-5.989328,-6.403397,-10.59938,8400
35.56,82.39478,-5,-1.959148,-1.404683,5.312224,3.707428,-5.85437,-6.340602,-7.837671,8376
35.58,-20.66907,-5,-0.8012078,-1.031733,53.32751,13.26412,-6.259249,-6.310579,-1.886988,8376
35.6,-90.3053,-5,0.01996844,-0.5453134,42.36567,6.3089,-6.596649,-6.395452,-0.1100209,8416
35.62,78.93457,-5,1.093744,0.02360526,44.96109,-8.551775,-5.58445,-5.743033,2.686473,8432
35.64,-85.32629,-5,1.577008,0.3633401,22.22826,-3.104034,-5.989328,-5.71474,0.9762533,8352
35.66,-20.00403,-5,1.190838,0.440887,-30.47405,-14.70427,-5.65193,-5.629827,-1.96656,8392
35.68,-15.61682,-5,0.4492993,0.1601638,-38.00077,-13.28581,-5.65193,-5.727718,-5.007036,8360
35.7,31.46411,-5,-0.2480154,-0.1695877,-36.70306,-9.509151,-5.51697,-5.757153,-5.768178,8388
35.72,23.07703,-5,-0.8759454,-0.4685178,-19.80229,-0.17593,-5.65193,-5.876726,-5.545236,8380
35.74,199.4363,-5,-0.4069222,-0.2683046,30.02979,3.957453,-4.639729,-5.192787,-0.03033723,8372
35.76,39.88171,-5,0.1674889,0.1680613,28.02979,22.43234,-4.977129,-4.994273,2.648787,8300
35.78,9.873657,-5,0.7333163,0.7348099,29.69391,16.62132,-4.977129,-4.865591,3.887704,8324
35.8,-75.82385,-5,1.621154,1.186692,45.72445,6.636446,-5.314529,-4.968188,3.497579,8352
35.82,-70.14062,-5,2.187282,1.40794,26.45727,-10.54453,-5.314529,-5.030325,1.462658,8344
35.84,-67.31848,-5,2.31948,1.325884,4.441995,-21.81458,-5.314529,-5.121684,-1.793453,8344
35.86,10.64087,-5,2.085773,1.079514,-15.93969,-28.10122,-4.909649,-4.997371,-4.330648,8340
35.88,-167.4585,-5,1.09875,0.4853867,-52.42825,-21.48733,-5.92185,-5.690201,-9.811588,8348
35.9,5.09668,-5,-0.2491535,-0.2582564,-66.71834,-30.43086,-5.58445,-5.931253,-12.37987,8392
35.92,103.3969,-5,-1.545012,-1.02879,-61.26794,-14.4085,-5.314529,-5.940332,-11.97392,8384
35.94,109.6487,-5,-1.655812,-1.211115,-1.206862,6.529726,-5.247049,-5.767257,-6.799256,8348
35.96,76.63123,-5,-1.558387,-0.9848753,12.80841,20.69222,-5.314529,-5.619627,-2.384895,8328
35.98,-6.878418,-5,-0.8029266,-0.4792827,43.87712,24.10179,-5.65193,-5.620496,1.408999,8332
36,-9.19043,-5,0.4078012,0.1762728,58.67102,13.90818,-5.58445,-5.448538,4.446308,8352
36.02,114.9266,-5,1.512541,0.8522279,56.79316,3.569864,-4.639729,-4.738907,6.816046,8364
36.04,4.536987,-5,2.367589,1.434747,36.94582,6.332247,-4.639729,-4.413204,6.268823,8320
36.06,-40.99341,-5,2.594602,1.787824,4.121384,-3.822414,-4.639729,-4.355812,3.131135,8316
36.08,-196.0262,-5,2.008496,1.536001,-27.28321,-13.54504,-5.58445,-5.07591,-3.781998,8324
36.1,-103.8928,-5,1.411343,0.9447745,-32.39771,-33.65393,-5.65193,-5.549616,-8.135283,8372
36.12,16.29492,-5,0.8420981,0.2413973,-33.29847,-35.61351,-5.314529,-5.60197,-9.693414,8384
36.14,30.10852,-5,0.3163517,-0.2774532,-27.39008,-23.01708,-5.247049,-5.579394,-9.522345,8380
36.16,16.63403,-5,-0.1748298,-0.5579888,-27.08473,-11.69184,-5.314529,-5.599479,-8.756275,8372
36.18,15.37207,-5,-0.1411519,-0.5675179,10.07558,-5.678461,-5.314529,-5.545729,-6.659423,8372
36.2,-46.59998,-5,0.3007143,-0.3927835,19.22062,-3.412442,-5.58445,-5.59975,-4.955885,8344
36.22,-42.08887,-5,0.6206305,-0.2076161,14.27406,-9.240503,-5.58445,-5.593627,-4.462082,8372
36.24,-106.5212,-5,0.9852979,-0.1116498,10.82368,-13.99333,-5.92185,-5.773318,-5.163815,8364
36.26,-69.35889,-5,0.941966,-0.17693,-6.107628,-23.47826,-5.85437,-5.850324,-6.686483,8364
36.28,166.1732,-5,0.5607357,-0.2836095,-22.50458,-24.2404,-4.572248,-5.174975,-5.878264,8372
36.3,-101.2747,-5,-0.02666178,-0.4811524,-33.43588,0.5897191,-5.65193,-5.5749,-7.721449,8296
36.32,-30.0929,-5,-0.7055714,-0.6360278,-35.11527,-7.697597,-5.65193,-5.807591,-8.140812,8364
36.34,173.918,-5,-1.037184,-0.7556664,4.136652,-4.448783,-4.707209,-5.340111,-5.268127,8360
36.36,-116.2671,-5,-0.6930383,-0.6741707,13.77024,16.68118,-5.989328,-5.791458,-3.627375,8304
36.38,109.4596,-5,-0.4648843,-0.3562786,6.350392,0.966947,-5.044609,-5.376954,-0.505944,8392
36.4,53.01367,-5,0.3450491,0.02989335,34.65575,10.69688,-4.977129,-5.055276,2.228971,8320
36.42,12.74304,-5,0.5153823,0.4061969,10.90001,10.84433,-4.977129,-4.925048,2.303053,8324
36.44,0.532959,-5,0.6038802,0.6344071,10.16719,6.5846,-4.977129,-4.903838,1.584629,8340
36.46,-234.3446,-5,1.259756,0.7348769,32.213,-0.162426,-6.259249,-5.61937,-0.5999465,8308
36.48,74.65637,-5,1.588506,0.7619572,15.99925,-28.97691,-4.977129,-5.181079,-0.7019277,8412
36.5,6.655762,-5,1.622045,0.5966012,0.4725278,-16.98083,-4.977129,-5.017985,-2.326722,8328
36.52,41.99377,-5,1.238512,0.5225199,-20.51985,-14.5769,-4.639729,-4.80433,-3.43085,8340
36.54,-140.2769,-5,0.6849939,0.2616862,-28.06183,-7.937966,-5.58445,-5.355752,-6.804352,8328
36.56,-73.17285,-5,0.8168526,0.09376611,8.350393,-22.40674,-5.58445,-5.572449,-7.034472,8384
36.58,-67.40576,-5,1.10201,-0.09389934,17.4649,-26.18768,-5.65193,-5.666668,-7.320563,8372
36.6,-63.08679,-5,1.144302,-0.2576762,-3.512206,-28.2842,-5.65193,-5.700901,-8.090277,8400
36.62,4.892578,-5,0.640376,-0.4955123,-30.59618,-27.43767,-5.314529,-5.57874,-9.248951,8384
36.64,8.868652,-5,-0.4510091,-0.8855312,-56.6878,-16.33868,-5.314529,-5.639328,-10.8644,8356
36.66,61.02893,-5,-1.463384,-1.221529,-54.50459,-5.107022,-5.179569,-5.644701,-10.13698,8356
36.68,0.2687988,-5,-2.204242,-1.469031,0.4572606,9.973513,-5.65193,-5.929469,-8.592592,8340
36.7,189.0686,-5,-1.028769,-0.9819252,50.67102,10.28107,-4.639729,-5.198546,0.04604024,8384
36.72,37.85181,-5,-0.2263373,-0.3318938,40.09086,26.77728,-4.909649,-4.921393,3.431894,8348
36.74,-78.13171,-5,0.7976464,0.4277226,42.18246,18.81417,-5.314529,-4.961009,4.709349,8332
36.76,-132.199,-5,1.491912,0.8507227,39.78552,-0.6089723,-5.65193,-5.197184,2.597299,8360
36.78,49.51685,-5,2.16805,1.086772,32.15193,-20.84897,-4.707209,-4.745623,2.104326,8384
36.8,-17.99121,-5,2.221292,1.073736,5.602301,-16.12464,-4.707209,-4.613521,-0.6622653,8332
36.82,-39.28003,-5,2.018427,0.9985144,-12.42824,-19.21828,-4.707209,-4.630397,-3.38528,8328
36.84,-34.54822,-5,1.619213,0.7645659,-21.83282,-22.11552,-4.707209,-4.7234,-6.153131,8328
36.86,-183.1984,-5,1.241927,0.3560827,-17.43587,-22.66803,-5.65193,-5.385253,-9.79494,8324
36.88,-95.89563,-5,0.9644679,-0.09594636,-16.09236,-37.12072,-5.65193,-5.700118,-11.53422,8372
36.9,2.154297,-5,0.6039866,-0.5758324,-23.61908,-36.52453,-5.314529,-5.649476,-11.92663,8380
36.92,-1.624512,-5,0.0004418232,-0.9629228,-33.0084,-24.219,-5.314529,-5.647129,-11.98795,8364
36.94,13.28516,-5,-0.8691123,-1.269474,-44.70306,-13.53038,-5.314529,-5.692899,-11.76085,8376
36.96,41.39783,-5,-1.768846,-1.529329,-40.13817,-1.87403,-5.314529,-5.751271,-10.57856,8356
36.98,-26.60168,-5,-1.357427,-1.413443,47.64812,7.188911,-5.71941,-5.874517,-6.417593,8340
37,167.8264,-5,-0.6520076,-0.9221258,42.54888,4.39333,-4.639729,-5.148315,-0.6420065,8392
37.02,10.65845,-5,-0.1150531,-0.394624,25.95345,20.26904,-4.977129,-4.967704,1.412091,8312
37.04,-0.2276611,-5,0.3541799,0.1783205,15.48017,13.34844,-4.909649,-4.829332,2.473499,8332
37.06,-88.13965,-5,0.8587426,0.5228443,32.18246,5.847246,-5.314529,-5.013077,1.454376,8320
37.08,-68.7262,-5,1.325413,0.690821,14.80841,-9.559978,-5.314529,-5.099431,0.2009391,8328
37.1,-68.78784,-5,1.305433,0.5694614,-7.496941,-17.75725,-5.38201,-5.236933,-2.46634,8332
37.12,22.40649,-5,0.8896052,0.299248,-25.64962,-21.6591,-4.977129,-5.13178,-4.256502,8344
37.14,15.16003,-5,0.2312443,-0.04610544,-36.58092,-12.83799,-4.977129,-5.155402,-5.686744,8332
37.16,75.60156,-5,-0.4968202,-0.3117671,-41.97024,-5.190737,-4.707209,-5.053378,-5.461747,8352
37.18,85.37329,-5,-1.072232,-0.4648206,-26.18397,7.957473,-4.639729,-4.980258,-4.076184,8304
37.2,-8.889526,-5,-0.3635163,-0.204204,50.36568,15.11572,-5.044609,-5.03631,-0.3861921,8312
37.22,2.682861,-5,0.3290967,0.1967261,41.26643,8.04593,-4.977129,-4.93355,1.649057,8348
37.24,-33.23975,-5,1.094623,0.5594091,38.1672,1.944025,-5.044609,-4.874041,2.148982,8340
37.26,-37.54138,-5,1.589076,0.8066874,21.5107,-7.379333,-4.977129,-4.808095,1.175186,8344
37.28,-46.59558,-5,1.589343,0.8109475,-3.481672,-14.00953,-4.977129,-4.845135,-1.385043,8352
37.3,-37.71167,-5,1.232738,0.6007433,-21.68015,-18.13835,-4.977129,-4.947948,-4.136027,8332
37.32,50.70288,-5,0.7103256,0.3129408,-33.28321,-18.08296,-4.572248,-4.821352,-5.321585,8332
37.34,-129.7546,-5,-0.01112917,-0.120833,-38.39771,-7.077546,-5.58445,-5.437078,-8.145458,8308
37.36,-47.07544,-5,-0.6559414,-0.5472361,-21.55801,-15.85231,-5.65193,-5.78423,-8.869208,8384
37.38,-2.656372,-5,-0.2839038,-0.7475321,30.57941,-14.50287,-5.58445,-5.782236,-6.277278,8364
37.4,-14.68738,-5,0.06242824,-0.7209322,14.97635,-10.29919,-5.58445,-5.693194,-4.398636,8376
37.42,-35.68091,-5,-0.0279052,-0.6890153,-10.55038,-8.461868,-5.65193,-5.699781,-4.478753,8400
37.44,41.67871,-5,-0.7189438,-0.8080809,-38.33664,-6.891809,-5.314529,-5.587652,-5.065803,8380
37.46,33.90405,-5,-1.463526,-1.005389,-39.45115,4.479815,-5.38201,-5.636628,-4.894296,8356
37.48,-14.50854,-5,-1.026694,-0.8682236,35.48018,9.668397,-5.65193,-5.700062,-1.616737,8344
37.5,152.5375,-5,-0.1207508,-0.3651736,46.91529,5.55875,-4.639729,-4.98431,3.449023,8380
37.52,38.16504,-5,0.4846826,0.1705921,27.55651,17.63809,-4.707209,-4.661657,4.906765,8300
37.54,-4.420288,-5,0.8395234,0.6768779,14.73207,12.85858,-4.707209,-4.53649,4.628798,8308
37.56,-26.36902,-5,1.393043,1.038835,30.3046,3.526836,-4.707209,-4.486927,3.830889,8336
37.58,-39.21704,-5,1.779915,1.211004,12.3504,-6.185853,-4.707209,-4.490871,2.050257,8340
37.6,-200.7177,-5,1.702989,1.023438,-9.069461,-14.03292,-5.65193,-5.135656,-2.761822,8304
37.62,-66.20288,-5,1.351405,0.5988823,-19.61908,-34.26716,-5.38201,-5.343146,-6.016491,8372
37.64,-29.48047,-5,0.8965254,0.02326108,-26.9626,-32.53162,-5.314529,-5.444747,-8.156137,8360
37.66,42.58276,-5,0.2363223,-0.4359071,-35.8939,-25.37105,-4.977129,-5.324616,-8.560908,8368
37.68,-136.4646,-5,-0.6168922,-0.9236387,-44.33664,-10.88056,-5.989328,-5.928117,-10.70022,8332
37.7,-36.83728,-5,-1.52375,-1.393342,-46.19925,-16.28594,-5.989328,-6.242198,-10.97649,8380
37.72,170.3502,-5,-1.299656,-1.482587,19.34276,-10.12374,-4.977129,-5.650648,-5.525532,8380
37.74,93.01624,-5,-0.9074627,-1.170945,11.35803,13.58046,-4.909649,-5.224819,-1.034572,8320
37.76,-187.5123,-5,-0.8276989,-0.8329749,-0.3213652,20.68069,-6.259249,-5.825851,-1.603548,8328
37.78,54.27075,-5,-0.2063135,-0.4343461,34.15193,-4.636634,-5.314529,-5.47468,0.9376749,8408
37.8,-62.26147,-5,1.003424,-0.05681452,55.60232,-1.125581,-5.58445,-5.36368,2.373117,8328
37.82,-100.3374,-5,1.591614,0.2762426,24.50307,-12.63223,-5.65193,-5.349451,1.018177,8352
37.84,-87.06458,-5,1.457295,0.2441078,-12.99313,-23.64295,-5.58445,-5.408589,-2.622967,8356
37.86,-65.61487,-5,0.6367551,-0.164147,-43.39008,-26.84739,-5.58445,-5.586467,-6.732903,8352
37.88,30.28003,-5,-0.3840067,-0.6957314,-51.95497,-23.24927,-5.247049,-5.572958,-8.417583,8380
37.9,101.889,-5,-1.424722,-1.146863,-54.0313,-7.546254,-4.909649,-5.42256,-7.702563,8360
37.92,35.90283,-5,-2.07707,-1.356986,-19.2832,12.168,-5.247049,-5.538755,-5.634194,8332
37.94,-19.48608,-5,-1.340212,-1.071505,45.60232,15.97107,-5.58445,-5.610228,-0.8726442,8348
37.96,142.4609,-5,-0.4525887,-0.5083017,49.69392,10.30289,-4.639729,-4.947234,4.05643,8380
37.98,-10.09827,-5,0.6810325,0.1647887,55.61759,18.98655,-4.909649,-4.705362,6.284698,8312
38,-50.43994,-5,1.463394,0.7949089,36.68628,6.65636,-4.909649,-4.586557,5.807842,8320
38.02,-78.76147,-5,1.821791,1.059198,13.98398,-6.820317,-4.977129,-4.642406,2.831252,8332
38.04,-62.50891,-5,1.896858,1.022953,4.457262,-18.85557,-4.909649,-4.704444,-0.3854076,8336
38.06,-59.68262,-5,1.797585,0.7959867,-6.489306,-24.89024,-4.909649,-4.795878,-3.347775,8352
38.08,-61.72571,-5,1.452695,0.4500891,-18.79465,-27.51476,-4.977129,-4.942834,-6.165712,8352
38.1,17.3396,-5,0.9135625,0.07403122,-30.1687,-27.55655,-4.639729,-4.869684,-7.673488,8332
38.12,16.3092,-5,0.1245191,-0.3258334,-41.69542,-16.96523,-4.639729,-4.905576,-8.84086,8320
38.14,-147.7241,-5,-0.7971328,-0.8034432,-45.97023,-7.357703,-5.71941,-5.630819,-11.15873,8328
38.16,145.6822,-5,-0.8528136,-0.9484235,23.4191,-16.90835,-4.572248,-5.195903,-7.181104,8356
38.18,41.30334,-5,0.0241096,-0.7148506,33.90766,3.412501,-4.707209,-4.905638,-2.709607,8316
38.2,10.47717,-5,0.390622,-0.255357,9.541233,5.078482,-4.639729,-4.688099,-1.00001,8320
38.22,-7.859253,-5,0.36099,0.02332328,-0.7183124,3.18767,-4.639729,-4.640829,-1.630427,8312
38.24,-18.22693,-5,0.7918551,0.2774944,21.86185,-1.354034,-4.639729,-4.597837,-1.182389,8328
38.26,-41.89404,-5,1.219394,0.4710394,18.25879,-6.873245,-4.707209,-4.602825,-1.529201,8340
38.28,-17.74915,-5,1.261585,0.5158116,0.04504682,-13.01626,-4.572248,-4.563043,-2.866117,8320
38.3,-22.39514,-5,1.138789,0.4328815,-8.626713,-14.24459,-4.572248,-4.589931,-4.363606,8324
38.32,-16.27698,-5,0.8726089,0.2802618,-14.42824,-14.64737,-4.572248,-4.645297,-5.630117,8308
38.34,-17.94153,-5,0.6030703,0.09926939,-11.55801,-13.42184,-4.639729,-4.737425,-6.439601,8180
38.36,-18.76807,-5,0.5258839,-0.02582657,-2.825183,-12.54905,-4.707209,-4.80969,-6.409081,8324
38.38,-170.8055,-5,0.4379058,-0.225616,-0.9473198,-12.11052,-5.65193,-5.405042,-8.19984,8328
38.4,-81.65259,-5,0.4747208,-0.4341369,1.266421,-27.25827,-5.58445,-5.613573,-8.647961,8368
38.42,-58.24817,-5,0.4618095,-0.711858,-2.153427,-28.21984,-5.58445,-5.693069,-9.064167,8364
38.44,-59.11548,-5,0.1648673,-0.9746343,-14.94733,-25.53517,-5.65193,-5.781659,-9.68319,8360
38.46,-27.26465,-5,-0.3974713,-1.248729,-35.86336,-21.9307,-5.58445,-5.82153,-10.13762,8380
38.48,-3.921143,-5,-1.265125,-1.577093,-46.47405,-13.38314,-5.58445,-5.90217,-10.37029,8384
38.5,19.36414,-5,-2.268622,-1.910652,-42.79466,-1.962867,-5.65193,-6.030257,-9.63624,8376
38.52,205.3275,-5,-1.977139,-1.712963,35.93819,7.393549,-4.639729,-5.338607,-2.721725,8380
38.54,42.84534,-5,-1.123989,-1.105813,42.31987,29.38878,-4.977129,-5.065147,2.443443,8324
38.56,-46.94849,-5,-0.5840966,-0.4211521,29.4649,25.61085,-5.314529,-5.099369,4.003874,8340
38.58,126.1071,-5,0.3585785,0.2739958,50.35041,11.29583,-4.30233,-4.450706,7.048928,8340
38.6,-31.55786,-5,1.311782,0.8514642,43.96873,15.96154,-4.639729,-4.321157,7.171313,8308
38.62,-59.16943,-5,1.573161,1.205719,15.14429,2.185961,-4.707209,-4.370002,4.626656,8300
38.64,-24.57764,-5,1.481223,1.18898,-3.832817,-9.36309,-4.572248,-4.41151,1.44301,8300
38.66,-208.5529,-5,1.438107,0.8895221,-3.634344,-13.79877,-5.65193,-5.127462,-2.928784,8320
38.68,127.0318,-5,1.222782,0.6002138,-13.77175,-34.08273,-4.23485,-4.640666,-3.185277,8388
38.7,48.79968,-5,0.7209856,0.2258716,-25.97023,-11.98225,-4.30233,-4.514035,-4.411224,8292
38.72,-136.2759,-5,0.09562935,-0.05717067,-37.08474,-3.593963,-5.314529,-5.107381,-6.682962,8312
38.74,20.86572,-5,-0.7502174,-0.4376746,-40.1687,-13.7234,-4.977129,-5.246222,-7.550757,8368
38.76,-13.63306,-5,-0.6266222,-0.6798515,45.00689,-5.03087,-5.247049,-5.386405,-5.675876,8332
38.78,-27.95142,-5,0.1734614,-0.5132623,33.96872,-5.494893,-5.314529,-5.33224,-2.497167,8360
38.8,28.40808,-5,0.0788454,-0.4137452,-18.56565,-6.794552,-4.977129,-5.127913,-2.411111,8356
38.82,23.4491,-5,-0.7557054,-0.5576473,-45.14581,0.8707468,-4.977129,-5.150651,-3.89139,8332
38.84,107.2393,-5,-1.633628,-0.7336597,-40.18397,8.56594,-4.639729,-5.031801,-3.169931,8336
38.86,11.40356,-5,-0.638754,-0.4179257,57.86186,18.66138,-4.977129,-4.982974,1.730004,8304
38.88,-10.97473,-5,0.4124735,0.1461458,49.984,12.12637,-4.977129,-4.829991,4.461533,8336
38.9,-84.49585,-5,1.112192,0.5460207,32.96109,3.090318,-5.247049,-4.904161,3.594592,8340
38.92,-20.18066,-5,1.444006,0.7323987,10.4878,-11.31675,-4.909649,-4.77431,2.000742,8356
38.94,-37.36487,-5,1.332415,0.6466548,-9.344269,-14.00434,-4.909649,-4.794233,-0.7514707,8320
38.96,19.68994,-5,0.7275223,0.3923932,-35.60382,-15.41368,-4.639729,-4.746654,-3.11039,8316
38.98,24.02271,-5,-0.02520008,0.04321443,-43.97023,-8.063463,-4.639729,-4.808555,-4.634575,8312
39,-112.5502,-5,-0.9419354,-0.4269361,-49.31375,-0.01803732,-5.58445,-5.473804,-7.020822,8312
39.02,140.6395,-5,-1.572973,-0.7591695,12.79314,-5.978583,-4.707209,-5.250313,-4.816603,8360
39.04,82.90918,-5,-0.5526433,-0.559495,43.2817,12.23177,-4.707209,-4.928001,1.028707,8312
39.06,43.78467,-5,-0.01566416,-0.06481124,14.83894,16.64647,-4.639729,-4.658439,3.641974,8304
39.08,6.680176,-5,0.005324418,0.274622,-0.6572433,15.53881,-4.707209,-4.620105,3.180512,8320
39.1,34.26672,-5,-0.03342502,0.4517476,6.136652,11.2705,-4.572248,-4.565148,2.854393,8328
39.12,-39.58569,-5,0.499512,0.6334721,34.07559,9.322414,-4.909649,-4.693604,3.182646,8300
39.14,-28.33923,-5,0.8744408,0.764468,14.09085,-0.6912494,-4.909649,-4.736268,2.631888,8332
39.16,-212.818,-5,1.074683,0.6342009,6.36566,-7.269493,-5.989328,-5.419866,-0.9137738,8340
39.18,107.828,-5,0.9930461,0.4508739,-8.229766,-29.48342,-4.639729,-4.956621,-1.207201,8388
39.2,43.27429,-5,0.6267564,0.1494935,-22.90153,-10.59501,-4.639729,-4.797102,-2.40452,8304
39.22,-145.2474,-5,-0.01187461,-0.1289125,-35.17634,-2.905922,-5.65193,-5.390839,-5.137713,8304
39.24,-49.8905,-5,-0.7271438,-0.5254292,-33.54275,-14.42247,-5.65193,-5.722756,-6.696516,8368
39.26,-9.908691,-5,-0.2737541,-0.716221,38.44201,-13.88616,-5.58445,-5.715435,-4.333388,8348
39.28,-20.77051,-5,-0.04011362,-0.7328467,16.04505,-10.29537,-5.58445,-5.647145,-3.119977,8368
39.3,-22.38806,-5,-0.3893354,-0.8002962,-32.2145,-7.847596,-5.58445,-5.655944,-3.746949,8356
39.32,51.74158,-5,-1.46677,-1.070488,-59.8939,-2.631224,-5.314529,-5.620502,-4.803699,8380
39.34,62.54016,-5,-2.116878,-1.272674,-32.41298,10.54096,-5.314529,-5.621485,-3.246724,8356
39.36,138.9649,-5,-0.871504,-0.7698203,51.51072,16.39063,-4.707209,-5.016607,4.215333,8348
39.38,54.8446,-5,-0.2811695,-0.1507468,36.82369,25.9988,-4.707209,-4.682255,6.582277,8324
39.4,-38.39758,-5,0.3537667,0.4487638,34.62521,21.61954,-4.977129,-4.672548,6.927786,8324
39.42,-49.49036,-5,1.233526,0.9297466,45.49545,6.347123,-4.977129,-4.639627,6.596509,8336
39.44,-76.07739,-5,1.869215,1.159798,24.27406,-7.060948,-5.044609,-4.679596,4.444743,8340
39.46,-59.75562,-5,1.783042,1.056832,-6.275566,-18.34079,-4.977129,-4.753952,0.6548516,8316
39.48,19.29639,-5,1.407297,0.7696025,-23.95496,-22.78624,-4.572248,-4.637439,-1.989178,8340
39.5,-172.6938,-5,0.5598849,0.2101234,-45.90917,-15.33759,-5.65193,-5.346392,-6.878889,8296
39.52,-5.636108,-5,-0.4312868,-0.4111857,-52.48932,-26.3367,-5.314529,-5.550145,-8.719843,8364
39.54,46.10229,-5,-1.394745,-1.074218,-47.43589,-13.43518,-5.247049,-5.642307,-8.751186,8348
39.56,32.79199,-5,-1.650032,-1.338129,-5.237397,1.14152,-5.38201,-5.678874,-5.731761,8328
39.58,-13.17639,-5,-1.423237,-1.258943,22.91528,8.59848,-5.65193,-5.744009,-2.565444,8324
39.6,157.2423,-5,-0.6517326,-0.7923855,36.59468,6.696109,-4.639729,-5.032594,2.782853,8376
39.62,43.4541,-5,-0.01340156,-0.2320914,31.89239,20.47497,-4.707209,-4.692386,4.999286,8300
39.64,-47.14819,-5,0.3951903,0.3009236,22.86948,16.60736,-4.977129,-4.706861,4.777312,8300
39.66,-44.08289,-5,1.250153,0.7511951,48.1672,2.047148,-4.909649,-4.639995,4.72658,8320
39.68,-75.57483,-5,1.877533,0.9809258,26.64048,-9.433116,-4.977129,-4.658617,2.834646,8332
39.7,-80.4469,-5,2.071313,0.9706094,2.426727,-20.90899,-4.977129,-4.72472,-0.3012156,8324
39.72,-18.849,-5,1.482536,0.6460512,-41.29848,-26.95326,-4.707209,-4.726694,-4.154647,8324
39.74,-148.8668,-5,0.1744045,-0.07324098,-69.5275,-20.67902,-5.58445,-5.425929,-9.734075,8312
39.76,24.58936,-5,-1.197709,-0.862776,-71.40536,-24.89273,-5.247049,-5.644632,-11.26028,8376
39.78,75.77148,-5,-2.527211,-1.629246,-19.86336,-5.624495,-5.247049,-5.787275,-10.447,8356
39.8,85.80444,-5,-2.410129,-1.735998,14.21299,11.92793,-5.247049,-5.673135,-4.407372,8356
39.82,57.70593,-5,-2.074129,-1.437185,13.83131,23.44511,-5.314529,-5.524063,0.4454332,8360
39.84,-17.14526,-5,-1.158254,-0.8681484,51.41911,25.08764,-5.58445,-5.473398,4.353621,8352
39.86,127.2264,-5,-0.07064064,-0.1251365,51.55651,15.33999,-4.639729,-4.779116,8.472439,8376
39.88,19.88318,-5,0.9903016,0.5938693,43.43438,19.88772,-4.639729,-4.410766,9.70875,8340
39.9,-32.32507,-5,1.502138,1.147418,24.3046,10.28987,-4.639729,-4.289896,8.029345,8328
39.92,-48.30139,-5,1.724873,1.361617,6.106118,-2.106383,-4.639729,-4.319236,4.929829,8312
39.94,-48.63318,-5,1.816393,1.315483,2.30459,-12.26435,-4.639729,-4.400794,1.864276,8304
39.96,-218.0692,-5,1.780612,0.9953926,-4.993123,-19.32569,-5.65193,-5.099909,-2.968685,8316
39.98,-115.8434,-5,1.467433,0.4765351,-19.1458,-40.06519,-5.58445,-5.439727,-6.722337,8376
40,-15.44678,-5,0.9120726,-0.188136,-31.45115,-41.49471,-5.247049,-5.450388,-9.034889,8380
40.02,-73.21106,5,0.1992133,-0.7649445,-41.9397,-29.98347,-5.314529,-5.533869,-10.30279,8384
40.04,20.22076,5,-0.9786972,-1.301576,-68.42826,-24.15273,-4.909649,-5.411273,-10.64474,8372
40.06,14.43927,5,-2.339917,-1.870083,-71.90917,-6.313903,-4.977129,-5.475085,-10.34429,8360
40.08,3.366455,5,-3.644044,-2.35568,9.816042,9.220233,-5.247049,-5.700329,-8.598484,8332
40.1,-36.77325,5,-2.654736,-2.180701,43.70919,14.96777,-5.51697,-5.688253,-1.155729,8344
40.12,112.8964,5,-1.86467,-1.681738,36.57941,12.42575,-4.572248,-4.960116,4.948038,8372
40.14,-65.45288,5,-1.075652,-1.132567,31.51071,23.02471,-4.977129,-4.786142,7.343235,8304
40.16,33.64758,5,-0.5207261,-0.5515765,17.57177,10.38605,-4.23485,-4.244829,9.19042,8316
40.18,-59.82916,5,0.05746181,-0.1641925,23.38857,10.01172,-4.30233,-4.042259,8.923721,8296
40.2,-136.6648,5,0.2042228,-0.01916067,2.991613,-0.3477212,-4.572248,-4.168551,6.435057,8308
40.22,-132.7121,5,0.07787739,-0.2018496,-9.481673,-14.62064,-4.639729,-4.342245,3.296114,8300
40.24,-115.017,5,-0.1820779,-0.6116398,-18.39771,-22.85688,-4.639729,-4.476044,0.7021325,8292
40.26,-102.5472,5,-0.6393348,-1.122377,-29.97023,-25.06147,-4.639729,-4.582164,-1.327227,8304
40.28,-75.25934,5,-1.403996,-1.688181,-48.50459,-22.7358,-4.572248,-4.649143,-2.871092,8324
40.3,-20.0979,5,-2.50181,-2.28083,-60.0313,-14.71799,-4.36981,-4.632347,-3.475483,8312
40.32,9.437408,5,-3.808218,-2.850174,-64.01604,0.5672512,-4.30233,-4.651527,-2.901197,8272
40.34,-28.48987,5,-4.760514,-3.257105,17.31223,16.76078,-4.639729,-4.853995,-0.6510131,8272
40.36,143.6233,5,-3.588895,-2.84786,51.57178,20.0818,-3.627529,-4.055094,8.99926,8308
40.38,-98.37563,5,-2.462756,-2.186889,43.98399,35.59292,-4.30233,-3.930084,12.88922,8256
40.4,47.93774,5,-1.516167,-1.371451,44.59468,18.56231,-3.290129,-3.20189,16.11198,8300
40.42,-137.0323,5,-0.4346309,-0.7669495,46.88476,18.22583,-3.695009,-3.08185,15.68195,8240
40.44,-380.8322,5,0.01556382,-0.5966961,16.88475,-2.763196,-4.977129,-3.861173,10.04496,8256
40.46,-120.9659,5,0.07327934,-0.8736621,-4.367168,-41.16971,-4.03241,-3.744295,6.155368,8328
40.48,-141.8155,5,-0.1270681,-1.480539,-16.19923,-39.73759,-3.96493,-3.722971,2.35681,8276
40.5,-114.6622,5,-0.5719573,-1.992464,-31.03893,-39.46397,-3.695009,-3.602807,0.03616929,8256
40.52,-138.7999,5,-1.624071,-2.623222,-58.8252,-33.1432,-3.762489,-3.708917,-3.343762,8264
40.54,-100.5427,5,-2.894501,-3.309099,-69.55803,-27.16855,-3.695009,-3.824617,-5.254058,8252
40.56,-69.01013,5,-4.139369,-3.97081,-67.11528,-15.18268,-3.695009,-3.938759,-5.241105,8232
40.58,-56.18166,5,-4.435043,-4.263586,12.67101,-3.083162,-3.695009,-3.899287,-1.559137,8244
40.6,-124.2623,5,-3.840081,-4.12515,22.93055,4.098522,-3.96493,-3.869562,2.948571,8260
40.62,-142.7613,5,-3.518216,-3.907481,13.80078,0.8597999,-4.03241,-3.829059,4.886216,8284
40.64,-41.92047,5,-2.974423,-3.607015,23.48017,-4.744133,-3.357609,-3.341542,7.652343,8272
40.66,-171.7379,5,-2.665879,-3.39463,9.968714,0.5214484,-3.695009,-3.311932,7.587041,8228
40.68,-161.4283,5,-2.763192,-3.323626,-7.161062,-8.80265,-3.627529,-3.306468,6.419035,8236
40.7,17.2511,5,-3.119484,-3.397073,-19.49695,-12.37727,-2.61533,-2.763245,6.789503,8232
40.72,-59.59708,5,-3.719748,-3.549047,-33.66489,5.2534,-2.68281,-2.620897,6.582266,8196
40.74,-119.8433,5,-4.534977,-3.725182,-33.66489,11.74554,-3.02021,-2.825322,6.070906,8196
40.76,-157.4636,5,-3.776374,-3.604982,43.54124,7.290819,-3.290129,-2.929517,9.22403,8204
40.78,-215.0501,5,-3.134222,-3.488108,34.94582,-1.760687,-3.627529,-3.09471,9.769293,8232
40.8,-104.0567,5,-2.586234,-3.379019,15.77024,-15.22638,-3.02021,-2.762441,10.50595,8248
40.82,-147.727,5,-2.902526,-3.531763,-26.56565,-11.92361,-3.02021,-2.691991,8.250977,8224
40.84,-149.2734,5,-4.074556,-3.967532,-60.51986,-10.2831,-3.08769,-2.857708,4.990674,8220
40.86,-148.1546,5,-5.48594,-4.642678,-62.27558,-4.705312,-3.357609,-3.223111,2.799481,8228
40.88,57.16461,5,-5.193405,-4.774447,29.83132,-1.520079,-2.345409,-2.627004,8.843934,8216
40.9,-148.5026,5,-4.480702,-4.535801,24.86948,18.65021,-2.95273,-2.561615,12.41252,8188
40.92,2.006592,5,-4.183233,-4.074792,2.579399,10.53002,-2.008009,-1.929797,15.33095,8216
40.94,19.62317,5,-3.896659,-3.650764,22.4878,19.59736,-1.40069,-1.281878,17.34311,8160
40.96,-187.5901,5,-3.545241,-3.24678,19.02215,25.87856,-2.075489,-1.391157,16.98647,8156
40.98,-61.62769,5,-3.114085,-2.877919,41.67865,7.872179,-1.40069,-1.039263,17.52143,8152
41,-253.2877,5,-1.935992,-2.582136,55.0985,4.401285,-2.075489,-1.200574,16.84025,8116
41.02,-146.6779,5,-1.302853,-2.379573,23.4191,-19.25628,-1.46817,-0.9197541,15.10262,8156
41.04,-237.0661,5,-1.464328,-2.624705,-16.93206,-23.79503,-1.738089,-1.073915,9.925364,8112
41.06,-52.02234,5,-2.25588,-3.055709,-48.13818,-33.01551,-0.7933693,-0.7240255,6.80755,8140
41.08,-76.49719,5,-3.494223,-3.678247,-66.09238,-16.31356,-0.7258892,-0.673383,3.910768,8080
41.1,-145.9889,5,-4.878088,-4.299586,-62.00078,-3.308277,-1.19825,-1.040503,1.988952,8068
41.12,-146.3502,5,-4.624862,-4.501138,21.63284,-2.668507,-1.40069,-1.191787,5.144116,8104
41.14,-36.03369,5,-4.140307,-4.408591,24.91528,-3.692978,-0.7933693,-0.775438,8.927874,8132
41.16,-31.21301,5,-3.819818,-4.155003,13.95345,5.808567,-0.3884897,-0.2906325,11.45592,8100
41.18,-155.7233,5,-3.678678,-3.874526,4.716804,11.93077,-0.7258892,-0.2733387,11.60137,8068
41.2,-42.03162,5,-3.510204,-3.590691,11.4649,3.067642,-0.05108929,0.1279822,12.6363,8076
41.22,-217.4157,5,-3.202621,-3.45972,14.10612,7.370997,-0.7258892,-0.09232583,11.55005,8048
41.24,-69.07312,5,-3.316601,-3.414396,-4.138161,-6.889277,-0.05108929,0.1651396,11.09459,8060
41.26,-239.6323,5,-3.133071,-3.52546,3.419094,-2.271045,-0.7933693,-0.1604175,9.44832,8024
41.28,-8.626099,5,-3.445057,-3.631551,-15.86336,-15.02939,0.2863102,0.2912785,9.563148,8088
41.3,28.40771,5,-3.523252,-3.66842,-4.031291,0.3068095,0.89363,0.8574024,11.06669,8008
41.32,-151.4768,5,-3.755733,-3.600941,-14.33664,14.6757,0.2863102,0.7307966,10.61873,7964
41.34,-92.82227,5,-3.494849,-3.39349,38.02979,5.207124,0.5562305,0.8659603,11.78659,8008
41.36,-4.613647,5,-2.577793,-3.020454,40.53361,2.030296,1.298511,1.466699,14.65867,8008
41.38,-29.85339,5,-2.472247,-2.72083,-0.7946484,8.547787,1.63591,1.898501,14.3613,7952
41.4,35.90295,5,-2.791712,-2.491544,-19.63435,11.58358,2.31071,2.404356,14.01293,7952
41.42,-0.3901367,5,-2.194344,-2.074938,33.69392,18.26458,2.58063,2.839207,15.85881,7900
41.44,-186.3191,5,-1.568727,-1.674186,29.55651,16.59755,1.90583,2.650431,14.66738,7888
41.46,-74.98926,5,-0.6847463,-1.290816,50.82369,-6.08365,2.51315,2.956442,14.39633,7932
41.48,-76.17322,5,-0.08205009,-1.111601,20.68628,-11.81814,2.850551,3.2729,12.48882,7868
41.5,63.93762,5,-0.3495465,-1.067371,-23.57328,-14.53032,3.93023,3.941628,10.43576,7864
41.52,-145.2117,5,-1.10633,-1.302495,-25.75649,0.00539352,3.18795,3.645972,5.752778,7808
41.54,12.62585,5,-1.070908,-1.320044,5.785507,-11.41169,3.93023,3.95495,6.204478,7840
41.56,-108.2972,5,-0.4510626,-1.256098,20.19773,-5.290846,3.592831,3.955213,6.134645,7792
41.58,18.4834,5,-0.6109901,-1.198378,-17.69542,-12.69923,4.335111,4.341307,5.251845,7812
41.6,-164.749,5,-0.6576068,-1.288818,13.32749,-4.96464,3.592831,4.030326,2.710614,7776
41.62,43.89087,5,-0.572652,-1.24365,-5.359536,-18.30643,4.60503,4.489908,3.354136,7820
41.64,86.76465,5,-0.3480831,-1.119825,4.441995,-6.607969,5.27983,5.110219,4.594289,7776
41.66,-52.48181,5,-0.5697684,-0.9666945,-23.52748,6.011935,4.94243,5.134195,3.389553,7700
41.68,52.85046,5,-0.2038786,-0.6260337,32.213,-0.7185479,5.61723,5.568408,4.86713,7748
41.7,-313.3608,5,0.6766896,-0.3954057,39.95346,1.835638,3.93023,4.812266,2.367452,7696
41.72,-48.75586,5,0.7530582,-0.3708173,0.9916119,-33.38071,4.87495,4.969133,0.09357476,7796
41.74,27.30457,5,1.174791,-0.4736182,20.85421,-31.15396,5.54975,5.445566,-0.3407259,7752
41.76,-20.05212,5,0.9171937,-0.5358372,-17.89389,-21.18607,5.684711,5.677283,-2.143314,7712
41.78,-107.307,5,0.07660612,-0.7702175,-25.39008,-16.75528,5.27983,5.40397,-5.840012,7684
41.8,-82.77307,5,0.3521375,-0.846409,23.26643,-23.59125,5.27983,5.323808,-5.589751,7720
41.82,-124.9005,5,0.01224301,-1.109241,-12.29084,-24.61896,4.94243,5.036084,-7.875275,7712
41.84,-65.59082,5,-0.578526,-1.474223,-25.31374,-27.53395,5.009911,4.887701,-9.289742,7732
41.86,-57.89893,5,-0.817048,-1.766675,-15.31374,-22.68744,4.94243,4.795906,-8.91274,7720
41.88,-36.79333,5,-1.334804,-2.011498,-31.23741,-16.94821,4.94243,4.73799,-8.639565,7720
41.9,149.0421,5,-1.570129,-2.001499,-2.367168,-9.824686,5.95463,5.347155,-5.030846,7744
41.92,65.26306,5,-1.387269,-1.69574,2.212986,13.04898,5.95463,5.694044,-1.400277,7688
41.94,16.93945,5,-1.333137,-1.22957,7.159553,19.53098,5.887151,5.827521,0.6893424,7708
41.96,-63.7356,5,-0.50877,-0.6813085,46.73209,16.08055,5.54975,5.771271,2.730746,7688
41.98,-109.061,5,0.3390382,-0.2394833,42.60995,2.729726,5.27983,5.636509,2.822457,7684
42,-97.53149,5,0.9249161,-0.0279142,24.02979,-12.63976,5.27983,5.575629,1.40754,7732
42.02,-83.53247,5,0.673866,-0.1853777,-13.69542,-20.80418,5.27983,5.449142,-2.011365,7736
42.04,-55.43372,5,-0.07215102,-0.6041077,-40.18397,-22.29327,5.27983,5.276379,-5.141551,7708
42.06,-40.94019,5,-0.5893103,-1.017549,-27.60382,-18.73674,5.21235,5.124715,-6.091377,7724
42.08,-3.784058,5,-1.105116,-1.344666,-29.81756,-13.1567,5.27983,5.08457,-5.869325,7736
42.1,7.444702,5,-1.500189,-1.541745,-9.115261,-4.366395,5.27983,5.07668,-4.728917,7728
42.12,179.6069,5,-1.391642,-1.370507,4.533598,2.614703,6.29203,5.753839,-0.1434194,7712
42.14,90.34509,5,-1.238509,-0.9864395,12.86948,24.11636,6.29203,6.107193,2.905344,7672
42.16,-13.15796,5,-0.8114535,-0.4251203,21.61757,27.77291,5.95463,6.113576,4.823868,7648
42.18,-66.51685,5,0.09673715,0.1279777,58.73209,16.61794,5.684711,6.024436,5.855135,7668
42.2,92.76123,5,1.163509,0.6817742,46.30461,0.628828,6.62943,6.613382,7.758451,7692
42.22,-217.3459,5,1.328265,0.7905855,4.701537,5.054299,5.27983,5.994224,2.916612,7632
42.24,-117.8253,5,1.131296,0.628729,-11.64961,-22.67077,5.34731,5.659119,-1.058119,7728
42.26,-95.27368,5,1.244529,0.2274698,12.54887,-31.3744,5.27983,5.448538,-3.656707,7732
42.28,152.9982,5,1.100836,-0.02617408,-19.86336,-33.92522,6.62943,6.147704,-3.033618,7724
42.3,-102.3107,5,0.05607677,-0.4614592,-61.69543,-7.460066,5.61723,5.731268,-6.902489,7644
42.32,29.46509,5,-1.391752,-0.9175944,-62.21452,-10.76058,5.887151,5.565982,-8.516999,7712
42.34,-1.102173,5,-0.7931083,-0.9853206,24.67101,-1.69006,5.684711,5.535041,-4.528489,7684
42.36,175.26,5,-0.6331425,-0.7485197,-1.527473,1.082442,6.69691,6.194967,-0.591953,7740
42.38,86.94666,5,-0.871244,-0.4973486,-0.6725109,21.52704,6.62943,6.431115,0.7650743,7664
42.4,-12.40625,5,-0.07445963,0.07046121,30.31987,23.32699,6.29203,6.442741,3.61042,7636
42.42,172.6996,5,0.01995081,0.5290721,32.02979,14.5974,7.30423,7.0186,5.06815,7672
42.44,21.9292,5,1.47553,1.202557,61.43438,22.50924,7.03431,7.261193,7.937979,7616
42.46,-30.56848,5,1.791509,1.678397,12.38093,11.37898,6.89935,7.233227,5.723026,7624
42.48,-0.3879395,5,1.466784,1.688531,-10.73358,-0.1513651,6.96683,7.121746,1.962891,7592
42.5,0.904541,5,1.455601,1.539228,0.1213828,-4.721316,6.89935,6.992142,0.1261337,7616
42.52,33.20203,5,1.098718,1.286837,-16.64198,-6.397428,6.96683,6.919487,-1.616349,7656
42.54,36.24609,5,1.100074,1.128263,-1.603809,-4.266727,6.96683,6.901623,-1.723062,7644
42.56,35.39917,5,1.054785,1.046775,-1.069457,-2.413555,6.96683,6.898714,-1.907751,7628
42.58,43.97229,5,1.101032,1.041094,2.640467,-1.413691,7.03431,6.947881,-1.770935,7632
42.6,24.64771,5,1.122314,1.055184,2.228254,0.0117881,6.96683,6.928582,-2.030239,7636
42.62,12.28442,5,1.26948,1.102203,6.090851,-1.521098,6.89935,6.890856,-2.171338,7644
42.64,27.80457,5,1.339417,1.127419,2.991613,-3.992633,6.96683,6.909095,-2.53802,7636
42.66,13.21851,5,1.34835,1.11314,0.3351234,-4.116798,6.89935,6.864955,-3.203972,7620
42.68,-213.0135,5,1.35238,0.9328717,0.7015356,-6.193407,5.54975,6.024376,-6.446143,7620
42.7,-90.29907,5,1.369983,0.6389926,-0.1686933,-30.42934,5.61723,5.680946,-8.243205,7724
42.72,13.01111,5,1.076394,0.1665787,-15.11526,-32.93361,5.95463,5.699409,-9.480098,7712
42.74,19.43445,5,0.2109915,-0.3289804,-48.30611,-21.26026,5.95463,5.640906,-10.71931,7688
42.76,54.53076,5,-0.7593288,-0.722558,-26.55038,-9.591764,6.02211,5.602944,-10.50198,7704
42.78,212.8381,5,-0.5028519,-0.5775992,16.50307,1.179615,6.96683,6.276193,-4.663973,7684
42.8,65.81287,5,-0.3004893,-0.1896771,14.07559,23.50214,6.62943,6.444977,-1.706154,7612
42.82,24.62695,5,0.545495,0.4932693,42.41147,20.5625,6.561951,6.585346,1.473696,7632
42.84,-50.80627,5,1.652969,1.12783,53.49545,10.66193,6.29203,6.563841,2.342216,7656
42.86,-60.46521,5,2.17198,1.457808,20.64047,-5.262825,6.22455,6.482684,0.3140337,7660
42.88,-32.83533,5,2.072971,1.402061,-6.245031,-16.41226,6.29203,6.390322,-2.984437,7648
42.9,35.53296,5,1.45717,1.082505,-31.0542,-18.8329,6.561951,6.396307,-5.725607,7656
42.92,-127.4937,5,0.6406415,0.5519921,-40.09237,-11.16784,5.54975,5.703368,-9.429242,7656
42.94,208.9324,5,0.3303494,0.2974509,-15.64962,-20.97443,6.96683,6.26,-6.737424,7712
42.96,118.9663,5,0.2352424,0.2250906,-8.031293,6.816137,6.89935,6.517682,-4.487692,7620
42.98,113.3788,5,-0.3973697,0.3424455,-34.10764,18.26926,6.96683,6.637489,-3.252092,7624
43,44.92712,5,-0.68391,0.4674587,43.0527,26.16162,6.561951,6.44408,-2.109661,7616
43.02,11.52795,5,0.3267469,0.878302,45.72445,21.025,6.29203,6.35595,1.555073,7644
43.04,32.24744,5,0.9621313,1.233665,34.76262,12.19352,6.35951,6.412705,2.632337,7652
43.06,25.07471,5,1.253926,1.429111,5.968713,7.486643,6.35951,6.430572,2.107965,7660
43.08,29.6947,5,1.092227,1.432219,-9.756483,4.203216,6.35951,6.380208,0.5700558,7644
43.1,21.09253,5,1.223665,1.418917,1.388559,2.02818,6.29203,6.320387,0.1435232,7676
43.12,41.38428,5,1.146875,1.358202,-5.527474,0.001813889,6.35951,6.313881,-0.5745885,7676
43.14,28.17102,5,1.158257,1.300556,-1.206862,0.6402115,6.29203,6.269385,-0.9966724,7672
43.16,92.25439,5,1.074419,1.278792,-3.237398,0.1311405,6.62943,6.440571,-0.8064758,7680
43.18,76.84497,5,1.1743,1.340166,1.556498,5.944972,6.69691,6.573065,-0.2153013,7640
43.2,47.65955,5,1.201314,1.446234,1.419093,8.108155,6.62943,6.588983,-0.2522117,7664
43.22,41.74963,5,1.456633,1.59189,14.99162,5.731351,6.62943,6.614107,-0.01657777,7660
43.24,36.55817,5,1.630289,1.691534,7.174821,2.979257,6.62943,6.622875,-0.4326289,7636
43.26,21.91553,5,1.741868,1.730845,1.098482,0.229189,6.561951,6.575445,-1.255517,7656
43.28,28.12494,5,1.725883,1.697722,-0.01602192,-3.020204,6.561951,6.530727,-2.286642,7660
43.3,43.42603,5,1.732011,1.642505,-2.214496,-4.545995,6.62943,6.540133,-2.880314,7664
43.32,41.05219,5,1.668532,1.577103,-5.451138,-3.807229,6.62943,6.530322,-3.502377,7648
43.34,40.93896,5,1.633737,1.533095,-3.084725,-3.451107,6.62943,6.519804,-3.865585,7660
43.36,40.95288,5,1.632406,1.509268,-0.183961,-3.227819,6.62943,6.513521,-4.092705,7648
43.38,40.58759,5,1.648407,1.501604,-0.09235785,-3.135457,6.62943,6.510349,-4.267313,7656
43.4,28.26172,5,1.681106,1.498822,0.04504682,-3.24811,6.561951,6.468722,-4.553593,7660
43.42,45.04315,5,1.692072,1.49745,-0.2144953,-4.578067,6.62943,6.486703,-4.717978,7676
43.44,29.96594,5,1.722417,1.490957,0.04504682,-3.890248,6.561951,6.453754,-4.991995,7656
43.46,46.01184,5,1.712965,1.490687,-0.6114421,-4.900798,6.62943,6.473997,-5.143837,7684
43.48,42.63892,5,1.732209,1.494086,-0.1686933,-4.012174,6.62943,6.48216,-5.242934,7636
43.5,41.49792,5,1.736895,1.507835,-0.4893047,-3.780452,6.62943,6.48321,-5.358639,7668
43.52,41.15265,5,1.763441,1.527109,0.1061156,-3.828905,6.62943,6.483058,-5.437719,7656
43.54,41.5448,5,1.772404,1.541753,0.07558119,-3.921802,6.62943,6.479498,-5.574923,7656
43.56,42.05188,5,1.793551,1.556993,-0.3060985,-4.010503,6.62943,6.476655,-5.661687,7636
43.58,31.22144,5,1.802592,1.561504,0.01451245,-4.068895,6.561951,6.432081,-5.909783,7660
43.6,48.87793,5,1.820209,1.569879,-0.1534266,-5.229587,6.62943,6.451574,-5.918368,7672
43.62,46.40375,5,1.825856,1.574894,-0.1992282,-4.228251,6.62943,6.458521,-5.983436,7672
43.64,45.86755,5,1.825546,1.591384,-0.2602969,-3.811663,6.62943,6.459939,-6.017235,7648
43.66,46.1745,5,1.837628,1.612277,0.1213828,-3.625154,6.62943,6.4597,-6.032777,7660
43.68,46.91541,5,1.84718,1.632821,0.1061156,-3.496021,6.62943,6.458076,-6.058779,7660
43.7,47.97382,5,1.852852,1.651745,-0.04655629,-3.347362,6.62943,6.45554,-6.08289,7672
43.72,48.93756,5,1.867684,1.672832,0.1519171,-3.184453,6.62943,6.454234,-6.06904,7652
43.74,49.76691,5,1.88328,1.695616,-0.0007547362,-3.024162,6.62943,6.453477,-6.054677,7660
43.76,50.71033,5,1.892964,1.717701,0.01451245,-2.859013,6.62943,6.452021,-6.055267,7680
43.78,40.03186,5,1.909186,1.733443,0.1213828,-2.726337,6.561951,6.410631,-6.170518,7672
43.8,58.25525,5,1.909602,1.747848,-0.0007547362,-3.683632,6.62943,6.430307,-6.124454,7660
43.82,56.27594,5,1.914464,1.760793,0.04504682,-2.484335,6.62943,6.438821,-6.076786,7664
43.84,44.35229,5,1.919339,1.779898,0.3351234,-1.92629,6.561951,6.402381,-6.133432,7644
43.86,61.86487,5,1.929441,1.804404,0.3198562,-2.760187,6.62943,6.426223,-6.010159,7644
43.88,59.61981,5,1.935308,1.825406,-0.06182348,-1.55324,6.62943,6.436389,-5.940449,7632
43.9,69.93719,5,1.977058,1.875709,2.136651,-1.090454,6.69691,6.486266,-5.631472,7648
43.92,40.58911,5,2.021805,1.919974,2.075582,0.06362969,6.561951,6.429614,-5.751372,7636
43.94,60.383,5,2.071775,1.966131,2.747338,-2.270755,6.62943,6.445135,-5.693315,7660
43.96,59.51526,5,2.075623,1.980147,-1.420603,-1.818201,6.62943,6.446191,-5.837779,7640
43.98,48.2934,5,2.08445,1.990776,0.7473372,-1.656175,6.561951,6.404499,-6.002867,7648
44,67.26111,5,2.047393,1.991306,-0.7335792,-2.523266,6.62943,6.419029,-6.064229,7644
44.02,65.29547,5,2.06881,2.002087,-0.1686933,-1.245712,6.62943,6.428932,-5.940172,7648
44.04,64.3175,5,2.087569,2.032582,1.32749,-0.6569798,6.62943,6.435913,-5.829594,7648
44.06,75.08289,5,2.133934,2.082223,2.045048,-0.4900707,6.69691,6.48321,-5.585507,7644
44.08,58.39905,5,2.143344,2.12017,1.190086,0.6580008,6.62943,6.460587,-5.694088,7648
44.1,61.85565,5,2.190752,2.162991,3.770239,-0.4193156,6.62943,6.451962,-5.671521,7644
44.12,62.33813,5,2.275629,2.202805,3.129017,-1.060392,6.62943,6.453148,-5.643217,7656
44.14,63.94336,5,2.246657,2.2122,-0.4282355,-1.331157,6.62943,6.442941,-5.92755,7632
44.16,65.21173,5,2.273029,2.224386,0.2587874,-1.431617,6.62943,6.438505,-5.968001,7656
44.18,66.68927,5,2.261133,2.229805,0.304589,-1.32408,6.62943,6.432139,-6.091477,7644
44.2,56.51959,5,2.261974,2.229993,-0.107625,-1.125747,6.561951,6.387237,-6.263993,7652
44.22,74.53888,5,2.27174,2.238239,0.2893218,-2.021802,6.62943,6.407734,-6.195302,7644
44.24,72.32965,5,2.270669,2.245991,0.07558119,-0.7841844,6.62943,6.416036,-6.182266,7644
44.26,71.86316,5,2.272552,2.269027,0.5030622,-0.1898839,6.62943,6.419816,-6.12234,7660
44.28,72.3501,5,2.27945,2.295779,0.304589,0.1409566,6.62943,6.420879,-6.077263,7664
44.3,72.85474,5,2.30554,2.32735,2.228254,0.3298096,6.62943,6.422824,-5.997462,7640
44.32,73.11047,5,2.339061,2.361853,2.121383,0.4012775,6.62943,6.42531,-5.933288,7648
44.34,74.00116,5,2.343854,2.388238,0.06031401,0.4670387,6.62943,6.423476,-5.96555,7644
44.36,74.18323,5,2.394356,2.422623,2.701536,0.4379993,6.62943,6.426389,-5.877827,7644
44.38,74.90186,5,2.399049,2.4471,-0.1992282,0.429221,6.62943,6.424152,-5.950167,7628
44.4,64.4787,5,2.407908,2.459445,-0.03128911,0.448652,6.561951,6.380433,-6.119768,7640
44.42,71.90839,5,2.385231,2.455907,-0.3519,-0.5051122,6.561951,6.355416,-6.273837,7648
44.44,87.10999,5,2.397581,2.459981,-0.3824344,-0.3928559,6.62943,6.3866,-6.116353,7652
44.46,83.46606,5,2.396033,2.477116,-0.04655629,1.22771,6.62943,6.401479,-6.009898,7640
44.48,82.55096,5,2.394411,2.509709,0.4877952,1.9435,6.62943,6.407951,-5.907153,7640
44.5,81.06226,5,2.479975,2.565838,4.121384,2.044129,6.62943,6.420193,-5.658915,7660
44.52,79.24829,5,2.556538,2.624299,2.503063,1.709737,6.62943,6.429638,-5.592766,7648
44.54,78.99475,5,2.578303,2.662123,1.388559,1.239185,6.62943,6.428377,-5.748191,7648
44.56,80.10364,5,2.585074,2.682245,0.5641309,0.886299,6.62943,6.422016,-5.911178,7644
44.58,81.51123,5,2.593654,2.694635,0.7473372,0.7421352,6.62943,6.416002,-6.017533,7648
44.6,71.23877,5,2.59946,2.696718,-0.0007547362,0.7499619,6.561951,6.370553,-6.23047,7644
44.62,89.43195,5,2.602484,2.701223,0.01451245,-0.2602994,6.62943,6.388919,-6.22226,7668
44.64,87.46722,5,2.596656,2.703626,-0.04655629,0.9346973,6.62943,6.395442,-6.242252,7656
44.66,87.15387,5,2.594938,2.721738,0.09084838,1.536937,6.62943,6.398186,-6.199039,7668
44.68,87.05267,5,2.624523,2.751714,1.571765,1.810747,6.62943,6.402,-6.109426,7656
44.7,88.08606,5,2.612303,2.773116,0.9458106,2.031411,6.62943,6.399333,-6.156823,7660
44.72,88.03412,5,2.675071,2.81023,3.067949,2.077796,6.62943,6.404499,-6.001482,7664
44.74,77.50964,5,2.658287,2.823511,-0.519839,2.14314,6.561951,6.360002,-6.246774,7652
44.76,95.23883,5,2.693682,2.845207,0.5641309,1.038269,6.62943,6.382789,-6.116902,7644
44.78,-69.6265,5,2.722965,2.755423,1.754971,1.653127,5.684711,5.825615,-8.000891,7668
44.8,167.7453,5,2.720787,2.700078,-0.3671672,-14.21028,6.62943,6.13968,-7.188157,7696
44.82,-52.66049,5,2.769194,2.514154,1.43436,-1.270487,5.61723,5.684086,-8.831392,7644
44.84,246.6542,5,2.393654,2.469647,-27.28321,-13.20702,6.96683,6.25236,-7.514603,7708
44.86,124.2924,5,2.268496,2.433649,19.3733,9.45142,6.69691,6.349223,-6.859766,7616
44.88,99.77716,5,2.321113,2.64652,-8.412971,11.86174,6.62943,6.381093,-5.550287,7624
44.9,109.677,5,2.05919,2.731797,0.9305434,11.90541,6.62943,6.353522,-5.755714,7640
44.92,91.71619,5,3.141258,3.101977,44.36567,9.302587,6.62943,6.485476,-2.692724,7648
44.94,79.48401,5,3.199266,3.296045,-3.344267,5.58211,6.62943,6.507713,-3.843668,7640
44.96,-93.3913,5,3.178278,3.228026,13.44963,1.583444,5.61723,5.866963,-7.069245,7656
44.98,218.1363,5,3.403598,3.222271,1.556498,-18.76472,6.96683,6.39854,-5.800388,7708
45,-31.70538,5,3.368718,3.0286,0.8236728,-1.042238,5.95463,6.01344,-8.172965,7620
45.02,90.86139,5,3.126452,2.943129,-23.61908,-13.61964,6.35951,6.05202,-8.826255,7700
45.04,89.12378,5,2.853608,2.729386,2.380925,-8.631627,6.35951,6.033945,-9.743961,7672
45.06,82.78104,5,3.013535,2.70811,-1.909152,-6.068078,6.35951,6.069214,-8.875799,7680
45.08,136.0263,5,2.516515,2.620468,-39.35955,-3.231821,6.62943,6.187299,-9.37431,7660
45.1,114.4541,5,2.722186,2.707192,22.3962,3.330037,6.62943,6.288114,-7.788473,7652
45.12,-89.8067,5,3.076164,2.810747,3.693903,3.894118,5.54975,5.731461,-8.755155,7648
45.14,15.8606,5,2.965385,2.720567,11.12902,-15.90543,5.684711,5.522333,-10.3745,7712
45.16,85.57224,5,3.063958,2.527975,-6.031292,-18.53735,5.95463,5.598827,-10.45388,7692
45.18,89.00339,5,2.266376,2.199319,-46.90154,-10.55516,5.95463,5.546206,-12.06203,7676
45.2,96.58752,5,2.038335,2.051541,9.87711,-4.163051,5.95463,5.541351,-10.97618,7672
45.22,84.02896,5,2.558079,2.20639,16.41146,-0.9195904,5.95463,5.645927,-8.360707,7692
45.24,87.08932,5,2.50737,2.335542,6.732071,0.1661245,6.02211,5.722832,-8.164562,7688
45.26,58.69925,5,2.919399,2.542215,16.50307,-0.2152077,5.95463,5.761096,-7.220469,7672
45.28,58.73972,5,2.883518,2.633829,4.747338,-3.204286,5.95463,5.747771,-7.968451,7672
45.3,60.77115,5,2.948367,2.667077,-0.6572433,-5.388906,5.95463,5.732883,-8.303069,7692
45.32,67.3541,5,2.778226,2.611229,-1.893885,-6.049546,5.95463,5.694492,-9.060545,7684
45.34,73.22446,5,2.712417,2.555238,-4.641977,-5.596379,5.95463,5.672802,-9.139835,7684
45.36,77.21912,5,2.641913,2.5136,-0.09235785,-4.461857,5.95463,5.662313,-9.07367,7700
45.38,78.46259,5,2.644342,2.509824,-0.962587,-3.311412,5.95463,5.666854,-8.75172,7704
45.4,66.90253,5,2.648468,2.520305,1.281688,-2.457616,5.887151,5.634027,-8.629552,7684
45.42,84.67276,5,2.624345,2.53434,-0.5351062,-2.944156,5.95463,5.658972,-8.424761,7680
45.44,81.89011,5,2.642603,2.557396,0.6099325,-1.524035,5.95463,5.675401,-8.148849,7704
45.46,81.07083,5,2.637435,2.590549,0.4419934,-0.8413127,5.95463,5.683891,-7.957861,7684
45.48,80.98599,5,2.657812,2.62853,-0.3977011,-0.5322339,5.95463,5.690615,-7.751619,7680
45.5,92.86716,5,2.672904,2.671155,0.8389403,-0.3528302,6.02211,5.735363,-7.471566,7676
45.52,64.87433,5,2.686344,2.69913,0.6404669,0.877611,5.887151,5.674928,-7.554697,7676
45.54,85.07489,5,2.729716,2.735383,3.632834,-1.247958,5.95463,5.6921,-7.357997,7688
45.56,83.03784,5,2.76391,2.754561,-0.7488468,-0.7206488,5.95463,5.701316,-7.305136,7672
45.58,94.84607,5,2.731357,2.772315,0.7931387,-0.4386511,6.02211,5.740143,-7.237907,7680
45.6,78.67746,5,2.734609,2.790527,-0.4587703,0.9083888,5.95463,5.717353,-7.233303,7688
45.62,70.36566,5,2.769583,2.812217,1.403826,0.0284604,5.887151,5.670269,-7.26841,7676
45.64,77.564,5,2.77681,2.811117,-0.6114421,-1.408802,5.887151,5.647173,-7.38124,7664
45.66,80.83884,5,2.780741,2.798138,-0.04655629,-1.64,5.887151,5.636627,-7.434896,7700
45.68,94.00845,5,2.769387,2.794945,-0.183961,-1.396113,5.95463,5.672152,-7.320981,7692
45.7,89.59198,5,2.755771,2.803201,-0.01602192,0.1425642,5.95463,5.687974,-7.233737,7680
45.72,88.0401,5,2.754987,2.827564,0.07558119,0.7192661,5.95463,5.695866,-7.120872,7688
45.74,87.93835,5,2.757965,2.852206,-0.183961,0.9397417,5.95463,5.698942,-7.048749,7680
45.76,88.28021,5,2.770517,2.875898,0.09084838,1.039441,5.95463,5.700873,-6.96883,7680
45.78,89.1163,5,2.767392,2.893252,-0.183961,1.157101,5.95463,5.700175,-6.937103,7668
45.8,90.03226,5,2.770641,2.909107,0.1061156,1.314844,5.95463,5.699854,-6.872588,7680
45.82,102.7738,5,2.760024,2.92877,-0.09235785,1.579306,6.02211,5.738861,-6.694748,7672
45.84,86.69427,5,2.765099,2.949508,0.04504682,3.004092,5.95463,5.717136,-6.653591,7688
45.86,90.38101,5,2.782993,2.977468,0.6099325,2.268713,5.95463,5.709343,-6.558334,7672
45.88,101.7339,5,2.880058,3.024087,3.525964,1.859245,6.02211,5.757144,-6.214255,7680
45.9,73.20657,5,2.878127,3.039916,-1.008389,2.694344,5.887151,5.692269,-6.551546,7692
45.92,93.72223,5,2.90219,3.05585,0.6404669,0.3140537,5.95463,5.702626,-6.553803,7684
45.94,92.65302,5,2.901618,3.04835,1.174818,0.8185204,5.95463,5.703885,-6.672018,7692
45.96,93.39539,5,2.860316,3.0389,-0.04655629,1.184406,5.95463,5.698835,-6.781405,7680
45.98,93.80957,5,2.874378,3.043677,0.5641309,1.456308,5.95463,5.699576,-6.70313,7684
46,94.08316,5,2.874744,3.05196,0.1977187,1.680027,5.95463,5.699951,-6.686272,7664
46.02,94.19217,5,2.887979,3.065288,0.1977187,1.814556,5.95463,5.701342,-6.64206,7672
46.04,105.6148,5,2.909169,3.090448,0.2435202,1.871854,6.02211,5.74415,-6.464692,7692
46.06,88.50577,5,2.925925,3.112874,-0.0007547362,2.983989,5.95463,5.722998,-6.524813,7676
46.08,80.62216,5,2.928132,3.123395,0.2282531,1.962904,5.887151,5.670161,-6.732351,7700
46.1,87.37466,5,2.969598,3.122737,1.846574,0.3579088,5.887151,5.648903,-6.799887,7680
46.12,101.8049,5,2.970161,3.113595,-0.1534266,0.00522548,5.95463,5.67801,-6.810103,7708
46.14,97.13043,5,2.984796,3.1177,0.2282531,1.178688,5.95463,5.693009,-6.773711,7648
46.16,95.6933,5,2.964163,3.127508,0.4725278,1.551608,5.95463,5.695937,-6.83898,7696
46.18,94.17233,5,3.025063,3.15526,3.373292,1.448899,5.95463,5.703543,-6.727339,7676
46.2,94.23688,5,3.006057,3.165024,-0.4282355,1.294119,5.95463,5.70021,-6.896871,7688
46.22,94.47437,5,3.028243,3.175759,0.7320697,1.125736,5.95463,5.699123,-6.91494,7660
46.24,94.33585,5,3.051908,3.18727,1.43436,0.9603016,5.95463,5.699299,-6.9477,7692
46.26,94.48761,5,3.055389,3.193281,-0.1534266,0.8267578,5.95463,5.696992,-7.042644,7692
46.28,95.23572,5,3.044975,3.192814,0.01451245,0.7908102,5.95463,5.692441,-7.146007,7696
46.3,96.25174,5,3.033838,3.190193,-0.1992282,0.8825061,5.95463,5.688075,-7.206533,7676
46.32,86.10779,5,3.007301,3.176313,-0.04655629,1.113277,5.887151,5.642138,-7.398215,7672
46.34,104.3262,5,2.996691,3.169922,-0.2602969,0.3073924,5.95463,5.662005,-7.299061,7684
46.36,101.8928,5,2.990931,3.168036,-0.2144953,1.637889,5.95463,5.672327,-7.206405,7680
46.38,101.0688,5,2.982354,3.182591,-0.3977011,2.303606,5.95463,5.677979,-7.096283,7672
46.4,111.4312,5,3.033011,3.223967,2.90001,2.519393,6.02211,5.7281,-6.756862,7700
46.42,93.09392,5,3.077835,3.265928,2.02978,3.535505,5.95463,5.713121,-6.741343,7696
46.44,95.32283,5,3.120964,3.305471,1.754971,2.21405,5.95463,5.706721,-6.768425,7692
46.46,96.45732,5,3.149516,3.321939,1.632834,1.474148,5.95463,5.701274,-6.895861,7692
46.48,96.75743,5,3.179674,3.331207,0.4725278,0.9993548,5.95463,5.698375,-6.99218,7692
46.5,98.0786,5,3.145244,3.320988,0.1061156,0.8331109,5.95463,5.688931,-7.226261,7696
46.52,99.48312,5,3.133032,3.310355,-0.5045714,0.8990985,5.95463,5.682451,-7.305541,7696
46.54,88.38315,5,3.145434,3.301836,0.1366499,1.018754,5.887151,5.64097,-7.427941,7696
46.56,105.9848,5,3.13036,3.294527,-0.4129688,0.05598712,5.95463,5.660488,-7.426313,7692
46.58,91.44872,5,3.138769,3.284718,-0.2450293,1.145246,5.887151,5.630409,-7.513004,7692
46.6,107.1485,5,3.137863,3.291401,-0.2297625,0.4272202,5.95463,5.657792,-7.416007,7688
46.62,91.7718,5,3.150785,3.293585,0.5946653,1.471452,5.887151,5.630738,-7.495951,7688
46.64,94.63721,5,3.195389,3.311087,1.70917,0.4598215,5.887151,5.623313,-7.460417,7688
46.66,108.3453,5,3.16625,3.310376,-0.519839,0.2076319,5.95463,5.65337,-7.529263,7672
46.68,115.4094,5,3.182809,3.329554,0.01451245,1.395156,6.02211,5.709486,-7.308793,7672
46.7,96.83594,5,3.177138,3.354135,0.4572606,2.887602,5.95463,5.692441,-7.367293,7680
46.72,98.08244,5,3.258316,3.399947,6.014514,1.727365,5.95463,5.692523,-7.231908,7684
46.74,96.71356,5,3.353978,3.439982,2.426727,0.7663007,5.95463,5.698054,-7.239326,7676
46.76,108.1867,5,3.34786,3.455892,0.5641309,0.03885531,6.02211,5.731757,-7.427855,7664
46.78,92.38477,5,3.332338,3.451178,-0.1534266,0.742256,5.95463,5.699072,-7.746081,7680
46.8,84.67577,5,3.3505,3.443268,0.7931387,-0.4756893,5.887151,5.64327,-8.01008,7684
46.82,104.0838,5,3.330994,3.418353,-0.1686933,-1.965903,5.95463,5.653184,-8.172469,7672
46.84,102.1174,5,3.323843,3.394368,-0.3213652,-0.9678457,5.95463,5.657188,-8.23998,7680
46.86,89.29256,5,3.327736,3.384829,0.6862684,-0.5477121,5.887151,5.620313,-8.367177,7684
46.88,105.583,5,3.334566,3.38538,0.2587874,-1.562015,5.95463,5.644399,-8.3328,7676
46.9,113.959,5,3.326873,3.389659,0.1519171,-0.5354524,6.02211,5.693846,-8.244246,7672
46.92,95.58241,5,3.332947,3.406679,0.3961921,0.9419343,5.95463,5.676206,-8.281745,7672
46.94,98.50916,5,3.339084,3.426735,0.9152762,0.04478259,5.95463,5.6668,-8.324084,7672
46.96,99.62801,5,3.372478,3.439183,-0.3060985,-0.360822,5.95463,5.663936,-8.336724,7672
46.98,112.3159,5,3.357114,3.446359,0.4114593,-0.4359891,6.02211,5.698795,-8.321361,7684
47,96.61282,5,3.342221,3.447775,-0.1381594,0.8224027,5.95463,5.671347,-8.437805,7676
47.02,100.2173,5,3.364851,3.461969,0.5793981,-0.004819274,5.95463,5.661751,-8.395516,7684
47.04,102.2669,5,3.3578,3.461199,-0.2144953,-0.1586671,5.95463,5.654755,-8.470982,7676
47.06,92.06242,5,3.350916,3.451344,0.06031401,-0.05182406,5.887151,5.610063,-8.620409,7688
47.08,109.7489,5,3.355577,3.449655,0.1671843,-0.9979699,5.95463,5.631764,-8.517802,7712
47.1,106.9991,5,3.351182,3.448281,-0.04655629,0.1804264,5.95463,5.641814,-8.474483,7676
47.12,117.3278,5,3.355229,3.471747,0.2435202,0.6948158,6.02211,5.688627,-8.247506,7676
47.14,111.6016,5,3.360354,3.503673,-0.1228922,2.063624,6.02211,5.709746,-8.125199,7676
47.16,86.82773,5,3.35727,3.523062,0.1977187,2.354807,5.887151,5.635828,-8.334855,7680
47.18,109.6544,5,3.355253,3.530443,-0.07709067,0.08681542,5.95463,5.640549,-8.312398,7668
47.2,109.5776,5,3.352847,3.521557,-0.5351062,0.9081793,5.95463,5.642391,-8.288991,7684
47.22,109.6527,5,3.346887,3.527095,0.4572606,1.466492,5.95463,5.644861,-8.192374,7672
47.24,98.25043,5,3.350044,3.532912,-0.1534266,1.811877,5.887151,5.606936,-8.231724,7672
47.26,115.6222,5,3.35155,3.543073,0.1366499,0.9152827,5.95463,5.630825,-8.09676,7664
47.28,124.1672,5,3.363884,3.562648,-0.06182348,2.065427,6.02211,5.684343,-7.843359,7684
47.3,106.1773,5,3.358599,3.588906,0.1213828,3.683739,5.95463,5.667558,-7.827816,7664
47.32,98.12227,5,3.358563,3.608392,0.6099325,2.918082,5.887151,5.618079,-7.926733,7684
47.34,115.2609,5,3.447591,3.638564,4.503064,1.331122,5.95463,5.646077,-7.666533,7672
47.36,123.6653,5,3.447598,3.656434,-0.6267089,2.041697,6.02211,5.695686,-7.614658,7644
47.38,105.3447,5,3.463294,3.680273,0.6710012,3.281653,5.95463,5.677538,-7.668962,7656
47.4,108.96,5,3.44965,3.695817,0.3351234,2.300699,5.95463,5.664208,-7.788684,7680
47.42,110.4211,5,3.488371,3.706418,2.6252,1.891518,5.95463,5.660734,-7.774915,7684
47.44,111.6553,5,3.470928,3.704195,-0.7793808,1.830448,5.95463,5.65479,-7.894325,7680
47.46,112.0829,5,3.490823,3.709133,0.07558119,1.849618,5.95463,5.654237,-7.869243,7676
47.48,112.7844,5,3.475043,3.70908,-0.1686933,1.961154,5.95463,5.650921,-7.941782,7672
47.5,113.4403,5,3.475538,3.712182,-0.2450293,2.106813,5.95463,5.649317,-7.936494,7660
47.52,114.2231,5,3.465843,3.714995,0.1061156,2.305421,5.95463,5.64725,-7.945687,7688
47.54,114.6831,5,3.473908,3.723542,-0.09235785,2.492144,5.95463,5.64763,-7.893454,7676
47.56,115.2597,5,3.468933,3.731653,0.02977964,2.682869,5.95463,5.646913,-7.881013,7684
47.58,115.1325,5,3.499087,3.749407,1.11375,2.769165,5.95463,5.650339,-7.781785,7672
47.6,114.921,5,3.514613,3.766847,0.9610775,2.764548,5.95463,5.652263,-7.767456,7668
47.62,104.1619,5,3.496301,3.765442,0.07558119,2.780733,5.887151,5.608087,-7.97758,7676
47.64,121.2022,5,3.532243,3.776006,2.151918,1.613213,5.95463,5.632872,-7.824505,7696
47.66,105.7895,5,3.561334,3.779615,0.9152762,2.440876,5.887151,5.605911,-7.917723,7688
47.68,121.5546,5,3.547546,3.786405,0.2740546,1.50471,5.95463,5.630632,-7.923366,7664
47.7,117.6385,5,3.575744,3.797549,0.4267263,2.384193,5.95463,5.644139,-7.868078,7692
47.72,116.3685,5,3.564333,3.810883,0.3961921,2.609095,5.95463,5.646996,-7.922974,7668
47.74,104.8654,5,3.565394,3.814486,0.1213828,2.603465,5.887151,5.605884,-8.085723,7692
47.76,133.6099,5,3.579792,3.829023,1.052681,1.444042,6.02211,5.668954,-7.87918,7668
47.78,112.9142,5,3.611794,3.844549,1.11375,3.448019,5.95463,5.659889,-7.882761,7676
47.8,103.7134,5,3.587653,3.852545,-0.3366328,2.740209,5.887151,5.609709,-8.131586,7624
47.82,108.285,5,3.698337,3.872546,6.838942,0.9734702,5.887151,5.598832,-8.031777,7676
47.84,120.3572,5,3.74298,3.883511,-0.5656406,0.142074,5.95463,5.634735,-8.077326,7676
47.86,115.7477,5,3.717856,3.879347,0.4572606,0.8928208,5.95463,5.642588,-8.319775,7688
47.88,114.7346,5,3.700876,3.878326,-0.7335792,0.9779447,5.95463,5.641315,-8.463872,7692
47.9,114.199,5,3.724849,3.884645,0.02977964,0.8502645,5.95463,5.641871,-8.501998,7672
47.92,103.1182,5,3.70366,3.872515,-0.06182348,0.7584792,5.887151,5.596043,-8.80462,7692
47.94,120.8578,5,3.699609,3.86275,-0.183961,-0.380406,5.95463,5.614364,-8.809294,7688
47.96,129.2124,5,3.715972,3.86666,-0.04655629,0.6284713,6.02211,5.665571,-8.645788,7688
47.98,110.9171,5,3.705632,3.878405,-0.1228922,2.146841,5.95463,5.646515,-8.738561,7688
48,114.0594,5,3.705612,3.894056,0.4572606,1.30542,5.95463,5.636151,-8.782904,7684
48.02,161.8614,-5,3.716391,3.898529,1.098482,1.035049,5.95463,5.630678,-8.822881,7684
48.04,153.9725,-5,3.752361,3.95172,1.159551,5.586956,5.887151,5.592048,-8.781953,7692
48.06,188.3611,-5,3.735026,4.071162,0.4419934,7.962128,6.02211,5.65053,-8.418459,7696
48.08,171.1976,-5,3.936817,4.271175,13.17482,12.357,5.95463,5.656312,-7.769201,7684
48.1,157.2469,-5,4.367637,4.573334,24.19773,12.10553,5.887151,5.656363,-7.040265,7672
48.12,170.0268,-5,4.727268,4.869716,17.52597,9.397875,5.95463,5.705133,-6.993439,7656
48.14,235.9826,-5,4.95367,5.147905,11.61757,8.334617,6.35951,5.954868,-6.802731,7672
48.16,194.9381,-5,5.081842,5.392536,8.289325,13.8724,6.29203,6.002358,-7.329092,7652
48.18,186.7543,-5,5.473385,5.710847,22.90001,12.10324,6.29203,6.035878,-7.274722,7640
48.2,170.1004,-5,5.851801,5.984851,17.29696,8.847109,6.22455,6.007357,-8.0158,7640
48.22,186.8927,-5,6.082595,6.17702,12.50307,4.296362,6.29203,6.009781,-9.165547,7656
48.24,17.62103,-5,6.095454,6.137098,-0.3366328,2.595845,5.27983,5.355578,-12.81072,7652
48.26,177.1837,-5,6.116806,6.02745,0.2587874,-15.49684,5.684711,5.275615,-14.23036,7720
48.28,243.1707,-5,5.680435,5.746628,-17.52748,-9.726317,5.95463,5.334557,-15.71722,7708
48.3,73.08185,-5,5.07624,5.428167,-29.75649,2.439538,4.94243,4.702724,-18.2133,7676
48.32,132.9434,-5,5.675826,5.454898,21.70918,-8.691472,4.87495,4.494561,-16.51451,7736
48.34,224.9861,-5,5.610068,5.400062,-9.054193,-9.589223,5.21235,4.592462,-16.66294,7756
48.36,277.2095,-5,5.37043,5.409881,-11.64961,0.08987913,5.54975,4.817204,-16.01044,7736
48.38,131.6381,-5,5.537091,5.573921,4.518331,10.98681,4.87495,4.549451,-15.66702,7700
48.4,183.7825,-5,5.77193,5.813659,22.06032,2.789484,4.94243,4.489782,-15.13334,7740
48.42,247.7274,-5,6.243186,6.07626,20.42673,1.24208,5.27983,4.702079,-13.90994,7740
48.44,294.6299,-5,5.848108,6.208586,-8.779383,8.189414,5.61723,4.919988,-14.44355,7720
48.46,152.1982,-5,6.034859,6.412685,17.22062,16.68447,4.94243,4.631599,-14.46373,7688
48.48,66.74713,-5,6.364765,6.576967,21.14429,6.59489,4.20015,4.078996,-15.6512,7740
48.5,204.4935,-5,6.976639,6.710605,22.12139,-10.5426,4.60503,4.119853,-15.26104,7780
48.52,158.7148,-5,6.39326,6.464506,-27.37481,-6.06814,4.267631,3.826204,-18.63567,7776
48.54,95.6626,-5,5.811758,6.114345,-25.0542,-5.980726,3.592831,3.229448,-21.14106,7776
48.56,278.9257,-5,5.845971,5.95562,-2.703046,-12.11337,4.20015,3.373112,-19.33862,7820
48.58,-6.45459,-5,5.407434,5.615866,-23.06947,3.272668,2.58063,2.444932,-22.15008,7796
48.6,243.5258,-5,5.151518,5.443656,-6.718314,-14.18016,3.25543,2.447182,-20.85223,7872
48.62,-49.03577,-5,5.373496,5.168979,15.57177,-1.772343,1.568431,1.508311,-22.12906,7840
48.64,204.1097,-5,5.051839,4.967879,-28.13817,-21.70378,2.243231,1.486462,-21.64732,7936
48.66,143.0897,-5,5.30922,4.806786,9.846577,-10.24384,1.90583,1.347858,-20.50401,7892
48.68,100.884,-5,5.010825,4.705857,-20.06183,-7.938804,1.500951,1.037463,-21.00791,7900
48.7,108.1565,-5,4.714101,4.551745,-2.596175,-9.70792,1.23103,0.7230768,-21.4313,7948
48.72,36.84924,-5,4.781748,4.399693,-0.6114421,-10.55353,0.5562305,0.2207241,-21.56325,7960
48.74,69.16296,-5,4.491936,4.150705,-19.63435,-17.36246,0.2863102,-0.1747971,-22.34498,7996
48.76,71.59155,-5,4.25399,3.842106,-9.054193,-17.85237,-0.05108929,-0.5433421,-22.61526,8000
48.78,63.73779,-5,3.77249,3.486704,-28.0771,-16.39189,-0.4559698,-0.9594108,-23.12085,8032
48.8,88.89832,-5,3.169566,3.108253,-34.61145,-14.20868,-0.7258892,-1.317976,-23.06466,8060
48.82,143.3354,-5,2.967672,2.896575,-15.75649,-9.462925,-0.7258892,-1.421018,-20.80192,8060
48.84,110.207,-5,2.698236,2.786551,-10.55038,0.0339815,-1.06329,-1.630002,-19.14056,8068
48.86,28.22522,-5,2.776601,2.798505,2.182452,2.531932,-1.738089,-2.057165,-17.65409,8116
48.88,252.7665,-5,2.969881,2.97331,13.20536,-4.302704,-0.7933693,-1.618596,-13.92609,8148
48.9,90.49182,-5,3.260944,3.182065,8.64047,12.70384,-1.40069,-1.725482,-12.35662,8104
48.92,73.42627,-5,3.098473,3.368529,-9.237398,8.060511,-1.670609,-1.953821,-12.37456,8116
48.94,31.57751,-5,3.650169,3.532432,35.78552,1.325827,-2.075489,-2.231407,-11.57185,8140
48.96,20.05054,-5,4.041098,3.59668,11.86185,-8.726052,-2.345409,-2.484245,-12.01397,8172
48.98,3.952881,-5,3.826137,3.393068,-14.88626,-15.90463,-2.68281,-2.849149,-14.40404,8172
49,-0.6734619,-5,3.53674,3.039395,-18.87099,-21.40524,-3.02021,-3.245489,-16.31594,8200
49.02,10.15906,-5,3.153227,2.607951,-24.90153,-24.29713,-3.290129,-3.602982,-17.69118,8212
49.04,5.950684,-5,2.66175,2.140657,-29.80229,-23.56206,-3.627529,-3.978702,-18.72262,8228
49.06,8.707764,-5,2.021266,1.653662,-29.54275,-21.43407,-3.96493,-4.366582,-19.41353,8248
49.08,170.5553,-5,1.618066,1.361245,-20.65725,-18.1178,-3.357609,-4.145084,-16.91933,8300
49.1,-122.3702,-5,1.443025,1.133278,-6.703048,0.4643695,-4.909649,-4.919874,-17.07587,8276
49.12,96.58459,-5,1.219648,1.066247,-6.947322,-15.78572,-4.30233,-4.873621,-14.95433,8340
49.14,-26.9707,-5,1.44942,0.9666305,13.12902,-5.375988,-4.977129,-5.180874,-13.71473,8316
49.16,-107.6167,-5,2.294226,1.13195,41.70918,-14.03151,-5.58445,-5.539138,-12.03095,8336
49.18,-4.012817,-5,2.591038,1.178239,17.57177,-28.748,-5.247049,-5.481884,-12.1933,8376
49.2,89.177,-5,2.637509,1.156341,-7.878621,-27.95374,-4.639729,-5.105942,-11.90637,8360
49.22,-57.03821,-5,1.657014,0.8636204,-56.51986,-14.98447,-5.314529,-5.473247,-15.23588,8316
49.24,-259.2081,-5,0.520293,0.2582669,-57.89391,-17.91867,-6.93405,-6.721206,-19.90206,8348
49.26,-8.885864,-5,-0.5523997,-0.5370679,1.525963,-36.42921,-6.596649,-7.133958,-20.44468,8452
49.28,95.88269,-5,-0.1095261,-0.9051987,14.77788,-24.67088,-6.191769,-6.878888,-14.8179,8440
49.3,-68.36243,-5,-0.1810878,-0.988043,-21.80229,-6.35103,-6.93405,-7.11892,-12.87268,8424
49.32,122.1387,-5,-1.227591,-1.09134,-57.71069,-6.964188,-6.191769,-6.863292,-11.58312,8432
49.34,-51.7948,-5,-1.897363,-1.290391,-9.77175,13.85948,-7.13649,-7.325,-10.68013,8412
49.36,30.35193,-5,-0.9620179,-0.9378055,41.2817,7.051088,-6.93405,-7.197528,-4.402597,8472
49.38,5.149658,-5,-0.1030511,-0.4968528,40.13667,8.009768,-6.93405,-7.015156,-1.082318,8456
49.4,-163.111,-5,0.5265834,-0.1471703,27.90765,3.686552,-7.743809,-7.370326,-1.457381,8448
49.42,96.28528,-5,0.7023399,0.07301471,2.548864,-16.28633,-6.529169,-6.832561,-0.7810423,8472
49.44,-86.05786,-5,0.4503506,-0.03515763,-18.1229,-2.710639,-7.20397,-7.063864,-3.187398,8428
49.46,-45.36938,-5,-0.04572203,-0.1919707,-26.41298,-10.49762,-7.20397,-7.231874,-4.582716,8456
49.48,42.30823,-5,-0.439834,-0.4339931,-20.13817,-10.06485,-6.86657,-7.136085,-4.426972,8452
49.5,27.21326,-5,-0.5308102,-0.5352363,-3.741214,-0.6215223,-6.86657,-7.058831,-2.96375,8420
49.52,11.57007,-5,-0.3446801,-0.4232458,5.205354,3.462011,-6.86657,-6.964943,-1.076071,8428
49.54,-4.006592,-5,-0.08921245,-0.2360242,12.85421,3.722121,-6.86657,-6.885285,0.07024866,8436
49.56,-19.9729,-5,0.2785181,-0.02762303,17.81604,1.077641,-6.86657,-6.817431,0.736235,8448
49.58,-34.20007,-5,0.5933277,0.1337348,13.80078,-3.358083,-6.86657,-6.776339,0.5738891,8444
49.6,-43.80298,-5,0.7714617,0.200397,5.678637,-8.351778,-6.86657,-6.77035,-0.3277401,8456
49.62,-58.70056,-5,0.7762331,0.1459491,-1.558007,-12.69497,-6.93405,-6.838365,-1.828461,8480
49.64,-51.73718,-5,0.6686245,-0.00150086,-7.588544,-16.74101,-6.93405,-6.90095,-3.260003,8464
49.66,-33.48303,-5,0.4734956,-0.201327,-13.78702,-18.06232,-6.86657,-6.916956,-4.316073,8456
49.68,-29.42957,-5,0.1138426,-0.4384245,-18.13817,-15.90849,-6.86657,-6.959735,-5.264197,8444
49.7,-31.32874,-5,-0.288938,-0.6757439,-22.97786,-12.75944,-6.93405,-7.046029,-5.782466,8436
49.72,-13.30969,-5,-0.715124,-0.8965405,-23.31374,-9.431641,-6.93405,-7.103272,-5.700522,8440
49.74,14.10291,-5,-1.136026,-1.075284,-21.9855,-3.951522,-6.86657,-7.096359,-4.880468,8448
49.76,8.226318,-5,-1.407102,-1.161355,-16.47404,3.353222,-6.93405,-7.115639,-3.429595,8444
49.78,-25.44373,-5,-1.228629,-1.078853,12.76261,6.938347,-7.13649,-7.175581,-1.309541,8436
49.8,-44.63391,-5,-0.8363442,-0.9002519,23.96872,4.560876,-7.27145,-7.213231,0.3644193,8476
49.82,-83.09277,-5,-0.2687956,-0.7007937,27.19009,-0.9277383,-7.473888,-7.286629,1.169944,8480
49.84,-85.36572,-5,0.3334605,-0.5219456,27.19009,-10.48472,-7.473888,-7.273626,1.234036,8500
49.86,-95.27856,-5,0.622055,-0.4815579,12.50307,-18.04155,-7.473888,-7.278236,-0.1960542,8524
49.88,-97.09143,-5,0.5063987,-0.6208636,-15.11526,-23.69814,-7.473888,-7.337256,-2.559312,8492
49.9,-24.25537,-5,-0.5737484,-1.070322,-60.39772,-23.90907,-7.20397,-7.357931,-5.75398,8468
49.92,-4.132324,-5,-1.705238,-1.613373,-55.64963,-12.88763,-7.20397,-7.464924,-6.943777,8484
49.94,16.59778,-5,-2.723751,-2.059125,-44.871,-0.1383963,-7.27145,-7.589407,-6.090748,8408
49.96,44.65625,-5,-2.310459,-1.99013,40.62521,9.072887,-7.13649,-7.399626,-0.7238474,8452
49.98,-53.2439,-5,-1.457169,-1.587296,45.26643,15.01485,-7.473888,-7.35689,3.066981,8472
50,104.6937,-5,-0.6230794,-0.9737407,39.95346,6.634473,-6.461689,-6.643104,6.896321,8472
50.02,-81.89246,-5,0.1244517,-0.4506582,37.43438,14.32627,-6.93405,-6.573741,6.959905,8404
50.04,-88.2417,-5,0.7704382,0.01294509,27.43437,-1.624979,-6.86657,-6.504634,6.03276,8432
50.06,-156.6648,-5,0.9603868,0.06677006,7.174821,-13.60807,-7.20397,-6.751132,2.259115,8424
50.08,-75.88745,-5,0.6863347,-0.1835098,-20.36718,-27.45924,-6.93405,-6.79956,-1.11356,8464
50.1,13.31873,-5,-0.3352456,-0.7252364,-59.42062,-24.90271,-6.529169,-6.724376,-4.147678,8436
50.12,64.9939,-5,-1.541889,-1.268589,-64.21451,-10.06567,-6.259249,-6.629609,-4.915644,8420
50.14,77.68872,-5,-2.906053,-1.727381,-57.8481,9.576174,-6.259249,-6.665457,-4.320718,8396
50.16,35.1228,-5,-2.872184,-1.723789,45.86186,23.67483,-6.529169,-6.716637,0.2793429,8404
50.18,-32.29944,-5,-1.820833,-1.27945,52.1214,25.07825,-6.86657,-6.73539,5.293216,8428
50.2,-90.16663,-5,-0.6811008,-0.7391241,53.75499,15.29057,-7.13649,-6.774246,7.475186,8444
50.22,48.20532,-5,0.4314877,-0.1777011,50.88476,-0.4476762,-6.259249,-6.191407,9.47242,8468
50.24,-255.0709,-5,1.230467,0.1081041,31.93819,-0.08651543,-7.473888,-6.654145,6.04068,8420
50.26,26.89954,-5,0.7346272,0.04353504,-35.28321,-28.39883,-6.259249,-6.30044,2.500226,8484
50.28,-174.6178,-5,-0.02380572,-0.5244727,-44.35191,-16.48097,-7.20397,-6.850151,-2.900907,8396
50.3,-91.77515,-5,-0.9525235,-1.129227,-49.9855,-25.86518,-7.20397,-7.186936,-5.551274,8468
50.32,-41.04565,-5,-1.681653,-1.773754,-29.89389,-21.24291,-7.20397,-7.367096,-6.228542,8428
50.34,-29.13354,-5,-1.667194,-2.063184,0.5793981,-13.13025,-7.20397,-7.352301,-3.831216,8448
50.36,121.0881,-5,-1.473283,-1.953641,1.938177,-6.880337,-6.259249,-6.691552,0.2993027,8460
50.38,37.7384,-5,-1.653125,-1.737584,-9.481673,13.01493,-6.259249,-6.396637,1.880278,8416
50.4,-34.43152,-5,-1.919336,-1.487928,-12.51984,18.55815,-6.529169,-6.454832,2.407835,8400
50.42,-85.52087,-5,-1.453269,-1.20676,30.54888,13.27881,-6.86657,-6.625164,3.712963,8420
50.44,76.91052,-5,-0.207292,-0.6827555,59.99926,0.7980254,-5.92185,-5.994739,7.809705,8456
50.46,-20.80859,-5,0.5139731,-0.226667,34.213,6.481189,-5.92185,-5.685851,7.908863,8380
50.48,-74.25,-5,0.6499054,0.0701679,-6.077093,-0.1717935,-5.989328,-5.656652,5.576416,8396
50.5,-36.46045,-5,-0.05686089,-0.07387261,-38.45878,-7.552087,-5.85437,-5.730228,1.613052,8372
50.52,-37.01355,-5,-0.7909531,-0.4632389,-34.77939,-6.19721,-5.989328,-5.948339,-0.8917115,8392
50.54,-11.84705,-5,-0.4710605,-0.5898725,13.92291,-6.430573,-5.92185,-5.922634,0.7274659,8384
50.56,-33.48145,-5,-0.3690683,-0.6371021,7.159553,-4.43371,-5.989328,-5.921756,0.9147804,8380
50.58,-37.60767,-5,-0.3110843,-0.6444567,-2.13816,-5.516009,-5.989328,-5.914082,0.7722099,8404
50.6,-251.7555,-5,-0.1883775,-0.7821563,4.441995,-7.535977,-7.20397,-6.633956,-1.910009,8404
50.62,-170.5232,-5,-0.1300007,-1.051362,3.846575,-30.72404,-7.27145,-7.004789,-3.980362,8500
50.64,-127.0897,-5,-0.2347284,-1.519177,-4.260297,-37.51078,-7.27145,-7.18659,-5.921535,8468
50.66,118.5327,-5,-0.4205939,-1.779337,-12.97786,-36.53523,-5.92185,-6.452902,-4.19671,8444
50.68,5.394043,-5,-0.8108651,-1.877205,-29.52748,-9.867702,-5.989328,-6.18118,-3.755761,8396
50.7,-169.7537,-5,-1.858001,-2.055606,-52.8252,-0.5118825,-6.93405,-6.737608,-6.434409,8380
50.72,78.83252,-5,-2.192132,-2.129526,-6.703048,-10.47879,-5.989328,-6.421634,-3.931952,8416
50.74,-42.5636,-5,-1.271364,-1.900221,45.95346,4.829959,-6.326729,-6.310321,0.1153706,8372
50.76,-55.1712,-5,-0.6466033,-1.453567,30.56414,0.598845,-6.259249,-6.141577,2.04252,8400
50.78,-283.0184,-5,-0.4311565,-1.331785,5.77024,-4.646114,-7.473888,-6.822337,-1.134755,8400
50.8,-21.58301,-5,-0.6200764,-1.442933,-10.3061,-30.11494,-6.529169,-6.631016,-2.267534,8456
50.82,-58.97083,-5,-0.8829477,-1.760371,-16.90152,-19.69827,-6.596649,-6.622733,-3.400112,8404
50.84,-57.87469,-5,-1.325791,-1.970409,-24.44351,-15.13379,-6.596649,-6.644131,-3.698445,8416
50.86,-46.61945,-5,-1.821068,-2.172123,-24.2145,-10.33685,-6.596649,-6.684234,-3.755922,8412
50.88,-32.367,-5,-2.242243,-2.330665,-16.09236,-4.590572,-6.596649,-6.711635,-2.996182,8392
50.9,-90.2796,-5,-2.062992,-2.31702,9.617569,-0.0626592,-6.93405,-6.853549,-1.214965,8420
50.92,102.2966,-5,-1.901527,-2.115504,12.65574,-3.058,-5.92185,-6.263388,2.136644,8444
50.94,27.16693,-5,-1.451617,-1.754295,19.48017,12.9166,-5.85437,-5.892046,4.8405,8380
50.96,128.3097,-5,-1.171075,-1.184496,10.671,15.25998,-4.977129,-5.18339,7.750638,8384
50.98,-193.7894,-5,-0.4671501,-0.6822163,36.19773,24.16027,-6.259249,-5.594814,6.996167,8324
51,21.4787,-5,0.538852,-0.09416792,46.51835,-5.503509,-5.247049,-5.121794,8.437126,8388
51.02,-136.0972,-5,1.69412,0.2684931,54.85423,-7.463386,-5.65193,-5.110072,6.839001,8336
51.04,-141.8246,-5,2.209888,0.4635441,28.73208,-26.48409,-5.58445,-5.113505,3.259799,8360
51.06,-83.00934,-5,1.857591,0.2204869,-27.1916,-38.40514,-5.247049,-5.068329,-1.936969,8348
51.08,-191.3806,-5,0.6731803,-0.4907162,-61.35955,-36.683,-5.92185,-5.652663,-8.786771,8344
51.1,-274.2304,-5,-0.54516,-1.456744,-64.642,-42.79828,-6.93405,-6.647221,-14.37606,8396
51.12,-60.61145,-5,-1.68638,-2.465482,-60.19925,-51.19383,-6.529169,-6.90579,-15.64023,8484
51.14,27.39502,-5,-2.725183,-3.293406,-51.0084,-31.55236,-6.259249,-6.851758,-13.98434,8424
51.16,53.42725,-5,-3.604713,-3.676683,-44.42825,-6.648378,-6.124289,-6.700063,-10.2335,8412
51.18,199.0464,-5,-4.150843,-3.564959,-20.06183,14.67627,-5.247049,-6.039224,-3.797214,8372
51.2,-153.8325,-5,-3.690024,-3.109416,35.2359,41.42138,-6.799089,-6.517426,0.3835307,8348
51.22,216.1357,-5,-2.449136,-2.123778,59.54125,20.06138,-4.977129,-5.454304,8.912901,8452
51.24,-42.16516,-5,-1.089912,-1.216968,74.56416,38.54969,-5.58445,-5.221891,11.84149,8320
51.26,79.87335,-5,0.04622133,-0.1682431,52.83896,21.20152,-4.639729,-4.503495,14.46908,8376
51.28,-59.90289,-5,0.5756722,0.4319871,28.3046,20.16696,-4.909649,-4.417492,12.04809,8340
51.3,-141.8141,-5,0.9136429,0.713329,15.06795,4.042761,-5.314529,-4.697114,8.415208,8356
51.32,-96.17218,-5,1.071664,0.6357009,1.693902,-15.42268,-5.247049,-4.857024,4.769543,8356
51.34,-83.69592,-5,1.053822,0.3226052,0.6862684,-23.67575,-5.247049,-4.985421,1.465663,8372
51.36,-88.20471,-5,0.8724353,-0.06012478,-12.39771,-27.3626,-5.314529,-5.127509,-1.392936,8372
51.38,-14.24817,-5,0.3914009,-0.4666625,-32.90153,-28.57478,-4.977129,-5.052431,-3.407788,8368
51.4,-170.9628,-5,-0.7692292,-1.125734,-60.0313,-18.38692,-5.92185,-5.714106,-7.951567,8320
51.42,-75.24536,-5,-1.937063,-1.833772,-57.37482,-23.5519,-5.989328,-6.133288,-9.683656,8372
51.44,158.7058,-5,-2.020908,-2.152421,9.205355,-16.58056,-4.909649,-5.573564,-4.918853,8360
51.46,64.01569,-5,-1.901689,-2.044034,5.052682,11.22276,-4.977129,-5.253277,-0.8070496,8324
51.48,-33.87842,-5,-1.750869,-1.646816,4.869476,19.41478,-5.314529,-5.254147,1.533813,8320
51.5,-89.88739,-5,-0.7890258,-1.110501,49.2359,11.64039,-5.58445,-5.306127,3.813005,8352
51.52,66.48181,-5,0.2217828,-0.534831,53.52599,-2.188008,-4.639729,-4.691128,6.324326,8360
51.54,-69.5434,-5,0.7469793,-0.1555412,24.19773,2.560395,-4.909649,-4.592685,5.048586,8292
51.56,-89.81653,-5,0.6787859,-0.00025177,-4.321367,-7.873672,-4.977129,-4.680753,2.08321,8328
51.58,-72.7702,-5,0.4336029,-0.1446294,-15.74122,-16.00873,-4.977129,-4.811578,-0.8753912,8336
51.6,-52.92529,-5,0.080761,-0.4422947,-18.77939,-18.4975,-4.977129,-4.931597,-2.947187,8332
51.62,-20.65582,-5,-0.4412175,-0.7890893,-24.87099,-16.37206,-4.909649,-4.995431,-4.170311,8328
51.64,-8.285767,-5,-0.8927708,-1.075107,-13.46641,-10.19363,-4.909649,-5.041697,-4.24431,8328
51.66,-76.07227,-5,-0.87541,-1.194702,2.212986,-5.070989,-5.314529,-5.255568,-3.533271,8316
51.68,-51.64868,-5,-0.6929146,-1.191192,8.85421,-9.134346,-5.314529,-5.301734,-2.55353,8340
51.7,-39.06207,-5,-0.4489458,-1.149402,8.838943,-10.14344,-5.247049,-5.24462,-1.813625,8336
51.72,118.5306,-5,-0.5775819,-1.05433,-4.382436,-8.753996,-4.30233,-4.671434,-0.3206416,8340
51.74,42.59302,-5,-0.6245324,-0.8742083,-0.8099151,8.222463,-4.30233,-4.416767,0.7738076,8284
51.76,13.76294,-5,-0.6435048,-0.5856014,0.7015356,11.83797,-4.30233,-4.309116,1.623694,8284
51.78,0.1908569,-5,-0.3368562,-0.2857525,36.213,10.30765,-4.30233,-4.240533,2.553761,8280
51.8,-241.1196,-5,0.4596919,-0.05890597,43.2359,4.769277,-5.58445,-4.9095,1.219462,8284
51.82,59.3764,-5,1.03845,0.1317633,24.68628,-24.72679,-4.30233,-4.424536,1.801367,8388
51.84,-26.07147,-5,1.209011,0.08326611,4.762606,-14.51874,-4.36981,-4.281455,-0.01061678,8312
51.86,-35.3728,-5,0.964909,0.05027966,-16.35191,-15.62586,-4.30233,-4.24083,-1.956902,8316
51.88,-192.8929,-5,0.3779098,-0.2777272,-29.37481,-15.69832,-5.247049,-4.892448,-6.390905,8312
51.9,-40.21283,-5,-0.1503738,-0.7059162,-21.11526,-29.73969,-4.909649,-5.040083,-7.91097,8348
51.92,-82.11664,-5,0.08837453,-1.018301,12.28933,-24.51715,-5.179569,-5.193392,-7.359201,8308
51.94,-35.91577,-5,0.1413556,-1.137299,-1.481671,-25.43122,-4.977129,-5.101686,-6.734757,8356
51.96,-40.13696,-5,-0.3644025,-1.333925,-30.93206,-19.67682,-4.977129,-5.115086,-7.774046,8348
51.98,-17.74585,-5,-1.319038,-1.63915,-50.7794,-13.06651,-4.977129,-5.214705,-8.819766,8372
52,5.94751,-5,-2.242831,-1.965793,-48.76413,-3.295596,-5.044609,-5.352686,-8.371514,8328
52.02,-23.42224,-5,-2.102251,-1.981201,23.90765,5.038775,-5.314529,-5.465914,-4.861642,8340
52.04,-79.6662,-5,-1.251442,-1.678915,34.3962,4.635265,-5.65193,-5.554714,-1.255366,8344
52.06,91.81921,-5,-0.7411089,-1.276081,21.15956,-2.639307,-4.707209,-4.969984,1.804008,8372
52.08,187.8651,-5,-0.5105446,-0.8176779,10.94581,9.477015,-3.695009,-4.098889,4.670474,8324
52.1,-141.1198,-5,-0.5280797,-0.4526908,2.594666,26.74887,-4.977129,-4.513994,3.105217,8244
52.12,85.38208,-5,0.07364294,0.06134262,49.78552,3.315666,-3.96493,-4.059177,5.344968,8320
52.14,-54.78333,-5,1.24842,0.5037384,58.67102,6.612169,-4.30233,-3.970423,5.947221,8276
52.16,-85.73352,-5,1.707795,0.8197858,22.60994,-6.986017,-4.36981,-4.000651,3.702386,8292
52.18,-13.95404,-5,1.313931,0.7148166,-22.15343,-17.67311,-4.03241,-3.954805,-0.1737189,8284
52.2,-169.7144,-5,0.501456,0.2038874,-43.69542,-15.13151,-4.977129,-4.639426,-5.502089,8260
52.22,141.6596,-5,-0.3561888,-0.2888783,-47.75649,-25.83573,-3.762489,-4.297834,-5.596581,8328
52.24,-44.16272,-5,-1.225741,-0.8504727,-45.35955,1.143934,-4.639729,-4.709643,-6.741082,8228
52.26,33.80542,-5,-1.863089,-1.112325,-20.22977,2.413041,-4.572248,-4.837923,-5.021027,8304
52.28,34.36694,-5,-1.557741,-1.097028,26.83895,10.13212,-4.639729,-4.814167,-1.34303,8312
52.3,27.06183,-5,-1.138005,-0.8456025,15.12902,13.91799,-4.639729,-4.704141,1.714081,8324
52.32,168.4142,-5,-0.5409842,-0.3548906,26.85421,14.05387,-3.695009,-4.007495,5.826282,8336
52.34,-163.8784,-5,0.1376732,0.08629733,31.46491,25.6252,-5.044609,-4.452142,5.198308,8256
52.36,69.94855,-5,0.574819,0.5133482,20.67101,-1.365199,-4.03241,-4.05526,5.787141,8320
52.38,3.254456,-5,1.739321,0.8960744,56.62522,0.486187,-3.96493,-3.758006,6.511169,8256
52.4,-32.46539,-5,2.027139,1.171129,23.75498,-6.042897,-3.897449,-3.63542,4.147814,8308
52.42,-232.5782,-5,1.888326,1.035048,-12.61145,-13.95607,-4.977129,-4.337537,-1.737458,8284
52.44,-74.54303,-5,1.379334,0.5746114,-30.32137,-37.57888,-4.639729,-4.569253,-5.936176,8328
52.46,-51.64636,-5,0.6370957,-0.1482127,-38.97787,-34.78344,-4.707209,-4.802843,-9.183464,8300
52.48,54.099,-5,-0.2770881,-0.7529123,-49.69543,-27.42676,-4.30233,-4.717255,-9.669902,8348
52.5,-105.4002,-5,-1.320733,-1.341704,-57.51223,-8.722539,-5.247049,-5.293315,-11.21385,8312
52.52,-23.68225,-5,-2.118077,-1.771408,-30.15343,-9.751539,-5.314529,-5.592813,-10.20424,8352
52.54,174.7468,-5,-1.505046,-1.675024,42.85423,-3.807353,-4.30233,-4.93462,-3.314529,8364
52.56,17.13232,-5,-0.8602913,-1.23423,26.47253,17.87262,-4.639729,-4.707495,0.5802937,8304
52.58,-6.913574,-5,-0.6004174,-0.6962966,5.709171,15.4311,-4.639729,-4.5894,1.959146,8344
52.6,-7.339539,-5,-0.6354343,-0.4138201,-6.565642,11.56304,-4.639729,-4.587792,1.571791,8348
52.62,-66.25946,-5,-0.2461976,-0.2160458,35.81605,7.560397,-4.977129,-4.764126,1.713223,8328
52.64,-45.22852,-5,0.5453248,0.03590356,36.18246,-3.670395,-4.909649,-4.727775,2.603216,8340
52.66,-67.28522,-5,0.8514389,0.1186361,10.90001,-10.04257,-4.977129,-4.763629,1.109775,8312
52.68,-61.49133,-5,0.7002187,0.009034321,-9.725948,-16.0027,-4.977129,-4.844099,-1.297076,8324
52.7,-2.185669,-5,0.3609091,-0.2111751,-21.42061,-18.14054,-4.707209,-4.780499,-2.836703,8332
52.72,-5.223572,-5,-0.166175,-0.4864863,-30.80993,-11.81087,-4.707209,-4.809476,-4.048325,8320
52.74,10.32037,-5,-0.858791,-0.7617894,-31.90916,-5.600174,-4.707209,-4.877683,-4.610385,8308
52.76,9.675842,-5,-0.5713989,-0.7458114,18.65574,-0.886802,-4.707209,-4.819078,-2.149218,8308
52.78,-6.679565,-5,-0.139098,-0.5457448,18.62521,0.7117019,-4.707209,-4.717965,-0.3568292,8312
52.8,-68.90961,-5,0.1371211,-0.3664265,11.31223,-0.9125047,-4.977129,-4.816217,-0.5285299,8332
52.82,-57.53253,-5,0.3568135,-0.2651474,10.22826,-9.008723,-4.977129,-4.862625,-1.125949,8348
52.84,17.49329,-5,0.3956302,-0.253207,-1.145793,-13.19533,-4.572248,-4.663321,-1.44167,8344
52.86,-18.30688,-5,0.1792431,-0.3233897,-14.96259,-7.700946,-4.639729,-4.6554,-2.45076,8312
52.88,-12.60638,-5,-0.1835735,-0.4201202,-15.75649,-6.470555,-4.639729,-4.696694,-3.21429,8296
52.9,-14.06903,-5,0.05150556,-0.3912684,10.15192,-5.875143,-4.639729,-4.670789,-2.227368,8300
52.92,-6.663818,-5,0.1021933,-0.3442242,4.808407,-5.775406,-4.572248,-4.612662,-2.02861,8312
52.94,-15.83582,-5,0.1822209,-0.286842,3.693903,-5.23436,-4.572248,-4.582417,-1.947545,8288
52.96,119.0965,-5,0.2055013,-0.1500361,0.2435202,-5.580945,-3.762489,-4.087585,-0.4921465,8308
52.98,64.67603,-5,0.2164606,0.03854966,1.022146,7.792345,-3.695009,-3.830589,0.3247822,8264
53,-185.4315,-5,0.2214817,0.1521567,2.243521,10.63543,-4.977129,-4.499119,-1.802192,8256
53.02,-98.70355,-5,0.6153107,0.1923475,34.88475,-14.03794,-4.977129,-4.774793,-2.476509,8320
53.04,154.6683,-5,1.203629,0.2575576,31.03743,-23.05961,-3.627529,-4.037534,-0.3248994,8324
53.06,31.72192,-5,1.420656,0.3935757,4.228254,-4.260767,-3.695009,-3.740819,-0.3922112,8260
53.08,-147.0538,-5,0.8877017,0.3818076,-42.56565,-2.832971,-4.572248,-4.240198,-4.227372,8260
53.1,-6.305481,-5,-0.1522118,0.008460835,-48.1687,-16.30125,-4.30233,-4.45875,-7.300422,8280
53.12,-44.08374,-5,0.01403797,-0.2888642,49.54125,-11.65101,-4.639729,-4.691381,-6.420095,8288
53.14,21.59406,-5,0.773266,-0.1837967,25.38857,-14.84106,-4.30233,-4.450871,-3.368276,8320
53.16,5.132751,-5,0.1259744,-0.2980412,-52.64199,-8.136523,-4.30233,-4.437525,-5.203743,8272
53.18,-70.10065,-5,-1.143127,-0.7044668,-68.7794,-1.2873,-4.909649,-4.942651,-8.238899,8292
53.2,-55.77191,-5,-1.787869,-1.119043,-9.848086,-2.265317,-5.314529,-5.421957,-8.07321,8348
53.22,148.7883,-5,-0.4423785,-0.8629035,64.30461,-5.57839,-4.30233,-4.763178,-0.3896159,8384
53.24,37.92993,-5,0.6201957,-0.3042915,37.31224,9.289341,-4.30233,-4.322356,3.056968,8320
53.26,-162.647,-5,0.1641951,-0.07919747,-35.13054,9.094237,-5.247049,-4.815991,-0.9017975,8292
53.28,-75.7063,-5,-0.8027875,-0.3595018,-52.9626,-7.996266,-5.314529,-5.247995,-4.671315,8336
53.3,-26.31982,-5,-0.5203094,-0.6143939,24.22826,-11.4205,-5.314529,-5.371621,-3.394753,8352
53.32,-21.19287,-5,-0.2354115,-0.7014483,9.129019,-9.659246,-5.314529,-5.350434,-2.076511,8320
53.34,-24.40326,-5,-0.3215775,-0.7530463,-4.443504,-7.69738,-5.314529,-5.338462,-2.092388,8360
53.36,-9.500977,-5,-0.5692512,-0.821043,-13.90916,-5.865478,-5.247049,-5.316843,-2.261985,8348
53.38,155.4835,-5,-0.8317174,-0.7848499,-9.344269,-1.90229,-4.30233,-4.756223,-0.2151469,8348
53.4,72.87042,-5,-0.5127864,-0.4930856,14.94582,16.29497,-4.30233,-4.4387,2.552896,8288
53.42,-44.40973,-5,0.001725465,-0.02305482,30.3962,18.08818,-4.707209,-4.483576,3.70738,8304
53.44,-44.74109,-5,1.171037,0.5381368,56.51835,3.516764,-4.639729,-4.368651,5.029126,8312
53.46,-71.02539,-5,1.899317,0.8707396,34.38094,-8.623631,-4.639729,-4.320133,3.351971,8328
53.48,-81.68079,-5,2.04023,0.9040218,7.159553,-19.8278,-4.639729,-4.375718,-0.1135533,8308
53.5,-66.54956,-5,1.447983,0.5739425,-40.90153,-26.36204,-4.639729,-4.54202,-4.591793,8320
53.52,33.48578,-5,0.175338,-0.03595344,-62.65726,-24.7622,-4.30233,-4.582654,-7.973493,8288
53.54,-44.60486,-5,-1.170052,-0.7581726,-66.47406,-9.291242,-4.909649,-5.069559,-10.2654,8296
53.56,-47.00232,-5,-2.001644,-1.312838,-16.15343,-4.279477,-5.38201,-5.562509,-9.670439,8324
53.58,12.77429,-5,-0.8888197,-1.237878,42.0756,-4.865532,-5.247049,-5.4426,-3.499721,8352
53.6,151.241,-5,-0.4216435,-0.9056565,21.90765,-0.4171927,-4.30233,-4.729494,0.5634594,8348
53.62,52.04303,-5,-0.06461291,-0.4371426,10.06032,15.29074,-4.30233,-4.375064,2.49904,8288
53.64,14.44,-5,-0.05441633,0.001133613,3.281689,15.62524,-4.30233,-4.256212,2.548863,8304
53.66,-58.20312,-5,0.3374545,0.3230222,41.35804,10.62686,-4.639729,-4.402112,2.219146,8312
53.68,-49.77368,-5,1.0862,0.6062607,40.85422,-2.528006,-4.639729,-4.419902,2.318302,8304
53.7,-57.57446,-5,1.590112,0.7335157,22.12139,-12.08971,-4.639729,-4.425381,0.9266472,8328
53.72,-62.92078,-5,1.697021,0.6844832,0.8236728,-19.60334,-4.639729,-4.473419,-1.563689,8316
53.74,-145.8767,-5,1.279414,0.3478327,-27.23741,-23.94895,-5.179569,-4.915009,-5.891003,8300
53.76,-39.80969,-5,0.3928125,-0.2148076,-47.43589,-32.15354,-4.977129,-5.109076,-9.049787,8328
53.78,-1.106689,-5,-0.6350498,-0.8839274,-52.64199,-23.40126,-4.977129,-5.275806,-10.56836,8344
53.8,93.21295,-5,-1.644291,-1.377244,-53.89391,-10.16412,-4.639729,-5.178197,-9.263727,8332
53.82,30.5144,-5,-2.131719,-1.581402,-13.1,9.66758,-4.977129,-5.285117,-6.547756,8328
53.84,36.90308,-5,-1.587781,-1.300508,35.17483,14.66398,-4.977129,-5.171574,-1.446409,8340
53.86,128.2269,-5,-0.7132618,-0.7105578,46.22827,15.96908,-4.30233,-4.579328,3.711083,8356
53.88,-33.71887,-5,0.3523921,-0.006280482,53.1443,22.32209,-4.707209,-4.454139,5.857824,8296
53.9,-53.94019,-5,1.070678,0.5927399,37.2359,7.746115,-4.707209,-4.393361,5.384278,8328
53.92,-62.79761,-5,1.920426,0.9774014,34.77789,-6.783549,-4.639729,-4.320727,4.094136,8332
53.94,-82.01807,-5,2.315965,1.092976,18.99162,-18.66665,-4.639729,-4.33816,1.047563,8288
53.96,-82.28015,-5,2.15578,0.9131675,-10.27557,-27.98831,-4.639729,-4.447353,-3.063056,8308
53.98,-10.26819,-5,1.702183,0.5619844,-28.47404,-32.58504,-4.30233,-4.392295,-6.066393,8296
54,-180.7527,-5,0.7344224,-0.06976286,-49.9397,-25.51569,-5.314529,-5.098875,-11.11687,8276
54.02,-0.8375244,-5,-0.3751568,-0.7487945,-58.21452,-34.1669,-4.909649,-5.265952,-12.78257,8356
54.04,36.69171,-5,-1.452342,-1.442269,-50.61146,-18.05245,-4.909649,-5.383361,-12.63136,8340
54.06,46.79333,-5,-2.005914,-1.760223,-9.634345,-1.738436,-4.977129,-5.416017,-9.537533,8312
54.08,0.6483154,-5,-1.73758,-1.653257,22.3962,9.111303,-5.247049,-5.451678,-5.204126,8344
54.1,158.0512,-5,-0.9467506,-1.117477,38.94582,9.363862,-4.30233,-4.750521,0.8971964,8356
54.12,-15.08496,-5,-0.0381699,-0.452108,39.95346,22.23323,-4.707209,-4.577461,3.548555,8280
54.14,-97.47046,-5,0.6356409,0.1583862,35.2817,10.8674,-5.044609,-4.684003,3.314624,8324
54.16,-84.51794,-5,1.64007,0.5986474,48.36568,-8.318531,-4.977129,-4.656582,2.745717,8340
54.18,-93.33618,-5,1.962685,0.6845716,16.71681,-20.80927,-4.977129,-4.70293,-0.3844738,8336
54.2,141.4783,-5,1.821196,0.6527255,-15.78702,-29.0317,-3.627529,-4.000606,-1.318179,8336
54.22,-103.2151,-5,0.4731834,0.1789193,-67.87863,-6.642693,-4.639729,-4.496785,-7.015957,8236
54.24,48.46362,-5,-0.9221246,-0.3282658,-74.35192,-11.71793,-4.30233,-4.655162,-8.63307,8296
54.26,-122.793,-5,-2.186528,-1.077211,-10.76412,4.104337,-5.58445,-5.566929,-10.76271,8300
54.28,-21.85767,-5,-1.422097,-1.20328,25.64811,-5.245746,-5.58445,-5.740064,-5.289067,8380
54.3,155.3654,-5,-0.9658828,-1.079443,11.73971,-2.361956,-4.639729,-5.127186,-0.6142126,8360
54.32,76.12158,-5,-0.9678498,-0.8255938,1.052681,17.4559,-4.639729,-4.82594,1.52967,8328
54.34,61.75275,-5,-1.204336,-0.4994939,-10.91679,23.39909,-4.572248,-4.676128,2.795143,8320
54.36,18.30969,-5,-0.711836,-0.08925298,25.12902,24.21226,-4.707209,-4.630895,4.922951,8304
54.38,-41.06323,-5,0.5162988,0.4683782,55.41911,16.16854,-4.909649,-4.603205,7.088641,8304
54.4,164.0371,-5,1.352437,1.033158,39.00689,2.512131,-3.627529,-3.791871,8.954103,8344
54.42,-187.6342,-5,1.932165,1.325638,24.47254,11.68187,-4.977129,-4.257805,5.396098,8264
54.44,-67.80066,-5,2.026531,1.418001,1.556498,-18.01009,-4.639729,-4.349672,1.962653,8332
54.46,-66.2771,-5,1.771054,1.05272,-13.71068,-24.72757,-4.707209,-4.538703,-2.373957,8312
54.48,22.61316,-5,1.425587,0.6651471,-20.0313,-27.7628,-4.30233,-4.436162,-4.238666,8320
54.5,-142.2532,-5,0.8852106,0.1798087,-30.21451,-19.35627,-5.179569,-4.972704,-7.667966,8316
54.52,-29.79504,-5,0.2334089,-0.2879396,-36.68779,-28.19589,-4.977129,-5.143913,-9.155581,8352
54.54,1.204346,-5,-0.4756877,-0.8102894,-31.28321,-20.28205,-4.977129,-5.258653,-9.78281,8356
54.56,-5.148682,-5,0.04785061,-0.8502172,19.90765,-13.70348,-4.977129,-5.162762,-6.393813,8332
54.58,-72.29004,-5,0.3495817,-0.7360423,9.5565,-11.12699,-5.247049,-5.220847,-5.618356,8336
54.6,-85.44617,-5,0.3634044,-0.6925312,1.541231,-16.30033,-5.38201,-5.341111,-6.405596,8352
54.62,-54.59314,-5,0.2681216,-0.7665428,-8.031293,-20.69475,-5.314529,-5.380671,-7.152191,8352
54.64,-33.30127,-5,0.00391895,-0.9169078,-14.36717,-19.56631,-5.247049,-5.388508,-7.692644,8352
54.66,-24.83875,-5,-0.4098568,-1.091583,-21.1916,-15.2715,-5.247049,-5.424089,-7.951855,8360
54.68,-19.10559,-5,-0.9697345,-1.289222,-24.87099,-9.694457,-5.314529,-5.516812,-7.974567,8356
54.7,6.323364,-5,-1.011322,-1.319918,0.5946653,-5.233321,-5.247049,-5.471829,-5.915403,8352
54.72,153.6283,-5,-0.991576,-1.136205,8.274057,0.5784589,-4.36981,-4.882756,-2.272228,8356
54.74,17.03772,-5,-0.7695183,-0.8003899,11.4191,18.43869,-4.707209,-4.769631,-0.03852737,8268
54.76,12.51624,-5,-0.2733994,-0.2896125,21.08322,14.82699,-4.639729,-4.622553,2.158374,8328
54.78,-68.42969,-5,0.8401874,0.2553213,56.01453,8.149041,-4.909649,-4.621594,3.506377,8324
54.8,-74.11621,-5,1.44283,0.598876,31.92292,-6.475214,-4.909649,-4.627503,2.135286,8316
54.82,132.2868,-5,1.623242,0.7810404,4.915277,-16.89479,-3.695009,-3.959498,1.813918,8316
54.84,-119.6088,-5,1.430281,0.7164444,-14.73358,-2.700834,-4.639729,-4.305356,-1.805051,8252
54.86,1.37439,-5,0.6233043,0.4923913,-41.1,-15.934,-4.30233,-4.391186,-4.63264,8292
54.88,24.0166,-5,-0.03237486,0.0798301,-35.71069,-10.23574,-4.30233,-4.50031,-5.969715,8300
54.9,25.15393,-5,0.2340717,-0.0009711906,13.93818,-5.090504,-4.30233,-4.456598,-3.756432,8300
54.92,12.60144,-5,0.4692839,0.08893053,10.24352,-2.372245,-4.30233,-4.382661,-2.533359,8312
54.94,0.3400879,-5,0.6443831,0.2219005,11.26643,-2.434712,-4.30233,-4.332654,-2.170609,8312
54.96,-4.893799,-5,0.6859247,0.3051258,1.999246,-3.852022,-4.30233,-4.322869,-2.506618,8308
54.98,-8.428955,-5,0.830438,0.3719985,7.266424,-5.805675,-4.30233,-4.315377,-2.641562,8308
55,-24.37744,-5,0.9842123,0.4153641,6.594667,-8.004619,-4.36981,-4.349097,-3.063213,8300
55.02,-19.79565,-5,0.9643704,0.3901017,0.5946653,-11.00986,-4.36981,-4.384817,-3.947006,8284
55.04,-4.957642,-5,0.9474925,0.3352501,-0.7488468,-12.46169,-4.30233,-4.372654,-4.474699,8296
55.06,-7.844116,-5,0.8914248,0.2725298,-2.73358,-11.74683,-4.30233,-4.377909,-4.954584,8288
55.08,-6.929932,-5,0.7914084,0.2110257,-4.489305,-11.23848,-4.30233,-4.392941,-5.365787,8304
55.1,-5.280884,-5,0.7399577,0.1655257,-1.252663,-10.64137,-4.30233,-4.402883,-5.502673,8316
55.12,-5.344238,-5,0.7555013,0.1511345,0.8542075,-10.13515,-4.30233,-4.401252,-5.423584,8332
55.14,-5.104736,-5,0.7242514,0.1407437,0.04504682,-9.701573,-4.30233,-4.403428,-5.498973,8308
55.16,-5.809692,-5,0.7619789,0.1515883,0.304589,-9.517425,-4.30233,-4.3985,-5.385931,8328
55.18,-5.602417,-5,0.7398446,0.1547461,0.1824515,-9.390079,-4.30233,-4.400648,-5.480459,8304
55.2,-4.948608,-5,0.7367548,0.1586779,-0.5351062,-9.271695,-4.30233,-4.402575,-5.484776,8292
55.22,-3.920776,-5,0.7202983,0.1597963,-0.1534266,-9.068227,-4.30233,-4.405645,-5.502937,8296
55.24,-3.164062,-5,0.721916,0.1658689,-0.0007547362,-8.831434,-4.30233,-4.406082,-5.445189,8308
55.26,-2.62207,-5,0.7227132,0.1750968,0.2435202,-8.596919,-4.30233,-4.405705,-5.391693,8316
55.28,-13.47302,-5,0.7158006,0.1760945,0.06031401,-8.38435,-4.36981,-4.446888,-5.493024,8308
55.3,4.15625,-5,0.7188875,0.1821304,0.1671843,-9.31889,-4.30233,-4.424079,-5.361158,8304
55.32,-9.901367,-5,0.7107107,0.1771332,-0.3366328,-8.149326,-4.36981,-4.454653,-5.430695,8308
55.34,6.509644,-5,0.6986443,0.1860043,0.4877952,-8.72551,-4.30233,-4.427853,-5.274548,8312
55.36,-8.549805,-5,0.7150218,0.1938457,-0.107625,-7.524867,-4.36981,-4.453073,-5.250019,8308
55.38,7.701782,-5,0.692059,0.2074214,0.2740546,-8.144091,-4.30233,-4.426441,-5.135638,8296
55.4,4.393555,-5,0.7081972,0.2255256,-0.01602192,-6.961129,-4.30233,-4.411559,-4.969058,8284
55.42,3.34436,-5,0.7039909,0.251188,0.3961921,-6.494524,-4.30233,-4.405054,-4.867333,8292
55.44,3.460205,-5,0.7088364,0.2761252,0.7168028,-6.301826,-4.30233,-4.402164,-4.774481,8296
55.46,-7.468872,-5,0.7120512,0.2893254,0.04504682,-6.191866,-4.36981,-4.441811,-4.835786,8300
55.48,10.60291,-5,0.7045636,0.2989498,-0.0007547362,-7.164391,-4.30233,-4.420452,-4.72042,8300
55.5,8.316895,-5,0.7047679,0.3066929,-0.1228922,-5.976814,-4.30233,-4.409722,-4.601583,8304
55.52,7.592773,-5,0.7023082,0.3273339,0.1061156,-5.409952,-4.30233,-4.40359,-4.467093,8304
55.54,7.770752,-5,0.7032523,0.349785,-0.1381594,-5.105025,-4.30233,-4.40049,-4.360723,8312
55.56,8.158447,-5,0.7144658,0.3732955,0.1366499,-4.916388,-4.30233,-4.39779,-4.245526,8320
55.58,9.002563,-5,0.7090952,0.391344,-0.01602192,-4.727324,-4.30233,-4.39776,-4.185296,8304
55.6,21.86902,-5,0.6961517,0.4122895,0.01451245,-4.440907,-4.23485,-4.358636,-3.98561,8308
55.62,-5.324951,-5,0.6866387,0.4224697,-0.07709067,-2.9641,-4.36981,-4.422347,-4.083798,8324
55.64,27.63232,-5,0.6862563,0.4476908,0.06031401,-4.673167,-4.23485,-4.369028,-3.774693,8296
55.66,-164.2301,-5,0.7123117,0.3465469,1.663368,-2.958528,-5.314529,-4.990912,-5.731369,8300
55.68,-80.01379,-5,0.7173496,0.1706698,-0.2144953,-21.19769,-5.314529,-5.27104,-6.79335,8336
55.7,126.7054,-5,0.7315166,-0.006201804,2.228254,-24.4071,-4.30233,-4.778533,-5.458395,8360
55.72,53.78149,-5,0.6874396,-0.02701068,-9.222133,-5.543712,-4.30233,-4.538072,-4.498575,8316
55.74,-130.7708,-5,0.2497089,-0.06714705,-22.44351,0.66151,-5.247049,-5.044207,-6.515743,8320
55.76,-55.47729,-5,-0.3476174,-0.304848,-28.93206,-11.83739,-5.314529,-5.382844,-8.056689,8364
55.78,154.3832,-5,-0.005435616,-0.3423076,43.03743,-13.22913,-4.30233,-4.841067,-4.276686,8364
55.8,15.72644,-5,0.7026948,-0.06449524,35.66338,4.53243,-4.572248,-4.636242,-1.487478,8284
55.82,-37.42212,-5,1.009711,0.3158287,5.449629,1.160925,-4.707209,-4.611072,-1.372277,8324
55.84,-30.58228,-5,0.8942435,0.4309272,-9.329001,-6.031398,-4.707209,-4.670519,-3.123,8304
55.86,-2.434082,-5,0.6258016,0.3401911,-4.19923,-9.150932,-4.639729,-4.718785,-4.450348,8312
55.88,2.273438,-5,0.6190822,0.2600558,-0.4587703,-8.34723,-4.639729,-4.735586,-4.392012,8292
55.9,4.386963,-5,0.5563524,0.2077965,-2.153427,-7.131676,-4.639729,-4.741261,-4.349621,8324
55.92,2.321899,-5,0.6348039,0.2162159,3.22062,-6.381772,-4.639729,-4.725605,-3.955313,8320
55.94,12.01819,-5,0.6324621,0.2376951,-1.390068,-6.061713,-4.572248,-4.677991,-3.814277,8316
55.96,7.050537,-5,0.5910594,0.2514946,-1.359534,-4.730114,-4.572248,-4.663293,-3.835589,8304
55.98,-6.353638,-5,0.6112897,0.2736126,-0.0007547362,-4.442752,-4.639729,-4.69451,-3.813141,8324
56,9.729004,-5,0.6374497,0.2978882,0.9763447,-5.664292,-4.572248,-4.666357,-3.665825,8332
56.02,-39.63196,5,0.6411687,0.3096479,0.1671843,-4.856678,-4.572248,-4.655173,-3.650689,8320
56.04,-68.39258,5,0.679786,0.2708643,1.525963,-9.535416,-4.707209,-4.728079,-3.947944,8324
56.06,-63.09521,5,0.6694342,0.140826,-1.664878,-15.54434,-4.707209,-4.76461,-4.467919,8316
56.08,-50.68933,5,0.5230916,-0.07101706,-9.115261,-18.51831,-4.639729,-4.754296,-5.059632,8300
56.1,-54.73126,5,0.2408885,-0.3321016,-17.69542,-18.34167,-4.639729,-4.769373,-5.678337,8316
56.12,-51.19128,5,-0.2132329,-0.6370289,-24.90153,-17.15705,-4.639729,-4.806827,-6.25046,8320
56.14,-42.79364,5,-0.7167522,-0.9582517,-23.80229,-14.36071,-4.639729,-4.846281,-6.316741,8308
56.16,-31.35107,5,-0.8231316,-1.141795,-1.420603,-11.31868,-4.572248,-4.782318,-4.807564,8296
56.18,-57.43201,5,-0.8054736,-1.216643,0.9000088,-8.275816,-4.639729,-4.749043,-3.501784,8292
56.2,97.38007,5,-0.8386093,-1.148265,-1.420603,-8.469412,-3.695009,-4.14492,-0.8143363,8320
56.22,22.67151,5,-0.7535662,-0.9754718,1.525963,6.723729,-3.627529,-3.804865,1.119304,8264
56.24,-43.99414,5,-0.7961208,-0.7525635,-0.9778546,9.268545,-3.762489,-3.738835,1.731133,8264
56.26,-270.7635,5,-0.2663695,-0.6340234,29.95345,1.949044,-4.977129,-4.387956,0.4670759,8240
56.28,-41.67194,5,0.5711521,-0.503248,36.64048,-28.29489,-4.03241,-4.041719,1.641529,8316
56.3,-105.1743,5,0.9002956,-0.6156543,13.15955,-26.34861,-4.03241,-3.894484,-0.05869651,8256
56.32,-287.8026,5,0.8236865,-0.8718157,-7.893886,-31.67892,-4.909649,-4.402614,-4.231802,8288
56.34,-168.9859,5,0.08541384,-1.447111,-42.85573,-51.14257,-4.639729,-4.595164,-8.445718,8340
56.36,-126.4821,5,-0.954771,-2.293515,-51.9397,-48.55118,-4.572248,-4.749637,-11.50596,8320
56.38,-58.62152,5,-1.91741,-3.004319,-54.32138,-39.27868,-4.30233,-4.691025,-11.49057,8312
56.4,-10.92407,5,-2.966491,-3.531504,-57.69543,-22.70437,-4.03241,-4.527793,-10.05831,8316
56.42,-2.588745,5,-4.05765,-3.879949,-55.46642,-3.230527,-3.96493,-4.43524,-7.740638,8276
56.44,-286.7409,5,-4.740051,-4.185409,8.274057,12.19492,-5.65193,-5.373512,-7.219577,8272
56.46,154.5615,5,-3.652014,-3.811787,51.08323,-9.178263,-3.695009,-4.371993,2.448184,8356
56.48,-41.89021,5,-2.760335,-3.332639,36.50308,18.15413,-3.96493,-3.939102,6.786493,8236
56.5,-161.3246,5,-2.274466,-2.718621,14.21299,14.56767,-4.30233,-3.908906,7.948339,8264
56.52,-203.1155,5,-2.157998,-2.486156,1.43436,-0.3595585,-4.572248,-4.11409,6.087047,8292
56.54,-20.24481,5,-1.821634,-2.390853,14.442,-15.25037,-3.627529,-3.64096,6.952467,8296
56.56,-161.3475,5,-1.761777,-2.459738,-1.588542,-7.052267,-4.03241,-3.689103,5.582812,8244
56.58,-154.6464,5,-2.077946,-2.605937,-22.56565,-14.89498,-4.03241,-3.766852,3.828431,8272
56.6,-115.5082,5,-2.632834,-2.95698,-27.9855,-17.52748,-3.897449,-3.793865,2.181969,8288
56.62,-197.3458,5,-2.910268,-3.329595,-10.06183,-14.61101,-4.36981,-4.090152,1.256294,8256
56.64,6.866241,5,-2.947936,-3.484793,-4.809917,-20.49217,-3.357609,-3.576895,3.620521,8280
56.66,-70.55241,5,-2.976721,-3.535891,-0.0007547362,-3.724139,-3.357609,-3.31734,4.918513,8220
56.68,-151.269,5,-3.179119,-3.49508,-8.474041,0.06009126,-3.627529,-3.370805,4.955561,8232
56.7,11.16632,5,-2.927824,-3.305636,14.74734,-6.114939,-2.68281,-2.791534,7.615407,8252
56.72,-134.1198,5,-2.595543,-3.116893,16.56414,4.908597,-3.02021,-2.70103,8.208775,8188
56.74,-228.6454,5,-2.532029,-3.01019,0.2893218,-2.922439,-3.492569,-2.963568,6.716217,8200
56.76,-23.39932,5,-1.974995,-2.858612,29.03742,-19.16138,-2.412889,-2.3943,8.361563,8232
56.78,-100.3301,5,-1.770686,-2.802714,9.342759,-9.916576,-2.345409,-2.108517,7.793883,8168
56.8,-196.4586,5,-2.075871,-2.851234,-20.01603,-10.76828,-2.68281,-2.256288,5.233635,8172
56.82,-180.5888,5,-2.626965,-3.145075,-33.26794,-19.25575,-2.75029,-2.457448,2.505308,8188
56.84,-192.6187,5,-2.850807,-3.533606,-0.7488468,-22.62703,-2.95273,-2.682379,1.269602,8188
56.86,-188.0292,5,-2.759671,-3.828279,0.4725278,-26.4607,-3.02021,-2.778088,1.320377,8216
56.88,-236.8887,5,-3.048459,-4.198524,-15.66488,-27.74207,-3.357609,-3.038356,-0.2811623,8196
56.9,-40.85321,5,-3.4741,-4.504267,-29.31374,-31.78483,-2.412889,-2.611485,0.5662776,8244
56.92,-80.828,5,-4.173604,-4.803653,-40.53512,-12.32672,-2.345409,-2.421651,0.8985866,8184
56.94,-88.53748,5,-5.146922,-5.020658,-49.60382,-0.245068,-2.345409,-2.396633,1.505968,8180
56.96,-137.5444,5,-6.080405,-5.285182,-19.00839,9.995099,-2.75029,-2.671899,2.170542,8200
56.98,-8.73175,5,-4.997918,-4.943642,48.22827,8.448352,-2.075489,-2.155398,9.719719,8204
57,29.94482,5,-4.370866,-4.402181,30.15193,18.57593,-1.40069,-1.419405,14.30931,8168
57.02,-212.3646,5,-3.818015,-3.847407,37.69392,26.9778,-2.210449,-1.534645,14.896,8116
57.04,-78.69995,5,-2.545703,-3.130146,58.36568,4.044088,-1.40069,-1.004101,17.58388,8172
57.06,-59.2901,5,-1.775049,-2.648188,35.95346,-0.04582119,-0.7933693,-0.4125047,17.32406,8104
57.08,-201.6478,5,-1.66523,-2.440252,-1.909152,-1.392051,-1.13077,-0.4403107,13.79712,8080
57.1,-252.2432,5,-2.006998,-2.603482,-19.87863,-15.71526,-1.46817,-0.7850946,8.892322,8088
57.12,-98.14178,5,-2.132111,-2.92356,-9.054193,-29.68664,-0.7933693,-0.5901141,7.111659,8112
57.14,-194.3,5,-2.321045,-3.323723,-19.11527,-22.94466,-1.13077,-0.7318341,4.840985,8072
57.16,-220.6061,5,-2.978796,-3.788942,-38.50459,-26.16867,-1.40069,-1.030429,1.905143,8100
57.18,-222.3737,5,-4.156412,-4.520411,-50.90154,-27.14521,-1.738089,-1.486677,-1.56132,8096
57.2,3.056763,5,-4.838514,-5.067261,-20.18397,-25.33106,-0.7933693,-1.122996,0.5321919,8128
57.22,17.43774,5,-5.075985,-5.230851,-17.97023,-0.4427438,-0.3884897,-0.6399152,4.623234,8084
57.24,-111.1886,5,-5.375198,-5.102042,-16.74885,18.29897,-0.7933693,-0.6277385,7.004484,8060
57.26,-61.66589,5,-4.767252,-4.637117,26.33513,15.79313,-0.4559698,-0.3046281,11.42509,8088
57.28,-61.55139,5,-3.736402,-4.018723,50.85423,15.79796,-0.1185694,0.1595234,15.12242,8048
57.3,-76.31201,5,-2.933521,-3.385163,41.89239,13.20214,0.2188301,0.611065,16.65509,8016
57.32,-306.9135,5,-2.323443,-3.002555,32.27407,7.534783,-0.7258892,0.2324836,13.97462,8016
57.34,81.83423,5,-1.852718,-2.670914,22.85421,-20.37797,1.298511,1.242977,14.96132,8056
57.36,-196.9036,5,-1.513805,-2.594531,9.327493,-1.091607,0.5562305,1.216362,12.21076,7940
57.38,-79.71765,5,-1.734625,-2.502982,-14.76412,-15.60643,1.23103,1.51712,10.19433,8012
57.4,-61.80835,5,-2.047149,-2.634118,7.87711,-12.25257,1.568431,1.761466,8.140161,7968
57.42,17.4303,5,-1.844732,-2.535823,0.1519171,-8.719868,2.31071,2.330587,9.389062,7956
57.44,-175.7468,5,-2.48769,-2.653249,-31.97023,3.444261,1.568431,2.031504,6.047692,7924
57.46,-82.53442,5,-2.418067,-2.649083,15.02215,-8.163504,1.90583,2.105895,6.398347,7960
57.48,-5.399414,5,-1.853429,-2.519992,22.3046,-8.129,2.51315,2.56942,8.315134,7956
57.5,-174.4886,5,-1.89032,-2.482117,-7.893886,-0.4776254,1.90583,2.382206,6.404531,7916
57.52,147.7535,5,-2.28181,-2.399736,-18.2603,-10.57417,3.592831,3.235098,7.619067,7936
57.54,-93.18555,5,-2.011957,-2.265275,15.28169,14.08727,2.918031,3.2452,8.040647,7820
57.56,37.04321,5,-2.108926,-1.965655,-10.88625,6.627222,3.660311,3.666904,9.05384,7868
57.58,33.50659,5,-2.207288,-1.784941,16.99162,15.28382,3.93023,3.977153,9.45089,7836
57.6,36.43872,5,-1.554144,-1.337922,18.71681,18.54821,4.267631,4.391875,12.13524,7840
57.62,93.22327,5,-1.609416,-0.9634137,13.72444,21.40681,4.87495,4.888226,12.61204,7820
57.64,71.44458,5,-0.4093494,-0.2768497,51.11377,25.09962,5.27983,5.467149,15.95667,7772
57.66,-124.9532,5,0.06243862,0.2180488,23.26643,23.45611,4.60503,5.287434,13.51668,7744
57.68,-70.19617,5,0.9442485,0.6142856,45.40384,-0.3747094,4.87495,5.37505,12.1531,7772
57.7,24.23584,5,1.73734,0.8472373,37.70918,-13.05924,5.61723,5.850553,10.79113,7756
57.72,-109.0223,5,1.829494,0.8305668,-3.038924,-12.45812,5.27983,5.771482,6.252541,7724
57.74,83.02026,5,1.069532,0.6041887,-39.9397,-22.66685,6.29203,6.168816,2.676158,7712
57.76,-18.54211,5,0.1299303,0.1432378,-42.44352,-7.040981,5.95463,6.004835,-1.025609,7668
57.78,-78.16614,5,0.169506,-0.04486065,7.724439,-7.305347,5.54975,5.727602,-1.293707,7672
57.8,130.1238,5,0.5530908,0.02023526,7.800775,-14.40991,6.62943,6.311834,1.037954,7692
57.82,-180.0336,5,0.4087981,-0.09284692,-17.52748,1.875824,5.27983,5.731458,-2.053979,7616
57.84,73.97815,5,0.7166871,0.04105535,27.4649,-19.33699,6.35951,6.147854,-0.5985415,7716
57.86,-5.442139,5,1.107087,0.1083386,12.442,-9.071272,6.29203,6.315787,-0.7843058,7636
57.88,-29.75684,5,0.5994263,0.0720863,-29.49694,-8.659022,6.22455,6.255286,-3.11808,7676
57.9,152.3527,5,0.9703357,0.2630503,29.26643,-11.70701,7.30423,6.913411,-0.6603997,7680
57.92,-124.131,5,1.066216,0.3647996,-4.092359,3.909813,6.22455,6.54912,-2.58937,7600
57.94,100.8223,5,1.078434,0.5587287,18.06032,-13.35983,7.236751,6.963133,-2.02398,7644
57.96,40.11694,5,1.77505,0.8014082,25.78551,-4.396038,7.30423,7.248119,-0.9312937,7576
57.98,-162.4703,5,1.450597,0.8107136,-24.59618,-3.917467,6.29203,6.678861,-4.986033,7588
58,-93.12866,5,1.32494,0.629246,25.06796,-23.64877,6.22455,6.331656,-7.427665,7632
58.02,-48.42627,5,1.671499,0.3953727,6.228255,-30.83138,6.29203,6.254247,-7.96819,7660
58.04,-40.35583,5,0.9487259,-0.03393088,-45.32901,-28.67464,6.22455,6.08732,-10.75309,7636
58.06,77.08545,5,-0.4570906,-0.6045323,-66.94733,-21.53517,6.62943,6.114386,-12.37671,7668
58.08,-12.81653,5,-0.1007707,-0.7067647,17.38857,-6.304584,6.22455,6.025947,-8.973633,7640
58.1,21.90723,5,0.0121954,-0.5655356,4.212987,-5.624442,6.35951,6.128681,-6.840414,7688
58.12,-25.07483,5,0.6618482,-0.2686612,38.01453,-3.885224,6.22455,6.185266,-4.80181,7668
58.14,149.5273,5,1.064313,0.1452773,15.12902,-8.421844,7.30423,6.883893,-2.303362,7680
58.16,59.03027,5,1.152453,0.4887247,4.609933,5.90789,7.30423,7.167192,-2.109403,7576
58.18,39.29517,5,1.161767,0.8430341,8.686271,6.230752,7.37171,7.296875,-2.153343,7608
58.2,-5.736816,5,2.13506,1.315729,48.73209,1.14761,7.30423,7.396821,-0.8204281,7588
58.22,-203.3478,5,2.403271,1.44455,10.74734,-8.070853,6.22455,6.749764,-4.839062,7612
58.24,-105.0161,5,2.472638,1.268861,4.68627,-34.3265,6.29203,6.440464,-8.191069,7664
58.26,-6.388916,5,2.163248,0.8099376,-15.86336,-40.59602,6.62943,6.433726,-10.84221,7660
58.28,-172.7173,5,1.31378,0.144439,-48.32138,-32.33644,5.61723,5.73252,-15.25249,7652
58.3,-16.89294,5,0.2008889,-0.5511181,-46.64199,-39.81831,5.887151,5.493647,-17.01892,7708
58.32,14.74805,5,0.2103028,-0.9488677,-3.451137,-29.02259,5.95463,5.524489,-14.53081,7676
58.34,29.4386,5,-0.3179254,-1.151234,-33.26794,-16.87691,6.02211,5.588549,-13.19286,7696
58.36,30.47107,5,-1.129561,-1.311713,-21.74122,-4.607085,5.95463,5.536956,-12.28219,7680
58.38,-46.10071,5,-0.3499111,-1.046224,36.16719,0.8762989,5.54975,5.44423,-7.955183,7696
58.4,-16.66833,5,-0.08985685,-0.7646118,14.5336,-4.023999,5.61723,5.485404,-6.386326,7704
58.42,155.5242,5,0.5783908,-0.3136264,26.83895,-6.1031,6.69691,6.227177,-2.426523,7708
58.44,-164.6893,5,0.4540019,-0.1283953,-7.680146,9.834053,5.34731,5.699544,-4.89518,7632
58.46,73.36536,5,0.5867922,0.1253875,11.4191,-12.0344,6.29203,6.020092,-3.639178,7712
58.48,2.086304,5,1.431184,0.3830888,31.63284,-5.309096,6.22455,6.20654,-2.183319,7648
58.5,-10.34619,5,1.029871,0.463753,-18.70305,-6.72502,6.22455,6.196645,-4.266066,7668
58.52,15.22827,5,0.5791739,0.3682708,6.838942,-7.358843,6.29203,6.153172,-5.612475,7680
58.54,0.4631348,5,0.9141475,0.4083681,5.205354,-6.345136,6.22455,6.149206,-4.503759,7668
58.56,18.72925,5,0.7147224,0.3906754,-12.85572,-6.459414,6.29203,6.15973,-4.966337,7652
58.58,4.578369,5,0.7804602,0.4052312,4.30459,-4.92937,6.22455,6.136583,-4.677566,7680
58.6,16.22791,5,0.4923562,0.3491106,-3.558008,-4.35954,6.22455,6.090873,-5.193283,7712
58.62,31.7749,5,0.6115431,0.3783233,4.243522,-3.167491,6.29203,6.140342,-4.18582,7668
58.64,18.28625,5,0.5010555,0.3912352,1.11375,-0.4454885,6.22455,6.114512,-4.122561,7676
58.66,32.0127,5,0.6466225,0.4815007,2.732071,-0.4584669,6.29203,6.169698,-3.186934,7680
58.68,14.677,5,0.7064635,0.5607113,4.365659,0.7079804,6.22455,6.159228,-2.991123,7680
58.7,28.31311,5,0.7969408,0.6500152,2.564131,-0.5382408,6.29203,6.201221,-2.643447,7692
58.72,22.36865,5,0.9089239,0.7317731,8.472529,-0.3523936,6.29203,6.22624,-2.468508,7660
58.74,21.62402,5,0.8861572,0.7758427,-1.130526,-0.7450842,6.29203,6.224386,-2.714911,7672
58.76,22.43677,5,0.9211007,0.8088338,2.167185,-1.189838,6.29203,6.221758,-2.74882,7664
58.78,36.35486,5,0.8857501,0.8237572,-0.8251827,-1.249184,6.35951,6.251975,-2.797689,7672
58.8,9.854492,5,0.8884372,0.8295637,0.1671843,0.06413493,6.22455,6.183855,-2.97794,7672
58.82,33.46204,5,0.8172667,0.8229911,-0.5656406,-1.467767,6.29203,6.184019,-3.05175,7684
58.84,44.08594,5,0.8811539,0.844131,2.243521,-0.2766764,6.35951,6.236083,-2.607527,7680
58.86,27.29016,5,0.8483743,0.8670559,-1.298465,1.675425,6.29203,6.215809,-2.635615,7676
58.88,29.93982,5,0.9136,0.9172915,2.991613,1.05869,6.29203,6.215006,-2.388957,7680
58.9,28.94226,5,1.030003,0.9767179,7.541233,0.5350779,6.29203,6.225359,-2.192464,7668
58.92,27.8418,5,1.07844,1.02016,2.167185,-0.06931415,6.29203,6.228096,-2.303006,7700
58.94,15.86438,5,1.120623,1.042323,1.877109,-0.7435534,6.22455,6.186025,-2.590626,7704
58.96,33.71533,5,1.119457,1.046022,0.02977964,-2.365331,6.29203,6.200345,-2.780704,7696
58.98,43.026,5,1.129512,1.050113,0.304589,-1.641354,6.35951,6.244919,-2.773029,7712
59,26.08899,5,1.102094,1.0544,0.04504682,-0.1553258,6.29203,6.218839,-2.987638,7684
59.02,29.67584,5,1.120798,1.07178,0.5641309,-0.9427214,6.29203,6.207575,-3.017978,7704
59.04,30.02509,5,1.196106,1.096612,3.678636,-1.349982,6.29203,6.208907,-2.973747,7716
59.06,18.56921,5,1.207687,1.102515,-0.01602192,-1.645036,6.22455,6.165041,-3.282764,7712
59.08,24.47919,5,1.220632,1.097948,-0.03128911,-3.03696,6.22455,6.142362,-3.497958,7688
59.1,39.45044,5,1.203939,1.084157,0.02977964,-3.275094,6.29203,6.167618,-3.590796,7696
59.12,24.33148,5,1.196143,1.073903,-0.2450293,-1.918719,6.22455,6.137374,-3.746576,7696
59.14,28.53186,5,1.197159,1.076684,0.01451245,-2.549498,6.22455,6.12365,-3.803923,7692
59.16,30.26404,5,1.217553,1.079917,1.525963,-2.605941,6.22455,6.118751,-3.831039,7716
59.18,31.21722,5,1.218817,1.084028,-0.9015187,-2.468552,6.22455,6.115324,-3.888276,7696
59.2,31.98041,5,1.222515,1.091608,0.1519171,-2.289679,6.22455,6.113043,-3.91653,7672
59.22,44.96442,5,1.199131,1.102457,-0.4587703,-1.984775,6.29203,6.148451,-3.851126,7692
59.24,40.54572,5,1.209695,1.127888,-0.2908313,-0.5026185,6.29203,6.165945,-3.712567,7680
59.26,27.55713,5,1.218012,1.157566,0.4114593,-0.01614445,6.22455,6.133217,-3.751839,7676
59.28,43.91571,5,1.261174,1.195668,2.045048,-1.117392,6.29203,6.161923,-3.569977,7680
59.3,40.71289,5,1.282626,1.224094,-0.2450293,-0.2580091,6.29203,6.174072,-3.540849,7688
59.32,27.79608,5,1.313401,1.253618,1.892376,-0.1371901,6.22455,6.139949,-3.620288,7696
59.34,44.33698,5,1.346287,1.282975,0.8542075,-1.440115,6.29203,6.16499,-3.560228,7684
59.36,29.59192,5,1.370486,1.295442,0.6404669,-0.7324181,6.22455,6.134595,-3.72476,7676
59.38,45.47876,5,1.386602,1.315699,1.480162,-1.778579,6.29203,6.160203,-3.694667,7684
59.4,30.5777,5,1.40335,1.323301,-0.5656406,-0.9433149,6.22455,6.129882,-3.864517,7696
59.42,46.43298,5,1.415465,1.341031,1.159551,-1.90786,6.29203,6.155574,-3.830835,7684
59.44,43.17236,5,1.426845,1.354659,-0.4587703,-0.978511,6.29203,6.165662,-3.861381,7680
59.46,42.00867,5,1.440547,1.378535,0.7473372,-0.7367509,6.29203,6.169665,-3.865887,7672
59.48,42.78766,5,1.421977,1.392261,-0.3977011,-0.6260229,6.29203,6.165741,-3.971138,7664
59.5,32.21759,5,1.434912,1.400521,-0.4282355,-0.5366139,6.22455,6.123326,-4.089432,7672
59.52,38.60394,5,1.440399,1.402715,-0.1381594,-1.555812,6.22455,6.103312,-4.164903,7680
59.54,53.12897,5,1.449941,1.407181,-0.09235785,-1.584549,6.29203,6.13535,-4.057914,7684
59.56,37.72388,5,1.444611,1.412439,0.1213828,-0.1398392,6.22455,6.108687,-4.135192,7688
59.58,42.62988,5,1.42242,1.420342,0.3503905,-0.6592032,6.22455,6.093548,-4.179736,7676
59.6,57.33722,5,1.41257,1.42956,-0.183961,-0.4393718,6.29203,6.126207,-4.027441,7676
59.62,53.35565,5,1.426124,1.455467,0.304589,1.152184,6.29203,6.144288,-3.826216,7676
59.64,39.78717,5,1.459826,1.494649,1.419093,1.670067,6.22455,6.116013,-3.764235,7680
59.66,42.85327,5,1.556247,1.545352,5.022148,0.3253895,6.22455,6.112151,-3.619145,7672
59.68,55.19781,5,1.601366,1.582251,2.045048,-0.3736584,6.29203,6.149795,-3.594102,7672
59.7,27.18347,5,1.623579,1.595431,0.6099325,0.2883097,6.15707,6.082328,-3.944854,7680
59.72,60.71295,5,1.597501,1.601724,0.2587874,-1.959571,6.29203,6.124513,-4.000325,7680
59.74,77.53534,5,1.625833,1.623951,-0.1534266,-0.1010882,6.426991,6.226545,-3.678059,7672
59.76,29.81024,5,1.610884,1.648578,1.70917,2.800013,6.22455,6.147556,-3.967958,7664
59.78,50.87537,5,1.713899,1.707272,6.487797,-0.4185935,6.29203,6.161792,-3.764504,7672
59.8,44.81659,5,1.929575,1.774856,8.380928,-1.142898,6.29203,6.186707,-3.597988,7660
59.82,43.73877,5,1.864398,1.782281,-0.4587703,-2.015209,6.29203,6.17479,-4.281384,7656
59.84,-117.8948,5,1.908927,1.67426,0.2893218,-3.206189,5.34731,5.598077,-6.445371,7700
59.86,178.9748,5,1.894136,1.618372,0.8236728,-19.77532,6.62943,6.100971,-5.28321,7724
59.88,107.9514,5,1.825626,1.549932,-5.71068,-0.5324414,6.62943,6.324575,-4.92563,7624
59.9,-88.37439,5,0.9881155,1.361778,-32.73359,7.421255,5.54975,5.681044,-8.035687,7632
59.92,-7.805603,5,1.325464,1.317834,33.99926,-8.246962,5.54975,5.461821,-6.897201,7684
59.94,22.76056,5,1.787635,1.275455,12.93055,-11.97286,5.61723,5.473682,-6.007747,7704
59.96,85.06616,5,1.451992,1.163913,-34.38244,-10.09423,5.95463,5.63856,-6.453249,7676
59.98,77.45728,5,0.7527411,0.9747031,-15.48168,-0.1986456,5.95463,5.639335,-7.165438,7672
60,72.17603,5,0.9311267,1.048282,4.991613,4.982536,5.95463,5.705331,-4.935519,7684
60.02,53.81409,5,1.030681,1.191021,12.42673,7.537914,5.887151,5.723007,-3.854677,7692
60.04,57.05176,5,1.496287,1.445689,19.25116,5.847537,5.95463,5.830331,-2.253068,7684
60.06,-28.57324,5,1.801686,1.620979,18.85421,3.886699,5.54975,5.649153,-2.834745,7688
60.08,64.39801,5,1.986914,1.736361,5.525965,-6.522888,5.95463,5.801472,-2.940546,7724
60.1,43.75928,5,1.987911,1.727131,0.2435202,-4.024865,5.95463,5.843178,-3.808969,7688
60.12,40.22516,5,1.823054,1.689659,-11.64961,-3.919083,5.95463,5.828821,-4.66393,7712
60.14,38.14215,5,1.922852,1.690634,6.762606,-4.55239,5.95463,5.831436,-4.701499,7696
60.16,37.89081,5,1.882311,1.667125,-3.054191,-5.051197,5.95463,5.820149,-5.202579,7676
60.18,37.09265,5,1.927743,1.656063,3.251155,-5.566485,5.95463,5.816634,-5.389448,7692
60.2,37.20624,5,1.90309,1.632645,-1.374801,-5.910179,5.95463,5.806785,-5.765648,7716
60.22,35.89435,5,1.966094,1.62926,1.403826,-6.344762,5.95463,5.807326,-5.866878,7704
60.24,35.67761,5,1.940934,1.611324,-0.7183124,-6.684695,5.95463,5.798873,-6.239,7680
60.26,23.55304,5,1.973232,1.594928,-0.3060985,-7.070488,5.887151,5.755116,-6.536832,7704
60.28,52.15289,5,1.960013,1.581376,-0.06182348,-8.457893,6.02211,5.810831,-6.62114,7688
60.3,32.22528,5,1.953667,1.563868,-0.7183124,-6.495468,5.95463,5.792466,-6.860633,7704
60.32,46.50092,5,1.922495,1.564168,-1.374801,-7.0836,6.02211,5.81944,-6.917929,7676
60.34,30.4314,5,1.952153,1.567168,1.495429,-6.156224,5.95463,5.793314,-7.022892,7688
60.36,46.53943,5,1.917841,1.568756,-0.9167854,-7.023524,6.02211,5.815217,-7.102972,7696
60.38,31.61652,5,1.93713,1.567766,-0.183961,-6.058334,5.95463,5.786063,-7.194119,7680
60.4,35.98547,5,1.929555,1.568208,0.3809245,-6.899339,5.95463,5.770891,-7.292041,7680
60.42,49.92694,5,1.92567,1.567974,-0.7335792,-6.971472,6.02211,5.803149,-7.226626,7700
60.44,33.83734,5,1.935577,1.572769,0.7015356,-5.668372,5.95463,5.7788,-7.273664,7712
60.46,38.02661,5,1.919258,1.578593,-0.3671672,-6.37314,5.95463,5.764969,-7.343527,7692
60.48,39.92004,5,1.938741,1.582457,0.4725278,-6.476225,5.95463,5.7606,-7.318238,7708
60.5,29.52875,5,1.929954,1.575655,-0.1534266,-6.344687,5.887151,5.716514,-7.483526,7708
60.52,47.13617,5,1.938442,1.577265,-0.2602969,-7.305806,5.95463,5.738517,-7.38028,7704
60.54,44.16882,5,1.944949,1.58079,0.5183294,-6.181741,5.95463,5.749598,-7.326761,7712
60.56,43.45264,5,1.926753,1.592363,-0.4282355,-5.674638,5.95463,5.752527,-7.312286,7696
60.58,43.34833,5,1.942174,1.611892,0.3656577,-5.459204,5.95463,5.755615,-7.224945,7700
60.6,43.77478,5,1.941952,1.628456,0.304589,-5.321104,5.95463,5.755819,-7.205112,7692
60.62,56.3114,5,1.934157,1.648462,-0.1992282,-5.129304,6.02211,5.794666,-7.053394,7700
60.64,40.36731,5,1.932001,1.666049,0.1213828,-3.749279,5.95463,5.771279,-7.060774,7708
60.66,44.54169,5,1.93531,1.68743,0.1824515,-4.45143,5.95463,5.760792,-7.009309,7700
60.68,58.72028,5,1.930657,1.703032,-0.183961,-4.44423,6.02211,5.79522,-6.85603,7680
60.7,43.25739,5,1.932394,1.717878,0.1366499,-3.0328,5.95463,5.771212,-6.83285,7684
60.72,47.20038,5,1.947349,1.741668,1.587032,-3.704914,5.95463,5.76258,-6.738171,7684
60.74,49.55664,5,1.944548,1.751537,-0.9015187,-3.732822,5.95463,5.757223,-6.725674,7676
60.76,50.95563,5,1.948465,1.762178,0.6862684,-3.519779,5.95463,5.755737,-6.649122,7688
60.78,52.75244,5,1.915935,1.76587,-0.4587703,-3.120831,5.95463,5.751501,-6.640769,7684
60.8,53.9873,5,1.920269,1.778686,-0.1992282,-2.683051,5.95463,5.752239,-6.488439,7692
60.82,54.98627,5,1.914899,1.794612,-0.06182348,-2.243143,5.95463,5.753322,-6.37175,7672
60.84,56.41998,5,1.894546,1.808328,-0.3824344,-1.774305,5.95463,5.752348,-6.281865,7700
60.86,57.60547,5,1.896936,1.827935,-0.2755641,-1.31883,5.95463,5.754053,-6.110737,7692
60.88,58.76172,5,1.891012,1.84854,-0.2297625,-0.8688193,5.95463,5.755412,-5.96975,7680
60.9,60.28259,5,1.874445,1.866839,-0.2602969,-0.3889064,5.95463,5.755184,-5.84519,7688
60.92,72.98047,5,1.882451,1.899288,-0.107625,0.08995551,6.02211,5.798618,-5.505592,7684
60.94,56.8291,5,1.889336,1.932367,0.09084838,1.649146,5.95463,5.779647,-5.390141,7676
60.96,60.50629,5,1.914337,1.972649,1.754971,0.9743614,5.95463,5.774138,-5.220946,7680
60.98,61.08832,5,1.987731,2.01411,2.41146,0.6619731,5.95463,5.779206,-5.020739,7696
61,72.91028,5,2.003342,2.049897,1.312223,0.4938432,6.02211,5.820425,-4.897329,7672
61.02,55.77484,5,2.044021,2.083119,0.2893218,1.418213,5.95463,5.800547,-4.912164,7696
61.04,59.59064,5,2.043961,2.105141,0.9610775,0.3042513,5.95463,5.78727,-5.023026,7692
61.06,61.22656,5,2.082249,2.118117,0.3809245,-0.1702069,5.95463,5.782797,-5.037798,7704
61.08,50.57776,5,2.086151,2.114673,0.4572606,-0.3537865,5.887151,5.737938,-5.266856,7692
61.1,68.3891,5,2.085575,2.110709,-0.1534266,-1.519819,5.95463,5.756465,-5.274413,7680
61.12,65.67426,5,2.08966,2.106942,-0.1228922,-0.503849,5.95463,5.764935,-5.281377,7692
61.14,64.49298,5,2.092026,2.117884,0.9000088,-0.1140112,5.95463,5.769091,-5.264917,7696
61.16,51.38733,5,2.148602,2.137715,1.358024,-0.1900158,5.887151,5.73608,-5.306602,7692
61.18,68.20703,5,2.140534,2.14554,0.4877952,-1.507642,5.95463,5.756369,-5.391407,7676
61.2,77.18262,5,2.138835,2.15249,0.1519171,-0.6468229,6.02211,5.803577,-5.315714,7696
61.22,59.47736,5,2.134428,2.166655,1.083215,0.8180982,5.95463,5.783101,-5.392404,7700
61.24,61.83978,5,2.178892,2.196088,3.81604,-0.1487477,5.95463,5.777667,-5.342439,7688
61.26,60.31317,5,2.300564,2.236973,4.609933,-0.95731,5.95463,5.786212,-5.23408,7688
61.28,60.5708,5,2.265708,2.239667,-0.5045714,-1.527466,5.95463,5.777169,-5.620411,7676
61.3,60.89856,5,2.297031,2.241998,0.4725278,-1.984519,5.95463,5.77283,-5.732172,7684
61.32,61.20276,5,2.300748,2.237916,0.4572606,-2.266929,5.95463,5.767681,-5.913626,7680
61.34,50.18964,5,2.29507,2.221848,0.1366499,-2.429737,5.887151,5.721208,-6.217815,7692
61.36,67.57666,5,2.29955,2.210663,0.2129859,-3.638956,5.95463,5.739704,-6.260597,7688
61.38,53.17065,5,2.293231,2.189932,0.06031401,-2.686929,5.887151,5.705712,-6.484588,7700
61.4,92.10419,5,2.291096,2.202913,0.4572606,-3.430187,6.08959,5.811928,-6.178001,7700
61.42,54.53625,5,2.291409,2.213661,-0.1686933,-0.04273936,5.95463,5.778017,-6.319423,7696
61.44,60.09192,5,2.279287,2.237087,1.739704,-1.554799,5.95463,5.759359,-6.395791,7700
61.46,59.47675,5,2.43937,2.280317,5.678637,-2.52906,5.95463,5.768135,-6.158919,7684
61.48,72.53369,5,2.356441,2.277621,0.3656577,-2.927946,6.02211,5.793846,-6.51413,7680
61.5,67.49353,5,2.412072,2.295558,0.4877952,-2.06172,6.02211,5.810728,-6.406514,7692
61.52,54.13672,5,2.404201,2.30479,1.373291,-1.997066,5.95463,5.773189,-6.665748,7688
61.54,59.29797,5,2.41598,2.305364,0.3198562,-3.340045,5.95463,5.754052,-6.818441,7696
61.56,73.04187,5,2.433227,2.304011,0.6862684,-3.737085,6.02211,5.785687,-6.798474,7692
61.58,56.88879,5,2.436019,2.30055,0.5335966,-2.647183,5.95463,5.75836,-6.966994,7684
61.6,48.98535,5,2.438989,2.294747,0.3351234,-3.592718,5.887151,5.704099,-7.210938,7688
61.62,67.65906,5,2.449882,2.283743,0.3809245,-5.023967,5.95463,5.719447,-7.247354,7680
61.64,65.22131,5,2.447183,2.270154,0.1366499,-4.074899,5.95463,5.725462,-7.313475,7688
61.66,64.39264,5,2.434378,2.269617,0.304589,-3.651659,5.95463,5.726881,-7.35123,7684
61.68,64.11151,5,2.442715,2.277482,0.2282531,-3.48232,5.95463,5.728092,-7.347573,7684
61.7,64.37817,5,2.439046,2.284285,0.3351234,-3.383743,5.95463,5.726855,-7.387692,7692
61.72,53.34323,5,2.439771,2.28333,0.09084838,-3.316088,5.887151,5.68474,-7.539217,7700
61.74,82.51868,5,2.440094,2.292699,0.1824515,-4.331803,6.02211,5.746251,-7.345629,7716
61.76,51.49387,5,2.431364,2.288588,0.1519171,-2.075492,5.887151,5.69174,-7.530362,7676
61.78,71.11212,5,2.42388,2.301708,0.2740546,-3.66274,5.95463,5.707182,-7.434445,7708
61.8,69.15207,5,2.442458,2.309086,0.7168028,-2.787492,5.95463,5.716089,-7.358331,7696
61.82,69.17773,5,2.412303,2.317276,0.01451245,-2.301475,5.95463,5.716402,-7.366692,7684
61.84,57.90137,5,2.426766,2.327028,0.3198562,-2.046338,5.887151,5.678416,-7.383916,7728
61.86,63.54044,5,2.439324,2.333652,0.8236728,-3.052109,5.887151,5.662517,-7.380769,7700
61.88,77.68372,5,2.443349,2.338601,-0.09235785,-3.12974,5.95463,5.696092,-7.253881,7696
61.9,61.9852,5,2.439061,2.343071,0.04504682,-1.760641,5.887151,5.670847,-7.297363,7692
61.92,77.78165,5,2.430935,2.360478,0.09084838,-2.383748,5.95463,5.699334,-7.154473,7696
61.94,73.52335,5,2.476025,2.388387,2.503063,-1.347819,5.95463,5.717846,-6.964126,7700
61.96,72.50516,5,2.453382,2.411892,-0.6572433,-1.012563,5.95463,5.721365,-6.988025,7700
61.98,60.39706,5,2.495992,2.435947,0.5030622,-1.057423,5.887151,5.686285,-6.992445,7720
62,78.36478,5,2.469654,2.443539,0.07558119,-2.188524,5.95463,5.704776,-7.018522,7716
62.02,64.90616,5,2.464044,2.437939,-0.3366328,-1.122495,5.887151,5.671779,-7.099421,7712
62.04,81.29703,5,2.466599,2.449616,0.06031401,-1.755672,5.95463,5.699265,-6.922014,7720
62.06,78.54526,5,2.451133,2.457568,0.1671843,-0.4613161,5.95463,5.710246,-6.856001,7712
62.08,78.10294,5,2.437435,2.476511,0.04504682,0.167519,5.95463,5.714844,-6.744398,7744
62.1,78.21228,5,2.451362,2.502857,0.4877952,0.4986483,5.95463,5.719331,-6.590466,7708
62.12,78.4184,5,2.467171,2.530521,1.296956,0.6826997,5.95463,5.722921,-6.472016,7712
62.14,78.13882,5,2.50591,2.56315,1.800773,0.7011377,5.95463,5.728362,-6.334711,7692
62.16,78.86356,5,2.493307,2.581661,-0.2450293,0.7343226,5.95463,5.726653,-6.368194,7688
62.18,79.65677,5,2.506797,2.599719,0.06031401,0.7901508,5.95463,5.726577,-6.301907,7704
62.2,80.54178,5,2.505779,2.613747,-0.01602192,0.9166415,5.95463,5.725542,-6.275616,7696
62.22,81.72351,5,2.495375,2.623798,-0.107625,1.130893,5.95463,5.723375,-6.251952,7708
62.24,83.01154,5,2.485791,2.63323,-0.01602192,1.430657,5.95463,5.721651,-6.195828,7684
62.26,83.82596,5,2.494197,2.648643,0.07558119,1.73699,5.95463,5.722932,-6.079647,7692
62.28,84.38663,5,2.500813,2.66695,0.8542075,2.005933,5.95463,5.724687,-5.984295,7696
62.3,74.02856,5,2.48148,2.671263,0.1671843,2.28748,5.887151,5.682218,-6.091604,7676
62.32,91.99533,5,2.489524,2.682786,0.1671843,1.433845,5.95463,5.705579,-5.902667,7696
62.34,77.84772,5,2.494205,2.686755,0.3198562,2.649489,5.887151,5.677193,-5.909578,7688
62.36,93.75186,5,2.503411,2.708073,0.7473372,2.024226,5.95463,5.707242,-5.699831,7696
62.38,78.54129,5,2.520823,2.723072,0.5793981,3.138918,5.887151,5.682195,-5.702479,7672
62.4,93.33508,5,2.562435,2.757681,2.457261,2.229355,5.95463,5.716041,-5.477872,7684
62.42,88.50418,5,2.609418,2.791552,0.7320697,2.967656,5.95463,5.734224,-5.387885,7684
62.44,86.74088,5,2.616061,2.821686,1.144284,2.947821,5.95463,5.739072,-5.439031,7684
62.46,96.47003,5,2.69656,2.869726,3.770239,2.512668,6.02211,5.787928,-5.216618,7684
62.48,147.032,5,2.755096,2.956343,2.30459,3.136187,6.35951,6.013842,-4.541735,7680
62.5,46.8457,5,2.807657,3.02191,4.396194,8.319757,5.95463,5.87051,-5.093006,7668
62.52,74.74121,5,3.013881,3.125574,12.47253,0.9588689,6.02211,5.860047,-5.037652,7688
62.54,119.5117,5,3.183369,3.185028,4.045048,-1.558121,6.29203,6.018218,-4.971622,7680
62.56,111.4,5,3.079099,3.193951,-4.290833,1.663088,6.35951,6.099835,-5.55975,7644
62.58,97.89209,5,3.142965,3.252634,3.159552,2.74331,6.35951,6.136722,-5.591961,7648
62.6,79.60159,5,3.235096,3.309462,4.823674,1.750766,6.29203,6.111665,-5.936661,7656
62.62,79.39014,5,3.398414,3.360137,7.006881,-1.308846,6.29203,6.105267,-6.239455,7664
62.64,-93.38733,5,3.393159,3.224511,0.1366499,-3.720075,5.27983,5.473566,-9.143158,7644
62.66,-10.81561,5,3.405031,2.980099,0.9000088,-22.79828,5.27983,5.178232,-10.90814,7728
62.68,97.09903,5,3.157883,2.598829,-10.48931,-26.08826,5.684711,5.259381,-11.90318,7716
62.7,139.8438,5,2.410416,2.215058,-42.71832,-14.76924,5.95463,5.395696,-12.52275,7708
62.72,134.6636,5,1.579524,1.939899,-21.34427,-0.1741016,5.95463,5.409647,-12.2173,7672
62.74,125.9435,5,1.826628,2.051817,22.71681,8.1347,5.95463,5.51754,-8.785143,7676
62.76,107.9526,5,2.243503,2.359176,25.43437,11.37156,5.95463,5.645379,-6.261619,7696
62.78,96.23615,5,2.860934,2.76821,24.31986,9.66118,6.02211,5.809294,-4.396723,7676
62.8,-112.2677,5,3.273712,2.977209,21.73971,5.56399,4.94243,5.241779,-6.493635,7668
62.82,-35.03809,5,3.455507,2.943663,6.487797,-18.79586,4.94243,4.956715,-8.715403,7732
62.84,57.87677,5,3.439653,2.669234,-2.718313,-26.9196,5.27983,4.997603,-10.29248,7728
62.86,122.0968,5,2.991558,2.365566,-36.58092,-21.28437,5.684711,5.206985,-11.16238,7716
62.88,97.11398,5,2.022003,2.020467,-51.77176,-7.857458,5.61723,5.165679,-12.55923,7688
62.9,-79.30472,5,2.176319,1.905038,9.358027,-2.410817,4.60503,4.615122,-12.21298,7692
62.92,2.558319,5,2.413757,1.861181,14.28933,-17.37467,4.67251,4.46093,-11.63587,7760
62.94,8.734711,5,2.517259,1.710197,0.5488637,-19.35446,4.60503,4.369093,-11.92413,7772
62.96,261.5789,5,1.989103,1.604373,-32.73359,-17.75477,5.95463,5.085401,-10.37282,7760
62.98,176.893,5,1.364082,1.577313,-20.27557,10.93639,5.95463,5.366261,-9.141443,7676
63,143.3053,5,1.360243,1.908285,-0.1228922,21.37277,5.95463,5.5396,-6.071044,7644
63.02,123.09,5,1.770813,2.36619,39.75499,23.54936,5.95463,5.67823,-3.38435,7672
63.04,36.24243,5,2.758768,2.912091,43.46491,19.52944,5.61723,5.641429,-1.403822,7668
63.06,48.13974,5,3.448751,3.330288,34.54887,5.822524,5.684711,5.688513,-1.523119,7676
63.08,17.38126,5,3.734199,3.462304,6.564133,-3.051483,5.54975,5.589606,-3.663531,7692
63.1,106.3041,5,3.432649,3.349734,-11.66488,-10.87291,5.95463,5.695958,-5.866285,7700
63.12,-84.12509,5,3.277854,3.064811,-14.77939,-6.95054,4.94243,5.101629,-9.031771,7700
63.14,13.93393,5,2.765414,2.662779,-24.55038,-21.8442,5.009911,4.812717,-11.38421,7744
63.16,96.70999,5,2.944945,2.366766,5.831308,-22.2758,5.34731,4.939833,-10.4904,7756
63.18,58.74557,5,2.475755,2.085304,-26.97786,-12.70219,5.21235,4.885313,-11.41438,7724
63.2,167.0927,5,1.446878,1.788011,-53.87864,-6.56016,5.684711,5.04919,-11.69954,7736
63.22,110.932,5,1.77437,1.856417,28.38094,7.295878,5.54975,5.15169,-8.317422,7704
63.24,-67.36865,5,2.085947,2.034709,6.441996,9.395147,4.60503,4.696134,-8.032284,7692
63.26,168.9124,5,2.359299,2.246516,38.36567,-7.724551,5.61723,5.121279,-6.103114,7740
63.28,107.3716,5,3.105736,2.528731,26.51834,2.326467,5.684711,5.432453,-4.200448,7704
63.3,-94.52655,5,2.687635,2.553819,-22.80992,3.765129,4.67251,4.870796,-7.924479,7680
63.32,-26.30145,5,2.626812,2.416825,13.4649,-15.47307,4.60503,4.545242,-9.622958,7772
63.34,14.89398,5,3.063168,2.242771,9.17482,-22.74134,4.67251,4.493925,-9.593644,7772
63.36,71.43869,5,2.626975,1.964774,-35.08473,-21.8407,4.94243,4.577322,-10.95873,7772
63.38,74.82013,5,1.707096,1.586924,-45.06947,-12.45068,4.94243,4.520415,-12.46974,7732
63.4,78.47958,5,1.630682,1.470402,-3.237398,-5.649078,4.94243,4.544108,-10.66493,7740
63.42,75.18329,5,1.647416,1.508298,2.732071,-0.8264904,4.94243,4.596976,-9.077167,7752
63.44,65.23535,5,1.900222,1.673986,10.6252,1.19199,4.94243,4.671985,-7.435507,7752
63.46,44.12787,5,2.084875,1.845232,9.022148,0.8894962,4.87495,4.684709,-6.819428,7732
63.48,53.81808,5,2.275152,1.994423,9.587034,-2.046555,4.94243,4.740881,-6.424987,7748
63.5,61.0694,5,2.26366,2.057788,-0.550373,-2.937556,5.009911,4.787667,-6.660641,7740
63.52,45.01041,5,2.233532,2.0731,-1.756481,-2.716928,4.94243,4.755563,-6.966234,7748
63.54,62.17474,5,2.20076,2.072628,-0.8862511,-4.055239,5.009911,4.774678,-6.984874,7748
63.56,48.29507,5,2.187665,2.055006,-1.023656,-3.186598,4.94243,4.741935,-7.075112,7760
63.58,65.00232,5,2.151152,2.043893,-0.8404495,-3.865242,5.009911,4.765816,-6.969489,7772
63.6,49.72806,5,2.162842,2.035574,-0.5351062,-2.69112,4.94243,4.741014,-6.914669,7760
63.62,53.76404,5,2.136866,2.02847,-0.6572433,-3.369409,4.94243,4.728834,-6.914382,7760
63.64,43.32394,5,2.158399,2.016082,-0.3366328,-3.50666,4.87495,4.687634,-6.937925,7772
63.66,49.03632,5,2.146253,1.995383,-0.2602969,-4.610105,4.87495,4.668969,-6.99902,7768
63.68,62.69141,5,2.142635,1.978097,-0.5045714,-4.725763,4.94243,4.702966,-6.863554,7756
63.7,57.28052,5,2.148619,1.976704,-0.8404495,-3.447567,4.94243,4.722062,-6.733677,7756
63.72,54.39883,5,2.152921,1.989987,-0.3977011,-3.16745,4.94243,4.732308,-6.656558,7752
63.74,52.82462,5,2.167756,2.003557,-0.01602192,-3.324929,4.94243,4.737727,-6.626716,7764
63.76,40.48444,5,2.174912,2.002017,0.09084838,-3.638757,4.87495,4.698642,-6.792964,7756
63.78,56.96338,5,2.184729,1.997539,0.1519171,-5.101342,4.94243,4.721411,-6.76447,7772
63.8,41.72009,5,2.186691,1.978029,-0.0007547362,-4.439241,4.87495,4.690765,-6.935034,7768
63.82,45.63977,5,2.168427,1.957512,-0.9778546,-5.483526,4.87495,4.674879,-7.064337,7760
63.84,47.05392,5,2.167528,1.931864,0.2435202,-5.777993,4.87495,4.668313,-7.133,7768
63.86,47.4006,5,2.151636,1.907172,-1.252663,-5.780871,4.87495,4.664861,-7.200838,7764
63.88,58.85626,5,2.139696,1.895469,-0.6114421,-5.686878,4.94243,4.704239,-7.094549,7752
63.9,52.62146,5,2.149341,1.899398,0.02977964,-4.505921,4.94243,4.724872,-6.995499,7772
63.92,37.74939,5,2.162595,1.908192,0.2893218,-4.429646,4.87495,4.694921,-7.087159,7772
63.94,64.79456,5,2.170434,1.92091,-0.2297625,-5.858558,5.009911,4.761184,-6.933048,7744
63.96,43.97949,5,2.170447,1.919718,-0.7793808,-4.101088,4.94243,4.748822,-7.046091,7744
63.98,45.10123,5,2.184169,1.930608,0.7015356,-5.092361,4.94243,4.744073,-7.065595,7744
64,46.39789,5,2.156652,1.915951,-0.962587,-5.542317,4.94243,4.735728,-7.244517,7744
64.02,92.31851,-5,2.185279,1.908566,0.3961921,-5.808723,4.94243,4.736057,-7.213367,7748
64.04,83.83966,-5,2.181022,1.93986,0.1977187,-1.314795,4.87495,4.695394,-7.297561,7740
64.06,92.65408,-5,2.236045,2.046714,4.732071,0.6602261,4.87495,4.682702,-7.044439,7748
64.08,108.4796,-5,2.397072,2.216621,6.304591,2.39077,4.94243,4.730096,-6.50588,7756
64.1,105.8511,-5,2.550751,2.416761,9.006882,4.6671,4.94243,4.755589,-6.222635,7740
64.12,108.4938,-5,2.640679,2.611932,5.190087,5.658205,4.94243,4.757717,-6.225876,7744
64.14,122.885,-5,2.851641,2.831911,11.40383,5.949731,5.009911,4.805385,-5.851578,7748
64.16,109.3847,-5,3.007823,3.03402,7.434362,7.097397,4.94243,4.781518,-5.982282,7744
64.18,116.7063,-5,3.169195,3.225374,8.548865,6.001381,4.94243,4.765709,-6.115383,7732
64.2,122.5929,-5,3.322757,3.391629,7.785507,5.550761,4.94243,4.752367,-6.329933,7748
64.22,127.7947,-5,3.458996,3.544608,6.182454,5.436364,4.94243,4.739779,-6.567648,7732
64.24,133.6079,-5,3.551551,3.68117,6.136652,5.621376,4.94243,4.723158,-6.881379,7720
64.26,148.5311,-5,3.752697,3.850146,9.327493,5.722496,5.009911,4.761653,-6.753151,7740
64.28,136.5873,-5,3.816842,3.990216,5.907644,7.099696,4.94243,4.722507,-7.255257,7744
64.3,143.6375,-5,3.999499,4.151723,9.831309,6.232925,4.94243,4.706674,-7.34611,7728
64.32,147.2041,-5,4.19978,4.31361,9.846577,5.741293,4.94243,4.700623,-7.534376,7728
64.34,-21.82532,-5,4.29918,4.330356,5.999248,5.105584,3.93023,4.074381,-10.09107,7744
64.36,294.813,-5,4.462194,4.424519,7.419095,-12.37411,5.27983,4.600934,-8.772058,7796
64.38,240.0545,-5,4.316804,4.450524,-8.733582,8.594119,5.34731,4.846081,-8.829504,7720
64.4,207.6107,-5,3.958643,4.621923,-12.1229,18.12768,5.27983,4.872818,-8.820128,7712
64.42,7.42395,-5,4.818924,4.968984,34.24353,17.89932,4.20015,4.340928,-8.413654,7712
64.44,79.94095,-5,5.306604,5.183893,27.4649,-4.04204,4.20015,4.111263,-9.635848,7784
64.46,130.1055,-5,5.682572,5.19355,13.81604,-12.39166,4.335111,4.081569,-11.02808,7780
64.48,180.5011,-5,5.157879,4.999911,-33.97023,-10.98293,4.53755,4.087978,-13.51871,7772
64.5,32.0451,-5,4.458437,4.640546,-26.48932,-2.931446,3.592831,3.438857,-16.89862,7776
64.52,172.4897,-5,4.616701,4.523011,8.64047,-12.95942,3.93023,3.406965,-15.59501,7832
64.54,252.5401,-5,4.403717,4.421111,-7.191597,-4.47768,4.335111,3.63135,-14.76594,7796
64.56,46.45343,-5,4.107972,4.343954,-12.39771,9.847556,3.25543,3.075957,-15.89571,7772
64.58,176.9929,-5,4.489218,4.513315,24.59467,-2.584743,3.592831,3.101263,-13.82009,7840
64.6,173.438,-5,4.826612,4.655878,13.05269,1.313451,3.592831,3.150953,-12.96393,7832
64.62,229.1723,-5,4.441123,4.735752,-18.1687,4.985223,3.86275,3.275951,-13.16665,7804
64.64,116.7977,-5,4.828719,4.940601,19.80078,11.58139,3.32291,3.063609,-12.33042,7788
64.66,200.7518,-5,4.867563,5.137002,2.380925,4.62785,3.592831,3.119386,-12.03444,7832
64.68,232.8011,-5,5.459557,5.436382,29.60231,6.667045,3.86275,3.36628,-10.22136,7816
64.7,50.48328,-5,5.266455,5.519422,-7.405338,11.5889,2.918031,2.85103,-12.96346,7804
64.72,-11.09351,-5,5.710839,5.555203,18.77788,-5.293867,2.175751,2.206535,-14.60633,7856
64.74,213.3442,-5,5.916514,5.460295,1.32749,-23.0045,2.985511,2.398811,-14.92615,7908
64.76,70.08105,-5,5.358965,5.082354,-36.33664,-10.42491,2.243231,1.958604,-18.29418,7876
64.78,256.4803,-5,4.712402,4.827397,-40.32138,-14.12043,2.918031,2.114295,-18.16282,7900
64.8,124.2441,-5,4.928003,4.761629,11.32749,1.341385,2.31071,1.895115,-17.02452,7868
64.82,48.57764,-5,4.680216,4.707211,-12.39771,-1.161975,1.63591,1.382048,-18.21317,7892
64.84,-14.78967,-5,5.134947,4.643234,33.43437,-12.19893,0.89363,0.775875,-18.71621,7932
64.86,199.3033,-5,5.057761,4.484334,-7.344269,-25.29058,1.63591,0.9385301,-18.60443,7988
64.88,134.8492,-5,4.34152,4.135074,-38.67252,-9.994855,1.298511,0.7371351,-20.19311,7924
64.9,50.49695,-5,3.644966,3.822346,-33.84809,-4.276775,0.5562305,0.168109,-21.2611,7944
64.92,11.401,-5,4.237815,3.766656,22.96108,-11.17112,-0.05108929,-0.3128408,-19.43641,8008
64.94,194.8602,-5,4.3222,3.730216,-2.794649,-19.63655,0.6237106,-0.09076065,-17.95486,8036
64.96,-112.9255,-5,3.928401,3.431777,-21.90916,-5.963764,-1.06329,-1.036496,-21.15539,7996
64.98,134.4823,-5,3.375255,3.148104,-26.71832,-25.84575,-0.4559698,-1.131536,-21.05601,8084
65,47.72693,-5,3.625367,2.907196,12.80841,-14.98355,-0.9958096,-1.40951,-19.81874,8052
65.02,182.8351,-5,3.415573,2.864836,-12.65725,-15.62017,-0.4559698,-1.187907,-17.98337,8096
65.04,123.6115,-5,2.861973,2.762518,-28.97786,-0.5767953,-0.7258892,-1.285995,-17.79188,8056
65.06,21.06018,-5,3.089937,2.871354,7.083217,2.418314,-1.40069,-1.657328,-16.24687,8092
65.08,138.5883,-5,3.574191,3.108765,33.64811,-7.367858,-0.9958096,-1.503321,-13.75933,8108
65.1,34.75671,-5,3.976045,3.275161,20.73208,-3.454265,-1.46817,-1.676123,-13.5631,8108
65.12,128.0905,-5,3.731362,3.335351,-11.16106,-10.36591,-1.13077,-1.602378,-14.04133,8124
65.14,20.00269,-5,3.62533,3.254804,-1.680145,-5.34192,-1.738089,-1.950386,-15.1463,8092
65.16,-34.01038,-5,3.592924,3.125356,-2.962588,-13.01952,-2.345409,-2.46479,-16.36383,8148
65.18,160.8547,-5,3.248361,2.895048,-13.329,-22.08049,-1.670609,-2.322146,-16.19384,8192
65.2,11.35498,-5,3.237561,2.690211,-2.535107,-8.61108,-2.412889,-2.665022,-16.2458,8152
65.22,189.7667,-5,3.02904,2.679603,-16.79465,-13.80125,-1.670609,-2.364361,-14.48095,8200
65.24,-131.9611,-5,2.341069,2.350149,-31.77176,2.496797,-3.425089,-3.34631,-17.85222,8132
65.26,55.72717,-5,2.55636,2.256348,32.07559,-19.75827,-3.08769,-3.505272,-15.8607,8236
65.28,-37.80701,-5,3.067883,2.11379,31.03743,-17.41363,-3.695009,-3.845344,-15.34856,8232
65.3,125.9653,-5,2.926076,2.032681,-10.64198,-24.56561,-3.02021,-3.594301,-14.59297,8268
65.32,64.92053,-5,2.08271,1.743805,-47.03894,-9.989484,-3.290129,-3.733824,-16.06373,8216
65.34,-179.5822,-5,1.013053,1.244092,-58.00077,-3.497828,-4.977129,-4.891684,-19.53353,8244
65.36,254.8678,-5,0.596861,0.9443109,4.823674,-21.80877,-3.425089,-4.444887,-15.50391,8340
65.38,5.379639,-5,1.653597,1.03142,48.83895,6.087841,-4.36981,-4.575875,-10.8347,8260
65.4,-83.06372,-5,2.005578,1.323422,6.854209,-2.071253,-4.977129,-4.929149,-10.2393,8284
65.42,95.297,-5,1.802228,1.359323,-13.2832,-15.39511,-4.30233,-4.738134,-10.38862,8328
65.44,-35.65759,-5,1.44772,1.158321,-21.74122,-5.213779,-4.977129,-5.098117,-11.77876,8300
65.46,73.58643,-5,0.8737881,0.9623756,-28.33664,-9.637715,-4.707209,-5.135632,-11.49781,8336
65.48,-26.33948,-5,0.4697424,0.6865131,-19.0542,-0.3671333,-5.38201,-5.556753,-11.61218,8328
65.5,94.89722,-5,0.7212367,0.7065095,12.01452,-4.983888,-4.977129,-5.405066,-8.243137,8356
65.52,-47.34229,-5,1.118334,0.7872529,13.61757,2.646848,-5.65193,-5.658484,-7.13202,8332
65.54,49.0929,-5,1.139766,0.890347,-0.596175,-6.595135,-5.314529,-5.563388,-6.360739,8368
65.56,-134.335,-5,1.150739,0.7861511,1.129017,-3.357558,-6.326729,-6.130546,-8.093196,8356
65.58,11.66748,-5,1.169886,0.6876519,-3.756481,-19.63621,-5.92185,-6.133524,-7.864525,8416
65.6,57.87195,-5,1.071987,0.5135396,-7.832818,-15.21205,-5.65193,-5.974,-7.524863,8408
65.62,-111.1118,-5,0.7655111,0.3107191,-16.47404,-6.934275,-6.529169,-6.44302,-9.021599,8412
65.64,8.74707,-5,0.2967816,0.0821913,-24.77939,-16.82714,-6.259249,-6.526274,-9.296347,8440
65.66,28.32727,-5,-0.1422976,-0.2202594,-23.93969,-9.748906,-6.259249,-6.577198,-8.936955,8416
65.68,84.66382,-5,-0.3885192,-0.3207389,-12.44351,-2.144461,-5.989328,-6.404609,-6.635705,8416
65.7,16.20117,-5,-0.3622831,-0.2477476,4.41146,8.404186,-6.259249,-6.43276,-4.586433,8384
65.72,30.57104,-5,-0.06744196,-0.004693881,15.64811,7.523327,-6.191769,-6.340011,-2.238719,8404
65.74,14.08496,-5,0.4113302,0.284916,26.79315,6.804192,-6.191769,-6.240007,-0.5678684,8408
65.76,-19.18665,-5,1.005162,0.5986038,28.80842,2.638815,-6.259249,-6.18471,0.263568,8404
65.78,-31.23157,-5,1.376226,0.8057166,15.75498,-4.737402,-6.259249,-6.159801,-0.3840438,8448
65.8,-36.65332,-5,1.484556,0.8404528,1.739704,-11.21849,-6.259249,-6.18399,-1.989752,8452
65.82,-33.74548,-5,1.356365,0.7188349,-8.825185,-15.64955,-6.259249,-6.244953,-3.87986,8424
65.84,20.05273,-5,1.128183,0.5406693,-13.92442,-17.44778,-5.989328,-6.150475,-4.845928,8432
65.86,6.791992,-5,0.8632796,0.3622995,-16.1687,-12.34383,-5.989328,-6.134178,-5.504457,8408
65.88,20.58862,-5,0.4788041,0.2096977,-19.32901,-9.007832,-5.92185,-6.118106,-5.832476,8416
65.9,25.01086,-5,0.1058289,0.07030027,-17.06946,-4.150399,-5.92185,-6.132796,-5.719915,8392
65.92,8.983032,-5,0.3301113,0.1143517,11.58704,-1.271111,-5.989328,-6.117191,-4.040743,8388
65.94,4.159058,-5,0.5293861,0.227933,12.38093,-1.652914,-5.989328,-6.074748,-3.108221,8404
65.96,6.931274,-5,0.7577055,0.3605067,10.22826,-3.136265,-5.92185,-5.99319,-2.510317,8396
65.98,-18.16113,-5,0.9326811,0.4611444,6.594667,-4.459756,-5.989328,-5.991493,-2.651044,8392
66,-5.541992,-5,0.9108017,0.4833397,-1.191595,-7.778734,-5.92185,-5.973263,-3.275866,8384
66.02,-7.93457,-5,0.8630275,0.4421589,-2.458771,-8.54821,-5.92185,-5.982885,-3.851523,8396
66.04,-7.205933,-5,0.7967767,0.3812509,-4.443504,-9.088849,-5.92185,-5.998085,-4.249753,8380
66.06,-6.477173,-5,0.7550375,0.32124,-3.008389,-9.244492,-5.92185,-6.007952,-4.452248,8400
66.08,-19.64001,-5,0.7837372,0.2789659,1.190086,-9.409019,-5.989328,-6.045506,-4.57516,8400
66.1,-5.499634,-5,0.8096256,0.2520739,-0.06182348,-10.92167,-5.92185,-6.017844,-4.592644,8396
66.12,-22.38196,-5,0.7960237,0.2088244,-1.252663,-10.48649,-5.989328,-6.048973,-4.936169,8280
66.14,-7.186157,-5,0.7399479,0.1639527,-2.687778,-11.7021,-5.92185,-6.029805,-5.128628,8384
66.16,-10.74976,-5,0.6982092,0.115554,-2.03129,-10.84152,-5.92185,-6.024372,-5.257785,8408
66.18,-23.48584,-5,0.6431988,0.06878386,-2.73358,-10.48315,-5.989328,-6.065589,-5.476632,8400
66.2,-7.273193,-5,0.6243339,0.03608962,-0.7335792,-11.45062,-5.92185,-6.04179,-5.384605,8408
66.22,-11.92395,-5,0.6280166,0.01324499,-0.7183124,-10.47324,-5.92185,-6.026598,-5.294748,8408
66.24,-14.09778,-5,0.5900639,-0.003608316,-1.725946,-10.17731,-5.92185,-6.021879,-5.319497,8404
66.26,-15.86255,-5,0.60474,-0.009274527,0.8236728,-10.25737,-5.92185,-6.015619,-5.230777,8408
66.28,-29.15686,-5,0.61587,-0.02207273,-0.2755641,-10.55778,-5.989328,-6.051433,-5.355591,8412
66.3,-25.2821,-5,0.6250486,-0.0436621,-0.01602192,-12.136,-5.989328,-6.066841,-5.466356,8412
66.32,-12.90759,-5,0.6279444,-0.07003939,-0.6114421,-12.78002,-5.92185,-6.032876,-5.455451,8400
66.34,-18.33777,-5,0.5992206,-0.09739068,-2.260297,-11.8701,-5.92185,-6.020051,-5.536892,8400
66.36,-19.36804,-5,0.5188517,-0.1306721,-4.351902,-11.55504,-5.92185,-6.022669,-5.694223,8396
66.38,-18.75928,-5,0.4666173,-0.1636194,-2.260297,-11.28,-5.92185,-6.026389,-5.69913,8412
66.4,-18.71497,-5,0.4501818,-0.1852809,-0.8557167,-10.98557,-5.92185,-6.024604,-5.573701,8412
66.42,-30.7876,-5,0.4361001,-0.2073568,-0.2755641,-10.76807,-5.989328,-6.061585,-5.597589,8412
66.44,-26.72498,-5,0.4525678,-0.223318,0.3198562,-11.90229,-5.989328,-6.072601,-5.518052,8396
66.46,-25.83203,-5,0.4481856,-0.2486735,-0.1992282,-12.23107,-5.989328,-6.076046,-5.530548,8392
66.48,-25.93152,-5,0.4294867,-0.2754359,-1.054191,-12.3016,-5.989328,-6.077325,-5.548667,8396
66.5,-25.84741,-5,0.3910819,-0.3056208,-2.977855,-12.23506,-5.989328,-6.079813,-5.589033,8388
66.52,-24.50647,-5,0.3107932,-0.3470322,-4.51984,-11.91638,-5.989328,-6.087163,-5.669013,8408
66.54,-11.21777,-5,0.2427898,-0.3787962,-3.405336,-11.31861,-5.92185,-6.05161,-5.465448,8408
66.56,-26.68848,-5,0.18031,-0.405653,-3.237398,-9.398106,-5.989328,-6.075662,-5.369812,8428
66.58,-22.58899,-5,0.1432454,-0.4165555,-1.893885,-9.565124,-5.989328,-6.082923,-5.133547,8416
66.6,-10.41589,-5,0.1666553,-0.4072145,0.8542075,-9.312955,-5.92185,-6.035715,-4.658856,8412
66.62,-27.50732,-5,0.1438042,-0.4030621,-0.9931214,-7.865332,-5.989328,-6.053455,-4.557183,8416
66.64,-25.38184,-5,0.1726465,-0.3847839,1.541231,-8.731732,-5.989328,-6.054238,-4.312389,8400
66.66,-24.4469,-5,0.1576243,-0.3882047,-1.069457,-9.037793,-5.989328,-6.055773,-4.276364,8400
66.68,-12.94727,-5,0.1635281,-0.3848997,0.5946653,-9.142112,-5.92185,-6.01263,-4.018115,8408
66.7,-19.33191,-5,0.1764566,-0.3733606,-0.3366328,-8.097802,-5.92185,-5.989246,-3.833101,8400
66.72,-34.05383,-5,0.1764619,-0.3656769,0.304589,-8.082163,-5.989328,-6.018805,-3.885028,8404
66.74,-18.66882,-5,0.1854866,-0.3622301,-0.2144953,-9.56598,-5.92185,-5.991131,-3.782452,8400
66.76,-34.45898,-5,0.1876409,-0.3783173,-0.3519,-9.030064,-5.989328,-6.019124,-3.902568,8404
66.78,-31.18323,-5,0.1795259,-0.3966835,-0.3824344,-10.24903,-5.989328,-6.031972,-3.974075,8404
66.8,-30.73413,-5,0.1945019,-0.4204496,-0.1686933,-10.78042,-5.989328,-6.03497,-4.002537,8404
66.82,-30.60571,-5,0.1574335,-0.4550388,-2.199229,-10.96901,-5.989328,-6.039994,-4.144063,8396
66.84,-29.94031,-5,0.1045738,-0.4958744,-2.51984,-10.90969,-5.989328,-6.046277,-4.250257,8388
66.86,-29.73035,-5,0.07816908,-0.528946,-1.359534,-10.72092,-5.989328,-6.047793,-4.221583,8396
66.88,-30.84656,-5,0.08769113,-0.5457084,0.4419934,-10.61385,-5.989328,-6.042712,-4.106261,8388
66.9,-9.479248,-5,0.09771404,-0.5387369,-0.1381594,-10.64607,-5.85437,-5.95557,-3.777148,8396
66.92,-45.02722,-5,0.09835763,-0.5371374,0.2129859,-8.571094,-5.989328,-5.996784,-3.915896,8396
66.94,-28.25,-5,0.1056565,-0.5255077,0.1671843,-10.79466,-5.92185,-5.974951,-3.85439,8392
66.96,-32.40784,-5,0.1394471,-0.5293946,0.7778715,-10.68897,-5.92185,-5.962991,-3.861411,8396
66.98,-44.48792,-5,0.06300356,-0.5651389,-3.099992,-10.81363,-5.989328,-6.009376,-4.248903,8392
67,-27.24451,-5,0.0437305,-0.5969988,-0.9320526,-12.03077,-5.92185,-5.989788,-4.191542,8396
67.02,-42.55591,-5,0.03735271,-0.6324824,-0.4282355,-11.10436,-5.989328,-6.018559,-4.265996,8384
67.04,-26.6333,-5,-0.02670296,-0.664579,-3.145794,-11.80313,-5.92185,-5.995587,-4.258584,8420
67.06,-41.86694,-5,-0.04727418,-0.69735,-0.9167854,-10.61814,-5.989328,-6.023516,-4.278171,8388
67.08,-26.95386,-5,-0.06327823,-0.7101316,-1.176328,-11.29895,-5.92185,-5.992668,-4.083345,8396
67.1,-19.80029,-5,-0.07828569,-0.7138528,-0.2908313,-10.17123,-5.85437,-5.936551,-3.835456,8392
67.12,-39.63367,-5,-0.06775185,-0.7015905,-0.1686933,-8.770704,-5.92185,-5.947193,-3.732228,8388
67.14,-26.63928,-5,-0.05934051,-0.6799533,0.2129859,-9.85421,-5.85437,-5.910305,-3.554117,8388
67.16,-32.49719,-5,-0.02048622,-0.662496,1.373291,-9.392693,-5.85437,-5.889992,-3.438433,8392
67.18,-46.05566,-5,-0.05349817,-0.6684895,-1.359534,-9.597973,-5.92185,-5.927741,-3.679765,8384
67.2,-41.36707,-5,-0.04990019,-0.6853756,0.9000088,-11.11809,-5.92185,-5.944777,-3.750421,8376
67.22,-39.79871,-5,-0.05287684,-0.7159991,-0.5045714,-11.64368,-5.92185,-5.952097,-3.825758,8384
67.24,-28.37598,-5,-0.057419,-0.7366704,-1.145793,-11.79964,-5.85437,-5.913146,-3.723647,8396
67.26,-34.35498,-5,-0.07637887,-0.7509207,-1.863351,-10.69416,-5.85437,-5.895939,-3.709669,8400
67.28,-59.04529,-5,-0.1389042,-0.7839823,-2.886252,-10.41363,-5.989328,-5.975859,-4.067845,8416
67.3,-48.24988,-5,-0.1651487,-0.8268862,-0.4282355,-12.63477,-5.989328,-6.012437,-4.175159,8396
67.32,-45.12122,-5,-0.1402788,-0.8705906,0.2282531,-13.09999,-5.989328,-6.021152,-4.116067,8384
67.34,-33.1543,-5,-0.170745,-0.9045601,-2.504572,-12.97131,-5.92185,-5.983976,-4.030983,8396
67.36,-37.76208,-5,-0.2425284,-0.9369671,-4.19923,-11.44353,-5.92185,-5.971955,-4.049561,8392
67.38,-38.96899,-5,-0.2949383,-0.954854,-1.695411,-10.72762,-5.92185,-5.967517,-3.951812,8372
67.4,-52.15137,-5,-0.267782,-0.9577023,0.6557342,-10.49613,-5.989328,-5.997438,-3.822269,8376
67.42,-47.8269,-5,-0.2807695,-0.9702178,-0.4129688,-11.63173,-5.989328,-6.010731,-3.831145,8392
67.44,-46.84375,-5,-0.2665018,-0.9875488,-0.1534266,-11.9963,-5.989328,-6.012738,-3.768604,8380
67.46,-46.50598,-5,-0.2995286,-1.013341,-2.046557,-12.03132,-5.989328,-6.015598,-3.813802,8380
67.48,-45.78186,-5,-0.3480908,-1.044386,-2.183961,-11.86108,-5.989328,-6.019639,-3.839807,8376
67.5,-44.85413,-5,-0.3971353,-1.075235,-2.382435,-11.51356,-5.989328,-6.022679,-3.801299,8376
67.52,-44.18286,-5,-0.4355885,-1.100005,-2.290832,-11.06307,-5.989328,-6.022872,-3.687196,8376
67.54,-43.53101,-5,-0.4796064,-1.120993,-2.077091,-10.5505,-5.989328,-6.02243,-3.561343,8368
67.56,-31.96887,-5,-0.4935867,-1.122262,-0.6114421,-10.07443,-5.92185,-5.977043,-3.206063,8364
67.58,-49.80017,-5,-0.4885251,-1.114551,0.6710012,-8.636409,-5.989328,-5.991479,-3.040946,8384
67.6,-35.80957,-5,-0.4917457,-1.096006,0.2893218,-9.450886,-5.92185,-5.955355,-2.782228,8372
67.62,-40.52307,-5,-0.4847057,-1.083767,0.1977187,-8.600422,-5.92185,-5.936931,-2.61345,8380
67.64,-53.8645,-5,-0.5042041,-1.081755,-0.5351062,-8.475571,-5.989328,-5.970478,-2.664197,8388
67.66,-49.84741,-5,-0.4763597,-1.081235,0.6099325,-9.834709,-5.989328,-5.980846,-2.573872,8396
67.68,-94.53394,-5,-0.4914042,-1.1337,-0.3671672,-10.37905,-6.259249,-6.149535,-3.178621,8396
67.7,-72.40247,-5,-0.5038849,-1.211277,-0.962587,-15.21017,-6.259249,-6.224878,-3.475928,8396
67.72,-63.54407,-5,-0.5429783,-1.322921,-2.443504,-16.04065,-6.259249,-6.258467,-3.7153,8396
67.74,-59.66504,-5,-0.6472028,-1.428989,-6.825184,-15.35493,-6.259249,-6.276379,-3.867246,8388
67.76,-43.13745,-5,-0.8599227,-1.535083,-11.02366,-13.77456,-6.191769,-6.25817,-3.929441,8424
67.78,-52.35303,-5,-1.132707,-1.649165,-14.76412,-10.16587,-6.259249,-6.306562,-3.988098,8400
67.8,-39.77777,-5,-1.405642,-1.747415,-14.32137,-7.779364,-6.259249,-6.337339,-3.618053,8412
67.82,-35.57104,-5,-1.392257,-1.754913,3.327491,-4.961361,-6.259249,-6.318669,-2.341028,8384
67.84,-38.56152,-5,-1.293628,-1.683963,5.861843,-2.99275,-6.259249,-6.276549,-1.123699,8392
67.86,-114.601,-5,-1.132201,-1.613777,7.449629,-2.67877,-6.664129,-6.473308,-0.9934747,8400
67.88,-80.68854,-5,-0.846567,-1.533383,13.43437,-11.07918,-6.596649,-6.489833,-0.548124,8420
67.9,-69.16321,-5,-0.7324632,-1.539014,4.335124,-13.56855,-6.529169,-6.4563,-0.814595,8420
67.92,-73.15594,-5,-0.8437597,-1.606095,-7.832818,-13.6925,-6.529169,-6.463932,-1.511482,8416
67.94,-68.836,-5,-1.092723,-1.726254,-14.1229,-13.35204,-6.529169,-6.49846,-2.206148,8428
67.96,-71.81995,-5,-1.36839,-1.878518,-14.70305,-11.79165,-6.596649,-6.576433,-2.631213,8428
67.98,-47.15637,-5,-1.570233,-1.999528,-9.481673,-10.35356,-6.529169,-6.572493,-2.248335,8440
68,114.0732,-5,-1.623172,-1.936501,-0.3671672,-6.376689,-5.58445,-5.980856,0.5631189,8440
68.02,23.48969,-5,-1.619737,-1.728004,0.3351234,12.48836,-5.65193,-5.732425,2.420947,8364
68.04,-212.8417,-5,-1.560639,-1.525099,3.739704,15.16243,-6.86657,-6.341482,1.389535,8380
68.06,18.98419,-5,-1.15022,-1.310134,22.59467,-7.945457,-5.989328,-6.05525,3.112715,8428
68.08,-29.51044,-5,-0.6409121,-1.186464,23.06796,-1.518177,-5.989328,-5.883145,3.841355,8372
68.1,-42.466,-5,-0.6069755,-1.049959,3.296956,-2.291765,-5.92185,-5.784811,3.364081,8396
68.12,-67.45441,-5,-0.5858513,-0.9960504,-0.9473198,-4.228189,-5.989328,-5.808074,2.393827,8384
68.14,-58.32062,-5,-0.4032676,-0.9573427,8.838943,-8.643584,-5.92185,-5.776662,1.993703,8396
68.16,-67.59302,-5,-0.2939303,-0.9675859,3.419094,-11.03554,-5.92185,-5.770751,1.174677,8396
68.18,-68.33667,-5,-0.4395626,-1.065034,-6.428238,-13.09046,-5.92185,-5.806012,-0.1877111,8396
68.2,-63.6778,-5,-0.6227051,-1.213448,-7.756482,-13.93027,-5.92185,-5.851293,-1.210875,8380
68.22,-60.70795,-5,-0.6954193,-1.339706,-3.496939,-13.79157,-5.92185,-5.874397,-1.571112,8388
68.24,-59.42065,-5,-0.7875411,-1.444146,-5.038925,-13.10773,-5.92185,-5.88807,-1.8394,8388
68.26,-69.98529,-5,-0.8825978,-1.536111,-4.672512,-12.24426,-5.989328,-5.938169,-2.126176,8380
68.28,-64.33429,-5,-0.9337742,-1.605111,-3.038924,-12.57673,-5.989328,-5.958091,-2.152695,8376
68.3,-61.3194,-5,-1.020416,-1.67366,-5.130528,-11.93894,-5.989328,-5.969857,-2.210686,8384
68.32,-47.39215,-5,-1.113779,-1.723533,-5.359536,-10.87652,-5.92185,-5.936333,-2.008137,8392
68.34,-52.43469,-5,-1.131408,-1.734072,0.2282531,-8.711447,-5.92185,-5.912197,-1.603155,8388
68.36,-56.55542,-5,-1.093581,-1.703422,0.9458106,-7.919177,-5.92185,-5.889098,-1.168923,8392
68.38,-47.30005,-5,-1.091814,-1.667827,0.6557342,-7.791387,-5.85437,-5.836796,-0.8697168,8392
68.4,-54.96289,-5,-1.036876,-1.622084,2.274055,-6.958478,-5.85437,-5.806327,-0.5746273,8376
68.42,-70.35345,-5,-1.012734,-1.589828,0.8084057,-7.290113,-5.92185,-5.833148,-0.6315941,8388
68.44,-66.39984,-5,-1.000423,-1.583207,0.7473372,-9.105164,-5.92185,-5.847822,-0.7373242,8392
68.46,-76.27722,-5,-0.9969203,-1.60968,-0.1381594,-9.944758,-5.989328,-5.896795,-0.9871757,8404
68.48,-46.7832,-5,-1.025665,-1.638933,-1.680145,-11.35417,-5.85437,-5.840822,-0.9134144,8408
68.5,-55.4328,-5,-1.038988,-1.660715,-0.9167854,-9.270558,-5.85437,-5.814032,-0.8346283,8400
68.52,-58.67932,-5,-1.091689,-1.668236,-2.107625,-8.597237,-5.85437,-5.805585,-0.8325918,8400
68.54,-72.23944,-5,-1.069772,-1.668736,1.480162,-8.583257,-5.92185,-5.837419,-0.8195473,8376
68.56,-56.69312,-5,-1.062175,-1.669845,-0.596175,-9.946115,-5.85437,-5.810208,-0.7294647,8384
68.58,-60.72284,-5,-1.068881,-1.681342,0.09084838,-9.258609,-5.85437,-5.798702,-0.7359509,8396
68.6,-74.37708,-5,-1.073847,-1.692935,-0.596175,-9.225946,-5.92185,-5.833582,-0.8512468,8380
68.62,-70.47125,-5,-1.061537,-1.707809,0.6099325,-10.62895,-5.92185,-5.847548,-0.9082738,8392
68.64,-57.88525,-5,-1.060298,-1.727217,-0.2602969,-11.14583,-5.85437,-5.81307,-0.8687851,8400
68.66,-74.87964,-5,-1.076374,-1.751935,-0.4587703,-10.1959,-5.92185,-5.839014,-1.028059,8412
68.68,-59.99353,-5,-1.107223,-1.769253,-1.359534,-11.16163,-5.85437,-5.812842,-1.01421,8404
68.7,-87.30219,-5,-1.118133,-1.803011,0.04504682,-10.31615,-5.989328,-5.881949,-1.268038,8404
68.72,-78.98376,-5,-1.113635,-1.832726,-0.2450293,-12.53547,-5.989328,-5.91048,-1.357673,8400
68.74,-64.57843,-5,-1.120207,-1.871581,0.1671843,-13.11969,-5.92185,-5.882255,-1.350369,8396
68.76,-81.06085,-5,-1.142176,-1.909786,-1.817549,-12.01195,-5.989328,-5.909692,-1.496614,8396
68.78,-53.85352,-5,-1.208429,-1.934855,-2.916786,-12.67752,-5.85437,-5.846374,-1.38719,8384
68.8,-63.49084,-5,-1.209415,-1.941372,-0.4587703,-10.37359,-5.85437,-5.813492,-1.181084,8384
68.82,-91.62756,-5,-1.203833,-1.936366,0.4877952,-9.900443,-5.989328,-5.876409,-1.288919,8384
68.84,-60.74615,-5,-1.167917,-1.922557,0.8389403,-12.5014,-5.85437,-5.820116,-1.065292,8368
68.86,-79.27051,-5,-1.210119,-1.94865,-2.397702,-10.98848,-5.92185,-5.842519,-1.312571,8384
68.88,-86.97327,-5,-1.275654,-1.985037,-3.267931,-11.66839,-5.989328,-5.899335,-1.560592,8368
68.9,-68.28198,-5,-1.283681,-2.017482,-0.2602969,-12.84451,-5.92185,-5.881238,-1.422649,8376
68.92,-82.5354,-5,-1.315924,-2.058023,-2.489305,-11.65472,-5.989328,-5.912717,-1.495277,8364
68.94,-65.97388,-5,-1.382819,-2.088563,-2.962588,-12.06021,-5.92185,-5.889163,-1.390662,8364
68.96,-57.8147,-5,-1.403153,-2.098825,-0.962587,-10.56419,-5.85437,-5.833814,-1.039575,8384
68.98,-64.60553,-5,-1.441042,-2.089124,-2.107625,-8.626682,-5.85437,-5.80769,-0.790924,8384
69,93.73877,-5,-1.420252,-1.943913,1.449628,-7.749179,-4.909649,-5.220377,1.462192,8384
69.02,-19.21899,-5,-1.395749,-1.742638,1.11375,8.651422,-5.112089,-5.073374,2.327016,8316
69.04,-171.7461,-5,-1.40765,-1.56986,4.319858,7.824334,-5.92185,-5.505913,1.218615,8320
69.06,42.74799,-5,-0.8904569,-1.32623,36.76262,-9.485112,-4.977129,-5.087276,3.339628,8388
69.08,-28.61053,-5,-0.209178,-1.073846,29.40384,-1.576721,-4.977129,-4.840367,4.334594,8316
69.1,-67.11145,-5,0.04211466,-0.8056942,8.625202,-4.450379,-4.977129,-4.743944,3.523869,8336
69.12,-77.66046,-5,0.00937286,-0.7298226,-3.619076,-10.15283,-4.977129,-4.764601,1.465027,8336
69.14,-247.4688,-5,-0.1014427,-0.9303202,-5.191597,-15.01451,-5.989328,-5.436463,-2.451824,8336
69.16,-160.116,-5,-0.1852502,-1.27857,-4.168695,-35.1047,-5.989328,-5.765973,-4.849719,8384
69.18,-111.9781,-5,-0.313561,-1.746471,-8.321369,-39.12762,-5.92185,-5.883541,-6.449344,8380
69.2,-112.9987,-5,-0.678721,-2.179061,-17.2832,-35.76996,-5.989328,-5.994198,-7.754319,8412
69.22,-75.88116,-5,-1.571555,-2.647712,-56.51986,-30.64555,-5.92185,-6.079701,-9.231359,8396
69.24,4.453491,-5,-2.816388,-3.146089,-65.19162,-19.19732,-5.65193,-6.048669,-9.442715,8392
69.26,36.74213,-5,-3.984524,-3.529634,-61.63437,0.4987242,-5.58445,-6.035688,-7.597934,8368
69.28,0.4691162,-5,-4.777068,-3.691723,21.61757,19.41553,-5.92185,-6.205005,-4.311738,8364
69.3,106.6439,-5,-3.48251,-3.083749,55.38858,24.20875,-5.314529,-5.631465,5.169411,8384
69.32,-23.01978,-5,-2.432656,-2.279214,61.0069,34.52394,-5.58445,-5.389388,9.5373,8344
69.34,37.06207,-5,-1.124181,-1.290556,62.65576,24.09493,-4.977129,-4.807649,13.41298,8388
69.36,-105.2997,-5,-0.1392539,-0.5516859,51.48018,19.82701,-5.314529,-4.738831,12.71806,8364
69.38,-192.7815,-5,0.6577954,-0.103002,34.82368,-0.2379639,-5.71941,-4.97745,9.742791,8368
69.4,17.63019,-5,1.013532,0.0322372,13.43437,-23.1696,-4.639729,-4.513254,7.552222,8384
69.42,-53.87384,-5,0.9872413,-0.08732498,-4.214497,-17.07785,-4.639729,-4.389651,4.224018,8328
69.44,-245.777,-5,0.5737882,-0.3937344,-24.41298,-19.35351,-5.65193,-5.042672,-1.167063,8328
69.46,-154.0829,-5,-0.4561592,-1.065785,-56.7336,-36.81654,-5.71941,-5.53334,-6.351868,8372
69.48,-5.804138,-5,-1.614428,-1.933131,-64.94734,-35.04205,-5.314529,-5.613231,-8.369571,8352
69.5,76.11841,-5,-2.856874,-2.634359,-65.7565,-14.58227,-4.977129,-5.490746,-7.409925,8364
69.52,242.0768,-5,-4.032821,-2.916914,-62.5962,11.56522,-4.03241,-4.876486,-2.836422,8308
69.54,-87.427,-5,-5.078046,-3.047297,29.52598,48.61132,-5.65193,-5.56933,-1.181959,8252
69.56,177.0541,-5,-3.806873,-2.324975,58.0298,36.06563,-4.572248,-4.947858,9.165149,8356
69.58,-35.61383,-5,-2.746084,-1.614799,46.09086,50.74166,-5.314529,-4.967615,12.90991,8304
69.6,-86.69806,-5,-2.014763,-0.9478857,31.95346,36.43887,-5.65193,-5.129428,13.96443,8352
69.62,109.6996,-5,-1.355775,-0.4601956,29.67865,20.04536,-4.639729,-4.582956,15.65414,8380
69.64,-24.65955,-5,-0.9623548,-0.1768119,13.58704,27.58781,-4.977129,-4.551513,14.85033,8320
69.66,-23.53406,-5,-1.027216,-0.02306288,-8.046558,19.20469,-4.977129,-4.599831,13.11523,8340
69.68,146.9,-5,-0.5965665,0.1882848,28.57941,12.69142,-3.96493,-3.998014,14.59666,8356
69.7,39.92694,-5,-0.08963996,0.4722223,19.69391,23.81008,-4.03241,-3.741642,14.81482,8268
69.72,2.297668,-5,0.07431626,0.7516967,0.3503905,19.74995,-4.03241,-3.664877,13.4108,8276
69.74,-6.23114,-5,0.5289321,0.9604096,43.29697,11.72392,-3.96493,-3.598995,12.21,8284
69.76,-49.02399,-5,1.358035,1.173957,31.2817,2.679321,-4.03241,-3.571785,11.07597,8284
69.78,-15.62366,-5,1.556738,1.208244,0.9305434,-8.258857,-3.762489,-3.457969,8.140077,8268
69.8,-195.0367,-5,1.286863,0.8884662,-18.00076,-11.63186,-4.707209,-4.079827,2.333633,8264
69.82,-54.01935,-5,0.8215864,0.401157,-28.79466,-30.33554,-4.36981,-4.248704,-1.262056,8336
69.84,-184.4173,-5,0.2744454,-0.3263962,-31.37481,-26.98458,-5.247049,-4.912757,-5.630511,8280
69.86,-49.86121,-5,-0.3776933,-0.9854425,-37.61909,-35.67644,-4.977129,-5.084822,-7.242701,8340
69.88,-183.7693,-5,-1.19916,-1.755601,-44.97787,-25.43122,-5.92185,-5.768836,-10.07633,8324
69.9,138.9537,-5,-2.144013,-2.292379,-51.58856,-28.5048,-4.639729,-5.33327,-8.08189,8380
69.92,-135.1787,-5,-3.125911,-2.842909,-51.8939,4.890634,-5.989328,-5.963157,-8.570521,8292
69.94,153.723,-5,-3.875571,-2.97282,-23.52748,2.282537,-4.909649,-5.570199,-3.943421,8368
69.96,250.4209,-5,-3.555573,-2.647087,21.90765,29.07323,-4.03241,-4.71625,3.984613,8316
69.98,76.18695,-5,-2.896518,-1.831412,19.05269,54.24575,-4.36981,-4.388298,9.905369,8280
70,152.6515,-5,-2.480508,-0.8916086,22.24353,52.20102,-3.762489,-3.845839,14.04761,8312
70.02,37.64148,-5,-1.585208,-0.04165606,58.0756,55.53931,-4.03241,-3.706533,16.53806,8256
70.04,-37.32965,-5,-0.286762,0.784829,63.67866,41.69888,-4.30233,-3.719152,17.89456,8296
70.06,47.71759,-5,1.199738,1.526207,74.67103,20.20211,-3.695009,-3.287567,18.82998,8328
70.08,-79.57294,-5,2.353824,2.00928,53.984,10.52582,-3.96493,-3.251112,16.10786,8276
70.1,-97.98181,-5,2.805788,2.164368,19.44963,-10.34829,-3.96493,-3.32678,10.99529,8264
70.12,-95.21411,-5,2.681032,1.880215,-10.71832,-25.68422,-3.96493,-3.5022,4.756973,8252
70.14,-36.74994,-5,1.919574,1.267874,-44.45879,-32.9991,-3.762489,-3.623261,-0.9235096,8268
70.16,-152.3741,-5,0.7470796,0.383841,-66.18398,-28.36065,-4.572248,-4.31297,-6.982864,8240
70.18,-9.035217,-5,-0.7040248,-0.5699126,-73.84811,-32.02842,-4.36981,-4.624344,-9.973444,8288
70.2,62.198,-5,-2.134506,-1.482675,-57.14581,-15.10845,-4.30233,-4.786528,-10.19976,8296
70.22,84.04199,-5,-2.15204,-1.734533,2.075582,3.371249,-4.23485,-4.659381,-4.944304,8304
70.24,212.2159,-5,-1.861166,-1.410771,25.99925,17.17641,-3.357609,-3.936436,1.518271,8268
70.26,61.9408,-5,-1.120729,-0.7319914,47.43438,36.67879,-3.627529,-3.646499,5.950348,8220
70.28,4.346191,-5,-0.05581805,0.1478243,53.77026,30.81084,-3.695009,-3.458813,8.772148,8244
70.3,-95.29742,-5,1.403206,0.9351063,68.07561,16.09436,-4.03241,-3.490476,9.183366,8256
70.32,-90.34918,-5,2.328568,1.393001,43.2359,-6.804383,-3.96493,-3.483028,6.67849,8284
70.34,-100.8964,-5,2.719606,1.441927,13.37329,-22.81334,-3.96493,-3.559193,2.346299,8268
70.36,-30.341,-5,2.220503,1.110713,-34.0771,-32.72607,-3.627529,-3.545665,-2.609454,8248
70.38,-200.2654,-5,0.8992111,0.3031451,-66.58093,-28.16197,-4.707209,-4.385332,-9.860836,8240
70.4,1.047668,-5,-0.5417126,-0.6137261,-75.80231,-37.30176,-4.30233,-4.650657,-12.61652,8304
70.42,112.1906,-5,-1.919027,-1.487734,-57.92443,-18.21149,-3.96493,-4.622974,-12.03037,8300
70.44,87.26733,-5,-1.99152,-1.686573,-4.428237,5.865696,-4.03241,-4.495677,-6.659774,8264
70.46,-135.4799,-5,-1.908222,-1.587038,10.85421,18.57739,-5.247049,-5.058781,-4.620154,8284
70.48,91.80658,-5,-0.9611226,-1.112858,46.33514,1.721925,-4.30233,-4.585581,0.8251411,8332
70.5,176.2807,-5,0.0554617,-0.4827834,47.00689,10.49379,-3.357609,-3.694453,5.480247,8280
70.52,51.80927,-5,0.6352859,0.2451041,23.44964,22.83842,-3.357609,-3.277064,6.793332,8244
70.54,-169.9498,-5,0.8659234,0.7136679,5.327491,17.26458,-4.36981,-3.761373,3.708105,8236
70.56,64.08588,-5,1.478887,1.048364,26.45727,-10.48285,-3.357609,-3.382159,3.774232,8272
70.58,-11.43127,-5,2.466055,1.300355,50.36568,-8.55688,-3.357609,-3.15972,3.404516,8220
70.6,-219.9037,-5,2.971948,1.425959,14.07559,-17.06186,-4.30233,-3.648547,-0.8549812,8240
70.62,-107.9681,-5,2.769924,1.178928,-9.298468,-43.01139,-4.03241,-3.830969,-5.977664,8312
70.64,-17.15509,-5,2.303513,0.6404743,-21.22214,-47.19625,-3.627529,-3.777545,-9.677103,8272
70.66,-201.693,-5,1.663862,-0.003645211,-35.16107,-39.09669,-4.639729,-4.432539,-14.18086,8276
70.68,-222.005,-5,0.755787,-0.7673196,-46.9626,-49.60367,-5.314529,-5.213983,-18.48583,8328
70.7,-50,-5,-0.1981345,-1.622392,-53.8023,-55.24178,-4.977129,-5.417112,-19.88524,8228
70.72,47.19409,-5,-1.337962,-2.369665,-57.43589,-37.61471,-4.639729,-5.336523,-18.97831,8328
70.74,-104.4424,-5,-2.585806,-2.951488,-63.35955,-12.26117,-5.58445,-5.885677,-18.56016,8308
70.76,42.23309,-5,-3.572086,-3.272731,-39.78703,-7.284499,-5.314529,-5.951942,-15.01869,8356
70.78,153.1107,-5,-2.709007,-2.929532,46.57942,8.266525,-4.639729,-5.323476,-5.697514,8352
70.8,54.51654,-5,-1.965218,-2.191307,28.442,27.27593,-4.707209,-4.925695,0.2224041,8300
70.82,-44.06976,-5,-1.079267,-1.307763,45.90766,26.85844,-4.977129,-4.81651,3.454341,8316
70.84,-121.4102,-5,0.06583075,-0.5488362,62.53362,12.69915,-5.314529,-4.900896,4.406554,8324
70.86,57.82947,-5,0.9302289,0.02355251,49.02216,-6.979345,-4.30233,-4.323974,5.283785,8324
70.88,-27.43622,-5,1.423457,0.3558808,22.70154,-3.584632,-4.30233,-4.099032,3.81493,8288
70.9,-53.52032,-5,1.25763,0.4777375,-12.85572,-9.447821,-4.30233,-4.102603,0.7395071,8296
70.92,-41.14331,-5,0.6921151,0.2820296,-30.47405,-14.0734,-4.30233,-4.233316,-2.691034,8284
70.94,-1.381775,-5,0.01746305,-0.07827143,-35.32901,-13.58851,-4.23485,-4.341048,-4.670657,8284
70.96,-1.44458,-5,-0.6089124,-0.4513002,-14.56565,-7.186078,-4.36981,-4.510278,-5.353374,8308
70.98,-47.69397,-5,-0.3448908,-0.5510226,13.37329,-3.971583,-4.707209,-4.694596,-3.704689,8296
71,-17.23364,-5,-0.09027167,-0.5177495,12.12139,-7.338506,-4.639729,-4.678539,-2.541788,8296
71.02,-37.5683,-5,0.2137181,-0.4439741,12.59467,-7.535985,-4.707209,-4.672412,-2.061238,8316
71.04,-35.08319,-5,0.1100982,-0.4473751,-5.466405,-9.373411,-4.707209,-4.697056,-2.849958,8308
71.06,-8.501282,-5,0.08165405,-0.4665257,-0.962587,-10.19251,-4.572248,-4.63694,-2.928194,8320
71.08,-17.18628,-5,0.06137906,-0.4770769,-2.672511,-7.986734,-4.572248,-4.612403,-2.957484,8332
71.1,-42.99713,-5,0.01961396,-0.4874442,-0.4587703,-7.319173,-4.707209,-4.687423,-3.278423,8340
71.12,-33.50134,-5,0.05299976,-0.4936709,1.693902,-9.594315,-4.707209,-4.717336,-3.324906,8324
71.14,-30.58014,-5,0.0908654,-0.5115038,2.274055,-10.26516,-4.707209,-4.727193,-3.39823,8324
71.16,-17.17596,-5,0.04216795,-0.5360477,-2.122893,-10.22589,-4.639729,-4.697848,-3.489908,8320
71.18,-33.23364,-5,0.03218573,-0.5519341,-0.183961,-8.840937,-4.707209,-4.724383,-3.574011,8304
71.2,-18.09656,-5,0.02422334,-0.5485603,-1.252663,-9.495539,-4.639729,-4.695443,-3.465664,8324
71.22,-21.82343,-5,0.0187657,-0.5455089,0.4114593,-8.380138,-4.639729,-4.682863,-3.426313,8332
71.24,-34.57886,-5,0.0068657,-0.5416235,-1.008389,-8.003613,-4.707209,-4.718831,-3.521613,8344
71.26,-18.19385,-5,0.02753289,-0.5287383,1.388559,-9.083761,-4.639729,-4.692024,-3.368672,8332
71.28,-32.93085,-5,0.02195008,-0.5325202,-0.1686933,-8.146948,-4.707209,-4.721992,-3.491839,8328
71.3,-17.8631,-5,0.05134015,-0.5161244,0.8236728,-9.088693,-4.639729,-4.690867,-3.309425,8316
71.32,-33.21729,-5,0.04609855,-0.5170265,-0.3366328,-8.195613,-4.707209,-4.719665,-3.461879,8324
71.34,-17.59973,-5,0.04674768,-0.5080426,0.01451245,-9.131621,-4.639729,-4.692579,-3.372052,8332
71.36,-20.69879,-5,0.03125861,-0.5077799,-0.8099151,-8.119033,-4.639729,-4.682998,-3.380378,8340
71.38,-10.45422,-5,0.03897495,-0.4852491,0.304589,-7.762943,-4.572248,-4.636285,-3.153476,8324
71.4,-27.46191,-5,0.02767625,-0.4691126,-0.1992282,-6.478181,-4.639729,-4.657999,-3.214725,8328
71.42,-12.53564,-5,0.04334401,-0.4403474,0.6557342,-7.370259,-4.572248,-4.626054,-3.029681,8304
71.44,-27.85394,-5,0.0534564,-0.4279025,0.2587874,-6.507604,-4.639729,-4.652713,-3.09999,8312
71.46,-23.43402,-5,0.04717436,-0.4202256,0.7320697,-7.459249,-4.639729,-4.666686,-3.140094,8296
71.48,-33.66315,-5,0.08740269,-0.4211603,0.5793981,-7.798941,-4.707209,-4.709068,-3.208856,8304
71.5,-27.40161,-5,0.07238792,-0.4377015,-0.07709067,-9.00295,-4.707209,-4.731232,-3.364542,8308
71.52,-13.33154,-5,0.07915519,-0.4499218,-0.596175,-9.162659,-4.639729,-4.699054,-3.262857,8312
71.54,-17.84064,-5,0.06783295,-0.4526109,0.4267263,-7.810774,-4.639729,-4.684452,-3.22316,8316
71.56,-31.02716,-5,0.05402536,-0.4503903,-0.2144953,-7.351795,-4.707209,-4.719378,-3.323199,8320
71.58,-26.62811,-5,0.08241285,-0.4437047,1.11375,-8.473097,-4.707209,-4.731806,-3.299981,8312
71.6,-24.85852,-5,0.08758412,-0.4500096,-0.4282355,-8.784856,-4.707209,-4.738111,-3.367455,8312
71.62,-0.7261353,-5,0.07534622,-0.4443593,0.3351234,-8.719965,-4.572248,-4.661382,-3.153333,8332
71.64,-22.48059,-5,0.06489776,-0.4329317,-0.3519,-6.231553,-4.639729,-4.667858,-3.153049,8304
71.66,-21.0105,-5,0.06486297,-0.4066564,0.7168028,-6.782305,-4.639729,-4.670978,-3.099432,8304
71.68,-8.949829,-5,0.09809685,-0.3785858,1.32749,-7.07994,-4.572248,-4.629579,-2.905276,8308
71.7,-14.24097,-5,0.1116686,-0.3521066,-0.04655629,-6.102585,-4.572248,-4.611309,-2.841601,8308
71.72,-39.33618,-5,0.1209322,-0.3387947,0.2740546,-6.07095,-4.707209,-4.685574,-3.087873,8308
71.74,-17.33588,-5,0.1344421,-0.335985,0.9458106,-8.599388,-4.639729,-4.679849,-3.108788,8316
71.76,-18.30743,-5,0.1415409,-0.3507714,0.06031401,-8.070256,-4.639729,-4.677747,-3.165534,8308
71.78,-18.2597,-5,0.1122421,-0.3615652,-1.496938,-7.720928,-4.639729,-4.679689,-3.227236,8336
71.8,-7.248108,-5,0.1391916,-0.3476486,1.205353,-7.551009,-4.572248,-4.635251,-2.99752,8312
71.82,-36.30603,-5,0.1443951,-0.3428826,0.2587874,-6.395117,-4.707209,-4.696592,-3.213118,8332
71.84,-16.40643,-5,0.1600019,-0.3326004,0.1061156,-8.590667,-4.639729,-4.683655,-3.182624,8328
71.86,-6.620422,-5,0.1655143,-0.33232,0.3809245,-8.023474,-4.572248,-4.638622,-3.110491,8324
71.88,-23.62543,-5,0.1320764,-0.3344595,-1.558007,-6.574468,-4.639729,-4.663198,-3.253619,8316
71.9,-8.689209,-5,0.1406367,-0.3172367,1.235887,-7.336122,-4.572248,-4.632264,-3.088386,8328
71.92,-35.71796,-5,0.147866,-0.3192204,0.6099325,-6.403395,-4.707209,-4.699538,-3.304567,8300
71.94,-26.85101,-5,0.1720046,-0.3200101,2.075582,-8.594847,-4.707209,-4.727617,-3.365173,8308
71.96,-23.20117,-5,0.1783894,-0.3422107,-1.145793,-9.166247,-4.707209,-4.740955,-3.489415,8300
71.98,-21.42975,-5,0.1550908,-0.3679086,-0.04655629,-9.097526,-4.707209,-4.749088,-3.592969,8308
72,-9.548157,-5,0.1617737,-0.3719179,-0.3213652,-8.872088,-4.639729,-4.709154,-3.429568,8316
72.02,-72.9408,5,0.165726,-0.3695774,0.2435202,-7.563904,-4.707209,-4.730342,-3.489242,8328
72.04,-73.51965,5,0.16854,-0.4119757,0.2893218,-13.15794,-4.707209,-4.741219,-3.668468,8324
72.06,-64.50378,5,0.1238147,-0.5378078,-2.855718,-16.78567,-4.639729,-4.711882,-3.976248,8316
72.08,-60.32678,5,-0.04270017,-0.7164614,-10.33664,-17.74385,-4.572248,-4.6715,-4.337475,8316
72.1,-67.23291,5,-0.3242927,-0.9334398,-13.77175,-17.06407,-4.572248,-4.672766,-4.767764,8308
72.12,-254.3464,5,-0.5676237,-1.273468,-12.06183,-16.94844,-5.65193,-5.328937,-6.99852,8300
72.14,-6.86554,5,-0.7838476,-1.581629,-11.52748,-34.71742,-4.707209,-5.054556,-6.104259,8352
72.16,-49.2193,5,-1.055634,-1.927265,-14.58091,-20.60592,-4.707209,-4.923893,-5.647167,8288
72.18,-55.54071,5,-1.485059,-2.103728,-24.0771,-14.15224,-4.639729,-4.826653,-4.824988,8296
72.2,-71.38708,5,-2.042242,-2.297764,-26.38244,-8.699909,-4.707209,-4.852604,-4.532959,8300
72.22,-52.8273,5,-1.85238,-2.28804,18.24353,-7.30847,-4.572248,-4.70723,-1.867341,8308
72.24,59.57361,5,-1.613157,-2.094359,15.05268,-5.046512,-3.762489,-4.097253,1.528824,8324
72.26,-13.03918,5,-1.523724,-1.839672,3.587033,7.476956,-3.695009,-3.766908,3.196708,8260
72.28,-265.0618,5,-1.426347,-1.689566,4.167186,7.597719,-4.909649,-4.349436,1.605682,8264
72.3,-44.96283,5,-0.9387043,-1.552577,26.31986,-19.10357,-4.03241,-4.048689,2.862848,8316
72.32,-107.2736,5,-0.2510296,-1.508148,27.4649,-16.90602,-4.03241,-3.855094,3.141205,8264
72.34,-131.6659,5,-0.2130399,-1.513151,-1.787015,-21.95872,-3.96493,-3.760099,1.504051,8272
72.36,-146.9335,5,-0.4977725,-1.716139,-18.41298,-26.89395,-3.96493,-3.792694,-1.093499,8260
72.38,-305.4378,5,-0.9516073,-2.186818,-27.69542,-30.60328,-4.909649,-4.4457,-5.292848,8260
72.4,4.165161,5,-1.605054,-2.698239,-34.2145,-46.43457,-3.627529,-4.032869,-5.506234,8332
72.42,-50.8447,5,-2.35777,-3.232934,-40.44352,-23.16252,-3.627529,-3.88365,-5.544683,8240
72.44,-63.15147,5,-3.20707,-3.527285,-47.54276,-10.53391,-3.627529,-3.839809,-4.520314,8260
72.46,-47.2786,5,-4.219213,-3.817451,-47.74123,-0.00615716,-3.627529,-3.870766,-3.507327,8248
72.48,-112.6907,5,-4.198959,-3.864964,33.73972,8.36398,-4.03241,-4.027948,-0.09904057,8268
72.5,-156.7254,5,-3.235268,-3.579521,44.36567,3.957161,-4.30233,-4.072328,4.15331,8296
72.52,-57.36877,5,-2.536664,-3.234824,32.09086,-5.533949,-3.695009,-3.642963,6.902495,8300
72.54,-120.8533,5,-2.228653,-3.011521,18.16719,-2.856314,-3.695009,-3.446026,7.051929,8244
72.56,-209.1839,5,-2.106372,-2.910861,-3.267931,-8.099546,-4.03241,-3.583344,5.621013,8256
72.58,-188.2622,5,-2.323119,-3.067449,-16.85572,-19.80122,-4.03241,-3.709863,3.408064,8280
72.6,-156.2379,5,-2.81298,-3.45862,-28.22977,-23.79259,-3.96493,-3.794884,1.478044,8276
72.62,-151.4118,5,-3.52336,-3.95345,-39.42061,-20.87723,-4.03241,-3.929888,0.1668667,8248
72.64,107.6463,5,-4.399159,-4.307858,-46.84046,-15.03777,-2.68281,-3.224567,2.574864,8260
72.66,15.02103,5,-5.313926,-4.51602,-39.55802,18.01813,-2.75029,-2.972816,4.822662,8192
72.68,-295.2966,5,-4.851323,-4.298105,26.74734,28.3603,-4.30233,-3.639158,7.439811,8200
72.7,-109.7818,5,-4.028363,-3.938067,49.0069,1.352594,-3.695009,-3.453929,10.81295,8284
72.72,-214.8696,5,-2.913985,-3.691078,54.77789,-1.656108,-4.03241,-3.459178,11.90625,8268
72.74,-115.3516,5,-2.30789,-3.438265,20.99162,-16.12684,-3.357609,-3.032041,12.20161,8256
72.76,-159.0447,5,-3.100258,-3.662163,-53.7565,-13.0472,-3.357609,-3.009775,8.065435,8232
72.78,-132.9821,5,-4.251019,-4.12358,-62.8252,-11.5807,-3.290129,-3.109986,5.262188,8244
72.8,48.12323,5,-4.933421,-4.454512,-22.96259,-5.355344,-2.345409,-2.615837,7.290941,8228
72.82,-164.4153,5,-4.054081,-4.280047,38.94582,13.77083,-3.02021,-2.607673,11.23846,8192
72.84,-231.2332,5,-3.635688,-3.999247,14.28933,3.366214,-3.357609,-2.75614,11.44438,8216
72.86,-113.8235,5,-3.255355,-3.856986,32.02979,-11.33918,-2.75029,-2.455568,11.64304,8212
72.88,-214.4236,5,-2.893492,-3.842614,21.64811,-10.59374,-3.02021,-2.475017,10.49161,8212
72.9,-264.0588,5,-2.956372,-3.976448,-10.58091,-20.23508,-3.290129,-2.692048,7.767949,8208
72.92,-83.00549,5,-3.421731,-4.281857,-34.18397,-29.78826,-2.412889,-2.347867,6.399387,8240
72.94,51.51996,5,-4.307977,-4.619031,-45.77176,-14.52299,-1.40069,-1.679974,6.765759,8188
72.96,-81.79352,5,-5.357165,-4.858571,-53.95497,12.50177,-1.738089,-1.656325,6.805662,8104
72.98,-192.9918,5,-5.702573,-4.898013,11.12902,17.81122,-2.412889,-2.024067,8.003842,8128
73,-46.32867,5,-4.731608,-4.569701,45.54125,7.097122,-1.738089,-1.611064,13.29734,8204
73.02,-60.10059,5,-3.877353,-4.135337,40.04506,12.05645,-1.40069,-1.121545,16.30357,8156
73.04,-32.75757,5,-3.286137,-3.591385,26.04506,12.11683,-0.7933693,-0.50875,18.10345,8124
73.06,-215.8022,5,-3.256414,-3.319202,-0.519839,14.53325,-1.40069,-0.6710917,15.5266,8076
73.08,-90.24249,5,-3.170142,-3.175607,14.27406,-2.459339,-0.7933693,-0.430954,14.70404,8108
73.1,-67.18506,5,-2.765905,-3.091302,16.15192,-2.279699,-0.3884897,-0.07023538,14.87275,8064
73.12,-183.9956,5,-3.080377,-3.181013,-18.2603,0.9966713,-0.7933693,-0.2287319,12.05814,8052
73.14,-101.933,5,-3.459066,-3.361309,-18.50458,-7.282861,-0.4559698,-0.1650028,10.6315,8084
73.16,-2.293945,5,-3.040012,-3.339663,12.79314,-5.661353,0.2863102,0.3700666,12.77528,8040
73.18,-208.3789,5,-3.046445,-3.341347,-9.145797,5.137501,-0.4559698,0.1533666,11.12463,8012
73.2,-122.9061,5,-3.122375,-3.343255,10.04505,-8.205496,-0.1185694,0.2259561,10.28773,8064
73.22,-34.95007,5,-2.609242,-3.261538,21.61757,-9.921083,0.5562305,0.7109853,11.70486,8040
73.24,-213.6377,5,-2.959237,-3.369959,-20.22977,-1.317834,-0.1185694,0.4504349,8.728444,7988
73.26,-49.05615,5,-3.726367,-3.596884,-31.77176,-10.8714,0.5562305,0.6279979,7.376003,8036
73.28,-33.89587,5,-3.274645,-3.590939,24.56414,-1.999991,0.89363,0.9963488,9.981894,7992
73.3,29.4884,5,-3.327407,-3.401561,-8.168697,5.771026,1.568431,1.567718,11.7018,7964
73.32,77.03479,5,-3.660436,-3.15154,8.5794,18.65078,2.243231,2.177304,13.15495,7928
73.34,29.90149,5,-2.58613,-2.450721,44.94583,28.4252,2.58063,2.786451,17.66524,7908
73.36,16.0282,5,-2.080515,-1.739948,49.20537,28.54079,2.985511,3.295775,18.65405,7892
73.38,-18.47437,5,-0.7152514,-0.9070657,65.37331,22.68956,3.32291,3.805833,20.43157,7860
73.4,-63.70007,5,0.07547922,-0.2843486,40.02979,12.6786,3.525351,4.118944,18.58632,7848
73.42,2.094482,5,0.4663231,0.08131133,13.19009,0.3463917,4.20015,4.574151,16.07696,7820
73.44,-178.215,5,0.4033681,0.05146848,-4.260297,-1.295357,3.525351,4.250815,10.6262,7804
73.46,-21.65356,5,0.1403996,-0.1472751,-17.06946,-19.52938,4.20015,4.403692,7.436658,7848
73.48,-99.29626,5,0.01468614,-0.50122,-8.412971,-15.52696,3.93023,4.260787,4.402693,7792
73.5,-137.1318,5,-0.5980806,-0.9551994,-39.52748,-18.85831,3.592831,3.908125,0.7063777,7800
73.52,89.48022,5,-1.350076,-1.411536,-23.83282,-22.00048,4.60503,4.280612,0.2166789,7820
73.54,-32.01392,5,-1.339223,-1.613691,-8.061826,-1.404311,4.267631,4.303063,1.340414,7768
73.56,-83.03833,5,-1.905898,-1.741797,-35.17634,1.702441,3.93023,4.070894,0.4234517,7788
73.58,65.27234,5,-1.936183,-1.736139,33.55651,-1.018609,4.60503,4.396191,2.591896,7812
73.6,183.0468,5,-1.42374,-1.394821,13.78551,10.8115,5.61723,5.242846,7.303761,7764
73.62,20.99585,5,-1.595299,-1.020236,-12.06183,30.96333,5.27983,5.389764,7.792425,7720
73.64,115.5945,5,-1.094873,-0.4036541,44.90002,26.49577,5.95463,5.90243,10.88516,7720
73.66,-24.4696,5,-0.03482875,0.2426327,46.0756,29.40591,5.61723,6.01091,12.29335,7696
73.68,-99.17236,5,0.5342983,0.6896079,25.34276,15.13267,5.27983,5.837287,10.35998,7708
73.7,-143.1663,5,1.14897,0.8302464,30.60994,-4.058419,4.94243,5.536911,7.332902,7724
73.72,114.6409,5,1.094103,0.7325372,-9.115261,-20.5575,6.22455,6.084792,5.637791,7748
73.74,-113.2659,5,0.2884914,0.2754875,-43.8939,-3.130785,5.27983,5.625693,0.5628632,7664
73.76,-36.95178,5,-0.7395967,-0.2276109,-54.0313,-11.1926,5.27983,5.306466,-2.25611,7724
73.78,-62.16467,5,-0.2331805,-0.4822976,16.38093,-10.62926,5.009911,5.120323,-0.8519974,7732
73.8,-57.52344,5,-0.133539,-0.6355625,-11.75648,-13.18626,4.94243,5.034158,-1.033396,7736
73.82,-45.92188,5,-0.7966002,-0.9585049,-32.42825,-12.20336,4.87495,4.875731,-3.076665,7744
73.84,151.5859,5,-0.6908626,-0.9786904,4.426728,-10.34434,5.95463,5.504342,0.1154,7732
73.86,67.53711,5,-0.8163519,-0.8552129,-11.68015,11.23366,5.95463,5.795479,1.529971,7680
73.88,32.70654,5,-0.8227776,-0.5391881,3.693903,17.02581,5.95463,5.933625,2.902766,7688
73.9,-60.87561,5,-0.207854,-0.1575436,40.33514,15.13555,5.54975,5.813936,3.894003,7688
73.92,-42.5697,5,0.5518434,0.2037162,40.45728,1.915742,5.61723,5.851387,4.332595,7704
73.94,-64.05896,5,0.9363253,0.3475417,18.13666,-6.301445,5.54975,5.810678,2.696803,7720
73.96,-31.5155,5,0.7177957,0.2482793,-11.93969,-13.13976,5.684711,5.790314,0.1126153,7704
73.98,-37.05249,5,0.3414538,-0.007124824,-15.51221,-13.15566,5.61723,5.671716,-2.099981,7712
74,-30.17065,5,-0.05044324,-0.2916567,-22.26031,-12.44859,5.54975,5.538431,-3.392555,7692
74.02,13.37817,5,-0.3940947,-0.5321052,-14.61145,-10.08173,5.684711,5.543792,-3.483966,7720
74.04,-0.8701172,5,-0.4852814,-0.6455528,-6.214497,-3.838086,5.61723,5.530869,-2.725804,7684
74.06,1.53125,5,-0.5370904,-0.6487371,-1.619076,-0.9680659,5.61723,5.545336,-1.897456,7716
74.08,6.029419,5,-0.256511,-0.5176356,11.22062,0.261147,5.684711,5.642717,-0.4423459,7708
74.1,-17.94104,5,-0.144339,-0.3902036,5.358026,1.133607,5.61723,5.653673,-0.2263295,7712
74.12,-30.15759,5,-0.04333666,-0.2951049,5.892377,-1.067454,5.54975,5.617126,-0.3692462,7720
74.14,-73.01367,5,0.1087281,-0.2648379,5.541232,-4.36339,5.27983,5.442966,-1.047483,7720
74.16,9.074707,5,0.09833758,-0.2878603,-1.344267,-10.70379,5.61723,5.55169,-1.259921,7740
74.18,-19.19727,5,0.09577864,-0.3410863,-1.115259,-6.629887,5.54975,5.555566,-1.595587,7716
74.2,-16.77649,5,-0.09906238,-0.3949605,-13.61908,-6.145287,5.54975,5.533115,-2.116467,7720
74.22,-61.90417,5,-0.06018773,-0.4400656,5.28169,-5.813223,5.27983,5.370697,-2.456091,7716
74.24,-42.56689,5,0.02828074,-0.4715751,-0.7030448,-10.44686,5.27983,5.310613,-2.555735,7744
74.26,-46.07544,5,-0.01526868,-0.5620239,0.3198562,-11.43405,5.21235,5.235409,-3.154301,7736
74.28,-24.76074,5,-0.09463143,-0.6498265,-6.947322,-12.15278,5.27983,5.236518,-3.355202,7740
74.3,-22.8728,5,-0.2673923,-0.7468237,-7.252666,-9.895494,5.27983,5.223364,-3.603678,7736
74.32,-34.14233,5,-0.274154,-0.7827548,-2.443504,-8.217238,5.21235,5.190142,-3.331624,7740
74.34,-28.17676,5,-0.3355512,-0.8049757,-1.298465,-8.033885,5.21235,5.175655,-3.228138,7736
74.36,-15.44617,5,-0.2912911,-0.7890714,0.5335966,-7.42827,5.27983,5.222647,-2.713587,7720
74.38,-20.02966,5,-0.3304906,-0.770418,-0.519839,-5.604988,5.27983,5.242153,-2.543071,7744
74.4,-22.46045,5,-0.2924193,-0.7241051,0.9305434,-4.985703,5.27983,5.258677,-2.190694,7732
74.42,-23.03821,5,-0.2913847,-0.6860562,0.4725278,-4.817266,5.27983,5.265241,-2.062427,7712
74.44,-22.52234,5,-0.2878821,-0.657347,-0.04655629,-4.767938,5.27983,5.267615,-1.944456,7720
74.46,-21.63928,5,-0.2861908,-0.6358964,0.4877952,-4.681391,5.27983,5.268676,-1.832607,7736
74.48,-21.11011,5,-0.2714265,-0.6147221,0.01451245,-4.578332,5.27983,5.271451,-1.691017,7712
74.5,-20.82141,5,-0.2602883,-0.5950448,0.06031401,-4.48874,5.27983,5.27416,-1.583597,7728
74.52,-20.41968,5,-0.2572626,-0.5791038,-0.1686933,-4.405502,5.27983,5.275497,-1.512287,7728
74.54,-31.28625,5,-0.2627742,-0.5758474,-0.2297625,-4.311689,5.21235,5.234682,-1.598252,7740
74.56,-2.383911,5,-0.2495949,-0.559576,0.06031401,-5.335777,5.34731,5.299681,-1.296339,7736
74.58,-22.27856,5,-0.252465,-0.5502102,-0.3977011,-3.107076,5.27983,5.28864,-1.286232,7728
74.6,-21.53589,5,-0.1973506,-0.512006,2.426727,-3.827794,5.27983,5.291195,-1.096568,7728
74.62,-21.97412,5,-0.1538239,-0.4850688,1.800773,-4.37239,5.27983,5.293863,-1.097239,7732
74.64,-22.48193,5,-0.1268496,-0.4688464,0.3503905,-4.866558,5.27983,5.294099,-1.170586,7732
74.66,-22.3739,5,-0.1248676,-0.4658444,0.1519171,-5.251169,5.27983,5.290543,-1.307988,7724
74.68,-22.04712,5,-0.1223977,-0.4689329,0.1824515,-5.503459,5.27983,5.286831,-1.411821,7724
74.7,-21.84094,5,-0.1192719,-0.4736093,0.1671843,-5.648777,5.27983,5.2841,-1.491931,7728
74.72,-21.80762,5,-0.1155922,-0.4777057,0.01451245,-5.737575,5.27983,5.282261,-1.558362,7732
74.74,-21.79309,5,-0.114985,-0.4815977,0.02977964,-5.795977,5.27983,5.280502,-1.625185,7720
74.76,-21.74133,5,-0.1150788,-0.4850655,-0.01602192,-5.833579,5.27983,5.278827,-1.683927,7736
74.78,-21.57849,5,-0.1184943,-0.4887734,-0.07709067,-5.842118,5.27983,5.276913,-1.740105,7740
74.8,-21.60364,5,-0.1118042,-0.4892489,-0.0007547362,-5.854197,5.27983,5.276451,-1.760854,7724
74.82,-33.37964,5,-0.1028451,-0.4952348,-0.0007547362,-5.920444,5.21235,5.235994,-1.921683,7736
74.84,-16.66797,5,-0.0927227,-0.497827,-0.03128911,-7.161707,5.27983,5.258475,-1.892982,7744
74.86,-19.87329,5,-0.09862167,-0.5062882,-0.07709067,-6.275414,5.27983,5.267066,-1.942942,7720
74.88,-21.32336,5,-0.0988119,-0.5019971,0.2129859,-6.014884,5.27983,5.271136,-1.939733,7724
74.9,-21.8396,5,-0.09699585,-0.496262,-0.06182348,-5.995256,5.27983,5.27223,-1.96364,7728
74.92,-21.67029,5,-0.1038109,-0.4945207,0.09084838,-6.010555,5.27983,5.270684,-2.011329,7728
74.94,-21.45386,5,-0.09982762,-0.4921113,-0.1534266,-6.015996,5.27983,5.26999,-2.015813,7724
74.96,-21.30432,5,-0.09729159,-0.4895208,0.06031401,-6.00527,5.27983,5.269545,-2.024129,7724
74.98,-20.88831,5,-0.1063866,-0.4898243,0.01451245,-5.951106,5.27983,5.267724,-2.054968,7736
75,-20.12427,5,-0.1222846,-0.4928235,-0.03128911,-5.817874,5.27983,5.265008,-2.076102,7724
75.02,-30.86401,5,-0.1349165,-0.5029367,0.1366499,-5.632991,5.21235,5.222497,-2.194481,7720
75.04,-13.45825,5,-0.132392,-0.5049336,-0.0007547362,-6.575216,5.27983,5.245583,-2.062401,7728
75.06,-16.60303,5,-0.130535,-0.5052131,-0.04655629,-5.444663,5.27983,5.257635,-1.979374,7728
75.08,-29.76001,5,-0.1256659,-0.4980951,0.5793981,-5.056257,5.21235,5.224338,-2.019406,7740
75.1,-13.44238,5,-0.1159712,-0.4865299,0.7015356,-6.132314,5.27983,5.25054,-1.905145,7740
75.12,-16.37329,5,-0.1292702,-0.485337,-0.5656406,-5.148328,5.27983,5.260046,-1.901226,7712
75.14,-29.29089,5,-0.1180687,-0.4773639,0.7015356,-4.856223,5.21235,5.226007,-1.93436,7720
75.16,-12.6864,5,-0.1154962,-0.4684068,0.07558119,-5.947528,5.27983,5.250768,-1.845771,7732
75.18,-16.06519,5,-0.1051889,-0.4623262,-0.07709067,-5.024786,5.27983,5.262909,-1.786092,7704
75.2,-17.6156,5,-0.09968065,-0.4464029,0.2282531,-4.774434,5.27983,5.269034,-1.732703,7716
75.22,-17.61951,5,-0.1125428,-0.4371502,-0.1228922,-4.719693,5.27983,5.268826,-1.758973,7720
75.24,-17.20984,5,-0.1105358,-0.4292629,0.1061156,-4.687801,5.27983,5.26854,-1.729478,7720
75.26,-5.427612,5,-0.1019083,-0.4124908,-0.0007547362,-4.626573,5.34731,5.31001,-1.547746,7724
75.28,-22.2157,5,-0.09973895,-0.3992562,-0.07709067,-3.427301,5.27983,5.288003,-1.589273,7740
75.3,-18.62732,5,-0.09787651,-0.3853641,0.1824515,-4.333115,5.27983,5.277331,-1.595192,7724
75.32,-4.891235,5,-0.1041401,-0.379386,-0.03128911,-4.51825,5.34731,5.311118,-1.496792,7716
75.34,-32.6217,5,-0.09328289,-0.3802429,0.1366499,-3.339012,5.21235,5.247231,-1.640939,7728
75.36,-12.05859,5,-0.08983036,-0.3750534,0.1061156,-5.342789,5.27983,5.259207,-1.577467,7732
75.38,-13.72327,5,-0.08156279,-0.3814667,-0.1381594,-4.61531,5.27983,5.265307,-1.562297,7708
75.4,-14.59131,5,-0.08323112,-0.3768271,0.1977187,-4.297252,5.27983,5.268835,-1.524146,7744
75.42,-26.34827,5,-0.08544091,-0.3782386,-0.3060985,-4.191061,5.21235,5.229386,-1.64884,7728
75.44,-9.263428,5,-0.08292594,-0.376983,0.1213828,-5.28847,5.27983,5.252181,-1.568796,7720
75.46,-24.15222,5,-0.07299473,-0.3836245,0.02977964,-4.346055,5.21235,5.223352,-1.650371,7720
75.48,-8.771973,5,-0.06895562,-0.3763592,0.01451245,-5.214627,5.27983,5.251709,-1.544072,7736
75.5,-24.2251,5,-0.06340139,-0.3787495,0.06031401,-4.278804,5.21235,5.224006,-1.649858,7724
75.52,-8.730225,5,-0.06672861,-0.3714129,0.02977964,-5.183636,5.27983,5.251268,-1.571547,7744
75.54,-23.85315,5,-0.06735601,-0.375795,-0.03128911,-4.238931,5.21235,5.222294,-1.685763,7728
75.56,-20.14722,5,-0.05487857,-0.3727901,0.09084838,-5.183095,5.21235,5.210821,-1.694664,7724
75.58,4.725708,5,-0.05838223,-0.3660747,-0.06182348,-5.368587,5.34731,5.285445,-1.494289,7728
75.6,-17.06885,5,-0.05641201,-0.3536081,0.06031401,-3.013071,5.27983,5.279194,-1.489942,7720
75.62,-15.7478,5,-0.05485543,-0.3284521,0.304589,-3.661945,5.27983,5.275723,-1.468727,7736
75.64,-15.26965,5,-0.02421732,-0.3115533,3.052681,-4.056943,5.27983,5.275464,-1.450091,7728
75.66,-15.27795,5,-0.005488375,-0.3007197,-0.3213652,-4.331197,5.27983,5.275345,-1.476381,7708
75.68,-15.12585,5,-0.00248979,-0.2969387,0.5488637,-4.522614,5.27983,5.273472,-1.543807,7740
75.7,-14.60083,5,-0.01106482,-0.2994578,-0.04655629,-4.604205,5.27983,5.27009,-1.618487,7740
75.72,-2.736938,5,-0.006152504,-0.2923046,-0.1992282,-4.596025,5.34731,5.309449,-1.494328,7724
75.74,-19.43311,5,-0.01151147,-0.2883379,0.09084838,-3.400062,5.27983,5.285545,-1.589587,7736
75.76,-4.177734,5,-0.01673834,-0.2746021,0.06031401,-4.251141,5.34731,5.314004,-1.494661,7748
75.78,-19.91199,5,0.01030263,-0.2664831,0.7320697,-3.387666,5.27983,5.28885,-1.535377,7744
75.8,-15.68542,5,-0.007671758,-0.2656212,-0.2297625,-4.343197,5.27983,5.273741,-1.643942,7732
75.82,-2.623657,5,0.02114078,-0.2586705,1.22062,-4.617356,5.34731,5.31066,-1.482968,7732
75.84,-19.26025,5,0.02499584,-0.2554136,-0.519839,-3.518313,5.27983,5.286657,-1.583226,7736
75.86,-27.34607,5,0.02463529,-0.258242,0.1977187,-4.495227,5.21235,5.233956,-1.784516,7732
75.88,-9.378296,5,0.05821865,-0.2618723,1.999246,-6.042908,5.27983,5.253596,-1.72751,7720
75.9,-11.98364,5,0.04088935,-0.2775654,-1.176328,-5.193646,5.27983,5.259259,-1.829702,7732
75.92,-13.19775,5,0.03997309,-0.2780997,0.1061156,-4.895007,5.27983,5.262509,-1.82224,7744
75.94,-13.81763,5,0.04536976,-0.2737412,0.07558119,-4.838965,5.27983,5.264217,-1.832419,7744
75.96,-37.15808,5,0.0479775,-0.2858275,-0.2602969,-4.923554,5.144871,5.18294,-2.14023,7764
75.98,-3.083984,5,0.04865422,-0.2953829,-0.01602192,-7.285922,5.27983,5.226474,-2.056122,7740
76,-21.07458,5,0.04781239,-0.3173998,-0.107625,-5.429696,5.21235,5.205872,-2.175706,7748
76.02,-18.14099,5,0.02241123,-0.3259692,-1.512206,-5.936372,5.21235,5.194838,-2.239683,7744
76.04,-6.443604,5,0.07130188,-0.3144927,1.510696,-6.114659,5.27983,5.237294,-2.014473,7756
76.06,-11.98218,5,0.0616728,-0.3044024,0.07558119,-5.020587,5.27983,5.253744,-2.044543,7740
76.08,-25.53503,5,0.0591429,-0.2958552,0.02977964,-4.874555,5.21235,5.218679,-2.188712,7740
76.1,-8.681641,5,0.0522882,-0.2920764,0.4419934,-6.095744,5.27983,5.240528,-2.172572,7748
76.12,-11.81787,5,0.06048131,-0.291703,-0.2450293,-5.227512,5.27983,5.25094,-2.142405,7740
76.14,-24.76355,5,0.0604149,-0.2896341,0.1061156,-4.996005,5.21235,5.215096,-2.254029,7748
76.16,-8.402344,5,0.07248162,-0.2829899,0.1671843,-6.163801,5.27983,5.240067,-2.17322,7748
76.18,-11.72522,5,0.07153425,-0.2831525,0.1213828,-5.279469,5.27983,5.250309,-2.180373,7740
76.2,-13.14246,5,0.0728291,-0.2730608,-0.0007547362,-5.035713,5.27983,5.25509,-2.153324,7748
76.22,-13.46155,5,0.07179784,-0.2644136,0.07558119,-5.013009,5.27983,5.256054,-2.164109,7744
76.24,-13.29114,5,0.07190475,-0.2584785,0.01451245,-5.02883,5.27983,5.255572,-2.171907,7732
76.26,-1.514038,5,0.07611604,-0.2452971,0.1061156,-5.009341,5.34731,5.295977,-2.026967,7732
76.28,-29.62561,5,0.06846743,-0.2457484,-0.0007547362,-3.830927,5.21235,5.231537,-2.2428,7744
76.3,-8.91687,5,0.06916476,-0.2413961,0.1671843,-5.864465,5.27983,5.24263,-2.18704,7720
76.32,1.502686,5,0.06110002,-0.2451569,-0.3671672,-5.061213,5.34731,5.287038,-2.063542,7724
76.34,-16.67151,5,0.08207714,-0.2305131,0.3198562,-3.57544,5.27983,5.271134,-2.002273,7732
76.36,-25.66992,5,0.0893918,-0.2195621,0.3809245,-4.476842,5.21235,5.223124,-2.145377,7712
76.38,-6.939209,5,0.08381198,-0.2246659,-0.3519,-5.932271,5.27983,5.239064,-2.156235,7728
76.4,-20.73401,5,0.08084647,-0.2425869,-0.0007547362,-5.016538,5.21235,5.205738,-2.276854,7728
76.42,-4.545898,5,0.06768958,-0.2465678,0.01451245,-5.734232,5.27983,5.231224,-2.180247,7744
76.44,3.600464,5,0.06315536,-0.2399179,-0.0007547362,-4.532329,5.34731,5.28409,-1.975815,7736
76.46,-26.58875,5,0.06675673,-0.2276139,0.09084838,-2.97867,5.21235,5.228483,-2.077796,7728
76.48,-18.12976,5,0.06087233,-0.2212405,0.2587874,-4.976192,5.21235,5.201431,-2.156643,7736
76.5,-2.595093,5,0.06529462,-0.2284274,-0.519839,-5.426201,5.27983,5.229596,-2.067705,7716
76.52,-17.93054,5,0.05745437,-0.2373632,0.2129859,-4.153141,5.21235,5.202449,-2.125289,7708
76.54,-13.81177,5,0.04373157,-0.2396878,0.1061156,-4.812446,5.21235,5.189946,-2.128441,7732
76.56,-0.3338623,5,0.04295995,-0.238557,-0.07709067,-4.80097,5.27983,5.225832,-1.966723,7724
76.58,-16.49988,5,0.03709884,-0.2366798,0.1061156,-3.436728,5.21235,5.202316,-1.985166,7732
76.6,-1.376221,5,0.0392135,-0.2190578,-0.03128911,-4.146884,5.27983,5.233478,-1.804173,7724
76.62,-4.924316,5,0.03469797,-0.2070762,0.02977964,-3.07025,5.27983,5.246799,-1.728189,7736
76.64,-6.008911,5,0.02872087,-0.1879812,0.09084838,-2.694197,5.27983,5.252553,-1.637308,7732
76.66,-17.46606,5,0.02591841,-0.1790774,-0.06182348,-2.56634,5.21235,5.213968,-1.703834,7720
76.68,-0.0760498,5,0.03056787,-0.1695076,-0.0007547362,-3.623531,5.27983,5.237758,-1.559636,7720
76.7,8.602417,5,0.03351152,-0.1555475,0.01451245,-2.547089,5.34731,5.290186,-1.3256,7740
76.72,-9.180176,5,0.01736739,-0.1371016,0.02977964,-0.9286108,5.27983,5.27231,-1.314417,7728
76.74,-6.001831,5,0.02666967,-0.1121758,0.7168028,-1.68115,5.27983,5.265412,-1.223246,7744
76.76,-6.001465,5,0.1033163,-0.08213086,3.174819,-2.110977,5.27983,5.270908,-1.043903,7728
76.78,-5.937378,5,0.09970326,-0.07008469,-0.107625,-2.380056,5.27983,5.269455,-1.140346,7720
76.8,-17.29761,5,0.1124039,-0.07042192,0.1977187,-2.61799,5.21235,5.227692,-1.301207,7736
76.82,11.80957,5,0.104239,-0.06841487,0.1061156,-3.842263,5.34731,5.287498,-1.172219,7724
76.84,-8.309448,5,0.1147526,-0.06775139,-0.1228922,-1.773734,5.27983,5.275403,-1.20387,7720
76.86,-7.157104,5,0.1393139,-0.04672077,1.770238,-2.522531,5.27983,5.272751,-1.164527,7728
76.88,-8.034424,5,0.2065146,-0.02460318,2.579399,-3.127088,5.27983,5.276777,-1.136864,7716
76.9,-7.3396,5,0.1645208,-0.03224123,-0.5045714,-3.473684,5.27983,5.268176,-1.420586,7740
76.92,-7.197144,5,0.1939434,-0.03345551,0.01451245,-3.733161,5.27983,5.266749,-1.431835,7724
76.94,-7.179199,5,0.1912657,-0.03901171,0.3351234,-3.882739,5.27983,5.264055,-1.54484,7728
76.96,-6.902466,5,0.1827271,-0.04734398,-0.07709067,-3.952337,5.27983,5.260494,-1.645498,7732
76.98,-6.911987,5,0.1903845,-0.05145308,0.1061156,-3.997494,5.27983,5.259384,-1.682731,7748
77,-6.865845,5,0.1861853,-0.05607847,-0.0007547362,-4.015055,5.27983,5.257555,-1.751353,7732
77.02,-18.30713,5,0.1841869,-0.06779273,-0.01602192,-4.041064,5.21235,5.215272,-1.936877,7748
77.04,-1.248779,5,0.1859488,-0.07539623,-0.06182348,-5.193725,5.27983,5.236609,-1.906747,7756
77.06,-4.601562,5,0.1894976,-0.08275953,-0.0007547362,-4.245828,5.27983,5.246833,-1.906555,7744
77.08,-6.203857,5,0.1876981,-0.07747921,0.1366499,-3.954026,5.27983,5.251554,-1.901232,7748
77.1,-6.810547,5,0.1909031,-0.07040196,-0.06182348,-3.933728,5.27983,5.253116,-1.916907,7740
77.12,-7.033813,5,0.1984606,-0.06393678,0.04504682,-4.006438,5.27983,5.253532,-1.933975,7732
77.14,-7.057739,5,0.2032562,-0.05964303,0.02977964,-4.092544,5.27983,5.253044,-1.963999,7728
77.16,-6.961548,5,0.2061056,-0.0572853,-0.0007547362,-4.160892,5.27983,5.25209,-1.996217,7744
77.18,-6.652954,5,0.2014462,-0.0578453,-0.0007547362,-4.179955,5.27983,5.250226,-2.038345,7760
77.2,-6.395752,5,0.2025254,-0.05769883,-0.03128911,-4.164329,5.27983,5.249216,-2.049991,7748
77.22,-6.397949,5,0.2102328,-0.05482844,0.02977964,-4.153404,5.27983,5.249512,-2.044225,7736
77.24,-6.265747,5,0.207247,-0.05351385,-0.03128911,-4.13554,5.27983,5.24866,-2.071257,7744
77.26,5.497192,5,0.2074979,-0.04405709,0.02977964,-4.085069,5.34731,5.288578,-1.942517,7732
77.28,-11.25085,5,0.2055555,-0.03703288,0.01451245,-2.882344,5.27983,5.265491,-2.011689,7744
77.3,-7.668701,5,0.2046103,-0.02798387,0.1671843,-3.773466,5.27983,5.254218,-2.035457,7736
77.32,-6.298706,5,0.2263026,-0.02533306,0.1519171,-4.070642,5.27983,5.250855,-2.0258,7752
77.34,-5.298218,5,0.2087133,-0.03135783,-0.0007547362,-4.067794,5.27983,5.246437,-2.096177,7748
77.36,-16.28223,5,0.2086107,-0.04184068,-0.1686933,-3.988643,5.21235,5.20444,-2.215955,7744
77.38,0.9702148,5,0.2084968,-0.04689637,0.07558119,-5.01778,5.27983,5.22667,-2.135736,7736
77.4,-2.147461,5,0.2062222,-0.05193441,-0.04655629,-3.947412,5.27983,5.237328,-2.096832,7748
77.42,-3.803955,5,0.2129176,-0.04048032,0.1061156,-3.578173,5.27983,5.244163,-2.018895,7756
77.44,-4.404785,5,0.2147223,-0.02853306,0.01451245,-3.506053,5.27983,5.246704,-2.005936,7744
77.46,-4.255005,5,0.2112188,-0.02097302,-0.09235785,-3.505047,5.27983,5.246346,-2.014709,7756
77.48,-3.994507,5,0.2161177,-0.01417272,0.02977964,-3.503601,5.27983,5.246323,-1.993932,7740
77.5,-3.359985,5,0.2031195,-0.01271203,-0.03128911,-3.43011,5.27983,5.244275,-2.013056,7740
77.52,-2.716064,5,0.1982692,-0.01087815,0.02977964,-3.298637,5.27983,5.243222,-1.983952,7732
77.54,-1.979004,5,0.1856385,-0.01006163,0.04504682,-3.101304,5.27983,5.241895,-1.960747,7756
77.56,-1.784668,5,0.1971821,-0.002102684,0.06031401,-2.932717,5.27983,5.243947,-1.865761,7744
77.58,-13.18066,5,0.195993,-0.002085317,-0.107625,-2.820075,5.21235,5.204353,-1.963673,7752
77.6,4.59375,5,0.1766398,-0.005312495,0.07558119,-3.80165,5.27983,5.224743,-1.901314,7772
77.62,1.94812,5,0.1752615,-0.007264946,0.01451245,-2.648114,5.27983,5.235536,-1.800018,7748
77.64,0.7011719,5,0.1750524,0.006312873,-0.0007547362,-2.15092,5.27983,5.242425,-1.680905,7744
77.66,0.3460693,5,0.1765916,0.02222058,-0.04655629,-1.950061,5.27983,5.245971,-1.604752,7748
77.68,0.3752441,5,0.1833251,0.03761259,0.04504682,-1.872041,5.27983,5.248164,-1.535668,7744
77.7,-10.82471,5,0.1825644,0.04119743,-0.107625,-1.836323,5.21235,5.207983,-1.634132,7744
77.72,6.784546,5,0.1780977,0.04352514,0.06031401,-2.8987,5.27983,5.229799,-1.537034,7748
77.74,4.13147,5,0.1734929,0.04284889,-0.01602192,-1.804127,5.27983,5.240109,-1.46332,7732
77.76,3.08374,5,0.1688292,0.05516118,-0.1228922,-1.331453,5.27983,5.245889,-1.362373,7744
77.78,2.896606,5,0.169035,0.06976756,0.09084838,-1.122048,5.27983,5.248894,-1.285646,7748
77.8,3.121826,5,0.170396,0.08317483,-0.04655629,-1.003076,5.27983,5.250393,-1.220859,7748
77.82,3.399048,5,0.1764818,0.09617127,-0.01602192,-0.9182745,5.27983,5.251838,-1.151282,7744
77.84,3.772095,5,0.1774616,0.1069808,-0.0007547362,-0.833752,5.27983,5.252482,-1.102942,7752
77.86,4.28186,5,0.17506,0.1155431,-0.01602192,-0.728435,5.27983,5.252482,-1.060643,7748
77.88,4.948364,5,0.1682329,0.1219062,-0.0007547362,-0.5805954,5.27983,5.251924,-1.020328,7744
77.9,5.359131,5,0.1735618,0.1310169,0.02977964,-0.4300009,5.27983,5.253073,-0.9410508,7772
77.92,17.23816,5,0.1748096,0.1484167,0.01451245,-0.2644788,5.34731,5.294754,-0.7453531,7768
77.94,0.5767822,5,0.1756271,0.1635266,-0.0007547362,1.019048,5.27983,5.273278,-0.7521076,7752
77.96,4.399292,5,0.1713248,0.1785023,0.06031401,0.2037047,5.27983,5.262582,-0.7360423,7764
77.98,-5.972534,5,0.2099753,0.183417,2.350391,-0.09977797,5.21235,5.221467,-0.7786355,7760
78,9.933228,5,0.2731059,0.2005641,1.373291,-1.533235,5.27983,5.250456,-0.6095282,7772
78.02,-5.189087,5,0.2612695,0.1913823,0.2129859,-0.8598952,5.21235,5.218248,-0.8722733,7728
78.04,-1.529419,5,0.2798822,0.1886221,-0.3366328,-2.006254,5.21235,5.20484,-0.9445174,7748
78.06,0.182373,5,0.2737655,0.1715774,0.1977187,-2.373983,5.21235,5.196081,-1.098884,7760
78.08,12.5564,5,0.2652424,0.162166,0.06031401,-2.392162,5.27983,5.231524,-1.055009,7732
78.1,7.175537,5,0.2690226,0.165677,0.07558119,-1.170488,5.27983,5.248534,-1.012359,7748
78.12,4.754028,5,0.2731764,0.1816569,1.052681,-0.9225022,5.27983,5.256052,-0.9988507,7736
78.14,3.958252,5,0.2784936,0.1947771,-0.1381594,-1.020456,5.27983,5.257857,-1.032636,7724
78.16,3.340332,5,0.3055741,0.2085793,0.7931387,-1.256284,5.27983,5.259977,-1.029833,7740
78.18,-8.314087,5,0.3069195,0.2057376,-0.3213652,-1.503883,5.21235,5.217778,-1.25521,7740
78.2,9.408936,5,0.2888083,0.1949194,-0.1992282,-2.75658,5.27983,5.235178,-1.303222,7736
78.22,7.05603,5,0.2734012,0.1796644,-0.3060985,-1.74273,5.27983,5.241599,-1.326363,7740
78.24,5.698975,5,0.2804942,0.1845431,0.3198562,-1.335705,5.27983,5.24733,-1.246671,7736
78.26,4.214478,5,0.3157015,0.2021668,0.9000088,-1.322547,5.27983,5.254169,-1.165321,7728
78.28,3.738525,5,0.3117069,0.211079,-0.4435031,-1.449538,5.27983,5.25418,-1.244434,7728
78.3,3.984985,5,0.3099192,0.214137,-0.1534266,-1.574546,5.27983,5.252101,-1.299183,7732
78.32,4.797607,5,0.2928943,0.2100313,-0.3671672,-1.573545,5.27983,5.248075,-1.366041,7736
78.34,5.499756,5,0.2877047,0.2071404,-0.3060985,-1.471928,5.27983,5.246021,-1.362622,7732
78.36,-5.476074,5,0.2787447,0.1974382,-0.183961,-1.327177,5.21235,5.20404,-1.491007,7732
78.38,11.75659,5,0.2828985,0.1951874,-0.2602969,-2.325932,5.27983,5.227107,-1.378815,7740
78.4,20.36816,5,0.2741498,0.1986401,-0.1992282,-1.189631,5.34731,5.278006,-1.203696,7728
78.42,-9.470825,5,0.2713986,0.2066387,-0.1381594,0.3891097,5.21235,5.220922,-1.319059,7736
78.44,10.50269,5,0.2722853,0.2207925,0.7320697,-1.554269,5.27983,5.235272,-1.232385,7752
78.46,7.624512,5,0.3276249,0.2335622,0.1824515,-1.004957,5.27983,5.248025,-1.101284,7736
78.48,6.736206,5,0.3037512,0.2403496,0.9610775,-0.8517842,5.27983,5.249168,-1.182601,7724
78.5,5.595337,5,0.3532464,0.2600473,0.8542075,-1.006765,5.27983,5.255097,-1.079215,7736
78.52,-6.973511,5,0.375655,0.2673826,0.5946653,-1.325081,5.21235,5.216978,-1.264649,7732
78.54,-1.53772,5,0.369859,0.2564019,0.2282531,-2.784222,5.21235,5.195563,-1.472112,7752
78.56,12.5509,5,0.3685638,0.2406063,-0.183961,-3.170115,5.27983,5.225059,-1.470132,7744
78.58,-3.831055,5,0.3740848,0.2287001,0.2587874,-2.049877,5.21235,5.199143,-1.585796,7736
78.6,-0.581543,5,0.3714891,0.2235467,0.5030622,-2.957115,5.21235,5.186761,-1.678306,7740
78.62,11.83386,5,0.394753,0.224228,0.3809245,-3.282442,5.27983,5.223639,-1.590974,7732
78.64,6.563354,5,0.3916839,0.2276354,0.4572606,-2.236434,5.27983,5.238749,-1.622131,7724
78.66,4.422485,5,0.3920709,0.2399414,0.1213828,-2.081116,5.27983,5.244275,-1.645936,7732
78.68,3.432739,5,0.4102615,0.2530449,0.1213828,-2.256317,5.27983,5.246826,-1.667032,7736
78.7,3.352905,5,0.4076283,0.2571169,0.1213828,-2.462934,5.27983,5.244945,-1.761139,7728
78.72,3.697876,5,0.4054077,0.2560363,-0.1381594,-2.599846,5.27983,5.242145,-1.829674,7740
78.74,4.1875,5,0.3989028,0.2519395,-0.09235785,-2.633303,5.27983,5.239271,-1.885133,7740
78.76,4.519775,5,0.3980181,0.2491751,-0.06182348,-2.602714,5.27983,5.237766,-1.904462,7724
78.78,4.769653,5,0.3949437,0.2474643,-0.1686933,-2.538098,5.27983,5.236691,-1.921012,7732
78.8,5.038818,5,0.3908254,0.2466215,-0.09235785,-2.455485,5.27983,5.235732,-1.930923,7732
78.82,5.330444,5,0.3872738,0.2468412,-0.1228922,-2.360614,5.27983,5.235003,-1.930226,7724
78.84,17.07458,5,0.3888754,0.2573459,-0.09235785,-2.247335,5.34731,5.275732,-1.773911,7724
78.86,-0.004394531,5,0.3984155,0.2691671,-0.07709067,-1.043574,5.27983,5.254735,-1.802313,7728
78.88,3.410156,5,0.3968939,0.2807923,0.06031401,-1.965322,5.27983,5.243876,-1.835983,7740
78.9,5.150391,5,0.4039455,0.2804786,-0.0007547362,-2.249819,5.27983,5.23849,-1.862619,7748
78.92,6.240112,5,0.3934729,0.2752007,-0.1686933,-2.224921,5.27983,5.234653,-1.893551,7736
78.94,6.816406,5,0.3919673,0.2731824,-0.04655629,-2.091954,5.27983,5.233572,-1.86996,7740
78.96,7.100952,5,0.3904827,0.2743379,-0.06182348,-1.939381,5.27983,5.233624,-1.842797,7732
78.98,-4.343384,5,0.3928166,0.270675,-0.07709067,-1.841253,5.21235,5.193754,-1.945799,7732
79,12.81348,5,0.3926326,0.2698879,-0.07709067,-2.903428,5.27983,5.216411,-1.8639,7744
79.02,9.665894,5,0.3946041,0.2682675,-0.0007547362,-1.878343,5.27983,5.227505,-1.813205,7732
79.04,-3.234863,5,0.3900307,0.2702304,0.04504682,-1.528639,5.21235,5.192182,-1.898799,7748
79.06,13.49451,5,0.3881589,0.2749318,-0.1228922,-2.565744,5.27983,5.216283,-1.811152,7752
79.08,10.11377,5,0.3981435,0.2790888,0.09084838,-1.59382,5.27983,5.228652,-1.739691,7732
79.1,-2.411621,5,0.3773717,0.2793316,0.09084838,-1.247371,5.21235,5.191241,-1.86922,7732
79.12,14.68005,5,0.3738446,0.2829881,0.1061156,-2.242409,5.27983,5.214668,-1.759543,7760
79.14,11.42896,5,0.3844521,0.2877633,0.5641309,-1.207548,5.27983,5.227446,-1.659098,7736
79.16,10.47888,5,0.364159,0.2976395,0.01451245,-0.7821947,5.27983,5.231329,-1.626933,7740
79.18,9.139282,5,0.4174129,0.324632,2.090849,-0.7745442,5.27983,5.240224,-1.442427,7748
79.2,8.043701,5,0.4407,0.3473309,0.6710012,-0.9813793,5.27983,5.244636,-1.436678,7724
79.22,8.315308,5,0.4267287,0.3540853,-0.07709067,-1.179591,5.27983,5.241646,-1.540671,7744
79.24,8.827759,5,0.4318806,0.3575344,-0.03128911,-1.298948,5.27983,5.239714,-1.555029,7756
79.26,9.287476,5,0.4298386,0.3581692,0.06031401,-1.317869,5.27983,5.237978,-1.577744,7744
79.28,9.580872,5,0.4313599,0.3594161,-0.1686933,-1.287964,5.27983,5.237219,-1.578143,7756
79.3,9.691162,5,0.4354907,0.3623158,-0.06182348,-1.25146,5.27983,5.237266,-1.570633,7756
79.32,9.690186,5,0.4408785,0.3665202,-0.1228922,-1.233362,5.27983,5.237629,-1.565181,7740
79.34,-1.470825,5,0.4294009,0.3586084,-0.1381594,-1.206642,5.21235,5.195129,-1.738621,7736
79.36,16.04938,5,0.4240913,0.3529073,-0.03128911,-2.270368,5.27983,5.216031,-1.673743,7760
79.38,24.37238,5,0.4345314,0.3587156,-0.1228922,-1.213423,5.34731,5.268535,-1.461915,7740
79.4,17.61139,5,0.422944,0.3799805,-0.2908313,0.3633329,5.34731,5.291574,-1.358771,7740
79.42,3.53717,5,0.4268347,0.403929,-0.06182348,0.6859289,5.27983,5.261055,-1.402489,7732
79.44,31.70935,5,0.4291232,0.4306446,0.5030622,-0.4738983,5.41479,5.326616,-1.174227,7764
79.46,-0.2163696,5,0.4512903,0.4430531,0.8236728,1.481881,5.27983,5.276793,-1.27952,7736
79.48,-3.749207,5,0.4294016,0.4412794,0.1213828,-0.3970634,5.21235,5.209445,-1.529629,7744
79.5,1.966064,5,0.579929,0.454186,6.762606,-2.499732,5.21235,5.197432,-1.34014,7776
79.52,16.51855,5,0.5169159,0.4265558,-1.771747,-3.074808,5.27983,5.219549,-1.642285,7732
79.54,-0.7485962,5,0.5825219,0.4211428,0.8389403,-2.238104,5.21235,5.197752,-1.656137,7736
79.56,26.005,5,0.5348103,0.4178533,0.1671843,-3.221292,5.34731,5.260289,-1.698067,7748
79.58,4.765137,5,0.5603713,0.4200861,0.04504682,-1.285271,5.27983,5.250222,-1.75194,7740
79.6,17.77637,5,0.553099,0.4377655,0.2435202,-2.10398,5.34731,5.283343,-1.72995,7728
79.62,0.4328613,5,0.6107152,0.454537,2.457261,-1.552358,5.27983,5.261955,-1.799642,7716
79.64,15.22833,5,0.6041355,0.4650828,-1.115259,-2.893075,5.34731,5.287297,-1.894721,7752
79.66,0.07293701,5,0.6054289,0.4556838,-0.06182348,-2.315994,5.27983,5.254759,-2.13675,7756
79.68,4.855652,5,0.5780349,0.4385783,-0.4740371,-3.373752,5.27983,5.234908,-2.33669,7736
79.7,6.679077,5,0.594021,0.4211001,-0.3519,-3.644136,5.27983,5.227997,-2.383069,7760
79.72,-4.588196,5,0.5962393,0.3999752,0.1366499,-3.673612,5.21235,5.184863,-2.582299,7744
79.74,12.5036,5,0.5868165,0.3830216,-0.2908313,-4.77502,5.27983,5.204716,-2.600531,7736
79.76,9.15271,5,0.5861928,0.3690999,-0.04655629,-3.777201,5.27983,5.214278,-2.614863,7744
79.78,7.240906,5,0.5915787,0.3727132,0.04504682,-3.477729,5.27983,5.220067,-2.597533,7768
79.8,6.430603,5,0.5917995,0.3774832,0.06031401,-3.474585,5.27983,5.221525,-2.640727,7780
79.82,-5.294373,5,0.5923865,0.3720101,-0.06182348,-3.58166,5.21235,5.180207,-2.826041,7772
79.84,-0.2338257,5,0.6118842,0.3638835,0.1213828,-4.901617,5.21235,5.162934,-2.905934,7756
79.86,13.25586,5,0.6144329,0.3525311,0.07558119,-5.24662,5.27983,5.195011,-2.88671,7748
79.88,8.302063,5,0.6145881,0.3498931,0.04504682,-4.116497,5.27983,5.209752,-2.881304,7752
79.9,6.212769,5,0.6093082,0.3582427,0.07558119,-3.854865,5.27983,5.215327,-2.897733,7752
79.92,17.21405,5,0.607445,0.372864,0.01451245,-3.86148,5.34731,5.256712,-2.799449,7756
79.94,0.0914917,5,0.6143892,0.3839513,0.01451245,-2.803976,5.27983,5.234394,-2.878906,7744
79.96,3.087891,5,0.6320699,0.3980093,0.06031401,-3.89283,5.27983,5.224778,-2.905726,7760
79.98,4.896667,5,0.624863,0.3921021,-0.04655629,-4.283068,5.27983,5.216894,-3.025145,7732
80,5.737,5,0.6283278,0.385381,0.07558119,-4.369724,5.27983,5.213491,-3.053777,7728
80.02,52.42743,-5,0.6146751,0.3768632,0.04504682,-4.296044,5.27983,5.210358,-3.105045,7748
80.04,56.37903,-5,0.6100978,0.4221086,-0.01602192,0.5310226,5.27983,5.20994,-2.967948,7740
80.06,47.07288,-5,0.7339721,0.5638664,8.5336,3.726424,5.21235,5.184552,-2.554984,7732
80.08,62.16449,-5,1.035603,0.7984805,13.43437,3.960386,5.27983,5.240408,-1.814238,7732
80.1,58.88916,-5,1.212844,1.023276,10.73207,5.095543,5.27983,5.261897,-1.846476,7712
80.12,47.11694,-5,1.441079,1.246306,12.19772,4.771051,5.21235,5.231087,-2.012147,7740
80.14,63.94849,-5,1.721522,1.470977,12.36566,2.496422,5.27983,5.261135,-2.07494,7744
80.16,109.7838,-5,1.865474,1.674829,5.571766,2.353517,5.54975,5.419789,-2.140863,7724
80.18,104.4003,-5,1.940993,1.873505,7.251156,6.697401,5.61723,5.510661,-2.359025,7712
80.2,92.38202,-5,2.216739,2.142166,15.93818,8.133362,5.61723,5.559113,-2.170028,7704
80.22,96.28226,-5,2.604484,2.447448,20.79315,6.628203,5.684711,5.632893,-2.059264,7708
80.24,75.52158,-5,2.908562,2.70486,15.75498,5.015291,5.61723,5.615671,-2.812508,7704
80.26,69.53207,-5,3.060917,2.869639,6.991614,1.351107,5.54975,5.536794,-4.162553,7696
80.28,153.4356,-5,3.109789,2.986763,1.388559,-1.650409,5.95463,5.709986,-4.692958,7716
80.3,134.2706,-5,3.080482,3.081009,-0.1686933,4.969134,5.95463,5.757577,-5.343608,7660
80.32,-45.32362,-5,3.257585,3.159103,13.73971,6.465145,4.94243,5.174007,-7.321723,7696
80.34,29.72171,-5,3.668643,3.223806,17.64811,-12.01441,4.94243,4.933661,-8.264773,7756
80.36,127.325,-5,3.47703,3.059207,-9.420605,-15.82489,5.27983,4.969234,-9.969262,7720
80.38,195.8843,-5,2.746712,2.823663,-36.74886,-5.864439,5.61723,5.097915,-11.00292,7720
80.4,181.4173,-5,2.604861,2.846354,0.09084838,8.158263,5.61723,5.177893,-9.495199,7712
80.42,169.3761,-5,2.945426,3.162822,22.96108,14.87363,5.61723,5.28251,-7.160649,7724
80.44,163.4969,-5,3.602519,3.655941,40.54888,15.9714,5.684711,5.439783,-5.133115,7696
80.46,139.8163,-5,4.286848,4.17827,31.49544,13.85267,5.684711,5.547007,-4.413861,7692
80.48,-61.8329,-5,4.901035,4.507787,31.46491,7.629097,4.60503,4.950035,-7.088384,7700
80.5,252.6306,-5,5.164742,4.714549,10.86948,-17.1833,5.95463,5.444789,-7.459031,7744
80.52,8.244064,-5,4.893788,4.528962,-9.893888,-1.298483,4.87495,4.928033,-11.76835,7664
80.54,160.942,-5,4.289109,4.340765,-21.1,-13.26537,5.27983,4.849298,-13.60112,7728
80.56,206.3394,-5,4.704155,4.332734,14.09085,-7.013834,5.54975,5.044107,-11.97313,7728
80.58,38.37985,-5,4.410873,4.273857,-29.42061,2.388758,4.67251,4.568271,-14.18304,7704
80.6,161.0131,-5,4.118268,4.213853,15.09849,-7.205439,4.94243,4.479434,-14.65173,7764
80.62,220.8497,-5,4.671392,4.34821,18.06032,-2.841432,5.27983,4.728229,-12.22809,7740
80.64,86.02646,-5,4.316354,4.372913,-32.70305,7.075606,4.60503,4.383,-14.01726,7724
80.66,-29.5802,-5,4.623431,4.421417,27.43437,-1.311695,3.660311,3.698344,-15.17114,7768
80.68,117.0157,-5,5.06355,4.430834,17.84658,-19.81111,3.99771,3.633088,-15.08549,7828
80.7,181.8175,-5,4.72221,4.235929,-27.57328,-15.93208,4.267631,3.706665,-16.33134,7792
80.72,72.17352,-5,4.002702,3.950696,-39.02367,-4.616299,3.592831,3.261884,-18.49516,7792
80.74,14.65131,-5,4.138754,3.831726,8.04505,-8.862878,2.918031,2.716945,-18.41824,7820
80.76,149.2378,-5,4.195502,3.735596,4.823674,-17.46365,3.25543,2.704234,-17.65617,7868
80.78,275.778,-5,3.908034,3.674917,-15.77175,-8.27336,3.93023,3.091019,-16.1483,7840
80.8,75.53156,-5,3.478667,3.648832,-20.47404,11.72274,2.985511,2.67908,-16.60814,7812
80.82,4.013184,-5,3.864892,3.811498,19.57177,3.215524,2.243231,2.129032,-15.78546,7860
80.84,144.7996,-5,4.458467,3.980118,26.73208,-11.38225,2.64811,2.196302,-14.18961,7900
80.86,34.29333,-5,4.138479,3.833038,-12.38244,-5.921554,1.97331,1.763705,-16.60952,7864
80.88,216.9068,-5,3.428257,3.629283,-25.9855,-10.7839,2.58063,1.859062,-16.75327,7928
80.9,35.18683,-5,3.761475,3.575131,12.85421,3.022342,1.63591,1.426989,-15.71149,7880
80.92,165.6716,-5,3.435239,3.570057,-11.89389,-4.908276,1.97331,1.418599,-15.19888,7928
80.94,43.35437,-5,3.984629,3.649064,28.06032,0.98722,1.298511,1.103539,-14.07579,7928
80.96,156.3719,-5,3.758228,3.68322,-10.79465,-6.517749,1.63591,1.135661,-14.09502,7944
80.98,34.04639,-5,4.043684,3.700402,12.90001,-1.22822,0.9611101,0.7884743,-14.16508,7920
81,136.4712,-5,3.870916,3.692201,-12.38244,-9.350718,1.23103,0.7725699,-14.31769,7964
81.02,22.29199,-5,4.025149,3.627979,8.793141,-5.10216,0.5562305,0.3868806,-14.92848,7956
81.04,139.0308,-5,3.864314,3.57072,-12.10763,-13.11168,0.89363,0.4021968,-14.89366,7996
81.06,25.72534,-5,3.750495,3.412877,0.01451245,-6.44159,0.2188301,0.001911543,-15.96406,7976
81.08,-29.50293,-5,3.556391,3.205439,-12.04656,-13.02833,-0.4559698,-0.5874357,-17.49982,8048
81.1,111.2585,-5,3.463485,2.975937,-0.962587,-22.45759,-0.1185694,-0.6370854,-17.1483,8048
81.12,233.355,-5,3.384408,2.877268,-7.420605,-13.92016,0.5562305,-0.2259664,-15.00159,8032
81.14,76.6239,-5,2.806432,2.797385,-33.40534,5.772731,-0.1185694,-0.4828252,-15.49393,7996
81.16,203.6783,-5,2.147298,2.795484,-1.099992,5.409184,0.2863102,-0.3993261,-14.19535,8032
81.18,-5.733765,-5,3.029735,3.031274,45.11376,14.69606,-0.7933693,-0.8471614,-11.54396,8016
81.2,118.3872,-5,3.309781,3.289845,7.602301,-1.056668,-0.4559698,-0.8129429,-10.39744,8076
81.22,188.5867,-5,3.448132,3.424193,19.96872,0.8151579,-0.05108929,-0.5555488,-9.442133,8060
81.24,39.20056,-5,3.59305,3.554746,-1.634343,8.422692,-0.7258892,-0.8312905,-9.840881,8032
81.26,146.3872,-5,3.374751,3.621147,-22.2145,-0.7282461,-0.3884897,-0.7948029,-10.10029,8060
81.28,-37.80652,-5,3.775568,3.618412,29.89238,2.355318,-1.40069,-1.337032,-10.94554,8072
81.3,149.0159,-5,3.983812,3.667414,1.174818,-14.62819,-0.7258892,-1.158876,-10.37414,8128
81.32,-51.63477,-5,3.643823,3.381853,-11.61908,-6.221876,-1.805569,-1.785827,-13.79568,8092
81.34,110.2568,-5,3.667979,3.241065,-1.222129,-20.82049,-1.33321,-1.763856,-13.35063,8160
81.36,210.3499,-5,3.126371,2.990106,-26.67252,-12.0652,-0.7933693,-1.484148,-13.36893,8104
81.38,98.82153,-5,2.229836,2.728483,-50.71833,6.66973,-1.33321,-1.750259,-14.21968,8084
81.4,237.5092,-5,1.930817,2.749582,-25.42061,9.060471,-0.7933693,-1.516628,-11.11757,8104
81.42,31.45813,-5,3.214252,3.175637,61.73973,20.03874,-1.670609,-1.722094,-7.116915,8064
81.44,95.4834,-5,3.708873,3.612109,23.73971,4.939775,-1.46817,-1.660623,-6.439814,8120
81.46,-78.48254,-5,4.259191,3.766027,23.4191,-0.7493274,-2.412889,-2.189582,-8.67907,8112
81.48,55.75671,-5,4.189156,3.671679,-7.023658,-21.69711,-2.075489,-2.287401,-10.97886,8180
81.5,-30.0813,-5,3.795763,3.237226,-19.00839,-20.88147,-2.68281,-2.768197,-14.56389,8156
81.52,155.158,-5,3.230581,2.837527,-31.74122,-26.8568,-2.008009,-2.625971,-15.00956,8184
81.54,17.4884,-5,2.52737,2.366469,-36.93206,-10.00029,-2.75029,-3.047518,-16.60284,8144
81.56,152.5839,-5,1.98559,2.118805,-21.31374,-10.75509,-2.345409,-2.991442,-15.12984,8196
81.58,-39.34045,-5,2.424957,2.076425,26.3046,0.5659304,-3.357609,-3.45117,-13.5808,8196
81.6,254.1052,-5,2.618373,2.291808,6.228255,-11.43957,-2.008009,-2.795785,-10.03493,8232
81.62,-16.83398,-5,2.709422,2.382031,8.762607,9.573065,-3.08769,-3.136342,-10.60907,8156
81.64,115.4575,-5,2.753138,2.60586,-4.275566,-3.845474,-2.61533,-3.002431,-9.518048,8232
81.66,-71.31494,-5,2.834623,2.569779,13.20536,0.03675616,-3.627529,-3.555982,-11.29841,8200
81.68,60.73987,-5,2.969565,2.547694,0.06031401,-16.55785,-3.290129,-3.587275,-11.09116,8264
81.7,106.2979,-5,2.686003,2.350637,-16.39771,-13.13172,-3.08769,-3.516852,-11.64424,8264
81.72,-74.72424,-5,2.460488,2.131444,-14.76412,-5.885068,-4.09989,-4.095402,-13.21238,8224
81.74,82.71118,-5,2.042925,1.90414,-17.49694,-17.7819,-3.695009,-4.139408,-13.27567,8276
81.76,136.3351,-5,2.351722,1.850088,20.42673,-10.63747,-3.357609,-3.874866,-10.68064,8292
81.78,97.71838,-5,2.43983,1.982535,2.915277,-0.8043358,-3.357609,-3.718296,-9.24406,8256
81.8,-73.8031,-5,2.155633,1.988009,-18.85572,2.416144,-4.30233,-4.253788,-11.1411,8256
81.82,49.69141,-5,2.165426,1.95599,0.8542075,-12.66081,-4.03241,-4.329231,-10.83644,8308
81.84,44.40906,-5,2.823758,2.007269,39.75499,-12.35429,-4.03241,-4.268103,-9.225586,8320
81.86,29.40002,-5,3.074299,2.103558,12.93055,-13.54852,-4.03241,-4.218878,-9.279043,8296
81.88,85.39294,-5,2.871901,2.112574,-16.59618,-15.05733,-3.695009,-4.045881,-10.04838,8272
81.9,123.0565,-5,2.222508,1.988259,-36.06183,-8.109301,-3.425089,-3.897375,-10.94945,8248
81.92,-39.5752,-5,1.411979,1.707811,-36.39771,2.687777,-4.36981,-4.475406,-13.08495,8240
81.94,181.3466,-5,2.229453,1.918686,52.39621,-8.96885,-3.425089,-4.008311,-7.943689,8292
81.96,-42.49792,-5,2.824689,2.116702,32.213,3.310692,-4.30233,-4.248306,-7.724055,8248
81.98,-11.15845,-5,3.061304,2.307021,3.312223,-11.98068,-4.30233,-4.358542,-8.510317,8304
82,67.81812,-5,2.911993,2.231046,-12.97786,-18.2784,-3.96493,-4.267478,-9.919281,8288
82.02,-96.57959,-5,2.365406,1.888354,-27.9855,-12.98124,-4.909649,-4.870898,-13.33141,8268
82.04,43.84009,-5,1.666469,1.471238,-38.33664,-23.60315,-4.639729,-5.041316,-14.4381,8332
82.06,119.0691,-5,1.174588,1.075971,-15.34427,-14.65152,-4.36981,-4.956786,-13.38472,8312
82.08,-57.80225,-5,1.119438,0.8963674,-7.344269,-1.295938,-5.314529,-5.413431,-12.51121,8292
82.1,20.25098,-5,1.024585,0.8367084,-0.4435031,-9.943755,-5.247049,-5.542382,-11.33515,8356
82.12,26.25,-5,1.593002,0.9077123,26.28933,-9.658302,-5.247049,-5.49579,-9.007337,8372
82.14,10.01843,-5,1.621156,0.9624541,2.045048,-8.975016,-5.314529,-5.506961,-8.837405,8360
82.16,90.07349,-5,1.330661,0.9634179,-19.43587,-9.017735,-4.909649,-5.307364,-8.53196,8344
82.18,71.73743,-5,1.02696,0.9438358,-15.77175,0.07795417,-4.909649,-5.241431,-8.045072,8328
82.2,63.16418,-5,1.119606,1.078826,4.487797,3.941774,-4.909649,-5.174016,-6.336393,8360
82.22,-18.0675,-5,1.461949,1.265314,24.3504,4.345873,-5.314529,-5.336308,-5.553633,8360
82.24,-1.89563,-5,1.935555,1.461607,21.95345,-5.169795,-5.314529,-5.364487,-4.98284,8364
82.26,22.69763,-5,2.154835,1.536568,9.587034,-10.51141,-5.179569,-5.299618,-5.413305,8352
82.28,50.17688,-5,2.048037,1.513575,-6.519841,-11.13843,-4.977129,-5.186776,-6.190792,8352
82.3,39.46484,-5,1.754623,1.423512,-14.2603,-7.80586,-4.977129,-5.181702,-7.097204,8328
82.32,39.57715,-5,1.6297,1.369941,-6.367169,-6.272871,-4.977129,-5.187351,-7.111439,8348
82.34,-136.6345,-5,1.738582,1.269817,4.945812,-5.997135,-5.989328,-5.775801,-8.624088,8356
82.36,172.9856,-5,1.767764,1.249228,0.7015356,-23.1909,-4.639729,-5.225496,-6.955574,8388
82.38,105.2723,-5,1.801427,1.239097,-0.6114421,-3.394847,-4.572248,-4.925872,-6.060013,8304
82.4,55.89636,-5,1.632033,1.397217,-10.68778,3.362693,-4.639729,-4.845005,-5.697373,8300
82.42,57.19531,-5,1.332301,1.473511,-14.70305,3.871064,-4.639729,-4.856444,-6.034827,8332
82.44,5.096436,-5,1.796914,1.633057,35.0985,2.688975,-4.909649,-4.960957,-4.959343,8340
82.46,4.730957,-5,2.54648,1.884862,31.70918,-5.880566,-4.909649,-4.929123,-3.991577,8344
82.48,-2.81604,-5,2.770935,1.974461,7.831309,-12.3528,-4.909649,-4.934381,-5.380546,8340
82.5,-24.39392,-5,2.64851,1.872159,-8.397705,-17.0574,-5.044609,-5.074909,-7.722329,8328
82.52,67.46265,-5,2.29077,1.665939,-19.46641,-21.01118,-4.639729,-4.957792,-8.988621,8328
82.54,55.65051,-5,1.843144,1.421084,-22.30611,-12.86047,-4.639729,-4.950269,-9.81922,8320
82.56,-105.3635,-5,1.561482,1.184683,-5.099993,-8.082327,-5.58445,-5.519906,-11.39275,8324
82.58,-35.06213,-5,1.759305,1.04616,9.602302,-21.83688,-5.58445,-5.723809,-11.00941,8376
82.6,-10.10889,-5,1.746328,0.8189615,-2.000756,-23.77359,-5.58445,-5.80385,-11.38989,8396
82.62,1.395508,-5,1.482985,0.5938947,-14.76412,-21.65796,-5.58445,-5.851378,-11.78821,8392
82.64,73.14685,-5,0.9892201,0.3956441,-28.68779,-17.30899,-5.247049,-5.703541,-11.47603,8388
82.66,57.45813,-5,0.2483681,0.1803033,-40.18397,-4.699221,-5.314529,-5.728397,-11.3314,8364
82.68,79.8562,-5,-0.4698459,0.02945967,-34.59619,4.519251,-5.314529,-5.767446,-10.05777,8360
82.7,196.5151,-5,0.3628037,0.4222235,55.28171,10.38982,-4.572248,-5.157348,-3.340865,8344
82.72,92.19177,-5,1.234946,1.0778,41.46491,23.10334,-4.639729,-4.802895,0.4341257,8284
82.74,-14.15198,-5,1.88117,1.724917,30.19773,18.67693,-4.977129,-4.818911,0.8821851,8316
82.76,-9.861206,-5,2.813877,2.249302,55.0527,1.903981,-4.909649,-4.753012,0.7999661,8332
82.78,-32.24817,-5,3.604122,2.547655,32.97636,-11.43803,-4.909649,-4.721062,-0.8879545,8340
82.8,5.214233,-5,3.701641,2.563331,0.5030622,-22.80224,-4.639729,-4.626594,-4.063887,8316
82.82,-163.421,-5,3.114532,2.143404,-35.75649,-24.96588,-5.58445,-5.290581,-10.20045,8320
82.84,-6.911621,-5,1.786721,1.37929,-64.87101,-38.86842,-5.314529,-5.604858,-14.77985,8364
82.86,97.79797,-5,0.4632119,0.4958901,-68.15345,-27.68143,-5.044609,-5.679171,-15.99416,8360
82.88,-26.35034,-5,-0.7830064,-0.2522821,-64.29085,-5.823585,-5.92185,-6.262582,-16.27895,8340
82.9,121.1351,-5,-1.862593,-0.7383584,-2.321366,-0.09309673,-5.65193,-6.351796,-13.4172,8388
82.92,108.3768,-5,-0.7835501,-0.5134743,43.20537,15.02367,-5.65193,-6.104739,-5.25599,8372
82.94,15.35449,-5,-0.2138358,-0.03351313,24.19773,21.73112,-5.989328,-6.072957,-1.744259,8388
82.96,13.52466,-5,0.3302293,0.4542748,26.31986,14.99095,-5.989328,-6.005732,0.1317865,8400
82.98,228.0873,-5,1.148328,1.053264,43.98399,8.12956,-4.639729,-5.099824,4.162124,8400
83,-64.8302,-5,1.8415,1.560028,22.21299,22.54575,-5.58445,-5.231356,3.587958,8320
83.02,-53.25989,-5,1.992816,1.880439,1.571765,1.940974,-5.65193,-5.396156,1.208914,8352
83.04,-41.86316,-5,2.112163,1.817301,28.22826,-10.93372,-5.71941,-5.571316,-1.567169,8364
83.06,-24.04053,-5,2.557501,1.722902,18.64047,-19.81393,-5.65193,-5.586787,-2.650498,8356
83.08,36.68396,-5,2.611588,1.593848,-10.82519,-23.98203,-5.247049,-5.376511,-4.042305,8380
83.1,-83.27698,-5,1.233435,1.019822,-77.55804,-16.25724,-5.92185,-5.888377,-9.825947,8360
83.12,71.78052,-5,-0.3429754,0.2879279,-82.76414,-17.81337,-5.58445,-6.068869,-11.94908,8400
83.14,105.7323,-5,-1.591538,-0.4048129,-18.79465,1.05479,-5.65193,-6.229944,-10.95497,8412
83.16,100.7803,-5,-0.7113113,-0.2746931,38.97636,14.01665,-5.65193,-6.034999,-3.52363,8380
83.18,82.01331,-5,-0.186382,0.1538568,20.45727,20.37823,-5.58445,-5.787538,0.3744082,8388
83.2,54.93701,-5,0.08757679,0.5817516,10.94581,21.80553,-5.58445,-5.652678,1.981861,8352
83.22,32.19104,-5,0.7528095,1.038706,31.92292,17.8005,-5.58445,-5.535917,3.616126,8364
83.24,-4.662109,-5,1.523342,1.453417,33.86185,10.23826,-5.65193,-5.477045,4.060935,8380
83.26,-178.0878,-5,1.891509,1.557929,17.35803,-0.09160697,-6.596649,-6.043584,0.613205,8364
83.28,-81.68945,-5,1.977694,1.376355,-0.3519,-24.69106,-6.461689,-6.270253,-2.490872,8420
83.3,-35.32837,-5,1.850439,0.955081,-11.13053,-30.77763,-6.326729,-6.338388,-5.133789,8412
83.32,37.83459,-5,1.420052,0.5505012,-29.75649,-28.58847,-5.92185,-6.17339,-6.482512,8392
83.34,-126.9613,-5,0.08783496,-0.109225,-72.33665,-15.65873,-6.86657,-6.810651,-11.01008,8364
83.36,27.25781,-5,-1.208502,-0.7794079,-69.84811,-19.26243,-6.596649,-7.024092,-11.80826,8436
83.38,83.09631,-5,-2.60108,-1.491912,-7.619077,-1.305316,-6.596649,-7.17629,-10.92312,8416
83.4,104.7701,-5,-2.346408,-1.53122,16.68627,15.42168,-6.529169,-7.006525,-4.143423,8416
83.42,-7.999268,-5,-1.641704,-1.139894,25.54124,26.16829,-7.00153,-7.031034,0.7924272,8408
83.44,10.3252,-5,-0.6895291,-0.533714,52.44201,18.77512,-6.86657,-6.830266,4.55209,8448
83.46,142.2151,-5,0.4707254,0.1967046,48.44201,12.22665,-5.85437,-6.032052,8.510002,8436
83.48,7.394775,-5,1.036965,0.782883,23.17483,19.22651,-5.989328,-5.768183,8.162795,8380
83.5,-187.3064,-5,1.24157,1.072223,4.060315,9.158422,-6.93405,-6.2879,4.295742,8384
83.52,-58.27502,-5,1.33411,1.019915,2.686269,-17.35119,-6.596649,-6.392079,1.392156,8432
83.54,-44.85486,-5,1.510995,0.7529636,6.68627,-22.45493,-6.529169,-6.418734,-0.7030841,8424
83.56,-52.33105,-5,1.409199,0.4732382,-7.93969,-24.21161,-6.529169,-6.458645,-2.775297,8420
83.58,-8.011353,-5,0.7288603,0.08436256,-41.64962,-23.82113,-6.326729,-6.448887,-5.258825,8420
83.6,-93.95557,-5,-0.5275053,-0.546992,-67.43589,-15.10535,-6.93405,-6.944419,-8.963592,8400
83.62,1.479858,-5,-1.607289,-1.16279,-61.81757,-14.33755,-6.86657,-7.184955,-9.362388,8472
83.64,32.49084,-5,-2.289156,-1.639165,-17.87862,-1.870316,-6.93405,-7.307136,-7.419145,8452
83.66,49.66968,-5,-1.940465,-1.610775,20.27406,8.386559,-6.86657,-7.158225,-2.265602,8444
83.68,-29.55359,-5,-1.626915,-1.373585,13.22062,15.75495,-7.20397,-7.197331,0.5122277,8432
83.7,-40.67407,-5,-1.027513,-1.012427,28.90002,10.61351,-7.27145,-7.169407,2.786739,8472
83.72,-43.19202,-5,-0.2433576,-0.6402206,33.31223,3.489918,-7.20397,-7.043346,4.233912,8496
83.74,96.26514,-5,0.1867067,-0.2892255,17.23589,-2.584023,-6.259249,-6.415549,5.555953,8468
83.76,8.322266,-5,0.3649196,-0.02012528,1.739704,6.83674,-6.259249,-6.163841,5.051673,8404
83.78,-171.5596,-5,0.2497948,0.0625435,-9.084726,4.20093,-7.13649,-6.644031,1.838881,8412
83.8,-110.9271,-5,-0.008107435,-0.1417586,-12.50458,-14.8602,-7.20397,-6.975062,-1.026402,8488
83.82,80.46851,-5,0.3344001,-0.2896402,14.93055,-22.15376,-6.259249,-6.514598,0.3567052,8468
83.84,5.312134,-5,0.4522141,-0.3266857,4.640468,-8.113415,-6.259249,-6.288049,0.4946768,8412
83.86,-222.639,-5,0.2584677,-0.4158579,-20.70305,-6.262699,-7.40641,-6.912882,-2.703296,8428
83.88,-93.17676,-5,-0.704141,-0.8692645,-46.32138,-24.75175,-7.27145,-7.255246,-6.351837,8476
83.9,-37.88416,-5,-1.430239,-1.507775,-31.51221,-21.42662,-7.27145,-7.457676,-7.372066,8468
83.92,-30.82922,-5,-1.086759,-1.716856,15.31223,-14.82283,-7.27145,-7.41169,-4.279017,8464
83.94,-43.85315,-5,-0.9829324,-1.721431,2.319857,-10.11459,-7.27145,-7.331685,-2.833756,8464
83.96,-41.88477,-5,-1.494681,-1.810241,-31.02366,-6.589804,-7.27145,-7.348215,-3.31629,8452
83.98,-25.48315,-5,-2.043232,-1.959443,-31.28321,-2.187609,-7.27145,-7.397379,-3.135794,8448
84,2.235962,-5,-2.374761,-2.049002,-18.1687,3.557913,-7.20397,-7.371481,-1.549838,8452
84.02,147.7604,-5,-2.194398,-1.836028,18.79314,9.907851,-6.326729,-6.755231,3.11205,8464
84.04,6.854248,-5,-1.459621,-1.327786,30.18246,26.22765,-6.596649,-6.519612,6.779573,8416
84.06,-90.87756,-5,-0.6194595,-0.6956177,48.47255,19.82612,-6.93405,-6.54219,8.099314,8436
84.08,73.55444,-5,0.8330077,0.05720198,65.0527,1.223538,-5.85437,-5.800399,11.06909,8420
84.1,-113.1859,-5,1.766521,0.5698256,44.57942,2.166017,-6.259249,-5.713402,8.94047,8360
84.12,-136.8014,-5,1.805664,0.7298952,-11.69542,-16.31066,-6.326729,-5.84165,4.052833,8408
84.14,-84.61609,-5,1.084215,0.3419285,-37.74123,-28.47762,-6.191769,-6.008442,-1.644723,8380
84.16,-11.85986,-5,0.3014995,-0.234878,-42.62672,-28.56623,-5.92185,-6.033442,-4.592629,8404
84.18,11.54749,-5,-0.6989464,-0.8198631,-56.74886,-17.923,-5.85437,-6.086583,-6.119917,8416
84.2,23.92639,-5,-1.834743,-1.33582,-55.90917,-4.724364,-5.92185,-6.216297,-6.424067,8388
84.22,13.71179,-5,-2.762309,-1.731342,2.930544,8.320995,-6.191769,-6.451666,-5.267886,8376
84.24,-53.08203,-5,-1.53591,-1.484066,58.10613,11.6647,-6.596649,-6.533342,0.7184582,8416
84.26,100.6661,-5,-0.3802368,-0.8927418,47.08323,3.609371,-5.65193,-5.84241,5.660643,8428
84.28,-50.98425,-5,0.4644542,-0.3311159,38.67102,10.8394,-5.92185,-5.644743,6.247671,8360
84.3,-88.745,-5,0.7539316,0.06093398,17.95345,-0.7338285,-5.989328,-5.649816,4.270476,8384
84.32,-134.1118,-5,0.88725,0.1047905,0.4877952,-12.76916,-6.259249,-5.884626,0.9975501,8396
84.34,-103.1803,-5,0.747438,-0.124527,-9.66488,-24.86687,-6.259249,-6.062361,-2.119456,8416
84.36,138.4462,-5,0.4114761,-0.3707129,-18.70305,-28.17027,-4.977129,-5.429444,-2.039225,8404
84.38,-95.72253,-5,-0.1354734,-0.6605369,-31.43588,-4.499454,-5.85437,-5.724371,-4.176777,8316
84.4,-60.18982,-5,-1.098756,-0.9684632,-50.21451,-9.314761,-5.989328,-6.032291,-6.00215,8356
84.42,10.05627,-5,-1.8653,-1.388772,-35.34427,-6.245633,-5.92185,-6.175653,-5.980475,8372
84.44,174.0522,-5,-1.302162,-1.270347,31.49544,1.355412,-4.977129,-5.510121,0.2114955,8372
84.46,-137.5894,-5,-1.062013,-1.047068,15.67864,21.65378,-6.259249,-5.914546,0.7383302,8340
84.48,85.37341,-5,-0.9143411,-0.695669,6.045049,3.488009,-5.314529,-5.518526,2.907398,8420
84.5,-24.08704,-5,-0.204407,-0.394863,38.79315,11.52675,-5.58445,-5.434545,4.245009,8344
84.52,-57.1759,-5,0.4223112,-0.01841789,26.56414,3.62654,-5.65193,-5.394859,4.559266,8364
84.54,-49.67053,-5,0.5623791,0.1169141,5.98398,-5.395006,-5.58445,-5.385884,2.730836,8368
84.56,-64.99231,-5,0.6088444,0.07290122,3.373292,-10.80932,-5.65193,-5.464781,0.7717213,8384
84.58,-58.56409,-5,0.5692177,-0.06565128,-3.054191,-15.83855,-5.65193,-5.532671,-0.9307121,8380
84.6,-51.02466,-5,0.3493221,-0.2903032,-11.45114,-17.80835,-5.65193,-5.60394,-2.624511,8380
84.62,-17.15015,-5,-0.01440258,-0.5457561,-18.27557,-17.10263,-5.51697,-5.596162,-3.694111,8404
84.64,-28.10925,-5,-0.3695586,-0.7802644,-16.48931,-12.06456,-5.58445,-5.656153,-4.251511,8396
84.66,-20.68506,-5,-0.5317382,-0.9084207,-7.023658,-9.304235,-5.58445,-5.67274,-3.82096,8380
84.68,-31.82605,-5,-0.5298107,-0.9487826,0.9305434,-6.761433,-5.65193,-5.695257,-3.15859,8364
84.7,-88.89856,-5,-0.4310408,-0.9566667,4.41146,-6.662428,-5.989328,-5.881621,-3.130662,8380
84.72,156.0048,-5,-0.3973203,-0.840633,1.174818,-11.98635,-4.707209,-5.187049,-0.6487991,8396
84.74,64.58936,-5,-0.4908902,-0.6893947,-4.794649,9.529285,-4.707209,-4.88246,0.4590638,8308
84.76,29.39526,-5,-0.5554533,-0.3806963,3.037414,14.72794,-4.707209,-4.751998,1.54074,8304
84.78,-202.9248,-5,0.08015527,-0.1030428,44.88476,12.03188,-5.92185,-5.360923,0.8759484,8300
84.8,30.06299,-5,0.858001,0.1875361,38.64048,-15.4587,-4.977129,-5.014489,2.135238,8364
84.82,-28.07129,-5,1.318306,0.2716416,20.50307,-11.67809,-4.977129,-4.858838,1.06154,8336
84.84,-216.9468,-5,1.357415,0.210642,-6.550376,-15.60427,-5.92185,-5.401333,-2.808043,8328
84.86,-75.93115,-5,0.7515211,-0.1647332,-32.73359,-35.12679,-5.58445,-5.566521,-6.562635,8360
84.88,-58.9895,-5,0.01448307,-0.7855362,-38.84046,-31.34741,-5.65193,-5.767069,-9.21036,8360
84.9,29.25952,-5,-0.6986749,-1.266488,-39.86336,-24.63401,-5.314529,-5.68213,-9.02177,8372
84.92,88.27148,-5,-1.565004,-1.599826,-44.39771,-8.234572,-4.977129,-5.473513,-7.706405,8352
84.94,80.9801,-5,-2.471586,-1.767304,-41.71069,11.65888,-4.977129,-5.405723,-5.711197,8312
84.96,-198.3159,-5,-2.04366,-1.634558,51.48018,22.10725,-6.529169,-6.162207,-3.397293,8312
84.98,48.44818,-5,-0.7949373,-1.131098,58.65575,-2.973233,-5.58445,-5.745184,2.019382,8420
85,-94.96326,-5,0.3269468,-0.719282,50.77789,1.455233,-5.989328,-5.695855,3.110029,8380
85.02,45.573,-5,1.113276,-0.19593,29.81605,-12.44284,-5.044609,-5.075404,4.329379,8392
85.04,-186.8248,-5,0.6838549,-0.2127373,-26.01603,-6.38246,-5.989328,-5.515627,-1.091387,8320
85.06,132.7334,-5,-0.1242948,-0.3796274,-42.0313,-22.60681,-4.572248,-5.008558,-2.219312,8388
85.08,-108.5894,-5,-0.884284,-0.8114216,-38.41298,1.094963,-5.65193,-5.509371,-4.882568,8308
85.1,-71.23096,-5,-1.2492,-1.044797,-7.206865,-6.447369,-5.85437,-5.843041,-4.620685,8372
85.12,170.087,-5,-0.7906013,-0.9832039,20.94582,-8.717015,-4.639729,-5.1547,-0.02360523,8380
85.14,-150.043,-5,-0.4906586,-0.8652021,8.74734,12.64626,-5.92185,-5.554263,-0.1456105,8324
85.16,62.04858,-5,-0.5876394,-0.6538165,-6.061825,-4.897777,-5.044609,-5.231058,0.8214258,8264
85.18,35.6972,-5,-0.649137,-0.6145516,-3.161061,5.183669,-4.977129,-5.068657,1.072105,8316
85.2,12.24805,-5,-0.52526,-0.4339603,4.869476,8.761984,-4.977129,-4.972962,2.189443,8332
85.22,4.800964,-5,-0.5431737,-0.2911833,1.739704,8.833948,-4.977129,-4.942869,2.337653,8348
85.24,-6.520325,-5,-0.08097497,-0.07613981,33.06796,6.579074,-4.977129,-4.880452,3.409872,8340
85.26,-24.461,-5,0.451863,0.1616924,23.98399,2.140963,-4.977129,-4.812544,3.754934,8344
85.28,-40.21973,-5,0.7980947,0.320134,12.50307,-3.793885,-4.977129,-4.784569,2.845925,8376
85.3,-47.37207,-5,0.8958822,0.3377772,3.022147,-9.668738,-4.977129,-4.808709,1.061782,8340
85.32,-219.7023,-5,0.8150685,0.106408,-5.466405,-14.41507,-5.989328,-5.475498,-2.965866,8336
85.34,98.87439,-5,0.6375985,-0.1315678,-10.19923,-33.87282,-4.639729,-5.003968,-3.045648,8388
85.36,-140.2991,-5,0.2523825,-0.5525464,-20.32137,-13.68518,-5.65193,-5.440294,-5.884103,8304
85.38,-66.8371,-5,-0.2450615,-0.8465214,-29.06947,-22.82711,-5.58445,-5.628601,-6.936835,8376
85.4,-48.97394,-5,-0.641589,-1.216265,-15.75649,-20.12815,-5.65193,-5.772259,-7.544086,8372
85.42,-35.05859,-5,-0.6855751,-1.403325,-3.558008,-16.39651,-5.65193,-5.789958,-6.372531,8376
85.44,-20.97491,-5,-0.8007907,-1.477393,-4.580909,-12.10918,-5.58445,-5.734683,-5.391366,8372
85.46,-37.50232,-5,-0.9015049,-1.484274,-5.359536,-7.530425,-5.65193,-5.737301,-4.634048,8364
85.48,-33.93475,-5,-0.9436614,-1.442307,-2.62671,-6.014105,-5.65193,-5.72545,-3.784194,8376
85.5,-33.12311,-5,-0.9124805,-1.377054,0.6404669,-4.73598,-5.65193,-5.703728,-2.920364,8384
85.52,138.481,-5,-0.823182,-1.168809,5.617568,-3.71467,-4.639729,-5.065494,-0.03797209,8384
85.54,-165.9337,-5,-0.7220028,-1.019035,3.922911,13.46833,-5.92185,-5.535073,-0.9023395,8312
85.56,64.90942,-5,-0.6482063,-0.7749404,7.083217,-5.786407,-4.977129,-5.182354,0.6406041,8396
85.58,3.752319,-5,0.0823783,-0.5154563,33.75499,2.347135,-4.977129,-4.948032,2.383414,8312
85.6,-16.35535,-5,0.2129496,-0.2511973,8.396194,1.106493,-4.909649,-4.819655,2.066362,8340
85.62,-54.26013,-5,0.2552017,-0.1300085,-1.038923,-1.946209,-5.044609,-4.882051,0.7612654,8328
85.64,-259.7558,-5,0.5259778,-0.1993143,13.87711,-9.171858,-6.259249,-5.639279,-2.346001,8336
85.66,55.31012,-5,0.7088057,-0.3008663,3.358025,-34.84236,-4.977129,-5.21723,-2.199757,8392
85.68,-6.240051,-5,0.5072784,-0.5590423,-12.03129,-19.35591,-4.977129,-5.067201,-3.54412,8320
85.7,-197.9836,-5,0.03306752,-0.8145381,-25.28321,-14.17746,-5.989328,-5.658048,-6.560108,8336
85.72,109.6946,-5,-0.4691371,-1.03152,-23.31374,-27.93989,-4.707209,-5.205147,-5.845821,8384
85.74,30.78058,-5,-0.0185565,-1.005174,22.62521,-7.505257,-4.707209,-4.905227,-3.216579,8308
85.76,-1.371704,-5,0.08199897,-0.7336071,5.693904,-2.32043,-4.639729,-4.70755,-2.111614,8304
85.78,-18.45374,-5,-0.0742891,-0.5605258,-10.2145,-1.606849,-4.639729,-4.665647,-2.626037,8336
85.8,-258.0516,-5,0.2237857,-0.5294123,25.14429,-4.3595,-5.989328,-5.438788,-4.781758,8332
85.82,19.73138,-5,0.8044533,-0.4372864,24.93055,-31.91399,-4.909649,-5.088205,-3.498425,8380
85.84,-47.46149,-5,0.975191,-0.5306981,5.800774,-22.70189,-4.977129,-4.980712,-4.632407,8340
85.86,-227.423,-5,0.8309134,-0.6789817,-9.893888,-23.32828,-5.92185,-5.536185,-7.853469,8332
85.88,83.6488,-5,0.4460219,-0.8692659,-20.99313,-40.12633,-4.572248,-5.042137,-7.99623,8376
85.9,-149.9498,-5,-0.1688134,-1.286793,-28.93206,-18.14281,-5.58445,-5.492419,-10.7114,8312
85.92,-81.91138,-5,-0.7220173,-1.564086,-31.40534,-25.34547,-5.58445,-5.718738,-11.08022,8368
85.94,-41.20514,-5,-1.230571,-1.91428,-21.92443,-21.47946,-5.58445,-5.837053,-10.92087,8412
85.96,-102.2614,-5,-1.05706,-2.034613,6.823675,-15.53173,-5.989328,-6.041564,-9.06637,8368
85.98,-73.6731,-5,-1.043586,-2.057997,-1.939687,-17.78672,-5.989328,-6.092566,-7.907982,8392
86,114.0596,-5,-1.253728,-2.012995,-12.85572,-15.27221,-4.977129,-5.510576,-5.399053,8400
86.02,46.77283,-5,-1.621607,-1.905031,-19.92443,6.60444,-4.977129,-5.264301,-3.698631,8332
86.04,-38.23541,-5,-1.565146,-1.593741,6.014514,13.9792,-5.314529,-5.317424,-1.652637,8308
86.06,-105.8668,-5,-0.3687215,-1.054025,59.08323,6.148182,-5.65193,-5.390929,1.294914,8328
86.08,57.54102,-5,0.4674599,-0.5348834,41.11376,-8.30179,-4.707209,-4.809045,3.225453,8376
86.1,-15.88251,-5,0.9393998,-0.1684088,20.94582,-2.946254,-4.639729,-4.523041,2.673879,8320
86.12,-56.78546,-5,0.6638567,-0.02265354,-18.88626,-5.957262,-4.707209,-4.5436,-0.07588983,8320
86.14,-39.12891,-5,0.08637749,-0.1718968,-26.56565,-10.13517,-4.707209,-4.67259,-2.839133,8304
86.16,-60.85498,-5,-0.3343366,-0.4571767,-11.1458,-9.789391,-4.977129,-4.942154,-4.392051,8308
86.18,-34.16864,-5,-0.1253692,-0.583756,13.26643,-12.45902,-4.977129,-5.003219,-3.426232,8320
86.2,-30.91956,-5,-0.03902089,-0.6558515,0.5946653,-11.82452,-4.977129,-5.002763,-3.145887,8324
86.22,-20.91913,-5,-0.07088252,-0.6925738,-3.970222,-10.95477,-4.909649,-4.959728,-3.099704,8340
86.24,-37.97015,-5,-0.1405881,-0.7247911,-0.06182348,-9.167531,-4.977129,-4.986872,-3.319698,8316
86.26,-47.09631,-5,-0.1169691,-0.7342898,-0.1992282,-9.816417,-5.044609,-5.033542,-3.359802,8316
86.28,-29.4201,-5,-0.1162702,-0.7479473,0.09084838,-11.14334,-4.977129,-5.014138,-3.352193,8340
86.3,-32.31305,-5,-0.1303163,-0.7663143,-0.8251827,-10.19,-4.977129,-5.006487,-3.387801,8328
86.32,-34.00165,-5,-0.126899,-0.7663341,-0.1534266,-9.867304,-4.977129,-5.000806,-3.337375,8308
86.34,-35.43555,-5,-0.1047613,-0.7574371,1.525963,-9.90122,-4.977129,-4.995587,-3.300294,8316
86.36,-35.74182,-5,-0.1196485,-0.7580885,-0.4282355,-10.01922,-4.977129,-4.996942,-3.396044,8332
86.38,-35.81793,-5,-0.1136398,-0.7590253,0.2129859,-10.14939,-4.977129,-4.997499,-3.413803,8324
86.4,-35.22992,-5,-0.1392577,-0.7688676,-0.5045714,-10.1572,-4.977129,-5.001549,-3.502213,8344
86.42,-34.88806,-5,-0.139917,-0.7748792,0.1977187,-10.10127,-4.977129,-5.002499,-3.483316,8348
86.44,-34.82434,-5,-0.1428564,-0.7784369,-0.1534266,-10.02027,-4.977129,-5.002424,-3.471437,8348
86.46,-35.03192,-5,-0.1381093,-0.7781969,0.4572606,-9.976721,-4.977129,-5.001171,-3.44406,8336
86.48,-34.99127,-5,-0.1469486,-0.7801026,0.01451245,-9.939178,-4.977129,-5.001651,-3.460016,8336
86.5,-23.6087,-5,-0.1382037,-0.7703669,0.07558119,-9.914734,-4.909649,-4.959726,-3.287824,8340
86.52,-28.96216,-5,-0.1478219,-0.7583964,-0.107625,-8.717587,-4.909649,-4.942119,-3.234039,8328
86.54,-42.45422,-5,-0.1519909,-0.7472206,-0.1228922,-8.478151,-4.977129,-4.975606,-3.312899,8328
86.56,-25.58643,-5,-0.161058,-0.7407967,0.06031401,-9.623094,-4.909649,-4.952332,-3.240621,8344
86.58,-28.50049,-5,-0.1630262,-0.7402615,-0.0007547362,-8.667763,-4.909649,-4.941689,-3.176361,8336
86.6,-41.10388,-5,-0.1729368,-0.7391169,-0.1228922,-8.321988,-4.977129,-4.977462,-3.242242,8348
86.62,-36.08844,-5,-0.1651569,-0.7399647,0.2587874,-9.38944,-4.977129,-4.992141,-3.232964,8336
86.64,-33.81781,-5,-0.1718478,-0.752908,-0.1228922,-9.563187,-4.977129,-4.999197,-3.258487,8348
86.66,-33.10504,-5,-0.1708038,-0.7611694,-0.107625,-9.451982,-4.977129,-5.000379,-3.214979,8320
86.68,-44.67627,-5,-0.1698371,-0.771805,-0.0007547362,-9.335198,-5.044609,-5.039933,-3.311508,8328
86.7,-28.06964,-5,-0.1612353,-0.7748814,0.02977964,-10.42965,-4.977129,-5.015325,-3.206755,8340
86.72,-31.4577,-5,-0.1691989,-0.7821724,-0.1686933,-9.449861,-4.977129,-5.004707,-3.197145,8336
86.74,-33.19055,-5,-0.1660889,-0.7750531,0.3198562,-9.157146,-4.977129,-4.998339,-3.134316,8328
86.76,-33.63934,-5,-0.176301,-0.7706975,-0.3213652,-9.104121,-4.977129,-4.99721,-3.148204,8320
86.78,-22.07764,-5,-0.176206,-0.7594588,0.1977187,-9.088834,-4.909649,-4.956202,-2.993688,8332
86.8,-38.7486,-5,-0.1862334,-0.7543457,-0.2297625,-7.902631,-4.977129,-4.979534,-3.059571,8324
86.82,-23.92163,-5,-0.1752385,-0.7355744,0.5946653,-8.812663,-4.909649,-4.948028,-2.889639,8324
86.84,-38.98694,-5,-0.1889869,-0.7369417,-0.3060985,-7.89358,-4.977129,-4.977125,-3.010937,8324
86.86,-34.90277,-5,-0.1848901,-0.7344917,0.3809245,-8.819686,-4.977129,-4.989214,-2.993382,8324
86.88,-32.79041,-5,-0.1962671,-0.7454076,-0.3060985,-8.97816,-4.977129,-4.996016,-3.028157,8336
86.9,-32.15216,-5,-0.1906439,-0.750959,0.2129859,-8.888006,-4.977129,-4.996613,-2.969802,8328
86.92,-32.00116,-5,-0.1963027,-0.7540941,-0.1228922,-8.744665,-4.977129,-4.996351,-2.945707,8328
86.94,-43.54211,-5,-0.1986786,-0.762342,-0.01602192,-8.651547,-5.044609,-5.036209,-3.049655,8328
86.96,-26.0741,-5,-0.2185667,-0.7718917,-0.04655629,-9.661226,-4.977129,-5.015442,-2.996316,8336
86.98,-29.06122,-5,-0.2209997,-0.7793566,-0.183961,-8.555963,-4.977129,-5.004323,-2.910544,8340
87,-30.61029,-5,-0.2229087,-0.7712736,-0.04655629,-8.121673,-4.977129,-4.99735,-2.811491,8340
87.02,-31.24438,-5,-0.2226572,-0.7609069,-0.107625,-7.990786,-4.977129,-4.993797,-2.755219,8348
87.04,-31.28766,-5,-0.225052,-0.7533185,0.1519171,-7.958459,-4.977129,-4.992633,-2.722899,8332
87.06,-31.18414,-5,-0.2227511,-0.7470797,-0.09235785,-7.947514,-4.977129,-4.991724,-2.680609,8332
87.08,-42.92261,-5,-0.2101692,-0.7470616,0.1519171,-7.99629,-5.044609,-5.030209,-2.760663,8324
87.1,-2.853821,-5,-0.2100122,-0.7322513,-0.09235785,-9.136895,-4.842169,-4.926089,-2.418802,8316
87.12,-28.59167,-5,-0.2081477,-0.7169839,-0.04655629,-5.877958,-4.909649,-4.919025,-2.364806,8332
87.14,-40.50073,-5,-0.2109303,-0.6898836,0.07558119,-6.340078,-4.977129,-4.957174,-2.431225,8332
87.16,-24.26251,-5,-0.1532265,-0.6635082,3.587033,-8.013206,-4.909649,-4.929392,-2.270329,8320
87.18,-40.3515,-5,-0.1083824,-0.6542454,1.892376,-7.655731,-4.977129,-4.955237,-2.392981,8324
87.2,-47.81445,-5,-0.1322071,-0.6708294,-0.9167854,-8.990428,-5.044609,-5.014277,-2.770065,8336
87.22,-29.09583,-5,-0.1174364,-0.6936527,0.5030622,-10.65105,-4.977129,-4.999943,-2.802087,8332
87.24,-31.177,-5,-0.1522032,-0.7278492,-0.9167854,-9.744542,-4.977129,-4.997514,-2.94503,8360
87.26,-32.44342,-5,-0.1557871,-0.740031,-0.8099151,-9.348783,-4.977129,-4.994182,-2.919506,8336
87.28,-33.53644,-5,-0.1481284,-0.7415765,0.9000088,-9.243958,-4.977129,-4.990875,-2.910328,8348
87.3,-34.18048,-5,-0.1487351,-0.7426527,-0.4129688,-9.284992,-4.977129,-4.990093,-2.952881,8328
87.32,-46.47003,-5,-0.1311791,-0.7480003,0.9763447,-9.463552,-5.044609,-5.028943,-3.098123,8328
87.34,-18.15515,-5,-0.1370929,-0.7492164,-0.183961,-10.75301,-4.909649,-4.967512,-2.98774,8332
87.36,-38.82446,-5,-0.1256718,-0.7526718,0.304589,-8.813418,-4.977129,-4.979159,-3.053774,8320
87.38,-37.85181,-5,-0.1095717,-0.7396021,0.9305434,-9.67705,-4.977129,-4.983091,-3.07197,8324
87.4,-49.0816,-5,-0.09858197,-0.7482816,-0.6114421,-10.21264,-5.044609,-5.027251,-3.320239,8328
87.42,-32.02576,-5,-0.09394623,-0.7609984,0.6710012,-11.69255,-4.977129,-5.008015,-3.362628,8328
87.44,-35.12805,-5,-0.1047912,-0.7810301,-1.145793,-10.9153,-4.977129,-5.00134,-3.456566,8324
87.46,-48.23865,-5,-0.1101023,-0.7955651,0.5030622,-10.72732,-5.044609,-5.03888,-3.622962,8324
87.48,-31.46259,-5,-0.1326648,-0.8106091,-0.3671672,-11.82717,-4.977129,-5.018461,-3.651891,8320
87.5,-34.96106,-5,-0.1280361,-0.8221539,0.3503905,-10.87807,-4.977129,-5.007634,-3.624856,8320
87.52,-36.76508,-5,-0.1324483,-0.8206953,-0.3519,-10.59279,-4.977129,-5.002311,-3.612473,8328
87.54,-37.83795,-5,-0.1212765,-0.8144816,-0.06182348,-10.62571,-4.977129,-4.998941,-3.601848,8344
87.56,-38.37793,-5,-0.1174378,-0.811236,0.01451245,-10.76983,-4.977129,-4.998238,-3.63915,8340
87.58,-38.48193,-5,-0.1194165,-0.8125908,-0.1534266,-10.91392,-4.977129,-4.999364,-3.691669,8336
87.6,-38.3501,-5,-0.124441,-0.8172766,0.2587874,-11.00371,-4.977129,-5.001127,-3.738288,8336
87.62,-38.08319,-5,-0.1334067,-0.8241167,0.06031401,-11.02039,-4.977129,-5.003104,-3.776716,8336
87.64,-38.27734,-5,-0.123411,-0.8258708,0.09084838,-11.03933,-4.977129,-5.00224,-3.756274,8344
87.66,-27.12085,-5,-0.1175166,-0.8181617,-0.03128911,-11.06736,-4.909649,-4.960638,-3.628498,8324
87.68,-44.05438,-5,-0.1305068,-0.8175341,-0.0007547362,-9.942549,-4.977129,-4.984702,-3.748902,8348
87.7,-40.38586,-5,-0.1414455,-0.8170327,-0.1228922,-10.87205,-4.977129,-4.997401,-3.801583,8336
87.72,-38.88904,-5,-0.1295089,-0.8233497,-0.07709067,-11.15466,-4.977129,-5.001832,-3.804042,8344
87.74,-37.6142,-5,-0.1638854,-0.8396789,0.07558119,-11.07409,-4.977129,-5.007763,-3.88831,8348
87.76,-37.39697,-5,-0.1521697,-0.8443599,0.1824515,-10.93207,-4.977129,-5.00671,-3.802225,8344
87.78,-37.28973,-5,-0.1656975,-0.8488393,0.3503905,-10.77068,-4.977129,-5.006861,-3.802258,8328
87.8,-37.21362,-5,-0.1692115,-0.8500926,-0.1534266,-10.64107,-4.977129,-5.00628,-3.765427,8328
87.82,-48.96722,-5,-0.1627752,-0.8549705,-0.1381594,-10.59432,-5.044609,-5.044962,-3.849594,8336
87.84,-32.17554,-5,-0.1604643,-0.8572443,-0.01602192,-11.73162,-4.977129,-5.021333,-3.765833,8352
87.86,-35.56067,-5,-0.1611245,-0.8623735,-0.01602192,-10.78582,-4.977129,-5.010184,-3.732361,8360
87.88,-36.27563,-5,-0.1991297,-0.8656408,-0.1381594,-10.37551,-4.977129,-5.008962,-3.757702,8372
87.9,-36.17883,-5,-0.2055653,-0.863782,0.1671843,-10.1537,-4.977129,-5.007676,-3.685036,8348
87.92,-36.08276,-5,-0.2065811,-0.8591388,-0.01602192,-9.992122,-4.977129,-5.005889,-3.609588,8344
87.94,-35.94214,-5,-0.2099918,-0.8542818,0.06031401,-9.86219,-4.977129,-5.004588,-3.550075,8332
87.96,-36.09833,-5,-0.1989116,-0.8457274,-0.1534266,-9.797841,-4.977129,-5.001765,-3.463586,8328
87.98,-36.21741,-5,-0.1967206,-0.838636,-0.2144953,-9.777005,-4.977129,-5.000126,-3.424963,8336
88,-47.89868,-5,-0.1903806,-0.8399011,-0.03128911,-9.82073,-5.044609,-5.039257,-3.522859,8332
88.02,-88.60187,5,-0.1867556,-0.848619,-0.03128911,-11.03969,-5.044609,-5.05671,-3.579727,8332
88.04,-78.78101,5,-0.1739578,-0.9056774,-0.3213652,-16.02091,-4.977129,-5.022807,-3.598701,8328
88.06,-87.61273,5,-0.2360699,-1.038148,-3.680145,-18.16489,-4.977129,-5.013515,-3.955853,8324
88.08,-90.80847,5,-0.4643232,-1.238696,-12.77939,-19.76207,-4.977129,-5.029589,-4.563955,8312
88.1,-88.02789,5,-0.8321049,-1.506431,-19.90916,-19.95348,-4.977129,-5.06437,-5.151707,8324
88.12,-82.24512,5,-1.234856,-1.798258,-21.42061,-18.48765,-4.977129,-5.09733,-5.283198,8320
88.14,-88.98907,5,-1.584489,-2.069619,-15.93969,-15.82063,-5.044609,-5.151818,-4.946127,8324
88.16,-74.40161,5,-1.69109,-2.235537,-4.611444,-14.39022,-4.977129,-5.100004,-3.619904,8312
88.18,-98.87323,5,-1.664098,-2.317504,-0.8557167,-12.12612,-5.044609,-5.074877,-2.436701,8320
88.2,-81.93555,5,-1.707189,-2.362237,-2.977855,-12.94379,-4.909649,-4.964307,-1.511872,8336
88.22,61.44476,5,-1.717058,-2.292947,-0.0007547362,-11.4287,-3.96493,-4.330623,1.041088,8320
88.24,-258.3314,5,-1.731019,-2.300887,-1.588542,3.535728,-5.314529,-4.846735,-0.2462945,8264
88.26,-15.52298,5,-1.72424,-2.224505,2.930544,-18.54036,-4.30233,-4.470549,1.18393,8348
88.28,-139.1327,5,-1.264166,-2.231514,27.03742,-10.33224,-4.639729,-4.449104,1.668158,8304
88.3,-161.7528,5,-1.169021,-2.219117,4.09085,-17.8154,-4.707209,-4.478411,0.9867332,8300
88.32,-159.3571,5,-1.345232,-2.404098,-13.35954,-24.51165,-4.707209,-4.537082,-0.7387662,8344
88.34,-152.4921,5,-1.711173,-2.734038,-21.71069,-27.5267,-4.707209,-4.610636,-2.307101,8324
88.36,-141.8932,5,-2.230684,-3.138772,-29.48168,-27.1367,-4.707209,-4.684908,-3.400408,8324
88.38,-115.711,5,-2.901751,-3.568253,-36.77939,-23.56964,-4.639729,-4.716307,-3.799569,8332
88.4,-102.7853,5,-3.667712,-3.984185,-40.88626,-16.01497,-4.639729,-4.76073,-3.486621,8304
88.42,-85.58371,5,-4.407708,-4.330363,-32.27557,-7.227405,-4.639729,-4.790724,-2.172164,8300
88.44,83.2279,5,-4.202363,-4.22684,14.22826,0.001360744,-3.627529,-4.075576,3.864726,8300
88.46,-72.93439,5,-4.024076,-3.926481,15.92291,21.08305,-3.96493,-3.881525,7.04668,8252
88.48,-156.7119,5,-3.676899,-3.506054,16.51834,17.94246,-4.30233,-3.943246,8.863743,8296
88.5,-39.93852,5,-2.97749,-3.0799,33.41911,5.307685,-3.627529,-3.503511,11.51746,8292
88.52,-187.3908,5,-2.058729,-2.714933,38.54888,5.453254,-4.03241,-3.476588,12.00224,8272
88.54,-248.664,5,-1.576088,-2.522887,20.04505,-11.14623,-4.30233,-3.637181,9.823583,8288
88.56,-70.64502,5,-1.56375,-2.598517,-2.474038,-28.06918,-3.357609,-3.216284,8.091327,8312
88.58,-181.3038,5,-1.827127,-2.891311,-18.97786,-20.6016,-3.627529,-3.26008,5.186122,8232
88.6,-188.8322,5,-2.359755,-3.239336,-32.26031,-25.17753,-3.695009,-3.395033,2.605147,8256
88.62,3.893005,5,-2.954597,-3.592508,-29.49694,-26.64667,-2.68281,-2.909089,2.717881,8232
88.64,-127.9317,5,-3.176641,-3.809456,-9.329001,-7.613743,-3.02021,-2.876827,3.165986,8184
88.66,-194.457,5,-3.284636,-3.860508,2.487796,-8.170968,-3.357609,-3.044807,3.284998,8208
88.68,-11.57962,5,-2.854989,-3.72102,20.12139,-16.36164,-2.345409,-2.446964,6.198694,8228
88.7,-150.845,5,-2.960493,-3.700164,-1.939687,-3.133099,-2.68281,-2.404932,5.54318,8172
88.72,-207.889,5,-3.326888,-3.762799,-14.03129,-7.391968,-3.02021,-2.642613,4.010872,8184
88.74,-85.27899,5,-2.891519,-3.720279,25.15956,-17.23709,-2.412889,-2.325611,5.868676,8224
88.76,-124.6541,5,-2.762391,-3.714704,3.983979,-11.8288,-2.345409,-2.133895,5.978445,8168
88.78,-217.5081,5,-3.075428,-3.819881,-22.58092,-11.38981,-2.75029,-2.342821,4.081934,8180
88.8,-223.4512,5,-3.758133,-4.180659,-30.56565,-18.30143,-3.02021,-2.687877,1.510364,8208
88.82,-23.96667,5,-3.742441,-4.395693,3.205353,-23.19333,-2.075489,-2.234062,3.877167,8200
88.84,-151.4625,5,-3.767972,-4.508775,-3.893886,-6.377232,-2.412889,-2.194528,4.700492,8160
88.86,17.68042,5,-3.980208,-4.39061,-20.48931,-7.091078,-1.40069,-1.570867,7.126117,8164
88.88,-109.0402,5,-4.598799,-4.419003,-23.97023,11.46047,-1.738089,-1.560646,6.800121,8132
88.9,1.705872,5,-4.380609,-4.130889,16.97635,10.43098,-1.06329,-1.089166,10.59759,8144
88.92,-172.4011,5,-3.874928,-3.816264,34.94582,18.99665,-1.670609,-1.174879,11.90763,8124
88.94,-79.60156,5,-3.149421,-3.373404,39.55651,4.812029,-1.13077,-0.8238344,14.00292,8172
88.96,-221.3354,5,-2.444874,-3.10484,32.18246,2.21582,-1.60313,-0.920307,13.04726,8080
88.98,-125.9095,5,-2.080727,-2.941529,11.26643,-14.90683,-1.06329,-0.6629623,11.96386,8124
89,-220.7625,5,-2.253768,-3.125957,-14.13817,-16.20663,-1.40069,-0.8372207,8.262735,8108
89.02,-256.0209,5,-2.686365,-3.516165,-28.1229,-25.3928,-1.738089,-1.201619,4.535362,8136
89.04,-31.42883,5,-3.332145,-3.992176,-29.86336,-32.52448,-0.7258892,-0.8336429,3.717595,8148
89.06,-32.03882,5,-3.652315,-4.287103,-22.59618,-13.42772,-0.3884897,-0.4567962,4.956199,8092
89.08,-136.105,5,-4.231377,-4.417876,-34.38244,0.8945956,-0.7258892,-0.5156302,4.936297,8040
89.1,-169.2177,5,-4.945268,-4.612407,-27.13053,2.135553,-1.06329,-0.7999789,4.261268,8076
89.12,-95.99573,5,-4.475643,-4.568787,20.80841,-1.852265,-0.7933693,-0.6534095,7.626992,8096
89.14,-2.943726,5,-4.313618,-4.418538,7.617569,2.611422,-0.1185694,-0.13773,10.39216,8072
89.16,44.32788,5,-4.306245,-4.118418,4.68627,15.16194,0.5562305,0.5092649,13.17947,8036
89.18,23.86841,5,-4.000245,-3.59555,28.45727,27.32201,0.9611101,1.078107,16.2553,8000
89.2,-242.2358,5,-2.957576,-2.954285,64.50308,29.36762,-0.05108929,0.8211876,17.02737,7980
89.22,2.502075,5,-1.629868,-2.213117,60.73209,-0.1522069,1.298511,1.592313,19.42239,8036
89.24,-59.65576,5,-0.8435173,-1.758731,31.49544,2.450023,1.63591,2.113901,18.09307,7960
89.26,-27.61853,5,-0.9193227,-1.479128,-8.809917,-1.742671,2.243231,2.586923,15.37743,7960
89.28,-39.73547,5,-0.8971564,-1.330018,7.907645,-1.32848,2.58063,2.914968,13.22962,7924
89.3,-210.3169,5,-0.7313292,-1.30558,0.3198562,-3.186574,1.90583,2.61061,9.830374,7892
89.32,-49.60657,5,-0.695057,-1.372063,2.991613,-21.55651,2.64811,2.862463,7.973104,7928
89.34,13.10303,5,-0.8514268,-1.548987,-8.611445,-16.79163,3.25543,3.280089,6.678352,7880
89.36,-97.68445,5,-1.486144,-1.786906,-31.78702,-5.382944,2.918031,3.172125,3.997598,7836
89.38,-21.52966,5,-1.490966,-1.824013,11.67864,-8.915426,3.32291,3.374617,4.56057,7860
89.4,40.72461,5,-1.084366,-1.666466,12.91528,-4.746272,3.93023,3.880681,6.465112,7832
89.42,-69.73145,5,-1.320229,-1.576298,-8.306102,4.943772,3.660311,3.891294,5.122607,7788
89.44,-19.33557,5,-1.061865,-1.364089,18.79314,-0.5802424,3.99771,4.110839,5.849689,7808
89.46,-129.7314,5,-0.5463265,-1.186133,19.86185,-1.058963,3.592831,3.997566,5.23732,7796
89.48,13.95935,5,-0.5834746,-1.100481,-3.92442,-12.14845,4.335111,4.339538,4.534549,7832
89.5,66.93127,5,-0.5321013,-1.023468,-0.7030448,-4.953196,4.94243,4.83385,4.955896,7776
89.52,-47.33923,5,-1.073545,-1.039237,-19.49695,6.807972,4.60503,4.76509,3.077653,7756
89.54,67.22412,5,-0.6585404,-0.7782806,32.42674,1.874886,5.27983,5.191134,5.453307,7768
89.56,113.2554,5,-0.05761828,-0.3608379,21.52597,8.386845,5.95463,5.838312,7.841646,7704
89.58,-40.61804,5,0.002164707,-0.02092625,14.79314,16.94895,5.54975,5.84042,6.550668,7680
89.6,-159.8064,5,0.8303536,0.344274,39.61758,4.022403,4.94243,5.522763,5.520219,7696
89.62,45.80066,5,1.424204,0.5721762,27.17483,-18.1995,5.95463,5.977298,5.001685,7732
89.64,-23.93518,5,1.101538,0.4353722,-14.45878,-11.11422,5.887151,6.024243,1.398331,7680
89.66,-65.49451,5,0.3063541,0.1271968,-39.55802,-10.94744,5.61723,5.753785,-2.292184,7684
89.68,-34.59875,5,0.6797594,0.01328583,11.99925,-16.29902,5.684711,5.73263,-1.805355,7708
89.7,-45.63037,5,0.5447768,-0.163196,-12.67251,-16.31264,5.61723,5.660231,-3.232377,7704
89.72,-44.03406,5,0.1616642,-0.4020278,-19.71068,-16.19087,5.54975,5.539218,-4.784142,7732
89.74,-30.13721,5,0.02984305,-0.5855803,-6.153429,-15.51679,5.54975,5.486384,-4.987026,7712
89.76,3.14209,5,-0.2525311,-0.7416734,-12.0771,-12.66781,5.684711,5.528334,-4.999014,7692
89.78,-4.798462,5,-0.2643729,-0.7745004,1.159551,-7.385297,5.684711,5.572217,-4.108699,7700
89.8,-10.46765,5,-0.2512767,-0.7198235,0.5641309,-4.734479,5.684711,5.609185,-3.379353,7696
89.82,-41.81482,5,-0.01865949,-0.6006543,9.312226,-4.381063,5.54975,5.577959,-2.744787,7704
89.84,-12.19751,5,0.02570689,-0.5146567,2.594666,-7.399966,5.684711,5.639169,-2.659014,7704
89.86,-31.22058,5,0.06884756,-0.4762578,2.854208,-6.567946,5.61723,5.621463,-2.836257,7704
89.88,-24.64893,5,-0.05592414,-0.4886485,-2.718313,-7.512118,5.61723,5.591289,-3.26751,7700
89.9,-21.97424,5,0.01471986,-0.4828455,0.07558119,-7.7046,5.61723,5.588642,-3.02806,7680
89.92,-8.708618,5,-0.02259783,-0.4810808,0.4267263,-7.405884,5.684711,5.623663,-2.96741,7716
89.94,-35.85486,5,-0.03739041,-0.484512,-1.496938,-5.865735,5.54975,5.558151,-3.105509,7716
89.96,-3.386719,5,-0.02749623,-0.4645904,0.06031401,-7.56542,5.684711,5.612587,-2.798422,7720
89.98,-21.67261,5,-0.02537411,-0.4574136,-0.183961,-5.4365,5.61723,5.597269,-2.788753,7732
90,-17.77197,5,-0.06779207,-0.4468403,-0.7641136,-5.727526,5.61723,5.58599,-2.786346,7708
90.02,-16.1582,5,-0.03268156,-0.4291564,0.4114593,-5.636315,5.61723,5.58682,-2.591393,7704
90.04,-26.25464,5,-0.05830925,-0.4286913,-0.4129688,-5.344554,5.54975,5.543638,-2.707688,7676
90.06,-8.594971,5,-0.03798372,-0.415933,-0.3213652,-6.20713,5.61723,5.568875,-2.474334,7712
90.08,-11.37708,5,-0.03717868,-0.4049353,-0.107625,-4.990776,5.61723,5.581329,-2.361201,7720
90.1,-11.83215,5,-0.05746087,-0.3871865,-0.183961,-4.394552,5.61723,5.585442,-2.275423,7700
90.12,-0.0645752,5,-0.04682505,-0.35513,-0.2755641,-4.050245,5.684711,5.630015,-1.987839,7712
90.14,-4.709473,5,-0.05395524,-0.3216029,0.01451245,-2.603591,5.684711,5.649164,-1.830227,7704
90.16,-29.08142,5,-0.04951502,-0.2963448,-0.1228922,-2.174465,5.54975,5.576858,-1.933981,7724
90.18,-6.608032,5,-0.0319129,-0.2769886,0.7473372,-4.374938,5.61723,5.58576,-1.802539,7704
90.2,-19.53381,5,0.009686334,-0.2732192,2.090849,-3.717566,5.54975,5.554079,-1.804121,7700
90.22,-2.467041,5,-0.01855104,-0.2698394,-0.5045714,-4.462945,5.61723,5.576629,-1.758271,7700
90.24,-6.293823,5,0.0269199,-0.2514895,1.083215,-3.381915,5.61723,5.593695,-1.556201,7708
90.26,-7.377075,5,0.003726006,-0.2333696,0.06031401,-2.972604,5.61723,5.597505,-1.571831,7704
90.28,3.993042,5,0.02365778,-0.2022586,0.2435202,-2.848661,5.684711,5.641468,-1.343796,7708
90.3,-1.372803,5,0.03815629,-0.1674789,0.2129859,-1.663307,5.684711,5.661583,-1.22661,7720
90.32,-2.802368,5,0.03337101,-0.1332388,0.09084838,-1.400607,5.684711,5.667661,-1.18853,7708
90.34,-14.13696,5,0.04251881,-0.1128649,0.6710012,-1.420407,5.61723,5.628544,-1.274683,7712
90.36,-8.654053,5,0.07776137,-0.09716114,1.739704,-2.689677,5.61723,5.613516,-1.253108,7724
90.38,3.968872,5,0.1419593,-0.07408476,2.762605,-3.161628,5.684711,5.653501,-1.05939,7688
90.4,-12.39905,5,0.1320831,-0.06753774,-0.9320526,-2.189801,5.61723,5.626387,-1.273918,7716
90.42,-8.795532,5,0.1487042,-0.05695099,0.07558119,-3.254735,5.61723,5.613866,-1.33919,7736
90.44,4.93042,5,0.1425556,-0.05563675,0.02977964,-3.545243,5.684711,5.645249,-1.340372,7732
90.46,-10.43347,5,0.1245633,-0.06116529,-0.3366328,-2.31459,5.61723,5.615932,-1.489522,7732
90.48,5.082153,5,0.1344616,-0.04720221,-0.2144953,-3.058416,5.684711,5.644809,-1.348207,7720
90.5,-10.06274,5,0.138865,-0.04311272,0.6251997,-2.019927,5.61723,5.616822,-1.447839,7708
90.52,-5.965088,5,0.1450594,-0.03454471,0.1213828,-2.880449,5.61723,5.604215,-1.472523,7716
90.54,-16.29932,5,0.1820073,-0.03476026,2.365658,-3.181251,5.54975,5.561286,-1.585913,7740
90.56,-10.18567,5,0.1772354,-0.047403,-0.6725109,-4.404384,5.54975,5.539474,-1.74824,7720
90.58,15.03333,5,0.2020185,-0.04457093,0.2435202,-4.627016,5.684711,5.613644,-1.513803,7716
90.6,-18.2196,5,0.1946893,-0.04546428,0.1977187,-2.255518,5.54975,5.56467,-1.731428,7700
90.62,-0.7504883,5,0.2349653,-0.0181997,2.503063,-4.156516,5.61723,5.586953,-1.609106,7712
90.64,-15.11328,5,0.2453763,-0.01954567,-1.252663,-3.706528,5.54975,5.553287,-1.854058,7708
90.66,0.8880615,5,0.2507194,-0.01528255,0.5335966,-4.851763,5.61723,5.576907,-1.857948,7724
90.68,10.32544,5,0.2051257,-0.02124402,-0.8251827,-3.812336,5.684711,5.62047,-1.875096,7724
90.7,-7.550049,5,0.2185739,-0.007238224,-0.1992282,-2.243618,5.61723,5.602666,-1.842831,7712
90.72,-5.171265,5,0.2474758,0.01904498,1.678635,-3.106652,5.61723,5.597128,-1.803535,7712
90.74,7.60791,5,0.2604519,0.03766546,-1.176328,-3.450585,5.684711,5.633428,-1.73734,7724
90.76,-19.83777,5,0.2539739,0.03684681,-0.06182348,-2.41383,5.54975,5.5656,-2.01553,7700
90.78,1.778687,5,0.237489,0.03501187,-0.2908313,-4.414586,5.61723,5.572176,-2.03623,7728
90.8,13.19446,5,0.2133284,0.02461961,-1.16106,-3.442101,5.684711,5.612937,-1.938797,7716
90.82,-4.138062,5,0.2226531,0.03579858,-0.2450293,-1.702406,5.61723,5.5951,-1.859024,7712
90.84,10.70923,5,0.2192546,0.06264501,0.6557342,-2.261586,5.684711,5.627476,-1.687298,7720
90.86,-5.286743,5,0.2595666,0.08741817,0.8084057,-1.28773,5.61723,5.605647,-1.649046,7712
90.88,-1.222656,5,0.2555225,0.1047869,1.296956,-2.240344,5.61723,5.592928,-1.707472,7720
90.9,-11.5293,5,0.3042696,0.1123481,0.5793981,-2.643824,5.54975,5.550897,-1.781278,7696
90.92,6.43811,5,0.2921228,0.1092306,0.6099325,-3.880771,5.61723,5.568647,-1.823005,7688
90.94,-7.87207,5,0.3032707,0.09913208,-0.183961,-2.944975,5.54975,5.537232,-1.933244,7708
90.96,-3.654419,5,0.3036898,0.09589817,0.5641309,-3.771824,5.54975,5.523187,-1.992921,7712
90.98,10.28455,5,0.2866163,0.08944389,-0.2297625,-3.806536,5.61723,5.554695,-1.954819,7708
91,5.88501,5,0.2879886,0.09623539,0.2740546,-2.425827,5.61723,5.570351,-1.861901,7704
91.02,4.651245,5,0.2682104,0.1117984,0.2740546,-1.88879,5.61723,5.575184,-1.832311,7724
91.04,4.93689,5,0.2617008,0.1277938,-0.7793808,-1.631331,5.61723,5.576199,-1.780444,7696
91.06,5.647339,5,0.2619038,0.1433919,-0.4893047,-1.426965,5.61723,5.5766,-1.709638,7704
91.08,6.678467,5,0.2528697,0.1558385,-0.7488468,-1.183252,5.61723,5.575704,-1.655555,7712
91.1,-3.568115,5,0.2386123,0.1578887,-0.519839,-0.888364,5.54975,5.533524,-1.727874,7700
91.12,26.16931,5,0.2339868,0.1726188,-0.2755641,-1.654157,5.684711,5.596533,-1.41624,7728
91.14,-5.195679,5,0.2491861,0.1833566,-0.2297625,0.7461067,5.54975,5.547677,-1.429883,7712
91.16,2.100952,5,0.2629608,0.2060006,0.6862684,-0.8752589,5.54975,5.527918,-1.369288,7708
91.18,25.83215,5,0.3853552,0.25445,4.380926,-1.5663,5.684711,5.614299,-0.8728093,7724
91.2,5.330933,5,0.3051477,0.2623064,-0.8557167,0.6205751,5.61723,5.597297,-1.21087,7696
91.22,-4.775391,5,0.3645819,0.2920583,1.006879,-0.2280479,5.54975,5.555713,-1.177568,7704
91.24,11.46997,5,0.4415978,0.321514,3.403826,-2.039174,5.61723,5.582956,-1.072963,7700
91.26,8.199707,5,0.4385253,0.3255056,-0.8251827,-1.584224,5.61723,5.589177,-1.261456,7724
91.28,6.923706,5,0.4526253,0.3353892,0.5946653,-1.662956,5.61723,5.590815,-1.335054,7716
91.3,7.098389,5,0.4409159,0.3361411,-0.2755641,-1.803988,5.61723,5.586751,-1.487732,7712
91.32,7.329224,5,0.4538783,0.3385409,0.07558119,-1.922727,5.61723,5.584672,-1.542832,7720
91.34,7.575806,5,0.4565216,0.339453,0.06031401,-1.9861,5.61723,5.58225,-1.622673,7724
91.36,8.032471,5,0.4526251,0.3385195,-0.01602192,-1.988918,5.61723,5.579144,-1.700586,7716
91.38,20.03821,5,0.4536689,0.3469113,-0.183961,-1.921613,5.684711,5.61758,-1.605617,7708
91.4,-7.804932,5,0.4414425,0.3431619,-0.3366328,-0.6728981,5.54975,5.551375,-1.861797,7704
91.42,25.27307,5,0.4184476,0.3483437,0.01451245,-2.526585,5.684711,5.59914,-1.734057,7720
91.44,18.64746,5,0.4337231,0.3557435,-0.6267089,-0.4592095,5.684711,5.623419,-1.589471,7712
91.46,4.654907,5,0.4174638,0.3727091,0.06031401,0.2693996,5.61723,5.592526,-1.644516,7708
91.48,-2.303223,5,0.4402098,0.3832479,0.8542075,-0.757616,5.54975,5.539898,-1.736726,7716
91.5,4.431519,5,0.485016,0.3844012,1.739704,-2.283576,5.54975,5.520225,-1.756562,7712
91.52,30.98315,5,0.4589529,0.3782642,-1.038923,-2.469709,5.684711,5.587773,-1.654108,7716
91.54,9.852661,5,0.4659383,0.3858501,-0.1228922,0.03886181,5.61723,5.580201,-1.617256,7708
91.56,11.56934,5,0.4588607,0.4086775,0.4572606,-0.4114476,5.61723,5.575747,-1.599697,7708
91.58,21.61194,5,0.5779595,0.4599688,4.961079,-0.908815,5.684711,5.62751,-1.233879,7716
91.6,4.325317,5,0.5618359,0.4797343,-0.1381594,-0.1929553,5.61723,5.601544,-1.541548,7708
91.62,7.653198,5,0.5921218,0.4978391,-0.01602192,-1.566031,5.61723,5.588953,-1.635514,7720
91.64,21.09766,5,0.5990885,0.5025498,0.04504682,-2.133129,5.684711,5.620193,-1.676207,7724
91.66,-6.255981,5,0.5943385,0.4901861,-0.1381594,-1.185299,5.54975,5.550231,-2.01105,7732
91.68,3.060303,5,0.598757,0.4770182,0.1977187,-3.334566,5.54975,5.517736,-2.182608,7716
91.7,18.79114,5,0.5951742,0.4531584,-0.1228922,-3.77447,5.61723,5.542054,-2.215531,7720
91.72,26.75244,5,0.5772908,0.44663,-0.06182348,-2.393039,5.684711,5.592855,-2.097175,7724
91.74,7.859253,5,0.5863134,0.462247,-0.03128911,-0.7341661,5.61723,5.577744,-2.090291,7728
91.76,9.947144,5,0.6101496,0.48833,0.4267263,-1.624151,5.61723,5.572114,-2.08372,7712
91.78,10.61499,5,0.6430491,0.503579,1.587032,-2.108684,5.61723,5.569938,-2.128869,7716
91.8,11.69373,5,0.6253363,0.5022353,-0.6114421,-2.299383,5.61723,5.563356,-2.284671,7716
91.82,23.95154,5,0.6356555,0.5108524,-0.1534266,-2.324489,5.684711,5.601292,-2.170972,7716
91.84,7.489868,5,0.6323463,0.5164386,-0.1992282,-1.116626,5.61723,5.576511,-2.282262,7732
91.86,22.63306,5,0.6403082,0.5354642,-0.06182348,-1.979863,5.684711,5.605777,-2.176324,7720
91.88,6.365967,5,0.6897943,0.5529764,2.060315,-1.211089,5.61723,5.582781,-2.206668,7728
91.9,10.54785,5,0.6683429,0.5569878,-0.8099151,-2.270789,5.61723,5.566202,-2.393153,7704
91.92,11.61462,5,0.72455,0.5640824,1.831307,-2.736009,5.61723,5.563979,-2.3625,7720
91.94,12.84753,5,0.6891708,0.5530118,-0.9473198,-2.815242,5.61723,5.555744,-2.572353,7712
91.96,24.65088,5,0.7162439,0.561691,-0.2144953,-2.808971,5.684711,5.595921,-2.411161,7708
91.98,8.187378,5,0.6970755,0.5627389,0.1366499,-1.573465,5.61723,5.569767,-2.582494,7748
92,12.25977,5,0.6880441,0.5666475,-0.2144953,-2.386619,5.61723,5.55588,-2.646004,7732
92.02,25.52277,5,0.7087837,0.5755481,0.3198562,-2.553588,5.684711,5.592112,-2.503202,7732
92.04,-1.838989,5,0.6907942,0.5683136,-0.3824344,-1.312649,5.54975,5.524387,-2.771079,7724
92.06,19.06329,5,0.6982099,0.5720471,-0.01602192,-3.251282,5.61723,5.5353,-2.699556,7752
92.08,17.74963,5,0.6996243,0.5643229,0.06031401,-2.422376,5.61723,5.54008,-2.704134,7728
92.1,28.87012,5,0.6914545,0.5764307,-0.4893047,-1.953264,5.684711,5.583019,-2.531518,7748
92.12,-0.06793213,5,0.7085809,0.5884675,0.1824515,-0.6267103,5.54975,5.523611,-2.653115,7760
92.14,20.57141,5,0.6996827,0.5998086,-0.03128911,-2.611554,5.61723,5.534533,-2.636561,7712
92.16,30.84589,5,0.7106596,0.6068566,0.3503905,-1.845596,5.684711,5.580595,-2.47094,7744
92.18,13.23126,5,0.713768,0.6231224,-0.2144953,-0.3366291,5.61723,5.56188,-2.474336,7724
92.2,4.929749,5,0.7172674,0.6354765,0.04504682,-1.151006,5.54975,5.512114,-2.606737,7728
92.22,34.60583,5,0.754904,0.6535265,2.258788,-2.597687,5.684711,5.573818,-2.360201,7740
92.24,13.81329,5,0.8004114,0.6715938,0.6557342,-0.7350739,5.61723,5.565425,-2.35674,7724
92.26,25.51233,5,0.8589352,0.7173347,3.678636,-1.777102,5.684711,5.606524,-2.196789,7752
92.28,20.50299,5,0.8659542,0.7415524,-0.6572433,-1.307109,5.684711,5.618992,-2.34628,7708
92.3,7.543518,5,0.8707544,0.7525847,0.7626044,-1.543849,5.61723,5.579516,-2.60268,7716
92.32,2.157349,5,0.8508725,0.7334577,-0.3060985,-2.96423,5.54975,5.514327,-2.987729,7720
92.34,22.29553,5,0.8500727,0.7061702,-0.550373,-4.415742,5.61723,5.524394,-3.03909,7712
92.36,20.70123,5,0.8278208,0.6778247,-0.596175,-3.266734,5.61723,5.527722,-3.101021,7724
92.38,30.86823,5,0.8410922,0.6866961,0.3503905,-2.69004,5.684711,5.574382,-2.874211,7724
92.4,12.81268,5,0.8538318,0.7035359,0.04504682,-1.350979,5.61723,5.556206,-2.918235,7692
92.42,26.88605,5,0.876656,0.7340927,1.571765,-2.339111,5.684711,5.589063,-2.805481,7708
92.44,22.73328,5,0.8913969,0.7543545,-1.008389,-1.618021,5.684711,5.602015,-2.823902,7712
92.46,9.974609,5,0.8903369,0.7660825,0.1366499,-1.580882,5.61723,5.5642,-3.004239,7696
92.48,4.401123,5,0.8780724,0.75409,-0.4587703,-2.824044,5.54975,5.502235,-3.290817,7696
92.5,13.00116,5,0.8721635,0.7247649,-0.3977011,-4.183424,5.54975,5.472999,-3.437595,7704
92.52,39.73889,5,0.8645502,0.708487,-0.4129688,-4.135061,5.684711,5.542209,-3.217283,7712
92.54,30.14038,5,0.852833,0.7157597,-0.107625,-1.365339,5.684711,5.575199,-3.056976,7688
92.56,14.7926,5,0.8425703,0.7416713,1.190086,-0.4942805,5.61723,5.549407,-3.061014,7712
92.58,5.44104,5,0.9402066,0.7792069,5.296957,-1.818233,5.54975,5.507833,-3.002594,7732
92.6,34.56683,5,0.9658493,0.8008556,-0.2144953,-3.668285,5.684711,5.567453,-2.940891,7708
92.62,26.6723,5,0.9630635,0.8090805,-0.2297625,-1.940429,5.684711,5.590083,-3.00339,7700
92.64,11.8584,5,0.9752528,0.8275902,0.7931387,-1.663966,5.61723,5.559351,-3.12243,7700
92.66,14.54962,5,1.056444,0.8547297,2.671002,-3.249867,5.61723,5.551914,-3.115403,7700
92.68,16.69977,5,1.02376,0.8420724,-0.519839,-3.914268,5.61723,5.537795,-3.465314,7696
92.7,5.988586,5,1.047926,0.8249651,0.5183294,-4.244311,5.54975,5.491977,-3.680679,7728
92.72,23.87823,5,1.022832,0.8024369,0.2282531,-5.43458,5.61723,5.507046,-3.806696,7732
92.74,9.01825,5,1.04177,0.7820312,-0.3671672,-4.5061,5.54975,5.476107,-3.941293,7696
92.76,24.35748,5,1.036238,0.7771891,0.6099325,-5.351388,5.61723,5.50186,-3.938239,7704
92.78,32.75909,5,1.009145,0.7739922,-0.3519,-4.245078,5.684711,5.549778,-3.895816,7716
92.8,14.56787,5,1.008632,0.7855591,0.2893218,-2.690814,5.61723,5.53149,-3.924387,7700
92.82,29.5249,5,0.9951461,0.805954,0.4572606,-3.426999,5.684711,5.560894,-3.841724,7704
92.84,14.87079,5,0.9863063,0.8103285,-0.5351062,-2.393914,5.61723,5.531188,-3.94265,7712
92.86,30.91376,5,0.9920263,0.8275477,-0.06182348,-3.180419,5.684711,5.559278,-3.779243,7712
92.88,28.33746,5,0.9690621,0.8342924,-0.519839,-1.997327,5.684711,5.568717,-3.75165,7708
92.9,16.23279,5,0.9651653,0.8456728,-0.183961,-1.483208,5.61723,5.533247,-3.759041,7708
92.92,22.41492,5,0.9479886,0.8483799,-0.3519,-2.299925,5.61723,5.515401,-3.764905,7696
92.94,36.81665,5,0.9575319,0.8560837,-0.2297625,-2.214853,5.684711,5.550758,-3.529756,7708
92.96,32.48322,5,0.9609045,0.8752684,-0.06182348,-0.7113705,5.684711,5.569204,-3.348408,7716
92.98,19.55994,5,0.9533195,0.8965992,0.04504682,-0.1499459,5.61723,5.53665,-3.357391,7708
93,24.51855,5,0.9800934,0.9177876,0.8084057,-1.166283,5.61723,5.524852,-3.270093,7724
93.02,25.87622,5,1.027165,0.9352809,2.41146,-1.489509,5.61723,5.524358,-3.17771,7708
93.04,27.06085,5,1.006363,0.9378746,-0.2602969,-1.49157,5.61723,5.519642,-3.263069,7700
93.06,27.79095,5,1.016657,0.9443004,-0.01602192,-1.404603,5.61723,5.518824,-3.215791,7720
93.08,28.28314,5,1.017596,0.9513419,-0.01602192,-1.273179,5.61723,5.518416,-3.197918,7704
93.1,28.45544,5,1.030005,0.962382,-0.1381594,-1.175262,5.61723,5.519569,-3.151554,7716
93.12,28.30499,5,1.048984,0.9769039,-0.01602192,-1.154213,5.61723,5.521673,-3.110788,7732
93.14,28.52484,5,1.048966,0.9868962,0.4267263,-1.152383,5.61723,5.520996,-3.137817,7712
93.16,40.38397,5,1.057853,1.004538,0.5793981,-1.130794,5.684711,5.561283,-2.994956,7728
93.18,23.30658,5,1.07878,1.023078,0.5641309,-0.01319662,5.61723,5.540403,-3.029177,7720
93.2,14.84094,5,1.096387,1.035218,1.159551,-1.080832,5.54975,5.490136,-3.200339,7736
93.22,43.77063,5,1.157311,1.055178,1.724437,-2.792473,5.684711,5.55321,-2.983243,7712
93.24,12.89191,5,1.126437,1.040341,0.7015356,-0.9489278,5.54975,5.493011,-3.384147,7696
93.26,32.14008,5,1.140843,1.046008,0.5641309,-2.872183,5.61723,5.507485,-3.336466,7736
93.28,39.30914,5,1.236774,1.071483,3.846575,-2.498328,5.684711,5.564914,-3.084745,7716
93.3,21.14575,5,1.189972,1.075622,0.1061156,-1.398114,5.61723,5.539229,-3.447187,7708
93.32,12.01764,5,1.236304,1.08475,0.7778715,-2.687718,5.54975,5.48965,-3.619778,7720
93.34,29.70312,5,1.264338,1.081193,2.41146,-4.529879,5.61723,5.506557,-3.722095,7720
93.36,27.52789,5,1.236328,1.057754,-0.962587,-3.868911,5.61723,5.507327,-3.956539,7740
93.38,39.04779,5,1.203194,1.048888,0.3351234,-3.517807,5.684711,5.544109,-3.944337,7728
93.4,10.14758,5,1.222052,1.046071,0.5335966,-2.23849,5.54975,5.482629,-4.114405,7712
93.42,18.84589,5,1.21512,1.039225,0.1977187,-4.286099,5.54975,5.452428,-4.286055,7732
93.44,34.22461,5,1.222197,1.023409,0.3656577,-4.756498,5.61723,5.479087,-4.26577,7744
93.46,30.88214,5,1.190082,1.009453,-0.183961,-3.407021,5.61723,5.488074,-4.308643,7724
93.48,29.99969,5,1.169526,1.011848,-0.1534266,-2.783358,5.61723,5.491455,-4.267286,7716
93.5,29.95099,5,1.168106,1.022106,0.1977187,-2.452381,5.61723,5.493745,-4.196837,7704
93.52,30.6731,5,1.150817,1.029644,-0.6114421,-2.175583,5.61723,5.492798,-4.173989,7744
93.54,31.6048,5,1.143911,1.038464,-0.4435031,-1.891122,5.61723,5.492369,-4.099715,7744
93.56,21.40924,5,1.119644,1.035773,-0.4282355,-1.546282,5.54975,5.449556,-4.188518,7596
93.58,50.92749,5,1.122191,1.050142,-0.6572433,-2.298858,5.684711,5.513857,-3.843659,7720
93.6,31.25696,5,1.122825,1.064406,-0.6114421,0.1619932,5.61723,5.504459,-3.751294,7708
93.62,33.40649,5,1.127668,1.096137,-0.4282355,-0.2093005,5.61723,5.50211,-3.607481,7732
93.64,33.95996,5,1.171094,1.126466,2.41146,-0.3763703,5.61723,5.505492,-3.459052,7728
93.66,33.79437,5,1.20172,1.153297,0.8236728,-0.5288297,5.61723,5.508848,-3.393047,7732
93.68,34.9425,5,1.172048,1.160651,-0.596175,-0.541014,5.61723,5.503934,-3.487653,7720
93.7,47.7182,5,1.172527,1.175439,-0.6114421,-0.4046417,5.684711,5.542394,-3.299997,7732
93.72,42.91498,5,1.180692,1.19956,-0.3366328,0.9516737,5.684711,5.561398,-3.146613,7728
93.74,41.49951,5,1.173087,1.229223,-0.2755641,1.393206,5.684711,5.568495,-3.062405,7708
93.76,29.09998,5,1.216116,1.258569,2.136651,1.377711,5.61723,5.535337,-3.036696,7728
93.78,44.73816,5,1.278214,1.293992,3.327491,-0.06316043,5.684711,5.56591,-2.859836,7748
93.8,41.09454,5,1.287963,1.310718,0.8389403,0.5340856,5.684711,5.57648,-2.927109,7756
93.82,27.34576,5,1.334035,1.331685,-0.5656406,0.3802907,5.61723,5.543612,-3.020689,7752
93.84,31.98364,5,1.346929,1.336094,0.7473372,-1.151109,5.61723,5.525478,-3.216887,7736
93.86,45.61853,5,1.360664,1.332622,0.6710012,-1.714902,5.684711,5.55603,-3.243539,7716
93.88,29.86108,5,1.346302,1.320238,-0.9778546,-0.6894658,5.61723,5.525704,-3.472744,7728
93.9,33.2533,5,1.365088,1.320236,0.01451245,-1.667443,5.61723,5.513572,-3.53466,7728
93.92,22.06665,5,1.411063,1.313784,1.81604,-2.151812,5.54975,5.471074,-3.720056,7736
93.94,39.31812,5,1.399951,1.298998,-1.222129,-3.539637,5.61723,5.487831,-3.862161,7740
93.96,36.34497,5,1.398752,1.282207,-0.596175,-2.713267,5.61723,5.493998,-3.96237,7736
93.98,23.51929,5,1.391019,1.270268,0.1671843,-2.470006,5.54975,5.454945,-4.171148,7708
94,40.19257,5,1.387957,1.263769,-0.3519,-3.568827,5.61723,5.476395,-4.182304,7732
94.02,25.38318,5,1.387644,1.248637,-0.1686933,-2.636098,5.54975,5.444837,-4.353932,7712
94.04,52.20142,5,1.399368,1.260309,-0.03128911,-3.505133,5.684711,5.513282,-4.137702,7708
94.06,43.30902,5,1.382823,1.27058,-0.3519,-1.316257,5.684711,5.540811,-4.12784,7716
94.08,16.5929,5,1.390576,1.28734,0.3809245,-0.8449395,5.54975,5.47233,-4.313684,7712
94.1,26.64221,5,1.393613,1.286583,-0.3060985,-3.235806,5.54975,5.438658,-4.477988,7712
94.12,43.24524,5,1.380544,1.26565,-1.115259,-3.72646,5.61723,5.46095,-4.49358,7720
94.14,40.8299,5,1.337148,1.24657,-0.6572433,-2.227023,5.61723,5.467951,-4.499969,7708
94.16,51.03864,5,1.348905,1.265933,0.1061156,-1.493673,5.684711,5.517057,-4.176374,7716
94.18,21.67029,5,1.359328,1.283825,-0.1992282,-0.06116146,5.54975,5.4599,-4.276289,7696
94.2,30.49408,5,1.357556,1.294262,-0.1686933,-2.067817,5.54975,5.43225,-4.346684,7724
94.22,46.52356,5,1.353764,1.287956,-0.8404495,-2.45752,5.61723,5.458826,-4.27232,7716
94.24,43.18231,5,1.344324,1.288855,-0.04655629,-1.062185,5.61723,5.471681,-4.171569,7720
94.26,53.4856,5,1.339858,1.31419,0.04504682,-0.4346873,5.684711,5.519439,-3.912246,7732
94.28,48.18878,5,1.329283,1.344848,-0.5351062,1.060577,5.684711,5.539832,-3.768195,7716
94.3,34.99829,5,1.33485,1.376315,-0.2602969,1.475864,5.61723,5.50879,-3.746433,7700
94.32,52.19128,5,1.336546,1.4027,-0.5351062,0.4471067,5.684711,5.53409,-3.590963,7716
94.34,38.64337,5,1.321818,1.407673,-0.4893047,1.535884,5.61723,5.502671,-3.644963,7708
94.36,32.21008,5,1.321261,1.410043,0.02977964,0.8711101,5.54975,5.449407,-3.689923,7728
94.38,51.27466,5,1.341017,1.413269,0.1061156,-0.2508264,5.61723,5.469669,-3.506648,7716
94.4,49.08868,5,1.333001,1.41306,-0.1534266,0.964816,5.61723,5.479356,-3.422827,7724
94.42,47.5777,5,1.356686,1.436049,1.373291,1.470141,5.61723,5.488894,-3.235234,7712
94.44,33.42566,5,1.442784,1.473235,3.587033,1.338593,5.54975,5.46265,-3.14922,7704
94.46,36.10199,5,1.515761,1.504487,4.167186,-0.4213201,5.54975,5.45449,-3.207018,7740
94.48,48.62494,5,1.536598,1.514455,-0.8404495,-1.358716,5.61723,5.486763,-3.322491,7736
94.5,43.90344,5,1.53766,1.515932,0.2893218,-0.7206541,5.61723,5.496782,-3.480986,7712
94.52,42.61932,5,1.522629,1.517107,-0.1228922,-0.7282137,5.61723,5.49619,-3.640834,7696
94.54,30.60284,5,1.53874,1.512944,0.2129859,-0.9436856,5.54975,5.454873,-3.852191,7704
94.56,35.8598,5,1.546495,1.500392,0.1061156,-2.325602,5.54975,5.434551,-4.036123,7708
94.58,61.70355,5,1.52822,1.487753,-0.4893047,-2.596054,5.684711,5.502585,-3.965281,7724
94.6,40.23566,5,1.528569,1.486791,-0.1992282,-0.1954186,5.61723,5.49364,-4.012728,7716
94.62,41.04468,5,1.547195,1.508741,1.403826,-0.8413198,5.61723,5.491385,-3.997624,7720
94.64,39.28394,5,1.649342,1.542353,3.663368,-1.530722,5.61723,5.499667,-3.907405,7688
94.66,39.79401,5,1.598106,1.537277,-0.6267089,-1.991315,5.61723,5.489662,-4.287222,7724
94.68,28.4408,5,1.633275,1.529547,0.1366499,-2.389376,5.54975,5.446432,-4.469918,7732
94.7,57.06049,5,1.635039,1.526676,0.3198562,-3.755075,5.684711,5.505706,-4.421039,7712
94.72,37.07941,5,1.627394,1.516173,-0.0007547362,-1.770218,5.61723,5.489392,-4.598034,7704
94.74,38.61487,5,1.642895,1.526246,0.7015356,-2.531466,5.61723,5.483213,-4.636718,7720
94.76,37.84222,5,1.711162,1.54169,2.976346,-3.110455,5.61723,5.485909,-4.641172,7732
94.78,49.58209,5,1.68747,1.543073,-0.03128911,-3.467473,5.684711,5.519541,-4.783516,7716
94.8,44.07013,5,1.712089,1.553672,0.3961921,-2.604196,5.684711,5.535322,-4.794909,7700
94.82,29.95819,5,1.727957,1.563889,0.5030622,-2.671793,5.61723,5.500575,-5.005141,7704
94.84,34.79144,5,1.728981,1.558855,0.1519171,-4.144458,5.61723,5.480516,-5.232256,7704
94.86,36.82355,5,1.744098,1.542698,0.1366499,-4.680763,5.61723,5.470631,-5.38328,7712
94.88,37.37457,5,1.749476,1.527456,0.2740546,-4.850711,5.61723,5.465603,-5.510973,7720
94.9,37.35126,5,1.752489,1.516095,0.1671843,-4.920458,5.61723,5.462635,-5.623563,7708
94.92,95.35822,5,1.740738,1.543858,0.2129859,-4.805281,5.95463,5.661732,-5.068514,7708
94.94,79.50439,5,1.75469,1.616464,-0.0007547362,1.100304,6.02211,5.793519,-4.587701,7680
94.96,52.45551,5,1.727286,1.716531,1.388559,3.467515,5.95463,5.804511,-4.531268,7684
94.98,45.46008,5,2.068644,1.887884,18.02979,1.153098,5.95463,5.844199,-3.829957,7692
95,38.95312,5,2.241486,2.003245,8.212989,-1.663943,5.95463,5.859959,-4.166864,7704
95.02,36.58014,5,2.30126,2.043861,3.083216,-4.388921,5.95463,5.849744,-4.894543,7704
95.04,38.56561,5,2.25603,2.013022,-0.7488468,-6.284045,5.95463,5.821345,-5.753684,7696
95.06,-121.2222,5,2.252721,1.853698,-1.466404,-7.687567,5.009911,5.231339,-8.189719,7692
95.08,-55.24017,5,2.226866,1.600549,-1.817549,-24.68604,4.94243,4.916977,-9.853352,7740
95.1,-17.22601,5,2.118953,1.222425,-5.924421,-28.89798,4.94243,4.768425,-11.16785,7736
95.12,68.30237,5,1.392482,0.7901781,-39.03893,-25.28574,5.27983,4.839285,-12.20152,7760
95.14,72.51379,5,0.4680324,0.3822242,-52.12291,-11.14709,5.27983,4.810911,-12.45745,7752
95.16,75.26453,5,0.3454125,0.3085164,-4.061825,-0.9488654,5.27983,4.864318,-9.703446,7724
95.18,9.517578,5,0.5285832,0.4338327,15.3733,5.359895,4.94243,4.761844,-7.574187,7744
95.2,208.0059,5,0.8599921,0.783564,20.94582,2.218319,6.02211,5.425645,-3.556138,7736
95.22,90.9599,5,1.363052,1.233535,21.14429,18.45376,5.887151,5.701553,-1.24698,7664
95.24,74.25531,5,1.451876,1.687003,5.037415,17.10262,5.95463,5.842785,-0.7492841,7676
95.26,40.70984,5,2.028357,2.093872,44.90002,12.57934,5.887151,5.894086,-0.07224721,7688
95.28,35.95239,5,2.734293,2.459421,28.97635,3.850067,5.95463,5.992694,0.1396511,7676
95.3,14.72266,5,2.757001,2.549334,0.2740546,-2.512002,5.887151,5.930431,-2.239244,7692
95.32,-126.1515,5,2.65494,2.359163,-5.069459,-8.864177,5.009911,5.317061,-6.101218,7692
95.34,1.939575,5,2.472813,2.022766,-12.22977,-26.58295,5.27983,5.161515,-8.1731,7748
95.36,18.92804,5,2.197481,1.57808,-17.08473,-24.45273,5.27983,5.066896,-9.700191,7724
95.38,106.7834,5,1.480609,1.186278,-43.28321,-18.79198,5.684711,5.212394,-10.22168,7752
95.4,-92.82043,5,0.4818766,0.6788027,-33.45115,-3.24072,4.53755,4.516049,-12.82496,7728
95.42,238.9049,5,0.5461223,0.6342224,0.7320697,-12.77295,5.95463,5.144026,-7.916426,7784
95.44,160.1813,5,0.7957241,0.8086328,14.90001,13.62998,6.02211,5.553469,-4.322439,7692
95.46,99.11182,5,0.8399434,1.237794,-7.619077,22.96204,5.95463,5.724257,-2.142965,7684
95.48,91.24554,5,0.7988818,1.592093,11.03742,23.15756,5.95463,5.778882,-1.267772,7692
95.5,4.363708,5,2.162817,2.159657,59.8466,17.80065,5.61723,5.759334,1.63634,7676
95.52,4.829529,5,2.720935,2.524561,30.3504,3.618562,5.61723,5.748936,0.5818905,7704
95.54,-13.54041,5,3.20873,2.669458,21.17483,-7.393804,5.54975,5.688628,-1.278999,7732
95.56,-151.3389,5,2.921167,2.392305,-14.99313,-15.91838,4.67251,5.032006,-6.615797,7724
95.58,157.2837,5,2.541812,2.033089,-23.0542,-33.73381,5.95463,5.436763,-7.525389,7776
95.6,-82.79187,5,1.992692,1.499564,-30.65725,-12.93973,4.87495,4.920236,-10.67367,7676
95.62,-6.742981,5,2.215662,1.351392,15.48017,-24.18948,5.009911,4.843539,-9.772946,7756
95.64,40.2735,5,2.379879,1.230634,-2.504572,-24.41676,5.27983,4.998805,-9.589929,7764
95.66,31.17981,5,1.656417,0.9779662,-46.76413,-17.40503,5.27983,4.977292,-11.44057,7720
95.68,-132.2029,5,0.712384,0.5263426,-15.05419,-10.90295,4.20015,4.227753,-14.63031,7720
95.7,156.7135,5,0.9419758,0.4295455,11.6023,-23.41555,5.34731,4.674641,-10.62409,7788
95.72,162.8148,5,0.5356202,0.3451466,-26.24504,-0.989325,5.684711,5.072147,-8.777048,7696
95.74,-131.3202,5,0.04194525,0.3087703,-1.878618,15.57184,4.20015,4.346838,-9.712814,7712
95.76,144.4852,5,1.151869,0.7624648,49.37331,-6.446407,5.34731,4.888537,-3.881224,7776
95.78,53.44995,5,1.317181,0.9772983,6.106118,6.281209,5.21235,5.045784,-3.677539,7712
95.8,65.07239,5,1.133763,1.18533,-11.08473,6.171355,5.34731,5.15556,-3.588954,7724
95.82,22.89178,5,2.000743,1.556866,34.02979,4.327972,5.27983,5.260404,-1.627907,7720
95.84,18.68317,5,1.861163,1.687188,-5.115261,-0.6743307,5.27983,5.239501,-3.358631,7720
95.86,31.28674,5,1.999932,1.738301,3.022147,-4.850692,5.34731,5.25793,-3.847381,7732
95.88,92.33191,5,1.743549,1.685438,-9.161062,-5.352602,5.684711,5.417585,-4.492837,7724
95.9,55.78119,5,1.782466,1.690866,0.9916119,0.3087331,5.61723,5.456736,-4.265358,7700
95.92,48.24182,5,1.86346,1.766346,5.709171,0.07520008,5.61723,5.483647,-4.07414,7700
95.94,29.04639,5,2.071531,1.852439,6.655736,-1.57203,5.54975,5.469928,-4.106494,7704
95.96,45.39062,5,1.988404,1.850644,-0.4587703,-4.295837,5.61723,5.474577,-4.893651,7692
95.98,42.51489,5,2.039116,1.835344,-1.084725,-4.623234,5.61723,5.474808,-5.148379,7720
96,42.85986,5,1.971907,1.79775,-3.756481,-4.911307,5.61723,5.460989,-5.63036,7712
96.02,88.66461,-5,2.000274,1.7767,-0.5351062,-5.169739,5.61723,5.457174,-5.750352,7704
96.04,91.72003,-5,1.99765,1.807406,-0.04655629,-0.6646783,5.61723,5.45376,-5.832894,7708
96.06,106.3612,-5,2.068257,1.934413,3.480163,2.452732,5.684711,5.498653,-5.458014,7712
96.08,103.2042,-5,2.22377,2.127351,7.907645,5.518499,5.684711,5.527586,-5.075264,7704
96.1,79.71661,-5,2.417263,2.34214,10.33513,6.577923,5.54975,5.464383,-5.103379,7704
96.12,88.81445,-5,2.751116,2.581814,15.03742,3.836325,5.54975,5.451712,-4.956509,7688
96.14,107.1895,-5,2.878427,2.756552,5.480163,2.593101,5.61723,5.467914,-5.456025,7692
96.16,123.1348,-5,2.881176,2.883749,1.678635,3.692816,5.684711,5.487686,-5.965182,7688
96.18,112.8596,-5,2.969082,3.021267,4.930544,5.756971,5.61723,5.448558,-6.187088,7704
96.2,132.6315,-5,3.128232,3.195715,7.587034,5.623918,5.684711,5.473759,-6.043245,7696
96.22,131.8717,-5,3.316013,3.384332,10.22826,6.951052,5.684711,5.487227,-6.010179,7696
96.24,112.0332,-5,3.413826,3.545507,6.915278,7.422637,5.54975,5.399373,-6.553974,7696
96.26,149.4531,-5,3.612369,3.723975,9.892378,5.16549,5.684711,5.442249,-6.458186,7692
96.28,146.5844,-5,3.770187,3.889057,7.816042,6.969677,5.684711,5.456492,-6.648265,7684
96.3,149.4156,-5,3.847431,4.049699,5.938179,7.658749,5.684711,5.448155,-6.99474,7684
96.32,-34.51628,-5,4.125819,4.125724,13.84658,7.10455,4.60503,4.806492,-9.075227,7688
96.34,53.7816,-5,4.319888,4.097664,10.19772,-12.42966,4.60503,4.510626,-10.66746,7744
96.36,93.88466,-5,4.353604,3.894294,-4.580909,-16.4881,4.60503,4.359031,-12.2742,7764
96.38,122.6292,-5,3.878189,3.617353,-34.64199,-13.49164,4.60503,4.232256,-13.98732,7760
96.4,149.4373,-5,3.377476,3.384275,-16.62671,-6.881759,4.60503,4.13858,-14.50349,7760
96.42,0.7164001,-5,3.383135,3.263097,-0.519839,-0.1281915,3.660311,3.570242,-14.95589,7764
96.44,56.41702,-5,3.51008,3.215096,5.999248,-11.08817,3.525351,3.272311,-14.81957,7828
96.46,352.9874,-5,3.606576,3.29673,4.68627,-12.40441,5.009911,4.054925,-11.67716,7820
96.48,251.4019,-5,3.103287,3.416336,-29.81756,18.38496,4.94243,4.319781,-10.81331,7728
96.5,243.3014,-5,2.8722,3.8129,1.693902,29.34125,5.009911,4.475117,-8.57029,7736
96.52,213.2036,-5,3.532492,4.415178,37.41911,33.61626,4.94243,4.591328,-5.297266,7744
96.54,184.8494,-5,4.42862,5.094376,55.02216,30.44984,4.87495,4.681111,-3.159941,7736
96.56,177.9704,-5,5.455499,5.760103,48.91529,22.12459,4.94243,4.820555,-2.141351,7748
96.58,167.4633,-5,6.174313,6.26407,37.35804,13.56653,5.009911,4.917083,-3.123668,7732
96.6,212.826,-5,6.500165,6.577343,13.34276,5.891521,5.34731,5.105616,-4.899378,7720
96.62,6.717407,-5,6.468079,6.558436,1.602299,5.107513,4.267631,4.456527,-9.746441,7720
96.64,153.2113,-5,6.433839,6.414698,-0.3824344,-15.96354,4.60503,4.311079,-12.2736,7776
96.66,51.86261,-5,6.448381,6.066719,-1.130526,-15.38592,3.93023,3.816815,-15.55639,7760
96.68,167.3848,-5,6.034018,5.701361,-32.10764,-23.73843,4.20015,3.702502,-17.66181,7816
96.7,72.32874,-5,5.512681,5.226715,-22.87099,-16.07063,3.525351,3.198628,-20.42139,7792
96.72,277.2722,-5,4.880854,4.895211,-33.97023,-18.1573,4.267631,3.382775,-19.95582,7832
96.74,89.02625,-5,4.366848,4.572487,-14.82519,2.567194,3.25543,2.852242,-20.78161,7776
96.76,278.8929,-5,4.385053,4.634643,-5.405336,-2.483246,3.93023,3.087431,-17.44957,7860
96.78,86.23926,-5,4.677868,4.741947,20.5794,12.09243,2.985511,2.697306,-16.61032,7832
96.8,33.36865,-5,4.71365,4.824744,-7.66488,1.979639,2.31071,2.129408,-17.40346,7856
96.82,163.2991,-5,5.28382,4.919447,36.28934,-11.74891,2.64811,2.147013,-15.98534,7904
96.84,40.79919,-5,5.175755,4.77972,-11.60381,-7.560699,1.90583,1.684981,-18.10155,7880
96.86,256.0051,-5,4.212468,4.496922,-46.50459,-13.57424,2.64811,1.808791,-19.01075,7932
96.88,102.1588,-5,4.578442,4.433823,8.64047,2.720644,1.90583,1.522643,-17.26774,7876
96.9,266.0963,-5,4.403446,4.558111,-15.80229,-1.14747,2.58063,1.80741,-15.39637,7928
96.92,59.64844,-5,4.494133,4.630723,15.02215,12.23218,1.568431,1.353473,-15.63682,7892
96.94,65.18188,-5,4.789757,4.772996,6.380927,-0.8288364,1.23103,0.9905962,-15.42454,7952
96.96,-8.718994,-5,5.41135,4.79446,33.40384,-11.18342,0.5562305,0.4865673,-16.24935,7972
96.98,176.4926,-5,5.451403,4.706761,-5.664879,-25.33267,1.23103,0.6473548,-16.721,8008
97,-119.8448,-5,4.742422,4.201318,-43.87863,-14.20002,-0.4559698,-0.3906942,-22.03472,7980
97.02,156.2191,-5,3.739663,3.640222,-50.65726,-33.07968,0.2188301,-0.5403879,-23.26133,8060
97.04,56.953,-5,4.065887,3.274293,15.58704,-18.96065,-0.3884897,-0.8460338,-21.49374,8008
97.06,199.953,-5,4.028741,3.244222,-4.016023,-19.28075,0.2188301,-0.5599594,-19.02942,8048
97.08,119.8279,-5,3.465937,3.146215,-33.57328,-3.235536,-0.1185694,-0.6760651,-19.2656,8008
97.1,24.26648,-5,3.036753,3.066108,-9.573277,0.5111445,-0.8608494,-1.1868,-19.55049,8052
97.12,173.3875,-5,3.403852,3.184957,28.99162,-7.634302,-0.3884897,-1.042169,-16.2761,8108
97.14,23.36414,-5,3.845402,3.31105,17.37329,0.3354046,-1.13077,-1.345708,-15.42646,8080
97.16,-17.25281,-5,3.722545,3.305907,-8.58091,-9.281394,-1.670609,-1.826067,-16.88339,8096
97.18,154.5533,-5,3.345897,3.115447,-22.48931,-18.19311,-1.13077,-1.764052,-16.9977,8132
97.2,42.6366,-5,2.834318,2.795857,-28.13817,-5.209833,-1.805569,-2.167158,-17.86747,8104
97.22,237.9675,-5,2.304952,2.657802,-17.29847,-5.808838,-1.06329,-1.906046,-15.56024,8128
97.24,244.936,-5,2.607651,2.848736,19.52597,12.65733,-0.7933693,-1.519098,-11.01429,8112
97.26,82.4668,-5,2.797093,3.221917,5.892377,24.71983,-1.46817,-1.694858,-9.298202,8056
97.28,-63.41187,-5,3.741184,3.671857,58.09087,12.81128,-2.412889,-2.233236,-8.574055,8104
97.3,53.47485,-5,4.84038,4.031303,48.22827,-13.31681,-2.075489,-2.191794,-7.969713,8172
97.32,89.72253,-5,5.153378,4.086648,5.785507,-19.73683,-1.805569,-2.047759,-9.839503,8156
97.34,-15.69922,-5,4.692881,3.851367,-24.93206,-19.00672,-2.345409,-2.417063,-14.07771,8128
97.36,155.0105,-5,3.746215,3.441367,-47.64962,-25.75591,-1.738089,-2.349853,-16.34136,8172
97.38,63.88806,-5,2.523961,2.817062,-56.871,-9.060374,-2.345409,-2.794898,-18.84203,8128
97.4,16.3739,-5,2.42308,2.515693,-1.054191,-7.081506,-2.95273,-3.273792,-17.38724,8184
97.42,110.4094,-5,2.684079,2.43968,20.59467,-11.31759,-2.75029,-3.265103,-14.73715,8212
97.44,5.253052,-5,2.771469,2.370563,1.235887,-5.102368,-3.357609,-3.577775,-14.41508,8228
97.46,-58.84351,-5,2.520812,2.200113,-12.65725,-10.97899,-4.03241,-4.134511,-15.79171,8248
97.48,62.22583,-5,2.596341,2.032723,4.243522,-21.43809,-3.762489,-4.186381,-14.92087,8304
97.5,-24.59204,-5,2.572666,1.811135,-3.191595,-16.22298,-4.30233,-4.506599,-15.3335,8312
97.52,82.00244,-5,2.262084,1.641962,-20.82519,-20.35261,-3.96493,-4.456575,-14.89802,8312
97.54,204.3284,-5,1.65895,1.48056,-34.1687,-10.00056,-3.290129,-4.068403,-13.47697,8276
97.56,-2.377441,-5,0.9010348,1.301305,-36.90153,11.40545,-4.30233,-4.539264,-13.91207,8216
97.58,114.6769,-5,1.338567,1.522205,24.12139,3.392564,-3.96493,-4.42487,-9.623131,8316
97.6,88.84619,-5,2.171207,1.884272,43.2359,7.167034,-3.96493,-4.247068,-6.333249,8292
97.62,48.13892,-5,2.760375,2.302099,25.11376,5.057419,-4.03241,-4.154909,-5.166756,8288
97.64,-108.3646,-5,2.860566,2.425654,1.907643,-1.097816,-4.909649,-4.681366,-7.952791,8280
97.66,25.91528,-5,2.787705,2.320476,0.4877952,-20.57498,-4.572248,-4.765151,-9.529322,8336
97.68,20.07288,-5,2.836452,2.085904,3.678636,-20.08014,-4.639729,-4.84449,-10.45752,8340
97.7,86.9707,-5,2.601958,1.910059,-11.60381,-19.45524,-4.30233,-4.695729,-10.65822,8352
97.72,-101.9753,-5,2.189985,1.622028,-27.25267,-11.29409,-5.314529,-5.274144,-13.17167,8304
97.74,46.57495,-5,1.55009,1.28474,-36.71832,-22.67654,-4.977129,-5.386496,-13.95458,8352
97.76,127.1599,-5,1.055833,0.9414581,-16.88626,-13.37104,-4.639729,-5.2433,-12.83303,8344
97.78,94.83374,-5,0.9547982,0.893276,-4.870985,1.243078,-4.707209,-5.155833,-10.22121,8308
97.8,89.09631,-5,1.326438,1.166594,16.15192,6.429889,-4.639729,-4.980732,-6.973498,8296
97.82,62.90662,-5,1.797899,1.544255,31.05269,7.716647,-4.639729,-4.841799,-5.003338,8316
97.84,28.93518,-5,2.329502,1.92003,30.18246,4.121937,-4.707209,-4.782622,-4.191343,8308
97.86,26.2981,-5,2.877489,2.234793,24.99162,-3.504954,-4.639729,-4.694963,-4.137336,8312
97.88,26.85925,-5,2.989251,2.351675,3.770239,-9.17524,-4.572248,-4.658904,-5.651192,8300
97.9,71.4425,-5,2.819322,2.320149,-14.29084,-12.21221,-4.30233,-4.54263,-7.014048,8312
97.92,-88.74744,-5,2.439437,2.075543,-17.74122,-8.783188,-5.179569,-5.081209,-10.17657,8292
97.94,-40.24988,-5,2.313663,1.801695,-5.954956,-22.3206,-5.314529,-5.411476,-11.49584,8360
97.96,19.23853,-5,2.391462,1.516233,1.785506,-26.58293,-5.179569,-5.450353,-11.60812,8364
97.98,-2.709717,-5,2.214698,1.252805,-11.58854,-22.87357,-5.314529,-5.548019,-12.29324,8348
98,18.43616,-5,1.626038,0.9582379,-34.10764,-20.66756,-5.314529,-5.642794,-13.34173,8356
98.02,59.2395,-5,0.7712042,0.5987521,-45.16107,-14.14994,-5.247049,-5.711764,-13.83446,8332
98.04,86.0686,-5,-0.04786912,0.2860354,-46.21451,-2.918768,-5.247049,-5.773581,-12.85969,8348
98.06,98.97559,-5,-0.6366482,0.1229992,-2.580908,9.239317,-5.314529,-5.824839,-10.44831,8332
98.08,206.0327,-5,0.242536,0.5519987,41.92292,15.92431,-4.639729,-5.239904,-3.15382,8344
98.1,125.4288,-5,0.8583054,1.176417,34.71682,29.11744,-4.639729,-4.883912,0.5468055,8324
98.12,25.53345,-5,1.75666,1.912529,40.39621,26.59159,-4.909649,-4.809711,2.525614,8312
98.14,-75.59436,-5,2.831173,2.501838,59.29698,11.05305,-5.38201,-5.008827,2.000781,8328
98.16,-53.63879,-5,3.855312,2.854095,51.20537,-12.87164,-5.314529,-5.036661,0.2979732,8364
98.18,-65.10364,-5,4.382153,2.872679,18.91528,-28.30709,-5.314529,-5.092852,-3.385581,8372
98.2,13.08313,-5,3.872924,2.531776,-27.66489,-37.88601,-4.909649,-5.025927,-8.175785,8340
98.22,-98.05212,-5,2.639229,1.796672,-68.91681,-32.48889,-5.58445,-5.585256,-14.35004,8324
98.24,109.3285,-5,1.277357,1.028216,-76.50459,-35.32751,-4.909649,-5.556215,-16.10184,8372
98.26,-49.64771,-5,-0.06814206,0.1834994,-71.06948,-12.09048,-5.92185,-6.21712,-17.94701,8344
98.28,249.8315,-5,-0.03813399,0.04760277,3.296956,-12.37775,-4.639729,-5.595575,-11.29158,8408
98.3,176.8716,-5,0.0562367,0.235273,14.27406,17.41959,-4.572248,-5.172285,-6.575919,8340
98.32,108.4098,-5,0.4652712,0.8344913,16.04505,28.36762,-4.639729,-4.925088,-2.340606,8324
98.34,-73.66577,-5,0.7149791,1.284886,14.4878,27.56462,-5.58445,-5.370802,-2.417514,8328
98.36,140.3325,-5,1.704272,1.819919,60.31987,5.731684,-4.639729,-4.911613,0.9936796,8368
98.38,61.70325,-5,2.746589,2.292693,44.56414,9.401985,-4.639729,-4.628933,2.229327,8292
98.4,17.11572,-5,3.202319,2.687077,16.76261,2.304662,-4.639729,-4.523637,0.9037567,8304
98.42,-152.832,-5,3.060272,2.631601,-7.329002,-6.79354,-5.58445,-5.152537,-4.367787,8308
98.44,-17.05554,-5,2.703356,2.265269,-19.86336,-28.67868,-5.314529,-5.369592,-7.847587,8368
98.46,-151.7106,-5,2.282687,1.595405,-24.58092,-28.39344,-6.259249,-6.087309,-12.07761,8352
98.48,-11.15967,-5,1.744002,0.9582158,-30.38244,-39.91852,-5.989328,-6.274019,-13.60885,8396
98.5,85.47083,-5,1.022649,0.3506042,-39.58855,-30.77938,-5.58445,-6.143815,-13.72132,8392
98.52,-81.28052,-5,-0.01328969,-0.2236916,-57.7565,-11.85741,-6.529169,-6.698277,-15.23781,8376
98.54,-9.099243,-5,-1.027949,-0.7176318,-52.48932,-12.77219,-6.664129,-7.059514,-14.9196,8420
98.56,55.47363,-5,-0.7836258,-0.8711313,35.41911,-6.794305,-6.529169,-6.995808,-10.35833,8420
98.58,31.90845,-5,-0.5288176,-0.7536657,28.2588,2.833675,-6.596649,-6.897025,-6.809607,8416
98.6,181.4938,-5,-0.2692147,-0.3676208,11.98398,6.329895,-5.65193,-6.218042,-2.326929,8416
98.62,94.14026,-5,-0.0320021,0.1056784,9.190087,22.96971,-5.65193,-5.880603,0.2791762,8364
98.64,67.96594,-5,0.6529992,0.7783119,28.13666,22.90176,-5.51697,-5.581113,3.124249,8380
98.66,8.65686,-5,1.561498,1.420301,52.28934,17.14112,-5.58445,-5.434445,4.244772,8360
98.68,-18.88135,-5,2.32752,1.897457,46.36568,4.753623,-5.58445,-5.361272,3.506938,8364
98.7,-42.34705,-5,3.04992,2.181772,33.25117,-8.689445,-5.58445,-5.333209,1.702332,8380
98.72,-243.1139,-5,3.419813,2.101192,8.884744,-21.6631,-6.664129,-6.017832,-3.67633,8376
98.74,-64.58044,-5,2.367614,1.45164,-59.69543,-46.85657,-6.259249,-6.293664,-10.11895,8408
98.76,-117.9591,-5,0.9953647,0.3632064,-74.8252,-41.11533,-6.86657,-6.940792,-15.65312,8408
98.78,86.33484,-5,-0.4611552,-0.604975,-74.00078,-37.59592,-6.259249,-6.944163,-16.14665,8440
98.8,-59.41748,-5,-1.787295,-1.468876,-65.54276,-10.50569,-7.20397,-7.531852,-16.37419,8408
98.82,36.55713,-5,-2.279042,-1.834132,-7.420605,-5.58329,-7.13649,-7.651986,-12.17778,8452
98.84,29.05115,-5,-2.133116,-1.862823,23.28169,6.900239,-7.27145,-7.641551,-7.317543,8464
98.86,198.0305,-5,-1.666806,-1.438231,23.26643,13.26093,-6.259249,-6.888464,-0.5504951,8488
98.88,105.1454,-5,-1.01086,-0.7556995,28.16719,32.37938,-6.191769,-6.402362,4.202933,8376
98.9,16.8252,-5,-0.282459,0.05962104,32.36567,33.155,-6.326729,-6.203643,6.779301,8412
98.92,-51.45251,-5,0.3216957,0.6515008,36.70155,22.65128,-6.596649,-6.277736,6.568062,8416
98.94,-59.46436,-5,1.53928,1.155149,58.57942,4.714622,-6.596649,-6.237709,6.936065,8420
98.96,-73.65979,-5,2.519054,1.469336,41.40384,-11.27449,-6.529169,-6.156367,5.310656,8440
98.98,-52.75891,-5,2.91095,1.535799,7.525965,-24.58614,-6.259249,-6.016113,2.023772,8412
99,-209.6111,-5,1.50615,0.8713797,-75.10001,-26.96768,-7.20397,-6.788672,-6.99574,8404
99.02,18.52527,-5,-0.004644731,-0.05054745,-74.8252,-39.09013,-6.596649,-6.949707,-10.73828,8472
99.04,99.68372,-5,-1.354825,-0.9611195,-61.10001,-19.41446,-6.326729,-6.926855,-10.82128,8440
99.06,92.88538,-5,-1.35348,-1.171539,-6.489306,1.786799,-6.259249,-6.72129,-5.700835,8408
99.08,71.94299,-5,-1.587298,-1.061206,-9.054193,15.92431,-6.259249,-6.570613,-2.518154,8416
99.1,46.6731,-5,-1.474374,-0.7677711,15.44963,22.80036,-6.326729,-6.483062,0.5436285,8388
99.12,-23.87292,-5,-0.4611044,-0.2424621,54.94583,21.32047,-6.596649,-6.461239,4.036139,8400
99.14,-29.76306,-5,0.6603343,0.3326223,50.90003,9.481604,-6.529169,-6.31052,5.83704,8416
99.16,-70.58203,-5,1.366584,0.6959488,33.95346,-1.359779,-6.596649,-6.278481,4.652888,8424
99.18,-81.69971,-5,1.685972,0.8070669,15.5565,-13.77045,-6.596649,-6.311325,2.021476,8416
99.2,-230.1567,-5,1.108302,0.4005866,-40.12291,-21.54887,-7.541368,-7.037554,-4.317157,8420
99.22,-54.16797,-5,-0.1847758,-0.4006265,-65.16109,-37.21126,-7.20397,-7.335903,-8.795808,8464
99.24,-12.43298,-5,-1.449352,-1.343139,-67.43589,-25.55518,-7.27145,-7.593792,-10.48413,8460
99.26,103.8512,-5,-2.600882,-1.994676,-60.21451,-9.597673,-6.86657,-7.474697,-8.376102,8464
99.28,-103.2078,-5,-3.093809,-2.338682,-7.069459,13.95904,-8.013729,-8.027697,-6.270867,8428
99.3,77.61707,-5,-2.072813,-1.979522,51.22064,5.504575,-7.27145,-7.589465,1.175513,8512
99.32,-28.63843,-5,-1.137787,-1.493471,48.21301,14.98183,-7.473888,-7.379801,4.471653,8456
99.34,85.53967,-5,-0.3956518,-0.8334089,34.3962,8.333172,-6.596649,-6.702875,7.472678,8476
99.36,-43.99585,-5,0.1366137,-0.3198787,22.12139,13.57604,-6.799089,-6.528497,7.176039,8424
99.38,-76.31445,-5,0.3138555,0.001954406,7.556499,3.308048,-6.86657,-6.550702,5.304317,8444
99.4,-82.37769,-5,0.3310663,0.018772,0.2740546,-6.841881,-6.93405,-6.669922,2.783644,8452
99.42,-73.56165,-5,0.4600843,-0.09519416,4.777873,-14.6331,-6.93405,-6.744389,1.14077,8476
99.44,-58.29773,-5,0.4005059,-0.2934155,-4.321367,-18.71548,-6.86657,-6.765842,-0.5076821,8448
99.46,-59.01404,-5,0.1608662,-0.5449475,-14.62671,-19.11712,-6.86657,-6.813253,-2.149892,8440
99.48,9.015625,-5,-0.3658197,-0.8256185,-30.77939,-17.5925,-6.529169,-6.691358,-3.116408,8432
99.5,1.515869,-5,-1.048429,-1.122015,-35.52748,-7.434659,-6.529169,-6.693147,-3.721833,8412
99.52,-150.5342,-5,-1.615168,-1.433113,-31.49695,0.08288133,-7.473888,-7.282997,-4.986331,8416
99.54,84.8678,-5,-1.853843,-1.582174,6.25879,-9.128136,-6.596649,-6.993981,-2.418629,8484
99.56,-24.17053,-5,-0.9377169,-1.396891,44.2588,5.371972,-6.86657,-6.852236,1.4921,8420
99.58,-51.49451,-5,-0.4468682,-1.028892,25.02216,2.267703,-6.86657,-6.728444,2.794964,8432
99.6,-75.50427,-5,-0.3686028,-0.8562706,-0.5809073,-2.834688,-6.93405,-6.751157,1.644869,8440
99.62,-56.66504,-5,-0.4655211,-0.8634034,-7.023658,-8.28579,-6.86657,-6.768872,0.4206279,8452
99.64,-64.09082,-5,-0.6207594,-0.9866434,-6.764116,-9.500232,-6.93405,-6.849125,-0.6240996,8444
99.66,-41.85059,-5,-0.7731937,-1.124613,-9.054193,-10.52909,-6.86657,-6.857791,-0.9680899,8428
99.68,-52.08276,-5,-0.9413125,-1.266014,-10.19923,-8.435233,-6.93405,-6.909263,-1.228508,8440
99.7,-33.42053,-5,-1.078189,-1.36386,-8.565642,-7.607758,-6.86657,-6.890421,-0.9653414,8432
99.72,-24.43542,-5,-1.160486,-1.414422,-3.695412,-4.878976,-6.799089,-6.833218,-0.3986102,8444
99.74,-56.53259,-5,-1.144574,-1.412645,0.8389403,-2.277828,-6.93405,-6.870749,0.04475749,8464
99.76,-63.30676,-5,-1.108708,-1.396892,0.7626044,-3.946489,-7.00153,-6.916746,0.2653907,8452
99.78,-22.88281,-5,-1.06961,-1.381102,2.594666,-5.78854,-6.799089,-6.809034,0.7871362,8460
99.8,-109.4669,-5,-0.984166,-1.393622,3.190086,-3.373245,-7.20397,-6.991377,0.3708552,8460
99.82,-85.47705,-5,-0.975042,-1.432502,-1.756481,-10.55846,-7.20397,-7.075501,-0.05250233,8500
99.84,-76.52551,-5,-0.9594389,-1.538356,2.182452,-12.94491,-7.20397,-7.113703,-0.4580395,8476
99.86,-85.92883,-5,-1.003134,-1.65694,-2.51984,-13.51712,-7.27145,-7.172029,-0.9089038,8468
99.88,-79.81287,-5,-1.101422,-1.778868,-7.130528,-14.53459,-7.27145,-7.203901,-1.296847,8468
99.9,-75.60645,-5,-1.261414,-1.913622,-10.38244,-14.06758,-7.27145,-7.228971,-1.641604,8464
99.92,-58.05615,-5,-1.517289,-2.053838,-14.01603,-12.45833,-7.20397,-7.217027,-1.768655,8472
99.94,-55.47913,-5,-1.806055,-2.185666,-16.19923,-8.653157,-7.20397,-7.225255,-1.631093,8448
99.96,-61.66113,-5,-2.039832,-2.282053,-12.56565,-5.110179,-7.27145,-7.269638,-1.151342,8456
99.98,-45.01917,-5,-1.998317,-2.272246,3.587033,-3.497609,-7.20397,-7.213186,0.2710422,8448
100,118.4734,-5,-1.838032,-2.064276,6.304591,-0.9064753,-6.191769,-6.539415,3.61344,8456
100.02,17.90796,-5,-1.783302,-1.771514,4.335124,17.09669,-6.259249,-6.265584,5.203676,8392
100.04,-79.04523,-5,-1.387025,-1.342855,20.62521,17.37203,-6.596649,-6.306992,6.256127,8388
100.06,-89.75867,-5,-0.3191162,-0.8495002,49.72445,4.16686,-6.596649,-6.235195,7.556217,8412
100.08,-169.8339,-5,0.439293,-0.5788814,37.86185,-8.349874,-6.93405,-6.391747,5.675028,8428
100.1,-146.8972,-5,0.7756438,-0.5677279,18.15192,-25.8715,-6.86657,-6.466583,2.617046,8428
100.12,-88.74005,-5,0.3359216,-0.9055938,-41.22214,-33.61654,-6.596649,-6.461143,-1.363651,8440
100.14,-73.46924,-5,-0.9116867,-1.547177,-67.29848,-28.71386,-6.596649,-6.629031,-5.557399,8412
100.16,22.24274,-5,-2.14278,-2.171405,-65.32902,-19.67892,-6.259249,-6.598472,-6.382202,8424
100.18,29.34088,-5,-3.006111,-2.589826,-28.04657,-1.120393,-6.259249,-6.590788,-4.746381,8388
100.2,-43.23547,-5,-2.074669,-2.341613,42.88476,8.629413,-6.529169,-6.522829,0.8907988,8408
100.22,-120.1146,-5,-1.310286,-1.925236,45.75499,5.059332,-6.86657,-6.585182,2.819966,8428
100.24,37.16986,-5,-0.4098651,-1.414627,48.35041,-7.741283,-5.92185,-5.975366,5.400938,8440
100.26,-128.7627,-5,0.3504674,-1.013222,30.90002,-3.076859,-6.326729,-5.919985,4.630821,8384
100.28,-112.1543,-5,0.4079309,-0.8132594,-3.558008,-16.94731,-6.191769,-5.895483,1.917135,8404
100.3,-100.0286,-5,-0.2919688,-1.081347,-36.2603,-22.10238,-6.191769,-6.044934,-2.366099,8408
100.32,-80.14453,-5,-1.103512,-1.552005,-41.25267,-21.59468,-6.259249,-6.256539,-4.942258,8392
100.34,-43.07172,-5,-1.83905,-2.024538,-39.03893,-16.77402,-6.259249,-6.394443,-5.526228,8396
100.36,-17.52081,-5,-2.405624,-2.370507,-22.15343,-7.919147,-6.259249,-6.452162,-4.497175,8396
100.38,141.8157,-5,-2.098063,-2.233317,15.84658,-0.1555452,-5.314529,-5.790379,0.9117315,8404
100.4,0.7368774,-5,-1.698331,-1.83621,17.96872,19.61896,-5.58445,-5.569597,3.894538,8344
100.42,-107.439,-5,-1.338263,-1.369524,23.70918,17.06488,-6.056808,-5.724867,4.524608,8364
100.44,107.3951,-5,-0.7179124,-0.8832381,38.74735,2.825262,-4.909649,-5.073771,7.121222,8372
100.46,-57.0968,-5,0.302335,-0.385658,54.13667,11.51984,-5.247049,-4.908137,8.036695,8304
100.48,-313.0847,-5,1.090431,-0.0301829,34.3046,-2.537112,-6.529169,-5.59136,4.465699,8328
100.5,-61.58691,-5,1.292853,-0.04878235,10.85421,-38.03257,-5.58445,-5.419128,1.255601,8424
100.52,-91.88605,-5,1.106484,-0.4481229,-10.87099,-35.53383,-5.58445,-5.433252,-2.643287,8384
100.54,-48.21844,-5,0.5700294,-0.8297864,-31.63435,-35.13238,-5.314529,-5.357777,-5.12416,8404
100.56,-213.524,-5,-0.2791317,-1.392558,-44.00077,-28.00751,-6.259249,-5.99069,-9.460958,8376
100.58,92.35529,-5,-1.238169,-1.889442,-48.90154,-36.31108,-5.044609,-5.62354,-9.206491,8420
100.6,69.2309,-5,-2.25504,-2.352282,-46.45879,-7.444671,-4.977129,-5.464483,-8.225037,8324
100.62,-9.230286,-5,-1.978041,-2.193779,35.57178,8.265123,-5.247049,-5.409372,-3.587624,8316
100.64,-92.32135,-5,-0.8624043,-1.649362,58.47255,6.866132,-5.58445,-5.409087,0.2768476,8352
100.66,-93.21497,-5,0.1878574,-1.090312,49.34277,-5.943699,-5.51697,-5.282181,1.625742,8376
100.68,-129.0725,-5,0.8151728,-0.7675806,29.06796,-16.65152,-5.58445,-5.272397,0.1655121,8376
100.7,-111.7342,-5,0.5689647,-0.8213247,-19.43587,-26.52311,-5.51697,-5.341862,-3.385215,8360
100.72,-252.6154,-5,-0.6016994,-1.434963,-66.7794,-27.74272,-6.529169,-6.167868,-9.782443,8360
100.74,-69.62231,-5,-2.056171,-2.303032,-70.5504,-37.74329,-6.259249,-6.517352,-12.54324,8424
100.76,213.7906,-5,-3.280515,-3.014536,-60.87101,-21.21924,-4.977129,-5.934473,-9.342828,8408
100.78,-75.26807,-5,-4.013275,-3.344924,-23.13053,20.34138,-6.259249,-6.370327,-6.602189,8336
100.8,167.4866,-5,-3.659725,-2.923798,24.64047,17.90651,-5.179569,-5.742615,1.50973,8392
100.82,-42.30878,-5,-2.562648,-2.261033,48.27407,36.9435,-5.85437,-5.680177,6.554568,8344
100.84,112.6119,-5,-1.768834,-1.393239,41.34277,26.0722,-4.909649,-5.009743,10.9259,8388
100.86,-213.1509,-5,-0.8277789,-0.7837277,45.67865,30.88958,-6.259249,-5.473802,10.04364,8308
100.88,34.17822,-5,-0.2409116,-0.2937874,29.61757,-0.3800366,-5.179569,-5.051667,10.32622,8380
100.9,-104.8317,-5,0.4344436,-0.1162943,32.16719,1.480667,-5.58445,-5.106328,8.446402,8340
100.92,-107.7786,-5,0.7215028,-0.02869654,13.26643,-12.36513,-5.58445,-5.16646,5.902012,8364
100.94,-115.3168,-5,0.6384148,-0.2245335,-8.825185,-21.61677,-5.65193,-5.314351,2.172945,8356
100.96,-96.29059,-5,0.2065409,-0.6227593,-25.08473,-27.09871,-5.65193,-5.470796,-1.312212,8360
100.98,-61.76276,-5,-0.435344,-1.118314,-35.71069,-26.66294,-5.58445,-5.578058,-3.776278,8368
101,16.61261,-5,-1.219598,-1.57928,-42.00077,-20.15039,-5.247049,-5.484055,-4.471545,8360
101.02,4.044189,-5,-2.074908,-1.958521,-44.33664,-5.0794,-5.314529,-5.525858,-4.39713,8340
101.04,27.98529,-5,-2.928579,-2.213781,-32.80993,6.525388,-5.314529,-5.572686,-3.169244,8352
101.06,150.6976,-5,-2.377164,-1.928192,47.48018,15.07865,-4.572248,-4.987758,3.318315,8344
101.08,-10.40894,-5,-1.445108,-1.316081,46.71682,29.85415,-4.977129,-4.819139,7.29425,8308
101.1,-96.0531,-5,-0.5890301,-0.6473228,43.0527,20.35811,-5.314529,-4.881989,8.269346,8320
101.12,71.10168,-5,0.5735326,0.01005962,56.21301,1.904599,-4.30233,-4.24251,10.27981,8348
101.14,-25.55902,-5,1.229582,0.4456708,34.3504,4.3312,-4.30233,-3.978616,8.85032,8300
101.16,-52.05969,-5,1.369935,0.6978263,4.30459,-4.343397,-4.23485,-3.904925,5.90713,8312
101.18,-66.83826,-5,1.020873,0.5875446,-17.54275,-11.64523,-4.30233,-4.043562,1.72409,8308
101.2,-216.5612,-5,0.5206966,0.1341984,-27.54275,-16.69007,-5.314529,-4.815047,-3.486004,8296
101.22,-52.33411,-5,-0.003721699,-0.4396575,-20.39771,-33.26056,-4.977129,-5.017436,-5.741923,8372
101.24,-41.19092,-5,0.04656337,-0.8957661,1.251154,-27.82734,-4.977129,-5.054721,-5.563863,8348
101.26,-48.43628,-5,0.02386374,-1.111287,-7.634346,-23.08875,-4.977129,-5.031063,-5.283805,8344
101.28,-45.51825,-5,-0.4958561,-1.334982,-39.61909,-18.96172,-4.977129,-5.069265,-6.358335,8332
101.3,-17.93524,-5,-1.560181,-1.705312,-54.10764,-12.33605,-4.977129,-5.193652,-7.782157,8332
101.32,33.08411,-5,-2.572656,-2.07665,-36.32138,-1.681494,-4.909649,-5.266018,-7.115952,8324
101.34,-39.35468,-5,-2.027322,-1.991356,44.73209,8.569853,-5.314529,-5.369826,-2.620467,8340
101.36,143.3646,-5,-1.482517,-1.560561,36.15193,6.620511,-4.30233,-4.696557,2.477745,8368
101.38,-9.847839,-5,-0.8681977,-1.04627,33.08323,21.60833,-4.639729,-4.526314,4.67827,8280
101.4,-77.7807,-5,-0.3980771,-0.5311242,18.86948,14.36908,-4.909649,-4.596798,4.876507,8304
101.42,-70.62744,-5,0.1674634,-0.2051129,29.80078,0.8421369,-4.909649,-4.624686,4.285889,8328
101.44,-96.76495,-5,0.6087837,-0.08761987,13.95345,-8.921252,-5.044609,-4.726315,2.669269,8312
101.46,-73.34119,-5,0.5937316,-0.1808721,-8.15343,-17.96759,-4.977129,-4.787031,0.2401574,8316
101.48,-61.57367,-5,0.1657207,-0.4801344,-26.27557,-20.1722,-4.977129,-4.897326,-2.476261,8324
101.5,11.73071,-5,-0.6998615,-0.9035535,-46.06184,-17.44235,-4.707209,-4.885739,-4.289811,8308
101.52,37.59674,-5,-1.685763,-1.335255,-52.88627,-4.882104,-4.639729,-4.912453,-4.699349,8300
101.54,-105.2213,-5,-2.471323,-1.720919,-38.80993,8.361731,-5.58445,-5.507771,-5.111717,8304
101.56,139.0906,-5,-2.015637,-1.609896,51.60232,1.594315,-4.572248,-5.017861,0.7025757,8360
101.58,-30.34344,-5,-0.8900885,-1.184301,45.06796,17.8432,-5.044609,-4.896312,4.677543,8312
101.6,-22.68304,-5,-0.5101799,-0.6986859,16.85421,10.24437,-4.909649,-4.744633,5.37489,8352
101.62,-44.57153,-5,-0.520041,-0.5084997,0.2587874,6.027157,-4.977129,-4.780204,3.908821,8324
101.64,-35.63208,-5,-0.07860246,-0.3375097,16.90001,-0.4348089,-4.909649,-4.733633,4.044699,8340
101.66,-70.98785,-5,0.198633,-0.2619542,9.861844,-4.805766,-5.044609,-4.795956,2.94747,8348
101.68,6.826477,-5,0.1247276,-0.2858904,-5.237397,-10.88838,-4.639729,-4.626537,1.875607,8352
101.7,-17.05096,-5,-0.0186277,-0.3778885,-9.161062,-6.597766,-4.639729,-4.587121,0.775223,8308
101.72,-31.85895,-5,-0.2737178,-0.4788619,-14.88626,-5.364151,-4.707209,-4.646389,-0.262202,8308
101.74,-1.560974,-5,-0.3496364,-0.542404,-1.206862,-5.74662,-4.572248,-4.597134,-0.2491268,8304
101.76,-14.44421,-5,-0.1775836,-0.5184639,7.129018,-3.530742,-4.572248,-4.546416,0.2687861,8296
101.78,-22.52844,-5,-0.1421536,-0.4754025,1.052681,-3.497117,-4.572248,-4.5247,0.1173602,8320
101.8,-39.1532,-5,-0.04998332,-0.4390601,2.533597,-4.634393,-4.639729,-4.55449,-0.1902881,8324
101.82,-36.14172,-5,-0.01235141,-0.4370321,1.235887,-7.197593,-4.639729,-4.575973,-0.6920741,8336
101.84,-34.16882,-5,-0.01780291,-0.4738374,-1.527473,-8.576344,-4.639729,-4.596388,-1.241542,8340
101.86,-32.61169,-5,-0.04541737,-0.5252197,-2.122893,-9.204835,-4.639729,-4.613853,-1.690233,8324
101.88,-20.04327,-5,-0.07267403,-0.5670178,-2.489305,-9.355259,-4.572248,-4.585851,-1.874935,8324
101.9,-24.49548,-5,-0.1159603,-0.5999391,-2.870985,-8.048066,-4.572248,-4.578442,-2.068017,8320
101.92,-27.34662,-5,-0.08695415,-0.5988306,1.342757,-7.738617,-4.572248,-4.570379,-2.043797,8308
101.94,-41.20319,-5,-0.05266817,-0.5955266,-0.03128911,-7.967066,-4.639729,-4.605721,-2.252833,8300
101.96,-48.0094,-5,-0.06068312,-0.6180818,-0.2755641,-9.517317,-4.707209,-4.66815,-2.691552,8308
101.98,-17.96002,-5,-0.0304885,-0.6353424,-0.8251827,-11.28246,-4.572248,-4.613968,-2.647305,8300
102,-36.76959,-5,-0.0820346,-0.6723089,-3.22213,-9.271519,-4.639729,-4.638084,-2.990587,8300
102.02,-21.29553,-5,-0.1469627,-0.6920343,-2.351901,-9.601509,-4.572248,-4.615163,-3.03459,8300
102.04,-26.4848,-5,-0.08185832,-0.6791979,1.510696,-8.47827,-4.572248,-4.593993,-2.798536,8296
102.06,-51.96173,-5,-0.09578538,-0.6794982,-0.3824344,-8.264671,-4.707209,-4.669138,-3.141111,8312
102.08,-30.5824,-5,-0.07093632,-0.6803054,0.5488637,-10.75222,-4.639729,-4.661804,-3.151853,8312
102.1,-31.62292,-5,-0.07964294,-0.7021127,-0.6572433,-10.20698,-4.639729,-4.661459,-3.286038,8312
102.12,-31.23322,-5,-0.1225171,-0.7210896,-2.000756,-9.809029,-4.639729,-4.6658,-3.39006,8296
102.14,-31.86554,-5,-0.08726097,-0.7170422,1.32749,-9.626427,-4.639729,-4.661259,-3.269818,8288
102.16,-44.01947,-5,-0.08565246,-0.7199279,-0.3671672,-9.600219,-4.707209,-4.7004,-3.442266,8304
102.18,-27.09454,-5,-0.08611855,-0.7223049,0.2587874,-10.78196,-4.639729,-4.678825,-3.424314,8308
102.2,-30.16846,-5,-0.08794043,-0.7281743,-0.3519,-9.847583,-4.639729,-4.669668,-3.436132,8300
102.22,-43.00366,-5,-0.09248316,-0.730343,0.04504682,-9.551486,-4.707209,-4.706317,-3.560175,8308
102.24,-27.01282,-5,-0.06532891,-0.7212155,0.2129859,-10.7169,-4.639729,-4.67944,-3.445677,8316
102.26,-30.26276,-5,-0.07959089,-0.7238922,0.2129859,-9.823602,-4.639729,-4.670676,-3.509751,8324
102.28,-32.80847,-5,-0.02774935,-0.701296,2.51833,-9.738184,-4.639729,-4.660115,-3.379798,8300
102.3,-45.66064,-5,-0.01852915,-0.6936507,0.1977187,-9.995335,-4.707209,-4.698369,-3.60686,8300
102.32,-39.71533,-5,-0.04229844,-0.7086172,-1.038923,-11.38133,-4.707209,-4.722219,-3.84657,8300
102.34,-25.26038,-5,-0.04402877,-0.7252388,-0.3824344,-11.66502,-4.639729,-4.692955,-3.80633,8300
102.36,-29.22418,-5,-0.06734804,-0.7355577,-1.191595,-10.31606,-4.639729,-4.681221,-3.807824,8312
102.38,-19.6521,-5,-0.05825429,-0.7155937,0.6099325,-9.831663,-4.572248,-4.632508,-3.573898,8304
102.4,-26.26581,-5,-0.03989707,-0.6840143,0.7626044,-8.606666,-4.572248,-4.609013,-3.451953,8304
102.42,-39.89233,-5,-0.05059496,-0.6626455,-0.07709067,-8.452038,-4.639729,-4.643137,-3.5975,8320
102.44,-34.90472,-5,-0.03011341,-0.650483,1.006879,-9.790029,-4.639729,-4.658559,-3.629515,8312
102.46,-44.09668,-5,-0.02402457,-0.6632819,-0.2297625,-10.21234,-4.707209,-4.70729,-3.834493,8320
102.48,-25.8941,-5,-0.029909,-0.6770992,-0.3977011,-11.3723,-4.639729,-4.689497,-3.813886,8332
102.5,-29.18225,-5,-0.0113244,-0.6831074,0.1213828,-10.36392,-4.639729,-4.677793,-3.746209,8328
102.52,-42.39777,-5,-0.01676949,-0.6849246,-0.5656406,-10.03815,-4.707209,-4.713365,-3.881356,8320
102.54,-14.67517,-5,-0.003539023,-0.6714785,0.3503905,-11.15032,-4.572248,-4.647418,-3.669001,8304
102.56,-23.24091,-5,-0.01661476,-0.6617845,-0.5656406,-9.042064,-4.572248,-4.620369,-3.637507,8296
102.58,-38.61816,-5,0.001661193,-0.6355297,1.266421,-8.601777,-4.639729,-4.646705,-3.650435,8292
102.6,-34.83057,-5,0.02749699,-0.616599,0.9610775,-9.947269,-4.639729,-4.658587,-3.698645,8292
102.62,-32.31543,-5,0.01033006,-0.6249886,-0.9473198,-10.39235,-4.639729,-4.669525,-3.861075,8316
102.64,-42.41925,-5,0.006425679,-0.6431664,-0.6114421,-10.44331,-4.707209,-4.71555,-4.030938,8308
102.66,-24.5871,-5,-0.003641342,-0.6570052,-0.5656406,-11.43634,-4.639729,-4.696071,-3.98561,8316
102.68,-39.14001,-5,-0.004139635,-0.6740243,0.04504682,-10.31524,-4.707209,-4.726243,-4.070901,8312
102.7,-23.51508,-5,-0.01129882,-0.6735272,-0.06182348,-10.99434,-4.639729,-4.698581,-3.95833,8328
102.72,-16.3371,-5,0.01413695,-0.6557953,0.5183294,-9.925511,-4.572248,-4.641571,-3.707969,8316
102.74,-34.90985,-5,-0.00215264,-0.6370747,0.3198562,-8.465425,-4.639729,-4.659272,-3.78628,8324
102.76,-20.30084,-5,0.002751681,-0.6087341,0.1061156,-9.36426,-4.572248,-4.627711,-3.649524,8308
102.78,-23.83716,-5,0.004596701,-0.5913227,-0.07709067,-8.485148,-4.572248,-4.615228,-3.608699,8312
102.8,-36.36786,-5,0.001913753,-0.5786665,-0.107625,-8.274574,-4.639729,-4.651352,-3.693711,8316
102.82,-19.1156,-5,-0.0003732276,-0.5684828,-0.04655629,-9.362377,-4.572248,-4.62838,-3.599117,8308
102.84,-45.18994,-5,0.009621006,-0.5765388,-0.0007547362,-8.419615,-4.707209,-4.697864,-3.783183,8312
102.86,-35.48755,-5,0.009563019,-0.586697,0.1061156,-10.4256,-4.707209,-4.728843,-3.862809,8332
102.88,-31.18939,-5,0.00366049,-0.6144256,-0.1228922,-10.74747,-4.707209,-4.743054,-3.9382,8324
102.9,-17.91571,-5,-0.009646437,-0.6283315,-0.6267089,-10.45567,-4.639729,-4.707651,-3.798724,8316
102.92,-11.36224,-5,-0.01386495,-0.6160617,0.1061156,-8.883831,-4.572248,-4.648652,-3.530589,8304
102.94,-30.41162,-5,-0.01972905,-0.5908382,-0.1992282,-7.18887,-4.639729,-4.662212,-3.496267,8332
102.96,-28.07397,-5,0.002351066,-0.5583353,1.235887,-8.06275,-4.639729,-4.666769,-3.416316,8320
102.98,-26.85413,-5,0.02026828,-0.5423301,1.144284,-8.458864,-4.639729,-4.669397,-3.418468,8324
103,-25.47058,-5,0.001537288,-0.5413082,-0.5656406,-8.530329,-4.639729,-4.674586,-3.480552,8304
103.02,-24.48444,-5,0.001647554,-0.5396398,0.4725278,-8.435105,-4.639729,-4.676424,-3.440279,8304
103.04,-23.71478,-5,-0.007316876,-0.5380703,-0.2908313,-8.239286,-4.639729,-4.677604,-3.411323,8312
103.06,-23.35675,-5,-0.002143311,-0.5313414,0.1824515,-8.046609,-4.639729,-4.676458,-3.335975,8324
103.08,-34.47754,-5,-0.008952921,-0.5330312,-0.107625,-7.882066,-4.707209,-4.716998,-3.43779,8324
103.1,-17.37744,-5,0.004404758,-0.5272099,0.1519171,-8.912063,-4.639729,-4.692443,-3.290017,8324
103.12,-20.44781,-5,0.002430711,-0.5250846,-0.1381594,-7.856828,-4.639729,-4.681221,-3.238224,8332
103.14,-33.2865,-5,0.002102155,-0.5187952,0.02977964,-7.49257,-4.707209,-4.715963,-3.297066,8336
103.16,-16.62689,-5,0.00696903,-0.5090106,0.2587874,-8.535576,-4.639729,-4.690862,-3.185306,8320
103.18,-19.55475,-5,0.0002702321,-0.5061933,-0.1992282,-7.517087,-4.639729,-4.680553,-3.149522,8320
103.2,-32.12329,-5,-0.003966705,-0.5008422,0.5030622,-7.149051,-4.707209,-4.716187,-3.210729,8320
103.22,-26.97278,-5,0.004470845,-0.4982051,0.3198562,-8.199243,-4.707209,-4.731328,-3.214244,8320
103.24,-12.86963,-5,-0.003802375,-0.5007432,-0.06182348,-8.315977,-4.639729,-4.698667,-3.114678,8312
103.26,-17.35126,-5,-0.0009936607,-0.4921631,0.02977964,-6.977612,-4.639729,-4.681923,-2.990088,8316
103.28,-18.97552,-5,-0.01009682,-0.4733571,0.2587874,-6.513437,-4.639729,-4.674884,-2.915512,8320
103.3,-30.61108,-5,-0.01462243,-0.464402,-0.1534266,-6.376449,-4.707209,-4.713422,-2.999484,8304
103.32,-24.98328,-5,-0.003019304,-0.4608772,0.1977187,-7.494586,-4.707209,-4.729639,-2.990798,8304
103.34,-22.52686,-5,0.0005411333,-0.4679777,-0.1534266,-7.67282,-4.707209,-4.736434,-2.995062,8312
103.36,-21.41577,-5,-0.006443907,-0.4742938,0.1671843,-7.516947,-4.707209,-4.739157,-2.979491,8308
103.38,-9.474609,-5,-0.005013029,-0.4662249,-0.2755641,-7.2797,-4.639729,-4.698133,-2.788043,8304
103.4,-26.54565,-5,0.003004046,-0.454272,0.1213828,-5.968567,-4.707209,-4.718402,-2.789869,8328
103.42,0.06854248,-5,-0.002514564,-0.4260719,-0.0007547362,-6.753948,-4.572248,-4.647698,-2.530866,8320
103.44,-20.55261,-5,0.003731161,-0.4051474,0.01451245,-4.629091,-4.639729,-4.656487,-2.513417,8316
103.46,-18.39331,-5,0.0009523039,-0.377571,0.1977187,-5.294506,-4.639729,-4.661768,-2.474763,8320
103.48,-17.91119,-5,0.05067236,-0.3529187,2.075582,-5.678527,-4.639729,-4.659747,-2.370929,8300
103.5,-17.6568,-5,0.05714704,-0.3401522,-0.6114421,-5.902228,-4.639729,-4.660664,-2.413656,8312
103.52,-17.52881,-5,0.07246187,-0.3304406,0.4267263,-6.074078,-4.639729,-4.660958,-2.421299,8316
103.54,-28.65454,-5,0.06726106,-0.3357517,-0.4740371,-6.180765,-4.707209,-4.704027,-2.618013,8320
103.56,-22.90051,-5,0.07353313,-0.346524,0.1977187,-7.393715,-4.707209,-4.723422,-2.703069,8320
103.58,2.663025,-5,0.07174231,-0.3501813,-0.3060985,-7.55639,-4.572248,-4.651165,-2.505704,8316
103.6,-18.4928,-5,0.04991503,-0.3500094,0.9152762,-5.036204,-4.639729,-4.660657,-2.552249,8320
103.62,-19.44183,-5,0.1498001,-0.3026306,4.319858,-5.84583,-4.639729,-4.651535,-2.288133,8296
103.64,-8.63385,-5,0.1667549,-0.2727672,1.129017,-6.506997,-4.572248,-4.611277,-2.323031,8312
103.66,19.76605,-5,0.2127972,-0.2196014,1.098482,-5.934083,-4.36981,-4.470681,-1.920503,8320
103.68,-43.78113,-5,0.16422,-0.2039542,-0.6114421,-2.628303,-4.639729,-4.581707,-2.508665,8336
103.7,-15.45734,-5,0.1355155,-0.1942937,-0.6267089,-6.733677,-4.572248,-4.599256,-2.650704,8312
103.72,-26.70782,-5,0.2342733,-0.2037082,6.838942,-6.939337,-4.639729,-4.637214,-2.680025,8328
103.74,-11.33057,-5,0.2708365,-0.2034682,-0.3977011,-8.311796,-4.572248,-4.611055,-2.683211,8316
103.76,-13.72668,-5,0.2021987,-0.2312121,-1.848083,-7.43688,-4.572248,-4.611381,-2.991971,8312
103.78,-26.43597,-5,0.2195913,-0.2416588,-0.2450293,-7.188103,-4.639729,-4.648676,-3.082872,8296
103.8,-33.0766,-5,0.2157556,-0.2631994,0.8847416,-8.319457,-4.707209,-4.707415,-3.361647,8312
103.82,-175.1283,-5,0.1849786,-0.4088168,-0.9320526,-9.960249,-5.58445,-5.266654,-5.394911,8304
103.84,-101.6744,-5,0.2024273,-0.6209289,0.2282531,-25.43757,-5.58445,-5.514491,-6.41422,8368
103.86,-72.95557,-5,0.1645745,-0.9258966,-8.229766,-28.12258,-5.58445,-5.621025,-7.216041,8372
103.88,-68.27197,-5,-0.2523012,-1.260022,-22.2145,-25.63733,-5.65193,-5.739001,-8.308372,8396
103.9,187.0098,-5,-0.8705871,-1.441873,-35.26794,-20.93832,-4.30233,-5.020764,-6.180415,8376
103.92,105.4809,-5,-1.649266,-1.509842,-43.34428,10.57393,-4.30233,-4.739367,-4.57714,8300
103.94,39.60187,-5,-2.625409,-1.463026,-38.41298,26.38269,-4.639729,-4.874509,-3.377185,8272
103.96,216.5593,-5,-1.947406,-0.9273231,56.79316,28.34073,-3.695009,-4.211327,3.961788,8304
103.98,45.79016,-5,-0.736654,-0.1252075,54.97636,43.33285,-4.09989,-3.987157,8.732228,8232
104,-22.4762,-5,0.2623053,0.7167183,48.09087,32.59043,-4.30233,-3.940986,10.21358,8280
104.02,-83.65454,5,1.356462,1.341675,56.79316,14.93564,-4.30233,-3.887822,9.894972,8304
104.04,64.84198,5,2.253922,1.77374,34.80842,-5.629235,-3.290129,-3.257046,9.812738,8308
104.06,-53.13068,5,2.399673,1.843329,2.472528,-4.890922,-3.425089,-3.144786,6.173097,8228
104.08,-231.0174,5,1.964389,1.531861,-25.51221,-15.3316,-4.36981,-3.796451,-0.1528296,8236
104.1,-139.3785,5,1.196441,0.8156454,-41.20687,-37.68801,-4.36981,-4.225056,-5.377162,8296
104.12,-88.78815,5,0.5306022,-0.08357995,-33.20687,-41.04811,-4.36981,-4.471236,-8.201562,8268
104.14,-12.18085,5,0.03988917,-0.7729222,-29.48168,-36.48532,-4.03241,-4.362531,-8.101867,8304
104.16,-19.11377,5,-0.6536052,-1.286164,-39.97023,-23.46268,-3.96493,-4.282574,-7.951399,8276
104.18,-202.6329,5,-1.688141,-1.852943,-51.87863,-12.5223,-5.044609,-4.95249,-10.15264,8288
104.2,89.65448,5,-2.677454,-2.328942,-31.60382,-20.06886,-3.96493,-4.640841,-8.018726,8320
104.22,-41.92474,5,-1.721591,-2.280329,44.1214,1.092115,-4.30233,-4.464369,-2.096501,8276
104.24,-77.74814,5,-1.196891,-1.915847,19.6023,-0.02415609,-4.30233,-4.279333,0.7197078,8300
104.26,-165.0912,5,-1.253485,-1.805757,-1.954954,-4.357004,-4.707209,-4.475649,-0.5274621,8312
104.28,-124.1814,5,-1.343719,-1.890109,-4.336633,-15.72936,-4.639729,-4.5527,-1.270991,8316
104.3,-124.8402,5,-1.112461,-2.020275,8.503064,-19.93507,-4.639729,-4.553033,-1.03911,8320
104.32,51.36676,5,-1.089388,-2.047576,-4.382436,-22.52202,-3.560049,-3.894909,0.7325579,8312
104.34,-62.24847,5,-1.368163,-2.087291,-18.80992,-5.631314,-3.695009,-3.710935,0.554747,8272
104.36,-77.99397,5,-1.917718,-2.130393,-30.67252,-4.146703,-3.695009,-3.690833,0.006602079,8272
104.38,-65.04419,5,-2.611893,-2.345249,-31.95496,-2.422259,-3.695009,-3.753051,-0.552058,8264
104.4,-131.3263,5,-2.071388,-2.335708,36.53361,-1.943864,-4.03241,-3.864404,1.837116,8248
104.42,-191.7028,5,-1.407708,-2.238104,26.19773,-10.72216,-4.36981,-4.020213,2.644654,8280
104.44,6.983452,5,-1.221148,-2.185403,6.68627,-22.89443,-3.290129,-3.443585,3.558593,8300
104.46,-73.22601,5,-1.448684,-2.264756,-12.91679,-10.1885,-3.290129,-3.233188,2.65929,8236
104.48,-119.9757,5,-1.944522,-2.372654,-27.68015,-8.345881,-3.425089,-3.284934,1.355569,8212
104.5,-148.3359,5,-2.575088,-2.666069,-23.13053,-9.852412,-3.695009,-3.541346,-0.3297955,8232
104.52,-142.7321,5,-2.142344,-2.784424,23.23589,-15.22907,-3.762489,-3.601563,1.30346,8248
104.54,27.49677,5,-1.929794,-2.765151,8.212989,-18.60288,-2.75029,-2.976846,3.626368,8248
104.56,-267.5517,5,-2.096824,-2.884619,-10.53511,-3.606331,-3.96493,-3.446618,1.383902,8184
104.58,-36.29321,5,-2.50498,-2.985086,-24.68779,-21.80108,-3.02021,-3.142426,1.579551,8276
104.6,-151.8642,5,-2.557661,-3.202686,2.686269,-10.48092,-3.425089,-3.239888,1.335951,8208
104.62,-144.5251,5,-2.611208,-3.294595,-4.443504,-14.54505,-3.425089,-3.263157,1.719165,8232
104.64,19.99609,5,-2.785091,-3.351463,-12.84045,-15.58433,-2.48037,-2.714965,3.341554,8224
104.66,-59.5246,5,-2.799939,-3.297609,-1.313733,0.3359933,-2.48037,-2.448462,4.752353,8172
104.68,-118.5245,5,-2.853026,-3.144497,1.052681,2.907729,-2.61533,-2.407764,5.320505,8204
104.7,-201.6287,5,-2.440484,-2.999395,30.45727,-2.919867,-3.02021,-2.5898,5.455341,8192
104.72,-248.22,5,-1.895033,-2.954871,27.23589,-17.16509,-3.357609,-2.832798,4.568643,8216
104.74,-63.31058,5,-1.712215,-3.021273,2.319857,-31.60387,-2.412889,-2.389079,4.404504,8228
104.76,-140.6999,5,-1.949188,-3.230608,-15.97023,-21.79318,-2.48037,-2.282058,2.675519,8220
104.78,-146.4997,5,-2.763026,-3.532569,-50.65726,-20.46308,-2.48037,-2.33849,0.4173632,8176
104.8,-73.68985,5,-3.895334,-3.997726,-59.02367,-16.27813,-2.210449,-2.317111,-0.8490505,8168
104.82,-141.181,5,-4.901998,-4.505074,2.762605,-2.941857,-2.68281,-2.639601,-1.108741,8176
104.84,-174.6312,5,-4.332916,-4.55461,25.12902,-2.9865,-3.02021,-2.808074,2.934405,8192
104.86,-38.40076,5,-4.184559,-4.486245,6.854209,-6.630548,-2.345409,-2.4154,5.853726,8232
104.88,62.9054,5,-3.876265,-4.201724,10.31986,4.009717,-1.40069,-1.608731,9.976117,8192
104.9,-104.7577,5,-3.727467,-3.811694,-4.367168,20.59823,-1.738089,-1.430917,11.32649,8124
104.92,-175.0118,5,-3.861389,-3.546064,-0.7335792,14.94503,-2.075489,-1.600679,10.5462,8152
104.94,-41.24713,5,-3.408237,-3.308843,28.213,2.846476,-1.40069,-1.239435,12.37657,8144
104.96,-150.0468,5,-3.276013,-3.245619,3.419094,7.759714,-1.738089,-1.287675,11.69179,8116
104.98,-37.18634,5,-3.434932,-3.205134,-7.924421,0.7451432,-1.13077,-0.9818402,11.87972,8132
105,-121.4478,5,-3.237331,-3.176301,9.159554,6.7207,-1.33321,-0.9470767,12.02454,8092
105.02,-15.99115,5,-3.137311,-3.046219,-0.01602192,2.02523,-0.6584091,-0.523496,13.09884,8116
105.04,-151.8601,5,-2.871904,-2.943997,13.38856,8.469049,-1.06329,-0.5621148,12.64661,8064
105.06,-278.2581,5,-2.77562,-2.970537,6.457263,-1.648792,-1.805569,-1.044287,10.0641,8088
105.08,-113.4882,5,-2.314414,-3.03191,17.12902,-22.4467,-1.13077,-0.8294259,9.954794,8124
105.1,-34.52997,5,-2.442631,-3.221156,-14.53511,-18.94555,-0.4559698,-0.372299,9.148104,8092
105.12,-150.5883,5,-3.118072,-3.486693,-38.42825,-6.603482,-0.7933693,-0.4599397,6.707363,8064
105.14,-109.7363,5,-4.170087,-3.862074,-48.51985,-6.63456,-0.7258892,-0.5757518,4.771764,8072
105.16,-45.09802,5,-4.109018,-4.008127,27.70918,-2.624699,-0.3884897,-0.360381,7.299611,8068
105.18,-159.3538,5,-3.629311,-3.914006,13.63284,4.750003,-0.7933693,-0.4031391,9.141462,8060
105.2,-38.40576,5,-3.576794,-3.75202,-2.855718,-1.862849,-0.1185694,-0.01411119,10.38218,8076
105.22,13.19092,5,-3.121242,-3.459514,23.70918,4.659231,0.5562305,0.6111338,12.88836,8032
105.24,-175.4848,5,-3.076073,-3.225155,-2.367168,13.74504,-0.05108929,0.5019578,11.78269,8004
105.26,-50.62695,5,-3.190721,-3.064534,2.258788,1.287799,0.5562305,0.7629982,11.55426,8040
105.28,20.48865,5,-2.367136,-2.74188,39.35804,3.125624,1.298511,1.40719,14.36481,8000
105.3,-198.0074,5,-2.218401,-2.532841,2.884742,10.67082,0.5562305,1.221328,12.2668,7940
105.32,-25.06396,5,-2.563216,-2.477977,-15.78702,-4.978985,1.365991,1.52339,10.90842,7992
105.34,-49.20935,5,-2.009416,-2.371427,32.88475,0.3019519,1.568431,1.827201,11.84628,7960
105.36,3.419434,5,-1.768638,-2.134644,-0.3213652,0.6919625,2.175751,2.327756,12.43993,7940
105.38,64.72266,5,-1.924445,-1.921126,-11.49694,7.003857,2.918031,2.931272,12.46756,7920
105.4,-143.7487,5,-1.522637,-1.642108,22.13666,15.6903,2.243231,2.81234,11.7687,7868
105.42,-27.53857,5,-1.258755,-1.373895,16.09085,-0.3234773,2.850551,3.099191,11.39389,7904
105.44,-21.4762,5,-0.307307,-1.052822,48.44201,-2.286459,3.25543,3.532503,12.24193,7848
105.46,27.38696,5,-0.1024605,-0.7718726,5.617568,-3.500489,3.93023,4.079526,11.25494,7836
105.48,-82.88452,5,-0.6512311,-0.7906172,-35.1458,2.30559,3.660311,4.015975,7.301325,7832
105.5,10.91467,5,-0.5546658,-0.7298628,14.67101,-5.171225,4.20015,4.289327,7.108888,7832
105.52,-75.24426,5,-0.1462959,-0.6538529,13.89238,-2.147523,3.99771,4.31242,6.433834,7776
105.54,-146.0303,5,-0.36552,-0.7551804,-6.428238,-8.312061,3.592831,4.008972,3.19154,7812
105.56,12.9679,5,-0.2285179,-0.8441408,8.350393,-19.75464,4.335111,4.310231,3.043312,7808
105.58,-101.8645,5,-0.3753269,-1.045828,-9.77175,-10.97,3.93023,4.168628,0.9975005,7792
105.6,-123.1097,5,-0.9186943,-1.328685,-31.39008,-15.07008,3.660311,3.870546,-1.569845,7828
105.62,74.06738,5,-0.9959371,-1.490733,6.823675,-19.32543,4.60503,4.312024,-0.1642309,7856
105.64,-41.51074,5,-0.8791881,-1.510705,-2.94732,-2.758671,4.335111,4.387978,0.5776327,7764
105.66,-106.974,5,-1.493432,-1.600278,-33.66489,-1.57691,3.93023,4.104642,-1.271913,7804
105.68,33.66052,5,-1.386852,-1.580007,30.36567,-7.51827,4.53755,4.371358,0.58549,7792
105.7,167.3657,5,-0.7639017,-1.245248,21.64811,1.052187,5.61723,5.234861,5.000525,7788
105.72,1.603271,5,-0.9611084,-0.9209497,-16.03129,20.72982,5.27983,5.375239,4.816604,7716
105.74,-61.16748,5,-0.7132704,-0.5306377,23.25116,16.06045,5.009911,5.278745,5.024511,7768
105.76,100.1165,5,0.2278177,-0.02581376,44.15193,3.832249,5.95463,5.877474,7.802866,7752
105.78,-50.7019,5,0.9401886,0.3815371,37.03742,9.477994,5.61723,5.965245,7.178376,7704
105.8,-48.09961,5,0.9702541,0.5990939,-5.680146,-2.137386,5.684711,5.963789,4.555927,7728
105.82,-58.46851,5,0.9196116,0.5383035,10.15192,-9.430049,5.61723,5.847139,1.691272,7692
105.84,-56.76819,5,1.244205,0.4665557,4.151918,-16.43658,5.61723,5.802468,0.4153441,7704
105.86,-46.98621,5,0.799737,0.1859938,-34.30611,-19.43858,5.61723,5.693144,-2.659595,7696
105.88,-47.86914,5,0.5680004,-0.1060554,-6.779382,-19.7184,5.54975,5.574154,-4.192547,7704
105.9,-12.60193,5,0.3744381,-0.3371058,-11.89389,-19.32031,5.684711,5.591688,-4.743938,7716
105.92,-23.35876,5,-0.02334023,-0.5711195,-12.67251,-14.1982,5.61723,5.526374,-5.605727,7708
105.94,-20.39807,5,0.02574367,-0.6388299,2.640467,-12.07644,5.61723,5.531619,-4.831156,7692
105.96,-78.31873,5,-0.0412499,-0.7059641,-0.6419765,-10.27482,5.27983,5.335186,-5.339619,7692
105.98,-52.21936,5,-0.02831432,-0.7589628,1.32749,-14.96803,5.27983,5.255898,-5.369476,7688
106,-39.78088,5,-0.1250651,-0.8623027,-7.893886,-15.09776,5.27983,5.213819,-5.616833,7716
106.02,-30.70471,5,-0.3304145,-0.9737964,-8.993125,-13.22967,5.27983,5.182616,-5.729383,7728
106.04,-27.75647,5,-0.3274195,-1.005671,0.07558119,-11.08316,5.27983,5.189489,-5.048167,7708
106.06,-38.69202,5,-0.3693831,-1.009173,-0.01602192,-9.241513,5.21235,5.159967,-4.736483,7712
106.08,-21.81238,5,-0.3665564,-0.980764,0.1061156,-9.100585,5.27983,5.196507,-4.174217,7732
106.1,-24.33752,5,-0.3924365,-0.9517649,-0.107625,-7.202605,5.27983,5.215324,-3.805892,7724
106.12,-25.22839,5,-0.381066,-0.9020387,0.7931387,-6.229737,5.27983,5.230618,-3.350749,7736
106.14,-25.72559,5,-0.3501037,-0.8457423,2.655735,-5.768162,5.27983,5.243843,-2.960545,7720
106.16,-26.07788,5,-0.3153457,-0.7916657,1.587032,-5.61852,5.27983,5.254349,-2.660045,7704
106.18,-26.16199,5,-0.2866536,-0.7454849,1.999246,-5.641539,5.27983,5.261541,-2.450127,7716
106.2,-25.18237,5,-0.2960241,-0.7173812,0.6710012,-5.624173,5.27983,5.262015,-2.368491,7712
106.22,-23.85156,5,-0.2992168,-0.6974899,0.3809245,-5.494538,5.27983,5.261997,-2.241998,7712
106.24,-22.42944,5,-0.3116832,-0.6835248,-0.0007547362,-5.224534,5.27983,5.261608,-2.12175,7704
106.26,-32.41028,5,-0.3330885,-0.6815785,-0.3977011,-4.847699,5.21235,5.220119,-2.134463,7724
106.28,-14.31494,5,-0.3339402,-0.6722565,0.06031401,-5.569945,5.27983,5.244809,-1.875063,7732
106.3,-4.735107,5,-0.3587252,-0.6598444,-0.04655629,-4.103924,5.34731,5.296462,-1.57847,7724
106.32,-11.01746,5,-0.3527102,-0.62093,0.1213828,-2.183265,5.34731,5.32458,-1.229621,7732
106.34,-25.60938,5,-0.3185593,-0.5708392,1.663368,-1.682003,5.27983,5.301934,-1.059412,7732
106.36,-34.84229,5,-0.2132524,-0.5201358,5.067949,-3.196828,5.21235,5.261833,-0.9569683,7720
106.38,-28.67993,5,-0.185985,-0.5080051,0.9610775,-5.215392,5.21235,5.240606,-1.139828,7736
106.4,-13.62073,5,-0.2029406,-0.5205927,-0.962587,-5.841822,5.27983,5.265636,-1.219212,7736
106.42,-17.41565,5,-0.2062327,-0.5271622,0.1213828,-4.725646,5.27983,5.277055,-1.202329,7728
106.44,-30.7251,5,-0.2053338,-0.5263602,0.2435202,-4.401118,5.21235,5.242346,-1.305899,7740
106.46,-15.61292,5,-0.1524108,-0.5083898,1.724437,-5.683369,5.27983,5.27298,-1.148263,7744
106.48,-19.29883,5,-0.1671984,-0.5084212,-0.8709843,-4.955078,5.27983,5.281695,-1.274267,7724
106.5,-20.28821,5,-0.179231,-0.5046932,0.8389403,-4.806779,5.27983,5.282889,-1.325872,7732
106.52,-20.01379,5,-0.1920203,-0.5043705,0.5030622,-4.764631,5.27983,5.280857,-1.37537,7728
106.54,-19.63562,5,-0.1912577,-0.5027012,0.06031401,-4.710211,5.27983,5.279934,-1.369337,7724
106.56,-19.099,5,-0.2011082,-0.5028201,0.1213828,-4.60102,5.27983,5.27825,-1.38254,7752
106.58,-18.79382,5,-0.1971915,-0.4992363,0.1824515,-4.486001,5.27983,5.278442,-1.344995,7744
106.6,-29.82764,5,-0.2092188,-0.5057675,0.01451245,-4.361506,5.21235,5.236504,-1.485818,7736
106.62,-12.60449,5,-0.2005187,-0.5049806,-0.09235785,-5.394334,5.27983,5.259899,-1.3624,7728
106.64,-16.07056,5,-0.1872323,-0.5019396,-0.1686933,-4.38116,5.27983,5.27281,-1.284365,7728
106.66,-17.54504,5,-0.1926041,-0.4897872,0.2740546,-4.043413,5.27983,5.278187,-1.252539,7732
106.68,-17.62769,5,-0.2006278,-0.4802009,-0.1686933,-3.939666,5.27983,5.278794,-1.251206,7736
106.7,-17.13513,5,-0.2055654,-0.4733533,0.07558119,-3.859687,5.27983,5.278086,-1.232585,7724
106.72,-16.72705,5,-0.2014105,-0.4655258,-0.1686933,-3.768021,5.27983,5.278468,-1.18252,7740
106.74,-4.690063,5,-0.2055379,-0.4513774,-0.2908313,-3.623954,5.34731,5.31882,-1.01773,7732
106.76,-21.17395,5,-0.208508,-0.439585,-0.07709067,-2.32615,5.27983,5.296363,-1.038128,7732
106.78,-28.88562,5,-0.2118987,-0.4340491,-0.04655629,-3.14268,5.21235,5.244989,-1.155514,7736
106.8,-10.57031,5,-0.1795119,-0.4293016,0.9763447,-4.539224,5.27983,5.266075,-1.014012,7728
106.82,-24.65063,5,-0.1889996,-0.4422652,-0.1228922,-3.603687,5.21235,5.233657,-1.156185,7720
106.84,-8.595459,5,-0.1951585,-0.4409847,0.02977964,-4.360071,5.27983,5.260019,-1.040411,7740
106.86,-12.37097,5,-0.1843832,-0.4353234,0.02977964,-3.273749,5.27983,5.274075,-0.949558,7728
106.88,-25.56665,5,-0.1855478,-0.4273986,0.2587874,-2.957939,5.21235,5.239861,-1.034626,7744
106.9,-9.244751,5,-0.1711684,-0.4151301,0.7015356,-4.101816,5.27983,5.265804,-0.9259558,7732
106.92,-14.08948,5,-0.1083725,-0.3936982,1.449628,-3.420864,5.27983,5.284451,-0.7858075,7720
106.94,-27.15698,5,-0.136797,-0.3907434,0.5030622,-3.390032,5.21235,5.245329,-1.065581,7736
106.96,-11.3136,5,-0.08799703,-0.376501,2.243521,-4.827665,5.27983,5.272365,-0.9453099,7728
106.98,-14.94836,5,-0.08910327,-0.3767263,-0.3060985,-4.174726,5.27983,5.281394,-1.048614,7704
107,-15.73669,5,-0.1139295,-0.3778678,0.3656577,-4.028289,5.27983,5.280747,-1.15319,7728
107.02,-14.36121,5,-0.165384,-0.3911039,-0.6419765,-3.836161,5.27983,5.273287,-1.279718,7720
107.04,-13.76428,5,-0.1501571,-0.3905406,-0.3213652,-3.619848,5.27983,5.274021,-1.166612,7720
107.06,-13.2218,5,-0.1669879,-0.3906085,-0.3824344,-3.357348,5.27983,5.273185,-1.157823,7732
107.08,-12.65393,5,-0.1738478,-0.3874911,-0.3824344,-3.102975,5.27983,5.273101,-1.101762,7732
107.1,-12.30884,5,-0.1716603,-0.379885,-0.107625,-2.881611,5.27983,5.27447,-1.021928,7728
107.12,-12.10571,5,-0.1679981,-0.3697264,0.1213828,-2.7094,5.27983,5.276162,-0.9510113,7740
107.14,-23.52112,5,-0.1621707,-0.3661517,0.1366499,-2.616554,5.21235,5.237199,-1.025163,7748
107.16,-17.69543,5,-0.1653635,-0.3708492,0.1213828,-3.692747,5.21235,5.219004,-1.0705,7744
107.18,8.167114,5,-0.1713594,-0.3692446,0.2282531,-3.741277,5.34731,5.292011,-0.8134265,7716
107.2,-1.425415,5,-0.1837927,-0.352787,-0.1686933,-1.119862,5.34731,5.325587,-0.6338128,7732
107.22,-16.64514,5,-0.1909939,-0.3221974,-0.03128911,-0.3555033,5.27983,5.300243,-0.6052749,7728
107.24,-2.428345,5,-0.1077515,-0.2711729,5.251155,-1.637291,5.34731,5.33847,-0.2776981,7732
107.26,-9.063721,5,-0.0042531,-0.2177702,4.319858,-1.395858,5.34731,5.363894,-0.1248887,7728
107.28,-23.27734,5,-0.0007837284,-0.1939707,0.5335966,-1.943857,5.27983,5.326991,-0.4702927,7756
107.3,-18.3136,5,0.01722228,-0.1927705,0.1824515,-3.801242,5.27983,5.305906,-0.7101307,7732
107.32,-16.07495,5,0.03005934,-0.2113539,0.3503905,-4.571582,5.27983,5.293859,-0.9227163,7736
107.34,-15.06201,5,0.02117797,-0.2355853,-0.03128911,-4.828279,5.27983,5.285553,-1.115031,7724
107.36,-15.26904,5,0.03772571,-0.2500171,0.09084838,-4.955988,5.27983,5.283463,-1.199325,7716
107.38,-15.86743,5,0.04381747,-0.2604437,0.304589,-5.08618,5.27983,5.281926,-1.323457,7740
107.4,-16.6936,5,0.06040611,-0.2657528,-0.0007547362,-5.292754,5.27983,5.281499,-1.426125,7744
107.42,-28.64954,5,0.05775183,-0.2823701,0.1519171,-5.532558,5.21235,5.237818,-1.724715,7736
107.44,-11.69568,5,0.0550033,-0.2985475,0.3351234,-6.866063,5.27983,5.256399,-1.801566,7740
107.46,-14.96716,5,0.05242032,-0.3163188,0.2129859,-6.030099,5.27983,5.263756,-1.890239,7728
107.48,-16.57068,5,0.0484669,-0.3202693,0.304589,-5.799175,5.27983,5.266624,-1.944494,7728
107.5,-29.47266,5,0.07495222,-0.3219404,0.4267263,-5.925724,5.21235,5.229497,-2.096446,7732
107.52,-13.51819,5,0.09308754,-0.3219662,0.4419934,-7.34948,5.27983,5.252915,-2.12185,7740
107.54,-29.53748,5,0.1253093,-0.3301073,0.5183294,-6.816764,5.21235,5.224403,-2.311151,7744
107.56,-14.34338,5,0.1131733,-0.3363749,0.5335966,-8.020067,5.27983,5.247683,-2.415619,7736
107.58,-18.6051,5,0.1322004,-0.3416708,0.9916119,-7.349146,5.27983,5.25857,-2.477998,7732
107.6,-20.12988,5,0.1131183,-0.3453539,0.3198562,-7.276196,5.27983,5.259088,-2.624573,7728
107.62,-21.27075,5,0.1432615,-0.3401592,0.3198562,-7.486533,5.27983,5.261442,-2.650301,7728
107.64,-20.95447,5,0.1106938,-0.3504885,0.4114593,-7.632405,5.27983,5.255435,-2.857919,7728
107.66,-20.31311,5,0.103514,-0.3609793,-0.183961,-7.673727,5.27983,5.251174,-2.928782,7724
107.68,-8.129761,5,0.08991352,-0.3635206,-0.07709067,-7.565671,5.34731,5.28835,-2.849703,7732
107.7,-24.21619,5,0.06341331,-0.3697982,-0.3366328,-6.200312,5.27983,5.261885,-2.963444,7716
107.72,-19.37744,5,0.02107257,-0.3774861,-0.1992282,-6.776909,5.27983,5.245647,-3.023913,7720
107.74,-15.8042,5,-0.0234466,-0.3973945,-0.3977011,-6.513385,5.27983,5.234947,-3.032551,7700
107.76,-13.83411,5,-0.0401162,-0.4062322,-0.5351062,-5.917367,5.27983,5.233016,-2.875595,7716
107.78,-13.27271,5,-0.03688595,-0.399211,-0.5045714,-5.330624,5.27983,5.237139,-2.666066,7712
107.8,-12.89929,5,-0.04603057,-0.3869926,-0.6725109,-4.849843,5.27983,5.240499,-2.520858,7708
107.82,-0.9831543,5,-0.04453833,-0.3621962,-0.4282355,-4.468294,5.34731,5.284767,-2.224065,7724
107.84,-17.47266,5,-0.04751405,-0.339682,-0.09235785,-3.022736,5.27983,5.265008,-2.155846,7712
107.86,-14.01111,5,-0.02993408,-0.310911,0.7168028,-3.785255,5.27983,5.258775,-2.01585,7716
107.88,-0.6713867,5,-0.0203284,-0.2885627,-0.5045714,-3.939185,5.34731,5.296886,-1.815296,7716
107.9,-5.437256,5,-0.004522534,-0.261273,-0.2602969,-2.743168,5.34731,5.31629,-1.641467,7728
107.92,-18.7793,5,0.0008773315,-0.2364552,0.6404669,-2.473664,5.27983,5.284404,-1.670048,7732
107.94,-0.6724854,5,-0.04397332,-0.2299086,-0.1228922,-3.458678,5.34731,5.303162,-1.65161,7716
107.96,-14.22302,5,-0.04224045,-0.2316791,-0.1534266,-2.306135,5.27983,5.273107,-1.620067,7716
107.98,-21.22668,5,-0.03810156,-0.2318,0.06031401,-2.946798,5.21235,5.221976,-1.648907,7724
108,-13.55408,5,-0.04446196,-0.2458611,-0.3824344,-4.0488,5.21235,5.199265,-1.669588,7720
108.02,-10.42688,5,-0.04450572,-0.2628737,-0.3671672,-3.997616,5.21235,5.191718,-1.613858,7728
108.04,2.022827,5,-0.04389864,-0.2614152,0.07558119,-3.622874,5.27983,5.23233,-1.380891,7732
108.06,-3.605225,5,-0.03280642,-0.2423793,-0.01602192,-2.154772,5.27983,5.254272,-1.197092,7712
108.08,4.986816,5,-0.00605442,-0.19828,0.4114593,-1.816569,5.34731,5.308111,-0.9072512,7740
108.1,-24.55322,5,0.00265943,-0.172592,0.1061156,-0.8025143,5.21235,5.249313,-1.09385,7724
108.12,-15.65808,5,0.008702809,-0.1615502,1.403826,-3.130221,5.21235,5.220179,-1.204109,7720
108.14,-0.8011475,5,0.0525365,-0.1594669,0.2435202,-3.88824,5.27983,5.251166,-1.084777,7712
108.16,6.898926,5,0.03162511,-0.1558663,0.3809245,-2.793931,5.34731,5.302353,-1.004666,7684
108.18,-11.3844,5,0.02209547,-0.1434072,-0.04655629,-1.288063,5.27983,5.283997,-1.046934,7724
108.2,-9.951416,5,0.08712563,-0.1097216,4.289323,-2.357607,5.27983,5.282959,-0.9206457,7724
108.22,-21.68628,5,0.1276534,-0.09928562,0.3656577,-3.079804,5.21235,5.242109,-1.135177,7724
108.24,-5.331665,5,0.1607931,-0.09498866,0.4572606,-4.828947,5.27983,5.263809,-1.184629,7732
108.26,-7.797852,5,0.1240429,-0.1158494,0.2282531,-4.211625,5.27983,5.26515,-1.431857,7728
108.28,-9.087158,5,0.1391261,-0.1187692,0.1824515,-4.107885,5.27983,5.26772,-1.441933,7720
108.3,-9.654175,5,0.1358419,-0.1216757,-0.06182348,-4.160667,5.27983,5.267013,-1.540344,7720
108.32,-10.25293,5,0.1538212,-0.1201742,-0.1686933,-4.315352,5.27983,5.267516,-1.584644,7736
108.34,-10.22009,5,0.1426856,-0.1254608,-0.2450293,-4.441792,5.27983,5.264253,-1.713599,7732
108.36,-10.10779,5,0.145841,-0.1299365,0.09084838,-4.533837,5.27983,5.262112,-1.775089,7732
108.38,-10.07568,5,0.1474519,-0.1337486,-0.03128911,-4.589749,5.27983,5.260505,-1.833762,7728
108.4,-10.276,5,0.1566996,-0.1345599,0.06031401,-4.655653,5.27983,5.260159,-1.869929,7740
108.42,-10.26123,5,0.1527716,-0.1374684,-0.04655629,-4.706881,5.27983,5.258347,-1.942866,7752
108.44,-10.13794,5,0.1523186,-0.1402277,-0.03128911,-4.738163,5.27983,5.256697,-1.990969,7732
108.46,1.708984,5,0.1457995,-0.1361783,0.02977964,-4.699234,5.34731,5.295204,-1.904612,7740
108.48,-15.04077,5,0.1440444,-0.1327825,-0.03128911,-3.49719,5.27983,5.271625,-1.986375,7748
108.5,-11.76111,5,0.1519883,-0.1237675,0.07558119,-4.419904,5.27983,5.261294,-2.005445,7728
108.52,-10.25903,5,0.1596099,-0.1259582,-0.1992282,-4.721631,5.27983,5.256042,-2.055986,7736
108.54,-9.564331,5,0.1588975,-0.1304238,0.1671843,-4.766237,5.27983,5.253139,-2.092829,7732
108.56,-8.932983,5,0.1461714,-0.1366453,-0.1534266,-4.682051,5.27983,5.250223,-2.135726,7732
108.58,3.053833,5,0.1428532,-0.1315002,-0.04655629,-4.52543,5.34731,5.289753,-1.990951,7736
108.6,-13.81433,5,0.1453464,-0.1241976,0.01451245,-3.244978,5.27983,5.267866,-2.026488,7736
108.62,-22.12866,5,0.1520287,-0.119786,0.2587874,-4.147917,5.21235,5.217663,-2.163201,7748
108.64,-4.46106,5,0.1947602,-0.1152111,0.7626044,-5.699561,5.27983,5.239604,-2.06006,7728
108.66,-7.216431,5,0.1806903,-0.1249906,0.09084838,-4.893334,5.27983,5.246257,-2.148999,7744
108.68,-7.888916,5,0.1599437,-0.1278536,0.3351234,-4.570225,5.27983,5.247017,-2.180317,7728
108.7,-8.407593,5,0.1774467,-0.1205041,0.09084838,-4.48337,5.27983,5.250001,-2.121678,7724
108.72,-20.34692,5,0.1845122,-0.1208894,0.2587874,-4.526638,5.21235,5.210729,-2.266024,7724
108.74,-3.439453,5,0.1888691,-0.121117,0.1366499,-5.74859,5.27983,5.232928,-2.228566,7740
108.76,4.955078,5,0.189152,-0.1177435,0.02977964,-4.824448,5.34731,5.283184,-2.096918,7732
108.78,-13.45276,5,0.1877017,-0.1051864,0.1977187,-3.38861,5.27983,5.26539,-2.139105,7736
108.8,-10.39368,5,0.1820863,-0.09214555,0.1519171,-4.277925,5.27983,5.255191,-2.184125,7736
108.82,-9.077515,5,0.2034629,-0.08748163,0.2435202,-4.625532,5.27983,5.251697,-2.184353,7736
108.84,-19.7395,5,0.1922617,-0.09917902,-0.04655629,-4.708225,5.21235,5.207097,-2.385925,7740
108.86,-2.23291,5,0.1935205,-0.1067284,-0.107625,-5.816685,5.27983,5.227933,-2.321478,7740
108.88,-5.559814,5,0.2029933,-0.1111517,0.1061156,-4.813436,5.27983,5.239418,-2.272288,7744
108.9,-6.750854,5,0.1835608,-0.1078663,-0.04655629,-4.421812,5.27983,5.242712,-2.281831,7752
108.92,-6.96228,5,0.1826156,-0.1010363,-0.1228922,-4.278742,5.27983,5.244136,-2.252872,7728
108.94,-6.578979,5,0.1726564,-0.09705707,-0.06182348,-4.1696,5.27983,5.24334,-2.251306,7744
108.96,5.401123,5,0.172817,-0.08399839,-0.04655629,-4.03152,5.34731,5.28399,-2.071995,7752
108.98,-22.68945,5,0.1674204,-0.08175859,-0.01602192,-2.760909,5.21235,5.220772,-2.240156,7756
109,-1.498413,5,0.1487594,-0.07943548,-0.0007547362,-4.66469,5.27983,5.230388,-2.192467,7728
109.02,-2.814331,5,0.1605537,-0.08424868,-0.07709067,-3.81817,5.27983,5.237267,-2.100908,7744
109.04,-3.2323,5,0.1442977,-0.08023324,0.04504682,-3.335301,5.27983,5.240293,-2.038519,7756
109.06,8.178223,5,0.1504465,-0.06063113,-0.1534266,-3.050949,5.34731,5.284336,-1.795824,7712
109.08,-8.610107,5,0.1462701,-0.04417995,0.09084838,-1.719144,5.27983,5.263381,-1.801705,7728
109.1,6.557495,5,0.1505946,-0.01737382,-0.107625,-2.519081,5.34731,5.294791,-1.614655,7740
109.12,-8.863159,5,0.1694525,-0.002036411,-0.0007547362,-1.600242,5.27983,5.269899,-1.624066,7724
109.14,-4.490967,5,0.1598342,0.007343162,0.04504682,-2.513347,5.27983,5.256532,-1.652459,7760
109.16,9.518188,5,0.1563867,0.01201572,-0.1534266,-2.633138,5.34731,5.290399,-1.514117,7760
109.18,-6.206665,5,0.1504011,0.01495007,0.07558119,-1.300315,5.27983,5.26571,-1.529358,7728
109.2,-2.008057,5,0.1375749,0.02137205,-0.03128911,-1.960234,5.27983,5.253952,-1.505162,7756
109.22,0.02685547,5,0.1422013,0.02209227,0.01451245,-1.982555,5.27983,5.249997,-1.444749,7740
109.24,0.9949951,5,0.1387283,0.02394917,0.06031401,-1.776408,5.27983,5.249177,-1.38069,7744
109.26,1.449707,5,0.139529,0.03002447,0.04504682,-1.541786,5.27983,5.250267,-1.299446,7756
109.28,1.755737,5,0.1394001,0.03845637,-0.01602192,-1.336957,5.27983,5.251616,-1.228761,7752
109.3,2.223633,5,0.1335686,0.04627223,-0.0007547362,-1.147315,5.27983,5.252024,-1.176014,7736
109.32,2.452393,5,0.1426576,0.05778279,-0.04655629,-1.001792,5.27983,5.254041,-1.085335,7760
109.34,2.78833,5,0.1404863,0.06758722,-0.01602192,-0.8715373,5.27983,5.254778,-1.039455,7756
109.36,3.163574,5,0.1423976,0.07734185,-0.03128911,-0.7543894,5.27983,5.255549,-0.9813112,7752
109.38,-8.401367,5,0.1586102,0.08286335,0.04504682,-0.7158152,5.21235,5.217495,-1.035237,7756
109.4,9.052856,5,0.1476414,0.08415176,-0.0007547362,-1.791723,5.27983,5.238922,-0.9785658,7748
109.42,6.39209,5,0.1429922,0.08239613,-0.03128911,-0.7219859,5.27983,5.248796,-0.9177977,7748
109.44,16.79724,5,0.1427971,0.1027526,-0.0007547362,-0.2567627,5.34731,5.295449,-0.6813344,7748
109.46,-0.5692139,5,0.1468751,0.1235865,0.2282531,1.064547,5.27983,5.276462,-0.6752487,7760
109.48,3.02002,5,0.143162,0.1422556,-0.07709067,0.2011036,5.27983,5.266282,-0.669278,7736
109.5,5.060669,5,0.1485552,0.1474442,0.02977964,-0.01936691,5.27983,5.261282,-0.6539241,7760
109.52,6.245605,5,0.1445478,0.1490921,0.01451245,0.05832196,5.27983,5.258898,-0.6245291,7760
109.54,6.626099,5,0.1549801,0.1559495,0.01451245,0.1970286,5.27983,5.260108,-0.5445783,7736
109.56,6.691284,5,0.1612004,0.1649762,0.07558119,0.3087823,5.27983,5.261692,-0.4943548,7744
109.58,6.699829,5,0.1686409,0.1750053,-0.01602192,0.3666439,5.27983,5.263101,-0.4546888,7768
109.6,6.935181,5,0.1679845,0.1825762,0.02977964,0.4105372,5.27983,5.263085,-0.4443473,7740
109.62,7.341309,5,0.1664533,0.1883872,0.02977964,0.4710885,5.27983,5.262565,-0.4294277,7764
109.64,7.777588,5,0.1654005,0.1936318,-0.03128911,0.5582945,5.27983,5.262179,-0.4056101,7752
109.66,-3.415039,5,0.1660911,0.1914837,-0.0007547362,0.6350402,5.21235,5.221598,-0.5104828,7736
109.68,14.04858,5,0.1613673,0.1905053,0.02977964,-0.399662,5.27983,5.243403,-0.4284049,7764
109.7,11.12769,5,0.1618467,0.1892334,-0.03128911,0.6804149,5.27983,5.254292,-0.3605241,7740
109.72,7.789429,5,0.2408863,0.2234587,4.182453,0.8314393,5.27983,5.270506,-0.1151801,7732
109.74,15.69141,5,0.3245479,0.2749831,3.251155,0.3358879,5.34731,5.324707,0.08003709,7752
109.76,-3.718994,5,0.3686997,0.308833,2.396193,0.6290244,5.27983,5.306022,-0.1557508,7732
109.78,-1.757324,5,0.4059234,0.3284142,2.732071,-1.265802,5.27983,5.29371,-0.4071048,7732
109.8,-12.96802,5,0.4517813,0.3187506,0.8084057,-2.503236,5.21235,5.245462,-0.8066472,7748
109.82,5.398071,5,0.4053041,0.2802117,-0.1686933,-4.275406,5.27983,5.252215,-1.185332,7736
109.84,3.10791,5,0.396354,0.2408575,-0.6419765,-3.5684,5.27983,5.253356,-1.362088,7720
109.86,12.75891,5,0.4089252,0.2340792,0.3809245,-3.357811,5.34731,5.297015,-1.291022,7736
109.88,-5.025879,5,0.3906945,0.2253142,-0.06182348,-2.213905,5.27983,5.272187,-1.5349,7728
109.9,-2.198853,5,0.397485,0.2236456,0.1061156,-3.279895,5.27983,5.259963,-1.656426,7716
109.92,11.00745,5,0.3869598,0.2143746,-0.4740371,-3.63881,5.34731,5.291222,-1.699718,7724
109.94,-5.166382,5,0.3805941,0.2030124,-0.01602192,-2.549125,5.27983,5.263549,-1.858276,7732
109.96,-1.813477,5,0.386358,0.2004517,0.4725278,-3.483138,5.27983,5.251437,-1.924989,7724
109.98,-0.390625,5,0.388994,0.1889789,-0.550373,-3.770404,5.27983,5.244961,-2.022579,7724
110,0.07739258,5,0.3895701,0.178734,0.1824515,-3.819798,5.27983,5.241823,-2.085221,7720
110.02,0.2259521,5,0.3863851,0.1708241,0.01451245,-3.795779,5.27983,5.239848,-2.141594,7732
110.04,0.1260986,5,0.3903373,0.1672197,-0.01602192,-3.779342,5.27983,5.239294,-2.1716,7732
110.06,0.0123291,5,0.3913881,0.1652399,0.02977964,-3.782857,5.27983,5.23863,-2.212502,7732
110.08,0.02148438,5,0.3904364,0.1635039,0.01451245,-3.793856,5.27983,5.23754,-2.255131,7736
110.1,0.02490234,5,0.3933103,0.1630441,-0.0007547362,-3.810084,5.27983,5.236859,-2.282281,7728
110.12,0.09851074,5,0.3926444,0.1623578,-0.0007547362,-3.818187,5.27983,5.235854,-2.316536,7736
110.14,0.133667,5,0.3958961,0.162837,-0.03128911,-3.82694,5.27983,5.235328,-2.335238,7736
110.16,11.69934,5,0.3990067,0.1719128,-0.06182348,-3.814215,5.34731,5.275565,-2.217448,7724
110.18,-16.75842,5,0.3980061,0.1701157,0.04504682,-2.685489,5.21235,5.211742,-2.443705,7732
110.2,3.547241,5,0.4050008,0.1739872,0.3351234,-4.809525,5.27983,5.223353,-2.412359,7740
110.22,1.786499,5,0.41228,0.1641579,-0.6419765,-4.185539,5.27983,5.228478,-2.442016,7728
110.24,-10.7124,5,0.4102364,0.156685,0.5488637,-3.970943,5.21235,5.190465,-2.577499,7740
110.26,6.104858,5,0.4038422,0.1521239,-0.2450293,-5.043475,5.27983,5.212723,-2.54357,7736
110.28,2.50708,5,0.4180053,0.1507339,-0.0007547362,-4.102209,5.27983,5.224895,-2.494823,7720
110.3,12.55432,5,0.4088217,0.1654607,0.1366499,-3.788677,5.34731,5.269858,-2.364896,7748
110.32,-4.851562,5,0.4096873,0.178808,-0.2297625,-2.595207,5.27983,5.248832,-2.427702,7736
110.34,-1.441528,5,0.4095786,0.1913545,0.3198562,-3.561568,5.27983,5.237826,-2.463301,7724
110.36,0.5970459,5,0.4059495,0.1880257,-0.3824344,-3.839771,5.27983,5.230843,-2.51805,7728
110.38,1.610107,5,0.405672,0.1840685,0.2129859,-3.815053,5.27983,5.228059,-2.511195,7740
110.4,2.216919,5,0.3978424,0.1810228,-0.107625,-3.668595,5.27983,5.226556,-2.505679,7724
110.42,2.266602,5,0.4073823,0.1847926,0.06031401,-3.541446,5.27983,5.227974,-2.448665,7732
110.44,2.493896,5,0.3988814,0.1870722,-0.0007547362,-3.422065,5.27983,5.227573,-2.451967,7736
110.46,3.082031,5,0.3864383,0.1875182,-0.01602192,-3.276081,5.27983,5.226085,-2.447699,7736
110.48,3.460815,5,0.3888676,0.1917293,0.1061156,-3.126089,5.27983,5.226583,-2.389662,7732
110.5,3.97644,5,0.3782007,0.1945666,0.01451245,-2.95005,5.27983,5.225986,-2.367172,7732
110.52,4.016235,5,0.3928342,0.2040915,0.07558119,-2.828518,5.27983,5.228428,-2.27495,7740
110.54,4.154907,5,0.3906723,0.2118695,0.06031401,-2.73429,5.27983,5.229154,-2.250926,7720
110.56,4.47998,5,0.3892564,0.2184982,-0.04655629,-2.650577,5.27983,5.22924,-2.221081,7728
110.58,5.010498,5,0.3825126,0.2229751,0.02977964,-2.536843,5.27983,5.228559,-2.198204,7740
110.6,5.313599,5,0.3880868,0.2301472,0.01451245,-2.424201,5.27983,5.2295,-2.135803,7728
110.62,5.717773,5,0.382344,0.2356302,-0.0007547362,-2.296952,5.27983,5.229398,-2.108993,7732
110.64,6.054443,5,0.3843259,0.2425338,0.09084838,-2.175918,5.27983,5.230035,-2.055448,7752
110.66,18.19653,5,0.3736969,0.254641,0.02977964,-1.997768,5.34731,5.269903,-1.895581,7728
110.68,1.622681,5,0.3758878,0.2671698,0.1213828,-0.6843482,5.27983,5.248355,-1.887069,7748
110.7,5.257446,5,0.3765777,0.2823246,0.5641309,-1.488392,5.27983,5.238636,-1.854076,7744
110.72,6.313477,5,0.4139832,0.2948276,0.9152762,-1.774337,5.27983,5.238351,-1.767938,7752
110.74,6.862183,5,0.4095778,0.2987209,-0.04655629,-1.839337,5.27983,5.236519,-1.802139,7728
110.76,6.509399,5,0.4417453,0.3099625,1.693902,-1.93433,5.27983,5.239412,-1.733685,7740
110.78,18.1781,5,0.4316284,0.3206156,-0.183961,-1.972332,5.34731,5.278401,-1.669545,7756
110.8,1.191162,5,0.4441506,0.3309693,0.06031401,-0.8868095,5.27983,5.256211,-1.7238,7736
110.82,-6.882446,5,0.4415708,0.3316302,0.3656577,-1.899768,5.21235,5.203629,-1.926725,7736
110.84,10.46509,5,0.5038749,0.3376846,2.671002,-3.566954,5.27983,5.226834,-1.801812,7732
110.86,7.856323,5,0.4727164,0.3218357,-0.2144953,-2.812649,5.27983,5.230942,-1.978294,7752
110.88,6.272949,5,0.4935758,0.3257614,0.4877952,-2.651233,5.27983,5.235908,-1.936497,7740
110.9,5.265015,5,0.5042559,0.3317766,0.5641309,-2.74198,5.27983,5.237965,-1.984681,7728
110.92,4.971069,5,0.5039548,0.3330167,0.2893218,-2.903616,5.27983,5.236639,-2.074519,7752
110.94,4.912842,5,0.5096228,0.3325828,0.3809245,-3.060057,5.27983,5.235136,-2.137569,7740
110.96,5.192993,5,0.5013885,0.3275452,0.304589,-3.14214,5.27983,5.232081,-2.225284,7728
110.98,5.262024,5,0.5080143,0.3251728,0.1977187,-3.191107,5.27983,5.231039,-2.252634,7728
111,5.315002,5,0.5064492,0.3224863,0.3351234,-3.211713,5.27983,5.229708,-2.301587,7736
111.02,-6.26239,5,0.5099147,0.3135098,0.304589,-3.25729,5.21235,5.188384,-2.467477,7728
111.04,-12.27075,5,0.506529,0.2899336,0.304589,-4.469528,5.144871,5.128008,-2.725937,7744
111.06,18.60962,5,0.5040225,0.2692429,0.07558119,-5.817357,5.27983,5.181906,-2.609771,7752
111.08,10.46906,5,0.5024896,0.2593961,0.09084838,-3.588146,5.27983,5.208129,-2.534848,7744
111.1,7.158508,5,0.4790665,0.2711973,-0.107625,-2.861655,5.27983,5.218384,-2.503816,7760
111.12,5.016235,5,0.5245678,0.2990775,1.266421,-2.869106,5.27983,5.22815,-2.37456,7760
111.14,-7.068237,5,0.517098,0.3048035,0.2740546,-3.088791,5.21235,5.187589,-2.602903,7748
111.16,9.551636,5,0.5457246,0.3125236,1.205353,-4.523782,5.27983,5.211339,-2.52976,7756
111.18,6.103516,5,0.5519855,0.3110734,0.3809245,-3.815374,5.27983,5.221006,-2.575414,7756
111.2,5.166138,5,0.5296023,0.3108008,-0.0007547362,-3.621682,5.27983,5.221619,-2.651982,7752
111.22,4.385803,5,0.557566,0.320392,0.3809245,-3.683133,5.27983,5.225003,-2.60332,7780
111.24,3.98761,5,0.560622,0.3256062,0.4572606,-3.812922,5.27983,5.22508,-2.663151,7768
111.26,4.043274,5,0.5599113,0.3264279,0.1061156,-3.936526,5.27983,5.223376,-2.725191,7748
111.28,-7.322144,5,0.560218,0.3173547,0.2587874,-4.038873,5.21235,5.18101,-2.90767,7744
111.3,10.172,5,0.5478532,0.3065376,0.09084838,-5.186108,5.27983,5.200311,-2.907627,7748
111.32,7.093079,5,0.5510898,0.2976663,0.04504682,-4.189153,5.27983,5.210296,-2.878391,7748
111.34,5.409973,5,0.5545298,0.304477,0.2129859,-3.854728,5.27983,5.216256,-2.835076,7760
111.36,4.657471,5,0.5590765,0.3134553,-0.0007547362,-3.818802,5.27983,5.21872,-2.835847,7756
111.38,-6.848267,5,0.552874,0.309526,0.09084838,-3.874279,5.21235,5.177148,-3.012205,7756
111.4,10.84656,5,0.5372197,0.3019025,-0.03128911,-4.992271,5.27983,5.196426,-2.991673,7732
111.42,7.83783,5,0.5452852,0.2972724,-0.01602192,-3.970846,5.27983,5.207361,-2.920206,7736
111.44,-5.266907,5,0.5452421,0.2985006,0.1366499,-3.625541,5.21235,5.172794,-3.000577,7740
111.46,11.33167,5,0.5412462,0.3017273,-0.07709067,-4.679661,5.27983,5.196784,-2.931861,7728
111.48,8.032898,5,0.5452088,0.3028017,0.01451245,-3.712348,5.27983,5.208229,-2.883313,7736
111.5,-4.631042,5,0.5311681,0.3028743,-0.04655629,-3.383947,5.21235,5.171484,-2.997539,7744
111.52,12.43964,5,0.5226239,0.3045103,-0.04655629,-4.388437,5.27983,5.194411,-2.911173,7748
111.54,9.380676,5,0.5252843,0.3055884,-0.07709067,-3.335392,5.27983,5.206015,-2.829783,7740
111.56,8.053528,5,0.5230188,0.31849,-0.06182348,-2.940046,5.27983,5.212133,-2.74836,7732
111.58,19.27667,5,0.5244098,0.3401396,-0.04655629,-2.789593,5.34731,5.255521,-2.558559,7752
111.6,2.465942,5,0.5239632,0.3566825,-0.04655629,-1.578274,5.27983,5.234,-2.583246,7748
111.62,6.144653,5,0.5253472,0.3728532,0.3198562,-2.476029,5.27983,5.223661,-2.566736,7744
111.64,7.961914,5,0.5358093,0.3772466,-0.1534266,-2.728117,5.27983,5.219352,-2.54905,7748
111.66,8.90271,5,0.5336501,0.378001,0.07558119,-2.701094,5.27983,5.217269,-2.534483,7748
111.68,9.555603,5,0.5272887,0.3784983,-0.06182348,-2.564472,5.27983,5.216149,-2.510736,7732
111.7,-1.504761,5,0.5224201,0.3726809,-0.04655629,-2.414701,5.21235,5.175259,-2.608001,7752
111.72,15.94067,5,0.5175365,0.3705088,0.01451245,-3.387416,5.27983,5.197645,-2.501938,7760
111.74,13.05688,5,0.5129086,0.3679514,-0.06182348,-2.250953,5.27983,5.208614,-2.42639,7744
111.76,23.46826,5,0.5052509,0.386444,0.1671843,-1.739166,5.34731,5.255021,-2.197966,7748
111.78,-5.574951,5,0.5141608,0.4001814,0.5183294,-0.4281405,5.21235,5.196328,-2.302075,7732
111.8,1.688354,5,0.5756288,0.42358,3.312223,-2.69811,5.21235,5.176529,-2.236307,7736
111.82,16.17499,5,0.5874779,0.4235467,-1.283198,-3.475625,5.27983,5.205876,-2.249617,7744
111.84,12.07391,5,0.5815374,0.421311,0.3656577,-2.508142,5.27983,5.217335,-2.279069,7736
111.86,11.05347,5,0.5550249,0.4227398,-0.04655629,-2.194771,5.27983,5.218884,-2.327524,7728
111.88,22.28467,5,0.5656186,0.4384741,-0.5045714,-2.100391,5.34731,5.261592,-2.143785,7748
111.9,5.269775,5,0.565593,0.4501932,0.1519171,-0.928463,5.27983,5.239616,-2.208363,7736
111.92,9.112244,5,0.5529464,0.4583576,-0.1381594,-1.826827,5.27983,5.226908,-2.259944,7732
111.94,11.00946,5,0.5630445,0.4575519,-0.2144953,-2.062609,5.27983,5.221813,-2.252447,7744
111.96,11.76495,5,0.565331,0.4563726,-0.183961,-2.032707,5.27983,5.220176,-2.238737,7744
111.98,0.5979614,5,0.5619996,0.4482169,-0.01602192,-1.949264,5.21235,5.178806,-2.366802,7732
112,29.49255,5,0.5580397,0.4514551,-0.06182348,-2.95553,5.34731,5.241302,-2.153042,7744
112.02,55.56964,-5,0.5540105,0.452057,-0.1228922,-0.7142793,5.27983,5.229473,-2.166362,7744
112.04,60.66205,-5,0.5685299,0.5233993,0.8694746,3.399272,5.27983,5.227647,-1.945805,7728
112.06,53.08514,-5,0.6593719,0.6637578,7.678637,6.353796,5.21235,5.194828,-1.652917,7736
112.08,66.83905,-5,1.060849,0.9235094,19.52597,6.26651,5.27983,5.260787,-0.6570368,7732
112.1,59.93427,-5,1.339608,1.185549,14.35039,6.708595,5.27983,5.295959,-0.6192865,7736
112.12,69.32062,-5,1.578074,1.435998,14.02979,5.571054,5.34731,5.345547,-0.8030329,7740
112.14,52.17596,-5,1.845431,1.660284,13.69391,4.882799,5.27983,5.322505,-1.29516,7704
112.16,116.3043,-5,1.998505,1.869894,7.831309,2.347865,5.61723,5.494574,-1.457355,7724
112.18,107.3306,-5,2.127514,2.065855,6.243523,6.774196,5.684711,5.594214,-1.757267,7692
112.2,86.84592,-5,2.203962,2.266542,6.47253,8.546591,5.61723,5.576809,-2.328776,7704
112.22,-89.38925,-5,2.70648,2.433296,25.2817,5.615742,4.60503,4.991794,-4.07631,7704
112.24,209.5349,-5,2.979474,2.60279,12.74734,-14.50751,5.887151,5.485738,-3.507645,7756
112.26,-6.234833,-5,2.984935,2.551881,-3.374801,2.053295,5.009911,5.142941,-6.133265,7676
112.28,45.15558,-5,2.373334,2.421414,-22.0771,-6.724896,4.94243,4.850348,-8.761833,7728
112.3,85.8551,-5,2.853583,2.415228,27.22063,-8.879576,5.009911,4.82591,-7.832257,7752
112.32,159.191,-5,2.44239,2.349426,-19.06946,-4.637342,5.34731,4.960205,-8.505464,7752
112.34,204.7377,-5,1.83923,2.304776,-16.74885,7.761318,5.61723,5.12019,-8.257861,7728
112.36,195.6756,-5,2.04843,2.57551,21.17483,19.93755,5.684711,5.295368,-5.397887,7688
112.38,166.7941,-5,2.339243,3.006287,27.54124,26.14392,5.61723,5.375309,-3.464395,7688
112.4,146.2986,-5,3.396886,3.65649,47.984,23.83735,5.61723,5.521444,-0.7711164,7676
112.42,138.4054,-5,4.086527,4.225953,37.51071,18.00507,5.684711,5.641698,-0.7001358,7676
112.44,-66.37433,-5,4.754893,4.557001,28.70154,10.73383,4.60503,5.043286,-3.760611,7716
112.46,19.07819,-5,4.892924,4.551045,6.945813,-15.17498,4.60503,4.700168,-7.578598,7756
112.48,119.5467,-5,4.95491,4.307127,-1.328999,-23.7304,4.94243,4.700897,-9.990062,7760
112.5,17.64322,-5,4.512885,3.912984,-35.37481,-17.98904,4.335111,4.263959,-13.74229,7716
112.52,-18.36777,-5,3.391263,3.289135,-49.34428,-20.932,3.660311,3.530147,-18.43702,7804
112.54,118.9579,-5,3.41997,2.894909,-4.000756,-26.45968,3.93023,3.427611,-17.29865,7832
112.56,183.6391,-5,3.041196,2.619633,-25.63435,-14.82252,4.20015,3.552153,-16.42053,7800
112.58,86.95129,-5,2.045484,2.333587,-52.27558,2.588912,3.592831,3.173331,-17.45438,7772
112.6,139.8509,-5,2.199168,2.405715,19.87711,3.905571,3.592831,3.097614,-14.20406,7816
112.62,209.2127,-5,3.066777,2.829243,33.86185,7.4346,3.99771,3.45819,-9.487704,7832
112.64,173.3139,-5,3.13062,3.231718,6.335125,16.62967,3.99771,3.613474,-8.495389,7804
112.66,203.5857,-5,3.529314,3.746666,21.5565,17.90777,4.267631,3.872126,-6.459078,7796
112.68,154.6715,-5,4.263854,4.320339,40.83895,19.36978,4.20015,3.999747,-4.994323,7788
112.7,-24.1626,-5,4.86706,4.72783,26.64048,13.05868,3.25543,3.4974,-6.939143,7784
112.72,57.07104,-5,5.254776,4.884012,23.19009,-10.39993,3.32291,3.28069,-9.172432,7824
112.74,140.946,-5,5.466582,4.814628,7.709171,-18.26145,3.660311,3.352506,-10.89589,7848
112.76,20.99896,-5,5.062172,4.528843,-29.34427,-13.88269,2.985511,2.897483,-14.74806,7820
112.78,140.1699,-5,4.4028,4.177666,-33.68016,-20.75835,3.25543,2.771534,-16.76126,7872
112.8,36.00366,-5,4.415783,3.889026,-1.344267,-13.53779,2.58063,2.345045,-17.50573,7836
112.82,171.2921,-5,3.999423,3.679263,-25.57328,-17.6905,2.985511,2.37387,-17.52804,7896
112.84,-0.9933472,-5,3.316321,3.294814,-7.619077,-4.813737,1.90583,1.687275,-19.84361,7884
112.86,161.4281,-5,3.351309,3.1926,-5.420604,-13.59663,2.31071,1.688713,-17.51847,7936
112.88,51.25922,-5,3.286282,3.055495,3.907644,-2.955261,1.63591,1.318381,-17.37801,7900
112.9,155.8198,-5,3.149418,3.054986,-14.27557,-6.414765,1.90583,1.335547,-15.91519,7948
112.92,232.4324,-5,3.029271,3.123723,2.426727,2.493275,2.31071,1.602653,-13.73227,7932
112.94,89.06732,-5,3.013372,3.287341,-5.191597,15.98278,1.63591,1.347308,-12.76302,7900
112.96,189.5872,-5,3.193143,3.587403,14.60994,10.02643,1.97331,1.471881,-10.52953,7952
112.98,-22.39764,-5,4.112552,3.916004,41.31224,12.80724,0.89363,0.9913201,-9.819079,7924
113,118.8821,-5,4.31347,4.11825,6.747339,-7.225448,1.298511,1.001272,-10.34203,7972
113.02,159.2745,-5,4.697731,4.215588,16.86948,-7.354915,1.568431,1.180796,-10.16148,7952
113.04,42.13538,-5,4.291651,4.12105,-21.28321,-2.210005,0.9611101,0.8192942,-12.97308,7932
113.06,150.652,-5,3.79723,3.952293,-18.33664,-8.83182,1.23103,0.7533302,-13.98121,7964
113.08,-18.46948,-5,3.976076,3.781321,8.96108,-3.192244,0.2188301,0.1635613,-14.79985,7968
113.1,195.6913,-5,3.734979,3.663048,-19.77175,-15.40525,0.9611101,0.3315251,-14.22632,8000
113.12,-6.064209,-5,3.942412,3.529571,8.869477,-2.895827,-0.05108929,-0.1502425,-14.79999,7960
113.14,169.4819,-5,3.743887,3.498804,-14.3519,-14.07235,0.5562305,-0.01247159,-14.24933,8020
113.16,50.59216,-5,3.198397,3.238135,-12.2603,-2.092137,-0.1185694,-0.4123369,-16.01699,7996
113.18,173.0627,-5,3.271556,3.241626,0.3198562,-6.230949,0.2863102,-0.294212,-13.74579,8032
113.2,-5.171143,-5,3.003567,3.102309,-8.596177,3.985832,-0.7258892,-0.8579861,-15.01439,8012
113.22,131.6797,-5,3.078281,3.107795,2.762605,-7.323,-0.3884897,-0.8672954,-13.4365,8092
113.24,67.10925,-5,3.120257,3.037885,6.548866,-1.208515,-0.7933693,-1.088636,-13.24456,8076
113.26,110.933,-5,3.158031,3.064942,-2.489305,-3.748257,-0.7258892,-1.120203,-12.30909,8092
113.28,15.17664,-5,2.711718,2.891345,-19.78702,0.3076245,-1.40069,-1.585299,-13.96396,8080
113.3,127.459,-5,3.15707,2.950541,16.94582,-8.009032,-1.06329,-1.501301,-11.50824,8124
113.32,168.0809,-5,3.072304,2.97442,-6.657246,-1.739238,-0.7933693,-1.303061,-10.71251,8096
113.34,64.61548,-5,2.560261,2.912117,-20.15343,8.064601,-1.33321,-1.590339,-11.72594,8072
113.36,133.9591,-5,2.934583,3.079129,25.54124,2.956667,-1.13077,-1.522622,-9.332738,8132
113.38,193.6639,-5,3.241009,3.309127,9.052684,5.746835,-0.7258892,-1.20811,-7.363445,8120
113.4,42.59631,-5,3.220937,3.457843,-3.374801,13.46169,-1.40069,-1.486759,-8.207509,8076
113.42,-81.04907,-5,3.493938,3.520877,18.28933,2.068937,-2.345409,-2.160837,-9.88073,8120
113.44,64.29724,-5,3.829172,3.451783,13.00688,-18.90314,-2.008009,-2.242598,-10.36914,8184
113.46,138.9998,-5,3.468063,3.16458,-15.51221,-16.72634,-1.670609,-2.134326,-11.63966,8152
113.48,17.823,-5,2.817586,2.812772,-36.82519,-5.809924,-2.345409,-2.547753,-13.69738,8140
113.5,201.2145,-5,2.209528,2.579758,-28.0313,-8.497613,-1.670609,-2.358912,-12.66006,8172
113.52,-10.21887,-5,2.669369,2.55801,18.12139,6.34346,-2.68281,-2.763938,-11.1802,8148
113.54,96.4884,-5,2.630659,2.627846,-4.565641,-4.930161,-2.412889,-2.769642,-10.45017,8212
113.56,150.6321,-5,2.980676,2.741545,22.22826,-2.620353,-2.075489,-2.519794,-8.631112,8176
113.58,177.7886,-5,2.97687,2.926796,-3.954955,4.522792,-1.738089,-2.20661,-7.463822,8168
113.6,-175.3853,-5,2.669662,2.859955,-15.81755,12.33597,-3.627529,-3.250546,-11.22507,8136
113.62,17.59875,-5,3.13467,2.848777,27.83132,-19.55344,-3.290129,-3.459674,-10.74313,8264
113.64,77.64136,-5,3.694319,2.731653,25.03742,-22.90233,-3.02021,-3.330124,-10.30487,8268
113.66,135.5979,-5,3.639259,2.685547,-6.351902,-18.73072,-2.54785,-3.001254,-10.33378,8220
113.68,-40.88123,-5,3.178723,2.525818,-29.42061,-8.903848,-3.357609,-3.407498,-13.1014,8188
113.7,96.79504,-5,2.573638,2.315825,-28.26031,-18.02464,-2.95273,-3.418684,-13.99645,8228
113.72,-27.93506,-5,2.892676,2.178204,20.54887,-11.46167,-3.627529,-3.755876,-13.6183,8240
113.74,61.00818,-5,2.970197,2.148656,4.014514,-19.87303,-3.357609,-3.718213,-13.07581,8280
113.76,120.0682,-5,2.686383,2.042962,-17.87862,-15.35248,-3.02021,-3.531071,-13.03141,8272
113.78,-53.96973,-5,2.098681,1.814913,-32.84046,-4.76116,-3.96493,-4.06812,-15.03932,8212
113.8,94.48987,-5,1.424261,1.561391,-23.55801,-12.8809,-3.627529,-4.15392,-14.87918,8288
113.82,152.7356,-5,1.426172,1.454994,-2.764114,-3.102164,-3.357609,-3.965286,-11.91771,8252
113.84,-42.53601,-5,1.388218,1.455259,-4.626711,9.027305,-4.36981,-4.436531,-11.32393,8244
113.86,93.45679,-5,2.035203,1.732352,25.81605,-4.632167,-3.897449,-4.252985,-8.023755,8320
113.88,53.58679,-5,2.475569,1.936772,23.4649,-1.403419,-3.96493,-4.168134,-7.15435,8284
113.9,-135.2953,-5,2.348802,1.916856,-6.428238,-3.263991,-5.044609,-4.819551,-10.03494,8280
113.92,30.698,-5,2.096495,1.721791,-18.36717,-22.53068,-4.639729,-4.916162,-11.15058,8324
113.94,111.9241,-5,1.973271,1.472924,-7.848085,-17.91809,-4.23485,-4.713655,-10.52142,8308
113.96,63.43591,-5,1.652726,1.337955,-17.74122,-5.651964,-4.36981,-4.705857,-10.14321,8296
113.98,-76.67078,-5,1.180395,1.161716,-23.22214,-1.163376,-5.247049,-5.257654,-11.56715,8304
114,36.37476,-5,1.575391,1.166467,25.90765,-13.53796,-4.977129,-5.258191,-9.477268,8356
114.02,23.79236,-5,2.129285,1.239262,19.5565,-12.15499,-4.977129,-5.175187,-8.043169,8332
114.04,14.34656,-5,2.059787,1.270139,-6.550376,-12.29015,-4.977129,-5.157728,-8.642399,8328
114.06,21.6814,-5,1.662552,1.168154,-22.48931,-11.99346,-4.977129,-5.211063,-9.811954,8340
114.08,88.66858,-5,1.071877,0.9866543,-28.79466,-8.946961,-4.707209,-5.133923,-10.01079,8340
114.1,79.85315,-5,0.9602079,0.9447048,-0.1381594,0.2256036,-4.707209,-5.069993,-8.358676,8324
114.12,95.88733,-5,1.010194,1.080263,9.678638,5.302274,-4.572248,-4.918035,-6.226287,8320
114.14,51.04492,-5,1.308468,1.323775,16.67101,9.246532,-4.707209,-4.87885,-4.540661,8308
114.16,65.50049,-5,1.758011,1.643481,19.98398,5.8812,-4.572248,-4.733081,-3.014792,8324
114.18,18.33032,-5,2.214294,1.916796,26.93055,3.536695,-4.707209,-4.722799,-2.81598,8316
114.2,37.01514,-5,2.519481,2.114151,13.75497,-3.760157,-4.572248,-4.641866,-3.236064,8316
114.22,17.13928,-5,2.465331,2.117856,-3.603809,-6.550104,-4.639729,-4.69641,-4.968832,8328
114.24,-135.7407,-5,2.309214,1.905049,-8.245033,-10.24411,-5.58445,-5.332078,-8.295687,8320
114.26,167.6693,-5,2.210452,1.728515,-5.023657,-27.31349,-4.30233,-4.863678,-7.53863,8372
114.28,85.22705,-5,2.175768,1.580706,-3.374801,-7.896776,-4.36981,-4.682425,-7.24943,8288
114.3,-145.5509,-5,1.899581,1.47088,-17.06946,-2.953748,-5.58445,-5.350711,-9.664272,8284
114.32,-42.38379,-5,1.409507,1.170047,-25.1916,-21.30894,-5.58445,-5.713548,-11.68497,8348
114.34,-7.191895,-5,1.771196,0.9111732,30.73208,-24.22328,-5.58445,-5.798638,-10.75329,8392
114.36,-13.9762,-5,2.217737,0.8541121,15.72444,-24.1338,-5.58445,-5.75241,-9.762688,8392
114.38,202.8235,-5,1.896184,0.8659834,-30.42825,-23.22708,-4.30233,-5.007215,-8.623335,8372
114.4,-41.22351,-5,0.5510195,0.5500375,-72.47406,3.411183,-5.314529,-5.446535,-12.17146,8292
114.42,52.56628,-5,-0.7997493,0.1892229,-69.31376,0.9848228,-5.314529,-5.756094,-12.69864,8372
114.44,236.9884,-5,-1.724186,-0.1363158,40.90002,12.34388,-4.639729,-5.502542,-9.157068,8376
114.46,191.2839,-5,-0.6039908,0.3122315,50.09087,34.79038,-4.572248,-5.0671,-0.2736048,8300
114.48,73.55396,-5,0.156344,1.062916,30.68628,42.37662,-4.909649,-4.944644,3.8195,8304
114.5,11.60779,-5,1.023835,1.772096,58.41148,32.54137,-5.179569,-4.987509,5.402324,8332
114.52,-8.151489,-5,2.283309,2.374839,57.1901,15.54923,-5.247049,-4.96562,6.184903,8344
114.54,-16.69897,-5,2.857815,2.643752,22.16719,0.3769461,-5.247049,-4.985957,3.892212,8324
114.56,44.33386,-5,2.782062,2.590363,-19.11527,-10.17312,-4.909649,-4.888812,0.831847,8332
114.58,107.5197,-5,1.703864,2.177732,-66.30612,-7.26008,-4.572248,-4.822531,-2.894723,8328
114.6,15.60718,-5,0.4125466,1.576078,-73.10001,5.157623,-5.179569,-5.290882,-6.060132,8308
114.62,68.17322,-5,0.07254651,1.219318,-25.58855,5.225494,-5.247049,-5.499327,-4.664048,8332
114.64,60.72839,-5,1.388269,1.4154,56.94583,6.149031,-5.247049,-5.349102,0.3213559,8348
114.66,68.29785,-5,2.235535,1.80458,30.27407,3.225878,-4.977129,-5.023827,2.076966,8352
114.68,18.42798,-5,2.595958,2.094368,8.64047,0.8016131,-4.977129,-4.897388,0.9025005,8328
114.7,77.26709,-5,2.364916,2.17009,-10.85572,-4.941038,-4.572248,-4.696704,-1.1605,8332
114.72,-115.9274,-5,1.953105,1.935856,-17.92443,-1.811193,-5.58445,-5.305242,-5.252733,8336
114.74,-212.386,-5,1.964888,1.571037,4.319858,-19.68192,-6.596649,-6.189155,-8.632433,8388
114.76,126.4684,-5,2.102433,1.217282,11.28169,-41.19456,-5.247049,-5.752336,-7.885531,8428
114.78,-116.8174,-5,1.931607,0.7668819,-8.382438,-21.05723,-6.259249,-6.164064,-10.30118,8348
114.8,14.50684,-5,1.198143,0.4193656,-43.22214,-29.74158,-5.85437,-6.171994,-11.57825,8412
114.82,76.10657,-5,0.2918507,-0.03806029,-48.76413,-19.05792,-5.58445,-6.089878,-12.12865,8372
114.84,77.28308,-5,-0.4850944,-0.3331112,-32.42825,-3.146237,-5.58445,-6.07073,-10.82417,8380
114.86,-152.8505,-5,-0.1611888,-0.3365942,29.3275,5.943577,-6.86657,-6.706042,-9.135514,8368
114.88,-63.92786,-5,0.4802967,-0.1802884,32.57941,-13.37635,-6.799089,-6.838604,-7.054196,8424
114.9,80.1875,-5,1.160284,0.001329601,33.60231,-19.13226,-5.989328,-6.333933,-4.578097,8440
114.92,75.56641,-5,1.362492,0.232123,11.4649,-8.952518,-5.58445,-5.859975,-3.594411,8376
114.94,-140.7949,-5,1.018406,0.2947302,-30.61145,-1.921461,-6.529169,-6.291392,-6.453163,8368
114.96,0.8330078,-5,0.1136852,0.06192639,-51.68016,-15.91907,-6.191769,-6.419825,-8.715513,8388
114.98,7.841553,-5,-0.4926721,-0.3442665,-8.138162,-8.829882,-6.326729,-6.599106,-9.033616,8416
115,33.02832,-5,0.2207403,-0.2680496,25.05269,-5.789557,-6.191769,-6.42974,-4.761545,8412
115.02,4.807983,-5,0.5288705,-0.07293692,7.587034,-2.2777,-6.191769,-6.297873,-3.345568,8408
115.04,43.61499,-5,0.2743435,0.03629168,-17.92443,-1.842114,-5.92185,-6.124223,-3.391198,8408
115.06,24.52393,-5,-0.2406119,-0.007992603,-26.9168,4.095624,-5.989328,-6.154716,-3.957455,8408
115.08,36.97607,-5,-0.4706308,-0.02035534,2.335124,6.897195,-5.989328,-6.171334,-2.980105,8408
115.1,-0.8978271,-5,0.3572982,0.2439487,36.86949,7.180696,-6.124289,-6.123641,0.04860216,8400
115.12,-42.48206,-5,1.080685,0.5671654,28.97635,1.051089,-6.259249,-6.110902,0.8614867,8432
115.14,-50.88867,-5,1.512722,0.760954,14.70154,-8.674579,-6.259249,-6.105194,-0.1515862,8400
115.16,-52.54858,-5,1.514341,0.7244761,-3.939687,-15.98863,-6.259249,-6.159141,-2.46561,8408
115.18,-30.93896,-5,1.169821,0.4959905,-20.73359,-19.84038,-6.191769,-6.218823,-4.82941,8400
115.2,-188.9691,-5,0.5332112,0.01094093,-35.13054,-18.4645,-7.20397,-6.934578,-8.886497,8404
115.22,136.3003,-5,-0.196678,-0.4391161,-39.0542,-30.56953,-5.92185,-6.541778,-8.279001,8460
115.24,92.96948,-5,-1.011226,-0.8670205,-41.22214,-2.975142,-5.92185,-6.395106,-7.393501,8388
115.26,76.77563,-5,-1.800326,-0.9941341,-40.18397,13.53319,-5.989328,-6.37348,-5.24501,8376
115.28,41.88672,-5,-2.111135,-0.9453701,19.86185,23.82707,-6.259249,-6.483877,-2.450785,8360
115.3,-37.20569,-5,-0.6726356,-0.4194388,63.70919,22.1649,-6.664129,-6.530723,3.083859,8392
115.32,139.4387,-5,0.5180304,0.289845,52.0298,9.501489,-5.58445,-5.780088,7.338876,8412
115.34,-26.31592,-5,1.654381,0.9545145,45.99926,15.006,-5.85437,-5.541607,7.909772,8340
115.36,-62.44702,-5,2.119145,1.425115,23.23589,0.2825289,-5.85437,-5.491137,5.4485,8372
115.38,-80.42798,-5,2.196664,1.474893,1.892376,-13.42678,-5.92185,-5.613624,1.37043,8392
115.4,-63.49023,-5,1.907967,1.19772,-16.38244,-23.38415,-5.92185,-5.775172,-2.631659,8364
115.42,6.417725,-5,1.324143,0.7498158,-31.1458,-26.24013,-5.65193,-5.779773,-5.369669,8372
115.44,25.31824,-5,0.4794443,0.2453725,-47.26794,-18.23952,-5.58445,-5.824064,-7.180227,8368
115.46,-71.24463,-5,-0.4942318,-0.2916061,-52.29085,-8.026498,-6.259249,-6.314667,-9.125479,8368
115.48,25.44556,-5,-1.488097,-0.8057952,-41.58855,-7.610061,-6.191769,-6.538585,-9.002416,8388
115.5,141.2378,-5,-0.8983086,-0.7905402,49.40384,0.7046009,-5.58445,-6.090172,-2.930773,8372
115.52,67.9364,-5,-0.2656437,-0.3954976,33.75499,15.76244,-5.58445,-5.755204,1.126872,8368
115.54,21.76587,-5,0.1792224,0.1306217,14.93055,16.81612,-5.58445,-5.563671,2.822143,8372
115.56,4.695923,-5,0.3128673,0.4763771,17.93818,12.42347,-5.58445,-5.51312,2.459529,8368
115.58,-71.75989,-5,1.088596,0.79127,46.18246,5.058069,-5.92185,-5.637903,2.592716,8368
115.6,-11.66418,-5,1.832812,1.062208,28.47254,-9.935938,-5.58445,-5.457337,2.431787,8396
115.62,-41.69849,-5,1.995971,1.089997,4.548865,-14.37598,-5.58445,-5.428654,-0.1026716,8368
115.64,-45.32849,-5,1.717287,0.9232043,-17.11526,-19.46444,-5.58445,-5.504106,-3.198333,8380
115.66,-202.1428,-5,1.097218,0.4392936,-32.77939,-21.52402,-6.596649,-6.248203,-8.198236,8372
115.68,-39.63635,-5,0.4811666,-0.1422476,-34.77939,-36.52996,-6.259249,-6.439088,-10.13787,8424
115.7,2.713867,-5,-0.2819398,-0.7957935,-36.15343,-27.44537,-6.191769,-6.523805,-10.98031,8412
115.72,7.154785,-5,-0.9812412,-1.241219,-42.77939,-14.84456,-6.259249,-6.599483,-10.14892,8408
115.74,31.97986,-5,-1.762959,-1.541102,-42.64199,-3.404541,-6.259249,-6.643053,-8.759156,8428
115.76,44.83887,-5,-1.992394,-1.589752,-14.32137,7.490093,-6.259249,-6.599924,-5.473576,8416
115.78,128.2346,-5,-1.119676,-1.12334,51.61758,13.31744,-5.65193,-6.033497,1.013521,8416
115.8,-12.8175,-5,-0.3320205,-0.5034114,40.60995,22.83035,-5.989328,-5.883185,3.723615,8372
115.82,-82.37927,-5,0.3919905,0.07920142,37.64811,12.34577,-6.259249,-5.942487,4.054729,8412
115.84,79.04163,-5,1.188077,0.5692846,41.70918,-3.932408,-5.314529,-5.383037,5.201881,8408
115.86,-6.238647,-5,1.705586,0.8903227,25.19009,-0.1806993,-5.314529,-5.14928,4.132346,8352
115.88,-14.66895,-5,1.693367,1.067173,0.6710012,-6.284266,-5.179569,-5.043859,1.775843,8360
115.9,-35.64429,-5,1.410126,0.9813387,-13.54274,-10.27955,-5.247049,-5.13614,-1.281026,8344
115.92,-24.46838,-5,1.225105,0.7929567,-6.519841,-14.44944,-5.247049,-5.226157,-3.137725,8376
115.94,-192.6694,-5,1.207739,0.4922282,-2.641977,-16.4317,-6.259249,-5.880941,-6.103294,8360
115.96,-39.22131,-5,1.069872,0.1548705,-8.351902,-34.13139,-5.85437,-5.948842,-7.40212,8408
115.98,-56.76013,-5,0.756434,-0.2991899,-18.22977,-29.35555,-5.989328,-6.085134,-9.019804,8376
116,35.64771,-5,0.08133616,-0.6748269,-35.83283,-25.57791,-5.58445,-5.950156,-9.3614,8384
116.02,42.13489,-5,-0.7769904,-1.014831,-47.20688,-10.83523,-5.51697,-5.903286,-9.272631,8376
116.04,43.38611,-5,-1.657887,-1.253445,-44.80993,2.538636,-5.58445,-5.959315,-8.225121,8380
116.06,-6.268433,-5,-2.000967,-1.33051,15.69391,12.57612,-5.989328,-6.185274,-5.947864,8368
116.08,5.31897,-5,-0.4497439,-0.8120368,65.90767,9.039974,-5.92185,-5.97665,0.6234789,8408
116.1,-93.94324,-5,0.6003088,-0.2755663,46.13667,4.2255,-6.259249,-5.981206,1.893246,8400
116.12,73.82849,-5,1.220134,0.1975172,29.3733,-10.70204,-5.247049,-5.374954,2.76417,8412
116.14,-17.38977,-5,1.239481,0.3862127,-3.329,-3.755159,-5.314529,-5.222342,0.6830275,8360
116.16,-10.03394,-5,0.5557464,0.3356189,-38.53512,-6.078399,-5.247049,-5.253895,-2.217356,8352
116.18,-165.0267,-5,-0.09353298,-0.02313776,-35.71069,-5.055646,-6.259249,-5.969195,-5.907758,8360
116.2,97.88293,-5,-0.4310488,-0.3205359,11.93818,-18.51232,-5.314529,-5.731505,-4.752834,8400
116.22,52.54846,-5,0.3055253,-0.2819578,24.83895,-3.327435,-5.247049,-5.435315,-1.229304,8336
116.24,-0.9875488,-5,0.3454772,-0.0844982,-0.3824344,1.93459,-5.314529,-5.330043,-0.7909067,8328
116.26,-8.188721,-5,0.2170943,0.03377101,-13.34427,0.4384054,-5.314529,-5.3222,-1.380699,8344
116.28,-172.697,-5,-0.06198876,-0.1133758,-0.5045714,-0.6985581,-6.326729,-5.978151,-4.200492,8344
116.3,79.74377,-5,0.3212732,-0.112004,26.07559,-18.95832,-5.314529,-5.607453,-2.040907,8412
116.32,7.987793,-5,0.5932283,-0.1163116,12.79314,-6.494904,-5.38201,-5.445292,-1.531464,8352
116.34,-169.7611,-5,0.6956948,-0.08481444,-3.313734,-6.223521,-6.259249,-5.894455,-3.315739,8368
116.36,-102.9625,-5,0.455071,-0.2649947,-15.1,-23.18266,-6.259249,-6.155731,-5.687422,8384
116.38,-68.89026,-5,0.2779943,-0.6162186,-4.962589,-27.05069,-6.259249,-6.297496,-7.080039,8400
116.4,-59.36316,-5,0.2708552,-0.8718819,-6.229764,-26.17527,-6.259249,-6.334853,-7.139874,8400
116.42,-7.00061,-5,-0.08536826,-1.085514,-26.51985,-23.3611,-5.989328,-6.212923,-7.329089,8404
116.44,2.962769,-5,-1.363303,-1.494187,-70.13818,-11.9003,-5.989328,-6.292236,-9.08967,8404
116.46,58.06213,-5,-2.812619,-1.955997,-68.19925,1.64474,-5.92185,-6.391717,-8.869282,8400
116.48,245.4203,-5,-3.245177,-1.986889,33.67865,18.05599,-4.977129,-5.794586,-2.54637,8404
116.5,-65.79309,-5,-2.415006,-1.52582,48.21301,44.60828,-6.259249,-6.08088,2.814856,8336
116.52,-81.52197,-5,-1.690447,-0.9121863,37.08323,28.24596,-6.596649,-6.305596,5.46732,8404
116.54,118.1731,-5,-0.7434126,-0.3708035,34.33514,13.11417,-5.58445,-5.719921,8.90629,8408
116.56,38.08789,-5,-0.3207968,0.01736251,11.43436,21.86279,-5.58445,-5.454233,9.405675,8352
116.58,4.541504,-5,-0.617082,0.2238905,-18.09236,20.52363,-5.65193,-5.464035,7.843015,8372
116.6,28.99243,-5,-0.8815151,0.2448961,-14.36717,17.1877,-5.58445,-5.490991,6.946266,8392
116.62,162.2684,-5,0.0004776195,0.5786351,49.64812,14.80097,-4.707209,-4.861697,10.82814,8360
116.64,17.04895,-5,0.6665257,0.9919119,32.68628,24.29263,-4.977129,-4.692059,11.30231,8304
116.66,-11.87097,-5,1.094787,1.374962,17.93818,14.4122,-4.977129,-4.633636,10.1011,8348
116.68,-206.2286,-5,1.729225,1.492763,30.77788,2.404655,-5.989328,-5.221503,6.369139,8344
116.7,93.55371,-5,2.022536,1.47189,8.96108,-25.68932,-4.639729,-4.721084,4.997961,8388
116.72,-143.8123,-5,1.827977,1.094339,-15.42061,-13.76666,-5.58445,-5.146316,-0.003991306,8292
116.74,-42.65686,-5,1.328517,0.717259,-29.1458,-28.15805,-5.314529,-5.259029,-3.098508,8360
116.76,-28.0697,-5,0.7892625,0.1929553,-30.97787,-25.68246,-5.314529,-5.377038,-5.627721,8344
116.78,-163.8265,-5,0.251667,-0.3498313,-29.17633,-21.13638,-6.191769,-5.98848,-8.448559,8344
116.8,-45.57336,-5,-0.2251423,-0.8329996,-25.0542,-30.16776,-5.989328,-6.154754,-9.140533,8396
116.82,-15.58557,-5,-0.4759209,-1.230021,-13.77175,-23.32805,-5.92185,-6.161705,-8.517801,8404
116.84,-15.11487,-5,-0.7748142,-1.439987,-19.26794,-14.7847,-5.92185,-6.141691,-7.502748,8384
116.86,1.626465,-5,-1.180792,-1.548803,-23.37481,-7.685865,-5.85437,-6.096066,-6.499412,8396
116.88,-16.63916,-5,-1.554728,-1.611857,-19.63435,-0.05988111,-5.989328,-6.159198,-5.46999,8400
116.9,160.3944,-5,-1.183563,-1.320764,20.73208,2.298223,-4.977129,-5.484763,-0.4444997,8384
116.92,7.175781,-5,-0.692405,-0.8718468,26.70154,19.96572,-5.314529,-5.308806,2.108549,8324
116.94,-233.7788,-5,-0.2958245,-0.4974076,22.91528,14.36865,-6.596649,-5.979404,0.6914603,8352
116.96,-0.404541,-5,0.4677243,-0.2019054,44.18247,-15.86971,-5.71941,-5.712779,1.70755,8420
116.98,-53.53735,-5,1.194333,-0.07722694,32.57941,-14.75935,-5.71941,-5.557353,1.220528,8340
117,-63.62476,-5,1.483693,0.04658416,8.655736,-20.39529,-5.58445,-5.425164,-0.3018329,8360
117.02,-77.25562,-5,1.103019,-0.09193444,-23.55801,-23.915,-5.58445,-5.477026,-3.793612,8388
117.04,-12.44788,-5,0.3075294,-0.4411365,-40.90153,-24.87266,-5.314529,-5.464305,-6.493814,8368
117.06,54.48499,-5,-0.5106885,-0.8143043,-42.64199,-16.09308,-4.977129,-5.332243,-7.030428,8360
117.08,-124.1658,-5,-1.276451,-1.19864,-39.0084,-1.322708,-5.989328,-5.916783,-8.371563,8336
117.1,137.147,-5,-1.656963,-1.330661,-1.603809,-7.88942,-4.977129,-5.545769,-5.114202,8376
117.12,-161.0845,-5,-0.913883,-1.245543,42.99163,11.17922,-6.326729,-6.026525,-2.901986,8356
117.14,80.26648,-5,-0.2856783,-0.8391902,26.57941,-8.029746,-5.247049,-5.501211,0.6857641,8416
117.16,-14.68262,-5,0.01870941,-0.6080219,13.03742,2.581665,-5.38201,-5.342928,0.8243328,8368
117.18,-33.74072,-5,0.06780714,-0.3803521,-3.252664,-0.1779866,-5.38201,-5.297296,0.424588,8380
117.2,-192.5353,-5,-0.13986,-0.4625273,-10.04656,-3.571549,-6.326729,-5.907076,-2.795837,8376
117.22,-110.5016,-5,0.3243706,-0.5417386,20.25879,-23.38485,-6.259249,-6.092331,-3.031471,8400
117.24,-96.0144,-5,0.542819,-0.7544014,10.50307,-28.95112,-6.259249,-6.163255,-4.254734,8408
117.26,129.5295,-5,0.2991006,-0.8858941,-22.61145,-29.91582,-4.977129,-5.460739,-3.483678,8412
117.28,-100.4391,-5,-1.130657,-1.33289,-80.85574,-3.345582,-5.92185,-5.885577,-7.542512,8328
117.3,-183.828,-5,-2.603501,-1.924485,-71.97025,-4.385028,-6.93405,-6.808157,-10.57398,8376
117.32,269.9978,-5,-2.393133,-2.045965,42.59468,-13.38111,-4.977129,-5.908345,-3.262945,8432
117.34,143.0315,-5,-1.698193,-1.693059,23.90765,24.20247,-4.909649,-5.281905,3.078341,8332
117.36,73.81244,-5,-1.856341,-1.080289,-16.19923,36.76368,-4.909649,-5.000501,5.583645,8344
117.38,-175.7085,-5,-1.840295,-0.7102131,-11.61908,37.5945,-6.259249,-5.707714,4.460747,8332
117.4,31.40765,-5,-1.440142,-0.4473945,73.41911,11.92391,-5.65193,-5.631511,6.164479,8392
117.42,-72.08484,-5,0.2815788,-0.04289149,84.56416,9.965104,-5.989328,-5.5947,9.111687,8360
117.44,-71.38757,-5,0.6720889,0.2027565,7.831309,-3.110244,-5.92185,-5.559539,7.201583,8392
117.46,185.2962,-5,-0.5866381,-0.0333795,-64.50459,-6.946662,-4.572248,-4.968906,4.226005,8372
117.48,-104.9543,-5,-1.767503,-0.5329075,-64.38245,19.89876,-5.92185,-5.643718,0.6446998,8300
117.5,-5.994995,-5,-2.677103,-0.9271382,0.9000088,11.41325,-5.989328,-6.027911,0.6104202,8380
117.52,186.8568,-5,-1.38739,-0.7158174,50.36568,11.87594,-4.977129,-5.336626,8.208261,8388
117.54,-135.5103,-5,-0.864289,-0.4407381,16.73207,29.40139,-6.259249,-5.714227,8.249365,8328
117.56,138.6124,-5,-1.144122,-0.199625,-20.1687,9.844588,-5.044609,-5.226016,8.780152,8400
117.58,95.49072,-5,-1.429866,-0.1864822,-12.48931,25.61698,-4.977129,-5.021756,8.795391,8328
117.6,14.71008,-5,-1.074412,0.07892728,14.83894,30.37788,-5.247049,-5.030035,10.47696,8324
117.62,11.59308,-5,-0.6030724,0.3839186,40.2588,23.79098,-5.247049,-4.993522,11.25496,8364
117.64,-28.81409,-5,0.5792719,0.7941243,49.57178,15.09705,-5.314529,-4.909045,12.40943,8376
117.66,-98.57715,-5,1.180259,1.013,24.3046,3.099123,-5.58445,-5.040728,9.943429,8356
117.68,-42.69702,-5,1.37894,0.9913177,6.335125,-12.50346,-5.314529,-5.000957,6.871557,8364
117.7,-53.64795,-5,1.197232,0.7238307,-16.36717,-16.63374,-5.314529,-5.068717,3.21004,8364
117.72,28.18304,-5,0.5134754,0.326426,-40.68779,-18.08317,-4.909649,-4.967996,0.3837206,8356
117.74,-160.4128,-5,-0.4366313,-0.2829157,-50.70306,-8.023104,-5.989328,-5.676497,-3.991156,8332
117.76,-52.30719,-5,-1.367762,-0.9150438,-51.06947,-17.27402,-5.989328,-6.057698,-5.654351,8392
117.78,4.828491,-5,-1.991017,-1.514608,-13.05419,-10.33554,-5.989328,-6.22018,-5.049616,8380
117.8,234.8212,-5,-1.398339,-1.41247,23.17483,-1.475139,-4.639729,-5.298253,2.088043,8408
117.82,95.89734,-5,-1.222163,-1.012576,3.022147,26.96912,-4.707209,-4.861633,5.229412,8328
117.84,53.10431,-5,-1.412386,-0.5183403,-12.80992,32.39464,-4.707209,-4.70011,6.364517,8356
117.86,-163.3278,-5,-1.772572,-0.400999,4.884743,32.46892,-5.989328,-5.471605,3.88342,8336
117.88,85.89313,-5,-0.1887036,0.08959787,69.96873,5.757082,-4.977129,-5.006274,9.219355,8404
117.9,-48.3252,-5,1.081143,0.5188317,58.41148,8.872417,-5.247049,-4.853488,9.817657,8332
117.92,-79.36859,-5,2.019977,0.9688897,44.53362,-5.845374,-5.179569,-4.719526,8.454139,8352
117.94,-135.0636,-5,2.54171,1.113977,23.4649,-20.60231,-5.314529,-4.799924,4.2999,8336
117.96,-84.34021,-5,2.427902,0.919102,-6.68778,-35.59101,-5.044609,-4.796972,-0.5896888,8344
117.98,-22.81812,-5,1.615315,0.4074402,-46.9626,-37.60041,-4.707209,-4.75673,-5.303469,8328
118,-105.8463,-5,0.2582708,-0.3532836,-75.28322,-28.41022,-5.247049,-5.229031,-10.28696,8312
118.02,-138.7496,-5,-1.140723,-1.225121,-76.13818,-26.26417,-5.92185,-5.954821,-13.66786,8352
118.04,-23.20807,-5,-2.330543,-2.069759,-7.619077,-24.10484,-5.92185,-6.313807,-13.66415,8384
118.06,24.11371,-5,-2.207975,-2.409555,13.5107,-11.35402,-5.85437,-6.265394,-8.720462,8380
118.08,-10.79199,-5,-2.025492,-2.353502,-3.527473,1.217478,-5.989328,-6.196807,-4.820764,8396
118.1,5.452881,-5,-2.28674,-2.215793,-13.29847,6.959921,-5.92185,-6.112844,-2.808656,8412
118.12,-5.722595,-5,-2.363864,-2.046399,-2.474038,12.69674,-5.989328,-6.092282,-0.6975416,8396
118.14,157.4516,-5,-1.6467,-1.532992,30.62521,13.37064,-4.977129,-5.354578,4.971206,8392
118.16,-160.8234,-5,-1.189643,-1.100997,28.06032,28.29625,-6.259249,-5.751243,4.898529,8328
118.18,63.13092,-5,-0.5262107,-0.5530831,32.38094,4.188836,-5.247049,-5.281612,7.220033,8400
118.2,-75.30188,-5,0.5106091,-0.140702,43.75499,7.246764,-5.58445,-5.20796,7.439798,8356
118.22,-91.93945,-5,0.9171533,0.1477252,19.96872,-6.131738,-5.58445,-5.206127,5.412461,8356
118.24,-107.0676,-5,1.021259,0.1278387,-0.3824344,-17.07365,-5.65193,-5.318459,2.073212,8360
118.26,-30.89453,-5,0.5909086,-0.1488859,-30.77939,-24.30543,-5.314529,-5.274597,-1.04225,8384
118.28,33.55121,-5,-0.384725,-0.6103396,-51.43589,-18.01744,-4.977129,-5.181662,-3.443563,8368
118.3,-139.897,-5,-1.340011,-1.147177,-53.9855,-4.531059,-5.989328,-5.820911,-6.089224,8328
118.32,-23.86694,-5,-2.291948,-1.661665,-47.32901,-9.857555,-5.92185,-6.113182,-6.339888,8388
118.34,168.8211,-5,-2.109168,-1.784592,31.60231,-1.874148,-4.977129,-5.551522,-0.9303564,8400
118.36,-142.2103,-5,-1.473685,-1.570436,23.08322,20.23944,-6.259249,-5.91554,1.44656,8348
118.38,72.99695,-5,-1.246566,-1.177573,3.739704,3.061754,-5.314529,-5.483565,3.906248,8424
118.4,-26.52759,-5,-1.100163,-0.998668,3.052681,12.88096,-5.58445,-5.460497,3.959045,8380
118.42,-34.12244,-5,-0.718263,-0.7182668,13.15955,8.031587,-5.58445,-5.415554,4.868099,8404
118.44,122.3719,-5,-0.5188993,-0.4523083,10.64047,3.749192,-4.639729,-4.835944,6.336284,8380
118.46,39.7027,-5,-0.2444869,-0.1618371,15.44963,15.77429,-4.639729,-4.568917,7.023013,8304
118.48,-215.1241,-5,-0.1037512,0.005231228,4.533598,14.39666,-5.92185,-5.240702,4.202381,8300
118.5,20.81427,-5,0.288059,0.1103128,31.2817,-13.22882,-5.044609,-5.014233,4.211927,8400
118.52,-11.21838,-5,1.132731,0.2021558,39.37331,-10.49638,-4.909649,-4.76283,4.544366,8348
118.54,-235.3149,-5,1.537604,0.2385114,15.63284,-13.76135,-5.92185,-5.259682,0.9954545,8352
118.56,48.1532,-5,1.433045,0.1462757,-13.69542,-37.77593,-4.639729,-4.798314,-0.9004829,8392
118.58,-175.165,-5,0.8990043,-0.3191765,-31.29848,-23.6426,-5.58445,-5.266967,-5.84529,8308
118.6,-60.65454,-5,0.1501592,-0.7683825,-31.71069,-34.28343,-5.314529,-5.401914,-8.212374,8364
118.62,-45.62811,-5,0.2610006,-1.07729,2.167185,-30.13203,-5.247049,-5.3723,-7.71203,8340
118.64,-53.88574,-5,0.05277195,-1.266566,-9.054193,-25.21002,-5.247049,-5.356894,-7.96029,8356
118.66,-60.79205,-5,-0.4295268,-1.466858,-26.97786,-21.20598,-5.314529,-5.433425,-8.804708,8348
118.68,-25.62634,-5,-1.077356,-1.707188,-36.19924,-17.0335,-5.247049,-5.479548,-9.108274,8364
118.7,-4.665771,-5,-1.717842,-1.936178,-33.49694,-8.528379,-5.247049,-5.528631,-8.412971,8352
118.72,-43.27808,-5,-2.158673,-2.085549,-2.825183,0.6230791,-5.58445,-5.739724,-7.086833,8348
118.74,138.4646,-5,-1.605211,-1.791689,33.60231,1.313133,-4.639729,-5.127024,-1.172603,8380
118.76,-3.06665,-5,-1.188993,-1.376665,22.01452,18.62456,-4.977129,-4.981131,1.397766,8300
118.78,-19.12329,-5,-0.8174933,-0.8714224,20.10612,14.5487,-4.977129,-4.886246,2.936168,8340
118.8,-100.3492,-5,0.1345883,-0.3966082,45.99926,6.925026,-5.314529,-4.971028,3.766511,8348
118.82,-94.68701,-5,0.7197555,-0.11232,25.89238,-8.286959,-5.314529,-5.007498,2.59505,8344
118.84,-90.573,-5,0.8033737,-0.1343918,-0.2450293,-18.07119,-5.314529,-5.085667,-0.1069411,8348
118.86,-79.14233,-5,0.5281695,-0.3736961,-17.69542,-23.23255,-5.314529,-5.197035,-2.898132,8340
118.88,-46.49969,-5,-0.0909915,-0.7611911,-36.39771,-23.40949,-5.247049,-5.291352,-5.221055,8352
118.9,27.65881,-5,-1.095058,-1.229185,-50.39772,-16.75378,-4.977129,-5.267232,-6.421428,8340
118.92,42.56006,-5,-2.127449,-1.647851,-53.8481,-1.366437,-4.977129,-5.313328,-6.073671,8332
118.94,67.44183,-5,-2.934079,-1.881892,-28.42825,13.08368,-4.977129,-5.336402,-3.820392,8324
118.96,3.811707,-5,-1.897812,-1.522433,55.49545,21.60619,-5.247049,-5.275569,2.345811,8328
118.98,-73.5368,-5,-0.8834614,-0.9703179,51.55651,17.31169,-5.58445,-5.31106,5.115617,8356
119,82.06061,-5,0.103982,-0.3575366,52.35041,3.709309,-4.639729,-4.688449,7.797182,8348
119.02,-71.43579,-5,0.8797832,0.1101758,30.31987,7.660675,-4.977129,-4.595752,7.037163,8324
119.04,-98.0213,-5,1.154504,0.3890777,6.884743,-6.227556,-5.044609,-4.655475,4.338445,8344
119.06,-60.67645,-5,0.8983386,0.2756884,-11.98549,-17.20532,-4.909649,-4.720197,0.6147485,8344
119.08,-61.09949,-5,0.4782524,-0.05970974,-23.2374,-19.33649,-4.977129,-4.876497,-2.360208,8340
119.1,24.23431,-5,-0.2031544,-0.4564157,-36.90153,-18.39384,-4.639729,-4.821096,-3.819407,8332
119.12,38.17157,-5,-0.9822645,-0.8346857,-42.13817,-6.5124,-4.572248,-4.810937,-4.232909,8312
119.14,37.15973,-5,-1.663449,-1.080147,-30.55038,5.034643,-4.639729,-4.866213,-3.408187,8316
119.16,-38.1734,-5,-1.087827,-0.9431888,34.74735,10.49824,-5.044609,-4.990132,-0.1236654,8308
119.18,-79.8407,-5,-0.3087707,-0.6434566,36.93055,3.80007,-5.314529,-5.095865,1.619781,8364
119.2,84.10468,-5,0.4519252,-0.2603893,35.75498,-7.038903,-4.36981,-4.514224,3.854205,8376
119.22,9.532288,-5,0.857976,0.05429655,18.31986,0.972733,-4.30233,-4.217403,3.628502,8304
119.24,-27.91675,-5,0.8232067,0.2795999,-1.680145,-1.190515,-4.30233,-4.150742,1.899978,8276
119.26,-200.1757,-5,0.4814346,0.1385258,-20.71832,-5.64001,-5.314529,-4.827916,-2.585323,8288
119.28,-95.41583,-5,-0.1486356,-0.3133818,-32.99313,-23.83189,-5.314529,-5.230917,-5.812712,8336
119.3,15.9364,-5,-0.9480908,-0.9540174,-39.1,-22.45518,-5.044609,-5.314405,-6.994913,8364
119.32,45.86493,-5,-1.711647,-1.445148,-39.87863,-7.69457,-4.977129,-5.318338,-6.048378,8324
119.34,54.32269,-5,-2.243318,-1.653078,-14.97786,6.901071,-4.977129,-5.287429,-3.631906,8324
119.36,-16.20697,-5,-1.777118,-1.461414,36.28934,15.74275,-5.314529,-5.334266,0.2712461,8336
119.38,152.66,-5,-0.9291995,-0.9019233,46.68629,12.02345,-4.30233,-4.615548,5.58379,8360
119.4,-15.06744,-5,0.05403122,-0.2472262,45.58705,23.17927,-4.639729,-4.404024,7.628592,8280
119.42,-44.7359,-5,0.6104296,0.3363379,24.85422,11.72772,-4.639729,-4.319921,7.064657,8304
119.44,-62.51959,-5,1.237707,0.6802307,30.07559,-0.9600935,-4.639729,-4.300092,5.51241,8304
119.46,-70.7326,-5,1.513808,0.7619039,9.800775,-12.10829,-4.639729,-4.343528,2.779537,8300
119.48,-20.04816,-5,1.357199,0.6185671,-13.58854,-19.72627,-4.36981,-4.285131,-0.05991387,8300
119.5,-24.83167,-5,0.8420907,0.3001063,-30.00076,-17.95709,-4.36981,-4.353007,-2.933907,8292
119.52,-157.3776,-5,0.08537439,-0.1988024,-43.26794,-15.07954,-5.247049,-4.998706,-6.793911,8296
119.54,-9.460205,-5,-0.8448015,-0.787968,-46.35192,-23.30918,-4.977129,-5.203473,-8.287113,8352
119.56,-40.03644,-5,-0.7638651,-1.157136,9.999249,-14.17359,-5.247049,-5.364122,-6.598825,8340
119.58,-35.01813,-5,-0.7778858,-1.287464,0.5030622,-11.20243,-5.314529,-5.414342,-5.210162,8332
119.6,-23.12518,-5,-1.007132,-1.379873,-14.61145,-7.94185,-5.314529,-5.432791,-4.6564,8344
119.62,-17.25153,-5,-1.110744,-1.403062,-8.168697,-4.215016,-5.314529,-5.42352,-3.600779,8364
119.64,-32.00787,-5,-0.9336621,-1.311436,7.342759,-1.761241,-5.38201,-5.411908,-2.130476,8348
119.66,140.5038,-5,-0.7908272,-1.066508,6.075583,-1.713526,-4.36981,-4.772235,0.8193692,8364
119.68,54.40198,-5,-0.6122007,-0.7346416,9.66337,15.1369,-4.36981,-4.464712,2.566472,8304
119.7,18.58539,-5,-0.4972363,-0.3236057,3.449628,17.19666,-4.36981,-4.331173,3.486778,8312
119.72,-38.58179,-5,-0.3406067,-0.04824271,31.31223,14.34503,-4.639729,-4.449594,3.145611,8300
119.74,-42.93262,-5,0.7820486,0.354399,53.67866,2.911355,-4.639729,-4.391827,4.783378,8316
119.76,-63.72089,-5,1.497654,0.6281037,30.65574,-7.519515,-4.639729,-4.345191,3.706999,8316
119.78,-75.5636,-5,1.677037,0.6656852,5.022148,-17.16595,-4.639729,-4.382277,0.7903171,8312
119.8,-7.418152,-5,1.204123,0.4333266,-28.70305,-23.06514,-4.30233,-4.316442,-2.474855,8324
119.82,-179.1782,-5,0.3593556,-0.109506,-46.04657,-17.65107,-5.314529,-5.014923,-7.377027,8316
119.84,-13.59875,-5,-0.6035029,-0.7244982,-49.1916,-28.04173,-4.977129,-5.211268,-9.12677,8356
119.86,84.75055,-5,-1.607559,-1.354912,-44.7794,-14.64669,-4.639729,-5.142493,-8.64718,8348
119.88,-1.523132,-5,-1.18511,-1.394436,34.82368,2.586177,-4.977129,-5.140712,-4.236377,8308
119.9,-13.68787,-5,-0.5505598,-1.056233,34.83895,3.135677,-4.977129,-5.010551,-0.9490379,8316
119.92,-33.95459,-5,0.377324,-0.5793169,43.1443,-0.8234243,-4.909649,-4.813101,1.12118,8324
119.94,-89.29022,-5,0.913888,-0.2288272,25.90765,-7.357578,-5.044609,-4.801932,0.2699826,8336
119.96,-77.63849,-5,0.9914959,-0.126775,1.587032,-17.51983,-4.977129,-4.819986,-1.98698,8344
119.98,-70.81433,-5,0.7218717,-0.2837094,-19.26794,-22.17349,-4.977129,-4.911475,-4.635056,8324
120,-0.1878052,-5,-0.02213587,-0.6234587,-42.59619,-21.96707,-4.707209,-4.89507,-6.651571,8332
120.02,-195.1378,5,-0.9405924,-1.143127,-50.44352,-11.9537,-5.65193,-5.536786,-9.5201,8320
120.04,-34.7262,5,-1.931323,-1.705321,-46.35192,-21.55681,-5.314529,-5.677065,-9.555542,8384
120.06,-99.85431,5,-1.278331,-1.923837,22.83895,-14.04946,-5.65193,-5.754823,-5.683106,8344
120.08,87.82764,5,-1.192853,-1.861986,4.182453,-15.5917,-4.572248,-5.074529,-2.034615,8376
120.1,-17.56848,5,-1.24565,-1.742904,-10.29083,2.440943,-4.639729,-4.794188,-0.497993,8300
120.12,-48.41089,5,-1.500478,-1.578734,-13.49694,4.532243,-4.639729,-4.69227,0.1961953,8320
120.14,-124.8011,5,-1.182897,-1.428573,20.27406,1.583942,-4.977129,-4.80767,0.9954858,8316
120.16,-162.4166,5,-0.3864867,-1.248703,37.29697,-10.87741,-5.179569,-4.892592,1.786031,8324
120.18,-12.14667,5,-0.02565616,-1.159764,12.56413,-23.86139,-4.30233,-4.399609,2.178023,8344
120.2,-98.33478,5,-0.06343195,-1.226291,-4.367168,-17.26622,-4.36981,-4.261081,0.6157413,8268
120.22,-101.4381,5,-0.6297068,-1.420211,-42.21451,-19.77238,-4.30233,-4.253366,-1.648797,8296
120.24,-76.80011,5,-1.589518,-1.855345,-47.8481,-18.53318,-4.23485,-4.327946,-3.878425,8292
120.26,-287.7117,5,-2.451916,-2.495563,-23.13053,-12.85427,-5.58445,-5.228186,-6.946585,8264
120.28,-28.384,5,-2.359566,-2.839988,16.82368,-30.39421,-4.707209,-5.008523,-3.792551,8364
120.3,102.1523,5,-2.243113,-2.962227,3.403826,-15.85019,-3.695009,-4.218767,0.3178558,8332
120.32,-11.59836,5,-2.266425,-2.762858,-5.558008,6.938929,-3.695009,-3.817822,2.964892,8244
120.34,-115.307,5,-2.485822,-2.517425,-14.50458,11.08643,-4.03241,-3.862702,3.294163,8252
120.36,-88.2836,5,-2.604305,-2.410702,9.06795,3.787181,-3.96493,-3.866652,3.638597,8256
120.38,-183.2602,5,-1.474706,-2.166227,51.66339,-2.292148,-4.36981,-3.964046,5.734424,8268
120.4,-228.0256,5,-0.999706,-2.091277,22.38093,-17.65775,-4.639729,-4.15213,4.165247,8300
120.42,-201.0728,5,-0.8609654,-2.274914,-6.641978,-32.84984,-4.572248,-4.230666,1.681407,8316
120.44,-195.4684,5,-1.687527,-2.849897,-46.99313,-37.49072,-4.639729,-4.440484,-2.585288,8324
120.46,-102.3178,5,-2.743986,-3.544066,-59.02367,-36.38,-4.30233,-4.433115,-4.490906,8312
120.48,-76.92323,5,-4.080665,-4.264159,-70.07711,-21.75583,-4.23485,-4.475037,-5.150786,8308
120.5,-50.13741,5,-5.454072,-4.863963,-70.07711,-4.901565,-4.23485,-4.543544,-3.93206,8280
120.52,60.67984,5,-6.018994,-5.053876,12.3504,11.08291,-3.695009,-4.173673,1.588998,8280
120.54,-46.27626,5,-4.966339,-4.578675,44.22827,29.23233,-3.897449,-3.87071,9.367509,8240
120.56,-67.42932,5,-3.774296,-3.750146,50.28934,26.49009,-3.695009,-3.442977,14.59691,8264
120.58,-26.78885,5,-2.425147,-2.846156,66.18247,18.22868,-3.02021,-2.741921,18.15817,8256
120.6,-18.97806,5,-1.449949,-2.048777,43.44964,13.77053,-2.345409,-2.012841,19.18117,8196
120.62,-193.7066,5,-0.9584948,-1.560662,18.79314,9.705455,-2.75029,-1.997686,16.16978,8188
120.64,-83.84506,5,-0.8113646,-1.362234,12.54887,-10.96129,-2.075489,-1.688244,13.43113,8212
120.66,-195.9054,5,-0.6560514,-1.481615,6.136652,-14.28232,-2.412889,-1.818467,9.682553,8132
120.68,-244.793,5,-0.8733495,-1.825231,-12.04656,-27.30528,-2.75029,-2.162518,5.166817,8164
120.7,-202.9739,5,-1.391655,-2.433982,-29.20687,-39.19833,-2.75029,-2.410499,1.026496,8176
120.72,-217.5452,5,-2.211832,-3.23467,-47.52749,-40.264,-3.02021,-2.76952,-2.713794,8188
120.74,-162.0527,5,-3.409496,-4.108641,-65.81757,-38.47261,-3.02021,-3.019741,-5.144467,8200
120.76,49.11633,5,-4.842606,-4.875902,-76.24506,-26.53109,-2.075489,-2.63917,-4.009686,8200
120.78,31.91516,5,-6.319044,-5.420699,-69.00842,7.68769,-2.008009,-2.466444,-1.415158,8140
120.8,123.1299,5,-6.343051,-5.196664,19.3275,28.92763,-1.33321,-1.821672,6.967301,8152
120.82,-92.29053,5,-5.725361,-4.583832,36.93055,49.87148,-2.075489,-1.809596,12.6152,8112
120.84,16.52661,5,-4.608348,-3.662418,55.84659,38.50783,-1.40069,-1.249156,18.66514,8180
120.86,-23.12976,5,-3.339967,-2.781025,61.52598,37.84187,-1.13077,-0.735013,22.12129,8108
120.88,-42.04761,5,-2.438486,-1.998568,46.1214,30.45621,-0.7933693,-0.2845326,23.08596,8112
120.9,-215.1735,5,-1.725535,-1.528815,40.90002,20.98005,-1.40069,-0.4741349,20.49618,8072
120.92,-100.3293,5,-1.054032,-1.271361,35.03743,-4.873922,-0.7933693,-0.223492,18.64052,8092
120.94,-199.4024,5,-0.6160074,-1.338199,16.15192,-12.05072,-1.06329,-0.3184063,14.73422,8080
120.96,-302.2175,5,-0.7658258,-1.712668,-11.72595,-26.65507,-1.670609,-0.8238039,8.743343,8120
120.98,-87.24445,5,-1.42377,-2.343796,-37.26794,-44.25228,-0.7933693,-0.6537938,4.817014,8160
121,-158.8466,5,-2.370387,-3.149978,-49.48169,-31.19783,-1.06329,-0.8443099,1.050583,8092
121.02,-33.16809,5,-3.150858,-3.6897,-32.33664,-27.04206,-0.4559698,-0.5987128,1.139422,8096
121.04,-143.2866,5,-3.01217,-3.888448,0.5793981,-12.27443,-0.7933693,-0.6032162,2.661734,8040
121.06,39.32349,5,-3.155031,-3.812578,-0.1534266,-12.80102,0.2863102,0.05608261,5.110302,8060
121.08,-117.2539,5,-2.857735,-3.605848,13.5565,4.114659,-0.05108929,0.1969374,6.426363,8028
121.1,-29.50641,5,-2.857354,-3.297449,2.136651,-0.3264034,0.5562305,0.607605,7.594323,8020
121.12,-220.5503,5,-1.910111,-2.930239,36.2588,2.116172,-0.1185694,0.4769554,8.217426,7988
121.14,-247.6301,5,-1.819896,-2.834919,0.8542075,-16.00315,-0.3884897,0.199158,5.242641,8040
121.16,-96.26428,5,-1.880125,-3.003393,-3.939687,-30.28963,0.2863102,0.4177514,3.669062,8060
121.18,21.77515,5,-2.231996,-3.21128,-24.94733,-22.99862,1.16355,0.987501,3.683381,8000
121.2,-91.95764,5,-3.057964,-3.430869,-51.02367,-3.647212,0.89363,0.9940087,2.333675,7940
121.22,-132.7991,5,-3.942308,-3.668385,-27.1458,0.4996376,0.5562305,0.7176732,1.297911,7976
121.24,-9.681152,5,-2.773066,-3.376448,48.41148,-4.57351,1.23103,1.204087,7.050448,8008
121.26,-137.2238,5,-2.473952,-3.139377,9.17482,3.349707,0.89363,1.244826,7.149762,7956
121.28,-6.977661,5,-2.696347,-2.960908,-7.161062,-3.286682,1.63591,1.646766,7.322215,7976
121.3,48.84485,5,-2.437367,-2.702614,19.25116,4.835358,2.31071,2.24854,9.486731,7940
121.32,-100.5656,5,-2.408105,-2.438599,0.1519171,15.55104,1.90583,2.258532,9.239365,7896
121.34,7.216431,5,-1.943262,-2.035032,38.71682,6.209434,2.58063,2.695824,11.02105,7932
121.36,-187.1387,5,-0.9767961,-1.659259,41.03743,7.370646,1.90583,2.557471,10.72873,7896
121.38,3.161743,5,-0.7962344,-1.406413,2.838941,-11.76517,2.918031,3.043957,9.830931,7932
121.4,-124.4261,5,-0.7782413,-1.433603,1.22062,-5.44214,2.58063,2.993433,7.059276,7868
121.42,60.09094,5,-1.220186,-1.482433,-24.82519,-12.34174,3.592831,3.484636,6.223309,7880
121.44,-65.26404,5,-1.45497,-1.591688,1.43436,2.346139,3.25543,3.462545,5.040596,7808
121.46,-125.0172,5,-1.425938,-1.589258,-3.695412,-0.8715693,2.918031,3.256508,4.37516,7840
121.48,-151.3649,5,-1.151538,-1.638336,25.73971,-10.07321,2.64811,3.023053,3.410474,7864
121.5,22.07251,5,-0.9730767,-1.674131,-4.214497,-19.11469,3.525351,3.450485,3.991282,7860
121.52,-67.3623,5,-1.374376,-1.844178,-30.0313,-6.345402,3.32291,3.45787,2.302417,7816
121.54,111.5132,5,-1.860593,-1.862446,-21.54275,-4.95342,4.335111,4.018042,3.501923,7848
121.56,-44.94165,5,-1.482229,-1.667236,27.78551,12.57515,3.93023,4.095351,5.215744,7776
121.58,-96.20789,5,-1.512605,-1.460648,4.90001,8.353384,3.660311,3.950588,4.659683,7796
121.6,89.81079,5,-0.5568737,-1.037582,49.06797,-2.43172,4.73999,4.630744,8.117802,7800
121.62,-90.76282,5,-0.122665,-0.7376472,11.57177,7.544099,4.267631,4.651937,7.035877,7752
121.64,-81.29053,5,-0.5216402,-0.6726615,-23.40534,-2.784634,4.267631,4.544179,4.002754,7788
121.66,-125.3749,5,-0.07209067,-0.6846278,33.08323,-10.29146,3.99771,4.35463,2.922468,7784
121.68,-114.433,5,-0.1258886,-0.8657972,-7.848085,-19.58079,3.93023,4.189154,0.5378399,7784
121.7,-82.03674,5,-0.8621137,-1.315668,-41.16107,-22.15853,3.93023,4.005959,-2.614156,7812
121.72,-54.10767,5,-1.449782,-1.774212,-24.79466,-18.63078,3.93023,3.883646,-3.610707,7800
121.74,-36.07007,5,-1.885476,-2.107876,-23.92443,-12.01946,3.93023,3.832283,-3.177641,7800
121.76,-24.78271,5,-2.255438,-2.30499,-11.03893,-4.573208,3.93023,3.822104,-2.103601,7788
121.78,-85.19702,5,-2.118871,-2.306804,6.838942,0.9166819,3.592831,3.685782,-0.4208234,7812
121.8,106.6818,5,-1.975123,-2.108273,10.80841,-1.636968,4.60503,4.276836,2.895979,7828
121.82,20.96936,5,-1.565657,-1.76168,15.48017,14.67268,4.60503,4.602891,5.385462,7740
121.84,-7.038818,5,-1.872072,-1.466582,2.014513,17.83877,4.60503,4.689988,5.305574,7764
121.86,-90.21423,5,-0.9556433,-1.039052,51.52598,13.9043,4.267631,4.625401,7.080716,7780
121.88,-100.4471,5,-0.2992819,-0.7192525,26.19773,0.671988,4.20015,4.584402,6.630248,7772
121.9,-86.04944,5,-0.06830267,-0.6523513,9.907645,-9.874937,4.267631,4.567807,4.658828,7784
121.92,-70.54333,5,-0.2947142,-0.8174271,-20.84046,-14.63689,4.335111,4.524876,2.112854,7784
121.94,-72.7478,5,-0.7566178,-1.123296,-27.1,-14.72162,4.267631,4.393269,-0.1530959,7780
121.96,-45.3064,5,-1.02883,-1.390115,-19.68015,-14.08503,4.335111,4.358067,-0.7430063,7816
121.98,-49.1593,5,-1.420148,-1.645493,-17.48168,-9.613582,4.267631,4.279147,-1.289037,7784
122,-28.30518,5,-1.553207,-1.771633,-2.718313,-6.579082,4.335111,4.30346,-0.4932842,7780
122.02,138.0345,5,-1.464795,-1.645567,2.777872,-2.387704,5.34731,4.963709,2.742195,7784
122.04,-204.2828,5,-1.443604,-1.554168,1.205353,16.5429,3.86275,4.382058,1.491376,7708
122.06,73.61768,5,-1.292325,-1.30455,9.358027,-5.571662,5.009911,4.821382,3.561162,7808
122.08,-72.16821,5,-0.4441541,-1.063076,41.43438,4.869735,4.60503,4.865582,4.740048,7724
122.1,-79.80542,5,-0.2674769,-0.8380472,-1.756481,-3.577809,4.60503,4.866984,3.740582,7764
122.12,-56.27673,5,-0.6778457,-0.935241,-6.214497,-8.524916,4.67251,4.80457,1.183093,7780
122.14,-60.47485,5,-0.3275975,-0.9557601,10.31986,-10.62263,4.67251,4.814556,1.420779,7756
122.16,-64.42383,5,-0.8207273,-1.153516,-24.61145,-10.81255,4.60503,4.701772,-0.7137084,7764
122.18,-44.07983,5,-0.7646849,-1.261397,4.777873,-11.51751,4.67251,4.711002,-0.4431266,7768
122.2,-59.97058,5,-0.783605,-1.339888,-4.580909,-9.906077,4.60503,4.681109,-0.6512651,7744
122.22,-53.02478,5,-0.9997702,-1.440507,-5.87862,-9.725718,4.60503,4.644668,-1.204462,7772
122.24,-51.8728,5,-0.9355102,-1.47777,2.579399,-9.127749,4.60503,4.647915,-0.8221223,7772
122.26,-50.53906,5,-1.048219,-1.523661,-3.481672,-8.238869,4.60503,4.640468,-0.9803628,7756
122.28,-39.42224,5,-1.021983,-1.523253,-0.8862511,-7.581941,4.67251,4.688523,-0.5442373,7768
122.3,-55.68506,5,-1.093273,-1.53309,-1.939687,-5.809738,4.60503,4.664082,-0.6225072,7764
122.32,131.9227,5,-1.051319,-1.386846,-0.9015187,-6.016713,5.684711,5.31293,1.866504,7764
122.34,22.42908,5,-1.043748,-1.174938,0.8389403,12.70456,5.54975,5.526479,2.903363,7696
122.36,-11.59009,5,-1.057294,-0.8734985,0.5641309,14.0429,5.48227,5.571394,3.487252,7704
122.38,7.348022,5,-0.7700111,-0.5902342,39.73972,10.60435,5.61723,5.686572,4.418973,7700
122.4,-19.62317,5,-0.03959167,-0.2439432,28.64048,7.789503,5.61723,5.80409,5.648264,7728
122.42,-47.94739,5,0.212355,-0.03286689,10.60994,2.323304,5.54975,5.796158,4.514834,7728
122.44,-35.25635,5,0.2811217,0.01954902,1.067948,-4.369156,5.61723,5.791691,2.99507,7712
122.46,-35.76001,5,0.2415242,-0.05167332,-2.122893,-7.397198,5.61723,5.751934,1.465533,7716
122.48,-204.3176,5,0.08564138,-0.3088628,-7.954957,-9.325315,4.60503,5.089606,-1.940617,7716
122.5,-105.7072,5,-0.04690164,-0.65289,-6.657246,-27.15511,4.67251,4.813117,-3.783406,7768
122.52,-97.31494,5,-0.2085514,-1.107296,-9.481673,-28.50002,4.53755,4.602154,-5.322936,7768
122.54,-45.44458,5,-0.7068799,-1.531041,-35.08473,-26.84098,4.67251,4.559688,-6.239222,7792
122.56,23.08862,5,-1.762299,-1.992928,-55.02367,-16.85119,4.94243,4.617069,-6.925117,7784
122.58,-40.36133,5,-2.108265,-2.213769,-14.77939,-2.27761,4.60503,4.479323,-5.292243,7736
122.6,-19.41016,5,-2.140694,-2.186712,-2.275565,1.092497,4.60503,4.48138,-2.786998,7788
122.62,147.7113,5,-1.652592,-1.836764,23.89238,4.209466,5.61723,5.192528,2.254254,7772
122.64,-0.01745605,5,-1.087912,-1.321519,20.91528,21.15026,5.34731,5.424035,4.791257,7712
122.66,-97.62805,5,-0.6852971,-0.8089157,24.16719,15.93183,4.94243,5.294647,4.819432,7744
122.68,-64.27783,5,-0.3531089,-0.5324853,13.00688,1.566804,5.009911,5.254035,3.998906,7736
122.7,110.7073,5,-0.4675677,-0.4584662,-6.336635,-3.80126,5.95463,5.740299,4.056431,7740
122.72,48.40271,5,-0.6589771,-0.4154446,-9.588544,10.95087,5.95463,5.923852,4.044732,7680
122.74,-222.1602,5,-0.4968613,-0.3525849,26.27406,13.31618,4.53755,5.17503,2.16207,7672
122.76,-135.5914,5,0.2625747,-0.2681519,33.61758,-14.98837,4.53755,4.910763,1.889046,7740
122.78,-93.19482,5,0.3822195,-0.5132157,-0.4740371,-25.3334,4.60503,4.802487,-0.5512725,7748
122.8,158.4557,5,-0.291041,-0.8213731,-37.25267,-25.15517,5.95463,5.46746,-0.9334093,7764
122.82,-79.33691,5,-1.321704,-1.229651,-39.68016,3.454335,5.009911,5.099544,-3.460599,7684
122.84,130.9346,5,-0.9818191,-1.041208,16.3504,-2.430774,6.02211,5.648318,1.154621,7728
122.86,26.20654,5,-0.5088365,-0.7303597,7.983981,13.27576,5.887151,5.884045,3.23733,7672
122.88,15.42371,5,-0.5909061,-0.4107116,13.06795,13.38646,5.95463,5.996675,3.360806,7668
122.9,-77.0769,5,0.5223178,0.05277941,42.54888,8.495916,5.61723,5.95568,4.879129,7688
122.92,-54.75256,5,0.6301227,0.2343368,11.34276,-4.412644,5.684711,5.917537,2.684099,7676
122.94,-49.22192,5,0.6333364,0.1756215,-4.962589,-10.711,5.684711,5.845562,0.5637707,7696
122.96,-46.66504,5,0.2666324,-0.06342337,-21.28321,-13.1246,5.61723,5.701652,-1.792725,7684
122.98,-29.57263,5,0.0803732,-0.3003545,-11.48168,-13.8536,5.61723,5.620405,-2.669587,7708
123,-9.012329,5,-0.0915491,-0.4875647,-10.06183,-12.02015,5.684711,5.620541,-2.91338,7716
123.02,-21.67993,5,-0.2305236,-0.610473,-3.863351,-8.299986,5.61723,5.582447,-2.975814,7688
123.04,-20.40625,5,-0.1630152,-0.6247122,3.22062,-7.353521,5.61723,5.590765,-2.437333,7688
123.06,-11.23315,5,-0.115299,-0.5974611,2.380925,-6.734719,5.684711,5.645386,-2.10169,7700
123.08,-19.45532,5,-0.05954605,-0.5494912,2.808407,-5.587884,5.684711,5.675112,-1.945233,7712
123.1,-34.36914,5,-0.04418278,-0.5134104,1.098482,-5.736095,5.61723,5.643793,-2.150487,7696
123.12,-17.92725,5,-0.03014067,-0.4916385,1.281688,-7.357877,5.684711,5.665539,-2.204029,7708
123.14,-19.54431,5,-0.06737427,-0.4983244,-0.8099151,-6.640291,5.684711,5.66644,-2.386559,7696
123.16,-31.28833,5,-0.06330198,-0.4997391,0.2129859,-6.366843,5.61723,5.627003,-2.484311,7684
123.18,-37.03748,5,-0.06850867,-0.5136871,0.1213828,-7.37539,5.54975,5.567434,-2.703135,7688
123.2,-17.27881,5,-0.07120392,-0.5321306,-0.3366328,-8.582989,5.61723,5.581001,-2.681851,7688
123.22,-7.728027,5,-0.07888296,-0.5391998,-0.7335792,-7.332918,5.684711,5.628821,-2.514537,7708
123.24,-14.16223,5,-0.08389797,-0.5199643,0.7168028,-5.525803,5.684711,5.652146,-2.361107,7696
123.26,-16.58044,5,-0.08165167,-0.4857915,0.07558119,-4.985741,5.684711,5.662723,-2.252917,7704
123.28,-17.62158,5,-0.04766603,-0.4477281,1.266421,-4.981855,5.684711,5.669671,-2.140826,7704
123.3,-29.14819,5,-0.03742464,-0.4283793,0.8542075,-5.138031,5.61723,5.630064,-2.28203,7692
123.32,-22.79553,5,-0.04036786,-0.426258,-0.2144953,-6.388439,5.61723,5.609115,-2.38585,7692
123.34,-7.613525,5,-0.05618234,-0.4325491,-0.06182348,-6.488695,5.684711,5.63772,-2.320644,7692
123.36,-11.07666,5,-0.06915851,-0.4289675,-0.2450293,-4.97512,5.684711,5.651081,-2.216175,7700
123.38,-12.55688,5,-0.06109833,-0.4045104,0.01451245,-4.348283,5.684711,5.659935,-2.058427,7688
123.4,-12.2323,5,-0.07936689,-0.3848261,-0.09235785,-4.015172,5.684711,5.660981,-2.022371,7720
123.42,-22.84692,5,-0.0799561,-0.373533,-0.1228922,-3.777851,5.61723,5.620801,-2.060277,7704
123.44,-4.876709,5,-0.07791383,-0.3601019,-0.01602192,-4.665846,5.684711,5.643893,-1.892654,7692
123.46,-30.5177,5,-0.07181456,-0.3628936,0.01451245,-3.502259,5.54975,5.57482,-2.028414,7704
123.48,2.713989,5,-0.07351281,-0.3498937,0.3198562,-5.259177,5.684711,5.62574,-1.776494,7692
123.5,-15.77966,5,-0.05022101,-0.3414185,0.06031401,-3.163018,5.61723,5.612123,-1.715879,7700
123.52,-13.00159,5,-0.05979326,-0.3219194,0.4877952,-3.608976,5.61723,5.605234,-1.679706,7704
123.54,-1.454712,5,0.01515911,-0.2835113,3.235888,-3.845195,5.684711,5.651417,-1.360842,7692
123.56,-18.4408,5,0.01784329,-0.2608932,-0.6114421,-2.866524,5.61723,5.628463,-1.502419,7712
123.58,-14.18481,5,0.006076185,-0.2479977,0.3503905,-3.890851,5.61723,5.613298,-1.610799,7696
123.6,-11.56226,5,0.007989289,-0.2491185,-0.2908313,-4.138665,5.61723,5.604864,-1.658531,7692
123.62,-10.24524,5,0.01100591,-0.2493338,-0.01602192,-4.044121,5.61723,5.601591,-1.649396,7712
123.64,-9.851074,5,0.0231765,-0.242763,-0.09235785,-3.886738,5.61723,5.601989,-1.606889,7716
123.66,2.342651,5,0.0111635,-0.2305717,-0.1534266,-3.673728,5.684711,5.640775,-1.493844,7708
123.68,-13.72876,5,0.0005785273,-0.220722,-0.1228922,-2.287927,5.61723,5.616364,-1.545158,7712
123.7,2.167847,5,-0.008782624,-0.2001547,-0.04655629,-2.932611,5.684711,5.644736,-1.395752,7724
123.72,-1.179199,5,0.006319423,-0.1785046,1.495429,-1.798164,5.684711,5.659375,-1.25431,7720
123.74,-13.98499,5,0.01521175,-0.1555537,1.006879,-1.43663,5.61723,5.626173,-1.278221,7716
123.76,-9.76355,5,0.07141768,-0.128294,3.480163,-2.673858,5.61723,5.616627,-1.192283,7700
123.78,1.730469,5,0.1588281,-0.09234112,3.251155,-3.330919,5.684711,5.660563,-0.986357,7704
123.8,-26.07703,5,0.1285453,-0.09516469,-0.4587703,-2.551982,5.54975,5.589618,-1.458017,7716
123.82,-5.431641,5,0.1576618,-0.09020271,0.3198562,-4.916189,5.61723,5.598948,-1.460447,7708
123.84,-6.82312,5,0.159023,-0.1042437,0.5946653,-4.396818,5.61723,5.600516,-1.598186,7724
123.86,-6.710083,5,0.128514,-0.1154087,-0.0007547362,-4.092348,5.61723,5.596907,-1.717137,7712
123.88,-7.3302,5,0.1661475,-0.1072369,0.8389403,-4.006736,5.61723,5.600446,-1.645873,7704
123.9,3.141113,5,0.1968222,-0.08490868,0.4267263,-4.090892,5.684711,5.644567,-1.527957,7708
123.92,-14.43945,5,0.2097721,-0.06902269,0.3961921,-3.158662,5.61723,5.621948,-1.691366,7716
123.94,-22.22473,5,0.198845,-0.06995433,0.2587874,-4.304662,5.54975,5.565704,-2.00567,7700
123.96,-15.91455,5,0.2574337,-0.07542031,2.762605,-6.043012,5.54975,5.545006,-2.083815,7708
123.98,-1.186279,5,0.2279377,-0.09888448,-0.4587703,-6.429342,5.61723,5.569636,-2.232008,7712
124,-16.86133,5,0.2263284,-0.1167945,0.5946653,-5.220131,5.54975,5.54057,-2.377961,7704
124.02,-47.13977,5,0.1932636,-0.155647,0.4572606,-5.96841,5.34731,5.401484,-2.941158,7720
124.04,17.48267,5,0.1959126,-0.1790896,0.2740546,-9.423846,5.61723,5.502132,-2.650031,7716
124.06,-8.848022,5,0.1981256,-0.2014975,0.07558119,-5.217006,5.54975,5.510235,-2.635615,7712
124.08,2.891357,5,0.1297595,-0.187626,-3.81755,-4.843244,5.61723,5.548604,-2.538705,7696
124.1,-4.180664,5,0.2303363,-0.136008,5.785507,-3.748047,5.61723,5.579608,-2.162106,7736
124.12,4.347412,5,0.234316,-0.08439954,0.7473372,-3.723827,5.684711,5.629797,-2.073998,7708
124.14,-26.89941,5,0.3358353,-0.0329404,3.983979,-3.237971,5.54975,5.578688,-2.145324,7724
124.16,-6.648071,5,0.3157737,-0.01478382,-0.107625,-5.974999,5.61723,5.584559,-2.403349,7728
124.18,4.149292,5,0.3247511,-0.0158686,0.6099325,-5.740854,5.684711,5.623949,-2.414975,7744
124.2,0.1544189,5,0.2616594,-0.02289922,-1.267931,-4.283568,5.684711,5.632651,-2.542824,7728
124.22,-24.03906,5,0.2626768,-0.02456058,0.3503905,-3.776204,5.54975,5.556878,-2.710143,7740
124.24,10.2522,5,0.2504045,-0.02219693,0.6557342,-5.785306,5.684711,5.602148,-2.560334,7740
124.26,-19.0144,5,0.2583765,-0.03558812,0.1671843,-3.72349,5.54975,5.543602,-2.699156,7716
124.28,1.684326,5,0.2206806,-0.03801004,-1.252663,-5.159693,5.61723,5.554644,-2.652801,7724
124.3,0.1607666,5,0.2350911,-0.03834034,1.358024,-4.061574,5.61723,5.563471,-2.51224,7724
124.32,10.79199,5,0.2398003,-0.01382181,0.3351234,-3.477252,5.684711,5.610732,-2.245927,7724
124.34,5.318481,5,0.237505,0.01823698,-0.01602192,-2.005534,5.684711,5.631753,-2.10211,7724
124.36,-7.864014,5,0.2388735,0.04886738,-0.06182348,-1.609619,5.61723,5.599823,-2.118589,7740
124.38,9.545654,5,0.2354536,0.07306366,-0.1686933,-2.633023,5.684711,5.623745,-1.990355,7724
124.4,7.888184,5,0.2139204,0.08308092,-0.01602192,-1.470286,5.684711,5.631535,-1.923703,7712
124.42,-3.218384,5,0.1903011,0.09218257,-0.1992282,-0.8075718,5.61723,5.593472,-1.926421,7716
124.44,3.591675,5,0.170876,0.09655151,-0.2908313,-1.415148,5.61723,5.575837,-1.851887,7700
124.46,-4.311401,5,0.1588958,0.08776551,-0.3213652,-1.103243,5.54975,5.52873,-1.855254,7712
124.48,25.98682,5,0.1571414,0.09918769,-0.4129688,-1.629349,5.684711,5.59256,-1.451363,7716
124.5,6.115601,5,0.1742606,0.1205868,-0.2908313,1.005845,5.61723,5.586672,-1.25193,7704
124.52,-5.304688,5,0.2514895,0.1714092,2.655735,0.4601088,5.54975,5.554585,-1.068348,7700
124.54,21.42371,5,0.3480831,0.2312372,2.961078,-1.321883,5.684711,5.628638,-0.7318697,7708
124.56,-9.862915,5,0.3160279,0.2388407,-0.9167854,0.2605047,5.54975,5.56951,-1.170956,7704
124.58,9.053955,5,0.3642459,0.2644098,2.426727,-1.988207,5.61723,5.58654,-1.069608,7708
124.6,18.56238,5,0.3720758,0.2734815,-2.611443,-1.562165,5.684711,5.631432,-1.060055,7712
124.62,12.56055,5,0.3695467,0.2912072,-0.03128911,-0.3131782,5.684711,5.649456,-1.059062,7584
124.64,11.71985,5,0.3255711,0.3035096,-1.16106,0.05653784,5.684711,5.64965,-1.16209,7712
124.66,0.1883545,5,0.3505266,0.3161251,-0.183961,0.1110571,5.61723,5.611551,-1.203427,7712
124.68,16.63953,5,0.3905326,0.3365951,1.800773,-1.122007,5.684711,5.638474,-1.063608,7712
124.7,1.395996,5,0.4105971,0.3426134,-0.3060985,-0.3657834,5.61723,5.609989,-1.201485,7712
124.72,16.73425,5,0.4261983,0.3582997,0.7015356,-1.431035,5.684711,5.637448,-1.146964,7716
124.74,2.170898,5,0.4085487,0.3521844,-0.596175,-0.5495793,5.61723,5.604267,-1.375771,7716
124.76,18.29968,5,0.4109267,0.359214,-0.183961,-1.418284,5.684711,5.629641,-1.293749,7724
124.78,3.493164,5,0.4120846,0.3566194,-0.2297625,-0.3902005,5.61723,5.599915,-1.413392,7704
124.8,7.845459,5,0.4095434,0.358565,-0.3366328,-1.194603,5.61723,5.585883,-1.459398,7720
124.82,10.17847,5,0.4040822,0.3514594,-0.3977011,-1.263881,5.61723,5.578269,-1.509938,7716
124.84,11.328,5,0.4026996,0.3484436,-0.4282355,-1.066503,5.61723,5.57546,-1.496905,7712
124.86,11.94873,5,0.4008308,0.3506983,-0.3519,-0.8107131,5.61723,5.574706,-1.471363,7708
124.88,23.87048,5,0.4042915,0.3661526,-0.3519,-0.5620794,5.684711,5.615813,-1.292933,7708
124.9,18.52466,5,0.4168387,0.3925571,-0.2297625,0.7664472,5.684711,5.635845,-1.162904,7708
124.92,16.95752,5,0.4085089,0.4224315,-0.0007547362,1.136733,5.684711,5.642313,-1.122037,7704
124.94,-6.263916,5,0.4234208,0.4350123,0.01451245,1.128696,5.54975,5.563941,-1.326242,7724
124.96,16.1311,5,0.4531015,0.4436084,1.510696,-1.28867,5.61723,5.570938,-1.265976,7732
124.98,25.91101,5,0.4977103,0.4531634,0.4725278,-0.7461402,5.684711,5.619051,-1.088293,7708
125,-3.754517,5,0.5004988,0.4586554,0.9305434,0.538799,5.54975,5.558626,-1.334954,7672
125.02,14.98047,5,0.5576228,0.4821835,2.457261,-1.77364,5.61723,5.576494,-1.249672,7704
125.04,22.61401,5,0.627301,0.5054272,2.02978,-1.619641,5.684711,5.628998,-1.155799,7712
125.06,4.033447,5,0.6205859,0.5164379,0.9763447,-0.7538611,5.61723,5.605547,-1.462119,7688
125.08,18.63855,5,0.6294775,0.5313388,0.4572606,-2.064115,5.684711,5.631525,-1.528876,7712
125.1,1.453125,5,0.7126789,0.5476136,2.90001,-1.763351,5.61723,5.608696,-1.640966,7720
125.12,-5.97522,5,0.6697548,0.5281669,0.1977187,-3.182221,5.54975,5.545486,-2.201339,7708
125.14,24.27673,5,0.703503,0.5156271,0.3961921,-4.933989,5.684711,5.599227,-2.141647,7724
125.16,16.68616,5,0.6769561,0.497209,0.7778715,-2.951693,5.684711,5.618411,-2.293325,7716
125.18,13.36365,5,0.6787612,0.507313,0.8084057,-2.419422,5.684711,5.627263,-2.302046,7708
125.2,-0.765625,5,0.7388333,0.5270013,2.6252,-2.632535,5.61723,5.595603,-2.400578,7712
125.22,4.17627,5,0.725358,0.5217617,0.8084057,-4.153632,5.61723,5.573737,-2.709551,7704
125.24,6.238892,5,0.7494351,0.5074428,0.1213828,-4.741031,5.61723,5.563761,-2.854067,7724
125.26,7.444092,5,0.730608,0.4860411,-0.01602192,-4.859293,5.61723,5.555083,-3.05537,7720
125.28,20.08313,5,0.7082613,0.473403,-0.4587703,-4.716661,5.684711,5.588713,-3.052744,7716
125.3,3.640503,5,0.7039081,0.4676836,-0.03128911,-3.358259,5.61723,5.563529,-3.15333,7716
125.32,18.85205,5,0.6975511,0.4775215,0.07558119,-4.073151,5.684711,5.591774,-3.074933,7704
125.34,-8.355591,5,0.7188997,0.4756811,-0.03128911,-3.129976,5.54975,5.525115,-3.280652,7704
125.36,12.90723,5,0.704669,0.472325,0.09084838,-5.177353,5.61723,5.532308,-3.326636,7728
125.38,11.5249,5,0.7196003,0.462418,-0.4435031,-4.430727,5.61723,5.537174,-3.318711,7724
125.4,11.41895,5,0.6907147,0.457953,-0.9778546,-3.979096,5.61723,5.536473,-3.364388,7740
125.42,11.35425,5,0.7028258,0.4656366,0.09084838,-3.730116,5.61723,5.538592,-3.292236,7708
125.44,23.1272,5,0.6992561,0.481729,0.02977964,-3.531724,5.684711,5.579402,-3.149043,7700
125.46,6.742798,5,0.6921874,0.4943055,-0.2144953,-2.21029,5.61723,5.555937,-3.202414,7720
125.48,22.29797,5,0.6914924,0.5176156,0.1977187,-2.958987,5.684711,5.585337,-3.051068,7720
125.5,18.24542,5,0.7276065,0.5447028,1.525963,-1.999908,5.684711,5.602377,-2.896906,7712
125.52,5.381104,5,0.7233565,0.563861,-0.3519,-1.782382,5.61723,5.567035,-3.014802,7696
125.54,10.62805,5,0.742241,0.5760706,0.2129859,-2.99528,5.61723,5.551349,-3.036664,7708
125.56,13.07764,5,0.7513382,0.5744538,0.3198562,-3.292409,5.61723,5.543782,-3.081211,7708
125.58,2.756348,5,0.7485225,0.5632523,0.09084838,-3.254347,5.54975,5.499218,-3.242651,7728
125.6,8.549011,5,0.7604802,0.5534095,0.2129859,-4.308794,5.54975,5.480947,-3.286626,7720
125.62,11.15601,5,0.7505629,0.5348355,0.3198562,-4.384633,5.54975,5.471607,-3.368373,7700
125.64,12.22034,5,0.7458526,0.5233566,0.07558119,-4.154768,5.54975,5.468331,-3.37157,7724
125.66,24.10669,5,0.7455077,0.5286044,0.1824515,-3.867966,5.61723,5.508715,-3.213472,7724
125.68,18.54626,5,0.7554575,0.5479074,0.1824515,-2.511145,5.61723,5.528713,-3.098988,7712
125.7,28.03888,5,0.7555458,0.5833449,0.1519171,-2.149065,5.684711,5.577212,-2.915042,7704
125.72,10.80261,5,0.7596123,0.6117013,0.4572606,-0.9864531,5.61723,5.556735,-2.959901,7720
125.74,15.17352,5,0.7421594,0.6295021,0.1061156,-1.893472,5.61723,5.542813,-3.016165,7740
125.76,17.37915,5,0.7655306,0.6395812,1.92291,-2.123205,5.61723,5.538485,-2.955367,7732
125.78,18.31079,5,0.7745964,0.6481443,-0.06182348,-2.078232,5.61723,5.537421,-2.919431,7716
125.8,18.64764,5,0.7863672,0.6591848,0.4877952,-1.990445,5.61723,5.538136,-2.875682,7728
125.82,19.11005,5,0.7843824,0.6680278,0.1213828,-1.888019,5.61723,5.537449,-2.873942,7732
125.84,19.74078,5,0.7825109,0.6759239,0.1671843,-1.763443,5.61723,5.53644,-2.858879,7732
125.86,31.84149,5,0.7862912,0.6932374,0.1824515,-1.600982,5.684711,5.576959,-2.683055,7748
125.88,15.29962,5,0.7896731,0.7093171,0.7626044,-0.3051829,5.61723,5.55484,-2.707116,7724
125.9,30.64398,5,0.7926765,0.7353119,0.5793981,-1.099216,5.684711,5.584901,-2.559771,7732
125.92,14.83209,5,0.8342691,0.7567629,2.609933,-0.2353176,5.61723,5.561778,-2.548543,7740
125.94,18.95587,5,0.8281344,0.7697864,-0.9473198,-1.235932,5.61723,5.548062,-2.6341,7740
125.96,31.95197,5,0.867959,0.7871538,1.693902,-1.585416,5.684711,5.585764,-2.466268,7720
125.98,16.09149,5,0.8498106,0.7901868,-1.328999,-0.4662311,5.61723,5.558012,-2.637761,7708
126,19.56512,5,0.8773543,0.8044027,1.159551,-1.418696,5.61723,5.548136,-2.614522,7692
126.02,33.21136,5,0.8663486,0.808314,-1.191595,-1.630823,5.684711,5.580572,-2.592716,7716
126.04,40.60822,5,0.8628542,0.825519,-0.4587703,-0.3544012,5.752191,5.635273,-2.401487,7708
126.06,22.48029,5,0.8503745,0.8488716,0.2129859,1.254541,5.684711,5.617649,-2.424663,7704
126.08,11.41498,5,0.9689204,0.8986164,6.090851,0.06536618,5.61723,5.582739,-2.293999,7720
126.1,15.71478,5,1.034664,0.9234188,2.777872,-2.055361,5.61723,5.567548,-2.465813,7704
126.12,17.70544,5,1.045255,0.9147853,-0.07709067,-3.057778,5.61723,5.554499,-2.774091,7596
126.14,18.56952,5,1.056275,0.8988951,0.4419934,-3.559463,5.61723,5.546132,-2.987189,7728
126.16,18.88202,5,1.057016,0.8816929,0.5793981,-3.810186,5.61723,5.539917,-3.184023,7732
126.18,41.8996,5,1.063768,0.8844121,0.1213828,-3.920558,5.752191,5.617338,-3.060024,7700
126.2,7.727234,5,1.065149,0.8849101,0.4114593,-1.729448,5.61723,5.569265,-3.332771,7716
126.22,25.36536,5,1.085085,0.9034689,1.373291,-3.7757,5.684711,5.587573,-3.342037,7708
126.24,10.64697,5,1.117223,0.900285,0.4114593,-3.480146,5.61723,5.554629,-3.580494,7688
126.26,14.94586,5,1.113246,0.8897513,0.7320697,-4.759205,5.61723,5.535668,-3.816327,7696
126.28,17.29956,5,1.102671,0.8652481,-0.183961,-5.135243,5.61723,5.523282,-4.025651,7700
126.3,18.03131,5,1.109927,0.8480422,0.09084838,-5.17292,5.61723,5.518515,-4.112006,7712
126.32,18.34644,5,1.099305,0.8339464,0.1213828,-5.090136,5.61723,5.514621,-4.227211,7724
126.34,30.0163,5,1.098829,0.8341632,-0.107625,-4.978079,5.684711,5.553175,-4.153347,7712
126.36,24.63306,5,1.098387,0.8442157,-0.107625,-3.725489,5.684711,5.569997,-4.133402,7724
126.38,22.82343,5,1.090728,0.8620238,0.2435202,-3.415164,5.684711,5.575257,-4.145826,7712
126.4,-0.2840576,5,1.085736,0.8596781,-0.1992282,-3.423154,5.54975,5.493721,-4.447535,7708
126.42,34.46466,5,1.080718,0.8568652,0.01451245,-5.688552,5.684711,5.536211,-4.33877,7712
126.44,17.27289,5,1.071906,0.8398015,-0.8557167,-3.669455,5.61723,5.514506,-4.422796,7708
126.46,20.37073,5,1.063658,0.8430619,0.8542075,-4.042315,5.61723,5.505993,-4.382459,7720
126.48,32.85553,5,1.088752,0.8583175,-0.1992282,-4.031416,5.684711,5.546379,-4.1731,7712
126.5,16.32758,5,1.085516,0.8690782,0.2129859,-2.775743,5.61723,5.523071,-4.246186,7704
126.52,19.92847,5,1.093414,0.8842814,0.06031401,-3.637986,5.61723,5.512603,-4.243768,7700
126.54,21.13422,5,1.126727,0.8947827,0.7626044,-3.952092,5.61723,5.510505,-4.216333,7720
126.56,22.00165,5,1.11701,0.8957438,0.6557342,-4.002449,5.61723,5.506616,-4.294143,7716
126.58,22.40234,5,1.128949,0.9002454,0.3961921,-3.986448,5.61723,5.505876,-4.282152,7708
126.6,11.16565,5,1.128908,0.8962041,0.4877952,-3.9585,5.54975,5.464131,-4.443442,7712
126.62,39.95941,5,1.135153,0.904135,0.3656577,-5.042397,5.684711,5.526664,-4.245966,7712
126.64,31.51996,5,1.135275,0.9156596,0.3809245,-2.850959,5.684711,5.554765,-4.159981,7712
126.66,4.953491,5,1.137304,0.9321893,0.8542075,-2.312163,5.54975,5.486188,-4.343004,7708
126.68,26.11121,5,1.161407,0.9462724,0.5793981,-4.689,5.61723,5.496215,-4.301795,7704
126.7,25.1972,5,1.157454,0.9373602,-0.1992282,-4.105608,5.61723,5.498025,-4.379162,7716
126.72,25.70032,5,1.123678,0.9304062,0.1213828,-3.697278,5.61723,5.495224,-4.425849,7720
126.74,26.24744,5,1.122922,0.9330328,-0.1228922,-3.371273,5.61723,5.495448,-4.355134,7712
126.76,26.67035,5,1.1205,0.9401661,0.1519171,-3.088744,5.61723,5.496192,-4.29806,7732
126.78,38.66724,5,1.119956,0.9579549,0.01451245,-2.82809,5.684711,5.537595,-4.101235,7708
126.8,22.11505,5,1.121738,0.9753372,-0.04655629,-1.472029,5.61723,5.516165,-4.099384,7736
126.82,26.03784,5,1.119049,0.9936458,0.3656577,-2.232651,5.61723,5.505581,-4.075122,7732
126.84,39.6297,5,1.130929,1.010415,-0.1534266,-2.347118,5.684711,5.542165,-3.893973,7704
126.86,35.57062,5,1.120773,1.027838,0.1366499,-1.011738,5.684711,5.557554,-3.798582,7720
126.88,22.89838,5,1.116493,1.046723,-0.09235785,-0.5452185,5.61723,5.523703,-3.818725,7716
126.9,28.61176,5,1.115927,1.05758,0.04504682,-1.506684,5.61723,5.507777,-3.804446,7732
126.92,31.48853,5,1.118271,1.057884,-0.03128911,-1.565519,5.61723,5.501126,-3.763394,7728
126.94,32.93286,5,1.114725,1.06006,-0.06182348,-1.296744,5.61723,5.499223,-3.691655,7732
126.96,33.63794,5,1.116583,1.06833,-0.06182348,-0.9747869,5.61723,5.50017,-3.594803,7736
126.98,22.55103,5,1.11744,1.072354,0.02977964,-0.713992,5.54975,5.460991,-3.646994,7724
127,51.56268,5,1.120248,1.088654,-0.0007547362,-1.614146,5.684711,5.525354,-3.367103,7724
127.02,31.87054,5,1.117437,1.100305,-0.06182348,0.7085815,5.61723,5.51422,-3.33973,7724
127.04,34.79254,5,1.094165,1.120414,0.4114593,0.3382106,5.61723,5.506888,-3.294767,7736
127.06,33.8761,5,1.212487,1.164649,6.167187,-0.00499934,5.61723,5.51863,-2.971436,7704
127.08,45.41382,5,1.192577,1.189703,0.06031401,-0.2277313,5.684711,5.557051,-3.00096,7736
127.1,39.19647,5,1.257203,1.229099,1.510696,0.573263,5.684711,5.57989,-2.83978,7704
127.12,37.64148,5,1.23059,1.252935,0.3809245,0.5665445,5.684711,5.581789,-2.989208,7724
127.14,26.00128,5,1.252862,1.265583,1.144284,0.3081287,5.61723,5.541501,-3.128175,7732
127.16,42.60614,5,1.291051,1.280526,1.861841,-1.13817,5.684711,5.565885,-3.057976,7716
127.18,15.8736,5,1.309653,1.271306,0.2129859,-0.5295516,5.54975,5.494955,-3.384458,7712
127.2,-124.8388,5,1.306145,1.150127,0.1519171,-3.142042,4.67251,4.931777,-5.411021,7716
127.22,-62.63177,5,1.351803,0.9405332,1.174818,-19.24525,4.60503,4.641047,-6.646404,7788
127.24,-28.38605,5,1.323831,0.6224397,-2.306099,-23.51281,4.60503,4.513074,-7.642405,7756
127.26,218.9719,5,1.003722,0.4546856,-28.70305,-21.31564,5.95463,5.249302,-5.818707,7772
127.28,-52.63379,5,0.207043,0.2123166,-44.10764,7.370614,4.87495,4.86351,-7.676626,7672
127.3,195.0734,5,0.2576006,0.4188955,1.32749,-0.8292726,6.02211,5.434081,-3.614157,7728
127.32,-123.204,5,0.4480508,0.5138947,25.99925,17.62619,4.60503,4.87799,-4.142556,7672
127.34,-52.52979,5,0.4767629,0.6048431,-2.596175,-2.399863,4.53755,4.590423,-4.374264,7748
127.36,162.5655,5,0.5600266,0.5882224,30.01452,-8.346474,5.54975,5.07444,-2.624116,7756
127.38,102.1185,5,0.7588484,0.7175897,-2.565641,8.787902,5.61723,5.37639,-0.7345901,7716
127.4,82.39667,5,0.03985088,0.7932248,-47.63436,16.43558,5.61723,5.421208,-1.370164,7700
127.42,99.34467,5,-0.6239192,0.7639516,17.20536,21.79217,5.61723,5.373291,-1.157688,7704
127.44,11.27704,5,0.6421638,1.155759,55.15957,22.66024,5.21235,5.315154,3.177422,7712
127.46,31.18042,5,1.056774,1.474061,21.4191,12.99812,5.27983,5.353953,3.452804,7736
127.48,9.696655,5,1.944642,1.794538,43.75499,5.625444,5.27983,5.438457,4.032122,7716
127.5,63.75739,5,2.187686,1.975099,1.602299,-2.114685,5.684711,5.684038,2.870426,7744
127.52,-174.7983,5,1.983452,1.802912,-9.420605,-1.577046,4.47007,4.979869,-2.02943,7724
127.54,180.4924,5,1.989051,1.699869,-6.336635,-24.77609,6.02211,5.569057,-1.514369,7784
127.56,-88.83234,5,1.791302,1.379817,-8.611445,-4.01357,4.94243,5.15043,-4.513353,7704
127.58,24.00348,5,1.512567,1.222047,-21.9855,-16.4691,5.27983,5.139146,-5.277978,7752
127.6,26.16705,5,1.267895,0.9632379,-13.72595,-12.48851,5.27983,5.108176,-6.190217,7728
127.62,-154.541,5,1.45962,0.7894481,10.12139,-10.69378,4.267631,4.534253,-7.44855,7752
127.64,149.5284,5,1.055664,0.6098586,-28.80993,-25.91021,5.54975,4.99788,-7.034501,7788
127.66,-76.34265,5,0.8434545,0.3401483,4.487797,-4.911952,4.60503,4.636483,-8.229265,7704
127.68,-31.11542,5,0.8399262,0.2974082,-15.22214,-13.84568,4.60503,4.506973,-7.696901,7764
127.7,79.08813,5,-0.0795743,-0.02017029,-55.60382,-11.89105,5.009911,4.584603,-8.804951,7772
127.72,69.5014,5,-1.171766,-0.4119533,-52.48932,4.204094,4.87495,4.462405,-8.77714,7736
127.74,-0.9326782,5,-0.007705718,-0.1332588,42.64048,9.845724,4.53755,4.454082,-2.960572,7744
127.76,6.458374,5,0.6053082,0.2535498,29.40384,4.450598,4.60503,4.573959,-1.017286,7760
127.78,170.9345,5,1.120905,0.6941441,24.90002,0.3089082,5.684711,5.304412,1.539547,7768
127.8,76.61694,5,1.168626,1.036775,1.602299,14.00193,5.684711,5.591208,1.465123,7704
127.82,17.00409,5,1.783975,1.5255,46.06033,11.39936,5.61723,5.715208,2.25315,7692
127.84,-16.16046,5,2.760658,2.008914,41.92292,0.34407,5.61723,5.821346,2.250024,7684
127.86,-30.94659,5,2.943044,2.161759,5.98398,-10.95937,5.61723,5.792004,-0.9282664,7708
127.88,-186.0529,5,2.689259,1.886856,-15.61908,-19.46229,4.67251,5.103881,-6.535795,7704
127.9,-56.19592,5,2.211167,1.360392,-23.80229,-39.08496,4.87495,4.825994,-10.17675,7756
127.92,67.5108,5,1.364483,0.6678462,-44.15344,-35.93449,5.34731,4.898721,-12.10044,7760
127.94,-113.0029,5,0.1038155,-0.1058298,-61.89391,-17.54079,4.267631,4.196855,-15.23009,7732
127.96,-25.13654,5,-0.03946216,-0.4897459,6.68627,-23.11906,4.267631,3.970018,-13.18234,7796
127.98,5.160889,5,0.2763267,-0.6314974,4.365659,-18.94686,4.335111,4.025455,-10.45723,7772
128,-4.609924,5,-0.14571,-0.7575556,-29.17633,-11.71763,4.267631,3.997504,-10.11226,7776
128.02,59.54663,-5,-0.219444,-0.7445533,11.52597,-7.630136,4.335111,4.057005,-8.370399,7792
128.04,48.15845,-5,0.2082811,-0.4877729,10.12139,0.1754994,4.335111,4.168214,-5.776926,7772
128.06,206.3369,-5,0.2193906,-0.09172577,14.59467,4.572145,5.27983,4.783527,-3.092754,7764
128.08,74.03528,-5,0.8683217,0.5012965,27.77025,21.2177,5.009911,4.968067,-0.6187044,7696
128.1,36.50433,-5,1.18735,1.094045,34.07559,17.79873,4.87495,4.959618,-0.4009403,7728
128.12,-22.80988,-5,2.472876,1.728421,55.0985,7.377822,4.60503,4.889304,0.5572178,7736
128.14,51.47565,-5,2.756576,2.056094,14.42673,-6.281512,4.94243,4.993688,-1.534554,7760
128.16,45.8093,-5,2.628895,2.090067,-5.252665,-7.350718,4.94243,4.946461,-4.31153,7736
128.18,61.14435,-5,2.295046,2.003814,-14.91679,-7.482967,4.94243,4.847058,-6.417261,7744
128.2,131.1971,-5,2.349189,2.024766,1.938177,-6.050208,5.27983,5.006421,-6.043479,7756
128.22,115.165,-5,2.221164,2.08547,-2.73358,2.434865,5.27983,5.056938,-6.240451,7708
128.24,119.5056,-5,2.442563,2.313467,9.678638,5.740578,5.34731,5.144857,-5.30698,7720
128.26,94.24971,-5,2.862419,2.627678,24.99162,6.968957,5.27983,5.175197,-4.725594,7716
128.28,92.6154,-5,3.155364,2.914893,18.96108,4.290077,5.27983,5.18445,-5.056406,7708
128.3,-80.1812,-5,3.418714,3.019614,11.87711,1.132551,4.267631,4.566566,-7.784332,7732
128.32,19.34717,-5,3.471669,2.946853,2.182452,-18.50236,4.335111,4.291909,-9.977573,7772
128.34,61.20358,-5,3.257591,2.652706,-9.435872,-20.66057,4.335111,4.119878,-12.07584,7780
128.36,143.3025,-5,2.556375,2.318622,-36.39771,-15.36382,4.60503,4.131851,-13.22586,7776
128.38,150.3241,-5,2.091135,2.135577,-17.06946,-1.960827,4.60503,4.126502,-12.5591,7752
128.4,161.7737,-5,2.256817,2.292709,5.602301,7.129359,4.67251,4.237781,-9.82995,7768
128.42,135.2731,-5,2.675717,2.658519,28.86948,12.92474,4.60503,4.316503,-7.610633,7756
128.44,121.9456,-5,3.346572,3.153697,28.74735,11.88325,4.60503,4.416582,-5.881616,7768
128.46,108.6977,-5,3.913627,3.608467,35.2817,7.995103,4.60503,4.480012,-5.632968,7744
128.48,112.5424,-5,4.343992,3.962918,16.71681,2.705042,4.67251,4.537877,-6.245203,7764
128.5,110.5869,-5,4.432055,4.142187,7.800775,-0.6653204,4.67251,4.511019,-7.921821,7736
128.52,-64.98495,-5,4.384751,4.071538,-1.267931,-3.302986,3.592831,3.797894,-11.68561,7748
128.54,103.5841,-5,4.34833,3.909312,0.6862684,-22.45461,3.99771,3.690155,-13.09466,7796
128.56,156.1121,-5,4.09337,3.629319,-11.52748,-17.1178,4.20015,3.728633,-14.09013,7788
128.58,4.586884,-5,3.29117,3.245704,-38.39771,-5.909346,3.25543,3.102137,-17.051,7776
128.6,335.0621,-5,3.15173,3.203195,3.648101,-12.74069,4.67251,3.705317,-13.55667,7844
128.62,56.63599,-5,3.286363,3.251047,3.281689,15.28591,3.525351,3.347753,-12.92071,7776
128.64,195.7632,-5,2.823241,3.408978,-17.03893,7.482412,3.93023,3.389592,-12.1433,7824
128.66,199.6811,-5,3.382429,3.696494,28.31986,14.61309,3.99771,3.53715,-9.14754,7820
128.68,22.96448,-5,3.226108,3.838986,-10.71832,19.95164,2.985511,2.971383,-10.55178,7784
128.7,100.6548,-5,3.678926,4.024516,40.213,4.202275,2.985511,2.770511,-9.616694,7868
128.72,352.0417,-5,4.320736,4.334461,23.84658,0.05151987,4.335111,3.558882,-6.092326,7864
128.74,66.07324,-5,3.869945,4.402737,-25.77176,23.81306,3.18795,3.141131,-8.794452,7776
128.76,216.3871,-5,3.690899,4.588677,0.9763447,11.47799,3.660311,3.207604,-8.157487,7840
128.78,13.95734,-5,4.40846,4.738145,27.98399,15.75278,2.58063,2.674382,-8.271741,7840
128.8,333.449,-5,4.093263,4.827441,-15.58855,-0.2282579,3.93023,3.180513,-7.702388,7884
128.82,82.64838,-5,4.584865,4.927917,23.86185,19.47205,2.918031,2.862097,-7.673174,7784
128.84,199.2755,-5,4.208898,5.025566,-18.85572,8.600229,3.25543,2.858081,-8.506782,7852
128.86,44.85406,-5,4.183226,4.922092,35.57178,12.99381,2.31071,2.276668,-10.3128,7836
128.88,171.7242,-5,4.260963,4.876685,-5.023657,0.2030847,2.58063,2.196543,-9.976808,7896
128.9,233.4271,-5,4.168911,4.787066,0.2282531,5.029457,2.850551,2.319716,-9.548862,7880
128.92,116.8102,-5,4.052928,4.75451,-11.78702,14.64708,2.243231,2.016612,-9.957171,7864
128.94,216.5792,-5,4.219781,4.885638,8.197721,8.841809,2.58063,2.117627,-8.54698,7916
128.96,32.46326,-5,4.816284,5.029112,23.22063,12.75827,1.63591,1.667392,-8.869807,7872
128.98,154.5702,-5,4.48201,4.986262,-6.153429,-1.965381,1.90583,1.554719,-10.63089,7944
129,57.72974,-5,4.858431,4.890124,17.09849,-0.8229125,1.298511,1.183163,-11.35018,7936
129.02,228.0509,-5,4.216891,4.676523,-25.0542,-7.419694,1.90583,1.295847,-12.5057,7956
129.04,97.6687,-5,4.105925,4.481455,-6.535108,5.573656,1.23103,0.9564992,-12.93284,7912
129.06,34.59216,-5,3.882386,4.319316,-18.77939,1.538127,0.5562305,0.4009725,-14.08618,7952
129.08,222.9092,-5,4.092751,4.273744,8.411462,-7.891239,1.23103,0.6085073,-12.18443,8000
129.1,92.61353,-5,4.061935,4.186396,-6.367169,4.806885,0.6237106,0.3522023,-12.60023,7940
129.12,29.99878,-5,3.43506,3.973833,-29.95496,1.950052,-0.05108929,-0.2322787,-14.84996,7988
129.14,202.7573,-5,3.958262,3.994541,29.58704,-7.734596,0.5562305,-0.02834848,-11.89697,8052
129.16,57.10645,-5,4.147444,3.984681,-3.481672,2.452131,-0.1185694,-0.3045821,-12.22881,8000
129.18,59.88806,-5,3.802315,3.894558,-30.13817,-4.427227,-0.3884897,-0.6353742,-13.77712,8036
129.2,140.6797,-5,4.291884,3.925778,21.5565,-10.20296,-0.1185694,-0.5487506,-12.21402,8056
129.22,25.33569,-5,4.315466,3.864345,-5.145795,-6.151985,-0.7258892,-0.875813,-13.63024,8032
129.24,21.96326,-5,3.931263,3.657029,-35.29847,-13.92729,-1.06329,-1.280195,-15.86376,8064
129.26,120.6396,-5,3.502719,3.334768,0.4114593,-17.84031,-0.8608494,-1.378668,-16.56881,8104
129.28,90.92456,-5,3.672586,3.1883,-0.01602192,-11.0894,-1.06329,-1.475615,-15.35256,8072
129.3,-14.71887,-5,3.319474,2.993879,-25.26794,-8.689853,-1.805569,-1.982203,-16.88325,8116
129.32,20.7605,-5,2.839585,2.680449,-28.88626,-16.19702,-2.075489,-2.40543,-18.08987,8152
129.34,181.0825,-5,3.291949,2.630455,20.51833,-18.80319,-1.40069,-2.081036,-14.67902,8180
129.36,20.39258,-5,3.331778,2.620437,-1.084725,-4.71097,-2.075489,-2.307974,-14.7007,8116
129.38,7.740967,-5,2.884995,2.537049,-28.93206,-10.21293,-2.412889,-2.661711,-16.07233,8156
129.4,-14.2467,-5,2.116406,2.141848,-40.10764,-12.66218,-2.95273,-3.224607,-18.30489,8176
129.42,162.736,-5,1.747849,1.832295,-13.00839,-14.98268,-2.412889,-3.132733,-16.28783,8228
129.44,68.53943,-5,1.749173,1.705962,-2.94732,1.225024,-2.88525,-3.29352,-14.10593,8200
129.46,164.1792,-5,1.747224,1.850817,1.92291,2.631939,-2.48037,-3.064928,-11.00883,8212
129.48,-14.92297,-5,2.46934,2.154221,31.92292,10.52704,-3.290129,-3.329892,-9.038981,8204
129.5,69.42566,-5,2.823786,2.460454,22.88475,-3.392045,-3.02021,-3.261894,-8.210728,8232
129.52,-52.02649,-5,3.444265,2.623979,29.54124,-6.36817,-3.627529,-3.553258,-8.926748,8220
129.54,47.30029,-5,3.466226,2.635688,-2.412969,-20.54406,-3.290129,-3.521427,-10.26909,8256
129.56,85.59961,-5,3.044712,2.42134,-25.03893,-18.38653,-3.08769,-3.464139,-11.96187,8228
129.58,-175.8939,-5,2.329788,1.96523,-39.60382,-11.26766,-4.639729,-4.447802,-16.24153,8216
129.6,30.89331,-5,1.521315,1.416771,-30.9626,-30.06834,-4.30233,-4.7468,-17.42015,8304
129.62,111.5533,-5,1.912011,1.131856,29.20536,-22.77072,-3.96493,-4.545992,-14.00273,8300
129.64,135.3717,-5,1.970165,1.175324,0.1213828,-9.886234,-3.627529,-4.184859,-11.29521,8276
129.66,-12.92041,-5,1.41001,1.169826,-33.20687,2.6813,-4.30233,-4.478764,-12.25273,8268
129.68,-67.50146,-5,0.8106815,1.004179,-37.23741,-2.156684,-4.977129,-5.069856,-13.6381,8308
129.7,21.18018,-5,1.117872,0.9113796,49.83133,-11.79918,-4.909649,-5.209641,-11.53635,8356
129.72,-2.523926,-5,1.970195,1.017652,39.37331,-12.11352,-5.044609,-5.20797,-8.951531,8352
129.74,79.46375,-5,1.995505,1.122552,-10.87099,-14.6238,-4.572248,-4.927959,-8.428328,8328
129.76,-40.28931,-5,0.6851308,0.7715892,-72.35192,-3.816246,-5.247049,-5.386775,-12.41835,8288
129.78,-61.57935,-5,-0.6444342,0.1878897,-65.40536,-4.468546,-5.92185,-6.111668,-14.67478,8360
129.8,201.7021,-5,-0.826251,-0.1038456,42.94583,-5.988943,-4.977129,-5.777654,-9.773843,8392
129.82,-30.70886,-5,0.2135851,0.08974639,37.61758,15.76837,-5.92185,-5.953743,-4.864272,8320
129.84,216.4235,-5,0.4589392,0.5705846,-3.81755,6.36195,-4.639729,-5.21181,-0.809893,8372
129.86,-23.32654,-5,0.01382907,0.6962521,-25.64962,26.2958,-5.58445,-5.523711,-2.301413,8284
129.88,24.24036,-5,-0.2793286,0.8015447,-3.283198,16.27907,-5.65193,-5.732625,-1.916893,8372
129.9,44.64563,-5,0.3809212,0.9654838,44.44201,12.30101,-5.65193,-5.72391,0.6133993,8364
129.92,39.45728,-5,1.220522,1.272127,33.15956,8.937992,-5.58445,-5.573375,2.718876,8380
129.94,71.19775,-5,1.6241,1.55562,15.43436,4.941332,-5.247049,-5.292372,3.050546,8372
129.96,-135.3496,-5,1.504796,1.535451,-9.451139,5.504931,-6.259249,-5.841969,-0.6304811,8372
129.98,4.945557,-5,1.130149,1.307782,-21.78702,-13.59171,-5.92185,-5.965788,-2.825327,8420
130,81.9281,-5,0.7507751,0.9362922,-24.33664,-10.64094,-5.58445,-5.859112,-3.477031,8404
130.02,-92.40247,-5,0.290828,0.5620438,-25.02366,0.2557088,-6.529169,-6.393973,-5.198351,8368
130.04,32.01221,-5,-0.1406832,0.2703319,-21.25267,-8.57942,-6.259249,-6.480489,-4.96922,8420
130.06,30.4856,-5,0.2201098,0.1660788,13.11375,-3.061399,-6.259249,-6.42128,-2.765909,8424
130.08,18.10645,-5,0.313374,0.2023198,2.808407,0.1043091,-6.259249,-6.355541,-1.767422,8404
130.1,10.33923,-5,0.2992179,0.2548594,-5.023657,0.9901937,-6.259249,-6.324453,-1.510873,8408
130.12,2.52356,-5,0.4924386,0.3467619,10.15192,0.1359017,-6.259249,-6.287502,-0.9626671,8416
130.14,-4.940918,-5,0.6403266,0.4239048,5.709171,-1.724189,-6.259249,-6.263108,-0.9399765,8428
130.16,-9.813232,-5,0.7125472,0.4552731,0.7473372,-3.962884,-6.259249,-6.258213,-1.320301,8424
130.18,-13.99207,-5,0.8082035,0.4601856,2.02978,-6.27455,-6.259249,-6.257003,-1.700716,8412
130.2,-14.74146,-5,0.74778,0.4040012,-3.451137,-8.039781,-6.259249,-6.276477,-2.488588,8408
130.22,-13.71899,-5,0.6849647,0.3200694,-4.229764,-9.09022,-6.259249,-6.29783,-3.063555,8408
130.24,-13.53113,-5,0.6514685,0.2389541,-2.443504,-9.588376,-6.259249,-6.31044,-3.401917,8408
130.26,-14.79675,-5,0.6362444,0.1720194,-1.848083,-9.867146,-6.259249,-6.315333,-3.631233,8404
130.28,-16.65637,-5,0.618145,0.1152703,-1.328999,-10.13696,-6.259249,-6.31798,-3.85757,8404
130.3,-18.0896,-5,0.5835479,0.06029618,-2.458771,-10.4035,-6.259249,-6.32243,-4.108795,8412
130.32,-65.67053,-5,0.5622039,-0.02083625,-2.306099,-10.76915,-6.529169,-6.487993,-4.839366,8416
130.34,1.099731,-5,0.5378939,-0.09031665,-1.283198,-15.64377,-6.259249,-6.40168,-4.768614,8432
130.36,-12.7511,-5,0.4911282,-0.1696123,-1.328999,-11.98153,-6.259249,-6.364237,-4.862779,8416
130.38,-5.793091,-5,0.3545742,-0.2127277,-9.206864,-10.49296,-6.191769,-6.316789,-4.866366,8408
130.4,-8.823608,-5,0.1621343,-0.2686164,-12.04656,-8.163833,-6.191769,-6.312699,-4.973291,8408
130.42,-19.69299,-5,0.08361563,-0.301914,-3.481672,-6.691243,-6.259249,-6.348458,-4.735858,8404
130.44,-16.55688,-5,0.1582175,-0.2877398,4.625201,-7.064741,-6.259249,-6.342999,-4.124344,8408
130.46,-63.92615,-5,0.1970636,-0.3024551,0.4114593,-7.225559,-6.529169,-6.493548,-4.377777,8412
130.48,-55.09192,-5,0.1990732,-0.3565424,-0.2450293,-12.1453,-6.596649,-6.600586,-4.705634,8444
130.5,-42.44324,-5,0.2113734,-0.4500502,-0.8862511,-14.54808,-6.596649,-6.643831,-4.885224,8432
130.52,-37.54846,-5,0.128272,-0.5585927,-5.863352,-14.58982,-6.596649,-6.66619,-5.11251,8448
130.54,24.72095,-5,-0.05713545,-0.6376124,-11.29847,-13.38284,-6.259249,-6.485406,-4.665921,8420
130.56,4.651489,-5,-0.3287834,-0.7002306,-14.53511,-5.38938,-6.259249,-6.421289,-4.40177,8408
130.58,-9.014404,-5,-0.5936368,-0.7208613,-13.87862,-1.260865,-6.326729,-6.44454,-3.978477,8392
130.6,-52.69592,-5,-0.4797575,-0.6793584,11.28169,-0.3802707,-6.596649,-6.580522,-3.150399,8400
130.62,120.6354,-5,-0.07446127,-0.4454168,22.06032,-5.209534,-5.65193,-6.012074,-0.006467938,8424
130.64,36.96252,-5,0.317055,-0.1344874,18.74734,7.765802,-5.65193,-5.71724,1.479965,8368
130.66,6.303345,-5,0.6181805,0.2608223,10.93055,6.875764,-5.58445,-5.538629,2.009317,8384
130.68,-20.83667,-5,0.5500377,0.4389164,2.6252,3.396884,-5.65193,-5.561463,0.5780678,8400
130.7,-2.634033,-5,0.9819608,0.6118963,28.13666,-3.057801,-5.51697,-5.469123,0.8202642,8384
130.72,-36.91626,-5,1.407055,0.7420821,16.97635,-6.972363,-5.58445,-5.451669,0.2012677,8364
130.74,-43.42896,-5,1.498136,0.7529103,1.281688,-13.36752,-5.58445,-5.477659,-1.57403,8368
130.76,-43.14795,-5,1.439044,0.6341069,-5.771749,-18.09276,-5.58445,-5.532991,-3.539436,8368
130.78,-198.5265,-5,1.194189,0.3020574,-14.36717,-20.75447,-6.529169,-6.175907,-7.356438,8360
130.8,-51.71838,-5,0.7576967,-0.1454373,-22.96259,-36.62388,-6.191769,-6.316303,-9.340178,8416
130.82,-43.46277,-5,0.2219354,-0.6970813,-29.26794,-30.52394,-6.259249,-6.454852,-10.70366,8408
130.84,36.62427,-5,-0.4239157,-1.089941,-35.54275,-23.37929,-5.92185,-6.33265,-10.14142,8404
130.86,23.27979,-5,-1.288583,-1.415535,-44.55038,-7.672008,-5.989328,-6.357722,-9.65187,8384
130.88,70.07532,-5,-2.128888,-1.606356,-39.51222,4.291843,-5.85437,-6.310717,-7.722429,8376
130.9,8.7677,-5,-2.032807,-1.508044,49.22064,16.5413,-6.191769,-6.388586,-3.887964,8384
130.92,-54.54065,-5,-0.9389951,-1.034394,59.87713,14.68761,-6.529169,-6.433328,0.6148666,8412
130.94,103.6005,-5,0.0220436,-0.4263406,46.54888,4.221276,-5.58445,-5.78685,4.389987,8424
130.96,-47.73401,-5,0.6654065,0.05380818,30.53361,10.96767,-5.92185,-5.680469,4.347425,8380
130.98,1.72522,-5,0.7158394,0.3746264,-6.031292,0.07924628,-5.58445,-5.500229,3.064848,8404
131,-25.9884,-5,0.5174218,0.3865694,-14.56565,-1.486027,-5.65193,-5.546648,0.8266816,8372
131.02,-0.9129639,-5,0.1555523,0.2530023,-21.1458,-4.084806,-5.58445,-5.594519,-0.6630981,8356
131.04,13.22327,-5,-0.2915722,0.02782395,-25.25267,-1.762348,-5.58445,-5.664396,-1.529857,8364
131.06,21.89868,-5,-0.4088404,-0.09814641,-1.680145,1.59691,-5.58445,-5.677444,-0.7993253,8384
131.08,15.61145,-5,-0.1368008,-0.04419507,10.97635,3.774805,-5.58445,-5.619489,0.7536005,8368
131.1,-44.38379,-5,0.1564866,0.06422805,13.05269,3.48456,-5.85437,-5.715904,1.028224,8368
131.12,-37.23083,-5,0.466108,0.1653737,12.04505,-3.816956,-5.85437,-5.73832,0.8912258,8400
131.14,-46.61743,-5,0.4922063,0.1239438,-0.4740371,-8.045803,-5.92185,-5.813508,-0.4242036,8400
131.16,-25.38147,-5,0.3708105,-0.001589991,-8.321369,-11.37502,-5.85437,-5.837479,-1.544144,8404
131.18,-23.97192,-5,0.2373955,-0.1543882,-8.870986,-11.00464,-5.85437,-5.865595,-2.29668,8416
131.2,-195.3311,-5,0.1032473,-0.4050431,-8.382438,-10.56601,-6.86657,-6.496342,-4.770794,8416
131.22,-122.6432,-5,-0.04503613,-0.7322303,-8.168697,-27.10694,-6.93405,-6.830002,-6.312965,8436
131.24,77.34143,-5,-0.1021717,-1.019457,-4.932054,-30.16052,-5.989328,-6.396657,-5.109332,8448
131.26,-151.5549,-5,-0.1829162,-1.235655,-11.06946,-12.11577,-6.93405,-6.744617,-6.059332,8372
131.28,147.2252,-5,-0.7156805,-1.273471,-34.53511,-20.99578,-5.51697,-6.097089,-4.429873,8440
131.3,70.77954,-5,-1.698552,-1.475141,-47.22215,6.61161,-5.58445,-5.943164,-4.53542,8352
131.32,60.8363,-5,-2.52802,-1.493272,-21.20687,19.94438,-5.65193,-5.949628,-2.732961,8364
131.34,28.55371,-5,-2.188753,-1.225604,23.95345,26.61041,-5.85437,-5.959383,1.479449,8404
131.36,22.59827,-5,-1.31966,-0.7255534,51.46491,24.89487,-5.85437,-5.822759,5.592257,8412
131.38,93.79822,-5,-0.1607773,-0.04133874,54.79316,19.51311,-5.247049,-5.272896,9.554318,8416
131.4,9.715576,-5,0.7135532,0.5956141,39.80079,20.18594,-5.247049,-4.988378,10.25537,8380
131.42,-31.96143,-5,1.204339,1.05745,20.67101,10.45258,-5.247049,-4.898044,8.671558,8384
131.44,-43.54248,-5,1.343712,1.198093,4.350392,-0.6895255,-5.247049,-4.938225,5.691413,8356
131.46,-212.6256,-5,1.259984,0.9608156,-8.092361,-9.359569,-6.259249,-5.643086,0.6059283,8352
131.48,-72.47302,-5,0.9514834,0.4987886,-19.49695,-31.05438,-5.989328,-5.869498,-2.68845,8404
131.5,25.354,-5,0.4059257,-0.1038091,-30.15343,-29.28853,-5.58445,-5.787263,-4.50107,8384
131.52,-148.5957,-5,-0.2605307,-0.6888055,-38.79466,-16.40781,-6.529169,-6.351279,-7.100739,8232
131.54,-18.23767,-5,-1.026176,-1.181262,-41.75649,-22.78807,-6.259249,-6.479736,-7.623984,8420
131.56,20.46814,-5,-1.752519,-1.662264,-36.35191,-11.34313,-6.191769,-6.514368,-7.050314,8396
131.58,-40.04346,-5,-2.144584,-1.914406,-2.122893,1.320655,-6.596649,-6.727224,-5.360901,8384
131.6,153.7783,-5,-1.744221,-1.691087,26.18246,2.642624,-5.58445,-6.085289,0.3497168,8420
131.62,-11.00415,-5,-1.112694,-1.253705,31.54124,20.82269,-5.989328,-5.932097,3.407173,8352
131.64,-36.75696,-5,-0.4310155,-0.659771,30.19773,13.90506,-5.989328,-5.801872,5.169075,8392
131.66,-110.325,-5,0.4556854,-0.1953402,40.53361,3.650414,-6.259249,-5.862623,4.969672,8388
131.68,-109.0414,-5,0.9773927,0.02623585,19.19009,-12.33488,-6.259249,-5.910166,3.002925,8384
131.7,-105.652,-5,1.015412,-0.0680564,-3.054191,-22.9402,-6.259249,-6.003519,-0.2334671,8384
131.72,-40.07312,-5,0.3793029,-0.4371119,-39.52748,-27.41106,-5.989328,-6.005774,-3.543406,8396
131.74,51.08911,-5,-0.9864458,-1.021739,-72.56567,-19.01574,-5.58445,-5.924559,-6.004275,8384
131.76,108.7959,-5,-2.342489,-1.537448,-73.83284,0.4168901,-5.314529,-5.816129,-5.558407,8364
131.78,-97.35986,-5,-3.149452,-1.886154,-8.764117,21.40119,-6.529169,-6.480331,-4.777387,8340
131.8,-95.00659,-5,-1.728413,-1.576285,59.12904,9.597725,-6.86657,-6.692053,1.322472,8404
131.82,66.12439,-5,-0.557274,-1.10604,54.59469,-1.539122,-5.989328,-6.109413,5.476211,8432
131.84,-26.92883,-5,0.2533804,-0.6362069,33.34277,4.609657,-5.989328,-5.795128,6.352755,8412
131.86,-33.21033,-5,-0.07989931,-0.4223866,-32.97787,0.4146659,-5.85437,-5.694212,3.808376,8396
131.88,-39.72913,-5,-0.7608758,-0.5570189,-35.1458,-0.7236376,-5.92185,-5.825768,0.9395671,8380
131.9,-16.09351,-5,-1.093664,-0.7519293,8.319858,-1.005636,-5.92185,-5.918797,0.4546446,8392
131.92,142.4651,-5,-0.5755776,-0.6019429,27.98399,-0.2057413,-4.977129,-5.294433,4.332483,8408
131.94,-165.9698,-5,-0.3835774,-0.483888,6.777874,15.17974,-6.259249,-5.761972,2.962952,8344
131.96,-100.5925,-5,-0.3149622,-0.4087355,3.464895,-6.031245,-6.259249,-5.99098,1.721954,8404
131.98,-87.94031,-5,0.426148,-0.4074843,34.71682,-15.9488,-6.259249,-6.028347,1.659155,8388
132,-87.58374,-5,0.8424279,-0.4310247,20.90001,-22.66042,-6.191769,-5.985777,0.5047731,8408
132.02,-97.76233,-5,0.6885945,-0.6054229,-17.48168,-26.60932,-6.191769,-6.029065,-2.250902,8392
132.04,-11.10388,-5,-0.631952,-1.119721,-76.00078,-25.70592,-5.85437,-6.036453,-6.081382,8400
132.06,69.81689,-5,-1.99619,-1.699784,-71.98551,-11.63509,-5.51697,-5.95733,-6.8241,8404
132.08,-147.6273,-5,-3.726574,-2.430033,-16.44351,11.18836,-6.93405,-6.884677,-9.161398,8388
132.1,124.4716,-5,-3.134145,-2.411428,34.65575,2.753443,-5.989328,-6.50422,-1.16153,8444
132.12,217.8226,-5,-2.146215,-1.905417,36.96109,21.73643,-5.044609,-5.556771,6.703798,8408
132.14,92.13562,-5,-1.265901,-1.000802,37.89239,40.762,-4.977129,-4.972723,11.41513,8340
132.16,-197.061,-5,-0.7943582,-0.2856808,19.63284,38.59453,-6.259249,-5.496654,9.780534,8332
132.18,57.56226,-5,-0.4473588,0.1347432,12.88475,7.226876,-5.247049,-5.177312,9.666202,8420
132.2,-17.80371,-5,0.1486858,0.2925096,31.29696,10.15654,-5.38201,-5.10356,9.08393,8368
132.22,-186.4271,-5,0.4321675,0.3341686,7.846576,3.149053,-6.259249,-5.60957,6.08604,8352
132.24,-49.26923,-5,0.3439968,0.1462721,-10.79465,-18.08621,-5.85437,-5.659508,3.442182,8396
132.26,-59.19611,-5,0.1339209,-0.2465013,-14.53511,-17.62827,-5.92185,-5.770893,0.9621153,8396
132.28,-36.65723,-5,-0.247098,-0.6051003,-22.96259,-17.07783,-5.85437,-5.816579,-0.5407404,8428
132.3,18.66467,-5,-0.803356,-0.9350757,-30.13817,-12.49814,-5.58445,-5.72157,-1.23477,8380
132.32,2.290222,-5,-1.447458,-1.223001,-35.0542,-1.753915,-5.65193,-5.760205,-1.543896,8372
132.34,18.93085,-5,-2.038497,-1.419365,-24.73359,5.701882,-5.65193,-5.798317,-0.8406804,8380
132.36,-35.68359,-5,-1.462063,-1.282979,48.18246,10.28633,-5.92185,-5.844473,2.294652,8376
132.38,-40.63721,-5,-0.778168,-0.9791441,37.2359,5.509196,-5.92185,-5.768908,4.273461,8408
132.4,-118.045,-5,-0.1704768,-0.7354482,24.41147,-0.3268161,-6.259249,-5.895352,3.937631,8388
132.42,-106.1456,-5,0.1309062,-0.6502708,8.441997,-13.03624,-6.259249,-5.967815,2.35572,8408
132.44,-96.16718,-5,-0.002516009,-0.817176,-9.191597,-19.81364,-6.259249,-6.064548,-0.2169923,8416
132.46,137.2726,-5,-0.3630069,-0.9709173,-26.26031,-21.62946,-4.977129,-5.397139,0.2350142,8404
132.48,-102.2763,-5,-1.210993,-1.275381,-49.23741,3.208978,-5.92185,-5.758257,-2.393244,8324
132.5,-20.50488,-5,-2.186413,-1.551661,-52.94733,-1.237059,-5.85437,-5.962081,-3.090389,8396
132.52,12.46899,-5,-2.845525,-1.892299,-9.00839,6.350263,-5.92185,-6.11192,-2.179199,8376
132.54,186.394,-5,-2.034344,-1.607658,34.27407,12.37476,-4.909649,-5.373506,5.114129,8400
132.56,-148.5815,-5,-1.550373,-1.234318,21.69391,31.79581,-6.259249,-5.76782,5.916551,8352
132.58,65.9397,-5,-1.00424,-0.7109733,30.57941,9.345799,-5.314529,-5.337515,8.343757,8392
132.6,-63.75,-5,-0.06916318,-0.3216227,47.44965,12.90281,-5.65193,-5.284038,8.790273,8332
132.62,-66.39832,-5,0.3926712,-0.005901843,20.77788,0.5887458,-5.58445,-5.231088,7.579369,8380
132.64,-134.0594,-5,0.5382925,-0.0003906637,1.953444,-8.468403,-5.92185,-5.470597,4.253848,8352
132.66,-47.09937,-5,0.4416912,-0.179053,-10.91679,-20.87913,-5.58445,-5.440651,1.824429,8392
132.68,-39.49768,-5,0.0178785,-0.5257274,-22.99313,-18.89577,-5.51697,-5.461896,-0.630913,8368
132.7,-32.41333,-5,-0.6202866,-0.8969827,-35.84809,-14.71104,-5.51697,-5.538872,-2.350247,8368
132.72,34.08728,-5,-1.366973,-1.24073,-40.22977,-8.624046,-5.247049,-5.468402,-2.655944,8364
132.74,35.62585,-5,-2.021516,-1.493061,-33.37481,4.33423,-5.247049,-5.459054,-1.839679,8348
132.76,-207.3932,-5,-1.607472,-1.497649,25.5565,11.17073,-6.596649,-6.144686,-0.8276729,8356
132.78,21.33911,-5,-0.8005267,-1.247031,38.54888,-11.21038,-5.71941,-5.805446,2.441645,8440
132.8,130.9378,-5,0.02624994,-0.8902018,38.01453,-5.323083,-4.707209,-4.963829,5.596139,8384
132.82,-203.1457,-5,0.5366135,-0.5281703,22.79315,7.385009,-5.92185,-5.29974,3.706813,8316
132.84,-167.5317,-5,0.651289,-0.3671446,1.296956,-18.39846,-5.989328,-5.561322,0.4843377,8384
132.86,107.9573,-5,0.2352236,-0.5690181,-25.20687,-29.93907,-4.639729,-4.990488,-1.040257,8376
132.88,-116.446,-5,-0.7977296,-1.061691,-53.60383,-6.658554,-5.58445,-5.431862,-4.899029,8296
132.9,11.28241,-5,-1.9915,-1.50426,-57.46642,-9.803129,-5.314529,-5.565684,-5.718021,8364
132.92,57.83875,-5,-2.808468,-1.924081,-0.09235785,3.859005,-5.247049,-5.601619,-4.257511,8352
132.94,-15.02905,-5,-2.036599,-1.761639,28.82368,14.89456,-5.58445,-5.610361,1.078287,8360
132.96,138.5923,-5,-1.287151,-1.227928,39.22063,12.69017,-4.639729,-4.919791,6.168427,8388
132.98,-197.6151,-5,-0.36238,-0.7143033,47.84659,23.12691,-5.989328,-5.334075,6.140761,8300
133,38.16516,-5,0.3226973,-0.1878856,30.70155,-5.830151,-4.909649,-4.861261,7.052849,8376
133.02,-53.55737,-5,1.162407,0.1194097,35.96872,-4.043447,-4.977129,-4.672219,6.158221,8320
133.04,-247.4066,-5,1.350933,0.1803828,9.495431,-13.18987,-5.92185,-5.218417,1.429735,8312
133.06,44.53455,-5,1.214553,0.03763559,-12.22977,-37.91635,-4.639729,-4.789536,-0.66991,8372
133.08,-178.2569,-5,0.8037148,-0.42783,-23.87863,-23.81399,-5.58445,-5.250216,-5.2046,8300
133.1,-66.74805,-5,0.1199617,-0.8600954,-35.78703,-34.64581,-5.314529,-5.3735,-7.517036,8340
133.12,-205.1719,-5,-0.627499,-1.51921,-39.54275,-28.39175,-6.259249,-6.061974,-11.04668,8344
133.14,114.7951,-5,-1.393511,-2.000685,-38.47405,-35.1698,-4.977129,-5.62968,-9.479113,8396
133.16,48.4491,-5,-1.923672,-2.302444,-25.86336,-5.570282,-5.044609,-5.452403,-7.346224,8312
133.18,45.42499,-5,-2.339438,-2.219433,-21.69542,8.73458,-4.977129,-5.297003,-4.236996,8312
133.2,-184.1541,-5,-2.383471,-2.10906,9.327493,17.62042,-6.259249,-5.951208,-3.628289,8328
133.22,-5.682434,-5,-1.306534,-1.691683,52.44201,-3.01913,-5.65193,-5.714719,1.018825,8404
133.24,113.3073,-5,-0.4636048,-1.23657,48.38094,-1.093124,-4.707209,-4.957548,4.489381,8380
133.26,15.53278,-5,0.04128297,-0.7027161,27.5107,10.48109,-4.639729,-4.558463,5.560289,8308
133.28,-30.59918,-5,0.0622887,-0.2884961,-7.649613,8.161969,-4.639729,-4.449042,4.310388,8324
133.3,-32.17163,-5,-0.1725354,-0.1674246,-14.19923,2.77162,-4.639729,-4.496021,2.264251,8308
133.32,-256.8166,-5,0.3606015,-0.1739467,35.93819,-3.231751,-5.92185,-5.249395,-0.03524113,8312
133.34,-24.45886,-5,1.11364,-0.1244706,30.13666,-32.11171,-5.044609,-5.002226,0.3119514,8376
133.36,-222.2367,-5,1.358456,-0.3816368,7.434362,-28.94668,-5.92185,-5.438478,-3.638203,8316
133.38,-172.7827,-5,1.224508,-0.707868,-9.222133,-46.45859,-5.92185,-5.687327,-7.132494,8380
133.4,-79.75647,-5,0.5694626,-1.280993,-34.70306,-50.7594,-5.58445,-5.70111,-10.48619,8384
133.42,-74.25385,-5,-0.312695,-1.888105,-45.61909,-41.29354,-5.58445,-5.78805,-12.6105,8388
133.44,-2.530396,-5,-1.432729,-2.410427,-60.10765,-30.629,-5.314529,-5.741045,-13.03097,8364
133.46,83.99274,-5,-2.674318,-2.815241,-65.68017,-11.97192,-4.909649,-5.540648,-11.51516,8364
133.48,82.17346,-5,-3.673507,-2.989237,-34.32137,12.53576,-4.909649,-5.45709,-8.231073,8328
133.5,-83.29559,-5,-2.198913,-2.398445,62.10614,23.36678,-5.65193,-5.557756,-0.659133,8328
133.52,-115.8879,-5,-1.330383,-1.771617,55.02216,10.86746,-5.92185,-5.660487,1.572228,8364
133.54,47.09631,-5,-0.1397901,-1.130939,50.1672,-4.297482,-4.977129,-5.04537,4.795163,8380
133.56,-91.495,-5,0.5828124,-0.667537,27.64811,-0.4207463,-5.247049,-4.921675,4.096473,8328
133.58,-262.3368,-5,0.003962008,-0.7251878,-30.24504,-10.30538,-6.259249,-5.640265,-2.009671,8332
133.6,11.73602,-5,-0.6681921,-1.103467,-32.64198,-31.45148,-5.314529,-5.520555,-4.108796,8408
133.62,-2.160278,-5,-1.184629,-1.573574,-28.33664,-16.01394,-5.314529,-5.498139,-4.53378,8352
133.64,0.5110474,-5,-1.788413,-1.826253,-29.1458,-5.196289,-5.314529,-5.496498,-3.760086,8356
133.66,8.818848,-5,-1.726926,-1.794338,19.48017,2.055068,-5.247049,-5.38589,-1.131795,8344
133.68,93.90039,-5,-0.9342691,-1.359436,33.55651,5.276361,-4.572248,-4.798186,3.572957,8364
133.7,-8.5,-5,-0.1357105,-0.7705016,32.90002,13.26717,-4.639729,-4.499341,5.586609,8328
133.72,-113.2545,-5,0.5546483,-0.2271719,33.63284,5.73391,-4.977129,-4.553818,4.898527,8324
133.74,-106.7808,-5,1.380612,0.1507975,41.08323,-12.60381,-4.909649,-4.530793,3.524425,8320
133.76,-120.6448,-5,1.825241,0.2345282,19.67864,-25.61781,-4.909649,-4.565067,0.4157357,8284
133.78,-131.9259,-5,1.687419,0.01989868,-6.09236,-35.25211,-4.977129,-4.718565,-3.899436,8316
133.8,-32.16406,-5,0.7812303,-0.4833942,-54.21452,-39.6123,-4.572248,-4.700262,-7.893888,8324
133.82,-186.3383,-5,-0.7205342,-1.328322,-73.5733,-27.76671,-5.58445,-5.467715,-13.2416,8320
133.84,9.219604,-5,-2.171008,-2.144249,-73.00842,-30.43768,-5.179569,-5.658905,-13.86514,8356
133.86,43.33569,-5,-3.372168,-2.85538,-12.15343,-8.361917,-5.247049,-5.794135,-12.02288,8328
133.88,36.48303,-5,-2.972981,-2.827338,14.38093,8.354342,-5.314529,-5.675904,-5.110904,8356
133.9,-44.01721,-5,-2.741743,-2.536259,15.09849,17.85372,-5.71941,-5.75458,-1.461711,8352
133.92,146.6323,-5,-1.922933,-1.904134,56.76262,13.71902,-4.639729,-5.009784,4.617991,8396
133.94,-23.95593,-5,-0.7997745,-1.147053,51.0069,26.3537,-4.977129,-4.758988,7.766527,8320
133.96,-60.73181,-5,-0.01112686,-0.4121562,32.3504,14.82228,-4.977129,-4.625035,8.185843,8336
133.98,-80.97729,-5,0.6068438,0.01909289,32.3504,1.408915,-4.977129,-4.594454,6.599125,8336
134,-103.0391,-5,1.018719,0.1745484,21.66337,-10.94262,-5.044609,-4.663144,4.045569,8344
134.02,-87.10583,-5,1.068559,0.08299205,-3.22213,-21.52557,-4.977129,-4.720714,0.9596053,8324
134.04,-23.89886,-5,0.7894622,-0.1686364,-21.58855,-25.90162,-4.639729,-4.622808,-1.543668,8312
134.06,-32.08771,-5,0.1152319,-0.5429325,-36.00076,-20.19119,-4.639729,-4.673709,-4.098863,8316
134.08,-176.5059,-5,-0.7195912,-1.050169,-48.1687,-14.80807,-5.58445,-5.345202,-7.518348,8320
134.1,-10.47241,-5,-1.708397,-1.621545,-50.9626,-22.34257,-5.247049,-5.515734,-8.389959,8380
134.12,22.45312,-5,-2.410417,-2.133867,5.358026,-8.142379,-5.247049,-5.586573,-7.071495,8348
134.14,11.93658,-5,-1.779031,-2.036094,22.94582,2.454027,-5.247049,-5.425134,-1.770712,8360
134.16,-12.01764,-5,-1.441159,-1.730476,5.709171,7.281041,-5.247049,-5.274476,0.7685374,8356
134.18,-22.70355,-5,-1.445365,-1.483638,-3.069458,8.101937,-5.247049,-5.217003,1.41357,8364
134.2,-77.99786,-5,-1.064366,-1.24482,17.49544,6.20926,-5.51697,-5.316152,2.155843,8352
134.22,-76.60712,-5,-0.7749934,-1.087979,17.66337,-1.604623,-5.58445,-5.387827,2.078969,8380
134.24,-69.72491,-5,-0.5446537,-1.035928,5.022148,-7.399028,-5.58445,-5.416698,1.618996,8372
134.26,-9.838501,-5,-0.5071641,-1.035157,-1.038923,-10.54611,-5.247049,-5.24248,1.402597,8388
134.28,-32.35016,-5,-0.6643165,-1.085196,-8.397705,-6.071012,-5.247049,-5.195256,0.6903267,8368
134.3,-23.02057,-5,-0.9242898,-1.138939,-10.50457,-4.499557,-5.179569,-5.167233,0.2392215,8356
134.32,-41.93811,-5,-0.8254452,-1.124107,5.98398,-2.88309,-5.247049,-5.174728,0.6597144,8356
134.34,-103.4569,-5,-0.6241353,-1.091269,7.754973,-4.535823,-5.58445,-5.356026,0.3559292,8348
134.36,-82.52069,-5,-0.4664755,-1.098379,6.930545,-12.37551,-5.58445,-5.430848,-0.1754719,8372
134.38,-74.65118,-5,-0.4595218,-1.199868,-3.649611,-15.47662,-5.58445,-5.477845,-1.109095,8372
134.4,-20.17871,-5,-0.7121643,-1.344971,-15.40534,-15.79664,-5.314529,-5.372243,-1.703826,8380
134.42,-18.70435,-5,-1.070917,-1.494259,-21.80229,-9.287461,-5.247049,-5.31738,-2.007895,8352
134.44,-19.13348,-5,-1.457475,-1.600412,-18.33664,-3.533912,-5.247049,-5.316909,-1.858585,8336
134.46,-82.6463,-5,-1.223443,-1.554608,15.40383,-0.6815825,-5.58445,-5.459228,-0.7255491,8356
134.48,-68.87775,-5,-0.8789899,-1.433594,20.21299,-6.359351,-5.58445,-5.473425,0.1532438,8344
134.5,90.50934,-5,-0.6080735,-1.241985,13.64811,-9.278876,-4.639729,-4.891123,2.115328,8364
134.52,12.46838,-5,-0.6052292,-1.051955,-2.016023,4.853816,-4.639729,-4.647151,2.410089,8316
134.54,-12.48724,-5,-0.7922382,-0.8507142,-12.87099,6.931449,-4.639729,-4.581421,2.139914,8308
134.56,-21.71503,-5,-0.5591258,-0.6478896,26.4878,5.01092,-4.639729,-4.541282,2.624917,8324
134.58,-44.97253,-5,0.3327631,-0.3097361,40.67102,-0.2044315,-4.639729,-4.433326,4.002789,8312
134.6,-65.22144,-5,0.7076272,-0.0973497,16.47253,-7.286872,-4.639729,-4.396559,2.726898,8312
134.62,-61.05017,-5,0.7891163,-0.06382361,0.3809245,-14.29524,-4.572248,-4.390699,0.6406931,8316
134.64,-246.8553,-5,0.612796,-0.3282965,-11.39007,-18.35181,-5.65193,-5.103141,-3.926438,8308
134.66,-137.0654,-5,0.2245481,-0.7955873,-19.68015,-38.4785,-5.58445,-5.449838,-7.100985,8364
134.68,-34.95728,-5,-0.2088945,-1.37194,-20.30611,-39.12461,-5.247049,-5.437352,-8.391086,8360
134.7,-52.64294,-5,-0.6551965,-1.802427,-25.37481,-27.80579,-5.314529,-5.472946,-8.627039,8348
134.72,15.06927,-5,-1.236464,-2.047435,-33.32901,-20.04556,-4.977129,-5.303822,-7.821328,8364
134.74,18.5,-5,-1.947768,-2.221507,-37.58855,-5.638216,-4.909649,-5.222536,-6.915194,8344
134.76,17.80499,-5,-2.724539,-2.329598,-28.26031,6.877042,-4.977129,-5.259612,-5.537877,8348
134.78,-29.43945,-5,-2.192397,-2.079252,48.64048,13.24765,-5.247049,-5.295121,-1.215243,8352
134.8,-101.4149,-5,-1.385677,-1.67406,43.83132,9.873746,-5.65193,-5.429252,1.360652,8364
134.82,84.13226,-5,-0.6530809,-1.192194,33.58704,-1.676425,-4.639729,-4.81642,4.412063,8356
134.84,11.13531,-5,-0.2828479,-0.8108398,15.4191,8.199783,-4.572248,-4.503094,4.887666,8308
134.86,-35.68481,-5,-0.3283368,-0.5195242,-5.054192,7.466021,-4.639729,-4.460702,3.833925,8312
134.88,-22.46497,-5,-0.3963369,-0.3965255,2.41146,2.516289,-4.572248,-4.455183,2.79085,8316
134.9,-29.90356,-5,-0.04368338,-0.2831106,25.08322,-0.6103036,-4.572248,-4.4312,2.903701,8296
134.92,-38.04742,-5,0.1710241,-0.2085245,6.808407,-4.166967,-4.572248,-4.419851,2.298216,8292
134.94,-226.7519,-5,0.2110124,-0.3420969,-0.9167854,-7.89886,-5.65193,-5.088891,-1.078572,8320
134.96,93.66571,-5,0.1119792,-0.4915709,-5.954956,-28.58883,-4.30233,-4.612256,-0.8729131,8360
134.98,-148.0944,-5,-0.08818236,-0.8195979,-15.1458,-9.643916,-5.314529,-5.02943,-3.35239,8272
135,-76.58386,-5,-0.5325252,-1.060324,-24.26031,-20.04322,-5.247049,-5.214233,-4.600003,8336
135.02,-59.87701,-5,-0.8678149,-1.399805,-19.00839,-18.57892,-5.314529,-5.35876,-5.39525,8332
135.04,-42.21033,-5,-1.050524,-1.625535,-11.2832,-15.31097,-5.314529,-5.403184,-4.852307,8348
135.06,-21.38568,-5,-1.319485,-1.768964,-14.15343,-10.4289,-5.247049,-5.377491,-4.174129,8336
135.08,-31.30615,-5,-1.553866,-1.839821,-11.16106,-4.318275,-5.314529,-5.399505,-3.355305,8324
135.1,-15.45099,-5,-1.525821,-1.780123,2.671002,-1.32694,-5.247049,-5.331977,-1.673875,8344
135.12,-82.44568,-5,-1.349477,-1.671221,8.5794,1.555288,-5.58445,-5.463729,-0.8087554,8340
135.14,-67.32916,-5,-1.0335,-1.518836,14.13665,-4.3483,-5.58445,-5.48156,0.09954417,8364
135.16,94.86572,-5,-0.795971,-1.316492,8.701538,-7.158196,-4.639729,-4.904725,2.155892,8368
135.18,21.45844,-5,-0.9045442,-1.144025,-7.084726,7.717481,-4.639729,-4.673738,2.463256,8316
135.2,-1.198547,-5,-1.07952,-0.9327593,-3.558008,10.72375,-4.639729,-4.603098,2.666188,8308
135.22,-2.86377,-5,-0.6629916,-0.6474885,37.73972,9.06151,-4.572248,-4.490127,4.035361,8324
135.24,-31.73944,-5,0.1377151,-0.2732506,36.90002,5.094517,-4.572248,-4.366063,5.259005,8340
135.26,-68.4549,-5,0.6785113,0.01434234,22.71681,-2.312018,-4.639729,-4.342328,4.381775,8332
135.28,-85.14032,-5,0.8109184,0.07627337,3.785506,-11.41556,-4.707209,-4.425764,1.875717,8320
135.3,-222.7158,-5,0.6004384,-0.2010184,-12.48931,-18.7676,-5.58445,-5.069356,-2.785932,8312
135.32,-75.81476,-5,0.167364,-0.6680015,-22.96259,-35.95233,-5.247049,-5.228485,-5.482327,8384
135.34,-55.59717,-5,-0.3408952,-1.237191,-27.52748,-30.78829,-5.247049,-5.339815,-7.139692,8344
135.36,18.52289,-5,-0.9558735,-1.639458,-34.99313,-23.16842,-4.909649,-5.207916,-6.883495,8364
135.38,0.5150757,-5,-1.733273,-1.947418,-42.88627,-8.05477,-4.977129,-5.224651,-6.59606,8348
135.4,22.50171,-5,-2.578763,-2.15922,-46.68779,3.005274,-4.977129,-5.267142,-5.484438,8356
135.42,-9.57373,-5,-3.202067,-2.303939,-14.56565,14.59071,-5.314529,-5.485397,-3.724154,8336
135.44,-54.31726,-5,-1.757662,-1.857368,63.28171,14.09839,-5.58445,-5.475962,2.58092,8364
135.46,93.92438,-5,-0.7038772,-1.206256,47.78552,6.093495,-4.639729,-4.78222,6.82605,8392
135.48,-62.63422,-5,-0.06310967,-0.6724902,30.73208,13.47751,-4.977129,-4.658502,6.776307,8312
135.5,-138.3734,-5,0.3355361,-0.295676,17.20536,1.055082,-5.314529,-4.838749,4.766766,8328
135.52,56.04651,-5,0.6532297,-0.09588328,17.3275,-15.50767,-4.30233,-4.354972,4.277666,8340
135.54,-23.02893,-5,0.6004572,-0.09997141,-2.535107,-6.716462,-4.36981,-4.242558,2.243428,8300
135.56,-23.77246,-5,0.2826893,-0.1353343,-20.97786,-7.847017,-4.30233,-4.223717,0.4299051,8296
135.58,-16.71265,-5,-0.2321468,-0.3226186,-17.90916,-6.946404,-4.30233,-4.297661,-1.436761,8300
135.6,-26.05756,-5,-0.08558366,-0.3888251,9.113751,-6.169044,-4.36981,-4.337416,-0.9853741,8252
135.62,-26.33081,-5,0.06548899,-0.3859067,3.037414,-7.118556,-4.36981,-4.331002,-0.8245699,8272
135.64,-18.64697,-5,0.1429109,-0.3715462,4.915277,-8.020351,-4.30233,-4.285279,-0.9909226,8300
135.66,-25.31464,-5,0.1166533,-0.3807667,-2.687778,-7.763273,-4.30233,-4.278783,-1.516194,8284
135.68,-38.25043,-5,0.08812793,-0.4066586,-0.6725109,-8.204913,-4.36981,-4.327542,-2.079812,8284
135.7,-20.87628,-5,0.0740856,-0.4361712,-1.512206,-9.735473,-4.30233,-4.315338,-2.336784,8292
135.72,-22.76105,-5,0.02983324,-0.4766542,-0.6267089,-8.847954,-4.30233,-4.31739,-2.622229,8284
135.74,-23.42731,-5,0.01886678,-0.4947869,0.4419934,-8.419762,-4.30233,-4.318464,-2.701837,8280
135.76,-186.6798,-5,0.05751378,-0.6013757,2.121383,-8.690418,-5.247049,-4.882927,-4.613911,8280
135.78,38.32941,-5,0.08700746,-0.6797,0.8847416,-25.1156,-4.36981,-4.609175,-3.99729,8332
135.8,-3.305359,-5,0.0929358,-0.7921526,-2.077091,-13.28078,-4.36981,-4.480448,-3.905795,8296
135.82,-178.942,-5,-0.2067025,-0.9273543,-17.29847,-9.032235,-5.314529,-5.018423,-6.073447,8288
135.84,-95.22101,-5,-0.6594985,-1.202397,-19.87863,-22.40808,-5.314529,-5.311578,-7.620878,8344
135.86,104.4272,-5,-0.2851942,-1.267651,20.82368,-23.6621,-4.30233,-4.75311,-4.36012,8336
135.88,9.433472,-5,-0.1317847,-1.148006,4.274056,-4.904342,-4.36981,-4.499586,-2.918379,8272
135.9,-16.17761,-5,-0.3927852,-0.9586319,-21.78702,-1.236044,-4.36981,-4.424062,-2.968367,8300
135.92,-156.5934,-5,-0.9508349,-1.059377,-27.90916,0.1917233,-5.247049,-5.001693,-5.583872,8312
135.94,76.62323,-5,-0.5351876,-0.9653786,39.95346,-14.04827,-4.30233,-4.620594,-2.472635,8348
135.96,7.699951,-5,0.2257319,-0.7191232,34.70155,-2.474347,-4.30233,-4.34416,-0.0958488,8280
135.98,-253.412,-5,0.51401,-0.5359052,6.151919,-3.267413,-5.58445,-4.983993,-2.607675,8312
136,62.32581,-5,0.2977233,-0.5394671,-13.1458,-28.93457,-4.30233,-4.582791,-3.324119,8368
136.02,-49.99597,5,0.1387125,-0.7228187,-1.970221,-13.51328,-4.36981,-4.477454,-4.107929,8288
136.04,-77.62762,5,0.3029515,-0.6836376,2.121383,-15.31143,-4.36981,-4.393885,-3.407728,8288
136.06,-77.11127,5,0.1085325,-0.7715368,-8.641978,-18.66756,-4.30233,-4.353985,-4.401156,8300
136.08,-93.48706,5,0.2634343,-0.8498044,11.86185,-21.42208,-4.30233,-4.317513,-4.428575,8280
136.1,-108.0102,5,0.3358942,-0.9519791,0.1671843,-25.21406,-4.30233,-4.297062,-5.006185,8288
136.12,-286.0154,5,0.05475634,-1.299926,-18.56565,-28.68831,-5.314529,-4.94107,-8.583351,8304
136.14,-198.6906,5,-0.4136513,-1.844832,-27.61908,-47.43069,-5.314529,-5.282176,-11.10993,8352
136.16,-97.01654,5,-0.9995201,-2.518837,-33.61908,-48.94846,-4.977129,-5.264963,-11.9966,8356
136.18,-89.13013,5,-1.727336,-3.093686,-43.17634,-37.27752,-4.909649,-5.229922,-11.80137,8332
136.2,-74.54309,5,-3.060356,-3.658914,-73.49696,-24.31076,-4.909649,-5.294347,-12.0045,8336
136.22,-36.0965,5,-4.567341,-4.22464,-71.64964,-9.163835,-4.909649,-5.397443,-10.90154,8312
136.24,115.1634,5,-5.52609,-4.494504,37.15956,8.279079,-4.23485,-5.004885,-5.383189,8320
136.26,143.8986,5,-4.424691,-3.900555,45.49545,31.6368,-3.627529,-4.166896,5.645089,8284
136.28,-34.42336,5,-3.379143,-2.922259,39.22063,46.34565,-3.96493,-3.819278,11.59929,8244
136.3,-44.67705,5,-2.001306,-1.826402,66.70156,33.53365,-3.695009,-3.383554,15.62614,8288
136.32,-171.0229,5,-0.3392861,-0.918785,69.37332,18.30611,-3.96493,-3.259011,16.33402,8260
136.34,-95.18121,5,0.5041573,-0.3923827,40.91529,-7.204913,-3.357609,-2.886939,14.21643,8260
136.36,-202.4195,5,0.769657,-0.3712089,7.129018,-17.52001,-3.627529,-2.98734,9.185768,8228
136.38,-196.3192,5,0.03504917,-0.8416851,-48.67252,-32.84164,-3.695009,-3.260396,2.728166,8224
136.4,-151.656,5,-1.14684,-1.706707,-66.87101,-38.46755,-3.695009,-3.553873,-2.526923,8232
136.42,-105.091,5,-2.458828,-2.675456,-69.23742,-33.33405,-3.695009,-3.790268,-5.21965,8236
136.44,-71.11386,5,-3.922019,-3.591561,-76.26032,-20.37616,-3.762489,-4.006102,-5.941422,8248
136.46,163.5809,5,-4.923198,-4.088112,-30.58092,-4.581901,-2.61533,-3.387448,-1.186765,8248
136.48,-61.14581,5,-4.602531,-3.986913,20.80841,28.18844,-3.357609,-3.364436,4.583793,8188
136.5,-139.8614,5,-3.977744,-3.496939,21.00689,24.90813,-3.762489,-3.452638,8.532569,8236
136.52,-57.95988,5,-2.955266,-2.951629,56.09087,11.55178,-3.290129,-3.093754,12.03551,8240
136.54,38.99272,5,-1.96746,-2.36688,45.98399,7.989299,-2.345409,-2.291057,15.149,8224
136.56,-179.3141,5,-1.596733,-1.979727,14.16719,13.8677,-2.95273,-2.326527,13.34298,8168
136.58,-21.43848,5,-1.643818,-1.757133,-11.90916,-3.871835,-2.075489,-1.904146,12.18093,8232
136.6,-128.1611,5,-1.670277,-1.814099,7.251156,0.2685685,-2.345409,-1.936694,9.938218,8160
136.62,-33.08591,5,-1.458617,-1.767776,7.358026,-8.346746,-1.738089,-1.584911,10.13616,8192
136.64,-142.8181,5,-1.597273,-1.894186,-15.32901,-4.1796,-2.075489,-1.679387,7.845511,8144
136.66,-181.0784,5,-1.767457,-2.099279,-2.382435,-12.11047,-2.345409,-1.923196,5.590755,8176
136.68,-59.34518,5,-1.556524,-2.256665,8.930546,-21.76651,-1.738089,-1.647657,5.802795,8160
136.7,-91.55801,5,-1.776998,-2.478257,-16.45878,-15.17131,-1.670609,-1.517279,4.595882,8140
136.72,57.55267,5,-2.423778,-2.638764,-36.65726,-11.60741,-0.7258892,-0.9667847,4.842293,8132
136.74,-73.62778,5,-3.249341,-2.867049,-29.28321,8.39082,-1.13077,-1.04074,3.891467,8072
136.76,-128.2481,5,-2.639539,-2.692212,31.22063,6.1687,-1.40069,-1.109082,6.64012,8096
136.78,-20.87897,5,-1.814348,-2.353983,35.61758,-3.367175,-0.7258892,-0.6371367,9.35215,8120
136.8,-140.756,5,-1.391327,-2.13244,17.22062,-0.411164,-0.9958096,-0.5805923,8.560547,8068
136.82,-217.7392,5,-1.457505,-2.132789,-7.66488,-10.55469,-1.40069,-0.8639722,5.506092,8092
136.84,-228.0796,5,-1.580968,-2.417306,-1.848083,-24.76351,-1.670609,-1.210537,2.318923,8108
136.86,-29.6875,5,-1.65511,-2.72978,-14.1687,-34.65516,-0.7258892,-0.8150271,2.193876,8132
136.88,-96.48779,5,-2.206684,-3.09996,-34.26031,-19.40852,-0.7933693,-0.7327228,0.7966163,8088
136.9,-141.4891,5,-3.188161,-3.486395,-54.70306,-12.92997,-1.06329,-0.9479073,-1.025948,8068
136.92,-84.00824,5,-4.598244,-4.056474,-42.45878,-8.424,-1.06329,-1.166599,-2.354833,8076
136.94,-30.16034,5,-3.521224,-3.953675,46.35041,-3.14864,-0.7258892,-0.8121263,4.439125,8116
136.96,-84.85693,5,-3.167078,-3.681051,11.87711,4.562505,-0.7258892,-0.5767191,6.699004,8068
136.98,-8.234253,5,-3.147562,-3.374717,-7.542741,4.280722,-0.1185694,-0.1183139,8.273632,8060
137,-179.1544,5,-2.76717,-3.104977,24.27406,10.30004,-0.7258892,-0.2496935,8.417357,8060
137.02,-1.312744,5,-2.049221,-2.673122,24.24353,-5.053765,0.2863102,0.3557017,10.88084,8068
137.04,-158.6212,5,-1.721161,-2.46413,23.80078,1.450428,-0.1185694,0.3643093,9.410498,8020
137.06,-50.38361,5,-1.528862,-2.251619,2.335124,-10.60002,0.5562305,0.7417463,9.087993,8052
137.08,-141.1922,5,-1.917946,-2.369242,-14.45878,-6.475844,0.2863102,0.6452283,6.020883,8028
137.1,-196.1653,5,-1.79015,-2.474452,4.274056,-13.53897,-0.05108929,0.4009029,4.641942,8008
137.12,-36.06183,5,-2.054143,-2.680584,-18.29084,-22.63017,0.6911907,0.6875138,3.914062,8020
137.14,-79.13147,5,-2.752807,-3.032966,-36.82519,-10.18644,0.6237106,0.6965352,2.368543,7992
137.16,27.5697,5,-3.263292,-3.186944,-9.725948,-4.399594,1.23103,1.045536,3.84502,7988
137.18,-141.4351,5,-2.688544,-3.03656,29.54124,8.003456,0.6237106,0.956919,6.086961,7952
137.2,-29.00195,5,-2.40607,-2.751323,23.63284,-1.608469,1.23103,1.311852,7.715611,7980
137.22,-145.7133,5,-1.850122,-2.520005,20.93055,1.366439,0.89363,1.307805,7.799971,7960
137.24,-27.07764,5,-1.900654,-2.37142,-11.43587,-8.065714,1.568431,1.65982,7.409719,7972
137.26,118.9869,5,-1.864828,-2.192529,1.724437,-2.051426,2.71559,2.481152,9.110716,7952
137.28,-119.4667,5,-1.938679,-2.014032,-0.962587,16.58304,1.97331,2.376386,8.143618,7868
137.3,1.292603,5,-1.450165,-1.615253,34.13666,3.389549,2.64811,2.76978,9.87024,7924
137.32,-143.5564,5,-0.8564399,-1.36569,23.64811,4.657074,2.175751,2.682126,8.874268,7880
137.34,10.61609,5,-0.9770127,-1.256885,-8.764117,-8.462375,2.985511,3.051024,7.724522,7912
137.36,-102.0875,5,-0.9389704,-1.304039,1.342757,-1.866357,2.64811,2.980033,5.997711,7872
137.38,-142.9766,5,-1.435833,-1.517347,-14.56565,-7.380727,2.31071,2.659851,3.011035,7900
137.4,-4.900635,5,-1.314173,-1.658664,1.174818,-15.36037,2.918031,2.89992,3.695024,7884
137.42,140.7385,5,-1.792688,-1.778917,-24.33664,-4.730441,3.93023,3.564635,4.71302,7864
137.44,-4.201294,5,-2.121868,-1.735419,-7.848085,17.94345,3.592831,3.648772,5.404124,7780
137.46,-72.97778,5,-1.545787,-1.370736,35.52598,16.23302,3.32291,3.614968,7.4446,7832
137.48,11.95544,5,-0.7167841,-0.9268094,40.213,5.568724,3.86275,3.993829,9.380176,7832
137.5,-93.01831,5,-0.2175682,-0.6433666,12.64047,5.285625,3.592831,4.000329,8.238253,7800
137.52,-148.447,5,-0.3012534,-0.6293247,-3.43587,-5.382524,3.25543,3.720721,4.872672,7824
137.54,66.18982,5,-0.1292863,-0.6499096,5.663369,-18.23929,4.335111,4.222356,4.995988,7828
137.56,-8.417358,5,-0.646926,-0.8525977,-29.0542,-3.394868,4.267631,4.318223,2.915383,7792
137.58,-59.44421,5,-1.262255,-1.039489,-11.25267,0.8141055,3.99771,4.129927,1.316811,7792
137.6,-140.5511,5,-0.3600675,-0.9409652,32.59467,-4.798157,3.525351,3.897984,2.712336,7812
137.62,103.936,5,-0.5646862,-0.9399761,-9.252666,-15.56174,4.73999,4.469352,2.810553,7808
137.64,18.08899,5,-0.8820986,-1.013875,-18.51984,3.026582,4.67251,4.637778,2.309537,7752
137.66,-11.151,5,-1.177703,-0.9588313,-6.809917,7.587782,4.60503,4.647233,2.387746,7764
137.68,-97.36218,5,-0.4442756,-0.7247115,32.44201,5.021935,4.20015,4.505555,3.647644,7764
137.7,-52.14294,5,-0.3842937,-0.6499501,10.07558,-5.526604,4.335111,4.494698,2.555386,7780
137.72,-55.24048,5,-0.2299722,-0.680401,-0.06182348,-8.463531,4.335111,4.482802,1.765839,7768
137.74,-47.6709,5,-0.6120504,-0.856834,-20.53511,-9.448396,4.335111,4.413194,0.005634576,7792
137.76,121.2721,5,-0.7237757,-0.898445,-4.382436,-8.62228,5.27983,4.945731,1.623229,7780
137.78,60.69263,5,-0.8525004,-0.8196772,-9.512208,9.417694,5.34731,5.225463,2.716635,7708
137.8,20.00049,5,-0.649309,-0.5090221,15.35803,14.52019,5.34731,5.384019,4.256409,7720
137.82,-263.9226,5,0.4389161,-0.1407396,44.90002,9.576136,3.93023,4.715035,3.579907,7696
137.84,55.55225,5,0.8176073,0.06453317,23.75498,-23.12804,5.27983,5.194659,3.218818,7792
137.86,-14.75806,5,0.8792409,-0.02768396,-1.878618,-12.72683,5.27983,5.35653,1.20593,7712
137.88,-41.68726,5,0.2846955,-0.1853449,-22.91679,-11.03941,5.21235,5.28724,-1.441471,7724
137.9,-33.57251,5,0.5631701,-0.2035101,12.70154,-13.59521,5.27983,5.328629,-1.27017,7720
137.92,-31.73206,5,0.120691,-0.3757197,-13.48168,-12.99302,5.27983,5.274977,-3.214347,7712
137.94,-28.14294,5,0.07140709,-0.4902046,-2.397702,-12.26085,5.27983,5.252648,-3.361512,7704
137.96,-26.12451,5,-0.01692405,-0.5750234,-9.2832,-11.12726,5.27983,5.240651,-3.541212,7716
137.98,-193.739,5,-0.2668485,-0.7988713,-10.15343,-9.711328,4.267631,4.6024,-6.00128,7712
138,62.84155,5,-0.229676,-0.9085327,-0.5809073,-25.43332,5.27983,4.944817,-4.485948,7768
138.02,16.62976,5,-0.4089233,-1.055465,-14.56565,-9.312697,5.27983,5.095399,-4.136296,7720
138.04,24.86499,5,-1.199293,-1.166358,-37.95496,-0.6390291,5.34731,5.131862,-4.370504,7736
138.06,-220.7738,5,-0.7420292,-1.128112,38.01453,3.897567,3.99771,4.436126,-4.024142,7728
138.08,31.15881,5,-0.3433793,-0.9915289,11.54123,-18.86096,4.94243,4.744519,-2.046718,7796
138.1,-12.11951,5,-0.2364398,-1.00729,1.892376,-8.811419,4.94243,4.88453,-1.99406,7744
138.12,-27.99304,5,-0.4257967,-0.9669217,-17.83282,-5.923696,4.94243,4.923637,-2.183825,7752
138.14,-111.213,5,-0.04156797,-0.8553135,17.05269,-7.073383,4.53755,4.743805,-2.053494,7748
138.16,-75.75049,5,0.05364612,-0.8324677,-3.420603,-16.53327,4.60503,4.692228,-2.876469,7764
138.18,-69.93677,5,0.03957763,-0.9327688,-1.619076,-19.16461,4.60503,4.648218,-3.914582,7768
138.2,13.62354,5,-0.4595922,-1.123491,-27.86336,-18.49352,5.009911,4.805217,-4.701375,7756
138.22,-5.953369,5,-1.176641,-1.376337,-22.76412,-7.219327,4.94243,4.769286,-5.351029,7740
138.24,-56.17236,5,-1.365212,-1.472867,-8.336635,-1.220763,4.60503,4.578165,-4.389013,7748
138.26,-22.8219,5,-1.089792,-1.389019,13.40383,-3.199245,4.67251,4.607065,-2.241033,7744
138.28,124.366,5,-0.9446725,-1.187938,3.098483,-1.272619,5.54975,5.179088,0.5940934,7756
138.3,61.68616,5,-0.8894595,-0.9007409,4.41146,14.70806,5.61723,5.487511,2.328234,7716
138.32,25.01465,5,-0.7574502,-0.5050246,11.40383,18.50605,5.61723,5.633596,3.659642,7708
138.34,-54.78845,5,0.2367883,0.01556824,52.30461,13.87557,5.34731,5.634521,5.355764,7688
138.36,-72.08923,5,0.872871,0.378697,26.86948,0.5910807,5.27983,5.603785,4.437402,7716
138.38,-10.44043,5,1.033921,0.4784435,3.648101,-10.36577,5.61723,5.734788,2.559672,7712
138.4,-24.40149,5,0.7408221,0.3371754,-17.46641,-10.42639,5.61723,5.706231,-0.07041866,7720
138.42,-189.8511,5,0.3099946,-0.01057448,-24.82519,-10.83316,4.60503,5.016135,-4.00398,7704
138.44,-102.0166,5,0.2432883,-0.3753521,0.07558119,-27.59146,4.60503,4.708623,-5.395721,7776
138.46,-56.95239,5,0.1714796,-0.7860168,-8.443505,-29.54293,4.67251,4.62325,-6.19321,7772
138.48,5.447998,5,-0.4788795,-1.190155,-39.14581,-24.01664,4.94243,4.697815,-6.984596,7776
138.5,-0.5253906,5,-1.463557,-1.596923,-45.64962,-10.77294,4.87495,4.618668,-7.642843,7756
138.52,-43.08057,5,-1.34727,-1.65608,4.41146,-3.104863,4.60503,4.514615,-5.090264,7744
138.54,140.6262,5,-1.056226,-1.405154,17.48017,-2.908216,5.61723,5.155709,-0.8444065,7776
138.56,-179.939,5,-0.6981098,-1.164226,18.5794,14.07074,4.267631,4.685366,-1.021594,7692
138.58,65.19641,5,-0.6427253,-0.8749646,7.174821,-6.855921,5.27983,5.066402,0.3528616,7808
138.6,-51.07043,5,0.3238793,-0.5668113,51.0527,0.7171941,5.009911,5.174623,1.939871,7704
138.62,-76.71045,5,0.4569017,-0.3384771,2.457261,-6.519077,4.94243,5.150637,0.5547317,7740
138.64,-46.03723,5,-0.09077066,-0.4674978,-30.2603,-12.01664,5.009911,5.057381,-2.339273,7768
138.66,-45.07971,5,0.2203813,-0.5185006,11.19009,-13.61745,5.009911,5.054246,-1.977185,7756
138.68,-40.29395,5,-0.08740212,-0.6632743,-17.92443,-13.55667,5.009911,5.007715,-3.302381,7728
138.7,-40.34229,5,-0.4552718,-0.8605628,-4.474039,-11.82455,4.94243,4.90776,-4.210625,7740
138.72,-32.84741,5,-0.3538019,-0.9289947,0.7015356,-11.03119,4.94243,4.900981,-3.40643,7736
138.74,-17.22217,5,-0.5284048,-0.9941681,-4.626711,-9.133671,5.009911,4.929222,-3.356015,7764
138.76,-23.45032,5,-0.4584665,-0.9749987,0.3503905,-6.536705,5.009911,4.965652,-2.598029,7736
138.78,-48.22424,5,-0.5446622,-0.9691834,-2.046557,-5.202759,4.87495,4.895106,-2.719162,7752
138.8,-26.80701,5,-0.4984236,-0.9410864,0.9152762,-6.942568,4.94243,4.914441,-2.258611,7744
138.82,-16.04883,5,-0.5199004,-0.9273986,0.5183294,-5.82199,5.009911,4.96336,-1.965989,7748
138.84,-33.19714,5,-0.5258104,-0.9029303,-1.787015,-3.995359,4.94243,4.948468,-1.759838,7744
138.86,-30.72583,5,-0.4869575,-0.8619468,2.106116,-4.643956,4.94243,4.949059,-1.471005,7748
138.88,-41.83459,5,-0.4490275,-0.8392458,1.999246,-4.968751,4.87495,4.912548,-1.450347,7736
138.9,-24.71582,5,-0.4362935,-0.8252782,-0.8251827,-6.317506,4.94243,4.936856,-1.328471,7748
138.92,-5.006714,5,-0.4178355,-0.8012784,0.5335966,-5.490087,5.077391,5.031111,-0.9635,7756
138.94,-28.58313,5,-0.4345842,-0.7730908,-0.4129688,-2.923628,5.009911,5.03091,-0.9363827,7756
138.96,-28.52576,5,-0.3958689,-0.7260186,1.022146,-3.737614,5.009911,5.034472,-0.7831752,7748
138.98,-41.59448,5,-0.3063295,-0.6906846,4.5794,-4.593986,4.94243,5.002288,-0.8088593,7748
139,-37.99121,5,-0.2508451,-0.6756544,-0.4282355,-6.666663,4.94243,4.988149,-0.9722514,7756
139.02,-48.31287,5,-0.2332778,-0.6971679,1.052681,-7.759924,4.87495,4.937059,-1.382074,7768
139.04,-29.4436,5,-0.290689,-0.7432166,-1.374801,-9.309974,4.94243,4.943837,-1.684042,7748
139.06,-32.34192,5,-0.2775763,-0.7775006,-0.09235785,-8.480104,4.94243,4.95036,-1.71468,7756
139.08,-22.66968,5,-0.2904407,-0.78699,-1.054191,-8.163737,5.009911,4.993765,-1.660636,7764
139.1,-41.23389,5,-0.2755952,-0.7867662,-0.09235785,-7.05992,4.94243,4.974445,-1.763854,7756
139.12,-38.64404,5,-0.2844256,-0.7886476,0.07558119,-8.178855,4.94243,4.962256,-1.923552,7756
139.14,-37.21387,5,-0.2883781,-0.8053434,-0.03128911,-8.644973,4.94243,4.95404,-2.069153,7748
139.16,-36.93616,5,-0.282172,-0.8204185,-0.4129688,-8.833001,4.94243,4.950919,-2.137424,7752
139.18,-37.52185,5,-0.2689851,-0.8296992,0.1061156,-8.977933,4.94243,4.951,-2.187697,7760
139.2,-38.07141,5,-0.2710647,-0.8397486,0.09084838,-9.129967,4.94243,4.949733,-2.290541,7764
139.22,-38.84204,5,-0.2566315,-0.8457278,-0.2755641,-9.338838,4.94243,4.950044,-2.349799,7756
139.24,-40.00464,5,-0.2332451,-0.8478045,0.1671843,-9.63817,4.94243,4.9516,-2.413281,7744
139.26,-40.49304,5,-0.2428966,-0.8583003,-0.01602192,-9.925184,4.94243,4.948569,-2.580697,7744
139.28,-29.12988,5,-0.2441235,-0.862906,-0.183961,-10.13907,5.009911,4.986224,-2.557994,7736
139.3,-46.58496,5,-0.236418,-0.8675349,-0.183961,-9.189446,4.94243,4.962723,-2.699588,7732
139.32,-43.72363,5,-0.2364859,-0.8712367,0.01451245,-10.32775,4.94243,4.950381,-2.828094,7740
139.34,-30.60132,5,-0.2471258,-0.8830963,-0.4435031,-10.7316,5.009911,4.982134,-2.850132,7744
139.36,-35.26404,5,-0.2595972,-0.8908818,-0.7793808,-9.635422,5.009911,4.995143,-2.866973,7732
139.38,-48.38843,5,-0.2817077,-0.8986871,-0.3671672,-9.335562,4.94243,4.958044,-3.028572,7736
139.4,-43.31543,5,-0.2862119,-0.9102714,-0.2144953,-10.447,4.94243,4.940802,-3.096214,7732
139.42,-52.46362,5,-0.3007844,-0.9411134,-1.420603,-10.64461,4.87495,4.89121,-3.301981,7736
139.44,-33.86218,5,-0.3381608,-0.972178,-2.061824,-11.54742,4.94243,4.907087,-3.289071,7744
139.46,-35.94556,5,-0.3716932,-0.9994827,-1.43587,-10.15334,4.94243,4.914351,-3.233765,7716
139.48,-48.65686,5,-0.3836759,-1.009611,0.01451245,-9.428641,4.87495,4.880615,-3.21218,7724
139.5,-32.6311,5,-0.3743806,-1.003986,-0.5656406,-10.23751,4.94243,4.909863,-2.999036,7740
139.52,-13.72095,5,-0.358374,-0.9792506,0.1671843,-9.156502,5.077391,5.00765,-2.589862,7744
139.54,-60.73706,5,-0.3799151,-0.9648182,0.3503905,-6.537381,4.87495,4.927578,-2.821242,7756
139.56,135.8539,5,-0.3702669,-0.8234827,1.892376,-9.178864,5.95463,5.541743,-0.6566573,7752
139.58,-118.4943,5,-0.3976755,-0.7542689,-1.680145,8.63429,4.94243,5.204825,-1.63709,7656
139.6,99.75842,5,-0.1905878,-0.4722014,17.66337,-5.589833,5.95463,5.682384,0.6103889,7732
139.62,25.74231,5,0.3786379,-0.1755399,19.54124,5.132691,5.95463,5.94734,1.994586,7648
139.64,-9.244507,5,0.07079813,0.003873967,-14.01603,5.74726,5.887151,5.948903,0.6028936,7664
139.66,-14.56018,5,0.911123,0.338186,44.48781,-0.1931586,5.95463,6.071184,2.085657,7672
139.68,-33.16052,5,1.163481,0.5201694,3.403826,-5.520084,5.95463,6.10254,0.7594434,7716
139.7,-36.45813,5,1.1319,0.5252824,-0.06182348,-10.83425,5.95463,6.060661,-1.248081,7668
139.72,-206.5841,5,1.094209,0.3126265,-6.09236,-14.95572,4.94243,5.396947,-4.886603,7688
139.74,-104.3334,5,0.8219442,-0.07674983,-13.329,-33.92462,5.009911,5.088555,-7.578464,7740
139.76,-78.46423,5,0.5400538,-0.5987475,-19.0542,-35.22591,4.94243,4.887798,-9.382992,7728
139.78,15.44263,5,-0.3633354,-1.137903,-48.45879,-30.32508,5.27983,4.928276,-10.50745,7748
139.8,-138.5845,5,-1.332381,-1.709177,-36.99313,-14.68911,4.335111,4.328714,-12.30013,7740
139.82,98.28638,5,-1.297662,-1.821979,3.831308,-19.64435,5.27983,4.725859,-7.91599,7776
139.84,39.88354,5,-1.084917,-1.713,3.983979,0.3086951,5.27983,4.993312,-4.64715,7708
139.86,30.13354,5,-1.433891,-1.489164,-9.390071,8.824819,5.34731,5.137601,-3.15424,7732
139.88,-62.04614,5,-0.8753246,-1.115056,45.20537,11.47855,4.94243,5.044897,-0.8570497,7712
139.9,121.9132,5,-0.2958444,-0.6235262,26.71681,2.391881,5.95463,5.666041,2.43447,7740
139.92,36.1687,5,0.1570644,-0.1826095,21.54124,13.44597,5.95463,5.962609,3.550572,7668
139.94,7.217896,5,0.06628532,0.1531368,-2.199229,12.39995,5.95463,6.034166,2.800421,7684
139.96,-78.5155,5,1.105459,0.5733695,49.77026,5.153937,5.61723,5.952978,3.611858,7676
139.98,-245.0957,5,1.513155,0.6531235,14.02979,-10.057,4.60503,5.282049,-0.4720093,7696
140,-164.2035,5,1.365056,0.3051772,-4.90152,-36.4678,4.53755,4.849503,-5.076594,7744
140.02,133.699,5,0.9623419,-0.1786935,-26.26031,-43.89898,5.95463,5.437583,-5.789905,7760
140.04,-123.9065,5,-0.05073148,-0.7866017,-56.6878,-15.78431,4.87495,4.958864,-9.33973,7668
140.06,-25.47925,5,-1.37688,-1.320607,-58.50459,-18.72793,4.94243,4.680999,-10.79453,7752
140.08,-21.7572,5,-0.70831,-1.424375,19.26643,-12.98659,4.87495,4.694527,-6.66926,7736
140.1,-10.06897,5,-0.7721412,-1.408099,-14.36717,-8.56022,4.94243,4.775836,-5.364357,7744
140.12,-1.009399,5,-1.454056,-1.507009,-9.359536,-2.119761,4.94243,4.745717,-5.608224,7748
140.14,-24.88062,5,-1.131397,-1.382783,20.09085,1.947747,4.80747,4.736628,-2.984541,7752
140.16,181.0391,5,-1.179411,-1.132385,5.907644,2.85902,5.95463,5.433478,0.3267507,7748
140.18,-151.8669,5,-0.6002567,-0.8018144,22.07559,21.8101,4.60503,5.019944,1.091053,7656
140.2,87.34009,5,-0.5270106,-0.4329609,13.48017,0.8842171,5.61723,5.42256,2.480695,7788
140.22,0.8884277,5,0.5972782,-0.01165152,52.1672,7.406178,5.54975,5.673648,4.69902,7688
140.24,-15.97485,5,0.6045395,0.2746983,-0.1992282,2.96316,5.61723,5.76623,3.186749,7700
140.26,-10.32422,5,0.0234306,0.2109476,-18.06183,0.2878799,5.61723,5.676792,0.3653221,7720
140.28,-8.040527,5,0.3601426,0.231298,17.05269,-2.050517,5.61723,5.675364,0.9183315,7708
140.3,11.78394,5,0.004941911,0.1199072,-11.84809,-2.14292,5.684711,5.659547,-0.3346165,7716
140.32,9.373779,5,0.0891365,0.08770742,5.434361,-0.4916209,5.684711,5.672503,0.08489109,7692
140.34,-4.191406,5,0.06692955,0.07463008,-2.199229,0.4029461,5.61723,5.63895,-0.05600367,7700
140.36,7.939087,5,0.2218712,0.1199702,4.762606,-0.874984,5.684711,5.684386,0.3402175,7728
140.38,-9.782959,5,0.2371649,0.1342858,-0.07709067,-0.573693,5.61723,5.657861,-0.05313621,7700
140.4,-20.69678,5,0.3511069,0.1563057,1.877109,-2.578825,5.54975,5.612238,-0.2902762,7744
140.42,-3.353394,5,0.3554081,0.1409005,0.6862684,-4.998846,5.61723,5.621742,-0.7322356,7708
140.44,-6.897339,5,0.3892261,0.1171013,-0.1381594,-4.969317,5.61723,5.623806,-1.036606,7724
140.46,-18.97839,5,0.3373088,0.07484949,-1.54274,-5.167108,5.54975,5.572556,-1.623174,7712
140.48,-2.615723,5,0.3639874,0.05042586,0.2435202,-6.589176,5.61723,5.591261,-1.727641,7728
140.5,5.600342,5,0.341947,0.02742306,-0.3824344,-5.783629,5.684711,5.634993,-1.860687,7716
140.52,-12.05225,5,0.3025159,0.009912506,-2.290832,-4.320799,5.61723,5.608207,-2.137868,7716
140.54,-9.514771,5,0.3286721,0.01315475,0.7931387,-5.227502,5.61723,5.598659,-2.187628,7728
140.56,-20.30298,5,0.3453775,0.0008820668,-0.3519,-5.652143,5.54975,5.552746,-2.466054,7732
140.58,-3.339478,5,0.3620083,-0.008510955,-0.2144953,-7.05388,5.61723,5.572158,-2.525145,7728
140.6,4.488892,5,0.3800378,-0.00921946,-0.2602969,-6.305825,5.684711,5.62183,-2.479303,7696
140.62,-13.1123,5,0.333499,-0.01530781,-0.7641136,-4.893166,5.61723,5.595733,-2.754447,7724
140.64,-9.976929,5,0.3498961,-0.007683724,1.052681,-5.792254,5.61723,5.58495,-2.78728,7704
140.66,-19.71594,5,0.3441016,-0.02216137,0.1366499,-6.072778,5.54975,5.536366,-3.051927,7724
140.68,-1.819824,5,0.3477107,-0.03280155,-0.596175,-7.226518,5.61723,5.554918,-3.035362,7744
140.7,-17.01245,5,0.3778045,-0.04171363,0.04504682,-6.309014,5.54975,5.526766,-3.123222,7720
140.72,-13.26831,5,0.3725788,-0.04731918,-0.9931214,-7.219852,5.54975,5.512367,-3.254467,7736
140.74,-0.7230225,5,0.4040752,-0.04398047,0.8389403,-7.524446,5.61723,5.549084,-3.162974,7732
140.76,-5.494263,5,0.3867534,-0.04213186,-0.07709067,-6.402165,5.61723,5.561697,-3.245513,7716
140.78,-18.80981,5,0.3892961,-0.03614998,-0.4587703,-6.176966,5.54975,5.525919,-3.389792,7740
140.8,-2.701538,5,0.4144808,-0.02371748,0.3961921,-7.430254,5.61723,5.551388,-3.325601,7748
140.82,-5.884277,5,0.4092477,-0.02279622,-0.3977011,-6.612966,5.61723,5.55974,-3.401257,7748
140.84,-6.808472,5,0.4026425,-0.01485486,-0.2908313,-6.371897,5.61723,5.561737,-3.428005,7744
140.86,5.318237,5,0.3824741,-0.004182339,0.5030622,-6.209994,5.684711,5.599498,-3.35136,7744
140.88,-10.72314,5,0.3733282,0.004209161,-0.1992282,-4.870094,5.61723,5.57476,-3.405253,7728
140.9,-18.24255,5,0.3739796,0.009944335,-0.2297625,-5.627117,5.54975,5.522995,-3.517914,7752
140.92,-11.41174,5,0.4078892,0.008552305,1.098482,-6.994479,5.54975,5.503281,-3.519759,7764
140.94,3.326172,5,0.3936091,-0.001317173,-1.054191,-7.130719,5.61723,5.532723,-3.483011,7740
140.96,10.23132,5,0.4133187,0.01549619,0.4267263,-5.77353,5.684711,5.590873,-3.207748,7732
140.98,2.703369,5,0.4156798,0.05097857,0.7778715,-4.187337,5.684711,5.617205,-3.082753,7724
141,-23.9729,5,0.4585645,0.08645317,2.793139,-4.091813,5.54975,5.550654,-3.22087,7720
141.02,8.525269,5,0.4946557,0.1171686,0.3656577,-6.787342,5.684711,5.600916,-3.103046,7712
141.04,-8.623169,5,0.4651857,0.1071733,-2.000756,-5.209209,5.61723,5.574817,-3.374312,7696
141.06,6.372314,5,0.4707173,0.1202901,1.144284,-5.890418,5.684711,5.604519,-3.237168,7716
141.08,-8.012939,5,0.4383228,0.1140905,-1.298465,-4.738706,5.61723,5.572249,-3.413573,7712
141.1,-16.11975,5,0.4885022,0.1228499,0.8542075,-5.621783,5.54975,5.52448,-3.418164,7704
141.12,-8.919312,5,0.4790285,0.1084703,-0.1992282,-6.986678,5.54975,5.499609,-3.596644,7708
141.14,16.8501,5,0.4998615,0.108208,-0.2908313,-7.17908,5.684711,5.572527,-3.344328,7708
141.16,-4.925781,5,0.5026845,0.1171364,0.3809245,-4.740823,5.61723,5.56587,-3.367199,7672
141.18,-3.854248,5,0.5122777,0.1434834,1.373291,-5.360569,5.61723,5.562939,-3.356633,7716
141.2,-3.240112,5,0.534557,0.1590658,-0.3213652,-5.733056,5.61723,5.560989,-3.395961,7712
141.22,9.574707,5,0.5127675,0.1665473,0.02977964,-5.815272,5.684711,5.595222,-3.385723,7704
141.24,-18.20789,5,0.5236795,0.1673991,-0.8709843,-4.661194,5.54975,5.53044,-3.567534,7716
141.26,13.38647,5,0.5548038,0.1889195,0.4267263,-6.755063,5.684711,5.585322,-3.343165,7712
141.28,-5.030518,5,0.5448533,0.1863549,-1.252663,-4.937475,5.61723,5.565853,-3.504833,7700
141.3,-2.32959,5,0.5500463,0.1984012,1.800773,-5.612663,5.61723,5.557434,-3.505472,7708
141.32,-0.7579346,5,0.5518709,0.1999742,-1.038923,-5.788229,5.61723,5.552155,-3.558822,7704
141.34,-0.1506348,5,0.5645727,0.2039613,0.8084057,-5.785973,5.61723,5.550858,-3.551239,7700
141.36,12.42725,5,0.5403455,0.2088754,-0.7030448,-5.613462,5.684711,5.587073,-3.48846,7712
141.38,-4.045776,5,0.5510361,0.21956,-0.09235785,-4.288752,5.61723,5.564778,-3.492145,7708
141.4,0.0177002,5,0.5359894,0.2295121,0.3961921,-5.021729,5.61723,5.552131,-3.531799,7728
141.42,2.542969,5,0.5290492,0.2282552,-0.8709843,-5.066116,5.61723,5.545063,-3.539357,7712
141.44,3.511719,5,0.5432279,0.2341107,0.5183294,-4.883995,5.61723,5.5449,-3.448708,7716
141.46,4.769653,5,0.5126575,0.2338886,-0.4282355,-4.558019,5.61723,5.541383,-3.46945,7720
141.48,5.393188,5,0.5255385,0.2444529,-0.03128911,-4.254313,5.61723,5.543104,-3.339246,7720
141.5,-5.707275,5,0.5244915,0.2490613,0.1061156,-4.007253,5.54975,5.503722,-3.407758,7724
141.52,23.81226,5,0.5089116,0.2605114,-0.2144953,-4.855291,5.684711,5.565456,-3.171752,7704
141.54,3.693604,5,0.5361037,0.2787474,0.2893218,-2.548113,5.61723,5.557786,-3.050919,7704
141.56,5.756104,5,0.5321183,0.3075708,1.999246,-3.037443,5.61723,5.553622,-2.997303,7712
141.58,18.38635,5,0.557844,0.3371365,0.7626044,-3.207028,5.684711,5.593837,-2.79116,7700
141.6,-9.072388,5,0.5499047,0.3457689,0.1824515,-2.062555,5.54975,5.52821,-3.003026,7720
141.62,23.65808,5,0.5565251,0.3662601,0.6710012,-4.044215,5.684711,5.579797,-2.775176,7712
141.64,-6.331787,5,0.5762185,0.36665,-0.2908313,-2.160674,5.54975,5.523865,-2.910642,7712
141.66,13.88171,5,0.5548729,0.3742006,1.159551,-3.842675,5.61723,5.536353,-2.869878,7712
141.68,11.86316,5,0.5860358,0.3805908,-0.04655629,-3.013134,5.61723,5.546142,-2.753686,7696
141.7,23.3833,5,0.5496382,0.3933987,0.3351234,-2.51779,5.684711,5.58672,-2.648364,7708
141.72,-4.583374,5,0.5482824,0.4020061,-0.8251827,-1.069098,5.54975,5.524522,-2.757862,7700
141.74,16.27832,5,0.5518938,0.4178092,0.304589,-2.91556,5.61723,5.537565,-2.631304,7712
141.76,14.72485,5,0.5723258,0.4248888,0.3351234,-2.091388,5.61723,5.545915,-2.53372,7712
141.78,-8.869995,5,0.565529,0.4230568,0.5335966,-1.727684,5.48227,5.468156,-2.748319,7712
141.8,36.20728,5,0.5951618,0.4432186,1.190086,-3.888112,5.684711,5.558575,-2.36574,7724
141.82,24.19861,5,0.5975485,0.460417,0.2587874,-0.7697952,5.684711,5.599262,-2.232824,7704
141.84,-3.592896,5,0.588719,0.4879143,1.296956,0.0580008,5.54975,5.535199,-2.380547,7708
141.86,14.36523,5,0.7319853,0.5451626,7.266424,-2.65415,5.61723,5.562172,-2.051611,7720
141.88,10.30469,5,0.7867979,0.5712086,1.388559,-2.815788,5.61723,5.572759,-2.208175,7704
141.9,9.453613,5,0.7685385,0.5759044,0.8542075,-3.273142,5.61723,5.567912,-2.504789,7720
141.92,21.32849,5,0.7755215,0.5810636,-0.1228922,-3.661064,5.684711,5.602891,-2.538127,7720
141.94,-7.251038,5,0.7942225,0.5762582,0.6251997,-2.834536,5.54975,5.536952,-2.855374,7696
141.96,13.38824,5,0.7847484,0.5686384,0.304589,-5.117035,5.61723,5.543122,-3.000141,7716
141.98,23.03796,5,0.8094295,0.5619267,-0.1686933,-4.599787,5.684711,5.587661,-2.942563,7708
142,17.40875,5,0.7710798,0.5606166,-0.2602969,-3.157816,5.684711,5.601947,-3.043496,7708
142.02,3.351318,5,0.7931883,0.5739424,0.3351234,-2.874396,5.61723,5.570045,-3.116025,7712
142.04,-4.079407,5,0.8197455,0.5756665,0.8847416,-4.219091,5.54975,5.515348,-3.344513,7712
142.06,3.534058,5,0.81593,0.5518559,-0.2755641,-5.84201,5.54975,5.486759,-3.59416,7720
142.08,6.6427,5,0.8202157,0.5212612,-0.09235785,-6.160083,5.54975,5.474072,-3.723593,7712
142.1,19.7934,5,0.7904238,0.4994441,0.04504682,-5.932448,5.61723,5.506298,-3.72258,7724
142.12,14.52167,5,0.8005974,0.5014142,-0.1381594,-4.491039,5.61723,5.524231,-3.626285,7720
142.14,12.39984,5,0.7907166,0.5161381,0.2435202,-4.038153,5.61723,5.530898,-3.623728,7708
142.16,11.74933,5,0.8009301,0.5335546,0.2740546,-3.985235,5.61723,5.533637,-3.607642,7716
142.18,12.21368,5,0.7909886,0.5427439,0.01451245,-3.978895,5.61723,5.531641,-3.655633,7728
142.2,24.64008,5,0.786238,0.5565905,-0.01602192,-3.882748,5.684711,5.569957,-3.521462,7720
142.22,8.434326,5,0.7844746,0.5683727,0.07558119,-2.58066,5.61723,5.546391,-3.556907,7708
142.24,1.108765,5,0.7735703,0.5723478,0.09084838,-3.340021,5.54975,5.493299,-3.702351,7724
142.26,20.13715,5,0.7892483,0.5730082,0.2282531,-4.601993,5.61723,5.511649,-3.588075,7720
142.28,41.24756,5,0.7778989,0.5838447,-0.107625,-3.421813,5.752191,5.600629,-3.279621,7708
142.3,18.16516,5,0.7698078,0.6132826,-0.107625,-0.5075381,5.684711,5.60115,-3.1688,7716
142.32,7.568115,5,0.7811566,0.652011,0.1213828,-0.9708989,5.61723,5.561624,-3.169931,7720
142.34,13.47156,5,0.8228966,0.675701,3.11375,-2.478434,5.61723,5.545931,-3.14521,7704
142.36,16.2691,5,0.83099,0.6775891,-0.6419765,-2.899057,5.61723,5.537253,-3.206041,7732
142.38,28.95929,5,0.8435915,0.6873727,0.1366499,-2.90859,5.684711,5.575163,-3.058104,7744
142.4,13.01154,5,0.8247422,0.6902425,-0.3977011,-1.593115,5.61723,5.548951,-3.16973,7716
142.42,51.66638,5,0.8284692,0.7246134,-0.03128911,-2.267341,5.819671,5.659549,-2.737845,7736
142.44,2.224487,5,0.8503523,0.7484756,1.144284,1.043338,5.61723,5.589752,-2.88535,7716
142.46,13.48743,5,0.8295515,0.7686355,-0.6877776,-1.685057,5.61723,5.553087,-3.015193,7720
142.48,28.5871,5,0.9255683,0.7881429,7.205354,-2.6413,5.684711,5.587136,-2.762407,7724
142.5,11.96802,5,0.9539121,0.7980452,-1.939687,-1.868985,5.61723,5.562717,-2.909414,7724
142.52,3.259277,5,0.9800991,0.8017391,0.5946653,-3.150721,5.54975,5.510714,-3.163644,7732
142.54,22.87671,5,0.9408078,0.7768505,-0.9778546,-4.716722,5.61723,5.518438,-3.390908,7596
142.56,20.64075,5,0.9579987,0.7587792,-0.5351062,-3.829801,5.61723,5.524746,-3.388383,7736
142.58,20.07965,5,0.9243036,0.7485706,-0.7641136,-3.357857,5.61723,5.524043,-3.48159,7728
142.6,31.20325,5,0.9400591,0.7610525,0.1061156,-3.130395,5.684711,5.566988,-3.299005,7720
142.62,26.01685,5,0.9249053,0.7763752,-0.1228922,-1.804843,5.684711,5.583605,-3.282296,7728
142.64,0.8967896,5,0.9383382,0.7891856,-0.01602192,-1.5463,5.54975,5.510633,-3.473139,7708
142.66,23.13623,5,0.9394147,0.7918274,-0.07709067,-3.884015,5.61723,5.515901,-3.495491,7728
142.68,34.16736,5,0.9385316,0.7861536,-1.145793,-3.150555,5.684711,5.558091,-3.389134,7700
142.7,16.52289,5,0.9492164,0.7964219,0.8084057,-1.613755,5.61723,5.539541,-3.376768,7712
142.72,30.68414,5,0.9682474,0.8251591,1.11375,-2.416508,5.684711,5.573327,-3.219781,7708
142.74,14.45648,5,1.000535,0.8440913,0.8847416,-1.648208,5.61723,5.549316,-3.293395,7692
142.76,17.5744,5,1.030862,0.8634223,1.648101,-2.879291,5.61723,5.539053,-3.348168,7732
142.78,30.85529,5,1.03491,0.8700363,-0.8099151,-3.363544,5.684711,5.571451,-3.364092,7704
142.8,15.1972,5,1.022838,0.8659828,0.09084838,-2.32687,5.61723,5.542087,-3.548139,7700
142.82,19.40057,5,1.018331,0.8655525,0.1213828,-3.20625,5.61723,5.527459,-3.623098,7704
142.84,21.68036,5,1.012118,0.8552594,-0.5809073,-3.338684,5.61723,5.519258,-3.696513,7712
142.86,11.08038,5,1.014579,0.8421149,0.04504682,-3.227849,5.54975,5.475952,-3.831253,7716
142.88,16.97638,5,1.011979,0.827695,-0.1228922,-4.213635,5.54975,5.456537,-3.909567,7708
142.9,30.91577,5,1.013907,0.818518,-0.3060985,-4.248824,5.61723,5.489439,-3.809338,7712
142.92,26.28644,5,1.010499,0.8219427,-0.03128911,-2.853395,5.61723,5.505272,-3.74073,7724
142.94,24.26331,5,1.014766,0.8417323,0.09084838,-2.412578,5.61723,5.513303,-3.669724,7696
142.96,12.32117,5,1.013903,0.8514339,-0.07709067,-2.344444,5.54975,5.4746,-3.801903,7728
142.98,29.6051,5,1.019673,0.8603585,-0.04655629,-3.494575,5.61723,5.497036,-3.723287,7716
143,27.0249,5,1.0139,0.8620493,-0.183961,-2.486362,5.61723,5.50597,-3.703955,7712
143.02,37.69342,5,1.012815,0.8837271,0.3656577,-2.049753,5.684711,5.551237,-3.495031,7696
143.04,20.82245,5,1.008068,0.9030343,-0.1992282,-0.6898623,5.61723,5.530072,-3.521547,7684
143.06,24.39111,5,1.019617,0.9262611,0.3351234,-1.528392,5.61723,5.521045,-3.474605,7716
143.08,26.20148,5,1.033838,0.9372802,0.01451245,-1.763517,5.61723,5.51708,-3.459286,7712
143.1,15.53149,5,1.041917,0.9377248,0.1061156,-1.784242,5.54975,5.475021,-3.573182,7732
143.12,33.35217,5,1.035412,0.9371802,-0.1381594,-2.823477,5.61723,5.495387,-3.514072,7724
143.14,18.87292,5,1.046538,0.9316704,-0.0007547362,-1.770738,5.54975,5.466135,-3.568154,7700
143.16,34.64349,5,1.044357,0.9403416,0.5793981,-2.502216,5.61723,5.493867,-3.45125,7748
143.18,30.18994,5,1.08406,0.9589877,1.342757,-1.525085,5.61723,5.51132,-3.314698,7716
143.2,40.83868,5,1.046374,0.9788293,0.5641309,-1.174774,5.684711,5.553182,-3.263866,7672
143.22,34.29779,5,1.107237,1.021719,1.403826,-0.071374,5.684711,5.579138,-3.020163,7712
143.24,31.98035,5,1.104616,1.058844,0.9610775,0.009279907,5.684711,5.586522,-3.051046,7712
143.26,31.72809,5,1.119431,1.086566,0.3198562,-0.2165104,5.684711,5.587681,-3.060014,7716
143.28,32.29224,5,1.126053,1.103427,0.5335966,-0.4087496,5.684711,5.585907,-3.092824,7728
143.3,21.55597,5,1.127937,1.105318,0.3503905,-0.5061864,5.61723,5.542744,-3.255274,7708
143.32,27.79865,5,1.128839,1.098653,0.2129859,-1.653045,5.61723,5.522341,-3.338183,7716
143.34,42.12994,5,1.131109,1.092762,0.2893218,-1.759259,5.684711,5.554175,-3.240588,7716
143.36,26.28546,5,1.125812,1.089383,0.1213828,-0.3888644,5.61723,5.528511,-3.307082,7728
143.38,30.22345,5,1.118463,1.09354,0.5488637,-1.055781,5.61723,5.516486,-3.322356,7728
143.4,31.07263,5,1.165214,1.10386,2.686269,-1.252926,5.61723,5.516814,-3.23323,7696
143.42,20.74109,5,1.126713,1.090141,-0.2450293,-1.189923,5.54975,5.469797,-3.512072,7716
143.44,49.59149,5,1.154648,1.099496,0.2740546,-2.232296,5.684711,5.53404,-3.222058,7740
143.46,29.63464,5,1.145375,1.102047,0.2282531,-0.0009117424,5.61723,5.521228,-3.292469,7700
143.48,43.578,5,1.134738,1.125643,0.9000088,-0.4787904,5.684711,5.554759,-3.148975,7708
143.5,25.96442,5,1.22484,1.162031,3.938178,0.2867973,5.61723,5.539572,-3.028886,7704
143.52,29.31732,5,1.210374,1.178595,0.07558119,-0.9340563,5.61723,5.525657,-3.231405,7712
143.54,41.19702,5,1.291185,1.205171,2.503063,-1.647562,5.684711,5.566622,-3.051941,7728
143.56,36.72821,5,1.256606,1.210382,0.1671843,-0.8033164,5.684711,5.575803,-3.259072,7728
143.58,35.1637,5,1.2726,1.226436,0.2587874,-0.7513627,5.684711,5.57978,-3.266762,7720
143.6,10.01746,5,1.345842,1.240433,3.49543,-1.172698,5.54975,5.506606,-3.479698,7712
143.62,32.34564,5,1.323395,1.226171,-0.07709067,-3.887192,5.61723,5.505239,-3.757415,7704
143.64,30.61273,5,1.373171,1.209353,0.3198562,-3.595746,5.61723,5.508872,-3.810626,7732
143.66,31.01251,5,1.303716,1.181202,0.3656577,-3.34768,5.61723,5.50004,-4.111032,7708
143.68,42.33496,5,1.332167,1.18302,0.2282531,-3.216628,5.684711,5.541369,-3.936852,7712
143.7,24.66852,5,1.343286,1.189021,0.9305434,-2.05189,5.61723,5.519953,-4.057387,7712
143.72,27.91022,5,1.336284,1.193877,0.1824515,-3.042419,5.61723,5.506791,-4.195733,7724
143.74,17.24756,5,1.37612,1.188858,0.7931387,-3.528017,5.54975,5.462898,-4.366264,7736
143.76,35.46674,5,1.341027,1.169211,-0.183961,-4.780866,5.61723,5.476647,-4.516283,7716
143.78,21.4472,5,1.34022,1.144869,-0.5045714,-3.792281,5.54975,5.442763,-4.66643,7728
143.8,37.16968,5,1.338544,1.140614,0.4114593,-4.524689,5.61723,5.469122,-4.589748,7724
143.82,33.04181,5,1.352147,1.143251,0.02977964,-3.467349,5.61723,5.482869,-4.550399,7728
143.84,31.19147,5,1.35306,1.15676,0.4114593,-3.189366,5.61723,5.488478,-4.553038,7724
143.86,30.4043,5,1.369136,1.172458,0.3503905,-3.245478,5.61723,5.491068,-4.557925,7712
143.88,18.93542,5,1.367777,1.172931,0.1213828,-3.380726,5.54975,5.448917,-4.763762,7712
143.9,36.43451,5,1.367611,1.171384,0.1366499,-4.59949,5.61723,5.46882,-4.748065,7712
143.92,22.24994,5,1.361216,1.157107,-0.01602192,-3.640133,5.54975,5.436082,-4.899659,7724
143.94,38.45868,5,1.348428,1.155982,-0.107625,-4.368946,5.61723,5.461093,-4.822568,7728
143.96,46.14075,5,1.369135,1.171417,0.2587874,-3.257158,5.684711,5.516362,-4.582676,7724
143.98,27.93866,5,1.348854,1.18892,0.1671843,-1.703335,5.61723,5.497765,-4.655717,7708
144,19.8573,5,1.344564,1.200088,0.304589,-2.520932,5.54975,5.446951,-4.791575,7712
144.02,84.1405,-5,1.384344,1.210276,1.296956,-3.979734,5.61723,5.468369,-4.65296,7720
144.04,97.54828,-5,1.347156,1.258319,-0.8251827,1.749683,5.684711,5.513788,-4.465967,7712
144.06,85.03607,-5,1.358524,1.391068,0.1519171,6.878555,5.61723,5.496196,-4.117053,7720
144.08,89.28015,-5,1.614655,1.626711,14.67101,8.201632,5.61723,5.514756,-3.276667,7720
144.1,97.91895,-5,2.025393,1.934759,21.29696,8.204478,5.684711,5.595055,-2.434181,7732
144.12,77.65622,-5,2.34184,2.226882,16.02979,8.039129,5.61723,5.59411,-2.569335,7708
144.14,91.06839,-5,2.642666,2.494884,16.42673,4.942515,5.684711,5.629271,-2.864391,7720
144.16,-108.4556,-5,2.883583,2.570675,12.12139,3.051807,4.53755,4.940145,-5.90135,7716
144.18,231.6044,-5,2.936481,2.636908,1.495429,-17.93939,5.95463,5.447291,-5.445328,7772
144.2,-10.43649,-5,2.936711,2.525975,1.739704,2.173126,4.94243,5.047,-7.718422,7712
144.22,110.4805,-5,2.620266,2.519486,-18.24504,-7.756889,5.27983,5.023895,-8.494984,7756
144.24,121.7349,-5,2.4323,2.43308,8.075583,-1.412185,5.27983,4.987581,-8.902746,7740
144.26,194.9711,-5,2.591655,2.586264,-3.787015,3.577299,5.684711,5.253329,-6.935249,7724
144.28,178.352,-5,2.12619,2.696098,-17.0542,15.90534,5.684711,5.31354,-7.034667,7692
144.3,-18.68385,-5,2.685519,2.977725,27.11376,20.15234,4.60503,4.775163,-6.457177,7720
144.32,49.04727,-5,3.000186,3.170419,19.29696,2.070929,4.53755,4.505649,-6.966245,7760
144.34,100.4172,-5,3.21584,3.176353,1.617566,-3.658981,4.60503,4.422335,-7.592044,7776
144.36,173.865,-5,2.689945,3.03882,-28.55038,-0.3280663,4.87495,4.470445,-8.661795,7748
144.38,-1.000305,-5,3.006001,3.048522,12.67101,7.910345,3.93023,3.988274,-8.732532,7736
144.4,294.6026,-5,3.285405,3.2936,20.442,-4.684879,5.27983,4.617693,-6.029813,7788
144.42,50.22131,-5,3.421129,3.428121,-0.0007547362,16.07001,4.335111,4.332326,-7.103521,7720
144.44,99.05997,-5,3.328416,3.607843,6.68627,5.466419,4.335111,4.172,-7.831615,7784
144.46,116.6195,-5,3.83519,3.767238,18.73207,1.748599,4.335111,4.141412,-7.371979,7792
144.48,179.3105,-5,3.572662,3.798526,-17.45114,2.101316,4.60503,4.230174,-8.264067,7768
144.5,172.8632,-5,3.958771,3.997519,15.23589,7.42183,4.67251,4.35611,-7.013391,7748
144.52,149.4065,-5,4.026146,4.21231,10.35039,10.07136,4.60503,4.358796,-7.295342,7756
144.54,141.4599,-5,4.643797,4.548377,32.27407,7.407178,4.60503,4.410288,-6.507029,7756
144.56,-28.71365,-5,5.035521,4.718441,20.5794,3.201859,3.660311,3.86208,-9.132444,7756
144.58,47.21957,-5,5.180748,4.685557,8.457264,-17.21311,3.660311,3.575425,-11.74828,7816
144.6,128.3145,-5,4.81759,4.364806,-14.64198,-21.70283,3.86275,3.485308,-14.42851,7820
144.62,234.2645,-5,4.024762,4.0054,-39.69542,-13.61202,4.335111,3.641742,-15.42968,7804
144.64,264.3066,-5,3.644273,3.915089,-9.267933,3.844014,4.60503,3.879238,-13.68961,7780
144.66,65.35834,-5,4.010264,4.13599,14.94582,16.8665,3.660311,3.509971,-12.32913,7760
144.68,106.8209,-5,4.858992,4.564434,47.84659,2.587145,3.660311,3.444133,-10.60658,7808
144.7,99.66528,-5,5.521758,4.850788,25.81605,-4.864439,3.592831,3.403123,-11.04512,7808
144.72,226.3104,-5,5.082841,4.873786,-22.62672,-8.76594,4.20015,3.634692,-12.85621,7816
144.74,49.86975,-5,4.922823,4.788565,-1.588542,1.681846,3.32291,3.177172,-14.90627,7780
144.76,98.11536,-5,5.121366,4.811103,5.205354,-9.88701,3.25543,2.956854,-15.12385,7840
144.78,4.954285,-5,5.083619,4.615568,-1.038923,-12.75782,2.51315,2.394138,-17.60781,7836
144.8,180.4241,-5,4.328017,4.245914,-30.18397,-21.27929,2.985511,2.333568,-19.20423,7884
144.82,238.233,-5,4.037984,3.998872,-17.51221,-8.062103,3.25543,2.483766,-17.73015,7872
144.84,113.8093,-5,3.586254,3.889154,-23.72595,7.829432,2.58063,2.148729,-17.49583,7828
144.86,164.8771,-5,4.115938,4.133798,36.97636,4.079175,2.64811,2.154226,-14.28522,7880
144.88,208.6074,-5,4.652798,4.474764,19.3733,5.122943,2.918031,2.388099,-11.98984,7876
144.9,15.48474,-5,4.610477,4.617699,8.396194,10.04977,1.90583,1.854058,-13.97749,7856
144.92,141.9606,-5,5.127732,4.832455,20.12139,-7.752931,2.243231,1.862212,-13.06171,7936
144.94,30.75818,-5,5.151246,4.74963,-3.206862,-7.026435,1.568431,1.430844,-15.47376,7888
144.96,172.8654,-5,4.61059,4.533578,-28.1687,-15.75885,1.97331,1.402,-16.86004,7940
144.98,48.23926,-5,4.586531,4.303194,-1.237397,-7.339313,1.23103,0.9660338,-17.63582,7920
145,1.045776,-5,4.200348,4.013797,-21.9855,-13.26526,0.5562305,0.3432002,-19.59167,7936
145.02,137.1716,-5,4.427175,3.838738,7.052682,-22.52817,0.89363,0.3299503,-18.28587,8012
145.04,40.98669,-5,4.120942,3.558196,-18.1229,-14.05964,0.2863102,-0.0520779,-19.59389,7972
145.06,169.3545,-5,3.320289,3.265009,-42.30611,-15.29866,0.6237106,-0.08432744,-19.84456,8016
145.08,285.8158,-5,3.461142,3.302795,2.793139,-3.322069,1.298511,0.3909548,-15.65499,7980
145.1,45.31079,-5,3.34391,3.439379,-0.6267089,16.39035,0.2188301,-0.01583132,-15.25115,7940
145.12,170.1476,-5,3.824238,3.826308,36.39621,3.736733,0.6237106,0.121554,-12.34591,8028
145.14,200.524,-5,4.703482,4.284612,37.57178,5.206762,0.9611101,0.4786362,-9.554211,8004
145.16,49.79822,-5,4.602975,4.510623,-6.138161,9.364793,0.2863102,0.173636,-11.65631,7968
145.18,140.4232,-5,4.819307,4.699012,17.44963,-3.693358,0.5562305,0.1903605,-11.68701,8020
145.2,28.65723,-5,5.239764,4.753265,12.18246,-4.786434,-0.05108929,-0.1434792,-12.89943,7996
145.22,141.4519,-5,4.916852,4.641598,-19.40534,-15.5574,0.2863102,-0.161579,-14.62957,8040
145.24,14.72278,-5,4.901008,4.418791,2.90001,-11.49509,-0.4559698,-0.6192045,-16.47034,8004
145.26,-35.97009,-5,4.663463,4.103332,-17.60382,-21.04235,-1.13077,-1.251559,-19.06458,8052
145.28,185.7345,-5,4.139135,3.689345,-20.24504,-30.38343,-0.3884897,-1.137136,-19.51503,8088
145.3,52.59033,-5,3.906706,3.332389,-15.2832,-13.62313,-1.06329,-1.464588,-19.75392,8052
145.32,52.21594,-5,3.256883,3.039124,-33.26794,-13.89621,-1.40069,-1.842355,-20.49965,8096
145.34,172.6035,-5,2.825792,2.797088,-18.77939,-12.46294,-1.06329,-1.805974,-19.05301,8128
145.36,223.723,-5,2.95235,2.854281,15.43436,0.3957204,-0.7258892,-1.498924,-15.20808,8116
145.38,79.06372,-5,2.740656,2.989373,-9.588544,14.5717,-1.40069,-1.750335,-14.31522,8080
145.4,161.3801,-5,3.139807,3.331341,21.11376,8.162827,-1.13077,-1.626338,-11.28566,8124
145.42,201.5212,-5,4.1499,3.861174,47.55651,9.042461,-0.7258892,-1.204339,-7.50322,8116
145.44,32.28198,-5,4.490849,4.25084,19.89238,12.29749,-1.40069,-1.425718,-8.564875,8072
145.46,-40.90674,-5,4.399125,4.31214,1.312223,-2.547969,-2.075489,-2.00369,-11.91318,8124
145.48,100.4064,-5,4.781234,4.248945,25.77025,-20.85037,-1.670609,-2.005161,-12.3001,8152
145.5,-33.98438,-5,4.907652,4.00282,-0.596175,-19.38865,-2.412889,-2.452825,-14.84829,8148
145.52,155.9783,-5,4.534756,3.748162,-27.52748,-30.47598,-1.670609,-2.261551,-15.83858,8172
145.54,25.39441,-5,3.769153,3.282991,-34.36718,-16.29699,-2.345409,-2.663608,-18.67997,8144
145.56,-200.3656,-5,3.135499,2.729195,-28.36718,-18.59424,-4.03241,-3.887779,-22.43087,8160
145.58,71.15857,-5,3.345915,2.342786,10.96108,-43.31244,-3.357609,-3.944777,-20.76523,8284
145.6,-29.46045,-5,3.195864,1.854717,-9.313735,-31.92969,-3.96493,-4.301696,-21.56627,8236
145.62,127.9655,-5,2.643478,1.558088,-29.1916,-32.47982,-3.357609,-4.107319,-20.56841,8256
145.64,12.81946,-5,1.867179,1.207881,-44.85573,-14.5286,-3.96493,-4.423751,-21.14204,8228
145.66,182.8877,-5,0.9463348,0.9942257,-45.29848,-10.89829,-3.357609,-4.239489,-19.07582,8268
145.68,-11.82336,-5,1.43925,1.093732,41.51071,6.725795,-4.30233,-4.568052,-15.46844,8236
145.7,78.03455,-5,1.930137,1.447983,21.75498,-2.776981,-4.03241,-4.450329,-12.06293,8296
145.72,-39.68335,-5,2.328626,1.657378,20.45727,-1.491505,-4.639729,-4.71952,-11.74285,8280
145.74,47.24524,-5,2.480333,1.800611,3.999247,-12.9003,-4.36981,-4.675325,-11.30141,8328
145.76,-53.30176,-5,2.257491,1.667498,-14.65725,-11.10567,-4.977129,-5.062285,-13.17129,8260
145.78,65.59729,-5,1.899226,1.482721,-21.17634,-18.71168,-4.639729,-5.065141,-13.25179,8320
145.8,-30.17139,-5,1.50107,1.177788,-13.329,-10.58755,-5.247049,-5.447353,-14.13975,8312
145.82,-90.6731,-5,1.284908,0.9034972,-14.1229,-14.38409,-5.92185,-6.000566,-14.64101,8352
145.84,46.27332,-5,1.080446,0.6334311,-8.412971,-22.1389,-5.58445,-6.025584,-13.67325,8408
145.86,91.99023,-5,1.1076,0.508865,-1.43587,-13.40366,-5.314529,-5.81529,-11.35027,8392
145.88,136.5858,-5,0.9281242,0.5909668,-10.24503,-2.252225,-4.909649,-5.455241,-8.935944,8372
145.9,-72.74878,-5,0.603137,0.6309438,-20.41298,10.36256,-5.92185,-5.916362,-9.486652,8324
145.92,7.49939,-5,0.2215444,0.5898273,-19.2832,-1.084029,-5.92185,-6.150524,-9.275354,8368
145.94,22.68481,-5,0.6368105,0.5921271,48.06033,-1.906031,-5.989328,-6.206338,-7.004946,8388
145.96,20.71497,-5,1.59694,0.8740804,36.90002,-4.120174,-5.92185,-6.043541,-3.910686,8400
145.98,58.08228,-5,1.707204,1.081252,-4.90152,-6.035637,-5.58445,-5.784118,-3.867573,8376
146,-120.7423,-5,0.6051041,0.7822254,-56.71833,-0.1814761,-6.596649,-6.448997,-8.759298,8368
146.02,52.12488,-5,-0.4558023,0.3049237,-54.55039,-10.61394,-6.259249,-6.647203,-9.765417,8436
146.04,82.86072,-5,-0.783822,-0.07718143,35.61758,1.111689,-6.259249,-6.686119,-7.454129,8420
146.06,65.22034,-5,0.04985935,0.1190117,36.54888,9.166316,-6.259249,-6.498958,-2.135219,8412
146.08,112.5061,-5,0.1990719,0.4358124,-6.260299,12.37627,-5.85437,-6.136256,0.1691628,8408
146.1,-76.51025,-5,-0.338573,0.4589322,-31.08473,20.76641,-6.799089,-6.621494,-1.904645,8388
146.12,-11.35608,-5,-0.5035185,0.4124033,-11.89389,7.812808,-6.86657,-6.887225,-1.694074,8424
146.14,1.912842,-5,0.5386695,0.5528865,47.25117,2.35025,-6.86657,-6.846649,1.340004,8440
146.16,-30.22986,-5,1.196183,0.7413967,22.77788,-2.183126,-6.93405,-6.799519,1.815975,8428
146.18,41.37537,-5,0.8358493,0.7051827,-30.97787,-7.084843,-6.529169,-6.626167,0.004767299,8432
146.2,84.86487,-5,-0.1644183,0.4140988,-52.0313,0.367909,-6.259249,-6.526117,-1.920861,8408
146.22,90.93298,-5,-1.150803,0.101495,-46.26031,13.02118,-6.259249,-6.560013,-2.032808,8404
146.24,45.51672,-5,-1.030662,0.1066072,50.56415,21.518,-6.529169,-6.642633,0.9640658,8384
146.26,28.53918,-5,0.3239688,0.5824176,55.96873,17.99509,-6.529169,-6.46377,5.740407,8420
146.28,-32.26782,-5,1.237999,1.048527,38.01453,10.81276,-6.664129,-6.393176,6.279786,8416
146.3,-40.01416,-5,1.840569,1.350754,23.5107,-2.115389,-6.596649,-6.327513,4.88401,8416
146.32,-0.3574219,-5,1.710888,1.325719,-14.96259,-10.94934,-6.326729,-6.236583,1.846407,8404
146.34,-104.5262,-5,0.9179353,0.9056755,-44.36718,-10.38229,-6.93405,-6.705269,-3.066416,8412
146.36,-29.73816,-5,0.02562174,0.3214925,-51.16108,-17.53593,-6.93405,-7.013609,-5.734672,8440
146.38,80.65955,-5,-0.8925065,-0.2959725,-50.51986,-11.48183,-6.596649,-7.000995,-5.902793,8436
146.4,-76.49744,-5,-1.567359,-0.8005612,-32.64198,5.597938,-7.541368,-7.54647,-5.959358,8416
146.42,145.7574,-5,-1.162475,-0.7516014,19.87711,0.02858269,-6.596649,-7.072544,-0.4303316,8444
146.44,62.00098,-5,-0.2632248,-0.3776668,40.70155,15.76265,-6.596649,-6.701986,3.794507,8388
146.46,-191.0486,-5,0.2936414,0.02523255,22.442,15.37349,-7.743809,-7.177495,2.909552,8412
146.48,10.00659,-5,0.7301355,0.2932211,18.19772,-11.59814,-6.93405,-6.916815,2.775519,8484
146.5,-42.99463,-5,1.428347,0.4107845,32.28933,-11.51033,-6.93405,-6.769653,2.206623,8436
146.52,-76.70886,-5,1.752843,0.5075688,10.54887,-17.98482,-6.93405,-6.718609,0.3962383,8464
146.54,-68.96436,-5,1.370874,0.3278338,-18.91679,-24.42253,-6.86657,-6.767817,-3.249858,8452
146.56,-13.85791,-5,0.8630667,0.003416151,-30.21451,-26.13854,-6.596649,-6.71664,-5.511461,8468
146.58,-176.594,-5,0.1596609,-0.4996011,-35.90916,-19.73263,-7.541368,-7.337109,-9.087227,8464
146.6,135.494,-5,-0.5758608,-0.8965325,-37.81756,-28.97729,-6.259249,-6.893975,-8.011514,8504
146.62,83.92126,-5,-1.270221,-1.227532,-35.92443,-1.228952,-6.259249,-6.709742,-6.642383,8400
146.64,81.9563,-5,-1.822433,-1.217598,-27.43588,13.79894,-6.191769,-6.568976,-3.846281,8396
146.66,-157.6848,-5,-1.917952,-1.165015,8.121386,23.41185,-7.541368,-7.267169,-3.218412,8412
146.68,-111.6569,-5,-0.9010419,-0.8930681,53.77026,2.133974,-7.743809,-7.536349,-0.1420908,8464
146.7,55.99963,-5,0.1980341,-0.5717137,59.28171,-10.62301,-6.86657,-7.006507,3.048125,8488
146.72,-94.73877,-5,1.079781,-0.2387969,45.72445,-5.27846,-7.20397,-6.904835,3.068976,8440
146.74,-55.37244,-5,0.8077375,-0.1382787,-30.18397,-16.01015,-6.93405,-6.81047,0.1052041,8468
146.76,-41.49988,-5,-0.4045456,-0.5469708,-58.30611,-15.05801,-6.93405,-6.973993,-4.380894,8440
146.78,2.954834,-5,-1.200899,-0.9901232,-37.37481,-10.32345,-6.86657,-7.071232,-5.041335,8452
146.8,-5.144775,-5,-1.0906,-1.136468,15.44963,-3.104433,-6.93405,-7.067208,-2.65836,8440
146.82,-18.4989,-5,-0.6214254,-0.9988693,16.71681,-0.7395874,-6.93405,-6.961377,-0.1755275,8448
146.84,-35.74475,-5,-0.3864545,-0.8269482,10.18246,-1.322692,-6.93405,-6.886965,0.4645389,8344
146.86,-34.03088,-5,-0.2870367,-0.7098842,3.770239,-3.766641,-6.86657,-6.820744,0.3791572,8472
146.88,-54.83032,-5,-0.2373906,-0.6695999,2.51833,-5.412832,-6.93405,-6.844403,-0.1493353,8456
146.9,-41.12817,-5,-0.2235584,-0.6771293,3.235888,-8.637251,-6.86657,-6.826167,-0.553648,8452
146.92,-46.76343,-5,-0.1834129,-0.7120736,1.388559,-9.539478,-6.86657,-6.820519,-0.896817,8424
146.94,-49.04578,-5,-0.2379943,-0.7729924,-4.916787,-10.54335,-6.86657,-6.829968,-1.426482,8432
146.96,-59.98328,-5,-0.3392438,-0.8688846,-6.993124,-11.14104,-6.93405,-6.888905,-2.071797,8432
146.98,-43.90662,-5,-0.3390916,-0.9422156,-1.328999,-12.63492,-6.86657,-6.870245,-2.109775,8432
147,-49.45667,-5,-0.3504885,-1.005616,-0.7488468,-11.98082,-6.86657,-6.859274,-2.239661,8428
147.02,-62.70422,-5,-0.4605702,-1.084099,-6.47404,-11.78211,-6.93405,-6.906061,-2.707861,8432
147.04,-45.03711,-5,-0.5577625,-1.162764,-5.756482,-12.64875,-6.86657,-6.893256,-2.811144,8436
147.06,-49.62939,-5,-0.5480492,-1.211253,-0.7030448,-11.4841,-6.86657,-6.877027,-2.604669,8424
147.08,-64.76221,-5,-0.5718933,-1.246894,-0.6267089,-11.13737,-6.93405,-6.907223,-2.682549,8436
147.1,-61.323,-5,-0.6049495,-1.287801,-2.290832,-12.33534,-6.93405,-6.921821,-2.776646,8428
147.12,-48.76233,-5,-0.6332554,-1.330366,-3.176328,-12.6691,-6.86657,-6.887535,-2.696229,8440
147.14,-54.12634,-5,-0.6794532,-1.368405,-3.558008,-11.4779,-6.86657,-6.872608,-2.661051,8432
147.16,-55.73755,-5,-0.7557952,-1.403496,-5.023657,-10.98537,-6.86657,-6.870031,-2.663576,8432
147.18,-54.49243,-5,-0.8639905,-1.451323,-5.176329,-10.46337,-6.86657,-6.876198,-2.682209,8432
147.2,-111.9166,-5,-0.8880957,-1.52,-0.09235785,-10.04209,-7.20397,-7.075297,-3.078557,8428
147.22,-98.28552,-5,-0.8572916,-1.599155,0.5488637,-15.69249,-7.27145,-7.19358,-3.238801,8452
147.24,-72.81812,-5,-0.8639535,-1.712862,-0.9931214,-18.007,-7.20397,-7.20028,-3.299059,8444
147.26,-26.93274,-5,-0.9650626,-1.797465,-6.412971,-16.5389,-6.93405,-7.042391,-2.872089,8464
147.28,-34.64819,-5,-1.177748,-1.850669,-13.68015,-10.21034,-6.86657,-6.943594,-2.595884,8428
147.3,-54.01599,-5,-1.441082,-1.882617,-16.27557,-5.949821,-6.93405,-6.956971,-2.444298,8444
147.32,-31.25208,-5,-1.771697,-1.936188,-15.71068,-3.933695,-6.86657,-6.945755,-2.070158,8444
147.34,-95.42664,-5,-1.973558,-2.019308,-2.596175,0.2519366,-7.27145,-7.181041,-1.894204,8464
147.36,90.19391,-5,-1.562048,-1.825784,23.67864,-4.476058,-6.326729,-6.633904,2.004553,8488
147.38,20.24451,-5,-1.123579,-1.504495,19.12902,9.683776,-6.259249,-6.286127,4.296834,8412
147.4,-24.21191,-5,-0.9770255,-1.123925,9.098484,11.46809,-6.259249,-6.135224,4.866371,8404
147.42,-43.3042,-5,-0.7055728,-0.8224833,16.38093,7.247366,-6.259249,-6.074711,4.883819,8408
147.44,-119.2109,-5,-0.09664851,-0.5844926,32.91529,0.3416009,-6.596649,-6.215714,4.425945,8412
147.46,-110.8619,-5,0.4052998,-0.4627346,21.69391,-13.60683,-6.596649,-6.270706,3.134889,8420
147.48,-99.95984,-5,0.5807788,-0.5382309,4.991613,-22.59522,-6.529169,-6.289979,0.8583914,8420
147.5,-113.1176,-5,0.386202,-0.7867346,-10.19923,-26.86735,-6.596649,-6.403153,-2.038176,8428
147.52,-35.09277,-5,-0.2677485,-1.170176,-41.48168,-28.74118,-6.259249,-6.347407,-4.344689,8416
147.54,-26.22424,-5,-1.401735,-1.699108,-56.22978,-18.30441,-6.259249,-6.44012,-6.46247,8416
147.56,-157.114,-5,-2.513384,-2.287396,-55.90917,-7.107414,-7.20397,-7.116402,-8.396803,8404
147.58,-43.49957,-5,-3.559238,-2.858495,-42.80993,-9.328177,-7.20397,-7.450819,-7.833959,8472
147.6,149.9788,-5,-3.1155,-2.895313,40.15193,-0.4009905,-6.259249,-6.846514,-0.6745981,8484
147.62,-9.469543,-5,-2.171939,-2.414511,38.54888,21.73774,-6.596649,-6.577302,4.756421,8424
147.64,-99.10046,-5,-1.805173,-1.858609,13.08322,18.92139,-6.93405,-6.626944,5.785915,8436
147.66,93.7558,-5,-2.179003,-1.603223,-14.84046,9.683157,-5.989328,-6.182102,6.088305,8440
147.68,53.71423,-5,-2.242873,-1.431584,-10.79465,23.32743,-5.92185,-5.956017,7.4581,8364
147.7,-45.15863,-5,-2.470191,-1.274328,-2.321366,28.91745,-6.394209,-6.157055,7.641118,8384
147.72,-65.46832,-5,-2.060564,-1.076167,59.44965,21.19105,-6.664129,-6.350106,8.862739,8396
147.74,119.7646,-5,-0.7500109,-0.5805291,57.11377,10.03271,-5.58445,-5.630976,13.4986,8412
147.76,-62.10669,-5,0.03767407,-0.1372029,34.47254,18.5083,-5.989328,-5.512506,13.1118,8364
147.78,-59.73218,-5,-0.09427652,0.07044084,-14.97786,6.164416,-5.92185,-5.526359,10.00111,8384
147.8,-52.07062,-5,-0.3517981,-0.05681637,-16.19923,-0.9085379,-5.92185,-5.63328,6.915669,8396
147.82,-48.63275,-5,-0.6453038,-0.3297123,-16.51984,-3.876059,-5.989328,-5.778728,4.7884,8384
147.84,-17.90631,-5,-0.9703183,-0.6282083,-16.61145,-4.397291,-5.92185,-5.835093,3.689972,8384
147.86,-17.32892,-5,-1.016516,-0.8162101,-0.5656406,-1.511802,-5.92185,-5.840261,3.826217,8372
147.88,-35.28314,-5,-0.9517091,-0.8875222,1.846574,0.1825247,-5.989328,-5.855917,4.030211,8396
147.9,-26.62982,-5,-0.8667259,-0.8952963,4.518331,-0.7931582,-5.92185,-5.808084,4.146363,8380
147.92,-39.54596,-5,-0.6905353,-0.8648199,6.441996,-1.180723,-5.92185,-5.770245,4.145032,8388
147.94,-58.2301,-5,-0.6774818,-0.8730057,-1.328999,-2.833107,-5.989328,-5.80718,3.335721,8396
147.96,-45.85413,-5,-0.6022568,-0.8935351,1.525963,-6.062196,-5.92185,-5.787149,2.866369,8404
147.98,-63.41675,-5,-0.5937302,-0.9558131,-1.848083,-7.024795,-5.989328,-5.829668,2.024718,8396
148,-61.75238,-5,-0.5799247,-1.025251,-0.4435031,-9.507301,-5.989328,-5.855199,1.353528,8392
148.02,-62.40875,-5,-0.5752627,-1.108442,-1.145793,-11.02126,-5.989328,-5.872747,0.6992708,8396
148.04,-62.68536,-5,-0.6402808,-1.207642,-5.008389,-11.89465,-5.989328,-5.893291,-0.01480627,8396
148.06,-61.12494,-5,-0.76162,-1.321964,-7.680146,-12.11302,-5.989328,-5.918293,-0.6698776,8392
148.08,-46.45996,-5,-0.9095287,-1.432713,-8.718314,-11.59307,-5.92185,-5.902411,-0.9930888,8388
148.1,-59.93518,-5,-1.052519,-1.533813,-7.267933,-9.324262,-5.989328,-5.943433,-1.244647,8388
148.12,-33.51697,-5,-1.052297,-1.560112,0.2435202,-9.144345,-5.85437,-5.867576,-0.6853835,8392
148.14,-57.18604,-5,-1.017659,-1.553969,0.2435202,-6.507086,-5.92185,-5.862252,-0.438995,8392
148.16,-45.38306,-5,-1.055815,-1.53486,-2.077091,-7.004805,-5.85437,-5.822898,-0.3094928,8404
148.18,-52.09082,-5,-0.990084,-1.503662,2.441994,-6.3662,-5.85437,-5.7967,-0.05120361,8392
148.2,-67.46356,-5,-0.9657183,-1.483101,-0.596175,-6.733262,-5.92185,-5.825179,-0.1643101,8404
148.22,-64.01172,-5,-0.943936,-1.482361,0.2282531,-8.604805,-5.92185,-5.839453,-0.3020222,8408
148.24,-74.88605,-5,-0.9181466,-1.508334,-0.0007547362,-9.610736,-5.989328,-5.886219,-0.5757723,8408
148.26,-45.99554,-5,-0.9471893,-1.541426,-2.016023,-11.23271,-5.85437,-5.831288,-0.612345,8420
148.28,-77.45239,-5,-0.9825159,-1.591828,-2.382435,-9.329082,-5.989328,-5.890661,-0.951259,8412
148.3,-69.34442,-5,-1.045991,-1.639795,-4.703047,-11.0416,-5.989328,-5.922521,-1.167809,8428
148.32,-52.30756,-5,-1.149037,-1.709146,-4.687779,-10.98453,-5.92185,-5.905245,-1.257,8408
148.34,-56.00787,-5,-1.164677,-1.744016,-0.8251827,-9.179939,-5.92185,-5.889395,-0.9892284,8400
148.36,-57.97375,-5,-1.204862,-1.755131,-2.962588,-8.230048,-5.92185,-5.879882,-0.8179559,8404
148.38,-69.79236,-5,-1.25005,-1.770643,-2.412969,-7.674026,-5.989328,-5.917018,-0.8271655,8388
148.4,108.1639,-5,-1.22729,-1.65537,0.9610775,-8.197209,-4.977129,-5.316345,1.44779,8392
148.42,28.22858,-5,-1.246817,-1.466546,-0.5656406,9.480404,-4.977129,-5.044221,2.661612,8324
148.44,-7.867004,-5,-1.072271,-1.113681,12.94581,12.49523,-4.977129,-4.904208,3.950124,8328
148.46,-37.18939,-5,-0.3002751,-0.6635435,43.40384,8.246721,-4.977129,-4.772829,5.454305,8328
148.48,-280.792,-5,0.2647141,-0.4656313,35.44964,0.08747458,-6.259249,-5.475404,2.39271,8340
148.5,33.21149,-5,0.8486892,-0.3276578,24.24353,-31.38161,-4.909649,-4.976505,2.516613,8392
148.52,-217.9538,-5,0.9746808,-0.5556537,3.739704,-21.33514,-5.92185,-5.405866,-1.725253,8316
148.54,-98.80865,-5,0.3906478,-0.8900178,-36.01603,-38.03476,-5.58445,-5.505211,-5.177863,8388
148.56,-90.8299,-5,-0.3641038,-1.471979,-40.35191,-34.55361,-5.65193,-5.688766,-8.223457,8344
148.58,-165.1271,-5,-1.146768,-2.072879,-41.75649,-29.06719,-6.259249,-6.185533,-10.50934,8368
148.6,-74.45758,-5,-2.043169,-2.658107,-46.19925,-29.88371,-6.191769,-6.410617,-11.11156,8388
148.62,-31.42261,-5,-2.873175,-3.179229,-44.12291,-18.43093,-6.191769,-6.520671,-10.12236,8396
148.64,146.9838,-5,-3.561415,-3.375766,-27.66489,-3.817431,-5.314529,-6.014999,-5.740777,8392
148.66,21.32404,-5,-2.972353,-3.005229,32.13666,21.80783,-5.58445,-5.76621,0.4567814,8340
148.68,-73.93475,-5,-2.180657,-2.312314,39.90766,23.30416,-5.92185,-5.728185,4.236285,8348
148.7,81.30988,-5,-0.8515211,-1.43255,60.30461,10.61926,-4.909649,-4.979179,8.941519,8368
148.72,-97.99316,-5,0.1221163,-0.7336805,47.52598,14.47396,-5.314529,-4.857544,8.797481,8352
148.74,-173.9187,-5,0.6160516,-0.2994534,26.90002,-2.906831,-5.65193,-5.058596,5.864921,8352
148.76,10.69476,-5,0.9365345,-0.1470736,12.83895,-22.81418,-4.707209,-4.648594,4.194765,8352
148.78,-26.84534,-5,0.8798707,-0.2187367,-4.718313,-17.15475,-4.572248,-4.460332,1.693673,8316
148.8,-56.91034,-5,0.2369522,-0.4215139,-35.92443,-15.13335,-4.639729,-4.534966,-1.512127,8308
148.82,-195.5876,-5,-0.5813227,-0.8876183,-43.16107,-14.44955,-5.58445,-5.245879,-5.8406,8316
148.84,-101.5447,-5,-1.26441,-1.461464,-30.45878,-25.70309,-5.65193,-5.655735,-7.613362,8356
148.86,103.1165,-5,-0.6963233,-1.620459,27.02216,-25.17906,-4.639729,-5.085715,-3.162292,8348
148.88,15.15039,-5,-0.5229498,-1.51875,7.678637,-4.793198,-4.639729,-4.769199,-1.327398,8296
148.9,-243.7791,-5,-1.077118,-1.553589,-36.29084,1.14291,-5.989328,-5.512152,-4.608286,8288
148.92,-104.7958,-5,-1.966332,-1.909239,-43.48168,-17.99213,-5.92185,-5.919411,-6.932815,8396
148.94,152.5255,-5,-2.740556,-2.358946,49.66339,-13.5102,-4.842169,-5.49248,-4.859818,8384
148.96,-6.457886,-5,-1.677634,-2.122804,45.96873,11.69755,-5.247049,-5.297316,1.253116,8324
148.98,38.97345,-5,-1.899143,-1.758002,-39.06947,13.19298,-4.909649,-5.019904,2.769313,8380
149,43.12329,-5,-3.078658,-1.786744,-61.00841,22.8257,-4.909649,-5.055877,1.573471,8336
149.02,-7.240295,-5,-5.111549,-2.274268,56.48782,36.34437,-5.58445,-5.680499,-0.5366573,8332
149.04,204.8438,-5,-3.424869,-1.79597,63.75499,34.97107,-4.639729,-5.028749,11.00434,8364
149.06,213.7707,-5,-2.448528,-0.99446,41.61758,52.48403,-4.03241,-4.209099,17.45959,8316
149.08,-105.5209,-5,-1.618004,-0.1508183,25.3733,61.72972,-5.247049,-4.505843,18.29237,8264
149.1,96.99854,-5,-0.7340052,0.6276351,32.44201,33.01959,-4.30233,-4.054111,19.86815,8348
149.12,11.05505,-5,0.7837982,1.273558,66.57942,29.37487,-4.30233,-3.764414,20.58371,8312
149.14,-99.69257,-5,1.536521,1.699406,19.90765,15.55084,-4.639729,-3.869866,17.19947,8284
149.16,-22.84845,-5,1.307646,1.633951,-14.97786,-3.931322,-4.30233,-3.877909,11.86156,8320
149.18,-183.5594,-5,0.84493,1.112137,-38.53512,-7.908267,-5.247049,-4.579828,5.355338,8296
149.2,-197.7371,-5,-0.08821756,0.2574273,-55.8939,-23.92052,-5.92185,-5.430943,-0.8792911,8324
149.22,-13.92474,-5,-1.355698,-0.823043,-69.16109,-31.54527,-5.58445,-5.722571,-4.163144,8372
149.24,83.28473,-5,-2.761314,-1.816882,-76.18398,-13.19036,-5.314529,-5.747735,-4.304805,8372
149.26,156.1289,-5,-3.881203,-2.359122,-67.16108,12.67043,-4.977129,-5.535061,-0.8913357,8328
149.28,84.31757,-5,-4.533258,-2.46975,15.31223,39.25111,-5.314529,-5.573271,3.352094,8308
149.3,10.07001,-5,-3.198755,-1.853263,53.43438,45.01639,-5.65193,-5.510264,10.96567,8336
149.32,169.1555,-5,-2.092927,-0.99686,54.31987,38.05698,-4.639729,-4.737493,16.60328,8384
149.34,-0.2697144,-5,-1.044795,-0.1894677,51.31224,45.88722,-4.977129,-4.525638,18.28846,8300
149.36,-92.11768,-5,-0.1729438,0.4895284,36.1214,30.88263,-5.314529,-4.624138,17.2996,8304
149.38,-79.53442,-5,0.7454494,0.8820702,43.06796,8.606708,-5.247049,-4.633087,15.28749,8372
149.4,-94.63416,-5,1.372241,0.9708662,19.61757,-7.018848,-5.247049,-4.671369,11.91326,8348
149.42,-48.61804,-5,1.195942,0.7446954,-13.42061,-18.26494,-4.977129,-4.6428,7.399793,8328
149.44,-3.917053,-5,0.469349,0.2809215,-51.58856,-18.58838,-4.707209,-4.608566,3.293495,8316
149.46,-143.5056,-5,-0.8256101,-0.4589407,-76.06184,-10.30962,-5.58445,-5.278447,-2.107209,8320
149.48,-148.8953,-5,-2.192475,-1.360956,-75.64964,-14.57272,-6.259249,-6.09385,-5.823844,8368
149.5,155.0685,-5,-3.521097,-2.211301,13.4649,-13.01451,-5.247049,-5.901754,-4.329707,8408
149.52,99.09851,-5,-2.788949,-2.265779,22.76261,16.25444,-5.247049,-5.553617,3.121635,8324
149.54,42.61731,-5,-2.709462,-1.905994,-20.84046,29.66597,-5.314529,-5.351482,6.684474,8348
149.56,45.67395,-5,-3.352614,-1.695678,-42.79466,35.07073,-5.314529,-5.334108,7.279586,8340
149.58,44.89838,-5,-4.243017,-1.726734,35.69392,41.99199,-5.51697,-5.532293,7.722468,8348
149.6,191.0311,-5,-2.543406,-1.042275,72.28934,41.16039,-4.639729,-4.803351,16.93584,8360
149.62,9.312256,-5,-1.310566,-0.2186216,49.87712,51.08306,-5.044609,-4.585942,19.84637,8340
149.64,-73.73456,-5,-0.318051,0.5333039,36.70155,35.84036,-5.314529,-4.62016,19.4536,8356
149.66,-69.67804,-5,0.1974959,0.856158,19.09849,15.6413,-5.314529,-4.697961,16.44827,8380
149.68,-58.34296,-5,0.6214067,0.8823239,22.77788,1.255451,-5.247049,-4.736839,13.48755,8376
149.7,-80.28552,-5,0.8926923,0.7450753,1.70917,-8.127736,-5.314529,-4.830667,10.27414,8356
149.72,-4.63147,-5,0.630439,0.4572971,-18.76412,-15.59653,-4.909649,-4.717189,7.05362,8340
149.74,14.97931,-5,0.004054442,0.05528322,-44.13817,-10.7854,-4.707209,-4.646347,4.186665,8344
149.76,-129.3708,-5,-1.172237,-0.5557274,-69.22215,-2.035128,-5.58445,-5.276782,-0.3513086,8320
149.78,-183.0391,-5,-2.506745,-1.393372,-67.25268,-6.660413,-6.529169,-6.238354,-4.362461,8368
149.8,87.41516,-5,-2.071308,-1.76526,25.58704,-16.21414,-5.58445,-5.934402,0.429204,8412
149.82,34.99768,-5,-1.927618,-1.883441,12.28933,4.292722,-5.58445,-5.700514,3.071952,8364
149.84,8.969727,-5,-2.211327,-1.787372,-23.40534,13.49529,-5.58445,-5.590812,4.302045,8360
149.86,-1.813416,-5,-2.611637,-1.726968,-25.34427,18.30888,-5.65193,-5.616511,4.765913,8396
149.88,191.7997,-5,-2.547224,-1.469351,49.55651,20.63634,-4.572248,-4.943941,8.829874,8368
149.9,7.065125,-5,-1.249715,-0.812955,54.35041,37.20298,-4.977129,-4.701294,13.27607,8320
149.92,-32.30389,-5,-0.4031422,-0.0811457,32.67101,26.63593,-4.977129,-4.54703,14.08372,8332
149.94,-116.9891,-5,0.3540993,0.3572117,38.19773,12.995,-5.314529,-4.692456,12.06377,8328
149.96,-94.40851,-5,0.8548821,0.5046194,13.86185,-6.266566,-5.247049,-4.757684,9.234709,8368
149.98,-32.75537,-5,0.8357737,0.3538944,-8.641978,-16.58161,-4.909649,-4.669405,5.962322,8316
150,-47.20447,-5,0.4398642,0.02664278,-27.49695,-15.91387,-4.909649,-4.721761,2.626039,8308
150.02,29.45673,-5,-0.5570534,-0.4318934,-60.42825,-13.49677,-4.572248,-4.674528,-0.08360887,8324
150.04,-141.4443,-5,-1.83765,-1.109292,-68.51986,-0.2537837,-5.65193,-5.422742,-3.937053,8304
150.06,46.83594,-5,-2.861599,-1.689635,-49.22215,-5.108759,-5.247049,-5.554158,-3.306375,8352
150.08,-22.79718,-5,-1.89554,-1.726925,50.31987,7.34375,-5.58445,-5.574275,1.956204,8348
150.1,140.0508,-5,-1.263251,-1.327357,25.54124,6.790976,-4.572248,-4.851711,6.663202,8356
150.12,45.83704,-5,-1.1204,-0.928397,-3.084725,22.38552,-4.572248,-4.530825,7.704522,8336
150.14,2.235535,-5,-1.205293,-0.5647944,-11.22213,23.4446,-4.639729,-4.473341,7.591327,8308
150.16,3.662842,-5,-1.166168,-0.3388502,8.594668,19.64585,-4.639729,-4.477045,7.489086,8344
150.18,-70.81335,-5,0.2402958,0.1101011,66.33515,12.43629,-4.909649,-4.48325,9.688543,8320
150.2,-151.6945,-5,0.9613824,0.3710514,37.75499,-2.459515,-5.314529,-4.716611,7.364632,8328
150.22,-72.60492,-5,1.320278,0.3821213,14.15192,-21.60285,-4.977129,-4.665287,4.54822,8332
150.24,-67.60718,-5,0.9168096,0.0496801,-28.73359,-24.94901,-4.909649,-4.721581,0.301271,8332
150.26,-1.793823,-5,-0.1476943,-0.4838604,-56.55039,-23.02615,-4.639729,-4.735904,-3.197291,8328
150.28,16.07037,-5,-1.349318,-1.077355,-64.12292,-11.08148,-4.639729,-4.851509,-4.983568,8340
150.3,-108.165,-5,-2.59926,-1.710747,-62.56566,2.502192,-5.58445,-5.541469,-6.742552,8316
150.32,142.9291,-5,-2.56587,-1.857934,30.67101,-0.7634122,-4.639729,-5.161137,-1.382274,8364
150.34,11.72021,-5,-1.590621,-1.558132,43.35804,19.05144,-4.977129,-4.984755,3.761536,8312
150.36,-25.74506,-5,-0.6544778,-0.9288776,44.06033,15.74237,-4.977129,-4.783276,6.730092,8356
150.38,-123.6783,-5,0.3834507,-0.3677619,56.77789,6.1484,-5.314529,-4.834488,6.715088,8356
150.4,-112.9791,-5,1.010176,-0.05918792,29.57178,-12.19053,-5.247049,-4.839674,4.613205,8340
150.42,-70.35211,-5,1.140746,-0.06990066,0.4572606,-23.61454,-4.977129,-4.757339,1.566674,8324
150.44,-70.43671,-5,0.346606,-0.4476388,-52.9168,-24.23738,-4.977129,-4.878423,-2.897311,8316
150.46,25.73364,-5,-1.023498,-1.041053,-68.74887,-19.9376,-4.639729,-4.897191,-5.778531,8316
150.48,39.0462,-5,-2.367714,-1.650026,-66.79467,-2.862464,-4.707209,-5.039221,-6.351431,8300
150.5,84.07416,-5,-3.141107,-1.961298,12.79314,12.45153,-4.639729,-5.038407,-3.436777,8304
150.52,-5.505798,-5,-2.17952,-1.658221,36.93055,23.78055,-5.044609,-5.043849,2.661362,8304
150.54,-62.979,-5,-1.152008,-1.107507,36.70155,18.70475,-5.314529,-5.05698,5.849197,8332
150.56,93.93683,-5,0.1390749,-0.3985576,54.79316,5.593176,-4.30233,-4.340537,9.507725,8340
150.58,-10.45544,-5,0.8070295,0.1444576,31.89239,10.4898,-4.30233,-4.028313,8.908354,8276
150.6,-62.61713,-5,0.9584367,0.4850427,-0.2908313,2.599504,-4.36981,-4.011211,6.249601,8308
150.62,-227.0098,-5,0.5868303,0.310466,-20.1229,-7.028235,-5.38201,-4.747486,0.3610112,8292
150.64,-117.5651,-5,0.4270661,-0.09829016,-4.229764,-29.43709,-5.314529,-5.092222,-2.696777,8348
150.66,-73.73828,-5,0.4754969,-0.5723288,-2.367168,-33.36637,-5.247049,-5.193551,-4.091012,8328
150.68,-25.0014,-5,0.2885869,-0.9257125,-16.67252,-30.87283,-4.977129,-5.077683,-4.772544,8344
150.7,44.65375,-5,-0.8416473,-1.351666,-75.6191,-20.38107,-4.572248,-4.904441,-6.417514,8332
150.72,28.45947,-5,-2.391912,-1.857731,-81.31377,-1.225765,-4.707209,-5.043038,-7.619201,8316
150.74,33.0412,-5,-3.745322,-2.294269,-0.4740371,14.33772,-4.977129,-5.32742,-6.537987,8292
150.76,45.57593,-5,-2.506859,-1.960838,54.65576,20.99179,-4.977129,-5.157843,1.736607,8336
150.78,127.3621,-5,-1.464125,-1.260828,42.42674,23.45343,-4.30233,-4.507989,7.629763,8336
150.8,-186.3264,-5,-0.5432667,-0.6211197,43.26643,29.77764,-5.58445,-4.912327,7.647727,8312
150.82,16.44556,-5,0.1776791,-0.06623825,34.06033,0.2015069,-4.707209,-4.562829,8.187721,8356
150.84,-14.70276,-5,0.7267638,0.1733011,31.73972,-0.6767292,-4.572248,-4.347179,6.960606,8320
150.86,-68.46411,-5,1.17697,0.3807704,18.10612,-6.012973,-4.639729,-4.302981,5.329705,8316
150.88,-79.14777,-5,1.249625,0.3921594,-4.870985,-15.27256,-4.639729,-4.349955,2.298142,8320
150.9,-14.71533,-5,0.9628462,0.2014793,-16.09236,-21.43031,-4.30233,-4.260861,-0.4570489,8304
150.92,-29.84747,-5,0.671252,-0.05298428,-18.19923,-18.06571,-4.30233,-4.275894,-2.425874,8312
150.94,-199.7369,-5,0.2386222,-0.4256825,-25.63435,-16.33161,-5.314529,-4.943518,-6.003909,8324
150.96,-43.66937,-5,-0.3812033,-0.89151,-33.35954,-30.12245,-4.977129,-5.102663,-7.669666,8372
150.98,-15.98151,-5,-1.028163,-1.43161,-37.45115,-21.28366,-4.977129,-5.205643,-8.234882,8332
151,-142.8357,-5,-1.775112,-1.92463,-38.55038,-10.44712,-5.85437,-5.79326,-9.275077,8332
151.02,107.3754,-5,-2.263674,-2.178,0.7778715,-14.04448,-4.909649,-5.465029,-6.22025,8372
151.04,57.63788,-5,-2.065626,-2.125269,11.5565,8.215603,-4.909649,-5.205702,-2.021057,8336
151.06,-29.36304,-5,-2.030498,-1.83416,-3.771748,17.68998,-5.247049,-5.238142,0.2955423,8316
151.08,136.4504,-5,-1.49003,-1.30705,31.38857,13.75291,-4.30233,-4.607102,4.790075,8360
151.1,38.88525,-5,-0.4728812,-0.6224315,47.984,24.48687,-4.30233,-4.216782,8.105642,8284
151.12,-7.755493,-5,-0.1385736,-0.03064679,23.87712,20.60662,-4.30233,-4.068916,7.931459,8288
151.14,-99.05914,-5,0.420168,0.3521785,42.97636,11.30713,-4.707209,-4.255509,6.563326,8288
151.16,-70.98358,-5,1.007713,0.5545424,26.99162,-6.022059,-4.639729,-4.301384,5.091548,8296
151.18,-14.20599,-5,1.232128,0.5443436,1.052681,-15.3048,-4.30233,-4.160935,3.114789,8312
151.2,-205.7781,-5,0.8840299,0.2141577,-27.28321,-14.96776,-5.314529,-4.798277,-1.970539,8280
151.22,-30.30511,-5,-0.3165784,-0.4236881,-61.13054,-29.90683,-4.909649,-5.00798,-6.010098,8312
151.24,61.15143,-5,-1.570252,-1.209354,-65.89391,-17.72084,-4.639729,-5.039742,-7.219514,8320
151.26,-80.29871,-5,-2.733781,-1.877969,-63.19161,3.156442,-5.58445,-5.647142,-7.699095,8300
151.28,13.26813,-5,-3.317036,-2.237017,-1.680145,4.709926,-5.58445,-5.860742,-4.819918,8348
151.3,180.3518,-5,-2.246728,-1.928752,45.15956,11.99724,-4.639729,-5.135734,3.633787,8384
151.32,79.97272,-5,-1.74809,-1.361209,20.97635,32.03036,-4.639729,-4.714029,7.544573,8312
151.34,20.31378,-5,-1.464537,-0.7248513,11.11375,34.18244,-4.707209,-4.555203,9.172227,8296
151.36,-57.48792,-5,-0.3671595,-0.0631347,47.37331,25.81529,-4.977129,-4.559654,10.74865,8324
151.38,-58.14191,-5,0.6883927,0.4693355,55.61759,8.902831,-4.909649,-4.475625,10.60353,8352
151.4,-78.01428,-5,1.242591,0.6988112,27.75498,-4.239898,-4.909649,-4.473827,8.013705,8332
151.42,-85.39478,-5,1.385453,0.6570361,2.106116,-15.4762,-4.909649,-4.545067,4.459672,8340
151.44,-28.24835,-5,0.9491647,0.3543002,-29.60382,-22.14051,-4.639729,-4.5312,0.7732833,8316
151.46,-166.612,-5,-0.1404691,-0.3070244,-61.11528,-17.47702,-5.51697,-5.204715,-4.80782,8284
151.48,-10.23572,-5,-1.460307,-1.088852,-67.89391,-23.81574,-5.247049,-5.464924,-7.191955,8344
151.5,90.18262,-5,-2.299518,-1.724969,-45.31374,-9.231581,-4.909649,-5.377944,-5.573478,8340
151.52,-9.174072,-5,-1.900771,-1.763035,12.96108,9.054045,-5.314529,-5.40367,-1.09074,8316
151.54,-3.928162,-5,-1.780286,-1.558158,6.060316,10.72889,-5.314529,-5.347843,1.294758,8372
151.56,-64.1734,-5,-1.169872,-1.253875,32.88475,10.24272,-5.58445,-5.39861,3.161845,8380
151.58,93.9762,-5,-0.4095151,-0.7913789,38.35041,1.641889,-4.639729,-4.780557,6.214747,8368
151.6,-62.07104,-5,-0.03787046,-0.4601161,20.80841,10.50566,-5.044609,-4.751918,5.500132,8312
151.62,-65.51251,-5,0.5938683,-0.0758245,36.38094,-1.533799,-4.977129,-4.6775,5.248541,8328
151.64,-87.06677,-5,1.178472,0.1382709,23.98399,-11.84293,-4.977129,-4.650274,3.587282,8316
151.66,-92.02356,-5,1.116865,0.07202528,-3.542741,-20.67622,-4.977129,-4.723699,0.1487868,8336
151.68,-9.331665,-5,0.6509883,-0.1971332,-26.97786,-25.34195,-4.572248,-4.617944,-2.536995,8340
151.7,-184.9529,-5,-0.2737436,-0.7557625,-52.41298,-17.37258,-5.58445,-5.297989,-7.19545,8324
151.72,-18.62891,-5,-1.346147,-1.375681,-55.48169,-26.08842,-5.247049,-5.490969,-8.716082,8356
151.74,20.54675,-5,-2.266045,-1.997944,-36.9626,-11.9126,-5.247049,-5.603231,-8.213263,8348
151.76,-31.64093,-5,-2.156136,-2.14757,5.28169,0.9364522,-5.58445,-5.720533,-4.553811,8344
151.78,153.8843,-5,-1.865247,-1.88233,21.4649,3.594574,-4.572248,-5.058169,0.6787243,8364
151.8,-12.56873,-5,-1.2276,-1.403498,31.22063,21.80387,-4.977129,-4.901257,3.720325,8292
151.82,-46.15436,-5,-0.6572599,-0.8210539,29.87712,15.09778,-5.044609,-4.828636,5.065004,8332
151.84,-117.6072,-5,0.4887415,-0.2918016,56.09087,3.323303,-5.314529,-4.879465,5.522999,8324
151.86,44.87158,-5,1.034479,0.06829813,29.22063,-13.17693,-4.36981,-4.359905,5.175808,8328
151.88,-18.10394,-5,1.164678,0.2033129,-3.145794,-8.144535,-4.30233,-4.152726,3.053241,8292
151.9,-200.5712,-5,0.2510324,-0.08187159,-55.8939,-8.523425,-5.314529,-4.844597,-3.025189,8280
151.92,-31.08307,-5,-0.7057853,-0.6252652,-55.28321,-23.83299,-4.977129,-5.079374,-5.832229,8344
151.94,-15.05627,-5,-0.5087116,-0.9896162,23.02215,-17.49867,-4.977129,-5.098341,-4.288398,8332
151.96,-20.42261,-5,-0.5189784,-1.120063,7.28169,-11.68446,-4.977129,-5.056635,-3.281682,8328
151.98,-22.12598,-5,-0.7860295,-1.197859,-23.49695,-7.489238,-4.977129,-5.049257,-3.212487,8324
152,-12.49841,-5,-1.214762,-1.302301,-27.58855,-3.426508,-4.977129,-5.080443,-3.255825,8352
152.02,-101.791,5,-1.580097,-1.432853,-5.222131,1.369581,-5.314529,-5.310915,-3.235906,8348
152.04,90.53271,5,-1.134634,-1.272722,33.31223,-5.617374,-4.30233,-4.707813,1.14021,8360
152.06,-13.29132,5,-0.7211299,-1.034038,17.87712,7.721168,-4.36981,-4.413358,3.20249,8296
152.08,-99.52173,5,-0.6595489,-0.8099246,0.7320697,5.686474,-4.639729,-4.45324,2.927056,8316
152.1,-105.5931,5,-0.5927988,-0.7672349,8.732072,-4.648419,-4.707209,-4.534933,2.025145,8308
152.12,-96.9718,5,-0.1772561,-0.7843574,23.03742,-13.51912,-4.639729,-4.496973,2.009402,8296
152.14,-123.5228,5,-0.09582517,-0.9240913,3.266422,-18.88862,-4.707209,-4.531593,0.5956174,8296
152.16,-126.9985,5,-0.2131124,-1.166904,-15.1458,-24.81159,-4.707209,-4.577476,-1.135493,8336
152.18,-52.57132,5,-0.6932464,-1.515624,-28.84046,-27.38968,-4.30233,-4.417759,-2.473937,8328
152.2,-243.8796,5,-1.419014,-2.05558,-39.77176,-19.58513,-5.314529,-5.021402,-5.759072,8320
152.22,65.28204,5,-2.250237,-2.51418,-45.22215,-30.501,-4.03241,-4.574319,-4.638096,8352
152.24,-209.701,5,-2.963523,-3.075257,-30.13817,-4.600991,-5.314529,-5.152617,-5.695879,8268
152.26,-153.532,5,-2.414249,-3.115036,38.50308,-17.14236,-5.314529,-5.246991,-2.103875,8336
152.28,29.35776,5,-1.902944,-3.011383,27.3733,-21.10176,-4.23485,-4.548438,1.487761,8332
152.3,-70.71548,5,-1.866668,-2.878473,-11.81755,-5.446527,-4.23485,-4.228551,2.344423,8284
152.32,-261.0343,5,-2.980961,-3.097474,-56.56566,-1.871842,-5.247049,-4.847274,-1.726343,8300
152.34,-231.1713,5,-3.220257,-3.429433,-8.000758,-18.03908,-5.58445,-5.328943,-2.343155,8336
152.36,-24.48978,5,-2.20607,-3.441597,44.88476,-28.77091,-4.572248,-4.75698,2.410452,8352
152.38,-131.9253,5,-1.807392,-3.36916,1.312223,-16.45391,-4.639729,-4.481771,3.264451,8304
152.4,-131.5545,5,-3.547475,-3.74053,-72.03131,-13.35693,-4.639729,-4.603325,-1.174676,8304
152.42,86.37562,5,-4.966872,-4.201404,-43.86337,-6.103072,-3.627529,-4.17565,-0.03909421,8312
152.44,-71.98769,5,-3.521184,-3.857194,52.22827,15.66066,-3.96493,-3.879948,7.726435,8260
152.46,-174.5266,5,-3.035935,-3.371614,35.37331,12.25603,-4.30233,-3.881753,9.103958,8288
152.48,-64.91682,5,-2.435806,-2.959362,25.26643,-2.137279,-3.627529,-3.453155,10.52188,8284
152.5,-182.498,5,-1.821947,-2.707319,31.22063,-2.811394,-3.897449,-3.403793,9.899152,8248
152.52,-95.63223,5,-1.508296,-2.52033,5.312224,-16.04757,-3.290129,-3.040542,9.273784,8256
152.54,-154.6427,5,-1.841399,-2.657748,-20.85572,-15.01207,-3.357609,-3.021579,6.182248,8236
152.56,-201.7212,5,-2.347054,-2.972445,-33.86336,-18.7673,-3.627529,-3.261091,3.226421,8236
152.58,-1.43866,5,-3.061673,-3.360401,-39.84809,-23.29341,-2.68281,-2.880552,2.891546,8248
152.6,-97.8949,5,-3.639089,-3.720929,-13.66488,-4.270212,-2.95273,-2.893288,2.900319,8200
152.62,2.118896,5,-3.72858,-3.711635,-4.031291,-0.9563694,-2.345409,-2.481226,6.040456,8212
152.64,-118.4756,5,-3.479198,-3.561237,18.06032,10.33709,-2.68281,-2.434431,7.828571,8188
152.66,-240.4471,5,-2.90363,-3.320234,26.47253,3.422263,-3.290129,-2.705487,8.269036,8216
152.68,-53.60452,5,-2.324006,-3.098979,36.38094,-15.0929,-2.345409,-2.224469,9.596183,8240
152.7,-253.3399,5,-1.724494,-3.021288,24.3962,-10.81517,-3.02021,-2.383734,8.072211,8164
152.72,-75.31451,5,-1.783936,-3.00029,-6.779382,-27.69809,-2.075489,-1.950497,6.916276,8200
152.74,-187.2855,5,-2.372287,-3.323874,-30.64198,-19.10379,-2.412889,-2.074559,3.355377,8160
152.76,-153.0853,5,-3.118118,-3.709043,-42.87099,-22.26417,-2.345409,-2.176701,1.366704,8176
152.78,-174.5522,5,-4.003203,-4.253211,-40.24504,-18.04585,-2.61533,-2.459323,-0.4330534,8196
152.8,-40.43542,5,-3.661991,-4.377471,13.29696,-18.36121,-1.940529,-2.06022,3.478803,8204
152.82,-173.7177,5,-3.498327,-4.372571,0.3503905,-5.778623,-2.345409,-2.064747,4.475884,8160
152.84,-53.46545,5,-3.726247,-4.288004,1.831307,-9.937433,-1.670609,-1.683481,5.585934,8176
152.86,-7.505859,5,-3.496765,-4.078116,8.808408,-1.121244,-1.06329,-1.112834,8.218676,8144
152.88,-136.5834,5,-3.685967,-3.895086,-4.703047,9.818148,-1.40069,-1.089944,8.099288,8092
152.9,-29.50763,5,-3.313797,-3.548679,36.50308,2.988936,-0.7258892,-0.6374488,10.52713,8128
152.92,-224.7405,5,-2.41601,-3.19219,36.47254,5.969664,-1.40069,-0.7567036,10.95343,8080
152.94,-109.6736,5,-2.092626,-2.934224,8.671004,-12.68832,-0.7933693,-0.4706747,10.2939,8116
152.96,-200.7083,5,-1.962507,-2.969585,0.8236728,-14.00052,-1.06329,-0.5533815,7.732738,8068
152.98,-72.40247,5,-2.355446,-3.133435,-23.2374,-22.55652,-0.3884897,-0.2742095,6.061134,8088
153,-183.3973,5,-3.09546,-3.540325,-38.90153,-12.99608,-0.8608494,-0.5333064,3.040875,8064
153.02,-164.772,5,-3.790652,-3.96017,-20.50458,-15.63036,-0.9958096,-0.7838686,1.714137,8060
153.04,-43.13354,5,-3.492696,-4.091917,9.983981,-16.29278,-0.3884897,-0.4365273,4.725952,8084
153.06,10.49316,5,-3.592616,-4.058588,-6.321367,-3.924201,0.2188301,0.1046162,6.896403,8056
153.08,-106.8081,5,-3.749535,-3.910338,-10.85572,10.05156,-0.05108929,0.1830794,7.647234,8004
153.1,-71.89331,5,-3.56053,-3.629163,23.00689,6.893756,0.2188301,0.4053901,9.358076,8048
153.12,-7.296265,5,-2.512652,-3.108558,49.64812,5.030052,0.89363,1.026118,13.06738,8008
153.14,-216.6108,5,-1.91633,-2.697611,21.64811,8.00261,0.2188301,0.911662,11.8205,7976
153.16,-69.37646,5,-1.954612,-2.501129,0.3809245,-10.80615,0.9611101,1.216066,10.16197,8028
153.18,-70.92236,5,-1.818642,-2.483638,8.457264,-8.778523,1.23103,1.475717,9.144304,7956
153.2,4.092163,5,-1.875599,-2.406339,-13.95496,-7.227841,1.90583,1.960045,9.169968,7944
153.22,-114.7516,5,-2.256225,-2.44634,-16.58091,2.467331,1.568431,1.90011,7.198364,7932
153.24,-56.84033,5,-2.065332,-2.343523,11.73971,-3.68783,1.90583,2.090943,7.850205,7936
153.26,26.03296,5,-1.851815,-2.195986,18.13666,-2.410424,2.58063,2.588711,8.964767,7920
153.28,-150.713,5,-1.721459,-2.076691,-0.3671672,6.08112,1.97331,2.439391,7.777205,7868
153.3,-27.15002,5,-1.692589,-1.948621,8.472529,-6.058991,2.58063,2.706917,7.634123,7944
153.32,38.08777,5,-1.198545,-1.743621,27.81605,-3.058419,3.25543,3.266278,9.169735,7876
153.34,-97.39575,5,-1.208397,-1.589024,-7.237397,5.354823,2.918031,3.275392,7.713824,7832
153.36,25.46497,5,-1.550352,-1.50516,-12.10763,-1.39335,3.592831,3.600694,6.988366,7860
153.38,-90.6322,5,-1.038101,-1.362963,28.88475,4.66561,3.25543,3.591622,7.289921,7812
153.4,26.58618,5,-1.057018,-1.215032,-6.122894,-2.771749,3.93023,3.957084,7.223167,7832
153.42,-84.78735,5,-0.9421722,-1.159597,17.05269,3.602509,3.592831,3.902073,6.138936,7812
153.44,33.04614,5,-0.7946156,-1.010397,-3.038924,-3.713319,4.267631,4.276251,6.693359,7828
153.46,-76.87268,5,-0.7893086,-0.9824241,17.83131,3.173996,3.93023,4.211603,5.306649,7784
153.48,-120.9647,5,-0.5998865,-0.9406705,-3.527473,-4.14958,3.660311,4.021521,4.156103,7804
153.5,59.35315,5,-0.8444145,-1.022655,10.24352,-12.30189,4.53755,4.402156,3.6768,7816
153.52,-36.36279,5,-0.704872,-1.048824,-1.695411,-0.06784844,4.335111,4.468899,3.728147,7768
153.54,111.3271,5,-1.076167,-0.9745229,-28.15344,-0.09933148,5.21235,4.973519,4.409805,7808
153.56,-12.24585,5,-0.7253603,-0.7578793,28.24353,13.48561,4.94243,5.082856,5.569558,7728
153.58,-91.33569,5,-0.2990519,-0.4527053,7.113751,8.400317,4.60503,4.959445,5.434042,7736
153.6,89.95532,5,-0.1932114,-0.2571145,39.86185,-2.946568,5.54975,5.432809,5.675816,7768
153.62,-28.32141,5,0.5781208,0.01919067,30.48781,5.144735,5.34731,5.587243,6.309292,7700
153.64,-54.43762,5,0.3662031,0.1319615,-21.95496,-0.8045021,5.27983,5.529246,3.666393,7736
153.66,-90.55554,5,-0.2131871,-0.1085862,-10.94732,-5.551948,4.94243,5.180822,0.005394578,7748
153.68,-63.6936,5,0.3694077,-0.1927241,19.17482,-14.32137,4.94243,5.104233,0.5765574,7764
153.7,-50.30957,5,0.02606058,-0.452282,-21.39008,-16.26932,4.94243,5.012955,-1.608876,7744
153.72,-35.03406,5,-0.419024,-0.7609959,-18.67252,-14.72863,4.94243,4.924428,-2.961823,7764
153.74,-32.38782,5,-0.7983897,-1.03409,-22.42824,-10.92583,4.87495,4.826327,-3.408647,7736
153.76,-13.31702,5,-1.21628,-1.260215,-12.80992,-6.730578,4.87495,4.768189,-3.292138,7772
153.78,2.626099,5,-1.16296,-1.297125,-2.03129,-2.174996,4.94243,4.83501,-1.50222,7744
153.8,-2.234009,5,-1.267858,-1.26636,-5.680146,2.817666,4.94243,4.87869,-0.5097048,7756
153.82,-8.751709,5,-1.102757,-1.127433,9.083218,5.089675,4.94243,4.937304,0.9566069,7776
153.84,-16.83972,5,-0.8893335,-0.9490405,9.327493,5.23316,4.94243,4.991931,1.952441,7764
153.86,-25.64319,5,-0.631549,-0.7677096,11.99925,3.655143,4.94243,5.037536,2.534701,7748
153.88,-45.87231,5,-0.3748528,-0.6208539,9.617569,0.83622,4.87495,5.029263,2.507657,7744
153.9,-45.67273,5,-0.2507888,-0.5529506,4.671002,-3.490982,4.87495,5.01527,1.894706,7760
153.92,-32.08887,5,-0.2645464,-0.5716658,-1.664878,-6.267503,4.94243,5.026199,1.109175,7752
153.94,-36.51123,5,-0.2364628,-0.6095012,-1.130526,-6.841712,4.94243,5.024352,0.6104298,7744
153.96,-27.32593,5,-0.2342774,-0.641295,-0.8099151,-7.668138,5.009911,5.057593,0.2526597,7756
153.98,-46.37903,5,-0.2114699,-0.6726328,-1.512206,-7.406889,4.94243,5.028955,-0.227204,7744
154,-44.71973,5,-0.2064412,-0.7059944,0.9916119,-9.190733,4.94243,5.010125,-0.7073712,7748
154.02,-42.72485,5,-0.269405,-0.771921,-3.206862,-10.00159,4.94243,4.987577,-1.307449,7732
154.04,-18.29565,5,-0.3016199,-0.8191659,-1.970221,-10.1891,5.077391,5.054232,-1.362092,7740
154.06,-50.97229,5,-0.3671368,-0.8700777,-2.489305,-7.687515,4.94243,4.996351,-1.789731,7744
154.08,-56.59412,5,-0.3450688,-0.8944892,1.205353,-9.44128,4.87495,4.934754,-1.976945,7740
154.1,-48.45581,5,-0.3718711,-0.9467056,-1.710679,-11.07931,4.87495,4.902143,-2.306697,7736
154.12,-34.10681,5,-0.3724817,-0.9895876,-2.000756,-11.31807,4.94243,4.930045,-2.299109,7748
154.14,-26.27295,5,-0.4387217,-1.021125,-4.19923,-9.78533,5.009911,4.97771,-2.295604,7748
154.16,-45.60059,5,-0.4270107,-1.019356,0.4877952,-8.052895,4.94243,4.964238,-2.229209,7748
154.18,-56.0144,5,-0.3976014,-1.008721,1.388559,-8.986465,4.87495,4.921139,-2.327057,7752
154.2,-38.55371,5,-0.39254,-1.013781,-0.2755641,-10.64585,4.94243,4.93968,-2.379308,7756
154.22,-41.69543,5,-0.3879846,-1.026746,-0.06182348,-9.997269,4.94243,4.94752,-2.433739,7764
154.24,-53.57178,5,-0.4420344,-1.052049,-1.787015,-9.732347,4.87495,4.903634,-2.714114,7768
154.26,-36.86401,5,-0.4293941,-1.061545,0.5183294,-10.77489,4.94243,4.927806,-2.582318,7752
154.28,-28.22107,5,-0.4616441,-1.070975,-2.489305,-9.643915,5.009911,4.976419,-2.483781,7740
154.3,-46.10242,5,-0.4853141,-1.069478,0.01451245,-7.971808,4.94243,4.95739,-2.492239,7744
154.32,-54.84155,5,-0.4806195,-1.064574,-0.04655629,-8.712208,4.87495,4.910071,-2.551893,7752
154.34,-25.09497,5,-0.4716652,-1.059077,0.01451245,-10.05957,5.009911,4.970809,-2.321819,7744
154.36,-44.50659,5,-0.4892435,-1.065146,-0.4893047,-7.912092,4.94243,4.956373,-2.368351,7748
154.38,-53.40405,5,-0.5128556,-1.067555,0.02977964,-8.39849,4.87495,4.908101,-2.471024,7748
154.4,-23.38477,5,-0.51287,-1.065427,-0.8251827,-9.563362,5.009911,4.968551,-2.209625,7748
154.42,-43.55872,5,-0.4968678,-1.061275,0.01451245,-7.380929,4.94243,4.959509,-2.13358,7740
154.44,-29.23169,5,-0.5453258,-1.048419,-1.298465,-7.786214,5.009911,4.990826,-2.035068,7756
154.46,-32.89856,5,-0.5460909,-1.034539,-0.4740371,-6.60115,5.009911,5.006209,-1.867862,7732
154.48,-57.30859,5,-0.550451,-1.028134,0.01451245,-6.220969,4.87495,4.932877,-1.993107,7736
154.5,-34.60132,5,-0.5665925,-1.031811,-0.7641136,-8.348036,4.94243,4.938704,-1.925825,7752
154.52,-11.72461,5,-0.5814743,-1.033822,-0.5809073,-7.355173,5.077391,5.023118,-1.575541,7740
154.54,-44.54871,5,-0.6490193,-1.038153,-1.817549,-4.210894,4.94243,4.976069,-1.648707,7748
154.56,-50.13379,5,-0.599371,-1.013516,1.983979,-5.635585,4.87495,4.92511,-1.46804,7752
154.58,-20.85095,5,-0.5234023,-0.9834872,2.6252,-7.339517,5.009911,4.992375,-1.081969,7736
154.6,-39.67761,5,-0.5801061,-0.9904667,-1.832817,-5.340748,4.94243,4.9729,-1.29268,7760
154.62,-25.19067,5,-0.5840156,-0.973474,0.8694746,-5.881662,5.009911,5.006091,-1.062823,7736
154.64,-52.84631,5,-0.5603785,-0.9682157,0.02977964,-4.903869,4.87495,4.943492,-1.16305,7740
154.66,-43.84363,5,-0.5602283,-0.9710435,0.7168028,-7.047525,4.87495,4.914711,-1.24191,7764
154.68,-40.46021,5,-0.538198,-0.9893476,-1.298465,-7.626544,4.87495,4.904378,-1.26435,7752
154.7,-27.81311,5,-0.5477795,-1.001422,-0.3213652,-7.611544,4.94243,4.94042,-1.174942,7748
154.72,-45.26184,5,-0.5290284,-1.002815,-0.3366328,-6.416838,4.87495,4.920154,-1.191445,7740
154.74,-31.47681,5,-0.5117131,-0.987886,0.9916119,-7.424864,4.94243,4.953211,-1.083271,7752
154.76,-36.15222,5,-0.5037557,-0.9809743,-0.596175,-6.72765,4.94243,4.966805,-1.111187,7740
154.78,-38.01172,5,-0.5061636,-0.9719669,0.8694746,-6.733747,4.94243,4.970892,-1.155469,7744
154.8,-50.13672,5,-0.5037852,-0.9756182,-0.962587,-6.959985,4.87495,4.930459,-1.346026,7740
154.82,-45.39575,5,-0.4790714,-0.9835705,0.3961921,-8.417955,4.87495,4.913862,-1.429915,7756
154.84,-31.61914,5,-0.497036,-1.003137,-0.4587703,-8.818342,4.94243,4.94325,-1.47635,7748
154.86,-24.55359,5,-0.5104102,-1.007524,-0.7793808,-7.625948,5.009911,4.996575,-1.342358,7732
154.88,-44.12573,5,-0.4952608,-0.9931536,0.5335966,-6.205984,4.94243,4.983068,-1.336827,7732
154.9,-42.2179,5,-0.4854863,-0.9766759,0.2129859,-7.278078,4.94243,4.976061,-1.387981,7752
154.92,-42.09253,5,-0.4425455,-0.9683853,1.159551,-7.938813,4.94243,4.97523,-1.415113,7736
154.94,-41.70056,5,-0.4598183,-0.9781001,-0.2450293,-8.306452,4.94243,4.969515,-1.59915,7728
154.96,-53.2738,5,-0.4481136,-0.9945608,-0.2908313,-8.577578,4.87495,4.926815,-1.793779,7744
154.98,-24.82605,5,-0.4524655,-1.00335,0.7626044,-9.862623,5.009911,4.987336,-1.693654,7744
155,-44.87866,5,-0.4715477,-1.020082,-0.7335792,-7.804592,4.94243,4.971747,-1.838232,7724
155.02,-42.72791,5,-0.4914647,-1.022973,-0.04655629,-8.405866,4.94243,4.96308,-1.888589,7736
155.04,-42.97888,5,-0.4388924,-1.017192,0.7015356,-8.764359,4.94243,4.965696,-1.81181,7748
155.06,-31.47644,5,-0.4573131,-1.016824,0.2740546,-8.941217,5.009911,5.003066,-1.823632,7748
155.08,-48.62476,5,-0.4493566,-1.017138,-0.6114421,-7.952065,4.94243,4.979624,-1.924693,7736
155.1,-45.59387,5,-0.4464954,-1.016067,0.9458106,-9.04149,4.94243,4.968103,-2.008369,7744
155.12,-55.06763,5,-0.4730507,-1.043955,-0.7793808,-9.390831,4.87495,4.917193,-2.306874,7732
155.14,-37.14758,5,-0.4761214,-1.066293,0.4725278,-10.54349,4.94243,4.935708,-2.260875,7764
155.16,-40.34534,5,-0.4800355,-1.084637,-0.2450293,-9.485174,4.94243,4.945688,-2.239426,7760
155.18,-54.21777,5,-0.4654291,-1.088378,0.1671843,-9.187515,4.87495,4.913392,-2.299475,7752
155.2,-37.81616,5,-0.4893338,-1.095939,0.04504682,-10.28635,4.94243,4.935519,-2.320119,7776
155.22,-41.02539,5,-0.4960783,-1.106007,-0.1381594,-9.334801,4.94243,4.945234,-2.305769,7748
155.24,-30.92676,5,-0.5022905,-1.095595,-0.7641136,-8.986223,5.009911,4.990909,-2.125106,7736
155.26,-48.59631,5,-0.5005768,-1.084451,0.4114593,-7.768374,4.94243,4.971327,-2.157484,7760
155.28,-45.052,5,-0.5185419,-1.078373,-0.1381594,-8.685821,4.94243,4.95927,-2.212659,7740
155.3,-43.52869,5,-0.5022796,-1.079654,-0.4282355,-8.986503,4.94243,4.9556,-2.182611,7732
155.32,-31.53918,5,-0.4999531,-1.074865,0.1977187,-9.013686,5.009911,4.995239,-2.039018,7768
155.34,-36.41541,5,-0.5205647,-1.06926,-0.519839,-7.752242,5.009911,5.010962,-1.998024,7744
155.36,-62.10291,5,-0.4936571,-1.060111,0.4267263,-7.552891,4.87495,4.940971,-2.119885,7736
155.38,-40.6228,5,-0.4908952,-1.061494,-0.07709067,-9.995863,4.94243,4.948348,-2.137668,7756
155.4,-41.97998,5,-0.4845389,-1.07873,-0.1686933,-9.461884,4.94243,4.951936,-2.16699,7748
155.42,-42.45801,5,-0.5071236,-1.089896,-1.817549,-9.172663,4.94243,4.952111,-2.197467,7756
155.44,-31.34399,5,-0.5017522,-1.083966,0.7626044,-9.024162,5.009911,4.994824,-2.01669,7748
155.46,-48.40344,5,-0.5144335,-1.081734,-0.3213652,-7.78763,4.94243,4.972211,-2.098357,7748
155.48,-33.95203,5,-0.4982378,-1.063207,0.3503905,-8.722352,5.009911,5.004654,-1.930388,7748
155.5,-61.14624,5,-0.4986663,-1.06996,0.2435202,-7.928963,4.87495,4.936597,-2.187804,7756
155.52,-40.05139,5,-0.5074727,-1.07754,-0.3366328,-10.09427,4.94243,4.944808,-2.187403,7756
155.54,-29.86816,5,-0.5087842,-1.089143,-0.2755641,-9.364702,5.009911,4.989553,-2.058468,7748
155.56,-46.87451,5,-0.5519131,-1.099009,-2.382435,-7.736771,4.94243,4.96594,-2.153934,7748
155.58,-43.03467,5,-0.5738675,-1.10058,-0.107625,-8.30298,4.94243,4.954698,-2.122891,7748
155.6,-30.11853,5,-0.5565019,-1.092866,0.04504682,-8.319611,5.009911,4.994289,-1.876625,7748
155.62,-46.43005,5,-0.5724998,-1.090719,0.3351234,-6.996687,4.94243,4.970867,-1.914396,7776
155.64,-42.58655,5,-0.5825859,-1.085043,-0.3060985,-7.733061,4.94243,4.960159,-1.876925,7768
155.66,-29.52637,5,-0.5677564,-1.075887,0.4877952,-7.852718,5.009911,4.998679,-1.661513,7756
155.68,-57.20996,5,-0.5844387,-1.082291,-0.06182348,-6.606077,4.87495,4.933695,-1.84895,7744
155.7,-36.67859,5,-0.577814,-1.078777,-0.1228922,-8.571853,4.94243,4.946925,-1.721106,7760
155.72,-27.47888,5,-0.5506914,-1.072801,1.159551,-7.861928,5.009911,4.997629,-1.490544,7752
155.74,-45.19055,5,-0.5807326,-1.069003,-1.802282,-6.389497,4.94243,4.976783,-1.5791,7744
155.76,-31.11011,5,-0.5538839,-1.043477,1.11375,-7.269526,5.009911,5.011813,-1.349759,7744
155.78,-46.578,5,-0.5659232,-1.040426,-0.2297625,-6.411887,4.94243,4.98379,-1.48456,7752
155.8,-43.1438,5,-0.539444,-1.030369,0.5793981,-7.495379,4.94243,4.974277,-1.440821,7740
155.82,-29.86035,5,-0.5476537,-1.030832,0.2282531,-7.809828,5.009911,5.0081,-1.390912,7744
155.84,-46.17004,5,-0.5474744,-1.033781,-0.107625,-6.703413,4.94243,4.983266,-1.45905,7740
155.86,-54.24561,5,-0.5502664,-1.040998,0.4725278,-7.63512,4.87495,4.931222,-1.625542,7736
155.88,-23.34021,5,-0.5799886,-1.056386,-0.5656406,-8.912724,5.009911,4.984832,-1.526194,7752
155.9,-31.1969,5,-0.5780089,-1.060372,-1.359534,-6.644448,5.009911,5.012276,-1.362927,7732
155.92,-46.79907,5,-0.5673153,-1.04229,1.724437,-6.002891,4.94243,4.987693,-1.333108,7744
155.94,-31.63672,5,-0.5525868,-1.021238,0.01451245,-7.176675,5.009911,5.017479,-1.214603,7732
155.96,-46.68262,5,-0.5589768,-1.022818,0.1061156,-6.423394,4.94243,4.98759,-1.36101,7748
155.98,-42.72876,5,-0.5502209,-1.021875,0.2740546,-7.473914,4.94243,4.975009,-1.375877,7732
156,-52.20093,5,-0.5647656,-1.044788,-0.4893047,-7.743516,4.87495,4.926271,-1.597886,7744
156.02,-23.09326,5,-0.5564889,-1.051566,0.3503905,-8.855527,5.009911,4.988018,-1.36716,7748
156.04,-54.47021,5,-0.5811893,-1.072935,-1.145793,-6.620605,4.87495,4.933074,-1.587579,7732
156.06,-36.13733,5,-0.5637693,-1.065636,1.342757,-8.347048,4.94243,4.953094,-1.427658,7740
156.08,-38.04077,5,-0.5954317,-1.080297,-1.985488,-7.528589,4.94243,4.957457,-1.509135,7740
156.1,-39.53345,5,-0.5713111,-1.072853,1.098482,-7.263197,4.94243,4.964706,-1.370361,7744
156.12,-51.38806,5,-0.5930065,-1.07965,-0.8862511,-7.190404,4.87495,4.924251,-1.550975,7744
156.14,-23.19397,5,-0.5751467,-1.070528,-0.01602192,-8.348026,5.009911,4.989821,-1.282845,7748
156.16,-43.39587,5,-0.5882189,-1.071961,-0.0007547362,-6.248281,4.94243,4.977285,-1.351752,7756
156.18,-53.29565,5,-0.5822079,-1.064921,1.037414,-6.947291,4.87495,4.932377,-1.438577,7748
156.2,-24.22363,5,-0.562911,-1.055972,-0.4129688,-8.420861,5.009911,4.994384,-1.234687,7744
156.22,-55.39734,5,-0.5825557,-1.071129,-0.5045714,-6.444329,4.87495,4.938137,-1.488536,7756
156.24,-47.61035,5,-0.5936011,-1.079173,0.6404669,-8.249156,4.87495,4.912232,-1.556987,7748
156.26,-32.04834,5,-0.6179883,-1.101907,-1.802282,-8.545336,4.94243,4.938471,-1.525916,7740
156.28,-47.23254,5,-0.6389642,-1.122402,-0.3519,-7.125453,4.87495,4.91061,-1.570111,7736
156.3,-32.349,5,-0.629368,-1.115725,-0.01602192,-7.727951,4.94243,4.943217,-1.339224,7744
156.32,-36.51257,5,-0.6344061,-1.110114,-0.4740371,-6.605516,4.94243,4.958225,-1.260832,7744
156.34,-37.83118,5,-0.653294,-1.099076,0.2435202,-6.220112,4.94243,4.963456,-1.20601,7756
156.36,-37.8053,5,-0.6626609,-1.089653,-0.2144953,-6.064289,4.94243,4.965143,-1.141542,7744
156.38,-49.87476,5,-0.6319749,-1.080243,-0.09235785,-6.085092,4.87495,4.929996,-1.130304,7760
156.4,-33.14465,5,-0.630071,-1.074611,0.1977187,-7.295931,4.94243,4.954208,-1.049083,7768
156.42,-24.91809,5,-0.6256315,-1.066286,-0.3977011,-6.395778,5.009911,5.006338,-0.8620765,7756
156.44,-32.64124,5,-0.5967488,-1.034855,0.5641309,-5.070286,5.009911,5.034189,-0.672079,7740
156.46,-47.42896,5,-0.5910996,-1.009164,0.9763447,-5.018863,4.94243,5.004226,-0.7860726,7740
156.48,-43.6366,5,-0.5510145,-0.9921036,1.037414,-6.611283,4.94243,4.992118,-0.8228669,7760
156.5,-52.73169,5,-0.5749131,-1.015634,-0.6725109,-7.223685,4.87495,4.939265,-1.172121,7748
156.52,-46.77185,5,-0.549064,-1.038694,0.1824515,-8.635093,4.87495,4.918914,-1.238974,7748
156.54,-33.13159,5,-0.5558085,-1.063112,-0.8709843,-8.920701,4.94243,4.949771,-1.240581,7748
156.56,-26.83545,5,-0.5539715,-1.065111,-1.145793,-7.718997,5.009911,5.006035,-1.083595,7740
156.58,-46.78052,5,-0.5429178,-1.051236,1.266421,-6.357864,4.94243,4.992394,-1.130768,7736
156.6,-33.13586,5,-0.5435883,-1.031392,0.5641309,-7.446702,5.009911,5.023943,-1.099707,7744
156.62,-38.55872,5,-0.4909437,-1.010152,0.2282531,-6.96772,5.009911,5.041874,-1.038394,7744
156.64,-52.14282,5,-0.5024943,-1.006604,0.6557342,-7.187938,4.94243,5.003761,-1.322199,7760
156.66,-46.4823,5,-0.5235584,-1.023868,-0.8709843,-8.634244,4.94243,4.98062,-1.548851,7752
156.68,-55.87476,5,-0.5075268,-1.054484,0.4114593,-9.098949,4.87495,4.931357,-1.752673,7732
156.7,-37.41345,5,-0.551703,-1.09199,-1.481671,-10.18215,4.94243,4.944768,-1.858165,7752
156.72,-52.20984,5,-0.5413059,-1.122517,0.3198562,-9.09813,4.87495,4.914808,-1.925755,7748
156.74,-35.78809,5,-0.6055683,-1.147921,-1.206862,-9.63656,4.94243,4.935935,-1.965092,7736
156.76,-39.23193,5,-0.608063,-1.159749,-0.4129688,-8.327198,4.94243,4.948792,-1.840063,7736
156.78,-52.13867,5,-0.6322593,-1.166045,0.2282531,-7.75444,4.87495,4.913758,-1.909177,7744
156.8,-23.72156,5,-0.6464054,-1.158829,-1.145793,-8.578457,5.009911,4.979014,-1.636595,7740
156.82,-55.96252,5,-0.6294062,-1.155471,-0.07709067,-6.360743,4.87495,4.931497,-1.671815,7740
156.84,-25.13965,5,-0.6602153,-1.138415,-0.2908313,-7.994056,5.009911,4.987903,-1.466711,7756
156.86,-55.79956,5,-0.6459574,-1.138757,-0.3671672,-6.056566,4.87495,4.93474,-1.543995,7732
156.88,-35.8053,5,-0.6768023,-1.134475,0.7015356,-7.739838,4.94243,4.948399,-1.470758,7748
156.9,-49.79028,5,-0.6414683,-1.137541,-0.01602192,-6.974208,4.87495,4.919949,-1.429154,7740
156.92,-33.65002,5,-0.6645936,-1.137233,-0.1992282,-7.77567,4.94243,4.945799,-1.342762,7744
156.94,-37.37329,5,-0.6536722,-1.1328,-0.3671672,-6.711356,4.94243,4.960362,-1.211655,7748
156.96,-39.40393,5,-0.6436617,-1.115096,0.9000088,-6.418161,4.94243,4.969258,-1.102729,7748
156.98,-28.2561,5,-0.6551537,-1.096436,-0.519839,-6.363769,5.009911,5.011497,-0.9656133,7756
157,-44.80164,5,-0.6658869,-1.086321,0.4572606,-5.189759,4.94243,4.988315,-1.010389,7760
157.02,-40.10071,5,-0.7037511,-1.085488,0.2893218,-5.953178,4.94243,4.973124,-1.054123,7760
157.04,-26.31042,5,-0.6931429,-1.079831,-0.1534266,-5.988703,5.009911,5.010011,-0.8066856,7744
157.06,-42.72156,5,-0.6875189,-1.07223,0.2587874,-4.662188,4.94243,4.988982,-0.762625,7764
157.08,-27.79211,5,-0.686014,-1.051995,-0.03128911,-5.419912,5.009911,5.021114,-0.569883,7764
157.1,-43.20508,5,-0.6820644,-1.044936,-0.2755641,-4.448533,4.94243,4.995356,-0.6019045,7764
157.12,-28.23889,5,-0.6588053,-1.023368,0.1366499,-5.414027,5.009911,5.027524,-0.3973609,7764
157.14,-44.09424,5,-0.6423532,-1.015373,0.2282531,-4.61988,4.94243,5.002316,-0.4636003,7752
157.16,-51.96033,5,-0.6407415,-1.018445,0.1061156,-5.725857,4.87495,4.949299,-0.6522341,7748
157.18,-21.51636,5,-0.6436428,-1.026164,-0.0007547362,-7.188188,5.009911,5.005126,-0.5205286,7756
157.2,-41.13745,5,-0.6438647,-1.037205,-0.1534266,-5.107003,4.94243,4.990999,-0.56506,7776
157.22,-27.72437,5,-0.6495264,-1.023632,-0.3060985,-5.671004,5.009911,5.025737,-0.4197909,7744
157.24,-32.74109,5,-0.6286147,-1.007349,0.8847416,-4.759963,5.009911,5.043377,-0.3304908,7752
157.26,-45.59192,5,-0.6593293,-1.00484,-0.107625,-4.586108,4.94243,5.005301,-0.5252441,7764
157.28,-40.33569,5,-0.6499475,-1.007153,-0.2908313,-5.797919,4.94243,4.988754,-0.5471744,7756
157.3,-26.80188,5,-0.6386759,-1.010169,0.5030622,-6.079042,5.009911,5.023393,-0.4254821,7756
157.32,-43.25049,5,-0.640976,-1.014835,-0.2450293,-4.917373,4.94243,4.998926,-0.5046211,7756
157.34,-51.41296,5,-0.6446511,-1.022761,0.1061156,-5.823915,4.87495,4.946962,-0.6762614,7748
157.36,-32.88928,5,-0.6434536,-1.037795,0.1061156,-7.22402,4.94243,4.963866,-0.6547629,7752
157.38,-35.45764,5,-0.6547142,-1.056351,-0.1992282,-6.242015,4.94243,4.971367,-0.6611915,7748
157.4,-48.479,5,-0.6573926,-1.065262,-0.1534266,-5.871576,4.87495,4.936007,-0.7414831,7744
157.42,-20.40894,5,-0.6677971,-1.062276,-0.4893047,-6.855776,5.009911,5.000401,-0.5441684,7748
157.44,-41.49231,5,-0.6434231,-1.054824,-0.07709067,-4.781133,4.94243,4.99287,-0.505755,7756
157.46,-52.39014,5,-0.6212943,-1.039178,0.1977187,-5.641111,4.87495,4.950891,-0.6115453,7760
157.48,-23.70837,5,-0.6013343,-1.028188,0.6557342,-7.325155,5.009911,5.012168,-0.4847552,7768
157.5,-43.73376,5,-0.6050761,-1.033469,-0.1992282,-5.557069,4.94243,4.996747,-0.6351154,7752
157.52,-41.35107,5,-0.6253238,-1.03332,-0.5809073,-6.34526,4.94243,4.986459,-0.7298592,7764
157.54,-40.52759,5,-0.6044584,-1.036774,0.7931387,-6.695925,4.94243,4.983561,-0.7435281,7772
157.56,-28.17859,5,-0.6302373,-1.042871,-0.1228922,-6.733323,5.009911,5.018899,-0.7228662,7744
157.58,-44.14014,5,-0.6584268,-1.05409,-0.4740371,-5.442792,4.94243,4.991599,-0.839526,7772
157.6,-51.99951,5,-0.6596726,-1.06289,-0.0007547362,-6.222443,4.87495,4.940089,-0.9492673,7744
157.62,-45.09302,5,-0.6552773,-1.08321,-0.3366328,-7.543313,4.87495,4.917939,-1.01583,7768
157.64,-30.79724,5,-0.6638134,-1.103477,-0.04655629,-7.664354,4.94243,4.949135,-0.9278392,7768
157.66,-35.61755,5,-0.6662997,-1.108317,0.04504682,-6.295367,4.94243,4.96581,-0.8271835,7776
157.68,-26.27856,5,-0.6734152,-1.090179,-0.0007547362,-5.830317,5.009911,5.014525,-0.6249721,7752
157.7,-44.45618,5,-0.6582339,-1.069246,0.2893218,-4.656959,4.94243,4.997531,-0.6200699,7764
157.72,-41.70886,5,-0.6491527,-1.050575,-0.04655629,-5.746206,4.94243,4.98902,-0.638435,7764
157.74,-28.38831,5,-0.6537903,-1.045054,-0.04655629,-6.144809,5.009911,5.022851,-0.5793359,7752
157.76,-56.04663,5,-0.6545308,-1.053403,0.06031401,-5.111381,4.87495,4.956807,-0.7878503,7748
157.78,-35.53943,5,-0.6505188,-1.055336,-0.01602192,-7.208319,4.94243,4.968175,-0.7360831,7748
157.8,-25.32019,5,-0.6652175,-1.066572,-0.519839,-6.447233,5.009911,5.012081,-0.6452527,7748
157.82,-55.52881,5,-0.6362194,-1.063704,1.11375,-5.064334,4.87495,4.956723,-0.7150348,7744
157.84,-47.46765,5,-0.6492091,-1.068697,-0.06182348,-7.156415,4.87495,4.928762,-0.870428,7740
157.86,-31.98999,5,-0.6597704,-1.089755,-0.8862511,-7.661983,4.94243,4.954566,-0.859599,7752
157.88,-35.54089,5,-0.6853041,-1.105915,-0.6725109,-6.349332,4.94243,4.965382,-0.8359424,7740
157.9,-48.93213,5,-0.6844884,-1.108183,0.2740546,-5.870624,4.87495,4.932559,-0.8603018,7744
157.92,-32.72717,5,-0.6864445,-1.105123,0.02977964,-6.873316,4.94243,4.958566,-0.7556617,7748
157.94,-47.45996,5,-0.7003671,-1.116812,-0.5809073,-5.877079,4.87495,4.928376,-0.8661202,7756
157.96,-32.33459,5,-0.6818699,-1.107861,0.3656577,-6.743691,4.94243,4.959302,-0.6728185,7748
157.98,-36.14648,5,-0.6935341,-1.106409,-0.1992282,-5.74937,4.94243,4.971625,-0.6586605,7736
158,-49.33484,5,-0.6922987,-1.102105,0.04504682,-5.507374,4.87495,4.937376,-0.7239028,7748
158.02,-44.42896,5,-0.6907834,-1.105017,0.1824515,-6.68232,4.87495,4.921562,-0.7723774,7764
158.04,-19.00635,5,-0.6982448,-1.105497,-0.4282355,-6.88613,5.009911,4.994748,-0.5508896,7740
158.06,-52.64001,5,-0.6850347,-1.102409,0.2587874,-4.551541,4.87495,4.950002,-0.6235381,7740
158.08,-35.10303,5,-0.6691185,-1.080582,1.510696,-6.43385,4.94243,4.971985,-0.5064142,7744
158.1,-25.74036,5,-0.6859082,-1.076852,-1.54274,-5.822935,5.009911,5.017867,-0.4515989,7748
158.12,-44.26526,5,-0.6577677,-1.059572,1.419093,-4.59643,4.94243,5.002109,-0.4125084,7736
158.14,-52.62585,5,-0.6811089,-1.05989,-0.550373,-5.602137,4.87495,4.949324,-0.6618593,7756
158.16,-46.08252,5,-0.648762,-1.070825,0.3809245,-7.21743,4.87495,4.928449,-0.7075024,7752
158.18,-43.45801,5,-0.6570246,-1.097882,-0.1534266,-7.59645,4.87495,4.917645,-0.8330436,7748
158.2,-42.45874,5,-0.6716591,-1.122794,-0.596175,-7.535414,4.87495,4.912516,-0.8941188,7748
158.22,-31.23523,5,-0.6600388,-1.126227,0.1671843,-7.411572,4.94243,4.954336,-0.7288319,7740
158.24,-36.92041,5,-0.6757874,-1.12357,-0.09235785,-6.14684,4.94243,4.971709,-0.7146984,7732
158.26,-27.94348,5,-0.6674935,-1.09877,-0.04655629,-5.890315,5.009911,5.021209,-0.5158857,7752
158.28,-57.14331,5,-0.6760744,-1.091614,0.09084838,-4.836322,4.87495,4.959432,-0.7533656,7740
158.3,-48.15649,5,-0.6814634,-1.095157,0.1061156,-7.067583,4.87495,4.929152,-0.8753043,7748
158.32,-44.02039,5,-0.683336,-1.121797,-0.6419765,-7.625223,4.87495,4.914749,-0.9660365,7760
158.34,-19.1615,5,-0.7015523,-1.132422,-0.8862511,-7.46527,5.009911,4.989601,-0.7238855,7736
158.36,-53.24939,5,-0.6893046,-1.1314,0.4114593,-4.945112,4.87495,4.946804,-0.7677663,7740
158.38,-35.77734,5,-0.6832059,-1.111339,2.014513,-6.717672,4.94243,4.968841,-0.6570242,7748
158.4,-39.26562,5,-0.6490523,-1.101072,0.7015356,-6.238759,4.94243,4.981089,-0.6112038,7736
158.42,-40.5376,5,-0.6622992,-1.094881,0.7168028,-6.231442,4.94243,4.983202,-0.6788687,7736
158.44,-29.4198,5,-0.6532061,-1.081675,-0.9473198,-6.361125,5.009911,5.024685,-0.551443,7748
158.46,-58.17834,5,-0.6491728,-1.08223,0.9916119,-5.389738,4.87495,4.961498,-0.7842063,7744
158.48,-37.5575,5,-0.6622417,-1.086005,-0.4893047,-7.581385,4.94243,4.970366,-0.8177254,7744
158.5,-51.34998,5,-0.6309161,-1.102938,-0.2908313,-7.078318,4.87495,4.937506,-0.9169515,7752
158.52,-35.04163,5,-0.663142,-1.118355,0.1366499,-8.006725,4.94243,4.959332,-0.9497377,7764
158.54,-38.91077,5,-0.6502377,-1.125722,-0.7641136,-7.019486,4.94243,4.972146,-0.885316,7740
158.56,-41.12646,5,-0.6449369,-1.118713,0.8236728,-6.779153,4.94243,4.979267,-0.8562382,7756
158.58,-53.02478,5,-0.6687683,-1.127585,-1.115259,-6.789684,4.87495,4.937558,-1.077433,7732
158.6,-36.52673,5,-0.6438279,-1.127178,0.6404669,-8.056808,4.94243,4.962432,-0.9603494,7748
158.62,-39.48169,5,-0.671043,-1.140344,-0.6114421,-7.137301,4.94243,4.969739,-1.035423,7756
158.64,-29.19275,5,-0.6739889,-1.131155,-0.1992282,-6.795206,5.009911,5.014815,-0.8449734,7748
158.66,-46.75537,5,-0.6741738,-1.121207,0.1213828,-5.555924,4.94243,4.994837,-0.8827614,7744
158.68,-55.2937,5,-0.670029,-1.117322,-0.183961,-6.548625,4.87495,4.9449,-1.027463,7744
158.7,-36.73157,5,-0.66801,-1.126027,-0.2602969,-8.045086,4.94243,4.961852,-1.007895,7748
158.72,-51.00647,5,-0.6659915,-1.14606,-0.1228922,-7.192229,4.87495,4.929944,-1.123019,7752
158.74,-46.85156,5,-0.6767392,-1.160513,0.09084838,-8.035424,4.87495,4.91561,-1.178625,7752
158.76,-22.46509,5,-0.6652274,-1.159279,-0.3213652,-8.162167,5.009911,4.992875,-0.9082187,7752
158.78,-57.01746,5,-0.6421845,-1.152639,0.7778715,-5.916243,4.87495,4.950377,-1.005098,7748
158.8,-39.49011,5,-0.6418525,-1.135356,0.2129859,-7.898512,4.94243,4.969894,-0.9848835,7740
158.82,-43.12219,5,-0.5966352,-1.127105,-0.03128911,-7.591477,4.94243,4.981575,-0.9674139,7756
158.84,-55.78357,5,-0.6228648,-1.136744,0.1061156,-7.695161,4.87495,4.940206,-1.261786,7764
158.86,-50.70142,5,-0.6137547,-1.151558,-0.3213652,-9.074187,4.87495,4.921362,-1.377567,7756
158.88,-37.34656,5,-0.6076362,-1.167336,0.7320697,-9.469767,4.94243,4.953724,-1.348969,7740
158.9,-41.4939,5,-0.6501222,-1.185739,-1.64961,-8.243662,4.94243,4.963459,-1.439788,7740
158.92,-55.32739,5,-0.633782,-1.187266,0.8694746,-7.936553,4.87495,4.931199,-1.478009,7748
158.94,-38.97205,5,-0.6518952,-1.191512,-0.2755641,-9.044193,4.94243,4.954128,-1.476946,7748
158.96,-53.95068,5,-0.6508006,-1.205365,0.1824515,-8.154532,4.87495,4.924322,-1.585402,7736
158.98,-50.32812,5,-0.6456661,-1.211589,-0.107625,-9.098018,4.87495,4.912362,-1.611658,7764
159,-26.21106,5,-0.630931,-1.206294,-0.03128911,-9.355757,5.009911,4.989918,-1.368543,7736
159.02,-48.67371,5,-0.6291781,-1.197237,0.5030622,-7.126371,4.94243,4.984529,-1.404158,7736
159.04,-35.97803,5,-0.6376355,-1.172168,-0.01602192,-7.869686,5.009911,5.020298,-1.307206,7752
159.06,-41.12891,5,-0.6074283,-1.149253,1.098482,-7.180592,5.009911,5.037912,-1.233286,7740
159.08,-54.05493,5,-0.6315016,-1.144155,0.2587874,-7.189551,4.94243,4.999434,-1.454631,7748
159.1,-50.21509,5,-0.5654517,-1.132223,3.235888,-8.722832,4.94243,4.988945,-1.401473,7764
159.12,-47.57739,5,-0.6137788,-1.157217,-1.328999,-9.184631,4.94243,4.974692,-1.682689,7740
159.14,-58.29468,5,-0.5982566,-1.18133,-0.7030448,-9.303385,4.87495,4.930832,-1.80662,7732
159.16,-28.9552,5,-0.6344957,-1.200558,-0.4893047,-10.29257,5.009911,4.988524,-1.719589,7752
159.18,-37.38379,5,-0.6410877,-1.206951,-0.107625,-7.964714,5.009911,5.01646,-1.597262,7736
159.2,-52.17249,5,-0.6703736,-1.201179,-0.8709843,-7.206731,4.94243,4.986777,-1.666875,7752
159.22,-36.74866,5,-0.6452813,-1.182398,1.129017,-8.256254,5.009911,5.017369,-1.467553,7760
159.24,-63.34631,5,-0.6561916,-1.192476,-0.3213652,-7.404028,4.87495,4.947538,-1.731578,7744
159.26,-41.92517,5,-0.6671799,-1.201122,-0.4129688,-9.461959,4.94243,4.955615,-1.69644,7744
159.28,-54.97339,5,-0.6602929,-1.22494,-0.3060985,-8.705872,4.87495,4.920909,-1.787137,7744
159.3,-37.46484,5,-0.7274134,-1.249459,-2.779382,-9.271872,4.94243,4.939697,-1.795222,7740
159.32,-29.37524,5,-0.7077479,-1.245667,0.5335966,-7.918981,5.009911,4.995981,-1.431027,7728
159.34,-47.31299,5,-0.7532539,-1.238815,-1.54274,-6.080232,4.94243,4.977696,-1.455122,7740
159.36,-79.75342,5,-0.7162076,-1.234599,0.9610775,-6.874207,4.73999,4.854096,-1.659516,7732
159.38,-16.15479,5,-0.7114096,-1.232552,0.8389403,-10.58247,5.009911,4.960035,-1.324048,7752
159.4,-30.60376,5,-0.7236137,-1.239245,-0.6114421,-6.570096,5.009911,5.007976,-1.166028,7756
159.42,-45.84692,5,-0.8390092,-1.238225,-6.748848,-5.01562,4.94243,4.977809,-1.293291,7752
159.44,-42.27832,5,-0.7818601,-1.209118,4.396194,-5.714361,4.94243,4.975398,-0.9473726,7748
159.46,-30.17163,5,-0.7450663,-1.178366,0.5183294,-5.908418,5.009911,5.019727,-0.6632751,7764
159.48,-36.13281,5,-0.7149397,-1.144071,1.251154,-4.913754,5.009911,5.042603,-0.4971642,7760
159.5,-49.69507,5,-0.7228581,-1.123098,0.2893218,-4.854983,4.94243,5.008871,-0.6187595,7756
159.52,-56.39185,5,-0.7023721,-1.120712,1.037414,-6.275977,4.87495,4.953402,-0.7733713,7772
159.54,-25.31653,5,-0.70991,-1.129586,-0.04655629,-7.811447,5.009911,5.007166,-0.6594127,7776
159.56,-56.07983,5,-0.7145933,-1.150869,-0.2450293,-5.724344,4.87495,4.951249,-0.836067,7776
159.58,-36.74011,5,-0.7327858,-1.154934,-1.374801,-7.365643,4.94243,4.96616,-0.7686618,7760
159.6,-39.7135,5,-0.7002134,-1.156764,1.968712,-6.606803,4.94243,4.978063,-0.6614333,7756
159.62,-39.86694,5,-0.764618,-1.16772,-2.199229,-6.1892,4.94243,4.975566,-0.7815313,7768
159.64,-51.95508,5,-0.7320696,-1.167276,1.602299,-6.063486,4.87495,4.940238,-0.7458906,7752
159.66,-45.75903,5,-0.7803075,-1.187095,-0.5656406,-7.035553,4.87495,4.918197,-0.9031396,7768
159.68,-31.68103,5,-0.7710692,-1.197146,0.1977187,-7.056231,4.94243,4.952777,-0.6916698,7756
159.7,-24.97278,5,-0.7749534,-1.186326,0.2435202,-5.610975,5.009911,5.011524,-0.4197674,7744
159.72,-44.52661,5,-0.7638575,-1.159364,0.1213828,-4.042711,4.94243,5.000344,-0.341944,7740
159.74,-55.05957,5,-0.708285,-1.127351,3.312223,-5.192135,4.87495,4.960024,-0.3576989,7768
159.76,-48.55981,5,-0.716793,-1.133293,-1.267931,-6.982478,4.87495,4.935795,-0.5840972,7744
159.78,-33.67029,5,-0.7274076,-1.152156,-0.1992282,-7.447145,4.94243,4.962948,-0.5755422,7756
159.8,-37.80371,5,-0.7364174,-1.16239,-0.1686933,-6.223202,4.94243,4.976028,-0.5309092,7756
159.82,-40.39307,5,-0.7161865,-1.14967,0.3656577,-5.903195,4.94243,4.9861,-0.4232447,7736
159.84,-41.92883,5,-0.7016596,-1.135574,0.304589,-6.003232,4.94243,4.991045,-0.4212618,7744
159.86,-42.19531,5,-0.7099625,-1.131997,0.1213828,-6.196698,4.94243,4.989884,-0.5031542,7740
159.88,-30.62976,5,-0.7035488,-1.123187,-0.1686933,-6.348356,5.009911,5.029677,-0.3899965,7736
159.9,-59.48218,5,-0.6909045,-1.124107,0.3809245,-5.375749,4.87495,4.967239,-0.6011864,7748
159.92,-39.20972,5,-0.6963397,-1.126214,0.304589,-7.602459,4.94243,4.977266,-0.6326534,7752
159.94,-28.50562,5,-0.7268323,-1.144146,-1.634343,-6.89796,5.009911,5.017726,-0.611626,7736
159.96,-46.11938,5,-0.7267197,-1.145898,1.144284,-5.380565,4.94243,4.99822,-0.6014782,7740
159.98,-54.71057,5,-0.7348176,-1.148967,0.1977187,-6.1543,4.87495,4.948399,-0.7475357,7748
160,-36.97449,5,-0.7058772,-1.151554,-0.2755641,-7.60312,4.94243,4.969883,-0.6408543,7740
160.02,-6.024048,-5,-0.6928171,-1.164967,-0.01602192,-6.840275,4.87495,4.940527,-0.7664342,7760
160.04,1.025513,-5,-0.6896952,-1.123615,0.2740546,-3.176046,4.87495,4.928417,-0.7106776,7756
160.06,16.94873,-5,-0.6016927,-0.9930488,5.174819,-0.2661228,4.94243,4.973025,-0.2138461,7740
160.08,13.85547,-5,-0.4399487,-0.7979521,8.396194,2.771659,4.94243,5.004058,0.2547851,7752
160.1,10.99084,-5,-0.1565499,-0.5418109,17.14429,3.563795,4.94243,5.035538,0.7420107,7744
160.12,8.125854,-5,0.1540395,-0.2729937,15.35803,2.802039,4.94243,5.05897,0.8641317,7732
160.14,-4.777466,-5,0.4279683,-0.03820531,13.73971,1.107363,4.87495,5.025786,0.4235513,7752
160.16,14.79041,-5,0.5862821,0.1374789,6.671003,-1.779642,4.94243,5.031613,-0.2505378,7760
160.18,5.916992,-5,0.6787304,0.2492749,3.800773,-2.007773,4.87495,4.971519,-1.159101,7732
160.2,31.45123,-5,0.6377033,0.3170438,0.6099325,-2.84895,4.94243,4.953985,-1.93842,7748
160.22,83.78284,-5,0.6626326,0.4184576,0.2893218,-0.7654194,5.21235,5.096663,-1.705955,7756
160.24,80.15063,-5,0.7041326,0.5827395,3.953445,5.823667,5.27983,5.196399,-1.34343,7716
160.26,-2.175171,-5,0.9820668,0.8186619,17.17482,8.767617,4.87495,5.01896,-1.414688,7748
160.28,18.12732,-5,1.512727,1.107548,26.68628,0.6627433,4.87495,4.975172,-1.192088,7772
160.3,35.03918,-5,1.860411,1.303616,14.21299,-3.745599,4.94243,4.991568,-1.92468,7736
160.32,43.48859,-5,1.625958,1.318563,-5.60381,-4.124601,4.94243,4.9239,-3.936473,7744
160.34,-132.4093,-5,1.726577,1.24035,2.945811,-4.232038,3.86275,4.238593,-6.526875,7764
160.36,-24.97772,-5,1.701539,1.074662,0.4114593,-21.90311,3.93023,3.951479,-8.215718,7792
160.38,258.6106,-5,1.554804,0.9439099,-8.061826,-21.6613,5.34731,4.655547,-6.658546,7820
160.4,164.1118,-5,0.9331129,0.9049256,-41.17634,9.220314,5.27983,4.878399,-6.356119,7724
160.42,160.5498,-5,0.1054865,1.034492,-9.832819,22.93574,5.27983,4.908037,-5.619565,7692
160.44,168.7706,-5,0.6684719,1.506539,29.99926,29.87519,5.34731,5.071521,-1.349532,7724
160.46,93.44165,-5,1.291032,2.06919,47.70919,33.17483,5.009911,5.015778,0.7614794,7724
160.48,92.59119,-5,2.438257,2.752472,53.31224,23.96837,5.009911,5.094575,2.964954,7720
160.5,67.13084,-5,3.271903,3.283253,37.08323,15.02326,4.94243,5.109926,2.467744,7728
160.52,82.479,-5,3.480901,3.538202,7.556499,5.897412,5.009911,5.088917,0.07560736,7736
160.54,134.2282,-5,3.551709,3.633731,2.472528,1.299786,5.27983,5.181915,-1.657071,7732
160.56,182.0346,-5,3.484564,3.690304,-1.909152,3.851148,5.61723,5.376277,-2.626659,7720
160.58,-16.71355,-5,3.490329,3.683502,0.8694746,9.97775,4.60503,4.830502,-5.278553,7688
160.6,126.0147,-5,3.643419,3.717893,11.11375,-6.370211,5.009911,4.822476,-5.865698,7756
160.62,105.9607,-5,4.074248,3.736843,15.05268,-4.211188,4.94243,4.809237,-6.292287,7744
160.64,1.677246,-5,3.691931,3.581437,-19.37481,-3.758125,4.267631,4.321435,-9.806192,7724
160.66,60.50782,-5,3.962719,3.499364,12.3504,-14.87261,4.267631,4.128274,-10.43489,7784
160.68,158.6428,-5,3.818377,3.35296,-10.00076,-15.60672,4.67251,4.254537,-11.1997,7772
160.7,-42.88272,-5,3.232784,3.035991,-30.00076,-4.61168,3.525351,3.552713,-14.65324,7752
160.72,127.4095,-5,2.983282,2.841357,-4.474039,-16.64559,3.93023,3.477487,-14.39281,7816
160.74,180.5117,-5,3.136562,2.774794,7.785507,-7.757908,4.20015,3.660462,-12.56709,7812
160.76,8.710297,-5,2.646502,2.667047,-28.58092,4.824562,3.25543,3.138805,-14.15415,7780
160.78,79.75412,-5,2.89242,2.742899,21.77024,-4.961953,3.25543,2.963447,-12.79663,7852
160.8,151.5621,-5,3.587563,2.961107,25.03742,-6.403708,3.592831,3.183563,-10.38569,7856
160.82,128.0973,-5,3.144464,3.011296,-17.52748,1.413478,3.525351,3.166674,-11.59872,7804
160.84,190.6341,-5,3.291772,3.232224,6.930545,3.889505,3.86275,3.384198,-9.836444,7836
160.86,177.3266,-5,3.478179,3.527795,8.732072,11.2935,3.93023,3.539823,-8.571052,7796
160.88,1.934326,-5,3.623044,3.751136,12.47253,14.05887,2.985511,3.040767,-9.770424,7784
160.9,283.8149,-5,4.290592,4.153193,34.1214,-3.52859,4.267631,3.644733,-6.807656,7876
160.92,37.17798,-5,4.739688,4.387529,19.87711,11.47661,3.32291,3.361255,-8.186838,7776
160.94,121.7056,-5,4.566943,4.540225,-15.2832,-2.82663,3.525351,3.283723,-9.947421,7840
160.96,-12.61792,-5,5.005475,4.534688,37.77025,-5.485158,2.71559,2.781391,-11.87856,7828
160.98,108.2573,-5,4.790055,4.372411,-11.51221,-19.94675,2.985511,2.659245,-13.9833,7876
161,208.6917,-5,4.080144,4.019186,-34.48931,-14.71506,3.39039,2.753736,-15.46162,7884
161.02,63.78558,-5,3.619483,3.73806,-25.02366,0.1608335,2.58063,2.297261,-16.42851,7840
161.04,197.1559,-5,3.134381,3.592924,-15.89389,-2.810457,2.918031,2.282629,-15.48497,7876
161.06,16.4549,-5,3.68227,3.620959,28.06032,6.538185,1.90583,1.789044,-14.13214,7864
161.08,152.4656,-5,3.5502,3.660392,-10.58091,-4.88233,2.243231,1.76619,-13.68471,7932
161.1,210.0923,-5,3.920384,3.790022,26.27406,0.2487372,2.58063,2.018168,-11.46929,7892
161.12,82.20026,-5,3.748987,3.879631,-13.03893,9.852098,1.97331,1.747195,-12.21021,7888
161.14,178.4275,-5,3.54766,3.97032,2.212986,4.132388,2.243231,1.762107,-11.78089,7916
161.16,-7.855347,-5,4.280253,4.12281,29.54124,7.278802,1.23103,1.26214,-11.35946,7904
161.18,147.481,-5,3.868864,4.071677,-12.27557,-7.847226,1.63591,1.205741,-12.76037,7968
161.2,34.78613,-5,4.142158,3.956484,14.13665,-3.281845,0.9611101,0.8160252,-13.2516,7964
161.22,156.1446,-5,3.752162,3.808497,-22.1229,-10.16189,1.298511,0.8029261,-13.80863,7984
161.24,49.72351,-5,3.457825,3.565472,-5.267932,-1.665926,0.6237106,0.3781401,-14.93605,7956
161.26,153.0301,-5,3.503338,3.516437,-8.016026,-6.803905,0.89363,0.394126,-13.45689,7988
161.28,53.55286,-5,3.352807,3.395112,-0.5351062,0.5667865,0.2863102,0.04069461,-14.05435,7972
161.3,150.5824,-5,3.363691,3.401391,-5.115261,-4.491765,0.5562305,0.07204355,-12.80285,8024
161.32,206.5983,-5,3.435289,3.48302,5.38856,1.899341,0.89363,0.3164383,-11.05323,8024
161.34,66.224,-5,3.31323,3.564996,-6.855718,11.97786,0.2188301,0.01800376,-11.37352,7984
161.36,-52.93005,-5,3.5455,3.623818,9.648103,3.383842,-0.7258892,-0.6501153,-12.36062,8024
161.38,264.8304,-5,3.980554,3.748816,24.77788,-15.22344,0.6237106,-0.09294191,-9.854235,8064
161.4,76.66577,-5,3.915108,3.709683,-7.191597,4.553334,-0.05108929,-0.2652183,-11.01076,8000
161.42,156.1713,-5,3.585576,3.767648,-28.00076,-0.1516939,0.2188301,-0.2204009,-11.0794,8028
161.44,148.5472,-5,3.826477,3.876975,17.66337,3.995374,0.2188301,-0.1662642,-10.01594,8024
161.46,-11.97046,-5,4.138006,3.988981,5.38856,4.611836,-0.6584091,-0.6339819,-10.89402,8032
161.48,111.0259,-5,3.829057,3.904262,-11.95496,-9.997582,-0.3884897,-0.7457098,-12.38298,8088
161.5,107.5801,-5,4.109948,3.819204,17.06795,-8.173171,-0.4559698,-0.7956358,-11.97886,8072
161.52,184.1931,-5,4.044174,3.822278,-3.832817,-6.934443,-0.05108929,-0.5761464,-11.41615,8056
161.54,37.18396,-5,4.129613,3.846542,3.800773,1.085782,-0.7258892,-0.8696874,-12.14992,8040
161.56,75.72327,-5,4.29917,3.917389,11.15955,-9.011607,-0.7258892,-0.98897,-12.4043,8064
161.58,145.7107,-5,4.549319,3.963125,4.671002,-12.48829,-0.3884897,-0.8258272,-12.10438,8064
161.6,5.818726,-5,4.168042,3.802369,-23.86336,-6.703333,-1.13077,-1.262815,-14.88191,8056
161.62,129.043,-5,3.88703,3.648866,-5.725948,-15.90743,-0.7933693,-1.285933,-15.22409,8084
161.64,132.8436,-5,3.803254,3.503714,-3.084725,-9.234849,-0.7933693,-1.284757,-14.81599,8092
161.66,50.39624,-5,3.371953,3.336231,-23.69542,-3.163492,-1.33321,-1.63579,-15.8191,8076
161.68,89.79089,-5,3.313259,3.24849,3.846575,-7.255989,-1.40069,-1.808417,-15.14877,8116
161.7,168.8553,-5,3.506154,3.275512,5.067949,-6.459656,-1.06329,-1.629885,-13.17538,8124
161.72,198.4116,-5,3.333323,3.356892,-13.54274,2.766971,-0.7933693,-1.391948,-11.92229,8084
161.74,174.0074,-5,3.237741,3.544321,-0.183961,12.20587,-0.7933693,-1.280759,-10.55313,8060
161.76,171.8746,-5,3.552235,3.885175,19.29696,14.98956,-0.7258892,-1.14311,-8.447221,8088
161.78,151.0103,-5,4.10003,4.298988,31.86185,14.81058,-0.7258892,-1.028663,-6.843864,8080
161.8,128.2932,-5,4.826565,4.745491,32.18246,10.16149,-0.7258892,-0.926568,-5.94341,8068
161.82,100.3778,-5,5.281381,5.057564,20.88475,3.246691,-0.7933693,-0.929539,-6.946135,8088
161.84,-59.62341,-5,5.39922,5.050155,4.548865,-4.892492,-1.738089,-1.551722,-10.93503,8076
161.86,46.66577,-5,5.387976,4.821865,-3.023656,-26.33616,-1.60313,-1.799423,-13.72783,8108
161.88,113.5626,-5,5.095917,4.396616,-13.329,-28.72411,-1.40069,-1.842042,-15.91932,8148
161.9,131.2498,-5,4.582403,4.007534,-30.50458,-21.82243,-1.33321,-1.862924,-17.15684,8124
161.92,193.9115,-5,3.69307,3.66238,-46.47405,-12.37915,-1.06329,-1.783301,-17.68228,8124
161.94,187.9785,-5,2.893806,3.411922,-25.46641,2.893051,-1.13077,-1.825889,-17.02133,8108
161.96,215.2288,-5,3.069154,3.554234,11.12902,11.89937,-0.9958096,-1.664349,-13.0539,8108
161.98,181.3402,-5,3.503373,3.923864,20.24353,19.17594,-1.06329,-1.54096,-9.894835,8092
162,169.2355,-5,4.334197,4.484718,41.02216,17.83694,-0.9958096,-1.346004,-7.013418,8076
162.02,124.2697,-5,5.188231,5.040881,40.13667,12.85673,-1.06329,-1.243135,-6.074418,8100
162.04,-64.47424,-5,5.685889,5.299735,23.60231,2.98077,-2.075489,-1.823983,-9.278198,8076
162.06,236.8582,-5,5.740274,5.343838,-2.489305,-22.29507,-0.7933693,-1.385699,-10.30828,8140
162.08,16.73376,-5,5.489744,5.05171,-10.15343,-8.100362,-1.738089,-1.826886,-14.08388,8076
162.1,137.2726,-5,5.0731,4.822752,-24.88626,-19.44179,-1.40069,-1.875609,-15.48358,8136
162.12,196.7107,-5,5.492999,4.775541,9.800775,-16.04111,-0.9958096,-1.587624,-13.99277,8116
162.14,-14.63599,-5,5.289218,4.65519,-15.71068,-7.511005,-2.008009,-2.096595,-16.70338,8096
162.16,70.93762,-5,4.576309,4.347948,-35.66489,-20.79204,-2.008009,-2.42432,-19.38055,8156
162.18,161.1001,-5,4.884789,4.170645,12.83895,-21.81802,-1.670609,-2.299011,-17.76629,8140
162.2,143.8728,-5,4.726228,4.070755,-8.245033,-12.86053,-1.670609,-2.237336,-17.54743,8140
162.22,197.9097,-5,4.047097,3.969896,-32.62672,-6.273617,-1.40069,-2.115131,-17.66035,8136
162.24,31.42822,-5,3.655787,3.835438,-21.1,4.544831,-2.345409,-2.641221,-18.37189,8120
162.26,94.01904,-5,4.209713,3.954193,34.02979,-6.929312,-2.345409,-2.765873,-15.9395,8196
162.28,106.3018,-5,4.637384,4.046019,22.06032,-9.586756,-2.345409,-2.764342,-15.0093,8192
162.3,-75.16577,-5,4.596942,3.94066,-3.267931,-10.35238,-3.425089,-3.428548,-17.60244,8188
162.32,257.0154,-5,4.174245,3.778594,-17.20687,-27.21675,-2.075489,-2.97371,-17.01724,8240
162.34,29.77209,-5,4.156981,3.578704,-0.9778546,-5.10604,-3.02021,-3.308714,-17.43431,8160
162.36,287.3939,-5,3.949594,3.685216,-15.08473,-12.28124,-1.805569,-2.723964,-14.78272,8208
162.38,63.71497,-5,3.396954,3.589053,-25.89389,10.53903,-2.75029,-3.083355,-16.02834,8140
162.4,123.1267,-5,3.639942,3.77436,9.617569,2.279774,-2.68281,-3.136097,-13.7346,8196
162.42,133.5486,-5,3.865748,3.89841,14.38093,2.122852,-2.68281,-3.125873,-12.62803,8196
162.44,131.1969,-5,4.134553,4.065498,11.90765,2.197263,-2.68281,-3.085196,-11.54634,8220
162.46,147.0343,-5,3.963909,4.136331,-7.710682,2.64075,-2.61533,-3.05849,-11.71646,8200
162.48,130.584,-5,4.170109,4.255385,10.22826,3.836092,-2.68281,-3.059383,-10.90468,8204
162.5,132.9812,-5,4.253165,4.362635,5.754972,2.706424,-2.68281,-3.055937,-10.69292,8180
162.52,143.4243,-5,4.423078,4.474865,8.900012,1.671224,-2.61533,-3.001801,-10.28967,8196
162.54,128.6255,-5,4.375717,4.519523,-0.2450293,2.189784,-2.68281,-3.037144,-10.74995,8176
162.56,133.0188,-5,4.468537,4.572535,5.266423,0.7363611,-2.68281,-3.047769,-10.67425,8196
162.58,134.2195,-5,4.545197,4.612172,5.144285,-0.0291738,-2.68281,-3.050634,-10.75129,8192
162.6,135.292,-5,4.561042,4.632912,0.7931387,-0.460579,-2.68281,-3.057974,-10.98651,8176
162.62,147.5062,-5,4.602037,4.661319,3.617567,-0.7452558,-2.61533,-3.021435,-10.97424,8196
162.64,143.01,-5,4.611331,4.687813,-0.9320526,0.2728603,-2.61533,-3.009613,-11.09769,8192
162.66,143.5551,-5,4.562352,4.703356,-0.107625,0.6635094,-2.61533,-3.015772,-11.31898,8192
162.68,121.7905,-5,4.584064,4.711994,2.258788,0.8624099,-2.75029,-3.0994,-11.56133,8208
162.7,143.7994,-5,4.664917,4.737511,4.426728,-1.440884,-2.68281,-3.088856,-11.43803,8180
162.72,154.3147,-5,4.681959,4.752291,0.9916119,-0.7647448,-2.61533,-3.046207,-11.44289,8180
162.74,149.7222,-5,4.655689,4.772978,0.5030622,0.8370786,-2.61533,-3.033293,-11.51611,8184
162.76,137.0299,-5,4.675025,4.804722,1.587032,1.348833,-2.68281,-3.067939,-11.58908,8188
162.78,129.9736,-5,4.74476,4.836627,5.00688,0.1552705,-2.75029,-3.119428,-11.69316,8204
162.8,160.3461,-5,4.786528,4.864618,2.441994,-1.426013,-2.61533,-3.062332,-11.60305,8192
162.82,142.4958,-5,4.756513,4.867954,0.02977964,0.6785127,-2.68281,-3.085781,-11.87548,8188
162.84,146.6809,-5,4.746408,4.885743,0.07558119,0.3079135,-2.68281,-3.099205,-11.92618,8204
162.86,148.5378,-5,4.791397,4.910372,2.655735,0.3441238,-2.68281,-3.101496,-11.86201,8220
162.88,149.4536,-5,4.813896,4.936486,0.4267263,0.4887189,-2.68281,-3.102683,-11.87649,8200
162.9,162.6782,-5,4.801825,4.96274,-0.03128911,0.7523503,-2.61533,-3.06757,-11.8261,8188
162.92,147.8152,-5,4.793159,4.985251,-0.06182348,2.275721,-2.68281,-3.095313,-11.90272,8212
162.94,164.7095,-5,4.793036,5.021108,0.3198562,1.819477,-2.61533,-3.068573,-11.73981,8204
162.96,148.9968,-5,4.882294,5.070127,4.319858,2.909223,-2.68281,-3.087271,-11.58548,8212
162.98,163.4929,-5,4.942932,5.131806,2.014513,1.87376,-2.61533,-3.052587,-11.43293,8212
163,148.2827,-5,4.973341,5.16944,2.884742,2.535442,-2.68281,-3.081234,-11.62568,8184
163.02,151.4519,-5,5.059982,5.217034,4.09085,1.152325,-2.68281,-3.089447,-11.62728,8184
163.04,153.4285,-5,5.077727,5.236333,1.281688,0.5066449,-2.68281,-3.099614,-11.88696,8192
163.06,156.3718,-5,5.041613,5.232445,0.1519171,0.4083132,-2.68281,-3.114726,-12.17642,8220
163.08,147.4089,-5,5.035248,5.223421,0.3198562,0.6438846,-2.75029,-3.16459,-12.39402,8196
163.1,177.9871,-5,5.027778,5.231017,0.4419934,-0.02097923,-2.61533,-3.107219,-12.22334,8196
163.12,159.0984,-5,5.033875,5.24551,0.2435202,2.588871,-2.68281,-3.120745,-12.21846,8204
163.14,161.3027,-5,5.066981,5.288948,2.579399,2.302543,-2.68281,-3.123183,-12.1007,8204
163.16,148.9177,-5,5.1824,5.340648,6.014514,1.931249,-2.75029,-3.154519,-12.05836,8208
163.18,166.1394,-5,5.19031,5.370613,1.129017,0.4433181,-2.68281,-3.135524,-12.20623,8192
163.2,151.8584,-5,5.231856,5.386634,0.3351234,1.040335,-2.75029,-3.168169,-12.39989,8188
163.22,156.8372,-5,5.238729,5.397819,0.9610775,-0.02451485,-2.75029,-3.187036,-12.60101,8196
163.24,182.9175,-5,5.24588,5.41337,0.09084838,-0.1920721,-2.61533,-3.117578,-12.49089,8204
163.26,162.9128,-5,5.225984,5.428188,0.1366499,2.377135,-2.68281,-3.131538,-12.62132,8212
163.28,177.7102,-5,5.215994,5.466147,0.4572606,2.121633,-2.61533,-3.100173,-12.4972,8208
163.3,160.1624,-5,5.348252,5.528903,7.174821,2.984406,-2.68281,-3.112451,-12.29562,8204
163.32,174.6816,-5,5.372904,5.583724,1.22062,1.733464,-2.61533,-3.082726,-12.34765,8180
163.34,158.6709,-5,5.449637,5.62633,3.159552,2.096223,-2.68281,-3.108393,-12.48773,8196
163.36,151.5315,-5,5.461782,5.642846,0.2435202,0.6596217,-2.75029,-3.167696,-12.90356,8212
163.38,182.9094,-5,5.481851,5.651032,0.8847416,-1.020025,-2.61533,-3.117461,-12.92078,8196
163.4,165.5049,-5,5.447608,5.63976,-0.2908313,1.133035,-2.68281,-3.143261,-13.21219,8176
163.42,157.6216,-5,5.451843,5.644986,-0.06182348,0.7634348,-2.75029,-3.195444,-13.37529,8192
163.44,175.4543,-5,5.515646,5.665446,2.060315,-0.4583909,-2.68281,-3.172501,-13.25265,8212
163.46,172.3799,-5,5.539642,5.68263,0.4419934,0.4596544,-2.68281,-3.163002,-13.31912,8212
163.48,172.324,-5,5.517312,5.699184,-0.3977011,0.8363791,-2.68281,-3.165378,-13.46119,8216
163.5,172.8784,-5,5.54471,5.724623,1.251154,0.9946612,-2.68281,-3.165753,-13.44932,8168
163.52,173.6553,-5,5.560207,5.749762,2.045048,1.11124,-2.68281,-3.167423,-13.48839,8204
163.54,173.1738,-5,5.633205,5.790144,3.846575,1.027763,-2.68281,-3.162364,-13.40236,8184
163.56,230.3555,-5,5.680733,5.868317,2.182452,0.8963734,-2.345409,-2.957058,-12.78484,8188
163.58,134.533,-5,5.683615,5.911531,0.5335966,6.424944,-2.75029,-3.114757,-13.4233,8144
163.6,-17.97388,-5,5.792471,5.858213,10.04505,-0.3337183,-3.762489,-3.789861,-15.61292,8188
163.62,288.0513,-5,6.026911,5.837622,6.823675,-20.48796,-2.48037,-3.306328,-14.25082,8240
163.64,264.4585,-5,5.561287,5.661444,-18.29084,-1.26619,-2.277929,-3.030103,-14.82003,8192
163.66,214.6682,-5,4.975419,5.623775,-28.13817,10.96276,-2.412889,-3.033641,-14.82144,8172
163.68,203.4512,-5,5.581239,5.912711,30.71681,11.99008,-2.412889,-2.930204,-11.98526,8152
163.7,34.91357,-5,6.078646,6.138579,21.93818,9.552705,-3.290129,-3.36702,-12.81837,8156
163.72,296.7761,-5,6.541804,6.392301,26.442,-10.16629,-2.075489,-2.816896,-11.38235,8236
163.74,70.59863,-5,6.624398,6.38063,-1.64961,2.622967,-2.95273,-3.13022,-13.93128,8156
163.76,169.7561,-5,6.146102,6.27618,-24.15343,-10.06489,-2.68281,-3.197597,-15.96386,8232
163.78,146.9238,-5,6.835017,6.289927,24.56414,-10.79577,-2.75029,-3.183439,-15.11007,8188
163.8,52.91333,-5,6.693924,6.158674,-11.16106,-13.33792,-3.290129,-3.5427,-17.9194,8208
163.82,170.5361,-5,6.070992,5.834607,-38.59619,-22.28652,-2.95273,-3.596979,-20.13383,8232
163.84,233.009,-5,5.408943,5.446478,-18.35191,-13.98325,-2.68281,-3.515716,-20.59147,8220
163.86,-117.2874,-5,5.305905,5.115396,-9.985491,-2.575067,-4.639729,-4.608254,-22.67154,8204
163.88,315.4871,-5,4.990385,4.926687,-14.53511,-28.68977,-3.02021,-4.127564,-20.53403,8296
163.9,60.1394,-5,5.508341,4.799966,21.78551,-4.358405,-4.03241,-4.406302,-19.42445,8212
163.92,154.8589,-5,5.507253,4.910123,-2.077091,-13.947,-3.695009,-4.307144,-18.51881,8288
163.94,45.24683,-5,5.302883,4.791366,-11.08473,-10.23305,-4.30233,-4.662319,-20.22321,8256
163.96,136.772,-5,5.403782,4.752593,6.36566,-19.07384,-4.03241,-4.635232,-19.51706,8316
163.98,33.05225,-5,5.212514,4.551667,-8.977857,-15.24288,-4.639729,-5.005487,-21.04441,8288
164,-28.83179,-5,4.968696,4.260569,-14.39771,-22.60292,-5.314529,-5.589184,-22.91336,8340
164.02,172.5457,-5,4.551772,3.903321,-19.58855,-32.0257,-4.639729,-5.470232,-22.68039,8364
164.04,42.07007,-5,4.217081,3.53365,-18.88626,-17.03317,-5.314529,-5.80846,-23.00996,8344
164.06,211.1287,-5,3.749104,3.375285,-23.54275,-18.45391,-4.639729,-5.55214,-21.05095,8368
164.08,71.28662,-5,3.335741,3.203252,-30.94733,-1.142211,-5.314529,-5.837409,-20.59047,8328
164.1,22.16406,-5,3.289365,3.176448,4.869476,-3.822087,-5.85437,-6.236698,-19.43789,8332
164.12,121.7988,-5,4.027027,3.348657,37.51071,-12.86143,-5.51697,-6.083169,-16.04184,8396
164.14,-25.35767,-5,4.177407,3.362237,9.358027,-9.538105,-6.259249,-6.442294,-16.94149,8364
164.16,134.5339,-5,3.959489,3.320627,-16.2145,-21.22493,-5.65193,-6.271773,-16.78588,8400
164.18,-141.8767,-5,3.405365,2.917548,-29.0542,-11.49663,-7.20397,-7.18833,-20.46927,8368
164.2,101.7649,-5,2.6445,2.469773,-38.76413,-30.14704,-6.596649,-7.287235,-20.68749,8452
164.22,12.39136,-5,1.882429,1.838878,-38.15344,-15.50086,-7.27145,-7.755536,-21.32459,8428
164.24,62.94336,-5,1.21441,1.40381,-32.26031,-12.6036,-7.40641,-8.018434,-19.7232,8484
164.26,137.0769,-5,1.016152,1.205944,5.159552,-4.777574,-7.20397,-7.93126,-16.04708,8480
164.28,-127.6108,-5,1.074641,1.110533,6.274056,7.177354,-8.68853,-8.688738,-15.11336,8464
164.3,30.39673,-5,1.453022,1.187143,17.72444,-12.7371,-8.35113,-8.727606,-12.3342,8572
164.32,-92.08594,-5,2.112714,1.187678,30.50307,-12.38452,-9.025928,-9.047385,-11.5464,8544
164.34,47.92212,-5,2.40161,1.248783,5.38856,-25.2789,-8.41861,-8.790284,-10.45453,8576
164.36,82.1355,-5,1.843013,1.086014,-37.16107,-17.66977,-8.081209,-8.555763,-11.37656,8532
164.38,-130.3569,-5,0.5529698,0.6129417,-63.69543,-5.29761,-9.295849,-9.320061,-15.23099,8504
164.4,48.93701,-5,-0.2882079,0.1584439,-44.10764,-15.5637,-8.958448,-9.492581,-14.41969,8588
164.42,39.3811,-5,0.4294906,0.07734196,44.70155,-6.651408,-9.025928,-9.414581,-9.536819,8576
164.44,17.59741,-5,0.9050426,0.2796845,24.54887,-3.335551,-9.025928,-9.266529,-6.627227,8564
164.46,57.75879,-5,0.9907712,0.4969001,0.01451245,-3.508746,-8.68853,-8.989197,-5.34565,8592
164.48,-70.52026,-5,0.6150575,0.481239,-19.29847,1.475332,-9.295849,-9.290136,-6.916875,8576
164.5,-319.0544,-5,0.2456101,0.1413246,-18.22977,-7.573609,-11.05033,-10.51962,-10.91588,8580
164.52,205.7266,-5,0.1599184,-0.1475128,2.365658,-37.53367,-8.958448,-9.794301,-7.849217,8696
164.54,81.58374,-5,0.3221245,-0.322354,8.212989,-4.942294,-9.025928,-9.429,-5.311503,8560
164.56,37.23682,-5,0.3598055,-0.06260954,-6.550376,3.888955,-8.958448,-9.174364,-3.029245,8568
164.58,-137.9026,-5,0.1971545,0.03787892,-11.60381,5.464651,-9.83569,-9.619238,-4.56762,8564
164.6,-84.25586,-5,0.1848788,-0.01593337,0.02977964,-11.14065,-9.90317,-9.87172,-5.23627,8624
164.62,92.19189,-5,0.9147269,0.07041699,34.68628,-18.81067,-8.958448,-9.318515,-2.159203,8660
164.64,8.710205,-5,1.076969,0.1743729,14.90001,-6.670588,-8.958448,-9.0604,-1.959903,8576
164.66,-122.1333,-5,0.6465608,0.1372532,-38.22977,-5.908224,-9.565769,-9.389009,-4.641249,8584
164.68,3.260986,-5,-0.3382522,-0.209591,-49.68016,-15.16363,-9.228369,-9.470643,-6.865079,8604
164.7,-181.5735,-5,-1.082129,-0.8039385,-7.252666,-6.545519,-10.44301,-10.28192,-9.281507,8580
164.72,74.79065,-5,-0.7587784,-0.9787108,17.29696,-20.24113,-9.498289,-9.949084,-5.035351,8648
164.74,2.371338,-5,-0.3149306,-0.9735167,19.54124,-4.943239,-9.565769,-9.730784,-2.430103,8604
164.76,-24.32422,-5,-0.4917828,-0.8690632,-12.1229,-1.587056,-9.565769,-9.639972,-1.988722,8620
164.78,-17.44543,-5,-1.172289,-0.967148,-38.85573,0.2372022,-9.565769,-9.687182,-2.951478,8624
164.8,-151.271,-5,-1.557561,-1.200493,-14.68778,3.13036,-10.44301,-10.25277,-3.960906,8600
164.82,56.71387,-5,-0.8121064,-1.085888,34.33514,-10.64275,-9.565769,-9.836334,0.4302701,8640
164.84,-56.63477,-5,-0.390801,-0.973992,18.73207,-0.286262,-9.83569,-9.751299,1.322195,8592
164.86,71.80664,-5,-0.002090156,-0.6483804,15.31223,-5.922891,-8.958448,-9.15204,3.445667,8648
164.88,-4.514771,-5,-0.1490177,-0.4872921,-6.077093,3.774492,-8.958448,-8.94373,2.570544,8576
164.9,-33.95337,-5,-0.5464845,-0.43919,-22.68779,3.758499,-9.025928,-8.968207,1.290953,8556
164.92,-23.72644,-5,-0.8019336,-0.5052559,-13.84809,1.63387,-9.025928,-9.018243,0.7834728,8572
164.94,-10.67542,-5,-0.6451939,-0.5183848,12.18246,0.7514538,-8.958448,-8.966023,1.74523,8572
164.96,-184.6672,-5,-0.04605288,-0.4731398,30.91529,-0.8925514,-9.83569,-9.387176,1.423883,8564
164.98,-128.6045,-5,0.3936068,-0.4805176,17.37329,-21.04042,-9.768209,-9.507957,0.4214514,8636
165,-44.81689,-5,0.6549622,-0.6175057,9.87711,-29.45409,-9.295849,-9.282601,-0.5385754,8640
165.02,-178.6163,-5,0.5885575,-0.8689841,-7.161062,-26.62595,-9.83569,-9.538558,-3.435372,8596
165.04,-126.0322,-5,-0.6147978,-1.441349,-68.22978,-34.27004,-9.83569,-9.822831,-7.931396,8624
165.06,-23.75146,-5,-1.907055,-2.196164,-63.51223,-29.5695,-9.565769,-9.905596,-9.663572,8612
165.08,10.44104,-5,-2.943429,-2.795926,-48.97787,-12.61685,-9.498289,-9.920986,-8.376023,8592
165.1,-1.74231,-5,-3.111967,-2.945233,-5.588543,2.595934,-9.565769,-9.859778,-4.196199,8608
165.12,-73.9126,-5,-2.726642,-2.750899,15.19009,10.02308,-9.90317,-9.90068,-0.3561299,8592
165.14,34.82849,-5,-1.855623,-2.248866,42.90003,4.984899,-9.228369,-9.376486,4.481484,8636
165.16,-104.5298,-5,-1.036177,-1.743256,42.15193,9.739024,-9.565769,-9.269639,5.883374,8588
165.18,21.83411,-5,-0.3295878,-1.181663,33.77025,-3.279057,-8.68853,-8.669847,7.501594,8604
165.2,-107.5103,-5,-0.06555619,-0.9010748,7.083217,-0.1613235,-8.958448,-8.614534,5.556851,8556
165.22,-107.8342,-5,-0.8075876,-1.013422,-36.97786,-8.725156,-9.025928,-8.794559,1.524067,8568
165.24,-66.0166,-5,-1.24668,-1.324814,-24.9626,-12.9276,-8.958448,-8.903154,-0.1030061,8544
165.26,-53.61377,-5,-1.490759,-1.618801,-12.3519,-10.68271,-8.958448,-8.952421,-0.1938022,8576
165.28,-207.6141,-5,-1.830662,-1.970129,-13.75649,-7.175143,-9.90317,-9.547187,-1.96166,8556
165.3,124.8665,-5,-1.964933,-2.115094,-7.680146,-19.4014,-8.41861,-8.897727,0.9358028,8612
165.32,30.27136,-5,-1.936689,-2.125182,2.365658,5.970069,-8.41861,-8.559523,3.096804,8536
165.34,-15.04492,-5,-1.975059,-1.864509,-1.573274,13.27718,-8.41861,-8.385447,4.793637,8520
165.36,-20.7229,-5,-1.946699,-1.616807,1.11375,13.47026,-8.35113,-8.271256,5.699759,8524
165.38,-115.2115,-5,-1.302454,-1.332801,36.02979,10.70345,-8.75601,-8.394282,6.622558,8516
165.4,-102.655,-5,-0.4763979,-1.036135,44.56414,-3.444561,-8.68853,-8.342919,7.108638,8540
165.42,-264.6549,-5,0.1914944,-0.970028,32.77789,-14.13093,-9.498289,-8.787587,4.245284,8532
165.44,-88.45203,-5,0.3856809,-1.085006,4.808407,-37.99841,-8.75601,-8.587928,1.984293,8616
165.46,-174.8699,-5,-1.032626,-1.836347,-81.11528,-31.43846,-9.228369,-9.010194,-4.751145,8564
165.48,49.15613,-5,-2.486466,-2.587363,-74.13818,-30.64576,-8.35113,-8.805507,-5.843295,8596
165.5,26.31091,-5,-3.773781,-3.235251,-45.40535,-3.1891,-8.41861,-8.803696,-4.98667,8496
165.52,26.19165,-5,-3.588366,-3.194918,14.4878,12.0541,-8.35113,-8.597021,0.8437659,8516
165.54,-71.71204,-5,-2.803864,-2.763366,37.87712,19.3724,-8.68853,-8.54006,5.237261,8540
165.56,-245.0275,-5,-1.66752,-2.248213,57.08323,10.18085,-9.565769,-8.909892,6.436313,8548
165.58,32.28406,-5,-0.6215089,-1.735778,50.19774,-16.39198,-8.148689,-8.163723,8.702645,8604
165.6,-123.1005,-5,0.1999091,-1.406458,38.3046,-8.869029,-8.35113,-7.934415,7.608415,8520
165.62,-265.1382,-5,-0.117744,-1.415973,-38.97787,-18.86583,-9.025928,-8.372837,2.093427,8548
165.64,-31.16211,-5,-0.9050935,-1.795928,-38.58092,-36.84913,-8.081209,-8.166815,-1.231951,8548
165.66,-53.83411,-5,-1.711162,-2.347841,-37.75649,-22.43756,-8.081209,-8.162882,-3.11922,8504
165.68,-56.4303,-5,-2.18209,-2.645195,-25.58855,-13.66678,-8.081209,-8.156845,-2.488257,8496
165.7,-210.371,-5,-2.292782,-2.842707,0.2587874,-8.102732,-8.958448,-8.642682,-2.816698,8532
165.72,88.22504,-5,-1.953867,-2.738093,17.44963,-20.58081,-7.541368,-7.932645,1.092932,8568
165.74,-15.71362,-5,-1.688005,-2.558392,11.99925,0.4017422,-7.541368,-7.570484,2.852501,8492
165.76,-116.3228,-5,-1.395848,-2.193265,9.983981,2.640127,-7.811289,-7.543269,3.477097,8504
165.78,-105.4724,-5,-1.243145,-1.966133,5.846576,-6.53515,-7.743809,-7.518366,2.782124,8524
165.8,-168.2031,-5,-1.079931,-1.947111,12.71681,-12.19008,-8.081209,-7.730401,1.181142,8516
165.82,-148.8795,-5,-0.8036742,-1.995404,12.60994,-23.22312,-8.081209,-7.817019,0.2086306,8488
165.84,-158.1025,-5,-0.6742609,-2.15316,5.724438,-29.07053,-8.148689,-7.904417,-1.380829,8496
165.86,-131.958,-5,-1.153601,-2.482546,-33.03893,-32.27534,-8.081209,-7.980115,-3.839792,8496
165.88,-107.5012,-5,-2.620912,-3.136341,-76.93208,-26.85073,-8.148689,-8.225715,-7.350722,8528
165.9,-43.67657,-5,-3.846066,-3.771355,-62.8252,-16.62508,-8.081209,-8.362773,-7.29461,8504
165.92,98.55969,-5,-4.89384,-4.171563,-31.16107,0.3893793,-7.473888,-8.063475,-3.803535,8492
165.94,194.9046,-5,-4.314175,-3.785011,36.19773,24.41339,-6.596649,-7.186687,5.460548,8500
165.96,-37.58624,-5,-3.771359,-3.047696,38.42674,47.97697,-7.27145,-7.074535,9.996012,8448
165.98,59.20398,-5,-2.649215,-2.025535,63.51072,36.60068,-6.596649,-6.500179,15.18812,8488
166,-120.9683,-5,-1.304154,-1.163531,72.30461,34.1575,-7.13649,-6.483369,16.33292,8468
166.02,-43.0177,-5,-0.1630732,-0.4289651,56.60995,10.69147,-6.596649,-6.127383,16.47395,8476
166.04,-150.5749,-5,0.6331929,-0.08011305,39.57178,0.2167149,-6.86657,-6.165359,13.28578,8444
166.06,-222.7342,-5,1.267302,0.009185046,24.41147,-19.93018,-7.20397,-6.42585,8.871978,8464
166.08,-172.5911,-5,0.6926177,-0.4605232,-37.11527,-38.65876,-7.13649,-6.685628,2.008802,8460
166.1,91.43591,-5,-0.5331059,-1.196368,-68.21452,-41.44489,-5.85437,-6.218787,-1.311159,8448
166.12,-192.8469,-5,-1.904638,-2.054291,-69.89391,-12.58654,-7.20397,-6.937471,-5.66986,8372
166.14,-23.10046,-5,-3.095767,-2.681222,-62.24505,-18.0887,-6.86657,-7.109112,-5.655409,8428
166.16,89.95416,-5,-3.305745,-2.995881,10.50307,-3.634876,-6.326729,-6.772985,-1.478817,8420
166.18,50.0495,-5,-3.142262,-2.837866,10.85421,16.82013,-6.259249,-6.459888,3.234164,8404
166.2,-101.5579,-5,-2.580677,-2.386952,25.08322,24.21015,-6.86657,-6.572392,6.037681,8388
166.22,-2.103821,-5,-1.210565,-1.657064,56.44202,9.417322,-6.259249,-6.106665,10.20889,8428
166.24,-125.1201,-5,-0.173421,-1.091107,52.62522,6.0726,-6.529169,-6.014842,9.903144,8404
166.26,14.81128,-5,0.4347847,-0.6215214,25.4649,-10.31006,-5.58445,-5.436866,9.45476,8408
166.28,-289.3727,-5,0.2100281,-0.7040179,-19.89389,-6.81668,-6.93405,-6.12341,3.051483,8368
166.3,-167.7168,-5,-0.7320367,-1.203559,-46.93207,-32.05532,-6.86657,-6.570521,-2.43067,8424
166.32,-104.7972,-5,-1.393153,-1.964372,-37.80229,-34.23127,-6.86657,-6.839637,-5.036746,8424
166.34,90.9046,-5,-2.025768,-2.489511,-32.2145,-26.86512,-5.92185,-6.396286,-3.486496,8428
166.36,21.45361,-5,-2.610577,-2.738372,-30.15343,-0.3202199,-5.989328,-6.224689,-1.784481,8360
166.38,18.69293,-5,-3.019888,-2.670334,-13.98549,11.62055,-5.92185,-6.087076,0.6845925,8372
166.4,158.4562,-5,-2.562518,-2.207921,37.0527,18.08575,-4.977129,-5.353348,6.351268,8388
166.42,-0.6055908,-5,-1.50391,-1.456373,53.26644,32.81701,-5.247049,-5.049728,10.33291,8336
166.44,-107.4686,-5,-0.4796391,-0.6593496,53.67866,22.91516,-5.58445,-5.053881,11.12917,8352
166.46,-176.8187,-5,0.612656,-0.1278295,55.9382,1.771644,-5.92185,-5.235907,9.412656,8356
166.48,-167.337,-5,1.39516,0.04986784,35.90765,-21.88333,-5.92185,-5.342787,6.093188,8392
166.5,-167.8026,-5,1.680982,-0.1182804,9.434362,-37.60912,-5.92185,-5.460674,1.534803,8404
166.52,-88.05365,-5,0.7856084,-0.6878216,-54.41299,-45.00005,-5.58445,-5.495886,-4.103871,8400
166.54,-20.10938,-5,-0.7459144,-1.501747,-76.56567,-36.63876,-5.314529,-5.539958,-8.246328,8368
166.56,60.75385,-5,-2.204595,-2.20756,-80.19925,-19.23749,-4.977129,-5.457361,-8.661483,8348
166.58,23.7912,-5,-3.431567,-2.697331,-44.50459,4.490674,-5.247049,-5.612139,-7.291007,8356
166.6,-27.23572,-5,-2.833429,-2.540847,40.41147,14.34903,-5.58445,-5.674135,-1.410084,8348
166.62,-81.69391,-5,-2.13894,-2.166617,45.1901,13.3117,-5.92185,-5.76752,1.864808,8372
166.64,20.591,-5,-1.03563,-1.599255,54.22827,3.67646,-5.314529,-5.314715,5.736613,8392
166.66,-94.40674,-5,-0.3255254,-1.145292,34.3046,5.140086,-5.58445,-5.242058,5.734303,8352
166.68,-106.8347,-5,0.03688321,-0.8409784,10.30459,-6.75185,-5.58445,-5.240376,4.198321,8392
166.7,48.18872,-5,-0.08807485,-0.7722213,-9.313735,-15.13539,-4.707209,-4.801059,3.015376,8392
166.72,14.85632,-5,-0.3827505,-0.8114784,-19.40534,-4.017755,-4.572248,-4.591834,1.913739,8348
166.74,-16.03772,-5,-0.8737473,-0.8575389,-28.15344,1.565571,-4.639729,-4.606391,0.8416896,8312
166.76,10.62427,-5,-1.389188,-0.9619671,-24.64198,3.914262,-4.572248,-4.629351,0.4272629,8324
166.78,-57.35046,-5,-0.8244855,-0.8486465,39.54124,6.141086,-4.909649,-4.740463,2.291677,8316
166.8,-64.75592,-5,-0.2393554,-0.6417854,25.22063,-1.246362,-4.977129,-4.762527,3.054883,8316
166.82,-65.33978,-5,0.009631472,-0.5583116,10.90001,-7.721822,-4.977129,-4.778457,2.093406,8320
166.84,-51.55603,-5,-0.04969868,-0.6149852,-6.351902,-11.85441,-4.909649,-4.787032,0.5752518,8332
166.86,-47.44141,-5,-0.3385552,-0.7859054,-16.50458,-12.2409,-4.909649,-4.843735,-1.000877,8332
166.88,-50.53223,-5,-0.581615,-0.9740751,-11.13053,-11.30314,-4.977129,-4.934477,-1.869236,8320
166.9,-44.10962,-5,-0.5255648,-1.066203,0.5183294,-11.19786,-4.977129,-4.950967,-1.594532,8324
166.92,-46.19641,-5,-0.4614792,-1.101792,0.9610775,-10.70806,-4.977129,-4.941869,-1.484914,8340
166.94,-47.28632,-5,-0.5346611,-1.141703,-4.367168,-10.35788,-4.977129,-4.947215,-1.820104,8340
166.96,-57.2005,-5,-0.6255842,-1.196939,-3.725947,-9.960028,-5.044609,-5.000652,-2.209104,8324
166.98,-28.99243,-5,-0.5854226,-1.20623,1.266421,-10.78611,-4.909649,-4.933552,-1.834286,8328
167,-50.23981,-5,-0.5887153,-1.212404,-1.038923,-8.502013,-4.977129,-4.942575,-1.893159,8320
167.02,-48.89734,-5,-0.6006706,-1.204125,-0.1534266,-9.100794,-4.977129,-4.948049,-1.926868,8312
167.04,-49.86469,-5,-0.5258123,-1.185716,2.02978,-9.614012,-4.977129,-4.942452,-1.824588,8324
167.06,-49.86743,-5,-0.5535076,-1.190774,-1.64961,-9.958874,-4.977129,-4.947536,-2.051179,8320
167.08,-38.22711,-5,-0.5426793,-1.188501,0.7320697,-10.20061,-4.909649,-4.909376,-1.974511,8312
167.1,-55.25568,-5,-0.5436255,-1.190954,-0.6725109,-9.210316,-4.977129,-4.933969,-2.122829,8328
167.12,-51.91644,-5,-0.5486847,-1.193249,0.1366499,-10.25999,-4.977129,-4.947083,-2.229132,8340
167.14,-50.52002,-5,-0.5406744,-1.204881,0.02977964,-10.64376,-4.977129,-4.953287,-2.308392,8324
167.16,-49.79041,-5,-0.5549324,-1.220961,-1.145793,-10.71012,-4.977129,-4.958119,-2.403959,8332
167.18,-37.9035,-5,-0.5621414,-1.225876,-0.4740371,-10.63276,-4.909649,-4.91985,-2.304681,8344
167.2,-42.96869,-5,-0.58013,-1.22449,-1.64961,-9.322865,-4.909649,-4.90402,-2.273885,8320
167.22,-55.88263,-5,-0.6086519,-1.224922,-1.038923,-8.898096,-4.977129,-4.940492,-2.39677,8328
167.24,-51.19287,-5,-0.5847876,-1.221402,0.8084057,-9.999214,-4.977129,-4.953387,-2.347657,8332
167.26,-37.48413,-5,-0.593857,-1.225157,-0.3366328,-10.19489,-4.909649,-4.920031,-2.267404,8320
167.28,-53.84961,-5,-0.5884945,-1.226478,-0.6572433,-8.984011,-4.977129,-4.943527,-2.293055,8316
167.3,-50.4425,-5,-0.5913562,-1.223135,-0.6725109,-9.826193,-4.977129,-4.954134,-2.306687,8324
167.32,-49.9942,-5,-0.5457281,-1.217338,1.358024,-10.19156,-4.977129,-4.953499,-2.238644,8332
167.34,-49.69507,-5,-0.5625041,-1.223565,-1.054191,-10.33175,-4.977129,-4.956919,-2.353738,8332
167.36,-49.6059,-5,-0.5571883,-1.228021,0.2587874,-10.41334,-4.977129,-4.958042,-2.37199,8332
167.38,-50.0423,-5,-0.5425487,-1.228222,-0.107625,-10.50925,-4.977129,-4.956917,-2.375626,8336
167.4,-62.0285,-5,-0.5389941,-1.237523,0.06031401,-10.65565,-5.044609,-4.997601,-2.565023,8340
167.42,-45.71112,-5,-0.5199401,-1.241496,0.07558119,-12.00304,-4.977129,-4.973992,-2.525757,8328
167.44,-49.16406,-5,-0.5302278,-1.254439,-0.7946484,-11.21379,-4.977129,-4.965744,-2.612103,8336
167.46,-50.43591,-5,-0.5460579,-1.259375,-0.9778546,-10.99132,-4.977129,-4.963825,-2.659701,8340
167.48,-50.89178,-5,-0.5473854,-1.261076,0.2282531,-10.9699,-4.977129,-4.963241,-2.67919,8332
167.5,-51.10803,-5,-0.5469483,-1.262345,-0.1686933,-11.00424,-4.977129,-4.963248,-2.701121,8328
167.52,-51.38568,-5,-0.5402036,-1.262181,0.1366499,-11.0725,-4.977129,-4.962759,-2.711145,8328
167.54,-51.67316,-5,-0.5353935,-1.262241,0.01451245,-11.16291,-4.977129,-4.962567,-2.736301,8324
167.56,-28.38318,-5,-0.5475873,-1.251584,0.04504682,-11.16089,-4.842169,-4.883503,-2.526299,8324
167.58,-73.51398,-5,-0.5598811,-1.255302,-0.107625,-8.844175,-5.044609,-4.971122,-2.820018,8336
167.6,-49.51892,-5,-0.566851,-1.252223,0.1519171,-11.81941,-4.977129,-4.971435,-2.808818,8332
167.62,-49.57611,-5,-0.5597923,-1.271365,-0.7183124,-11.38292,-4.977129,-4.971123,-2.829748,8328
167.64,-48.33167,-5,-0.6296561,-1.296617,-4.626711,-10.86494,-4.977129,-4.977679,-2.928735,8332
167.66,-45.70752,-5,-0.7095731,-1.32528,-3.008389,-10.12461,-4.977129,-4.986308,-2.935734,8320
167.68,-44.93347,-5,-0.6948808,-1.324959,1.11375,-9.416353,-4.977129,-4.98119,-2.625199,8324
167.7,-45.04742,-5,-0.6970803,-1.313349,-0.550373,-8.858394,-4.977129,-4.975008,-2.428311,8328
167.72,-45.39746,-5,-0.6864142,-1.293981,0.4419934,-8.532586,-4.977129,-4.968605,-2.240499,8324
167.74,-45.2016,-5,-0.6942522,-1.27844,0.07558119,-8.321211,-4.977129,-4.965899,-2.13893,8336
167.76,-44.69312,-5,-0.6975761,-1.265185,0.2282531,-8.145579,-4.977129,-4.964114,-2.026037,8340
167.78,-32.94855,-5,-0.6856558,-1.241544,-0.3366328,-7.988743,-4.909649,-4.91997,-1.746947,8344
167.8,-49.51624,-5,-0.694121,-1.225233,0.01451245,-6.692486,-4.977129,-4.941216,-1.739351,8336
167.82,-45.55969,-5,-0.7011889,-1.209897,0.1519171,-7.48014,-4.977129,-4.95139,-1.681786,8344
167.84,-44.28717,-5,-0.6659999,-1.1972,1.648101,-7.714557,-4.977129,-4.951181,-1.547974,8324
167.86,-43.65717,-5,-0.6730251,-1.192857,-0.8862511,-7.714269,-4.977129,-4.952138,-1.537742,8332
167.88,-43.16675,-5,-0.6757749,-1.189799,0.1671843,-7.63896,-4.977129,-4.95239,-1.49417,8328
167.9,-31.47382,-5,-0.6693455,-1.176171,-0.107625,-7.534299,-4.909649,-4.910254,-1.289199,8316
167.92,-48.1499,-5,-0.6794057,-1.167918,-0.04655629,-6.274658,-4.977129,-4.932784,-1.332608,8316
167.94,-56.52411,-5,-0.6632351,-1.16031,0.2740546,-7.203641,-5.044609,-4.98142,-1.407764,8332
167.96,-49.9375,-5,-0.6447963,-1.168793,0.5488637,-8.72127,-5.044609,-5.002237,-1.472947,8348
167.98,-35.69177,-5,-0.648229,-1.183233,-0.3519,-9.021151,-4.977129,-4.971468,-1.416299,8340
168,-51.76617,-5,-0.6565164,-1.196533,-0.5045714,-7.780623,-5.044609,-4.997535,-1.502385,8360
168.02,-82.86615,5,-0.6600907,-1.192635,0.07558119,-8.54785,-4.977129,-4.967985,-1.384137,8352
168.04,-90.75354,5,-0.6485476,-1.23682,0.9610775,-12.28265,-4.977129,-4.953905,-1.453337,8348
168.06,-96.78381,5,-0.6945537,-1.352223,-3.176328,-15.44409,-4.977129,-4.952766,-1.801424,8336
168.08,-88.76947,5,-0.8472455,-1.525188,-9.191597,-17.65931,-4.909649,-4.92456,-2.190243,8320
168.1,-93.98395,5,-1.128747,-1.753446,-15.90916,-17.4224,-4.909649,-4.932639,-2.696676,8316
168.12,-103.6017,5,-1.51241,-2.025372,-20.04656,-16.57558,-4.977129,-4.999688,-3.178043,8312
168.14,-83.82474,5,-1.814495,-2.277068,-11.81755,-15.98644,-4.909649,-4.990056,-2.825331,8312
168.16,-93.29929,5,-1.793127,-2.415404,0.3656577,-13.71769,-4.909649,-4.940422,-1.595784,8316
168.18,-129.0355,5,-1.786698,-2.503855,-1.985488,-13.29539,-5.044609,-4.970479,-1.089214,8312
168.2,-116.3608,5,-1.863386,-2.606539,-4.260297,-16.38542,-4.977129,-4.938282,-0.8794297,8320
168.22,-124.1832,5,-1.957134,-2.7446,-7.710682,-16.87829,-4.977129,-4.921482,-0.8221481,8324
168.24,-126.8535,5,-2.206813,-2.927283,-13.51221,-17.20054,-4.977129,-4.928232,-1.041641,8316
168.26,-126.5517,5,-2.463871,-3.131692,-13.35954,-16.86106,-4.977129,-4.938837,-1.014019,8316
168.28,-128.406,5,-2.612311,-3.306735,-7.649613,-16.14928,-4.977129,-4.930653,-0.5160428,8328
168.3,27.55506,5,-2.673524,-3.324807,-3.649611,-15.35094,-4.03241,-4.335633,2.074627,8324
168.32,-44.20138,5,-2.754232,-3.238519,-3.954955,1.165841,-3.96493,-4.012888,3.727673,8268
168.34,-99.26849,5,-2.772541,-3.03375,1.663368,4.822976,-4.03241,-3.899259,4.841552,8256
168.36,-340.1777,5,-2.410483,-2.956165,31.98399,-0.04815912,-5.314529,-4.58283,3.348074,8264
168.38,-87.61688,5,-1.853134,-2.893278,29.66338,-29.11953,-4.30233,-4.236874,4.501136,8372
168.4,-153.6297,5,-1.403126,-2.974584,13.34276,-24.42357,-4.30233,-4.053296,3.990766,8268
168.42,-362.5455,5,-1.463839,-3.182113,-7.710682,-28.28211,-5.314529,-4.614583,0.1466963,8308
168.44,-64.08217,5,-2.057111,-3.562891,-33.86336,-49.52525,-4.03241,-4.200653,-1.45664,8344
168.46,-292.097,5,-2.837798,-4.235834,-40.9626,-31.25593,-5.044609,-4.702963,-5.074635,8260
168.48,-209.6912,5,-3.651329,-4.802837,-44.0771,-39.50993,-4.977129,-4.928267,-6.07776,8320
168.5,-170.8118,5,-4.531185,-5.457335,-45.13054,-33.69671,-4.977129,-5.066094,-6.423248,8320
168.52,34.2233,5,-5.112917,-5.788089,-26.42825,-23.5871,-3.897449,-4.444329,-2.356498,8332
168.54,-73.18661,5,-5.35991,-5.783029,-12.79465,4.555663,-4.03241,-4.173754,1.545447,8256
168.56,-197.6519,5,-5.367131,-5.526846,-3.970222,12.12921,-4.572248,-4.311766,4.162701,8272
168.58,-25.84924,5,-5.035529,-5.148958,25.93818,3.813982,-3.695009,-3.783062,8.349339,8332
168.6,-214.8441,5,-4.159271,-4.731801,40.96109,12.48317,-4.30233,-3.797947,10.67117,8252
168.62,-104.326,5,-3.569258,-4.261968,23.89238,-2.639907,-3.627529,-3.362526,12.45526,8312
168.64,-160.7951,5,-3.509917,-4.102087,9.907645,-1.712304,-3.627529,-3.221665,11.23466,8252
168.66,-318.777,5,-3.137411,-4.039249,12.38093,-8.406384,-4.36981,-3.595336,9.414276,8272
168.68,-100.1772,5,-3.103388,-4.10636,-2.153427,-28.57834,-3.357609,-3.195211,8.815989,8288
168.7,-190.5796,5,-3.496957,-4.428268,-22.01603,-18.66473,-3.560049,-3.208936,6.460405,8216
168.72,-32.18408,5,-4.277646,-4.694201,-40.42825,-18.36261,-2.68281,-2.771797,6.372157,8232
168.74,-152.3027,5,-5.015304,-5.00211,-40.19924,0.1189241,-3.08769,-2.871802,5.773786,8192
168.76,-31.41925,5,-4.901915,-4.917333,20.16719,0.03947908,-2.412889,-2.436013,9.505714,8208
168.78,-219.6352,5,-4.325866,-4.701234,39.60231,9.969744,-3.08769,-2.547915,11.08146,8192
168.8,-87.57178,5,-3.77902,-4.341381,27.29696,-4.076056,-2.345409,-2.10153,13.12472,8236
168.82,-275.4889,5,-3.242032,-4.166203,26.31986,-2.138005,-3.02021,-2.287236,11.81001,8156
168.84,-138.1864,5,-3.201165,-4.104792,0.4877952,-19.78484,-2.345409,-2.01556,10.6938,8196
168.86,-71.33636,5,-3.480605,-4.242641,-20.27557,-16.48043,-1.738089,-1.603586,9.67453,8172
168.88,-161.4617,5,-3.919879,-4.403147,-32.99313,-6.226263,-1.940529,-1.597816,8.352637,8140
168.9,-58.30737,5,-4.64859,-4.579067,-36.0771,-5.935618,-1.40069,-1.35187,8.104957,8156
168.92,-224.5132,5,-4.167807,-4.560468,32.50307,2.758932,-2.075489,-1.549583,9.427971,8128
168.94,-151.0219,5,-3.763181,-4.410453,19.26643,-9.555719,-1.738089,-1.383871,10.50171,8160
168.96,-67.83179,5,-3.438059,-4.281926,18.79314,-11.16257,-1.06329,-0.8901874,11.46685,8132
168.98,-255.7134,5,-3.410303,-4.258858,-0.8862511,-4.246631,-1.738089,-1.099824,9.524488,8080
169,-105.1902,5,-3.828433,-4.343098,-25.51221,-17.03539,-1.06329,-0.8717677,8.376906,8132
169.02,-66.95361,5,-4.088414,-4.500212,7.602301,-9.299346,-0.6584091,-0.5605083,8.552219,8140
169.04,-84.8092,5,-3.960038,-4.416741,2.41146,-0.746374,-0.4559698,-0.2598748,10.23739,8080
169.06,7.274536,5,-4.233441,-4.259402,-17.93969,4.263883,0.2863102,0.2847596,11.55165,8072
169.08,-16.92932,5,-3.859269,-3.888986,24.77788,15.70011,0.6237106,0.7796324,14.26244,8004
169.1,-50.13611,5,-3.138398,-3.298042,25.87712,18.43958,0.89363,1.228238,16.65814,8012
169.12,-46.4574,5,-2.598484,-2.73665,48.09087,15.18881,1.298511,1.669732,17.30009,8008
169.14,-134.7477,5,-1.681409,-2.206387,39.99926,10.23501,1.23103,1.85824,17.11524,7980
169.16,-110.3457,5,-1.243547,-1.87989,20.04505,-3.374445,1.568431,2.093838,15.08311,7980
169.18,-81.40723,5,-1.036806,-1.776404,6.716805,-10.53316,1.97331,2.372517,12.73039,7964
169.2,-2.869141,5,-1.406474,-1.846641,-17.25267,-10.93437,2.64811,2.78697,10.45092,7924
169.22,-186.546,5,-1.804147,-2.061458,-21.2374,-2.290561,1.90583,2.445717,7.01179,7892
169.24,-88.36462,5,-1.896818,-2.212305,-5.267932,-14.74063,2.243231,2.4746,6.14079,7928
169.26,18.62317,5,-1.568241,-2.242587,15.58704,-13.93391,2.985511,2.971699,7.430327,7916
169.28,-10.27808,5,-1.564438,-2.159435,-5.787016,-2.585707,3.25543,3.346608,7.613502,7856
169.3,69.8877,5,-2.298805,-2.110894,-32.65726,4.678199,3.93023,3.805314,7.090269,7872
169.32,64.95605,5,-2.278727,-1.878301,25.78551,17.61068,4.267631,4.221905,9.141935,7816
169.34,47.20459,5,-1.303985,-1.250355,43.1901,22.47221,4.60503,4.73106,12.94894,7820
169.36,17.60938,5,-0.1358531,-0.454309,58.31988,20.04485,4.94243,5.24271,15.00956,7776
169.38,-2.203979,5,0.6204691,0.211293,40.28934,12.9798,5.27983,5.650979,14.21968,7760
169.4,50.01721,5,1.17197,0.7159925,26.19773,4.639149,5.95463,6.181772,12.95418,7724
169.42,-138.2582,5,1.223676,0.8564216,0.3809245,3.89938,5.27983,5.90445,8.170105,7684
169.44,9.136719,5,1.295859,0.8683025,8.090851,-15.65495,5.95463,6.109042,5.763006,7720
169.46,-75.02051,5,0.8940844,0.5387496,-17.77175,-12.52151,5.61723,5.88908,1.502,7692
169.48,-97.34253,5,0.1722507,0.05935292,-32.85572,-16.69258,5.27983,5.485539,-2.30918,7696
169.5,119.469,5,0.1375179,-0.2092034,-5.832818,-21.23685,6.29203,5.936121,-0.901128,7724
169.52,1.674805,5,-0.2995525,-0.4470746,-30.53512,-1.036019,5.95463,5.90993,-1.644237,7684
169.54,-46.69641,5,-0.7076709,-0.5533038,0.5488637,1.654273,5.61723,5.675451,-2.139009,7672
169.56,138.8252,5,0.1180748,-0.2620994,29.43437,-3.848806,6.62943,6.308189,2.307228,7696
169.58,16.99951,5,-0.1330574,-0.1247412,-9.161062,11.99252,6.35951,6.377347,1.431834,7616
169.6,-61.98096,5,0.04658781,0.09407452,20.56414,9.40004,5.95463,6.17485,1.283675,7648
169.62,-49.59509,5,0.8987625,0.3739148,30.31987,-3.150749,5.95463,6.162736,2.074037,7660
169.64,133.5271,5,0.7020726,0.4396418,-9.038925,-9.150347,6.96683,6.685414,1.472796,7660
169.66,82.52246,5,0.2655688,0.4118228,-17.1916,6.851643,7.03431,6.885547,0.6845936,7612
169.68,-192.4406,5,0.4497038,0.4627225,10.50307,11.10541,5.61723,6.152681,-0.9628606,7596
169.7,74.17761,5,1.31684,0.7200233,34.3962,-16.35714,6.69691,6.561626,1.260168,7692
169.72,5.900269,5,1.368978,0.691056,0.4419934,-7.798044,6.62943,6.660958,-0.5547578,7600
169.74,16.16577,5,0.6947887,0.5502777,-21.55801,-6.773343,6.69691,6.634839,-2.909234,7656
169.76,-5.645996,5,1.101403,0.5874329,15.67864,-6.474764,6.62943,6.639417,-2.132137,7632
169.78,-11.2157,5,0.8102212,0.5061608,-9.725948,-7.528699,6.561951,6.548859,-3.711854,7648
169.8,5.42041,5,1.018903,0.5020631,7.938179,-9.472376,6.62943,6.574317,-3.413959,7628
169.82,4.405273,5,0.8726032,0.4420199,-7.145795,-8.58793,6.62943,6.559391,-4.220433,7656
169.84,4.108154,5,0.8998942,0.4232258,0.3961921,-8.203352,6.62943,6.5564,-4.284733,7644
169.86,-7.161011,5,0.8803127,0.4033152,-2.351901,-7.939213,6.561951,6.509968,-4.646686,7656
169.88,9.551636,5,0.9140258,0.4042739,1.32749,-8.989523,6.62943,6.531867,-4.646247,7640
169.9,7.509399,5,0.8726895,0.3918037,-1.832817,-7.854004,6.62943,6.533271,-4.879684,7640
169.92,18.64294,5,0.881403,0.4099387,0.1824515,-7.311632,6.69691,6.575263,-4.738818,7644
169.94,2.323853,5,0.8715513,0.4280394,-0.550373,-5.815989,6.62943,6.55044,-4.866633,7624
169.96,6.886963,5,0.8685971,0.4497412,0.1977187,-6.457184,6.62943,6.536584,-4.911374,7636
169.98,9.547607,5,0.8854333,0.4653437,0.09084838,-6.466451,6.62943,6.530287,-4.906645,7648
170,12.09961,5,0.8582034,0.4721758,0.304589,-6.102255,6.62943,6.522676,-4.963508,7660
170.02,2.505493,5,0.8600571,0.4791931,-0.5656406,-5.625372,6.561951,6.479492,-5.011182,7652
170.04,9.617188,5,0.8556508,0.4853972,0.1671843,-6.252485,6.561951,6.459894,-5.00193,7656
170.06,25.11731,5,0.8456086,0.4945222,-0.5656406,-5.877768,6.62943,6.491332,-4.824662,7636
170.08,33.30249,5,0.8503208,0.5294564,0.1366499,-4.046128,6.69691,6.548997,-4.469963,7640
170.1,15.75293,5,0.843641,0.5763983,0.2435202,-2.001815,6.62943,6.534259,-4.362835,7644
170.12,19.47729,5,0.8691664,0.6324553,1.770238,-2.494725,6.62943,6.529449,-4.183597,7672
170.14,21.36682,5,0.9163432,0.680649,2.274055,-2.587806,6.62943,6.530254,-4.028564,7644
170.16,23.07166,5,0.9249018,0.7167942,0.01451245,-2.473884,6.62943,6.528523,-3.984498,7656
170.18,36.30322,5,0.937453,0.7571552,0.02977964,-2.231021,6.69691,6.567914,-3.766771,7668
170.2,21.31018,5,0.9301816,0.7889792,0.02977964,-0.7234285,6.62943,6.542647,-3.778961,7668
170.22,26.28442,5,0.9438523,0.8264337,0.5335966,-1.274024,6.62943,6.53196,-3.67132,7664
170.24,28.62305,5,0.9840615,0.8609276,2.930544,-1.257199,6.62943,6.530581,-3.535425,7648
170.26,42.02478,5,0.9838889,0.8956975,-0.1534266,-0.9719258,6.69691,6.568585,-3.36553,7660
170.28,26.49255,5,0.9997094,0.9310246,0.4725278,0.5019912,6.62943,6.546054,-3.324158,7644
170.3,20.68433,5,0.9666181,0.9486943,0.04504682,0.007361583,6.561951,6.489146,-3.492351,7668
170.32,28.84424,5,1.015179,0.9664021,1.983979,-1.054744,6.561951,6.469476,-3.363322,7680
170.34,55.6084,5,1.026759,0.9912877,0.7320697,-0.9089425,6.69691,6.542912,-3.055079,7676
170.36,35.2085,5,1.026491,1.023421,0.2740546,1.873778,6.62943,6.53579,-2.980237,7656
170.38,38.10547,5,1.020311,1.068789,0.3351234,1.684493,6.62943,6.530915,-2.882926,7648
170.4,38.19641,5,1.127168,1.130068,6.36566,1.504443,6.62943,6.540055,-2.591769,7672
170.42,36.55615,5,1.223173,1.194847,3.312223,1.080112,6.62943,6.550367,-2.486648,7636
170.44,59.41272,5,1.247529,1.252228,2.716804,0.6101766,6.76439,6.630264,-2.386104,7664
170.46,37.22473,5,1.29269,1.304087,1.296956,2.434613,6.69691,6.624113,-2.473757,7640
170.48,26.73914,5,1.345381,1.353349,1.190086,1.20214,6.62943,6.579502,-2.68859,7644
170.5,31.74817,5,1.444391,1.387982,6.029782,-0.9978579,6.62943,6.562334,-2.84257,7672
170.52,22.18457,5,1.480531,1.384907,-0.06182348,-2.089559,6.561951,6.508687,-3.324894,7672
170.54,41.01715,5,1.469571,1.365505,0.5793981,-3.713156,6.62943,6.516611,-3.633126,7672
170.56,27.86682,5,1.459146,1.333901,-0.7641136,-2.874866,6.561951,6.47505,-4.001668,7544
170.58,44.04364,5,1.472419,1.328066,0.09084838,-3.668863,6.62943,6.49752,-4.02929,7672
170.6,40.82904,5,1.468299,1.324684,0.4114593,-2.545108,6.62943,6.504781,-4.159013,7696
170.62,40.48779,5,1.44427,1.33005,-0.07709067,-2.044022,6.62943,6.503088,-4.281971,7664
170.64,41.09222,5,1.449816,1.343427,0.2740546,-1.760732,6.62943,6.501332,-4.308309,7680
170.66,42.4931,5,1.434765,1.354134,0.1977187,-1.454433,6.62943,6.496678,-4.373886,7656
170.68,43.84698,5,1.440818,1.370362,-0.06182348,-1.122797,6.62943,6.494447,-4.343176,7676
170.7,45.15027,5,1.442648,1.389342,0.1061156,-0.7641252,6.62943,6.492703,-4.313407,7676
170.72,46.8363,5,1.431592,1.407034,-0.07709067,-0.3482419,6.62943,6.489561,-4.294671,7660
170.74,48.24353,5,1.442381,1.431347,0.04504682,0.07092352,6.62943,6.489326,-4.191245,7648
170.76,50.01233,5,1.429574,1.453194,0.1061156,0.5446329,6.62943,6.486951,-4.143485,7656
170.78,40.01556,5,1.438476,1.472892,-0.01602192,0.9928743,6.561951,6.446478,-4.148316,7672
170.8,58.50958,5,1.442255,1.496826,0.1061156,0.3053086,6.62943,6.469033,-3.972223,7656
170.82,56.82928,5,1.442373,1.519504,0.1977187,1.730034,6.62943,6.479463,-3.833955,7640
170.84,68.58221,5,1.438059,1.562547,0.7931387,2.552767,6.69691,6.525054,-3.536319,7636
170.86,51.3587,5,1.495183,1.621148,3.556499,4.076751,6.62943,6.512019,-3.330238,7524
170.88,39.74664,5,1.661948,1.707551,10.38093,2.766902,6.561951,6.482733,-3.113765,7648
170.9,52.9574,5,1.84713,1.795138,6.426728,0.1369291,6.62943,6.521589,-2.982003,7656
170.92,48.00903,5,1.887262,1.832978,1.602299,-0.4006879,6.62943,6.52772,-3.430518,7636
170.94,47.14288,5,1.89924,1.847447,1.11375,-1.297803,6.62943,6.519552,-3.85961,7652
170.96,47.48413,5,1.924909,1.849635,0.5030622,-2.066033,6.62943,6.510097,-4.197777,7644
170.98,49.06812,5,1.898339,1.832613,0.02977964,-2.450304,6.62943,6.495404,-4.603849,7656
171,50.36658,5,1.903664,1.819358,-0.2297625,-2.562613,6.62943,6.485999,-4.814776,7656
171.02,51.30243,5,1.902025,1.810383,0.1519171,-2.499622,6.62943,6.478944,-4.999256,7652
171.04,52.2027,5,1.897815,1.805906,-0.04655629,-2.347479,6.62943,6.472969,-5.148064,7648
171.06,53.01007,5,1.900706,1.807803,0.1519171,-2.162721,6.62943,6.46874,-5.243927,7660
171.08,53.84808,5,1.90238,1.814017,0.2587874,-1.960475,6.62943,6.465094,-5.321981,7652
171.1,66.63245,5,1.893219,1.828444,0.1366499,-1.680468,6.69691,6.501032,-5.262645,7652
171.12,51.14764,5,1.883423,1.842148,0.1213828,-0.1906582,6.62943,6.474236,-5.359423,7648
171.14,44.13873,5,1.890265,1.856594,1.464895,-0.8095621,6.561951,6.421251,-5.484059,7660
171.16,74.32166,5,1.941146,1.884748,2.350391,-2.036955,6.69691,6.483175,-5.198245,7656
171.18,55.37427,5,1.935179,1.899879,0.06031401,0.2013194,6.62943,6.467426,-5.304776,7640
171.2,46.091,5,1.970334,1.930417,2.212986,-0.3705201,6.561951,6.422694,-5.359467,7668
171.22,61.54504,5,2.110192,1.983486,4.380926,-2.124727,6.62943,6.456474,-5.101693,7640
171.24,-114.1204,5,2.05701,1.87037,0.1671843,-1.916952,5.61723,5.84647,-7.551444,7636
171.26,209.7065,5,2.097871,1.853919,0.6404669,-19.11021,7.03431,6.425919,-5.815413,7692
171.28,132.4415,5,1.911083,1.790379,-7.145795,2.849198,7.03431,6.669075,-5.503288,7612
171.3,117.7661,5,1.146848,1.788653,-31.25267,12.13048,7.03431,6.699336,-5.84765,7608
171.32,49.99969,5,1.580141,2.000885,39.08323,15.22681,6.69691,6.592628,-3.802868,7620
171.34,46.1861,5,2.190505,2.297306,23.63284,8.380526,6.62943,6.576441,-2.480371,7628
171.36,45.43488,5,2.589431,2.49608,21.48017,2.145427,6.62943,6.584061,-2.674876,7628
171.38,-137.1992,5,2.565912,2.395189,-7.512208,-2.372478,5.54975,5.895063,-6.287629,7644
171.4,200.2343,5,2.438267,2.264369,-5.832818,-22.82997,6.96683,6.399766,-5.823804,7696
171.42,-33.64868,5,2.298371,1.992777,-11.45114,-2.178725,6.02211,6.048125,-7.67528,7624
171.44,85.74988,5,1.526942,1.762477,-44.09237,-9.431876,6.35951,6.014404,-8.741712,7680
171.46,87.6358,5,1.521338,1.614986,20.67101,-2.127517,6.35951,6.035681,-7.53698,7660
171.48,82.60547,5,1.571172,1.647189,-9.756483,2.73046,6.35951,6.087686,-6.137948,7640
171.5,82.44098,5,1.420043,1.697102,4.945812,5.966307,6.35951,6.105585,-5.629362,7668
171.52,-127.2772,5,2.009595,1.809616,17.78551,5.687539,5.21235,5.509492,-5.853129,7652
171.54,206.4333,5,1.803171,1.834966,1.81604,-14.41076,6.62943,6.044724,-5.091274,7724
171.56,111.7137,5,2.166639,1.910919,8.472529,4.749065,6.561951,6.294493,-3.645547,7656
171.58,-76.24463,5,1.884433,1.96051,-33.95496,8.422706,5.61723,5.79754,-5.825943,7632
171.6,-0.4452515,5,1.712246,1.862559,24.51834,-7.513936,5.61723,5.537725,-7.074067,7716
171.62,32.24609,5,2.243761,1.796894,18.68627,-12.14039,5.684711,5.536194,-6.134724,7712
171.64,95.9187,5,1.882375,1.651119,-32.45878,-10.56054,6.02211,5.690889,-6.833775,7696
171.66,78.00635,5,1.138248,1.415696,-26.77939,-0.6032301,5.95463,5.641096,-7.887941,7676
171.68,69.61627,5,1.206593,1.414946,2.136651,3.923225,5.887151,5.632065,-6.114005,7696
171.7,69.84943,5,1.375588,1.527735,11.09849,5.521688,5.887151,5.672904,-4.694227,7676
171.72,59.96472,5,1.736931,1.726799,12.82368,5.401136,5.887151,5.740263,-3.42039,7696
171.74,73.63879,5,1.949544,1.918119,13.03742,3.667924,6.02211,5.861172,-2.942045,7696
171.76,43.98846,5,2.165841,2.073856,8.838943,3.150118,5.95463,5.878485,-3.055668,7672
171.78,56.5119,5,2.136862,2.138844,0.02977964,-0.06256883,6.02211,5.896156,-3.787622,7684
171.8,40.82581,5,2.229798,2.159633,1.296956,-1.262357,5.95463,5.85855,-4.263794,7704
171.82,34.9281,5,2.188676,2.122283,-0.550373,-3.530532,5.887151,5.783109,-5.104696,7700
171.84,54.5752,5,2.212886,2.075808,-0.4893047,-5.686753,5.95463,5.786927,-5.409749,7676
171.86,52.93085,5,2.17425,2.018194,-1.741213,-5.005915,5.95463,5.781186,-5.809716,7716
171.88,41.72522,5,2.111659,1.963385,-3.802283,-4.544378,5.887151,5.730516,-6.244377,7720
171.9,58.89978,5,2.106134,1.933265,0.5946653,-5.330656,5.95463,5.749393,-6.260415,7704
171.92,55.81305,5,2.087343,1.910679,-1.252663,-4.055194,5.95463,5.756691,-6.342149,7700
171.94,54.0105,5,2.096838,1.914576,-0.3519,-3.558615,5.95463,5.76242,-6.316115,7700
171.96,52.44177,5,2.132583,1.932668,0.8236728,-3.533139,5.95463,5.768083,-6.297423,7700
171.98,52.08118,5,2.130636,1.942717,-0.2297625,-3.666881,5.95463,5.766598,-6.428666,7700
172,52.28687,5,2.1406,1.94997,0.3198562,-3.823682,5.95463,5.764228,-6.508029,7724
172.02,52.95312,5,2.135103,1.95139,-0.01602192,-3.886022,5.95463,5.760056,-6.611015,7700
172.04,53.51215,5,2.141139,1.954209,0.02977964,-3.878276,5.95463,5.757594,-6.652886,7708
172.06,65.64459,5,2.139491,1.964673,-0.04655629,-3.783577,6.02211,5.795727,-6.565141,7704
172.08,60.50983,5,2.150224,1.98515,-0.07709067,-2.530479,6.02211,5.813471,-6.492558,7700
172.1,46.96448,5,2.161246,2.007529,-0.06182348,-2.280735,5.95463,5.780396,-6.589827,7704
172.12,63.75305,5,2.168528,2.026255,-0.03128911,-3.476944,6.02211,5.803789,-6.547033,7696
172.14,37.77386,5,2.179106,2.021924,0.07558119,-2.653821,5.887151,5.73235,-6.807393,7688
172.16,59.23975,5,2.185212,2.022321,-0.06182348,-4.724038,5.95463,5.740356,-6.796631,7696
172.18,47.28784,5,2.161144,1.996141,-1.390068,-3.864057,5.887151,5.699543,-7.024184,7688
172.2,63.76898,5,2.176533,1.996219,1.251154,-4.527329,5.95463,5.72597,-6.854684,7680
172.22,60.67761,5,2.160673,1.995752,-1.084725,-3.245206,5.95463,5.736441,-6.844481,7676
172.24,58.95496,5,2.184342,2.018585,1.449628,-2.788126,5.95463,5.745154,-6.710405,7684
172.26,58.6991,5,2.180051,2.037909,-0.01602192,-2.641045,5.95463,5.746727,-6.720529,7680
172.28,59.17542,5,2.184875,2.054593,0.06031401,-2.580719,5.95463,5.746439,-6.701902,7704
172.3,48.53571,5,2.180194,2.058483,0.3198562,-2.496624,5.887151,5.703907,-6.83636,7704
172.32,66.34766,5,2.186031,2.065533,-0.1381594,-3.503547,5.95463,5.72567,-6.726903,7688
172.34,63.90228,5,2.182357,2.06953,-0.03128911,-2.353126,5.95463,5.735302,-6.672803,7692
172.36,51.117,5,2.197963,2.083926,0.01451245,-1.914518,5.887151,5.701969,-6.682644,7696
172.38,68.28772,5,2.18799,2.096388,-0.04655629,-2.850374,5.95463,5.725032,-6.612661,7696
172.4,65.68744,5,2.190794,2.106236,-0.03128911,-1.738932,5.95463,5.735679,-6.532356,7692
172.42,64.81628,5,2.193813,2.12824,-0.01602192,-1.273037,5.95463,5.741418,-6.431103,7700
172.44,65.1344,5,2.189536,2.148416,-0.03128911,-1.032349,5.95463,5.742679,-6.382156,7700
172.46,65.69922,5,2.200068,2.169468,0.01451245,-0.8699443,5.95463,5.74404,-6.295564,7692
172.48,66.48242,5,2.201141,2.187493,0.06031401,-0.7023762,5.95463,5.744076,-6.241978,7692
172.5,55.84766,5,2.201338,2.195724,-0.04655629,-0.5316353,5.887151,5.703083,-6.319372,7688
172.52,73.63159,5,2.208343,2.207362,0.06031401,-1.483541,5.95463,5.725997,-6.176162,7708
172.54,70.99493,5,2.214102,2.217867,-0.07709067,-0.3304631,5.95463,5.73747,-6.077479,7676
172.56,69.96423,5,2.220172,2.241717,0.4114593,0.1490498,5.95463,5.74404,-5.964505,7700
172.58,69.78424,5,2.232892,2.267781,1.098482,0.3250163,5.95463,5.747656,-5.883058,7688
172.6,57.44183,5,2.286372,2.294845,2.258788,0.2229354,5.887151,5.713867,-5.881761,7708
172.62,74.17639,5,2.301997,2.314658,0.5030622,-1.112516,5.95463,5.737484,-5.852939,7680
172.64,60.18262,5,2.291554,2.310864,-0.04655629,-0.2911382,5.887151,5.703434,-6.052511,7688
172.66,76.39081,5,2.300792,2.321106,0.5793981,-1.164246,5.95463,5.729424,-5.944,7708
172.68,72.49908,5,2.32885,2.335983,1.037414,-0.1965103,5.95463,5.743859,-5.868861,7672
172.7,83.09686,5,2.308124,2.358669,0.2587874,0.1473714,6.02211,5.786619,-5.786125,7680
172.72,65.04877,5,2.364148,2.393999,1.342757,1.232893,5.95463,5.771008,-5.722307,7684
172.74,67.35016,5,2.400404,2.428606,2.182452,0.009152174,5.95463,5.764074,-5.767767,7684
172.76,66.37918,5,2.510423,2.46573,3.556499,-0.9358245,5.95463,5.76914,-5.722955,7680
172.78,67.24518,5,2.466438,2.462071,-0.3213652,-1.509152,5.95463,5.757532,-6.130686,7700
172.8,67.90979,5,2.49341,2.45972,0.09084838,-1.892201,5.95463,5.752332,-6.231525,7704
172.82,68.48273,5,2.488276,2.451666,0.6251997,-2.061642,5.95463,5.74653,-6.405713,7684
172.84,80.52045,5,2.488176,2.452492,0.1977187,-2.090821,6.02211,5.782709,-6.386474,7688
172.86,63.62585,5,2.498593,2.45634,0.2435202,-0.9561502,5.95463,5.758395,-6.519241,7688
172.88,67.34732,5,2.489749,2.459881,0.7168028,-1.881262,5.95463,5.743922,-6.658512,7696
172.9,68.4476,5,2.531472,2.464167,0.2282531,-2.255226,5.95463,5.740597,-6.67642,7680
172.92,69.84024,5,2.494999,2.452531,0.2435202,-2.266665,5.95463,5.731916,-6.881244,7696
172.94,82.76782,5,2.482068,2.451213,-0.3824344,-2.062914,6.02211,5.766996,-6.794137,7692
172.96,66.05115,5,2.501,2.46087,0.3961921,-0.7108592,5.95463,5.745481,-6.801239,7704
172.98,81.56659,5,2.48237,2.477162,0.7168028,-1.413582,6.02211,5.772786,-6.7469,7692
173,65.49899,5,2.539023,2.498043,2.121383,-0.5238845,5.95463,5.750756,-6.710449,7692
173.02,69.64987,5,2.522454,2.507834,0.6710012,-1.498465,5.95463,5.735651,-6.85528,7684
173.04,71.31747,5,2.557147,2.514245,0.3656577,-1.835922,5.95463,5.731279,-6.849934,7700
173.06,72.35199,5,2.549325,2.513274,0.6251997,-1.861436,5.95463,5.726589,-6.942423,7672
173.08,72.85443,5,2.559898,2.516752,0.3198562,-1.807354,5.95463,5.72511,-6.951114,7704
173.1,73.12332,5,2.566111,2.52248,0.4877952,-1.73958,5.95463,5.724259,-6.974085,7696
173.12,50.22107,5,2.573273,2.514053,0.4114593,-1.739803,5.819671,5.642311,-7.269412,7700
173.14,84.79932,5,2.567679,2.50727,0.3961921,-3.978568,5.95463,5.684473,-7.19613,7696
173.16,78.64331,5,2.574569,2.499989,0.06031401,-1.988086,5.95463,5.704904,-7.142271,7684
173.18,76.48532,5,2.547369,2.511413,-0.4129688,-1.203012,5.95463,5.711814,-7.124311,7700
173.2,74.90668,5,2.597322,2.542871,1.373291,-1.067688,5.95463,5.720993,-6.964872,7688
173.22,74.8002,5,2.588699,2.561747,0.01451245,-1.104141,5.95463,5.720693,-7.040246,7684
173.24,75.58151,5,2.587916,2.573923,0.1519171,-1.131612,5.95463,5.718226,-7.06425,7720
173.26,64.84583,5,2.592413,2.576337,0.1213828,-1.106627,5.887151,5.675976,-7.191559,7688
173.28,82.64536,5,2.591971,2.579526,0.1061156,-2.142016,5.95463,5.696758,-7.122385,7688
173.3,80.29721,5,2.583528,2.579172,0.01451245,-0.9963452,5.95463,5.705342,-7.090823,7712
173.32,80.04965,5,2.560581,2.588082,0.01451245,-0.3955897,5.95463,5.707541,-7.045132,7708
173.34,80.22852,5,2.570505,2.606411,0.1519171,-0.05151488,5.95463,5.710707,-6.922963,7696
173.36,81.08386,5,2.556497,2.6208,0.1213828,0.247918,5.95463,5.710226,-6.881932,7680
173.38,82.27725,5,2.548408,2.634507,-0.1534266,0.5667523,5.95463,5.709482,-6.800368,7692
173.4,83.35516,5,2.547548,2.650441,0.1061156,0.9084059,5.95463,5.710011,-6.687117,7684
173.42,84.15179,5,2.553298,2.669832,0.02977964,1.231195,5.95463,5.711848,-6.559859,7708
173.44,73.46881,5,2.551049,2.680717,0.01451245,1.515041,5.887151,5.672139,-6.59973,7716
173.46,91.45834,5,2.549657,2.693567,0.07558119,0.6625427,5.95463,5.69508,-6.435211,7704
173.48,89.10464,5,2.550608,2.705464,0.01451245,1.919671,5.95463,5.706738,-6.297476,7704
173.5,88.36414,5,2.551299,2.730816,0.06031401,2.516162,5.95463,5.713586,-6.143458,7700
173.52,88.39948,5,2.561602,2.759483,0.8694746,2.80841,5.95463,5.717954,-6.011066,7700
173.54,87.90268,5,2.608359,2.79652,2.961078,2.854481,5.95463,5.725106,-5.832678,7712
173.56,98.24841,5,2.668459,2.845956,2.212986,2.66282,6.02211,5.773819,-5.575705,7712
173.58,79.28809,5,2.747201,2.896179,4.396194,3.292397,5.95463,5.760239,-5.575521,7700
173.6,92.50824,5,2.80163,2.945222,2.701536,1.637554,6.02211,5.793675,-5.569663,7700
173.62,87.45309,5,2.852957,2.976253,3.49543,1.706432,6.02211,5.806603,-5.698727,7688
173.64,85.85001,5,2.859882,2.993766,-0.6725109,1.216582,6.02211,5.805662,-5.938579,7688
173.66,74.40143,5,2.865156,2.989645,0.5183294,0.6874921,5.95463,5.759133,-6.298492,7700
173.68,92.72147,5,2.839461,2.971926,-0.3671672,-0.7052975,6.02211,5.771333,-6.482574,7672
173.7,90.61429,5,2.832998,2.953279,-0.07709067,0.2455755,6.02211,5.775416,-6.566258,7680
173.72,89.42352,5,2.839958,2.955269,0.8389403,0.6360102,6.02211,5.778823,-6.565921,7688
173.74,77.48941,5,2.839744,2.953432,-0.3213652,0.7502165,5.95463,5.738378,-6.758915,7672
173.76,83.57996,5,2.823088,2.941263,0.02977964,-0.3197701,5.95463,5.716292,-6.923268,7672
173.78,86.91824,5,2.805944,2.919613,-0.7488468,-0.3502493,5.95463,5.704214,-7.017797,7680
173.8,88.1416,5,2.811825,2.910775,-0.01602192,-0.05122471,5.95463,5.701652,-6.977783,7676
173.82,88.93048,5,2.794888,2.906607,-0.3671672,0.3295735,5.95463,5.699506,-6.990273,7684
173.84,89.1489,5,2.806824,2.914417,-0.1534266,0.6237187,5.95463,5.701137,-6.914057,7684
173.86,89.4617,5,2.804821,2.924203,-0.06182348,0.8508456,5.95463,5.701438,-6.895953,7680
173.88,90.29861,5,2.792738,2.931746,-0.2297625,1.078058,5.95463,5.699646,-6.892988,7684
173.9,90.936,5,2.80108,2.944146,-0.07709067,1.289627,5.95463,5.700176,-6.819102,7664
173.92,91.68021,5,2.796473,2.955615,-0.107625,1.514773,5.95463,5.699671,-6.784719,7680
173.94,92.39313,5,2.799442,2.968977,-0.1381594,1.734302,5.95463,5.699876,-6.720355,7672
173.96,93.13226,5,2.799508,2.982645,-0.03128911,1.956982,5.95463,5.699934,-6.663412,7692
173.98,105.5276,5,2.79764,3.004029,-0.0007547362,2.216373,6.02211,5.740351,-6.46796,7664
174,89.35104,5,2.798305,3.024124,-0.07709067,3.617352,5.95463,5.718238,-6.456472,7680
174.02,81.88971,5,2.800134,3.038847,0.7320697,2.885469,5.887151,5.667391,-6.542157,7688
174.04,110.9367,5,2.879832,3.072468,3.281689,1.437821,6.02211,5.734889,-6.150746,7672
174.06,91.173,5,2.869102,3.084537,-0.2144953,3.428546,5.95463,5.720558,-6.289905,7676
174.08,92.68024,5,2.911605,3.11774,3.281689,2.606911,5.95463,5.717973,-6.209924,7672
174.1,91.69861,5,3.000703,3.153457,3.251155,1.918707,5.95463,5.723633,-6.153471,7684
174.12,92.06036,5,2.979132,3.15914,-0.0007547362,1.439188,5.95463,5.716513,-6.439872,7676
174.14,104.1524,5,2.998471,3.169586,0.04504682,1.119333,6.02211,5.752802,-6.402056,7652
174.16,87.62177,5,3.00093,3.173144,0.3809245,2.094799,5.95463,5.726151,-6.592474,7680
174.18,79.88806,5,2.99947,3.168599,0.6251997,1.050915,5.887151,5.670674,-6.864479,7672
174.2,97.81827,5,3.047664,3.16738,2.121383,-0.5546386,5.95463,5.690011,-6.827326,7676
174.22,95.51169,5,3.020695,3.149752,0.06031401,0.2855985,5.95463,5.692902,-7.015358,7672
174.24,82.47333,5,3.04461,3.147242,0.6862684,0.4996547,5.887151,5.656748,-7.128185,7684
174.26,110.3287,5,3.050503,3.156607,0.7320697,-0.6441574,6.02211,5.720238,-7.012582,7684
174.28,101.3324,5,3.061774,3.170051,0.02977964,1.373665,6.02211,5.748405,-6.984466,7660
174.3,86.01642,5,3.069917,3.194028,1.693902,1.744568,5.95463,5.719371,-7.109557,7680
174.32,88.59628,5,3.153998,3.226566,3.296956,0.1615547,5.95463,5.712563,-7.0946,7672
174.34,101.5192,5,3.15665,3.235117,0.2740546,-0.6058623,6.02211,5.743347,-7.237625,7684
174.36,97.66455,5,3.137576,3.233527,-0.2908313,0.2551744,6.02211,5.750863,-7.395034,7676
174.38,85.05066,5,3.135234,3.233052,0.09084838,0.4168718,5.95463,5.711681,-7.588748,7672
174.4,101.77,5,3.148193,3.237774,-0.01602192,-0.7661852,6.02211,5.734242,-7.564837,7696
174.42,-97.6907,5,3.142182,3.100384,-0.06182348,-0.2668415,4.87495,5.051149,-9.968423,7676
174.44,167.6779,5,3.12374,2.990794,0.07558119,-19.62189,5.887151,5.349019,-9.261487,7736
174.46,204.3291,5,3.082291,2.891745,-4.748848,-5.307487,6.35951,5.772939,-8.106238,7668
174.48,146.9944,5,2.464657,2.873518,-31.80229,9.886074,6.29203,5.865202,-8.256626,7656
174.5,69.90573,5,2.84482,3.104131,30.59468,12.73457,5.95463,5.775447,-6.562557,7656
174.52,142.5296,5,3.50645,3.466636,31.57178,4.772598,6.35951,6.048975,-4.526857,7696
174.54,28.14096,5,4.072978,3.740063,28.01452,4.778564,5.95463,5.956182,-5.097252,7648
174.56,99.88435,5,4.15514,3.87819,-3.267931,-6.933351,6.29203,6.069833,-6.406686,7680
174.58,-105.0324,5,4.297134,3.756184,3.861842,-8.333438,5.21235,5.444929,-9.91793,7668
174.6,52.07329,5,3.984522,3.460955,-23.37481,-28.7603,5.61723,5.337744,-12.36764,7720
174.62,117.3413,5,3.854092,3.105121,-6.489306,-25.85305,5.95463,5.479971,-12.96954,7712
174.64,-60.62033,5,3.266082,2.68899,-35.60382,-15.75484,5.009911,4.927577,-15.85432,7684
174.66,79.37697,5,2.217346,2.18408,-53.95497,-23.40238,5.27983,4.745096,-17.47018,7744
174.68,131.3347,5,3.131273,2.171273,30.56414,-17.27369,5.61723,5.059808,-12.73008,7732
174.7,148.817,5,2.98051,2.281987,-11.1916,-7.35987,5.95463,5.405485,-11.63285,7712
174.72,-45.10719,5,2.036103,2.123786,-39.28321,3.778219,4.94243,4.832646,-14.67132,7692
174.74,12.98976,5,2.498186,2.173942,48.94582,-9.984119,4.87495,4.628132,-12.70549,7744
174.76,97.5148,5,3.153396,2.294734,23.92292,-15.23892,5.27983,4.872297,-10.52912,7764
174.78,121.9628,5,2.730443,2.270403,-17.0542,-8.649693,5.54975,5.078101,-11.13494,7724
174.8,-53.97754,5,2.167129,2.099851,-25.9855,-0.2752582,4.60503,4.540215,-13.27794,7736
174.82,13.23537,5,2.446756,2.069027,10.31986,-13.42138,4.60503,4.362683,-12.12379,7792
174.84,90.21034,5,2.678318,2.026725,10.41146,-15.95228,4.94243,4.526969,-11.00416,7764
174.86,-99.7258,5,2.370012,1.816381,-21.20687,-9.194782,3.93023,3.961534,-13.34947,7740
174.88,208.4283,5,1.818528,1.642351,-22.22977,-21.5477,5.21235,4.427368,-12.1419,7796
174.9,-85.18195,5,2.111269,1.526795,13.12902,-0.05932808,3.93023,3.948797,-11.85062,7736
174.92,43.92834,5,1.886867,1.518227,-21.1,-14.61547,4.267631,3.929991,-11.50234,7804
174.94,56.95938,5,1.526772,1.314904,-11.46641,-9.944255,4.267631,3.88814,-11.75837,7772
174.96,63.47479,5,1.420702,1.241604,-4.031291,-5.170742,4.267631,3.898752,-10.39115,7792
174.98,77.94846,5,0.8460361,1.118463,-26.87099,0.6125411,4.267631,3.864854,-10.11021,7820
175,83.57037,5,1.361698,1.298011,20.67101,4.20843,4.335111,4.005183,-6.63335,7796
175.02,55.84088,5,1.508418,1.503897,3.968712,6.656663,4.267631,4.055395,-5.513495,7792
175.04,47.18503,5,1.841388,1.742244,21.90765,4.36873,4.267631,4.112271,-4.445752,7792
175.06,48.27277,5,2.173404,1.952156,13.12902,0.8959175,4.335111,4.198327,-3.952736,7792
175.08,24.32703,5,2.331234,2.066304,8.335126,-1.85207,4.267631,4.1868,-4.51963,7780
175.1,28.38718,5,2.259597,2.055466,-2.962588,-5.853834,4.267631,4.146196,-5.618051,7796
175.12,43.44754,5,2.263503,1.999774,-0.3671672,-8.089833,4.335111,4.157666,-6.086318,7820
175.14,41.87164,5,2.140364,1.905416,-4.214497,-7.648565,4.335111,4.144063,-6.710566,7804
175.16,89.28415,5,2.035789,1.850365,-4.122893,-7.078191,4.60503,4.291908,-6.454158,7796
175.18,9.350342,5,2.024358,1.813083,-0.7793808,-2.017115,4.267631,4.161891,-6.783634,7780
175.2,95.72095,5,2.022442,1.846621,0.1061156,-6.592842,4.67251,4.349212,-6.107633,7820
175.22,-13.55698,5,2.126291,1.838786,8.197721,-1.429878,4.20015,4.161442,-6.636008,7776
175.24,93.72171,5,2.082734,1.865806,-5.298466,-8.735178,4.67251,4.350499,-6.266215,7800
175.26,53.47632,5,2.169786,1.873745,8.915278,-3.057378,4.60503,4.402796,-6.13466,7756
175.28,61.30737,5,2.005809,1.886512,-10.39771,-2.803912,4.67251,4.443266,-6.381005,7768
175.3,67.33463,5,2.014865,1.913739,8.548865,-1.852873,4.73999,4.502982,-6.075672,7780
175.32,31.41647,5,2.220558,1.988375,-0.7335792,-1.366515,4.60503,4.474753,-5.762344,7768
175.34,27.93729,5,2.095138,1.970089,0.4877952,-4.274863,4.53755,4.393425,-6.620805,7772
175.36,62.09671,5,2.071476,1.924349,-5.2832,-6.417147,4.67251,4.43224,-6.632638,7788
175.38,45.23978,5,2.00698,1.864131,-2.535107,-4.196744,4.60503,4.405585,-6.804371,7756
175.4,59.93069,5,1.969922,1.841832,-0.7946484,-4.28738,4.67251,4.436916,-6.589112,7760
175.42,54.99106,5,1.973207,1.838082,-0.962587,-2.87795,4.67251,4.456697,-6.377961,7772
175.44,51.99875,5,1.980878,1.853265,0.9152762,-2.474366,4.67251,4.469484,-6.213787,7748
175.46,50.3306,5,1.990474,1.868345,-0.6419765,-2.543272,4.67251,4.476449,-6.136461,7760
175.48,49.0947,5,2.011766,1.880846,0.6710012,-2.83044,4.67251,4.481446,-6.080192,7756
175.5,48.41861,5,2.014134,1.883457,0.02977964,-3.155059,4.67251,4.482584,-6.109705,7768
175.52,35.87564,5,2.038611,1.877777,0.5793981,-3.549077,4.60503,4.444778,-6.231443,7764
175.54,39.89911,5,2.065354,1.865429,0.1977187,-5.170233,4.60503,4.429677,-6.332798,7764
175.56,40.94257,5,2.069788,1.837351,-0.7335792,-5.855899,4.60503,4.421799,-6.50104,7768
175.58,52.29742,5,2.066726,1.815688,-0.4129688,-6.176538,4.67251,4.458383,-6.501656,7764
175.6,45.88272,5,2.071678,1.804772,0.1671843,-5.268626,4.67251,4.475832,-6.527991,7756
175.62,30.93884,5,2.074656,1.796118,-0.0007547362,-5.36102,4.60503,4.442535,-6.733078,7772
175.64,46.21603,5,2.078113,1.785129,-0.1228922,-6.92369,4.67251,4.466181,-6.791378,7788
175.66,30.74789,5,2.06446,1.75376,-0.8862511,-6.400096,4.60503,4.432993,-7.067057,7780
175.68,34.46109,5,2.046614,1.722901,-0.4129688,-7.563492,4.60503,4.416059,-7.236802,7764
175.7,47.35233,5,2.03453,1.692884,-1.283198,-7.897753,4.67251,4.448307,-7.233383,7768
175.72,30.64697,5,2.010273,1.662201,-1.084725,-6.76882,4.60503,4.421218,-7.40053,7768
175.74,44.20761,5,2.035467,1.65952,0.304589,-7.776908,4.67251,4.454728,-7.253386,7756
175.76,39.43054,5,2.015481,1.646281,-0.4129688,-7.012549,4.67251,4.46644,-7.348295,7768
175.78,25.47928,5,2.016308,1.635503,-0.1534266,-7.024975,4.60503,4.431474,-7.494829,7756
175.8,29.73648,5,2.01298,1.615851,-0.1686933,-8.435061,4.60503,4.414437,-7.635121,7772
175.82,43.17966,5,1.993206,1.588004,-1.283198,-8.849579,4.67251,4.444832,-7.650576,7772
175.84,27.02753,5,1.963094,1.556707,-1.710679,-7.696826,4.60503,4.4164,-7.805033,7764
175.86,41.67484,5,1.956645,1.546089,-0.06182348,-8.524751,4.67251,4.446071,-7.683678,7756
175.88,36.92603,5,1.95865,1.537997,-0.7335792,-7.604465,4.67251,4.461132,-7.635205,7760
175.9,22.75278,5,1.959906,1.533127,0.3351234,-7.51115,4.60503,4.428369,-7.739545,7768
175.92,38.27182,5,1.966475,1.529468,-0.4129688,-8.880853,4.67251,4.454351,-7.689441,7764
175.94,34.33487,5,1.958705,1.515915,-0.5351062,-8.197308,4.67251,4.464688,-7.731549,7724
175.96,21.42874,5,1.927839,1.495975,-0.7183124,-8.06997,4.60503,4.425608,-7.92607,7768
175.98,36.98672,5,1.956105,1.490506,-0.4740371,-9.36297,4.67251,4.453394,-7.783114,7776
176,21.16895,5,1.948224,1.468835,-1.130526,-8.650192,4.60503,4.424259,-7.964799,7748
176.02,71.5325,-5,1.901678,1.439113,-1.405335,-9.62431,4.60503,4.405845,-8.137561,7776
176.04,88.06055,-5,1.907811,1.468953,-0.8557167,-5.133812,4.67251,4.442252,-7.855436,7780
176.06,64.5676,-5,1.901862,1.560316,1.92291,-0.4824755,4.53755,4.378314,-7.785411,7760
176.08,75.04929,-5,2.099545,1.736863,8.64047,-0.3939154,4.53755,4.370314,-7.190722,7764
176.1,103.6246,-5,2.247101,1.929262,7.541233,0.3335786,4.67251,4.45092,-6.747472,7752
176.12,75.91881,-5,2.310364,2.097673,5.617568,3.490402,4.53755,4.395692,-6.932395,7756
176.14,98.57503,-5,2.490091,2.300208,8.04505,2.253644,4.60503,4.417108,-6.579133,7772
176.16,98.6729,-5,2.69829,2.499147,8.090851,3.076886,4.60503,4.431748,-6.414962,7752
176.18,105.8531,-5,2.644027,2.634132,-0.06182348,3.868418,4.60503,4.40742,-6.921147,7756
176.2,111.7041,-5,2.824782,2.800948,8.5336,4.560827,4.60503,4.404963,-6.610673,7776
176.22,117.3955,-5,2.909329,2.957801,5.296957,5.378346,4.60503,4.397107,-6.6516,7756
176.24,123.5207,-5,2.999837,3.111921,5.525965,6.242354,4.60503,4.388136,-6.634048,7756
176.26,127.6758,-5,3.17439,3.288542,8.426728,6.895941,4.60503,4.390231,-6.416186,7756
176.28,131.2299,-5,3.321045,3.466172,8.396194,7.304464,4.60503,4.38996,-6.397567,7744
176.3,122.9755,-5,3.484417,3.636702,9.816042,7.407037,4.53755,4.348327,-6.55036,7752
176.32,143.3755,-5,3.640021,3.803,8.319858,6.190863,4.60503,4.366707,-6.607385,7764
176.34,154.2195,-5,3.829456,3.977878,8.243522,6.878207,4.67251,4.416485,-6.548366,7752
176.36,138.9017,-5,3.965087,4.145575,8.915278,7.98561,4.60503,4.390658,-6.893202,7744
176.38,143.1886,-5,4.192606,4.328794,11.6023,6.444267,4.60503,4.381902,-7.048912,7748
176.4,145.8428,-5,4.385541,4.488677,10.74734,5.247924,4.60503,4.372272,-7.479301,7740
176.42,149.7665,-5,4.498725,4.614603,5.00688,4.380597,4.60503,4.352347,-8.118685,7748
176.44,153.5861,-5,4.643636,4.733747,7.434362,3.749803,4.60503,4.335704,-8.597569,7744
176.46,-2.106079,-5,4.668751,4.707689,2.640467,3.317076,3.660311,3.737546,-11.2412,7748
176.48,67.59924,-5,4.791962,4.609201,6.289324,-13.08275,3.592831,3.423258,-12.75111,7804
176.5,108.9628,-5,4.814788,4.387993,-3.069458,-16.91793,3.592831,3.2735,-14.06516,7832
176.52,203.2408,-5,4.465831,4.185812,-28.94733,-13.92714,3.99771,3.412921,-14.51286,7808
176.54,187.7327,-5,3.769391,3.982886,-24.65725,-0.07563674,3.93023,3.371016,-15.21779,7800
176.56,239.2309,-5,3.864064,4.117832,5.678637,7.341074,4.20015,3.572061,-12.50666,7808
176.58,225.4276,-5,4.15548,4.454492,25.12902,16.54776,4.267631,3.757775,-10.17249,7768
176.6,211.0511,-5,4.71617,4.965066,28.01452,19.4332,4.335111,3.940497,-8.050083,7776
176.62,157.2927,-5,5.565721,5.546279,46.53362,17.02584,4.20015,4.002658,-6.938261,7764
176.64,160.1283,-5,6.150816,6.011328,27.12902,8.100941,4.267631,4.06609,-7.589961,7768
176.66,-26.1792,-5,6.698174,6.211898,26.19773,0.2872152,3.25543,3.471063,-11.02617,7792
176.68,120.0673,-5,6.533809,6.083126,-6.916788,-22.98223,3.592831,3.305933,-14.65182,7836
176.7,208.2341,-5,6.459237,5.813673,-5.634344,-23.18146,3.99771,3.433422,-16.17466,7824
176.72,73.15594,-5,5.747429,5.422402,-39.29848,-12.29882,3.25543,2.9567,-19.70342,7812
176.74,34.76807,-5,5.042084,4.968424,-29.63435,-16.58827,2.58063,2.275621,-22.54643,7848
176.76,187.0544,-5,5.280459,4.734041,15.19009,-23.89479,2.985511,2.295268,-20.74644,7900
176.78,73.92627,-5,4.983034,4.453052,-23.22214,-12.55316,2.31071,1.898746,-21.86802,7856
176.8,240.2816,-5,4.169035,4.21064,-40.15344,-13.47423,2.850551,1.982456,-21.62079,7912
176.82,114.619,-5,4.651197,4.259249,17.4649,0.9218956,2.243231,1.78069,-19.03383,7876
176.84,224.6755,-5,4.447278,4.410494,-9.466407,-1.344651,2.64811,1.930965,-17.65592,7904
176.86,82.6582,-5,4.61604,4.538666,31.44964,7.501608,1.90583,1.586897,-17.26926,7888
176.88,188.9265,-5,4.957299,4.793279,5.449629,-1.945086,2.243231,1.682951,-15.46634,7924
176.9,67.0719,-5,5.075691,4.870338,14.90001,1.959857,1.568431,1.320878,-16.42141,7908
176.92,6.212402,-5,5.116394,4.830259,-6.855718,-8.096765,0.89363,0.7482683,-18.1179,7932
176.94,202.6659,-5,5.136082,4.721552,5.067949,-20.63785,1.568431,0.8947146,-17.71822,7992
176.96,76.03809,-5,4.736172,4.445861,-18.32137,-7.954873,0.89363,0.5187438,-19.43291,7952
176.98,100.5146,-5,3.911581,4.114119,-43.69542,-9.629799,0.6237106,0.1195695,-20.87855,7984
177,38.28284,-5,3.966664,3.865838,11.98398,-8.629833,-0.05108929,-0.3969034,-20.29821,8000
177.02,213.2922,-5,4.009953,3.786758,-3.283198,-14.10283,0.5562305,-0.2066615,-17.93675,8068
177.04,150.9897,-5,3.72193,3.698623,-15.78702,0.8790857,0.2863102,-0.2809418,-17.30041,8000
177.06,43.23706,-5,3.541161,3.690228,-7.420605,4.876723,-0.4559698,-0.7421709,-17.18928,8004
177.08,-9.087036,-5,3.844141,3.691336,18.02979,-4.555485,-1.13077,-1.289788,-16.96672,8048
177.1,179.9264,-5,4.125993,3.699671,12.06032,-16.69727,-0.4559698,-1.083822,-15.28501,8100
177.12,114.8671,-5,3.825395,3.571405,-15.22214,-4.683711,-0.7258892,-1.181111,-15.8492,8052
177.14,12.78918,-5,3.398499,3.418263,-27.1458,-2.117288,-1.46817,-1.697734,-17.08903,8080
177.16,211.6542,-5,3.018693,3.279786,1.525963,-9.121183,-0.7933693,-1.538976,-15.73955,8140
177.18,92.97534,-5,3.294306,3.277398,10.60994,5.252334,-1.33321,-1.705102,-13.8611,8088
177.2,73.29504,-5,2.904156,3.258037,-16.09236,4.011292,-1.670609,-2.004245,-14.15734,8128
177.22,61.97021,-5,2.480785,3.074228,-20.09236,2.567242,-2.075489,-2.4087,-14.66504,8136
177.24,3.637817,-5,2.548218,2.897295,-0.7030448,0.06814921,-2.75029,-2.936645,-14.19011,8172
177.26,194.1254,-5,2.548154,2.811248,-1.481671,-7.149954,-2.075489,-2.723591,-11.90489,8184
177.28,69.59119,-5,2.283271,2.67015,-11.58854,8.029625,-2.68281,-2.984943,-11.75482,8164
177.3,234.2417,-5,1.880256,2.688436,-8.809917,7.151047,-2.008009,-2.702343,-9.498049,8200
177.32,16.1416,-5,2.388598,2.852636,29.61757,21.15585,-3.02021,-3.074429,-7.71117,8168
177.34,-38.05029,-5,2.812752,3.04987,14.25879,6.780048,-3.627529,-3.547975,-7.725123,8212
177.36,57.37561,-5,3.720885,3.225216,33.4649,-11.11043,-3.357609,-3.508401,-6.643625,8240
177.38,166.0005,-5,3.807239,3.252103,-3.527473,-13.34128,-2.68281,-3.115206,-7.0074,8224
177.4,4.115723,-5,3.362536,3.104509,-32.74886,-2.632271,-3.357609,-3.423716,-9.864019,8184
177.42,-40.01086,-5,2.532748,2.741342,-47.51222,-9.32326,-3.96493,-4.03365,-13.33684,8240
177.44,92.96985,-5,1.76203,2.21522,-3.099992,-15.47158,-3.762489,-4.245701,-14.24481,8276
177.46,176.2687,-5,2.076987,2.052318,20.15192,-6.991901,-3.357609,-3.971601,-10.37963,8264
177.48,26.97302,-5,1.883769,2.006261,-6.718314,7.431848,-4.03241,-4.22519,-10.0021,8232
177.5,-75.33606,-5,1.511559,1.87587,-26.62672,2.859251,-4.909649,-4.886535,-11.43468,8292
177.52,62.28613,-5,1.150681,1.601119,-7.542741,-9.120225,-4.707209,-5.077409,-11.30113,8328
177.54,79.28528,-5,1.461658,1.469456,22.33513,-4.143555,-4.707209,-5.064403,-8.843147,8332
177.56,146.5277,-5,1.469442,1.527534,-3.848084,1.002064,-4.30233,-4.772141,-6.582076,8308
177.58,5.098633,-5,1.05045,1.497795,-28.45878,12.37781,-4.977129,-5.079542,-7.278934,8312
177.6,78.28882,-5,0.4680606,1.396586,-35.25267,7.662133,-4.909649,-5.224747,-7.148144,8356
177.62,87.26001,-5,0.6140564,1.377025,37.99926,11.48388,-4.977129,-5.26334,-4.840091,8344
177.64,78.00806,-5,1.378448,1.650535,36.79315,12.36663,-4.977129,-5.143774,-1.467613,8332
177.66,117.7008,-5,1.748578,1.971568,11.12902,10.90939,-4.639729,-4.853142,0.033733,8340
177.68,85.30286,-5,1.719305,2.170765,-7.161062,14.06046,-4.639729,-4.758954,-0.3059279,8300
177.7,95.33105,-5,1.457989,2.251053,-17.66488,13.79126,-4.572248,-4.732022,-0.8791034,8312
177.72,72.12939,-5,1.904923,2.424422,16.79314,13.10249,-4.639729,-4.706494,0.2805825,8328
177.74,66.64783,-5,2.585062,2.699058,26.97635,8.02678,-4.572248,-4.588438,1.247241,8336
177.76,35.67358,-5,2.826372,2.843402,6.518332,3.25895,-4.639729,-4.595468,-0.102057,8324
177.78,-126.495,-5,2.843657,2.725033,-0.9778546,-3.458699,-5.58445,-5.213117,-3.92225,8324
177.8,172.6526,-5,2.811929,2.569888,-1.725946,-23.70595,-4.30233,-4.754846,-4.062672,8376
177.82,103.5834,-5,2.684622,2.3633,-9.573277,-6.498724,-4.30233,-4.569542,-4.792318,8280
177.84,78.26343,-5,2.362314,2.320414,-20.18397,-1.074317,-4.30233,-4.51761,-5.346814,8284
177.86,76.59583,-5,2.078254,2.269229,-0.3824344,0.9017916,-4.30233,-4.530117,-5.899914,8304
177.88,-151.6167,-5,2.469524,2.222574,20.3962,0.2353486,-5.58445,-5.249358,-7.327884,8304
177.9,161.897,-5,2.623521,2.208437,2.243521,-23.27932,-4.30233,-4.797062,-6.350376,8376
177.92,98.32092,-5,2.514008,2.066532,-6.336635,-6.811139,-4.30233,-4.615874,-6.832175,8284
177.94,-85.60876,-5,2.201491,1.954217,-18.09236,-1.688089,-5.247049,-5.132282,-8.971999,8276
177.96,136.8663,-5,2.09427,1.895804,3.953445,-16.17317,-4.36981,-4.847787,-8.127172,8336
177.98,98.78467,-5,2.435417,1.925058,11.4649,-4.412207,-4.30233,-4.623176,-6.661775,8292
178,-104.3702,-5,2.372053,1.936155,-10.61145,-0.6766073,-5.314529,-5.140231,-8.614573,8272
178.02,-3.178711,-5,2.124334,1.793582,-19.49695,-17.81787,-5.179569,-5.339392,-10.12863,8332
178.04,11.99878,-5,2.011051,1.505043,-0.03128911,-18.55403,-5.247049,-5.476537,-10.86703,8348
178.06,26.92615,-5,1.894029,1.293555,-7.985489,-17.12512,-5.247049,-5.522434,-10.74289,8384
178.08,36.60803,-5,1.569729,1.103582,-19.89389,-13.58459,-5.247049,-5.556746,-10.87864,8368
178.1,39.32935,-5,1.073325,0.9013956,-30.2603,-8.60734,-5.314529,-5.643421,-11.02738,8372
178.12,66.37585,-5,0.4298921,0.6808351,-35.28321,-2.839092,-5.314529,-5.718699,-10.69107,8376
178.14,93.33569,-5,-0.1916053,0.4918066,-22.58092,5.855849,-5.314529,-5.767394,-9.358498,8376
178.16,116.4148,-5,0.227115,0.6707296,17.92292,13.01411,-5.179569,-5.577781,-4.818318,8344
178.18,16.46448,-5,0.7978638,1.024931,21.5107,18.03938,-5.58445,-5.632734,-2.311588,8344
178.2,19.40686,-5,1.43686,1.426362,32.80842,9.144982,-5.58445,-5.593519,-0.8502751,8376
178.22,157.5061,-5,2.062293,1.829955,32.1214,1.796087,-4.707209,-5.01436,1.118812,8416
178.24,-73.97546,-5,2.340414,2.042765,10.51833,9.591013,-5.58445,-5.300584,-0.9383708,8320
178.26,175.8844,-5,2.327112,2.240479,-4.718313,-8.152619,-4.36981,-4.755254,-0.7463381,8364
178.28,-49.41711,-5,2.337334,2.190461,0.6710012,4.965101,-5.247049,-5.074692,-3.170107,8288
178.3,-22.35815,-5,2.421855,2.181035,1.983979,-9.459243,-5.314529,-5.267766,-4.442868,8360
178.32,12.40588,-5,2.424696,1.99609,3.190086,-16.25363,-5.247049,-5.33894,-5.995091,8348
178.34,-0.8095703,-5,2.565134,1.831996,5.296957,-17.7723,-5.314529,-5.397533,-6.816316,8364
178.36,-7.995483,-5,2.400914,1.63273,-11.17633,-19.62446,-5.38201,-5.491498,-8.390062,8372
178.38,-141.7803,-5,1.95088,1.240765,-25.1,-20.41255,-6.259249,-6.118566,-11.88174,8364
178.4,172.0243,-5,1.253373,0.8441108,-37.39008,-31.60887,-4.977129,-5.694904,-11.52938,8432
178.42,136.0804,-5,0.4660292,0.4675553,-41.13054,-4.641388,-4.909649,-5.501369,-10.74591,8340
178.44,121,-5,-0.1358382,0.4273557,-32.58092,11.58699,-4.909649,-5.404295,-8.333316,8328
178.46,51.82581,-5,-0.3786715,0.5267621,-8.077094,21.52078,-5.314529,-5.569951,-6.175723,8332
178.48,81.53796,-5,0.2662922,0.8892077,44.0756,19.02575,-5.247049,-5.475103,-2.039132,8336
178.5,4.676636,-5,1.044122,1.293415,40.83895,17.68199,-5.58445,-5.536049,-0.01608258,8348
178.52,178.7098,-5,1.780357,1.795349,36.47254,6.950193,-4.572248,-4.897073,2.835219,8388
178.54,-86.68921,-5,2.280204,2.097082,22.22826,15.35035,-5.58445,-5.213762,1.073756,8316
178.56,188.1652,-5,2.43591,2.395272,3.067949,-5.937685,-4.23485,-4.591249,1.515226,8376
178.58,84.36987,-5,2.756765,2.554499,15.63284,6.606641,-4.30233,-4.365944,0.8933347,8280
178.6,-118.4023,-5,2.653367,2.586068,-2.84045,4.331708,-5.314529,-4.931647,-2.713569,8300
178.62,-44.30896,-5,3.180233,2.568319,30.06033,-19.41973,-5.247049,-5.122629,-4.111353,8352
178.64,-20.59839,-5,3.464376,2.350864,9.17482,-28.60755,-5.179569,-5.177533,-6.377543,8336
178.66,-195.1759,-5,3.287898,1.912686,-14.90152,-32.14511,-6.191769,-5.862566,-11.25453,8344
178.68,126.5793,-5,2.326377,1.328525,-56.8252,-48.43457,-4.909649,-5.531971,-13.49577,8392
178.7,145.8702,-5,0.8925717,0.6039436,-72.6878,-21.80346,-4.639729,-5.352403,-14.91267,8316
178.72,-27.19922,-5,-0.6149448,0.01173255,-76.04658,2.445704,-5.65193,-5.95721,-15.9785,8308
178.74,243.1311,-5,-1.226815,-0.1619494,-22.97786,3.52175,-4.639729,-5.567003,-10.78064,8360
178.76,116.4188,-5,0.1452215,0.3279079,61.48018,26.86775,-4.909649,-5.261679,-2.743646,8292
178.78,1.893555,-5,0.9786701,1.06137,38.88476,26.57675,-5.314529,-5.252561,0.1417232,8320
178.8,-42.17456,-5,1.627852,1.584969,31.92292,12.58309,-5.58445,-5.394589,-0.01776099,8368
178.82,148.3665,-5,2.174624,1.953086,40.51834,-2.55218,-4.572248,-4.853298,1.022755,8392
178.84,65.8562,-5,2.651165,2.231201,15.4649,5.047916,-4.572248,-4.607144,0.821792,8324
178.86,36.96289,-5,2.515441,2.394017,-12.09236,2.15194,-4.572248,-4.572561,-1.166387,8332
178.88,-133.1324,-5,2.210462,2.220662,-4.947321,-2.043864,-5.58445,-5.251548,-5.410002,8328
178.9,-56.00281,-5,2.647099,2.04533,24.67101,-23.47595,-5.58445,-5.515115,-6.364591,8380
178.92,26.96277,-5,2.732177,1.746261,4.243522,-30.04144,-5.247049,-5.435524,-7.650039,8384
178.94,8.836792,-5,2.503388,1.44844,-17.25267,-25.29695,-5.247049,-5.427921,-9.197862,8344
178.96,48.57458,-5,1.822607,1.137578,-35.22214,-21.66909,-5.044609,-5.379603,-10.71991,8340
178.98,-26.21228,-5,0.9990901,0.7388744,-42.97787,-12.67046,-5.51697,-5.714879,-12.58294,8344
179,34.93066,-5,0.1796784,0.345594,-37.71069,-11.4833,-5.51697,-5.91025,-12.72342,8384
179.02,43.05725,-5,0.8042786,0.3534496,35.55651,-6.604101,-5.51697,-5.836073,-8.667449,8392
179.04,11.95618,-5,1.28934,0.5648674,24.02979,-4.212322,-5.58445,-5.75084,-6.580128,8372
179.06,-10.38062,-5,1.459908,0.7459043,3.739704,-6.367284,-5.65193,-5.745944,-6.478615,8392
179.08,-6.525269,-5,1.427986,0.8019339,-4.611444,-9.931917,-5.65193,-5.771327,-7.107332,8392
179.1,23.82422,-5,1.311619,0.772795,-2.51984,-11.451,-5.51697,-5.727172,-7.399629,8392
179.12,6.000488,-5,1.284358,0.7398397,-1.451137,-9.326852,-5.58445,-5.747161,-7.377006,8364
179.14,-36.00806,-5,1.198985,0.6800734,-0.596175,-9.537808,-5.85437,-5.923469,-7.926818,8376
179.16,-25.04407,-5,1.23178,0.6112428,1.602299,-14.05098,-5.92185,-6.032676,-8.056681,8400
179.18,47.13977,-5,1.185288,0.540422,-3.512206,-15.64203,-5.58445,-5.878236,-7.598735,8396
179.2,28.61462,-5,0.9887425,0.4715241,-9.817552,-8.750135,-5.58445,-5.821539,-7.500471,8356
179.22,24.39709,-5,0.8127192,0.4630892,-4.535108,-5.475615,-5.58445,-5.801653,-7.092906,8360
179.24,191.3956,-5,1.016099,0.6793978,8.503064,-4.039337,-4.572248,-5.143055,-3.833183,8360
179.26,100.9342,-5,1.214706,1.011721,8.503064,13.09416,-4.572248,-4.82209,-2.066792,8288
179.28,47.88464,-5,1.456329,1.448198,16.19772,14.43806,-4.639729,-4.709598,-1.158312,8316
179.3,-196.8007,-5,2.262851,1.771975,43.15957,6.778936,-5.92185,-5.373981,-2.706913,8320
179.32,-102.4229,-5,2.815969,1.840507,32.18246,-24.82198,-5.85437,-5.6349,-4.947958,8380
179.34,129.0977,-5,3.10101,1.718078,13.43437,-36.71164,-4.639729,-5.046703,-5.429567,8384
179.36,-133.2611,-5,2.936574,1.454699,-14.55038,-21.11039,-5.65193,-5.439751,-9.171978,8296
179.38,-3.457886,-5,1.767283,1.011225,-63.60382,-33.27487,-5.314529,-5.580016,-12.98799,8348
179.4,-70.98938,-5,0.631113,0.2773646,-59.68016,-24.59544,-5.92185,-6.118325,-16.19029,8364
179.42,-11.3551,-5,0.235862,-0.213361,-7.206865,-24.35973,-5.989328,-6.353974,-15.0045,8396
179.44,22.72388,-5,0.360405,-0.4147177,6.900011,-18.55754,-5.92185,-6.313903,-12.22812,8388
179.46,15.07935,-5,0.3850854,-0.4188135,-4.122893,-11.355,-5.92185,-6.23666,-10.25969,8400
179.48,-0.9110107,-5,0.2484309,-0.3649372,-8.031293,-6.912325,-5.989328,-6.232031,-9.26727,8392
179.5,6.751953,-5,0.1015476,-0.3120924,-3.267931,-5.063157,-5.989328,-6.229796,-8.355074,8380
179.52,4.735962,-5,0.3601448,-0.1659078,11.02215,-3.910629,-5.989328,-6.175837,-6.541762,8388
179.54,-0.6520996,-5,0.4976219,-0.0164133,8.716805,-3.794484,-5.989328,-6.130784,-5.630827,8388
179.56,-6.902466,-5,0.6858001,0.129446,7.632835,-4.882986,-5.989328,-6.091893,-4.956264,8392
179.58,-9.770264,-5,0.7309203,0.2134075,1.663368,-6.37738,-5.989328,-6.080367,-4.947815,8396
179.6,2.542114,-5,0.711826,0.2450077,-1.206862,-7.56076,-5.92185,-6.045527,-4.959016,8372
179.62,-2.335083,-5,0.737806,0.2636823,1.403826,-7.188451,-5.92185,-6.028485,-4.832427,8388
179.64,-16.32581,-5,0.74807,0.270357,-0.7488468,-7.498724,-5.989328,-6.061024,-4.917137,8396
179.66,-0.4193115,-5,0.747178,0.2661284,-0.2450293,-9.091235,-5.92185,-6.036586,-4.878614,8404
179.68,-4.551514,-5,0.7529384,0.2527939,-0.9167854,-8.562594,-5.92185,-6.024611,-4.864576,8408
179.7,4.846436,-5,0.7398819,0.2507825,-0.6572433,-8.569283,-5.85437,-5.979212,-4.747215,8416
179.72,-25.19006,-5,0.7434586,0.2392711,1.22062,-7.695086,-5.989328,-6.038955,-4.951069,8416
179.74,-18.10132,-5,0.762103,0.2252469,-0.1381594,-10.21918,-5.989328,-6.064091,-5.057378,8404
179.76,-4.429199,-5,0.7741212,0.1955592,0.4572606,-11.1928,-5.92185,-6.034491,-5.081352,8424
179.78,-9.393677,-5,0.7450466,0.1622762,-2.275565,-10.36884,-5.92185,-6.023884,-5.194036,8396
179.8,-10.85706,-5,0.685519,0.1299358,-3.603809,-10.13524,-5.92185,-6.024695,-5.32541,8388
179.82,-11.04236,-5,0.6493276,0.09999935,-1.191595,-10.01373,-5.92185,-6.026525,-5.352926,8396
179.84,-0.6333008,-5,0.6639509,0.09323376,0.5335966,-9.983086,-5.85437,-5.981033,-5.10789,8400
179.86,-18.73657,-5,0.6494486,0.08312304,-0.3671672,-8.895447,-5.92185,-6.001197,-5.187306,8400
179.88,-16.75647,-5,0.6588597,0.07941151,0.4877952,-10.04253,-5.92185,-6.008215,-5.181375,8372
179.9,-15.94275,-5,0.642296,0.05625504,-1.252663,-10.54926,-5.92185,-6.013916,-5.288553,8408
179.92,-15.71558,-5,0.6231627,0.02812415,-0.7488468,-10.74391,-5.92185,-6.017282,-5.343138,8404
179.94,-15.67126,-5,0.5949324,-0.001680091,-1.558007,-10.76112,-5.92185,-6.019757,-5.385748,8404
179.96,-26.71082,-5,0.5441716,-0.04411137,-2.489305,-10.62789,-5.989328,-6.064634,-5.579028,8404
179.98,-21.41748,-5,0.5317577,-0.08142816,-0.6114421,-11.61737,-5.989328,-6.081672,-5.56512,8396
180,2.794312,-5,0.5336316,-0.09954076,-0.4282355,-11.69804,-5.85437,-6.003286,-5.240181,8392
180.02,-7.887329,-5,0.4918866,-0.1077316,-2.336633,-9.174179,-5.85437,-5.969235,-5.12736,8396
180.04,0.09594727,-5,0.4342372,-0.09501849,-1.695411,-8.371033,-5.78689,-5.917193,-4.907568,8388
180.06,-30.72412,-5,0.4707777,-0.07618846,2.365658,-7.210468,-5.92185,-5.967553,-4.84476,8392
180.08,-23.35706,-5,0.4736774,-0.07071312,-0.550373,-9.565136,-5.92185,-5.990654,-4.883414,8396
180.1,-20.61462,-5,0.4874785,-0.09146798,-0.03128911,-10.42403,-5.92185,-5.999904,-4.917305,8392
180.12,-19.32166,-5,0.4504611,-0.1261595,-1.848083,-10.59458,-5.92185,-6.006955,-5.007983,8408
180.14,-6.387451,-5,0.3886972,-0.1597627,-2.000756,-10.3482,-5.85437,-5.973378,-4.932401,8400
180.16,-22.52319,-5,0.3487672,-0.1877001,-2.275565,-8.775034,-5.92185,-5.99774,-4.915127,8400
180.18,-18.46558,-5,0.2984683,-0.209425,-1.451137,-9.19726,-5.92185,-6.009431,-4.853743,8396
180.2,-18.20667,-5,0.3377383,-0.2149318,1.266421,-9.200219,-5.92185,-6.004079,-4.584074,8384
180.22,-7.179199,-5,0.3190579,-0.2163227,-0.7030448,-9.090569,-5.85437,-5.960524,-4.393306,8388
180.24,-25.25586,-5,0.3312172,-0.2131967,0.5030622,-7.97544,-5.92185,-5.977271,-4.329655,8396
180.26,-23.09619,-5,0.3342362,-0.2094068,-0.3519,-9.077512,-5.92185,-5.983725,-4.30488,8400
180.28,-23.09412,-5,0.3610926,-0.2145989,0.3656577,-9.681524,-5.92185,-5.983473,-4.277661,8392
180.3,-23.62183,-5,0.3556215,-0.2297412,-0.7946484,-10.06788,-5.92185,-5.984275,-4.345262,8404
180.32,-24.61707,-5,0.3636824,-0.2449117,0.09084838,-10.411,-5.92185,-5.983099,-4.370948,8404
180.34,-37.11804,-5,0.3555173,-0.2725068,-0.4282355,-10.7438,-5.989328,-6.024034,-4.59097,8404
180.36,-32.96204,-5,0.3647,-0.3034166,0.2587874,-12.26474,-5.989328,-6.040837,-4.707977,8376
180.38,-20.42004,-5,0.3571525,-0.33769,-0.3977011,-12.80825,-5.92185,-6.008198,-4.726271,8392
180.4,-37.35278,-5,0.3253329,-0.3772901,-1.848083,-11.83038,-5.989328,-6.03629,-4.943124,8388
180.42,-32.8595,-5,0.2393672,-0.4271664,-5.084725,-12.61233,-5.989328,-6.057624,-5.180714,8392
180.44,-18.30164,-5,0.1769462,-0.4764483,-2.611443,-12.4445,-5.92185,-6.029377,-5.106745,8392
180.46,-12.2677,-5,0.1880335,-0.4843086,0.1977187,-10.88314,-5.85437,-5.96664,-4.689394,8392
180.48,-32.00427,-5,0.1528234,-0.4822458,-1.939687,-9.155246,-5.92185,-5.979166,-4.6642,8408
180.5,-29.7998,-5,0.1376307,-0.476318,0.3503905,-9.95714,-5.92185,-5.984748,-4.587535,8404
180.52,-29.15332,-5,0.1473572,-0.479795,0.8236728,-10.29755,-5.92185,-5.984692,-4.497354,8404
180.54,-40.82336,-5,0.1413915,-0.4967243,-0.6725109,-10.46501,-5.989328,-6.024285,-4.587232,8384
180.56,-13.42773,-5,0.1646312,-0.4970328,0.6862684,-11.78564,-5.85437,-5.955942,-4.282104,8392
180.58,-22.92737,-5,0.1461541,-0.5024417,-1.573274,-9.836239,-5.85437,-5.926303,-4.22437,8388
180.6,-27.14539,-5,0.1335643,-0.4911216,0.3503905,-9.472301,-5.85437,-5.912905,-4.13954,8384
180.62,-29.6261,-5,0.159754,-0.4762357,1.159551,-9.750356,-5.85437,-5.903839,-4.050632,8388
180.64,-41.7019,-5,0.1291125,-0.4906321,-1.328999,-10.1099,-5.92185,-5.946041,-4.298068,8388
180.66,-37.15015,-5,0.1548038,-0.5077095,0.7931387,-11.65744,-5.92185,-5.961281,-4.311275,8388
180.68,-23.89453,-5,0.1329148,-0.5365235,-1.237397,-12.12658,-5.85437,-5.929884,-4.317107,8388
180.7,-28.52002,-5,0.09478895,-0.563976,-1.710679,-10.97765,-5.85437,-5.917845,-4.334915,8392
180.72,-30.96545,-5,0.0864481,-0.5726668,-0.7488468,-10.66511,-5.85437,-5.909935,-4.251948,8388
180.74,-32.81213,-5,0.09566572,-0.5745689,0.1366499,-10.74226,-5.85437,-5.903636,-4.191997,8392
180.76,-34.2301,-5,0.09985092,-0.5787706,0.1061156,-10.9993,-5.85437,-5.900146,-4.196345,8384
180.78,-35.19043,-5,0.09671516,-0.5887575,-0.2144953,-11.30751,-5.85437,-5.899191,-4.240097,8388
180.8,-47.75867,-5,0.1026835,-0.608248,0.07558119,-11.65996,-5.92185,-5.938481,-4.404808,8384
180.82,-31.98352,-5,0.111176,-0.6263883,-0.06182348,-13.17179,-5.85437,-5.914531,-4.385993,8392
180.84,-36.52344,-5,0.1136497,-0.649007,-0.6877776,-12.59497,-5.85437,-5.903147,-4.43838,8400
180.86,-37.75403,-5,0.05089988,-0.6785717,-3.619076,-12.46974,-5.85437,-5.905363,-4.616314,8380
180.88,-48.71716,-5,-0.005228986,-0.7213625,-2.260297,-12.35319,-5.92185,-5.951628,-4.839707,8388
180.9,-31.9895,-5,-0.004596394,-0.7474483,-0.2755641,-13.36467,-5.85437,-5.927198,-4.670297,8384
180.92,-48.01721,-5,-0.0009933438,-0.7739179,0.06031401,-12.38761,-5.92185,-5.952508,-4.708011,8388
180.94,-33.3252,-5,-0.02587986,-0.7893884,-1.710679,-13.25753,-5.85437,-5.923897,-4.630877,8388
180.96,-37.44092,-5,-0.04963697,-0.8084204,-0.9320526,-12.27415,-5.85437,-5.911744,-4.604989,8408
180.98,-39.34216,-5,-0.06911515,-0.8165337,-1.634343,-11.98024,-5.85437,-5.905645,-4.540564,8408
181,-51.99707,-5,-0.07469817,-0.8295303,-0.1228922,-11.98846,-5.92185,-5.942154,-4.614,8408
181.02,-59.21558,-5,-0.0675173,-0.8541164,-0.07709067,-13.32441,-5.989328,-5.996894,-4.76402,8396
181.04,-41.03772,-5,-0.06870105,-0.8871134,-0.1534266,-14.91048,-5.92185,-5.979843,-4.746585,8396
181.06,-55.71411,-5,-0.09362305,-0.9332687,-1.43587,-14.07167,-5.989328,-6.013093,-4.921769,8396
181.08,-38.47437,-5,-0.1981337,-0.984073,-5.771749,-14.62795,-5.92185,-5.99677,-5.006933,8396
181.1,-39.09363,-5,-0.3160943,-1.043961,-5.863352,-12.85985,-5.92185,-5.996846,-5.016922,8384
181.12,-27.52124,-5,-0.3570181,-1.060051,-2.382435,-11.59292,-5.85437,-5.949665,-4.545698,8384
181.14,-45.40356,-5,-0.3609477,-1.05215,0.1824515,-9.599361,-5.92185,-5.960341,-4.240823,8400
181.16,-43.96082,-5,-0.3317716,-1.023818,0.5488637,-10.18437,-5.92185,-5.956539,-3.92033,8400
181.18,-43.71472,-5,-0.326992,-1.011465,0.4114593,-10.43832,-5.92185,-5.953376,-3.792866,8400
181.2,-44.09497,-5,-0.3146327,-1.00384,0.06031401,-10.62284,-5.92185,-5.948998,-3.655871,8396
181.22,-44.44067,-5,-0.3204344,-1.004137,-0.2297625,-10.76487,-5.92185,-5.946611,-3.592366,8404
181.24,-56.78149,-5,-0.3078182,-1.011837,0.1824515,-10.9641,-5.989328,-5.983023,-3.631743,8400
181.26,-51.93774,-5,-0.3169022,-1.032111,-0.1534266,-12.31384,-5.989328,-5.999787,-3.698,8384
181.28,-38.76294,-5,-0.3226343,-1.054935,-0.9320526,-12.67614,-5.92185,-5.965599,-3.591894,8384
181.3,-31.71802,-5,-0.3701004,-1.071504,-2.535107,-11.40656,-5.85437,-5.912465,-3.456273,8396
181.32,-39.20569,-5,-0.3882604,-1.065477,-0.6572433,-9.801912,-5.85437,-5.886621,-3.267946,8384
181.34,-54.65662,-5,-0.3717693,-1.049291,0.3351234,-9.582676,-5.92185,-5.911492,-3.216017,8380
181.36,-62.4093,-5,-0.3759277,-1.057406,-0.1381594,-11.00999,-5.989328,-5.964926,-3.402005,8384
181.38,-55.87195,-5,-0.3597545,-1.084427,-0.2297625,-12.79193,-5.989328,-5.98702,-3.475863,8356
181.4,-41.26343,-5,-0.4054206,-1.127563,-2.51984,-13.13447,-5.92185,-5.960562,-3.509352,8380
181.42,-56.01013,-5,-0.4816748,-1.179163,-4.351902,-11.66058,-5.989328,-5.993812,-3.670038,8372
181.44,-50.76392,-5,-0.5572988,-1.223305,-2.855718,-11.92437,-5.989328,-6.011259,-3.667233,8376
181.46,-38.06079,-5,-0.5424084,-1.238482,0.5183294,-11.59592,-5.92185,-5.968503,-3.267991,8380
181.48,-55.55542,-5,-0.5573592,-1.246784,-0.6419765,-10.07489,-5.989328,-5.986113,-3.191667,8376
181.5,-30.44446,-5,-0.545205,-1.225065,0.6862684,-10.82956,-5.85437,-5.907855,-2.769763,8384
181.52,-52.21924,-5,-0.5550665,-1.215057,-1.084725,-8.787376,-5.92185,-5.913464,-2.739139,8380
181.54,-50.32361,-5,-0.5894508,-1.2067,-0.3824344,-9.522472,-5.92185,-5.919502,-2.71884,8388
181.56,-50.47742,-5,-0.5401737,-1.196836,1.43436,-9.983252,-5.92185,-5.914795,-2.533984,8392
181.58,-50.29785,-5,-0.5738335,-1.207587,-1.130526,-10.19174,-5.92185,-5.917139,-2.607207,8388
181.6,-62.6261,-5,-0.5480043,-1.218884,0.7778715,-10.42767,-5.989328,-5.953647,-2.629331,8396
181.62,103.9237,-5,-0.557372,-1.131193,-0.7335792,-11.44738,-5.044609,-5.40182,-0.8034149,8380
181.64,40.75909,-5,-0.5612321,-0.9641517,0.04504682,4.717712,-4.977129,-5.110666,0.3614058,8316
181.66,6.70575,-5,-0.6171738,-0.6985829,0.6710012,9.202512,-4.977129,-4.992135,1.050378,8340
181.68,-232.9517,-5,-0.1608393,-0.5170408,32.70155,6.722404,-6.259249,-5.670993,-0.3471284,8336
181.7,5.446228,-5,0.6912915,-0.2688692,41.83132,-21.62392,-5.314529,-5.338274,1.134402,8408
181.72,-55.91516,-5,1.293197,-0.1820516,25.90765,-18.35025,-5.314529,-5.16777,0.2562189,8348
181.74,-77.82373,-5,1.4621,-0.1002366,2.41146,-23.01165,-5.247049,-5.083491,-1.643879,8336
181.76,-252.6127,-5,0.8329259,-0.4460243,-32.15344,-26.61373,-6.259249,-5.793357,-7.62557,8360
181.78,-160.0938,-5,0.1189349,-1.05551,-36.88626,-44.27943,-6.326729,-6.254737,-11.45786,8404
181.8,-37.57275,-5,-0.5690756,-1.764564,-35.72596,-44.17294,-5.989328,-6.302366,-12.57106,8400
181.82,-16.34717,-5,-1.345202,-2.319666,-40.58092,-29.11058,-5.92185,-6.294795,-12.14003,8392
181.84,-0.4267578,-5,-2.382073,-2.716097,-58.30611,-13.50664,-5.92185,-6.327208,-11.22053,8396
181.86,31.3443,-5,-3.498092,-3.016381,-58.04657,2.243679,-5.92185,-6.379512,-9.362637,8380
181.88,225.264,-5,-4.25035,-3.017298,24.25879,18.85959,-4.977129,-5.80885,-3.573504,8396
181.9,22.6059,-5,-2.873721,-2.292778,62.70155,44.63234,-5.58445,-5.622911,4.99931,8336
181.92,-55.16406,-5,-1.58409,-1.284292,49.77026,36.82305,-5.85437,-5.538839,9.338175,8376
181.94,25.97504,-5,-0.5361975,-0.4592766,65.35805,20.54778,-5.314529,-5.134542,11.22337,8408
181.96,-90.37189,-5,0.691029,0.18734,60.01453,13.74636,-5.58445,-5.063436,11.0935,8344
181.98,53.72485,-5,1.321013,0.6711146,27.05269,-4.311034,-4.639729,-4.504267,10.26839,8380
182,-34.08057,-5,1.335036,0.7936116,-10.74885,-1.832735,-4.707209,-4.403293,6.699689,8312
182.02,-15.08954,-5,0.7412096,0.6653824,-34.59619,-7.072571,-4.572248,-4.424271,2.90421,8308
182.04,-26.61591,-5,0.09808056,0.3207471,-34.06183,-6.529398,-4.707209,-4.62058,-0.06465554,8300
182.06,-45.33679,-5,-0.2824746,-0.03440233,1.403826,-6.168436,-4.977129,-4.897177,-1.421602,8324
182.08,-24.53149,-5,0.09716276,-0.1582863,18.41146,-9.116763,-4.977129,-4.936107,-0.2734793,8324
182.1,-21.8996,-5,0.02711672,-0.2849761,-2.382435,-8.744943,-4.977129,-4.954445,-0.8355925,8324
182.12,-23.59308,-5,0.02131667,-0.3631336,-7.588544,-8.234841,-4.977129,-4.958068,-1.054468,8332
182.14,-14.10425,-5,0.001785355,-0.4076404,-1.023656,-7.994421,-4.909649,-4.919889,-1.194762,8328
182.16,-33.94287,-5,0.0375976,-0.4267751,0.2282531,-7.038571,-4.977129,-4.939226,-1.413057,8320
182.18,-32.37653,-5,0.02465512,-0.447032,-0.1686933,-8.377554,-4.977129,-4.954059,-1.77854,8332
182.2,-19.91028,-5,0.01518221,-0.4744847,-0.8404495,-9.055041,-4.909649,-4.925628,-1.976335,8344
182.22,-36.41516,-5,-0.003438577,-0.5075554,-1.954954,-8.215892,-4.977129,-4.957519,-2.30906,8324
182.24,-22.64044,-5,0.0293876,-0.5138245,2.564131,-9.421952,-4.909649,-4.928029,-2.29742,8332
182.26,-40.60376,-5,0.08540095,-0.519249,0.8847416,-9.050841,-4.977129,-4.951503,-2.508837,8328
182.28,-25.83777,-5,0.04782078,-0.5359927,-1.939687,-10.47523,-4.909649,-4.93172,-2.794341,8328
182.3,4.406555,-5,0.07116254,-0.5272747,-0.1686933,-9.936171,-4.707209,-4.800718,-2.504344,8324
182.32,-1.546387,-5,0.02724245,-0.4988821,-3.038924,-6.362663,-4.639729,-4.7089,-2.402617,8308
182.34,-25.56708,-5,0.03909596,-0.4419016,1.510696,-4.674017,-4.707209,-4.709219,-2.38433,8312
182.36,-15.23816,-5,0.1466421,-0.3631274,5.434361,-6.320875,-4.639729,-4.661878,-2.145835,8312
182.38,-10.12891,-5,0.2007125,-0.3074621,1.495429,-6.523057,-4.572248,-4.604183,-2.163827,8316
182.4,-40.08289,-5,0.1863154,-0.2933002,-0.7946484,-6.145373,-4.707209,-4.670939,-2.682533,8308
182.42,-19.36041,-5,0.1921841,-0.2924246,-0.4740371,-8.914862,-4.639729,-4.66624,-2.853021,8308
182.44,-19.70667,-5,0.164573,-0.323326,-0.8404495,-8.559443,-4.639729,-4.671328,-3.102821,8312
182.46,-19.37445,-5,0.1415191,-0.3449279,-2.336633,-8.285195,-4.639729,-4.675463,-3.188925,8316
182.48,-19.08191,-5,0.1298362,-0.357694,-0.2602969,-8.032497,-4.639729,-4.677426,-3.219973,8324
182.5,-19.45648,-5,0.1441868,-0.3578654,0.5488637,-7.88514,-4.639729,-4.675491,-3.18538,8328
182.52,-31.10773,-5,0.1362747,-0.3662788,-0.107625,-7.824,-4.707209,-4.716768,-3.370679,8324
182.54,-14.39093,-5,0.1522881,-0.3665936,-0.1686933,-8.987741,-4.639729,-4.693172,-3.293075,8316
182.56,-17.50897,-5,0.1418372,-0.3735634,-0.2297625,-8.033467,-4.639729,-4.684407,-3.333496,8332
182.58,-18.9892,-5,0.1468093,-0.3656231,-0.4129688,-7.735805,-4.639729,-4.679292,-3.294847,8316
182.6,-7.967285,-5,0.1498228,-0.348635,0.3503905,-7.6727,-4.572248,-4.636956,-3.16667,8308
182.62,-24.9433,-5,0.1506083,-0.3365279,-0.0007547362,-6.54531,-4.639729,-4.659616,-3.249699,8308
182.64,-21.91022,-5,0.1734748,-0.3189842,0.7473372,-7.589722,-4.639729,-4.668495,-3.245524,8308
182.66,-9.257935,-5,0.1969002,-0.3054595,0.4419934,-8.02467,-4.572248,-4.631597,-3.155719,8308
182.68,-25.37933,-5,0.184613,-0.3051804,-0.1381594,-7.018298,-4.639729,-4.659056,-3.327642,8320
182.7,-21.98083,-5,0.2045332,-0.2971498,0.07558119,-8.047727,-4.639729,-4.669925,-3.344984,8316
182.72,-31.70496,-5,0.1973862,-0.3135822,-0.2908313,-8.383782,-4.707209,-4.718444,-3.60036,8320
182.74,-13.97864,-5,0.2033164,-0.3258535,0.2435202,-9.581542,-4.639729,-4.699102,-3.565086,8328
182.76,-16.59583,-5,0.1842846,-0.3424212,-0.4129688,-8.519441,-4.639729,-4.692192,-3.610841,8312
182.78,-17.88861,-5,0.1835774,-0.340133,0.01451245,-8.081169,-4.639729,-4.687397,-3.557562,8308
182.8,-18.55103,-5,0.1893686,-0.3316621,-0.09235785,-7.941005,-4.639729,-4.684504,-3.532454,8328
182.82,-18.57886,-5,0.1862284,-0.3253903,0.2129859,-7.903089,-4.639729,-4.684503,-3.548983,8308
182.84,-18.22168,-5,0.1829147,-0.3213549,-0.107625,-7.867678,-4.639729,-4.685547,-3.556884,8312
182.86,-6.357544,-5,0.1865204,-0.3085361,0.07558119,-7.793131,-4.572248,-4.645101,-3.400353,8324
182.88,-23.06213,-5,0.186151,-0.2983047,0.02977964,-6.568643,-4.639729,-4.667714,-3.451968,8316
182.9,-30.90472,-5,0.1828055,-0.2952759,0.1977187,-7.457195,-4.707209,-4.719747,-3.606909,8332
182.92,-12.44983,-5,0.2067491,-0.2958373,0.6862684,-8.886972,-4.639729,-4.700483,-3.516048,8328
182.94,-3.018799,-5,0.1846011,-0.300257,-0.6572433,-7.866671,-4.572248,-4.653957,-3.421668,8316
182.96,-20.84131,-5,0.1792246,-0.2910119,-0.3824344,-6.248153,-4.639729,-4.672328,-3.411422,8312
182.98,-18.36774,-5,0.2033547,-0.268383,0.8389403,-7.057339,-4.639729,-4.677571,-3.334881,8304
183,-29.1059,-5,0.2271422,-0.2642448,0.8084057,-7.443867,-4.707209,-4.719828,-3.47627,8316
183.02,-11.67328,-5,0.2319248,-0.2652586,-0.2908313,-8.771821,-4.639729,-4.699549,-3.460746,8328
183.04,-26.22339,-5,0.235086,-0.2784764,0.1824515,-7.924674,-4.707209,-4.731141,-3.605686,8324
183.06,-21.95483,-5,0.2266835,-0.287998,-0.2144953,-8.806045,-4.707209,-4.746252,-3.687258,8316
183.08,2.520508,-5,0.2462128,-0.2815695,0.5793981,-8.972342,-4.572248,-4.669249,-3.425621,8320
183.1,-19.07178,-5,0.2223638,-0.2767671,-0.550373,-6.557838,-4.639729,-4.678172,-3.511436,8312
183.12,-17.87451,-5,0.2364401,-0.2519782,0.04504682,-7.190197,-4.639729,-4.680638,-3.450514,8328
183.14,-5.653564,-5,0.2524173,-0.2313912,1.281688,-7.512239,-4.572248,-4.641784,-3.338876,8344
183.16,-21.99951,-5,0.2501452,-0.2223034,-0.8099151,-6.507291,-4.639729,-4.667047,-3.454106,8356
183.18,-18.34216,-5,0.2592963,-0.211647,0.6251997,-7.5225,-4.639729,-4.678667,-3.480993,8328
183.2,-4.755981,-5,0.2561839,-0.2086755,-0.3060985,-7.784914,-4.572248,-4.645372,-3.417483,8332
183.22,-32.95996,-5,0.28046,-0.2093269,0.2587874,-6.718798,-4.707209,-4.708336,-3.576181,8316
183.24,-24.19836,-5,0.281456,-0.2151053,0.04504682,-8.863665,-4.707209,-4.738042,-3.719331,8308
183.26,-8.477783,-5,0.2713977,-0.2364787,-0.8862511,-9.334314,-4.639729,-4.713282,-3.733078,8312
183.28,-12.06824,-5,0.2546952,-0.2494714,-0.5656406,-8.003229,-4.639729,-4.702196,-3.709509,8316
183.3,-14.06604,-5,0.2648231,-0.2388273,0.8084057,-7.521895,-4.639729,-4.693898,-3.607425,8316
183.32,-14.95215,-5,0.2687352,-0.2255477,0.2129859,-7.417598,-4.639729,-4.690375,-3.592046,8316
183.34,-3.500854,-5,0.270885,-0.2074716,-0.3213652,-7.418175,-4.572248,-4.649241,-3.461625,8312
183.36,-20.43311,-5,0.2797064,-0.1928576,-0.0007547362,-6.316093,-4.639729,-4.67122,-3.513611,8304
183.38,-5.400635,-5,0.2844433,-0.1710583,0.4114593,-7.285747,-4.572248,-4.64156,-3.408346,8324
183.4,-9.103149,-5,0.2937527,-0.156624,-0.2144953,-6.437131,-4.572248,-4.6288,-3.370035,8324
183.42,-21.8656,-5,0.2914378,-0.1466486,0.4114593,-6.266034,-4.639729,-4.665045,-3.485443,8312
183.44,-27.995,-5,0.293133,-0.153998,-0.1686933,-7.468511,-4.707209,-4.723278,-3.68848,8316
183.46,-8.753784,-5,0.3065458,-0.1672468,-0.04655629,-8.897972,-4.639729,-4.707682,-3.644112,8324
183.48,-11.21643,-5,0.3036207,-0.1818349,-0.1686933,-7.889732,-4.639729,-4.699937,-3.642212,8316
183.5,-0.1794434,-5,0.2692287,-0.1802878,-0.2908313,-7.331853,-4.572248,-4.658584,-3.530007,8308
183.52,-6.213379,-5,0.2914505,-0.1567286,0.3809245,-5.923533,-4.572248,-4.635539,-3.334607,8312
183.54,-20.28296,-5,0.2961052,-0.1329853,0.4572606,-5.641326,-4.639729,-4.666245,-3.401498,8316
183.56,-15.60144,-5,0.3121431,-0.1191631,0.2587874,-6.924812,-4.639729,-4.680658,-3.438686,8312
183.58,-1.393433,-5,0.3040906,-0.118359,-0.0007547362,-7.243379,-4.572248,-4.649523,-3.390346,8316
183.6,-5.656738,-5,0.3077942,-0.1102733,-0.1534266,-6.030792,-4.572248,-4.634337,-3.299749,8324
183.62,-30.60596,-5,0.3126806,-0.1055178,0.2435202,-5.725924,-4.707209,-4.707949,-3.497431,8320
183.64,-20.01599,-5,0.3109066,-0.1161437,0.01451245,-8.032687,-4.707209,-4.742895,-3.639511,8320
183.66,7.860718,-5,0.3067301,-0.1314067,-0.09235785,-8.419074,-4.572248,-4.677837,-3.460249,8336
183.68,-1.229004,-5,0.2959739,-0.1286518,-0.8709843,-5.825152,-4.572248,-4.64687,-3.312656,8320
183.7,-17.01624,-5,0.3061929,-0.1023848,0.5030622,-5.089675,-4.639729,-4.670593,-3.277694,8320
183.72,-13.68274,-5,0.340683,-0.07693166,1.480162,-6.310072,-4.639729,-4.679224,-3.253273,8300
183.74,-1.151978,-5,0.3762697,-0.05721888,2.121383,-6.871294,-4.572248,-4.641369,-3.146739,8324
183.76,-18.01794,-5,0.3928721,-0.04708032,-0.5809073,-6.058547,-4.639729,-4.665574,-3.282533,8328
183.78,-3.106567,-5,0.4000386,-0.03218144,0.5183294,-7.223412,-4.572248,-4.637918,-3.260941,8332
183.8,-17.75696,-5,0.379458,-0.0417851,-0.4893047,-6.442409,-4.639729,-4.671453,-3.500474,8336
183.82,-2.062622,-5,0.393015,-0.03582952,0.06031401,-7.425882,-4.572248,-4.644516,-3.396065,8340
183.84,-17.01758,-5,0.3832635,-0.04471643,0.4725278,-6.482643,-4.639729,-4.675174,-3.563551,8344
183.86,-1.144897,-5,0.3757545,-0.0420127,0.01451245,-7.318105,-4.572248,-4.64927,-3.487032,8324
183.88,-16.04309,-5,0.370979,-0.04901841,-0.0007547362,-6.275121,-4.639729,-4.678755,-3.595201,8336
183.9,-0.3763428,-5,0.3705456,-0.04149516,0.4419934,-7.062101,-4.572248,-4.650911,-3.473473,8344
183.92,-4.012451,-5,0.373649,-0.03471541,0.1061156,-6.008706,-4.572248,-4.637992,-3.416387,8332
183.94,-17.33228,-5,0.3862356,-0.02251026,0.5946653,-5.74666,-4.639729,-4.671114,-3.471077,8336
183.96,-23.94604,-5,0.3904889,-0.02707959,0.4572606,-6.954484,-4.707209,-4.727878,-3.680189,8328
183.98,-4.465576,-5,0.3871197,-0.04378773,-0.03128911,-8.379757,-4.639729,-4.714357,-3.689689,8324
184,4.83667,-5,0.385492,-0.05190583,-0.3519,-7.323621,-4.572248,-4.666329,-3.531954,8324
184.02,-59.88672,5,0.3972324,-0.04025674,0.6862684,-5.753963,-4.639729,-4.681799,-3.511332,8324
184.04,-60.76251,5,0.3922247,-0.07613232,0.304589,-11.28212,-4.639729,-4.691533,-3.692567,8316
184.06,-52.63342,5,0.3868907,-0.1860221,-1.405335,-15.0286,-4.572248,-4.656893,-3.897581,8320
184.08,-61.2005,5,0.250613,-0.3568464,-6.870986,-16.28231,-4.572248,-4.652947,-4.390371,8316
184.1,-76.85559,5,0.05711512,-0.5666953,-11.90916,-17.40891,-4.639729,-4.703234,-4.958898,8308
184.12,-60.56824,5,-0.2073648,-0.806369,-14.10763,-18.87216,-4.572248,-4.699431,-5.280097,8308
184.14,-64.60236,5,-0.4263178,-1.039357,-11.51221,-17.50959,-4.572248,-4.697315,-5.233683,8316
184.16,-67.69434,5,-0.6464455,-1.243074,-11.43587,-16.32526,-4.572248,-4.692687,-5.007453,8304
184.18,-94.11517,5,-0.8267971,-1.433722,-9.130528,-15.34268,-4.707209,-4.763489,-4.886172,8304
184.2,-88.47778,5,-0.9256607,-1.596984,-4.260297,-17.06957,-4.707209,-4.778373,-4.456865,8312
184.22,-79.11823,5,-1.008826,-1.74568,-5.145795,-17.37846,-4.639729,-4.729056,-3.935629,8288
184.24,-133.8399,5,-1.193178,-1.931661,-10.94732,-16.16259,-4.909649,-4.868911,-4.274051,8312
184.26,-114.714,5,-1.454119,-2.154887,-15.1,-20.04334,-4.909649,-4.940093,-4.444505,8332
184.28,-105.7697,5,-1.715295,-2.416242,-13.52748,-19.83109,-4.909649,-4.972991,-4.321374,8308
184.3,-114.8604,5,-1.950107,-2.652409,-12.73358,-18.06125,-4.977129,-5.017106,-3.910329,8316
184.32,-121.1794,5,-2.194883,-2.866325,-13.05419,-17.04568,-5.044609,-5.067649,-3.467029,8332
184.34,-92.31699,5,-2.390608,-3.036321,-10.32137,-16.33404,-4.909649,-4.993776,-2.473184,8308
184.36,46.63623,5,-2.54843,-3.059598,-9.191597,-12.12243,-4.03241,-4.413492,0.3185861,8308
184.38,-31.19771,5,-2.706987,-2.966326,-7.924421,5.183687,-4.03241,-4.137169,2.250401,8276
184.4,-44.03859,5,-2.691368,-2.711674,1.43436,8.727999,-3.897449,-3.908182,4.360044,8288
184.42,-152.2209,5,-2.163627,-2.420466,24.12139,7.824739,-4.30233,-3.983381,5.640867,8288
184.44,-217.0279,5,-1.300488,-2.14589,37.95346,-6.768132,-4.639729,-4.140687,5.909167,8288
184.46,-202.612,5,-0.5847993,-2.045835,32.18246,-25.40658,-4.572248,-4.141279,4.723974,8316
184.48,-221.6603,5,-0.1889258,-2.161538,16.99162,-37.71029,-4.572248,-4.157219,2.111042,8308
184.5,-398.1776,5,-0.6164606,-2.700797,-25.74122,-46.82762,-5.58445,-4.882823,-4.327809,8300
184.52,-225.3497,5,-2.143698,-3.710941,-78.09238,-65.48763,-5.247049,-5.213378,-10.15043,8368
184.54,49.83219,5,-3.71637,-4.773202,-80.48933,-54.64964,-3.96493,-4.705442,-10.20345,8328
184.56,-169.3393,5,-5.2124,-5.610395,-77.81757,-15.07523,-4.909649,-5.074068,-9.949407,8260
184.58,73.56985,5,-6.856206,-6.068069,-45.49695,-5.133875,-3.96493,-4.712446,-5.878198,8324
184.6,-50.76012,5,-6.09895,-5.830662,30.53361,23.33788,-4.30233,-4.482102,2.917451,8260
184.62,-140.1199,5,-5.499803,-5.231865,25.89238,27.49792,-4.639729,-4.426127,8.091896,8288
184.64,-45.1088,5,-4.658936,-4.550156,48.90003,18.67034,-4.03241,-3.932539,12.7335,8296
184.66,-228.909,5,-3.552971,-3.94756,46.76262,18.47609,-4.639729,-3.976601,14.31485,8276
184.68,-105.0459,5,-2.792757,-3.432673,28.45727,-2.533647,-3.897449,-3.531418,15.17366,8292
184.7,-78.51422,5,-2.492524,-3.196388,12.56413,-4.786815,-3.357609,-3.056912,14.34439,8264
184.72,-188.5161,5,-2.72778,-3.193213,-10.84045,-3.002893,-3.627529,-3.099036,11.46225,8224
184.74,-15.40482,5,-3.232888,-3.303396,-25.68015,-10.94783,-2.68281,-2.650507,10.58594,8256
184.76,-132.1924,5,-3.674513,-3.536536,-19.2832,2.579994,-3.02021,-2.705864,9.293092,8196
184.78,-20.91467,5,-3.513367,-3.47069,11.12902,-0.6294647,-2.345409,-2.278412,11.59683,8204
184.8,-202.6205,5,-2.862332,-3.300626,34.97636,5.99763,-2.95273,-2.369162,12.11295,8168
184.82,-107.2664,5,-2.547869,-3.11032,19.67864,-8.898172,-2.412889,-2.08515,12.03852,8208
184.84,-204.212,5,-2.233252,-3.10082,10.88475,-10.35078,-2.68281,-2.131525,10.24939,8176
184.86,-86.05127,5,-2.416719,-3.189257,-6.641978,-20.31678,-2.008009,-1.814039,8.838573,8204
184.88,-190.1707,5,-2.7278,-3.449492,-23.52748,-14.13434,-2.345409,-1.936013,6.378407,8148
184.9,-55.7627,5,-3.276207,-3.696985,-28.62672,-18.53307,-1.670609,-1.651857,5.790646,8156
184.92,-6.600769,5,-3.49685,-3.825489,-2.13816,-6.981009,-1.13077,-1.20187,7.182575,8128
184.94,-110.7332,5,-3.417991,-3.724509,-0.5351062,5.209392,-1.33321,-1.08258,8.445731,8116
184.96,-240.155,5,-3.493402,-3.679706,-2.092359,2.718888,-2.008009,-1.447912,7.183692,8124
184.98,-96.54083,5,-3.074213,-3.601607,35.78552,-13.19732,-1.40069,-1.205332,8.419257,8172
185,-104.9527,5,-2.355533,-3.455206,26.27406,-11.59294,-1.13077,-0.8602259,9.714985,8144
185.02,-216.6149,5,-2.279009,-3.39565,-3.099992,-11.85526,-1.46817,-0.9392017,7.680055,8100
185.04,-71.74664,5,-2.776478,-3.519914,-28.09237,-21.41012,-0.7258892,-0.6365057,5.96788,8112
185.06,-159.6441,5,-3.570566,-3.899632,-40.00077,-10.5918,-1.06329,-0.8090117,3.430653,8068
185.08,-23.80103,5,-4.275049,-4.180076,-16.50458,-9.74511,-0.4559698,-0.567793,4.188407,8080
185.1,-112.4893,5,-4.115117,-4.228785,10.6252,3.871149,-0.7258892,-0.5395567,6.470623,8072
185.12,-62.38,5,-3.960887,-4.054551,3.81604,3.502281,-0.3884897,-0.271847,8.809574,8080
185.14,14.00476,5,-3.256134,-3.636605,33.08323,6.197939,0.3537903,0.3857715,12.54908,8072
185.16,-219.4681,5,-2.841225,-3.278207,14.19772,13.94497,-0.4559698,0.2097677,11.79221,8024
185.18,-85.90198,5,-2.400851,-2.934809,32.73208,-5.779155,0.2188301,0.5310616,12.02471,8032
185.2,-76.43042,5,-1.730293,-2.685304,31.75498,-7.490298,0.6237106,0.9382049,12.18489,8004
185.22,-203.3452,5,-1.800224,-2.645214,-11.68015,-7.667839,0.2188301,0.8019593,8.967199,7984
185.24,-59.48352,5,-2.426884,-2.834739,-29.39008,-18.29231,0.89363,1.015128,6.518341,8020
185.26,-27.71399,5,-2.476528,-2.976769,1.235887,-10.52597,1.298511,1.347384,6.939193,7956
185.28,-145.6946,5,-2.655828,-3.047557,-16.13817,-1.798566,0.89363,1.240478,6.098514,7944
185.3,-53.49329,5,-3.121785,-3.147624,0.8542075,-6.247066,1.298511,1.376829,5.647741,7972
185.32,25.85059,5,-2.547091,-2.969667,23.75498,-1.590582,1.97331,1.935068,8.996303,7960
185.34,69.30945,5,-2.691687,-2.708702,-13.03893,10.19779,2.64811,2.562592,10.42214,7912
185.36,29.90027,5,-2.538241,-2.285117,16.80841,21.92409,2.918031,3.009839,12.24129,7880
185.38,23.97681,5,-1.627948,-1.595719,39.12903,22.74518,3.32291,3.534391,15.209,7864
185.4,-19.47302,5,-0.4509525,-0.8185811,56.33514,18.7793,3.592831,3.99776,16.65863,7844
185.42,30.85974,5,0.4671858,-0.1090552,40.51834,8.887465,4.335111,4.642622,16.60188,7828
185.44,-185.5199,5,1.154374,0.3061053,28.62521,4.771623,3.660311,4.474454,12.66139,7788
185.46,-73.65173,5,1.225802,0.392784,2.106116,-19.92238,4.20015,4.59779,8.345519,7820
185.48,-137.3521,5,1.297932,0.1463504,0.1366499,-25.35721,3.99771,4.447469,3.797307,7780
185.5,-188.5765,5,0.7282844,-0.3697933,-34.65726,-33.71386,3.592831,4.012415,-1.826417,7812
185.52,46.07117,5,-0.1159702,-0.9827038,-37.54275,-41.25281,4.60503,4.311261,-4.069194,7812
185.54,15.37744,5,-0.8396285,-1.502403,-42.50459,-20.14331,4.67251,4.442147,-4.720747,7744
185.56,-53.29407,5,-2.066791,-1.944738,-52.64199,-5.336581,4.267631,4.168357,-6.126236,7752
185.58,-81.78198,5,-1.900605,-2.042208,24.15192,-3.151651,3.93023,3.94656,-3.669199,7768
185.6,52.79956,5,-1.343537,-1.846448,24.19773,-6.180108,4.60503,4.368474,0.2420599,7812
185.62,180.314,5,-1.153421,-1.485195,9.617569,5.177875,5.684711,5.235485,3.787845,7764
185.64,-161.7958,5,-1.143307,-1.165723,1.11375,25.01007,4.335111,4.801665,2.729964,7672
185.66,-2.12146,5,-0.5569746,-0.7046637,40.18246,1.844876,4.94243,5.014313,4.494381,7772
185.68,136.6703,5,0.4874912,-0.2077684,45.20537,-0.4483106,6.02211,5.836731,7.539106,7748
185.7,18.90747,5,0.4293288,0.1288225,-7.00839,12.17465,5.95463,6.087319,6.03983,7672
185.72,-231.2917,5,-0.004510283,0.1361936,-16.58091,9.56075,4.60503,5.270881,1.122521,7700
185.74,30.89905,5,0.9460288,0.3010984,47.1443,-20.25399,5.61723,5.600252,2.914378,7760
185.76,-22.54956,5,1.156308,0.2248999,6.319859,-14.22509,5.61723,5.725648,1.126323,7696
185.78,-35.91406,5,0.6773254,0.06803021,-30.01603,-14.08897,5.61723,5.689337,-1.546459,7720
185.8,-34.30164,5,0.5333572,-0.08807904,4.487797,-14.90036,5.61723,5.644469,-2.738175,7692
185.82,-36.15234,5,0.6155893,-0.1801216,0.3351234,-15.58186,5.61723,5.634813,-3.152488,7712
185.84,-32.72656,5,0.3513897,-0.3284247,-9.954956,-15.34958,5.61723,5.591335,-4.406573,7716
185.86,-17.66418,5,0.2703256,-0.4327248,-4.504573,-14.56723,5.684711,5.608515,-4.584587,7688
185.88,-26.51746,5,-0.04945649,-0.5731469,-13.66488,-11.48088,5.61723,5.54336,-5.31539,7716
185.9,-20.01184,5,-0.04010874,-0.6186283,-1.206862,-10.36586,5.61723,5.534448,-4.757329,7708
185.92,-17.22852,5,-0.1057239,-0.64148,-1.756481,-8.742805,5.61723,5.533911,-4.518115,7700
185.94,-17.01257,5,-0.08559255,-0.6217785,-1.222129,-7.448314,5.61723,5.545852,-4.045159,7696
185.96,-16.50183,5,-0.1099238,-0.5944905,-0.3060985,-6.477767,5.61723,5.552759,-3.785371,7716
185.98,-16.04407,5,-0.09451399,-0.5555238,-0.8404495,-5.824724,5.61723,5.561217,-3.44874,7712
186,-15.33301,5,-0.09051263,-0.5170991,0.5488637,-5.348035,5.61723,5.567137,-3.200507,7708
186.02,-14.27881,5,-0.08871271,-0.4820039,-0.2602969,-4.955085,5.61723,5.571065,-2.981108,7728
186.04,-1.677246,5,-0.08004211,-0.4401781,0.1824515,-4.581331,5.684711,5.615651,-2.621202,7716
186.06,-17.42749,5,-0.08368413,-0.4054708,-0.3366328,-3.064415,5.61723,5.595536,-2.505837,7720
186.08,-13.16028,5,-0.0703014,-0.3673729,0.01451245,-3.686216,5.61723,5.588723,-2.315275,7708
186.1,-23.26587,5,-0.02130713,-0.3403706,2.121383,-3.845454,5.54975,5.550865,-2.237391,7720
186.12,-16.66492,5,-0.02644587,-0.3322592,-0.06182348,-4.944112,5.54975,5.531805,-2.267136,7708
186.14,-2.156494,5,-0.01146567,-0.3234011,0.1061156,-5.021325,5.61723,5.566173,-2.061111,7732
186.16,-6.298218,5,-0.01216774,-0.3069927,0.04504682,-3.600905,5.61723,5.582903,-1.924136,7736
186.18,-7.961914,5,-0.003130825,-0.2760629,-0.03128911,-3.106746,5.61723,5.592131,-1.780459,7724
186.2,-20.54211,5,0.0353163,-0.2467427,1.81604,-3.097298,5.54975,5.55916,-1.777023,7708
186.22,-4.001709,5,0.06043458,-0.221271,0.2129859,-4.414418,5.61723,5.584961,-1.68097,7716
186.24,-19.2677,5,0.09558124,-0.2088226,1.556498,-3.754749,5.54975,5.557753,-1.765861,7724
186.26,-3.282227,5,0.08502383,-0.1976231,-1.008389,-4.796763,5.61723,5.582037,-1.769251,7712
186.28,-18.61804,5,0.1155159,-0.1921977,0.4877952,-3.997241,5.54975,5.554657,-1.84797,7724
186.3,-26.37439,5,0.1227673,-0.1945952,0.7473372,-5.065643,5.48227,5.500604,-2.079826,7700
186.32,16.09656,5,0.1088145,-0.1960728,-0.5656406,-6.428339,5.684711,5.594037,-1.887245,7716
186.34,-8.617188,5,0.1143773,-0.1908883,-0.3213652,-3.085629,5.61723,5.597186,-1.862815,7700
186.36,-11.13782,5,0.2110039,-0.1326435,4.854208,-3.700854,5.61723,5.61078,-1.615974,7700
186.38,-24.33813,5,0.2500849,-0.1040783,1.098482,-4.516835,5.54975,5.572985,-1.910027,7720
186.4,-18.46887,5,0.2405974,-0.1103452,0.2129859,-6.35498,5.54975,5.546924,-2.259164,7700
186.42,-2.93042,5,0.2090428,-0.1364325,-1.619076,-6.844203,5.61723,5.568295,-2.406317,7708
186.44,-6.759399,5,0.2137426,-0.1469365,0.3503905,-5.616775,5.61723,5.579781,-2.385407,7720
186.46,-8.699219,5,0.2171704,-0.1384295,0.5030622,-5.20579,5.61723,5.585814,-2.377028,7704
186.48,-8.882324,5,0.2013826,-0.1328636,-0.2602969,-5.075408,5.61723,5.584823,-2.454794,7704
186.5,-8.671265,5,0.2104602,-0.1244416,0.3351234,-5.035939,5.61723,5.584508,-2.450741,7712
186.52,3.191772,5,0.2149073,-0.1085312,0.2129859,-4.975559,5.684711,5.624428,-2.327306,7712
186.54,-25.0343,5,0.2199903,-0.1027764,0.1824515,-3.803384,5.54975,5.560775,-2.533751,7700
186.56,-4.638794,5,0.2362112,-0.09019367,0.5183294,-5.904147,5.61723,5.57306,-2.481476,7720
186.58,6.10437,5,0.2163404,-0.09308317,-0.6725109,-5.135957,5.684711,5.61482,-2.438142,7708
186.6,0.1494141,5,0.2294926,-0.07196009,0.8084057,-3.587578,5.684711,5.636744,-2.273996,7696
186.62,-13.6897,5,0.2321524,-0.04790945,0.8236728,-3.197156,5.61723,5.605384,-2.342711,7704
186.64,-20.51855,5,0.254359,-0.03799885,-0.07709067,-4.43066,5.54975,5.550852,-2.499027,7708
186.66,-0.9373779,5,0.2538322,-0.04482084,0.1824515,-5.901703,5.61723,5.564386,-2.517949,7712
186.68,9.052734,5,0.239604,-0.05019316,-0.4587703,-4.820485,5.684711,5.609796,-2.395416,7712
186.7,-8.846313,5,0.2462261,-0.03657128,0.3656577,-3.1448,5.61723,5.592627,-2.358662,7716
186.72,-5.53479,5,0.2369667,-0.01933188,0.3961921,-3.809487,5.61723,5.583015,-2.37,7712
186.74,-3.760742,5,0.2507048,-0.00991983,0.4877952,-3.954386,5.61723,5.579219,-2.342916,7712
186.76,-2.563354,5,0.2453789,-0.004885465,0.1824515,-3.848245,5.61723,5.576424,-2.340042,7720
186.78,-13.22815,5,0.2436526,-0.006415442,-0.01602192,-3.672143,5.54975,5.534603,-2.438771,7724
186.8,-7.088745,5,0.2432126,-0.01136087,0.1366499,-4.625744,5.54975,5.516047,-2.465216,7720
186.82,7.283447,5,0.2404734,-0.0145556,0.01451245,-4.596558,5.61723,5.548838,-2.331025,7736
186.84,14.47278,5,0.2418112,0.003801852,0.09084838,-3.103218,5.684711,5.60637,-2.061484,7744
186.86,-15.88379,5,0.2450705,0.02736629,0.7168028,-1.44991,5.54975,5.552162,-2.147756,7728
186.88,2.520264,5,0.3142731,0.07134897,2.915277,-3.62523,5.61723,5.575189,-1.920567,7728
186.9,-11.42297,5,0.3267512,0.07852887,-0.1381594,-3.26608,5.54975,5.541463,-2.140967,7712
186.92,16.56384,5,0.3294046,0.09485486,0.5488637,-4.392584,5.684711,5.605253,-1.983102,7720
186.94,8.203735,5,0.3271495,0.109811,-0.4129688,-2.302125,5.684711,5.632259,-1.932195,7708
186.96,-6.974243,5,0.3458805,0.1397689,1.22062,-1.852897,5.61723,5.605289,-1.960557,7704
186.98,-4.293701,5,0.425982,0.1765676,3.358025,-3.355159,5.61723,5.599475,-1.906672,7720
187,-3.781982,5,0.4662878,0.1917772,0.9000088,-4.210687,5.61723,5.595433,-2.060768,7708
187.02,-2.703735,5,0.4477148,0.1840658,0.4877952,-4.661653,5.61723,5.585845,-2.325121,7724
187.04,-13.60425,5,0.4597025,0.1688905,-0.04655629,-4.917437,5.54975,5.540211,-2.567956,7712
187.06,3.304688,5,0.4769121,0.1602915,0.5488637,-6.220616,5.61723,5.560718,-2.591934,7708
187.08,-11.65503,5,0.4787626,0.1412745,-0.1686933,-5.407973,5.54975,5.527967,-2.830986,7716
187.1,3.833252,5,0.4774118,0.1367224,0.5488637,-6.35401,5.61723,5.552631,-2.843231,7716
187.12,-11.54297,5,0.480848,0.1248329,0.06031401,-5.453484,5.54975,5.522218,-3.037284,7716
187.14,3.945679,5,0.4773425,0.1253575,0.3961921,-6.374951,5.61723,5.547573,-3.029496,7716
187.16,0.4742432,5,0.4723046,0.1229274,-0.06182348,-5.402875,5.61723,5.557105,-3.077233,7704
187.18,-0.7279053,5,0.4668919,0.1309886,0.2587874,-5.093187,5.61723,5.560269,-3.09136,7716
187.2,-12.52698,5,0.4717584,0.1334255,0.1061156,-5.049668,5.54975,5.520457,-3.23857,7716
187.22,4.856323,5,0.4679788,0.1345803,0.1213828,-6.17073,5.61723,5.541178,-3.213338,7740
187.24,2.069336,5,0.4696749,0.1337267,0.02977964,-5.159727,5.61723,5.55054,-3.192644,7728
187.26,-10.32861,5,0.4578963,0.13461,0.06031401,-4.757326,5.54975,5.51306,-3.311121,7712
187.28,6.889282,5,0.4519335,0.139118,-0.0007547362,-5.693501,5.61723,5.53572,-3.227967,7732
187.3,-7.473389,5,0.4524549,0.1349876,-0.04655629,-4.596889,5.54975,5.505849,-3.297892,7744
187.32,-2.554443,5,0.430632,0.1322251,0.1061156,-5.245079,5.54975,5.490434,-3.33399,7712
187.34,11.125,5,0.4432425,0.1381154,-0.03128911,-5.189015,5.61723,5.526903,-3.130571,7740
187.36,-4.841431,5,0.4347738,0.1434657,0.1366499,-3.764519,5.54975,5.502885,-3.161759,7740
187.38,-0.7684326,5,0.4275868,0.1542846,0.1366499,-4.406579,5.54975,5.491694,-3.13452,7716
187.4,12.45679,5,0.4497185,0.170875,0.5488637,-4.46305,5.61723,5.530159,-2.918263,7712
187.42,20.10913,5,0.4210754,0.1913897,-0.1686933,-3.03905,5.684711,5.584528,-2.737035,7712
187.44,13.37512,5,0.4297065,0.2335194,-0.0007547362,-1.350878,5.684711,5.611178,-2.495211,7732
187.46,-0.3143311,5,0.4326054,0.2731021,0.1977187,-0.9435383,5.61723,5.58162,-2.490499,7720
187.48,4.662842,5,0.4613682,0.303736,1.144284,-2.144075,5.61723,5.569474,-2.426054,7708
187.5,-5.603516,5,0.5232099,0.3208861,2.594666,-2.661278,5.54975,5.528961,-2.45786,7720
187.52,13.31299,5,0.4764022,0.3128962,-1.130526,-3.850443,5.61723,5.542346,-2.570176,7740
187.54,11.01294,5,0.4969014,0.3122597,0.06031401,-2.792068,5.61723,5.552321,-2.448519,7728
187.56,11.11951,5,0.4477183,0.3122292,0.02977964,-2.156242,5.61723,5.5517,-2.481936,7736
187.58,23.30164,5,0.4471165,0.3307169,-0.2450293,-1.692931,5.684711,5.593909,-2.216132,7724
187.6,7.27478,5,0.4312391,0.3472155,-0.5045714,-0.1226726,5.61723,5.571606,-2.19736,7716
187.62,23.19006,5,0.4251484,0.3761448,-0.2297625,-0.649671,5.684711,5.602269,-1.963564,7720
187.64,8.619873,5,0.4301671,0.3945918,0.1977187,0.5756992,5.61723,5.576586,-1.919161,7708
187.66,25.27075,5,0.4156158,0.4188147,-0.183961,-0.002677888,5.684711,5.604438,-1.718517,7716
187.68,10.73645,5,0.4314562,0.4372443,-0.04655629,1.226456,5.61723,5.579463,-1.636911,7724
187.7,15.41663,5,0.4284057,0.4566865,0.1519171,0.5896983,5.61723,5.568459,-1.556461,7736
187.72,16.49841,5,0.4894675,0.4827023,2.457261,0.4434828,5.61723,5.571553,-1.351246,7728
187.74,15.77686,5,0.5389465,0.5126631,0.9152762,0.2938048,5.61723,5.577583,-1.253382,7720
187.76,15.60388,5,0.5459845,0.5313671,0.5488637,0.1019136,5.61723,5.577543,-1.317811,7728
187.78,27.65149,5,0.5496502,0.5498974,1.342757,-0.02624425,5.684711,5.615764,-1.23697,7732
187.8,10.94458,5,0.5668529,0.5659968,-0.1534266,1.024153,5.61723,5.592818,-1.30545,7732
187.82,14.34045,5,0.5813732,0.5830692,0.5488637,-0.01475607,5.61723,5.581833,-1.355231,7744
187.84,4.863281,5,0.5793235,0.5741498,0.7015356,-0.3722959,5.54975,5.532998,-1.602265,7756
187.86,23.20947,5,0.5749266,0.564204,-0.4282355,-1.522046,5.61723,5.550227,-1.591088,7756
187.88,8.540405,5,0.5965064,0.5541525,0.02977964,-0.5263658,5.54975,5.52088,-1.665109,7744
187.9,47.08765,5,0.5976833,0.5753295,0.02977964,-1.27745,5.752191,5.62961,-1.323161,7728
187.92,-2.578247,5,0.6151037,0.5876576,0.5946653,1.983256,5.54975,5.558079,-1.548944,7752
187.94,19.03064,5,0.6314469,0.6170694,0.7320697,-0.9047037,5.61723,5.565734,-1.523249,7748
187.96,26.67346,5,0.7729183,0.6588335,9.190087,-1.080591,5.684711,5.62328,-1.230028,7736
187.98,5.196167,5,0.8672507,0.7042938,0.8084057,-0.7744989,5.61723,5.612854,-1.396339,7744
188,-4.617615,5,0.867236,0.7107756,2.380925,-2.770318,5.54975,5.555548,-2.004011,7740
188.02,15.11401,5,0.8350639,0.6773434,-1.634343,-4.947757,5.61723,5.557196,-2.420627,7732
188.04,12.98663,5,0.8537071,0.6444476,0.2893218,-4.462745,5.61723,5.5583,-2.590576,7720
188.06,12.54639,5,0.8112989,0.6156465,0.3961921,-4.220711,5.61723,5.552496,-2.848485,7720
188.08,12.00372,5,0.8258871,0.6039102,-0.5656406,-4.158844,5.61723,5.551633,-2.915981,7708
188.1,23.22229,5,0.8221339,0.6032268,0.5641309,-4.137661,5.684711,5.589932,-2.913645,7604
188.12,6.243591,5,0.8179091,0.601714,0.07558119,-3.004367,5.61723,5.564476,-3.09256,7712
188.14,9.525574,5,0.8252635,0.6059986,0.3656577,-3.994977,5.61723,5.552015,-3.190565,7712
188.16,0.09259033,5,0.8106419,0.5856286,-0.4587703,-4.291987,5.54975,5.501392,-3.489912,7704
188.18,18.49323,5,0.7988427,0.5669858,-0.2602969,-5.373993,5.61723,5.517561,-3.500985,7732
188.2,16.02283,5,0.790195,0.5518758,-0.7488468,-4.201497,5.61723,5.52522,-3.497991,7732
188.22,14.34009,5,0.8055912,0.5614873,0.2282531,-3.729053,5.61723,5.532442,-3.407602,7696
188.24,13.50372,5,0.8129146,0.5753078,0.2740546,-3.610011,5.61723,5.535583,-3.407246,7712
188.26,2.108826,5,0.8071253,0.576054,0.1977187,-3.618871,5.54975,5.493758,-3.591607,7720
188.28,7.722168,5,0.8223331,0.5731086,0.2435202,-4.823112,5.54975,5.475669,-3.650436,7712
188.3,33.39496,5,0.8197315,0.5744886,-0.01602192,-4.989989,5.684711,5.547662,-3.462936,7712
188.32,0.07519531,5,0.8315887,0.5795192,0.2435202,-2.599661,5.54975,5.501218,-3.578727,7708
188.34,17.68256,5,0.8602892,0.607659,1.556498,-4.454961,5.61723,5.523278,-3.461773,7720
188.36,14.79626,5,0.8796832,0.6182513,-0.1228922,-3.965291,5.61723,5.53186,-3.51186,7716
188.38,13.74817,5,0.8834078,0.6305816,0.7168028,-3.94555,5.61723,5.53385,-3.562659,7596
188.4,2.929443,5,0.8558623,0.6225942,-0.09235785,-3.968454,5.54975,5.488178,-3.825249,7716
188.42,20.44263,5,0.8706967,0.6222804,-0.06182348,-5.09767,5.61723,5.509744,-3.732508,7724
188.44,18.20551,5,0.8427905,0.6122085,0.1061156,-3.979037,5.61723,5.515909,-3.781207,7720
188.46,6.083557,5,0.8319964,0.6097357,-0.2755641,-3.45319,5.54975,5.478519,-3.849329,7712
188.48,11.39368,5,0.8387572,0.6098045,-0.1686933,-4.348065,5.54975,5.463248,-3.840507,7720
188.5,47.8468,5,0.8625252,0.6329025,-0.06182348,-4.403699,5.752191,5.581618,-3.386502,7700
188.52,8.717224,5,0.8736206,0.6608902,0.3198562,-0.8482319,5.61723,5.555316,-3.418544,7732
188.54,0.8400269,5,0.9138114,0.7028425,3.098483,-2.608502,5.54975,5.505423,-3.491918,7716
188.56,4.934021,5,1.070349,0.7428722,6.075583,-5.090457,5.54975,5.496449,-3.416723,7712
188.58,8.964661,5,0.9717571,0.707935,-2.061824,-5.9828,5.54975,5.470136,-4.049081,7712
188.6,10.96582,5,0.9951444,0.6828176,-1.558007,-6.246787,5.54975,5.461011,-4.103508,7720
188.62,23.3999,5,0.9762759,0.6670595,0.4725278,-6.132971,5.61723,5.495424,-4.110574,7716
188.64,18.57941,5,0.9574922,0.6623704,-0.8099151,-4.741617,5.61723,5.509244,-4.125339,7724
188.66,15.8421,5,0.9885864,0.6838487,0.5030622,-4.415526,5.61723,5.519776,-4.025134,7700
188.68,3.685303,5,0.9751876,0.6883119,0.02977964,-4.45484,5.54975,5.479193,-4.261995,7728
188.7,20.98669,5,0.9793758,0.6913799,-0.2297625,-5.693993,5.61723,5.499948,-4.232922,7720
188.72,6.786011,5,0.974148,0.6799661,-0.3977011,-4.771493,5.54975,5.467293,-4.387721,7720
188.74,34.63409,5,0.9612826,0.6881011,0.1977187,-5.500366,5.684711,5.532641,-4.177938,7724
188.76,2.990173,5,0.9539229,0.6863732,-0.6725109,-3.194182,5.54975,5.480545,-4.332179,7704
188.78,21.89655,5,0.9623019,0.705358,0.7473372,-4.865407,5.61723,5.499102,-4.194855,7720
188.8,20.0304,5,0.9612027,0.7088752,-0.3366328,-4.051701,5.61723,5.506069,-4.186685,7704
188.82,7.883057,5,0.9608217,0.7139186,0.4419934,-3.723873,5.54975,5.469051,-4.258071,7724
188.84,25.23834,5,0.9522773,0.7195825,-0.3213652,-4.674626,5.61723,5.491551,-4.171963,7720
188.86,33.88855,5,0.960685,0.7342132,-0.2755641,-3.549698,5.684711,5.54407,-3.93487,7708
188.88,4.259644,5,0.9567083,0.749282,0.2435202,-1.968107,5.54975,5.486741,-4.055252,7716
188.9,36.1676,5,0.9567075,0.7763318,1.006879,-3.857947,5.684711,5.54102,-3.824831,7704
188.92,5.543457,5,0.9945124,0.7865369,0.3656577,-2.057733,5.54975,5.488204,-3.911186,7704
188.94,25.98682,5,0.9547458,0.7934021,0.3961921,-3.796147,5.61723,5.498618,-3.934615,7700
188.96,35.52368,5,0.9983827,0.8102295,-0.3366328,-2.997396,5.684711,5.549871,-3.639231,7704
188.98,6.560242,5,0.973021,0.8166656,0.2893218,-1.469664,5.54975,5.488491,-3.854069,7712
189,27.26825,5,0.9721516,0.8298678,-0.0007547362,-3.350653,5.61723,5.500803,-3.75683,7724
189.02,12.74207,5,1.047092,0.8414841,2.777872,-2.775996,5.54975,5.475016,-3.69905,7720
189.04,17.37585,5,1.01773,0.8382474,-0.2602969,-3.761472,5.54975,5.457366,-3.882961,7728
189.06,30.62329,5,1.049219,0.8433371,0.1519171,-4.02332,5.61723,5.493386,-3.730033,7724
189.08,26.26019,5,1.028292,0.8469664,0.4725278,-2.787869,5.61723,5.506348,-3.757986,7704
189.1,36.4751,5,1.021435,0.8697619,-0.06182348,-2.362676,5.684711,5.551892,-3.582687,7704
189.12,18.28076,5,1.06672,0.9028307,1.037414,-1.226411,5.61723,5.536708,-3.523535,7696
189.14,21.43286,5,1.064744,0.9260328,0.4877952,-2.302078,5.61723,5.525795,-3.617757,7724
189.16,22.69293,5,1.103634,0.9396259,2.014513,-2.821266,5.61723,5.522556,-3.621702,7712
189.18,12.15942,5,1.093796,0.9315497,-0.4129688,-3.026722,5.54975,5.476537,-3.876962,7732
189.2,29.97156,5,1.09401,0.9244928,-0.3671672,-4.199085,5.61723,5.495437,-3.856889,7712
189.22,27.65717,5,1.075386,0.9122154,-0.4129688,-3.111099,5.61723,5.50187,-3.892167,7720
189.24,26.71881,5,1.072583,0.9177167,-0.1381594,-2.616209,5.61723,5.506073,-3.82996,7704
189.26,26.08423,5,1.089359,0.9328164,0.304589,-2.438281,5.61723,5.510191,-3.761454,7736
189.28,25.80347,5,1.099833,0.9479213,-0.01602192,-2.417227,5.61723,5.512026,-3.749202,7708
189.3,25.87372,5,1.108129,0.9604846,0.3198562,-2.456672,5.61723,5.512217,-3.755314,7716
189.32,26.48199,5,1.10131,0.9667193,0.04504682,-2.449463,5.61723,5.509904,-3.794685,7716
189.34,27.06805,5,1.105258,0.9731728,-0.09235785,-2.393484,5.61723,5.508786,-3.782673,7728
189.36,15.52307,5,1.125458,0.9769368,-0.1228922,-2.387993,5.54975,5.4698,-3.871677,7716
189.38,45.50958,5,1.077315,0.9743454,-0.3977011,-3.332612,5.684711,5.526027,-3.796703,7700
189.4,37.92316,5,1.07811,0.9831158,-0.3060985,-0.9291105,5.684711,5.553636,-3.609863,7728
189.42,35.12592,5,1.064057,1.013711,-0.1228922,-0.05702916,5.684711,5.566064,-3.463825,7584
189.44,33.05457,5,1.130195,1.06298,3.663368,0.01925722,5.684711,5.579468,-3.214281,7712
189.46,8.172119,5,1.185465,1.093807,1.678635,-0.3712394,5.54975,5.50704,-3.412005,7728
189.48,29.56152,5,1.226537,1.109312,1.296956,-3.249761,5.61723,5.514272,-3.46768,7740
189.5,39.70746,5,1.247562,1.10842,1.571765,-3.036198,5.684711,5.556324,-3.475217,7724
189.52,22.30957,5,1.236275,1.106412,0.1519171,-1.861236,5.61723,5.531381,-3.677805,7744
189.54,25.57367,5,1.239857,1.109495,0.4419934,-2.854275,5.61723,5.518571,-3.786658,7740
189.56,37.70319,5,1.287257,1.121135,2.060315,-3.315091,5.684711,5.557045,-3.681375,7600
189.58,20.83997,5,1.286228,1.122009,-1.237397,-2.418659,5.61723,5.530499,-3.911471,7720
189.6,24.33606,5,1.289266,1.123089,-0.0007547362,-3.540096,5.61723,5.516008,-4.059594,7736
189.62,26.62103,5,1.273393,1.106395,0.01451245,-3.873305,5.61723,5.504758,-4.245333,7736
189.64,39.8244,5,1.251926,1.095171,-0.6725109,-3.764954,5.684711,5.537578,-4.212973,7740
189.66,23.9657,5,1.23401,1.086856,0.1824515,-2.32515,5.61723,5.510886,-4.307961,7752
189.68,28.24945,5,1.213864,1.085346,0.2740546,-2.904589,5.61723,5.497322,-4.336522,7708
189.7,30.54395,5,1.208761,1.079547,0.2129859,-2.832815,5.61723,5.491386,-4.320396,7708
189.72,42.75073,5,1.223436,1.091872,0.3809245,-2.574685,5.684711,5.532919,-4.086606,7728
189.74,37.68799,5,1.218511,1.111742,0.1213828,-1.152377,5.684711,5.551549,-3.981325,7712
189.76,24.3457,5,1.221693,1.134334,-0.1992282,-0.756064,5.61723,5.519384,-4.013797,7716
189.78,29.79211,5,1.221491,1.145766,-0.1381594,-1.833697,5.61723,5.503153,-4.042706,7716
189.8,44.25854,5,1.220783,1.151388,-0.2602969,-1.961544,5.684711,5.535795,-3.909094,7732
189.82,17.08099,5,1.220972,1.149242,-0.3060985,-0.6329442,5.54975,5.47054,-4.053473,7704
189.84,27.78156,5,1.17082,1.13416,-0.01602192,-2.323505,5.54975,5.435276,-4.194589,7724
189.86,44.34241,5,1.17201,1.119723,-0.4435031,-2.331294,5.61723,5.463068,-3.989409,7744
189.88,40.76447,5,1.164725,1.122351,-0.2450293,-0.6364242,5.61723,5.479198,-3.79825,7716
189.9,27.61987,5,1.162921,1.138065,0.5946653,0.1068452,5.54975,5.448527,-3.749447,7736
189.92,42.6239,5,1.232736,1.177643,1.907643,-0.9336689,5.61723,5.484558,-3.418626,7724
189.94,50.75891,5,1.215562,1.203121,-1.008389,-0.01782771,5.684711,5.536168,-3.321902,7708
189.96,32.44415,5,1.237213,1.236737,0.5946653,1.312863,5.61723,5.520656,-3.274204,7720
189.98,46.64709,5,1.264862,1.279502,1.92291,0.2797397,5.684711,5.554976,-3.105501,7716
190,29.96301,5,1.328345,1.312855,1.449628,0.7958956,5.61723,5.533954,-3.122772,7724
190.02,33.42511,5,1.339394,1.331866,1.281688,-0.5821085,5.61723,5.520628,-3.272714,7700
190.04,23.61902,5,1.358702,1.32486,-0.3213652,-1.230665,5.54975,5.472095,-3.534413,7724
190.06,29.23395,5,1.390772,1.31307,1.11375,-2.75715,5.54975,5.451862,-3.670987,7716
190.08,32.12585,5,1.362792,1.280406,-0.4435031,-3.105037,5.54975,5.43697,-3.929214,7720
190.1,44.2182,5,1.384456,1.270778,0.5183294,-3.093908,5.61723,5.474576,-3.820775,7744
190.12,38.83453,5,1.371975,1.269611,0.2740546,-1.827025,5.61723,5.489669,-3.869056,7720
190.14,24.961,5,1.377149,1.275665,0.304589,-1.578325,5.54975,5.45556,-4.012098,7716
190.16,40.78827,5,1.401024,1.287374,0.09084838,-2.868987,5.61723,5.481283,-3.96812,7716
190.18,49.09186,5,1.393695,1.294203,0.01451245,-2.073285,5.684711,5.529841,-3.926897,7732
190.2,42.53284,5,1.392609,1.31516,0.09084838,-0.7070233,5.684711,5.550651,-3.876289,7724
190.22,28.54694,5,1.400115,1.336875,0.4114593,-0.5160286,5.61723,5.518237,-3.987197,7712
190.24,22.16272,5,1.400919,1.335962,-0.06182348,-1.82533,5.54975,5.459743,-4.240287,7704
190.26,30.43701,5,1.398167,1.312789,-0.2450293,-3.320717,5.54975,5.431211,-4.404328,7720
190.28,57.07886,5,1.39451,1.299162,-0.1228922,-3.408557,5.684711,5.500289,-4.200018,7708
190.3,24.06744,5,1.394871,1.293357,-0.1992282,-0.8303741,5.54975,5.452831,-4.314596,7708
190.32,30.87793,5,1.389329,1.300246,1.067948,-2.440092,5.54975,5.430971,-4.368323,7700
190.34,44.06934,5,1.457172,1.314816,1.525963,-3.016285,5.61723,5.46904,-4.167959,7716
190.36,40.61975,5,1.39183,1.30733,-0.2602969,-1.844065,5.61723,5.475451,-4.359294,7716
190.38,27.86719,5,1.405826,1.312979,0.07558119,-1.489695,5.54975,5.440506,-4.384449,7716
190.4,43.86218,5,1.436456,1.329331,0.6557342,-2.618113,5.61723,5.468497,-4.245572,7728
190.42,40.54565,5,1.430372,1.334385,-0.5656406,-1.725944,5.61723,5.47844,-4.281084,7728
190.44,38.99115,5,1.447471,1.352591,0.4267263,-1.528487,5.61723,5.484518,-4.223638,7712
190.46,27.05743,5,1.450589,1.358988,0.1519171,-1.588392,5.54975,5.444884,-4.390805,7716
190.48,54.86603,5,1.493725,1.38179,-0.04655629,-2.925431,5.684711,5.511786,-4.138896,7708
190.5,34.38342,5,1.496263,1.390555,-0.03128911,-1.034824,5.61723,5.498971,-4.271923,7720
190.52,25.39227,5,1.475264,1.39352,0.8389403,-1.80772,5.54975,5.447729,-4.515757,7716
190.54,42.33167,5,1.551914,1.407925,2.823674,-3.456684,5.61723,5.473063,-4.354394,7712
190.56,39.41266,5,1.530894,1.400245,-0.1534266,-2.764862,5.61723,5.47835,-4.535111,7720
190.58,49.6264,5,1.544169,1.414177,0.4877952,-2.624151,5.684711,5.522151,-4.409246,7724
190.6,32.26971,5,1.543203,1.423923,-0.1228922,-1.52275,5.61723,5.499134,-4.553391,7696
190.62,35.56696,5,1.550723,1.434824,-0.09235785,-2.571739,5.61723,5.48725,-4.633105,7720
190.64,48.87885,5,1.557191,1.439668,0.02977964,-2.92584,5.684711,5.520693,-4.594119,7732
190.66,44.82684,5,1.538114,1.442477,-0.2144953,-1.750854,5.684711,5.532382,-4.622396,7720
190.68,31.93463,5,1.536914,1.449865,0.3961921,-1.403743,5.61723,5.496862,-4.71312,7708
190.7,37.14972,5,1.54249,1.452417,0.7931387,-2.49073,5.61723,5.480426,-4.763763,7712
190.72,39.34088,5,1.554673,1.447097,0.04504682,-2.719707,5.61723,5.473853,-4.787962,7736
190.74,52.40436,5,1.530056,1.443966,-0.06182348,-2.539313,5.684711,5.508553,-4.720835,7736
190.76,36.49231,5,1.517623,1.443581,-0.7030448,-1.082821,5.61723,5.483526,-4.761901,7732
190.78,40.19476,5,1.523431,1.454696,0.1366499,-1.743221,5.61723,5.473982,-4.708429,7732
190.8,41.58124,5,1.543736,1.462152,0.9458106,-1.869314,5.61723,5.471853,-4.663055,7716
190.82,30.89935,5,1.535789,1.456871,0.2435202,-1.807615,5.54975,5.428801,-4.817049,7724
190.84,58.92224,5,1.582873,1.476446,0.6404669,-2.950886,5.684711,5.496809,-4.492745,7736
190.86,50.73749,5,1.550848,1.484764,0.6557342,-0.7675692,5.684711,5.52194,-4.514365,7712
190.88,36.38715,5,1.542687,1.50471,0.4419934,-0.1481154,5.61723,5.491818,-4.553246,7700
190.9,40.30286,5,1.587998,1.529139,2.396193,-1.335488,5.61723,5.48251,-4.482421,7736
190.92,29.36194,5,1.642865,1.538811,2.274055,-1.931198,5.54975,5.441598,-4.603471,7728
190.94,58.75488,5,1.623622,1.539138,-0.4740371,-3.311857,5.684711,5.498231,-4.584413,7744
190.96,38.62231,5,1.648306,1.540609,0.07558119,-1.366072,5.61723,5.48565,-4.629099,7720
190.98,40.78217,5,1.632645,1.549189,0.2587874,-2.061295,5.61723,5.476595,-4.730258,7708
191,29.15704,5,1.694787,1.556097,4.335124,-2.5362,5.54975,5.437683,-4.818352,7708
191.02,35.03027,5,1.673994,1.539236,-0.9167854,-3.952602,5.54975,5.413701,-5.096585,7712
191.04,48.48871,5,1.707177,1.530296,0.2893218,-4.382987,5.61723,5.44668,-5.024669,7728
191.06,43.76099,5,1.692246,1.523642,-0.2755641,-3.261583,5.61723,5.458797,-5.112663,7704
191.08,41.66309,5,1.697685,1.532555,-0.2450293,-3.019196,5.61723,5.464231,-5.129324,7716
191.1,40.82452,5,1.706858,1.54234,0.6710012,-3.102058,5.61723,5.465608,-5.183997,7724
191.12,52.56732,5,1.69907,1.552473,-0.2602969,-3.189241,5.684711,5.503369,-5.148743,7720
191.14,36.48151,5,1.681152,1.553539,-0.09235785,-2.025329,5.61723,5.476178,-5.29785,7728
191.16,52.39227,5,1.668056,1.563629,-0.2144953,-2.808373,5.684711,5.502396,-5.212361,7732
191.18,37.18591,5,1.687481,1.569242,0.7015356,-1.806824,5.61723,5.475991,-5.242788,7724
191.2,41.95972,5,1.658214,1.568287,-0.1381594,-2.578064,5.61723,5.459771,-5.335427,7716
191.22,55.35162,5,1.68624,1.577547,1.159551,-2.670619,5.684711,5.497219,-5.119737,7736
191.24,27.28265,5,1.69222,1.578358,-0.2450293,-1.448559,5.54975,5.433871,-5.30274,7732
191.26,47.59851,5,1.703975,1.587256,0.1824515,-3.486206,5.61723,5.44652,-5.241299,7728
191.28,45.80945,5,1.716078,1.583552,1.067948,-2.818888,5.61723,5.452524,-5.250645,7732
191.3,57.26398,5,1.686445,1.589224,-0.8557167,-2.432775,5.684711,5.492229,-5.165198,7728
191.32,51.36511,5,1.716902,1.615695,-0.2144953,-1.122916,5.684711,5.51478,-4.977838,7720
191.34,26.10693,5,1.711729,1.629398,0.06031401,-0.8836319,5.54975,5.441221,-5.231658,7716
191.36,48.60992,5,1.707163,1.630712,-0.03128911,-3.228691,5.61723,5.445486,-5.252061,7744
191.38,48.66113,5,1.689076,1.611752,-0.3060985,-2.440032,5.61723,5.444966,-5.294409,7736
191.4,36.04285,5,1.726533,1.614141,0.1213828,-2.064976,5.54975,5.411885,-5.249489,7720
191.42,52.34088,5,1.728235,1.62058,-0.04655629,-3.06918,5.61723,5.437205,-5.187213,7728
191.44,48.85992,5,1.735302,1.625075,-0.06182348,-2.109363,5.61723,5.44884,-5.159108,7712
191.46,47.13202,5,1.748558,1.642585,0.3351234,-1.871197,5.61723,5.455421,-5.108279,7716
191.48,35.46356,5,1.737426,1.645025,0.2893218,-1.873564,5.54975,5.414305,-5.300115,7708
191.5,40.92194,5,1.756441,1.644022,0.3503905,-3.114121,5.54975,5.39699,-5.342901,7708
191.52,54.79327,5,1.759959,1.639625,0.304589,-3.36687,5.61723,5.42935,-5.281493,7712
191.54,49.62335,5,1.782546,1.649861,0.1061156,-2.210603,5.61723,5.447253,-5.190602,7712
191.56,46.62012,5,1.813194,1.676796,0.3656577,-2.073344,5.61723,5.457862,-5.137525,7716
191.58,34.39447,5,1.804263,1.682831,0.3351234,-2.279754,5.54975,5.416775,-5.397423,7712
191.6,51.80048,5,1.804849,1.683214,0.4419934,-3.624768,5.61723,5.436159,-5.407154,7704
191.62,49.45837,5,1.789776,1.6737,0.3351234,-2.703878,5.61723,5.442135,-5.461597,7728
191.64,48.39777,5,1.794246,1.680359,0.2740546,-2.347287,5.61723,5.446404,-5.408699,7696
191.66,48.10193,5,1.794342,1.689257,0.1519171,-2.217334,5.61723,5.447813,-5.405733,7712
191.68,36.96741,5,1.784641,1.686494,-0.01602192,-2.151124,5.54975,5.405729,-5.565216,7728
191.7,54.93567,5,1.768421,1.682007,-0.1686933,-3.147499,5.61723,5.42514,-5.515691,7728
191.72,52.75055,5,1.752811,1.675365,0.02977964,-1.935715,5.61723,5.433419,-5.46329,7716
191.74,51.7041,5,1.756735,1.688589,0.2435202,-1.366944,5.61723,5.440165,-5.32307,7712
191.76,50.85504,5,1.780608,1.711791,0.2282531,-1.173681,5.61723,5.446613,-5.197303,7708
191.78,38.82916,5,1.796578,1.725823,0.4877952,-1.206887,5.54975,5.409446,-5.287288,7700
191.8,56.25317,5,1.79047,1.732542,0.2740546,-2.392385,5.61723,5.430542,-5.250674,7716
191.82,53.46228,5,1.798074,1.736092,0.1824515,-1.439028,5.61723,5.440823,-5.19425,7728
191.84,40.41132,5,1.812132,1.746033,0.5183294,-1.162475,5.54975,5.407007,-5.247088,7712
191.86,56.85107,5,1.821284,1.757727,0.3961921,-2.29969,5.61723,5.432019,-5.170932,7720
191.88,41.85339,5,1.833861,1.757417,0.6099325,-1.456747,5.54975,5.40308,-5.277675,7720
191.9,46.13629,5,1.826702,1.756308,0.5946653,-2.388394,5.54975,5.388284,-5.358574,7712
191.92,59.94763,5,1.821004,1.752862,-0.1228922,-2.524279,5.61723,5.42093,-5.28408,7724
191.94,55.13501,5,1.833006,1.762698,0.3351234,-1.259941,5.61723,5.438194,-5.177455,7716
191.96,42.12006,5,1.811313,1.76934,0.2282531,-0.8613436,5.54975,5.402207,-5.31685,7700
191.98,58.82916,5,1.823241,1.781826,0.2587874,-1.922805,5.61723,5.427416,-5.18754,7704
192,55.8761,5,1.820562,1.787351,-0.03128911,-0.9245786,5.61723,5.437953,-5.152617,7708
192.02,100.9398,-5,1.81794,1.802567,0.3656577,-0.5522819,5.61723,5.4428,-5.086052,7712
192.04,91.26031,-5,1.884467,1.878035,4.228254,4.044982,5.54975,5.413146,-4.905681,7704
192.06,110.4389,-5,1.98366,2.034636,8.167186,5.849346,5.61723,5.448059,-4.452723,7720
192.08,115.0611,-5,2.382185,2.306898,18.86948,7.711963,5.684711,5.542091,-3.442514,7724
192.1,93.65576,-5,2.635122,2.581703,15.78551,8.580879,5.61723,5.544598,-3.562731,7696
192.12,92.67133,-5,3.025138,2.869708,17.43437,5.724932,5.61723,5.556232,-3.634428,7684
192.14,94.58829,-5,3.218001,3.072216,11.4191,3.132515,5.61723,5.538728,-4.559455,7680
192.16,158.8983,-5,3.300746,3.23598,2.976346,1.50066,5.95463,5.70355,-4.939157,7688
192.18,141.46,-5,3.307717,3.374853,1.312223,6.928897,5.95463,5.748886,-5.506562,7652
192.2,-45.36108,-5,3.373252,3.427749,2.51833,8.171181,4.87495,5.105039,-7.930116,7688
192.22,49.29467,-5,3.795488,3.481012,23.28169,-11.21208,4.94243,4.883862,-8.586823,7752
192.24,148.1565,-5,3.910416,3.404477,1.678635,-14.65187,5.34731,5.01249,-9.322278,7728
192.26,194.6042,-5,3.589702,3.338695,-26.00076,-5.717891,5.684711,5.223143,-9.845436,7708
192.28,162.5574,-5,3.295066,3.378467,-11.83282,5.870806,5.61723,5.246817,-9.92941,7688
192.3,-15.0639,-5,3.582454,3.520261,17.69391,8.993665,4.60503,4.691891,-10.54521,7708
192.32,55.06868,-5,4.169981,3.703188,32.65575,-8.790533,4.60503,4.49649,-10.45822,7768
192.34,134.0539,-5,4.619094,3.796873,18.04505,-14.79903,4.94243,4.629959,-10.62631,7756
192.36,200.2335,-5,4.071517,3.729993,-25.16107,-8.770769,5.34731,4.83069,-12.20715,7736
192.38,15.18759,-5,3.476195,3.549967,-20.36718,3.56035,4.335111,4.239959,-14.8461,7708
192.4,141.1078,-5,3.657538,3.579355,8.25879,-7.418397,4.60503,4.185082,-13.47546,7792
192.42,144.6207,-5,4.043782,3.666855,16.90001,-3.19289,4.60503,4.219428,-12.29057,7760
192.44,37.32773,-5,3.747367,3.63679,-16.22977,0.7541584,3.93023,3.786869,-14.16478,7744
192.46,93.94315,-5,4.058162,3.700687,17.52597,-8.455644,3.93023,3.635924,-13.59172,7800
192.48,184.2042,-5,4.250531,3.77184,-0.9015187,-9.26354,4.335111,3.829376,-12.79729,7804
192.5,-5.55127,-5,4.001867,3.696032,-13.34427,-0.1825477,3.32291,3.269649,-15.1664,7792
192.52,121.7381,-5,3.973388,3.677456,-2.321366,-13.08541,3.592831,3.180017,-15.07687,7840
192.54,191.6653,-5,4.118122,3.678928,10.82368,-9.059494,3.93023,3.367728,-13.96612,7816
192.56,73.71869,-5,3.775071,3.635359,-22.71832,1.633288,3.32291,3.05308,-15.13622,7796
192.58,129.3673,-5,3.487439,3.61244,4.762606,-2.170352,3.32291,2.890087,-15.13198,7852
192.6,205.4671,-5,3.898532,3.765474,19.6023,-0.2502389,3.660311,3.095406,-12.52349,7860
192.62,66.33575,-5,3.577953,3.786885,-7.435873,9.57157,2.918031,2.704781,-13.79975,7816
192.64,123.7733,-5,3.735423,3.902322,7.754973,1.558521,2.918031,2.560919,-12.85758,7880
192.66,198.0385,-5,4.19435,4.094162,26.09085,0.714797,3.25543,2.760077,-10.91103,7860
192.68,63.25793,-5,4.16732,4.183669,-7.390069,7.543144,2.58063,2.429141,-12.08181,7836
192.7,175.7786,-5,4.060787,4.26171,1.067948,-1.008255,2.918031,2.458979,-11.98065,7868
192.72,5.307556,-5,4.468465,4.293387,16.18246,3.027666,1.97331,1.954974,-12.68287,7868
192.74,134.5856,-5,4.082111,4.181984,-13.45114,-10.05664,2.243231,1.828823,-14.06117,7904
192.76,201.8998,-5,4.42572,4.177075,13.25116,-6.635366,2.58063,2.031891,-12.38164,7908
192.78,68.4071,-5,4.099025,4.110949,-22.45878,3.298536,1.90583,1.68331,-13.92613,7880
192.8,200.491,-5,3.64109,4.047867,-14.85572,-1.861823,2.31071,1.722632,-13.82403,7928
192.82,72.94775,-5,4.07019,4.09583,26.67101,6.42362,1.63591,1.418348,-12.78273,7928
192.84,177.7043,-5,3.644499,4.078655,-14.56565,0.622117,1.90583,1.395453,-13.08581,7944
192.86,19.30542,-5,3.836744,4.02874,23.12902,6.429989,0.9611101,0.8614477,-13.42399,7948
192.88,200.199,-5,3.873672,4.062499,-5.267932,-5.56016,1.568431,1.005013,-12.18283,8008
192.9,80.75269,-5,3.868743,3.994158,11.5565,4.626131,0.9611101,0.7140027,-12.69204,7928
192.92,185.6055,-5,3.704447,4.014732,-13.2374,0.0228979,1.298511,0.780892,-11.95809,7988
192.94,70.56299,-5,3.50899,3.925951,4.319858,8.035418,0.6237106,0.3950404,-12.75754,7956
192.96,6.640625,-5,3.716993,3.895166,0.304589,0.8159081,-0.05108929,-0.1340955,-12.9924,8004
192.98,142.7585,-5,3.644824,3.766671,2.014513,-9.969513,0.2863102,-0.1716129,-12.95745,8044
193,14.51978,-5,3.887786,3.630518,-1.328999,-4.413548,-0.4559698,-0.5821307,-13.34941,8020
193.02,210.243,-5,3.382798,3.486104,-29.66489,-11.6732,0.2863102,-0.3718427,-13.26274,8084
193.04,65.7677,-5,2.917671,3.23919,-10.36717,4.627969,-0.4559698,-0.7503174,-14.18571,8008
193.06,14.19104,-5,2.936906,3.159706,-4.703047,0.567058,-1.06329,-1.233019,-13.77516,8064
193.08,-29.29028,-5,2.414887,2.807648,-30.41298,-5.754038,-1.805569,-1.936397,-15.9235,8096
193.1,209.5286,-5,1.77948,2.407607,-31.25267,-11.80914,-1.06329,-1.830677,-14.72751,8124
193.12,97.66199,-5,1.434302,2.111525,-20.13817,9.308368,-1.670609,-2.100002,-13.17985,8104
193.14,235.1888,-5,1.224989,2.172859,-8.657246,12.94439,-1.13077,-1.83581,-9.287925,8140
193.16,266.3854,-5,1.716572,2.576507,30.3504,27.80428,-0.7258892,-1.352712,-4.012766,8116
193.18,44.60803,-5,2.11235,3.077033,19.35803,39.14692,-1.670609,-1.641776,-2.624009,8072
193.2,111.4623,-5,3.598777,3.843437,69.15958,19.39495,-1.40069,-1.451997,0.9392601,8128
193.22,143.6406,-5,4.691633,4.444033,46.59468,9.585968,-0.9958096,-1.080519,1.442738,8096
193.24,-44.88379,-5,4.947833,4.663594,0.6710012,5.160052,-1.805569,-1.477847,-2.883894,8092
193.26,88.82556,-5,4.550998,4.522777,-25.31374,-15.32557,-1.40069,-1.552177,-6.863572,8136
193.28,-183.376,-5,4.436138,4.017696,-4.031291,-15.60054,-3.02021,-2.60583,-12.34535,8112
193.3,72.63928,-5,4.05059,3.464757,-18.76412,-41.73209,-2.345409,-2.720215,-14.53758,8204
193.32,194.6696,-5,3.308554,2.808487,-42.88627,-30.43408,-1.738089,-2.46752,-15.45807,8164
193.34,-92.94128,-5,2.17609,2.151661,-61.6191,-7.435887,-3.290129,-3.352844,-18.73848,8144
193.36,150.679,-5,1.14996,1.659735,-48.01603,-17.5381,-2.68281,-3.424464,-17.83676,8216
193.38,-30.62769,-5,2.202134,1.601986,49.67865,-3.465225,-3.627529,-3.781166,-13.71208,8216
193.4,63.12646,-5,2.385989,1.722199,11.09849,-12.96216,-3.357609,-3.720517,-12.18098,8264
193.42,-23.02722,-5,1.988153,1.570356,-21.83282,-8.586123,-3.897449,-4.069968,-13.85329,8228
193.44,142.3763,-5,1.474684,1.415918,-35.32901,-12.38947,-3.290129,-3.899835,-12.95802,8276
193.46,18.32703,-5,0.9269155,1.176428,-29.93969,3.446689,-3.96493,-4.247589,-13.07318,8240
193.48,112.9014,-5,1.456617,1.363917,20.74734,-0.2310386,-3.627529,-4.066267,-8.812428,8280
193.5,139.8149,-5,2.028385,1.710655,25.03742,5.125589,-3.290129,-3.693065,-5.677965,8272
193.52,-74.67358,-5,2.454336,2.030639,19.48017,9.603553,-4.23485,-4.058995,-6.198051,8232
193.54,28.64258,-5,2.517153,2.185164,5.663369,-9.176897,-3.96493,-4.099741,-7.151602,8296
193.56,14.13477,-5,2.960081,2.211253,31.3275,-12.66153,-4.03241,-4.133615,-7.488826,8312
193.58,-141.5669,-5,3.265599,2.140212,12.31986,-17.81652,-4.909649,-4.662336,-9.957142,8296
193.6,-23.82788,-5,3.102584,1.885339,-13.75649,-36.31297,-4.639729,-4.791934,-12.41992,8320
193.62,-111.5771,-5,2.293166,1.244256,-44.29084,-34.18526,-5.314529,-5.365377,-16.89262,8304
193.64,-106.6321,-5,0.9507078,0.3762528,-63.97024,-37.31306,-5.85437,-6.067246,-20.73817,8356
193.66,50.78638,-5,-0.2463152,-0.4850699,-66.48933,-34.69965,-5.58445,-6.26295,-20.6364,8396
193.68,142.6949,-5,-1.468232,-1.146955,-65.02367,-12.79683,-5.314529,-6.191042,-17.96969,8356
193.7,216.413,-5,-2.602149,-1.421424,-23.72595,14.99335,-4.977129,-5.92984,-12.96953,8340
193.72,114.8251,-5,-1.869502,-0.9400604,43.46491,38.30263,-5.314529,-5.763246,-4.38713,8332
193.74,103.2875,-5,-0.8694381,-0.06824019,48.86949,40.21068,-5.247049,-5.467103,2.059812,8328
193.76,-4.680176,-5,0.63286,0.8917141,70.57942,35.20024,-5.58445,-5.379388,5.89229,8340
193.78,139.4008,-5,1.79551,1.775305,58.0756,17.46223,-4.639729,-4.721697,8.334724,8388
193.8,26.20508,-5,2.850135,2.453458,46.80843,16.68713,-4.707209,-4.451279,7.929483,8320
193.82,-185.5503,-5,3.203334,2.733053,16.96108,3.120923,-5.71941,-5.02186,2.74257,8300
193.84,-35.37366,-5,3.050381,2.544088,-8.214498,-26.59106,-5.314529,-5.166013,-1.9902,8360
193.86,-194.28,-5,2.732501,1.894558,-19.87863,-30.42235,-6.326729,-5.928137,-7.948891,8348
193.88,193.1986,-5,2.126939,1.330358,-31.37481,-46.39384,-4.639729,-5.323731,-8.397435,8396
193.9,-50.14111,-5,1.293721,0.6858218,-44.00077,-15.43601,-5.58445,-5.6798,-11.11725,8280
193.92,67.90234,-5,0.2784919,0.2916135,-54.76413,-16.03461,-5.247049,-5.695235,-11.21306,8376
193.94,-92.61926,-5,-0.7983437,-0.2830408,-51.71069,-1.236852,-6.326729,-6.413659,-13.0552,8348
193.96,15.35083,-5,-0.3995383,-0.4006996,27.03742,-8.91056,-6.191769,-6.496051,-8.854774,8392
193.98,-14.42065,-5,0.4112701,-0.2761187,42.2588,-5.828334,-6.326729,-6.452659,-5.533917,8392
194,-16.5415,-5,0.8631811,-0.04448062,17.81604,-8.298504,-6.259249,-6.331964,-4.249799,8412
194.02,-23.71228,-5,0.640761,-0.002425224,-17.26794,-9.394352,-6.259249,-6.334888,-5.416836,8412
194.04,46.26624,-5,0.1935662,-0.08172916,-26.1229,-9.201233,-5.92185,-6.198872,-5.78278,8420
194.06,50.422,-5,-0.2773603,-0.1943521,-25.45115,-0.3802148,-5.85437,-6.134909,-5.42784,8424
194.08,49.89282,-5,-0.5631951,-0.2073224,-2.458771,6.856173,-5.85437,-6.101399,-4.037416,8408
194.1,21.71594,-5,0.09363563,0.07118259,35.73972,9.366633,-5.92185,-6.005452,-0.7955956,8380
194.12,1.869995,-5,0.683563,0.4253768,28.54887,6.204071,-5.92185,-5.897689,0.6686659,8380
194.14,-19.87524,-5,1.239029,0.7361285,27.84658,0.2325869,-5.92185,-5.820952,0.8464841,8384
194.16,-32.93713,-5,1.482706,0.8863771,10.24352,-6.75096,-5.92185,-5.811624,-0.4675679,8412
194.18,-32.07422,-5,1.357453,0.8249874,-7.206865,-12.28928,-5.92185,-5.870997,-2.627523,8396
194.2,34.0177,-5,1.146267,0.6803533,-12.55038,-15.05333,-5.58445,-5.742237,-3.629606,8400
194.22,14.31897,-5,0.9758697,0.544419,-10.32137,-9.665579,-5.58445,-5.703537,-4.176719,8392
194.24,-151.496,-5,0.7371556,0.3371474,-13.89389,-7.667344,-6.529169,-6.276019,-6.500919,8372
194.26,-83.25146,-5,0.5181196,0.04568576,-8.993125,-22.37036,-6.596649,-6.591815,-7.8718,8436
194.28,-52.6731,-5,0.742354,-0.2272949,9.602302,-25.95495,-6.596649,-6.680319,-7.640328,8420
194.3,-51.23157,-5,0.8249314,-0.409551,1.083215,-25.55048,-6.596649,-6.687142,-7.663336,8300
194.32,-50.04321,-5,0.535106,-0.606099,-14.41297,-24.1944,-6.596649,-6.717639,-8.598959,8428
194.34,-27.64038,-5,0.03261794,-0.8445611,-27.66489,-21.47562,-6.529169,-6.738509,-9.35862,8420
194.36,-26.58337,-5,-0.5441061,-1.103705,-32.1229,-15.49485,-6.596649,-6.826678,-9.623123,8424
194.38,-2.197144,-5,-1.138293,-1.335219,-32.04657,-9.407434,-6.596649,-6.888949,-9.000951,8408
194.4,20.5896,-5,-1.697136,-1.513805,-21.20687,-0.9911234,-6.596649,-6.922182,-7.537764,8408
194.42,-39.89038,-5,-1.283344,-1.39554,17.28169,5.392284,-6.93405,-7.014021,-4.133973,8404
194.44,142.4711,-5,-0.8234539,-1.017721,22.04505,2.37053,-5.92185,-6.359572,0.3369739,8440
194.46,-8.803467,-5,-0.2796184,-0.5753985,28.27406,16.83754,-6.259249,-6.206139,2.244904,8376
194.48,132.9097,-5,0.1182521,0.008418575,19.14429,10.13471,-5.314529,-5.556365,4.7694,8400
194.5,48.55713,-5,0.8513587,0.5881488,41.3275,17.55935,-5.247049,-5.188828,6.162878,8344
194.52,-236.2251,-5,1.375871,0.9627918,23.75498,11.6456,-6.596649,-5.847254,2.982468,8344
194.54,18.15381,-5,1.947128,1.167264,29.92292,-22.57669,-5.58445,-5.554808,2.063694,8408
194.56,8.567505,-5,2.394727,1.137948,17.37329,-20.97125,-5.314529,-5.278928,0.4120705,8364
194.58,-199.3291,-5,2.295104,0.9629881,-5.664879,-21.00206,-6.259249,-5.78859,-4.236843,8348
194.6,-59.13184,-5,1.811983,0.5902959,-25.83282,-40.29581,-5.85437,-5.881425,-7.846485,8404
194.62,-67.84534,-5,1.148552,-0.02203125,-36.61145,-36.74857,-5.989328,-6.092004,-11.06317,8392
194.64,33.6554,-5,0.3393448,-0.5460708,-43.31374,-32.45025,-5.58445,-5.999057,-11.75092,8408
194.66,-84.93542,-5,-0.5188076,-1.052657,-44.59619,-16.73353,-6.259249,-6.402624,-12.96401,8380
194.68,-15.26453,-5,-1.34466,-1.45062,-44.88627,-15.50643,-6.259249,-6.605356,-12.38321,8408
194.7,25.37769,-5,-1.921437,-1.764245,-16.64198,-5.649013,-6.259249,-6.676004,-10.32032,8396
194.72,-19.62659,-5,-1.520277,-1.687306,29.66338,3.565603,-6.529169,-6.718951,-6.025874,8404
194.74,144.6842,-5,-1.049925,-1.285129,19.67864,3.924908,-5.58445,-6.064682,-0.928417,8432
194.76,-1.63208,-5,-0.6181293,-0.8201524,24.18246,19.19705,-5.92185,-5.918157,1.211972,8356
194.78,-21.74475,-5,-0.08875718,-0.2761798,21.5565,12.7469,-5.92185,-5.815316,2.64091,8380
194.8,-91.03711,-5,0.311879,0.02969114,28.67101,5.002645,-6.259249,-5.980514,1.699339,8416
194.82,-81.34985,-5,1.042165,0.257143,36.90002,-9.579858,-6.259249,-6.015291,1.385259,8384
194.84,-86.71167,-5,1.432495,0.2943294,15.29696,-19.59002,-6.259249,-6.04299,-0.4873633,8412
194.86,-40.20117,-5,1.315287,0.1510992,-13.72595,-26.30797,-5.989328,-5.960393,-2.889492,8412
194.88,48.41455,-5,0.1655862,-0.2779956,-64.80993,-22.04038,-5.51697,-5.80979,-5.940686,8412
194.9,-126.8765,-5,-1.019784,-0.8694326,-66.88628,-6.670095,-6.529169,-6.458477,-9.079595,8392
194.92,-13.52222,-5,-2.293049,-1.487331,-55.8481,-9.870388,-6.529169,-6.825533,-9.653757,8428
194.94,197.8125,-5,-2.451118,-1.734089,37.72445,0.419255,-5.58445,-6.316395,-4.029294,8452
194.96,108.7083,-5,-1.601391,-1.331503,35.95346,25.71521,-5.58445,-5.868695,2.845161,8364
194.98,-179.1774,-5,-1.212653,-0.8348866,7.541233,31.64498,-6.93405,-6.41533,3.243258,8392
195,-73.16711,-5,-1.327377,-0.6649783,-8.000758,6.988309,-6.86657,-6.677839,2.147693,8440
195.02,132.88,-5,-1.383086,-0.7142158,-2.687778,2.010122,-5.92185,-6.246823,3.66017,8424
195.04,63.59326,-5,-1.441552,-0.6813313,-7.17633,19.70315,-5.989328,-6.070658,5.266719,8372
195.06,45.33179,-5,-1.539157,-0.4878941,-1.939687,24.73359,-5.989328,-5.979981,6.707992,8384
195.08,24.44556,-5,-0.8936999,-0.1242035,45.40384,24.0577,-5.989328,-5.852812,9.114199,8372
195.1,-59.91711,-5,0.2724772,0.3664827,49.32751,17.46229,-6.259249,-5.841451,10.55674,8396
195.12,-76.76062,-5,1.144269,0.7426053,36.53361,1.612353,-6.259249,-5.808664,9.455639,8416
195.14,-91.70728,-5,1.556677,0.8309796,15.52597,-12.01251,-6.259249,-5.841852,6.287191,8396
195.16,-47.69006,-5,1.499409,0.669875,-11.69542,-22.31212,-5.989328,-5.782356,2.793162,8400
195.18,29.33093,-5,0.3426998,0.1591301,-67.64964,-20.69013,-5.58445,-5.703337,-1.513254,8376
195.2,-134.6801,-5,-1.081996,-0.6025007,-68.99314,-7.4529,-6.596649,-6.426281,-6.112616,8360
195.22,34.0918,-5,-2.078237,-1.237109,-39.66489,-11.75982,-6.259249,-6.583066,-5.773277,8412
195.24,-30.49194,-5,-0.8334593,-1.236867,48.71682,-1.857456,-6.529169,-6.541034,-0.1946027,8396
195.26,-75.1189,-5,-0.1906204,-0.98746,25.31223,-4.077497,-6.664129,-6.497853,1.313544,8440
195.28,-54.15308,-5,-0.2181003,-0.8968185,1.953444,-9.920549,-6.529169,-6.439508,0.1627182,8452
195.3,-57.63867,-5,-0.4267955,-0.9721686,-9.558009,-10.97583,-6.529169,-6.467176,-1.206823,8428
195.32,-53.12024,-5,-0.5912657,-1.087455,-10.42824,-11.48771,-6.529169,-6.502774,-1.839039,8420
195.34,-56.18665,-5,-0.8763492,-1.25272,-13.1458,-10.44303,-6.596649,-6.586352,-2.513674,8420
195.36,-33.25806,-5,-1.012192,-1.372644,-2.550374,-9.58351,-6.529169,-6.578945,-2.163791,8416
195.38,111.3021,-5,-0.912344,-1.286849,4.533598,-6.715437,-5.65193,-6.011802,0.549893,8408
195.4,34.79932,-5,-0.9085066,-1.088187,-1.558007,9.746984,-5.65193,-5.745491,1.928493,8376
195.42,3.124268,-5,-0.8756002,-0.783039,3.907644,12.78565,-5.65193,-5.626736,2.878554,8376
195.44,-61.11609,-5,-0.4664783,-0.4893852,36.94582,10.13084,-5.92185,-5.705614,3.355819,8392
195.46,-64.88892,-5,0.379309,-0.158988,43.93819,-0.9625882,-5.92185,-5.669974,4.118563,8384
195.48,-71.48975,-5,1.036631,0.06552267,31.66338,-10.89473,-5.85437,-5.592742,3.275667,8400
195.5,-104.3479,-5,1.376799,0.1252417,12.56413,-19.35615,-5.92185,-5.626359,0.8983562,8408
195.52,-35.93201,-5,0.8680955,-0.1052037,-36.59619,-26.48126,-5.58445,-5.566026,-2.585793,8412
195.54,-186.9084,-5,-0.3345187,-0.7561797,-61.14581,-20.61584,-6.529169,-6.274072,-8.198518,8368
195.56,-17.70398,-5,-1.456079,-1.458321,-59.81757,-28.07053,-6.191769,-6.476303,-9.574121,8416
195.58,-0.7962646,-5,-2.430044,-2.143078,-35.58855,-12.64308,-6.326729,-6.667568,-9.104112,8408
195.6,33.94794,-5,-2.170805,-2.233711,12.30459,-1.546807,-6.191769,-6.506858,-3.981776,8404
195.62,-57.53943,-5,-2.019454,-2.099679,6.457263,8.664365,-6.596649,-6.590493,-1.536028,8420
195.64,-45.12671,-5,-1.725076,-1.846534,21.89238,5.222187,-6.596649,-6.567773,0.5448146,8440
195.66,120.1113,-5,-1.173104,-1.447213,31.69391,2.750281,-5.58445,-5.882301,4.297894,8452
195.68,-26.69421,-5,-0.578032,-0.9811869,25.96872,15.68314,-5.85437,-5.684765,5.73376,8376
195.7,-65.62952,-5,-0.19202,-0.5290275,15.20536,8.062513,-5.92185,-5.642399,5.468272,8404
195.72,-60.05322,-5,0.1247188,-0.2948992,16.79314,-1.949631,-5.85437,-5.613583,4.259012,8384
195.74,-72.41504,-5,0.5070333,-0.1914191,20.33513,-9.319473,-5.85437,-5.608038,3.042703,8396
195.76,-90.66797,-5,0.6125144,-0.2351478,2.365658,-15.86431,-5.92185,-5.681682,0.8954865,8384
195.78,-72.12872,-5,0.4659883,-0.4174068,-14.44351,-21.56175,-5.85437,-5.728706,-1.36335,8380
195.8,-10.12817,-5,-0.2684413,-0.7818721,-38.39771,-20.91359,-5.58445,-5.694095,-3.686206,8372
195.82,-163.436,-5,-1.196416,-1.325468,-48.47405,-11.46602,-6.529169,-6.333958,-6.916457,8364
195.84,-72.55151,-5,-2.128841,-1.900178,-40.53512,-17.55534,-6.596649,-6.713871,-7.866287,8412
195.86,-37.53546,-5,-1.746678,-2.15104,19.4191,-13.66058,-6.596649,-6.738886,-4.486957,8400
195.88,118.8814,-5,-1.510622,-2.043383,8.441997,-7.990611,-5.65193,-6.089828,-0.3058479,8420
195.9,46.6015,-5,-1.59178,-1.795171,-5.023657,11.84306,-5.58445,-5.745538,1.668035,8368
195.92,-211.173,-5,-1.617916,-1.571325,6.747339,17.27072,-6.86657,-6.36383,0.5871453,8364
195.94,28.90753,-5,-0.9714707,-1.245842,47.92292,-6.951859,-5.92185,-6.008575,3.203126,8432
195.96,-96.48163,-5,0.008980893,-0.9738865,41.86185,-2.150241,-6.259249,-5.959866,4.005838,8384
195.98,-111.288,-5,0.3861161,-0.7447327,14.73207,-12.96056,-6.259249,-5.947242,2.629552,8424
196,-110.1497,-5,0.2271319,-0.8264717,-14.96259,-21.10023,-6.259249,-6.030893,-0.5095575,8412
196.02,129.7568,-5,-0.4127265,-1.031491,-34.9168,-23.76201,-4.977129,-5.40978,-1.096614,8408
196.04,-96.10754,-5,-1.120333,-1.326642,-37.42061,0.7230426,-5.85437,-5.728025,-3.106421,8332
196.06,-36.7312,-5,-1.899846,-1.546764,-38.29084,-3.2672,-5.85437,-5.92787,-3.525613,8380
196.08,160.6671,-5,-2.665863,-1.783941,-1.390068,3.069624,-4.977129,-5.532154,-1.369508,8376
196.1,-116.2019,-5,-2.027228,-1.642797,25.60231,24.60968,-6.191769,-5.914239,1.902596,8344
196.12,86.0481,-5,-1.627464,-1.231375,18.3046,9.909863,-5.314529,-5.484994,5.459362,8408
196.14,-28.86127,-5,-0.7913283,-0.8233757,40.45728,17.72672,-5.58445,-5.367261,7.316363,8336
196.16,-36.6084,-5,-0.3258489,-0.4145461,18.94582,9.736062,-5.51697,-5.261203,7.467315,8380
196.18,-69.50586,-5,-0.2553189,-0.2813683,1.205353,3.383632,-5.65193,-5.351048,5.492208,8368
196.2,-64.41394,-5,0.03600093,-0.2399385,13.03742,-5.138674,-5.65193,-5.396347,4.443398,8368
196.22,-54.5708,-5,0.2153199,-0.2846968,6.075583,-10.87079,-5.58445,-5.388137,3.149068,8380
196.24,-57.24341,-5,0.03229716,-0.4511733,-12.01603,-13.09086,-5.58445,-5.435462,1.121251,8356
196.26,-50.35748,-5,-0.2926605,-0.6896651,-18.71832,-13.76994,-5.58445,-5.506901,-0.5755146,8368
196.28,5.268372,-5,-0.5841448,-0.8983243,-14.99313,-12.46674,-5.314529,-5.402781,-0.9215068,8368
196.3,-11.48541,-5,-0.7200147,-1.010171,-7.55801,-5.553423,-5.314529,-5.350713,-0.6425477,8340
196.32,-20.52698,-5,-0.7436951,-1.003805,-0.6419765,-2.610856,-5.314529,-5.312466,-0.1004841,8356
196.34,-28.88123,-5,-0.5984598,-0.9251392,7.709171,-2.072523,-5.314529,-5.271778,0.4984478,8376
196.36,-36.20612,-5,-0.4642254,-0.8388288,6.441996,-3.01535,-5.314529,-5.243917,0.6531607,8396
196.38,-30.9577,-5,-0.3158073,-0.7573428,7.87711,-4.85919,-5.247049,-5.185447,0.7079229,8348
196.4,-43.39264,-5,-0.1221462,-0.679609,7.190088,-6.214074,-5.247049,-5.151058,0.577075,8356
196.42,-48.27075,-5,-0.1257344,-0.6667982,-0.9931214,-8.368338,-5.247049,-5.157128,-0.2461222,8344
196.44,-61.0918,-5,-0.1056729,-0.700698,-0.4129688,-10.39347,-5.314529,-5.212947,-1.040127,8360
196.46,-42.99213,-5,-0.1637264,-0.7731251,-2.870985,-12.82063,-5.247049,-5.214571,-1.712407,8356
196.48,-44.77625,-5,-0.2158629,-0.857952,-3.313734,-12.4377,-5.247049,-5.224176,-2.194647,8348
196.5,-55.26489,-5,-0.333844,-0.9514219,-5.176329,-12.00716,-5.314529,-5.282033,-2.780482,8348
196.52,-49.23199,-5,-0.3676342,-1.022889,-1.130526,-12.67777,-5.314529,-5.306673,-2.933945,8340
196.54,-36.82483,-5,-0.3539884,-1.062382,0.02977964,-12.54126,-5.247049,-5.27,-2.806437,8340
196.56,-65.67554,-5,-0.3894385,-1.10387,-3.054191,-11.13845,-5.38201,-5.336345,-3.14318,8364
196.58,-33.89197,-5,-0.420575,-1.125583,-2.122893,-12.97421,-5.247049,-5.287142,-3.054682,8348
196.6,-42.17444,-5,-0.3968615,-1.135782,0.1213828,-11.06321,-5.247049,-5.259681,-2.933381,8352
196.62,-56.7428,-5,-0.4504983,-1.146016,-2.306099,-10.48704,-5.314529,-5.293838,-3.147013,8348
196.64,-40.68811,-5,-0.4515878,-1.147745,0.2893218,-11.54924,-5.247049,-5.268134,-3.034554,8348
196.66,-55.87683,-5,-0.4551907,-1.161039,-0.9320526,-10.64429,-5.314529,-5.296764,-3.128506,8332
196.68,-51.38257,-5,-0.4906766,-1.178116,-1.054191,-11.46134,-5.314529,-5.31291,-3.212295,8344
196.7,-38.82391,-5,-0.4573256,-1.179638,0.4419934,-11.6354,-5.247049,-5.273026,-2.969174,8344
196.72,-55.23279,-5,-0.4930907,-1.192337,-2.168694,-10.38958,-5.314529,-5.299133,-3.113004,8348
196.74,-39.56781,-5,-0.5226012,-1.195398,-1.222129,-11.09913,-5.247049,-5.272342,-3.003897,8348
196.76,-66.74213,-5,-0.5087215,-1.207466,0.3656577,-10.08363,-5.38201,-5.337511,-3.118664,8332
196.78,-57.59375,-5,-0.5222209,-1.224583,-0.962587,-12.11024,-5.38201,-5.367389,-3.205765,8360
196.8,-42.93048,-5,-0.5003296,-1.242657,0.4114593,-12.57383,-5.314529,-5.335857,-3.057933,8356
196.82,-46.53107,-5,-0.5581018,-1.266443,-3.344267,-11.20808,-5.314529,-5.326619,-3.110503,8348
196.84,-34.66193,-5,-0.6409016,-1.280008,-5.023657,-10.36594,-5.247049,-5.288277,-2.985544,8376
196.86,-38.70856,-5,-0.686614,-1.279549,-0.9167854,-8.454907,-5.247049,-5.270869,-2.754407,8352
196.88,-41.52924,-5,-0.642763,-1.241969,1.037414,-7.745852,-5.247049,-5.251753,-2.329786,8360
196.9,-55.05029,-5,-0.6161072,-1.210129,0.7168028,-7.672711,-5.314529,-5.280018,-2.259995,8364
196.92,-50.36395,-5,-0.6046419,-1.19511,0.4267263,-9.023209,-5.314529,-5.293046,-2.245477,8348
196.94,-47.3894,-5,-0.6322985,-1.208052,-0.5045714,-9.344924,-5.314529,-5.303191,-2.310277,8340
196.96,-45.94678,-5,-0.6396816,-1.219945,-0.6419765,-9.231023,-5.314529,-5.305893,-2.228679,8344
196.98,-22.26031,-5,-0.6525776,-1.212065,-0.8862511,-8.915598,-5.179569,-5.224307,-1.870523,8360
197,-45.50043,-5,-0.6240972,-1.185331,0.9458106,-6.438673,-5.247049,-5.221594,-1.68041,8352
197.02,-56.74902,-5,-0.6182707,-1.157673,-0.3060985,-7.193197,-5.314529,-5.261116,-1.744979,8352
197.04,-51.35583,-5,-0.5843792,-1.14934,2.6252,-8.938066,-5.314529,-5.27763,-1.776316,8364
197.06,-50.02887,-5,-0.545615,-1.154086,1.022146,-9.677275,-5.314529,-5.282067,-1.804573,8356
197.08,-37.06329,-5,-0.5973531,-1.173903,-2.290832,-9.834589,-5.247049,-5.2514,-1.888817,8348
197.1,-53.83533,-5,-0.5857784,-1.184505,0.4877952,-8.698217,-5.314529,-5.274639,-1.913321,8336
197.12,-51.24689,-5,-0.5768943,-1.186083,0.7320697,-9.674111,-5.314529,-5.283407,-1.937041,8344
197.14,-38.46674,-5,-0.5891089,-1.194925,-0.5656406,-9.992685,-5.247049,-5.249308,-1.912108,8332
197.16,-43.84045,-5,-0.5816157,-1.194386,0.04504682,-8.942298,-5.247049,-5.232168,-1.848074,8332
197.18,-46.7243,-5,-0.5686101,-1.180889,0.304589,-8.838954,-5.247049,-5.222932,-1.808322,8360
197.2,-47.87311,-5,-0.5698375,-1.174386,-0.1228922,-9.059816,-5.247049,-5.221086,-1.869437,8348
197.22,-48.32135,-5,-0.5644694,-1.173542,0.3656577,-9.34183,-5.247049,-5.22126,-1.91667,8344
197.24,-59.97949,-5,-0.568321,-1.187096,-0.1381594,-9.5879,-5.314529,-5.263611,-2.121852,8344
197.26,-54.68738,-5,-0.5672965,-1.20799,0.01451245,-10.93294,-5.314529,-5.283004,-2.239949,8344
197.28,-52.87299,-5,-0.5658076,-1.236329,-0.5809073,-11.2953,-5.314529,-5.291109,-2.330071,8356
197.3,-41.18433,-5,-0.5682759,-1.251782,-0.5351062,-11.32321,-5.247049,-5.253023,-2.250078,8340
197.32,-70.08545,-5,-0.5781369,-1.273284,-0.7183124,-10.18468,-5.38201,-5.317272,-2.514423,8340
197.34,-49.62,-5,-0.6077399,-1.293356,-0.9778546,-12.22815,-5.314529,-5.309238,-2.576162,8336
197.36,-52.10968,-5,-0.5829432,-1.313041,0.2893218,-11.59849,-5.314529,-5.301067,-2.531872,8360
197.38,-52.67749,-5,-0.6376453,-1.334885,-3.329,-11.25415,-5.314529,-5.30302,-2.655931,8344
197.4,-62.86328,-5,-0.7056181,-1.371246,-2.336633,-10.88137,-5.38201,-5.350749,-2.874178,8336
197.42,-45.7998,-5,-0.6881276,-1.382992,0.9000088,-11.69731,-5.314529,-5.324475,-2.613423,8348
197.44,-49.59027,-5,-0.6937271,-1.39072,-0.2755641,-10.49572,-5.314529,-5.310086,-2.507057,8340
197.46,-39.61951,-5,-0.7152117,-1.379904,-0.5656406,-9.988598,-5.247049,-5.263187,-2.294889,8344
197.48,-57.38568,-5,-0.7111076,-1.365479,0.5030622,-8.686298,-5.314529,-5.280596,-2.247197,8340
197.5,-42.48999,-5,-0.7260411,-1.347321,-0.6267089,-9.542173,-5.247049,-5.249746,-2.102482,8348
197.52,-57.89221,-5,-0.7194561,-1.342493,0.02977964,-8.648854,-5.314529,-5.275373,-2.112572,8348
197.54,-41.63397,-5,-0.7531641,-1.339372,-0.6725109,-9.472594,-5.247049,-5.249922,-2.015909,8372
197.56,-56.78333,-5,-0.7392555,-1.340304,0.9458106,-8.445616,-5.314529,-5.275172,-1.970096,8360
197.58,-52.92102,-5,-0.7470709,-1.339569,-0.4435031,-9.269055,-5.314529,-5.28596,-1.939003,8340
197.6,-52.10284,-5,-0.7151889,-1.338516,0.7320697,-9.5294,-5.314529,-5.2857,-1.836921,8352
197.62,-51.78442,-5,-0.7316654,-1.345758,-1.481671,-9.563788,-5.314529,-5.287397,-1.873213,8340
197.64,-51.8811,-5,-0.7271892,-1.349573,0.5641309,-9.570766,-5.314529,-5.286481,-1.831197,8352
197.66,-52.24377,-5,-0.7248217,-1.351896,-0.2908313,-9.594683,-5.314529,-5.285033,-1.810539,8356
197.68,-52.89606,-5,-0.7137632,-1.351439,0.5488637,-9.686378,-5.314529,-5.282662,-1.784974,8352
197.7,-53.60925,-5,-0.7052714,-1.351305,0.1366499,-9.84381,-5.314529,-5.280898,-1.792762,8348
197.72,-54.39673,-5,-0.6927899,-1.35139,-0.1534266,-10.0648,-5.314529,-5.279267,-1.810696,8360
197.74,-55.05383,-5,-0.6874336,-1.354696,-0.03128911,-10.31166,-5.314529,-5.278984,-1.865784,8348
197.76,-55.39136,-5,-0.6914629,-1.362933,-0.2297625,-10.53097,-5.314529,-5.280405,-1.945121,8340
197.78,-55.78809,-5,-0.6878619,-1.371491,0.2129859,-10.72585,-5.314529,-5.281029,-1.994752,8336
197.8,-44.91962,-5,-0.6779275,-1.370353,0.04504682,-10.90711,-5.247049,-5.239824,-1.897781,8332
197.82,-51.09528,-5,-0.6730399,-1.364251,0.1366499,-9.951147,-5.247049,-5.221421,-1.888955,8332
