Tiempo,ControlPWM,ReferenciaPosicion,ThetaMedido,ThetaObservado,OmegaMedido,OmegaObservado,PosicionMedido,PosicionObservado,VelocidadObservado,TiempoTranscurrido
0,68.41053,-5,-0.3111686,-0.05948717,0.1519171,1.138578,0.2188301,0.09230959,-0.1910315,0
0.02,64.92709,-5,-0.6101902,-0.1001182,-0.3060985,9.844049,0.2188301,0.1126275,0.1305217,7880
0.04,26.51053,-5,-0.8700732,-0.09295598,0.6251997,16.07014,-0.05108929,-0.04770201,0.4759839,8008
0.06,47.27133,-5,-1.010135,-0.05395567,15.29696,16.82423,-0.1185694,-0.1530417,1.370448,8028
0.08,-12.99831,-5,-0.0389597,0.2468617,56.35041,16.07156,-0.4559698,-0.2552631,4.077879,8036
0.1,171.6588,-5,0.8976324,0.7727049,65.0527,6.760406,0.6237106,0.4394778,7.328338,8056
0.12,-182.0967,-5,1.873942,1.202447,59.63285,15.40984,-0.7933693,-0.04557788,5.293506,7984
0.14,54.14273,-5,2.260027,1.54051,53.77026,-15.5375,0.2188301,0.2894178,3.735343,8068
0.16,-25.88466,-5,3.613531,1.849685,67.92294,-16.75199,0.2188301,0.5164882,3.084572,8004
0.18,-75.09842,-5,3.689569,1.942799,9.87711,-26.01478,0.15135,0.472543,-1.762712,8008
0.2,10.23486,-5,2.972426,1.656456,-32.38244,-34.59827,0.5562305,0.5060883,-7.028721,8020
0.22,19.50732,-5,1.908958,1.113356,-33.77176,-28.1057,0.5562305,0.3586231,-11.17965,8004
0.24,29.84756,-5,1.793444,0.8406536,-1.787015,-22.51654,0.5562305,0.3182917,-10.93503,8000
0.26,34.53998,-5,1.615864,0.7118293,3.678636,-17.18008,0.5562305,0.3070684,-10.88335,7996
0.28,-25.95734,-5,1.750164,0.7146439,12.38093,-13.74693,0.2188301,0.1344667,-10.75463,7996
0.3,7.686523,-5,1.90287,0.7777762,13.83131,-18.05248,0.2863102,0.1153892,-10.58765,8032
0.32,9.7211,-5,2.029387,0.8235898,10.07558,-17.90352,0.2863102,0.1114802,-10.74926,8024
0.34,17.56372,-5,1.814964,0.8017416,-2.550374,-16.85463,0.2863102,0.07097057,-11.586,8036
0.36,25.00009,-5,1.803333,0.8141208,0.2587874,-15.30465,0.2863102,0.05295961,-11.46172,8012
0.38,34.91187,-5,1.615881,0.8072779,-1.588542,-12.86349,0.2863102,0.02376282,-11.62335,8012
0.4,44.27847,-5,1.533725,0.8347528,-1.115259,-9.932663,0.2863102,0.01037066,-11.1712,8016
0.42,51.06018,-5,1.520329,0.9105032,2.640467,-6.960568,0.2863102,0.01385756,-10.44264,8032
0.44,55.62827,-5,1.554133,1.028508,6.701538,-4.378455,0.2863102,0.02714306,-9.638079,8032
0.46,46.1142,-5,1.671661,1.180745,9.678638,-2.584888,0.2188301,0.00973431,-8.901607,8008
0.48,51.31219,-5,1.848619,1.356115,10.09085,-2.911067,0.2188301,0.01931283,-8.217711,8036
0.5,64.349,-5,2.016942,1.530751,10.83894,-3.102442,0.2863102,0.07351027,-7.687861,8020
0.52,62.00446,-5,2.067168,1.670116,7.28169,-2.045043,0.2863102,0.08890903,-7.638032,8020
0.54,39.51007,-5,2.182075,1.79543,8.991614,-1.987191,0.15135,0.01647179,-7.696168,8016
0.56,75.43463,-5,2.273774,1.908226,6.869477,-4.444182,0.2863102,0.06250858,-7.531138,8016
0.58,71.07324,-5,2.368348,2.005182,6.014514,-2.729846,0.2863102,0.08282855,-7.469439,8024
0.6,49.98315,-5,2.3344,2.068474,2.732071,-1.946214,0.15135,-0.004929055,-7.947466,8024
0.62,-100.9059,-5,2.524669,2.053683,10.671,-4.523967,-0.7933693,-0.597077,-9.638636,8040
0.64,-19.21777,-5,2.577931,1.920714,4.945812,-21.60385,-0.7933693,-0.8714312,-11.00299,8084
0.66,250.6064,-5,2.426205,1.783615,-6.031292,-23.59769,0.5562305,-0.2037853,-9.57102,8088
0.68,170.5911,-5,1.817314,1.703895,-36.67252,4.379261,0.5562305,0.04470272,-9.237058,7992
0.7,157.1989,-5,1.116396,1.804508,-23.90916,17.18036,0.5562305,0.1047457,-8.301633,7992
0.72,144.1384,-5,1.757211,2.240438,43.48018,22.19729,0.5562305,0.2487182,-4.336284,7988
0.74,52.90448,-5,2.491359,2.74794,48.1214,21.63451,0.15135,0.1507677,-2.747814,7996
0.76,81.36926,-5,3.41186,3.27038,45.15956,9.045695,0.2863102,0.2531218,-1.624166,8012
0.78,52.55701,-5,3.966133,3.586248,27.14429,1.728304,0.2188301,0.2505467,-2.880194,7992
0.8,132.2556,-5,3.730755,3.635766,-9.77175,-5.066424,0.6237106,0.3896203,-5.17089,8012
0.82,-57.56824,-5,3.585323,3.468831,-7.267933,-1.400167,-0.3884897,-0.2086567,-8.604576,8004
0.84,97.25378,-5,3.317463,3.252076,-14.48931,-17.07506,0.0163908,-0.2792836,-9.95542,8044
0.86,-97.46088,-5,3.427563,2.91391,6.487797,-12.58978,-1.13077,-0.9767142,-12.3628,8060
0.88,225.9551,-5,3.283847,2.74359,-20.06183,-28.29279,0.2188301,-0.4824561,-11.22502,8104
0.9,0.6008301,-5,2.442963,2.309553,-38.61145,-3.545188,-0.7933693,-0.9569207,-14.2465,8012
0.92,128.0787,-5,2.068153,2.167038,-21.60382,-8.53446,-0.4559698,-0.9578032,-12.9326,8100
0.94,120.8027,-5,1.993362,2.095955,11.89238,1.327816,-0.5234499,-0.9619422,-11.40618,8080
0.96,187.3528,-5,2.298038,2.33396,6.900011,6.276218,-0.1185694,-0.640341,-8.054966,8064
0.98,158.6621,-5,2.076806,2.554914,-2.000756,17.06676,-0.1185694,-0.5184058,-7.147626,8048
1,134.428,-5,2.817255,3.044212,33.57178,18.84951,-0.1185694,-0.3637441,-4.095148,8040
1.02,119.4897,-5,3.144152,3.457694,24.28933,16.52983,-0.1185694,-0.2913742,-3.680233,8040
1.04,105.5656,-5,3.757175,3.848765,29.75498,11.45577,-0.1185694,-0.2278659,-3.166891,8052
1.06,102.1396,-5,3.88626,4.048219,7.541233,6.28523,-0.1185694,-0.2416129,-4.512526,8032
1.08,-56.88184,-5,4.000072,4.018549,4.182453,1.798167,-1.06329,-0.8458178,-7.593592,8024
1.1,72.01697,-5,3.973492,3.846049,-0.596175,-17.01478,-0.7933693,-0.9892894,-9.365657,8104
1.12,103.1237,-5,3.747594,3.517678,-12.3519,-15.6373,-0.7258892,-1.04892,-10.91132,8072
1.14,-39.19275,-5,2.965641,3.028644,-41.35955,-9.305239,-1.670609,-1.721151,-14.41925,8080
1.16,271.3613,-5,2.265813,2.670322,-24.35191,-16.63944,-0.4559698,-1.330881,-12.99324,8128
1.18,192.6304,-5,2.646721,2.688876,16.41146,8.582244,-0.5234499,-1.070342,-9.198603,8052
1.2,54.84924,-5,2.297377,2.82876,-18.56565,18.24811,-1.19825,-1.36938,-9.291907,8052
1.22,229.0045,-5,2.470824,3.106056,31.89239,10.4889,-0.4559698,-1.025418,-6.50456,8124
1.24,163.6854,-5,3.622875,3.634016,55.20538,19.10266,-0.4559698,-0.723272,-2.785125,8044
1.26,-55.89343,-5,3.852599,3.971936,2.594666,17.03826,-1.53565,-1.261335,-5.303157,8044
1.28,112.0933,-5,3.677311,4.003657,-2.94732,-5.680547,-1.06329,-1.306824,-7.265101,8120
1.3,79.89355,-5,4.755187,4.124184,43.80079,-7.386624,-1.13077,-1.252323,-6.114963,8116
1.32,132.8663,-5,4.574382,4.128085,-9.634345,-11.06022,-0.7933693,-1.093351,-8.066953,8116
1.34,-18.60095,-5,3.616348,3.743216,-48.10764,-5.243937,-1.670609,-1.703264,-13.06573,8068
1.36,116.983,-5,2.677889,3.246791,-35.20687,-13.42025,-1.46817,-1.949064,-14.76054,8132
1.38,189.4451,-5,3.17589,3.119817,27.83132,-6.656754,-1.13077,-1.718917,-11.08241,8104
1.4,228.6237,-5,3.093035,3.220774,-8.626713,5.569247,-0.7258892,-1.342444,-8.977946,8108
1.42,22.80762,-5,2.543781,3.222387,-34.1229,19.11002,-1.738089,-1.837744,-10.5513,8080
1.44,154.4489,-5,2.607725,3.339619,33.4649,7.256982,-1.40069,-1.828537,-8.790229,8140
1.46,146.5256,-5,3.641751,3.657511,48.79315,9.306372,-1.33321,-1.637835,-5.474039,8124
1.48,157.4747,-5,4.31058,4.095593,28.99162,7.709877,-1.06329,-1.333952,-4.083486,8092
1.5,-8.437622,-5,4.503633,4.314309,5.251155,6.828839,-1.805569,-1.683607,-6.694555,8080
1.52,109.1318,-5,4.634057,4.395122,5.724438,-10.78942,-1.40069,-1.640373,-8.095942,8132
1.54,6.819214,-5,4.276598,4.112349,-12.41297,-9.577724,-2.008009,-2.071638,-11.80036,8124
1.56,-57.80347,-5,3.85823,3.674067,-37.81756,-17.97599,-2.75029,-2.761646,-15.17753,8172
1.58,171.3784,-5,3.20662,3.150825,-26.87099,-27.5489,-2.008009,-2.679445,-15.83156,8212
1.6,37.65247,-5,2.600233,2.615907,-35.8939,-8.95274,-2.75029,-3.096421,-16.7473,8160
1.62,223.7065,-5,1.806256,2.319292,-48.48932,-7.203729,-2.075489,-2.894952,-14.90006,8192
1.64,97.77197,-5,1.142213,2.060365,12.04505,14.79562,-2.75029,-3.207385,-13.88741,8152
1.66,178.7139,-5,1.677451,2.324003,18.96108,14.98223,-2.48037,-3.025426,-8.490663,8204
1.68,56.26697,-5,2.411166,2.713861,38.18246,20.67262,-3.02021,-3.147913,-5.929727,8172
1.7,-94.10718,-5,2.696029,2.918441,11.89238,10.78653,-4.03241,-3.798255,-7.452152,8232
1.72,65.83069,-5,2.946075,2.925115,10.80841,-11.56243,-3.627529,-3.847885,-7.79092,8276
1.74,181.3586,-5,2.733338,2.75204,-11.46641,-9.212174,-3.02021,-3.54311,-7.80518,8244
1.76,20.47412,-5,2.234823,2.537164,-31.26794,5.400543,-3.762489,-3.892162,-9.262238,8216
1.78,-172.1187,-5,1.63171,2.15691,-39.75649,0.3201506,-5.247049,-4.986161,-12.68586,8264
1.8,192.6278,-5,2.188448,2.039551,40.90002,-23.80107,-3.897449,-4.548672,-8.851768,8364
1.82,-10.09802,-5,2.662226,1.946026,17.80078,-4.791662,-4.639729,-4.708105,-8.403691,8272
1.84,-86.91882,-5,2.322909,1.830365,-26.30611,-11.809,-5.247049,-5.185418,-10.78592,8316
1.86,96.29004,-5,1.694628,1.505735,-38.87099,-21.82747,-4.639729,-5.116233,-11.8115,8368
1.88,-9.543457,-5,1.141914,1.083082,-5.481672,-8.293742,-5.247049,-5.47404,-12.72766,8312
1.9,66.3562,-5,1.247136,0.9943683,-8.336635,-10.30538,-5.044609,-5.429857,-10.23354,8372
1.92,-25.53149,-5,1.014766,0.849803,-15.43587,-3.359169,-5.58445,-5.727281,-10.4575,8348
1.94,75.89233,-5,0.9316688,0.8168094,-6.840452,-7.609811,-5.247049,-5.632836,-8.868569,8404
1.96,106.3521,-5,1.131163,0.9090894,8.5794,-0.7239907,-4.977129,-5.372453,-6.484087,8384
1.98,-100.938,-5,1.217441,0.9943361,-2.657244,6.241068,-5.989328,-5.839196,-7.08503,8356
2,-29.02698,-5,1.096232,0.9650573,-9.909155,-9.643043,-5.989328,-6.070317,-7.795293,8400
2.02,52.04211,-5,1.46178,0.9265172,18.25879,-13.95912,-5.65193,-5.918901,-6.476185,8428
2.04,34.11963,-5,1.718242,0.9768105,8.85421,-9.48554,-5.58445,-5.771016,-5.678055,8368
2.06,-166.7343,-5,1.506653,0.864019,-16.1229,-8.05128,-6.664129,-6.392,-8.609978,8352
2.08,-3.758667,-5,1.075085,0.5935724,-25.25267,-25.76442,-6.259249,-6.489305,-9.978883,8420
2.1,72.93433,-5,0.5961627,0.2096986,-25.34427,-19.25829,-5.92185,-6.362865,-9.938729,8416
2.12,49.70532,-5,0.07259369,-0.0310323,-29.89389,-5.481625,-5.989328,-6.350414,-9.05969,8384
2.14,62.7533,-5,-0.5635024,-0.1702082,-31.35954,3.447924,-5.989328,-6.363933,-7.924499,8388
2.16,20.51562,-5,-0.5045923,-0.1183073,26.54887,10.41428,-6.259249,-6.46081,-5.386352,8372
2.18,26.5094,-5,0.5386983,0.2923248,49.96873,7.293052,-6.191769,-6.292225,-1.124615,8404
2.2,-61.86182,-5,1.236315,0.6630703,29.51071,3.368617,-6.529169,-6.359078,-0.6827202,8412
2.22,-53.13708,-5,1.501223,0.8390365,5.373293,-9.046576,-6.529169,-6.413678,-2.037533,8412
2.24,6.545166,-5,1.267596,0.7386491,-16.77939,-15.4927,-6.259249,-6.354362,-3.955092,8412
2.26,55.52502,-5,0.6127998,0.4725513,-35.68016,-11.43607,-5.989328,-6.257081,-5.358215,8392
2.28,66.01917,-5,-0.1243748,0.2034105,-39.95496,-1.305873,-5.92185,-6.232808,-5.593524,8384
2.3,64.30981,-5,-0.7509233,0.01404911,-32.42825,8.557487,-5.989328,-6.284254,-4.731724,8384
2.32,65.93384,-5,-0.4563012,0.1313868,52.0756,13.94374,-5.989328,-6.204144,-1.301603,8376
2.34,-14.63586,-5,0.7548554,0.5943395,50.83896,13.49612,-6.259249,-6.149719,2.301914,8384
2.36,-19.06372,-5,1.479722,1.019994,31.11376,2.642673,-6.191769,-6.041883,2.593703,8396
2.38,-48.5636,-5,1.809428,1.199662,11.99925,-6.135592,-6.259249,-6.067829,0.6959576,8412
2.4,16.48474,-5,1.596028,1.130682,-17.13053,-14.10392,-5.92185,-5.96512,-1.604447,8408
2.42,-160.858,-5,0.9297662,0.7078801,-38.41298,-10.96554,-6.93405,-6.636671,-6.246943,8388
2.44,-0.1239014,-5,0.09082897,0.1629799,-44.90153,-23.84588,-6.596649,-6.820331,-8.106689,8448
2.46,21.64905,-5,-0.6907089,-0.4536238,-42.15344,-13.5024,-6.664129,-6.975659,-8.497391,8428
2.48,58.5304,-5,-1.251469,-0.8128436,-28.22977,-2.543401,-6.596649,-6.975091,-6.568794,8440
2.5,59.3584,-5,-0.9192485,-0.74088,15.00688,7.345353,-6.529169,-6.800905,-2.367202,8416
2.52,16.18579,-5,-0.3815561,-0.4072416,28.12139,12.14137,-6.596649,-6.658131,0.634214,8424
2.54,-70.60254,-5,0.3651744,0.004494339,36.41147,8.314832,-6.93405,-6.717629,1.82383,8432
2.56,-69.08545,-5,0.9476213,0.2983069,27.67864,-4.943767,-6.93405,-6.725488,1.368979,8444
2.58,-63.19055,-5,1.297474,0.3882173,13.44963,-14.73248,-6.86657,-6.707244,-0.1577172,8452
2.6,-79.15344,-5,1.200493,0.2578833,-6.122894,-20.35213,-6.93405,-6.802157,-2.810802,8440
2.62,-1.579468,-5,0.590243,-0.05928698,-36.59619,-23.53675,-6.596649,-6.74305,-5.110201,8440
2.64,64.12219,-5,-0.4571492,-0.501542,-55.87863,-14.1737,-6.259249,-6.626735,-6.447522,8444
2.66,63.51453,-5,-1.396461,-0.852021,-52.58092,1.816501,-6.259249,-6.624365,-5.901937,8428
2.68,75.72656,-5,-1.951462,-0.9824854,-15.49694,14.23263,-6.259249,-6.604998,-3.449914,8392
2.7,5.138916,-5,-0.8652155,-0.5901118,64.88477,19.94495,-6.529169,-6.540964,1.992637,8412
2.72,-42.7594,-5,0.2725421,-0.01215151,56.24354,12.7266,-6.664129,-6.455534,4.624442,8440
2.74,-110.8053,-5,1.120093,0.4066728,42.51834,0.1571882,-6.93405,-6.544083,3.865169,8452
2.76,-107.0897,-5,1.602621,0.5568054,23.57177,-16.68037,-6.93405,-6.612215,1.457911,8484
2.78,-33.29663,-5,1.600169,0.4404915,-7.680146,-27.32952,-6.529169,-6.474477,-1.23779,8468
2.8,8.649414,-5,0.5748361,-0.001717318,-60.65726,-23.41745,-6.259249,-6.418318,-4.99282,8404
2.82,-151.502,-5,-0.7895011,-0.6968312,-66.71834,-12.40638,-7.27145,-7.145933,-9.39031,8400
2.84,-45.21008,-5,-1.510138,-1.281744,-34.68779,-18.85017,-7.27145,-7.478721,-9.260448,8452
2.86,152.2506,-5,-0.9776074,-1.37409,32.36567,-13.77298,-6.259249,-6.849607,-3.44966,8448
2.88,60.78796,-5,-0.8174714,-1.169092,8.518332,8.961761,-6.259249,-6.491189,-0.4674808,8388
2.9,21.21753,-5,-0.9327525,-0.8232046,-7.481674,15.13669,-6.259249,-6.336709,0.8510599,8392
2.92,-60.39966,-5,-0.3879385,-0.4328691,24.22826,13.28379,-6.596649,-6.415101,2.129366,8404
2.94,-70.98364,-5,0.8514392,0.06663647,59.49545,-0.3577876,-6.596649,-6.331813,3.861053,8432
2.96,-151.1672,-5,1.532708,0.3119377,33.40384,-12.89367,-6.93405,-6.495652,1.621234,8428
2.98,-66.79529,-5,1.274731,0.1749427,-17.77175,-28.3238,-6.596649,-6.486025,-2.133816,8440
3,15.34265,-5,-0.1633077,-0.4394224,-76.58093,-25.0585,-6.259249,-6.496872,-6.574192,8416
3.02,-136.1971,-5,-1.566315,-1.223491,-75.06948,-10.26839,-7.27145,-7.227213,-9.92715,8412
3.04,-25.72498,-5,-2.422786,-1.834844,-34.94733,-12.86915,-7.27145,-7.549684,-8.971581,8444
3.06,144.9694,-5,-0.80044,-1.579929,58.65575,-8.509027,-6.259249,-6.754508,0.2075109,8448
3.08,15.62158,-5,-0.2637397,-1.099737,28.27406,9.741307,-6.326729,-6.356094,2.593351,8384
3.1,-61.19482,-5,-0.3822069,-0.7082298,-12.04656,9.046983,-6.529169,-6.362468,1.596831,8404
3.12,-57.82471,-5,-0.5799192,-0.5934811,0.8694746,1.498135,-6.596649,-6.480633,0.1573552,8424
3.14,-121.5458,-5,0.421859,-0.3869645,56.38095,-6.656969,-6.93405,-6.62543,1.189667,8412
3.16,-128.7607,-5,1.062514,-0.2639739,28.77788,-20.70037,-7.00153,-6.697822,0.02320099,8440
3.18,-106.5454,-5,0.8467774,-0.4622318,-20.56565,-30.00463,-6.93405,-6.779824,-3.417909,8424
3.2,-12.23047,-5,-0.599498,-1.076529,-75.10001,-28.94039,-6.596649,-6.820997,-7.614736,8440
3.22,28.34521,-5,-2.099751,-1.779889,-74.84047,-13.63372,-6.529169,-6.923806,-8.875725,8424
3.24,41.65637,-5,-2.9045,-2.185287,-21.25267,3.296178,-6.596649,-6.98666,-6.359398,8424
3.26,120.1737,-5,-1.528012,-1.714938,66.10614,11.43776,-5.989328,-6.353703,2.467867,8424
3.28,-27.13452,-5,-0.4230919,-0.9721945,54.13667,20.92358,-6.259249,-6.088235,5.900982,8392
3.3,50.1344,-5,0.2979498,-0.215005,44.13667,10.13533,-5.58445,-5.549927,7.419854,8408
3.32,-58.08777,-5,1.259516,0.3987916,50.13667,7.490865,-5.71941,-5.369241,7.09951,8348
3.34,-123.8749,-5,1.788712,0.7622102,25.52597,-7.095684,-5.92185,-5.457456,4.205917,8372
3.36,-113.8113,-5,1.856156,0.7292327,1.846574,-23.656,-5.92185,-5.596306,0.005503654,8364
3.38,-110.686,-5,1.641685,0.3922744,-12.3519,-32.95073,-5.989328,-5.791088,-4.083556,8376
3.4,-25.50012,-5,0.9991896,-0.1053039,-35.68016,-36.55187,-5.65193,-5.776529,-7.06575,8380
3.42,-198.447,-5,-0.2113853,-0.8772851,-63.64963,-26.69725,-6.731609,-6.547908,-12.04599,8400
3.44,-6.394409,-5,-1.510166,-1.65413,-72.90154,-33.10846,-6.326729,-6.738914,-13.13728,8428
3.46,35.30273,-5,-2.624776,-2.372429,-51.9855,-14.14848,-6.326729,-6.842461,-11.92846,8432
3.48,29.55237,-5,-1.655196,-2.224419,25.83131,-0.6415582,-6.259249,-6.572554,-4.433628,8400
3.5,167.1246,-5,-1.373549,-1.739634,19.52597,7.158995,-5.247049,-5.763058,0.4969268,8404
3.52,37.78137,-5,-1.013784,-1.137265,36.01452,24.96056,-5.38201,-5.441897,3.143393,8344
3.54,-49.1676,-5,-0.0118982,-0.352625,54.56415,20.2231,-5.58445,-5.331019,5.462234,8336
3.56,-143.2222,-5,1.511013,0.3820714,72.80843,3.054042,-5.92185,-5.383375,5.86388,8364
3.58,-160.2214,-5,2.387859,0.7422085,48.59468,-20.80548,-5.989328,-5.47271,2.664733,8376
3.6,-73.7085,-5,2.061771,0.5461883,-28.47404,-37.09846,-5.58445,-5.436578,-2.637135,8396
3.62,-160.5778,-5,0.5952946,-0.2430716,-77.26795,-34.47355,-6.191769,-6.023291,-9.91604,8344
3.64,-30.86792,-5,-0.7960564,-1.129035,-75.22215,-36.76986,-5.989328,-6.291105,-12.58438,8424
3.66,74.85022,-5,-1.941648,-1.882267,-46.74886,-21.18871,-5.65193,-6.238797,-11.57784,8400
3.68,-173.2689,-5,-1.511271,-2.069591,13.95345,-2.149457,-6.93405,-6.788597,-8.378559,8364
3.7,47.42065,-5,-0.7742821,-1.775873,35.84659,-16.73164,-5.989328,-6.312802,-3.538981,8460
3.72,-33.96692,-5,0.1264432,-1.383427,42.71682,-7.121883,-5.989328,-5.993471,-1.163977,8388
3.74,-116.312,-5,0.5127959,-0.9962814,10.59467,-10.40608,-6.191769,-5.972743,-1.803315,8392
3.76,-129.8016,-5,0.2180826,-0.9712265,-13.72595,-19.95695,-6.326729,-6.153375,-4.939203,8404
3.78,-270.5903,-5,-0.1728517,-1.331872,-19.43587,-26.69294,-7.33893,-6.924103,-9.227309,8404
3.8,-140.1715,-5,-0.5853757,-1.8531,-20.50458,-43.91371,-7.20397,-7.228645,-11.11723,8452
3.82,123.8467,-5,-1.207355,-2.341639,-33.8939,-39.54966,-5.92185,-6.623304,-9.587181,8448
3.84,-106.3071,-5,-2.698163,-2.918922,-74.50459,-5.368758,-6.93405,-7.064931,-11.40911,8384
3.86,413.6436,-5,-4.099291,-3.040375,-68.33665,-0.3003912,-4.43729,-5.820535,-5.059496,8428
3.88,-69.57971,-5,-5.540769,-3.261834,31.93819,59.74825,-6.529169,-6.562847,-3.872231,8292
3.9,171.5627,-5,-4.380908,-2.43677,49.34277,47.19016,-5.65193,-6.064952,7.633987,8416
3.92,60.96356,-5,-3.223295,-1.584415,48.24354,59.39801,-5.92185,-5.829033,13.48574,8364
3.94,132.007,-5,-2.076087,-0.5539333,52.67102,52.7415,-5.314529,-5.242501,18.644,8424
3.96,-0.8151855,-5,-1.250515,0.2442087,51.84659,52.66359,-5.65193,-5.16164,19.3993,8364
3.98,100.823,-5,-0.4094802,0.9514623,50.47255,36.63761,-4.977129,-4.708674,20.57798,8392
4,-27.65906,-5,0.8499207,1.546036,58.83896,31.93555,-5.247049,-4.609962,20.2582,8348
4.02,-129.9556,-5,1.817342,1.945815,36.93055,12.36856,-5.65193,-4.812048,16.99339,8372
4.04,71.70917,-5,2.13814,2.025451,10.76261,-11.64958,-4.572248,-4.350644,13.72956,8372
4.06,-8.78418,-5,1.857385,1.762526,-18.2603,-6.351021,-4.639729,-4.315444,8.824582,8328
4.08,-183.7646,-5,1.063328,1.240023,-45.46642,-8.786125,-5.65193,-5.054708,2.240756,8328
4.1,-62.14319,-5,0.04023907,0.4619513,-52.93207,-24.62693,-5.58445,-5.47984,-2.271766,8356
4.12,171.3669,-5,-0.8275664,-0.276078,5.846576,-19.52692,-4.572248,-5.111046,-1.997366,8380
4.14,77.89471,-5,-0.2550493,-0.343109,9.434362,5.401903,-4.639729,-4.807923,2.270147,8304
4.16,41.95844,-5,-0.5532908,-0.1950522,-28.42825,13.40837,-4.639729,-4.681956,2.76597,8312
4.18,-125.9723,-5,-1.247132,-0.3226873,-41.23741,17.06303,-5.65193,-5.326434,-0.07149506,8320
4.2,108.4343,-5,-2.331551,-0.6750534,51.90766,6.515602,-4.977129,-5.321325,-0.3451357,8388
4.22,79.46967,-5,-1.227613,-0.5372704,53.28171,19.53655,-4.977129,-5.089025,5.560008,8324
4.24,49.9071,-5,-1.077188,-0.2434665,-18.80992,24.72254,-4.977129,-4.941627,7.239208,8332
4.26,44.76874,-5,-1.311795,-0.06768136,-26.04656,25.99175,-4.977129,-4.919484,7.247225,8324
4.28,45.33789,-5,-1.61333,-0.02358049,6.075583,27.35275,-5.044609,-4.98974,7.302385,8328
4.3,-33.97058,-5,-0.1598615,0.396834,54.44202,23.29605,-5.38201,-5.020057,10.89931,8344
4.32,-12.06116,-5,0.3605741,0.6964371,21.05268,10.89916,-5.247049,-4.941362,10.22512,8352
4.34,-46.87573,-5,0.4723943,0.7276583,-1.893885,4.46863,-5.38201,-5.040967,7.739124,8364
4.36,36.03815,-5,0.3064861,0.6186209,-18.80992,-2.620557,-4.977129,-4.906926,6.050018,8356
4.38,23.43506,-5,-0.2015633,0.3607995,-32.85572,2.746874,-4.977129,-4.926299,4.052087,8344
4.4,37.521,-5,-0.944222,0.05640408,-42.13817,7.509618,-4.977129,-5.011447,2.743176,8352
4.42,41.06885,-5,-0.8131365,-0.01419497,20.16719,11.63601,-4.977129,-4.987587,4.418394,8336
4.44,25.00739,-5,-0.3090097,0.1444835,21.15956,13.01613,-4.977129,-4.88899,6.275129,8332
4.46,-51.17761,-5,0.0007036999,0.2933623,11.12902,11.12699,-5.314529,-5.024771,5.815578,8340
4.48,19.12286,-5,0.3131192,0.4234701,10.28932,1.247267,-4.977129,-4.876679,5.73516,8360
4.5,-2.131958,-5,0.320164,0.410713,-3.344267,1.771473,-4.977129,-4.844953,4.410744,8344
4.52,-3.817871,-5,0.07688406,0.317079,-17.11526,0.7643701,-4.977129,-4.882183,2.93021,8348
4.54,-7.747803,-5,-0.1763581,0.1607589,-10.1229,0.743293,-5.044609,-4.975695,1.809892,8324
4.56,10.77856,-5,-0.1036017,0.08671288,0.1977187,0.1000962,-4.977129,-4.956446,2.104589,8324
4.58,-170.1389,-5,-0.01471262,-0.0520615,2.640467,0.8532085,-5.989328,-5.540691,0.1506153,8352
4.6,-95.026,-5,0.04199203,-0.2483218,-0.5351062,-17.11145,-5.989328,-5.801066,-1.165732,8400
4.62,-67.75757,-5,0.09713677,-0.5548202,-0.596175,-21.5965,-5.989328,-5.911265,-2.265847,8388
4.64,162.5575,-5,-0.1421809,-0.713643,-16.33664,-20.5597,-4.707209,-5.20544,-0.7938659,8376
4.66,89.59485,-5,-0.9063776,-0.8402191,-47.52749,5.94464,-4.639729,-4.920883,-0.8395094,8296
4.68,78.60803,-5,-2.026999,-0.9080123,-62.19925,19.88056,-4.639729,-4.895285,-0.7631495,8308
4.7,28.26349,-5,-2.638572,-0.9538825,-15.68015,29.97159,-5.044609,-5.144437,0.5708168,8308
4.72,-21.79822,-5,-0.2733843,-0.2197458,87.64813,23.55251,-5.247049,-5.007312,8.46373,8348
4.74,86.20892,-5,0.8585565,0.5169698,65.15958,10.75634,-4.43729,-4.382187,10.56491,8356
4.76,-34.89807,-5,1.753157,1.088172,34.45728,10.09539,-4.572248,-4.179891,9.486042,8292
4.78,-69.65479,-5,1.757066,1.310429,-0.6725109,-2.664962,-4.639729,-4.250918,5.362123,8312
4.8,-62.15515,-5,1.290675,1.087561,-25.42061,-13.09504,-4.707209,-4.471645,0.6532724,8332
4.82,-29.80151,-5,0.7999835,0.6598831,-23.2374,-17.61055,-4.707209,-4.656844,-2.31733,8344
4.84,8.460083,-5,0.6962401,0.3331729,-5.466405,-16.96861,-4.572248,-4.650342,-2.750904,8324
4.86,3.71106,-5,0.4478181,0.0903411,-10.18396,-11.88117,-4.572248,-4.654846,-3.301191,8332
4.88,-13.88184,-5,-0.01040248,-0.1394872,-19.95496,-7.522334,-4.707209,-4.774158,-4.231335,8320
4.9,4.7323,-5,0.1997182,-0.1660046,10.13665,-7.108466,-4.639729,-4.729838,-2.905764,8312
4.92,-62.16858,-5,0.3000078,-0.1746813,6.350392,-5.42317,-4.977129,-4.891618,-3.183162,8316
4.94,-42.02222,-5,0.373432,-0.186397,4.838942,-11.31322,-4.977129,-4.959022,-3.481128,8332
4.96,24.31104,-5,0.3575883,-0.2270257,-2.199229,-12.99232,-4.639729,-4.79468,-3.352546,8332
4.98,-5.674316,-5,0.1092243,-0.3061313,-14.47404,-6.601138,-4.707209,-4.790744,-3.860887,8316
5,-0.9622803,-5,-0.1472968,-0.3582559,-6.764116,-4.540014,-4.707209,-4.809499,-3.901439,8324
5.02,-4.050903,-5,0.101165,-0.2847859,14.02979,-3.532336,-4.707209,-4.769838,-2.659858,8296
5.04,-0.4377441,-5,0.293587,-0.1645633,5.129018,-3.797656,-4.639729,-4.687976,-2.008227,8300
5.06,-23.58057,-5,0.4066837,-0.06834418,3.831308,-4.014536,-4.707209,-4.690668,-2.1273,8308
5.08,-21.40308,-5,0.4023446,-0.03134692,0.2435202,-6.479362,-4.707209,-4.708618,-2.616266,8312
5.1,-7.05127,-5,0.4023416,-0.03419083,-0.4893047,-7.862807,-4.639729,-4.686355,-2.860166,8324
5.12,-20.8761,-5,0.3453684,-0.06965315,-2.504572,-7.164052,-4.707209,-4.728044,-3.284433,8332
5.14,-15.23804,-5,0.3107972,-0.1022357,-1.16106,-7.983835,-4.707209,-4.750284,-3.444946,8328
5.16,-13.01355,-5,0.3119476,-0.1293388,0.04504682,-7.960721,-4.707209,-4.757814,-3.466663,8324
5.18,-12.74023,-5,0.3141911,-0.1438087,0.7931387,-7.730293,-4.707209,-4.758619,-3.460943,8332
5.2,-13.41016,-5,0.3289228,-0.1455825,0.4725278,-7.601959,-4.707209,-4.756116,-3.44021,8328
5.22,-14.2196,-5,0.3413218,-0.1423098,0.5946653,-7.628047,-4.707209,-4.75412,-3.462968,8324
5.24,-3.096924,-5,0.3455353,-0.1325,-0.01602192,-7.717024,-4.639729,-4.713686,-3.389255,8328
5.26,-8.188599,-5,0.3296586,-0.1241815,-0.3366328,-6.600362,-4.639729,-4.698987,-3.415754,8344
5.28,-20.73181,-5,0.2985756,-0.123615,-0.519839,-6.296484,-4.707209,-4.73782,-3.591658,8324
5.3,-3.834351,-5,0.3112293,-0.1158608,0.5641309,-7.376126,-4.639729,-4.713217,-3.454356,8336
5.32,-18.12598,-5,0.2963819,-0.1249092,-0.550373,-6.355762,-4.707209,-4.74461,-3.577498,8316
5.34,-13.41992,-5,0.2837221,-0.1295772,0.09084838,-7.079512,-4.707209,-4.75906,-3.584236,8316
5.36,11.32117,-5,0.3039969,-0.1165692,0.5030622,-7.097329,-4.572248,-4.68046,-3.238393,8324
5.38,-22.25427,-5,0.3036052,-0.1061571,0.1061156,-4.660233,-4.707209,-4.725428,-3.341589,8320
5.4,-15.70044,-5,0.3132218,-0.08712946,-0.01602192,-6.469912,-4.707209,-4.745288,-3.34922,8340
5.42,-13.17847,-5,0.3462805,-0.08544749,2.533597,-7.110571,-4.707209,-4.752337,-3.365841,8348
5.44,-11.11023,-5,0.303058,-0.1031751,-2.016023,-7.131585,-4.707209,-4.762073,-3.520708,8340
5.46,-11.23352,-5,0.3502477,-0.09948288,1.205353,-7.095929,-4.707209,-4.758473,-3.373497,8340
5.48,-11.06067,-5,0.3250431,-0.1037947,-0.550373,-6.999452,-4.707209,-4.760734,-3.469368,8344
5.5,0.2216797,-5,0.3470351,-0.09076659,0.3809245,-6.967089,-4.639729,-4.71812,-3.277516,8332
5.52,-16.83252,-5,0.3425509,-0.08310516,0.2893218,-5.816927,-4.707209,-4.740959,-3.381624,8328
5.54,-13.79358,-5,0.3594905,-0.06995059,0.6251997,-6.835075,-4.707209,-4.750397,-3.391526,8328
5.56,-0.3823242,-5,0.3504552,-0.067849,-0.6267089,-7.142584,-4.639729,-4.717433,-3.362095,8320
5.58,-16.75928,-5,0.3631048,-0.06524997,0.3198562,-6.059844,-4.707209,-4.741567,-3.416893,8336
5.6,-1.767334,-5,0.3651463,-0.05197466,0.2587874,-6.978987,-4.639729,-4.712383,-3.328736,8332
5.62,-16.53589,-5,0.3451195,-0.05856715,-0.7793808,-6.028422,-4.707209,-4.743717,-3.498514,8324
5.64,-12.84741,-5,0.3721151,-0.05235664,0.7320697,-6.981524,-4.707209,-4.753922,-3.451834,8324
5.66,-11.04224,-5,0.3628477,-0.06118974,-0.8709843,-7.205284,-4.707209,-4.760904,-3.542384,8324
5.68,-10.64575,-5,0.3781996,-0.06403,0.5030622,-7.222524,-4.707209,-4.76165,-3.519451,8324
5.7,-10.32239,-5,0.3656335,-0.06920598,0.2435202,-7.151392,-4.707209,-4.763756,-3.573405,8332
5.72,1.525024,-5,0.3625312,-0.06392451,-0.2908313,-7.035677,-4.639729,-4.724188,-3.441255,8336
5.74,-15.2251,-5,0.3585315,-0.05914047,0.1977187,-5.774714,-4.707209,-4.747137,-3.502675,8328
5.76,0.0008544922,-5,0.3516665,-0.04438002,0.2282531,-6.582434,-4.639729,-4.718078,-3.389939,8336
5.78,-15.05652,-5,0.3513256,-0.04243408,-0.3977011,-5.599945,-4.707209,-4.74614,-3.466912,8332
5.8,0.4681396,-5,0.3600316,-0.02755085,0.7473372,-6.472801,-4.639729,-4.71691,-3.312771,8328
5.82,-14.49304,-5,0.3539155,-0.02787737,-0.3824344,-5.483788,-4.707209,-4.745697,-3.413424,8316
5.84,-21.99963,-5,0.3605124,-0.03072177,0.4725278,-6.386099,-4.774689,-4.798173,-3.536839,8332
5.86,-3.130371,-5,0.362163,-0.04126792,-0.3366328,-7.716469,-4.707209,-4.781409,-3.496131,8324
5.88,-5.478394,-5,0.353682,-0.05440383,-0.03128911,-6.660804,-4.707209,-4.773593,-3.475054,8344
5.9,17.45679,-5,0.31056,-0.04540178,-0.8251827,-6.004301,-4.572248,-4.692127,-3.207045,8336
5.92,-5.299072,-5,0.3286724,-0.01587546,0.2129859,-3.340517,-4.639729,-4.691165,-3.031228,8316
5.94,-4.227539,-5,0.3272241,0.02349415,0.7320697,-3.869426,-4.639729,-4.691656,-2.947271,8320
5.96,-16.25439,-5,0.4025601,0.05591191,3.556499,-4.384091,-4.707209,-4.725502,-2.910678,8344
5.98,-11.30774,-5,0.4260483,0.06715655,0.3656577,-6.01359,-4.707209,-4.742238,-3.03198,8336
6,2.393311,-5,0.4388392,0.06670558,0.6862684,-6.606956,-4.639729,-4.71079,-3.020096,8340
6.02,-12.75183,-5,0.4000719,0.04920551,-1.16106,-5.51119,-4.707209,-4.743229,-3.258911,8332
6.04,-8.903931,-5,0.4126906,0.04605157,0.304589,-6.359312,-4.707209,-4.75523,-3.250193,8352
6.06,4.263672,-5,0.4114664,0.0429979,0.3656577,-6.500532,-4.639729,-4.720496,-3.174576,8352
6.08,-11.7356,-5,0.3928407,0.03574502,-0.4893047,-5.227324,-4.707209,-4.747273,-3.292174,8348
6.1,-8.056641,-5,0.3939807,0.03789362,0.304589,-6.004421,-4.707209,-4.758483,-3.289308,8348
6.12,5.069702,-5,0.3999932,0.04139635,0.5335966,-6.138881,-4.639729,-4.72237,-3.164263,8340
6.14,0.3720703,-5,0.3937905,0.04992978,-0.3213652,-4.881108,-4.639729,-4.706422,-3.100881,8344
6.16,-13.50159,-5,0.413593,0.06720498,0.5335966,-4.615943,-4.707209,-4.737227,-3.125878,8332
6.18,-8.36731,-5,0.401699,0.06883869,-0.01602192,-5.797643,-4.707209,-4.754863,-3.238769,8344
6.2,-5.451538,-5,0.3893965,0.05465903,-0.4435031,-6.014803,-4.707209,-4.76496,-3.302661,8340
6.22,6.874146,-5,0.4070296,0.05836145,0.304589,-5.897094,-4.639729,-4.724805,-3.090853,8324
6.24,1.471436,-5,0.406796,0.07150455,0.02977964,-4.574202,-4.639729,-4.705957,-3.004175,8328
6.26,-0.675415,-5,0.4076882,0.09470251,0.4572606,-4.247864,-4.639729,-4.697797,-2.942035,8340
6.28,-0.8302002,-5,0.3996163,0.1106785,-0.1686933,-4.218296,-4.639729,-4.696873,-2.944707,8332
6.3,-0.583252,-5,0.410493,0.1249375,0.2129859,-4.24739,-4.639729,-4.695958,-2.893364,8336
6.32,-0.0970459,-5,0.4086241,0.1339813,0.2282531,-4.23187,-4.639729,-4.696565,-2.881349,8336
6.34,0.7772217,-5,0.3952493,0.1374407,-0.107625,-4.123857,-4.639729,-4.698761,-2.879458,8336
6.36,-10.12207,-5,0.3960789,0.1351287,0.07558119,-3.98879,-4.707209,-4.739512,-2.953548,8344
6.38,-4.048584,-5,0.388595,0.1266506,-0.03128911,-4.970424,-4.707209,-4.758191,-2.986753,8344
6.4,-1.40918,-5,0.3874309,0.1129808,-0.04655629,-4.998164,-4.707209,-4.765293,-2.970047,8332
6.42,-0.737793,-5,0.3944711,0.1086873,0.01451245,-4.772295,-4.707209,-4.765287,-2.896312,8328
6.44,-0.7524414,-5,0.3970594,0.110899,-0.06182348,-4.562772,-4.707209,-4.763707,-2.848278,8324
6.46,-1.166138,-5,0.4125948,0.11996,0.1824515,-4.477002,-4.707209,-4.760663,-2.787932,8332
6.48,-1.11499,-5,0.4058342,0.1249995,0.01451245,-4.43767,-4.707209,-4.760928,-2.809182,8328
6.5,10.69824,-5,0.4070862,0.1375097,0.09084838,-4.383758,-4.639729,-4.720605,-2.659836,8336
6.52,-5.814575,-5,0.39884,0.1449865,-0.07709067,-3.151537,-4.707209,-4.744232,-2.72611,8328
6.54,-2.108276,-5,0.3995261,0.1556048,0.09084838,-4.004167,-4.707209,-4.755088,-2.718635,8332
6.56,-0.2889404,-5,0.4053225,0.1557134,-0.0007547362,-4.20871,-4.707209,-4.759946,-2.719381,8324
6.58,12.0498,-5,0.4074743,0.1634731,-0.0007547362,-4.140037,-4.639729,-4.720841,-2.560771,8356
6.6,-4.801147,-5,0.4152726,0.1730138,-0.0007547362,-2.899626,-4.707209,-4.742326,-2.581575,8360
6.62,-1.371216,-5,0.4147474,0.1842459,0.07558119,-3.777421,-4.707209,-4.752814,-2.598513,8368
6.64,0.4316406,-5,0.4177041,0.1832404,0.2740546,-4.01731,-4.707209,-4.758317,-2.623851,8324
6.66,12.97986,-5,0.4127442,0.187752,0.04504682,-3.949841,-4.639729,-4.720558,-2.490668,8324
6.68,-3.589966,-5,0.4137756,0.1935557,-0.03128911,-2.666239,-4.707209,-4.743208,-2.520332,8328
6.7,0.05810547,-5,0.4087028,0.2021131,-0.03128911,-3.471593,-4.707209,-4.754207,-2.529125,8340
6.72,1.583374,-5,0.4248285,0.2043609,0.8389403,-3.686052,-4.707209,-4.757638,-2.504574,8332
6.74,1.81543,-5,0.4408769,0.2088192,0.09084838,-3.726399,-4.707209,-4.757203,-2.473793,8348
6.76,2.079346,-5,0.4337817,0.2094962,0.1824515,-3.704579,-4.707209,-4.75856,-2.509462,8336
6.78,13.64343,-5,0.4449341,0.2217654,0.2587874,-3.675029,-4.639729,-4.717286,-2.348607,8328
6.8,-3.50061,-5,0.452819,0.2327065,0.3656577,-2.539711,-4.707209,-4.73888,-2.410278,8316
6.82,-0.7329102,-5,0.4767447,0.249556,2.197719,-3.600271,-4.707209,-4.747158,-2.413433,8320
6.84,0.4234619,-5,0.4909007,0.2514966,-0.183961,-4.067244,-4.707209,-4.751997,-2.493712,8316
6.86,12.65063,-5,0.4887171,0.2542607,0.1366499,-4.226396,-4.639729,-4.71547,-2.442671,8328
6.88,-3.593628,-5,0.4731008,0.2503304,-0.2908313,-3.070468,-4.707209,-4.742183,-2.585544,8332
6.9,11.39624,-5,0.4844095,0.2632829,0.8389403,-3.959392,-4.639729,-4.712327,-2.456835,8336
6.92,6.112549,-5,0.5422589,0.2861535,1.968712,-3.228425,-4.639729,-4.692731,-2.330724,8332
6.94,4.136719,-5,0.5283118,0.3022473,0.6251997,-3.23286,-4.639729,-4.689204,-2.44664,8328
6.96,-7.90979,-5,0.5417043,0.306488,0.1824515,-3.50518,-4.707209,-4.729582,-2.629468,8340
6.98,8.876099,-5,0.5578719,0.3089135,0.6404669,-4.929624,-4.639729,-4.707707,-2.61972,8328
7,6.155029,-5,0.5396145,0.2976565,-0.107625,-4.11466,-4.639729,-4.70189,-2.724618,8324
7.02,-6.364502,-5,0.5334293,0.2901017,-0.3060985,-3.856972,-4.707209,-4.740248,-2.865817,8336
7.04,22.39624,-5,0.5152668,0.2909308,-0.1228922,-4.837504,-4.572248,-4.67893,-2.712897,8324
7.06,-9.037476,-5,0.5104674,0.2821358,-0.1381594,-2.615521,-4.707209,-4.732128,-2.872437,8320
7.08,9.901733,-5,0.5116834,0.293225,0.1671843,-4.298704,-4.639729,-4.71454,-2.760915,8328
7.1,-5.297119,-5,0.5740144,0.30066,2.243521,-3.732006,-4.707209,-4.739979,-2.759841,8336
7.12,10.7041,-5,0.5406379,0.3004594,-0.183961,-4.753798,-4.639729,-4.717454,-2.831362,8320
7.14,-3.961426,-5,0.5390891,0.2897719,0.09084838,-3.832692,-4.707209,-4.748578,-2.956414,8328
7.16,-0.1923828,-5,0.5537143,0.2893563,0.2587874,-4.75412,-4.707209,-4.76026,-2.963571,8344
7.18,12.72119,-5,0.5622897,0.289544,0.2587874,-4.985056,-4.639729,-4.724675,-2.883526,8352
7.2,-3.985229,-5,0.5673033,0.2891463,-0.2144953,-3.877466,-4.707209,-4.748843,-2.983225,8352
7.22,11.25562,-5,0.5539984,0.2962003,0.2435202,-4.762274,-4.639729,-4.721815,-2.943707,8356
7.24,18.90149,-5,0.568106,0.3116155,0.9763447,-3.829669,-4.572248,-4.667916,-2.75594,8328
7.26,0.4731445,-5,0.560612,0.3297557,0.2129859,-2.442211,-4.639729,-4.685897,-2.820651,8324
7.28,3.522827,-5,0.5644311,0.3484452,0.5030622,-3.396446,-4.639729,-4.695404,-2.840227,8316
7.3,4.023682,-5,0.6206486,0.3653959,2.6252,-3.905492,-4.639729,-4.694691,-2.777024,8332
7.32,-6.617065,-5,0.5921929,0.3534235,-0.9015187,-4.118987,-4.707209,-4.741666,-3.085362,8324
7.34,10.65833,-5,0.6136694,0.3493537,0.04504682,-5.380546,-4.639729,-4.719995,-3.0035,8328
7.36,-4.06543,-5,0.6105384,0.3330621,0.04504682,-4.485023,-4.707209,-4.751538,-3.17353,8332
7.38,12.14233,-5,0.5825759,0.3245987,-0.3977011,-5.26095,-4.639729,-4.728375,-3.161323,8344
7.4,8.636841,-5,0.5875021,0.3221264,0.02977964,-4.153635,-4.639729,-4.716178,-3.095146,8328
7.42,-4.581787,-5,0.5876224,0.3256298,-0.06182348,-3.802066,-4.707209,-4.750475,-3.17958,8352
7.44,-0.07788086,-5,0.6061201,0.3286046,0.7320697,-4.964738,-4.707209,-4.764454,-3.207945,8332
7.46,1.858765,-5,0.6079677,0.3184291,-0.0007547362,-5.28256,-4.707209,-4.77181,-3.288948,8332
7.48,2.315063,-5,0.6184975,0.3119648,0.3351234,-5.333091,-4.707209,-4.773626,-3.302881,8340
7.5,2.179321,-5,0.6241753,0.3089141,0.2129859,-5.340621,-4.707209,-4.773921,-3.332887,8328
7.52,2.259399,-5,0.615939,0.304307,0.2282531,-5.332226,-4.707209,-4.775766,-3.397369,8332
7.54,2.27002,-5,0.619745,0.3026015,-0.03128911,-5.331898,-4.707209,-4.776373,-3.415752,8328
7.56,2.353638,-5,0.6167532,0.3006891,-0.2450293,-5.320659,-4.707209,-4.777463,-3.451982,8336
7.58,14.21765,-5,0.6087608,0.305518,-0.3213652,-5.25234,-4.639729,-4.738628,-3.350476,8328
7.6,-2.322021,-5,0.5991547,0.307771,-0.6419765,-4.002166,-4.707209,-4.762774,-3.430485,8324
7.62,1.544189,-5,0.5886062,0.3120232,-0.1381594,-4.808568,-4.707209,-4.775079,-3.456846,8336
7.64,3.040649,-5,0.6082703,0.3126315,0.7015356,-5.014138,-4.707209,-4.778236,-3.420132,8344
7.66,3.333008,-5,0.6175582,0.3141865,0.2282531,-5.029059,-4.707209,-4.778435,-3.407223,8328
7.68,3.376953,-5,0.6196902,0.3159415,0.4267263,-5.01596,-4.707209,-4.778581,-3.416152,8336
7.7,14.76672,-5,0.6302884,0.3282793,0.2129859,-5.012967,-4.639729,-4.737075,-3.269466,8328
7.72,9.25061,-5,0.6326311,0.3450293,0.1671843,-3.869198,-4.639729,-4.718878,-3.216472,8328
7.74,7.159058,-5,0.6355434,0.3682607,0.1824515,-3.679807,-4.639729,-4.711693,-3.184658,8332
7.76,6.384521,-5,0.6542561,0.389499,1.449628,-3.826713,-4.639729,-4.708351,-3.161177,8332
7.78,-4.682495,-5,0.6394373,0.3885421,-0.3824344,-3.974457,-4.707209,-4.751881,-3.375088,8332
7.8,1.16626,-5,0.6518344,0.3819006,0.06031401,-5.228335,-4.707209,-4.770705,-3.42465,8328
7.82,15.28833,-5,0.6478039,0.3719112,-0.4587703,-5.425448,-4.639729,-4.739128,-3.357336,8324
7.84,11.06311,-5,0.6323852,0.3691522,-0.1534266,-4.078531,-4.639729,-4.725367,-3.313112,8332
7.86,9.690552,-5,0.6154719,0.3787363,-0.1534266,-3.557838,-4.639729,-4.720008,-3.259584,8340
7.88,-2.477173,-5,0.630514,0.3880718,0.6404669,-3.425658,-4.707209,-4.755989,-3.296834,8316
7.9,25.93042,-5,0.6368116,0.4053213,-0.07709067,-4.533679,-4.572248,-4.691032,-3.061806,8332
7.92,-5.951904,-5,0.6478215,0.4093035,-0.03128911,-2.483642,-4.707209,-4.741873,-3.197971,8312
7.94,1.728027,-5,0.6355929,0.4140063,0.1061156,-4.304585,-4.707209,-4.767079,-3.282465,8320
7.96,4.337158,-5,0.6810502,0.4108286,2.640467,-4.881781,-4.707209,-4.773493,-3.248665,8324
7.98,16.9447,-5,0.6680331,0.4070178,-0.596175,-4.930358,-4.639729,-4.738012,-3.208345,8340
8,11.23975,-5,0.6940038,0.4202316,0.1519171,-3.779073,-4.639729,-4.718225,-3.095755,8348
8.02,-48.84766,5,0.6939271,0.4319898,0.01451245,-3.620533,-4.707209,-4.751539,-3.245837,8352
8.04,-36.06433,5,0.6991295,0.390658,0.6251997,-9.621569,-4.639729,-4.728849,-3.359845,8344
8.06,-56.66431,5,0.7248225,0.2728184,0.8236728,-12.45997,-4.707209,-4.756624,-3.751868,8336
8.08,-44.98718,5,0.5703313,0.09057797,-7.099994,-15.92941,-4.639729,-4.744308,-4.344552,8344
8.1,-49.91284,5,0.3408984,-0.1447955,-14.41297,-16.3304,-4.639729,-4.755269,-4.919695,8316
8.12,-210.7786,5,-0.02020334,-0.5285817,-21.1916,-16.28585,-5.58445,-5.352232,-7.364414,8336
8.14,20.39178,5,-0.4228481,-0.9056299,-13.1,-30.85035,-4.707209,-5.110993,-6.804568,8360
8.16,-20.43823,5,-0.6062124,-1.235458,-12.19923,-16.56729,-4.707209,-4.972149,-5.752973,8308
8.18,-41.03442,5,-0.9443356,-1.380359,-22.96259,-10.1777,-4.707209,-4.898131,-4.779424,8316
8.2,-49.78925,5,-1.172495,-1.468345,-14.51984,-7.299649,-4.707209,-4.856477,-3.845257,8324
8.22,-66.67365,5,-0.8313712,-1.402544,14.21299,-7.466633,-4.707209,-4.76243,-1.847441,8312
8.24,-89.10175,5,-0.4991267,-1.298171,9.419095,-10.4469,-4.707209,-4.673795,-0.9353138,8308
8.26,-93.41687,5,-0.4412991,-1.286368,1.449628,-14.90355,-4.639729,-4.602228,-1.296746,8312
8.28,-102.5592,5,-0.6706187,-1.428045,-10.45877,-17.56714,-4.639729,-4.612451,-2.44305,8316
8.3,-88.62488,5,-1.022858,-1.667655,-19.58855,-19.09213,-4.572248,-4.615116,-3.249667,8300
8.32,-111.2241,5,-1.390008,-1.959887,-18.88626,-17.55561,-4.707209,-4.718255,-3.832292,8304
8.34,-88.5755,5,-1.626203,-2.206042,-11.39007,-18.04552,-4.639729,-4.715361,-3.400793,8296
8.36,-150.6174,5,-1.782812,-2.442954,-6.183964,-15.72271,-4.977129,-4.897599,-3.412069,8296
8.38,-127.7914,5,-1.981851,-2.669124,-9.161062,-19.81831,-4.977129,-4.969946,-3.221106,8320
8.4,-122.0777,5,-2.10463,-2.894012,-8.53511,-19.84251,-4.977129,-4.98333,-2.754151,8312
8.42,51.79343,5,-2.349874,-2.990517,-15.29847,-18.11884,-3.96493,-4.3757,-0.376087,8312
8.44,-39.23192,5,-2.699472,-3.014724,-18.80992,1.680833,-4.03241,-4.14943,0.9262396,8268
8.46,-62.01111,5,-3.037035,-2.921158,-10.94732,6.682549,-4.03241,-4.056676,2.2718,8272
8.48,-141.6065,5,-2.523604,-2.70813,43.35804,5.821632,-4.36981,-4.129458,4.322514,8284
8.5,-132.2365,5,-1.88229,-2.469316,34.31987,-4.94333,-4.30233,-4.04977,5.643124,8304
8.52,-212.6253,5,-1.4034,-2.390168,15.99925,-12.90118,-4.639729,-4.192549,4.639162,8304
8.54,-197.9541,5,-1.430938,-2.545583,-7.55801,-26.2531,-4.639729,-4.302695,2.28633,8316
8.56,-177.9643,5,-2.091381,-3.026702,-37.37481,-31.43678,-4.639729,-4.456772,-0.9337922,8324
8.58,-148.3786,5,-3.096134,-3.681281,-54.39772,-29.51903,-4.639729,-4.622191,-3.167872,8300
8.6,-114.7386,5,-4.20179,-4.354071,-61.55802,-21.57512,-4.639729,-4.75712,-3.722315,8284
8.62,-79.95232,5,-5.367959,-4.955256,-60.5962,-9.000827,-4.639729,-4.852621,-2.739334,8312
8.64,61.31319,5,-6.609124,-5.382524,-1.603809,7.270973,-4.03241,-4.552146,0.778666,8320
8.66,173.9085,5,-5.810543,-4.952399,47.86186,29.99901,-3.02021,-3.552547,11.36068,8304
8.68,95.97321,5,-5.229409,-4.07361,29.12902,54.56824,-2.68281,-2.768791,18.22769,8248
8.7,-71.92334,5,-4.13624,-2.974566,41.72445,59.13802,-3.02021,-2.505948,22.44778,8220
8.72,-72.57471,5,-2.660671,-1.915179,70.5947,40.34506,-2.75029,-2.135606,25.0484,8216
8.74,-242.95,5,-1.33299,-1.24516,57.63285,23.12402,-3.357609,-2.30692,23.11431,8208
8.76,-124.6831,5,-0.8172708,-1.019288,24.79315,-7.050364,-2.75029,-2.102946,19.64186,8236
8.78,10.42413,5,-1.269388,-1.271394,-37.72596,-13.27918,-1.805569,-1.611477,15.77091,8196
8.8,-264.1851,5,-2.516022,-1.952385,-65.68017,-0.1544585,-3.08769,-2.352557,8.855536,8148
8.82,-47.89905,5,-3.7309,-2.679355,-56.21451,-14.94829,-2.48037,-2.439239,6.690033,8204
8.84,100.1985,5,-2.527125,-2.726091,34.88475,-6.613997,-1.40069,-1.587274,13.2234,8188
8.86,-151.689,5,-2.565327,-2.657025,0.1061156,13.58629,-2.142969,-1.640726,12.29494,8124
8.88,-194.9827,5,-2.970498,-2.692554,-23.64962,2.677265,-2.48037,-1.945517,9.738863,8160
8.9,-38.20105,5,-3.09789,-2.86492,28.41147,-8.240869,-1.805569,-1.70818,9.655831,8156
8.92,-147.8155,5,-2.665127,-2.9439,11.35803,-1.273042,-2.142969,-1.734585,10.15379,8144
8.94,38.82263,5,-2.869098,-2.92807,-23.58855,-6.713698,-1.06329,-1.129189,10.99508,8176
8.96,-103.5195,5,-3.473968,-3.088757,-31.55802,10.37162,-1.46817,-1.182199,9.356858,8128
8.98,19.54077,5,-3.658809,-3.036554,16.3504,8.125927,-0.7933693,-0.8007006,11.22431,8112
9,-174.6065,5,-2.6089,-2.740415,45.72445,15.23292,-1.46817,-0.8867807,13.30748,8084
9.02,-53.9256,5,-2.235629,-2.436923,15.32749,-0.7291363,-0.7933693,-0.5177832,13.60792,8128
9.04,-154.9545,5,-2.081537,-2.393108,12.93055,0.2327622,-1.06329,-0.5551966,11.56404,8092
9.06,-49.98242,5,-2.144014,-2.398019,-10.61145,-8.966533,-0.4559698,-0.2558311,10.70967,8092
9.08,-145.231,5,-2.572095,-2.631941,-22.01603,-3.191016,-0.7933693,-0.4045368,8.074509,8060
9.1,-192.6961,5,-2.544308,-2.816401,-6.947322,-9.275025,-1.13077,-0.6654107,6.93998,8084
9.12,-58.47736,5,-2.65492,-3.024935,1.083215,-17.53199,-0.5234499,-0.4316303,6.77352,8124
9.14,-149.853,5,-2.532918,-3.186135,2.197719,-10.01511,-0.7933693,-0.4615612,6.450998,8072
9.16,28.97888,5,-2.916446,-3.255004,-23.66489,-12.66392,0.2188301,0.08795342,7.101655,8088
9.18,-95.24847,5,-3.488986,-3.413178,-31.72595,5.404828,-0.1185694,0.07075103,6.208886,8032
9.2,1.452637,5,-2.770342,-3.079963,43.12903,2.583413,0.5562305,0.5914668,10.37205,8036
9.22,-195.8894,5,-2.189196,-2.772167,24.93055,8.230605,-0.1185694,0.4661873,10.09371,7996
9.24,-19.76965,5,-1.960875,-2.491634,3.510697,-8.422093,0.8261509,0.9488988,10.34297,8044
9.26,-135.0925,5,-1.859441,-2.44265,-0.3213652,-2.135648,0.5562305,0.9617403,8.609564,7992
9.28,-187.9802,5,-2.29808,-2.591262,-16.88626,-8.327818,0.2188301,0.673413,5.52252,7988
9.3,-40.09106,5,-1.818371,-2.601872,8.609936,-19.14488,0.9611101,1.042766,6.873365,8020
9.32,-111.6982,5,-2.181734,-2.786572,-18.27557,-10.24395,0.8261509,1.063902,4.921333,7976
9.34,-153.077,5,-2.812232,-3.0517,-31.57328,-9.616917,0.5562305,0.8341686,2.822125,7976
9.36,-45.35266,5,-1.981711,-2.944055,19.86185,-15.99691,1.16355,1.227426,6.042591,7992
9.38,-157.0278,5,-2.10412,-2.977568,-9.558009,-9.099848,0.8261509,1.166489,4.358698,7944
9.4,-194.1333,5,-2.31477,-3.090167,-1.680145,-15.25504,0.5562305,0.9333134,2.484958,7968
9.42,174.933,5,-2.141515,-2.997663,8.121386,-22.92827,2.58063,2.063357,6.004261,7992
9.44,-31.15308,5,-2.554901,-2.945081,-27.37481,10.47528,2.243231,2.315246,5.765597,7860
9.46,51.04724,5,-3.01151,-2.662044,-8.092361,13.47244,2.850551,2.742126,7.297345,7908
9.48,-135.5853,5,-1.715036,-2.093365,56.74736,19.14673,2.243231,2.730983,10.30106,7880
9.5,-18.89429,5,-1.255562,-1.601878,32.19773,2.745013,2.918031,3.120507,10.60911,7912
9.52,35.00293,5,-0.6885052,-1.217665,27.05269,1.998753,3.592831,3.6949,11.18826,7860
9.54,-89.11743,5,-1.114527,-1.129177,-17.16107,8.205972,3.25543,3.624571,7.939068,7828
9.56,-196.8553,5,-0.6298561,-1.030392,27.96872,-2.131714,2.64811,3.251019,6.436401,7844
9.58,-52.41724,5,-0.2961789,-1.043935,7.968714,-20.7725,3.25543,3.439586,5.425381,7876
9.6,-76.82922,5,-0.6767216,-1.331777,-30.00076,-17.27683,3.25543,3.435607,2.493991,7860
9.62,-123.7155,5,-1.556972,-1.780049,-42.9626,-14.64235,2.918031,3.118886,-0.8183295,7840
9.64,2.195557,5,-1.136003,-1.873901,15.49543,-18.86753,3.525351,3.434536,1.622914,7864
9.66,-33.88477,5,-1.187859,-1.91538,-6.565642,-8.787371,3.592831,3.620129,1.716667,7828
9.68,47.51721,5,-1.428051,-1.832337,10.36566,-4.768971,4.20015,4.038789,2.572846,7836
9.7,-67.12109,5,-0.9590808,-1.572116,22.22826,4.393084,3.93023,4.12334,3.811052,7780
9.72,40.30054,5,-0.9135776,-1.282732,27.19009,-1.04416,4.60503,4.54008,4.487171,7812
9.74,-98.79773,5,-0.2381,-0.9672105,25.20536,3.756362,4.20015,4.533939,4.768489,7756
9.76,-149.298,5,-0.3433379,-0.8881663,-11.31374,-6.909236,3.86275,4.256163,1.869603,7780
9.78,61.92139,5,0.08258718,-0.7889777,14.94582,-20.10748,4.94243,4.793447,2.899067,7804
9.8,-62.86145,5,-0.3427535,-0.9287435,-27.11527,-6.236004,4.60503,4.745054,0.3500568,7744
9.82,-44.55261,5,-1.018791,-1.110702,-28.0313,-7.418552,4.60503,4.634583,-1.365501,7772
9.84,104.0728,5,0.4338464,-0.7065266,49.02216,-10.90262,5.61723,5.400474,4.254873,7756
9.86,-61.82471,5,0.2195164,-0.5190263,-5.329,2.328524,5.21235,5.421824,1.846298,7692
9.88,-54.49182,5,-0.1233267,-0.4465956,6.961079,-4.5477,5.21235,5.341509,-0.1206989,7712
9.9,-115.5715,5,0.9289393,-0.236609,42.33514,-12.02055,4.94243,5.253265,0.6794486,7736
9.92,-86.94104,5,0.7126743,-0.3225019,-13.29847,-22.39809,5.009911,5.167835,-2.460095,7720
9.94,-83.19031,5,-0.1541018,-0.7662243,-46.65726,-23.51038,4.87495,4.908522,-6.281807,7724
9.96,-32.17163,5,-0.7395344,-1.209868,-11.86335,-21.87792,4.94243,4.792404,-7.099296,7736
9.98,-29.33643,5,-1.021579,-1.506108,-16.74885,-14.7231,4.87495,4.724107,-6.363793,7736
10,170.705,5,-1.407383,-1.56018,-7.267933,-7.990861,5.95463,5.349442,-3.311082,7736
10.02,-148.2439,5,-1.246829,-1.456588,7.999248,15.61877,4.60503,4.890272,-2.527876,7676
10.04,94.83496,5,-1.192755,-1.152377,12.73207,-0.7475145,5.61723,5.311882,0.1873371,7752
10.06,-50.7948,5,-0.08366808,-0.7420754,42.62521,9.118065,5.21235,5.393232,2.773829,7688
10.08,-35.13464,5,-0.3505078,-0.5273899,-12.50458,1.863768,5.27983,5.388483,1.168313,7716
10.1,-33.57214,5,-0.6476714,-0.5707459,22.28933,-0.3444055,5.21235,5.275005,-0.2518513,7716
10.12,-11.8949,5,-0.4193184,-0.5518817,5.632835,-2.38009,5.27983,5.299122,0.5715035,7736
10.14,2.208862,5,-0.6328263,-0.6023727,-13.97022,-0.7827962,5.34731,5.323486,0.2241579,7744
10.16,-88.11084,5,-0.4051703,-0.5915746,6.060316,0.751391,4.87495,5.089562,0.2375945,7740
10.18,-50.38916,5,-0.6017709,-0.6832628,-3.023656,-6.679693,4.87495,4.95419,-0.758521,7756
10.2,-24.52087,5,-0.5018609,-0.7777768,1.648101,-8.085419,4.94243,4.953702,-0.4946399,7740
10.22,-19.30981,5,-0.810117,-0.9227873,-22.50458,-5.363735,4.94243,4.924235,-1.057876,7748
10.24,-8.321167,5,-0.7241482,-0.9374666,5.739706,-3.307127,5.009911,4.984053,-0.07649657,7764
10.26,-30.47156,5,-0.6235495,-0.8889797,0.9763447,-1.204689,4.94243,4.992466,0.391718,7744
10.28,-34.5708,5,-0.453951,-0.7991578,7.388561,-2.625662,4.94243,5.014715,0.7278827,7756
10.3,-50.08386,5,-0.3588103,-0.7494673,5.419095,-4.326481,4.87495,4.982984,0.3914961,7768
10.32,-34.05066,5,-0.3547041,-0.7473489,0.3656577,-7.009558,4.94243,4.996299,-0.02445489,7740
10.34,-36.66895,5,-0.364164,-0.777101,-0.5809073,-7.139325,4.94243,4.993488,-0.4051542,7740
10.36,-36.40393,5,-0.4226294,-0.8183947,-2.489305,-7.301421,4.94243,4.982014,-0.7662512,7744
10.38,-36.51697,5,-0.4163367,-0.8463264,0.3198562,-7.410705,4.94243,4.978178,-0.8694671,7728
10.4,-36.69385,5,-0.4359847,-0.8725407,-0.3366328,-7.434491,4.94243,4.973868,-1.036733,7736
10.42,-48.62646,5,-0.4391022,-0.8995703,0.07558119,-7.488388,4.87495,4.931128,-1.268086,7740
10.44,-43.30298,5,-0.4557558,-0.9317071,-0.5045714,-8.676374,4.87495,4.909585,-1.463882,7752
10.46,-41.45935,5,-0.4558981,-0.9653879,-0.183961,-8.92719,4.87495,4.90076,-1.569747,7736
10.48,-28.04541,5,-0.527954,-1.001633,-2.84045,-8.642386,4.94243,4.929826,-1.645835,7740
10.5,-32.7406,5,-0.5383241,-1.013678,-0.7793808,-7.068776,4.94243,4.946112,-1.513599,7744
10.52,-45.83618,5,-0.5749487,-1.02091,-2.092359,-6.406207,4.87495,4.911024,-1.604848,7764
10.54,-41.52319,5,-0.5494269,-1.018061,0.8236728,-7.374868,4.87495,4.900307,-1.508604,7748
10.56,-27.81677,5,-0.5707609,-1.024109,-0.4129688,-7.479802,4.94243,4.933651,-1.429329,7752
10.58,-32.4054,5,-0.5739787,-1.019928,-0.7488468,-6.154738,4.94243,4.95054,-1.296066,7756
10.6,-34.55725,5,-0.5700825,-1.000962,0.5030622,-5.755733,4.94243,4.960129,-1.170928,7764
10.62,-35.19153,5,-0.5722473,-0.9852679,0.5030622,-5.699823,4.94243,4.963645,-1.122869,7748
10.64,-46.40479,5,-0.5830468,-0.9854677,-0.3060985,-5.712888,4.87495,4.922745,-1.239485,7748
10.66,-29.1604,5,-0.5751104,-0.9831039,0.1061156,-6.85208,4.94243,4.946424,-1.099051,7764
10.68,-32.44751,5,-0.5700681,-0.9830033,-0.1228922,-5.879519,4.94243,4.958739,-1.017455,7736
10.7,-44.90137,5,-0.5986373,-0.9875872,-0.2908313,-5.497661,4.87495,4.921161,-1.136511,7752
10.72,-28.53284,5,-0.5780144,-0.9799746,0.3198562,-6.544964,4.94243,4.948611,-0.9433424,7760
10.74,-32.17236,5,-0.5761051,-0.9769687,0.02977964,-5.589727,4.94243,4.961602,-0.8839809,7736
10.76,-33.32275,5,-0.5960512,-0.9699916,-0.3213652,-5.258943,4.94243,4.965543,-0.8589998,7744
10.78,-45.60046,5,-0.5756774,-0.9637434,0.3809245,-5.249285,4.87495,4.929745,-0.8898005,7752
10.8,-16.7478,5,-0.5967746,-0.9583094,-0.09235785,-6.35826,5.009911,4.991403,-0.7245659,7744
10.82,-36.58521,5,-0.5996507,-0.9575215,-0.06182348,-4.192953,4.94243,4.97946,-0.712616,7736
10.84,-34.23926,5,-0.6170564,-0.946005,-0.03128911,-4.705841,4.94243,4.973142,-0.6741487,7756
10.86,-34.39795,5,-0.5552741,-0.9263184,2.6252,-5.0137,4.94243,4.978297,-0.503095,7752
10.88,-33.85583,5,-0.5885429,-0.9276797,-1.619076,-5.119386,4.94243,4.974318,-0.6281513,7756
10.9,-22.12122,5,-0.5717465,-0.9167804,0.2282531,-5.165396,5.009911,5.015559,-0.4295807,7752
10.92,-27.50195,5,-0.5746062,-0.902858,-0.01602192,-4.001809,5.009911,5.033742,-0.3612561,7752
10.94,-41.24573,5,-0.5706695,-0.8887641,-0.09235785,-3.814813,4.94243,5.001258,-0.4331857,7756
10.96,-36.47839,5,-0.5631478,-0.8849743,0.6557342,-5.101655,4.94243,4.985827,-0.487913,7768
10.98,-34.01416,5,-0.5728846,-0.8993605,-0.596175,-5.435488,4.94243,4.976674,-0.5691484,7760
11,-33.35095,5,-0.5628312,-0.908352,-0.1686933,-5.441718,4.94243,4.975187,-0.53758,7756
11.02,-33.14612,5,-0.5737653,-0.9167821,0.06031401,-5.342907,4.94243,4.973985,-0.5612181,7768
11.04,-33.06763,5,-0.5789549,-0.9220394,-0.04655629,-5.240124,4.94243,4.973691,-0.555397,7776
11.06,-44.69531,5,-0.5795021,-0.9319431,0.1824515,-5.188073,4.87495,4.933619,-0.6752274,7784
11.08,-27.76599,5,-0.5813165,-0.9384397,-0.1228922,-6.295784,4.94243,4.956315,-0.6061715,7760
11.1,-42.97864,5,-0.5710123,-0.9506774,0.1366499,-5.379396,4.87495,4.928129,-0.686821,7768
11.12,-39.03772,5,-0.5868063,-0.9615176,-0.6419765,-6.257996,4.87495,4.913973,-0.7669197,7760
11.14,-26.50232,5,-0.5609331,-0.9626248,0.5946653,-6.503347,4.94243,4.952068,-0.6084489,7756
11.16,-31.35193,5,-0.5874655,-0.9655685,-0.7946484,-5.31289,4.94243,4.965958,-0.6381166,7768
11.18,-45.44043,5,-0.5665949,-0.956991,0.3503905,-5.114108,4.87495,4.93488,-0.6734914,7764
11.2,-29.27283,5,-0.5725746,-0.9531282,-0.0007547362,-6.359143,4.94243,4.9589,-0.6566938,7748
11.22,-43.79224,5,-0.5884622,-0.9686266,-0.6572433,-5.521053,4.87495,4.926393,-0.8248349,7772
11.24,-40.0387,5,-0.5728831,-0.9731687,0.6710012,-6.48705,4.87495,4.91485,-0.8119606,7748
11.26,-38.18628,5,-0.5923364,-0.9922258,-0.4587703,-6.680536,4.87495,4.906949,-0.9153246,7732
11.28,-26.47571,5,-0.5759833,-0.9932752,0.3198562,-6.653251,4.94243,4.947725,-0.7334229,7756
11.3,-32.11169,5,-0.5836695,-0.9877074,-0.0007547362,-5.429722,4.94243,4.965705,-0.6935287,7744
11.32,-34.61938,5,-0.5786799,-0.9704346,0.1519171,-5.209183,4.94243,4.974216,-0.6419911,7760
11.34,-46.59827,5,-0.5927659,-0.9703362,0.01451245,-5.293637,4.87495,4.933886,-0.8248458,7744
11.36,-40.86157,5,-0.5960935,-0.9808721,-0.04655629,-6.54576,4.87495,4.914573,-0.9008954,7760
11.38,-26.48877,5,-0.6124097,-0.9969596,-0.9473198,-6.712254,4.94243,4.945136,-0.8301801,7744
11.4,-18.98853,5,-0.6344202,-0.9969111,0.4267263,-5.27291,5.009911,4.999564,-0.6168039,7740
11.42,-49.75415,5,-0.6234112,-0.9840989,0.2282531,-3.653962,4.87495,4.946929,-0.6564211,7740
11.44,-31.57629,5,-0.5746807,-0.9543718,2.167185,-5.827881,4.94243,4.969133,-0.4716491,7752
11.46,-21.86096,5,-0.6004493,-0.9517941,-2.260297,-5.313979,5.009911,5.013012,-0.4693903,7744
11.48,-51.03333,5,-0.5986375,-0.9514501,1.43436,-4.051703,4.87495,4.952324,-0.6241418,7736
11.5,-19.00537,5,-0.6127312,-0.9428653,-0.1534266,-6.063145,5.009911,5.003856,-0.4656829,7756
11.52,-37.06421,5,-0.6291529,-0.9539295,-1.267931,-4.12642,4.94243,4.984723,-0.5407448,7756
11.54,-46.17859,5,-0.6227847,-0.9530595,1.999246,-4.717038,4.87495,4.938529,-0.5853128,7744
11.56,-16.41956,5,-0.6257241,-0.9516703,-1.390068,-5.96367,5.009911,4.998502,-0.3845755,7740
11.58,-36.37561,5,-0.6204954,-0.9525638,0.1213828,-3.825859,4.94243,4.987063,-0.3718812,7756
11.6,-34.51733,5,-0.6265277,-0.9397414,1.525963,-4.408485,4.94243,4.982077,-0.33779,7744
11.62,-45.56909,5,-0.6024778,-0.939266,-0.4282355,-4.709946,4.87495,4.941454,-0.4299703,7744
11.64,-40.03589,5,-0.598786,-0.9501747,0.7778715,-6.036145,4.87495,4.922631,-0.5253534,7776
11.66,-37.56165,5,-0.6092824,-0.9743713,-1.099992,-6.318183,4.87495,4.912826,-0.6191893,7756
11.68,-25.85254,5,-0.5893841,-0.9785783,1.174818,-6.299326,4.94243,4.953479,-0.4431775,7740
11.7,-42.96802,5,-0.6053787,-0.985537,-0.4740371,-5.079382,4.87495,4.929653,-0.5758029,7740
11.72,-29.17334,5,-0.5717124,-0.9687846,0.9000088,-6.092211,4.94243,4.963797,-0.4067479,7752
11.74,-45.03552,5,-0.5830286,-0.974023,-0.9015187,-5.356923,4.87495,4.934703,-0.618844,7748
11.76,-18.5946,5,-0.5646875,-0.9583957,0.7778715,-6.486102,5.009911,5.004158,-0.3912457,7736
11.78,-39.20642,5,-0.583144,-0.958691,-0.8709843,-4.527654,4.94243,4.990839,-0.5357857,7748
11.8,-49.90857,5,-0.5447986,-0.9447045,1.480162,-5.472135,4.87495,4.948552,-0.6053431,7744
11.82,-32.54102,5,-0.5375511,-0.9474346,-0.4893047,-7.175072,4.94243,4.967293,-0.6671653,7756
11.84,-23.56348,5,-0.5544083,-0.9575604,-0.7793808,-6.466607,5.009911,5.012657,-0.6432465,7764
11.86,-40.76489,5,-0.5974019,-0.9681009,-0.6267089,-4.976086,4.94243,4.987954,-0.7924445,7736
11.88,-38.15027,5,-0.5704582,-0.9591094,0.5641309,-5.819865,4.94243,4.981526,-0.709623,7752
11.9,-37.20422,5,-0.5662439,-0.9621229,-0.06182348,-6.126578,4.94243,4.977915,-0.764165,7748
11.92,-36.95398,5,-0.5631903,-0.9670079,0.1061156,-6.244865,4.94243,4.976285,-0.7930838,7744
11.94,-36.58008,5,-0.5781849,-0.9759968,0.01451245,-6.248147,4.94243,4.97352,-0.8530366,7736
11.96,-47.73767,5,-0.5893712,-0.9925467,-0.06182348,-6.200775,4.87495,4.930899,-1.009506,7760
11.98,-30.60168,5,-0.5917323,-1.003063,0.06031401,-7.262599,4.94243,4.953035,-0.9312608,7748
12,-34.02942,5,-0.590925,-1.011698,-0.8099151,-6.237831,4.94243,4.96455,-0.8844728,7752
12.02,-46.89966,5,-0.6116772,-1.019384,0.3656577,-5.863984,4.87495,4.927824,-1.010525,7748
12.04,-41.93213,5,-0.6107092,-1.027927,-0.550373,-6.918738,4.87495,4.912035,-1.037012,7744
12.06,-39.93469,5,-0.6118981,-1.044406,0.3198562,-7.10919,4.87495,4.905518,-1.063292,7744
12.08,-39.29004,5,-0.6193696,-1.058085,-0.1992282,-7.009238,4.87495,4.903341,-1.063519,7752
12.1,-28.16699,5,-0.6043718,-1.052901,0.02977964,-6.905172,4.94243,4.94655,-0.866305,7760
12.12,-34.23376,5,-0.6005535,-1.039516,0.2435202,-5.728602,4.94243,4.966715,-0.7935222,7752
12.14,-48.42261,5,-0.5955369,-1.026263,0.07558119,-5.607469,4.87495,4.934753,-0.8944278,7748
12.16,-32.69568,5,-0.5729768,-1.012637,0.2282531,-7.009993,4.94243,4.961507,-0.8148358,7752
12.18,-35.85706,5,-0.5896177,-1.017056,-0.2908313,-6.292771,4.94243,4.969348,-0.8937576,7752
12.2,-36.82312,5,-0.6009224,-1.015678,-0.04655629,-6.101661,4.94243,4.971667,-0.8932222,7756
12.22,-37.55444,5,-0.5826731,-1.007879,-0.1228922,-6.134974,4.94243,4.975114,-0.8395907,7748
12.24,-49.50171,5,-0.5813568,-1.011806,0.304589,-6.260777,4.87495,4.935196,-1.002421,7748
12.26,-32.53857,5,-0.5825301,-1.017305,-0.2297625,-7.520613,4.94243,4.956774,-0.971622,7756
12.28,-47.56958,5,-0.5750718,-1.031985,0.1671843,-6.692099,4.87495,4.927063,-1.087993,7744
12.3,-43.36877,5,-0.5972533,-1.047348,0.1366499,-7.589278,4.87495,4.911265,-1.197612,7744
12.32,-30.16516,5,-0.5939599,-1.057604,-0.3671672,-7.744431,4.94243,4.946068,-1.08565,7740
12.34,-46.97791,5,-0.5922681,-1.064481,0.3656577,-6.547786,4.87495,4.922816,-1.151419,7748
12.36,-32.38672,5,-0.5933051,-1.057302,-0.1992282,-7.427641,4.94243,4.953011,-1.053945,7736
12.38,-36.36487,5,-0.5991206,-1.056191,0.02977964,-6.516724,4.94243,4.965237,-1.049382,7748
12.4,-38.25574,5,-0.5908748,-1.043819,0.2740546,-6.346064,4.94243,4.971953,-0.9938756,7752
12.42,-38.78284,5,-0.5960072,-1.036671,-0.2602969,-6.406726,4.94243,4.973075,-1.019071,7748
12.44,-50.6438,5,-0.5834445,-1.037928,0.2435202,-6.56747,4.87495,4.933735,-1.138643,7776
12.46,-45.02002,5,-0.5935338,-1.052508,-0.1686933,-7.836313,4.87495,4.913703,-1.264797,7748
12.48,-31.13342,5,-0.5938432,-1.067328,-0.1381594,-8.080662,4.94243,4.945823,-1.181159,7752
12.5,-47.22522,5,-0.6105039,-1.082815,-0.6725109,-6.811829,4.87495,4.919418,-1.28294,7756
12.52,129.7712,5,-0.6204102,-0.9705573,-0.6114421,-7.187637,5.887151,5.517281,0.7629919,7744
12.54,-112.6055,5,-0.6068521,-0.8841482,-0.1381594,10.02522,4.94243,5.22118,0.01694775,7672
12.56,106.1407,5,-0.6388471,-0.6573837,2.243521,-2.577537,5.95463,5.684139,1.711145,7748
12.58,34.28589,5,-0.09425265,-0.3766258,39.41911,9.353443,5.95463,5.949214,3.460079,7664
12.6,-5.143799,5,-0.2049069,-0.1318364,-10.74885,10.32225,5.887151,5.984432,2.845543,7672
12.62,14.47168,5,-0.4707996,-0.05813744,25.64811,7.926818,5.95463,5.976452,1.975898,7716
12.64,3.121582,5,0.1544167,0.1467008,27.22063,6.226203,5.95463,6.047981,3.512255,7692
12.66,0.5507812,5,0.0147296,0.2013573,-11.3748,4.43344,5.95463,6.034653,2.36345,7720
12.68,6.327393,5,0.3519458,0.308545,12.96108,1.872437,6.02211,6.097306,2.776464,7696
12.7,-9.941528,5,0.227799,0.2972868,-1.878618,1.15144,5.95463,6.045852,1.519889,7680
12.72,-21.34229,5,0.4552203,0.3202273,5.953446,-1.77149,5.887151,6,1.315942,7676
12.74,-4.722656,5,0.4556363,0.2886672,0.2129859,-4.841058,5.95463,6.002862,0.5005908,7688
12.76,-54.70142,5,0.4865429,0.2103505,-2.046557,-5.412295,5.684711,5.834284,-0.6594544,7700
12.78,1.510254,5,0.4191329,0.1174136,-6.290833,-10.54593,5.887151,5.863337,-1.28692,7684
12.8,-3.612793,5,0.3132104,-0.003384404,-5.054192,-7.91787,5.887151,5.861787,-1.887437,7712
12.82,-0.1083984,5,0.03931497,-0.1238742,-17.58855,-5.785255,5.887151,5.833175,-2.484844,7720
12.84,2.283447,5,0.01341487,-0.1718743,0.9458106,-3.935611,5.887151,5.831687,-2.149558,7720
12.86,2.732056,5,-0.008566314,-0.1776829,-2.458771,-2.392892,5.887151,5.838364,-1.869759,7692
12.88,0.4310303,5,0.07735559,-0.1328784,3.205353,-1.61191,5.887151,5.857869,-1.414527,7704
12.9,10.47498,5,0.0955654,-0.08076034,1.190086,-1.356779,5.95463,5.907564,-1.190758,7720
12.92,3.93689,5,0.1516012,-0.01999344,1.159551,-0.3567029,5.95463,5.933552,-0.9922048,7708
12.94,2.215576,5,0.1510312,0.02836245,0.9152762,-0.3470701,5.95463,5.939484,-1.02405,7692
12.96,-8.966064,5,0.1685128,0.05629864,0.5488637,-0.590287,5.887151,5.898916,-1.15659,7696
12.98,8.638794,5,0.1963724,0.07978646,1.129017,-1.940425,5.95463,5.92124,-1.069232,7720
13,-5.897827,5,0.2245113,0.08996093,1.022146,-1.169651,5.887151,5.891729,-1.169894,7692
13.02,-1.183716,5,0.219331,0.09602866,-0.3366328,-2.106232,5.887151,5.875482,-1.280102,7700
13.04,12.91394,5,0.2237127,0.1008727,0.01451245,-2.233218,5.95463,5.907708,-1.204576,7720
13.06,8.691284,5,0.2286176,0.1150157,0.3198562,-0.9072703,5.95463,5.922717,-1.138142,7684
13.08,-5.180298,5,0.2655676,0.1426315,1.70917,-0.6044874,5.887151,5.892678,-1.155482,7688
13.1,10.88062,5,0.2896164,0.1697456,0.9305434,-1.855225,5.95463,5.918836,-1.105572,7692
13.12,7.291748,5,0.3192511,0.1902965,0.3961921,-1.155858,5.95463,5.930624,-1.108911,7704
13.14,5.86731,5,0.3355152,0.2152966,1.006879,-1.108801,5.95463,5.934654,-1.144235,7684
13.16,-5.969116,5,0.3535744,0.22838,0.3961921,-1.304137,5.887151,5.894064,-1.344918,7700
13.18,11.42334,5,0.3629762,0.2366082,0.3503905,-2.630306,5.95463,5.913723,-1.372272,7692
13.2,9.25061,5,0.3510252,0.2336489,-0.2755641,-1.706837,5.95463,5.918762,-1.460809,7684
13.22,7.944458,5,0.381238,0.2522364,1.877109,-1.416588,5.95463,5.924627,-1.388149,7692
13.24,6.786133,5,0.4194029,0.2782687,1.831307,-1.482756,5.95463,5.929399,-1.377152,7676
13.26,6.349365,5,0.4379087,0.2984505,1.281688,-1.702906,5.95463,5.92943,-1.467128,7692
13.28,-4.825684,5,0.443668,0.3019399,0.1671843,-1.934069,5.887151,5.885314,-1.72341,7684
13.3,13.02124,5,0.4440099,0.301581,0.1824515,-3.187156,5.95463,5.902997,-1.76522,7692
13.32,10.71594,5,0.4402523,0.2968569,-0.06182348,-2.197834,5.95463,5.909219,-1.81658,7700
13.34,9.71228,5,0.4491498,0.3091929,0.6862684,-1.805617,5.95463,5.913102,-1.789976,7700
13.36,-2.40918,5,0.4710966,0.3207697,1.129017,-1.743837,5.887151,5.875288,-1.913914,7692
13.38,3.041748,5,0.4816796,0.3239695,0.1977187,-2.957925,5.887151,5.856651,-2.037033,7696
13.4,5.815186,5,0.4816047,0.3141488,-0.107625,-3.205164,5.887151,5.846099,-2.155202,7700
13.42,18.44763,5,0.4930644,0.3185793,0.2435202,-3.099793,5.95463,5.883213,-2.042308,7688
13.44,13.7218,5,0.4858518,0.3308021,-0.07709067,-1.728819,5.95463,5.898485,-2.025166,7696
13.46,11.93982,5,0.4964881,0.3579862,0.7626044,-1.33329,5.95463,5.90569,-1.968342,7700
13.48,0.3818359,5,0.4963871,0.3726269,0.4725278,-1.271145,5.887151,5.865594,-2.12517,7688
13.5,17.64319,5,0.5205176,0.3904841,1.190086,-2.446619,5.95463,5.888987,-2.023287,7696
13.52,15.37903,5,0.5082991,0.3960397,-0.3671672,-1.433755,5.95463,5.896133,-2.05712,7700
13.54,14.23987,5,0.5352569,0.4207694,0.6251997,-1.080574,5.95463,5.902781,-1.942448,7700
13.56,13.98828,5,0.5460115,0.4446827,0.7320697,-0.9932271,5.95463,5.904903,-1.936405,7688
13.58,25.92102,5,0.5562056,0.4729021,0.2282531,-0.964386,6.02211,5.945238,-1.804078,7696
13.6,-1.801758,5,0.557643,0.4856889,0.1671843,0.2092984,5.887151,5.88021,-2.022534,7656
13.62,-3.321899,5,0.5482223,0.4809801,-0.03128911,-1.800117,5.819671,5.806973,-2.283625,7708
13.64,41.93689,5,0.5430368,0.4737346,-0.4129688,-3.178715,6.02211,5.894463,-2.016997,7704
13.66,7.102905,5,0.5316004,0.4658,0.01451245,0.470982,5.887151,5.854265,-2.087294,7696
13.68,23.97595,5,0.5591628,0.5031562,2.106116,-0.6990198,5.95463,5.882551,-1.810631,7700
13.7,16.83264,5,0.7388492,0.5738722,7.892378,-0.3705215,5.95463,5.915618,-1.42099,7684
13.72,15.38245,5,0.6711797,0.59811,-0.107625,-0.6436118,5.95463,5.91167,-1.845294,7688
13.74,3.216064,5,0.7444012,0.6213732,0.6404669,-1.240095,5.887151,5.873236,-1.949878,7712
13.76,20.4043,5,0.7499342,0.6283261,1.556498,-2.853005,5.95463,5.891036,-2.093973,7720
13.78,18.49231,5,0.7275814,0.6168741,0.2587874,-2.106323,5.95463,5.892395,-2.283119,7704
13.8,17.71094,5,0.7425349,0.6231831,0.1519171,-1.856671,5.95463,5.894405,-2.285827,7708
13.82,5.817017,5,0.7538847,0.6257798,1.129017,-1.832397,5.887151,5.854135,-2.474933,7696
13.84,23.47839,5,0.7397551,0.6238418,-0.2144953,-2.940633,5.95463,5.872187,-2.528362,7692
13.86,9.678223,5,0.7324499,0.611273,-0.5809073,-1.887169,5.887151,5.838132,-2.690491,7704
13.88,25.40601,5,0.7533034,0.6226792,0.5488637,-2.627179,5.95463,5.866574,-2.546316,7708
13.9,22.0033,5,0.7490793,0.630917,0.06031401,-1.510477,5.95463,5.877592,-2.557935,7704
13.92,21.14771,5,0.742063,0.6482276,0.2740546,-1.089412,5.95463,5.88092,-2.542772,7700
13.94,8.927246,5,0.7822142,0.6689414,2.121383,-1.053549,5.887151,5.845579,-2.579542,7688
13.96,14.35999,5,0.7914707,0.6772785,-0.0007547362,-2.289064,5.887151,5.827576,-2.693503,7688
13.98,16.84729,5,0.8067145,0.6747624,0.3656577,-2.603384,5.887151,5.819132,-2.764021,7696
14,30.57275,5,0.770081,0.6694083,-0.1686933,-2.407565,5.95463,5.850401,-2.762563,7688
14.02,26.70825,5,0.7594734,0.6773009,-0.550373,-0.853502,5.95463,5.86463,-2.666086,7704
14.04,13.47168,5,0.7754596,0.6991112,0.5183294,-0.291888,5.887151,5.833426,-2.652661,7720
14.06,18.60205,5,0.7842528,0.7152101,0.7626044,-1.279375,5.887151,5.818738,-2.672159,7712
14.08,31.62476,5,0.8382973,0.74003,1.861841,-1.56451,5.95463,5.858116,-2.453733,7700
14.1,16.27039,5,0.8027043,0.7443469,-0.3671672,-0.3390173,5.887151,5.828332,-2.663714,7708
14.12,32.7254,5,0.7947266,0.7602133,-0.2450293,-1.021838,5.95463,5.854048,-2.539322,7704
14.14,17.08636,5,0.8485278,0.781557,1.571765,-0.01281548,5.887151,5.831781,-2.475625,7724
14.16,33.45953,5,0.8135936,0.7970499,0.3351234,-0.7761183,5.95463,5.855536,-2.482446,7712
14.18,18.75879,5,0.8399509,0.8094248,0.7626044,0.2646023,5.887151,5.828414,-2.484064,7716
14.2,34.62775,5,0.8473758,0.8324246,0.8694746,-0.5261993,5.95463,5.856824,-2.354252,7696
14.22,31.5835,5,0.8483341,0.8494275,0.1213828,0.5564325,5.95463,5.868278,-2.309398,7704
14.24,31.05121,5,0.8412431,0.8725631,0.1519171,0.9937031,5.95463,5.871924,-2.254844,7720
14.26,31.6142,5,0.8430974,0.8953428,0.3809245,1.23009,5.95463,5.872846,-2.190939,7708
14.28,32.79248,5,0.8362622,0.9136757,0.1519171,1.474394,5.95463,5.871601,-2.144265,7708
14.3,22.57172,5,0.8328019,0.9229717,0.2893218,1.749708,5.887151,5.829951,-2.203286,7712
14.32,40.03735,5,0.8631641,0.9440076,1.464895,0.8311301,5.95463,5.856032,-1.979695,7704
14.34,36.77307,5,0.8874583,0.9659333,1.525963,1.91236,5.95463,5.870411,-1.858578,7688
14.36,24.32025,5,0.8821538,0.9844246,-0.4740371,2.295156,5.887151,5.834478,-1.953803,7708
14.38,40.11597,5,0.9499016,1.020751,3.067949,1.094023,5.95463,5.865862,-1.712808,7704
14.4,35.94128,5,0.9839784,1.04882,2.854208,1.78488,5.95463,5.880392,-1.702353,7716
14.42,23.46521,5,0.972043,1.062266,-0.6419765,1.837984,5.887151,5.840712,-1.939601,7728
14.44,28.72156,5,1.004677,1.07249,1.70917,0.5082238,5.887151,5.823865,-1.999484,7720
14.46,43.39386,5,0.986747,1.06824,-0.3213652,0.2508795,5.95463,5.851694,-2.040804,7696
14.48,28.17102,5,0.9817669,1.06442,-0.3977011,1.555912,5.887151,5.823166,-2.141684,7732
14.5,43.57703,5,0.9956886,1.081962,0.3656577,0.8626789,5.95463,5.852806,-1.995907,7736
14.52,39.27936,5,1.029634,1.10519,2.212986,1.84936,5.95463,5.869037,-1.907933,7712
14.54,37.64642,5,1.035754,1.132738,-0.1992282,2.049622,5.95463,5.874457,-1.920461,7712
14.56,24.5929,5,1.101554,1.162813,3.49543,1.773427,5.887151,5.841198,-1.974131,7604
14.58,39.72241,5,1.172423,1.196119,3.052681,0.06204597,5.95463,5.869992,-1.929155,7732
14.6,46.34119,5,1.228969,1.227301,2.319857,0.2930152,6.02211,5.923696,-1.90649,7708
14.62,14.76288,5,1.281595,1.252159,3.281689,0.8815997,5.887151,5.866211,-2.259191,7716
14.64,20.75806,5,1.365574,1.27454,3.296956,-2.203792,5.887151,5.841682,-2.527096,7720
14.66,24.50769,5,1.338715,1.240913,-0.2908313,-3.547927,5.887151,5.816416,-3.117965,7692
14.68,49.62677,5,1.339045,1.218338,-0.4587703,-4.013811,6.02211,5.882525,-3.15812,7708
14.7,27.72021,5,1.340821,1.20708,0.8236728,-1.824466,5.95463,5.870407,-3.378149,7696
14.72,28.18976,5,1.365525,1.219953,1.785506,-2.678511,5.95463,5.865169,-3.508268,7708
14.74,29.7757,5,1.329573,1.205983,-0.4587703,-3.073935,5.95463,5.852399,-3.849799,7704
14.76,18.7038,5,1.361827,1.193871,0.4572606,-3.310096,5.887151,5.808175,-4.052361,7696
14.78,24.25171,5,1.365495,1.175722,0.5946653,-4.596604,5.887151,5.786108,-4.281324,7708
14.8,39.00214,5,1.333565,1.149632,-0.6572433,-4.753293,5.95463,5.810903,-4.398464,7704
14.82,22.83582,5,1.352513,1.139347,0.2587874,-3.458912,5.887151,5.785171,-4.478301,7712
14.84,37.4361,5,1.363938,1.150197,0.9763447,-4.249794,5.95463,5.814851,-4.42308,7696
14.86,34.39368,5,1.330005,1.147695,-0.3977011,-3.181837,5.95463,5.821413,-4.554343,7696
14.88,44.91858,5,1.342048,1.170832,-0.1686933,-2.797257,6.02211,5.86646,-4.358696,7692
14.9,15.91058,5,1.360118,1.188468,0.4725278,-1.589041,5.887151,5.806252,-4.536282,7692
14.92,37.00995,5,1.342635,1.199391,0.4267263,-3.629177,5.95463,5.81432,-4.582815,7696
14.94,36.96222,5,1.322052,1.189488,-1.191595,-2.770334,5.95463,5.814082,-4.633996,7696
14.96,25.04645,5,1.345809,1.195422,0.9763447,-2.309651,5.887151,5.778569,-4.616572,7692
14.98,31.06311,5,1.323681,1.192324,0.3503905,-3.127416,5.887151,5.759348,-4.705435,7712
15,45.91797,5,1.312706,1.190351,-0.519839,-2.991261,5.95463,5.790748,-4.568018,7696
15.02,30.04718,5,1.327648,1.19987,0.2435202,-1.473007,5.887151,5.768614,-4.509915,7700
15.04,45.17358,5,1.337343,1.227576,1.022146,-2.074355,5.95463,5.800794,-4.317113,7692
15.06,30.97516,5,1.3085,1.23363,-0.4587703,-0.8650507,5.887151,5.769749,-4.441053,7712
15.08,35.56116,5,1.328891,1.251671,0.1977187,-1.561403,5.887151,5.759185,-4.328287,7712
15.1,37.94067,5,1.330016,1.259158,0.1977187,-1.554039,5.887151,5.754077,-4.304795,7700
15.12,51.23981,5,1.315941,1.271738,-0.06182348,-1.229444,5.95463,5.791177,-4.133117,7712
15.14,47.0246,5,1.313736,1.295341,-0.1686933,0.3412119,5.95463,5.809097,-3.956879,7716
15.16,45.66492,5,1.31903,1.332502,0.6862684,0.9424472,5.95463,5.818423,-3.786845,7700
15.18,32.29236,5,1.402873,1.380667,4.976346,0.901913,5.887151,5.791468,-3.650158,7700
15.2,48.29205,5,1.435099,1.418741,1.296956,-0.5508602,5.95463,5.81878,-3.588861,7712
15.22,44.76147,5,1.467119,1.443983,0.3351234,0.001597673,5.95463,5.830454,-3.593114,7660
15.24,32.42535,5,1.462469,1.456207,1.052681,0.003497072,5.887151,5.790777,-3.810398,7708
15.26,49.90778,5,1.46594,1.464837,0.1366499,-1.222258,5.95463,5.810943,-3.79863,7700
15.28,47.70404,5,1.456904,1.464658,-0.3824344,-0.2324848,5.95463,5.817522,-3.830307,7692
15.3,46.75897,5,1.469984,1.481364,0.6251997,0.1572566,5.95463,5.822451,-3.756284,7696
15.32,46.57629,5,1.478271,1.500063,0.6251997,0.2957421,5.95463,5.824272,-3.742456,7680
15.34,47.30792,5,1.469681,1.512548,0.01451245,0.4030899,5.95463,5.822114,-3.774498,7696
15.36,48.15656,5,1.475486,1.525617,-0.1228922,0.5338628,5.95463,5.821009,-3.74367,7692
15.38,37.82886,5,1.461166,1.526033,-0.2144953,0.7351077,5.887151,5.777371,-3.888452,7700
15.4,44.73541,5,1.447325,1.519764,-0.1534266,-0.1205966,5.887151,5.75619,-3.930912,7692
15.42,48.10248,5,1.443567,1.510203,-0.2144953,0.03114672,5.887151,5.74782,-3.89432,7692
15.44,49.71759,5,1.43583,1.508627,-0.2602969,0.502947,5.887151,5.745638,-3.81576,7684
15.46,50.70197,5,1.428436,1.515351,-0.3671672,1.008551,5.887151,5.745834,-3.721427,7688
15.48,63.07007,5,1.424941,1.536424,-0.2297625,1.485687,5.95463,5.787611,-3.47768,7692
15.5,46.98474,5,1.419168,1.557964,-0.2755641,3.050686,5.887151,5.766084,-3.438942,7672
15.52,51.6665,5,1.402231,1.579235,0.2129859,2.526855,5.887151,5.754417,-3.381615,7688
15.54,62.6438,5,1.539848,1.637376,6.228255,2.222246,5.95463,5.807726,-2.857284,7700
15.56,45.48175,5,1.529884,1.667606,0.6710012,3.142602,5.887151,5.784518,-3.068653,7692
15.58,47.03345,5,1.636447,1.717054,3.785506,1.661595,5.887151,5.783266,-2.942392,7708
15.6,57.97638,5,1.707562,1.75599,3.754972,0.6273409,5.95463,5.82409,-2.943268,7700
15.62,41.77515,5,1.686009,1.759069,-0.6725109,1.0955,5.887151,5.790751,-3.373866,7704
15.64,45.44983,5,1.718869,1.764259,0.9000088,-0.3427808,5.887151,5.775098,-3.53462,7688
15.66,46.9375,5,1.738077,1.755096,1.174818,-0.9871466,5.887151,5.765672,-3.753038,7740
15.68,48.76221,5,1.694709,1.728909,-0.519839,-1.117637,5.887151,5.752611,-4.053659,7712
15.7,60.88708,5,1.715377,1.725724,-0.3977011,-1.065684,5.95463,5.790037,-3.952974,7716
15.72,67.23816,5,1.708514,1.739229,0.1977187,0.2397206,6.02211,5.845757,-3.854908,7704
15.74,49.02106,5,1.681798,1.755342,-0.01602192,1.808332,5.95463,5.825292,-3.992626,7696
15.76,52.16968,5,1.699701,1.780013,0.9000088,0.9492817,5.95463,5.816376,-3.981616,7700
15.78,51.16498,5,1.822893,1.821067,5.648102,0.2878488,5.95463,5.824977,-3.80427,7708
15.8,51.55023,5,1.789871,1.827384,-1.206862,-0.1369331,5.95463,5.817317,-4.130863,7700
15.82,52.42078,5,1.801885,1.829323,-0.6725109,-0.4177909,5.95463,5.811741,-4.237552,7716
15.84,53.79645,5,1.779105,1.821371,-0.3213652,-0.436723,5.95463,5.804014,-4.396518,7692
15.86,55.32147,5,1.758943,1.812433,-0.6114421,-0.23977,5.95463,5.797601,-4.472834,7688
15.88,56.64355,5,1.744204,1.807885,-0.7030448,0.09753354,5.95463,5.793697,-4.482211,7692
15.9,45.73004,5,1.75057,1.806035,-0.1228922,0.4112527,5.887151,5.753304,-4.552915,7692
15.92,51.88763,5,1.741788,1.800427,-0.0007547362,-0.4480353,5.887151,5.734149,-4.609423,7692
15.94,54.80341,5,1.740117,1.790784,-0.06182348,-0.3827725,5.887151,5.72614,-4.608495,7724
15.96,67.69904,5,1.736198,1.796166,-0.107625,-0.002699777,5.95463,5.764423,-4.426933,7712
15.98,62.88336,5,1.737421,1.816064,-0.1228922,1.54988,5.95463,5.783245,-4.282351,7700
16,60.97949,5,1.748611,1.851213,0.2282531,2.056436,5.95463,5.793082,-4.149275,7720
16.02,94.01245,-5,1.806588,1.888678,4.014514,1.984228,5.887151,5.762125,-4.124853,7712
16.04,102.0533,-5,1.846317,1.963901,2.060315,5.192536,5.887151,5.749363,-4.051603,7704
16.06,132.5617,-5,1.863025,2.099932,1.006879,8.175436,6.02211,5.821449,-3.628078,7708
16.08,102.9592,-5,2.039266,2.300761,11.08322,12.64144,5.887151,5.787272,-3.205389,7716
16.1,122.974,-5,2.26616,2.55585,11.77024,11.92665,5.95463,5.82362,-2.695287,7704
16.12,103.724,-5,2.771305,2.868614,28.22826,11.80387,5.887151,5.836698,-2.115281,7700
16.14,115.3251,-5,3.088415,3.155533,12.04505,8.783936,5.95463,5.879849,-2.415893,7700
16.16,112.4053,-5,3.300143,3.369723,12.74734,7.289754,5.95463,5.878466,-3.241645,7680
16.18,-43.44513,-5,3.327768,3.386739,-0.962587,5.603319,5.009911,5.270504,-6.335804,7684
16.2,30.97742,-5,3.355177,3.272032,1.144284,-11.31015,4.94243,4.929127,-8.383404,7732
16.22,135.9561,-5,2.84306,2.92462,-26.85572,-13.08387,5.21235,4.861283,-10.28191,7744
16.24,217.2479,-5,2.097394,2.612216,-34.44352,-0.9672644,5.54975,4.975562,-10.30077,7728
16.26,189.9569,-5,3.009696,2.929644,25.4191,12.22575,5.61723,5.248422,-5.580213,7700
16.28,148.6891,-5,3.620784,3.473964,37.78552,16.16531,5.61723,5.435074,-3.940169,7700
16.3,101.9875,-5,4.597383,4.10905,47.95346,11.3202,5.54975,5.538172,-3.194743,7712
16.32,91.33633,-5,5.01087,4.518902,20.97635,2.042508,5.54975,5.536374,-5.213547,7684
16.34,179.2924,-5,5.046295,4.702781,-3.374801,-5.079465,6.02211,5.734851,-7.126335,7696
16.36,-34.36758,-5,4.75457,4.569547,-10.88625,-0.3298407,4.87495,5.04218,-11.69711,7676
16.38,61.47079,-5,4.691445,4.387725,1.541231,-18.51495,4.87495,4.701683,-13.7267,7740
16.4,184.777,-5,4.292025,4.042669,-18.73359,-19.30403,5.27983,4.737227,-15.01413,7752
16.42,81.69519,-5,3.38749,3.593448,-49.46642,-4.536527,4.60503,4.268046,-17.38993,7720
16.44,146.6916,-5,3.272178,3.438679,15.72444,-4.734972,4.60503,4.10979,-15.82305,7764
16.46,175.5983,-5,3.614401,3.519189,7.006881,0.6446376,4.67251,4.170877,-13.31879,7760
16.48,225.7916,-5,3.441903,3.672975,-2.932054,7.874217,4.94243,4.35572,-12.01833,7752
16.5,184.6287,-5,4.028114,4.084934,22.18246,15.78212,4.87495,4.485186,-9.311576,7748
16.52,8.266937,-5,4.490105,4.456877,32.90002,15.00598,3.93023,4.006186,-10.10671,7740
16.54,69.19455,-5,5.199686,4.760417,30.07559,-5.63765,3.93023,3.828136,-10.46915,7812
16.56,167.4481,-5,4.84737,4.658655,-12.04656,-11.74919,4.267631,3.844466,-12.9979,7808
16.58,240.4423,-5,4.112399,4.430162,-36.10763,-3.220679,4.60503,3.956645,-14.06439,7792
16.6,60.76367,-5,3.745651,4.260099,-1.405335,10.69082,3.592831,3.392638,-14.99714,7756
16.62,131.2065,-5,4.207118,4.370278,21.87712,0.2562562,3.592831,3.236621,-13.01817,7812
16.64,213.1827,-5,4.40268,4.461754,2.732071,0.01853675,3.93023,3.39578,-11.9343,7836
16.66,251.5344,-5,4.078543,4.534632,-19.02366,9.389248,4.20015,3.589213,-11.48836,7812
16.68,72.95966,-5,4.440242,4.755433,17.67864,17.95518,3.32291,3.208354,-10.98261,7780
16.7,183.0902,-5,4.872108,5.058923,24.65574,4.322059,3.660311,3.27757,-9.909141,7832
16.72,185.9857,-5,5.219054,5.257655,13.49543,5.347392,3.727791,3.358271,-9.818164,7800
16.74,49.82581,-5,4.91898,5.228553,-26.70305,7.066677,2.918031,2.838346,-12.76521,7836
16.76,166.7264,-5,5.538338,5.359221,19.05269,-7.465844,3.25543,2.876508,-11.63963,7864
16.78,232.6756,-5,5.131227,5.259559,-16.61145,-3.723177,3.592831,3.016905,-13.03979,7860
16.8,109.2241,-5,4.670617,5.102335,-24.67252,6.739452,2.918031,2.623974,-14.74989,7828
16.82,214.6506,-5,5.007117,5.210717,20.06032,0.2261681,3.25543,2.717605,-12.77696,7852
16.84,90.74536,-5,5.059516,5.216439,0.5335966,6.192124,2.58063,2.358903,-13.81514,7824
16.86,215.1396,-5,4.999662,5.257957,4.228254,-1.971184,2.985511,2.430891,-13.47704,7884
16.88,78.95117,-5,5.13478,5.227894,-1.863351,4.511377,2.243231,2.035646,-14.33587,7868
16.9,200.0156,-5,4.905198,5.189702,-3.084725,-4.004405,2.58063,2.032292,-14.54942,7892
16.92,85.55151,-5,4.990064,5.097988,2.121383,2.105893,1.90583,1.647005,-15.19681,7896
16.94,32.89075,-5,4.675388,4.891023,-20.61145,-4.551838,1.23103,1.039286,-17.29544,7924
16.96,226.8314,-5,4.891543,4.789961,10.68627,-14.68307,1.90583,1.222183,-15.61763,7960
16.98,93.92529,-5,4.574786,4.575295,-28.88626,-0.9398912,1.23103,0.8800949,-16.88619,7944
17,108.8334,-5,4.011796,4.364245,-29.69542,-3.431735,0.9611101,0.5248538,-17.79467,7968
17.02,197.4884,-5,4.798376,4.489841,33.03743,-6.044253,1.298511,0.7124084,-14.18548,7960
17.04,59.29089,-5,4.422571,4.417679,-16.10763,2.216092,0.5562305,0.3039057,-16.15246,7952
17.06,11.98853,-5,4.071196,4.226778,8.716805,-5.287499,-0.1185694,-0.3182814,-17.96867,8000
17.08,-26.91357,-5,4.476892,4.023517,12.74734,-16.57604,-0.7933693,-0.9243855,-18.30396,8048
17.1,183.4036,-5,3.949862,3.659431,-27.72596,-25.87422,-0.1185694,-0.8402168,-18.83022,8096
17.12,73.93469,-5,3.029059,3.140379,-54.871,-7.884698,-0.7933693,-1.270979,-20.40767,8040
17.14,94.93909,-5,2.096326,2.715651,-46.88626,-3.964298,-1.13077,-1.695309,-20.26443,8068
17.16,185.5796,-5,3.159531,2.890131,31.78551,-2.639428,-0.7933693,-1.44455,-13.87303,8116
17.18,91.69482,-5,3.125265,3.045104,-0.3060985,7.410483,-1.19825,-1.554165,-13.22681,8084
17.2,192.9419,-5,2.825061,3.195299,0.7015356,5.801831,-0.7933693,-1.391109,-12.05996,8104
17.22,45.85754,-5,3.563766,3.486605,35.73972,12.27363,-1.46817,-1.612493,-10.09789,8072
17.24,199.8058,-5,3.666163,3.769152,2.823674,1.657641,-0.7933693,-1.313348,-8.966176,8084
17.26,43.39954,-5,3.984056,3.928802,23.44964,8.899332,-1.46817,-1.566494,-9.442842,8092
17.28,195.5901,-5,4.130114,4.138471,-3.695412,-2.324307,-0.7933693,-1.279085,-8.602159,8112
17.3,54.12061,-5,4.239223,4.187779,11.77024,5.051376,-1.40069,-1.526294,-9.860462,8088
17.32,-26.12109,-5,4.264953,4.147098,-5.2832,-4.686181,-2.075489,-2.057555,-11.99494,8140
17.34,166.1927,-5,4.109305,3.969289,7.06795,-18.41155,-1.40069,-1.926376,-12.52563,8176
17.36,11.52051,-5,4.299567,3.777081,-1.298465,-8.984463,-2.142969,-2.275854,-13.42776,8156
17.38,8.311279,-5,3.86217,3.513632,-30.82519,-17.02452,-2.48037,-2.683926,-15.72552,8176
17.4,-17.97778,-5,3.271595,3.017021,-37.22214,-20.83853,-3.02021,-3.248426,-18.36535,8200
17.42,-77.26758,-5,3.783338,2.708328,11.5565,-27.97988,-3.695009,-3.787481,-18.06621,8220
17.44,98.44165,-5,3.59697,2.395301,-7.161062,-37.82138,-3.08769,-3.66413,-18.17705,8240
17.46,44.86133,-5,2.882607,1.9645,-41.23741,-24.27656,-3.357609,-3.829741,-19.6495,8216
17.48,-25.01929,-5,1.692576,1.446645,-64.24506,-16.95311,-4.03241,-4.400454,-21.75769,8232
17.5,21.31726,-5,0.5300279,0.8424036,-8.412971,-15.28925,-4.36981,-4.914756,-22.15806,8280
17.52,127.9851,-5,1.304571,0.8141873,38.90002,-11.92155,-4.03241,-4.712939,-15.61859,8300
17.54,-4.525146,-5,1.558801,0.9410453,7.312224,0.03806591,-4.639729,-4.890606,-13.54746,8280
17.56,-70.92322,-5,1.367305,0.9801356,-16.38244,-4.96446,-5.247049,-5.342,-14.04125,8328
17.58,47.42505,-5,1.224104,0.8975918,4.640468,-14.31539,-4.977129,-5.384875,-13.26198,8372
17.6,-62.21716,-5,1.30809,0.7627535,1.006879,-9.034298,-5.65193,-5.763359,-12.97513,8328
17.62,64.74414,-5,1.112787,0.6762943,-12.55038,-15.76994,-5.247049,-5.68205,-11.84559,8384
17.64,-64.90613,-5,0.8031787,0.4611567,-20.32137,-6.598279,-5.989328,-6.097353,-12.51747,8356
17.66,62.74194,-5,0.2876323,0.2705238,-28.85572,-11.72005,-5.65193,-6.101092,-11.65155,8404
17.68,131.5463,-5,-0.09442122,0.1278982,-5.420604,-0.7457306,-5.314529,-5.888765,-9.354316,8384
17.7,-58.02063,-5,-0.03161347,0.1671378,3.205353,12.92458,-6.259249,-6.284187,-7.735521,8348
17.72,-6.227539,-5,0.3806083,0.3742222,24.85422,1.479499,-6.259249,-6.375249,-5.455571,8404
17.74,204.3558,-5,1.551663,0.8664221,47.11376,-4.294567,-4.977129,-5.495826,-0.1252029,8408
17.76,-88.92285,-5,1.819922,1.191721,12.27406,11.84186,-5.989328,-5.720634,-1.726269,8312
17.78,-28.88245,-5,1.350452,1.271392,-30.01603,-5.504407,-5.92185,-5.90026,-4.442204,8380
17.8,54.35791,-5,0.9123113,1.037032,-21.92443,-9.295025,-5.65193,-5.899129,-5.764028,8404
17.82,44.11487,-5,1.119266,0.9589406,3.861842,-4.101383,-5.65193,-5.841581,-4.413624,8368
17.84,37.64221,-5,0.9862905,0.936668,-6.09236,-1.265855,-5.65193,-5.816104,-4.23114,8372
17.86,39.29517,-5,0.783259,0.90263,-11.75648,0.6429814,-5.65193,-5.821454,-4.207084,8396
17.88,34.08118,-5,1.042935,0.9842681,13.26643,1.198473,-5.65193,-5.776527,-2.988203,8412
17.9,23.72253,-5,1.2895,1.106607,11.90765,0.2051967,-5.65193,-5.727989,-2.438158,8384
17.92,26.5083,-5,1.445258,1.20849,10.31986,-2.005005,-5.58445,-5.662708,-2.449466,8384
17.94,-6.756836,-5,1.517241,1.241595,2.319857,-3.490369,-5.71941,-5.725447,-3.198333,8380
17.96,14.69897,-5,1.427389,1.194393,-2.73358,-7.514214,-5.65193,-5.741291,-4.053421,8400
17.98,3.048096,-5,1.411159,1.107774,-0.7030448,-7.991201,-5.71941,-5.796008,-4.63643,8384
18,19.51123,-5,1.379255,1.032816,-2.061824,-9.367449,-5.65193,-5.782901,-4.892787,8384
18.02,27.09741,-5,1.341074,0.9719159,-2.336633,-8.477466,-5.58445,-5.738893,-5.004888,8396
18.04,21.22229,-5,1.232459,0.9178247,-5.848084,-6.772395,-5.58445,-5.729697,-5.246288,8404
18.06,9.391846,-5,1.12402,0.8635289,-4.748848,-5.906907,-5.65193,-5.774892,-5.500093,8392
18.08,13.56555,-5,1.157646,0.8419276,1.770238,-6.647058,-5.65193,-5.783849,-5.288112,8384
18.1,14.78723,-5,1.128905,0.8124095,-0.2144953,-6.620669,-5.65193,-5.788158,-5.317629,8392
18.12,13.61829,-5,1.163118,0.8036068,1.358024,-6.600772,-5.65193,-5.781777,-5.16062,8380
18.14,11.73083,-5,1.178794,0.8001101,-0.7183124,-6.764677,-5.65193,-5.775921,-5.139846,8380
18.16,10.69128,-5,1.16451,0.7883141,-0.550373,-7.021383,-5.65193,-5.775818,-5.232667,8384
18.18,10.46277,-5,1.14331,0.7689347,-0.4740371,-7.230158,-5.65193,-5.778395,-5.320003,8396
18.2,21.33105,-5,1.15055,0.7620213,0.1519171,-7.396512,-5.58445,-5.736659,-5.176674,8384
18.22,3.15625,-5,1.158125,0.7555285,0.5641309,-6.467297,-5.65193,-5.756734,-5.257582,8400
18.24,5.119507,-5,1.166926,0.7514398,0.2893218,-7.724565,-5.65193,-5.765362,-5.3277,8404
18.26,29.11938,-5,1.153219,0.7430217,-0.7946484,-8.265387,-5.51697,-5.691336,-5.212194,8400
18.28,-3.910645,-5,1.109207,0.7177,-2.611443,-6.109258,-5.65193,-5.74401,-5.489738,8384
18.3,-7.513184,-5,1.051313,0.6823863,-1.710679,-7.853586,-5.71941,-5.813821,-5.772496,8400
18.32,11.75476,-5,1.091232,0.6521491,1.159551,-9.480468,-5.65193,-5.796312,-5.599833,8376
18.34,9.645874,-5,1.030519,0.6064948,-2.687778,-8.410391,-5.65193,-5.792938,-5.706347,8380
18.36,9.756348,-5,0.9557601,0.5694541,-4.077092,-7.669805,-5.65193,-5.79516,-5.711934,8396
18.38,9.799194,-5,0.9347617,0.550712,-0.7183124,-7.101217,-5.65193,-5.7921,-5.537574,8396
18.4,9.064575,-5,0.934167,0.5466854,-0.3213652,-6.720916,-5.65193,-5.785495,-5.345992,8384
18.42,7.843506,-5,0.9445553,0.5514739,0.4572606,-6.580508,-5.65193,-5.778002,-5.185369,8380
18.44,6.759033,-5,0.9485993,0.5560177,-0.03128911,-6.626513,-5.65193,-5.772746,-5.098669,8380
18.46,6.025391,-5,0.9477411,0.5563686,0.1366499,-6.765749,-5.65193,-5.76982,-5.055149,8384
18.48,5.454224,-5,0.9472915,0.5530363,-0.03128911,-6.933125,-5.65193,-5.767857,-5.02474,8376
18.5,-6.64917,-5,0.9454499,0.5386575,0.02977964,-7.123847,-5.71941,-5.807047,-5.146172,8372
18.52,9.768921,-5,0.9436535,0.524417,-0.01602192,-8.443914,-5.65193,-5.783485,-5.07792,8388
18.54,5.759399,-5,0.9432552,0.5076399,-0.2755641,-7.662399,-5.65193,-5.771398,-5.050944,8388
18.56,4.051147,-5,0.9133434,0.4950054,-2.000756,-7.456507,-5.65193,-5.768011,-5.078493,8404
18.58,14.29272,-5,0.9244678,0.4983956,0.8847416,-7.510332,-5.58445,-5.722831,-4.878443,8376
18.6,7.710815,-5,0.9265471,0.5062515,-0.4435031,-6.524518,-5.58445,-5.701751,-4.807952,8380
18.62,-6.943481,-5,0.928905,0.5111138,0.09084838,-6.5762,-5.65193,-5.733151,-4.917696,8376
18.64,-14.06104,-5,0.9175901,0.490335,-0.1381594,-8.07955,-5.71941,-5.791053,-5.188797,8372
18.66,4.467041,-5,0.9244398,0.4598807,0.1519171,-9.792289,-5.65193,-5.775558,-5.18573,8376
18.68,12.91565,-5,0.9106437,0.4328704,-0.7030448,-8.988482,-5.58445,-5.727593,-5.094975,8376
18.7,-5.098511,-5,0.8575344,0.4085639,-3.466405,-7.459279,-5.65193,-5.750331,-5.237774,8380
18.72,-0.6131592,-5,0.7750965,0.3775872,-3.741214,-7.993022,-5.65193,-5.768204,-5.358353,8388
18.74,1.019043,-5,0.7828929,0.3563939,0.9763447,-7.920119,-5.65193,-5.769976,-5.191186,8408
18.76,1.091553,-5,0.7685628,0.3409823,-1.267931,-7.661147,-5.65193,-5.768071,-5.095292,8388
18.78,12.19568,-5,0.7601061,0.3400785,0.4725278,-7.431503,-5.58445,-5.724029,-4.854727,8380
18.8,17.61694,-5,0.7583671,0.357626,-0.5809073,-6.130753,-5.51697,-5.660972,-4.543468,8404
18.82,-25.47839,-5,0.7615012,0.3668893,0.7015356,-4.81362,-5.71941,-5.752749,-4.748411,8364
18.84,-1.411865,-5,0.7808525,0.3722915,0.2893218,-8.333654,-5.65193,-5.752303,-4.700357,8388
18.86,-12.50903,-5,0.7517231,0.3278612,-2.489305,-8.155976,-5.71941,-5.79749,-4.975159,8372
18.88,18.45532,-5,0.6373364,0.2778154,-5.924421,-8.725272,-5.58445,-5.747075,-4.930868,8372
18.9,0.1811523,-5,0.5837789,0.2388644,-2.825183,-5.822176,-5.65193,-5.762455,-4.806957,8376
18.92,2.35498,-5,0.5629743,0.2362674,-0.7946484,-5.680163,-5.65193,-5.762788,-4.521255,8376
18.94,-9.13855,-5,0.5759665,0.2348505,0.3351234,-5.433391,-5.71941,-5.796699,-4.395432,8376
18.96,7.431152,-5,0.5722764,0.2363703,0.06031401,-6.390969,-5.65193,-5.768682,-4.167164,8384
18.98,3.687256,-5,0.5714775,0.2360548,-0.2755641,-5.347867,-5.65193,-5.753112,-3.995668,8388
19,1.883789,-5,0.56027,0.2441653,-0.0007547362,-5.000526,-5.65193,-5.744594,-3.855133,8384
19.02,0.7388916,-5,0.5699359,0.2552283,-0.03128911,-4.986247,-5.65193,-5.737836,-3.714064,8396
19.04,-11.66516,-5,0.5760467,0.2548245,0.06031401,-5.139094,-5.71941,-5.773976,-3.769369,8392
19.06,4.556763,-5,0.5854034,0.2532617,-0.3060985,-6.499848,-5.65193,-5.748139,-3.648865,8392
19.08,-10.81299,-5,0.5811712,0.2351232,-0.183961,-5.77525,-5.71941,-5.776904,-3.757899,8388
19.1,27.61829,-5,0.5632679,0.2401444,-0.7183124,-6.716545,-5.51697,-5.668706,-3.402807,8376
19.12,-11.12109,-5,0.5808344,0.2460395,0.4114593,-3.574128,-5.65193,-5.697059,-3.420175,8380
19.14,-6.660645,-5,0.5595773,0.2576091,0.1061156,-5.341799,-5.65193,-5.713016,-3.487865,8376
19.16,-6.305786,-5,0.6361731,0.264009,2.640467,-6.319237,-5.65193,-5.71207,-3.399264,8380
19.18,-5.988647,-5,0.600036,0.2426047,-1.451137,-6.812224,-5.65193,-5.718915,-3.631781,8368
19.2,-18.19312,-5,0.6228908,0.2190728,1.052681,-7.215288,-5.71941,-5.759368,-3.77937,8384
19.22,9.981201,-5,0.598067,0.196638,-0.6572433,-8.586094,-5.58445,-5.699828,-3.732111,8396
19.24,-23.14722,-5,0.6210178,0.1724253,0.2740546,-6.78449,-5.71941,-5.749781,-3.909645,8408
19.26,-5.028198,-5,0.5892711,0.154607,-1.832817,-8.814858,-5.65193,-5.735918,-4.003439,8396
19.28,-8.581055,-5,0.6131149,0.1331995,0.7931387,-8.414177,-5.65193,-5.726588,-4.019077,8388
19.3,1.455811,-5,0.5752571,0.1176221,-3.038924,-8.364195,-5.58445,-5.686269,-4.032218,8400
19.32,-2.980347,-5,0.4951306,0.09189473,-3.161061,-7.053901,-5.58445,-5.677215,-4.151313,8392
19.34,-5.535034,-5,0.5195922,0.09661727,1.266421,-6.724022,-5.58445,-5.665962,-3.943012,8400
19.36,-6.748169,-5,0.5032812,0.09678987,-0.7335792,-6.71175,-5.58445,-5.662338,-3.943788,8388
19.38,-7.638428,-5,0.5129719,0.09802088,0.5946653,-6.861532,-5.58445,-5.658871,-3.88745,8392
19.4,-19.64563,-5,0.5037416,0.08454718,-0.3366328,-7.047315,-5.65193,-5.698967,-4.042133,8400
19.42,-26.29077,-5,0.5071954,0.05679084,0.07558119,-8.42198,-5.71941,-5.756594,-4.238267,8408
19.44,-7.765381,-5,0.5062758,0.02199161,0.04504682,-9.976079,-5.65193,-5.740947,-4.237336,8424
19.46,-10.82556,-5,0.4869128,-0.01487918,-1.069457,-9.074051,-5.65193,-5.733587,-4.27454,8420
19.48,-23.55957,-5,0.4408211,-0.05021261,-3.130527,-8.664586,-5.71941,-5.773219,-4.456101,8412
19.5,-5.280273,-5,0.349757,-0.09409562,-4.687779,-9.350073,-5.65193,-5.758636,-4.504707,8400
19.52,-8.029175,-5,0.3384611,-0.1207825,-0.8862511,-7.922029,-5.65193,-5.746264,-4.288992,8384
19.54,-9.373535,-5,0.3022045,-0.1299557,-1.451137,-7.136611,-5.65193,-5.739008,-4.13789,8392
19.56,-10.99805,-5,0.3261936,-0.1190266,0.7473372,-6.83545,-5.65193,-5.728167,-3.88276,8400
19.58,-0.2645264,-5,0.3115759,-0.1055696,-0.596175,-6.726201,-5.58445,-5.683075,-3.675101,8392
19.6,-17.41235,-5,0.2998565,-0.0992059,0.1977187,-5.556888,-5.65193,-5.703387,-3.66042,8380
19.62,-14.4906,-5,0.3070535,-0.08969997,0.3351234,-6.539988,-5.65193,-5.710333,-3.569662,8380
19.64,-24.82861,-5,0.3048261,-0.1039745,-0.6572433,-6.911505,-5.71941,-5.754047,-3.687815,8376
19.66,-7.307373,-5,0.291259,-0.1219126,-0.9473198,-8.130605,-5.65193,-5.733206,-3.602962,8376
19.68,-10.09692,-5,0.2625395,-0.1458127,-1.817549,-7.072845,-5.65193,-5.724355,-3.563792,8384
19.7,-11.06702,-5,0.2273486,-0.1585362,-1.237397,-6.540611,-5.65193,-5.720443,-3.483153,8376
19.72,-12.36951,-5,0.2479589,-0.1543914,0.4877952,-6.35869,-5.65193,-5.712272,-3.288835,8372
19.74,-13.29041,-5,0.2404436,-0.1529392,-0.1686933,-6.346425,-5.65193,-5.708274,-3.239221,8380
19.76,-2.552734,-5,0.2486423,-0.1430196,0.1213828,-6.435902,-5.58445,-5.66383,-3.030085,8404
19.78,-20.28394,-5,0.2512664,-0.1383937,-0.0007547362,-5.448385,-5.65193,-5.683588,-3.063483,8384
19.8,-17.39978,-5,0.2443245,-0.1376799,0.1061156,-6.56515,-5.65193,-5.693691,-3.097191,8396
19.82,-4.875488,-5,0.2537979,-0.140853,0.01451245,-7.020253,-5.58445,-5.656617,-2.972289,8384
19.84,-10.29797,-5,0.2491715,-0.1425994,0.1061156,-6.045671,-5.58445,-5.639658,-2.924294,8380
19.86,-24.47864,-5,0.2481964,-0.1437414,0.07558119,-5.976251,-5.65193,-5.6722,-3.020543,8376
19.88,-20.59326,-5,0.2619795,-0.1512096,0.5946653,-7.41151,-5.65193,-5.685843,-3.077569,8396
19.9,-19.20251,-5,0.2575501,-0.1755727,-0.6114421,-7.95618,-5.65193,-5.69322,-3.188484,8372
19.92,3.783569,-5,0.261539,-0.182137,-0.183961,-8.145077,-5.51697,-5.613632,-2.954824,8384
19.94,-31.15698,-5,0.2656348,-0.1889176,0.2587874,-6.022143,-5.65193,-5.657466,-3.122232,8364
19.96,-13.6615,-5,0.2502418,-0.1875426,0.1366499,-8.075853,-5.58445,-5.639627,-3.138806,8396
19.98,-29.12366,-5,0.2902367,-0.2007017,1.43436,-7.830884,-5.65193,-5.668423,-3.253865,8392
20,-13.17273,-5,0.2383558,-0.2254648,-2.565641,-9.035899,-5.58445,-5.648687,-3.391797,8384
20.02,-29.09521,-5,0.260773,-0.2493688,1.235887,-8.329214,-5.65193,-5.676054,-3.469485,8384
20.04,-25.49695,-5,0.2255667,-0.2779547,-1.771747,-9.357844,-5.65193,-5.692201,-3.645938,8376
20.06,-24.47766,-5,0.2288459,-0.308107,0.7931387,-9.690862,-5.65193,-5.697618,-3.695174,8372
20.08,-12.58179,-5,0.196493,-0.3336958,-1.848083,-9.680273,-5.58445,-5.661669,-3.666128,8368
20.1,-28.97998,-5,0.1507082,-0.3630056,-2.794649,-8.349519,-5.65193,-5.689052,-3.807739,8380
20.12,-14.1499,-5,0.1387817,-0.371186,-0.3060985,-9.064848,-5.58445,-5.658808,-3.640857,8368
20.14,-30.54907,-5,0.1495378,-0.3811293,0.1519171,-8.105187,-5.65193,-5.682115,-3.654424,8380
20.16,-27.35278,-5,0.1336472,-0.3915537,-0.8709843,-9.076807,-5.65193,-5.693523,-3.701148,8412
20.18,-26.33899,-5,0.1368306,-0.409201,0.1977187,-9.409382,-5.65193,-5.697286,-3.708406,8384
20.2,-26.40674,-5,0.1308766,-0.4270273,-0.7641136,-9.511258,-5.65193,-5.698078,-3.720082,8384
20.22,-26.86377,-5,0.123144,-0.4431641,-0.2297625,-9.564408,-5.65193,-5.697789,-3.731163,8376
20.24,-27.48755,-5,0.1176528,-0.4572589,-0.2602969,-9.632277,-5.65193,-5.696917,-3.738837,8372
20.26,-28.11816,-5,0.1108063,-0.4708049,0.1977187,-9.722071,-5.65193,-5.696236,-3.756088,8376
20.28,-28.84753,-5,0.1093499,-0.4828431,-0.09235785,-9.845304,-5.65193,-5.695068,-3.764905,8364
20.3,-41.31091,-5,0.1123713,-0.5012667,0.09084838,-10.04118,-5.71941,-5.734054,-3.914153,8372
20.32,-25.06567,-5,0.1068724,-0.5198244,-0.03128911,-11.38999,-5.65193,-5.71146,-3.901783,8380
20.34,-28.85339,-5,0.09467179,-0.5433757,-0.9167854,-10.60602,-5.65193,-5.701761,-3.937164,8384
20.36,-29.53479,-5,0.0292908,-0.5698541,-2.886252,-10.25629,-5.65193,-5.703747,-4.048733,8380
20.38,-29.75708,-5,0.01835887,-0.5858964,0.304589,-10.0612,-5.65193,-5.702472,-3.972459,8364
20.4,-30.29102,-5,0.0122955,-0.5958249,-0.6267089,-9.937613,-5.65193,-5.699704,-3.903838,8376
20.42,-30.99854,-5,0.009806449,-0.6022406,0.3503905,-9.904694,-5.65193,-5.696688,-3.847409,8376
20.44,-31.67163,-5,0.006557337,-0.6081532,-0.09235785,-9.946661,-5.65193,-5.694328,-3.8135,8368
20.46,-32.33643,-5,0.005876636,-0.6141415,0.09084838,-10.04351,-5.65193,-5.692258,-3.788025,8384
20.48,-44.80481,-5,0.01469619,-0.6263846,-0.03128911,-10.2336,-5.71941,-5.730005,-3.895524,8372
20.5,-28.63171,-5,0.01451216,-0.6392605,-0.07709067,-11.59593,-5.65193,-5.706278,-3.854485,8380
20.52,-32.83801,-5,0.02026094,-0.6543959,-0.3213652,-10.88823,-5.65193,-5.694054,-3.84517,8380
20.54,-34.31677,-5,-0.02057257,-0.6703391,-1.802282,-10.71428,-5.65193,-5.692811,-3.93214,8380
20.56,-47.00391,-5,-0.008905655,-0.6849942,0.4419934,-10.81841,-5.71941,-5.729824,-4.014923,8368
20.58,-30.73657,-5,-0.01996449,-0.7014179,-0.3213652,-12.10959,-5.65193,-5.706892,-3.995806,8380
20.6,-35.00806,-5,-0.009592447,-0.7163683,-0.1228922,-11.36106,-5.65193,-5.693919,-3.959547,8328
20.62,-36.30762,-5,-0.06113719,-0.7345989,-3.695412,-11.13033,-5.65193,-5.693582,-4.064528,8384
20.64,-36.00183,-5,-0.1010442,-0.7557836,-1.451137,-10.97811,-5.65193,-5.696378,-4.092277,8376
20.66,-24.92603,-5,-0.08948592,-0.7561687,0.2435202,-10.86376,-5.58445,-5.652024,-3.828207,8360
20.68,-42.48999,-5,-0.1024513,-0.7591909,-0.09235785,-9.655264,-5.65193,-5.672343,-3.865908,8364
20.7,-40.06775,-5,-0.0923808,-0.7552015,0.304589,-10.66687,-5.65193,-5.67919,-3.819516,8384
20.72,-27.54993,-5,-0.09746739,-0.7592345,-0.1381594,-11.04972,-5.58445,-5.642616,-3.725684,8372
20.74,-44.02759,-5,-0.1177652,-0.7725556,-1.573274,-9.999556,-5.65193,-5.668136,-3.823764,8368
20.76,-28.06702,-5,-0.1691629,-0.7854316,-2.428236,-10.77295,-5.58445,-5.64385,-3.774697,8360
20.78,-54.52551,-5,-0.1826651,-0.812241,-0.2297625,-9.678616,-5.71941,-5.712421,-3.917306,8356
20.8,-33.25012,-5,-0.2133721,-0.8338581,-1.802282,-11.49846,-5.65193,-5.702906,-3.828317,8380
20.82,-22.87048,-5,-0.239899,-0.8563174,-0.2908313,-10.43816,-5.58445,-5.656997,-3.612381,8376
20.84,-29.10303,-5,-0.2632633,-0.8547895,-2.428236,-8.614342,-5.58445,-5.633222,-3.379013,8372
20.86,-41.73425,-5,-0.3403548,-0.8621061,-3.542741,-7.80318,-5.65193,-5.669167,-3.445643,8376
20.88,-37.42688,-5,-0.2988715,-0.8518735,2.014513,-8.679069,-5.65193,-5.675296,-3.151657,8376
20.9,-36.12524,-5,-0.2992007,-0.8539976,-1.069457,-8.818901,-5.65193,-5.676019,-3.057809,8368
20.92,-35.83484,-5,-0.3052427,-0.857942,0.2587874,-8.759333,-5.65193,-5.674639,-2.959673,8368
20.94,-36.04968,-5,-0.3062284,-0.8598024,-0.3366328,-8.688106,-5.65193,-5.671643,-2.854569,8356
20.96,-36.77808,-5,-0.2960311,-0.8577026,0.1824515,-8.698663,-5.65193,-5.667045,-2.7477,8376
20.98,-37.1416,-5,-0.3092132,-0.8613672,0.04504682,-8.736425,-5.65193,-5.665742,-2.730754,8376
21,-26.01074,-5,-0.3067288,-0.8564634,0.09084838,-8.783413,-5.58445,-5.622868,-2.533688,8380
21.02,-43.46313,-5,-0.3103074,-0.8556935,0.1213828,-7.707057,-5.65193,-5.643515,-2.567364,8380
21.04,-41.06848,-5,-0.2945834,-0.8495611,0.3351234,-8.813667,-5.65193,-5.650462,-2.532838,8376
21.06,-39.75244,-5,-0.3130878,-0.865316,-0.9931214,-9.241885,-5.65193,-5.656919,-2.630572,8372
21.08,-259.0978,-5,-0.3159605,-1.032731,-0.4282355,-9.865177,-6.93405,-6.430818,-5.241352,8376
21.1,18.13855,-5,-0.3496107,-1.196867,-1.985488,-31.92149,-5.92185,-6.173734,-4.705719,8444
21.12,25.7973,-5,-0.4690735,-1.405977,-8.321369,-18.01157,-5.65193,-5.895431,-4.175265,8388
21.14,-8.319824,-5,-0.8714828,-1.454691,-24.44351,-6.726464,-5.65193,-5.791165,-3.818034,8380
21.16,-10.77185,-5,-1.320479,-1.473593,-22.56565,-1.191934,-5.65193,-5.779589,-3.527966,8380
21.18,-68.92767,-5,-0.7783254,-1.282161,36.42674,0.3053553,-5.92185,-5.839993,-1.388214,8372
21.2,-81.26428,-5,-0.186615,-1.026771,31.64811,-6.588614,-5.989328,-5.841555,-0.4157674,8384
21.22,-73.4566,-5,0.1345952,-0.8815548,15.4649,-13.45224,-5.92185,-5.799078,-0.9104514,8396
21.24,-91.0578,-5,0.1374998,-0.8984652,-3.267931,-17.25549,-5.989328,-5.858097,-2.494049,8400
21.26,-63.38226,-5,-0.3246453,-1.104123,-26.71832,-19.98067,-5.92185,-5.924454,-4.499144,8396
21.28,-56.11804,-5,-0.9483574,-1.432634,-33.45115,-16.91508,-5.989328,-6.061668,-5.905606,8392
21.3,-26.16742,-5,-1.627278,-1.771244,-33.49694,-11.85493,-5.989328,-6.164448,-6.114553,8392
21.32,7.566162,-5,-2.08856,-1.995579,-16.27557,-3.876729,-5.92185,-6.161697,-4.658381,8392
21.34,-55.65515,-5,-1.865558,-1.960847,13.26643,3.953082,-6.259249,-6.265801,-2.061683,8404
21.36,117.2802,-5,-1.517778,-1.65708,19.48017,1.956362,-5.314529,-5.668036,2.014173,8424
21.38,-26.44214,-5,-1.022165,-1.265847,25.77025,16.31218,-5.65193,-5.539345,3.882114,8348
21.4,-86.22699,-5,-0.7824126,-0.8943092,8.396194,10.38412,-5.92185,-5.64549,3.734364,8364
21.42,85.06726,-5,-0.2295935,-0.5253288,37.81606,-1.06343,-4.977129,-5.101644,5.587263,8388
21.44,-59.77332,-5,0.4573109,-0.188753,31.38857,6.196431,-5.314529,-5.021202,5.57753,8308
21.46,-73.40155,-5,0.6833115,0.05964899,4.151918,-4.436929,-5.314529,-5.023688,3.825254,8360
21.48,-75.35559,-5,0.3328716,-0.06313652,-17.48168,-11.70244,-5.38201,-5.178351,0.3513406,8352
21.5,-48.27832,-5,-0.152266,-0.3855269,-24.97786,-15.08458,-5.38201,-5.329293,-2.022791,8364
21.52,-16.49957,-5,-0.4859082,-0.7011781,-12.3061,-13.45294,-5.314529,-5.377403,-2.633513,8364
21.54,-16.80292,-5,-0.5071652,-0.858344,-4.290833,-9.11358,-5.314529,-5.365033,-1.957808,8352
21.56,-31.70721,-5,-0.5843189,-0.9260809,-3.008389,-6.053743,-5.38201,-5.386641,-1.712772,8368
21.58,-19.02667,-5,-0.5539322,-0.9196604,3.205353,-5.617075,-5.314529,-5.339351,-1.15505,8376
21.6,-14.76312,-5,-0.5078015,-0.8791605,0.5793981,-4.178988,-5.247049,-5.267573,-0.6912997,8352
21.62,-34.41846,-5,-0.5387593,-0.8474688,0.2587874,-2.71914,-5.314529,-5.280873,-0.7346787,8352
21.64,-23.42621,-5,-0.3999788,-0.7751755,5.49543,-4.181456,-5.247049,-5.230128,-0.2531086,8348
21.66,-30.49475,-5,-0.3443342,-0.7281225,2.548864,-4.226192,-5.247049,-5.208373,-0.3058101,8360
21.68,-46.15881,-5,-0.2783976,-0.6963996,2.854208,-5.222087,-5.314529,-5.239069,-0.5303874,8356
21.7,-53.34155,-5,-0.2843814,-0.7139571,-1.069457,-7.470775,-5.38201,-5.303483,-1.086657,8356
21.72,-45.6687,-5,-0.2839608,-0.7635473,-1.496938,-9.688404,-5.38201,-5.337368,-1.471629,8364
21.74,-18.59875,-5,-0.3377055,-0.8211977,-3.695412,-10.15517,-5.247049,-5.278729,-1.573895,8364
21.76,-50.08557,-5,-0.4106508,-0.882168,-3.588542,-7.545336,-5.38201,-5.338696,-1.92774,8348
21.78,-42.72333,-5,-0.4376829,-0.9157221,0.04504682,-8.915264,-5.38201,-5.363987,-1.977025,8348
21.8,-18.14001,-5,-0.3958897,-0.9233835,0.6862684,-9.170611,-5.247049,-5.285705,-1.634875,8356
21.82,-28.38635,-5,-0.4441139,-0.9285907,-1.390068,-6.700797,-5.247049,-5.255235,-1.644635,8344
21.84,-45.28015,-5,-0.4068092,-0.9036795,1.22062,-6.260166,-5.314529,-5.275821,-1.573218,8344
21.86,-31.15277,-5,-0.3774906,-0.8791093,1.037414,-7.749247,-5.247049,-5.244113,-1.500657,8340
21.88,-46.51691,-5,-0.3920826,-0.8870815,-0.6877776,-7.284208,-5.314529,-5.276211,-1.760695,8344
21.9,-41.79865,-5,-0.4194883,-0.9053395,-0.09235785,-8.437892,-5.314529,-5.295235,-1.917458,8344
21.92,-40.11511,-5,-0.4065127,-0.9261993,-0.3366328,-8.769351,-5.314529,-5.301246,-1.933872,8352
21.94,-51.16394,-5,-0.4249735,-0.9566016,-0.2908313,-8.784918,-5.38201,-5.345608,-2.142292,8340
21.96,-34.68542,-5,-0.4139447,-0.9737675,0.2282531,-9.926191,-5.314529,-5.321825,-2.055411,8352
21.98,-38.44324,-5,-0.4269674,-0.993023,-0.2450293,-8.976999,-5.314529,-5.311614,-2.088613,8348
22,-51.70349,-5,-0.4444801,-1.008639,-0.4893047,-8.700656,-5.38201,-5.348286,-2.235035,8360
22.02,-47.43854,-5,-0.4334976,-1.02198,0.2129859,-9.896489,-5.38201,-5.362781,-2.278486,8352
22.04,-34.20947,-5,-0.445132,-1.039963,-0.1992282,-10.19395,-5.314529,-5.330049,-2.248374,8376
22.06,-51.16211,-5,-0.4406198,-1.05351,-0.7793808,-9.100668,-5.38201,-5.35364,-2.322357,8352
22.08,-35.89484,-5,-0.4803299,-1.063369,-2.458771,-9.934169,-5.314529,-5.328274,-2.324791,8380
22.1,-39.49023,-5,-0.4921989,-1.073646,0.2893218,-8.905435,-5.314529,-5.31689,-2.279844,8360
22.12,-40.93701,-5,-0.5084851,-1.073412,-1.191595,-8.536365,-5.314529,-5.31171,-2.223958,8360
22.14,-41.62152,-5,-0.5079747,-1.06917,0.5030622,-8.440912,-5.314529,-5.308137,-2.155154,8360
22.16,-41.84155,-5,-0.5141096,-1.067495,-0.2450293,-8.426332,-5.314529,-5.306759,-2.124949,8376
22.18,-41.96741,-5,-0.5143274,-1.066553,0.3503905,-8.43837,-5.314529,-5.305461,-2.081859,8372
22.2,-53.82153,-5,-0.509262,-1.07294,-0.07709067,-8.501924,-5.38201,-5.344194,-2.173812,8368
22.22,-25.62408,-5,-0.5058742,-1.06996,0.1213828,-9.702006,-5.247049,-5.279688,-1.951568,8400
22.24,-46.24634,-5,-0.5058562,-1.072639,-0.07709067,-7.675976,-5.314529,-5.290422,-1.98171,8376
22.26,-44.8244,-5,-0.5076995,-1.062568,-0.7946484,-8.416236,-5.314529,-5.294979,-1.966608,8360
22.28,-31.73132,-5,-0.5373542,-1.065975,-1.741213,-8.635604,-5.247049,-5.261343,-1.929639,8348
22.3,-47.51099,-5,-0.5580966,-1.0753,-1.848083,-7.414721,-5.314529,-5.287775,-1.986469,8332
22.32,-44.14459,-5,-0.548818,-1.073027,1.022146,-8.2327,-5.314529,-5.29635,-1.907047,8336
22.34,-42.69525,-5,-0.5560934,-1.082343,-0.9473198,-8.407427,-5.314529,-5.300585,-1.915077,8340
22.36,-42.698,-5,-0.5416985,-1.085677,0.6099325,-8.426104,-5.314529,-5.298994,-1.839908,8344
22.38,-31.2782,-5,-0.5517454,-1.083301,-0.5809073,-8.380991,-5.247049,-5.258183,-1.710364,8332
22.4,-49.08276,-5,-0.5292838,-1.075064,0.5183294,-7.301936,-5.314529,-5.276647,-1.700272,8336
22.42,-57.80579,-5,-0.5362362,-1.078503,0.2740546,-8.389733,-5.38201,-5.327649,-1.906808,8336
22.44,-27.66541,-5,-0.5429925,-1.088401,-0.6267089,-9.915098,-5.247049,-5.271452,-1.783597,8348
22.46,-58.74493,-5,-0.5556081,-1.113701,-0.7793808,-7.890864,-5.38201,-5.327417,-1.990256,8348
22.48,-38.77075,-5,-0.6075505,-1.131175,-1.695411,-9.492868,-5.314529,-5.316594,-1.995802,8344
22.5,-30.11847,-5,-0.5675198,-1.130491,0.6557342,-8.645148,-5.247049,-5.262974,-1.676874,8356
22.52,-47.30719,-5,-0.6435655,-1.14161,-2.901519,-6.982724,-5.314529,-5.287514,-1.849968,8360
22.54,-56.21271,-5,-0.6130163,-1.137123,1.800773,-7.74801,-5.38201,-5.332446,-1.801313,8336
22.56,-27.24396,-5,-0.5907431,-1.129142,-0.2144953,-9.17521,-5.247049,-5.268657,-1.548424,8352
22.58,-46.89996,-5,-0.6199467,-1.139204,-0.7030448,-7.121454,-5.314529,-5.283948,-1.654243,8352
22.6,-56.07379,-5,-0.6368578,-1.144264,-1.54274,-7.718911,-5.38201,-5.331759,-1.755137,8340
22.62,-38.90039,-5,-0.5977801,-1.1434,1.968712,-9.145065,-5.314529,-5.306961,-1.577385,8352
22.64,-42.05286,-5,-0.6171346,-1.155989,-0.6877776,-8.289491,-5.314529,-5.298142,-1.616875,8328
22.66,-44.03809,-5,-0.6029589,-1.151102,0.5488637,-8.094063,-5.314529,-5.29072,-1.525881,8364
22.68,-45.14661,-5,-0.6012291,-1.147034,-0.3977011,-8.173345,-5.314529,-5.287611,-1.533643,8356
22.7,-45.55042,-5,-0.6051297,-1.148172,-0.3671672,-8.326263,-5.314529,-5.287538,-1.568674,8356
22.72,-56.99677,-5,-0.6175744,-1.16329,-0.2755641,-8.452955,-5.38201,-5.330009,-1.751456,8340
22.74,-28.46045,-5,-0.6178486,-1.167526,0.02977964,-9.642105,-5.247049,-5.26734,-1.54865,8372
22.76,-37.5141,-5,-0.6164669,-1.166126,0.2740546,-7.554817,-5.247049,-5.237583,-1.441537,8356
22.78,-53.18835,-5,-0.6191923,-1.152566,-0.183961,-7.110204,-5.314529,-5.264402,-1.496245,8344
22.8,-38.76123,-5,-0.5738841,-1.129354,1.953444,-8.527176,-5.247049,-5.231932,-1.338632,8348
22.82,-54.72845,-5,-0.568565,-1.13138,-0.4282355,-8.05163,-5.314529,-5.26053,-1.541628,8336
22.84,-50.42664,-5,-0.5952491,-1.146215,-1.283198,-9.262005,-5.314529,-5.278739,-1.724612,8368
22.86,-36.89093,-5,-0.5970439,-1.162302,0.4419934,-9.597848,-5.247049,-5.246451,-1.6605,8356
22.88,-41.32751,-5,-0.6243315,-1.175558,-0.8557167,-8.365038,-5.247049,-5.233721,-1.66441,8388
22.9,-55.0296,-5,-0.6245798,-1.17862,0.4725278,-8.026382,-5.314529,-5.266634,-1.719778,8380
22.92,-50.6377,-5,-0.6224728,-1.185586,0.4877952,-9.193594,-5.314529,-5.281197,-1.769549,8376
22.94,-37.1275,-5,-0.6325248,-1.198098,-0.3060985,-9.462641,-5.247049,-5.248323,-1.704958,8356
22.96,-65.3222,-5,-0.6303682,-1.215676,-0.09235785,-8.337523,-5.38201,-5.312638,-1.891833,8352
22.98,-57.03491,-5,-0.62597,-1.2311,0.2587874,-10.45753,-5.38201,-5.340393,-1.984159,8348
23,-30.14392,-5,-0.6488549,-1.255064,-1.832817,-10.89444,-5.247049,-5.274489,-1.870077,8368
23.02,-49.92621,-5,-0.717825,-1.284228,-3.680145,-8.264991,-5.314529,-5.290751,-1.988535,8340
23.04,-35.53503,-5,-0.7595305,-1.28391,-1.374801,-8.360597,-5.247049,-5.257773,-1.767448,8340
23.06,-51.89502,-5,-0.7367559,-1.275193,-0.1228922,-7.071126,-5.314529,-5.276903,-1.62909,8328
23.08,-48.26373,-5,-0.7563612,-1.268687,0.04504682,-7.802344,-5.314529,-5.286699,-1.598471,8360
23.1,-46.46277,-5,-0.7577801,-1.271595,-0.6877776,-7.910376,-5.314529,-5.290083,-1.526555,8344
23.12,-69.03979,-5,-0.7560803,-1.288452,0.1061156,-7.854578,-5.44949,-5.370401,-1.700224,8344
23.14,-46.88452,-5,-0.7454343,-1.303472,0.02977964,-10.10594,-5.38201,-5.362861,-1.609271,8352
23.16,-47.8949,-5,-0.7667936,-1.333851,-1.054191,-9.284561,-5.38201,-5.360158,-1.631019,8352
23.18,-47.72644,-5,-0.8189642,-1.356976,-3.298465,-8.670545,-5.38201,-5.361381,-1.62498,8348
23.2,-35.54193,-5,-0.851806,-1.363539,-0.2755641,-8.111877,-5.314529,-5.320834,-1.392506,8352
23.22,-41.27106,-5,-0.8422834,-1.34772,-0.1228922,-6.544674,-5.314529,-5.296767,-1.113918,8340
23.24,-32.11426,-5,-0.8521606,-1.314597,0.4572606,-6.027797,-5.247049,-5.244742,-0.8223066,8356
23.26,-61.89313,-5,-0.8295168,-1.288905,0.2129859,-4.88624,-5.38201,-5.299422,-0.851186,8344
23.28,-29.8399,-5,-0.8467103,-1.26698,-0.04655629,-7.025264,-5.247049,-5.246644,-0.658722,8360
23.3,-59.79706,-5,-0.8380733,-1.272112,-0.4435031,-5.278502,-5.38201,-5.302762,-0.7688425,8364
23.32,-51.10022,-5,-0.8700985,-1.281461,-0.8099151,-7.038931,-5.38201,-5.330684,-0.828317,8360
23.34,-48.237,-5,-0.8316696,-1.293867,1.449628,-7.450764,-5.38201,-5.336181,-0.7092993,8352
23.36,-23.6792,-5,-0.8729091,-1.300951,-1.848083,-7.244606,-5.247049,-5.260635,-0.4976588,8368
23.38,-34.71698,-5,-0.8546446,-1.279598,0.7931387,-4.693583,-5.247049,-5.220567,-0.2007959,8372
23.4,-51.04047,-5,-0.8596899,-1.248531,-0.1534266,-4.13217,-5.314529,-5.243324,-0.1989242,8368
23.42,-48.02563,-5,-0.8162997,-1.220899,2.762605,-5.552926,-5.314529,-5.250407,-0.132105,8376
23.44,-46.9082,-5,-0.798861,-1.216438,0.9152762,-6.244164,-5.314529,-5.254701,-0.1964438,8352
23.46,-46.36469,-5,-0.801033,-1.223688,-0.2602969,-6.58198,-5.314529,-5.258471,-0.2734684,8364
23.48,-46.74481,-5,-0.7809677,-1.227784,0.2893218,-6.820951,-5.314529,-5.257814,-0.2741558,8360
23.5,-47.33759,-5,-0.7776411,-1.234166,0.1977187,-7.032069,-5.314529,-5.257946,-0.3406598,8368
23.52,-47.88062,-5,-0.7748088,-1.241942,-0.04655629,-7.244894,-5.314529,-5.258524,-0.4090052,8368
23.54,-48.09808,-5,-0.7840697,-1.253919,0.1519171,-7.412919,-5.314529,-5.260731,-0.5029737,8368
23.56,-48.40674,-5,-0.7830466,-1.264699,-0.09235785,-7.553213,-5.314529,-5.261694,-0.553186,8356
23.58,-48.81049,-5,-0.7840776,-1.274999,-0.01602192,-7.67745,-5.314529,-5.262369,-0.6090158,8360
23.6,-49.27979,-5,-0.7834818,-1.284392,-0.07709067,-7.806163,-5.314529,-5.26275,-0.6600486,8364
23.62,-61.52429,-5,-0.7753515,-1.299209,0.02977964,-7.995244,-5.38201,-5.302781,-0.8355182,8352
23.64,-45.14612,-5,-0.7738851,-1.312887,0.01451245,-9.339493,-5.314529,-5.280776,-0.8435726,8356
23.66,-60.13599,-5,-0.789393,-1.341612,-0.8404495,-8.551397,-5.38201,-5.31353,-1.060162,8348
23.68,-44.52966,-5,-0.8091283,-1.358363,0.2893218,-9.457042,-5.314529,-5.28898,-1.036351,8352
23.7,-60.05737,-5,-0.814218,-1.380226,-0.8099151,-8.491702,-5.38201,-5.317816,-1.15936,8364
23.72,-56.22681,-5,-0.8363928,-1.398936,0.04504682,-9.350359,-5.38201,-5.332303,-1.247716,8360
23.74,-43.3335,-5,-0.8346199,-1.411846,-0.7793808,-9.513745,-5.314529,-5.296628,-1.130743,8360
23.76,-48.59137,-5,-0.8435346,-1.416106,-0.3671672,-8.294039,-5.314529,-5.279897,-1.07736,8344
23.78,-50.79822,-5,-0.856365,-1.410027,-0.6419765,-7.979088,-5.314529,-5.273015,-1.04537,8356
23.8,-63.62311,-5,-0.8397167,-1.407179,0.5030622,-8.076477,-5.38201,-5.308545,-1.122032,8352
23.82,-46.86115,-5,-0.8524712,-1.412156,-0.09235785,-9.367377,-5.314529,-5.28674,-1.110974,8360
23.84,-38.43707,-5,-0.8593308,-1.415284,-0.5351062,-8.48101,-5.247049,-5.236595,-0.9592868,8356
23.86,-44.14795,-5,-0.9147712,-1.414662,-2.290832,-6.860494,-5.247049,-5.219324,-0.9355524,8348
23.88,-46.53064,-5,-0.9042329,-1.392708,0.9763447,-6.402161,-5.247049,-5.207804,-0.7368941,8340
23.9,-59.23236,-5,-0.892519,-1.378574,0.1519171,-6.402447,-5.314529,-5.241821,-0.7678225,8340
23.92,-54.12219,-5,-0.8888707,-1.37761,0.2893218,-7.694406,-5.314529,-5.257668,-0.7984241,8348
23.94,-52.12146,-5,-0.8799003,-1.388493,-0.4740371,-8.060806,-5.314529,-5.263609,-0.8013579,8348
23.96,-51.08075,-5,-0.902341,-1.40538,-0.8099151,-8.02601,-5.314529,-5.267916,-0.8408399,8332
23.98,-62.45679,-5,-0.9028878,-1.422948,0.04504682,-7.922803,-5.38201,-5.308247,-0.9243166,8344
24,-45.81561,-5,-0.9008884,-1.432556,-0.1534266,-8.985531,-5.314529,-5.283916,-0.8181845,8372
24.02,-107.3463,5,-0.8955484,-1.448069,0.1061156,-8.053052,-5.38201,-5.311452,-0.8982091,8360
24.04,-95.38293,5,-0.921688,-1.506287,-1.466404,-13.587,-5.314529,-5.28635,-0.9867449,8368
24.06,-104.2114,5,-0.9348358,-1.631952,-0.6114421,-16.04512,-5.314529,-5.27428,-1.223113,8364
24.08,-98.40619,5,-1.078654,-1.802258,-9.222133,-18.11268,-5.247049,-5.238916,-1.580312,8344
24.1,-103.8375,5,-1.3983,-2.039918,-17.54275,-17.8749,-5.247049,-5.249588,-2.20736,8348
24.12,-112.214,5,-1.829008,-2.331159,-24.00076,-16.89136,-5.314529,-5.322896,-2.761518,8356
24.14,-87.57474,5,-2.302623,-2.63886,-24.74886,-15.50444,-5.247049,-5.334514,-2.652294,8352
24.16,-109.0246,5,-2.625001,-2.904988,-7.954957,-11.09637,-5.38201,-5.407949,-1.977104,8348
24.18,-83.82117,5,-2.555839,-2.996097,2.045048,-10.56589,-5.247049,-5.296745,0.08590716,8368
24.2,33.8786,5,-2.468003,-2.916761,3.938178,-7.701279,-4.43729,-4.715456,3.091532,8352
24.22,-95.64389,5,-2.372514,-2.760168,1.602299,5.59936,-4.707209,-4.588076,4.300074,8320
24.24,-99.16205,5,-2.404485,-2.5878,-0.9778546,1.402228,-4.639729,-4.499127,4.798602,8320
24.26,-176.1139,5,-2.06597,-2.499287,20.86948,-3.025279,-4.977129,-4.632231,4.791284,8308
24.28,-171.941,5,-1.590984,-2.449411,22.91528,-15.3749,-4.977129,-4.651586,4.707661,8316
24.3,-18.69916,5,-1.389657,-2.446653,0.3503905,-23.5129,-4.03241,-4.097419,5.224701,8324
24.32,-250.7358,5,-1.994487,-2.754942,-35.81756,-11.82366,-4.977129,-4.516294,1.307392,8276
24.34,-177.8767,5,-3.064013,-3.270747,-55.54276,-23.97636,-4.977129,-4.831113,-1.674883,8332
24.36,-123.4698,5,-4.031106,-3.97821,-26.41298,-21.39947,-4.977129,-5.036156,-2.671765,8320
24.38,54.01099,5,-4.11922,-4.255214,-14.85572,-13.58436,-4.03241,-4.460155,2.067475,8328
24.4,-27.02013,5,-4.281842,-4.236605,-10.90152,10.00905,-4.03241,-4.136969,5.3445,8276
24.42,-116.2164,5,-4.2382,-3.97831,2.014513,17.14539,-4.30233,-4.101291,7.719061,8280
24.44,-243.0313,5,-3.667931,-3.705442,39.98399,10.68091,-4.977129,-4.412544,8.721787,8312
24.46,-54.0674,5,-2.838243,-3.386696,41.63285,-8.853203,-4.03241,-3.904888,11.30989,8324
24.48,-185.9117,5,-2.209431,-3.203555,18.07559,-4.972394,-4.30233,-3.805384,10.8708,8264
24.5,-267.3551,5,-2.461361,-3.284113,-29.1458,-15.11413,-4.707209,-4.093575,7.189633,8300
24.52,-45.47079,5,-3.189199,-3.64318,-41.68016,-27.26427,-3.695009,-3.74158,5.395604,8316
24.54,-141.1043,5,-4.178613,-4.204086,-44.00077,-9.740376,-4.03241,-3.882869,3.382618,8248
24.56,58.78238,5,-4.988206,-4.492057,-34.53511,-4.752559,-3.02021,-3.36268,5.893741,8272
24.58,-149.7063,5,-4.332191,-4.352154,22.64047,16.22265,-3.695009,-3.367244,9.751688,8220
24.6,-41.97968,5,-3.84674,-3.921295,21.20536,7.613312,-3.02021,-2.887059,12.97161,8280
24.62,-232.7856,5,-3.212421,-3.610547,40.31987,10.37744,-3.695009,-3.032845,12.78896,8212
24.64,-103.9547,5,-2.852608,-3.362007,18.13666,-8.074313,-3.02021,-2.702477,12.83563,8244
24.66,-51.29395,5,-2.704905,-3.282715,6.090851,-7.595264,-2.412889,-2.225166,12.53565,8204
24.68,-6.945984,5,-2.738233,-3.148437,-7.130528,-1.694689,-1.738089,-1.642244,12.90833,8168
24.7,-197.6953,5,-3.095366,-3.155027,-18.87099,7.551291,-2.412889,-1.861792,10.42497,8164
24.72,-67.05298,5,-3.097393,-3.117083,22.80841,-5.415286,-1.805569,-1.613412,10.70267,8164
24.74,-71.53705,5,-2.137538,-2.890372,43.72445,-3.969566,-1.46817,-1.189963,12.91717,8144
24.76,-247.0707,5,-1.747271,-2.728574,8.701538,-5.111721,-2.075489,-1.365866,10.73389,8136
24.78,-100.7188,5,-2.213008,-2.85396,-21.54275,-21.84051,-1.40069,-1.169143,7.784383,8188
24.8,-26.18744,5,-2.545672,-3.101888,-18.77939,-16.83988,-0.7933693,-0.7808526,7.013892,8112
24.82,-202.8525,5,-2.708416,-3.279182,-10.51984,-5.804378,-1.46817,-1.018574,5.684592,8072
24.84,-56.71265,5,-2.92403,-3.362896,-12.48931,-15.42579,-0.7933693,-0.7421308,5.959003,8116
24.86,-49.37476,5,-2.659706,-3.3419,6.167187,-7.843863,-0.4559698,-0.3746191,7.405252,8072
24.88,-155.2124,5,-2.916653,-3.346881,-8.077094,-1.413418,-0.7933693,-0.4499075,6.271153,8064
24.9,-114.5243,5,-2.382784,-3.172005,22.90001,-9.598637,-0.5234499,-0.260242,7.599289,8068
24.92,-79.00995,5,-2.120946,-3.045347,7.999248,-11.68064,-0.1185694,0.06802434,7.69362,8048
24.94,-5.349548,5,-2.382293,-2.984324,-20.01603,-8.398351,0.5562305,0.5533692,7.437201,8044
24.96,-17.69366,5,-2.833388,-2.956335,2.6252,2.777669,0.8261509,0.8617706,7.198915,8000
24.98,-1.888428,5,-2.420236,-2.640475,24.42673,7.627949,1.23103,1.300855,9.796992,7988
25,-16.15771,5,-1.768039,-2.157348,33.81605,10.31246,1.568431,1.755612,11.78308,7968
25.02,-25.2887,5,-1.334947,-1.688864,24.442,9.263741,1.90583,2.153631,12.11369,7908
25.04,-29.71411,5,-0.8351221,-1.261912,26.06032,6.034912,2.243231,2.522971,12.03312,7916
25.06,30.32788,5,-0.532141,-0.9056295,14.22826,2.623521,2.918031,3.052346,11.74828,7900
25.08,-146.7202,5,-0.4991543,-0.7747498,3.129017,6.026139,2.31071,2.854998,8.685501,7864
25.1,-78.49176,5,-0.3985303,-0.737787,12.25879,-9.894686,2.58063,2.882494,6.867692,7900
25.12,35.17444,5,-0.241631,-0.7750014,0.5641309,-13.83022,3.32291,3.31681,6.46692,7864
25.14,-76.78357,5,-0.7879212,-0.9827674,-38.41298,-3.307346,2.985511,3.213277,3.579759,7844
25.16,-175.1176,5,-1.677317,-1.392682,1.724437,-4.969762,2.243231,2.607907,-0.231701,7864
25.18,0.3288574,5,-1.077699,-1.496411,21.72444,-17.77882,2.918031,2.855808,2.46438,7904
25.2,69.34973,5,-1.268833,-1.599908,-24.15343,-7.684355,3.525351,3.319283,3.167474,7872
25.22,-26.91699,5,-1.99561,-1.714354,-32.77939,8.270255,3.25543,3.289673,2.221513,7824
25.24,71.47693,5,-1.155505,-1.320767,41.03743,6.492137,3.93023,3.819839,6.826941,7836
25.26,119.7227,5,-0.6160063,-0.797843,26.76261,13.69298,4.67251,4.543952,9.434248,7788
25.28,128.1075,5,-0.4161263,-0.2226496,14.82368,22.84316,5.27983,5.202809,10.76122,7752
25.3,-87.81726,5,0.400887,0.4036107,46.41148,26.69255,4.60503,5.130291,10.67196,7708
25.32,24.81042,5,1.343794,1.012462,48.90003,4.479157,5.27983,5.521529,10.86061,7760
25.34,-108.2223,5,1.951578,1.261103,25.15956,-1.077398,4.87495,5.411606,7.504436,7720
25.36,94.01355,5,1.710574,1.270305,-23.42061,-17.03409,5.95463,5.879465,4.773731,7732
25.38,32.6084,5,1.244416,1.049342,-17.13053,-5.655699,5.95463,5.976898,1.765624,7652
25.4,-202.9609,5,0.4956463,0.6429344,-33.69542,-2.372225,4.60503,5.104925,-3.254808,7688
25.42,52.59998,5,1.17198,0.5584599,25.06796,-25.93555,5.54975,5.384499,-1.166732,7752
25.44,25.46851,5,0.8925699,0.2856794,-14.41297,-14.76401,5.61723,5.505327,-2.770917,7680
25.46,20.73254,5,0.04788733,0.006962717,-45.8023,-7.314278,5.61723,5.465837,-4.453432,7708
25.48,-4.715576,5,0.6129071,0.08378668,24.65574,-4.821498,5.54975,5.516339,-2.235266,7708
25.5,-57.70557,5,0.6463547,0.1221356,-0.6572433,-5.964821,5.27983,5.373617,-3.106663,7716
25.52,-28.38147,5,0.7251608,0.1183778,9.87711,-12.31389,5.34731,5.344049,-3.621488,7744
25.54,-46.48999,5,0.6241423,0.002296358,-2.672511,-13.26285,5.21235,5.225045,-4.800081,7716
25.56,27.51123,5,0.485691,-0.09779932,-11.68015,-15.13431,5.54975,5.359137,-4.787638,7736
25.58,23.5199,5,0.2510599,-0.1897512,-11.75648,-8.089973,5.61723,5.441137,-4.785881,7716
25.6,-51.46936,5,-0.02376837,-0.2734708,-4.703047,-3.062207,5.21235,5.217375,-5.371268,7716
25.62,-15.75549,5,0.2642161,-0.216529,14.67101,-8.243646,5.27983,5.212592,-4.11152,7716
25.64,-14.58118,5,0.3191183,-0.2085768,0.7931387,-8.232656,5.27983,5.216665,-4.055258,7728
25.66,47.81775,5,0.1285943,-0.2145847,-11.46641,-7.331739,5.61723,5.397239,-3.738554,7736
25.68,10.34583,5,0.196917,-0.1463618,0.8084057,-0.6900538,5.54975,5.456568,-2.951591,7712
25.7,6.598267,5,0.1300625,-0.05499087,1.11375,0.1487777,5.54975,5.476127,-2.693707,7696
25.72,-46.98181,5,0.4566076,0.0735279,15.95345,-0.866014,5.27983,5.36164,-2.27454,7712
25.74,-26.99146,5,0.4142953,0.08928965,0.2587874,-6.790026,5.27983,5.287517,-3.023179,7748
25.76,-19.08765,5,0.5134979,0.05957694,-0.7641136,-9.01483,5.27983,5.259175,-3.199018,7724
25.78,49.43909,5,0.1872271,-0.03565511,-12.76412,-8.458438,5.61723,5.405712,-3.49344,7728
25.8,29.87952,5,0.09473497,-0.06038992,-6.535108,-0.8613135,5.61723,5.476534,-2.871455,7704
25.82,11.47559,5,0.01620509,-0.01055546,0.7473372,2.429059,5.54975,5.472645,-2.363732,7704
25.84,-40.80139,5,0.4022187,0.1329564,20.51833,1.353298,5.27983,5.363855,-1.570379,7704
25.86,-24.03857,5,0.4778614,0.1911471,7.235888,-4.877276,5.27983,5.307731,-2.041335,7748
25.88,-18.59924,5,0.6016219,0.1868362,2.579399,-7.715164,5.27983,5.284372,-2.362484,7724
25.9,-14.01562,5,0.4962386,0.1165754,-6.031292,-8.691401,5.27983,5.251826,-3.105758,7724
25.92,48.28259,5,0.4028978,0.07464686,-7.832818,-8.439471,5.61723,5.429626,-2.790875,7740
25.94,-32.74841,5,0.2982002,0.02830169,-4.168695,-1.763572,5.27983,5.300224,-3.268777,7720
25.96,-13.22278,5,0.2213943,0.01295075,-2.672511,-5.271669,5.27983,5.238426,-3.331241,7744
25.98,-11.34229,5,0.5013037,0.04930227,15.64811,-6.555779,5.27983,5.250673,-2.663075,7736
26,-6.750977,5,0.2625861,-0.0115957,-9.558009,-6.406411,5.27983,5.219456,-3.479937,7760
26.02,-6.669067,5,0.3892208,-0.007949814,4.380926,-6.272653,5.27983,5.228043,-3.007769,7728
26.04,64.82153,5,0.2574989,0.007418491,-3.329,-5.578428,5.684711,5.459008,-2.510811,7740
26.06,19.45789,5,0.3611374,0.1006591,1.632834,1.71952,5.61723,5.54107,-1.773128,7704
26.08,-56.70618,5,0.2922677,0.1608109,-0.4587703,2.04541,5.21235,5.320681,-2.539609,7712
26.1,-18.03491,5,0.5246385,0.2225057,16.73207,-6.172684,5.27983,5.283582,-2.286881,7716
26.12,-17.0741,5,0.7241643,0.2300055,6.884743,-8.367286,5.27983,5.280319,-2.447884,7736
26.14,-10.54871,5,0.429237,0.119446,-17.06946,-8.731177,5.27983,5.230107,-3.67824,7748
26.16,-13.22778,5,0.2415962,-0.009498201,-8.382438,-7.707066,5.21235,5.150525,-4.126564,7768
26.18,-3.566162,5,0.2014269,-0.08638575,-2.916786,-7.163821,5.21235,5.126471,-3.849765,7752
26.2,12.27734,5,0.120555,-0.1315038,-1.817549,-5.526509,5.27983,5.159909,-3.506532,7752
26.22,6.141602,5,0.1771906,-0.106776,1.251154,-3.032647,5.27983,5.195,-2.846647,7720
26.24,3.4375,5,0.1472055,-0.06729314,0.3656577,-1.89665,5.27983,5.211092,-2.601295,7732
26.26,1.470337,5,0.2109586,-0.008472458,1.953444,-1.625403,5.27983,5.227837,-2.20994,7760
26.28,0.3508301,5,0.2438037,0.04165814,1.373291,-1.747081,5.27983,5.237151,-2.048513,7740
26.3,-23.20361,5,0.2748934,0.06469262,0.1061156,-2.088901,5.144871,5.160798,-2.22637,7744
26.32,11.48059,5,0.2696144,0.0727549,0.1366499,-4.617355,5.27983,5.203813,-2.122777,7776
26.34,5.647217,5,0.276523,0.07097122,-1.130526,-2.80613,5.27983,5.224301,-2.02725,7744
26.36,3.546631,5,0.2536119,0.08474921,-1.54274,-2.121078,5.27983,5.232347,-1.953267,7756
26.38,2.338257,5,0.2842754,0.1108238,1.831307,-1.981045,5.27983,5.240244,-1.796609,7752
26.4,2.80542,5,0.2561972,0.1212745,-1.115259,-1.911445,5.27983,5.238579,-1.842922,7740
26.42,2.906738,5,0.2850579,0.1382772,0.8084057,-1.911901,5.27983,5.241699,-1.712012,7728
26.44,3.448486,5,0.2713638,0.14604,-0.107625,-1.852038,5.27983,5.240598,-1.722675,7728
26.46,15.52515,5,0.2753397,0.1621554,-0.2755641,-1.742571,5.34731,5.281438,-1.524894,7728
26.48,-1.214478,5,0.281733,0.1772867,0.3961921,-0.4953067,5.27983,5.260349,-1.525286,7720
26.5,1.507446,5,0.3168405,0.2023391,1.43436,-1.476846,5.27983,5.254598,-1.443036,7744
26.52,14.12891,5,0.3343714,0.2197871,0.1824515,-1.880688,5.34731,5.292074,-1.344444,7728
26.54,-13.43945,5,0.3216462,0.2151414,0.2893218,-0.8795942,5.21235,5.224384,-1.625196,7728
26.56,6.979126,5,0.3447849,0.2207667,0.7320697,-3.052327,5.27983,5.236685,-1.547583,7732
26.58,-5.485352,5,0.3151765,0.1933461,-1.023656,-2.349117,5.21235,5.196563,-1.804609,7720
26.6,-0.980957,5,0.3347815,0.1825423,0.9916119,-3.209587,5.21235,5.183102,-1.774199,7740
26.62,12.60547,5,0.3161481,0.1701027,-0.2908313,-3.234436,5.27983,5.215773,-1.730252,7728
26.64,7.539551,5,0.3260058,0.1747155,-0.1992282,-1.913935,5.27983,5.233601,-1.617017,7724
26.66,-6.922852,5,0.3502074,0.1908985,1.266421,-1.661098,5.21235,5.204213,-1.657863,7736
26.68,9.679199,5,0.3278231,0.1958275,-0.5809073,-2.851062,5.27983,5.225898,-1.692207,7732
26.7,6.649048,5,0.3350233,0.1969894,-0.3060985,-1.983868,5.27983,5.236018,-1.654388,7728
26.72,-6.489014,5,0.3463611,0.2028607,0.5183294,-1.780644,5.21235,5.20164,-1.73173,7744
26.74,10.25415,5,0.3382227,0.2057537,-0.3977011,-2.917895,5.27983,5.22428,-1.704195,7752
26.76,7.229858,5,0.3375049,0.2042522,-0.2297625,-1.975079,5.27983,5.234196,-1.68058,7732
26.78,5.710205,5,0.3460222,0.216728,0.4725278,-1.686535,5.27983,5.240405,-1.612069,7736
26.8,-6.046753,5,0.3356301,0.2169893,-0.1992282,-1.637692,5.21235,5.200228,-1.77154,7736
26.82,11.30713,5,0.3335716,0.2172854,-0.03128911,-2.757182,5.27983,5.221926,-1.699057,7740
26.84,8.411377,5,0.3328473,0.2150534,-0.04655629,-1.740502,5.27983,5.232199,-1.651405,7728
26.86,7.01709,5,0.3357667,0.2268131,0.4572606,-1.370794,5.27983,5.238329,-1.573462,7728
26.88,6.701538,5,0.3327504,0.2380277,-0.1534266,-1.254895,5.27983,5.240232,-1.552595,7736
26.9,6.552002,5,0.3468161,0.2510039,0.04504682,-1.255147,5.27983,5.242359,-1.498745,7732
26.92,6.698853,5,0.3474239,0.259742,0.07558119,-1.270003,5.27983,5.242424,-1.497915,7736
26.94,7.297852,5,0.3375458,0.2629949,-0.07709067,-1.22912,5.27983,5.240571,-1.511741,7732
26.96,7.885376,5,0.3354459,0.2662211,0.07558119,-1.132003,5.27983,5.239731,-1.482645,7740
26.98,-3.422363,5,0.3413939,0.2644972,0.09084838,-1.051422,5.21235,5.199956,-1.56797,7728
27,13.54407,5,0.3513778,0.2676845,0.04504682,-2.145443,5.27983,5.22394,-1.45951,7744
27.02,10.34729,5,0.3512232,0.2673432,0.04504682,-1.153295,5.27983,5.234873,-1.426446,7736
27.04,-2.366333,5,0.341209,0.2681211,0.2129859,-0.811747,5.21235,5.19853,-1.529276,7728
27.06,14.43152,5,0.3419607,0.2729085,0.4725278,-1.844053,5.27983,5.222687,-1.429227,7748
27.08,22.36157,5,0.3620404,0.2879745,0.7931387,-0.8709875,5.34731,5.277059,-1.19755,7732
27.1,3.497192,5,0.3706755,0.3112153,0.9305434,0.5174598,5.27983,5.261862,-1.207451,7724
27.12,4.582275,5,0.4403602,0.3506923,3.190086,-0.70398,5.27983,5.261428,-1.106099,7740
27.14,4.31543,5,0.4840879,0.370984,1.770238,-1.54752,5.27983,5.260758,-1.211504,7728
27.16,-6.522339,5,0.4641389,0.357434,0.4572606,-2.090379,5.21235,5.211868,-1.599606,7744
27.18,11.56616,5,0.4518358,0.3375666,-0.596175,-3.477143,5.27983,5.226768,-1.681306,7740
27.2,8.268921,5,0.4719279,0.3242339,0.4877952,-2.637623,5.27983,5.236506,-1.677258,7720
27.22,-5.299316,5,0.4754785,0.3172272,0.5946653,-2.457381,5.21235,5.200647,-1.853762,7736
27.24,11.31213,5,0.4575925,0.3078545,-0.4740371,-3.623623,5.27983,5.221009,-1.913991,7744
27.26,7.886108,5,0.4653586,0.299824,0.02977964,-2.744819,5.27983,5.230939,-1.920945,7728
27.28,-5.305908,5,0.4628629,0.295323,0.3656577,-2.529599,5.21235,5.194475,-2.07722,7740
27.3,11.03064,5,0.467142,0.2948177,-0.2144953,-3.708469,5.27983,5.217979,-2.048553,7740
27.32,7.346558,5,0.4775902,0.292786,-0.06182348,-2.874092,5.27983,5.229111,-2.052965,7724
27.34,5.532837,5,0.4820759,0.3011304,0.5946653,-2.712236,5.27983,5.234107,-2.063217,7740
27.36,5.108276,5,0.4763076,0.3054545,-0.1228922,-2.769173,5.27983,5.233799,-2.131044,7744
27.38,5.139282,5,0.4799724,0.3080831,0.02977964,-2.861728,5.27983,5.232845,-2.164871,7740
27.4,5.392212,5,0.4769903,0.3076977,0.07558119,-2.909244,5.27983,5.231076,-2.209243,7736
27.42,5.833618,5,0.4693314,0.3050281,-0.1992282,-2.888627,5.27983,5.228848,-2.246825,7756
27.44,5.90979,5,0.4783929,0.3067453,-0.03128911,-2.86046,5.27983,5.229117,-2.227942,7748
27.46,17.53162,5,0.4774781,0.3161397,0.07558119,-2.805176,5.34731,5.269391,-2.10707,7744
27.48,-10.69525,5,0.4693695,0.3133793,-0.09235785,-1.618068,5.21235,5.20495,-2.330651,7744
27.5,9.771545,5,0.4755493,0.3176527,0.3351234,-3.676785,5.27983,5.216761,-2.272099,7732
27.52,19.59399,5,0.484256,0.3176652,-0.183961,-2.972292,5.34731,5.263281,-2.134608,7732
27.54,1.723022,5,0.4796996,0.3253929,0.4877952,-1.526517,5.27983,5.243918,-2.177783,7744
27.56,5.234314,5,0.4611663,0.3324841,-0.1992282,-2.311238,5.27983,5.232102,-2.23134,7728
27.58,6.808228,5,0.4785728,0.3343565,0.6862684,-2.530293,5.27983,5.228537,-2.199477,7760
27.6,-15.28876,5,0.4635544,0.3141646,0.304589,-2.51375,5.144871,5.14378,-2.506434,7736
27.62,-3.291626,5,0.4412739,0.2802728,-0.2908313,-4.655005,5.144871,5.103622,-2.666155,7744
27.64,24.39722,5,0.4516419,0.2577669,-0.2602969,-4.84081,5.27983,5.171226,-2.392103,7752
27.66,15.35645,5,0.4157145,0.251434,-1.176328,-2.049381,5.27983,5.20126,-2.279111,7736
27.68,-0.3335571,5,0.4202794,0.2732967,0.8084057,-1.159759,5.21235,5.177915,-2.203764,7744
27.7,24.76184,5,0.5047146,0.327871,2.732071,-2.38768,5.34731,5.258348,-1.753688,7744
27.72,2.299438,5,0.5422462,0.3654954,1.693902,-0.8164542,5.27983,5.253628,-1.826163,7736
27.74,-6.801697,5,0.5027024,0.3749668,-0.09235785,-1.937206,5.21235,5.200062,-2.188056,7744
27.76,11.4613,5,0.54303,0.3783144,1.11375,-3.703933,5.27983,5.218572,-2.124326,7728
27.78,8.18103,5,0.5661299,0.3753485,0.8236728,-3.105984,5.27983,5.228222,-2.152557,7736
27.8,7.00116,5,0.5476082,0.3734359,-0.1381594,-2.9825,5.27983,5.228868,-2.259297,7752
27.82,6.378357,5,0.5627853,0.3769565,0.1213828,-3.072633,5.27983,5.230006,-2.277277,7748
27.84,17.03748,5,0.5901425,0.3925182,0.9763447,-3.263583,5.34731,5.272942,-2.160522,7728
27.86,-0.04547119,5,0.5787097,0.3956109,0.4572606,-2.302104,5.27983,5.247525,-2.362772,7744
27.88,-7.859192,5,0.5706216,0.3879508,-0.1228922,-3.389763,5.21235,5.192309,-2.61783,7724
27.9,10.78406,5,0.5838255,0.3741466,0.1061156,-4.914824,5.27983,5.208273,-2.617905,7744
27.92,8.165771,5,0.578149,0.3561402,0.304589,-4.02242,5.27983,5.214965,-2.668268,7728
27.94,7.185059,5,0.5586544,0.3494956,-0.2144953,-3.63417,5.27983,5.216643,-2.699605,7748
27.96,-4.664795,5,0.55528,0.3412078,-0.3213652,-3.490895,5.21235,5.176836,-2.833486,7752
27.98,11.88214,5,0.5706768,0.3417848,0.4419934,-4.618426,5.27983,5.20146,-2.737985,7764
28,8.420471,5,0.5693591,0.3382291,0.07558119,-3.68845,5.27983,5.212053,-2.745629,7756
28.02,7.765808,5,0.5334133,0.3363352,-0.4587703,-3.302903,5.27983,5.212472,-2.798473,7756
28.04,7.314514,5,0.5547009,0.3464878,0.02977964,-3.184971,5.27983,5.216228,-2.697237,7760
28.06,7.158936,5,0.5542108,0.35441,0.3809245,-3.149252,5.27983,5.217265,-2.696082,7752
28.08,-15.43689,5,0.5397155,0.3403549,-0.0007547362,-3.14078,5.144871,5.134,-2.996747,7752
28.1,19.08685,5,0.5393324,0.3317332,-0.183961,-5.361164,5.27983,5.177989,-2.839956,7764
28.12,24.17725,5,0.5457695,0.3310218,0.1366499,-3.338356,5.34731,5.241076,-2.60096,7760
28.14,4.796204,5,0.5123541,0.3451155,-1.451137,-1.402653,5.27983,5.226732,-2.619729,7764
28.16,6.654297,5,0.5466624,0.3769828,1.953444,-2.193649,5.27983,5.224683,-2.48039,7752
28.18,18.80975,5,0.572419,0.40319,1.541231,-2.585792,5.34731,5.264912,-2.334063,7748
28.2,1.782349,5,0.5952067,0.4216387,0.2893218,-1.718513,5.27983,5.243098,-2.397446,7744
28.22,5.602783,5,0.5835507,0.4296493,0.3809245,-2.823407,5.27983,5.228966,-2.513334,7744
28.24,8.076843,5,0.5731387,0.4198371,-0.0007547362,-3.12932,5.27983,5.219625,-2.599473,7736
28.26,9.8172,5,0.5498216,0.40537,-0.519839,-3.001279,5.27983,5.213365,-2.63859,7752
28.28,10.51239,5,0.55049,0.400286,-0.107625,-2.741904,5.27983,5.212919,-2.56994,7760
28.3,10.59253,5,0.5523642,0.4023893,0.2587874,-2.505174,5.27983,5.214509,-2.508761,7740
28.32,-0.8778687,5,0.5490896,0.3988398,-0.09235785,-2.352932,5.21235,5.174817,-2.61087,7736
28.34,16.17249,5,0.553966,0.4003657,-0.183961,-3.398822,5.27983,5.198501,-2.499549,7752
28.36,24.41107,5,0.5601605,0.4094744,-0.04655629,-2.362604,5.34731,5.25121,-2.296857,7736
28.38,-17.30621,5,0.5626346,0.4126062,0.1977187,-0.9309618,5.144871,5.154067,-2.569228,7740
28.4,6.864319,5,0.6087145,0.425112,2.701536,-4.324264,5.21235,5.15515,-2.502067,7740
28.42,31.28455,5,0.5549997,0.4048204,-2.641977,-3.890453,5.34731,5.227104,-2.489039,7732
28.44,7.814636,5,0.6138801,0.4242614,1.358024,-1.366629,5.27983,5.229962,-2.277945,7728
28.46,7.272156,5,0.6381829,0.4603761,2.777872,-2.15275,5.27983,5.232377,-2.267841,7724
28.48,18.41302,5,0.6711447,0.4884424,0.4877952,-2.811559,5.34731,5.272842,-2.214551,7736
28.5,1.958984,5,0.6594938,0.4931908,0.1977187,-2.108649,5.27983,5.244417,-2.462889,7732
28.52,6.652405,5,0.6312937,0.485855,-0.7335792,-3.209862,5.27983,5.22541,-2.641974,7736
28.54,9.41272,5,0.6197983,0.4667,-0.9167854,-3.422804,5.27983,5.215042,-2.721647,7728
28.56,-1.247131,5,0.624634,0.4475095,-0.1228922,-3.326348,5.21235,5.172149,-2.834755,7740
28.58,15.87848,5,0.6225402,0.4366249,-0.04655629,-4.306091,5.27983,5.194312,-2.768423,7756
28.6,13.44556,5,0.5848786,0.4185463,-1.084725,-3.096986,5.27983,5.200712,-2.811983,7724
28.62,-0.02496338,5,0.615573,0.4231507,0.3198562,-2.673751,5.21235,5.16986,-2.766677,7732
28.64,4.549866,5,0.6114866,0.4212121,0.1977187,-3.738524,5.21235,5.154728,-2.846642,7728
28.66,18.58209,5,0.5956122,0.4125532,-1.054191,-3.899132,5.27983,5.186071,-2.792267,7728
28.68,13.77667,5,0.6082327,0.4189306,-0.2908313,-2.63177,5.27983,5.203607,-2.663026,7732
28.7,11.47815,5,0.6132504,0.4384551,0.2740546,-2.296916,5.27983,5.212389,-2.595447,7744
28.72,11.38068,5,0.5923431,0.448274,-0.5351062,-2.234742,5.27983,5.212053,-2.637698,7732
28.74,11.7818,5,0.5967633,0.4572511,-0.4129688,-2.215426,5.27983,5.212147,-2.590287,7736
28.76,11.79132,5,0.6128312,0.4686163,0.1366499,-2.213826,5.27983,5.214178,-2.524337,7744
28.78,11.69177,5,0.6219115,0.478774,0.06031401,-2.240381,5.27983,5.215547,-2.500561,7728
28.8,12.14746,5,0.6100616,0.4818548,-0.06182348,-2.225871,5.27983,5.213747,-2.531363,7728
28.82,12.3573,5,0.6208832,0.4879011,0.04504682,-2.204948,5.27983,5.214392,-2.484411,7736
28.84,12.37,5,0.6272133,0.4943227,0.2129859,-2.189699,5.27983,5.215217,-2.464642,7736
28.86,12.69348,5,0.6196448,0.4968678,0.09084838,-2.151121,5.27983,5.214093,-2.481902,7736
28.88,12.78009,5,0.6300746,0.5026116,0.01451245,-2.126665,5.27983,5.214948,-2.442426,7736
28.9,12.76385,5,0.6351703,0.5083853,0.09084838,-2.117592,5.27983,5.21559,-2.432059,7744
28.92,12.8042,5,0.6385776,0.5133754,0.01451245,-2.123472,5.27983,5.215731,-2.431117,7748
28.94,13.06555,5,0.6350294,0.5157899,0.02977964,-2.109971,5.27983,5.214787,-2.445859,7752
28.96,13.14978,5,0.6429537,0.5202522,0.02977964,-2.100205,5.27983,5.215208,-2.424299,7744
28.98,24.823,5,0.6432624,0.5315689,0.06031401,-2.059883,5.34731,5.255633,-2.292502,7740
29,7.635986,5,0.6578926,0.544095,0.04504682,-0.9290739,5.27983,5.234777,-2.324934,7736
29.02,10.95612,5,0.6575403,0.5551845,0.4572606,-1.914437,5.27983,5.223715,-2.377219,7740
29.04,12.73767,5,0.6609614,0.5523711,-0.3671672,-2.238819,5.27983,5.217443,-2.431109,7744
29.06,13.05389,5,0.6816226,0.5533763,0.3503905,-2.342424,5.27983,5.217137,-2.408094,7740
29.08,13.22589,5,0.675478,0.5510513,0.06031401,-2.358158,5.27983,5.215473,-2.464304,7740
29.1,13.65619,5,0.6649984,0.5466923,-0.1992282,-2.315528,5.27983,5.213046,-2.507848,7744
29.12,2.537903,5,0.6587148,0.5354756,-0.07709067,-2.247272,5.21235,5.170821,-2.654736,7744
29.14,19.77191,5,0.6588455,0.5296785,0.1213828,-3.298331,5.27983,5.192904,-2.577534,7760
29.16,28.32861,5,0.6512284,0.5302342,-0.07709067,-2.201261,5.34731,5.243448,-2.415971,7724
29.18,-1.63501,5,0.6494268,0.5358174,0.07558119,-0.6581944,5.21235,5.186249,-2.546467,7732
29.2,18.14417,5,0.653044,0.548332,0.5488637,-2.647999,5.27983,5.200746,-2.47263,7748
29.22,27.79553,5,0.6642081,0.5548052,-0.06182348,-1.974773,5.34731,5.248307,-2.317596,7740
29.24,-1.505737,5,0.6568738,0.5574831,0.5641309,-0.5818287,5.21235,5.18805,-2.497314,7740
29.26,18.8371,5,0.6516006,0.5641401,-0.0007547362,-2.573823,5.27983,5.200092,-2.448829,7752
29.28,17.1098,5,0.6642728,0.5598976,-0.3519,-1.875537,5.27983,5.206828,-2.412255,7752
29.3,4.583557,5,0.6648733,0.5580983,0.4877952,-1.615978,5.21235,5.170222,-2.50481,7740
29.32,21.61932,5,0.6516665,0.556152,-0.107625,-2.637142,5.27983,5.19237,-2.456276,7744
29.34,30.04474,5,0.6557186,0.5628439,-0.1686933,-1.578953,5.34731,5.244353,-2.250534,7740
29.36,0.0581665,5,0.653823,0.5716948,0.2129859,-0.07386455,5.21235,5.187354,-2.384247,7732
29.38,19.91315,5,0.6573869,0.5857797,0.3656577,-2.090423,5.27983,5.201664,-2.310149,7748
29.4,18.01581,5,0.6713817,0.5858397,-0.03128911,-1.461702,5.27983,5.208798,-2.283859,7748
29.42,5.449341,5,0.6752584,0.5865321,0.3198562,-1.276124,5.21235,5.172203,-2.381586,7740
29.44,22.43915,5,0.6654254,0.5859635,-0.2602969,-2.361637,5.27983,5.194346,-2.339682,7748
29.46,30.84583,5,0.6702294,0.5926989,-0.2144953,-1.353333,5.34731,5.24603,-2.148219,7760
29.48,23.85016,5,0.6739495,0.618179,0.2587874,0.1480176,5.34731,5.270614,-2.008744,7744
29.5,8.352539,5,0.7274292,0.6569414,3.22062,0.2284024,5.27983,5.246438,-1.974418,7744
29.52,11.52081,5,0.7723868,0.6834181,1.251154,-1.432345,5.27983,5.235958,-2.05107,7744
29.54,12.92017,5,0.7898515,0.6836721,0.3198562,-2.267446,5.27983,5.227895,-2.229412,7744
29.56,-8.882507,5,0.769174,0.6509286,-0.3213652,-2.659963,5.144871,5.137317,-2.709387,7752
29.58,25.62543,5,0.7761457,0.626447,0.01451245,-5.094601,5.27983,5.178189,-2.651785,7768
29.6,7.185791,5,0.7846721,0.596243,-0.06182348,-3.277176,5.21235,5.158043,-2.796253,7744
29.62,21.54913,5,0.7441684,0.5846168,-0.9931214,-3.781409,5.27983,5.185451,-2.817098,7732
29.64,16.20612,5,0.7892652,0.5929567,0.6862684,-2.819525,5.27983,5.204271,-2.692755,7732
29.66,13.68549,5,0.7849871,0.605491,0.7931387,-2.71207,5.27983,5.210282,-2.763328,7760
29.68,13.26263,5,0.7748994,0.6097429,-0.4587703,-2.862087,5.27983,5.208885,-2.866787,7740
29.7,13.33972,5,0.7810168,0.6115794,-0.1534266,-3.024617,5.27983,5.207456,-2.909099,7696
29.72,25.36249,5,0.769663,0.6152347,0.4114593,-3.060568,5.34731,5.244867,-2.847328,7752
29.74,9.207092,5,0.7496696,0.61244,-0.1228922,-1.828386,5.27983,5.218494,-2.965534,7736
29.76,13.23132,5,0.7402772,0.6138942,-0.1534266,-2.612034,5.27983,5.205816,-2.981325,7732
29.78,14.44318,5,0.7703558,0.6160102,0.5946653,-2.822244,5.27983,5.204161,-2.918428,7756
29.8,15.54974,5,0.7385817,0.6067995,0.07558119,-2.730015,5.27983,5.199056,-3.007677,7732
29.82,16.62323,5,0.7218776,0.5991788,-0.4435031,-2.499279,5.27983,5.196036,-2.991328,7736
29.84,16.47192,5,0.7466884,0.6060464,0.1061156,-2.320696,5.27983,5.199843,-2.861537,7748
29.86,16.16443,5,0.7495162,0.6139281,0.2129859,-2.225994,5.27983,5.201948,-2.837469,7752
29.88,16.42157,5,0.7398983,0.6177422,-0.01602192,-2.160115,5.27983,5.201178,-2.848237,7748
29.9,16.71045,5,0.7428799,0.6226644,-0.03128911,-2.098682,5.27983,5.201345,-2.812697,7764
29.92,16.63861,5,0.7556195,0.630877,0.04504682,-2.070181,5.27983,5.203127,-2.762136,7760
29.94,16.7182,5,0.7544843,0.6364398,0.1366499,-2.053104,5.27983,5.20322,-2.764035,7740
29.96,5.209229,5,0.7614943,0.6346353,0.06031401,-2.081174,5.21235,5.163146,-2.88036,7760
29.98,22.55597,5,0.7540466,0.6310062,0.04504682,-3.209049,5.27983,5.184203,-2.838232,7760
30,31.20068,5,0.7516302,0.6334572,0.01451245,-2.168522,5.34731,5.234732,-2.663543,7760
30.02,13.01752,5,0.7431164,0.6456113,0.04504682,-0.6057346,5.27983,5.217141,-2.674163,7780
30.04,16.13464,5,0.7386826,0.6610233,0.1366499,-1.391479,5.27983,5.208173,-2.665016,7768
30.06,17.3678,5,0.7631205,0.6698048,1.11375,-1.674176,5.27983,5.206256,-2.618113,7752
30.08,18.47925,5,0.7421514,0.667022,-0.3366328,-1.663056,5.27983,5.202018,-2.673757,7752
30.1,18.80145,5,0.7576047,0.6712194,-0.04655629,-1.593865,5.27983,5.202959,-2.596509,7756
30.12,29.98871,5,0.7761702,0.6885367,0.3198562,-1.551814,5.34731,5.246491,-2.405098,7744
30.14,13.20068,5,0.7624425,0.6965867,0.09084838,-0.3726994,5.27983,5.222766,-2.513665,7740
30.16,16.83881,5,0.7646689,0.7068548,-0.2602969,-1.29394,5.27983,5.211587,-2.521059,7756
30.18,18.92981,5,0.7588106,0.7023546,-0.2755641,-1.511685,5.27983,5.204802,-2.563754,7744
30.2,8.295288,5,0.7608908,0.6913311,0.04504682,-1.474832,5.21235,5.162182,-2.672673,7708
30.22,25.7337,5,0.7569447,0.6846033,-0.183961,-2.483481,5.27983,5.183911,-2.590836,7744
30.24,34.08215,5,0.7606876,0.6885933,-0.06182348,-1.375907,5.34731,5.236185,-2.384963,7740
30.26,15.44415,5,0.7619667,0.7050805,0.3198562,0.1679624,5.27983,5.220538,-2.37597,7728
30.28,18.08478,5,0.7680749,0.7253439,0.6404669,-0.7122114,5.27983,5.213077,-2.36735,7748
30.3,30.78485,5,0.7892097,0.7422557,0.304589,-1.069466,5.34731,5.250961,-2.229518,7736
30.32,3.313721,5,0.771107,0.7365764,0.02977964,-0.0112485,5.21235,5.183237,-2.503292,7744
30.34,23.19421,5,0.8165143,0.7486421,1.495429,-2.211771,5.27983,5.198866,-2.355551,7752
30.36,21.83594,5,0.7905135,0.7331699,-1.390068,-1.568594,5.27983,5.200564,-2.491593,7724
30.38,8.952576,5,0.8196408,0.7314848,0.3198562,-1.406182,5.21235,5.165711,-2.530397,7748
30.4,25.50122,5,0.8091046,0.7281428,0.4419934,-2.538399,5.27983,5.188107,-2.536829,7752
30.42,34.28363,5,0.7891305,0.7248858,-0.4282355,-1.522993,5.34731,5.236088,-2.440371,7752
30.44,16.08942,5,0.7881631,0.7351859,-0.3824344,0.01087061,5.27983,5.218499,-2.440372,7740
30.46,17.95276,5,0.8288963,0.7611922,1.831307,-0.9492135,5.27983,5.215123,-2.358048,7732
30.48,19.49841,5,0.8101052,0.760558,-1.695411,-1.328822,5.27983,5.207702,-2.506838,7716
30.5,8.672119,5,0.823004,0.7519721,-0.1992282,-1.491266,5.21235,5.164786,-2.638635,7752
30.52,26.4892,5,0.8027267,0.7389798,-0.1534266,-2.596459,5.27983,5.183136,-2.645835,7748
30.54,24.30615,5,0.7761305,0.7215917,-0.8557167,-1.437363,5.27983,5.189516,-2.651884,7732
30.56,11.58472,5,0.7779538,0.7182116,-0.3671672,-0.9238181,5.21235,5.155021,-2.668443,7748
30.58,27.99207,5,0.7803864,0.7232065,-0.0007547362,-1.849469,5.27983,5.181176,-2.541543,7736
30.6,24.60675,5,0.779769,0.7259198,-0.2450293,-0.8005939,5.27983,5.193354,-2.480898,7732
30.62,11.48407,5,0.784174,0.7333524,-0.03128911,-0.4889955,5.21235,5.159567,-2.53301,7736
30.64,27.95337,5,0.7896089,0.7427896,0.09084838,-1.598153,5.27983,5.184865,-2.43398,7744
30.66,24.91327,5,0.7828605,0.7440249,0.1519171,-0.6432859,5.27983,5.195024,-2.412488,7724
30.68,35.32056,5,0.7806913,0.7635607,0.1824515,-0.2861459,5.34731,5.240744,-2.207204,7744
30.7,18.1781,5,0.7775089,0.7801567,0.1671843,0.9879358,5.27983,5.220133,-2.233504,7748
30.72,21.38251,5,0.792318,0.8006144,0.2435202,0.05236523,5.27983,5.211875,-2.189095,7744
30.74,23.18854,5,0.793271,0.8039845,0.1061156,-0.2407373,5.27983,5.206513,-2.219464,7740
30.76,24.20953,5,0.7919232,0.8036835,0.07558119,-0.2449028,5.27983,5.203915,-2.209403,7736
30.78,24.59027,5,0.797267,0.8062863,0.06031401,-0.1607808,5.27983,5.204038,-2.167489,7732
30.8,36.22461,5,0.8016996,0.8190356,0.07558119,-0.05489912,5.34731,5.245555,-1.998317,7740
30.82,19.2688,5,0.8043816,0.8301983,0.09084838,1.156306,5.27983,5.223909,-2.039535,7736
30.84,22.71332,5,0.8058689,0.8425255,0.1824515,0.2419492,5.27983,5.213422,-2.052064,7744
30.86,24.83496,5,0.797074,0.8384693,0.1366499,0.0193121,5.27983,5.206325,-2.103675,7736
30.88,25.84296,5,0.7988313,0.835591,0.07558119,0.08258114,5.27983,5.204162,-2.072006,7736
30.9,26.30859,5,0.7955991,0.8351128,0.09084838,0.2387269,5.27983,5.203715,-2.044033,7744
30.92,26.44867,5,0.7986547,0.8387681,0.04504682,0.3802515,5.27983,5.204655,-1.998592,7740
30.94,26.75885,5,0.7909077,0.8415678,-0.01602192,0.5160511,5.27983,5.204359,-1.985989,7728
30.96,26.95538,5,0.7950756,0.8472739,-0.04655629,0.6251504,5.27983,5.205226,-1.936148,7748
30.98,26.90619,5,0.8047048,0.8557857,-0.01602192,0.686596,5.27983,5.206987,-1.885986,7732
31,15.53912,5,0.8007787,0.8534281,-0.06182348,0.7123356,5.21235,5.166224,-2.020825,7736
31.02,32.89905,5,0.7989206,0.852075,-0.01602192,-0.3839711,5.27983,5.188079,-1.943023,7748
31.04,41.10388,5,0.8134669,0.8611926,-0.01602192,0.6216945,5.34731,5.2412,-1.723162,7740
31.06,22.58636,5,0.8089905,0.8777086,0.02977964,2.103387,5.27983,5.224428,-1.749563,7732
31.08,14.05994,5,0.8055071,0.88666,0.3503905,1.201722,5.21235,5.174431,-1.903766,7748
31.1,31.51544,5,0.8624674,0.898043,2.426727,-0.4179099,5.27983,5.198147,-1.753464,7740
31.12,40.39001,5,0.8424832,0.897729,-0.0007547362,0.3676907,5.34731,5.244892,-1.72659,7728
31.14,21.91876,5,0.8584029,0.9111263,0.4114593,1.701259,5.27983,5.227727,-1.736787,7740
31.16,34.81647,5,0.9143876,0.9477183,2.30459,0.5531421,5.34731,5.265741,-1.551,7732
31.18,5.870544,5,0.961521,0.960619,1.205353,0.8865664,5.21235,5.202401,-1.845969,7732
31.2,26.73035,5,0.9396614,0.9529874,0.7015356,-1.717103,5.27983,5.205839,-2.076199,7752
31.22,36.88959,5,0.9543455,0.9387629,0.01451245,-1.357035,5.34731,5.247504,-2.054071,7768
31.24,6.775879,5,0.9745009,0.9306837,0.7778715,-0.2181903,5.21235,5.187487,-2.297886,7756
31.26,26.6106,5,0.9567462,0.9213431,0.5793981,-2.423434,5.27983,5.19601,-2.437648,7752
31.28,23.40204,5,1.014539,0.9147005,0.5946653,-2.075649,5.27983,5.205595,-2.432901,7748
31.3,34.05438,5,0.9712271,0.9073241,0.5183294,-2.003569,5.34731,5.242629,-2.543044,7740
31.32,16.94177,5,0.9703563,0.9024706,-0.1992282,-0.9067109,5.27983,5.2178,-2.683995,7748
31.34,19.73169,5,0.9869201,0.9061395,0.5946653,-1.967727,5.27983,5.207458,-2.749159,7740
31.36,8.925171,5,1.008238,0.8932339,0.4114593,-2.485001,5.21235,5.162317,-2.986263,7744
31.38,26.5896,5,0.9895397,0.8720787,-0.04655629,-3.830991,5.27983,5.178169,-3.097675,7736
31.4,23.94244,5,0.9751984,0.8485258,-0.7183124,-2.89124,5.27983,5.183831,-3.171534,7748
31.42,11.23285,5,0.9612843,0.8325057,0.4114593,-2.519554,5.21235,5.145571,-3.325878,7736
31.44,28.10046,5,0.9444241,0.8215632,-0.2602969,-3.475214,5.27983,5.167214,-3.301572,7732
31.46,36.2713,5,0.9479811,0.8228509,-0.2908313,-2.390908,5.34731,5.21927,-3.114485,7740
31.48,17.68756,5,0.9424962,0.8350599,0.5793981,-0.8583714,5.27983,5.202496,-3.139676,7748
31.5,20.71313,5,0.9335788,0.8482479,0.06031401,-1.690263,5.27983,5.192783,-3.168163,7744
31.52,21.71387,5,0.9665194,0.85704,1.70917,-2.042328,5.27983,5.191402,-3.121262,7736
31.54,11.39154,5,0.9336021,0.8415886,0.304589,-2.086129,5.21235,5.144708,-3.371343,7724
31.56,29.10278,5,0.9375793,0.8334445,-0.1686933,-3.143387,5.27983,5.1658,-3.262667,7756
31.58,25.29248,5,0.9663258,0.8349302,0.5793981,-2.150745,5.27983,5.180507,-3.145797,7728
31.6,11.97925,5,0.9552704,0.8355851,0.5946653,-1.868851,5.21235,5.1451,-3.290808,7740
31.62,28.64716,5,0.9503652,0.8369857,-0.1992282,-2.983369,5.27983,5.168186,-3.240555,7760
31.64,24.78467,5,0.9779306,0.8424397,0.1977187,-2.129652,5.27983,5.182145,-3.155267,7720
31.66,23.23688,5,0.9659157,0.8512442,0.4419934,-1.916113,5.27983,5.1862,-3.183986,7732
31.68,23.3053,5,0.9510759,0.8546599,-0.3213652,-1.880098,5.27983,5.185031,-3.223629,7736
31.7,23.05298,5,0.9757607,0.8645961,0.2282531,-1.93154,5.27983,5.187546,-3.154458,7720
31.72,22.92029,5,0.9776008,0.8705591,0.2435202,-1.996227,5.27983,5.187789,-3.178315,7740
31.74,23.25488,5,0.9695981,0.8712518,-0.0007547362,-2.024335,5.27983,5.185921,-3.217417,7740
31.76,23.90399,5,0.9576026,0.8685639,-0.06182348,-1.967365,5.27983,5.183432,-3.240293,7748
31.78,35.86023,5,0.9582429,0.8767583,0.01451245,-1.839792,5.34731,5.223708,-3.07135,7756
31.8,19.09253,5,0.9562677,0.8843465,0.06031401,-0.5661728,5.27983,5.201554,-3.107896,7748
31.82,22.90717,5,0.9434603,0.8915821,0.02977964,-1.371834,5.27983,5.189672,-3.129881,7736
31.84,24.5733,5,0.9587309,0.8929603,0.4267263,-1.566618,5.27983,5.186129,-3.089334,7768
31.86,25.43756,5,0.9506277,0.8906942,-0.03128911,-1.497612,5.27983,5.18387,-3.09072,7756
31.88,25.99091,5,0.9454275,0.8900511,-0.2297625,-1.345414,5.27983,5.183084,-3.060663,7740
31.9,26.04523,5,0.9542912,0.8952527,0.09084838,-1.217222,5.27983,5.1848,-2.993845,7756
31.92,26.3277,5,0.9443832,0.898126,0.09084838,-1.091625,5.27983,5.184462,-2.988566,7776
31.94,26.89508,5,0.9340191,0.8997084,-0.06182348,-0.9427839,5.27983,5.183471,-2.966854,7756
31.96,15.65198,5,0.9376338,0.8970606,-0.09235785,-0.8221421,5.21235,5.143793,-3.036511,7760
31.98,32.86487,5,0.9376096,0.8975905,-0.0007547362,-1.849087,5.27983,5.167023,-2.928142,7760
32,29.93945,5,0.9309227,0.8950887,-0.03128911,-0.7652014,5.27983,5.177626,-2.872538,7752
32.02,74.69623,-5,0.9301982,0.9067074,-0.1534266,-0.341424,5.27983,5.183916,-2.776241,7764
32.04,77.48871,-5,0.9463747,0.9741806,0.1519171,4.453665,5.27983,5.189713,-2.551113,7740
32.06,94.32501,-5,0.9417295,1.109487,0.1671843,7.999914,5.34731,5.230327,-2.132156,7760
32.08,66.93616,-5,1.209594,1.333078,16.4878,11.14801,5.21235,5.195435,-1.463174,7756
32.1,83.25256,-5,1.593916,1.627682,20.5794,9.2499,5.27983,5.248379,-0.7656084,7736
32.12,76.60669,-5,1.960564,1.912215,16.59467,8.458771,5.27983,5.282563,-0.727891,7732
32.14,120.6104,-5,2.20662,2.184075,14.13665,6.579677,5.54975,5.448532,-0.7448694,7720
32.16,123.9991,-5,2.393684,2.436693,7.816042,9.238003,5.684711,5.585935,-0.9669944,7716
32.18,93.12677,-5,2.71205,2.722567,18.96108,10.26926,5.61723,5.607906,-1.235709,7684
32.2,-83.34845,-5,3.03546,2.871043,13.98398,6.399386,4.60503,5.001037,-3.948551,7700
32.22,230.4331,-5,3.262215,3.009881,10.59467,-14.19034,5.95463,5.51612,-3.502876,7744
32.24,-10.26611,-5,2.730079,2.772625,-20.53511,5.308518,4.87495,4.995232,-7.590251,7668
32.26,83.63089,-5,2.241226,2.605128,2.854208,-4.398425,4.94243,4.748305,-8.825965,7744
32.28,-60.8485,-5,2.49701,2.410298,9.495431,-2.505527,3.93023,4.083231,-9.90789,7748
32.3,269.413,-5,2.206204,2.306835,-35.52748,-14.29082,5.27983,4.574685,-8.486509,7812
32.32,257.794,-5,2.330182,2.414887,-2.397702,11.02004,5.61723,5.045734,-5.746798,7720
32.34,209.1132,-5,1.99858,2.750746,-5.099993,27.72924,5.61723,5.233151,-4.43044,7684
32.36,173.5045,-5,3.033479,3.469014,63.73973,30.43409,5.61723,5.44592,-0.6293343,7700
32.38,157.5267,-5,3.81652,4.170058,41.00689,26.08511,5.684711,5.615684,0.3374383,7692
32.4,108.3381,-5,4.642612,4.756555,41.0985,18.81421,5.54975,5.624492,-0.1640499,7684
32.42,-49.55215,-5,4.942294,4.958604,11.98398,7.717271,4.60503,4.996269,-4.530642,7700
32.44,43.19426,-5,4.833626,4.786788,-8.321369,-15.14982,4.60503,4.619657,-8.626807,7752
32.46,-14.90054,-5,4.382304,4.230671,-29.77176,-19.59472,3.93023,3.956753,-13.37609,7764
32.48,145.8708,-5,3.430886,3.565565,-51.20688,-25.03397,4.267631,3.766389,-15.82015,7820
32.5,234.5972,-5,2.783781,3.074405,-33.63435,-10.04799,4.60503,3.878097,-14.8952,7764
32.52,38.76019,-5,2.430458,2.842431,-11.16106,9.644216,3.525351,3.324544,-14.59347,7752
32.54,176.8279,-5,2.913597,3.040364,35.95346,1.482113,3.93023,3.441645,-10.92506,7836
32.56,174.0925,-5,3.274851,3.285424,11.63284,8.919667,3.99771,3.589756,-9.083056,7804
32.58,201.1676,-5,3.194508,3.559968,-4.138161,13.96923,4.20015,3.759257,-8.192188,7796
32.6,11.49829,-5,3.856954,3.913757,26.45727,17.51239,3.25543,3.340651,-7.844279,7776
32.62,61.2124,-5,4.205507,4.14797,25.44963,-0.4286798,3.18795,3.111489,-8.794267,7844
32.64,148.1414,-5,4.577737,4.235273,11.81604,-8.337847,3.525351,3.21348,-9.123054,7860
32.66,217.6116,-5,4.078462,4.158019,-39.29848,-2.923392,3.93023,3.410429,-10.42311,7820
32.68,31.86255,-5,3.518159,3.974241,-11.81755,9.212953,2.918031,2.826673,-12.8646,7808
32.7,106.2679,-5,3.850548,4.005836,29.58704,-2.585179,2.918031,2.633235,-11.69426,7864
32.72,191.7028,-5,4.000135,4.016377,0.6099325,-3.180587,3.25543,2.77138,-10.8983,7884
32.74,252.2533,-5,3.719704,4.061338,-20.47404,6.192441,3.660311,3.047286,-10.15655,7844
32.76,26.74786,-5,4.048091,4.244361,11.89238,17.02387,2.58063,2.578352,-10.15035,7812
32.78,91.7984,-5,4.398574,4.456579,26.67101,0.290173,2.58063,2.393645,-10.18406,7872
32.8,155.8854,-5,4.98314,4.610354,24.71681,-6.016221,2.850551,2.514208,-9.700506,7892
32.82,224.0258,-5,4.489701,4.58029,-27.60382,-1.870138,3.25543,2.715224,-11.09251,7868
32.84,44.95514,-5,4.13132,4.469477,-3.359534,8.633276,2.31071,2.193019,-13.13485,7848
32.86,155.5002,-5,4.545178,4.578614,18.65574,-3.754366,2.58063,2.187338,-11.66189,7908
32.88,214.118,-5,4.739808,4.66267,4.167186,-1.259472,2.918031,2.402499,-10.97386,7876
32.9,69.59918,-5,4.394981,4.619012,-19.55801,7.223417,2.175751,1.999972,-13.03656,7864
32.92,192.0106,-5,4.628937,4.731273,17.22062,-2.355213,2.58063,2.09591,-11.80432,7896
32.94,8.123291,-5,4.726155,4.679632,-2.718313,3.016675,1.568431,1.534514,-13.67168,7888
32.96,219.4717,-5,4.533564,4.633458,-8.855719,-11.02546,2.31071,1.698646,-13.52244,7952
32.98,12.95093,-5,4.543274,4.454881,-1.390068,0.6413025,1.23103,1.133803,-15.14674,7904
33,215.2965,-5,4.176026,4.345206,-32.77939,-10.96716,1.90583,1.254846,-14.85094,7952
33.02,63.51318,-5,4.995301,4.427637,21.89238,-1.191008,1.23103,1.033826,-13.38037,7916
33.04,174.7529,-5,4.671502,4.466676,-18.56565,-8.786806,1.63591,1.1223,-14.19507,7968
33.06,49.22131,-5,4.697222,4.406031,11.6481,-2.877046,0.9611101,0.7533343,-15.38208,7928
33.08,-34.57288,-5,4.59338,4.245168,-10.58091,-11.56228,0.15135,0.08843699,-17.64976,7992
33.1,118.121,-5,4.888698,4.105186,5.693904,-26.561,0.5562305,0.07595749,-17.23387,8016
33.12,10.25549,-5,4.515932,3.74557,-20.94733,-20.02592,-0.1185694,-0.37634,-19.79871,8008
33.14,-13.91284,-5,3.57458,3.211434,-50.62672,-23.61878,-0.7258892,-1.033904,-22.93698,8036
33.16,130.0833,-5,2.569974,2.581538,-11.78702,-24.89342,-0.5234499,-1.266713,-23.43024,8080
33.18,293.0189,-5,2.638888,2.422263,-3.619076,-11.06541,0.2863102,-0.7600929,-18.05298,8056
33.2,102.9728,-5,2.05974,2.405176,-32.80993,16.23156,-0.5234499,-1.009293,-16.82229,8000
33.22,221.9445,-5,1.903026,2.673373,22.77788,15.8587,-0.1185694,-0.834865,-13.05004,8072
33.24,11.89551,-5,3.086784,3.16708,54.33514,23.35399,-1.13077,-1.176709,-9.5105,8052
33.26,125.4845,-5,3.447339,3.58348,16.07559,6.093997,-0.7933693,-1.11064,-8.537512,8092
33.28,183.5487,-5,4.029088,3.908389,30.79315,4.407946,-0.3884897,-0.802791,-7.042665,8084
33.3,17.3949,-5,4.196663,4.091049,-4.336633,8.328893,-1.13077,-1.126868,-8.652754,8056
33.32,144.4567,-5,3.876198,4.099782,-30.27558,-4.59251,-0.7258892,-1.107828,-9.989764,8104
33.34,14.16382,-5,4.404163,4.092741,32.50307,-2.315565,-1.40069,-1.444816,-10.38069,8092
33.36,113.3689,-5,4.577562,4.110665,2.671002,-14.42489,-1.06329,-1.388845,-10.79439,8128
33.38,-17.11194,-5,4.33452,3.869698,-30.00076,-11.86533,-1.805569,-1.863981,-13.95315,8132
33.4,175.3865,-5,4.108836,3.684631,-8.596177,-22.30838,-1.06329,-1.656679,-13.94696,8148
33.42,31.9718,-5,3.891448,3.429379,-10.65725,-9.289504,-1.738089,-1.978976,-15.30972,8120
33.44,122.1439,-5,4.205407,3.476056,12.30459,-16.10676,-1.40069,-1.854611,-13.73314,8132
33.46,-68.46289,-5,4.240683,3.369401,2.655735,-11.996,-2.412889,-2.409853,-16.01112,8120
33.48,128.0095,-5,3.989672,3.232226,-17.16107,-27.41017,-1.738089,-2.292927,-16.45427,8168
33.5,155.8783,-5,3.950145,3.102468,-2.046557,-17.51259,-1.46817,-2.070633,-15.75107,8132
33.52,29.2218,-5,3.540715,2.997385,-20.76412,-7.008565,-2.075489,-2.366012,-16.84348,8112
33.54,126.0415,-5,3.199507,2.934055,3.403826,-11.56752,-1.805569,-2.359144,-16.40597,8156
33.56,-38.6604,-5,3.842298,2.991982,30.83895,-7.267124,-2.68281,-2.773217,-15.50831,8132
33.58,120.4156,-5,3.594764,2.968621,-11.25267,-19.98332,-2.142969,-2.67256,-15.77317,8184
33.6,15.36279,-5,3.117929,2.700724,-24.59618,-10.9045,-2.75029,-3.046079,-17.5325,8172
33.62,-26.48706,-5,2.609734,2.384753,-26.48932,-13.98663,-3.357609,-3.603288,-18.79161,8200
33.64,94.38342,-5,3.084371,2.30443,15.52597,-21.6769,-3.02021,-3.536652,-16.03106,8236
33.66,-30.48792,-5,3.084774,2.165652,-2.351901,-14.78514,-3.695009,-3.885725,-16.65221,8212
33.68,75.18005,-5,2.592634,1.985976,-25.37481,-21.05239,-3.425089,-3.924287,-17.02289,8256
33.7,-11.01941,-5,2.054818,1.658335,-31.68015,-12.89438,-4.03241,-4.338851,-18.06475,8256
33.72,104.6597,-5,1.946993,1.531823,-4.611444,-15.67539,-3.695009,-4.274674,-15.88068,8292
33.74,-78.2644,-5,2.043804,1.423848,11.44963,-6.497081,-4.707209,-4.792707,-15.70267,8280
33.76,64.09412,-5,2.064985,1.416609,-2.306099,-18.78024,-4.30233,-4.749203,-14.29657,8328
33.78,104.0043,-5,2.173452,1.419083,7.098485,-12.75165,-4.03241,-4.533029,-12.64436,8316
33.8,149.2668,-5,2.025926,1.546025,-6.901521,-4.078706,-3.627529,-4.190578,-10.86818,8296
33.82,-57.51904,-5,1.710076,1.581246,-18.35191,6.935065,-4.639729,-4.67299,-11.95839,8280
33.84,2.211792,-5,1.768372,1.628097,20.51833,-6.833935,-4.707209,-4.909299,-11.3943,8316
33.86,25.44507,-5,2.776167,1.808893,45.3275,-13.23905,-4.639729,-4.836444,-8.883875,8308
33.88,25.65857,-5,2.91888,1.891613,11.52597,-15.58845,-4.572248,-4.77025,-9.514872,8308
33.9,59.77075,-5,2.554075,1.826281,-25.23741,-15.82514,-4.36981,-4.691285,-10.82131,8336
33.92,-50.35583,-5,1.816475,1.52354,-43.87863,-10.29732,-5.044609,-5.154491,-13.58387,8312
33.94,43.46106,-5,0.935469,1.106814,-43.10001,-14.72758,-4.977129,-5.395184,-14.51005,8336
33.96,63.71619,-5,1.289405,0.971995,26.82368,-9.339314,-4.977129,-5.379894,-11.3198,8368
33.98,99.40161,-5,1.638364,1.11556,17.40383,-4.79725,-4.707209,-5.117795,-8.383773,8344
34,67.87842,-5,1.6506,1.301711,-4.183962,1.777338,-4.707209,-4.991963,-7.440017,8324
34.02,-90.89404,-5,1.546823,1.359016,-8.168697,2.981895,-5.58445,-5.482628,-8.843937,8324
34.04,-34.59119,-5,2.157662,1.470932,26.59467,-14.28691,-5.58445,-5.630307,-8.025965,8364
34.06,35.00671,-5,2.538983,1.484748,12.83895,-21.16823,-5.247049,-5.468467,-7.907708,8364
34.08,4.995605,-5,2.242221,1.347647,-18.79465,-17.74111,-5.314529,-5.494357,-9.641407,8340
34.1,96.0802,-5,1.318813,1.074627,-45.02367,-15.25155,-4.909649,-5.378537,-11.00518,8368
34.12,74.99475,-5,0.4369186,0.7548847,-43.87863,-1.466125,-5.044609,-5.473786,-11.22881,8332
34.14,103.3823,-5,0.2533122,0.7079929,25.5107,6.195896,-4.977129,-5.422041,-8.412685,8332
34.16,18.01038,-5,1.289853,1.071635,52.83896,10.53468,-5.314529,-5.413115,-4.207496,8332
34.18,8.144043,-5,2.051105,1.510053,32.04506,2.23218,-5.314529,-5.331566,-2.80305,8348
34.2,-17.79114,-5,2.503544,1.771668,21.31223,-5.799651,-5.38201,-5.337694,-3.661068,8352
34.22,41.73804,-5,2.552969,1.845369,-1.237397,-13.78379,-5.044609,-5.189283,-4.983522,8352
34.24,39.61572,-5,2.183169,1.717949,-18.58091,-11.80158,-4.977129,-5.163792,-6.916511,8328
34.26,90.74268,-5,1.654743,1.544277,-29.9855,-8.841003,-4.707209,-5.057296,-7.667674,8344
34.28,-72.89087,-5,1.008579,1.228102,-30.79466,0.1091423,-5.65193,-5.634387,-9.893842,8324
34.3,-15.44617,-5,1.758442,1.252754,23.11376,-13.01745,-5.65193,-5.751803,-7.438992,8376
34.32,-9.000122,-5,2.139276,1.232701,22.42673,-17.17277,-5.65193,-5.757831,-7.379919,8360
34.34,-11.78479,-5,2.143502,1.158759,-3.038924,-19.30967,-5.65193,-5.773904,-8.353189,8392
34.36,55.13342,-5,1.683983,0.9847777,-27.66489,-19.34871,-5.314529,-5.646389,-9.425174,8392
34.38,49.82495,-5,0.9996256,0.7339967,-35.54275,-10.31728,-5.314529,-5.658828,-10.26498,8368
34.4,64.57947,-5,0.3562307,0.5295701,-28.27557,-2.699423,-5.314529,-5.700222,-9.862183,8372
34.42,4.682007,-5,1.147291,0.7201766,36.18246,1.071121,-5.58445,-5.721211,-6.305987,8364
34.44,-9.83252,-5,1.625164,0.974995,27.70918,-4.109595,-5.65193,-5.712122,-5.332605,8372
34.46,-14.73157,-5,1.96733,1.142417,19.75498,-10.15093,-5.65193,-5.69748,-5.57764,8392
34.48,-17.76477,-5,2.055561,1.175283,5.342759,-14.94923,-5.65193,-5.715517,-6.702865,8396
34.5,-2.156616,-5,1.902856,1.083383,-8.962589,-17.90627,-5.58445,-5.726876,-8.028701,8372
34.52,-6.819458,-5,1.514672,0.8747343,-20.88626,-17.01715,-5.65193,-5.826876,-9.491405,8380
34.54,72.0614,-5,1.01668,0.6549305,-27.17634,-15.09896,-5.314529,-5.713142,-9.580987,8380
34.56,64.25708,-5,0.5619985,0.4824215,-8.412971,-4.325983,-5.314529,-5.679501,-8.990044,8376
34.58,46.58557,-5,0.6141005,0.535521,3.6023,1.817413,-5.38201,-5.649523,-6.937552,8360
34.6,52.17212,-5,0.8797415,0.7321531,15.84658,3.246284,-5.314529,-5.538453,-4.931151,8368
34.62,33.26514,-5,1.287095,0.996649,22.38093,3.398171,-5.314529,-5.439165,-3.50835,8372
34.64,18.47913,-5,1.584698,1.231643,14.47253,0.5928321,-5.314529,-5.38079,-3.187397,8376
34.66,6.311401,-5,1.921661,1.41722,13.48017,-3.894653,-5.314529,-5.344404,-3.305694,8368
34.68,-8.254639,-5,1.913417,1.44361,-1.298465,-8.096954,-5.38201,-5.406684,-4.725607,8348
34.7,12.69946,-5,1.81118,1.363589,-3.756481,-11.98881,-5.314529,-5.429241,-5.842733,8356
34.72,-146.6603,-5,1.681527,1.122423,-7.832818,-12.37773,-6.259249,-6.029535,-8.556083,8356
34.74,-77.35815,-5,1.494872,0.7870474,-10.3519,-28.12611,-6.326729,-6.358703,-10.30049,8412
34.76,-34.93726,-5,1.23355,0.3360404,-15.32901,-30.65905,-6.326729,-6.518706,-11.46065,8412
34.78,0.3153076,-5,0.6992671,-0.09180675,-34.15344,-26.24368,-6.259249,-6.573524,-11.99826,8412
34.8,27.69812,-5,-0.4485895,-0.584507,-59.11527,-15.89056,-6.259249,-6.685302,-12.89097,8408
34.82,66.3396,-5,-1.5936,-1.024714,-56.67253,-2.377423,-6.259249,-6.786612,-11.93602,8412
34.84,213.1616,-5,-2.268737,-1.157054,42.213,13.06277,-5.58445,-6.390344,-7.10657,8384
34.86,80.00366,-5,-1.082289,-0.5941542,54.30461,34.02214,-5.92185,-6.14855,0.6636536,8364
34.88,-2.498413,-5,-0.1435812,0.1954739,45.70919,31.21454,-6.191769,-6.076585,4.136042,8392
34.9,126.2002,-5,1.164674,1.059129,61.63285,16.98793,-5.314529,-5.416933,7.832902,8424
34.92,-28.25989,-5,2.03465,1.682433,37.15956,17.51046,-5.65193,-5.317687,7.009138,8348
34.94,-29.1853,-5,2.318177,2.028699,3.770239,1.291523,-5.58445,-5.310034,4.276413,8340
34.96,-34.23645,-5,2.053857,1.917262,-16.71832,-8.681478,-5.65193,-5.474345,0.1174179,8364
34.98,50.30176,-5,1.563858,1.593937,-27.1458,-14.03981,-5.314529,-5.442427,-2.34162,8384
35,48.04053,-5,1.039311,1.225652,-29.31374,-7.312267,-5.314529,-5.481327,-3.703454,8368
35.02,-106.6454,-5,0.60198,0.8533609,-22.15343,-1.997459,-6.259249,-6.084644,-5.757002,8368
35.04,136.4586,-5,0.8645217,0.7772375,10.70154,-14.61239,-5.247049,-5.67293,-3.012923,8412
35.06,72.80823,-5,1.013433,0.7721431,4.68627,1.078393,-5.247049,-5.449379,-1.938637,8344
35.08,-126.199,-5,0.7665128,0.7466662,-15.51221,5.446585,-6.259249,-5.98441,-3.993186,8368
35.1,102.2714,-5,0.6169,0.7100565,-8.79465,-10.90733,-5.38201,-5.721143,-3.317523,8420
35.12,55.0166,-5,1.467832,0.8720564,39.86185,-1.501321,-5.314529,-5.441744,-0.740464,8344
35.14,12.78979,-5,1.641381,1.103558,8.762607,-0.6870028,-5.314529,-5.317376,-1.019661,8360
35.16,-3.942139,-5,1.255958,1.103348,-19.58855,-3.152407,-5.38201,-5.395876,-3.265858,8388
35.18,85.92517,-5,0.830264,0.9843579,-23.22214,-4.880725,-4.977129,-5.255376,-3.847944,8380
35.2,45.63867,-5,1.112515,1.023899,9.587034,2.064712,-5.044609,-5.176873,-2.477008,8336
35.22,45.70117,-5,1.172725,1.137862,3.159552,2.39837,-4.977129,-5.092184,-2.062752,8340
35.24,23.48071,-5,1.227062,1.219391,7.327492,2.416408,-5.044609,-5.100246,-2.23316,8352
35.26,19.48865,-5,1.491175,1.325272,10.70154,-0.7108741,-5.044609,-5.082807,-2.018965,8364
35.28,12.7511,-5,1.699637,1.397437,8.106118,-3.894718,-5.044609,-5.06962,-2.376869,8364
35.3,20.40649,-5,1.753124,1.408312,1.006879,-6.852228,-4.977129,-5.040211,-3.142333,8372
35.32,2.410522,-5,1.755953,1.364493,1.251154,-8.09078,-5.044609,-5.085261,-4.123872,8364
35.34,17.78186,-5,1.719911,1.297375,-2.046557,-10.60159,-4.977129,-5.081161,-4.854191,8348
35.36,15.52844,-5,1.641802,1.204081,-4.367168,-10.46545,-4.977129,-5.095123,-5.560763,8340
35.38,15.64111,-5,1.565791,1.120087,-3.038924,-10.36563,-4.977129,-5.110662,-6.027637,8340
35.4,15.62671,-5,1.530462,1.055834,-2.183961,-10.18382,-4.977129,-5.119443,-6.278277,8340
35.42,4.308594,-5,1.475645,0.9924079,-3.11526,-9.916525,-5.044609,-5.168553,-6.658288,8340
35.44,22.8905,-5,1.386291,0.929831,-4.580909,-10.56227,-4.977129,-5.158288,-6.826499,8344
35.46,10.09778,-5,1.311543,0.8663754,-3.802283,-8.889851,-5.044609,-5.197273,-6.99011,8336
35.48,27.57996,-5,1.238808,0.8288435,-2.580908,-8.807176,-4.977129,-5.175123,-6.830761,8348
35.5,23.25378,-5,1.269516,0.829046,0.6404669,-7.090871,-4.977129,-5.152879,-6.449401,8332
35.52,21.18201,-5,1.242107,0.8428268,-1.145793,-6.300347,-4.977129,-5.142492,-6.305892,8340
35.54,19.94543,-5,1.263776,0.8679454,0.7015356,-6.057214,-4.977129,-5.133175,-6.090862,8352
35.56,8.193237,-5,1.255812,0.8768187,-0.2602969,-6.015909,-5.044609,-5.170695,-6.15556,8332
35.58,25.849,-5,1.240635,0.879055,-0.03128911,-7.094119,-4.977129,-5.148563,-6.032784,8348
35.6,23.22131,-5,1.234537,0.8776574,-0.4740371,-6.000454,-4.977129,-5.137152,-5.902482,8344
35.62,22.84338,-5,1.19687,0.8803138,-2.107625,-5.414314,-4.977129,-5.13391,-5.816959,8340
35.64,10.92139,-5,1.213164,0.8876106,0.8389403,-5.142214,-5.044609,-5.168018,-5.738892,8340
35.66,4.630005,-5,1.211582,0.8798468,-0.1992282,-6.181822,-5.112089,-5.223041,-5.841116,8344
35.68,35.36438,-5,1.212654,0.873016,0.07558119,-7.453128,-4.977129,-5.165046,-5.592321,8344
35.7,27.15649,-5,1.213975,0.8741803,-0.3671672,-5.195232,-4.977129,-5.135648,-5.409318,8344
35.72,24.02454,-5,1.18366,0.8917503,-1.741213,-4.431313,-4.977129,-5.123978,-5.30735,8336
35.74,22.72302,-5,1.200296,0.9163693,0.9458106,-4.296505,-4.977129,-5.115961,-5.148129,8352
35.76,22.47656,-5,1.198457,0.9327963,-0.07709067,-4.32944,-4.977129,-5.113257,-5.092577,8220
35.78,22.84143,-5,1.192976,0.9415416,0.1824515,-4.354654,-4.977129,-5.112945,-5.045454,8376
35.8,23.35498,-5,1.187362,0.9460039,-0.1228922,-4.313022,-4.977129,-5.112885,-4.987453,8348
35.82,12.10645,-5,1.18673,0.942227,-0.107625,-4.254733,-5.044609,-5.152423,-5.048645,8340
35.84,29.11719,-5,1.191234,0.9421583,0.07558119,-5.339633,-4.977129,-5.127995,-4.907729,8376
35.86,37.22839,-5,1.194866,0.948683,0.09084838,-4.325524,-4.909649,-5.074578,-4.684246,8368
35.88,30.1156,-5,1.191759,0.9717184,-0.3977011,-2.827959,-4.909649,-5.049491,-4.531368,8344
35.9,27.34375,-5,1.192739,1.002095,0.4572606,-2.559359,-4.909649,-5.038645,-4.434683,8348
35.92,15.02942,-5,1.199652,1.017258,0.4572606,-2.707371,-4.977129,-5.075356,-4.522322,8360
35.94,8.754395,-5,1.212332,1.011759,0.7015356,-4.113163,-5.044609,-5.132468,-4.693556,8244
35.96,28.08521,-5,1.212294,0.9924449,-0.4893047,-5.647613,-4.977129,-5.118185,-4.683969,8360
35.98,25.57532,-5,1.208451,0.9719144,0.2282531,-4.698392,-4.977129,-5.110335,-4.664325,8360
36,23.9823,-5,1.204963,0.9688296,-0.596175,-4.316571,-4.977129,-5.104794,-4.611404,8364
36.02,22.97876,-5,1.208691,0.9716626,0.6099325,-4.239455,-4.977129,-5.101266,-4.58592,8340
36.04,22.71057,-5,1.19942,0.970858,-0.2602969,-4.259383,-4.977129,-5.101233,-4.614311,8360
36.06,22.55103,-5,1.203059,0.970671,0.02977964,-4.312644,-4.977129,-5.100693,-4.602759,8352
36.08,22.33362,-5,1.205887,0.9701954,-0.09235785,-4.374373,-4.977129,-5.100111,-4.602248,8352
36.1,10.64221,-5,1.203924,0.9600623,0.07558119,-4.456716,-5.044609,-5.140875,-4.755573,8352
36.12,16.10352,-5,1.198385,0.9422318,-0.03128911,-5.673127,-5.044609,-5.159985,-4.852513,8360
36.14,29.74292,-5,1.197535,0.9255967,-0.1686933,-5.898377,-4.977129,-5.127133,-4.767545,8372
36.16,13.45898,-5,1.18046,0.9087014,-0.4435031,-4.641343,-5.044609,-5.15315,-4.872264,8360
36.18,27.92651,-5,1.190512,0.9138811,0.5335966,-5.46616,-4.977129,-5.121438,-4.716794,8352
36.2,23.69373,-5,1.18282,0.913693,-0.6572433,-4.525798,-4.977129,-5.108366,-4.711446,8348
36.22,10.69592,-5,1.165549,0.9103515,-0.183961,-4.300669,-5.044609,-5.145,-4.843269,8348
36.24,27.05359,-5,1.175203,0.9125174,-0.09235785,-5.470986,-4.977129,-5.119596,-4.729005,8352
36.26,23.40161,-5,1.178285,0.9102597,-0.2755641,-4.603729,-4.977129,-5.107577,-4.694956,8336
36.28,21.98511,-5,1.163751,0.9137143,-0.6572433,-4.35242,-4.977129,-5.103446,-4.685862,8336
36.3,9.688599,-5,1.174102,0.913147,0.07558119,-4.389991,-5.044609,-5.14079,-4.773766,8356
36.32,14.88391,-5,1.171499,0.9024293,0.1061156,-5.646937,-5.044609,-5.158582,-4.861131,8352
36.34,16.83606,-5,1.176508,0.8832718,-0.04655629,-5.970156,-5.044609,-5.165629,-4.903447,8360
36.36,29.67017,-5,1.139023,0.8652628,-1.115259,-5.836904,-4.977129,-5.131579,-4.861622,8356
36.38,24.35791,-5,1.143701,0.8662409,0.3198562,-4.471887,-4.977129,-5.112631,-4.716711,8344
36.4,21.58569,-5,1.151324,0.8836411,-0.1992282,-4.134276,-4.977129,-5.101962,-4.61813,8348
36.42,20.45825,-5,1.154317,0.8978431,0.1824515,-4.201022,-4.977129,-5.098019,-4.604124,8336
36.44,20.26343,-5,1.153679,0.9047081,0.04504682,-4.356209,-4.977129,-5.097658,-4.61486,8344
36.46,20.17346,-5,1.161386,0.9087456,0.02977964,-4.504296,-4.977129,-5.097136,-4.602496,8364
36.48,19.9834,-5,1.167662,0.9106452,-0.01602192,-4.632888,-4.977129,-5.096582,-4.602556,8364
36.5,19.97839,-5,1.162927,0.9082589,0.06031401,-4.721844,-4.977129,-5.097412,-4.632973,8368
36.52,8.128784,-5,1.173439,0.9001647,0.02977964,-4.843057,-5.044609,-5.137071,-4.756858,8372
36.54,24.82397,-5,1.174895,0.8926528,0.04504682,-6.09999,-4.977129,-5.114592,-4.721891,8372
36.56,21.58594,-5,1.163116,0.8788956,-0.01602192,-5.207178,-4.977129,-5.105707,-4.750494,8360
36.58,20.15332,-5,1.153085,0.8768606,-0.6114421,-4.913718,-4.977129,-5.101619,-4.732637,8364
36.6,19.14343,-5,1.166436,0.881936,0.8389403,-4.911151,-4.977129,-5.097722,-4.690089,8372
36.62,18.61023,-5,1.166428,0.8839349,-0.2908313,-5.012553,-4.977129,-5.096765,-4.716763,8384
36.64,18.4314,-5,1.165494,0.8826888,0.07558119,-5.131381,-4.977129,-5.097149,-4.74595,8376
36.66,18.46936,-5,1.160381,0.8783046,-0.06182348,-5.211863,-4.977129,-5.098292,-4.77868,8388
36.68,18.54053,-5,1.15587,0.8728728,0.1366499,-5.247189,-4.977129,-5.099232,-4.797498,8392
36.7,18.45508,-5,1.156009,0.8687503,-0.1381594,-5.265093,-4.977129,-5.099227,-4.798352,8344
36.72,18.20032,-5,1.158653,0.8662282,0.2282531,-5.295845,-4.977129,-5.098609,-4.797448,8352
36.74,29.51929,-5,1.158297,0.8714607,-0.06182348,-5.316847,-4.909649,-5.057745,-4.673695,8356
36.76,0.6264648,-5,1.163101,0.8676894,0.02977964,-4.256794,-5.044609,-5.119976,-4.876019,8216
36.78,20.37878,-5,1.175277,0.8698124,0.304589,-6.489823,-4.977129,-5.106848,-4.840917,8348
36.8,18.93335,-5,1.152449,0.8479374,-1.298465,-5.893914,-4.977129,-5.105047,-4.954196,8348
36.82,7.799561,-5,1.100315,0.8186694,-2.168694,-5.497744,-5.044609,-5.149478,-5.157192,8352
36.84,24.34241,-5,1.124219,0.8125617,0.8847416,-6.415905,-4.977129,-5.122453,-4.937547,8340
36.86,21.08984,-5,1.095485,0.8000529,-0.7030448,-5.255975,-4.977129,-5.112287,-4.938325,8348
36.88,19.18652,-5,1.106651,0.8089532,0.3198562,-4.857608,-4.977129,-5.103691,-4.798645,8336
36.9,18.48975,-5,1.097664,0.8161832,-0.3060985,-4.755888,-4.977129,-5.100827,-4.778974,8224
36.92,18.24341,-5,1.101862,0.8229334,-0.04655629,-4.772408,-4.977129,-5.098961,-4.732983,8348
36.94,18.01355,-5,1.109173,0.8288503,0.1366499,-4.832324,-4.977129,-5.097229,-4.695131,8224
36.96,6.626221,-5,1.098513,0.8206444,0.02977964,-4.88393,-5.044609,-5.138691,-4.847656,8216
36.98,12.15039,-5,1.100941,0.8072543,0.04504682,-6.075068,-5.044609,-5.156631,-4.89167,8348
37,25.76941,-5,1.101783,0.7945079,-0.1686933,-6.282022,-4.977129,-5.122941,-4.784438,8364
37.02,20.86584,-5,1.093519,0.7908399,-0.9778546,-5.018822,-4.977129,-5.10685,-4.718912,8344
37.04,18.57153,-5,1.091802,0.8015552,0.5488637,-4.676002,-4.977129,-5.098639,-4.65067,8348
37.06,17.45654,-5,1.101526,0.8138656,0.04504682,-4.714216,-4.977129,-5.094261,-4.611845,8352
37.08,17.203,-5,1.097987,0.8190616,0.1061156,-4.839873,-4.977129,-5.093931,-4.633203,8376
37.1,17.29736,-5,1.096443,0.8198386,0.1061156,-4.943227,-4.977129,-5.094511,-4.640528,8360
37.12,17.03735,-5,1.109597,0.8224359,-0.07709067,-5.046926,-4.977129,-5.09309,-4.610478,8376
37.14,5.131348,-5,1.114092,0.8153588,0.06031401,-5.183097,-5.044609,-5.13299,-4.760342,8372
37.16,10.34924,-5,1.114847,0.8001413,0.06031401,-6.47827,-5.044609,-5.151497,-4.864105,8360
37.18,12.41907,-5,1.110965,0.7749064,-0.04655629,-6.79546,-5.044609,-5.160106,-4.951129,8372
37.2,13.15979,-5,1.095156,0.7510993,-0.7030448,-6.746041,-5.044609,-5.164386,-5.010082,8356
37.22,13.01611,-5,1.094313,0.7365066,0.4114593,-6.639268,-5.044609,-5.164447,-5.005673,8348
37.24,24.08936,-5,1.092773,0.7355353,-0.2755641,-6.555936,-4.977129,-5.122916,-4.877076,8356
37.26,6.501343,-5,1.095274,0.736158,0.1671843,-5.42006,-5.044609,-5.144028,-4.947856,8372
37.28,21.04175,-5,1.089957,0.7452569,-0.107625,-6.403903,-4.977129,-5.114337,-4.875221,8392
37.3,16.78027,-5,1.098873,0.7500114,0.7778715,-5.617,-4.977129,-5.100732,-4.844426,8376
37.32,15.35388,-5,1.080825,0.755178,-1.008389,-5.468382,-4.977129,-5.097446,-4.87264,8356
37.34,14.93359,-5,1.083976,0.7601469,0.7168028,-5.525146,-4.977129,-5.095949,-4.85392,8352
37.36,14.60205,-5,1.092606,0.7643772,-0.3671672,-5.634513,-4.977129,-5.094544,-4.837024,8332
37.38,2.612183,-5,1.102889,0.7598468,-0.1534266,-5.800992,-5.044609,-5.133816,-4.970554,8344
37.4,31.03479,-5,1.099307,0.7604116,0.01451245,-7.059349,-4.909649,-5.071589,-4.814228,8336
37.42,-12.02966,-5,1.081684,0.7349004,-0.3366328,-5.039629,-5.112089,-5.167295,-5.182833,8348
37.44,23.22693,-5,1.103134,0.736877,1.190086,-8.076565,-4.977129,-5.125376,-4.985292,8336
37.46,17.75671,-5,1.07928,0.7147689,-1.939687,-6.443504,-4.977129,-5.110083,-5.056481,8348
37.48,17.62354,-5,0.9758821,0.6904744,-4.443504,-5.57056,-4.977129,-5.113766,-5.176502,8340
37.5,17.69043,-5,0.9862412,0.6912523,0.9458106,-5.040952,-4.977129,-5.108833,-4.935646,8340
37.52,17.43958,-5,0.9831653,0.699227,-0.5809073,-4.671367,-4.977129,-5.103974,-4.79487,8336
37.54,17.01929,-5,0.9929836,0.7127267,0.5641309,-4.483009,-4.977129,-5.098841,-4.653819,8364
37.56,16.88806,-5,0.9922221,0.723933,-0.1992282,-4.395769,-4.977129,-5.096045,-4.575284,8344
37.58,16.54358,-5,1.009505,0.7374048,0.07558119,-4.407631,-4.977129,-5.092117,-4.469045,8364
37.6,16.23523,-5,1.017299,0.7478378,-0.09235785,-4.475084,-4.977129,-5.089673,-4.42275,8368
37.62,16.08203,-5,1.021997,0.7546094,-0.09235785,-4.565736,-4.977129,-5.088459,-4.39857,8364
37.64,16.15784,-5,1.019491,0.7568004,0.09084838,-4.632105,-4.977129,-5.088574,-4.396247,8368
37.66,16.36902,-5,1.014507,0.7559481,-0.04655629,-4.65118,-4.977129,-5.089149,-4.391585,8348
37.68,16.38135,-5,1.01735,0.7561175,0.07558119,-4.652051,-4.977129,-5.088511,-4.361084,8376
37.7,16.35168,-5,1.015193,0.7555678,-0.04655629,-4.644241,-4.977129,-5.088143,-4.349734,8364
37.72,4.717896,-5,1.015369,0.7473523,0.2129859,-4.668158,-5.044609,-5.128223,-4.470569,8352
37.74,21.42163,-5,1.023328,0.7434357,0.4419934,-5.860005,-4.977129,-5.104416,-4.382091,8348
37.76,18.2345,-5,1.008963,0.7323936,-0.3060985,-4.913588,-4.977129,-5.095052,-4.393906,8344
37.78,17.06799,-5,0.9918773,0.7311957,-0.4587703,-4.554614,-4.977129,-5.091416,-4.365937,8352
37.8,4.651855,-5,1.006883,0.7307968,0.3198562,-4.511576,-5.044609,-5.127571,-4.421285,8356
37.82,9.656494,-5,1.006163,0.7217788,0.2740546,-5.733649,-5.044609,-5.144415,-4.49753,8376
37.84,23.17395,-5,1.007894,0.7110971,-0.06182348,-6.016554,-4.977129,-5.110947,-4.408837,8336
37.86,18.4231,-5,0.9955971,0.70641,-0.5351062,-4.80015,-4.977129,-5.095984,-4.369492,8356
37.88,16.37317,-5,0.9890832,0.7146282,0.1061156,-4.456584,-4.977129,-5.088943,-4.316097,8332
37.9,3.508545,-5,1.01081,0.7209752,0.7168028,-4.535579,-5.044609,-5.123913,-4.383593,8356
37.92,7.943237,-5,1.030218,0.7194908,-0.06182348,-5.951984,-5.044609,-5.138853,-4.453177,8384
37.94,21.46619,-5,1.022834,0.7074634,0.1366499,-6.390681,-4.977129,-5.107399,-4.448802,8356
37.96,16.9364,-5,1.007837,0.6987631,-0.9473198,-5.26827,-4.977129,-5.094368,-4.449898,8352
37.98,15.15002,-5,0.994783,0.7013187,-0.2908313,-4.943096,-4.977129,-5.089135,-4.431385,8360
38,13.95288,-5,1.015289,0.7115403,0.6710012,-4.978941,-4.977129,-5.084126,-4.368618,8312
38.02,13.63464,-5,1.006011,0.7135933,-0.1992282,-5.092695,-4.977129,-5.084356,-4.422412,8364
38.04,1.905396,-5,1.013197,0.7068403,0.2282531,-5.250194,-5.044609,-5.124714,-4.558824,8340
38.06,18.65674,-5,1.018733,0.7009859,-0.01602192,-6.532334,-4.977129,-5.102092,-4.511403,8360
38.08,15.49634,-5,1.005099,0.687495,-0.519839,-5.643959,-4.977129,-5.093505,-4.545631,8364
38.1,13.74719,-5,1.010166,0.6898257,0.6251997,-5.396636,-4.977129,-5.087611,-4.493309,8340
38.12,13.13977,-5,0.9999646,0.6901524,-0.550373,-5.376734,-4.977129,-5.086605,-4.524814,8340
38.14,1.507568,-5,0.9952684,0.6807062,-0.107625,-5.434973,-5.044609,-5.127551,-4.673884,8336
38.16,6.830811,-5,0.9986387,0.6662777,0.02977964,-6.659245,-5.044609,-5.145442,-4.739893,8340
38.18,20.4375,-5,0.9957976,0.6510296,-0.2908313,-6.896627,-4.977129,-5.112598,-4.664884,8348
38.2,15.60083,-5,0.9851325,0.6445519,-0.3977011,-5.64721,-4.977129,-5.097322,-4.619233,8336
38.22,-10.08972,-5,0.9945216,0.640429,0.5946653,-5.395393,-5.112089,-5.169301,-4.812125,8336
38.24,22.89832,-5,0.9922789,0.6375198,-0.2755641,-7.764146,-4.977129,-5.122001,-4.707848,8328
38.26,16.09387,-5,0.9893776,0.625749,-0.550373,-5.990416,-4.977129,-5.100842,-4.681915,8344
38.28,13.86218,-5,0.9460981,0.6252726,-2.122893,-5.363207,-4.977129,-5.095204,-4.694195,8344
38.3,12.29736,-5,0.9816329,0.6419883,1.159551,-5.294614,-4.977129,-5.086952,-4.537805,8348
38.32,12.03552,-5,0.9614334,0.6464993,-0.550373,-5.338486,-4.977129,-5.087113,-4.595646,8360
38.34,11.85352,-5,0.9757134,0.6525415,0.4419934,-5.441763,-4.977129,-5.085522,-4.54384,8344
38.36,12.04968,-5,0.9640561,0.6514355,0.07558119,-5.488766,-4.977129,-5.086701,-4.573064,8348
38.38,12.27832,-5,0.9610187,0.6494099,-0.06182348,-5.489702,-4.977129,-5.087222,-4.55865,8348
38.4,12.16663,-5,0.9670764,0.6499606,0.1824515,-5.487915,-4.977129,-5.086026,-4.521372,8348
38.42,12.23914,-5,0.9572968,0.6474309,-0.2297625,-5.465205,-4.977129,-5.08652,-4.532994,8344
38.44,12.24316,-5,0.9578756,0.6463508,0.06031401,-5.445078,-4.977129,-5.086063,-4.507465,8348
38.46,0.6182861,-5,0.9567199,0.6376336,-0.03128911,-5.452978,-5.044609,-5.126161,-4.629507,8344
38.48,17.59973,-5,0.9535696,0.6306044,0.09084838,-6.595608,-4.977129,-5.103682,-4.560504,8344
38.5,2.338623,-5,0.965858,0.6180441,-0.06182348,-5.704039,-5.044609,-5.131545,-4.631081,8332
38.52,17.16089,-5,0.9736183,0.6208665,-0.4435031,-6.659139,-4.977129,-5.101847,-4.524217,8356
38.54,0.9890137,-5,0.9873052,0.6154256,0.4114593,-5.867364,-5.044609,-5.127883,-4.634995,8340
38.56,16.16907,-5,0.9737051,0.6144677,-0.3977011,-6.908337,-4.977129,-5.101623,-4.620052,8356
38.58,11.9353,-5,0.9879489,0.6138668,0.4419934,-6.113826,-4.977129,-5.088351,-4.589228,8356
38.6,10.11401,-5,0.9787238,0.6179358,-0.5351062,-5.98855,-4.977129,-5.084013,-4.620529,8368
38.62,8.961914,-5,0.9991793,0.6259429,0.6099325,-6.160649,-4.977129,-5.080456,-4.60585,8360
38.64,8.783203,-5,0.9859205,0.623331,-0.3366328,-6.347393,-4.977129,-5.082394,-4.704903,8376
38.66,-2.853394,-5,0.9910375,0.6119218,0.1824515,-6.533004,-5.044609,-5.123879,-4.868142,8360
38.68,14.25269,-5,0.9815615,0.5984977,-0.1686933,-7.77431,-4.977129,-5.103612,-4.867248,8348
38.7,11.35181,-5,0.963441,0.5798749,-0.7183124,-6.808333,-4.977129,-5.095897,-4.896366,8340
38.72,10.10034,-5,0.9496254,0.5751513,-0.1686933,-6.419573,-4.977129,-5.092027,-4.86379,8344
38.74,9.014526,-5,0.9667457,0.5812005,0.04504682,-6.348265,-4.977129,-5.087076,-4.788816,8348
38.76,8.431641,-5,0.9652201,0.584392,-0.01602192,-6.406455,-4.977129,-5.085652,-4.806986,8356
38.78,8.274536,-5,0.9635766,0.5843854,-0.03128911,-6.498919,-4.977129,-5.085808,-4.826081,8344
38.8,8.405396,-5,0.9563603,0.5807179,0.02977964,-6.55218,-4.977129,-5.087004,-4.851868,8340
38.82,8.664673,-5,0.9472905,0.5750928,0.1366499,-6.544144,-4.977129,-5.088343,-4.865646,8344
38.84,9.092407,-5,0.9317918,0.5675243,0.04504682,-6.460672,-4.977129,-5.090096,-4.876482,8340
38.86,8.789551,-5,0.9478761,0.5687433,0.01451245,-6.417215,-4.977129,-5.087443,-4.797699,8356
38.88,8.131226,-5,0.9588432,0.5726708,-0.06182348,-6.456985,-4.977129,-5.084688,-4.77144,8356
38.9,7.824585,-5,0.9556287,0.5728108,-0.1381594,-6.539803,-4.977129,-5.084516,-4.801007,8356
38.92,7.690308,-5,0.9565785,0.5714401,0.07558119,-6.629688,-4.977129,-5.084667,-4.814953,8324
38.94,7.589844,-5,0.9562486,0.5687808,0.06031401,-6.702645,-4.977129,-5.084948,-4.831809,8340
38.96,7.209961,-5,0.9663025,0.5684058,0.1061156,-6.796396,-4.977129,-5.083843,-4.825567,8336
38.98,-16.01428,-5,0.9579123,0.5478755,0.02977964,-6.920286,-5.112089,-5.1662,-5.152161,8348
39,18.07715,-5,0.9515948,0.5301567,0.01451245,-9.275137,-4.977129,-5.122961,-5.060458,8340
39.02,-0.01464844,-5,0.9447349,0.5010151,-0.550373,-7.393727,-5.044609,-5.143268,-5.165975,8344
39.04,15.27209,-5,0.8760393,0.4838623,-3.71068,-7.723625,-4.977129,-5.117908,-5.154244,8352
39.06,11.62219,-5,0.8700786,0.4785275,0.3961921,-6.378321,-4.977129,-5.103615,-5.001198,8344
39.08,9.396118,-5,0.8830521,0.4950497,-0.1534266,-5.90239,-4.977129,-5.092559,-4.823304,8340
39.1,7.794312,-5,0.907594,0.5173888,1.022146,-5.894532,-4.977129,-5.08451,-4.711726,8348
39.12,7.775879,-5,0.8867545,0.524596,-0.9015187,-5.979033,-4.977129,-5.085281,-4.761714,8352
39.14,7.999634,-5,0.8934962,0.5301037,0.07558119,-6.058092,-4.977129,-5.084845,-4.710668,8360
39.16,8.425415,-5,0.8822451,0.529718,0.06031401,-6.0486,-4.977129,-5.085901,-4.707733,8340
39.18,8.543701,-5,0.8869018,0.5314713,0.2282531,-6.01434,-4.977129,-5.084882,-4.649495,8352
39.2,-3.148071,-5,0.8904711,0.5263035,0.2282531,-6.016645,-5.044609,-5.123993,-4.745591,8332
39.22,1.847412,-5,0.9034052,0.5181054,0.1061156,-7.241648,-5.044609,-5.139788,-4.775049,8356
39.24,3.579224,-5,0.908058,0.5006732,-0.1534266,-7.562775,-5.044609,-5.146192,-4.826365,8364
39.26,16.17407,-5,0.8777206,0.4855364,-1.191595,-7.474665,-4.977129,-5.111267,-4.777906,8352
39.28,11.64087,-5,0.8480738,0.4779907,-1.252663,-6.047225,-4.977129,-5.09686,-4.724143,8340
39.3,9.191162,-5,0.8643278,0.4942679,0.6710012,-5.61828,-4.977129,-5.08579,-4.557143,8356
39.32,8.008667,-5,0.8691992,0.5100251,0.7320697,-5.597907,-4.977129,-5.080673,-4.511529,8344
39.34,7.612427,-5,0.8739375,0.5206873,-0.09235785,-5.718772,-4.977129,-5.078856,-4.492767,8332
39.36,7.689819,-5,0.8719522,0.5248794,0.2587874,-5.831096,-4.977129,-5.079093,-4.496105,8336
39.38,7.927124,-5,0.8686519,0.525128,-0.04655629,-5.885866,-4.977129,-5.07976,-4.492757,8344
39.4,8.049805,-5,0.8685596,0.5247031,-0.07709067,-5.897632,-4.977129,-5.079712,-4.473504,8352
39.42,8.087646,-5,0.8667588,0.5238482,-0.03128911,-5.886994,-4.977129,-5.079494,-4.458764,8332
39.44,8.25061,-5,0.8585199,0.5211914,0.02977964,-5.848351,-4.977129,-5.079996,-4.456888,8352
39.46,-3.283325,-5,0.8588415,0.5123796,-0.04655629,-5.832736,-5.044609,-5.120051,-4.563035,8356
39.48,1.957153,-5,0.8634073,0.4999453,0.1366499,-7.001849,-5.044609,-5.137009,-4.607276,8348
39.5,15.36169,-5,0.8671867,0.488607,-0.4435031,-7.233117,-4.977129,-5.102808,-4.505613,8336
39.52,10.57666,-5,0.8513562,0.4831448,-0.2297625,-5.982168,-4.977129,-5.087877,-4.472625,8332
39.54,7.904663,-5,0.8692952,0.4980632,0.5488637,-5.702239,-4.977129,-5.07762,-4.363615,8340
39.56,6.514038,-5,0.8794608,0.511711,0.4725278,-5.822169,-4.977129,-5.073153,-4.361501,8328
39.58,6.082397,-5,0.8806028,0.5174494,-0.1534266,-6.046138,-4.977129,-5.072968,-4.40643,8332
39.6,6.052246,-5,0.8816983,0.5175176,0.1671843,-6.242134,-4.977129,-5.074,-4.44491,8344
39.62,6.170654,-5,0.8779539,0.5133764,-0.04655629,-6.363079,-4.977129,-5.075548,-4.485016,8340
39.64,-16.8678,-5,0.8748279,0.4920822,0.07558119,-6.472188,-5.112089,-5.157938,-4.784715,8332
39.66,17.10852,-5,0.8731489,0.4755562,-0.04655629,-8.81415,-4.977129,-5.113884,-4.677855,8332
39.68,-1.457031,-5,0.8814275,0.4513797,-0.3977011,-6.98727,-5.044609,-5.132054,-4.757009,8344
39.7,13.55518,-5,0.8137274,0.4362674,-2.870985,-7.404814,-4.977129,-5.106547,-4.777613,8348
39.72,9.353516,-5,0.8278999,0.4360904,0.8084057,-6.213985,-4.977129,-5.090425,-4.614514,8344
39.74,7.671875,-5,0.8082171,0.4438629,-0.3977011,-5.786002,-4.977129,-5.084191,-4.568369,8356
39.76,6.534668,-5,0.8325869,0.4604583,0.5946653,-5.754569,-4.977129,-5.077761,-4.446988,8360
39.78,6.457764,-5,0.8177515,0.4664181,-0.1686933,-5.797217,-4.977129,-5.077783,-4.473825,8352
39.8,18.30042,-5,0.8161328,0.4772516,-0.1686933,-5.801257,-4.909649,-5.037353,-4.30642,8360
39.82,13.16235,-5,0.8114724,0.4915443,-0.2450293,-4.592197,-4.909649,-5.019162,-4.202026,8340
39.84,-0.3276367,-5,0.809014,0.5051608,0.1366499,-4.32824,-4.977129,-5.051712,-4.248455,8348
39.86,4.615356,-5,0.8133694,0.5093133,0.7626044,-5.527103,-4.977129,-5.066677,-4.263868,8332
39.88,-4.582886,-5,0.8092341,0.4903713,-0.2297625,-5.82855,-5.044609,-5.114702,-4.426342,8364
39.9,1.961548,-5,0.7977704,0.4647489,-0.1686933,-6.916535,-5.044609,-5.136181,-4.489939,8340
39.92,15.88171,-5,0.7971741,0.4463734,-0.04655629,-6.947486,-4.977129,-5.102557,-4.343375,8376
39.94,11.21301,-5,0.7774095,0.438911,-0.6267089,-5.498338,-4.977129,-5.08679,-4.265513,8352
39.96,9.401001,-5,0.7594839,0.4459371,-0.7793808,-4.953118,-4.977129,-5.079638,-4.182068,8352
39.98,7.970337,-5,0.7912998,0.4657497,1.266421,-4.882462,-4.977129,-5.07141,-4.027761,8352
40,7.70166,-5,0.7774726,0.4743342,-0.4587703,-4.932081,-4.977129,-5.070744,-4.055213,8336
40.02,-38.39319,5,0.7869143,0.4816729,0.3656577,-5.022701,-4.977129,-5.069557,-4.007975,8356
40.04,-42.18396,5,0.7979579,0.4379778,-0.107625,-9.821872,-4.977129,-5.06873,-4.111461,8340
40.06,-45.98596,5,0.7363421,0.3069984,-4.535108,-13.21863,-4.977129,-5.075795,-4.526335,8336
40.08,-47.13196,5,0.5194679,0.09721413,-12.3519,-15.17209,-4.977129,-5.098154,-5.148271,8344
40.1,-44.61401,5,0.1853937,-0.1706262,-18.48931,-15.50706,-4.977129,-5.130749,-5.677268,8340
40.12,-51.83325,5,-0.1813228,-0.4635191,-17.34427,-14.31242,-5.044609,-5.199746,-5.939777,8340
40.14,-36.07635,5,-0.3250063,-0.6777452,-6.535108,-13.78888,-4.977129,-5.165977,-5.115334,8328
40.16,-47.65497,5,-0.3377152,-0.8077605,-1.023656,-11.8575,-4.977129,-5.115205,-4.154709,8324
40.18,-58.62061,5,-0.4087846,-0.9038195,-5.451138,-11.55991,-4.977129,-5.076809,-3.650068,8324
40.2,-124.8103,5,-0.4921466,-1.044389,-4.474039,-12.36251,-5.314529,-5.256005,-4.070014,8332
40.22,-104.1935,5,-0.579214,-1.229873,-4.764115,-19.32602,-5.314529,-5.332397,-4.294702,8340
40.24,-97.41864,5,-0.7510775,-1.489527,-9.649612,-21.31338,-5.314529,-5.369531,-4.61645,8332
40.26,-36.42847,5,-1.06444,-1.736759,-19.95496,-20.81474,-4.977129,-5.193851,-4.194868,8332
40.28,-57.63611,5,-1.536008,-1.983197,-26.13817,-12.78876,-4.977129,-5.136695,-4.002465,8324
40.3,-69.65662,5,-2.099162,-2.212741,-30.15343,-7.787518,-5.044609,-5.176048,-3.667614,8324
40.32,-97.8335,5,-2.315242,-2.380226,4.365659,-5.059139,-5.247049,-5.287841,-2.517031,8332
40.34,-103.1733,5,-2.061955,-2.407059,16.13666,-6.998139,-5.314529,-5.297336,-0.4646617,8368
40.36,-96.67874,5,-1.880884,-2.404976,6.457263,-9.432043,-5.247049,-5.215127,0.7617741,8360
40.38,-182.7982,5,-1.78244,-2.46717,-0.8099151,-10.91201,-5.65193,-5.401359,0.4082668,8356
40.4,-160.1152,5,-1.87157,-2.631025,-6.397704,-20.33112,-5.65193,-5.495354,-0.3159156,8388
40.42,-138.9027,5,-2.074267,-2.912621,-12.44351,-23.6066,-5.58445,-5.513022,-0.9625049,8408
40.44,-149.3515,5,-2.461168,-3.250765,-25.61908,-22.41064,-5.65193,-5.58365,-1.656425,8388
40.46,-122.4976,5,-3.122443,-3.641399,-38.9168,-20.46924,-5.58445,-5.618183,-2.146694,8380
40.48,97.41951,5,-3.802953,-3.890021,-40.33664,-13.75715,-4.36981,-4.927046,0.6842082,8376
40.5,-43.422,5,-4.482166,-4.018586,-30.79466,15.02115,-4.707209,-4.825575,2.59346,8272
40.52,-105.6789,5,-4.312737,-3.780782,16.18246,19.13768,-4.977129,-4.844912,6.199204,8328
40.54,52.2421,5,-3.676749,-3.32793,41.84659,13.80081,-4.03241,-4.180527,11.19408,8356
40.56,-160.321,5,-2.618138,-2.790559,48.65575,22.3941,-4.639729,-4.126096,13.42725,8296
40.58,-222.9799,5,-1.943798,-2.360534,30.42674,4.182088,-4.909649,-4.245003,12.52655,8336
40.6,-61.12753,5,-1.676732,-2.242647,12.80841,-14.80298,-4.03241,-3.825562,11.41612,8336
40.62,-133.8392,5,-1.399406,-2.27318,4.90001,-12.0466,-4.03241,-3.656185,9.930467,8288
40.64,-209.0618,5,-1.628101,-2.442036,-17.90916,-17.01813,-4.30233,-3.813948,6.720706,8272
40.66,-178.6584,5,-2.485645,-2.93965,-50.24504,-25.08825,-4.30233,-4.021874,2.749717,8280
40.68,-140.9468,5,-3.531075,-3.647014,-58.84047,-23.8833,-4.30233,-4.218774,0.2780776,8284
40.7,-159.9057,5,-4.713072,-4.416241,-58.70306,-15.45582,-4.639729,-4.575459,-1.06355,8280
40.72,-155.5183,5,-5.819616,-5.130715,-12.27557,-8.195683,-4.977129,-4.958401,-0.8079629,8320
40.74,211.0143,5,-5.369621,-5.101955,34.3504,-3.737985,-3.02021,-3.755328,8.340065,8332
40.76,-81.15704,5,-4.841023,-4.685321,14.21299,34.1452,-3.695009,-3.474079,12.8639,8204
40.78,58.37115,5,-4.560678,-3.923457,4.930544,29.08759,-2.68281,-2.703064,17.21018,8256
40.8,-152.6449,5,-4.281737,-3.421438,35.75498,38.65543,-3.357609,-2.77623,17.35133,8188
40.82,-52.93045,5,-3.24188,-2.779751,55.72446,20.37759,-2.75029,-2.358357,20.221,8236
40.84,-66.19138,5,-1.888366,-2.16077,59.23591,13.90278,-2.345409,-1.837372,21.86928,8200
40.86,-215.8468,5,-1.4364,-1.838955,17.49544,6.504971,-2.75029,-1.904659,18.43941,8180
40.88,-74.32184,5,-1.822027,-1.912008,-27.84809,-12.00974,-2.008009,-1.647182,14.60006,8204
40.9,-182.517,5,-2.646999,-2.427541,-42.70306,-7.435796,-2.48037,-1.969103,9.632124,8152
40.92,39.49866,5,-3.525727,-2.910267,-48.56565,-12.07005,-1.46817,-1.594721,9.130718,8168
40.94,-106.3261,5,-4.480534,-3.456911,2.991613,10.23086,-2.075489,-1.851386,7.843863,8096
40.96,15.59882,5,-4.193604,-3.444098,9.892378,9.46241,-1.46817,-1.47667,12.2504,8152
40.98,-140.3633,5,-3.711371,-3.290784,24.85422,19.41134,-2.008009,-1.539111,13.79513,8136
41,-43.70404,5,-2.997807,-2.915043,26.31986,8.01683,-1.40069,-1.122547,16.16962,8176
41.02,-64.29352,5,-2.505584,-2.621039,29.66338,8.635479,-1.13077,-0.7630422,16.41262,8116
41.04,-168.4891,5,-2.193059,-2.417961,7.220622,5.729347,-1.40069,-0.7839869,14.79872,8108
41.06,-93.21423,5,-2.431817,-2.454192,-15.68015,-5.819251,-0.9958096,-0.6449171,12.45417,8128
41.08,-199.7772,5,-2.032837,-2.543658,9.403829,-7.425906,-1.40069,-0.8058306,10.99814,8096
41.1,-78.24133,5,-2.249384,-2.717195,-13.83282,-18.37221,-0.7933693,-0.5730341,9.376438,8124
41.12,-153.6033,5,-2.83614,-3.106574,-35.9855,-11.52998,-1.06329,-0.7188359,6.510934,8100
41.14,-26.26581,5,-3.489188,-3.435081,-26.68779,-12.24898,-0.4559698,-0.4781136,6.269411,8112
41.16,-119.7573,5,-3.766288,-3.67989,2.716804,0.8996187,-0.7933693,-0.5625938,6.491279,8052
41.18,-66.48395,5,-3.346398,-3.56846,27.35803,-1.183684,-0.4559698,-0.3022502,9.233265,8084
41.2,4.265381,5,-2.980746,-3.318963,9.632836,1.801523,0.2188301,0.2641518,11.48213,8052
41.22,34.12878,5,-3.0606,-3.036684,-0.9778546,11.36686,0.8261509,0.84873,12.60219,8020
41.24,-166.1116,5,-2.7425,-2.710976,22.70154,19.3297,0.15135,0.7203723,12.40734,7976
41.26,-35.79041,5,-1.957167,-2.253665,40.1672,1.967456,0.89363,1.160636,14.07675,8032
41.28,-219.8601,5,-1.497762,-2.08842,14.90001,1.802797,0.2188301,0.9349313,11.50918,7964
41.3,-68.76672,5,-1.818333,-2.158875,-24.77939,-15.61702,0.89363,1.129074,8.986042,8028
41.32,-146.281,5,-2.441326,-2.565388,-34.87099,-9.946255,0.5562305,0.9050776,5.565354,7992
41.34,1.120117,5,-2.983749,-2.880106,-25.32901,-11.99351,1.23103,1.166198,5.657832,7996
41.36,72.63391,5,-3.013661,-2.931207,-8.077094,1.849253,1.90583,1.729974,8.379813,7952
41.38,110.181,5,-3.078462,-2.663835,-0.6267089,18.64471,2.58063,2.410876,11.48547,7920
41.4,62.59827,5,-2.350601,-2.000197,49.28171,31.17046,2.918031,3.013322,15.49069,7888
41.42,-148.9227,5,-1.273374,-1.239673,61.73973,30.72676,2.243231,2.955189,16.16616,7872
41.44,-45.81482,5,0.06309868,-0.4981412,63.40385,4.786937,2.918031,3.388563,16.78372,7892
41.46,-58.81714,5,0.7406956,-0.1282975,23.66337,-4.171587,3.25543,3.727311,14.10282,7864
41.48,-101.6438,5,0.4103895,-0.16518,-21.08473,-10.39256,3.25543,3.716047,8.903463,7836
41.5,25.08875,5,-0.4009061,-0.4820432,-32.1687,-15.91739,3.93023,3.946085,5.306816,7844
41.52,-72.69861,5,-0.6050243,-0.7779232,-16.00076,-6.283176,3.592831,3.820815,3.679138,7788
41.54,-112.1248,5,-1.061644,-1.079484,-15.58855,-8.427341,3.25543,3.514584,1.485599,7808
41.56,86.44202,5,-0.7208993,-1.118447,11.08322,-14.6265,4.267631,4.048404,3.861704,7828
41.58,-42.71533,5,-0.9994664,-1.210965,-24.0313,2.098207,3.93023,4.052209,2.816874,7780
41.6,-94.75134,5,-1.371134,-1.280083,-5.512208,1.209413,3.592831,3.809258,1.576665,7820
41.62,84.26831,5,-0.2950498,-0.9569713,36.80842,-7.896766,4.60503,4.453537,5.828969,7820
41.64,-41.89148,5,-0.539706,-0.8639422,-9.939689,4.855289,4.335111,4.508332,3.920262,7744
41.66,134.4772,5,-0.9491184,-0.7247682,-11.20687,2.279985,5.34731,5.064128,4.556859,7768
41.68,-40.42249,5,0.310197,-0.2472404,40.62521,13.95277,4.94243,5.225144,7.366609,7704
41.7,-64.922,5,0.2310983,0.03831714,0.1671843,4.220091,4.87495,5.176269,4.939821,7744
41.72,-121.9467,5,1.051481,0.2467024,49.25117,-7.577326,4.60503,5.031194,3.931832,7732
41.74,-105.1002,5,1.097989,0.1630908,-4.550375,-21.32822,4.60503,4.898715,0.575907,7752
41.76,-71.66577,5,0.133659,-0.3531462,-53.05421,-25.49726,4.60503,4.671025,-4.172377,7740
41.78,-33.41296,5,-1.184026,-1.085577,-69.11528,-20.47403,4.53755,4.389714,-7.226242,7768
41.8,-3.93335,5,-1.37333,-1.486736,-14.88626,-12.65966,4.53755,4.334498,-5.26027,7760
41.82,186.2371,5,-1.506941,-1.506014,-7.771749,-3.657438,5.61723,5.019925,-1.091933,7772
41.84,23.65735,5,-0.9830324,-1.139899,17.02215,19.59344,5.27983,5.24203,2.471622,7684
41.86,-60.10352,5,-0.7107464,-0.6687338,27.55651,17.50911,4.94243,5.161461,3.204679,7720
41.88,-56.77673,5,0.5671453,-0.1006679,61.12904,3.410744,5.009911,5.281096,5.169735,7740
41.9,96.97278,5,1.048183,0.2993087,22.3504,-6.822124,6.02211,5.91657,5.363412,7732
41.92,8.880005,5,0.7136559,0.3996245,-21.32901,3.003363,5.95463,6.042194,2.706688,7664
41.94,-227.3782,5,0.19654,0.2210971,-15.87862,1.813906,4.60503,5.182968,-2.072077,7680
41.96,47.61487,5,0.7162672,0.1830682,31.1901,-24.1966,5.61723,5.463287,-0.6611921,7732
41.98,1.970459,5,0.3268284,-0.1230867,-14.61145,-12.34291,5.54975,5.486191,-2.606481,7720
42,34.10718,5,-0.5040476,-0.4025783,-40.44352,-6.294597,5.684711,5.494834,-3.673813,7708
42.02,-54.68909,5,0.05426258,-0.3565985,25.02216,-1.098244,5.27983,5.371356,-1.719447,7684
42.04,-37.69165,5,0.1146399,-0.3041137,-2.855718,-6.831098,5.27983,5.32274,-1.938794,7720
42.06,-22.34216,5,0.2604491,-0.2907723,6.243523,-9.366371,5.34731,5.348229,-2.017311,7720
42.08,-32.08435,5,0.01289439,-0.3856229,-12.33664,-8.685332,5.27983,5.278219,-3.122691,7724
42.1,-9.149658,5,-0.1422775,-0.4769581,-0.8557167,-8.670736,5.34731,5.274298,-3.247905,7752
42.12,-22.62439,5,-0.1051806,-0.5123416,-0.2755641,-6.495054,5.27983,5.250695,-2.890186,7704
42.14,-30.36328,5,-0.1390869,-0.52987,1.251154,-6.326273,5.21235,5.202894,-2.89315,7732
42.16,-14.04053,5,-0.05863723,-0.5120398,2.30459,-7.237736,5.27983,5.236648,-2.479283,7712
42.18,-28.54285,5,-0.1064,-0.5220355,-1.512206,-6.05258,5.21235,5.20493,-2.676491,7728
42.2,-11.94385,5,-0.1265387,-0.5189285,-1.954954,-6.637189,5.27983,5.230706,-2.509995,7740
42.22,-14.61377,5,-0.1438278,-0.5161784,-1.328999,-5.284573,5.27983,5.242548,-2.381852,7732
42.24,-15.11768,5,-0.1655778,-0.5020902,-1.54274,-4.582799,5.27983,5.248078,-2.232692,7728
42.26,-14.18872,5,-0.1944501,-0.4897963,-0.7793808,-4.065486,5.27983,5.249021,-2.111698,7736
42.28,-13.25439,5,-0.1957729,-0.4721609,-0.7641136,-3.617591,5.27983,5.25208,-1.904557,7736
42.3,-23.15991,5,-0.2331694,-0.4700374,-0.8709843,-3.117644,5.21235,5.210363,-1.928088,7720
42.32,-16.45898,5,-0.2341947,-0.466426,-0.3519,-3.774435,5.21235,5.195005,-1.76084,7716
42.34,-1.743164,5,-0.2432718,-0.4602707,-0.3060985,-3.467006,5.27983,5.231148,-1.470055,7744
42.36,-17.84521,5,-0.2293769,-0.4432757,0.06031401,-1.844541,5.21235,5.212844,-1.292038,7720
42.38,8.598633,5,-0.2178062,-0.4009143,0.2740546,-2.380433,5.34731,5.289102,-0.8548305,7720
42.4,-24.77869,5,-0.1695186,-0.3633024,1.831307,-0.2725585,5.21235,5.24829,-0.7990044,7728
42.42,-6.278442,5,-0.166407,-0.3250127,0.3198562,-2.229102,5.27983,5.268181,-0.6930408,7720
42.44,-11.36804,5,-0.02614171,-0.2747368,6.228255,-2.123003,5.27983,5.292124,-0.3903053,7732
42.46,-23.55969,5,-0.09572627,-0.2735009,-2.351901,-2.355923,5.21235,5.246463,-0.8635023,7740
42.48,4.577759,5,-0.03964381,-0.2531705,1.754971,-3.877986,5.34731,5.311923,-0.584303,7724
42.5,-26.93835,5,-0.05664636,-0.2619483,0.1213828,-2.036466,5.21235,5.255394,-0.9141823,7756
42.52,-7.523438,5,-0.0649189,-0.2594553,-0.9473198,-3.948855,5.27983,5.268353,-0.9111373,7748
42.54,-11.44226,5,0.01921929,-0.2468054,3.266422,-3.536181,5.27983,5.28388,-0.7776116,7740
42.56,-12.53625,5,-0.02486008,-0.2493606,-1.985488,-3.512944,5.27983,5.281754,-1.014469,7764
42.58,-24.86792,5,0.010474,-0.2499448,0.2435202,-3.754131,5.21235,5.243055,-1.141305,7740
42.6,3.203491,5,0.01763532,-0.2453828,0.7473372,-5.132945,5.34731,5.305056,-1.051233,7744
42.62,-16.65845,5,-0.002197853,-0.2552101,-0.962587,-3.170455,5.27983,5.288092,-1.242571,7744
42.64,-14.47815,5,-0.005968276,-0.2501128,-0.4129688,-3.868626,5.27983,5.279681,-1.287238,7736
42.66,-14.34692,5,0.0388594,-0.2425241,1.648101,-4.260549,5.27983,5.279998,-1.271572,7752
42.68,-25.1366,5,0.005192803,-0.2608216,-0.7030448,-4.418104,5.21235,5.232538,-1.605348,7748
42.7,-7.654297,5,0.01211464,-0.2724361,-0.5045714,-5.609531,5.27983,5.252397,-1.564328,7736
42.72,0.3618164,5,0.02671026,-0.271623,0.4725278,-4.657084,5.34731,5.304308,-1.408758,7748
42.74,-29.66711,5,0.01105958,-0.2728029,-0.7641136,-3.219234,5.21235,5.244425,-1.655503,7744
42.76,-10.00134,5,0.02145694,-0.2646169,-0.01602192,-5.309829,5.27983,5.257977,-1.617664,7748
42.78,-11.00562,5,-0.008576618,-0.282047,-0.8709843,-4.601643,5.27983,5.258559,-1.741342,7748
42.8,-23.30225,5,0.004969556,-0.287761,0.8084057,-4.306852,5.21235,5.221855,-1.787158,7740
42.82,-6.56897,5,-0.0005710619,-0.2894733,-0.06182348,-5.308076,5.27983,5.24526,-1.730778,7736
42.84,-9.640381,5,-0.008151878,-0.2938888,-0.1381594,-4.253552,5.27983,5.255247,-1.711241,7716
42.86,-11.33069,5,0.005084728,-0.2803455,0.7320697,-3.911981,5.27983,5.262564,-1.616795,7720
42.88,-11.76123,5,-0.000673213,-0.2695749,-0.2908313,-3.835749,5.27983,5.264094,-1.627738,7732
42.9,-11.50598,5,-0.002761817,-0.2620699,-0.06182348,-3.819359,5.27983,5.263648,-1.624772,7724
42.92,-11.40308,5,0.009729391,-0.2528479,0.1671843,-3.822637,5.27983,5.264686,-1.582629,7728
42.94,-11.1991,5,0.009794768,-0.2465063,0.09084838,-3.812504,5.27983,5.264452,-1.584749,7736
42.96,-10.59009,5,-0.001618699,-0.244822,-0.1992282,-3.744398,5.27983,5.262433,-1.603073,7728
42.98,1.334595,5,0.004470708,-0.2320204,-0.1534266,-3.631,5.34731,5.303308,-1.419222,7716
43,-15.69983,5,0.0158678,-0.2179184,-0.0007547362,-2.414495,5.27983,5.282695,-1.432789,7724
43.02,-12.96692,5,0.04310635,-0.1966212,0.9916119,-3.420393,5.27983,5.275636,-1.399666,7728
43.04,-11.57166,5,0.04885143,-0.1931778,-0.07709067,-3.8251,5.27983,5.270324,-1.477528,7720
43.06,-22.4801,5,0.0558942,-0.2013712,0.304589,-3.999486,5.21235,5.227011,-1.647885,7724
43.08,-4.884521,5,0.04663958,-0.2113135,-0.1228922,-5.158224,5.27983,5.246237,-1.643643,7724
43.1,15.54626,5,0.03647495,-0.2074466,-0.03128911,-4.062375,5.41479,5.335624,-1.370854,7716
43.12,-31.66321,5,0.04850478,-0.195386,0.7168028,-1.394581,5.21235,5.257264,-1.543532,7724
43.14,-10.21472,5,0.1086617,-0.1605189,4.319858,-4.574512,5.27983,5.268104,-1.414913,7728
43.16,-10.44409,5,0.08305427,-0.1740667,-2.94732,-4.419459,5.27983,5.264181,-1.659185,7704
43.18,-23.36218,5,0.1428118,-0.1722374,2.182452,-4.569516,5.21235,5.229381,-1.693726,7724
43.2,-5.614868,5,0.07951201,-0.1928239,-1.54274,-5.734011,5.27983,5.243277,-1.902786,7732
43.22,-8.745605,5,0.1047964,-0.2017987,-0.8404495,-4.798197,5.27983,5.253948,-1.823361,7712
43.24,-22.5697,5,0.1236192,-0.1999349,1.419093,-4.587677,5.21235,5.221054,-1.923871,7728
43.26,-6.108643,5,0.106844,-0.2029836,-0.5045714,-5.762323,5.27983,5.242506,-1.9719,7724
43.28,-20.73621,5,0.1029544,-0.2181941,-0.6114421,-4.888864,5.21235,5.210454,-2.131914,7724
43.3,-5.381104,5,0.1137805,-0.2154862,1.022146,-5.800978,5.27983,5.238451,-2.029548,7728
43.32,-20.23193,5,0.08856223,-0.2301692,-0.8557167,-4.793384,5.21235,5.206553,-2.228318,7724
43.34,-4.797241,5,0.09983824,-0.2250085,0.1519171,-5.640075,5.27983,5.235107,-2.088222,7728
43.36,-19.92529,5,0.08865452,-0.2330422,-0.519839,-4.627859,5.21235,5.205643,-2.228477,7736
43.38,-4.525879,5,0.09534126,-0.2250437,0.4572606,-5.483313,5.27983,5.234278,-2.099126,7728
43.4,-8.036987,5,0.08597957,-0.2228688,-0.4893047,-4.460791,5.27983,5.245603,-2.088988,7736
43.42,-9.888062,5,0.1050543,-0.204328,0.6251997,-4.204051,5.27983,5.253581,-1.98787,7732
43.44,-10.48499,5,0.1066014,-0.1897547,0.1213828,-4.224651,5.27983,5.255725,-1.997138,7740
43.46,-10.19812,5,0.1017549,-0.1822307,-0.3977011,-4.279811,5.27983,5.254522,-2.022349,7732
43.48,-9.78186,5,0.1048131,-0.1766426,0.1061156,-4.295359,5.27983,5.253767,-2.010953,7736
43.5,-20.75842,5,0.09662107,-0.1826686,-0.2144953,-4.258934,5.21235,5.211463,-2.157109,7740
43.52,-3.162354,5,0.09133162,-0.1867192,-0.183961,-5.297,5.27983,5.232637,-2.077131,7740
43.54,-6.076782,5,0.09110196,-0.1901508,-0.1534266,-4.203826,5.27983,5.243421,-2.010339,7728
43.56,-19.21423,5,0.09808885,-0.1848565,0.5030622,-3.824452,5.21235,5.209996,-2.049936,7740
43.58,-2.653076,5,0.09567734,-0.1779839,-0.06182348,-4.863873,5.27983,5.234632,-1.968033,7732
43.6,-5.837524,5,0.09722324,-0.1749187,-0.2450293,-3.881625,5.27983,5.2459,-1.917596,7732
43.62,-7.025513,5,0.0920359,-0.1627123,0.5488637,-3.535824,5.27983,5.250887,-1.863374,7700
43.64,-7.355347,5,0.0981702,-0.1487197,0.1519171,-3.445387,5.27983,5.253562,-1.811334,7720
43.66,-7.009521,5,0.0912753,-0.1400888,-0.1534266,-3.392484,5.27983,5.253159,-1.805048,7720
43.68,-6.537109,5,0.09255853,-0.1324572,-0.03128911,-3.323774,5.27983,5.253072,-1.764242,7720
43.7,-6.124268,5,0.0933381,-0.1252933,0.1519171,-3.230257,5.27983,5.253266,-1.723409,7728
43.72,-5.946899,5,0.1012642,-0.1161821,0.01451245,-3.150737,5.27983,5.254531,-1.667294,7720
43.74,-17.21667,5,0.09930375,-0.1169813,-0.04655629,-3.096135,5.21235,5.214011,-1.783663,7736
43.76,-11.50525,5,0.103044,-0.1231026,0.09084838,-4.207149,5.21235,5.196142,-1.82176,7724
43.78,2.375366,5,0.1073727,-0.1283339,-0.09235785,-4.351399,5.27983,5.229765,-1.701576,7732
43.8,-2.333496,5,0.1062888,-0.1234973,0.1366499,-3.041977,5.27983,5.246199,-1.616024,7724
43.82,-4.325562,5,0.1056137,-0.105667,0.07558119,-2.649824,5.27983,5.253973,-1.547394,7736
43.84,-4.365601,5,0.08933882,-0.09435025,-0.03128911,-2.533893,5.27983,5.254305,-1.557355,7736
43.86,-15.58813,5,0.09603568,-0.09077341,0.06031401,-2.505607,5.21235,5.21449,-1.631954,7724
43.88,-9.830811,5,0.1000934,-0.09424447,0.06031401,-3.629575,5.21235,5.196851,-1.663145,7740
43.9,4.321167,5,0.09650815,-0.09999947,-0.1992282,-3.75031,5.27983,5.229503,-1.551742,7740
43.92,-0.5925293,5,0.111134,-0.09042329,0.1519171,-2.450614,5.27983,5.24793,-1.409967,7720
43.94,-14.30005,5,0.1099604,-0.07800213,0.1061156,-2.108889,5.21235,5.215504,-1.488871,7740
43.96,2.654419,5,0.09393812,-0.07128298,-0.2450293,-3.183898,5.27983,5.237975,-1.444464,7728
43.98,-0.3221436,5,0.1021305,-0.06641133,0.07558119,-2.207113,5.27983,5.24943,-1.358163,7720
44,-1.824707,5,0.1118634,-0.04875358,0.3503905,-1.894017,5.27983,5.256532,-1.263137,7752
44.02,-13.8103,5,0.1142641,-0.04107803,-0.2450293,-1.869432,5.21235,5.218371,-1.375409,7740
44.04,3.458984,5,0.1128714,-0.03635205,0.1061156,-3.029517,5.27983,5.24049,-1.305896,7720
44.06,0.7374268,5,0.1082702,-0.03739242,0.02977964,-2.03442,5.27983,5.250047,-1.26843,7716
44.08,-0.0246582,5,0.09304958,-0.02985981,0.1213828,-1.599177,5.27983,5.253591,-1.218671,7748
44.1,0.06604004,5,0.0890594,-0.01976072,-0.07709067,-1.371824,5.27983,5.255285,-1.153646,7724
44.12,11.57068,5,0.1044101,0.003047258,0.1061156,-1.235492,5.34731,5.299061,-0.916609,7724
44.14,-17.02747,5,0.1125876,0.01484414,0.02977964,-0.05925003,5.21235,5.238167,-1.064188,7748
44.16,3.822144,5,0.1027201,0.02380477,0.09084838,-2.106091,5.27983,5.248672,-1.029039,7756
44.18,-9.11145,5,0.1157284,0.01313559,0.6557342,-1.417947,5.21235,5.214219,-1.112086,7740
44.2,19.15869,5,0.09804566,0.0181695,0.02977964,-2.156949,5.34731,5.278854,-0.886668,7724
44.22,-1.162109,5,0.1020915,0.0257295,0.3809245,0.1714665,5.27983,5.269507,-0.8419994,7748
44.24,0.5915527,5,0.104298,0.04918298,0.3809245,-0.3475138,5.27983,5.266188,-0.7686426,7740
44.26,-0.7403564,5,0.2086364,0.08769591,5.754972,-0.8623639,5.27983,5.276406,-0.5529561,7724
44.28,-1.289673,5,0.2033102,0.1017229,-0.2908313,-1.317896,5.27983,5.274789,-0.7360148,7744
44.3,10.58801,5,0.2071328,0.112459,-0.01602192,-1.661826,5.34731,5.311499,-0.7101133,7748
44.32,5.984497,5,0.193096,0.1189534,0.07558119,-0.6431425,5.34731,5.324283,-0.7539808,7748
44.34,-18.47522,5,0.1842277,0.1155348,-0.1381594,-0.4553835,5.21235,5.246711,-1.033999,7740
44.36,3.545166,5,0.1984797,0.1106289,-0.3977011,-2.82035,5.27983,5.252886,-1.021887,7740
44.38,1.7146,5,0.228862,0.09955589,0.1061156,-2.261194,5.27983,5.259134,-1.014104,7744
44.4,1.599487,5,0.1818239,0.08555122,-0.3977011,-1.919762,5.27983,5.255948,-1.151959,7756
44.42,13.13611,5,0.1901772,0.09198861,-0.2297625,-1.708962,5.34731,5.297441,-0.9648916,7748
44.44,-4.099487,5,0.1959262,0.1012561,0.4114593,-0.4496802,5.27983,5.276552,-1.009951,7756
44.46,-0.6812744,5,0.1901657,0.1106893,0.3503905,-1.336619,5.27983,5.265244,-1.058117,7744
44.48,12.33228,5,0.2089272,0.1206356,0.5641309,-1.612427,5.34731,5.301919,-0.9225541,7740
44.5,-3.835205,5,0.2009003,0.1226621,-0.1686933,-0.4781713,5.27983,5.276228,-1.032354,7740
44.52,-0.04577637,5,0.2007303,0.1282638,-0.1534266,-1.358802,5.27983,5.264187,-1.056623,7752
44.54,1.806763,5,0.2036985,0.1238882,0.7778715,-1.564856,5.27983,5.258368,-1.087017,7740
44.56,-8.8573,5,0.1996407,0.111091,-0.550373,-1.524001,5.21235,5.214985,-1.233107,7748
44.58,7.988525,5,0.2208835,0.1101574,0.1213828,-2.618716,5.27983,5.239418,-1.110389,7740
44.6,4.447021,5,0.2234424,0.1075092,-0.07709067,-1.649807,5.27983,5.25073,-1.103521,7732
44.62,-8.810303,5,0.2259818,0.1093222,0.07558119,-1.402344,5.21235,5.215621,-1.217588,7728
44.64,7.383179,5,0.2383778,0.1157182,0.6710012,-2.592731,5.27983,5.240671,-1.153067,7740
44.66,-7.468262,5,0.2335589,0.1058198,-0.3213652,-1.752786,5.21235,5.209498,-1.323012,7728
44.68,-3.603271,5,0.242689,0.102903,0.01451245,-2.728534,5.21235,5.196504,-1.36508,7748
44.7,9.289185,5,0.2553267,0.1018284,0.1977187,-2.99995,5.27983,5.232004,-1.285167,7740
44.72,4.523804,5,0.2424218,0.102901,0.01451245,-1.835788,5.27983,5.246022,-1.298805,7720
44.74,-9.188965,5,0.2526357,0.1109823,0.5335966,-1.608784,5.21235,5.212818,-1.387015,7736
44.76,7.588501,5,0.2373764,0.1130869,-0.3519,-2.764445,5.27983,5.23456,-1.390416,7740
44.78,4.343628,5,0.2495526,0.1144083,-0.1686933,-1.874096,5.27983,5.245672,-1.341632,7732
44.8,-8.365234,5,0.2373006,0.1139629,0.01451245,-1.597518,5.21235,5.208549,-1.478795,7728
44.82,8.699829,5,0.2284224,0.1142845,-0.1992282,-2.640087,5.27983,5.23082,-1.418011,7740
44.84,5.87146,5,0.2225368,0.1115508,-0.0007547362,-1.584143,5.27983,5.240744,-1.374195,7732
44.86,-6.883667,5,0.2205636,0.1144516,0.2129859,-1.189936,5.21235,5.205729,-1.429794,7752
44.88,9.943115,5,0.2164152,0.1200398,-0.01602192,-2.174577,5.27983,5.229978,-1.329405,7732
44.9,6.94397,5,0.2139921,0.1223715,-0.01602192,-1.115335,5.27983,5.241128,-1.263611,7732
44.92,16.9967,5,0.224417,0.1477755,0.2740546,-0.7271122,5.34731,5.289246,-1.012125,7740
44.94,-0.6420898,5,0.2340227,0.1717868,0.1061156,0.4887955,5.27983,5.270797,-1.020633,7728
44.96,2.663818,5,0.2386714,0.1928388,0.2893218,-0.5006349,5.27983,5.261088,-1.029004,7736
44.98,4.918091,5,0.2311352,0.1936833,-0.5045714,-0.7898486,5.27983,5.253728,-1.081687,7740
45,-5.156982,5,0.2222693,0.1824239,-0.3824344,-0.7453038,5.21235,5.209084,-1.208542,7740
45.02,12.49304,5,0.2256441,0.1785121,-0.2144953,-1.715905,5.27983,5.231365,-1.079916,7736
45.04,9.597168,5,0.2198385,0.1746971,-0.1686933,-0.5535786,5.27983,5.242224,-1.014164,7732
45.06,8.100464,5,0.224953,0.1883086,0.4572606,-0.09463479,5.27983,5.249548,-0.9019797,7728
45.08,-3.698608,5,0.2164546,0.1925958,-0.107625,0.06388462,5.21235,5.210881,-1.011833,7740
45.1,13.19592,5,0.2327689,0.202309,0.1061156,-1.048498,5.27983,5.235936,-0.8679966,7736
45.12,-1.773071,5,0.2439609,0.20115,0.07558119,-0.1383993,5.21235,5.20786,-0.9406081,7724
45.14,13.88806,5,0.2398996,0.2092824,0.04504682,-1.008076,5.27983,5.235203,-0.8447561,7744
45.16,10.35315,5,0.241011,0.2146194,-0.01602192,-0.003407463,5.27983,5.247451,-0.7972926,7740
45.18,20.41455,5,0.2447238,0.2386495,0.1061156,0.3168619,5.34731,5.294305,-0.5941551,7732
45.2,3.182129,5,0.2421483,0.2574035,0.02977964,1.529716,5.27983,5.273461,-0.6439078,7736
45.22,17.86768,5,0.2627114,0.2877828,0.6557342,0.5503936,5.34731,5.305869,-0.4706564,7748
45.24,-10.87756,5,0.3422591,0.3106628,2.6252,1.069396,5.21235,5.24696,-0.5640686,7744
45.26,-1.887085,5,0.3266415,0.3064924,0.7778715,-1.435221,5.21235,5.213232,-0.8610075,7744
45.28,24.82837,5,0.3578874,0.3002369,0.2129859,-2.236068,5.34731,5.280659,-0.7067803,7744
45.3,-8.291504,5,0.3633935,0.2893935,1.129017,-0.1418092,5.21235,5.230117,-0.9528866,7740
45.32,10.36426,5,0.3427965,0.2888233,0.5641309,-2.00983,5.27983,5.243734,-1.019194,7740
45.34,6.35144,5,0.4193118,0.2970961,1.70917,-1.620118,5.27983,5.258097,-0.9308998,7736
45.36,4.053467,5,0.4219942,0.3039702,1.067948,-1.781345,5.27983,5.261357,-1.087606,7736
45.38,4.071777,5,0.3947324,0.2957065,-0.2144953,-2.030357,5.27983,5.25536,-1.312667,7740
45.4,4.178589,5,0.4072993,0.2900185,0.2740546,-2.23753,5.27983,5.252773,-1.379962,7732
45.42,-7.736206,5,0.4210395,0.2788885,0.6862684,-2.437521,5.21235,5.211341,-1.588994,7748
45.44,9.475708,5,0.4040163,0.2630431,0.2587874,-3.691134,5.27983,5.229255,-1.674773,7744
45.46,6.281616,5,0.4074311,0.2488291,-0.183961,-2.795481,5.27983,5.237805,-1.704832,7732
45.48,4.075684,5,0.4278074,0.2549405,0.3809245,-2.598902,5.27983,5.244656,-1.680017,7740
45.5,-8.463257,5,0.4267613,0.251005,0.04504682,-2.715196,5.21235,5.204806,-1.910563,7732
45.52,8.662964,5,0.415224,0.2421691,-0.3213652,-3.99387,5.27983,5.223842,-1.960352,7728
45.54,5.866455,5,0.4063735,0.2288102,-0.3671672,-3.080622,5.27983,5.231072,-2.003298,7732
45.56,4.620605,5,0.4016359,0.2295151,-0.2297625,-2.745713,5.27983,5.234714,-1.991258,7740
45.58,4.310425,5,0.395549,0.2321081,-0.3213652,-2.629489,5.27983,5.235324,-2.008351,7724
45.6,16.11487,5,0.3880171,0.2412971,-0.2755641,-2.532192,5.34731,5.274937,-1.887068,7748
45.62,-0.3774414,5,0.3794386,0.2471761,-0.07709067,-1.271356,5.27983,5.251207,-1.949959,7732
45.64,3.472778,5,0.3734142,0.2553587,0.09084838,-2.080363,5.27983,5.239629,-1.953984,7720
45.66,4.757202,5,0.4030382,0.2612714,0.5335966,-2.322363,5.27983,5.237874,-1.89208,7736
45.68,5.491699,5,0.3922732,0.2600085,-0.2144953,-2.314286,5.27983,5.235156,-1.933554,7732
45.7,5.824097,5,0.3977304,0.2618811,-0.2144953,-2.251804,5.27983,5.234914,-1.905364,7736
45.72,6.059204,5,0.3958307,0.2640848,0.09084838,-2.169098,5.27983,5.234628,-1.899966,7744
45.74,6.12207,5,0.4018965,0.2689341,0.2893218,-2.109748,5.27983,5.235319,-1.872937,7732
45.76,6.258179,5,0.4015059,0.2731579,0.1671843,-2.061321,5.27983,5.235281,-1.870167,7736
45.78,5.983521,5,0.4211358,0.2824162,0.3351234,-2.080605,5.27983,5.237506,-1.822675,7740
45.8,5.643677,5,0.4326422,0.2911003,0.3809245,-2.158977,5.27983,5.238814,-1.827255,7736
45.82,5.615601,5,0.4347984,0.2958826,0.1519171,-2.251545,5.27983,5.238193,-1.865129,7744
45.84,17.33948,5,0.4366505,0.3061465,0.1824515,-2.29584,5.34731,5.277686,-1.758377,7736
45.86,-22.23242,5,0.4237293,0.2932842,0.2129859,-1.173237,5.144871,5.171264,-2.147228,7740
45.88,15.70923,5,0.4161725,0.2862569,0.2282531,-4.347577,5.27983,5.203059,-2.059756,7764
45.9,10.08313,5,0.4563906,0.2772937,0.6862684,-2.748605,5.27983,5.223424,-1.945131,7736
45.92,20.17688,5,0.3903946,0.2789538,-1.023656,-2.01456,5.34731,5.265698,-1.914668,7728
45.94,2.031738,5,0.4306087,0.3013698,0.9610775,-0.6713805,5.27983,5.250876,-1.797206,7744
45.96,4.586182,5,0.4398089,0.3236971,1.800773,-1.644644,5.27983,5.243501,-1.814958,7740
45.98,-6.789062,5,0.4977494,0.3345972,3.129017,-2.247848,5.21235,5.204096,-1.90543,7728
46,10.53796,5,0.4892514,0.330007,-0.3824344,-3.739788,5.27983,5.22222,-1.996536,7752
46.02,7.46936,5,0.4982852,0.3212753,0.7626044,-3.007861,5.27983,5.230376,-2.032786,7732
46.04,17.3324,5,0.5058752,0.333086,0.5793981,-2.837653,5.34731,5.27537,-1.91194,7736
46.06,0.2415771,5,0.4832675,0.3354027,-0.2602969,-1.679827,5.27983,5.250465,-2.090638,7732
46.08,15.43054,5,0.4818528,0.3480952,0.01451245,-2.609664,5.34731,5.278566,-2.005095,7744
46.1,-0.2974854,5,0.5064812,0.3534941,0.8236728,-1.797549,5.27983,5.252643,-2.073421,7752
46.12,4.438477,5,0.4673551,0.3459238,-0.5045714,-2.715367,5.27983,5.234416,-2.24015,7744
46.14,17.63507,5,0.5010132,0.3499073,0.09084838,-2.92987,5.34731,5.271592,-2.041096,7748
46.16,13.16748,5,0.4767998,0.3524643,0.06031401,-1.657529,5.34731,5.285357,-2.048146,7752
46.18,0.3251343,5,0.4617825,0.3568117,-0.06182348,-1.24167,5.27983,5.249559,-2.138529,7756
46.2,16.91455,5,0.475051,0.3685284,0.6099325,-2.279214,5.34731,5.275663,-1.989502,7748
46.22,1.914185,5,0.4849933,0.3692011,0.2435202,-1.345844,5.27983,5.247846,-2.057028,7752
46.24,-5.145325,5,0.4669184,0.3592117,-0.2297625,-2.20565,5.21235,5.192247,-2.257046,7748
46.26,13.92004,5,0.4729286,0.3464692,-0.4435031,-3.477527,5.27983,5.208994,-2.181486,7748
46.28,-0.4592896,5,0.4820176,0.3298728,-0.3824344,-2.448235,5.21235,5.178903,-2.248735,7756
46.3,15.63513,5,0.4543989,0.3237157,-0.7641136,-3.101415,5.27983,5.203861,-2.189293,7772
46.32,11.91888,5,0.4634627,0.3256759,0.02977964,-1.937741,5.27983,5.217915,-2.078429,7756
46.34,10.18341,5,0.4631379,0.340552,0.2435202,-1.542788,5.27983,5.225123,-2.005278,7752
46.36,9.606201,5,0.4680835,0.3560266,0.2893218,-1.471444,5.27983,5.228274,-1.965215,7756
46.38,9.735046,5,0.4675449,0.3667832,-0.3213652,-1.477912,5.27983,5.228584,-1.954426,7756
46.4,9.935181,5,0.4755953,0.3764357,0.09084838,-1.493705,5.27983,5.229179,-1.919536,7744
46.42,10.42273,5,0.4683869,0.3810334,0.1366499,-1.457035,5.27983,5.22798,-1.924873,7752
46.44,10.7442,5,0.4741452,0.3870753,-0.1686933,-1.400681,5.27983,5.22829,-1.882459,7740
46.46,-0.7554321,5,0.4823202,0.3868108,0.04504682,-1.381735,5.21235,5.188807,-1.981234,7752
46.48,16.45453,5,0.4804087,0.3864855,0.1213828,-2.495851,5.27983,5.210924,-1.916758,7740
46.5,13.64972,5,0.4717933,0.3815449,-0.2450293,-1.463784,5.27983,5.22026,-1.893635,7744
46.52,12.16766,5,0.4808253,0.3935669,0.2435202,-1.095639,5.27983,5.227024,-1.796239,7740
46.54,11.67407,5,0.4806139,0.4055355,0.1213828,-0.9994313,5.27983,5.22948,-1.776482,7744
46.56,11.83252,5,0.4787211,0.4140777,-0.01602192,-0.9768183,5.27983,5.229548,-1.767757,7728
46.58,12.16919,5,0.4802632,0.4209568,-0.03128911,-0.9485474,5.27983,5.229412,-1.744678,7728
46.6,0.5344238,5,0.4973636,0.4233199,0.02977964,-0.976743,5.21235,5.19074,-1.825307,7740
46.62,17.82275,5,0.489218,0.4220828,0.02977964,-2.114589,5.27983,5.211993,-1.789678,7748
46.64,14.92523,5,0.4880425,0.4183415,-0.2755641,-1.115572,5.27983,5.221878,-1.751879,7740
46.66,13.55151,5,0.4896051,0.4284348,0.3351234,-0.7534941,5.27983,5.227642,-1.683991,7736
46.68,1.876648,5,0.4780332,0.4281537,0.02977964,-0.6370741,5.21235,5.187704,-1.82244,7720
46.7,19.15375,5,0.4791696,0.4301315,-0.1534266,-1.714107,5.27983,5.210366,-1.722482,7748
46.72,4.750854,5,0.4738038,0.4203634,-0.1381594,-0.6862693,5.21235,5.179952,-1.811471,7748
46.74,8.384827,5,0.495565,0.424512,0.6557342,-1.533829,5.21235,5.170338,-1.754931,7744
46.76,21.62842,5,0.487212,0.4240601,0.1061156,-1.671253,5.27983,5.204953,-1.682104,7744
46.78,16.80511,5,0.4899431,0.4325556,-0.07709067,-0.434323,5.27983,5.221692,-1.592296,7740
46.8,14.58771,5,0.4995949,0.4543859,-0.06182348,-0.1365123,5.27983,5.230479,-1.511892,7720
46.82,14.05615,5,0.4987394,0.4707673,-0.06182348,-0.1583108,5.27983,5.232492,-1.516027,7740
46.84,14.54712,5,0.4901856,0.4785949,-0.2602969,-0.194486,5.27983,5.230871,-1.534923,7748
46.86,15.03992,5,0.4951726,0.4855079,-0.1686933,-0.1828373,5.27983,5.23053,-1.498576,7724
46.88,3.927002,5,0.493183,0.4825841,-0.01602192,-0.1412967,5.21235,5.18942,-1.61669,7732
46.9,21.40002,5,0.4896968,0.4809725,-0.06182348,-1.195606,5.27983,5.211192,-1.531738,7752
46.92,18.38287,5,0.4926811,0.4796369,-0.2297625,-0.136335,5.27983,5.222425,-1.460449,7720
46.94,5.290527,5,0.4969524,0.4849122,0.5793981,0.2195089,5.21235,5.188577,-1.5128,7744
46.96,22.03369,5,0.489658,0.4901429,-0.0007547362,-0.8142996,5.27983,5.212382,-1.440691,7756
46.98,18.97955,5,0.4898416,0.4920865,-0.01602192,0.19477,5.27983,5.223404,-1.382373,7744
47,5.977417,5,0.49584,0.4992584,0.3351234,0.5083694,5.21235,5.189388,-1.430825,7744
47.02,22.62177,5,0.4958111,0.5072098,0.1824515,-0.56858,5.27983,5.213911,-1.343628,7748
47.04,19.39136,5,0.5009119,0.5114772,0.04504682,0.3853272,5.27983,5.225496,-1.287127,7732
47.06,6.365784,5,0.505409,0.5186743,0.3503905,0.6495785,5.21235,5.191028,-1.357329,7752
47.08,22.70966,5,0.5185577,0.5294614,0.6099325,-0.5073196,5.27983,5.216762,-1.255108,7768
47.1,18.40637,5,0.5586945,0.5434936,0.6557342,0.2438112,5.27983,5.232541,-1.162083,7748
47.12,16.3515,5,0.5635489,0.560465,0.9305434,0.2881136,5.27983,5.238225,-1.192906,7740
47.14,15.08545,5,0.5962499,0.5790077,1.92291,-0.0006146654,5.27983,5.242109,-1.195505,7744
47.16,14.84375,5,0.5953658,0.584986,0.7168028,-0.3162958,5.27983,5.240085,-1.31963,7748
47.18,3.004028,5,0.617558,0.5820065,1.800773,-0.6501943,5.21235,5.198948,-1.505448,7748
47.2,19.45074,5,0.6387149,0.5800898,0.3503905,-2.113264,5.27983,5.221219,-1.515561,7744
47.22,4.289246,5,0.6423831,0.5628368,0.4572606,-1.459704,5.21235,5.188982,-1.753038,7740
47.24,7.996155,5,0.6445841,0.5496233,0.3656577,-2.569665,5.21235,5.173547,-1.899283,7748
47.26,20.57812,5,0.6630111,0.5408905,-0.06182348,-2.968375,5.27983,5.208125,-1.87498,7744
47.28,14.96973,5,0.6708009,0.5399852,0.304589,-1.992922,5.27983,5.2236,-1.919786,7732
47.3,12.26788,5,0.6795435,0.5500111,0.3503905,-1.948882,5.27983,5.229722,-1.982177,7744
47.32,11.46948,5,0.6760985,0.5530829,-0.0007547362,-2.183032,5.27983,5.228704,-2.116326,7752
47.34,11.49292,5,0.6750869,0.5503002,0.2435202,-2.416348,5.27983,5.225639,-2.226628,7748
47.36,11.72357,5,0.6731059,0.5443457,0.06031401,-2.562749,5.27983,5.222506,-2.316638,7748
47.38,11.8963,5,0.6721966,0.5381628,0.01451245,-2.634375,5.27983,5.220143,-2.383612,7760
47.4,11.84552,5,0.6767918,0.5344161,0.02977964,-2.680979,5.27983,5.21911,-2.426237,7744
47.42,0.4038086,5,0.6697506,0.5212484,-0.107625,-2.719227,5.21235,5.176385,-2.63196,7740
47.44,17.27386,5,0.6792196,0.5145975,-0.1228922,-3.906504,5.27983,5.198585,-2.585293,7740
47.46,13.8609,5,0.679171,0.5060284,0.04504682,-2.988805,5.27983,5.208451,-2.607584,7732
47.48,12.07953,5,0.6837134,0.5116858,0.1061156,-2.745048,5.27983,5.213747,-2.596034,7744
47.5,11.44446,5,0.6825995,0.516782,-0.09235785,-2.760576,5.27983,5.214691,-2.639356,7748
47.52,11.51874,5,0.6780339,0.5180019,0.04504682,-2.819246,5.27983,5.213246,-2.689674,7740
47.54,11.67664,5,0.6811569,0.5189797,0.1213828,-2.860623,5.27983,5.212347,-2.707062,7744
47.56,11.96948,5,0.6757479,0.5177669,-0.04655629,-2.853203,5.27983,5.210749,-2.740248,7752
47.58,12.25574,5,0.6737986,0.5170225,-0.07709067,-2.811471,5.27983,5.209705,-2.749116,7748
47.6,24.14893,5,0.6683016,0.524065,-0.0007547362,-2.710285,5.34731,5.249239,-2.620407,7744
47.62,7.630493,5,0.6582072,0.5282122,-0.07709067,-1.433185,5.27983,5.225485,-2.686348,7748
47.64,11.41205,5,0.652635,0.5355632,0.1366499,-2.235972,5.27983,5.214112,-2.688034,7732
47.66,12.28088,5,0.6959251,0.5446473,1.846574,-2.527528,5.27983,5.214233,-2.599488,7756
47.68,1.188904,5,0.6850418,0.5361167,0.4877952,-2.61966,5.21235,5.171009,-2.808255,7736
47.7,18.39661,5,0.6923126,0.5316213,0.07558119,-3.798393,5.27983,5.19274,-2.74223,7736
47.72,15.05249,5,0.6982377,0.5267456,0.3961921,-2.86008,5.27983,5.203568,-2.721707,7764
47.74,13.70428,5,0.6866018,0.5308343,0.4572606,-2.539963,5.27983,5.207352,-2.725777,7752
47.76,13.28064,5,0.6891682,0.5377676,0.1213828,-2.472615,5.27983,5.209002,-2.713089,7736
47.78,1.754395,5,0.688235,0.5348398,-0.01602192,-2.491671,5.21235,5.168309,-2.857834,7752
47.8,7.326111,5,0.6916633,0.5256781,0.07558119,-3.677515,5.21235,5.149888,-2.928459,7768
47.82,21.17181,5,0.6929537,0.51618,0.06031401,-3.876308,5.27983,5.182571,-2.842983,7732
47.84,16.54144,5,0.6860017,0.5156215,-0.04655629,-2.587748,5.27983,5.197771,-2.789554,7744
47.86,14.55945,5,0.6838328,0.52919,0.09084838,-2.197419,5.27983,5.205046,-2.731657,7756
47.88,14.08472,5,0.6809523,0.5412626,0.1366499,-2.128108,5.27983,5.207081,-2.720311,7740
47.9,14.45416,5,0.6731085,0.5478709,0.1366499,-2.101152,5.27983,5.206222,-2.72172,7740
47.92,14.72699,5,0.6812941,0.5556406,-0.09235785,-2.071178,5.27983,5.206901,-2.670736,7768
47.94,15.10333,5,0.6766505,0.560465,-0.01602192,-2.005744,5.27983,5.206463,-2.65902,7740
47.96,15.43298,5,0.6779687,0.5657145,0.01451245,-1.926656,5.27983,5.206625,-2.622621,7748
47.98,27.57129,5,0.6665074,0.5758004,-0.107625,-1.774688,5.34731,5.24607,-2.476473,7772
48,-0.770752,5,0.6753918,0.5804366,0.06031401,-0.5274911,5.21235,5.184529,-2.601021,7724
48.02,66.05341,-5,0.6648147,0.5857745,0.1977187,-2.500022,5.27983,5.195565,-2.553074,7744
48.04,67.35681,-5,0.7054907,0.6393107,1.11375,2.858221,5.27983,5.206807,-2.296418,7752
48.06,72.23389,-5,0.668101,0.7551384,0.4267263,6.709184,5.27983,5.206136,-2.080643,7716
48.08,72.4884,-5,0.9662679,0.986307,17.15956,8.798694,5.27983,5.239052,-1.1123,7752
48.1,71.50018,-5,1.205894,1.243137,12.99162,9.456091,5.27983,5.263412,-0.7835903,7744
48.12,70.78082,-5,1.483611,1.504072,14.59467,8.910199,5.27983,5.280178,-0.6621393,7728
48.14,70.05933,-5,1.78005,1.754203,15.11375,7.527881,5.27983,5.290576,-0.7792506,7744
48.16,71.43024,-5,1.989668,1.959941,9.724439,5.880716,5.27983,5.28323,-1.325593,7756
48.18,74.47095,-5,2.176506,2.12866,9.907645,4.34229,5.27983,5.267043,-1.95659,7736
48.2,138.2723,-5,2.253444,2.285981,4.701537,3.539799,5.61723,5.439202,-2.115494,7740
48.22,106.7172,-5,2.327506,2.443172,4.426728,9.212914,5.54975,5.45964,-2.508416,7736
48.24,131.2962,-5,2.416899,2.649785,4.945812,9.565922,5.684711,5.53735,-2.48979,7732
48.26,105.0464,-5,2.88859,2.937623,27.52597,10.70777,5.61723,5.564975,-2.039834,7708
48.28,90.42584,-5,3.200962,3.201755,12.82368,7.772507,5.54975,5.532752,-2.695315,7716
48.3,95.5807,-5,3.464314,3.396035,16.59467,3.506628,5.54975,5.502036,-3.687378,7712
48.32,185.0198,-5,3.499761,3.534336,0.9610775,1.300535,6.02211,5.731835,-4.206236,7720
48.34,133.6033,-5,3.53168,3.656708,-0.1228922,8.742459,5.887151,5.72846,-4.991823,7692
48.36,142.3311,-5,3.869241,3.909765,21.58704,7.383027,5.95463,5.785774,-4.745901,7688
48.38,-38.65621,-5,4.153627,4.024099,11.72444,6.066031,4.94243,5.196621,-7.357637,7672
48.4,43.53167,-5,4.281552,3.988834,9.846577,-13.46245,4.94243,4.901505,-9.584693,7740
48.42,154.5466,-5,3.753303,3.659598,-20.18397,-16.10795,5.27983,4.875322,-11.96792,7748
48.44,174.6506,-5,2.883484,3.273302,-39.90916,-3.673444,5.27983,4.779577,-13.27857,7736
48.46,180.2462,-5,3.103181,3.305303,12.13665,5.875588,5.27983,4.828823,-10.56808,7728
48.48,0.1396942,-5,3.388736,3.445331,16.47253,11.47017,4.267631,4.302456,-10.71837,7716
48.5,287.512,-5,3.951676,3.806042,30.07559,-4.363915,5.54975,4.897299,-7.606279,7792
48.52,226.8669,-5,3.972032,4.049501,-4.016023,14.20037,5.61723,5.176068,-7.350669,7700
48.54,14.58176,-5,3.908273,4.282871,2.945811,20.19335,4.53755,4.623157,-9.123945,7696
48.56,82.99164,-5,5.121639,4.718234,51.0527,-1.285816,4.60503,4.538393,-7.540102,7780
48.58,162.6555,-5,5.095609,4.780461,-5.87862,-8.30059,4.94243,4.624648,-9.804238,7720
48.6,-5.276428,-5,4.439733,4.485049,-31.13054,-3.028314,3.93023,3.934898,-14.44745,7736
48.62,133.8296,-5,4.404387,4.288332,2.533597,-16.23628,4.20015,3.795379,-14.63829,7808
48.64,237.111,-5,4.209865,4.103024,-14.87099,-10.03452,4.67251,4.011467,-14.07355,7784
48.66,97.82184,-5,3.486403,3.879062,-37.06947,6.696755,3.93023,3.603629,-15.62695,7756
48.68,134.9093,-5,4.368452,4.139459,41.80079,0.7663014,3.93023,3.579842,-12.16003,7796
48.7,197.1278,-5,4.719066,4.400326,16.74734,-0.4004377,4.267631,3.799706,-11.19178,7792
48.72,52.27032,-5,4.546446,4.468933,-9.069461,5.462717,3.525351,3.400279,-13.35247,7780
48.74,190.1258,-5,4.703664,4.601688,15.14429,-5.586977,3.99771,3.509889,-12.69039,7816
48.76,-12.57208,-5,4.579503,4.47853,-7.802285,1.079026,2.850551,2.839173,-15.41975,7812
48.78,158.1676,-5,4.288615,4.330066,2.090849,-13.78761,3.25543,2.74767,-15.93115,7868
48.8,56.6236,-5,4.256361,4.08896,-4.474039,-6.452326,2.58063,2.319256,-16.7835,7860
48.82,185.7145,-5,3.739222,3.881567,-40.15344,-9.930547,2.918031,2.29604,-16.7681,7884
48.84,56.29071,-5,4.003375,3.808454,10.10612,-0.3060056,2.175751,1.918852,-15.95751,7864
48.86,173.6373,-5,3.858891,3.821108,-2.611443,-6.338899,2.51315,1.956825,-15.14593,7912
48.88,76.78851,-5,4.038497,3.83872,10.45726,0.7781751,1.97331,1.689532,-14.83566,7880
48.9,155.6458,-5,3.959278,3.897147,-4.260297,-3.896465,2.175751,1.68998,-14.32064,7912
48.92,63.59076,-5,4.173999,3.941146,9.037416,0.108565,1.63591,1.400168,-14.30899,7892
48.94,157.114,-5,4.086347,3.979718,-9.313735,-6.087636,1.90583,1.420922,-14.08983,7924
48.96,53.24036,-5,4.14782,3.948382,0.5793981,-1.120919,1.298511,1.077545,-14.70787,7912
48.98,214.6339,-5,3.882677,3.935235,-8.947322,-7.151067,1.90583,1.261548,-14.08223,7956
49,89.09998,-5,3.883074,3.908756,3.587033,4.98348,1.298511,0.9984173,-14.04665,7904
49.02,169.8515,-5,3.680588,3.954409,-5.741215,1.14114,1.500951,0.9937205,-13.39441,7944
49.04,58.89526,-5,4.237703,4.091874,23.90765,4.706181,0.89363,0.7131138,-12.39489,7940
49.06,166.1259,-5,4.075686,4.153809,-12.79465,-3.413351,1.23103,0.7581241,-12.58713,7980
49.08,43.81836,-5,4.277739,4.149381,6.930545,1.16082,0.5562305,0.3974819,-13.16565,7956
49.1,157.911,-5,4.132238,4.131352,-12.22977,-7.505978,0.89363,0.4179932,-13.25523,8000
49.12,42.65161,-5,4.094904,4.007237,1.464895,-1.796467,0.2188301,0.02323679,-14.33993,7972
49.14,-8.864258,-5,3.734106,3.758795,-22.91679,-8.651571,-0.4559698,-0.5921679,-16.49086,8028
49.16,121.1742,-5,4.176775,3.650232,9.022148,-19.70141,-0.1185694,-0.5816781,-14.92657,8064
49.18,7.810791,-5,3.964184,3.394402,-16.01603,-13.38274,-0.7933693,-0.996086,-16.74696,8040
49.2,10.6001,-5,3.223503,2.996902,-43.61909,-18.27369,-1.19825,-1.497089,-19.12288,8076
49.22,165.9896,-5,2.378372,2.518531,-4.046557,-18.15403,-0.7933693,-1.532934,-19.07677,8100
49.24,118.9434,-5,2.450601,2.350494,-3.878619,-2.680368,-1.06329,-1.607378,-16.15736,8084
49.26,200.6204,-5,2.043389,2.376501,-25.32901,4.354023,-0.7258892,-1.424882,-13.81337,8116
49.28,-10.23413,-5,2.427419,2.556816,34.79315,15.61875,-1.805569,-1.893515,-12.18816,8056
49.3,108.7643,-5,3.021948,2.896779,23.58704,-0.03415239,-1.46817,-1.815578,-9.705804,8152
49.32,148.8412,-5,3.724118,3.224935,33.54124,-0.5530894,-1.13077,-1.511807,-7.791602,8104
49.34,9.104004,-5,3.764442,3.391134,-5.741215,2.797812,-1.738089,-1.773718,-9.524224,8104
49.36,-43.85095,-5,3.344005,3.254005,-34.85573,-7.876074,-2.345409,-2.345448,-12.89744,8140
49.38,86.91321,-5,3.069456,2.948121,14.86948,-19.20135,-2.075489,-2.474527,-13.78797,8200
49.4,167.8584,-5,3.099989,2.761824,-2.122893,-13.41465,-1.670609,-2.247725,-12.23744,8168
49.42,31.33704,-5,2.573432,2.566591,-37.39008,0.1127454,-2.345409,-2.582956,-13.35758,8136
49.44,207.8715,-5,1.545898,2.336628,-59.06948,-0.9839435,-1.738089,-2.460499,-13.07025,8184
49.46,265.52,-5,0.5408337,2.093312,10.13665,19.70085,-1.46817,-2.294811,-11.0505,8152
49.48,69.3584,-5,1.275642,2.401291,43.63285,36.43151,-2.412889,-2.584633,-5.992461,8132
49.5,173.0909,-5,1.727795,2.876324,14.25879,26.38099,-2.075489,-2.428285,-2.600689,8192
49.52,199.7285,-5,2.336886,3.331715,62.59469,28.34611,-1.805569,-2.132599,0.1523205,8140
49.54,-23.67969,-5,3.707619,3.938284,64.59469,27.37838,-2.75029,-2.422849,1.489297,8144
49.56,78.19153,-5,4.491879,4.39585,26.56414,1.696177,-2.345409,-2.304186,0.5746963,8180
49.58,4.919312,-5,4.617964,4.378512,-1.603809,-5.552982,-2.68281,-2.54048,-3.559073,8184
49.6,-72.8927,-5,4.141836,3.984527,-32.70305,-16.4246,-3.357609,-3.171657,-9.033521,8188
49.62,-96.67517,-5,3.428939,3.246202,-45.29848,-29.3281,-4.03241,-3.961053,-14.21747,8240
49.64,190.3383,-5,2.49456,2.450815,-53.25268,-36.72633,-3.02021,-3.778261,-15.07646,8264
49.66,128.9457,-5,1.386314,1.732664,-64.88628,-9.005293,-3.290129,-3.897851,-15.30933,8192
49.68,51.59814,-5,0.1300133,1.218866,-68.53513,7.12751,-3.96493,-4.392161,-15.1936,8236
49.7,194.4899,-5,-0.5224926,0.9655263,28.62521,12.4098,-3.627529,-4.367907,-11.43492,8308
49.72,-144.9692,-5,0.2607225,1.022587,39.00689,27.07563,-5.51697,-5.274373,-8.346223,8236
49.74,10.88123,-5,0.8596344,1.23047,20.04505,0.6413409,-5.314529,-5.44206,-5.74934,8364
49.76,-91.6178,-5,1.588603,1.24556,27.96872,-3.735977,-5.989328,-5.832446,-5.634899,8340
49.78,15.31812,-5,1.768106,1.206623,-1.573274,-17.45193,-5.65193,-5.793742,-5.834484,8372
49.8,124.3621,-5,1.215758,0.9840841,-36.48932,-13.63097,-5.044609,-5.4908,-6.527616,8356
49.82,57.85291,-5,0.1463035,0.6516857,-59.90918,3.406372,-5.314529,-5.621237,-7.865294,8304
49.84,-17.8158,-5,-0.8085891,0.3061272,-56.97787,10.95927,-5.989328,-6.137836,-8.476296,8348
49.86,77.12378,-5,-1.683919,-0.06927052,40.86949,11.36197,-5.989328,-6.392035,-7.220862,8420
49.88,144.5353,-5,-0.5697007,0.1554421,46.0756,17.6549,-5.65193,-6.04625,0.1996717,8380
49.9,-13.15649,-5,0.08181871,0.5551916,15.92291,26.22834,-6.259249,-6.138935,2.55957,8384
49.92,67.8418,-5,-0.3129704,0.7372435,-28.42825,17.4524,-5.989328,-6.094925,2.092743,8388
49.94,-40.90466,-5,-0.5273395,0.6626492,-18.99313,20.35797,-6.664129,-6.510721,1.11802,8380
49.96,70.86316,-5,0.1619152,0.8261481,30.16719,9.151896,-6.259249,-6.341034,4.099835,8440
49.98,41.59375,-5,0.5300719,0.9560079,13.77024,11.79453,-6.259249,-6.226077,4.742392,8408
50,-147.0032,-5,0.5463486,0.9298311,-5.741215,10.13221,-7.27145,-6.802437,2.163232,8412
50.02,-10.16101,-5,0.4826804,0.7689295,-8.977857,-9.668476,-6.93405,-6.888603,0.9097744,8460
50.04,51.44116,-5,0.5361742,0.5423822,0.2893218,-9.007028,-6.596649,-6.717709,0.8727493,8448
50.06,-143.1003,-5,0.550847,0.3362614,-7.084726,-2.807086,-7.541368,-7.192811,-0.9720956,8324
50.08,-29.03223,-5,0.1723869,0.06860527,-30.59618,-17.0012,-7.27145,-7.292,-2.508138,8496
50.1,40.56067,-5,-0.5431571,-0.380703,-38.24504,-12.35294,-7.00153,-7.247246,-3.635747,8484
50.12,-98.45764,-5,-1.163001,-0.8093749,-35.49694,-0.479605,-7.811289,-7.730806,-4.7013,8452
50.14,183.3561,-5,-1.676116,-1.001424,-29.9855,-4.462632,-6.596649,-7.212562,-1.652939,8500
50.16,-92.70581,-5,-1.822634,-1.137812,17.26643,21.42499,-7.811289,-7.65565,-0.837409,8412
50.18,85.18042,-5,-0.3679721,-0.5495352,60.48782,6.080091,-6.93405,-7.0877,5.870956,8512
50.2,-66.06567,-5,0.693725,-0.01871535,45.43438,10.18382,-7.27145,-6.950173,6.657906,8432
50.22,-73.81763,-5,0.9686916,0.3195459,-1.512206,-3.323476,-7.20397,-6.903563,4.575583,8452
50.24,-18.70789,-5,0.4048713,0.1931923,-34.45878,-11.05404,-6.93405,-6.876183,0.9238013,8472
50.26,-160.0029,-5,-0.3864827,-0.2857501,-44.871,-8.282398,-7.811289,-7.508692,-3.382688,8456
50.28,143.2128,-5,-1.139517,-0.7142788,-42.1687,-17.72342,-6.596649,-7.119039,-2.576948,8492
50.3,-64.66467,-5,-1.786955,-1.172054,-28.88626,8.487602,-7.541368,-7.518797,-3.040836,8412
50.32,-6.236694,-5,-2.114184,-1.323158,-9.863353,5.93743,-7.541368,-7.653309,-1.082686,8460
50.34,107.7054,-5,-1.682506,-1.201064,24.83895,8.965331,-6.93405,-7.232498,3.317069,8488
50.36,-16.92786,-5,-1.114738,-0.8759435,18.70154,20.4339,-7.27145,-7.146814,5.789776,8444
50.38,-22.74609,-5,-0.557354,-0.4455853,25.05269,13.56974,-7.20397,-7.017889,7.099388,8468
50.4,-100.2579,-5,0.2986895,-0.08012742,40.62521,5.445952,-7.473888,-7.068073,7.019584,8480
50.42,35.11133,-5,0.8224494,0.1985105,23.05269,-9.251873,-6.664129,-6.612597,6.846796,8464
50.44,-180.7836,-5,0.85469,0.1470859,-3.313734,-5.798691,-7.541368,-7.004459,2.730313,8428
50.46,-68.38733,-5,0.060574,-0.2058495,-46.38245,-22.58567,-7.27145,-7.169024,-1.349274,8468
50.48,-25.73877,-5,-0.7603253,-0.8040406,-41.0084,-19.55685,-7.20397,-7.299023,-3.736831,8448
50.5,-3.635376,-5,-1.498209,-1.308561,-37.02366,-10.78504,-7.20397,-7.38482,-3.913845,8444
50.52,-1.057495,-5,-1.947088,-1.609262,-23.52748,-1.269545,-7.27145,-7.439284,-2.589358,8416
50.54,-9.429077,-5,-1.420175,-1.506178,24.15192,3.50444,-7.27145,-7.325043,1.031538,8452
50.56,-80.49194,-5,-0.8989588,-1.267115,34.88475,3.954458,-7.541368,-7.354769,2.437303,8488
50.58,75.15625,-5,-0.3000956,-0.8927445,29.83132,-4.600942,-6.596649,-6.749257,4.864049,8496
50.6,-14.20886,-5,0.1107082,-0.5646725,16.64047,4.037802,-6.596649,-6.472702,5.001174,8420
50.62,-52.96594,-5,0.2606806,-0.2828085,3.693903,0.1682253,-6.596649,-6.386681,3.900955,8440
50.64,-49.69727,-5,0.2067561,-0.2108793,-3.863351,-6.121284,-6.529169,-6.373809,2.03782,8428
50.66,-117.894,-5,0.00228893,-0.3669712,-6.19923,-9.434089,-6.93405,-6.672406,-0.599061,8432
50.68,-245.8395,-5,0.03906179,-0.6701892,-0.9320526,-19.01326,-7.878769,-7.378256,-3.604275,8464
50.7,-144.3138,-5,-0.07408854,-1.118399,-3.695412,-37.87497,-7.811289,-7.670271,-5.752298,8520
50.72,93.61572,-5,-0.2547948,-1.503572,-9.542743,-39.06452,-6.596649,-7.072435,-4.746293,8472
50.74,6.884766,-5,-1.082307,-1.8361,-52.8252,-13.12612,-6.664129,-6.908508,-5.362673,8432
50.76,-135.9575,-5,-2.534647,-2.250776,-76.10765,-0.1838164,-7.541368,-7.492537,-7.945739,8440
50.78,-41.7157,-5,-3.586021,-2.705967,-43.19161,-2.452668,-7.608849,-7.843146,-7.397423,8464
50.8,99.28357,-5,-2.663522,-2.58309,74.8237,2.775818,-6.93405,-7.356327,0.227558,8476
50.82,16.87671,-5,-1.740742,-2.062321,44.41147,17.3715,-6.93405,-6.966951,5.141064,8464
50.84,-15.02905,-5,-2.058362,-1.681924,-43.23741,19.7897,-6.93405,-6.860107,5.03968,8448
50.86,-66.87622,-5,-2.398475,-1.558432,-29.20687,19.24026,-7.27145,-7.080958,4.323035,8456
50.88,90.92578,-5,-2.564738,-1.478616,77.28171,14.51573,-6.596649,-6.786022,6.285063,8468
50.9,-40.86682,-5,-1.016487,-0.9803069,66.68629,21.98379,-6.93405,-6.630838,10.90495,8424
50.92,90.03229,-5,-0.263934,-0.3556753,20.76261,11.4005,-5.989328,-5.951143,12.90495,8464
50.94,30.12866,-5,-1.261958,-0.3094094,-36.18397,20.98191,-5.989328,-5.863353,8.960997,8400
50.96,-11.96594,-5,-1.859388,-0.3893059,-30.53512,23.1815,-6.259249,-6.075094,7.597095,8396
50.98,-63.34265,-5,-1.359007,-0.3396365,34.59468,18.5644,-6.664129,-6.3276,8.74692,8392
51,134.8652,-5,-0.4364706,-0.02836642,38.90002,7.615387,-5.58445,-5.676719,12.27913,8424
51.02,-28.85107,-5,-0.1606624,0.1726697,14.15192,19.2698,-5.989328,-5.635036,11.19124,8368
51.04,-33.18518,-5,-0.1983981,0.311868,-8.367169,10.52211,-5.989328,-5.671656,9.421287,8388
51.06,-28.01685,-5,-0.2252106,0.2554227,-9.267933,4.375119,-5.989328,-5.736534,7.580091,8376
51.08,-69.34875,-5,-0.2619164,0.08580425,-2.718313,0.8272582,-6.259249,-5.953106,5.691932,8388
51.1,-48.19092,-5,-0.2047677,-0.09439761,-1.985488,-5.918469,-6.259249,-6.050265,4.589417,8388
51.12,-41.80884,-5,-0.2476928,-0.3084334,-8.932055,-8.133806,-6.259249,-6.103629,3.395302,8408
51.14,8.164185,-5,-0.4487391,-0.5035411,-15.66488,-8.216163,-5.989328,-5.988558,2.750515,8396
51.16,7.018188,-5,-0.8636638,-0.7049192,-24.00076,-1.833153,-5.92185,-5.938391,2.001506,8384
51.18,7.662354,-5,-1.363857,-0.8826717,-27.49695,3.942653,-5.92185,-5.955505,1.677094,8404
51.2,164.5682,-5,-1.155475,-0.7390803,22.27406,7.473507,-4.977129,-5.332556,5.348045,8388
51.22,22.4436,-5,-0.5964215,-0.3621964,29.26643,23.64631,-5.247049,-5.131793,7.587229,8320
51.24,-12.41272,-5,0.03509675,0.1618544,26.91529,17.83529,-5.247049,-4.996293,8.594845,8352
51.26,-118.2654,-5,1.121376,0.6244963,49.17484,6.642818,-5.65193,-5.115941,8.044541,8356
51.28,-282.1747,-5,1.546205,0.6554821,20.3046,-13.29083,-6.664129,-5.828995,2.762994,8368
51.3,40.75684,-5,1.48516,0.3937904,-8.53511,-42.34841,-5.314529,-5.431618,0.1956346,8416
51.32,-183.8971,-5,0.6813892,-0.3040448,-48.13818,-26.68944,-6.326729,-5.993874,-5.664663,8344
51.34,-33.92249,-5,-0.7278379,-1.052293,-72.74887,-34.20533,-5.989328,-6.190145,-8.899683,8408
51.36,-155.5078,-5,-1.916482,-1.945673,-53.29848,-20.3687,-6.93405,-6.913017,-11.52939,8392
51.38,77.02173,-5,-1.352881,-2.116784,5.083216,-25.0519,-5.989328,-6.469483,-5.587022,8452
51.4,20.70453,-5,-1.187092,-2.058787,9.251156,-5.207981,-5.92185,-6.148468,-2.918991,8384
51.42,-19.0282,-5,-1.252754,-1.806449,-6.550376,2.427109,-5.92185,-5.992459,-1.501637,8396
51.44,-29.04889,-5,-1.377933,-1.600867,-2.580908,3.909767,-5.92185,-5.945237,-0.9622924,8404
51.46,-55.09106,-5,-0.7551522,-1.287687,36.24353,1.774745,-5.989328,-5.888865,0.9429439,8400
51.48,-69.21094,-5,-0.2121663,-0.9924163,30.93055,-4.091378,-5.989328,-5.824593,1.472275,8384
51.5,92.71423,-5,0.06366614,-0.7135178,13.32749,-9.956747,-4.977129,-5.198668,2.640096,8392
51.52,-151.3613,-5,-0.00368239,-0.644604,-7.55801,2.357988,-5.92185,-5.536134,0.09441364,8344
51.54,-108.7593,-5,-0.3052634,-0.7090252,-18.50458,-13.16895,-5.989328,-5.798042,-2.107817,8408
51.56,-116.6719,-5,-0.4973499,-1.01842,-0.4282355,-18.56747,-6.259249,-6.112729,-4.031352,8396
51.58,-90.61969,-5,-0.1318704,-1.193789,12.56413,-24.18796,-6.259249,-6.184965,-3.545519,8412
51.6,-84.17957,-5,-0.2785437,-1.411832,-13.80229,-24.80766,-6.259249,-6.230752,-4.627324,8404
51.62,0.2121582,-5,-1.384344,-1.823939,-59.29848,-20.7237,-5.92185,-6.178515,-6.539176,8428
51.64,16.23431,-5,-2.596516,-2.287968,-64.99314,-5.396336,-5.92185,-6.246505,-6.835941,8412
51.66,31.87866,-5,-3.417491,-2.562496,-33.54275,9.147736,-5.989328,-6.316673,-4.57383,8404
51.68,124.3926,-5,-1.9344,-2.00054,66.65575,15.63332,-5.314529,-5.645226,4.531578,8420
51.7,-37.95892,-5,-0.7972227,-1.210208,52.9153,25.31535,-5.65193,-5.407303,7.83702,8360
51.72,-136.4837,-5,0.2286334,-0.4654994,46.74735,11.73274,-5.989328,-5.457859,7.803286,8380
51.74,17.9552,-5,1.294638,0.1268561,46.1214,-10.44787,-5.044609,-4.898515,8.071691,8384
51.76,-112.3024,-5,1.70693,0.3526719,9.983981,-11.06978,-5.314529,-4.879644,4.542112,8324
51.78,-260.3405,-5,0.8641845,0.0128741,-49.35955,-22.21289,-6.259249,-5.645145,-3.161988,8336
51.8,78.71149,-5,-0.2122471,-0.6224346,-54.27559,-40.4315,-4.977129,-5.382656,-5.816901,8404
51.82,55.38037,-5,-1.409823,-1.354663,-53.74123,-14.2163,-4.977129,-5.35487,-6.897577,8336
51.84,-155.5009,-5,-2.419755,-1.883064,-47.0084,3.670549,-6.259249,-6.127298,-7.817318,8312
51.86,42.78387,-5,-2.046247,-1.917258,41.86185,-6.781388,-5.65193,-5.956328,-2.929197,8384
51.88,-55.20941,-5,-1.218347,-1.731598,50.06033,3.451548,-5.989328,-5.923512,0.3547841,8360
51.9,104.9982,-5,-0.6454954,-1.26778,10.56413,-1.236997,-4.977129,-5.228399,3.8544,8380
51.92,190.4902,-5,-1.05796,-0.9335452,-19.86336,13.59048,-4.03241,-4.441845,4.938596,8320
51.94,114.8032,-5,-1.534797,-0.5781935,-25.57328,33.66082,-3.96493,-4.12156,5.95417,8268
51.96,-40.03589,-5,-1.636439,-0.2342748,55.61759,39.39461,-4.707209,-4.439178,6.263614,8252
51.98,-67.91589,-5,-0.04225519,0.3728209,72.80843,22.12463,-4.977129,-4.551496,9.615542,8304
52,89.45056,-5,1.250549,0.9549401,54.35041,3.903332,-4.03241,-3.947857,11.49821,8340
52.02,-221.9642,-5,1.790606,1.153261,22.3046,5.394597,-5.314529,-4.48628,6.864149,8296
52.04,98.23621,-5,1.056122,0.9973959,-48.07711,-22.12661,-3.96493,-4.110311,3.153251,8356
52.06,-111.9651,-5,0.04725111,0.3417249,-57.90917,-4.98697,-4.977129,-4.705216,-2.224598,8284
52.08,-23.42657,-5,-0.8185379,-0.2240281,-42.0313,-11.9872,-4.977129,-5.030179,-3.744434,8328
52.1,171.4622,-5,-0.3097511,-0.3390758,24.59467,-9.010319,-3.96493,-4.427615,0.8480384,8308
52.12,69.35419,-5,-0.1396177,-0.1895208,5.49543,12.00307,-4.03241,-4.138442,2.738923,8280
52.14,39.54041,-5,-0.3798236,0.05175079,-16.74885,16.37704,-4.03241,-4.043451,2.908099,8272
52.16,35.18372,-5,-0.4127308,0.2388103,2.823674,16.39865,-4.03241,-4.020681,3.211277,8268
52.18,-56.21094,-5,1.061906,0.725529,63.0985,10.87535,-4.36981,-4.035528,5.897319,8272
52.2,-51.98181,-5,1.728982,1.063986,32.3962,-4.246258,-4.30233,-3.99509,4.522139,8284
52.22,-61.81433,-5,1.925073,1.101136,9.648103,-14.5127,-4.30233,-4.042468,1.397784,8304
52.24,-70.22815,-5,1.790483,0.9066327,-11.69542,-21.91781,-4.36981,-4.183804,-2.076358,8316
52.26,22.68304,-5,1.192576,0.5403861,-30.47405,-25.54184,-3.96493,-4.108996,-4.75601,8300
52.28,-151.4113,-5,0.3248286,-0.03784685,-46.04657,-16.04127,-4.977129,-4.779544,-8.836889,8280
52.3,-45.87152,-5,-0.672912,-0.6646348,-51.13054,-23.96644,-4.977129,-5.154523,-10.62746,8344
52.32,12.32928,-5,-1.340672,-1.254221,13.23589,-16.25345,-4.977129,-5.318424,-9.952459,8332
52.34,168.1531,-5,-0.5048949,-1.112035,34.04506,-7.740572,-4.03241,-4.607325,-2.93131,8336
52.36,78.26154,-5,-0.1657956,-0.685582,12.18246,12.49128,-3.96493,-4.174721,0.06567931,8276
52.38,9.24646,-5,0.2143857,-0.1070638,14.93055,15.47661,-4.03241,-3.996931,1.516603,8284
52.4,-15.84991,-5,1.270549,0.544395,52.0756,6.955586,-3.96493,-3.801585,3.091501,8288
52.42,-264.2369,-5,1.805603,0.7997618,24.25879,-3.497058,-5.247049,-4.513101,-1.022161,8272
52.44,51.54163,-5,1.921095,0.7990842,1.602299,-35.40269,-3.96493,-4.137143,-2.659225,8344
52.46,-172.6295,-5,1.566392,0.352538,-23.03893,-23.82505,-4.977129,-4.668447,-7.536572,8284
52.48,-44.89301,-5,0.6615503,-0.1622534,-44.68779,-35.70274,-4.707209,-4.85506,-10.47058,8304
52.5,4.927856,-5,-0.3536186,-0.8250435,-51.19161,-27.20261,-4.639729,-4.983242,-12.07119,8328
52.52,-137.0538,-5,-0.9230088,-1.340926,-24.85572,-14.98563,-5.58445,-5.587081,-12.52615,8316
52.54,86.37891,-5,-0.7562642,-1.430241,7.144286,-21.45439,-4.707209,-5.22165,-8.383105,8344
52.56,41.94104,-5,-0.4889276,-1.318104,11.72444,-4.025941,-4.639729,-4.932092,-5.428174,8304
52.58,10.94183,-5,-0.6299671,-1.072351,-6.550376,3.488799,-4.639729,-4.801708,-4.126731,8324
52.6,-6.434143,-5,-0.7317369,-0.8623351,15.93818,5.685131,-4.707209,-4.79774,-3.360893,8316
52.62,-66.38574,-5,0.1515019,-0.4896355,44.96109,2.333802,-4.977129,-4.845066,-1.130642,8336
52.64,-66.29199,-5,0.757256,-0.1808244,23.23589,-7.963331,-4.977129,-4.829682,-1.00875,8352
52.66,-68.65656,-5,0.9308347,-0.09189618,2.212986,-15.34933,-4.977129,-4.857294,-2.604405,8328
52.68,-59.37573,-5,0.6440135,-0.2307049,-18.55038,-19.51897,-4.977129,-4.945754,-4.907734,8336
52.7,10.34277,-5,-0.02616014,-0.5273295,-35.61909,-18.98553,-4.707209,-4.914077,-6.474103,8332
52.72,18.19537,-5,-0.7630571,-0.8536389,-41.78703,-9.103931,-4.707209,-4.957383,-6.921278,8316
52.74,44.36957,-5,-1.242098,-1.025376,-17.51221,-0.1165292,-4.639729,-4.933775,-5.480987,8324
52.76,31.67706,-5,-0.7847455,-0.8442764,28.73208,6.952917,-4.639729,-4.802371,-1.814185,8320
52.78,-61.5896,-5,-0.2323172,-0.5271388,24.83895,8.353966,-5.044609,-4.90248,-0.2361281,8312
52.8,-55.23291,-5,0.4146535,-0.1967346,30.31987,-2.300728,-5.044609,-4.893611,0.4993209,8324
52.82,-58.94336,-5,0.7374159,-0.05033877,17.05269,-9.785259,-5.044609,-4.900144,-0.5150193,8328
52.84,-56.47101,-5,0.667082,-0.09562445,-5.145795,-14.88597,-5.044609,-4.955221,-2.392196,8332
52.86,-33.02985,-5,0.3297153,-0.2869052,-20.24504,-16.8631,-4.977129,-5.002328,-4.118813,8352
52.88,25.62402,-5,-0.1431522,-0.5189204,-27.25267,-14.11909,-4.707209,-4.912642,-4.713459,8368
52.9,21.99762,-5,-0.6797877,-0.7278178,-23.63435,-4.573662,-4.707209,-4.907835,-4.727623,8352
52.92,18.31372,-5,-0.6192212,-0.7020947,4.915277,1.173214,-4.707209,-4.851561,-2.767747,8316
52.94,182.4218,-5,-0.4081928,-0.4227159,15.31223,4.285724,-3.695009,-4.167486,0.935562,8324
52.96,-131.6052,-5,-0.07980661,-0.1402965,19.40383,21.33162,-4.977129,-4.590092,0.663708,8264
52.98,91.76752,-5,0.6071709,0.3533038,38.54888,-1.035118,-3.96493,-4.114247,3.224268,8324
53,15.54718,-5,1.384817,0.7242737,38.68628,4.11648,-3.96493,-3.862328,3.631691,8260
53.02,-23.75195,-5,1.72079,1.04615,6.777874,-1.353766,-3.96493,-3.775662,2.321681,8256
53.04,-199.4232,-5,1.422717,0.9247152,-16.55038,-8.332556,-4.977129,-4.460207,-2.985409,8256
53.06,-108.4132,-5,0.8607048,0.4523101,-30.58092,-28.81138,-5.044609,-4.915791,-7.010892,8332
53.08,-39.02258,-5,0.5342178,-0.1435097,-19.57328,-32.03356,-4.977129,-5.098668,-8.495219,8324
53.1,41.99341,-5,0.003085778,-0.6184528,-26.15344,-25.26686,-4.639729,-4.988297,-8.390862,8336
53.12,34.4801,-5,-0.7139884,-0.9564127,-39.1916,-10.21066,-4.639729,-4.963549,-8.027844,8344
53.14,48.85809,-5,-1.554214,-1.181967,-41.55802,1.840318,-4.639729,-4.988563,-7.112442,8332
53.16,-17.69495,-5,-1.414943,-1.129183,46.2588,10.68662,-5.044609,-5.146935,-4.163107,8320
53.18,167.8849,-5,-0.2360801,-0.5497926,47.03743,6.282424,-3.96493,-4.375783,2.50842,8344
53.2,1.930298,-5,0.3989337,0.02397364,28.56414,19.85379,-4.30233,-4.184332,3.776239,8264
53.22,-29.98035,-5,0.67241,0.5104122,11.89238,11.11923,-4.36981,-4.171117,3.118128,8292
53.24,-24.60474,-5,1.239373,0.8294134,36.02979,0.2494226,-4.30233,-4.124932,2.550176,8304
53.26,-93.98254,-5,1.58226,0.9247124,15.31223,-7.690423,-4.639729,-4.329829,0.281751,8280
53.28,-8.284546,-5,1.481898,0.8198115,-13.45114,-19.50602,-4.30233,-4.286514,-1.961542,8300
53.3,-21.29065,-5,1.005961,0.5010082,-29.93969,-17.11262,-4.36981,-4.392412,-4.611446,8284
53.32,13.59473,-5,0.2764147,0.1263013,-38.48932,-14.38169,-4.30233,-4.476944,-6.232695,8320
53.34,-149.9349,-5,-0.4129041,-0.3558392,-25.60382,-7.127552,-5.38201,-5.206778,-8.713938,8320
53.36,115.0029,-5,0.1411673,-0.3828425,19.80078,-20.29515,-4.30233,-4.749984,-4.394741,8376
53.38,42.52148,-5,0.483929,-0.2915287,10.47253,-3.408472,-4.30233,-4.477198,-2.661707,8288
53.4,-1.17395,-5,0.3283841,-0.1096411,-10.53511,0.9079909,-4.36981,-4.418773,-2.722197,8292
53.42,4.320435,-5,-0.004966334,-0.05776449,-11.34427,0.4932877,-4.36981,-4.452087,-3.425727,8292
53.44,3.593262,-5,0.8040496,0.2107067,41.43438,-1.919446,-4.30233,-4.319963,-1.061122,8296
53.46,-19.02502,-5,1.175286,0.441998,17.73971,-4.845386,-4.30233,-4.245987,-1.219984,8304
53.48,-37.53528,-5,1.150865,0.5057352,-2.412969,-9.017266,-4.36981,-4.301956,-2.877525,8296
53.5,-14.1687,-5,0.9546137,0.4213046,-6.703048,-12.9644,-4.30233,-4.340873,-4.375086,8304
53.52,-10.75854,-5,0.8961973,0.3113458,-3.145794,-13.02789,-4.30233,-4.37053,-4.973882,8340
53.54,-6.401489,-5,0.7435563,0.1995164,-9.970223,-12.22198,-4.30233,-4.399174,-5.498506,8300
53.56,-24.41235,-5,0.5848141,0.08417998,-7.832818,-10.76904,-4.43729,-4.504191,-6.016211,8304
53.58,12.53455,-5,0.5272706,0.02125528,-1.206862,-11.38078,-4.30233,-4.464323,-5.672873,8300
53.6,6.546753,-5,0.5115554,-0.001268655,-0.962587,-7.998456,-4.30233,-4.436234,-5.293302,8312
53.62,-9.208984,-5,0.5350028,0.0279036,2.854208,-6.470131,-4.36981,-4.452861,-4.995384,8308
53.64,5.846924,-5,0.5462443,0.06929091,-0.1992282,-7.055133,-4.30233,-4.417582,-4.719576,8324
53.66,3.6875,-5,0.5027626,0.08858038,-1.176328,-5.764695,-4.30233,-4.408125,-4.663685,8308
53.68,-18.78735,-5,0.4789582,0.09749328,-0.6114421,-5.09062,-4.43729,-4.485894,-4.742691,8308
53.7,-7.441284,-5,0.5048358,0.1066272,1.968712,-6.989452,-4.43729,-4.515236,-4.596443,8300
53.72,-2.904663,-5,0.5214807,0.1018114,0.01451245,-7.144117,-4.43729,-4.524529,-4.4926,8304
53.74,10.45093,-5,0.5170622,0.1086663,1.419093,-6.74222,-4.36981,-4.485782,-4.248634,8316
53.76,5.708374,-5,0.5187625,0.1305236,-0.1534266,-5.129535,-4.36981,-4.46549,-4.03792,8320
53.78,-7.762329,-5,0.5271485,0.1592293,1.373291,-4.591088,-4.43729,-4.495004,-3.992892,8320
53.8,9.413086,-5,0.5174078,0.1821278,-0.3519,-5.528582,-4.36981,-4.470178,-3.858347,8316
53.82,19.07397,-5,0.4996599,0.2012837,-0.596175,-4.320632,-4.30233,-4.420391,-3.624578,8308
53.84,13.6427,-5,0.4867492,0.2357126,-0.183961,-2.49743,-4.30233,-4.397372,-3.382843,8296
53.86,-11.87903,-5,0.5217463,0.2749001,1.800773,-2.001855,-4.43729,-4.462893,-3.358615,8308
53.88,20.08569,-5,0.5969517,0.3266723,4.503064,-4.444472,-4.30233,-4.404109,-2.985364,8312
53.9,0.9688721,-5,0.6303056,0.3510825,1.556498,-2.962714,-4.36981,-4.418273,-3.053658,8308
53.92,4.424438,-5,0.6020894,0.3657072,-0.09235785,-3.815141,-4.36981,-4.431515,-3.182029,8312
53.94,6.02063,-5,0.6373057,0.37666,1.999246,-4.143092,-4.36981,-4.43471,-3.136875,8324
53.96,8.347412,-5,0.5790552,0.3649652,-1.115259,-3.997517,-4.36981,-4.445004,-3.30212,8312
53.98,21.06067,-5,0.5954904,0.3754605,-0.3824344,-3.692671,-4.30233,-4.404726,-3.034268,8332
54,4.283691,-5,0.6052395,0.3916178,0.3961921,-2.262554,-4.36981,-4.424744,-3.011888,8304
54.02,20.0813,-5,0.5797231,0.4115803,-0.3060985,-2.894712,-4.30233,-4.397099,-2.912111,8308
54.04,16.39502,-5,0.6124172,0.4378154,1.663368,-1.821627,-4.30233,-4.380403,-2.720329,8300
54.06,3.004272,-5,0.6351373,0.4661005,0.5793981,-1.582231,-4.36981,-4.411541,-2.738078,8292
54.08,7.369751,-5,0.6745443,0.4895487,2.106116,-2.903076,-4.36981,-4.423506,-2.732808,8304
54.1,9.250366,-5,0.6928426,0.4950494,1.892376,-3.391947,-4.36981,-4.430034,-2.811892,8312
54.12,-1.026978,-5,0.6845262,0.4833493,-0.8251827,-3.519908,-4.43729,-4.476553,-3.045853,8312
54.14,28.04333,-5,0.6973094,0.486785,0.4267263,-4.632572,-4.30233,-4.415082,-2.850001,8332
54.16,8.599487,-5,0.6745629,0.4809438,-0.4129688,-2.380502,-4.36981,-4.430978,-2.970053,8308
54.18,11.17773,-5,0.6651282,0.4923841,-0.3519,-2.822596,-4.36981,-4.438593,-2.95343,8324
54.2,24.28699,-5,0.6688371,0.5056291,0.2282531,-2.836525,-4.30233,-4.401636,-2.809041,8280
54.22,19.89795,-5,0.6641328,0.523203,-0.01602192,-1.502772,-4.30233,-4.385521,-2.718417,8304
54.24,6.275391,-5,0.690927,0.5502321,1.464895,-1.176764,-4.36981,-4.415649,-2.704162,8304
54.26,9.487793,-5,0.7687732,0.5844042,2.564131,-2.594626,-4.36981,-4.422064,-2.617103,8296
54.28,11.07996,-5,0.7712129,0.5894728,-0.183961,-3.21136,-4.36981,-4.430126,-2.805662,8316
54.3,0.6516113,-5,0.7729751,0.5779792,0.4877952,-3.487971,-4.43729,-4.476933,-3.055149,8304
54.32,18.68445,-5,0.7616103,0.5644106,-0.1534266,-4.658446,-4.36981,-4.460143,-3.094806,8308
54.34,16.05493,-5,0.7591749,0.5525761,-0.06182348,-3.602591,-4.36981,-4.452382,-3.105929,8312
54.36,15.12988,-5,0.7448713,0.5542019,0.3656577,-3.122645,-4.36981,-4.449723,-3.108377,8300
54.38,14.91418,-5,0.7481608,0.5628716,0.2893218,-2.907992,-4.36981,-4.448118,-3.082062,8312
54.4,26.07263,-5,0.7721886,0.5865323,1.266421,-2.84122,-4.30233,-4.404395,-2.890725,8320
54.42,20.0542,-5,0.7985544,0.6182511,0.3809245,-1.757849,-4.30233,-4.383194,-2.797931,8296
54.44,17.66992,-5,0.812778,0.6530477,0.4267263,-1.695654,-4.30233,-4.375249,-2.792095,8308
54.46,17.77417,-5,0.8045091,0.672389,0.06031401,-1.863031,-4.30233,-4.377005,-2.879937,8292
54.48,6.824829,-5,0.8177563,0.6790214,0.2587874,-2.028713,-4.36981,-4.419142,-3.021233,8308
54.5,24.57129,-5,0.8188542,0.682146,0.304589,-3.217487,-4.30233,-4.399149,-2.989182,8300
54.52,-1.079956,-5,0.8174903,0.6653024,0.1824515,-2.253965,-4.43729,-4.471929,-3.252085,8304
54.54,20.32288,-5,0.8204078,0.6590014,0.1213828,-4.188869,-4.36981,-4.46328,-3.211957,8304
54.56,7.504272,-5,0.8196964,0.63668,0.02977964,-3.326218,-4.43729,-4.499744,-3.363769,8320
54.58,23.88745,-5,0.8133387,0.6320639,0.1061156,-4.002877,-4.36981,-4.474776,-3.269153,8328
54.6,31.91833,-5,0.8165884,0.6413597,-0.2908313,-2.780057,-4.30233,-4.421522,-3.071223,8332
54.62,24.77625,-5,0.8240481,0.672603,0.4114593,-1.186289,-4.30233,-4.39604,-2.923243,8300
54.64,22.61902,-5,0.8122222,0.7066759,-0.2755641,-0.8108759,-4.30233,-4.388112,-2.892908,8312
54.66,11.25183,-5,0.8109756,0.7249476,-0.1686933,-0.7950184,-4.36981,-4.427744,-2.998455,8320
54.68,29.15186,-5,0.8137807,0.7388645,0.1824515,-1.908753,-4.30233,-4.406076,-2.888951,8308
54.7,15.46704,-5,0.8071465,0.7372051,-0.07709067,-0.8340613,-4.36981,-4.437734,-2.961122,8300
54.72,20.38904,-5,0.8034449,0.7417017,-0.0007547362,-1.487968,-4.36981,-4.451206,-2.923286,8316
54.74,22.82642,-5,0.8023087,0.7405983,0.1671843,-1.412768,-4.36981,-4.456605,-2.883259,8332
54.76,23.91626,-5,0.8042901,0.7449116,0.06031401,-1.11885,-4.36981,-4.457193,-2.800611,8336
54.78,24.53748,-5,0.8033657,0.7537771,0.09084838,-0.8067312,-4.36981,-4.456455,-2.725341,8324
54.8,24.84363,-5,0.8124301,0.7681679,0.1213828,-0.5634753,-4.36981,-4.454324,-2.632174,8328
54.82,25.35864,-5,0.8097225,0.7815126,0.07558119,-0.3574671,-4.36981,-4.453831,-2.584293,8308
54.84,26.03809,-5,0.8094463,0.7946008,0.06031401,-0.1629657,-4.36981,-4.453662,-2.524141,8328
54.86,26.57324,-5,0.816913,0.8096582,0.06031401,0.01437813,-4.36981,-4.452522,-2.444273,8324
54.88,38.68005,-5,0.8196318,0.8321604,0.01451245,0.2070461,-4.30233,-4.411222,-2.247844,8308
54.9,33.69116,-5,0.8281039,0.8615811,0.1061156,1.532678,-4.30233,-4.391687,-2.100086,8312
54.92,20.7843,-5,0.8212004,0.8863973,0.04504682,1.908351,-4.36981,-4.425452,-2.157342,8288
54.94,26.56567,-5,0.8232828,0.900316,-0.0007547362,0.8547739,-4.36981,-4.441942,-2.157725,8324
54.96,18.23413,-5,0.8175833,0.8912126,-0.0007547362,0.7444195,-4.43729,-4.491073,-2.287969,8316
54.98,48.44189,-5,0.8164907,0.895363,-0.0007547362,-0.1091819,-4.30233,-4.430458,-2.008042,8312
55,28.97974,-5,0.8151841,0.9015254,0.02977964,2.359767,-4.36981,-4.441568,-1.950419,8316
55.02,19.81677,-5,0.8084595,0.9171007,0.06031401,2.027699,-4.43729,-4.486602,-1.990922,8320
55.04,47.54211,-5,0.9094195,0.9612328,5.617568,0.5995036,-4.30233,-4.413408,-1.527341,8320
55.06,36.69849,-5,0.978225,1.008518,2.90001,2.224155,-4.30233,-4.375736,-1.398009,8308
55.08,20.89185,-5,0.9791473,1.044308,1.800773,2.173732,-4.36981,-4.405896,-1.650899,8320
55.1,33.21509,-5,1.14723,1.108583,8.04505,0.002571493,-4.30233,-4.364389,-1.396736,8332
55.12,26.51636,-5,1.214134,1.143941,3.098483,-0.41702,-4.30233,-4.349541,-1.681108,8320
55.14,13.02649,-5,1.205306,1.142082,0.4877952,-1.37231,-4.36981,-4.396281,-2.281487,8316
55.16,28.54297,-5,1.273174,1.142291,2.060315,-3.575267,-4.30233,-4.376115,-2.447441,8292
55.18,25.74084,-5,1.232204,1.109182,-0.7946484,-3.332926,-4.30233,-4.379888,-2.934513,8332
55.2,24.88025,-5,1.227837,1.086467,0.1366499,-3.449337,-4.30233,-4.384921,-3.173176,8304
55.22,24.21545,-5,1.238264,1.071312,0.5030622,-3.654466,-4.30233,-4.388343,-3.366117,8316
55.24,23.51648,-5,1.250032,1.060313,0.3809245,-3.90207,-4.30233,-4.391366,-3.556513,8312
55.26,23.13074,-5,1.252411,1.048833,0.01451245,-4.148714,-4.30233,-4.395697,-3.764037,8304
55.28,23.12646,-5,1.249169,1.035991,0.2282531,-4.343308,-4.30233,-4.400921,-3.959684,8324
55.3,23.39771,-5,1.242179,1.022563,0.01451245,-4.451496,-4.30233,-4.406296,-4.129617,8332
55.32,23.71814,-5,1.237384,1.01108,0.1061156,-4.481382,-4.30233,-4.410718,-4.258398,8336
55.34,12.4917,-5,1.231806,0.9940345,-0.09235785,-4.476332,-4.36981,-4.455052,-4.49961,8336
55.36,29.48694,-5,1.241153,0.9858059,0.04504682,-5.612717,-4.30233,-4.434001,-4.488357,8340
55.38,26.51526,-5,1.229299,0.9740258,-0.09235785,-4.60813,-4.30233,-4.426654,-4.564099,8324
55.4,37.24988,-5,1.210872,0.981323,-0.3060985,-4.157953,-4.23485,-4.384685,-4.462122,8320
55.42,8.195312,-5,1.2285,0.989545,0.1824515,-2.886033,-4.36981,-4.444851,-4.616706,8316
55.44,28.52148,-5,1.228089,0.9996243,0.1519171,-4.948823,-4.30233,-4.433527,-4.616027,8304
55.46,27.79016,-5,1.208087,0.9876952,-0.7641136,-4.187417,-4.30233,-4.432592,-4.698624,8308
55.48,27.39404,-5,1.21705,0.9936119,0.6251997,-3.787092,-4.30233,-4.429365,-4.611067,8312
55.5,27.54004,-5,1.209107,1.001365,0.1671843,-3.532624,-4.30233,-4.428876,-4.601056,8176
55.52,16.07117,-5,1.22235,1.006749,0.07558119,-3.416002,-4.36981,-4.467712,-4.675072,8304
55.54,33.1947,-5,1.231198,1.014861,0.304589,-4.49699,-4.30233,-4.444337,-4.585419,8320
55.56,30.72778,-5,1.21459,1.013883,-0.01602192,-3.4227,-4.30233,-4.436372,-4.592998,8312
55.58,29.85449,-5,1.217134,1.028102,0.304589,-2.968271,-4.30233,-4.43133,-4.499597,8316
55.6,18.43738,-5,1.211201,1.034385,0.2740546,-2.756866,-4.36981,-4.470746,-4.601394,8168
55.62,36.11609,-5,1.207162,1.041287,-0.01602192,-3.725007,-4.30233,-4.448712,-4.495633,8304
55.64,33.41956,-5,1.212834,1.048207,-0.01602192,-2.594142,-4.30233,-4.437294,-4.394446,8316
55.66,32.02344,-5,1.227231,1.071427,0.2435202,-2.164786,-4.30233,-4.429379,-4.265184,8316
55.68,31.67786,-5,1.233772,1.093975,-0.03128911,-2.039307,-4.30233,-4.426187,-4.216973,8312
55.7,20.56506,-5,1.233844,1.103007,0.01451245,-2.011414,-4.36981,-4.466876,-4.334137,8332
55.72,15.44312,-5,1.225381,1.092164,0.01451245,-3.10539,-4.43729,-4.527843,-4.535105,8348
55.74,35.41272,-5,1.22951,1.07717,-0.03128911,-4.32793,-4.36981,-4.513488,-4.459074,8340
55.76,33.25037,-5,1.229329,1.066496,-0.01602192,-3.116403,-4.36981,-4.504638,-4.386437,8324
55.78,32.1322,-5,1.224866,1.074584,0.07558119,-2.51828,-4.36981,-4.498926,-4.298858,8336
55.8,20.44812,-5,1.218451,1.078526,-0.04655629,-2.236052,-4.43729,-4.537461,-4.39054,8328
55.82,38.005,-5,1.210767,1.083589,-0.0007547362,-3.172669,-4.36981,-4.515244,-4.289438,8324
55.84,35.52881,-5,1.204198,1.086251,-0.06182348,-1.992145,-4.36981,-4.505076,-4.208272,8348
55.86,23.17798,-5,1.198614,1.094322,0.1061156,-1.465151,-4.43729,-4.540143,-4.231546,8344
55.88,51.50574,-5,1.211404,1.118717,0.1519171,-2.350709,-4.30233,-4.472722,-3.912823,8352
55.9,42.42603,-5,1.237059,1.150847,1.953444,-0.1584478,-4.30233,-4.439029,-3.700747,8320
55.92,27.05713,-5,1.248659,1.190868,0.2282531,0.3116548,-4.36981,-4.464356,-3.709705,8304
55.94,29.60071,-5,1.340861,1.237897,5.968713,-1.235185,-4.36981,-4.467929,-3.586322,8312
55.96,29.06042,-5,1.423615,1.270667,3.739704,-2.276773,-4.36981,-4.46589,-3.633868,8300
55.98,29.08936,-5,1.425289,1.275718,-0.06182348,-3.025808,-4.36981,-4.472412,-3.919015,8344
56,29.91907,-5,1.417792,1.265537,-0.09235785,-3.494225,-4.36981,-4.481135,-4.15355,8320
56.02,-3.744263,5,1.41139,1.258826,-0.6572433,-3.675091,-4.30233,-4.447524,-4.181021,8348
56.04,-12.38843,5,1.413599,1.211197,0.1977187,-7.252143,-4.30233,-4.433883,-4.34228,8328
56.06,-19.38025,5,1.402307,1.10476,-0.3366328,-10.504,-4.30233,-4.429749,-4.685205,8308
56.08,-25.02893,5,1.318137,0.9459382,-3.741214,-13.13443,-4.30233,-4.435133,-5.199266,8296
56.1,-41.27356,5,1.196246,0.7454508,-8.916789,-15.11991,-4.36981,-4.484816,-5.835732,8316
56.12,21.19922,5,0.9135429,0.524058,-15.78702,-17.05228,-4.03241,-4.326234,-5.929719,8304
56.14,11.81494,5,0.5117599,0.2858663,-18.53511,-10.6983,-3.96493,-4.239711,-6.007164,8272
56.16,-70.82971,5,0.2555264,0.08808629,-9.161062,-6.785574,-4.36981,-4.44007,-6.194477,8280
56.18,-54.56213,5,0.4744154,0.009576209,9.617569,-13.32268,-4.36981,-4.470515,-5.111876,8308
56.2,-42.59137,5,0.4195921,-0.139047,-4.825184,-15.82994,-4.30233,-4.439147,-5.171323,8308
56.22,-57.30103,5,0.08149403,-0.3747929,-18.97786,-15.21235,-4.36981,-4.493603,-5.870414,8304
56.24,-197.5015,5,-0.3497002,-0.7587314,-25.0542,-15.2058,-5.247049,-5.072227,-7.986485,8300
56.26,37.62823,5,-0.4945914,-1.037652,-7.206865,-28.54444,-4.30233,-4.739996,-6.235442,8348
56.28,-28.21844,5,-0.5395523,-1.255595,-4.764115,-13.54153,-4.36981,-4.588931,-4.985249,8272
56.3,-34.87823,5,-0.9402608,-1.348916,-24.32137,-8.960284,-4.30233,-4.491357,-4.346581,8296
56.32,-40.10132,5,-1.38489,-1.478065,-25.1458,-5.129053,-4.30233,-4.473801,-3.947591,8300
56.34,-51.26428,5,-1.131671,-1.442365,19.5565,-4.002014,-4.30233,-4.392749,-1.714162,8292
56.36,-129.4742,5,-0.7772334,-1.363227,17.73971,-5.738358,-4.639729,-4.498005,-0.9087251,8276
56.38,-128.8492,5,-0.7381191,-1.407165,3.251155,-14.9756,-4.707209,-4.590541,-1.556975,8308
56.4,42.56027,5,-0.8263583,-1.492323,-7.038925,-20.40948,-3.762489,-4.080157,-0.5209305,8312
56.42,-4.079315,5,-1.13321,-1.583128,-19.39007,-5.674661,-3.627529,-3.795761,-0.1106824,8260
56.44,-47.16235,5,-1.630334,-1.62989,-26.9168,0.9476262,-3.695009,-3.750627,-0.09332437,8240
56.46,-72.37299,5,-1.844606,-1.679178,-2.748847,1.62617,-3.829969,-3.815091,0.4118688,8268
56.48,-122.1845,5,-0.9307578,-1.495433,46.77789,-3.660452,-4.03241,-3.824443,2.896536,8272
56.5,-108.5277,5,-0.5161266,-1.37952,17.63284,-13.58107,-3.897449,-3.71999,2.796664,8260
56.52,-135.9364,5,-0.641219,-1.503423,-9.344269,-18.4269,-3.96493,-3.767993,0.6966813,8260
56.54,-139.8313,5,-1.068874,-1.818885,-29.11526,-23.0494,-4.03241,-3.899367,-1.575954,8288
56.56,-118.7262,5,-1.686891,-2.272144,-37.02366,-24.47145,-4.03241,-4.020566,-3.25636,8268
56.58,114.3212,5,-2.551285,-2.666368,-42.8252,-19.9534,-2.81777,-3.404557,-1.774696,8300
56.6,62.67828,5,-3.326869,-2.8799,-33.57328,9.191645,-2.68281,-3.061967,0.5070723,8188
56.62,-50.10699,5,-3.038867,-2.601624,6.609934,22.11281,-3.02021,-2.989257,4.654902,8204
56.64,-178.3199,5,-2.535596,-2.267327,30.47254,17.32692,-3.695009,-3.281678,6.01305,8224
56.66,24.33308,5,-1.30825,-1.757129,62.45729,-2.518809,-2.61533,-2.631582,10.10238,8268
56.68,-150.1451,5,-0.506941,-1.417025,35.40384,1.911325,-3.02021,-2.54609,9.478371,8200
56.7,-165.7085,5,-0.415268,-1.282758,-1.558007,-13.18162,-3.02021,-2.57834,6.616258,8220
56.72,-159.6595,5,-0.7448701,-1.543546,-21.78702,-23.68959,-3.02021,-2.704191,2.782592,8220
56.74,-138.1779,5,-1.487204,-2.080443,-40.9626,-27.59604,-3.02021,-2.872041,-0.5960904,8208
56.76,-108.9968,5,-2.43739,-2.734283,-52.38245,-24.86739,-3.02021,-3.031465,-2.640311,8208
56.78,-97.8914,5,-3.587831,-3.422394,-57.9397,-16.32322,-3.155169,-3.251679,-3.628167,8208
56.8,-89.41693,5,-4.610001,-4.023096,-12.87099,-6.183618,-3.357609,-3.489774,-2.89612,8196
56.82,-129.1918,5,-3.864151,-4.061237,39.0985,-1.245976,-3.627529,-3.536897,2.308789,8220
56.84,18.07513,5,-3.441374,-3.824512,17.63284,-3.104092,-2.75029,-2.927943,6.536808,8264
56.86,-174.8156,5,-3.089338,-3.57774,10.77787,9.090466,-3.357609,-2.971708,7.356251,8196
56.88,-6.293152,5,-2.962906,-3.263515,8.289325,-2.432873,-2.412889,-2.430706,9.083534,8240
56.9,-148.3297,5,-2.440345,-3.01382,26.10612,5.038283,-2.75029,-2.354086,9.519825,8180
56.92,14.90643,5,-2.419631,-2.755764,-1.603809,-4.113682,-1.738089,-1.749695,10.33394,8192
56.94,-135.3506,5,-2.503464,-2.692869,4.884743,6.398634,-2.142969,-1.769228,8.9885,8152
56.96,-192.4146,5,-2.517981,-2.679786,-0.2297625,-1.957828,-2.48037,-2.003472,7.605789,8164
56.98,2.679443,5,-2.240843,-2.648934,21.31223,-13.83607,-1.46817,-1.484605,8.888042,8200
57,-132.5265,5,-2.238645,-2.712422,-2.077091,-2.190631,-1.805569,-1.468823,7.850754,8128
57.02,-176.4756,5,-2.676191,-2.863788,-29.1458,-6.838981,-2.075489,-1.691245,5.665202,8164
57.04,-189.2926,5,-3.051638,-3.201995,-22.27557,-13.21199,-2.345409,-1.999662,3.728898,8180
57.06,-24.96185,5,-2.328748,-3.21849,16.38093,-20.87987,-1.46817,-1.488679,6.957336,8164
57.08,-137.8934,5,-2.304558,-3.255581,-6.153429,-9.592769,-1.670609,-1.382396,6.246692,8116
57.1,-217.3448,5,-2.745084,-3.397704,-30.24504,-12.27538,-2.075489,-1.64971,3.739332,8136
57.12,3.436829,5,-3.426873,-3.663352,-31.06947,-19.4176,-1.06329,-1.249633,3.575992,8168
57.14,-148.6053,5,-2.655652,-3.609043,25.11376,-4.657084,-1.46817,-1.172441,6.138589,8128
57.16,-49.07288,5,-2.544293,-3.391223,-1.298465,-10.44392,-0.7933693,-0.7247787,7.223384,8124
57.18,-160.3908,5,-2.863352,-3.407751,-17.42061,-3.309591,-1.13077,-0.7991127,5.380653,8108
57.2,-214.0483,5,-2.736525,-3.418191,41.02216,-10.4316,-1.46817,-1.027316,4.664629,8092
57.22,-86.09418,5,-2.121655,-3.327341,25.96872,-22.41888,-0.7933693,-0.6593159,6.13577,8112
57.24,-254.123,5,-2.258047,-3.484037,-13.11526,-17.27916,-1.46817,-0.9482634,3.203595,8060
57.26,-247.869,5,-3.123352,-3.924927,-46.59619,-28.08204,-1.738089,-1.366701,-0.7096317,8104
57.28,-14.4137,5,-4.177728,-4.531184,-51.16108,-30.68989,-0.7933693,-1.088105,-1.1717,8124
57.3,59.07941,5,-4.564992,-4.79982,-20.76412,-7.312477,-0.1185694,-0.5094271,2.640126,8088
57.32,-133.4504,5,-4.810394,-4.732768,-9.222133,16.10291,-0.7933693,-0.599744,4.868023,8048
57.34,-9.0896,5,-4.387493,-4.301572,38.93056,10.97779,-0.1185694,-0.1399239,9.396967,8076
57.36,-37.12256,5,-3.473971,-3.724706,42.50308,17.18028,0.15135,0.3378077,13.16912,8052
57.38,24.16284,5,-3.004075,-3.092907,16.71681,17.12111,0.89363,1.00906,15.41214,8016
57.4,-7.308105,5,-2.68384,-2.54111,38.41147,22.28839,1.23103,1.485454,16.19241,7984
57.42,-194.007,5,-2.100339,-2.082994,36.22827,20.26486,0.5562305,1.298032,15.09857,7960
57.44,-114.7629,5,-1.236819,-1.696216,39.44964,-2.72471,0.9611101,1.481519,14.69999,7992
57.46,-34.93469,5,-0.8443494,-1.558153,14.38093,-11.05187,1.63591,1.924118,13.1787,7972
57.48,20.45618,5,-1.18506,-1.579793,-24.18397,-7.192717,2.31071,2.414902,11.1288,7948
57.5,79.04504,5,-1.944596,-1.656873,-29.43588,3.679993,2.985511,2.910766,9.890129,7916
57.52,-136.673,5,-1.3406,-1.446344,23.28169,14.38927,2.243231,2.766953,10.48065,7848
57.54,-13.63354,5,-0.7999872,-1.113245,31.98399,-1.935251,2.918031,3.132881,11.07239,7916
57.56,-193.4742,5,0.2348259,-0.8504722,43.2817,-4.083182,2.31071,2.993538,9.714211,7860
57.58,-72.20276,5,0.1554168,-0.8337108,-8.764117,-23.24781,2.918031,3.190705,6.378079,7904
57.6,-147.9779,5,-0.5983099,-1.277369,-41.35955,-21.3197,2.58063,2.915368,1.12614,7876
57.62,10.01636,5,-1.404795,-1.744296,-36.39771,-24.78468,3.25543,3.100354,-0.3955824,7876
57.64,150.2847,5,-1.627268,-1.916925,-11.43587,-10.04035,4.267631,3.81219,2.304784,7832
57.66,1.388916,5,-2.095208,-1.890846,-21.46641,15.27519,3.93023,3.913582,3.04616,7776
57.68,-135.8499,5,-1.630162,-1.578774,29.29697,15.1413,3.25543,3.637228,4.437379,7812
57.7,2.399414,5,-0.6597818,-1.136514,47.46491,-1.806733,3.93023,4.014747,6.974461,7828
57.72,57.69592,5,-0.08576776,-0.7686862,26.16719,-0.7508829,4.60503,4.601476,7.887266,7800
57.74,-84.03101,5,-0.3225916,-0.6176991,-16.61145,6.126793,4.20015,4.526574,5.170668,7768
57.76,53.95898,5,-0.7797812,-0.5902836,12.86948,-1.862789,4.87495,4.796048,4.109122,7788
57.78,-54.40417,5,0.1800639,-0.3542229,35.49544,3.421109,4.60503,4.868321,5.716528,7740
57.8,-123.4332,5,-0.1816054,-0.3761502,-16.58091,-2.990507,4.20015,4.56275,2.236517,7748
57.82,32.4679,5,-0.229607,-0.4706549,20.3962,-13.79415,4.87495,4.796859,1.876225,7764
57.84,8.546509,5,-0.3149713,-0.5886676,-11.13053,-4.906868,4.94243,4.929087,1.546863,7740
57.86,178.2805,5,-1.070329,-0.6523979,-46.19925,1.455427,5.95463,5.508594,2.190924,7728
57.88,41.38794,5,-1.09363,-0.5205237,24.07559,22.74328,5.61723,5.595182,3.833419,7584
57.9,27.41541,5,-0.7415806,-0.1387582,10.77787,21.81167,5.61723,5.691252,5.898684,7704
57.92,-59.31812,5,0.3177509,0.3341868,56.77789,16.10473,5.27983,5.637927,7.311728,7716
57.94,-119.0635,5,1.024602,0.6329265,29.06796,1.060211,4.94243,5.428483,5.681452,7712
57.96,-83.5647,5,0.8067061,0.4902304,-4.321367,-14.19251,4.94243,5.223756,1.645662,7748
57.98,116.3701,5,0.5300102,0.2443377,-22.39771,-19.40779,5.95463,5.674496,0.9484897,7736
58,-94.07471,5,-0.4109186,-0.2167841,-51.90917,0.1128435,5.009911,5.199359,-2.709189,7664
58.02,-31.71545,5,-1.095625,-0.5809672,-28.44351,-5.954548,4.94243,4.905812,-3.484107,7732
58.04,163.4877,5,-0.5376592,-0.5596262,23.28169,-5.150561,5.95463,5.513689,1.192588,7736
58.06,87.0249,5,-0.7945986,-0.4609576,-18.27557,15.95234,5.95463,5.779914,2.276911,7704
58.08,8.886841,5,-1.23193,-0.3165196,-12.27557,23.5409,5.61723,5.654919,2.334451,7696
58.1,-34.37927,5,-0.3113815,0.05947236,46.56415,17.49861,5.34731,5.564902,4.94609,7708
58.12,120.1003,5,0.4048714,0.4825473,33.40384,7.074827,6.22455,6.107327,7.18434,7732
58.14,45.80896,5,0.6524535,0.7748063,7.66337,14.93643,6.22455,6.327384,6.735825,7660
58.16,34.41638,5,0.5230481,0.9734374,-13.02366,13.07098,6.29203,6.399395,5.447323,7660
58.18,11.14014,5,0.7224537,1.105894,33.12903,9.985074,6.22455,6.378484,4.771077,7668
58.2,6.106079,5,1.085431,1.223001,9.953446,4.35812,6.22455,6.382471,4.300228,7660
58.22,38.21606,5,1.143141,1.244446,4.228254,-0.006977528,6.426991,6.475022,3.174504,7680
58.24,1.716309,5,1.0527,1.170299,-3.054191,0.579306,6.29203,6.396708,1.53364,7684
58.26,6.620728,5,1.125561,1.118111,-0.1228922,-2.990315,6.29203,6.356978,0.7261366,7708
58.28,7.957764,5,1.143476,1.037662,1.083215,-4.935419,6.29203,6.327165,-0.251014,7688
58.3,8.443237,5,1.119227,0.9479867,-2.504572,-6.026736,6.29203,6.300511,-1.151175,7692
58.32,-164.2032,5,1.071138,0.7392024,-3.161061,-6.93542,5.27983,5.66638,-3.996005,7680
58.34,81.22449,5,0.9841284,0.5535027,-6.47404,-24.32544,6.22455,5.934202,-3.921567,7752
58.36,63.8031,5,0.8487443,0.3507525,-4.382436,-10.54812,6.35951,6.129378,-3.924352,7684
58.38,-156.1694,5,0.4829644,0.1618323,-30.22977,-2.430862,5.21235,5.501976,-6.286989,7688
58.4,119.8823,5,-0.2528298,-0.08242638,-4.428237,-16.38549,6.22455,5.749306,-6.249051,7708
58.42,67.45593,5,0.8207684,0.09017584,40.57941,-1.326778,6.29203,6.089016,-1.750518,7664
58.44,18.07617,5,0.5924678,0.292073,-11.20687,4.057539,6.22455,6.165263,-2.196399,7656
58.46,40.78076,5,-0.04030896,0.2931701,-33.87862,4.817333,6.29203,6.138589,-3.405596,7688
58.48,-33.93933,5,0.9256668,0.5592648,33.20536,4.24501,5.95463,6.062267,-0.925933,7676
58.5,-13.15662,5,0.7559625,0.6152808,-5.832818,-3.08529,5.95463,5.975157,-2.440125,7668
58.52,0.9068604,5,0.7223678,0.5561411,-2.458771,-5.702642,5.95463,5.915532,-3.080258,7700
58.54,15.91296,5,0.3973575,0.4050556,-15.61908,-4.9067,5.95463,5.849369,-3.893719,7692
58.56,12.23914,5,0.3588903,0.3192416,-0.8099151,-2.75358,5.887151,5.795255,-3.505328,7700
58.58,32.45923,5,0.291354,0.2873228,-3.374801,-1.43723,5.95463,5.820933,-2.983963,7680
58.6,17.03369,5,0.3380127,0.3108752,2.701536,1.303662,5.887151,5.811749,-2.394413,7700
58.62,19.20679,5,0.3822893,0.3690796,4.945812,1.421055,5.887151,5.819074,-1.94385,7704
58.64,30.39185,5,0.4579159,0.4414988,3.11375,1.502239,5.95463,5.872227,-1.461332,7680
58.66,23.50134,5,0.5386495,0.5210422,3.907644,2.422669,5.95463,5.902894,-1.161419,7684
58.68,8.997925,5,0.5830601,0.5845324,2.396193,2.16834,5.887151,5.874865,-1.229511,7696
58.7,23.95386,5,0.6780034,0.6457481,2.441994,0.2487663,5.95463,5.907127,-1.078345,7708
58.72,20.65283,5,0.6866739,0.6711634,0.8847416,0.4663202,5.95463,5.914009,-1.272972,7700
58.74,20.34534,5,0.6855227,0.6876607,0.4267263,0.2829962,5.95463,5.911694,-1.409122,7700
58.76,8.865356,5,0.7147748,0.69606,0.4419934,0.009754248,5.887151,5.870116,-1.592842,7704
58.78,26.06311,5,0.7293558,0.7016737,0.5488637,-1.350574,5.95463,5.890109,-1.630494,7696
58.8,24.04846,5,0.702468,0.6919944,-0.3366328,-0.4198863,5.95463,5.893086,-1.779141,7704
58.82,34.94104,5,0.7109285,0.7084405,0.6710012,-0.01058616,6.02211,5.936324,-1.612168,7708
58.84,18.08484,5,0.7082546,0.724721,0.2129859,1.34625,5.95463,5.913638,-1.703039,7712
58.86,21.59521,5,0.7251093,0.7474488,0.5488637,0.4889364,5.95463,5.903571,-1.707378,7712
58.88,23.4176,5,0.7421725,0.7586479,0.9916119,0.2259145,5.95463,5.898295,-1.748605,7700
58.9,25.13,5,0.7242195,0.7597287,-0.2602969,0.3019495,5.95463,5.89181,-1.834628,7704
58.92,26.39624,5,0.7256771,0.7647642,-0.2602969,0.5252254,5.95463,5.889056,-1.812439,7684
58.94,27.27795,5,0.7269857,0.7740164,-0.03128911,0.8015438,5.95463,5.888078,-1.779059,7704
58.96,28.16418,5,0.7236049,0.7851578,-0.183961,1.090459,5.95463,5.887043,-1.749644,7704
58.98,28.7771,5,0.7351549,0.8019179,0.3351234,1.338067,5.95463,5.887942,-1.67581,7704
59,28.66028,5,0.7695627,0.8276202,1.724437,1.453319,5.95463,5.891989,-1.571148,7692
59.02,17.13208,5,0.7845747,0.8429078,0.2129859,1.447489,5.887151,5.852707,-1.701312,7692
59.04,34.29785,5,0.8058493,0.85924,0.1977187,0.2391906,5.95463,5.87571,-1.630032,7696
59.06,31.91302,5,0.796909,0.8640344,-0.01602192,1.208975,5.95463,5.88287,-1.672968,7688
59.08,31.42047,5,0.7949679,0.8794742,0.1977187,1.618992,5.95463,5.885551,-1.638121,7704
59.1,20.11926,5,0.800996,0.8898339,0.1519171,1.800143,5.887151,5.845888,-1.740726,7700
59.12,37.48364,5,0.8158265,0.9043812,0.7473372,0.7606906,5.95463,5.869186,-1.634599,7700
59.14,45.9248,5,0.8374974,0.9272427,0.2435202,1.784273,6.02211,5.922061,-1.427672,7692
59.16,16.46814,5,0.83227,0.94572,0.6404669,3.283092,5.887151,5.862785,-1.617794,7700
59.18,35.01129,5,0.9184687,0.9898462,4.838942,1.039162,5.95463,5.88519,-1.39553,7704
59.2,30.12915,5,1.030791,1.031495,3.159552,1.053067,5.95463,5.903426,-1.33378,7688
59.22,29.16278,5,0.9930503,1.042782,1.22062,0.6966363,5.95463,5.898208,-1.701885,7712
59.24,29.88513,5,0.9991583,1.045922,-0.5656406,0.344023,5.95463,5.891631,-1.864076,7704
59.26,29.48584,5,1.051751,1.058212,1.235887,0.006734477,5.95463,5.892281,-1.896702,7716
59.28,29.85925,5,1.03641,1.056418,0.8084057,-0.2043213,5.95463,5.885989,-2.132783,7700
59.3,30.83026,5,1.027815,1.050466,-0.1381594,-0.276213,5.95463,5.879288,-2.282044,7704
59.32,31.51013,5,1.033538,1.048563,0.4572606,-0.2437005,5.95463,5.875666,-2.352527,7696
59.34,32.17841,5,1.028198,1.047487,0.3961921,-0.1336211,5.95463,5.872055,-2.434383,7688
59.36,44.66443,5,1.01679,1.054532,-0.183961,0.07316427,6.02211,5.908686,-2.3622,7696
59.38,16.64935,5,1.026648,1.058947,-0.04655629,1.389413,5.887151,5.844967,-2.54482,7692
59.4,26.18018,5,1.017775,1.05842,0.2740546,-0.5338714,5.887151,5.813562,-2.67988,7596
59.42,41.98853,5,1.032946,1.052306,-0.03128911,-0.8616155,5.95463,5.841131,-2.591931,7716
59.44,38.31647,5,1.029335,1.055605,0.1671843,0.5324506,5.95463,5.854104,-2.539273,7728
59.46,37.2959,5,1.015393,1.071676,-0.2144953,1.132894,5.95463,5.858594,-2.500807,7704
59.48,37.09521,5,1.03296,1.095942,1.342757,1.372975,5.95463,5.862282,-2.410036,7696
59.5,35.55029,5,1.114383,1.138383,3.81604,1.241464,5.95463,5.872623,-2.227362,7696
59.52,23.13525,5,1.13641,1.160798,1.159551,0.9032661,5.887151,5.834021,-2.451391,7708
59.54,39.55725,5,1.179916,1.181598,1.938177,-0.6915125,5.95463,5.857548,-2.438529,7740
59.56,36.82593,5,1.172648,1.182663,0.01451245,-0.06059814,5.95463,5.862498,-2.605735,7712
59.58,36.34509,5,1.165883,1.18846,0.06031401,0.1038163,5.95463,5.861737,-2.689824,7708
59.6,35.81964,5,1.201391,1.204494,1.800773,0.04586976,5.95463,5.864033,-2.676657,7708
59.62,35.98352,5,1.198888,1.213112,0.02977964,-0.03458785,5.95463,5.861404,-2.79597,7700
59.64,24.83099,5,1.209417,1.213182,0.304589,-0.1293681,5.887151,5.81843,-2.993,7712
59.66,42.66345,5,1.201739,1.21041,0.1061156,-1.263102,5.95463,5.836509,-3.023635,7724
59.68,40.29224,5,1.198077,1.205958,-0.03128911,-0.1965979,5.95463,5.843706,-3.041118,7692
59.7,27.90961,5,1.196319,1.208722,0.3351234,0.2511411,5.887151,5.806528,-3.148906,7704
59.72,43.72443,5,1.247057,1.230795,2.365658,-0.8453488,5.95463,5.8359,-2.9759,7696
59.74,39.56976,5,1.273077,1.248777,0.8236728,-0.05825658,5.95463,5.849371,-2.988504,7696
59.76,37.85181,5,1.286116,1.271756,0.5793981,-0.0006476194,5.95463,5.853793,-3.036142,7652
59.78,37.36957,5,1.305843,1.291643,2.380925,-0.1999907,5.95463,5.854266,-3.100956,7724
59.8,37.62555,5,1.314262,1.303837,0.8236728,-0.4059345,5.95463,5.851641,-3.201385,7720
59.82,38.26056,5,1.318265,1.310551,0.1519171,-0.5268505,5.95463,5.847971,-3.291607,7716
59.84,39.16644,5,1.313653,1.313056,0.07558119,-0.5240694,5.95463,5.843655,-3.374316,7704
59.86,17.00256,5,1.309298,1.299263,0.1671843,-0.4631882,5.819671,5.758779,-3.695956,7728
59.88,52.0163,5,1.301497,1.290321,0.2435202,-2.578612,5.95463,5.800159,-3.601883,7728
59.9,46.23907,5,1.300264,1.281931,0.1519171,-0.4339585,5.95463,5.819899,-3.53691,7720
59.92,32.53522,5,1.281293,1.289956,-1.038923,0.4395867,5.887151,5.787679,-3.59989,7724
59.94,47.13,5,1.364843,1.329703,2.823674,-0.6190133,5.95463,5.82411,-3.293175,7716
59.96,42.31757,5,1.395858,1.359767,2.121383,0.05399901,5.95463,5.839941,-3.311958,7696
59.98,28.83234,5,1.415409,1.382075,-1.16106,-0.07677822,5.887151,5.804188,-3.506909,7716
60,45.40649,5,1.436174,1.398514,0.07558119,-1.565973,5.95463,5.826201,-3.536256,7716
60.02,44.16162,5,1.377414,1.384549,-0.9931214,-0.6746842,5.95463,5.824861,-3.768665,7716
60.04,44.89307,5,1.354798,1.382271,-1.54274,-0.132393,5.95463,5.822653,-3.750827,7712
60.06,45.19507,5,1.37169,1.395371,-0.09235785,0.2475135,5.95463,5.825355,-3.630849,7696
60.08,46.50769,5,1.334654,1.400614,-0.3060985,0.6604544,5.95463,5.821681,-3.664701,7708
60.1,36.42664,5,1.326069,1.402669,-0.6725109,1.077036,5.887151,5.779655,-3.703205,7684
60.12,42.85944,5,1.331202,1.406382,-0.2450293,0.3258012,5.887151,5.762872,-3.640189,7684
60.14,57.32147,5,1.33491,1.414418,-0.2602969,0.4998966,5.95463,5.797767,-3.43319,7708
60.16,53.14716,5,1.337772,1.43529,-0.2450293,2.071023,5.95463,5.815747,-3.25519,7676
60.18,50.61432,5,1.384313,1.481901,2.045048,2.535923,5.95463,5.830312,-3.015086,7676
60.2,36.18213,5,1.481083,1.535999,3.419094,2.241222,5.887151,5.805089,-2.947843,7688
60.22,51.24115,5,1.535752,1.578756,2.594666,0.4351797,5.95463,5.833467,-2.950082,7716
60.24,36.43146,5,1.541345,1.585057,-1.16106,0.7209247,5.887151,5.798774,-3.282279,7704
60.26,40.39984,5,1.576941,1.591877,0.6251997,-0.7052407,5.887151,5.783281,-3.419041,7692
60.28,54.9173,5,1.54157,1.577331,-0.1381594,-1.100586,5.95463,5.807898,-3.592651,7708
60.3,39.7149,5,1.534631,1.563763,-0.8709843,0.1015545,5.887151,5.777253,-3.753024,7700
60.32,55.02911,5,1.54646,1.572544,0.304589,-0.6530351,5.95463,5.805558,-3.658395,7712
60.34,15.72083,5,1.584806,1.566136,1.510696,0.1908246,5.752191,5.699755,-4.014759,7692
60.36,64.48834,5,1.602292,1.573965,1.205353,-3.20126,5.95463,5.772914,-3.872486,7704
60.38,55.40442,5,1.557396,1.555285,-2.962588,-0.3658437,5.95463,5.797677,-4.010535,7692
60.4,38.61975,5,1.617977,1.58524,3.174819,0.3572465,5.887151,5.777915,-3.902237,7700
60.42,52.8797,5,1.650192,1.618804,3.464895,-0.9407358,5.95463,5.808968,-3.877274,7692
60.44,36.29303,5,1.705952,1.639722,1.754971,-0.570762,5.887151,5.783676,-4.039902,7684
60.46,52.32361,5,1.678854,1.64579,0.9305434,-1.88343,5.95463,5.803244,-4.225854,7696
60.48,38.66022,5,1.656432,1.629282,-0.8099151,-1.080081,5.887151,5.765449,-4.503769,7696
60.5,54.23193,5,1.694512,1.639118,1.098482,-2.031441,5.95463,5.793787,-4.364998,7704
60.52,62.34686,5,1.68257,1.648427,0.2282531,-1.020849,6.02211,5.843478,-4.319619,7704
60.54,44.20233,5,1.684028,1.667089,0.6710012,0.4361429,5.95463,5.824421,-4.388062,7688
60.56,46.5097,5,1.726474,1.698308,3.281689,-0.5733085,5.95463,5.818675,-4.361131,7696
60.58,46.63068,5,1.786408,1.722789,2.182452,-1.205705,5.95463,5.818844,-4.3906,7684
60.6,47.51556,5,1.767961,1.724316,0.4419934,-1.54696,5.95463,5.811093,-4.628929,7684
60.62,37.06519,5,1.767699,1.713579,-0.1686933,-1.705797,5.887151,5.76434,-4.875468,7696
60.64,54.16821,5,1.796809,1.713543,0.5335966,-2.937086,5.95463,5.786259,-4.827983,7708
60.66,51.35315,5,1.783233,1.705407,0.4267263,-1.977238,5.95463,5.792678,-4.93763,7684
60.68,38.87604,5,1.778929,1.70276,0.4114593,-1.638101,5.887151,5.754081,-5.097595,7692
60.7,55.77716,5,1.78327,1.706641,0.2282531,-2.66014,5.95463,5.776629,-5.057003,7696
60.72,52.79156,5,1.785379,1.708692,0.1671843,-1.633514,5.95463,5.786174,-5.061192,7688
60.74,63.14105,5,1.790964,1.732238,0.5793981,-1.248743,6.02211,5.831487,-4.893121,7688
60.76,34.71161,5,1.784563,1.743237,0.2435202,0.02482009,5.887151,5.768162,-5.121171,7688
60.78,44.04816,5,1.789504,1.749848,0.6862684,-2.01459,5.887151,5.738286,-5.211802,7712
60.8,48.12811,5,1.808978,1.739603,0.09084838,-2.478295,5.887151,5.725855,-5.262007,7708
60.82,61.88647,5,1.786818,1.732584,0.2893218,-2.269536,5.95463,5.758505,-5.200361,7708
60.84,58.09326,5,1.762226,1.735581,-0.5656406,-0.6569331,5.95463,5.771911,-5.131439,7696
60.86,56.75598,5,1.764868,1.759427,-0.1534266,0.02064096,5.95463,5.780029,-4.983204,7692
60.88,56.39575,5,1.779436,1.788766,0.4572606,0.2908432,5.95463,5.785103,-4.869298,7688
60.9,45.7854,5,1.762569,1.800025,0.4114593,0.4725811,5.887151,5.743117,-4.995326,7692
60.92,63.33423,5,1.791108,1.819986,1.342757,-0.5414438,5.95463,5.768277,-4.787223,7684
60.94,60.50421,5,1.800353,1.83566,0.04504682,0.5356491,5.95463,5.780342,-4.701708,7684
60.96,48.5993,5,1.780529,1.84652,0.5183294,1.008508,5.887151,5.742434,-4.800258,7692
60.98,64.19922,5,1.86212,1.883675,3.968712,-0.1248237,5.95463,5.77619,-4.480734,7700
61,60.1214,5,1.879758,1.908448,1.190086,0.6465293,5.95463,5.790051,-4.491467,7688
61.02,59.31445,5,1.866188,1.928619,0.6099325,0.7934763,5.95463,5.791371,-4.555648,7704
61.04,68.46088,5,1.985747,1.984679,5.327491,0.4333871,6.02211,5.84551,-4.188137,7696
61.06,108.1022,5,1.996747,2.055885,0.8389403,1.183976,6.29203,6.026423,-3.771332,7684
61.08,83.2901,5,2.051605,2.154544,2.457261,5.494689,6.29203,6.108339,-3.498849,7652
61.1,16.67474,5,2.052444,2.218305,2.579399,5.710763,5.95463,5.931743,-4.219748,7700
61.12,33.10339,5,2.446776,2.322341,20.31986,-2.197254,5.95463,5.890014,-3.94779,7704
61.14,37.04169,5,2.54978,2.314218,2.90001,-6.113102,5.95463,5.859478,-4.876863,7708
61.16,100.7463,5,2.389038,2.247168,-10.53511,-7.647077,6.29203,6.011379,-5.464309,7684
61.18,69.03064,5,2.237818,2.177377,-6.153429,-1.759302,6.22455,6.01922,-5.940516,7688
61.2,80.53656,5,2.130708,2.169871,-5.619077,-0.6923404,6.29203,6.05529,-5.877885,7672
61.22,-117.2745,5,2.45654,2.152899,13.5107,-0.3311305,5.21235,5.466139,-7.1855,7672
61.24,-12.69843,5,2.421057,2.007328,-2.718313,-19.88365,5.34731,5.260703,-8.695666,7716
61.26,55.37823,5,2.46745,1.764552,4.518331,-22.30061,5.61723,5.33323,-9.106498,7716
61.28,58.28748,5,2.088246,1.525914,-34.1229,-15.74894,5.684711,5.373158,-9.866589,7720
61.3,105.1992,5,1.152363,1.235247,-43.29848,-7.897368,5.887151,5.420103,-10.73167,7684
61.32,24.06952,5,1.707634,1.322077,14.67101,0.02978086,5.54975,5.366567,-7.92873,7700
61.34,47.63531,5,1.68534,1.43357,1.235887,-2.805226,5.61723,5.388204,-7.510915,7700
61.36,52.92401,5,1.978883,1.575206,30.73208,-3.246078,5.684711,5.471953,-6.529952,7724
61.38,29.68646,5,2.120574,1.692779,1.617566,-3.501497,5.61723,5.474129,-6.525296,7708
61.4,20.04407,5,2.128167,1.738585,4.274056,-6.063674,5.54975,5.418092,-7.109218,7708
61.42,99.32092,5,2.06986,1.755561,-2.550374,-8.377325,5.95463,5.617668,-6.85901,7732
61.44,71.08209,5,2.099202,1.79977,0.1519171,-2.005566,5.95463,5.710792,-6.505886,7692
61.46,60.93341,5,2.040451,1.878321,-4.229764,-0.4516732,5.95463,5.742857,-6.435144,7696
61.48,57.46265,5,2.10386,1.961063,12.5794,-0.6551137,5.95463,5.759449,-6.225871,7716
61.5,53.63049,5,2.261613,2.052482,7.571767,-1.665264,5.95463,5.779257,-5.97159,7680
61.52,50.59729,5,2.351684,2.11722,3.953445,-3.020486,5.95463,5.786992,-6.117661,7700
61.54,39.26727,5,2.340057,2.12425,0.8236728,-4.207208,5.887151,5.735548,-6.693748,7728
61.56,57.26099,5,2.35831,2.116091,1.037414,-6.171884,5.95463,5.748133,-6.881546,7708
61.58,54.69,5,2.36338,2.097337,1.525963,-5.673297,5.95463,5.750686,-7.087151,7700
61.6,43.14874,5,2.315458,2.068456,-1.222129,-5.470757,5.887151,5.703208,-7.474432,7696
61.62,37.27112,5,2.320471,2.038272,0.3961921,-6.544966,5.819671,5.641671,-7.739762,7700
61.64,69.08173,5,2.280596,2.005338,-1.481671,-7.66161,5.95463,5.690028,-7.74406,7692
61.66,50.83789,5,2.247382,1.975895,-0.9931214,-5.101787,5.887151,5.670305,-7.838455,7696
61.68,64.35547,5,2.262727,1.992571,1.358024,-5.279503,5.95463,5.707751,-7.576404,7696
61.7,59.15289,5,2.288555,2.018554,1.373291,-4.116523,5.95463,5.727444,-7.460029,7688
61.72,45.21021,5,2.308714,2.045452,1.174818,-3.964228,5.887151,5.69593,-7.54753,7688
61.74,51.27167,5,2.275736,2.046112,-0.519839,-5.153995,5.887151,5.673533,-7.748758,7700
61.76,66.46545,5,2.267583,2.041767,-0.519839,-5.269294,5.95463,5.702545,-7.652429,7696
61.78,63.19159,5,2.24724,2.044394,0.3961921,-3.73919,5.95463,5.715062,-7.564651,7684
61.8,50.7005,5,2.23891,2.056343,0.4572606,-3.051501,5.887151,5.6811,-7.563929,7700
61.82,68.43597,5,2.216597,2.068256,-0.1228922,-3.749381,5.95463,5.704024,-7.430736,7704
61.84,66.52325,5,2.20293,2.077791,-0.1534266,-2.365431,5.95463,5.714396,-7.286092,7688
61.86,77.72827,5,2.199368,2.111015,0.4114593,-1.599663,6.02211,5.761969,-6.944902,7684
61.88,72.68195,5,2.201363,2.153876,0.4572606,0.03947145,6.02211,5.784827,-6.693564,7680
61.9,59.59863,5,2.212124,2.197588,2.014513,0.5611249,5.95463,5.755706,-6.607572,7692
61.92,65.10571,5,2.229963,2.230595,1.098482,-0.4631488,5.95463,5.743117,-6.514324,7688
61.94,67.36487,5,2.268545,2.254508,1.907643,-0.703473,5.95463,5.741121,-6.387072,7684
61.96,80.32727,5,2.26637,2.27712,0.6251997,-0.5939312,6.02211,5.779572,-6.222141,7676
61.98,64.31647,5,2.273059,2.298079,0.1213828,0.7453514,5.95463,5.757081,-6.205584,7700
62,67.03149,5,2.332072,2.3362,2.762605,-0.1794563,5.95463,5.75371,-6.048249,7680
62.02,67.77271,5,2.368392,2.360564,1.525963,-0.6325646,5.95463,5.752803,-6.064098,7696
62.04,68.61774,5,2.367795,2.370673,0.2740546,-0.8509721,5.95463,5.748611,-6.164159,7692
62.06,69.68939,5,2.364293,2.374506,-0.03128911,-0.8946016,5.95463,5.744244,-6.226222,7684
62.08,82.17896,5,2.363714,2.385896,-0.06182348,-0.7845861,6.02211,5.782014,-6.109389,7692
62.1,54.45703,5,2.359339,2.387687,0.02977964,0.5164084,5.887151,5.716875,-6.316893,7688
62.12,74.94745,5,2.380896,2.401846,1.846574,-1.465439,5.95463,5.730081,-6.218424,7700
62.14,72.08496,5,2.442034,2.416266,1.907643,-0.9083657,5.95463,5.742187,-6.127442,7688
62.16,71.4295,5,2.414362,2.423379,1.296956,-0.7348309,5.95463,5.74138,-6.268005,7680
62.18,71.46686,5,2.430656,2.435029,0.3809245,-0.7388762,5.95463,5.741436,-6.265236,7708
62.2,71.02921,5,2.464502,2.452336,1.403826,-0.8496561,5.95463,5.743865,-6.246825,7684
62.22,70.91748,5,2.473537,2.464199,0.5335966,-0.9953644,5.95463,5.742964,-6.326758,7688
62.24,71.56964,5,2.465776,2.467858,0.1977187,-1.074317,5.95463,5.738794,-6.432003,7680
62.26,60.97458,5,2.459019,2.460496,0.2435202,-1.060307,5.887151,5.694016,-6.630244,7704
62.28,78.85056,5,2.455823,2.456428,0.2435202,-2.080971,5.95463,5.713547,-6.589736,7688
62.3,76.45496,5,2.445826,2.451095,-0.06182348,-0.9138284,5.95463,5.721587,-6.579438,7696
62.32,75.51483,5,2.445655,2.463163,0.4572606,-0.382026,5.95463,5.726496,-6.503521,7696
62.34,75.64511,5,2.439167,2.476967,-0.3060985,-0.09913307,5.95463,5.727532,-6.477438,7708
62.36,76.38791,5,2.433815,2.489777,0.07558119,0.1246575,5.95463,5.726903,-6.442357,7684
62.38,65.91815,5,2.424773,2.492831,0.1061156,0.3591024,5.887151,5.684828,-6.537689,7704
62.4,84.40347,5,2.405396,2.495021,-0.09235785,-0.4447654,5.95463,5.70455,-6.433282,7700
62.42,70.67221,5,2.40607,2.493247,0.02977964,0.8695443,5.887151,5.675056,-6.420301,7684
62.44,98.59451,5,2.399982,2.516554,0.1061156,0.4287699,6.02211,5.744365,-6.07357,7700
62.46,67.20004,5,2.391481,2.529418,-0.1686933,2.941471,5.887151,5.694546,-6.135845,7688
62.48,63.7919,5,2.384909,2.54197,0.7320697,1.437036,5.819671,5.631454,-6.215763,7696
62.5,92.3255,5,2.555031,2.59189,7.113751,-0.4165106,5.95463,5.705782,-5.622751,7688
62.52,97.07684,5,2.45537,2.598669,-2.306099,1.604791,6.02211,5.761474,-5.803512,7680
62.54,77.25305,5,2.499029,2.639537,0.3198562,3.247884,5.95463,5.752133,-5.63951,7684
62.56,77.89493,5,2.579567,2.696688,5.190087,2.064359,5.95463,5.754601,-5.516413,7684
62.58,77.45499,5,2.638403,2.733166,2.243521,1.153217,5.95463,5.755335,-5.609687,7684
62.6,78.30908,5,2.626725,2.739556,-0.3519,0.5484116,5.95463,5.746805,-5.878315,7700
62.62,80.19656,5,2.600856,2.728797,-1.16106,0.324068,5.95463,5.73596,-6.081249,7704
62.64,70.04108,5,2.597221,2.71202,-0.4129688,0.35502,5.887151,5.68954,-6.27707,7672
62.66,87.93909,5,2.590303,2.701362,-0.1381594,-0.5987065,5.95463,5.708536,-6.25208,7716
62.68,85.28525,5,2.585028,2.693955,-0.1534266,0.5978404,5.95463,5.717356,-6.236143,7712
62.7,84.15952,5,2.583199,2.704248,-0.0007547362,1.127743,5.95463,5.72227,-6.181399,7680
62.72,83.52182,5,2.603024,2.723795,0.3961921,1.300598,5.95463,5.726458,-6.117043,7708
62.74,95.52094,5,2.591323,2.743749,0.02977964,1.419629,6.02211,5.765545,-6.024455,7684
62.76,79.30142,5,2.593632,2.760701,-0.07709067,2.680915,5.95463,5.741938,-6.064986,7688
62.78,83.64984,5,2.585296,2.776211,0.09084838,1.910766,5.95463,5.729067,-6.083403,7692
62.8,97.21558,5,2.609315,2.79494,0.9152762,1.792249,6.02211,5.7661,-5.887944,7700
62.82,80.98807,5,2.622141,2.811929,0.2282531,3.019328,5.95463,5.743312,-5.913216,7680
62.84,85.34418,5,2.606751,2.82486,0.06031401,2.249163,5.95463,5.729617,-5.965621,7696
62.86,97.77252,5,2.676799,2.854515,4.30459,1.974726,6.02211,5.772171,-5.679656,7688
62.88,81.72662,5,2.653757,2.864775,-0.6267089,3.104197,5.95463,5.745016,-5.873215,7692
62.9,85.27927,5,2.68552,2.885052,0.5641309,2.127045,5.95463,5.735261,-5.840465,7700
62.92,85.73529,5,2.747211,2.904798,4.533598,1.635916,5.95463,5.735817,-5.809594,7692
62.94,74.34311,5,2.752777,2.904347,-1.405335,1.315079,5.887151,5.691959,-6.092256,7700
62.96,90.81161,5,2.796084,2.911272,0.7473372,-0.167143,5.95463,5.715135,-6.066604,7696
62.98,76.65332,5,2.76659,2.89066,0.07558119,0.5904588,5.887151,5.677693,-6.414901,7704
63,93.16125,5,2.755038,2.88272,-1.130526,-0.274626,5.95463,5.699378,-6.415453,7704
63.02,77.74408,5,2.780917,2.877434,0.09084838,0.7080318,5.887151,5.671782,-6.506956,7708
63.04,93.16556,5,2.774406,2.882695,0.2435202,-0.1518276,5.95463,5.697856,-6.497465,7712
63.06,89.69681,5,2.773843,2.885637,0.01451245,0.8403562,5.95463,5.708084,-6.52252,7684
63.08,100.0976,5,2.771559,2.906467,-0.04655629,1.179519,6.02211,5.752289,-6.387004,7712
63.1,71.28204,5,2.782321,2.919716,0.1519171,2.369246,5.887151,5.690804,-6.579871,7696
63.12,92.26233,5,2.771402,2.92945,0.2893218,0.313412,5.95463,5.699713,-6.599658,7692
63.14,103.3883,5,2.758005,2.92814,-0.3213652,1.149813,6.02211,5.74153,-6.501729,7704
63.16,74.13394,5,2.783858,2.939503,0.1213828,2.689633,5.887151,5.684299,-6.559962,7672
63.18,82.10699,5,2.807914,2.954403,1.342757,0.6769202,5.887151,5.660091,-6.602663,7692
63.2,85.84424,5,2.812427,2.944095,-0.6725109,0.1428325,5.887151,5.646939,-6.72678,7680
63.22,99.09097,5,2.811889,2.941499,-0.01602192,0.1964111,5.95463,5.6816,-6.633423,7680
63.24,83.41718,5,2.786854,2.936133,-0.0007547362,1.629798,5.887151,5.654061,-6.755834,7680
63.26,98.01425,5,2.826891,2.961281,1.495429,0.8868719,5.95463,5.688197,-6.515279,7700
63.28,93.37659,5,2.852851,2.985356,0.2435202,1.785259,5.95463,5.704699,-6.464917,7688
63.3,103.1721,5,2.860525,3.019987,0.8694746,1.911903,6.02211,5.750828,-6.341962,7676
63.32,85.86789,5,2.874473,3.047194,1.403826,2.915181,5.95463,5.729366,-6.432342,7688
63.34,87.85489,5,2.949354,3.086887,3.281689,1.581234,5.95463,5.7255,-6.369741,7676
63.36,88.83105,5,2.965579,3.099314,0.2435202,0.8492579,5.95463,5.719145,-6.564029,7684
63.38,89.3371,5,2.986261,3.103254,0.7168028,0.3950636,5.95463,5.714502,-6.695466,7680
63.4,90.09857,5,2.977983,3.097278,0.3198562,0.1740266,5.95463,5.707997,-6.872824,7684
63.42,90.98911,5,2.969114,3.088636,0.06031401,0.1349611,5.95463,5.702192,-6.995542,7668
63.44,80.06061,5,2.967757,3.075345,0.2282531,0.1789693,5.887151,5.658094,-7.197669,7680
63.46,85.92944,5,2.96696,3.059945,0.2435202,-0.8908571,5.887151,5.63753,-7.321038,7680
63.48,99.86154,5,2.971535,3.049525,-0.0007547362,-0.9938032,5.95463,5.669462,-7.259283,7684
63.5,95.21173,5,2.970272,3.051658,0.01451245,0.3483475,5.95463,5.684431,-7.22717,7680
63.52,93.12021,5,2.978209,3.070754,0.6557342,0.7389852,5.95463,5.691894,-7.186516,7684
63.54,91.30389,5,3.033998,3.102588,2.441994,0.5994709,5.95463,5.700065,-7.103644,7668
63.56,91.57632,5,3.007612,3.112161,-0.04655629,0.4158908,5.95463,5.695507,-7.294798,7692
63.58,92.39468,5,3.014821,3.118554,-0.07709067,0.3007414,5.95463,5.69214,-7.332282,7684
63.6,93.19989,5,3.013482,3.121992,0.1061156,0.3147658,5.95463,5.689155,-7.374752,7704
63.62,94.03723,5,3.007521,3.1242,0.1213828,0.4285556,5.95463,5.686346,-7.403412,7696
63.64,83.34717,5,3.000389,3.118969,-0.1381594,0.5906557,5.887151,5.643386,-7.54675,7676
63.66,101.2206,5,2.993601,3.117532,-0.107625,-0.3286456,5.95463,5.66397,-7.469563,7672
63.68,87.01624,5,2.994488,3.110622,-0.2450293,0.8440835,5.887151,5.633821,-7.532113,7676
63.7,103.1279,5,2.98712,3.119297,0.2740546,0.238428,5.95463,5.661062,-7.396227,7684
63.72,99.98346,5,2.983581,3.128619,-0.5351062,1.48149,5.95463,5.673456,-7.312101,7660
63.74,110.118,5,2.998356,3.162801,0.2282531,1.964347,6.02211,5.722327,-7.036421,7676
63.76,81.76291,5,2.986442,3.180632,-0.2144953,3.301739,5.887151,5.660276,-7.218315,7672
63.78,103.1015,5,2.980404,3.197896,0.1671843,1.376414,5.95463,5.670831,-7.131899,7676
63.8,102.0903,5,2.997741,3.204643,0.5183294,2.208362,5.95463,5.677638,-7.031111,7672
63.82,102.1031,5,2.983917,3.21743,0.4877952,2.707399,5.95463,5.679978,-6.963736,7684
63.84,102.1792,5,3.001413,3.239097,0.9000088,2.985308,5.95463,5.683899,-6.828336,7680
63.86,102.0154,5,3.025718,3.264995,1.32749,3.100527,5.95463,5.688167,-6.721591,7700
63.88,113.9282,5,3.028156,3.29277,0.4419934,3.183006,6.02211,5.729296,-6.565619,7684
63.9,97.45522,5,3.038803,3.316483,0.2587874,4.384049,5.95463,5.707333,-6.581113,7676
63.92,101.7391,5,3.030686,3.335267,0.2129859,3.548206,5.95463,5.694627,-6.605488,7692
63.94,103.6472,5,3.060693,3.348788,1.525963,3.33443,5.95463,5.691531,-6.538465,7672
63.96,104.7224,5,3.06038,3.356962,0.4114593,3.392011,5.95463,5.689177,-6.542402,7668
63.98,116.8879,5,3.070208,3.375656,0.3656577,3.535088,6.02211,5.72964,-6.363501,7672
64,100.2544,5,3.078981,3.393923,0.3656577,4.806615,5.95463,5.7078,-6.392264,7688
64.02,150.2081,-5,3.0778,3.411815,0.7778715,3.976471,5.95463,5.696232,-6.413352,7676
64.04,164.8781,-5,3.190364,3.504925,5.800774,8.169932,6.02211,5.745178,-5.931037,7680
64.06,142.9223,-5,3.124074,3.615165,1.632834,12.65014,5.887151,5.671043,-6.177874,7688
64.08,162.5751,-5,3.512542,3.865011,19.89238,12.16725,5.95463,5.720626,-5.065413,7696
64.1,157.2606,-5,3.831653,4.133025,16.42673,12.81322,5.95463,5.757338,-4.812945,7656
64.12,166.593,-5,4.083657,4.396251,12.04505,11.9292,6.02211,5.810528,-4.903395,7664
64.14,147.8475,-5,4.418254,4.651528,17.03742,11.17855,5.95463,5.797316,-5.222423,7672
64.16,-19.5864,-5,4.5596,4.71672,7.861843,7.978347,4.94243,5.155737,-8.258479,7684
64.18,55.59976,-5,4.770982,4.652009,10.12139,-11.72807,4.87495,4.814211,-10.26757,7744
64.2,170.8719,-5,4.761636,4.447324,-2.825183,-16.93424,5.27983,4.877785,-11.4557,7740
64.22,157.9153,-5,4.275339,4.196006,-38.00077,-7.105162,5.21235,4.806589,-13.05553,7720
64.24,252.2163,-5,3.573541,4.034654,-34.88626,0.6370783,5.61723,4.954272,-13.03696,7728
64.26,206.4304,-5,4.242833,4.311944,21.67864,13.036,5.54975,5.109383,-9.582156,7700
64.28,35.40875,-5,4.215886,4.523143,5.464896,16.40502,4.60503,4.596205,-11.12812,7712
64.3,88.68582,-5,5.341541,4.907888,59.93819,-2.366178,4.60503,4.483023,-9.647568,7760
64.32,331.4066,-5,5.86158,5.235468,24.51834,-10.59378,5.95463,5.24514,-8.388836,7768
64.34,57.72012,-5,5.407978,5.249155,-19.02366,9.608198,4.87495,4.823046,-12.44199,7680
64.36,201.3411,-5,4.891322,5.251702,-23.58855,-2.744276,5.27983,4.785704,-13.74937,7740
64.38,243.6287,-5,5.429339,5.388338,29.63284,1.940806,5.54975,5.000966,-11.81315,7728
64.4,67.4895,-5,5.049092,5.36614,-17.45114,10.2799,4.60503,4.469685,-14.4551,7696
64.42,223.4289,-5,4.726914,5.319296,9.754973,-0.6782434,5.009911,4.432007,-14.62261,7768
64.44,28.72949,-5,5.50809,5.366152,30.91529,4.852116,3.93023,3.884517,-14.24691,7756
64.46,176.1801,-5,5.125248,5.277704,-18.59618,-9.671615,4.267631,3.778417,-15.74081,7836
64.48,67.71765,-5,5.480556,5.166383,23.48017,-5.778004,3.592831,3.376858,-16.26628,7808
64.5,259.4396,-5,5.120881,5.07186,-16.51984,-12.62136,4.335111,3.600303,-16.25507,7844
64.52,120.7546,-5,4.402454,4.791133,-29.1458,4.418309,3.592831,3.181705,-18.21409,7796
64.54,232.8036,-5,4.597142,4.870672,0.1977187,1.205121,3.93023,3.27316,-15.43626,7840
64.56,109.6078,-5,4.724209,4.939071,10.88475,9.791873,3.25543,2.94545,-15.25175,7836
64.58,212.4692,-5,5.046127,5.161236,9.709172,2.135695,3.592831,3.049367,-13.52726,7824
64.6,92.18958,-5,5.032422,5.204708,11.81604,7.326831,2.918031,2.675765,-14.75749,7832
64.62,43.0415,-5,5.13105,5.189573,-2.657244,-1.885563,2.31071,2.15114,-15.99307,7888
64.64,212.2428,-5,5.10023,5.089542,12.96108,-12.55791,2.850551,2.23165,-15.84312,7924
64.66,102.9565,-5,4.881545,4.886534,-8.809917,-1.969551,2.243231,1.890062,-17.00534,7892
64.68,46.21411,-5,4.409739,4.63422,-32.62672,-4.618321,1.568431,1.298484,-18.78724,7920
64.7,238.0726,-5,4.638393,4.565331,18.51834,-12.54712,2.243231,1.505806,-16.38185,7920
64.72,98.22351,-5,4.550962,4.467161,-7.191597,1.676151,1.568431,1.210729,-16.69942,7920
64.74,99.13733,-5,3.952778,4.314109,-35.78703,-1.095678,1.23103,0.8227817,-17.88614,7956
64.76,205.7131,-5,4.287183,4.340008,25.75498,-3.759837,1.568431,0.9324748,-15.26217,7972
64.78,88.06055,-5,4.441714,4.387718,1.388559,4.546441,0.9611101,0.6592931,-14.97095,7952
64.8,12.05823,-5,4.137998,4.29217,-19.1916,-1.036482,0.2188301,0.05684999,-16.87413,7976
64.82,202.8492,-5,4.5822,4.322554,24.19773,-13.57772,0.89363,0.2643366,-14.62205,8036
64.84,68.65894,-5,4.286876,4.158512,-10.01603,-1.8138,0.2188301,-0.07879577,-16.19609,7980
64.86,68.30054,-5,3.897119,3.98793,-28.93206,-6.359247,-0.1185694,-0.4623334,-17.15341,8036
64.88,15.11328,-5,3.571092,3.67042,3.525964,-8.480397,-0.7933693,-1.050507,-18.48375,8056
64.9,206.5574,-5,3.723692,3.547762,0.7320697,-15.45408,-0.1185694,-0.8391104,-15.92188,8080
64.92,71.62671,-5,3.363252,3.352484,-30.55038,0.2766873,-0.7933693,-1.156039,-16.44419,8020
64.94,68.4375,-5,2.990603,3.226868,-17.72595,-1.769272,-1.13077,-1.504273,-16.39244,8080
64.96,165.2761,-5,3.505967,3.32424,28.36567,-4.989064,-0.7933693,-1.349892,-13.23163,8100
64.98,111.5068,-5,3.19279,3.307974,-10.70305,3.669186,-1.06329,-1.468498,-13.4864,8072
65,37.39111,-5,2.848797,3.230128,-11.29847,4.951426,-1.670609,-1.907931,-14.1563,8116
65.02,197.785,-5,3.20885,3.338557,19.11375,-2.60487,-1.06329,-1.662735,-11.16179,8144
65.04,60.04236,-5,2.987607,3.294048,-11.34427,9.144444,-1.738089,-1.972151,-11.83871,8096
65.06,68.65112,-5,2.67311,3.226743,-8.611445,4.015431,-2.008009,-2.291262,-12.12284,8140
65.08,162.7538,-5,3.146318,3.311229,21.40383,0.08644927,-1.670609,-2.142148,-9.462892,8184
65.1,-136.5895,-5,2.923491,3.129984,-8.489306,7.153498,-3.357609,-3.108768,-12.63118,8148
65.12,277.9674,-5,2.783794,3.061845,-7.115261,-17.26889,-1.738089,-2.570992,-10.33276,8240
65.14,78.57483,-5,3.170485,3.023911,13.92291,6.917377,-2.412889,-2.654814,-9.172781,8124
65.16,-4.830811,-5,2.853776,3.033563,-15.42061,3.609584,-3.02021,-3.08394,-10.53924,8192
65.18,20.56421,-5,2.501227,2.816781,0.2587874,-5.85079,-3.290129,-3.483133,-12.07367,8236
65.2,111.1503,-5,2.868785,2.716684,16.70154,-10.63799,-3.02021,-3.421549,-10.25453,8228
65.22,5.503296,-5,2.539935,2.497762,-16.67252,-3.755543,-3.627529,-3.780005,-11.66693,8240
65.24,-4.092651,-5,2.036016,2.201844,-40.22977,-8.297723,-4.03241,-4.219719,-13.03333,8260
65.26,-29.95776,-5,1.232675,1.671329,-47.14581,-9.724966,-4.639729,-4.839202,-15.01805,8300
65.28,144.2209,-5,1.607932,1.499093,10.60994,-14.27343,-4.03241,-4.619287,-11.02719,8324
65.3,17.77075,-5,1.711453,1.432864,1.22062,-0.2247056,-4.572248,-4.777449,-9.960465,8284
65.32,-68.03271,-5,1.455409,1.351543,-16.93206,-3.07708,-5.247049,-5.261003,-10.94627,8340
65.34,103.8365,-5,1.027101,1.157585,-19.17633,-11.92134,-4.707209,-5.188535,-10.51283,8372
65.36,-22.4342,-5,1.480678,1.107814,16.91528,-2.143907,-5.314529,-5.414562,-8.848563,8348
65.38,63.94104,-5,1.623265,1.203452,-0.2908313,-8.778218,-4.977129,-5.274673,-7.489946,8388
65.4,-105.6398,-5,1.271967,1.029848,-19.71068,-3.58735,-5.92185,-5.826993,-9.890072,8356
65.42,-138.5525,-5,0.9514439,0.7089718,-18.18397,-16.42189,-6.596649,-6.503208,-11.93211,8412
65.44,11.46948,-5,0.7947018,0.3142646,-12.01603,-27.5308,-6.259249,-6.587752,-11.65182,8432
65.46,94.74658,-5,0.3820565,-0.03563446,-27.86336,-18.16984,-5.85437,-6.377438,-10.46058,8416
65.48,127.5562,-5,-0.9152992,-0.3883573,-65.43588,0.8928924,-5.65193,-6.256053,-10.12669,8392
65.5,-15.17688,-5,-1.860852,-0.6571888,-42.67252,19.72498,-6.529169,-6.747695,-9.244823,8368
65.52,189.7914,-5,-0.6128634,-0.1755686,76.8237,13.97716,-5.58445,-6.134198,-0.4329684,8408
65.54,92.21826,-5,0.552825,0.5328563,58.74736,26.9856,-5.58445,-5.697959,4.159926,8364
65.56,31.17969,-5,1.269611,1.27821,24.65574,23.31484,-5.58445,-5.469713,5.374565,8368
65.58,0.5869141,-5,1.844976,1.797941,16.07559,12.79191,-5.58445,-5.389044,4.56254,8344
65.6,-185.2654,-5,2.205708,1.92036,17.31223,1.141616,-6.596649,-6.006842,0.5639811,8348
65.62,-106.6786,-5,2.366011,1.72622,8.930546,-25.88636,-6.596649,-6.335273,-2.961715,8428
65.64,-12.15186,-5,2.222042,1.267773,-11.86335,-35.24595,-6.259249,-6.335324,-5.725326,8444
65.66,-181.3535,-5,1.788107,0.667842,-33.52748,-30.85821,-7.20397,-6.952797,-9.909597,8412
65.68,-19.51111,-5,0.3056619,-0.1527817,-76.42826,-39.95459,-6.86657,-7.189621,-13.70029,8452
65.7,88.73584,-5,-1.132944,-1.02249,-71.93971,-24.6392,-6.529169,-7.182372,-14.07204,8440
65.72,312.8807,-5,-2.347002,-1.443581,-62.71834,0.9846945,-5.314529,-6.450205,-9.084746,8408
65.74,-37.31555,-5,-3.390193,-1.628607,20.79315,43.52948,-6.93405,-7.072203,-6.974146,8336
65.76,191.2657,-5,-2.08242,-0.8896183,55.77026,32.33199,-5.989328,-6.487105,3.449512,8416
65.78,59.49475,-5,-0.8371522,-0.0742349,59.12904,43.81467,-6.259249,-6.219303,8.309637,8392
65.8,19.47363,-5,0.1939649,0.788588,44.41147,34.65905,-6.259249,-6.023152,10.59659,8412
65.82,-49.26416,-5,0.7745618,1.295032,25.80078,22.53897,-6.529169,-6.123996,9.203492,8432
65.84,-53.3811,-5,1.356821,1.533385,23.61757,5.594934,-6.596649,-6.224787,7.449409,8432
65.86,-33.94861,-5,1.556472,1.487401,4.441995,-6.701449,-6.529169,-6.278198,4.798441,8424
65.88,-31.82642,-5,1.420924,1.241867,-12.64198,-12.46883,-6.529169,-6.365506,1.891461,8428
65.9,26.15369,-5,0.9420478,0.8892779,-29.22214,-14.41181,-6.259249,-6.319892,-0.3482954,8424
65.92,27.25232,-5,0.1518869,0.454119,-42.56565,-7.221936,-6.259249,-6.384538,-2.294884,8420
65.94,-115.8252,-5,-0.6506198,-0.05016032,-42.90153,-0.02322912,-7.20397,-7.035701,-4.749024,8412
65.96,199.3168,-5,-1.19265,-0.3568163,-19.1458,-7.378441,-5.92185,-6.557683,-2.098493,8460
65.98,46.60999,-5,-0.1815925,-0.1673055,51.69392,16.03712,-6.259249,-6.336068,2.784167,8372
66,13.26941,-5,0.1319305,0.2460381,21.64811,15.00973,-6.259249,-6.193031,4.086757,8400
66.02,-0.7028809,-5,0.2619284,0.4978178,2.350391,10.53588,-6.259249,-6.157991,3.560189,8412
66.04,-5.036499,-5,0.4276878,0.6240827,9.816042,5.610882,-6.259249,-6.158206,3.023074,8420
66.06,-27.78296,-5,0.909625,0.749216,23.25116,0.248731,-6.326729,-6.164575,2.947136,8440
66.08,-29.66333,-5,0.9730269,0.7403044,2.121383,-5.83544,-6.326729,-6.197325,1.378859,8440
66.1,-15.55408,-5,0.8694449,0.6145739,-9.741216,-9.706612,-6.259249,-6.212478,-0.1989444,8424
66.12,42.01965,-5,0.6942428,0.4720962,-10.64198,-10.16079,-5.92185,-6.047925,-0.8013623,8436
66.14,30.06653,-5,0.4795609,0.3583024,-12.13816,-3.935505,-5.85437,-5.95608,-1.181358,8384
66.16,7.349487,-5,0.2638346,0.2919161,-11.92442,-0.3514119,-5.92185,-5.973055,-1.48718,8404
66.18,9.19165,-5,0.2249281,0.2720068,1.174818,-0.1527026,-5.92185,-5.976068,-1.266645,8392
66.2,-224.9674,-5,0.3448661,0.1379808,4.777873,-0.7480164,-7.27145,-6.768795,-3.559393,8388
66.22,-119.194,-5,0.361029,-0.1218792,-0.550373,-24.82869,-7.27145,-7.127213,-5.144808,8476
66.24,-65.27515,-5,0.3021584,-0.5522856,-5.81755,-29.84097,-7.20397,-7.246948,-6.295024,8472
66.26,165.8315,-5,-0.02046821,-0.7983806,-25.1916,-26.18389,-5.92185,-6.536637,-4.459361,8472
66.28,-76.82715,-5,-1.471749,-1.256786,-75.29848,4.05742,-6.93405,-6.969168,-7.508742,8384
66.3,9.958496,-5,-2.70416,-1.623382,-64.24506,3.738602,-6.93405,-7.236695,-7.127391,8448
66.32,2.253296,-5,-2.68071,-1.782031,44.0756,12.20205,-7.20397,-7.407478,-3.387561,8432
66.34,169.3715,-5,-2.184963,-1.500863,29.64811,15.73867,-6.326729,-6.804979,2.966667,8476
66.36,258.8817,-5,-1.667616,-0.8756855,16.3504,33.62218,-5.314529,-5.824801,9.13619,8392
66.38,70.46252,-5,-1.117255,-0.05278587,25.06796,52.50951,-5.65193,-5.53017,12.18786,8340
66.4,-15.88428,-5,-0.2371596,0.8001677,62.0756,42.9273,-5.92185,-5.512541,13.571,8372
66.42,-96.09045,-5,1.330923,1.52581,78.31988,22.48128,-6.259249,-5.61129,13.79823,8400
66.44,62.0553,-5,2.386539,2.01386,42.60995,-2.36924,-5.314529,-5.089328,12.92524,8412
66.46,-167.2487,-5,2.141393,1.872126,-17.74122,-2.430499,-6.259249,-5.584505,5.869318,8352
66.48,-80.87415,-5,0.912061,1.244943,-65.77177,-21.54239,-6.259249,-6.033245,-0.870681,8404
66.5,31.24646,-5,-0.01591906,0.4178034,-56.06184,-22.24893,-5.989328,-6.169245,-3.491727,8416
66.52,108.5443,-5,-0.8554685,-0.2191304,-44.24504,-8.472846,-5.65193,-6.046268,-3.01124,8400
66.54,31.39709,-5,-1.244432,-0.50837,-20.18397,9.600668,-5.989328,-6.141705,-1.332361,8372
66.56,35.00964,-5,-0.9341267,-0.3966416,24.67101,12.71465,-5.989328,-6.073484,1.836149,8388
66.58,-51.09924,-5,0.03989142,-0.04459368,49.0527,11.73435,-6.326729,-6.104677,4.238325,8376
66.6,-71.74426,-5,0.8408331,0.304406,34.62521,-0.3463094,-6.394209,-6.10096,4.338069,8424
66.62,-53.32214,-5,1.115316,0.4139011,8.762607,-11.31731,-6.259249,-6.056459,2.387009,8428
66.64,-0.2989502,-5,0.896685,0.302367,-17.39007,-15.88922,-5.92185,-5.917508,0.1466334,8404
66.66,-7.685059,-5,0.1128674,-0.02405949,-44.21451,-10.95482,-5.92185,-5.974594,-2.600212,8392
66.68,64.78113,-5,-0.9587348,-0.4313945,-54.50459,-4.735217,-5.65193,-5.94693,-3.752782,8412
66.7,-87.49487,-5,-1.718891,-0.8540917,-45.8481,8.924955,-6.596649,-6.527913,-4.620205,8392
66.72,-90.17236,-5,-0.8243023,-0.8123232,52.82369,-0.5394155,-6.93405,-6.793394,-1.020625,8424
66.74,100.8082,-5,0.04005179,-0.5562895,44.28934,-9.584585,-5.92185,-6.180249,2.642473,8444
66.76,-28.95105,-5,0.5442388,-0.2789974,20.06032,1.904507,-6.124289,-5.990185,2.958694,8404
66.78,-21.12695,-5,0.1978001,-0.138896,-41.16107,-2.425859,-5.989328,-5.9198,1.029492,8412
66.8,65.59106,-5,-0.8340796,-0.3484483,-46.32138,-0.8553269,-5.58445,-5.808941,-1.152355,8408
66.82,3.665649,-5,-1.37649,-0.57447,32.3962,10.66042,-5.92185,-5.993384,-1.128237,8368
66.84,-0.1604004,-5,-0.674351,-0.4013218,31.87712,9.638608,-5.989328,-5.969619,2.352552,8428
66.86,-54.34265,-5,-0.2672136,-0.2255287,18.99162,7.118612,-6.259249,-6.069406,2.840555,8432
66.88,-57.03503,-5,0.06443688,-0.1098864,8.25879,-1.161062,-6.326729,-6.137058,2.520916,8432
66.9,-34.3241,-5,-0.002258413,-0.1724353,-8.229766,-6.661723,-6.259249,-6.165441,1.179552,8428
66.92,-26.97021,-5,-0.2972601,-0.359759,-18.82519,-7.025063,-6.259249,-6.225458,-0.1427377,8412
66.94,-17.84863,-5,-0.5509197,-0.5499587,-17.46641,-5.683229,-6.259249,-6.271132,-0.6070972,8416
66.96,-25.16833,-5,-0.6486856,-0.6788661,-5.49694,-3.582221,-6.326729,-6.321301,-0.4467838,8404
66.98,137.4784,-5,-0.5134386,-0.5872104,2.915277,-3.046187,-5.38201,-5.737964,2.216472,8420
67,81.17639,-5,-0.5010217,-0.3871733,-1.130526,13.71967,-5.247049,-5.386845,3.647757,8356
67.02,7.00708,-5,-0.1873861,-0.003017604,16.31986,17.98682,-5.38201,-5.278013,4.880729,8360
67.04,-235.3279,-5,0.9318348,0.4040404,51.86186,9.07757,-6.596649,-5.85861,4.11166,8372
67.06,-6.250977,-5,1.644164,0.6490124,31.43437,-23.3411,-5.65193,-5.550507,3.327418,8436
67.08,-219.4946,-5,1.836229,0.4354406,5.174819,-22.69304,-6.596649,-6.040319,-1.649393,8364
67.1,68.28967,-5,1.260231,0.1168528,-33.54275,-41.45279,-5.314529,-5.611464,-3.97221,8420
67.12,-143.317,-5,0.2930397,-0.5283354,-54.16871,-21.94376,-6.259249,-6.112431,-8.612704,8336
67.14,-15.47778,-5,-0.8378246,-1.100953,-59.68016,-26.53505,-5.989328,-6.265822,-10.05205,8416
67.16,16.23157,-5,-1.66424,-1.642961,-25.87863,-13.84867,-5.989328,-6.355775,-9.502811,8396
67.18,17.05957,-5,-1.455207,-1.705616,10.16719,-2.954403,-5.989328,-6.261566,-5.408515,8380
67.2,11.21082,-5,-1.135546,-1.482984,13.52597,3.298892,-5.92185,-6.082784,-2.219216,8384
67.22,-76.31604,-5,-0.5970881,-1.14463,25.66338,4.918612,-6.259249,-6.129274,-0.5768216,8388
67.24,-69.61304,-5,-0.2550089,-0.8794699,15.48017,-3.983364,-6.259249,-6.136543,-0.4007605,8416
67.26,-74.06128,-5,0.1609759,-0.7213848,16.3504,-10.58896,-6.259249,-6.124321,-0.6070783,8428
67.28,-76.7644,-5,0.2207401,-0.7113687,-0.7488468,-15.62327,-6.259249,-6.148091,-1.91569,8408
67.3,-81.12439,-5,-0.06220035,-0.8735221,-19.64962,-18.31643,-6.326729,-6.259223,-3.836145,8408
67.32,12.40759,-5,-0.6449275,-1.134177,-32.41298,-18.43205,-5.92185,-6.137276,-4.686338,8400
67.34,8.515259,-5,-1.388691,-1.432922,-39.32901,-6.55573,-5.92185,-6.140693,-4.986042,8404
67.36,9.985474,-5,-2.003678,-1.623056,-33.43588,2.970184,-5.989328,-6.198304,-3.971117,8392
67.38,-33.44983,-5,-1.714218,-1.540828,31.92292,8.374002,-6.259249,-6.282608,-1.053616,8396
67.4,138.7046,-5,-0.9326082,-1.098445,46.65575,5.331528,-5.247049,-5.583361,4.043588,8420
67.42,-22.55249,-5,-0.2346749,-0.5859129,31.26643,18.22034,-5.58445,-5.405415,5.625432,8352
67.44,-45.05164,-5,0.1109839,-0.118807,14.30459,9.277802,-5.58445,-5.342327,5.227915,8380
67.46,-113.6251,-5,0.5221246,0.09742786,23.06796,-0.4167774,-5.92185,-5.537736,3.405933,8380
67.48,63.33191,-5,1.02272,0.282979,20.93055,-15.10851,-4.977129,-5.054164,3.766287,8384
67.5,-175.3683,-5,0.8530095,0.1379391,-4.932054,-6.808166,-5.989328,-5.522222,-0.4620589,8324
67.52,-94.62793,-5,0.3602415,-0.1565638,-28.1229,-23.77758,-5.92185,-5.783969,-3.594696,8388
67.54,-51.45093,-5,-0.3172901,-0.7089922,-37.49695,-24.56056,-5.92185,-5.983915,-6.08586,8400
67.56,37.56824,-5,-0.9926636,-1.179438,-33.48168,-18.33029,-5.58445,-5.900559,-5.949224,8416
67.58,32.17151,-5,-1.581976,-1.476303,-28.47404,-3.238721,-5.58445,-5.862095,-4.784451,8368
67.6,-34.46216,-5,-1.970304,-1.595965,-13.29847,7.37149,-5.989328,-6.063813,-3.497857,8368
67.62,172.4886,-5,-1.575762,-1.316574,21.19009,6.772239,-4.909649,-5.396665,1.890554,8384
67.64,55.00256,-5,-1.074767,-0.8649026,27.2817,25.55732,-5.044609,-5.095563,5.032999,8316
67.66,-37.81543,-5,-0.3429179,-0.2349704,37.29697,23.54638,-5.314529,-5.051888,6.813342,8312
67.68,-118.9822,-5,0.9273112,0.3701005,56.73209,8.443176,-5.65193,-5.145882,7.207999,8324
67.7,50.8833,-5,1.45493,0.7170435,29.3275,-11.17506,-4.707209,-4.662964,6.223328,8360
67.72,-177.0713,-5,1.403025,0.6346365,-5.313733,-7.222722,-5.65193,-5.110774,1.294782,8304
67.74,-32.44104,-5,0.5345951,0.2574975,-52.55039,-24.59086,-5.247049,-5.230767,-2.84164,8376
67.76,-12.75891,-5,-0.5349252,-0.4212344,-54.51986,-17.8911,-5.314529,-5.450219,-5.84476,8340
67.78,85.04889,-5,-1.487799,-0.9543173,-48.1687,-8.140471,-4.977129,-5.385852,-5.269341,8324
67.8,38.4137,-5,-2.100099,-1.262418,12.86948,10.16818,-5.247049,-5.494342,-3.476913,8320
67.82,21.84375,-5,-1.261972,-0.9884871,38.31987,14.73427,-5.314529,-5.384557,1.768627,8348
67.84,-52.59363,-5,-0.3297061,-0.5303423,46.79316,12.85977,-5.58445,-5.370402,4.162019,8368
67.86,-62.05237,-5,0.3759858,-0.1334672,30.77788,1.731993,-5.58445,-5.325646,4.313389,8368
67.88,-93.19226,-5,0.6600818,0.003229171,9.281691,-7.597217,-5.71941,-5.421733,2.261827,8376
67.9,2.168091,-5,0.5373852,-0.05747448,-11.80229,-16.34377,-5.247049,-5.251006,0.5482916,8384
67.92,-26.35339,-5,0.03217316,-0.3072398,-29.54275,-10.85004,-5.314529,-5.300751,-1.69803,8356
67.94,-6.553955,-5,-0.7741441,-0.635145,-43.72596,-7.397202,-5.314529,-5.410743,-3.282952,8224
67.96,81.22235,-5,-1.576417,-0.9505723,-43.61909,-0.2643559,-4.977129,-5.3114,-2.830316,8344
67.98,3.908569,-5,-1.424553,-0.9649996,23.49544,12.69534,-5.314529,-5.374968,-0.1163239,8328
68,4.308716,-5,-0.9051844,-0.6944111,28.22826,11.72526,-5.314529,-5.297834,2.720366,8336
68.02,-74.23083,-5,-0.170922,-0.370282,39.87712,8.540602,-5.65193,-5.383522,3.779763,8356
68.04,-62.70728,-5,0.5480469,-0.06912091,25.52597,-3.899228,-5.58445,-5.335993,3.871509,8356
68.06,-24.32251,-5,0.6821494,0.008555993,-0.4129688,-11.33024,-5.314529,-5.200379,2.220333,8352
68.08,-40.38721,-5,0.4315661,-0.1037232,-16.53511,-11.55979,-5.314529,-5.215163,-0.07391149,8348
68.1,-20.54822,-5,-0.06375952,-0.3287773,-28.1687,-11.66884,-5.247049,-5.258298,-1.92426,8360
68.12,29.66626,-5,-0.6956083,-0.6090649,-34.1229,-7.539542,-5.044609,-5.220591,-2.684952,8356
68.14,40.69586,-5,-1.070036,-0.7791261,-7.832818,1.551774,-4.977129,-5.166101,-1.792705,8324
68.16,28.69904,-5,-0.9061459,-0.6956304,12.5794,8.131139,-4.977129,-5.073592,0.5046719,8328
68.18,-45.06543,-5,-0.5850218,-0.504316,16.01452,10.07515,-5.314529,-5.178032,1.589935,8344
68.2,-38.45642,-5,-0.03745705,-0.2575571,27.2817,2.078934,-5.314529,-5.168616,2.505257,8364
68.22,-55.44751,-5,0.2969532,-0.1295374,20.47253,-3.690199,-5.38201,-5.198922,1.857853,8400
68.24,-31.44714,-5,0.4249866,-0.1005464,2.747338,-9.618528,-5.247049,-5.151405,0.8858311,8384
68.26,-47.05334,-5,0.2076208,-0.2257525,-15.75649,-10.42924,-5.314529,-5.225256,-0.9516274,8372
68.28,-33.08844,-5,-0.149881,-0.432144,-21.31374,-11.35454,-5.314529,-5.308606,-2.333064,8336
68.3,41.00568,-5,-0.5566748,-0.6371928,-20.56565,-9.063933,-4.977129,-5.178168,-2.364005,8336
68.32,-46.40247,-5,-0.7059156,-0.7644418,-3.054191,0.2785633,-5.38201,-5.347734,-2.217482,8308
68.34,-5.744202,-5,-0.5029685,-0.7013184,13.03742,-3.00392,-5.247049,-5.289942,-0.7436786,8336
68.36,-41.67694,-5,-0.224099,-0.6140936,9.831309,-2.052212,-5.38201,-5.307286,-0.217604,8344
68.38,-40.1474,-5,-0.128496,-0.5487624,-2.535107,-5.377172,-5.38201,-5.314801,-0.4297472,8352
68.4,-26.98395,-5,-0.1325946,-0.5493025,1.770238,-7.384085,-5.314529,-5.292758,-0.8567081,8368
68.42,26.09882,-5,-0.1100016,-0.5253645,-0.8251827,-7.341392,-4.977129,-5.083481,-0.4244672,8356
68.44,-0.8190308,-5,-0.2112463,-0.5026547,-7.237397,-1.625443,-4.977129,-5.006065,-0.5241863,8344
68.46,-10.51031,-5,-0.2321906,-0.4362359,1.770238,-0.5032796,-4.977129,-4.975434,-0.375406,8340
68.48,-30.44055,-5,0.003468964,-0.3291531,14.68627,-1.561474,-5.044609,-4.977911,-0.0136829,8336
68.5,-22.58307,-5,0.2346067,-0.2226847,9.419095,-5.03251,-4.977129,-4.92557,0.05015838,8344
68.52,-29.85205,-5,0.2634065,-0.1962328,-1.695411,-6.639946,-4.977129,-4.921243,-0.6988981,8364
68.54,-28.51184,-5,0.1414823,-0.2463883,-4.580909,-8.036389,-4.977129,-4.95076,-1.633178,8332
68.56,-25.43445,-5,0.09119676,-0.3131391,-3.298465,-8.664382,-4.977129,-4.974113,-2.070144,8328
68.58,-24.48645,-5,0.08770317,-0.3646563,-1.954954,-8.767165,-4.977129,-4.983298,-2.248431,8332
68.6,-24.37036,-5,0.05624168,-0.4085525,-1.405335,-8.642468,-4.977129,-4.990096,-2.462338,8328
68.62,-24.28522,-5,0.0274912,-0.4438393,-1.664878,-8.458699,-4.977129,-4.995335,-2.613637,8328
68.64,-23.4209,-5,-0.02571173,-0.4790968,-1.787015,-8.153872,-4.977129,-5.002785,-2.771625,8332
68.66,-12.05414,-5,-0.01447693,-0.4856321,-0.7030448,-7.88142,-4.909649,-4.9609,-2.57039,8320
68.68,-29.67773,-5,-0.0159076,-0.4865254,0.1977187,-6.577452,-4.977129,-4.981546,-2.638782,8344
68.7,-258.8301,-5,0.01227914,-0.6332821,0.6710012,-8.096774,-6.326729,-5.800471,-5.376327,8324
68.72,69.63873,-5,0.05059868,-0.7518879,1.006879,-31.87365,-5.044609,-5.396551,-4.358293,8400
68.74,19.87347,-5,0.05582376,-0.9091819,-1.909152,-14.42891,-4.977129,-5.163285,-3.946483,8332
68.76,-10.75348,-5,-0.2068985,-0.8822969,-15.98549,-7.083647,-4.977129,-5.072958,-3.743817,8324
68.78,-21.82733,-5,-0.6693817,-0.9203821,-24.27557,-3.780412,-5.044609,-5.128216,-4.351724,8340
68.8,-55.71881,-5,-0.7783368,-0.9591073,22.76261,-2.422811,-5.314529,-5.310235,-4.106738,8328
68.82,-45.53717,-5,-0.09823424,-0.7926093,28.67101,-7.224964,-5.314529,-5.284619,-1.944289,8368
68.84,-52.41901,-5,0.1682636,-0.6758814,8.609936,-10.26631,-5.314529,-5.255661,-1.988882,8372
68.86,-52.90704,-5,0.06226911,-0.6854025,-8.443505,-12.62106,-5.314529,-5.280886,-3.093403,8352
68.88,-54.84021,-5,-0.2437313,-0.8203722,-18.24504,-13.2237,-5.38201,-5.381831,-4.350632,8376
68.9,-33.17426,-5,-0.6726656,-1.031574,-18.65725,-12.36488,-5.38201,-5.469679,-5.080368,8368
68.92,-8.629822,-5,-0.8327492,-1.165626,-6.367169,-9.034588,-5.314529,-5.455254,-4.273623,8368
68.94,1.874695,-5,-0.9047835,-1.190017,-1.832817,-4.075762,-5.247049,-5.383573,-3.039433,8352
68.96,-6.677917,-5,-0.882703,-1.115603,0.9458106,0.2018113,-5.247049,-5.324737,-1.797279,8368
68.98,-14.30115,-5,-0.739876,-0.9702042,5.754972,1.700704,-5.247049,-5.269628,-0.6457517,8348
69,-91.14166,-5,-0.5458835,-0.8538884,10.24352,1.132334,-5.65193,-5.467189,-0.6940754,8348
69.02,-77.04413,-5,-0.3436055,-0.7956609,6.197721,-7.694397,-5.71941,-5.58421,-0.9300885,8364
69.04,-58.12579,-5,-0.4323103,-0.8969437,-6.153429,-11.79495,-5.71941,-5.662703,-1.894752,8384
69.06,-31.11188,-5,-0.7427375,-1.082393,-17.06946,-11.52336,-5.65193,-5.692623,-2.599176,8364
69.08,34.96826,-5,-1.063907,-1.221713,-21.13053,-7.4068,-5.314529,-5.519819,-1.956318,8364
69.1,19.14325,-5,-1.443257,-1.302247,-15.84809,3.272821,-5.314529,-5.456176,-1.224935,8352
69.12,-51.48419,-5,-1.208476,-1.180956,16.3504,7.827309,-5.65193,-5.563587,0.4280913,8340
69.14,126.6255,-5,-0.5816572,-0.7948719,29.11376,1.987705,-4.639729,-4.917084,4.255197,8380
69.16,22.27142,-5,-0.1175565,-0.3873519,20.12139,14.51455,-4.707209,-4.63655,5.40048,8308
69.18,-9.957214,-5,-0.05149439,-0.02571566,5.77024,12.0188,-4.707209,-4.551533,4.8331,8312
69.2,-240.2141,-5,0.6518599,0.1880924,43.93819,4.283772,-5.92185,-5.20747,2.668613,8316
69.22,-163.7201,-5,1.260944,0.2012886,23.26643,-26.14339,-5.92185,-5.493404,0.2885777,8396
69.24,72.8866,-5,1.384425,-0.000767827,-0.3519,-38.52967,-4.707209,-4.938219,-0.8663957,8392
69.26,-178.9295,-5,0.893145,-0.4076457,-31.13054,-21.64014,-5.71941,-5.38321,-5.322839,8336
69.28,-31.53827,-5,-0.3228007,-0.9164093,-65.11527,-31.70286,-5.314529,-5.491542,-8.490941,8372
69.3,-10.8205,-5,-1.478546,-1.587111,-49.54276,-19.58529,-5.38201,-5.675403,-9.96855,8364
69.32,2.131104,-5,-0.9442843,-1.652251,8.808408,-11.27069,-5.314529,-5.541621,-5.438391,8340
69.34,-16.29614,-5,-0.9007977,-1.549174,7.510698,-4.607378,-5.314529,-5.434544,-3.82785,8352
69.36,-31.98328,-5,-0.6769206,-1.338563,15.64811,-2.807156,-5.314529,-5.348658,-2.428446,8336
69.38,-30.68677,-5,-0.4909255,-1.131104,8.441997,-3.787333,-5.247049,-5.2571,-1.702662,8348
69.4,-100.8198,-5,-0.2937261,-0.9986883,10.96108,-5.085446,-5.58445,-5.412536,-2.100784,8368
69.42,-81.63165,-5,-0.09264459,-0.9314609,7.464897,-13.69779,-5.58445,-5.478616,-2.504836,8364
69.44,-83.44348,-5,-0.1231811,-1.01541,0.3809245,-17.37517,-5.65193,-5.573275,-3.681668,8380
69.46,-12.59259,-5,-0.2694593,-1.125783,-8.916789,-19.38157,-5.314529,-5.43559,-3.900151,8364
69.48,-27.776,-5,-0.5749058,-1.258276,-18.33664,-12.5376,-5.314529,-5.403369,-4.294284,8356
69.5,-24.3421,-5,-0.9871272,-1.369735,-22.87099,-8.159671,-5.314529,-5.420722,-4.392082,8372
69.52,-71.79437,-5,-1.305394,-1.495394,-8.748849,-3.95168,-5.65193,-5.642907,-4.512252,8360
69.54,-46.25043,-5,-1.066156,-1.472611,19.28169,-6.743024,-5.65193,-5.677537,-2.824858,8380
69.56,114.2821,-5,-0.7234562,-1.266285,11.48017,-6.794225,-4.707209,-5.066221,0.3752095,8388
69.58,-26.59772,-5,-0.5901756,-1.024604,4.151918,8.796226,-5.044609,-4.981495,0.9949424,8332
69.6,-17.05927,-5,-0.7144973,-0.7879468,-6.3061,5.322821,-4.977129,-4.939063,0.9352156,8368
69.62,-15.99896,-5,-0.7126694,-0.6757447,0.6251997,4.014982,-4.977129,-4.940277,0.9080654,8340
69.64,-13.71497,-5,-0.6394644,-0.5983714,2.701536,3.030561,-4.977129,-4.937837,1.219119,8340
69.66,-14.69305,-5,-0.5070999,-0.5226537,6.136652,2.175655,-4.977129,-4.923487,1.589906,8348
69.68,143.312,-5,-0.3537745,-0.3340259,8.289325,1.351656,-4.03241,-4.33564,3.726162,8336
69.7,51.62335,-5,-0.248297,-0.09328219,8.64047,16.36721,-4.09989,-4.108912,4.542842,8256
69.72,-188.9084,-5,0.03583243,0.131085,28.36567,15.60822,-5.314529,-4.723453,2.83985,8276
69.74,-125.5952,-5,1.09595,0.3748043,50.79316,-12.74933,-5.314529,-4.911419,2.778694,8336
69.76,-91.46844,-5,1.657068,0.3337702,25.35803,-26.96282,-5.179569,-4.917525,0.5068009,8336
69.78,96.20813,-5,1.630645,0.235105,-15.68015,-32.47042,-4.03241,-4.290944,-0.5361998,8336
69.8,-70.04669,-5,0.2242182,-0.2507139,-73.6191,-12.71559,-4.639729,-4.585438,-5.962353,8260
69.82,-178.045,-5,-1.210811,-0.9179028,-74.7336,-11.9973,-5.65193,-5.471952,-10.31354,8324
69.84,142.9839,-5,-2.574885,-1.635952,19.11375,-17.369,-4.639729,-5.344666,-9.387291,8360
69.86,86.44086,-5,-1.773273,-1.676467,24.01452,8.807495,-4.707209,-5.074123,-2.312512,8304
69.88,-90.16455,-5,-1.986198,-1.525141,-22.90153,20.81678,-5.58445,-5.435985,-1.253077,8304
69.9,-37.13324,-5,-2.120453,-1.415423,-21.9855,11.43163,-5.65193,-5.632933,-0.1924613,8392
69.92,167.501,-5,-1.916246,-1.239252,68.01453,10.35707,-4.639729,-5.061049,3.74462,8392
69.94,16.4707,-5,-1.018549,-0.773442,40.02979,27.17358,-4.977129,-4.865858,7.438474,8312
69.96,-17.69501,-5,-1.15,-0.4109927,-18.62671,23.45045,-5.112089,-4.908689,6.885325,8352
69.98,25.98291,-5,-1.306555,-0.280833,-13.69542,18.17045,-4.977129,-4.901623,6.518859,8332
70,9.024963,-5,-0.4592485,0.0005066767,50.59468,16.25189,-4.977129,-4.794312,8.729869,8352
70.02,152.1121,-5,0.3605504,0.4760777,26.12139,10.86812,-3.96493,-4.067483,11.46688,8336
70.04,43.30823,-5,0.4744263,0.8096645,-0.3060985,21.30961,-4.03241,-3.835147,10.29006,8280
70.06,32.63269,-5,0.2513295,1.015059,-13.329,17.97192,-3.96493,-3.781565,8.466864,8308
70.08,-205.3246,-5,0.8000881,1.083545,34.33514,12.34333,-5.247049,-4.502841,5.831576,8276
70.1,-136.5062,-5,1.484327,1.042972,38.60995,-17.75603,-5.314529,-4.834379,3.67024,8332
70.12,-107.9859,-5,1.799254,0.7156882,6.090851,-31.80777,-5.314529,-5.002789,0.3119885,8348
70.14,-36.63562,-5,1.477544,0.2582905,-20.64198,-37.09409,-4.977129,-4.949674,-2.929803,8340
70.16,3.168884,-5,0.6848954,-0.2601981,-51.03894,-30.69576,-4.707209,-4.865588,-5.648459,8336
70.18,-91.50842,-5,-0.7803317,-0.9525324,-80.85574,-17.7781,-5.314529,-5.344377,-9.611655,8336
70.2,1.359741,-5,-2.335772,-1.690554,-78.71834,-13.52521,-5.314529,-5.670127,-10.80881,8396
70.22,81.73706,-5,-4.040617,-2.458796,16.93055,4.508232,-5.314529,-5.893939,-9.808041,8380
70.24,33.94788,-5,-3.293501,-2.413066,43.29697,21.97798,-5.65193,-5.912195,-1.70835,8372
70.26,33.97345,-5,-2.683273,-1.974305,22.02979,26.72458,-5.65193,-5.752817,3.6515,8384
70.28,179.1193,-5,-2.176941,-1.360555,14.07559,28.58945,-4.707209,-5.035758,8.684311,8388
70.3,80.7832,-5,-1.449241,-0.6315569,28.73208,42.06622,-4.707209,-4.639485,12.12157,8316
70.32,-23.65637,-5,-0.5292296,0.1636009,42.83895,37.8599,-4.977129,-4.563239,13.64375,8324
70.34,-40.14337,-5,0.8663072,0.9121695,67.72446,19.8611,-4.909649,-4.40995,14.39287,8336
70.36,-130.2889,-5,1.713827,1.288592,35.57178,3.285939,-5.247049,-4.569101,11.12333,8336
70.38,-59.18658,-5,1.529927,1.176377,-20.30611,-16.10401,-4.977129,-4.62534,6.022711,8328
70.4,13.48553,-5,0.3008066,0.5560787,-74.94734,-17.54251,-4.707209,-4.705924,0.5982512,8336
70.42,-70.89856,-5,-1.215943,-0.3036979,-81.17635,-6.324845,-5.38201,-5.304336,-3.773044,8320
70.44,36.04889,-5,-2.363469,-1.040976,-59.57329,-3.517598,-5.314529,-5.573293,-3.826751,8324
70.46,32.32922,-5,-1.126708,-1.018367,44.59468,4.975032,-5.314529,-5.404881,2.673573,8352
70.48,-13.10217,-5,-0.6207861,-0.7550484,19.15956,8.471043,-5.38201,-5.275035,4.543931,8352
70.5,-29.18658,-5,-0.4787665,-0.5404654,1.770238,5.711302,-5.38201,-5.226751,4.279923,8360
70.52,-16.4621,-5,-0.1833497,-0.3640016,13.63284,1.311767,-5.247049,-5.119933,4.292985,8372
70.54,-48.13293,-5,0.09192672,-0.2460077,4.5794,-1.283853,-5.314529,-5.112107,3.638084,8360
70.56,-35.71515,-5,-0.009221192,-0.2624831,-6.916788,-5.852668,-5.247049,-5.117092,2.094361,8364
70.58,-61.07281,-5,-0.02088498,-0.3546571,0.2893218,-7.652617,-5.38201,-5.221324,0.8286621,8360
70.6,-38.93817,-5,-0.05403057,-0.4648409,-4.565641,-11.29014,-5.314529,-5.240604,0.00562501,8360
70.62,-36.18835,-5,-0.2555135,-0.6303377,-11.11526,-10.80067,-5.314529,-5.278002,-1.024214,8352
70.64,-31.66937,-5,-0.4381312,-0.7794834,-11.93969,-9.602538,-5.314529,-5.308842,-1.506341,8356
70.66,-28.29993,-5,-0.5596882,-0.8876693,-4.535108,-7.955805,-5.314529,-5.323762,-1.565232,8364
70.68,-30.58325,-5,-0.4844303,-0.909258,1.800773,-6.79007,-5.314529,-5.306654,-1.084656,8348
70.7,-34.96417,-5,-0.4336683,-0.8954679,0.3503905,-6.42841,-5.314529,-5.288723,-0.9214096,8384
70.72,-36.59961,-5,-0.4715306,-0.8971623,-2.016023,-6.508121,-5.314529,-5.28829,-1.106487,8372
70.74,-25.09479,-5,-0.4831524,-0.896735,-0.3671672,-6.664152,-5.247049,-5.250124,-1.03832,8348
70.76,-42.81,-5,-0.4562015,-0.8915526,0.5335966,-5.725626,-5.314529,-5.269932,-1.06493,8340
70.78,-41.06079,-5,-0.4208144,-0.8796492,0.7778715,-7.017089,-5.314529,-5.276105,-1.091555,8352
70.8,-29.64581,-5,-0.3877208,-0.8731971,0.6710012,-7.783466,-5.247049,-5.237801,-1.067758,8360
70.82,-46.71973,-5,-0.3979242,-0.8842564,-1.54274,-7.134299,-5.314529,-5.26567,-1.33996,8364
70.84,-43.36438,-5,-0.4065973,-0.8988253,-1.252663,-8.405368,-5.314529,-5.281371,-1.520116,8368
70.86,-53.91785,-5,-0.3930145,-0.928722,0.3198562,-8.981885,-5.38201,-5.32863,-1.776503,8376
70.88,-48.65454,-5,-0.3923828,-0.9647478,-1.451137,-10.43622,-5.38201,-5.350369,-1.979774,8364
70.9,-34.1167,-5,-0.4506947,-1.013578,-2.73358,-10.64937,-5.314529,-5.326685,-2.128294,8364
70.92,-25.94543,-5,-0.5089267,-1.045917,-4.290833,-9.107421,-5.247049,-5.278618,-2.038491,8356
70.94,-42.55457,-5,-0.6056949,-1.073941,-3.512206,-6.966369,-5.314529,-5.304534,-2.148938,8360
70.96,-98.40161,-5,-0.5490614,-1.097035,2.915277,-7.546099,-5.65193,-5.505971,-2.490487,8344
70.98,-60.02502,-5,-0.522443,-1.144502,-1.054191,-13.62702,-5.58445,-5.552607,-2.650634,8360
71,-19.17413,-5,-0.5774106,-1.222255,-4.886253,-13.50863,-5.38201,-5.456609,-2.543534,8380
71.02,-16.79547,-5,-0.829658,-1.30214,-13.37481,-8.436443,-5.314529,-5.39475,-2.583024,8352
71.04,-29.8158,-5,-1.147324,-1.372963,-16.85572,-3.794508,-5.38201,-5.430285,-2.57962,8368
71.06,-73.14648,-5,-1.035999,-1.356264,8.915278,-2.504907,-5.65193,-5.570795,-1.844327,8372
71.08,-43.58899,-5,-0.8909848,-1.306274,11.05268,-6.473931,-5.58445,-5.565548,-1.113082,8356
71.1,-57.98425,-5,-0.7385738,-1.272133,5.541232,-6.642685,-5.65193,-5.584055,-0.8386514,8372
71.12,107.6078,-5,-0.7617789,-1.16001,-4.031291,-7.776108,-4.707209,-5.030401,0.8819376,8384
71.14,35.2005,-5,-0.8368826,-1.006638,-1.481671,8.437763,-4.707209,-4.791031,1.732025,8320
71.16,5.506165,-5,-0.773828,-0.7211033,7.159553,11.62385,-4.707209,-4.678483,2.719117,8320
71.18,-22.896,-5,0.06295552,-0.2868241,47.32751,7.91532,-4.707209,-4.542731,4.559345,8300
71.2,-106.0803,-5,0.6492568,0.02650277,30.64048,0.485858,-5.044609,-4.668803,3.513777,8316
71.22,-253.916,-5,0.9003158,0.002249062,9.953446,-14.0419,-5.989328,-5.333789,-0.6617815,8320
71.24,53.25458,-5,0.8307106,-0.2064727,-8.245033,-37.87544,-4.707209,-4.925381,-1.89822,8368
71.26,-152.3944,-5,0.3185925,-0.7036481,-31.40534,-21.26318,-5.58445,-5.346684,-5.774906,8308
71.28,-36.58594,-5,-0.7011245,-1.194237,-58.47406,-27.55082,-5.314529,-5.476265,-7.873284,8368
71.3,9.345886,-5,-1.763925,-1.780262,-52.13818,-16.38477,-5.247049,-5.569706,-8.597391,8364
71.32,-9.690002,-5,-1.734021,-1.947678,8.243522,-4.508045,-5.38201,-5.585315,-5.373147,8368
71.34,-49.00897,-5,-1.404666,-1.819108,17.34276,0.2548908,-5.58445,-5.608536,-2.6812,8360
71.36,96.79834,-5,-0.8398299,-1.433206,23.09849,-2.120828,-4.707209,-5.005072,1.191561,8400
71.38,14.19196,-5,-0.49876,-1.024199,13.64811,9.884652,-4.707209,-4.712525,2.550651,8324
71.4,-11.80194,-5,-0.2289216,-0.5841795,10.41146,8.588242,-4.639729,-4.546148,3.081586,8344
71.42,-108.3293,-5,0.3217396,-0.2455414,42.73209,3.102434,-5.044609,-4.698969,2.445275,8320
71.44,-87.41998,-5,0.996507,0.003711939,33.92292,-12.53139,-4.977129,-4.704731,1.694862,8312
71.46,-91.52325,-5,1.181091,-0.008992761,7.159553,-21.40566,-4.977129,-4.754216,-0.8835831,8324
71.48,-75.26086,-5,0.9878943,-0.2086311,-13.31374,-27.05873,-4.909649,-4.807827,-3.664819,8352
71.5,-36.5777,-5,0.2632139,-0.5993056,-40.18397,-26.69888,-4.774689,-4.860141,-6.461037,8340
71.52,8.190979,-5,-0.7442344,-1.075764,-53.25268,-19.12369,-4.639729,-4.902534,-8.018772,8316
71.54,-128.9789,-5,-1.816758,-1.63131,-56.51986,-6.314473,-5.58445,-5.55572,-9.929733,8324
71.56,124.3734,-5,-2.523833,-1.966565,-18.22977,-8.920975,-4.707209,-5.312543,-6.911181,8372
71.58,14.22717,-5,-1.283319,-1.686923,58.73209,10.69073,-4.977129,-5.099523,-0.3050185,8308
71.6,144.4987,-5,-0.3260683,-0.9315571,53.28171,9.682451,-3.96493,-4.259402,5.034092,8328
71.62,-42.57172,-5,0.8661275,-0.09524947,56.0298,18.0093,-4.30233,-4.000014,6.667023,8268
71.64,-90.24182,-5,1.488057,0.550519,30.41147,2.475982,-4.36981,-3.964604,4.852062,8296
71.66,-147.4939,-5,2.071914,0.8122858,23.54124,-14.69515,-4.639729,-4.162658,1.441656,8316
71.68,-73.47827,-5,1.952554,0.6688094,-4.611444,-31.36254,-4.36981,-4.204866,-2.720945,8304
71.7,-62.18707,-5,1.274458,0.1927126,-36.93206,-32.67,-4.36981,-4.356584,-6.951474,8288
71.72,33.97717,-5,-0.0369803,-0.4481418,-75.05421,-27.88098,-4.03241,-4.373094,-9.766272,8300
71.74,-100.6,-5,-1.560798,-1.234505,-77.55804,-10.21091,-4.977129,-5.064099,-12.66493,8272
71.76,180.5792,-5,-2.879653,-1.801364,-5.054192,-7.248176,-4.03241,-4.845017,-9.921331,8328
71.78,58.90546,-5,-1.576162,-1.54734,58.1672,18.63325,-4.36981,-4.626714,-1.474867,8268
71.8,-38.29578,-5,-0.6836296,-0.8953416,28.33513,20.34562,-4.707209,-4.576686,2.248706,8304
71.82,-25.56403,-5,-0.2786102,-0.4080866,15.25116,10.37681,-4.639729,-4.51391,2.647201,8300
71.84,-95.27649,-5,0.3215529,-0.104773,30.99162,2.954099,-4.977129,-4.668878,2.143699,8324
71.86,-75.3349,-5,0.5754519,-0.005896583,9.296958,-9.84301,-4.977129,-4.762316,0.6158319,8340
71.88,-61.82916,-5,0.4941303,-0.1392787,-13.43587,-16.02404,-4.977129,-4.856651,-1.504451,8324
71.9,188.4366,-5,-0.00284797,-0.2857943,-28.1229,-16.58471,-3.627529,-4.16205,-0.9361959,8352
71.92,93.06726,-5,-0.6747974,-0.3979236,-36.77939,10.53106,-3.695009,-3.951496,-0.8152955,8260
71.94,81.69165,-5,-1.326754,-0.3328828,-25.83282,21.02954,-3.695009,-3.899083,0.2018226,8248
71.96,7.454285,-5,-0.6143368,0.02322554,49.63285,24.33745,-4.03241,-3.950818,3.48511,8248
71.98,-46.78284,-5,0.4762861,0.5170392,52.39621,15.28312,-4.30233,-4.011584,5.415331,8292
72,-52.36316,-5,1.432373,0.9188908,44.3046,0.6047468,-4.30233,-3.984897,5.231753,8296
72.02,-108.0409,5,1.798827,1.04491,17.81604,-10.92292,-4.30233,-4.014789,2.636899,8288
72.04,-105.6982,5,1.548681,0.8153866,-13.81755,-23.41347,-4.30233,-4.131433,-1.22479,8316
72.06,-41.505,5,0.8617466,0.3090624,-37.35955,-29.10546,-4.03241,-4.135893,-4.411232,8292
72.08,-208.798,5,-0.118104,-0.4531395,-51.57329,-23.54344,-5.044609,-4.843817,-8.772713,8288
72.1,115.5446,5,-1.203678,-1.134155,-58.10764,-32.66393,-3.762489,-4.456762,-8.064144,8340
72.12,-91.1355,5,-2.185826,-1.829889,-47.14581,-3.012311,-4.707209,-4.864426,-8.351205,8268
72.14,-114.4302,5,-1.770415,-1.922801,4.014514,-5.848997,-5.044609,-5.070174,-4.333312,8328
72.16,144.6321,5,-1.770084,-1.876538,5.525965,-9.565495,-3.695009,-4.301584,-0.3359315,8344
72.18,-24.61359,5,-1.54052,-1.691444,9.724439,13.19927,-4.03241,-4.092733,2.131583,8252
72.2,-115.3476,5,-1.216074,-1.345145,20.41146,9.889988,-4.36981,-4.153974,3.319612,8268
72.22,-173.8544,5,-0.1535572,-0.9924307,50.1214,-5.173363,-4.639729,-4.243109,4.179523,8276
72.24,-167.2244,5,0.5514536,-0.8501419,24.213,-23.45209,-4.572248,-4.223505,2.787604,8312
72.26,-188.6589,5,0.04518542,-1.204431,-29.39008,-33.2928,-4.707209,-4.433082,-2.092061,8300
72.28,-69.9079,5,-1.472464,-1.979816,-78.06184,-36.76613,-4.30233,-4.489261,-6.385292,8324
72.3,-53.25079,5,-3.13653,-2.90242,-83.95498,-21.53015,-4.36981,-4.6854,-8.214817,8276
72.32,-3.215149,5,-4.286943,-3.554712,-56.16871,-5.886307,-4.30233,-4.730756,-5.970203,8280
72.34,1.203171,5,-3.127627,-3.345919,57.86186,5.656805,-4.09989,-4.327499,2.409941,8280
72.36,-55.18954,5,-2.369477,-2.836835,43.44964,11.17701,-4.03241,-3.971122,6.350101,8276
72.38,-55.00392,5,-1.635778,-2.255264,39.2359,6.748789,-3.695009,-3.550914,8.5545,8268
72.4,37.51528,5,-0.8573819,-1.65078,28.70154,1.514402,-2.75029,-2.765188,10.74332,8236
72.42,-118.2412,5,-0.5965945,-1.270946,9.541233,6.334203,-3.02021,-2.628591,9.06591,8204
72.44,-194.0036,5,-0.5985489,-1.15366,4.671002,-6.405127,-3.357609,-2.851539,5.878747,8220
72.46,-247.1471,5,-0.2261708,-1.285601,23.54124,-23.95017,-3.762489,-3.208143,2.956461,8212
72.48,-21.64526,5,-0.4046948,-1.605843,-10.15343,-39.98929,-2.68281,-2.784963,1.38659,8236
72.5,-139.3537,5,-1.063653,-2.118298,-41.81757,-25.83408,-3.02021,-2.885218,-1.680761,8172
72.52,-119.4854,5,-2.477275,-2.749867,-75.45116,-23.70463,-3.08769,-3.117687,-4.767689,8224
72.54,-73.65677,5,-3.60702,-3.412491,-53.35955,-16.49763,-3.08769,-3.285053,-5.132571,8200
72.56,30.02335,5,-2.214908,-3.213785,49.41911,-11.5682,-2.345409,-2.617516,2.944028,8212
72.58,-139.7649,5,-1.820352,-2.899616,17.86185,0.6153026,-2.75029,-2.499775,3.936921,8164
72.6,-191.2046,5,-2.117581,-2.791647,-11.08473,-7.616448,-3.02021,-2.687478,1.887476,8200
72.62,-8.689819,5,-1.920689,-2.722267,15.23589,-18.5826,-2.075489,-2.202867,3.25724,8208
72.64,-136.5465,5,-1.46805,-2.622287,18.442,-9.092445,-2.345409,-2.099123,3.732557,8136
72.66,12.7478,5,-1.672728,-2.491877,-13.06946,-14.75789,-1.40069,-1.537721,4.108982,8196
72.68,-112.6966,5,-2.147988,-2.568949,-30.04657,-2.000848,-1.738089,-1.569766,2.474376,8124
72.7,-152.601,5,-2.819679,-2.767105,-0.6877776,-4.12617,-2.075489,-1.864717,0.8091437,8176
72.72,41.66922,5,-2.636383,-2.787035,35.05269,-9.828957,-1.13077,-1.372387,3.928374,8180
72.74,-97.93958,5,-2.159573,-2.651039,15.08322,4.244364,-1.46817,-1.266786,5.742663,8120
72.76,-169.0561,5,-2.181128,-2.533303,0.4572606,-0.649415,-1.805569,-1.435817,4.882706,8128
72.78,-132.5956,5,-1.779632,-2.464599,19.48017,-12.39415,-1.670609,-1.402933,4.990465,8148
72.8,-209.5,5,-1.807222,-2.631211,-7.17633,-16.57564,-2.075489,-1.66195,2.750245,8116
72.82,4.387939,5,-2.357068,-2.900754,-31.83282,-24.91742,-1.06329,-1.248254,2.280433,8160
72.84,-51.47784,5,-3.269769,-3.299671,-47.48169,-5.823104,-1.13077,-1.189156,1.310645,8096
72.86,-90.47211,5,-4.200507,-3.613657,-25.9855,4.171283,-1.40069,-1.374886,1.353017,8092
72.88,-138.9756,5,-3.635619,-3.570914,43.0527,4.81459,-1.738089,-1.510108,4.798369,8124
72.9,27.48407,5,-2.965859,-3.272953,17.92292,-1.563303,-0.7933693,-0.8911664,8.928682,8144
72.92,-101.9254,5,-2.884904,-3.073591,-4.168695,10.6278,-1.06329,-0.7810856,9.03788,7968
72.94,-167.7755,5,-3.059303,-2.974478,-6.19923,6.050747,-1.40069,-0.9782009,7.861445,8100
72.96,-213.8365,5,-2.406009,-2.890978,33.49544,-5.971188,-1.738089,-1.202659,7.923115,8108
72.98,-15.93341,5,-2.267912,-2.899414,0.7778715,-18.68952,-0.7258892,-0.7091299,8.254089,8132
73,-92.55261,5,-2.669561,-3.076878,-29.52748,-5.84743,-0.7933693,-0.5962051,6.733088,8076
73.02,-163.4704,5,-3.537514,-3.368774,-52.44352,-2.374182,-1.19825,-0.8898076,4.343323,8088
73.04,-131.5468,5,-4.81929,-3.930869,-3.985489,-2.977904,-1.40069,-1.268705,2.145474,8084
73.06,-169.6868,5,-3.849873,-4.025113,45.20537,-3.549708,-1.738089,-1.421548,6.369094,8124
73.08,1.808105,5,-3.497249,-3.91571,5.617568,-8.634982,-0.7933693,-0.845271,9.330513,8152
73.1,56.38678,5,-3.805944,-3.802689,-25.86336,6.60161,-0.05108929,-0.1799081,10.82564,8104
73.12,-82.39471,5,-4.632369,-3.764479,-46.90154,24.78911,-0.4559698,-0.2205122,10.12487,8060
73.14,-113.6603,5,-5.261301,-3.794487,26.22826,24.82092,-0.7933693,-0.4938717,10.15332,8032
73.16,5.754028,5,-3.699891,-3.309592,63.46492,16.69633,-0.1185694,0.03355492,16.87005,8080
73.18,42.5199,5,-2.641501,-2.663384,37.58705,20.06308,0.6237106,0.819033,20.29854,8092
73.2,-146.2319,5,-2.327115,-2.181736,3.327491,24.69671,0.15135,0.8438188,18.57425,8008
73.22,-12.17456,5,-2.529393,-1.947641,-8.733582,9.619477,0.89363,1.184307,16.8879,8040
73.24,-119.7905,5,-2.421363,-1.939863,1.907643,12.66093,0.5562305,1.095202,15.09588,7968
73.26,7.755371,5,-2.593227,-1.95835,-7.512208,4.585972,1.23103,1.410341,14.61627,8000
73.28,-76.5614,5,-2.547695,-2.014723,-2.489305,11.84844,1.02859,1.423312,13.92318,7960
73.3,-163.6125,5,-2.576062,-2.089902,7.907645,8.000155,0.5562305,1.131692,12.2444,7940
73.32,-27.06262,5,-2.018265,-2.034102,13.75497,-5.005582,1.23103,1.462917,13.36252,8004
73.34,-73.10291,5,-2.226662,-2.158644,-18.73359,0.83175,1.23103,1.554335,11.49779,7980
73.36,28.26306,5,-2.478381,-2.198506,-5.649612,1.076077,1.90583,1.958793,11.60589,7972
73.38,-105.4299,5,-2.324876,-2.16491,10.671,10.74628,1.500951,1.914534,11.34208,7916
73.4,-149.0568,5,-2.274838,-2.139541,11.5565,3.324367,1.23103,1.721307,10.06499,7944
73.42,35.64368,5,-1.776797,-2.014374,18.04505,-7.320728,2.243231,2.282166,11.67136,7964
73.44,-95.599,5,-2.07264,-2.089953,-24.58092,5.109895,1.90583,2.261589,9.479805,7912
73.46,-148.8337,5,-2.348621,-2.191767,-9.313735,0.8271179,1.568431,2.002163,7.60778,7948
73.48,-21.55933,5,-1.569628,-2.068028,27.5107,-9.789328,2.243231,2.385908,9.734097,7948
73.5,-81.76514,5,-1.875665,-2.156823,-18.38244,-2.996779,2.175751,2.445326,7.610358,7900
73.52,-130.5482,5,-2.339816,-2.33703,-23.43588,-3.169597,1.90583,2.238486,5.482769,7924
73.54,63.38953,5,-1.790772,-2.216113,19.14429,-9.69313,2.985511,2.873695,8.527618,7912
73.56,-85.03918,5,-2.20214,-2.264535,-18.58091,6.772628,2.58063,2.847318,6.761036,7872
73.58,-122.8416,5,-2.479264,-2.290993,18.01452,3.471786,2.31071,2.636766,5.752723,7884
73.6,62.74939,5,-1.827333,-2.082838,27.00689,-4.354701,3.32291,3.235926,8.966484,7904
73.62,-94.97852,5,-2.010972,-2.042851,-17.89389,9.626611,2.850551,3.175647,7.50445,7848
73.64,-66.58752,5,-2.358851,-2.035109,9.571767,4.119102,2.918031,3.131487,6.59404,7884
73.66,-141.1117,5,-1.446892,-1.87493,34.10613,0.1300175,2.58063,3.023591,7.837541,7888
73.68,50.03406,5,-1.566491,-1.812257,-15.32901,-9.271697,3.592831,3.531089,7.701742,7904
73.7,-14.97998,5,-2.332755,-1.994305,-35.26794,6.349427,3.525351,3.601324,5.786034,7808
73.72,-73.31226,5,-2.378899,-1.984666,18.24353,10.13821,3.25543,3.490696,6.396126,7812
73.74,-75.28979,5,-1.633669,-1.761492,26.79315,4.232342,3.25543,3.545025,8.272676,7844
73.76,79.15735,5,-1.525442,-1.572653,-2.107625,0.107824,4.20015,4.119222,9.202259,7848
73.78,-205.077,5,-1.605829,-1.574616,-4.214497,12.76203,2.985511,3.609277,6.514607,7792
73.8,14.92456,5,-1.161767,-1.382638,22.82368,-8.74309,3.93023,3.984288,7.951661,7848
73.82,-102.5726,5,-0.8509153,-1.365652,8.319858,-1.942389,3.592831,3.951608,6.697469,7780
73.84,-106.2306,5,-1.158772,-1.457342,-30.55038,-8.347354,3.525351,3.824814,4.315295,7828
73.86,-87.03894,5,-0.9846516,-1.560547,9.342759,-13.54408,3.592831,3.8147,3.646883,7820
73.88,-137.2766,5,-1.03172,-1.740811,-10.88625,-15.02382,3.32291,3.629839,1.866762,7808
73.9,-117.236,5,-1.585317,-2.082715,-29.39008,-19.26167,3.25543,3.429863,-0.5790761,7844
73.92,75.14624,5,-1.620626,-2.23514,-10.85572,-19.56657,4.267631,3.969865,1.383809,7840
73.94,18.99414,5,-2.105347,-2.32477,-24.99313,1.285723,4.335111,4.218937,1.803899,7780
73.96,-75.5061,5,-2.481574,-2.282006,11.08322,10.50283,3.93023,4.07043,2.046576,7776
73.98,-136.6351,5,-1.333304,-1.910034,40.47254,3.063008,3.592831,3.965792,4.882651,7816
74,-133.3395,5,-1.060436,-1.763202,14.02979,-8.960185,3.525351,3.86602,3.55235,7816
74.02,59.35449,5,-1.277358,-1.785981,-10.51984,-15.4682,4.53755,4.360266,3.342857,7808
74.04,4.222168,5,-1.93417,-1.938059,-33.37481,1.880723,4.53755,4.495177,2.358975,7756
74.06,-53.04895,5,-2.315041,-1.96753,6.915278,8.95288,4.267631,4.374676,2.569603,7748
74.08,-48.95251,5,-1.241084,-1.616691,38.22827,4.251853,4.335111,4.522937,6.117989,7788
74.1,81.08533,5,-0.9817458,-1.290419,14.13665,1.012409,5.21235,5.11271,7.355635,7776
74.12,-216.4069,5,-0.9370822,-1.184582,0.07558119,11.34846,3.93023,4.569653,4.513402,7708
74.14,31.14856,5,-0.8494712,-1.05661,17.02215,-11.7819,4.94243,4.907895,4.820588,7812
74.16,-29.41272,5,-0.3110195,-0.974591,15.12902,-3.906304,4.94243,5.100456,5.15353,7732
74.18,-49.43506,5,-0.6721402,-0.9745871,-32.26031,-3.645205,4.94243,5.109679,3.202973,7748
74.2,-82.54114,5,-1.328702,-1.2047,13.40383,-3.388003,4.67251,4.849259,0.5857759,7740
74.22,-62.42871,5,-0.8756738,-1.241148,9.892378,-8.095521,4.67251,4.811362,1.827024,7756
74.24,-77.23218,5,-1.086848,-1.391857,-16.41297,-8.518574,4.53755,4.685394,0.5598807,7768
74.26,-42.84241,5,-1.009735,-1.46757,-0.7335792,-10.51569,4.67251,4.728951,0.8671606,7768
74.28,105.7317,5,-1.295124,-1.495831,-13.93969,-7.08106,5.54975,5.245267,1.971926,7780
74.3,50.13904,5,-1.483065,-1.401019,-3.909153,10.83492,5.61723,5.511746,3.197938,7696
74.32,-219.6251,5,-1.232596,-1.220113,13.4191,15.70734,4.267631,4.862072,2.380271,7692
74.34,10.41931,5,-0.1258971,-0.8168813,45.90766,-11.67218,5.21235,5.254416,5.214076,7780
74.36,-107.395,5,0.281771,-0.7156037,15.58704,-8.05243,4.87495,5.214772,3.290069,7720
74.38,-74.25281,5,-0.0315021,-0.7788717,-25.63435,-16.49672,5.009911,5.185249,0.5843384,7740
74.4,-104.5685,5,0.1895649,-0.8785678,8.121386,-19.56603,4.87495,5.092677,-0.6722305,7744
74.42,-91.84485,5,-0.08682511,-1.096346,-20.44351,-23.76321,4.87495,4.994605,-2.906313,7736
74.44,-66.55884,5,-0.8876028,-1.510771,-31.46641,-22.57157,4.87495,4.847015,-5.452113,7740
74.46,-38.03198,5,-1.127405,-1.790942,-15.43587,-18.41013,4.94243,4.833534,-4.978706,7736
74.48,-40.56616,5,-1.618791,-2.025877,-19.84809,-11.14399,4.87495,4.768551,-4.935745,7752
74.5,149.957,5,-1.563102,-1.920949,3.632834,-6.369543,5.95463,5.445776,-0.875464,7732
74.52,47.24329,5,-1.449739,-1.618276,6.075583,15.62282,5.887151,5.752852,1.680328,7680
74.54,-46.68274,5,-1.26425,-1.180557,20.09085,19.05116,5.54975,5.710202,2.883431,7684
74.56,-55.63428,5,-0.1306298,-0.6071829,57.29697,8.041743,5.54975,5.803157,5.167572,7696
74.58,-118.2012,5,0.4610815,-0.2830005,24.96108,-2.223173,5.27983,5.681374,3.68487,7700
74.6,-102.5181,5,0.1668098,-0.3710202,-9.634345,-14.3613,5.21235,5.472446,0.01244819,7724
74.62,-60.35315,5,-0.1241374,-0.663461,-14.47404,-19.8054,5.27983,5.355597,-2.131524,7716
74.64,10.01111,5,-0.8036301,-1.051077,-35.13054,-16.76719,5.54975,5.392007,-3.424239,7712
74.66,-32.63245,5,-1.477104,-1.413097,-25.34427,-5.487824,5.27983,5.208797,-4.014174,7696
74.68,-11.26819,5,-1.492962,-1.505953,1.800773,-2.273231,5.27983,5.188346,-2.05613,7716
74.7,-84.68628,5,-1.157856,-1.447133,20.19773,0.7484488,4.87495,5.01679,-0.7091753,7728
74.72,-48.46423,5,-1.058792,-1.380907,8.228255,-4.953711,4.94243,4.998354,-0.2475501,7748
74.74,119.8507,5,-0.6607839,-1.159975,12.83895,-6.018102,5.95463,5.647613,2.648242,7752
74.76,38.89246,5,-0.8503182,-0.9697099,-12.93206,10.9013,5.95463,5.901297,2.863287,7696
74.78,4.754761,5,-0.6598226,-0.6229994,9.403829,13.25814,5.95463,6.02835,3.962621,7708
74.8,-25.75549,5,0.2175516,-0.155524,41.70918,8.414968,5.95463,6.164323,5.498804,7688
74.82,-118.238,5,0.7195977,0.1286418,25.58704,0.2817175,5.54975,5.976901,3.757484,7696
74.84,-91.28333,5,0.7624714,0.1237088,0.7931387,-14.58953,5.54975,5.824902,0.8736184,7716
74.86,-1.674194,5,0.5886074,-0.07919483,-7.802285,-20.98114,5.95463,5.935224,-1.007867,7740
74.88,-14.70642,5,0.1432993,-0.3632055,-37.78703,-14.69344,5.95463,5.922729,-2.745197,7708
74.9,0.6130371,5,-0.7146948,-0.7033411,-37.97023,-8.977239,5.95463,5.827962,-4.329995,7664
74.92,6.30542,5,-0.1745054,-0.6604203,16.24353,-5.457741,6.02211,5.944658,-1.522523,7684
74.94,-102.3291,5,-0.1188521,-0.6280885,1.235887,-2.947959,5.48227,5.684964,-2.295569,7672
74.96,-37.3092,5,0.1444588,-0.5557991,16.65574,-13.06639,5.684711,5.712829,-2.028343,7720
74.98,-57.05103,5,0.3219255,-0.5654325,8.609936,-13.81477,5.61723,5.688738,-2.632417,7708
75,-61.99841,5,0.09748808,-0.672578,-15.66488,-15.58555,5.54975,5.593598,-4.099777,7704
75.02,-33.13477,5,-0.2076982,-0.8460169,-4.489305,-16.2048,5.61723,5.552364,-4.988972,7708
75.04,-86.43604,5,-0.3115388,-1.008297,-10.10763,-13.47787,5.27983,5.335986,-5.511874,7676
75.06,-51.07788,5,-0.6432959,-1.198889,-10.22977,-15.92846,5.27983,5.215403,-6.048133,7720
75.08,-37.24219,5,-0.6381126,-1.317486,-0.01602192,-13.98188,5.27983,5.191444,-5.281747,7700
75.1,-27.50647,5,-0.9425335,-1.432849,-16.42824,-10.25792,5.27983,5.16712,-5.153708,7740
75.12,-19.28723,5,-1.134769,-1.490181,-4.51984,-6.144372,5.27983,5.16181,-4.349561,7728
75.14,-18.74561,5,-1.045179,-1.427548,3.281689,-2.874048,5.27983,5.200254,-2.820903,7728
75.16,-20.10327,5,-1.030662,-1.329868,4.182453,-0.6802698,5.27983,5.233499,-1.863979,7748
75.18,138.6201,5,-0.8936202,-1.082547,6.609934,0.5485693,6.22455,5.84122,1.082265,7740
75.2,83.06104,5,-0.8053465,-0.7495486,6.716805,17.15157,6.35951,6.205915,3.001755,7680
75.22,16.96521,5,-0.6813011,-0.3287076,6.36566,22.05957,6.22455,6.290799,4.067916,7696
75.24,13.88708,5,-0.05942138,0.140582,47.02216,16.58932,6.29203,6.41629,5.556418,7668
75.26,-18.74548,5,0.9842173,0.6426451,44.47255,9.152065,6.29203,6.551455,6.632264,7688
75.28,-36.57593,5,1.243949,0.8867766,13.00688,0.05233884,6.29203,6.55966,4.442602,7676
75.3,-234.8707,5,1.287984,0.761695,0.6557342,-8.365398,5.144871,5.807387,-0.4569631,7696
75.32,-63.27783,5,1.050978,0.3908153,-7.069459,-33.01675,5.54975,5.63835,-3.572959,7744
75.34,-29.20764,5,0.529069,-0.2034334,-36.04657,-30.22314,5.61723,5.536091,-6.146927,7724
75.36,52.82056,5,-0.5322614,-0.7706263,-51.63436,-21.26842,5.95463,5.605004,-7.366523,7700
75.38,36.02441,5,-0.6848567,-0.9756078,1.556498,-6.572529,5.95463,5.696876,-5.230792,7656
75.4,15.90442,5,-0.4431421,-0.8366886,15.00688,0.6262606,5.95463,5.82239,-2.705953,7672
75.42,-67.73267,5,0.1226929,-0.5424045,30.93055,1.326763,5.61723,5.754181,-1.410918,7676
75.44,-61.54419,5,0.5314044,-0.2979825,16.85421,-8.022528,5.61723,5.741093,-1.534092,7704
75.46,-51.0199,5,0.332908,-0.3298591,-10.91679,-12.89603,5.61723,5.665198,-3.487244,7692
75.48,-15.69653,5,-0.269977,-0.5695946,-25.17634,-12.98681,5.684711,5.583117,-5.221459,7712
75.5,-14.49268,5,-0.4920449,-0.7578311,-13.83282,-8.747477,5.61723,5.507698,-4.945624,7696
75.52,-62.48877,5,-0.5454793,-0.8620356,-1.64961,-5.757582,5.27983,5.300161,-4.617199,7700
75.54,22.25769,5,-0.4723719,-0.8527291,1.877109,-8.727962,5.61723,5.443551,-3.180387,7720
75.56,5.809937,5,-0.5378059,-0.8381242,-3.954955,-1.896255,5.61723,5.513507,-2.535778,7704
75.58,-62.76318,5,-0.4006295,-0.7429168,8.075583,0.377265,5.27983,5.372078,-2.074754,7696
75.6,-36.53979,5,-0.05613314,-0.5949464,12.33513,-6.165793,5.34731,5.388364,-1.313975,7712
75.62,-56.18652,5,-0.1641055,-0.619816,-3.832817,-7.514192,5.21235,5.281071,-2.434165,7732
75.64,-27.47534,5,-0.2816054,-0.6924165,-5.664879,-9.961906,5.27983,5.255207,-2.80349,7724
75.66,-32.8999,5,-0.4404603,-0.8004721,-8.428238,-8.163919,5.21235,5.191045,-3.106857,7716
75.68,-21.97949,5,-0.5840735,-0.883186,-5.115261,-7.032508,5.21235,5.160543,-2.956387,7736
75.7,-5.953369,5,-0.613142,-0.9062663,-2.153427,-5.048742,5.27983,5.202188,-2.245323,7720
75.72,-21.36743,5,-0.6517727,-0.8953215,-0.5351062,-2.003649,5.21235,5.18954,-1.791561,7720
75.74,-18.47852,5,-0.6205158,-0.8439499,1.892376,-1.639597,5.21235,5.197214,-1.198449,7724
75.76,-18.81238,5,-0.546394,-0.7797832,3.464895,-1.342589,5.21235,5.213485,-0.6947463,7728
75.78,-7.789795,5,-0.516183,-0.7164735,1.235887,-1.244658,5.27983,5.264435,-0.3053883,7724
75.8,-13.29919,5,-0.4879458,-0.6572584,0.8236728,-0.1529092,5.27983,5.289243,-0.04049537,7732
75.82,-15.97913,5,-0.4347096,-0.5924615,1.648101,-0.1597618,5.27983,5.304749,0.2062698,7724
75.84,-17.38782,5,-0.3845944,-0.5387043,0.9763447,-0.5966295,5.27983,5.313332,0.3162425,7732
75.86,-18.45728,5,-0.3294626,-0.4961564,2.503063,-1.20856,5.27983,5.318857,0.3621458,7724
75.88,-18.70984,5,-0.3099373,-0.4733006,0.6862684,-1.783777,5.27983,5.318168,0.2684748,7732
75.9,-30.01172,5,-0.2980148,-0.4718761,0.2740546,-2.253405,5.21235,5.274547,0.0318788,7732
75.92,-13.02209,5,-0.2765572,-0.4720339,0.02977964,-3.751245,5.27983,5.295426,0.03105974,7716
75.94,-28.16467,5,-0.2604529,-0.4844848,-0.09235785,-3.106785,5.21235,5.264334,-0.1642416,7732
75.96,-12.91516,5,-0.2575619,-0.4865109,0.07558119,-4.19717,5.27983,5.289761,-0.1764884,7728
75.98,-16.51514,5,-0.2681298,-0.4952933,-0.519839,-3.344304,5.27983,5.298157,-0.2747135,7720
76,-18.06946,5,-0.2664771,-0.4916812,0.2435202,-3.152649,5.27983,5.301712,-0.2994702,7732
76.02,-30.10278,5,-0.2671718,-0.4962364,-0.3213652,-3.206379,5.21235,5.261074,-0.4973412,7724
76.04,-24.51196,5,-0.271598,-0.5098103,-0.01602192,-4.440904,5.21235,5.240706,-0.6388813,7716
76.06,-21.85718,5,-0.2815725,-0.5339448,-0.4587703,-4.657695,5.21235,5.230054,-0.7474092,7732
76.08,-9.408691,5,-0.2835705,-0.5427275,-0.1992282,-4.502117,5.27983,5.267233,-0.6299782,7732
76.1,-14.63599,5,-0.2905222,-0.5389611,-0.09235785,-3.120756,5.27983,5.284398,-0.5726045,7732
76.12,-17.12024,5,-0.2785472,-0.517864,0.5183294,-2.776932,5.27983,5.293809,-0.4934558,7732
76.14,-18.17932,5,-0.2640137,-0.4973761,-0.01602192,-2.847891,5.27983,5.297816,-0.4817796,7736
76.16,-18.0282,5,-0.2698089,-0.4875723,0.2129859,-2.97977,5.27983,5.296334,-0.5410345,7732
76.18,-5.917114,5,-0.2695742,-0.474629,-0.1534266,-3.024914,5.34731,5.335038,-0.4218673,7712
76.2,-22.58362,5,-0.2625071,-0.4637864,0.1824515,-1.879796,5.27983,5.312286,-0.4714436,7720
76.22,-18.79553,5,-0.2691631,-0.4545628,0.304589,-2.780821,5.27983,5.300006,-0.5174219,7720
76.24,-17.1875,5,-0.2494996,-0.4521685,0.3198562,-3.056294,5.27983,5.295958,-0.5062928,7716
76.26,-16.32141,5,-0.2561337,-0.4546709,0.06031401,-3.051674,5.27983,5.29284,-0.5429527,7720
76.28,-15.67981,5,-0.2622446,-0.4566922,-0.3060985,-2.93897,5.27983,5.290908,-0.5479693,7732
76.3,-15.38904,5,-0.258961,-0.4543978,0.1519171,-2.809153,5.27983,5.290999,-0.5172212,7720
76.32,-26.86987,5,-0.2545627,-0.4570816,-0.03128911,-2.732323,5.21235,5.251103,-0.6288462,7724
76.34,-9.662476,5,-0.2560751,-0.4579444,0.02977964,-3.807676,5.27983,5.273234,-0.5634999,7732
76.36,-12.88599,5,-0.2482465,-0.4581148,0.1061156,-2.805957,5.27983,5.284656,-0.5088665,7712
76.38,-14.24854,5,-0.2530163,-0.4477729,0.07558119,-2.453458,5.27983,5.28968,-0.4745061,7736
76.4,-15.12903,5,-0.2294044,-0.4303681,0.8389403,-2.436214,5.27983,5.294303,-0.4082081,7748
76.42,-15.95874,5,-0.2023019,-0.4121045,1.480162,-2.603693,5.27983,5.297892,-0.3870108,7712
76.44,-15.93115,5,-0.2066341,-0.4047432,0.06031401,-2.782077,5.27983,5.296152,-0.4723586,7724
76.46,-15.53674,5,-0.2049279,-0.4019013,0.1366499,-2.901681,5.27983,5.293946,-0.5157807,7732
76.48,-15.11511,5,-0.2054759,-0.4013782,0.2282531,-2.937943,5.27983,5.291996,-0.5493327,7736
76.5,-3.234253,5,-0.2047405,-0.3927908,-0.03128911,-2.895562,5.34731,5.331397,-0.4286093,7712
76.52,-20.33496,5,-0.1908292,-0.3819717,0.1977187,-1.740091,5.27983,5.310029,-0.4718524,7736
76.54,-16.99438,5,-0.1907272,-0.371377,0.4877952,-2.701969,5.27983,5.298784,-0.5297812,7736
76.56,-27.5094,5,-0.1575462,-0.3738858,1.556498,-3.134929,5.21235,5.255465,-0.6671502,7736
76.58,-20.54138,5,-0.2011833,-0.401105,-0.1992282,-4.333301,5.21235,5.228576,-0.9178616,7720
76.6,-17.78967,5,-0.1873035,-0.4252928,-0.2908313,-4.467605,5.21235,5.219996,-0.9137617,7728
76.62,-17.48621,5,-0.1772458,-0.4375173,0.3198562,-4.313971,5.21235,5.219464,-0.9002123,7728
76.64,-6.119629,5,-0.1817132,-0.4363304,-0.07709067,-4.142962,5.27983,5.25986,-0.7976006,7720
76.66,-11.81091,5,-0.1788044,-0.4242569,-0.07709067,-2.893721,5.27983,5.278512,-0.7363917,7752
76.68,9.180908,5,-0.182731,-0.3887585,0.2893218,-2.57943,5.41479,5.366621,-0.4468883,7720
76.7,-36.96716,5,-0.1733877,-0.3677271,0.2587874,-0.358784,5.21235,5.283776,-0.6954529,7720
76.72,-12.98547,5,-0.1781154,-0.3501523,0.3656577,-3.50487,5.27983,5.283202,-0.7205726,7724
76.74,-14.20264,5,-0.1055319,-0.3441243,3.861842,-3.402527,5.27983,5.289951,-0.6339986,7724
76.76,-13.63,5,-0.1665908,-0.3570927,-2.580908,-3.251873,5.27983,5.283249,-0.8525008,7732
76.78,-14.79285,5,-0.0914062,-0.341573,0.8389403,-3.349019,5.27983,5.290771,-0.6655155,7712
76.8,-14.35327,5,-0.1425411,-0.3485895,0.2282531,-3.357632,5.27983,5.284811,-0.8891471,7752
76.82,-13.06677,5,-0.1647655,-0.3585003,-1.252663,-3.242692,5.27983,5.279243,-0.9356466,7744
76.84,-12.94946,5,-0.1407799,-0.3548346,0.09084838,-3.116618,5.27983,5.281335,-0.8377179,7752
76.86,10.29895,5,-0.1500412,-0.3369849,-0.0007547362,-2.938293,5.41479,5.362247,-0.5838933,7760
76.88,-34.70288,5,-0.162964,-0.3332306,-0.5351062,-0.5046517,5.21235,5.275287,-0.8518769,7752
76.9,-22.39612,5,-0.1532512,-0.3263408,0.1824515,-3.468743,5.21235,5.23662,-0.9167384,7756
76.92,-41.41113,5,-0.09167005,-0.3518068,4.90001,-4.437518,5.077391,5.144314,-1.182529,7744
76.94,-4.563354,5,-0.1609202,-0.3984462,-3.313734,-6.711463,5.21235,5.174353,-1.317129,7740
76.96,0.1495361,5,-0.1030668,-0.4081287,0.9610775,-4.666793,5.27983,5.24058,-0.9480076,7752
76.98,-7.196289,5,-0.1931407,-0.4082482,-2.870985,-2.540889,5.27983,5.260746,-1.029903,7732
77,-22.69788,5,-0.1340384,-0.3751795,0.6557342,-2.103023,5.21235,5.238523,-0.8743004,7752
77.02,-6.619995,5,-0.1532968,-0.3566017,0.9000088,-3.28418,5.27983,5.263261,-0.8804524,7752
77.04,-9.569946,5,-0.1483428,-0.3473839,-0.3213652,-2.454484,5.27983,5.273572,-0.8353423,7728
77.06,-10.47485,5,-0.151886,-0.3326283,-0.6267089,-2.190316,5.27983,5.277735,-0.785073,7752
77.08,-10.86707,5,-0.1350643,-0.3148919,-0.107625,-2.160871,5.27983,5.281175,-0.7125778,7760
77.1,-10.47888,5,-0.144836,-0.3056251,-0.01602192,-2.144621,5.27983,5.2802,-0.7298833,7748
77.12,-21.25146,5,-0.1523964,-0.3084072,-0.2755641,-2.090901,5.21235,5.237864,-0.8520156,7744
77.14,-4.276733,5,-0.1260206,-0.3010252,-0.06182348,-3.203268,5.27983,5.263212,-0.6855106,7744
77.16,-7.596313,5,-0.1241342,-0.2983575,-0.07709067,-2.228867,5.27983,5.274713,-0.6551419,7740
77.18,-21.51733,5,-0.0864506,-0.2829263,1.388559,-2.073113,5.21235,5.244262,-0.6686404,7736
77.2,-28.61279,5,-0.08165661,-0.2878444,0.09084838,-3.41529,5.144871,5.187615,-0.9351151,7748
77.22,2.311401,5,-0.08809143,-0.3004636,-0.6725109,-4.943993,5.27983,5.240399,-0.8667282,7732
77.24,6.212158,5,-0.09324569,-0.300596,-0.7183124,-2.791118,5.34731,5.305233,-0.6790882,7728
77.26,-15.11084,5,-0.0617744,-0.2676719,1.43436,-1.110716,5.27983,5.29914,-0.5935345,7724
77.28,-15.71289,5,0.02895509,-0.2146263,4.487797,-2.460179,5.27983,5.303938,-0.4963068,7732
77.3,-15.17969,5,0.01745482,-0.2046373,-2.107625,-3.372216,5.27983,5.295793,-0.8096769,7724
77.32,-14.85645,5,0.04717612,-0.2031689,-0.01602192,-4.022613,5.27983,5.291296,-0.9299089,7716
77.34,-13.396,5,0.0003453922,-0.224887,-0.7488468,-4.263204,5.27983,5.279871,-1.210485,7740
77.36,-12.6228,5,0.006281558,-0.2393635,-0.962587,-4.296628,5.27983,5.275727,-1.250499,7716
77.38,-13.05566,5,0.02711005,-0.2429122,-0.09235785,-4.313094,5.27983,5.276756,-1.259019,7720
77.4,-12.93274,5,0.005383901,-0.2521862,-0.3824344,-4.295797,5.27983,5.273183,-1.391657,7736
77.42,10.37524,5,0.006178679,-0.2416776,-0.4587703,-4.225048,5.41479,5.352692,-1.151885,7724
77.44,-35.3418,5,0.01487461,-0.238642,-0.183961,-1.932059,5.21235,5.267593,-1.426136,7736
77.46,-12.63635,5,0.04885951,-0.2209958,1.525963,-5.121205,5.27983,5.271987,-1.393065,7740
77.48,-13.0415,5,0.0489713,-0.2374551,-2.229764,-4.93356,5.27983,5.270075,-1.560562,7716
77.5,-12.48938,5,0.01497215,-0.2552716,-0.107625,-4.737652,5.27983,5.264821,-1.681314,7732
77.52,-11.56921,5,-0.008824592,-0.2696621,-1.069457,-4.472318,5.27983,5.260761,-1.718071,7736
77.54,-11.72559,5,0.01164091,-0.2681446,-0.0007547362,-4.272897,5.27983,5.263471,-1.624873,7708
77.56,-11.95312,5,0.009767519,-0.2647873,0.06031401,-4.149822,5.27983,5.264489,-1.629843,7744
77.58,-11.77478,5,0.003719909,-0.2624437,-0.519839,-4.069736,5.27983,5.263798,-1.643297,7736
77.6,-11.82581,5,0.01679724,-0.2556347,0.1213828,-4.041552,5.27983,5.265086,-1.604529,7728
77.62,-11.50549,5,0.006791152,-0.2533981,-0.1228922,-3.992623,5.27983,5.263702,-1.636795,7736
77.64,-11.33154,5,0.01506647,-0.2482593,-0.1686933,-3.95424,5.27983,5.26407,-1.605995,7728
77.66,-11.54749,5,0.03088011,-0.2395856,0.04504682,-3.963326,5.27983,5.265889,-1.572767,7728
77.68,-23.21851,5,0.0354512,-0.2408621,-0.01602192,-4.030572,5.21235,5.225544,-1.726896,7732
77.7,-6.290405,5,0.04491708,-0.2402873,-0.1228922,-5.258362,5.27983,5.248064,-1.673764,7736
77.72,-9.541992,5,0.04751342,-0.2437733,-0.04655629,-4.369011,5.27983,5.25803,-1.678948,7732
77.74,-10.90845,5,0.04327257,-0.237307,0.06031401,-4.096603,5.27983,5.262076,-1.67445,7724
77.76,-11.18738,5,0.0404607,-0.2310417,0.1366499,-4.044207,5.27983,5.262703,-1.68978,7732
77.78,-11.37805,5,0.0540905,-0.2224767,0.1213828,-4.082512,5.27983,5.263979,-1.669014,7736
77.8,-11.16724,5,0.04870376,-0.2190122,-0.07709067,-4.107487,5.27983,5.262699,-1.708831,7728
77.82,-10.89062,5,0.05136754,-0.215917,-0.06182348,-4.110324,5.27983,5.261912,-1.711595,7732
77.84,-10.82727,5,0.05948826,-0.2112023,0.06031401,-4.110467,5.27983,5.262214,-1.700882,7736
77.86,-10.33142,5,0.04513237,-0.2118373,-0.06182348,-4.054213,5.27983,5.259872,-1.746193,7732
77.88,-21.65942,5,0.0535331,-0.216165,-0.0007547362,-4.019082,5.21235,5.21949,-1.8475,7736
77.9,-4.472046,5,0.05266361,-0.2184586,0.04504682,-5.109147,5.27983,5.241608,-1.784756,7744
77.92,-19.15881,5,0.05379424,-0.229656,-0.183961,-4.122159,5.21235,5.211572,-1.886397,7732
77.94,-15.07959,5,0.05020472,-0.2344718,0.3961921,-4.940406,5.21235,5.198348,-1.919473,7728
77.96,-2.30188,5,0.07196473,-0.2314902,-0.3824344,-5.116099,5.27983,5.235938,-1.769282,7736
77.98,-19.27698,5,0.08024764,-0.2285246,0.2740546,-3.996565,5.21235,5.213197,-1.852659,7716
78,-15.57471,5,0.06156383,-0.2288131,0.1366499,-4.907409,5.21235,5.199301,-1.961604,7728
78.02,-2.413208,5,0.07591159,-0.226593,-0.1381594,-5.156824,5.27983,5.234833,-1.840227,7732
78.04,-7.174927,5,0.07030418,-0.2205854,0.2587874,-3.974435,5.27983,5.250198,-1.806748,7716
78.06,2.907715,5,0.05415507,-0.2002843,-0.183961,-3.594084,5.34731,5.295515,-1.657574,7724
78.08,-26.09253,5,0.06586995,-0.1869358,-0.107625,-2.41308,5.21235,5.235651,-1.79573,7728
78.1,-5.891357,5,0.07584734,-0.1719448,0.2435202,-4.56513,5.27983,5.248783,-1.733877,7740
78.12,-7.785034,5,0.09584622,-0.171345,-0.4740371,-4.011355,5.27983,5.255702,-1.717382,7720
78.14,-7.47583,5,0.04750164,-0.1778586,-0.1686933,-3.67269,5.27983,5.25251,-1.810914,7728
78.16,-7.445557,5,0.0684614,-0.1702998,0.1671843,-3.486512,5.27983,5.255366,-1.684216,7716
78.18,-7.842529,5,0.08320338,-0.1582406,0.2282531,-3.408133,5.27983,5.258689,-1.624571,7716
78.2,-19.2583,5,0.0756337,-0.1594201,-0.01602192,-3.393829,5.21235,5.217637,-1.780207,7732
78.22,-1.729492,5,0.07029813,-0.1611184,-0.1228922,-4.490519,5.27983,5.238689,-1.713796,7736
78.24,6.98938,5,0.06986712,-0.1560701,0.07558119,-3.416806,5.34731,5.289634,-1.519801,7744
78.26,-22.59448,5,0.05778204,-0.1504496,0.1213828,-1.836845,5.21235,5.231157,-1.664272,7720
78.28,-2.543823,5,0.06204659,-0.1365563,0.304589,-3.76496,5.27983,5.245637,-1.559018,7728
78.3,-16.56042,5,0.1001296,-0.1363084,0.2587874,-3.164317,5.21235,5.215769,-1.596799,7732
78.32,-11.07874,5,0.04945909,-0.1517906,0.1213828,-4.009548,5.21235,5.195179,-1.773423,7716
78.34,2.933594,5,0.05898844,-0.1576025,-0.7030448,-4.018722,5.27983,5.229584,-1.582768,7740
78.36,-2.68457,5,0.09263732,-0.1413632,0.3351234,-2.723989,5.27983,5.251613,-1.390491,7732
78.38,-4.783936,5,0.07361738,-0.12255,0.2893218,-2.3712,5.27983,5.258184,-1.399963,7748
78.4,-16.47693,5,0.0690129,-0.1159212,0.04504682,-2.356678,5.21235,5.218528,-1.523156,7716
78.42,0.8676758,5,0.07388943,-0.1098758,0.07558119,-3.514646,5.27983,5.241148,-1.423464,7728
78.44,-1.967651,5,0.07305115,-0.1089135,-0.01602192,-2.523067,5.27983,5.251462,-1.373803,7728
78.46,-3.244019,5,0.07589687,-0.09531663,0.06031401,-2.162892,5.27983,5.257443,-1.290216,7736
78.48,-3.81665,5,0.08732816,-0.07888479,-0.1534266,-2.089859,5.27983,5.26112,-1.231667,7744
78.5,-15.64014,5,0.100136,-0.07177552,0.1213828,-2.16523,5.21235,5.222581,-1.337463,7736
78.52,-9.641846,5,0.08603159,-0.08029769,-0.1228922,-3.357648,5.21235,5.201943,-1.457145,7728
78.54,4.435303,5,0.09564197,-0.08645804,-0.1381594,-3.544573,5.27983,5.234993,-1.326298,7720
78.56,-0.1552734,5,0.09145533,-0.08354154,0.02977964,-2.233116,5.27983,5.250784,-1.25412,7732
78.58,-13.47534,5,0.08306646,-0.07685296,-0.07709067,-1.826835,5.21235,5.216797,-1.338096,7728
78.6,-8.79895,5,0.09973093,-0.0714131,0.4877952,-2.956339,5.21235,5.20292,-1.342566,7736
78.62,-6.466797,5,0.09147275,-0.08192303,-0.01602192,-3.199465,5.21235,5.194687,-1.415365,7736
78.64,6.28125,5,0.08289509,-0.08414256,-0.4129688,-3.069363,5.27983,5.231539,-1.284136,7744
78.66,0.7835693,5,0.1008891,-0.06905545,0.09084838,-1.75733,5.27983,5.251979,-1.132253,7736
78.68,33.08093,5,0.1032836,-0.02075921,0.2282531,-1.377432,5.48227,5.382788,-0.6652478,7736
78.7,-18.8584,5,0.1213477,0.01989451,0.1213828,1.998251,5.27983,5.320205,-0.8082219,7732
78.72,-19.83716,5,0.1006059,0.0412772,0.1671843,-0.9651822,5.21235,5.244303,-1.096947,7748
78.74,11.13086,5,0.2390954,0.06859607,9.266423,-3.431424,5.34731,5.305476,-0.7190599,7732
78.76,-20.49658,5,0.2472618,0.05947426,-2.611443,-2.014182,5.21235,5.248154,-1.118426,7748
78.78,-3.091431,5,0.3081485,0.07360473,1.602299,-4.456152,5.27983,5.26723,-1.103046,7764
78.8,7.150024,5,0.2418223,0.04935051,-0.3213652,-4.065441,5.34731,5.30198,-1.38383,7752
78.82,-9.880615,5,0.2327088,0.03565546,-2.458771,-2.773161,5.27983,5.276231,-1.521841,7744
78.84,-7.349976,5,0.2570525,0.03876992,0.8694746,-3.723621,5.27983,5.267524,-1.550367,7748
78.86,-5.652344,5,0.2314568,0.02192763,-0.1534266,-4.009663,5.27983,5.257829,-1.75046,7744
78.88,-16.23596,5,0.2255614,-0.001048174,-0.8251827,-4.033672,5.21235,5.212224,-1.948649,7752
78.9,0.6292725,5,0.2415581,-0.01119643,0.5183294,-5.147572,5.27983,5.235007,-1.878481,7756
78.92,-2.010742,5,0.2032034,-0.03153665,-0.4587703,-4.052376,5.27983,5.240503,-1.98551,7756
78.94,-15.49243,5,0.2315429,-0.03115251,0.04504682,-3.718658,5.21235,5.208083,-1.996804,7740
78.96,-10.80945,5,0.2231737,-0.03850006,0.4267263,-4.830381,5.21235,5.191236,-2.12521,7748
78.98,3.224487,5,0.2080843,-0.05115047,-0.6877776,-5.014788,5.27983,5.221794,-2.095159,7728
79,-13.60022,5,0.2361191,-0.05155347,-0.183961,-3.841495,5.21235,5.200138,-2.096926,7736
79.02,0.6486816,5,0.2468081,-0.03726578,0.5183294,-4.776886,5.27983,5.231545,-2.011305,7752
79.04,20.44336,5,0.214871,-0.02394755,-0.5045714,-3.797409,5.41479,5.320756,-1.835043,7728
79.06,-26.48633,5,0.227024,-0.007908337,-0.0007547362,-1.270144,5.21235,5.241132,-2.015873,7732
79.08,-4.297607,5,0.2699557,0.0231189,2.182452,-4.455427,5.27983,5.248925,-1.922262,7760
79.1,7.869507,5,0.2285178,0.01158754,-2.687778,-4.149316,5.34731,5.283219,-2.020573,7744
79.12,-20.49182,5,0.2407676,0.005365446,0.2740546,-2.811373,5.21235,5.220761,-2.143298,7744
79.14,0.5897217,5,0.2076532,-0.001398627,-0.2755641,-4.651209,5.27983,5.229064,-2.162594,7748
79.16,11.16711,5,0.2012268,-0.008463945,-1.725946,-3.687924,5.34731,5.274001,-1.983779,7752
79.18,-18.43469,5,0.2136874,-0.003614467,0.7626044,-2.076472,5.21235,5.217643,-2.041504,7756
79.2,-9.825562,5,0.1984743,-0.003273379,0.3503905,-3.945448,5.21235,5.190033,-2.127414,7748
79.22,5.968628,5,0.1909963,-0.01553684,-1.451137,-4.255198,5.27983,5.217313,-2.038451,7748
79.24,-9.505737,5,0.1917583,-0.02291993,0.8847416,-2.892147,5.21235,5.191946,-2.038656,7748
79.26,-5.640869,5,0.1812042,-0.02216863,-0.01602192,-3.516496,5.21235,5.180884,-2.021459,7736
79.28,18.68335,5,0.204422,-0.00426564,-0.3213652,-3.563528,5.34731,5.260929,-1.66976,7748
79.3,-15.14563,5,0.2101879,0.01011558,0.3656577,-1.208647,5.21235,5.216835,-1.769401,7740
79.32,2.962158,5,0.2174314,0.03743705,1.373291,-3.065126,5.27983,5.23707,-1.663122,7752
79.34,0.7115479,5,0.2261294,0.04527267,-1.099992,-2.4884,5.27983,5.244823,-1.661728,7728
79.36,-12.10168,5,0.2456608,0.05431922,0.9458106,-2.424953,5.21235,5.209695,-1.731528,7740
79.38,5.184326,5,0.2232741,0.0536321,-0.3366328,-3.572976,5.27983,5.229805,-1.744434,7748
79.4,2.25293,5,0.2317566,0.05288014,-0.9015187,-2.613223,5.27983,5.24037,-1.678208,7724
79.42,-11.96204,5,0.2828122,0.06989464,0.7320697,-2.473621,5.21235,5.211764,-1.655797,7732
79.44,5.012573,5,0.2389275,0.06780982,-0.1228922,-3.641075,5.27983,5.230659,-1.766724,7740
79.46,-9.068848,5,0.235013,0.05423898,-0.3824344,-2.709122,5.21235,5.198116,-1.874193,7720
79.48,-5.293579,5,0.2570562,0.05484033,0.3351234,-3.589133,5.21235,5.187582,-1.83541,7728
79.5,-3.827148,5,0.2566423,0.04589219,0.1061156,-3.786616,5.21235,5.182158,-1.898983,7744
79.52,8.258301,5,0.2558799,0.04637983,-0.1534266,-3.741509,5.27983,5.220523,-1.785821,7732
79.54,14.3158,5,0.2629873,0.06598838,0.3503905,-2.491529,5.34731,5.279762,-1.568347,7728
79.56,-16.53076,5,0.2646739,0.08451918,0.3198562,-1.111303,5.21235,5.224582,-1.735422,7752
79.58,2.985474,5,0.2780234,0.1047684,0.304589,-3.330402,5.27983,5.239213,-1.689499,7740
79.6,1.403076,5,0.2795989,0.1019306,-0.6572433,-2.82792,5.27983,5.243392,-1.744797,7740
79.62,1.322754,5,0.2588853,0.1004137,0.2435202,-2.585498,5.27983,5.242728,-1.773528,7728
79.64,1.484131,5,0.2612764,0.1040301,-0.2602969,-2.439948,5.27983,5.243367,-1.729975,7720
79.66,12.74622,5,0.2796506,0.1220197,0.2740546,-2.362664,5.34731,5.28686,-1.527433,7728
79.68,-15.64087,5,0.2700528,0.1244001,0.1977187,-1.191429,5.21235,5.223141,-1.755486,7716
79.7,5.166992,5,0.2655007,0.1287727,0.3961921,-3.239567,5.27983,5.233515,-1.715893,7732
79.72,3.687012,5,0.2755884,0.1220108,-0.6572433,-2.522563,5.27983,5.239342,-1.686323,7728
79.74,2.567871,5,0.285607,0.1296694,0.6404669,-2.232345,5.27983,5.244449,-1.61625,7728
79.76,2.890381,5,0.2556112,0.1297548,-0.3519,-2.050575,5.27983,5.242384,-1.676005,7732
79.78,14.50146,5,0.2744013,0.1465067,-0.1381594,-1.933979,5.34731,5.285205,-1.444128,7732
79.8,-13.93726,5,0.2720821,0.1511342,0.3351234,-0.7256622,5.21235,5.222736,-1.632091,7736
79.82,-4.662354,5,0.2627841,0.1482384,0.304589,-2.763271,5.21235,5.192476,-1.732298,7736
79.84,33.39673,5,0.2986457,0.159716,-0.2908313,-3.21439,5.41479,5.305296,-1.299224,7744
79.86,-16.55176,5,0.2922738,0.1627726,0.3656577,0.2736993,5.21235,5.234265,-1.53299,7736
79.88,-5.712158,5,0.2659868,0.1695547,1.388559,-2.374213,5.21235,5.197904,-1.668648,7736
79.9,6.78894,5,0.4418789,0.2025111,5.87711,-3.594766,5.27983,5.243265,-1.255421,7716
79.92,-8.329102,5,0.3390978,0.1772729,-0.7488468,-2.819568,5.21235,5.203607,-1.845555,7736
79.94,-5.181519,5,0.4043669,0.1787398,0.6557342,-4.057321,5.21235,5.19381,-1.784354,7728
79.96,-4.709961,5,0.4247847,0.1693925,1.617566,-4.628722,5.21235,5.189026,-1.945801,7732
79.98,7.095825,5,0.4129791,0.1592181,0.1977187,-4.897855,5.27983,5.22331,-2.016789,7724
80,1.380737,5,0.4256446,0.1599892,0.3198562,-3.931817,5.27983,5.239211,-2.04306,7752
80.02,44.55524,-5,0.4410101,0.172668,0.7015356,-3.927163,5.27983,5.246189,-2.09714,7736
80.04,47.74591,-5,0.4173372,0.2212058,-0.03128911,0.5617453,5.27983,5.243347,-2.152742,7728
80.06,53.70056,-5,0.4025153,0.3290412,1.602299,3.951548,5.27983,5.237457,-1.984724,7728
80.08,54.6275,-5,0.6842527,0.5443099,12.25879,5.898422,5.27983,5.264967,-1.148093,7724
80.1,55.4469,-5,0.8593971,0.7714665,10.36566,6.745901,5.27983,5.278962,-0.9967793,7576
80.12,66.86835,-5,1.147149,1.028872,13.26643,6.498648,5.34731,5.336474,-0.6311881,7740
80.14,51.3844,-5,1.346086,1.255288,10.70154,6.844256,5.27983,5.314337,-0.960212,7716
80.16,59.32269,-5,1.475053,1.438938,7.785507,5.125652,5.27983,5.287278,-1.473561,7740
80.18,122.5745,-5,1.687903,1.647445,11.25116,4.248831,5.61723,5.476133,-1.062773,7756
80.2,104.196,-5,1.668694,1.818689,0.02977964,10.16547,5.61723,5.530551,-1.487415,7704
80.22,100.0818,-5,1.833205,2.054119,10.6252,11.71094,5.61723,5.554646,-1.294368,7712
80.24,93.38196,-5,2.327545,2.370922,26.21299,10.69843,5.61723,5.600317,-0.7055112,7716
80.26,89.42154,-5,2.609811,2.638223,16.442,8.446218,5.61723,5.610884,-1.28821,7732
80.28,86.49731,-5,2.972908,2.879916,16.67101,5.370483,5.61723,5.614295,-1.873505,7700
80.3,77.68112,-5,3.092269,3.017485,7.602301,2.648511,5.54975,5.540661,-3.370822,7692
80.32,160.3208,-5,3.128323,3.124188,1.144284,0.02270737,5.95463,5.716323,-3.912207,7696
80.34,139.3155,-5,3.144218,3.228162,1.235887,6.607225,5.95463,5.771405,-4.47352,7688
80.36,-24.04979,-5,3.094037,3.255217,0.9610775,8.688959,5.009911,5.200494,-6.888958,7676
80.38,50.01575,-5,3.45549,3.296867,25.31223,-7.593212,5.009911,4.96901,-7.508457,7760
80.4,79.73316,-5,3.632023,3.211788,8.228255,-11.42088,5.009911,4.862071,-8.697329,7752
80.42,149.2178,-5,3.238284,3.058181,-27.68015,-9.491649,5.27983,4.914415,-9.956985,7716
80.44,151.9113,-5,2.811568,2.936364,-21.93969,0.2755687,5.27983,4.89664,-10.38972,7732
80.46,227.4469,-5,2.774476,3.056495,-3.145794,7.329906,5.684711,5.1551,-8.386608,7748
80.48,168.7577,-5,3.129925,3.390011,20.86948,18.42816,5.54975,5.248786,-6.414791,7708
80.5,168.3345,-5,3.633351,3.876082,19.75498,18.22659,5.61723,5.376495,-4.84178,7708
80.52,132.7716,-5,4.49792,4.422819,48.62522,15.16793,5.54975,5.453573,-3.834487,7696
80.54,144.5235,-5,5.071107,4.875901,27.52597,7.715042,5.684711,5.563628,-4.442027,7724
80.56,-54.33261,-5,5.398286,5.028579,18.60994,2.496678,4.60503,4.921507,-8.411516,7688
80.58,266.5555,-5,5.453826,5.080853,1.205353,-20.68182,5.95463,5.381366,-9.166288,7768
80.6,18.21658,-5,5.390341,4.883277,-1.115259,-3.78192,4.87495,4.893377,-12.68088,7688
80.62,-8.709137,-5,4.831312,4.589378,-33.64962,-16.02102,4.267631,4.22381,-16.64976,7748
80.64,152.6192,-5,4.221558,4.104894,10.12139,-24.57808,4.60503,4.055218,-18.44892,7812
80.66,227.4325,-5,4.184518,3.852266,-1.374801,-13.65128,4.94243,4.235218,-16.64027,7800
80.68,105.185,-5,3.416749,3.629121,-54.0313,3.504989,4.267631,3.862792,-17.74057,7764
80.7,224.0854,-5,2.738788,3.515991,-36.58092,4.983006,4.53755,3.826526,-16.53374,7788
80.72,28.62897,-5,4.15786,3.865412,60.59468,12.88695,3.525351,3.448246,-12.41368,7776
80.74,146.387,-5,4.401846,4.176882,28.57941,-2.239813,3.86275,3.490131,-12.08312,7840
80.76,213.3589,-5,4.681306,4.389081,6.671003,-1.066899,4.267631,3.752495,-11.34783,7824
80.78,83.69354,-5,4.547281,4.489407,-14.88626,6.735501,3.660311,3.465128,-12.86137,7780
80.8,104.173,-5,4.65023,4.593358,20.28933,-1.544524,3.525351,3.253053,-13.31239,7816
80.82,276.36,-5,4.261714,4.556133,-13.86335,-3.285285,4.267631,3.540217,-13.20789,7844
80.84,127.5705,-5,4.158522,4.547435,-4.122893,13.09878,3.592831,3.271856,-13.20765,7780
80.86,-21.03687,-5,4.442581,4.633666,23.99925,7.598904,2.51315,2.556579,-13.91187,7820
80.88,157.2257,-5,4.788366,4.674842,6.808407,-11.94525,2.985511,2.551375,-13.41445,7880
80.9,53.66174,-5,4.449656,4.401605,-26.42825,-5.910036,2.31071,2.090641,-16.00551,7856
80.92,168.7216,-5,4.142389,4.201537,-5.695413,-11.19759,2.58063,2.032439,-15.95698,7924
80.94,50.30927,-5,4.104235,4.009531,-9.206864,-3.172042,1.83835,1.59033,-16.44907,7896
80.96,260.292,-5,3.725569,3.92434,-14.62671,-8.185412,2.64811,1.861599,-15.12233,7920
80.98,97.13849,-5,3.810408,3.914687,4.136652,9.19686,1.90583,1.586956,-14.35299,7892
81,211.0818,-5,3.796341,4.094884,3.480163,4.468326,2.31071,1.729379,-12.55088,7924
81.02,65.74927,-5,4.588815,4.386187,25.61757,9.983317,1.63591,1.494198,-11.15826,7900
81.04,-5.578247,-5,4.508161,4.447512,-0.09235785,-0.9711969,0.9611101,0.9396693,-13.73168,7948
81.06,181.9905,-5,4.856903,4.470759,7.464897,-16.2778,1.63591,1.118208,-13.03486,7988
81.08,43.03796,-5,4.365372,4.194121,-37.63435,-6.040748,0.89363,0.6786366,-16.0017,7932
81.1,12.3822,-5,3.73104,3.82764,-12.79465,-11.35648,0.2863102,0.05902337,-18.37796,7968
81.12,205.6084,-5,3.920272,3.656315,9.266423,-18.29212,0.9611101,0.2580558,-16.00436,8028
81.14,118.4442,-5,3.502537,3.447405,-27.9855,-2.066853,0.5562305,0.09089445,-16.29705,7972
81.16,34.17004,-5,3.211797,3.337664,-18.88626,0.6268978,-0.1185694,-0.380911,-16.53146,7980
81.18,119.9324,-5,4.3998,3.627249,43.98399,-9.956676,0.15135,-0.2443219,-12.5469,8036
81.2,5.966309,-5,4.333291,3.639885,-1.558007,-8.25631,-0.4559698,-0.5854771,-14.82689,8020
81.22,4.576904,-5,4.019864,3.467425,-27.40535,-17.67755,-0.7933693,-0.999301,-17.14485,8052
81.24,115.2842,-5,4.104934,3.30182,3.541231,-24.16938,-0.4559698,-0.9621915,-16.75336,8088
81.26,57.80066,-5,3.765979,3.062998,-18.27557,-16.24634,-0.7933693,-1.172917,-17.85238,8060
81.28,58.46265,-5,2.950129,2.736032,-42.38245,-14.13009,-1.06329,-1.50248,-19.3742,8072
81.3,168.4817,-5,2.168818,2.401887,5.98398,-9.857014,-0.7933693,-1.528475,-18.64441,8104
81.32,49.71362,-5,2.472977,2.368028,8.716805,2.859173,-1.46817,-1.819481,-15.86139,8052
81.34,214.5117,-5,2.387388,2.516435,-4.061825,-0.1161051,-0.7933693,-1.509315,-12.96116,8124
81.36,57.70337,-5,3.176867,2.857529,33.75499,11.72313,-1.40069,-1.606838,-10.26511,8092
81.38,-22.30457,-5,3.228552,3.073761,1.541231,3.362016,-2.008009,-2.029374,-11.46854,8100
81.4,83.50366,-5,3.504258,3.154737,31.3275,-11.0087,-1.738089,-2.048787,-11.33173,8156
81.42,-33.85681,-5,3.777129,3.085224,4.106117,-10.96888,-2.412889,-2.44219,-12.66092,8156
81.44,-77.47852,-5,3.456105,2.796935,-29.63435,-21.92349,-3.02021,-3.036211,-15.82491,8188
81.46,135.0793,-5,2.612106,2.286118,-46.93207,-30.4305,-2.345409,-2.992509,-17.19892,8212
81.48,20.01196,-5,1.522864,1.631677,-39.49695,-11.16045,-3.08769,-3.486914,-18.88845,8184
81.5,-12.25037,-5,1.096677,1.242792,-28.22977,-8.788546,-3.695009,-4.017378,-17.75494,8212
81.52,120.0599,-5,1.039076,1.063953,12.13665,-10.07734,-3.357609,-3.968826,-14.5991,8256
81.54,165.7195,-5,1.375031,1.18866,13.23589,1.479455,-3.02021,-3.627986,-10.26714,8252
81.56,26.7113,-5,1.227214,1.364438,-10.93206,14.04182,-3.627529,-3.824712,-9.403352,8232
81.58,113.7976,-5,1.114222,1.567268,6.380927,8.860641,-3.357609,-3.750508,-7.731515,8300
81.6,77.86328,-5,2.101449,1.970313,50.50308,10.93032,-3.425089,-3.617781,-4.229936,8228
81.62,-107.4535,-5,2.740686,2.293082,27.22063,6.180211,-4.36981,-4.07586,-5.145984,8244
81.64,26.89014,-5,2.928893,2.389253,4.014514,-16.13172,-3.96493,-4.074848,-6.510016,8284
81.66,76.48401,-5,2.743903,2.212892,-11.60381,-16.58353,-3.695009,-3.974361,-8.084844,8276
81.68,-102.705,-5,2.16266,1.84713,-30.56565,-10.31456,-4.707209,-4.609433,-11.55533,8272
81.7,38.96472,-5,1.560657,1.444331,-38.29084,-22.11945,-4.43729,-4.781025,-12.55483,8328
81.72,130.6892,-5,1.783108,1.260314,1.999246,-16.17694,-3.96493,-4.490146,-9.92011,8276
81.74,-79.7218,-5,1.519296,1.105717,-8.397705,-2.487534,-4.977129,-4.961416,-11.01661,8260
81.76,50.06445,-5,1.221556,1.01032,-15.54274,-13.53194,-4.639729,-4.983496,-10.6089,8344
81.78,41.26086,-5,1.712103,1.039209,19.57177,-9.355342,-4.639729,-4.902476,-8.543347,8320
81.8,20.94495,-5,1.662426,1.087854,1.342757,-7.341324,-4.707209,-4.905722,-8.464097,8308
81.82,85.47021,-5,1.489546,1.125569,-12.44351,-7.340597,-4.36981,-4.727299,-7.98258,8332
81.84,59.77417,-5,1.619213,1.236451,5.846576,-1.254356,-4.36981,-4.622584,-6.887181,8296
81.86,61.25818,-5,1.597513,1.375939,1.251154,0.2808101,-4.30233,-4.539001,-6.355412,8304
81.88,35.86414,-5,1.873901,1.557575,14.99162,0.4999217,-4.36981,-4.513176,-5.588708,8308
81.9,-189.6354,-5,2.144423,1.579648,12.94581,-3.304114,-5.65193,-5.257822,-7.980967,8292
81.92,139.7178,-5,2.326455,1.582627,11.5565,-28.68128,-4.30233,-4.785486,-7.107126,8380
81.94,70.34888,-5,2.340473,1.470394,-2.580908,-12.26442,-4.30233,-4.583459,-7.445819,8288
81.96,32.90063,-5,2.063075,1.481826,-20.67252,-7.557883,-4.36981,-4.565138,-8.016997,8272
81.98,50.3208,-5,1.731572,1.442057,1.464895,-7.085617,-4.30233,-4.56308,-8.613381,8288
82,16.68591,-5,2.149705,1.539707,22.04505,-6.474536,-4.43729,-4.580163,-7.489507,8280
82.02,44.73499,-5,2.122291,1.591259,1.831307,-9.321826,-4.30233,-4.522365,-7.768717,8320
82.04,-136.5684,-5,2.144943,1.49061,2.854208,-8.826567,-5.314529,-5.112972,-10.00842,8312
82.06,-58.37744,-5,2.178082,1.310356,-1.267931,-26.91044,-5.314529,-5.381342,-11.26963,8376
82.08,-24.42773,-5,2.059081,0.9695601,-4.290833,-30.56252,-5.314529,-5.515173,-12.54771,8348
82.1,210.0525,-5,1.811562,0.8086016,-18.61145,-28.25976,-4.03241,-4.809479,-10.5624,8372
82.12,125.0969,-5,1.120829,0.7182792,-41.25267,-0.7596457,-4.03241,-4.546446,-10.10697,8268
82.14,117.4758,-5,0.0606338,0.6981487,-56.45879,12.43067,-4.03241,-4.520523,-9.711782,8272
82.16,-76.8479,-5,-0.7330719,0.5234851,-36.06183,22.66977,-5.314529,-5.322621,-10.47767,8288
82.18,120.4659,-5,0.757372,0.9428194,80.24355,5.132333,-4.639729,-5.008783,-3.131631,8340
82.2,58.80493,-5,1.998472,1.460092,55.83133,9.320001,-4.639729,-4.715747,0.0141449,8324
82.22,-39.94812,-5,2.405936,1.858225,21.05268,4.345198,-4.977129,-4.798029,-1.220272,8308
82.24,-14.68298,-5,2.083992,1.865522,-19.17633,-7.825133,-4.977129,-4.95222,-4.4214,8348
82.26,17.82776,-5,1.55171,1.568526,-26.15344,-11.51412,-4.977129,-5.117444,-6.856997,8328
82.28,38.599,-5,1.349091,1.300917,-5.909153,-9.991385,-4.977129,-5.192265,-7.001896,8332
82.3,39.67151,-5,1.489539,1.210675,6.335125,-7.374286,-4.977129,-5.17298,-5.986465,8344
82.32,24.87183,-5,1.423735,1.164519,-2.382435,-5.348578,-5.044609,-5.198902,-5.989875,8352
82.34,37.87109,-5,1.472833,1.17448,0.07558119,-5.648612,-4.977129,-5.156826,-5.590312,8348
82.36,34.21912,-5,1.392028,1.163467,-0.8251827,-4.261627,-4.977129,-5.147635,-5.69701,8360
82.38,32.172,-5,1.4245,1.182686,1.449628,-3.823861,-4.977129,-5.135859,-5.431425,8348
82.4,31.03955,-5,1.429984,1.20115,1.067948,-3.758088,-4.977129,-5.129742,-5.352925,8344
82.42,29.80139,-5,1.467882,1.223459,1.067948,-3.955777,-4.977129,-5.122941,-5.23873,8352
82.44,29.67383,-5,1.454467,1.229812,-0.5809073,-4.165309,-4.977129,-5.12382,-5.306932,8356
82.46,29.85632,-5,1.457551,1.231546,-0.3824344,-4.326827,-4.977129,-5.12453,-5.303007,8332
82.48,30.48755,-5,1.436623,1.224618,-0.550373,-4.344357,-4.977129,-5.127582,-5.346749,8340
82.5,30.77307,-5,1.437033,1.220686,-0.3060985,-4.293758,-4.977129,-5.127645,-5.302183,8348
82.52,30.89331,-5,1.429691,1.217109,-0.07709067,-4.206892,-4.977129,-5.127508,-5.28081,8340
82.54,30.70959,-5,1.434173,1.217415,0.3961921,-4.152789,-4.977129,-5.1258,-5.229613,8340
82.56,18.74976,-5,1.440756,1.211989,0.2435202,-4.183517,-5.044609,-5.164324,-5.330717,8328
82.58,35.42859,-5,1.442602,1.20768,0.1977187,-5.392264,-4.977129,-5.14094,-5.263924,8340
82.6,32.10767,-5,1.435253,1.19803,0.02977964,-4.483454,-4.977129,-5.13084,-5.258009,8352
82.62,30.2854,-5,1.439866,1.202883,0.3198562,-4.236861,-4.977129,-5.124362,-5.196286,8348
82.64,28.7124,-5,1.468059,1.215313,0.3198562,-4.354849,-4.977129,-5.118238,-5.139188,8340
82.66,27.88428,-5,1.471007,1.220341,-0.107625,-4.6032,-4.977129,-5.117186,-5.201256,8364
82.68,27.80774,-5,1.464529,1.216904,-0.0007547362,-4.830731,-4.977129,-5.119229,-5.280935,8348
82.7,27.71643,-5,1.468821,1.212082,0.1366499,-5.005326,-4.977129,-5.120191,-5.314336,8368
82.72,27.62561,-5,1.465075,1.204833,-0.09235785,-5.119522,-4.977129,-5.121479,-5.365667,8360
82.74,27.62451,-5,1.457857,1.195993,0.07558119,-5.182026,-4.977129,-5.123024,-5.412785,8356
82.76,27.39392,-5,1.460826,1.189827,-0.04655629,-5.235753,-4.977129,-5.123004,-5.424297,8344
82.78,26.9281,-5,1.466417,1.185942,0.1061156,-5.315808,-4.977129,-5.12223,-5.439003,8352
82.8,15.04956,-5,1.46307,1.172471,0.01451245,-5.432013,-5.044609,-5.16332,-5.622917,8336
82.82,32.03369,-5,1.453718,1.158495,-0.0007547362,-6.652727,-4.977129,-5.142653,-5.614734,8360
82.84,28.78333,-5,1.446141,1.142539,-0.07709067,-5.721533,-4.977129,-5.133317,-5.619764,8360
82.86,27.57605,-5,1.421742,1.135616,-0.9167854,-5.355632,-4.977129,-5.130568,-5.629179,8356
82.88,15.31873,-5,1.426854,1.128716,0.6710012,-5.279703,-5.044609,-5.168159,-5.713916,8356
82.9,43.50793,-5,1.424311,1.131457,-0.04655629,-6.408123,-4.909649,-5.104005,-5.510592,8356
82.92,22.95789,-5,1.425145,1.130057,0.02977964,-4.337741,-4.977129,-5.114816,-5.536601,8356
82.94,24.10242,-5,1.438117,1.145895,0.8236728,-5.090941,-4.977129,-5.117627,-5.490222,8336
82.96,13.17957,-5,1.439466,1.13838,-0.4282355,-5.502139,-5.044609,-5.161424,-5.691893,8332
82.98,19.0918,-5,1.433437,1.117967,0.2740546,-6.856438,-5.044609,-5.182688,-5.81823,8340
83,33.18323,-5,1.422235,1.095163,-1.313733,-7.092558,-4.977129,-5.152147,-5.767364,8340
83.02,28.69214,-5,1.402738,1.081853,-0.7488468,-5.763985,-4.977129,-5.138218,-5.727224,8340
83.04,72.62988,-5,1.403842,1.120197,0.3351234,-5.245791,-4.707209,-4.967035,-5.085087,8344
83.06,3.539307,-5,1.404718,1.151525,-0.3213652,-0.5747133,-4.977129,-5.052148,-5.299474,8324
83.08,15.76245,-5,1.432205,1.193069,3.159552,-4.554761,-4.977129,-5.090229,-5.338867,8344
83.1,19.1449,-5,1.545671,1.204679,4.121384,-6.327876,-4.977129,-5.09878,-5.330075,8348
83.12,80.224,-5,1.449255,1.201272,-3.252664,-6.707969,-4.639729,-4.916752,-5.113828,8344
83.14,54.33386,-5,1.463588,1.241588,-0.5809073,-0.8483421,-4.639729,-4.830095,-4.701411,8324
83.16,33.40125,-5,1.406176,1.304692,1.006879,0.5745039,-4.707209,-4.839797,-4.717802,8320
83.18,33.08582,-5,1.556608,1.391572,11.02215,-1.100699,-4.707209,-4.829312,-4.357133,8320
83.2,41.14844,-5,1.715493,1.473842,5.785507,-2.747803,-4.639729,-4.774014,-4.148172,8336
83.22,22.86682,-5,1.723096,1.499921,0.8847416,-3.076062,-4.707209,-4.802506,-4.658413,8320
83.24,27.68506,-5,1.68501,1.485566,-0.9931214,-5.013653,-4.707209,-4.829848,-5.132023,8332
83.26,42.27942,-5,1.679602,1.458395,-1.084725,-5.76702,-4.639729,-4.805901,-5.256336,8316
83.28,38.97021,-5,1.633346,1.427472,-1.588542,-4.640641,-4.639729,-4.800969,-5.425461,8316
83.3,25.49548,-5,1.645443,1.415932,0.2282531,-4.301776,-4.707209,-4.83581,-5.516596,8316
83.32,41.28442,-5,1.651412,1.412567,0.3503905,-5.435058,-4.639729,-4.810812,-5.495758,8340
83.34,25.4292,-5,1.670301,1.402913,0.01451245,-4.681292,-4.707209,-4.83879,-5.643723,8340
83.36,29.03992,-5,1.661456,1.392345,-0.550373,-5.757125,-4.707209,-4.853958,-5.801649,8340
83.38,53.39429,-5,1.675538,1.392621,0.1213828,-6.102255,-4.572248,-4.778949,-5.620081,8332
83.4,20.0929,-5,1.654317,1.383081,-0.8099151,-3.854646,-4.707209,-4.829576,-5.887706,8332
83.42,38.5802,-5,1.648347,1.389776,-0.6725109,-5.687996,-4.639729,-4.813195,-5.857057,8320
83.44,35.75049,-5,1.672996,1.388943,1.617566,-5.115271,-4.639729,-4.804023,-5.84688,8312
83.46,-138.2123,-5,1.636901,1.264767,-2.03129,-5.280707,-5.65193,-5.414805,-8.020308,8328
83.48,93.38574,-5,1.653616,1.166299,1.174818,-22.67216,-4.774689,-5.160263,-7.342871,8380
83.5,-83.15112,-5,1.60044,0.9218612,-0.9015187,-10.9111,-5.58445,-5.530886,-8.910517,8324
83.52,-46.2196,-5,1.462998,0.7535473,-12.88626,-20.54558,-5.65193,-5.738416,-9.644339,8388
83.54,208.1387,-5,1.042489,0.5773581,-23.06947,-21.27623,-4.36981,-5.101542,-8.256806,8388
83.56,136.771,-5,0.6941612,0.5576082,-15.1,5.108624,-4.30233,-4.777162,-6.55372,8308
83.58,39.50122,-5,0.6144704,0.8042985,6.075583,15.47947,-4.639729,-4.807052,-4.932991,8300
83.6,11.32874,-5,1.857405,1.37738,50.80843,8.317122,-4.707209,-4.700482,-1.43885,8304
83.62,5.147217,-5,2.4675,1.787381,30.213,-1.279055,-4.639729,-4.60002,-1.757555,8308
83.64,-18.78589,-5,2.629357,1.930049,3.251155,-8.827301,-4.707209,-4.649388,-3.875413,8332
83.66,-5.671509,-5,2.337482,1.803478,-16.77939,-15.2663,-4.707209,-4.7606,-6.593976,8316
83.68,76.43823,-5,1.74821,1.514627,-30.35191,-16.09622,-4.36981,-4.695165,-8.176576,8316
83.7,77.01221,-5,1.085418,1.200895,-36.10763,-6.123888,-4.36981,-4.720111,-8.760304,8292
83.72,-73.02905,-5,0.5844918,0.9042464,-2.718313,1.873924,-5.314529,-5.30898,-9.814955,8308
83.74,154.0894,-5,1.162982,1.006982,25.73971,-9.557668,-4.36981,-4.876439,-5.456355,8368
83.76,-69.23157,-5,1.365587,1.029157,8.686271,4.796997,-5.314529,-5.210866,-5.917266,8308
83.78,211.3031,-5,1.309195,1.222259,-8.428238,-7.565542,-3.96493,-4.558774,-3.656336,8360
83.8,111.4269,-5,1.42037,1.40203,12.09085,12.19675,-4.03241,-4.296971,-2.495744,8268
83.82,81.90515,-5,1.375467,1.702617,-4.855718,15.31719,-4.03241,-4.191153,-1.786998,8272
83.84,-147.9657,-5,1.561311,1.818125,32.70155,13.32018,-5.314529,-4.914106,-3.837362,8300
83.86,-50.68542,-5,2.289344,1.907235,34.93056,-13.61234,-5.247049,-5.132383,-3.881549,8340
83.88,15.33044,-5,2.632442,1.779431,12.65574,-22.64675,-4.977129,-5.0635,-5.025768,8348
83.9,3.32019,-5,2.377271,1.534877,-14.94733,-21.1427,-4.977129,-5.086287,-7.182337,8324
83.92,75.58655,-5,1.537793,1.189796,-49.20688,-18.44175,-4.639729,-5.000751,-9.054417,8324
83.94,130.4955,-5,0.4026351,0.7849841,-62.91681,-5.431094,-4.36981,-4.905409,-9.705069,8296
83.96,-21.96179,-5,-0.6520008,0.3689701,-46.65726,11.952,-5.314529,-5.482666,-10.47144,8320
83.98,148.788,-5,0.3516002,0.6254045,59.70919,4.965877,-4.639729,-5.107065,-3.57484,8348
84,69.34998,-5,1.385126,1.103911,47.67865,14.10884,-4.707209,-4.827146,0.02662969,8308
84.02,40.92444,-5,1.873947,1.609497,18.71681,10.50195,-4.639729,-4.642454,0.6406591,8316
84.04,10.20276,-5,2.009778,1.876491,2.258788,4.76933,-4.707209,-4.652828,-0.8215612,8316
84.06,17.35376,-5,2.39499,2.047571,15.64811,-3.404774,-4.639729,-4.620301,-1.490895,8320
84.08,-3.473389,-5,2.584578,2.078423,9.831309,-8.774299,-4.707209,-4.669302,-3.094162,8320
84.1,-168.8076,-5,2.380435,1.818851,-10.33664,-14.14639,-5.71941,-5.36396,-7.440122,8360
84.12,-49.68823,-5,2.008688,1.365772,-17.98549,-33.09999,-5.58445,-5.655904,-10.2083,8380
84.14,-26.23877,-5,1.673157,0.8016326,-15.32901,-32.51094,-5.65193,-5.846587,-11.83295,8396
84.16,51.14661,-5,1.338406,0.4165705,-22.82519,-28.53963,-5.314529,-5.720349,-11.46684,8424
84.18,28.87476,-5,0.6889924,0.0992757,-37.20687,-15.95929,-5.38201,-5.737392,-11.72834,8364
84.2,61.85156,-5,-0.2499547,-0.1832818,-51.87863,-6.687073,-5.314529,-5.766949,-11.56821,8392
84.22,79.69727,-5,-1.243014,-0.4657568,-47.43589,6.157845,-5.38201,-5.869675,-10.52353,8364
84.24,48.1864,-5,-0.6407434,-0.2756957,60.65575,14.40585,-5.58445,-5.858878,-5.229302,8336
84.26,196.9565,-5,0.2923617,0.3239121,55.29697,13.93397,-4.639729,-5.127943,0.878137,8376
84.28,37.30969,-5,0.9744185,0.9544748,30.83895,26.23871,-4.977129,-4.943179,2.735585,8288
84.3,-44.91577,-5,1.539619,1.515047,23.48017,16.22698,-5.314529,-5.056191,2.396955,8304
84.32,-38.09937,-5,2.33586,1.879168,36.04506,-1.366607,-5.314529,-5.089623,1.582234,8340
84.34,-35.3374,-5,2.514933,1.899931,5.449629,-12.92901,-5.314529,-5.165332,-1.277415,8348
84.36,-38.21399,-5,2.339829,1.678519,-22.55038,-19.7715,-5.38201,-5.314305,-4.415396,8340
84.38,59.09045,-5,1.621662,1.276951,-43.25268,-22.05044,-4.977129,-5.24625,-6.842611,8352
84.4,108.9098,-5,0.641816,0.8222407,-54.18398,-10.34945,-4.707209,-5.147088,-7.880605,8328
84.42,114.5972,-5,-0.4436336,0.4466264,-52.64199,6.082374,-4.707209,-5.16872,-7.614583,8304
84.44,84.2688,-5,-0.9912676,0.28602,42.42674,19.31227,-4.977129,-5.315932,-5.437736,8292
84.46,78.95935,-5,0.2728067,0.7247677,51.35804,20.77981,-4.977129,-5.137537,0.8495145,8332
84.48,47.1554,-5,1.106654,1.254655,34.96109,18.43628,-4.977129,-4.962004,3.101702,8328
84.5,16.4458,-5,1.834273,1.726863,28.71681,11.22864,-4.977129,-4.849167,3.47476,8320
84.52,2.642334,-5,2.058255,1.949051,7.419095,2.600418,-4.977129,-4.847095,1.663793,8336
84.54,5.426636,-5,1.967702,1.919761,-8.19923,-4.20888,-4.977129,-4.917255,-0.7053333,8340
84.56,62.8175,-5,1.732559,1.765139,-14.29084,-7.557697,-4.707209,-4.843793,-2.118523,8336
84.58,-94.84338,-5,1.373491,1.454764,-21.31374,-3.117658,-5.58445,-5.384142,-5.005407,8324
84.6,-20.42749,-5,1.081087,1.125327,-18.27557,-15.12172,-5.58445,-5.646394,-6.242411,8356
84.62,-7.250366,-5,1.21767,0.8392872,5.00688,-16.03051,-5.65193,-5.756848,-6.090607,8376
84.64,60.19629,-5,1.118845,0.6660201,-7.099994,-14.86603,-5.314529,-5.589092,-5.594416,8384
84.66,32.0127,-5,0.6508284,0.4828577,-29.80229,-5.751142,-5.38201,-5.593206,-6.157532,8348
84.68,71.93408,-5,-0.1043797,0.2860324,-41.74123,0.03370559,-5.247049,-5.57861,-6.306527,8352
84.7,84.8147,-5,-0.6887282,0.1273349,-23.77176,9.89974,-5.247049,-5.592573,-5.174993,8340
84.72,55.92334,-5,0.209075,0.4346941,51.35804,14.69664,-5.314529,-5.458734,-0.4307276,8336
84.74,-22.12329,-5,0.6789804,0.7690131,28.73208,13.26418,-5.65193,-5.545108,0.4537484,8340
84.76,-15.31848,-5,1.213469,1.048453,24.88475,2.649931,-5.65193,-5.552395,0.6904545,8388
84.78,-21.3634,-5,1.656108,1.195438,17.4191,-5.176391,-5.65193,-5.547121,-0.02593625,8404
84.8,-20.2959,-5,1.543475,1.129376,-5.298466,-10.6043,-5.65193,-5.605017,-2.20015,8392
84.82,47.99756,-5,1.230418,0.9554842,-21.37481,-12.92951,-5.314529,-5.488874,-3.446935,8400
84.84,38.03955,-5,0.7333509,0.7209711,-29.1,-5.91747,-5.314529,-5.492714,-4.497864,8372
84.86,106.0898,-5,0.1482135,0.5438837,-26.56565,-0.1941947,-4.977129,-5.335867,-4.132424,8368
84.88,83.14331,-5,0.1554354,0.5737407,3.129017,10.44339,-4.977129,-5.219122,-2.078027,8336
84.9,58.19482,-5,0.6676564,0.8724799,29.03742,13.43649,-4.977129,-5.075621,0.511592,8324
84.92,29.16418,-5,1.356274,1.273647,29.90765,10.57825,-4.977129,-4.942719,1.961594,8340
84.94,6.193237,-5,1.838174,1.588884,19.90765,4.125973,-4.977129,-4.875517,1.579797,8344
84.96,-15.87366,-5,2.027357,1.71119,5.022148,-3.139359,-5.044609,-4.923795,-0.2060663,8320
84.98,-157.4131,-5,1.882401,1.514168,-8.489306,-10.03162,-5.92185,-5.540097,-4.333195,8324
85,-75.02173,-5,1.669482,1.123506,-13.13053,-28.17629,-5.92185,-5.864512,-7.08144,8396
85.02,10.84778,-5,1.359047,0.6264305,-21.06947,-30.72403,-5.65193,-5.875558,-8.434471,8388
85.04,24.62158,-5,0.7522323,0.176321,-36.48932,-21.70748,-5.58445,-5.875493,-9.254785,8368
85.06,40.75415,-5,-0.2993768,-0.2589383,-53.51222,-10.82376,-5.58445,-5.952723,-10.02316,8360
85.08,55.76074,-5,-1.13542,-0.5901743,-46.44352,0.8239691,-5.65193,-6.052332,-8.996877,8372
85.1,-4.104248,-5,-0.4852142,-0.4599509,56.67102,7.754922,-5.989328,-6.123383,-4.597166,8372
85.12,150.5302,-5,0.5087661,0.07180355,48.79315,3.318181,-5.044609,-5.432677,0.724749,8404
85.14,-169.8475,-5,1.191136,0.4896725,26.22826,13.21419,-6.326729,-5.845709,-0.2552371,8312
85.16,59.79956,-5,1.536047,0.8567635,9.052684,-13.38505,-5.314529,-5.450367,-0.1196034,8384
85.18,5.640503,-5,1.658497,0.9067323,5.190087,-8.20024,-5.314529,-5.324065,-1.729792,8336
85.2,45.22815,-5,1.559084,0.9660217,-7.191597,-9.830643,-4.977129,-5.110287,-2.473894,8348
85.22,21.44629,-5,1.251886,0.9138411,-13.84809,-5.902555,-4.977129,-5.078123,-3.862396,8348
85.24,16.54846,-5,1.171717,0.8912384,0.1061156,-5.457066,-4.977129,-5.077709,-4.166228,8348
85.26,2.668701,-5,1.216521,0.8819277,3.464895,-5.842521,-5.044609,-5.113781,-4.337269,8352
85.28,18.73999,-5,1.198394,0.8611951,-0.2297625,-7.418328,-4.977129,-5.095666,-4.543687,8360
85.3,13.38196,-5,1.263331,0.853836,-0.4587703,-7.064673,-4.977129,-5.080989,-4.558222,8360
85.32,12.77246,-5,1.165038,0.820127,-3.741214,-7.048562,-4.977129,-5.090697,-4.998298,8356
85.34,1.786743,-5,1.148381,0.7850232,-1.374801,-7.073907,-5.044609,-5.137145,-5.223015,8368
85.36,18.72656,-5,1.146234,0.7611439,-1.252663,-8.170993,-4.977129,-5.116139,-5.194211,8368
85.38,4.337524,-5,1.106211,0.7234674,-1.771747,-7.079475,-5.044609,-5.150861,-5.421276,8332
85.4,33.02148,-5,1.036772,0.7007572,-2.73358,-7.528637,-4.909649,-5.090911,-5.286229,8356
85.42,2.576538,-5,0.9813095,0.6706728,-1.252663,-4.793005,-5.044609,-5.146998,-5.414357,8328
85.44,21.11169,-5,1.004993,0.6831052,0.2435202,-6.11287,-4.977129,-5.122715,-5.063561,8356
85.46,-17.09326,-5,1.032261,0.6707932,1.541231,-5.278112,-5.179569,-5.228568,-5.304324,8360
85.48,32.16431,-5,1.029479,0.6700372,-1.359534,-8.496422,-4.977129,-5.154392,-5.047873,8368
85.5,10.14539,-5,1.02958,0.653093,0.4114593,-5.675564,-5.044609,-5.160129,-5.063761,8356
85.52,22.72522,-5,1.005734,0.6662708,-3.206862,-5.932787,-4.977129,-5.12248,-4.888023,8356
85.54,20.59229,-5,0.9003098,0.6515183,-4.641977,-4.473867,-4.977129,-5.118391,-4.99124,8348
85.56,6.591675,-5,0.9850665,0.6779764,3.358025,-4.034927,-5.044609,-5.140748,-4.652581,8340
85.58,9.834473,-5,1.0138,0.6988493,1.266421,-5.252146,-5.044609,-5.147963,-4.611094,8360
85.6,22.76941,-5,1.017913,0.7065565,-0.4129688,-5.715348,-4.977129,-5.112376,-4.531825,8344
85.62,18.6897,-5,0.9881898,0.7059605,-0.1686933,-4.615626,-4.977129,-5.100395,-4.538521,8344
85.64,17.20044,-5,0.9858622,0.7173047,-0.9931214,-4.293593,-4.977129,-5.093927,-4.438946,8352
85.66,16.66736,-5,0.9881968,0.7287631,0.304589,-4.237654,-4.977129,-5.090491,-4.374427,8364
85.68,16.74426,-5,0.9821445,0.7349864,-0.3671672,-4.232357,-4.977129,-5.089824,-4.346469,8352
85.7,16.59546,-5,0.9955533,0.7430629,0.9763447,-4.265115,-4.977129,-5.087414,-4.270171,8356
85.72,16.5426,-5,0.9942397,0.7473089,0.1061156,-4.296496,-4.977129,-5.086616,-4.253653,8336
85.74,4.529053,-5,1.013374,0.7468818,0.1366499,-4.412251,-5.044609,-5.124393,-4.330694,8336
85.76,21.33337,-5,1.010522,0.7431915,-0.09235785,-5.666306,-4.977129,-5.101952,-4.293938,8372
85.78,17.91699,-5,1.013171,0.7362046,-0.6419765,-4.808416,-4.977129,-5.091213,-4.272239,8348
85.8,16.64197,-5,0.9940544,0.7353795,-0.09235785,-4.524539,-4.977129,-5.087992,-4.280123,8356
85.82,16.27148,-5,0.990448,0.7367631,-0.4435031,-4.454068,-4.977129,-5.086555,-4.257868,8352
85.84,15.75549,-5,1.004958,0.7422923,0.5183294,-4.494215,-4.977129,-5.083763,-4.206095,8336
85.86,15.26172,-5,1.012221,0.746556,-0.04655629,-4.597939,-4.977129,-5.082119,-4.203722,8348
85.88,26.06445,-5,1.033491,0.7608206,0.4572606,-4.764129,-4.909649,-5.038832,-4.048609,8352
85.9,8.738403,-5,1.030122,0.7657493,-0.1381594,-3.79931,-4.977129,-5.061882,-4.179632,8352
85.92,11.92322,-5,1.032142,0.769579,-0.0007547362,-4.919036,-4.977129,-5.073569,-4.248078,8344
85.94,13.10632,-5,1.047181,0.762616,-0.03128911,-5.38816,-4.977129,-5.078469,-4.304022,8344
85.96,13.98755,-5,1.023076,0.745272,-0.183961,-5.499132,-4.977129,-5.084331,-4.423506,8364
85.98,14.00757,-5,1.032506,0.7356482,-0.2755641,-5.517811,-4.977129,-5.084677,-4.410077,8344
86,13.21399,-5,1.049497,0.7333879,0.4419934,-5.588366,-4.977129,-5.082276,-4.402191,8356
86.02,12.70642,-5,1.044161,0.7280446,-0.04655629,-5.699858,-4.977129,-5.082778,-4.477648,8360
86.04,0.4940186,-5,1.058643,0.7180297,0.1671843,-5.901785,-5.044609,-5.122444,-4.637628,8356
86.06,17.02393,-5,1.05898,0.7071481,0.06031401,-7.24638,-4.977129,-5.100892,-4.654408,8368
86.08,13.3147,-5,1.062474,0.6937146,-0.183961,-6.481427,-4.977129,-5.091057,-4.693681,8356
86.1,11.67993,-5,1.048096,0.687968,-0.9931214,-6.306998,-4.977129,-5.088292,-4.75189,8372
86.12,-0.8669434,-5,1.057979,0.6795465,0.3961921,-6.418547,-5.044609,-5.126812,-4.904409,8376
86.14,15.70764,-5,1.053271,0.6693872,-0.2602969,-7.719733,-4.977129,-5.105294,-4.917543,8364
86.16,12.30994,-5,1.047676,0.6547377,0.1366499,-6.890144,-4.977129,-5.096336,-4.955199,8364
86.18,10.84473,-5,1.034019,0.6498604,-0.5045714,-6.643174,-4.977129,-5.093156,-4.976216,8364
86.2,9.913696,-5,1.043737,0.6512722,0.5183294,-6.66308,-4.977129,-5.090343,-4.961707,8360
86.22,9.227539,-5,1.05029,0.6523705,-0.1228922,-6.7943,-4.977129,-5.088994,-4.986115,8344
86.24,-2.681396,-5,1.050053,0.6420475,0.09084838,-6.976642,-5.044609,-5.130071,-5.175084,8220
86.26,2.855835,-5,1.038971,0.6207087,0.01451245,-8.263187,-5.044609,-5.150734,-5.320707,8348
86.28,16.63354,-5,1.035048,0.5999033,-0.3824344,-8.51747,-4.977129,-5.119142,-5.262551,8340
86.3,0.1690674,-5,1.025984,0.5821306,-0.6725109,-7.29357,-5.044609,-5.144616,-5.362273,8356
86.32,15.01514,-5,1.013946,0.5798423,-0.1228922,-8.084363,-4.977129,-5.115832,-5.27871,8352
86.34,10.87427,-5,1.012313,0.5774614,-0.3060985,-7.104099,-4.977129,-5.102552,-5.241984,8344
86.36,9.89563,-5,0.973541,0.5753863,-1.099992,-6.74533,-4.977129,-5.100857,-5.276954,8348
86.38,9.313965,-5,0.9903995,0.5832537,0.304589,-6.663829,-4.977129,-5.096666,-5.165101,8352
86.4,9.04834,-5,0.9872181,0.5880581,-0.01602192,-6.657388,-4.977129,-5.095145,-5.147655,8364
86.42,8.927002,-5,0.9899142,0.5917635,0.2435202,-6.688637,-4.977129,-5.094057,-5.117689,8348
86.44,8.84021,-5,0.991584,0.5940092,0.1061156,-6.726999,-4.977129,-5.093287,-5.098028,8352
86.46,8.902222,-5,0.9868878,0.593457,-0.1381594,-6.745238,-4.977129,-5.093454,-5.096241,8344
86.48,8.859741,-5,0.9891472,0.593478,-0.1534266,-6.758859,-4.977129,-5.092841,-5.072369,8348
86.5,9.060547,-5,0.9771885,0.5898728,-0.03128911,-6.731906,-4.977129,-5.093803,-5.085312,8344
86.52,9.1521,-5,0.9763622,0.5879281,-0.03128911,-6.691193,-4.977129,-5.093512,-5.055014,8344
86.54,8.983765,-5,0.9801639,0.5883628,0.1213828,-6.668176,-4.977129,-5.092175,-5.019952,8340
86.56,31.87256,-5,0.9819897,0.6050795,0.07558119,-6.626092,-4.842169,-5.009785,-4.727816,8332
86.58,-13.94385,-5,0.9851013,0.6096154,0.01451245,-4.375499,-5.044609,-5.09398,-4.974244,8348
86.6,-1.858643,-5,0.978474,0.608323,0.1977187,-7.490366,-5.044609,-5.134227,-5.118595,8352
86.62,2.700073,-5,1.014846,0.5836021,1.006879,-8.448008,-5.044609,-5.148865,-5.173586,8372
86.64,16.87158,-5,0.9555793,0.5489786,-3.313734,-8.397499,-4.977129,-5.121334,-5.236688,8372
86.66,13.44592,-5,0.9039252,0.5238684,-2.13816,-6.761981,-4.977129,-5.111162,-5.199541,8340
86.68,11.75122,-5,0.9004403,0.5277275,-0.2144953,-6.016999,-4.977129,-5.101932,-5.006417,8348
86.7,-1.237915,-5,0.919905,0.5372236,0.4877952,-5.785766,-5.044609,-5.133835,-4.97983,8336
86.72,15.3252,-5,0.9117847,0.5429682,-0.03128911,-6.889133,-4.977129,-5.108969,-4.888166,8352
86.74,11.87012,-5,0.9201611,0.546037,-0.01602192,-5.973006,-4.977129,-5.096036,-4.793023,8344
86.76,-0.9372559,-5,0.9043551,0.5458134,-0.3977011,-5.688794,-5.044609,-5.131937,-4.887499,8364
86.78,3.7854,-5,0.9200575,0.5449596,0.3961921,-6.845417,-5.044609,-5.145706,-4.867425,8356
86.8,17.2323,-5,0.918958,0.5395756,-0.07709067,-7.102731,-4.977129,-5.111328,-4.765655,8364
86.82,12.31677,-5,0.9168196,0.5415812,-0.183961,-5.909863,-4.977129,-5.094697,-4.682879,8344
86.84,-1.344482,-5,0.9110798,0.5459446,0.07558119,-5.625541,-5.044609,-5.127847,-4.763418,8356
86.86,14.65002,-5,0.9239442,0.5541771,0.6404669,-6.834153,-4.977129,-5.101118,-4.648365,8364
86.88,11.53394,-5,0.9045448,0.5487782,-0.7641136,-5.952082,-4.977129,-5.092075,-4.672276,8336
86.9,9.776123,-5,0.920949,0.5597095,0.9458106,-5.740989,-4.977129,-5.084606,-4.563051,8332
86.92,9.070923,-5,0.9175918,0.5670726,-0.519839,-5.767745,-4.977129,-5.082355,-4.567824,8328
86.94,-2.806152,-5,0.9243382,0.5646077,0.5183294,-5.904609,-5.044609,-5.12176,-4.691201,8332
86.96,2.475708,-5,0.927283,0.5531466,-0.2144953,-7.203697,-5.044609,-5.139802,-4.774662,8332
86.98,16.05823,-5,0.9288458,0.5398917,-0.1381594,-7.509421,-4.977129,-5.106919,-4.700579,8344
87,11.29541,-5,0.9159959,0.5330318,-0.7183124,-6.300212,-4.977129,-5.092298,-4.673463,8328
87.02,8.612183,-5,0.9327573,0.5460275,0.8694746,-6.042166,-4.977129,-5.082471,-4.581768,8340
87.04,7.775269,-5,0.9198746,0.5517063,-0.519839,-6.09994,-4.977129,-5.081188,-4.637737,8336
87.06,7.594482,-5,0.9234033,0.5545865,0.3503905,-6.234898,-4.977129,-5.081012,-4.642457,8332
87.08,7.891479,-5,0.9108021,0.5506738,-0.03128911,-6.300048,-4.977129,-5.083019,-4.684373,8336
87.1,7.851562,-5,0.9189144,0.549664,0.01451245,-6.341123,-4.977129,-5.082415,-4.654636,8344
87.12,-3.836304,-5,0.9170792,0.539729,0.01451245,-6.392138,-5.044609,-5.122896,-4.800362,8352
87.14,12.95374,-5,0.9202111,0.5328381,-0.09235785,-7.591523,-4.977129,-5.100052,-4.736166,8340
87.16,9.164062,-5,0.9311238,0.5267411,-0.07709067,-6.727611,-4.977129,-5.087786,-4.699723,8336
87.18,7.633301,-5,0.9119163,0.5260218,0.1977187,-6.477819,-4.977129,-5.084321,-4.729747,8348
87.2,6.843262,-5,0.9211423,0.5301208,-0.06182348,-6.499863,-4.977129,-5.081583,-4.702262,8368
87.22,6.677246,-5,0.9128174,0.5291327,0.3198562,-6.566864,-4.977129,-5.082061,-4.741183,8336
87.24,-4.954102,-5,0.9147891,0.5198154,-0.1686933,-6.660588,-5.044609,-5.122755,-4.879936,8336
87.26,0.1223145,-5,0.9251856,0.5067831,0.06031401,-7.93241,-5.044609,-5.139846,-4.944944,8340
87.28,13.45691,-5,0.9273971,0.4927346,-0.1992282,-8.243842,-4.977129,-5.106552,-4.885001,8344
87.3,-3.229126,-5,0.9233983,0.4793992,0.02977964,-7.119395,-5.044609,-5.13155,-4.995337,8360
87.32,11.40698,-5,0.9197131,0.4805255,0.07558119,-8.026632,-4.977129,-5.102316,-4.920054,8336
87.34,6.953003,-5,0.9283966,0.4811223,-0.06182348,-7.179914,-4.977129,-5.088416,-4.897234,8336
87.36,-6.29834,-5,0.9126227,0.4768428,-0.1381594,-7.045121,-5.044609,-5.125253,-5.070604,8340
87.38,9.958496,-5,0.9217821,0.4764729,0.1213828,-8.300171,-4.977129,-5.100749,-4.999095,8344
87.4,6.369141,-5,0.9207401,0.4699198,0.02977964,-7.486156,-4.977129,-5.090152,-5.008584,8336
87.42,16.46362,-5,0.9087909,0.478396,-0.6572433,-7.248194,-4.909649,-5.045824,-4.87884,8344
87.44,-1.247925,-5,0.9144812,0.4876074,0.4725278,-6.118207,-4.977129,-5.065808,-4.923769,8340
87.46,1.814331,-5,0.912035,0.4951404,-0.1228922,-7.151724,-4.977129,-5.076346,-4.971766,8344
87.48,2.944092,-5,0.9303287,0.4927958,0.9763447,-7.58624,-4.977129,-5.080066,-4.990048,8352
87.5,3.713623,-5,0.9116915,0.4805258,-0.7946484,-7.697317,-4.977129,-5.084638,-5.077652,8348
87.52,3.520386,-5,0.9291695,0.4763461,0.3351234,-7.753933,-4.977129,-5.083579,-5.039178,8348
87.54,-8.256348,-5,0.9210671,0.4620205,-0.09235785,-7.810699,-5.044609,-5.124861,-5.226886,8340
87.56,8.320312,-5,0.9299004,0.4535519,-0.04655629,-9.043218,-4.977129,-5.101686,-5.167272,8336
87.58,-6.673462,-5,0.919633,0.4318034,-0.6725109,-8.177057,-5.044609,-5.13295,-5.339539,8332
87.6,8.639648,-5,0.9154845,0.4252687,0.2282531,-9.082577,-4.977129,-5.105885,-5.262739,8344
87.62,4.669922,-5,0.9093432,0.4175187,-0.596175,-8.116508,-4.977129,-5.093978,-5.259467,8344
87.64,2.737671,-5,0.9083945,0.4221962,0.02977964,-7.879124,-4.977129,-5.087932,-5.228082,8336
87.66,1.935791,-5,0.9078752,0.4264182,-0.1381594,-7.916862,-4.977129,-5.085855,-5.237813,8332
87.68,1.734497,-5,0.9051309,0.4268482,0.1519171,-8.014234,-4.977129,-5.085968,-5.26126,8332
87.7,1.449951,-5,0.9144642,0.4278812,0.1977187,-8.131387,-4.977129,-5.085102,-5.253581,8332
87.72,1.098267,-5,0.9197696,0.427695,0.01451245,-8.256783,-4.977129,-5.084554,-5.270705,8336
87.74,0.5128174,-5,0.9337911,0.4288791,0.1366499,-8.424339,-4.977129,-5.083141,-5.277332,8348
87.76,0.2159424,-5,0.9304987,0.4252146,-0.183961,-8.585084,-4.977129,-5.084031,-5.343458,8360
87.78,0.02783203,-5,0.9315598,0.4200819,-0.01602192,-8.727041,-4.977129,-5.084929,-5.387559,8348
87.8,-0.1191406,-5,0.9296219,0.4135418,-0.07709067,-8.835544,-4.977129,-5.085977,-5.434999,8340
87.82,-0.2950439,-5,0.928714,0.406926,0.01451245,-8.921306,-4.977129,-5.086737,-5.473213,8340
87.84,-0.5524902,-5,0.9295964,0.4010603,0.1061156,-9.001028,-4.977129,-5.087064,-5.504736,8356
87.86,-0.7297363,-5,0.92553,0.3943191,0.07558119,-9.068192,-4.977129,-5.087902,-5.548064,8328
87.88,-0.713623,-5,0.9165793,0.3859895,0.02977964,-9.102231,-4.977129,-5.08941,-5.593315,8344
87.9,-0.9172363,-5,0.92002,0.3807922,0.01451245,-9.136658,-4.977129,-5.089232,-5.596456,8344
87.92,-12.69263,-5,0.9168974,0.3675862,-0.0007547362,-9.196503,-5.044609,-5.130093,-5.760889,8336
87.94,3.953491,-5,0.9220243,0.3587789,0.01451245,-10.41822,-4.977129,-5.107192,-5.707069,8352
87.96,0.4521484,-5,0.9165334,0.3463278,-0.03128911,-9.528728,-4.977129,-5.097169,-5.722892,8356
87.98,-0.8077393,-5,0.8930295,0.3410322,-1.527473,-9.218677,-4.977129,-5.094615,-5.747264,8352
88,-12.86035,-5,0.8919553,0.3326047,0.1519171,-9.16393,-5.044609,-5.133493,-5.859054,8348
88.02,-42.41907,5,0.9002816,0.3293499,-0.2297625,-10.34768,-4.977129,-5.109078,-5.769202,8328
88.04,-49.48608,5,0.8949937,0.2709721,0.2282531,-14.14643,-4.977129,-5.09926,-5.903181,8336
88.06,-54.87378,5,0.8300611,0.1408869,-2.748847,-17.2048,-4.977129,-5.101122,-6.27575,8336
88.08,-58.42883,5,0.679643,-0.04680024,-9.588544,-19.32127,-4.977129,-5.112642,-6.751737,8364
88.1,-58.21399,5,0.3857445,-0.2949308,-16.70305,-20.14562,-4.977129,-5.139099,-7.334011,8376
88.12,-53.9906,5,-0.009901226,-0.5855036,-21.49694,-19.38662,-4.977129,-5.173551,-7.716131,8356
88.14,-59.74164,5,-0.4165965,-0.884871,-19.40534,-17.1564,-5.044609,-5.240748,-7.735277,8356
88.16,-42.95215,5,-0.5826511,-1.091144,-7.344269,-15.71737,-4.977129,-5.202178,-6.618802,8364
88.18,-110.4111,5,-0.6545209,-1.255793,-3.619076,-12.99373,-5.314529,-5.354437,-6.145813,8324
88.2,-82.10748,5,-0.6978895,-1.384104,-4.535108,-17.86964,-5.247049,-5.357053,-5.447025,8364
88.22,-83.63477,5,-0.8416562,-1.56214,-9.298468,-17.78549,-5.247049,-5.35271,-5.20995,8340
88.24,-94.90057,5,-1.144999,-1.777262,-17.97023,-16.92875,-5.314529,-5.401445,-5.26434,8340
88.26,-83.63434,5,-1.597654,-2.042569,-24.18397,-16.00684,-5.314529,-5.445299,-5.261621,8328
88.28,-61.38525,5,-2.052505,-2.310279,-24.67252,-12.72503,-5.247049,-5.43287,-4.553799,8328
88.3,-72.8656,5,-2.350399,-2.508056,-11.13053,-7.350754,-5.314529,-5.44582,-3.213057,8348
88.32,-135.4759,5,-2.228315,-2.57312,4.472529,-5.518337,-5.65193,-5.583096,-1.587155,8332
88.34,-112.4908,5,-1.999615,-2.569203,9.113751,-11.3985,-5.58445,-5.545128,-0.09966946,8360
88.36,37.39444,5,-1.83207,-2.486482,5.296957,-13.21239,-4.639729,-4.92762,2.435894,8380
88.38,-277.3168,5,-1.996658,-2.572616,-9.619079,0.7119536,-5.989328,-5.478818,0.3371942,8300
88.4,-24.07666,5,-2.310535,-2.645841,-14.04656,-20.46108,-4.977129,-5.15541,1.045212,8384
88.42,-82.06375,5,-1.982268,-2.720357,17.90765,-10.03119,-4.977129,-4.95043,2.528948,8332
88.44,52.58569,5,-1.811443,-2.520322,2.045048,-9.274423,-3.96493,-4.214674,5.3211,8324
88.46,-54.21904,5,-2.091183,-2.393773,-10.79465,5.670814,-4.03241,-3.974505,5.167281,8276
88.48,-72.9838,5,-2.195602,-2.223322,2.976346,5.086417,-3.96493,-3.847769,5.595903,8284
88.5,-158.5584,5,-1.720195,-2.059747,36.41147,1.038417,-4.30233,-3.946207,5.978566,8280
88.52,-229.8286,5,-1.137311,-1.983111,29.31223,-12.44821,-4.707209,-4.190732,5.002543,8280
88.54,-208.1683,5,-0.9032723,-2.138449,10.04505,-29.41587,-4.707209,-4.317724,2.725826,8296
88.56,-184.6608,5,-1.226267,-2.569548,-16.67252,-37.41747,-4.639729,-4.407008,-0.3896265,8300
88.58,-177.4691,5,-2.240586,-3.250576,-58.99314,-37.02792,-4.707209,-4.609356,-3.927397,8304
88.6,-87.32695,5,-3.690566,-4.049623,-77.84811,-31.11288,-4.43729,-4.660761,-5.692286,8324
88.62,-40.75573,5,-5.035218,-4.753272,-74.03131,-13.53816,-4.30233,-4.654485,-4.73284,8284
88.64,-90.12473,5,-6.251055,-5.279829,-31.81756,6.7483,-4.707209,-4.900462,-2.691929,8292
88.66,44.57118,5,-5.703141,-5.103396,50.41148,13.61416,-4.03241,-4.381543,5.723351,8332
88.68,-82.21722,5,-4.914491,-4.597488,46.51835,29.01781,-4.30233,-4.137109,11.11703,8280
88.7,-21.69858,5,-3.93023,-3.817223,38.22827,23.30423,-3.695009,-3.540238,15.94014,8292
88.72,5.586243,5,-3.055138,-3.056815,45.48018,22.92308,-3.02021,-2.820021,18.79416,8272
88.74,-218.813,5,-2.207892,-2.438741,32.41147,22.25386,-3.695009,-2.883896,17.96027,8236
88.76,-40.57364,5,-1.796587,-2.026675,11.4191,-1.917879,-2.68281,-2.363432,17.14485,8272
88.78,-181.8971,5,-1.38631,-1.936792,24.22826,-1.493859,-3.02021,-2.373939,14.40672,8228
88.8,-261.7869,5,-1.277466,-2.037859,-0.1534266,-16.12165,-3.425089,-2.680049,10.44202,8220
88.82,-278.7698,5,-1.773302,-2.57695,-31.80229,-32.40268,-3.762489,-3.143193,4.863004,8256
88.84,-198.6979,5,-2.848986,-3.471152,-65.37482,-41.30723,-3.695009,-3.450177,0.242098,8252
88.86,-145.3093,5,-4.355727,-4.527723,-84.74887,-34.09381,-3.695009,-3.708431,-2.624186,8260
88.88,-93.09967,5,-5.98727,-5.498336,-85.54277,-18.46775,-3.695009,-3.896493,-2.868209,8236
88.9,69.23114,5,-7.901549,-6.285394,-2.703046,3.84416,-3.08769,-3.685173,-0.1247578,8252
88.92,138.8322,5,-6.961153,-5.963791,38.57941,32.11385,-2.345409,-2.813707,11.89774,8208
88.94,101.9399,5,-5.937852,-4.955045,39.2817,54.59375,-1.805569,-1.881737,20.79713,8188
88.96,26.46344,5,-4.61894,-3.63221,62.64048,61.41894,-1.46817,-1.12669,26.73642,8128
88.98,-200.8124,5,-2.644305,-2.304202,87.46493,51.41423,-2.075489,-1.020652,28.83234,8112
89,-178.5745,5,-0.9009819,-1.292889,85.58706,16.05783,-1.738089,-0.7404103,27.70633,8156
89.02,-125.8359,5,0.3408779,-0.7681396,54.90003,-9.106068,-1.06329,-0.2607923,24.31161,8124
89.04,-265.9514,5,0.6136875,-0.7860775,4.289323,-21.63685,-1.40069,-0.3960306,16.9906,8092
89.06,-305.0604,5,-0.2185221,-1.410562,-54.74886,-41.56018,-1.738089,-0.8990719,7.647613,8104
89.08,-231.8129,5,-1.586525,-2.531723,-74.61147,-54.19641,-1.738089,-1.344012,0.02435121,8128
89.1,-121.1423,5,-3.151108,-3.782708,-85.06948,-49.88421,-1.46817,-1.521556,-3.874466,8124
89.12,-133.3771,5,-4.827703,-4.927366,-88.90155,-30.38267,-1.738089,-1.844718,-5.570082,8096
89.14,79.36395,5,-5.97615,-5.575494,-34.62672,-14.5254,-0.7933693,-1.398425,-1.553655,8132
89.16,-100.9926,5,-5.68187,-5.573216,9.770241,16.21181,-1.40069,-1.36405,4.267663,8088
89.18,-176.9234,5,-5.313258,-5.208709,11.5107,16.93896,-1.805569,-1.470023,7.796268,8132
89.2,-47.98804,5,-4.7367,-4.777032,36.13667,8.10862,-1.13077,-1.034539,11.44064,8128
89.22,-53.14185,5,-3.750551,-4.217692,41.34277,12.11453,-0.7258892,-0.4893051,15.02443,8112
89.24,-26.53125,5,-3.29237,-3.636598,11.34276,12.88091,-0.1185694,0.1216558,16.52624,8080
89.26,-171.4917,5,-3.301193,-3.314302,3.480163,15.91154,-0.5234499,0.07644685,14.5842,8076
89.28,-46.28284,5,-2.824427,-2.975313,23.15956,1.90854,0.2188301,0.5050449,15.4347,8076
89.3,-230.568,5,-2.386131,-2.846275,25.73971,3.512203,-0.4559698,0.2873456,13.3621,8000
89.32,-102.3123,5,-1.859945,-2.681734,21.61757,-15.63599,0.2188301,0.6032507,12.96273,8028
89.34,-206.3335,5,-2.008328,-2.86332,-8.947322,-15.04554,-0.1185694,0.4559715,9.119607,8008
89.36,1.041016,5,-2.592407,-3.108165,-32.84046,-22.8688,0.9611101,0.9329767,7.78845,8024
89.38,-132.0219,5,-3.149068,-3.438074,-23.72595,-5.444879,0.5562305,0.8408428,5.970085,7968
89.4,-5.877686,5,-3.444164,-3.512974,6.212988,-6.173228,1.23103,1.199651,7.321673,7992
89.42,-186.7883,5,-2.928889,-3.420113,20.77788,4.053061,0.5562305,1.042764,8.220114,7964
89.44,-46.39685,5,-3.053084,-3.319205,1.43436,-6.811647,1.23103,1.345828,8.413134,7996
89.46,19.21643,5,-2.743348,-3.148209,5.968713,-0.636373,1.90583,1.913049,10.33303,7976
89.48,64.08618,5,-3.021744,-2.919514,-17.11526,11.21546,2.58063,2.521265,11.3727,7920
89.5,-142.2025,5,-2.5873,-2.547578,38.213,21.81928,1.90583,2.43033,11.95536,7880
89.52,-78.59973,5,-1.567867,-2.000985,41.51071,4.682073,2.31071,2.714482,13.60887,7924
89.54,-25.72864,5,-0.8451218,-1.601472,26.01452,-2.471812,2.918031,3.208128,13.46814,7908
89.56,-144.5797,5,-1.123677,-1.559913,-18.79465,-1.118268,2.58063,3.100366,9.385915,7880
89.58,-7.394531,5,-1.604082,-1.677537,-23.61908,-10.40377,3.25543,3.343701,7.413135,7900
89.6,-117.0343,5,-1.166013,-1.712092,9.831309,-4.349836,2.918031,3.296466,7.175202,7844
89.62,8.603149,5,-1.537557,-1.771745,-21.66488,-9.966626,3.592831,3.610498,6.202328,7856
89.64,-103.3563,5,-1.312041,-1.78438,9.587034,-1.928154,3.25543,3.569104,5.806284,7828
89.66,26.98987,5,-1.35729,-1.701834,-1.252663,-7.534566,3.99771,3.974359,6.192579,7840
89.68,-165.5249,5,-1.046335,-1.645622,11.28169,0.5531342,3.25543,3.729992,5.048172,7788
89.7,30.80359,5,-1.155082,-1.571936,2.228254,-12.85322,4.20015,4.142807,5.005027,7844
89.72,-152.9943,5,-0.7941139,-1.558707,11.77024,-3.39673,3.525351,3.9462,3.942526,7780
89.74,60.66003,5,-0.9926673,-1.496943,-18.01603,-14.67274,4.60503,4.453821,4.054119,7812
89.76,86.86816,5,-0.3169837,-1.203992,17.15956,-2.627693,5.27983,5.156459,6.695415,7752
89.78,-59.30432,5,-0.5890206,-0.9695667,-14.2603,8.708501,4.94243,5.191099,4.86528,7712
89.8,47.76404,5,0.16088,-0.4895665,64.0298,-0.8479452,5.684711,5.704444,6.894259,7748
89.82,-103.4097,5,0.8379486,-0.1216499,29.66338,1.172369,5.27983,5.703047,5.640807,7676
89.84,-155.0909,5,0.6870013,-0.07864974,-18.3061,-12.41596,4.94243,5.391102,1.379322,7712
89.86,50.80701,5,0.9256673,-0.1094059,1.525963,-27.07407,5.95463,5.832016,0.9272178,7724
89.88,-5.750122,5,0.4424355,-0.3340286,-30.41298,-14.39669,5.95463,5.936011,-1.540593,7656
89.9,8.321411,5,-0.5617594,-0.6201989,-52.8252,-8.356602,6.02211,5.89826,-3.683149,7680
89.92,-72.01953,5,-0.1095884,-0.622254,49.2359,-4.632713,5.61723,5.733539,-2.246149,7684
89.94,-117.9113,5,0.3312989,-0.5488849,8.777874,-11.90271,5.27983,5.514216,-2.409166,7708
89.96,-138.9584,5,0.06177184,-0.7563125,-6.321367,-20.55278,4.94243,5.150531,-5.281998,7704
89.98,153.1848,5,-0.1516916,-0.9154087,-19.42061,-27.14513,6.35951,5.813872,-3.827622,7716
90,49.49768,5,-0.7938273,-1.086836,-42.41298,0.09371781,6.22455,5.976669,-3.917236,7652
90.02,-177.2145,5,-1.425118,-1.209406,-20.1229,9.278507,4.94243,5.242191,-5.547862,7672
90.04,88.01489,5,-0.8773299,-1.033174,45.73972,-8.951847,5.95463,5.627901,-1.439859,7728
90.06,-28.13184,5,-0.4280274,-0.8868914,17.06795,4.173265,5.61723,5.66406,-0.184588,7680
90.08,-32.37146,5,-0.7420676,-0.7924225,-24.42825,2.162277,5.54975,5.590968,-0.8810775,7720
90.1,-68.50781,5,-0.5672982,-0.7402411,40.91529,-0.2564312,5.27983,5.41437,-0.7983728,7704
90.12,-50.55078,5,-0.2152454,-0.6663472,2.197719,-6.675354,5.27983,5.376182,-0.3174306,7720
90.14,-35.80359,5,-0.5558518,-0.7909006,-13.58854,-7.94281,5.27983,5.300963,-1.734549,7712
90.16,-27.08984,5,-0.5880578,-0.8821305,-7.893886,-7.180776,5.27983,5.274706,-1.548777,7712
90.18,-20.26233,5,-0.7767814,-0.9718028,-8.611445,-5.155861,5.27983,5.25307,-1.602108,7732
90.2,-33.81604,5,-0.6104795,-0.9527414,5.403827,-3.711609,5.21235,5.241798,-0.7643954,7712
90.22,-18.4895,5,-0.6565818,-0.9336925,3.266422,-3.938074,5.27983,5.274446,-0.6216891,7732
90.24,-25.60071,5,-0.5108713,-0.8715071,4.182453,-3.027837,5.27983,5.309593,-0.09240431,7716
90.26,-40.1687,5,-0.523113,-0.8364936,1.678635,-3.125358,5.21235,5.27769,-0.326135,7740
90.28,-25.44019,5,-0.4343811,-0.7937182,1.098482,-4.931698,5.27983,5.310104,-0.1429505,7728
90.3,-40.32153,5,-0.4523435,-0.7946948,0.4419934,-4.601376,5.21235,5.275214,-0.4996124,7732
90.32,-35.47375,5,-0.4590646,-0.8038225,-0.8099151,-5.863195,5.21235,5.255816,-0.6654427,7732
90.34,-21.78528,5,-0.451081,-0.8133969,-0.2450293,-6.208976,5.27983,5.287622,-0.6251257,7728
90.36,-26.24756,5,-0.4651534,-0.8184648,-0.5351062,-5.010203,5.27983,5.30035,-0.6490329,7716
90.38,-39.67371,5,-0.4660105,-0.8166136,-0.596175,-4.692686,5.21235,5.265584,-0.7635216,7716
90.4,-23.86121,5,-0.4393903,-0.8053571,0.6557342,-5.901902,5.27983,5.292646,-0.6649281,7752
90.42,-27.23376,5,-0.4486273,-0.8061253,-0.4282355,-5.072642,5.27983,5.301697,-0.7312574,7732
90.44,-16.797,5,-0.4541906,-0.7912222,0.1977187,-4.821955,5.34731,5.345257,-0.600478,7720
90.46,-33.98157,5,-0.4531887,-0.7781689,-0.1228922,-3.630637,5.27983,5.323539,-0.6687148,7712
90.48,-30.75745,5,-0.441364,-0.7622711,0.4419934,-4.616203,5.27983,5.31372,-0.6813335,7752
90.5,-29.59314,5,-0.4146005,-0.7556147,1.22062,-5.028984,5.27983,5.310501,-0.6970072,7716
90.52,-27.81409,5,-0.4621039,-0.7692165,-0.8709843,-5.021787,5.27983,5.301324,-0.8657202,7716
90.54,-38.24927,5,-0.46159,-0.7833,-0.03128911,-4.862616,5.21235,5.258185,-0.9532724,7744
90.56,-21.26648,5,-0.4448805,-0.7841832,0.5335966,-5.83994,5.27983,5.282916,-0.8103229,7732
90.58,-13.13953,5,-0.4440265,-0.777265,0.2435202,-4.747682,5.34731,5.335359,-0.6368747,7716
90.6,-32.06104,5,-0.4296126,-0.7556672,0.4419934,-3.280542,5.27983,5.320799,-0.6185562,7740
90.62,-29.59167,5,-0.4196205,-0.732509,0.5335966,-4.253168,5.27983,5.313252,-0.6406312,7724
90.64,-17.35876,5,-0.3788449,-0.7099224,1.312223,-4.755589,5.34731,5.352614,-0.5005259,7732
90.66,-33.03906,5,-0.4136479,-0.7113984,-0.6114421,-3.759159,5.27983,5.322442,-0.7389367,7740
90.68,-40.63123,5,-0.3994527,-0.7134546,0.2435202,-4.755465,5.21235,5.269488,-0.875415,7724
90.7,-22.49463,5,-0.3683067,-0.7169724,1.449628,-6.257168,5.27983,5.289021,-0.8136149,7728
90.72,-24.69666,5,-0.3985876,-0.7351759,-0.6419765,-5.315901,5.27983,5.293247,-0.9270629,7728
90.74,-25.55994,5,-0.4033097,-0.7363573,-0.2908313,-4.901826,5.27983,5.296211,-0.888221,7720
90.76,-26.70349,5,-0.3712184,-0.7228052,0.8084057,-4.823564,5.27983,5.302016,-0.8020859,7728
90.78,-27.21826,5,-0.3703054,-0.7137964,0.2587874,-4.889616,5.27983,5.302811,-0.8550998,7736
90.8,-27.16907,5,-0.3678044,-0.7086206,-0.01602192,-4.99269,5.27983,5.301717,-0.8983787,7732
90.82,-26.91895,5,-0.3659491,-0.7060547,0.04504682,-5.061083,5.27983,5.300232,-0.934171,7740
90.84,-26.69751,5,-0.3628314,-0.7041112,0.06031401,-5.09063,5.27983,5.299139,-0.9576138,7728
90.86,-37.91235,5,-0.3672304,-0.7120274,-0.04655629,-5.097156,5.21235,5.256783,-1.129586,7732
90.88,-20.58362,5,-0.3676485,-0.7170188,0.09084838,-6.205259,5.27983,5.277968,-1.078483,7728
90.9,-35.01575,5,-0.3751849,-0.7324945,-0.06182348,-5.186835,5.21235,5.246431,-1.20871,7732
90.92,-18.75476,5,-0.3985158,-0.7367686,-0.4740371,-5.866389,5.27983,5.271069,-1.137092,7744
90.94,-22.53455,5,-0.3820582,-0.7316974,0.3656577,-4.727841,5.27983,5.285769,-1.013176,7744
90.96,-23.86719,5,-0.3987726,-0.7197174,0.09084838,-4.299923,5.27983,5.290727,-0.9872314,7748
90.98,-36.46558,5,-0.3629931,-0.7044908,1.770238,-4.295319,5.21235,5.256641,-0.9991153,7748
91,-19.41309,5,-0.3738617,-0.6986071,-0.5809073,-5.498623,5.27983,5.278333,-0.9889424,7740
91.02,-22.57581,5,-0.3586999,-0.6943354,0.4877952,-4.62118,5.27983,5.289646,-0.9277355,7732
91.04,-23.58508,5,-0.372899,-0.6854817,0.04504682,-4.312299,5.27983,5.292857,-0.9274466,7748
91.06,-12.40344,5,-0.3592852,-0.664035,-0.07709067,-4.228697,5.34731,5.336269,-0.733358,7732
91.08,-29.65564,5,-0.3457601,-0.6449629,0.2435202,-3.113802,5.27983,5.315898,-0.7685778,7744
91.1,-38.80945,5,-0.3033103,-0.625945,2.136651,-4.285494,5.21235,5.269361,-0.8663213,7724
91.12,-20.95325,5,-0.2805603,-0.6225278,-0.6572433,-6.032051,5.27983,5.287746,-0.8960976,7716
91.14,-34.74487,5,-0.2993985,-0.6449625,-0.3366328,-5.344863,5.21235,5.250774,-1.165217,7736
91.16,-18.64709,5,-0.3001121,-0.652021,0.07558119,-6.257065,5.27983,5.275106,-1.107588,7732
91.18,-21.75183,5,-0.321782,-0.6633224,-0.5809073,-5.16179,5.27983,5.283534,-1.151981,7724
91.2,-34.81311,5,-0.316428,-0.6638218,0.1366499,-4.796078,5.21235,5.248723,-1.221404,7728
91.22,-29.78442,5,-0.3210692,-0.6694909,0.2587874,-5.855528,5.21235,5.231842,-1.304175,7736
91.24,-15.39404,5,-0.3440748,-0.6818994,-0.2908313,-5.94239,5.27983,5.26187,-1.261193,7712
91.26,-31.64746,5,-0.3299757,-0.6838834,-0.1686933,-4.619953,5.21235,5.238938,-1.249037,7716
91.28,-17.06189,5,-0.3193695,-0.6674677,0.5946653,-5.39704,5.27983,5.271035,-1.098359,7732
91.3,-20.52844,5,-0.3403327,-0.6626323,-0.6114421,-4.364844,5.27983,5.281634,-1.117754,7716
91.32,-10.07288,5,-0.3407193,-0.6393477,0.1824515,-4.004797,5.34731,5.327449,-0.9011186,7716
91.34,-26.99854,5,-0.3467435,-0.6208436,0.1061156,-2.713241,5.27983,5.306313,-0.9287388,7728
91.36,-23.71118,5,-0.3272573,-0.5971954,0.7778715,-3.630199,5.27983,5.298464,-0.8619516,7720
91.38,-21.83936,5,-0.325633,-0.5910805,-0.519839,-3.90399,5.27983,5.293241,-0.8861208,7724
91.4,-32.63257,5,-0.3127402,-0.5931411,0.4725278,-3.961457,5.21235,5.25174,-0.979327,7728
91.42,-14.69446,5,-0.3328233,-0.5999494,-0.3060985,-4.99258,5.27983,5.270883,-0.9506488,7732
91.44,-17.23071,5,-0.3375436,-0.6057948,-0.2144953,-3.844589,5.27983,5.280521,-0.8787758,7720
91.46,-18.74377,5,-0.3261776,-0.5915805,0.4877952,-3.379849,5.27983,5.288383,-0.7488788,7712
91.48,-19.22461,5,-0.3277002,-0.5770128,-0.2144953,-3.217626,5.27983,5.291347,-0.7139143,7732
91.5,-30.67029,5,-0.3249154,-0.5722769,0.1061156,-3.19021,5.21235,5.251707,-0.8155949,7728
91.52,-24.57422,5,-0.3345759,-0.5789801,-0.0007547362,-4.290697,5.21235,5.232028,-0.885893,7740
91.54,-9.8573,5,-0.350217,-0.5892781,-0.4587703,-4.320327,5.27983,5.262713,-0.7810628,7736
91.56,-14.37012,5,-0.3406504,-0.5818771,0.1366499,-2.885392,5.27983,5.280672,-0.6091538,7712
91.58,-27.89429,5,-0.3435541,-0.5687016,0.6557342,-2.406908,5.21235,5.24883,-0.6469578,7724
91.6,-22.88586,5,-0.3418584,-0.5621446,-0.2602969,-3.457233,5.21235,5.233894,-0.6632318,7732
91.62,-20.64465,5,-0.3334494,-0.5655165,0.1519171,-3.669478,5.21235,5.227971,-0.6548074,7728
91.64,3.246948,5,-0.3282661,-0.5509439,0.02977964,-3.548499,5.34731,5.308038,-0.3473485,7728
91.66,-19.04614,5,-0.3237469,-0.5289603,-0.07709067,-1.096889,5.27983,5.304739,-0.2993228,7728
91.68,-18.84094,5,-0.2806146,-0.4851204,3.022147,-1.872188,5.27983,5.307522,-0.1707883,7720
91.7,-22.56226,5,-0.1034297,-0.4191889,4.548865,-2.960609,5.27983,5.326328,0.08691216,7716
91.72,-35.81287,5,-0.1043806,-0.4060328,1.037414,-4.079301,5.21235,5.282407,-0.4543355,7720
91.74,-18.56982,5,-0.1007552,-0.415801,-0.107625,-6.14597,5.27983,5.295478,-0.7033232,7728
91.76,-21.86145,5,-0.07801042,-0.4333954,0.4725278,-5.852763,5.27983,5.300315,-0.8825096,7700
91.78,-35.09277,5,-0.08086675,-0.4535892,1.373291,-6.0146,5.21235,5.258799,-1.224987,7736
91.8,-17.84387,5,-0.1190073,-0.4822866,-0.1686933,-7.307672,5.27983,5.272888,-1.43731,7716
91.82,-32.70508,5,-0.1092394,-0.5117647,-0.4587703,-6.483387,5.21235,5.239941,-1.631789,7700
91.84,-18.07678,5,-0.09134764,-0.5179694,1.190086,-7.479631,5.27983,5.268022,-1.602943,7728
91.86,-33.52747,5,-0.1150858,-0.5406172,-0.4435031,-6.609824,5.21235,5.235157,-1.898703,7724
91.88,-18.50415,5,-0.1022607,-0.5433742,0.4267263,-7.616803,5.27983,5.262209,-1.852397,7724
91.9,-34.44714,5,-0.09221833,-0.5540088,0.2587874,-6.827296,5.21235,5.233613,-2.040667,7732
91.92,-19.14258,5,-0.1034135,-0.5573931,0.01451245,-7.855015,5.27983,5.258341,-2.072211,7728
91.94,-22.84851,5,-0.1047511,-0.5634068,-0.2144953,-6.986096,5.27983,5.268179,-2.120581,7728
91.96,-12.76294,5,-0.110749,-0.5520536,0.4419934,-6.743117,5.34731,5.312087,-2.015556,7724
91.98,-29.80176,5,-0.1255655,-0.546343,-0.1992282,-5.540128,5.27983,5.288262,-2.143488,7716
92,-25.57141,5,-0.1506475,-0.5450399,0.1213828,-6.378838,5.27983,5.273334,-2.228165,7728
92.02,-23.09338,5,-0.1568741,-0.5533966,-0.183961,-6.48072,5.27983,5.265923,-2.238329,7716
92.04,-22.02051,5,-0.1576835,-0.5575288,0.1671843,-6.29269,5.27983,5.264181,-2.186962,7724
92.06,-21.45166,5,-0.1657549,-0.5581104,0.304589,-6.030599,5.27983,5.263836,-2.145523,7728
92.08,-20.83398,5,-0.1785993,-0.5570236,0.1671843,-5.753804,5.27983,5.263296,-2.105205,7712
92.1,-32.09119,5,-0.1742062,-0.5576772,0.2129859,-5.54546,5.21235,5.224354,-2.150977,7736
92.12,-14.93274,5,-0.1710703,-0.5535477,0.1824515,-6.525709,5.27983,5.248463,-2.02006,7728
92.14,-18.06104,5,-0.1684961,-0.5504073,-0.2297625,-5.447,5.27983,5.260509,-1.937714,7720
92.16,-30.81836,5,-0.1751116,-0.5449072,0.5641309,-5.051652,5.21235,5.22548,-2.001185,7728
92.18,-25.52563,5,-0.1757826,-0.5444851,-0.07709067,-6.072104,5.21235,5.209484,-2.019825,7732
92.2,-23.1676,5,-0.1730438,-0.5527298,0.1519171,-6.217348,5.21235,5.203004,-2.015802,7744
92.22,-10.50989,5,-0.1825877,-0.5521992,0.1213828,-6.015965,5.27983,5.240946,-1.86201,7744
92.24,-15.49536,5,-0.1853629,-0.5399396,-0.107625,-4.594655,5.27983,5.259419,-1.731234,7756
92.26,-17.86267,5,-0.1695308,-0.5111309,0.3198562,-4.210806,5.27983,5.270333,-1.590212,7748
92.28,-6.994263,5,-0.1641258,-0.47925,0.5030622,-4.185379,5.34731,5.314768,-1.41587,7728
92.3,-23.49585,5,-0.1721719,-0.4602844,-0.04655629,-3.065689,5.27983,5.291448,-1.480343,7740
92.32,-19.59192,5,-0.1653681,-0.4419231,0.1671843,-4.010237,5.27983,5.280731,-1.451219,7736
92.34,-18.13257,5,-0.1353729,-0.4311491,0.7473372,-4.336238,5.27983,5.278546,-1.396647,7748
92.36,-16.83423,5,-0.1593691,-0.4338214,-0.3213652,-4.320076,5.27983,5.273563,-1.46469,7728
92.38,-15.78625,5,-0.1667587,-0.4354292,-0.1228922,-4.150565,5.27983,5.271292,-1.43047,7720
92.4,-15.31726,5,-0.1636841,-0.4314813,0.1213828,-3.940378,5.27983,5.272007,-1.358221,7728
92.42,-15.18201,5,-0.1591174,-0.4235828,0.04504682,-3.766791,5.27983,5.27366,-1.294379,7724
92.44,-14.91577,5,-0.1618656,-0.4160318,-0.04655629,-3.626177,5.27983,5.274201,-1.259656,7744
92.46,-26.27881,5,-0.155598,-0.414463,0.07558119,-3.549763,5.21235,5.234779,-1.340325,7724
92.48,-8.800659,5,-0.1630334,-0.4139365,0.1213828,-4.592315,5.27983,5.256508,-1.264009,7720
92.5,-23.20239,5,-0.162835,-0.4222853,-0.01602192,-3.539852,5.21235,5.226656,-1.328223,7724
92.52,-7.591309,5,-0.1581666,-0.4135545,0.2282531,-4.287393,5.27983,5.255724,-1.167887,7728
92.54,-11.3114,5,-0.1565363,-0.405892,0.1061156,-3.208452,5.27983,5.269248,-1.099653,7732
92.56,-12.62012,5,-0.1633807,-0.3901992,0.1366499,-2.846677,5.27983,5.274753,-1.042961,7724
92.58,-13.17883,5,-0.1457667,-0.3705745,0.1366499,-2.796139,5.27983,5.278942,-0.9602926,7732
92.6,-24.49841,5,-0.1515817,-0.3667726,0.304589,-2.821229,5.21235,5.238081,-1.104081,7744
92.62,-6.838257,5,-0.1558008,-0.3652856,-0.1534266,-3.93698,5.27983,5.259133,-1.026978,7740
92.64,-9.773682,5,-0.1473072,-0.3636969,-0.09235785,-2.917305,5.27983,5.270507,-0.9429322,7736
92.66,-10.71729,5,-0.163289,-0.3545904,-0.04655629,-2.484854,5.27983,5.274503,-0.9041307,7752
92.68,0.4468994,5,-0.1493009,-0.330837,0.1061156,-2.313465,5.34731,5.319008,-0.6723958,7744
92.7,-27.87964,5,-0.1554737,-0.3221904,0.06031401,-1.099813,5.21235,5.256385,-0.8564397,7732
92.72,-18.48474,5,-0.1609934,-0.3210385,-0.06182348,-3.134124,5.21235,5.226553,-0.9289562,7764
92.74,-3.827881,5,-0.109654,-0.3182572,1.831307,-3.672913,5.27983,5.260232,-0.7258694,7764
92.76,-7.831055,5,-0.1355387,-0.3203699,-1.115259,-2.46166,5.27983,5.272087,-0.7577478,7736
92.78,-21.57239,5,-0.1103735,-0.308535,-0.0007547362,-2.176231,5.21235,5.240785,-0.7713945,7736
92.8,-6.048828,5,-0.08083018,-0.2908448,1.205353,-3.447633,5.27983,5.26912,-0.6726531,7768
92.82,-9.6875,5,-0.08023663,-0.2859596,-0.3671672,-2.721574,5.27983,5.279305,-0.7273309,7736
92.84,-21.75317,5,-0.1128186,-0.2925496,-0.7335792,-2.524642,5.21235,5.237852,-0.9505906,7748
92.86,-4.510864,5,-0.1101255,-0.2934269,0.3961921,-3.594122,5.27983,5.260088,-0.8590903,7748
92.88,-7.264526,5,-0.1211704,-0.2986538,-0.6267089,-2.520864,5.27983,5.269316,-0.839144,7724
92.9,-8.582642,5,-0.1170469,-0.2874226,-0.1228922,-2.103336,5.27983,5.275502,-0.7462832,7696
92.92,-9.304199,5,-0.1035913,-0.2711931,0.09084838,-2.003808,5.27983,5.279725,-0.6841038,7740
92.94,-9.208496,5,-0.1087545,-0.2609959,-0.107625,-1.990661,5.27983,5.279677,-0.696205,7744
92.96,-20.29858,5,-0.1098094,-0.2618303,-0.06182348,-1.991047,5.21235,5.238228,-0.8212466,7752
92.98,-2.94519,5,-0.104209,-0.2601368,0.04504682,-3.101228,5.27983,5.260687,-0.7252926,7740
93,-17.19336,5,-0.1159284,-0.272285,-0.2144953,-2.066183,5.21235,5.229114,-0.8434718,7720
93.02,-1.956421,5,-0.09139062,-0.2606633,0.7778715,-2.877535,5.27983,5.260073,-0.6442822,7728
93.04,-17.23474,5,-0.1016066,-0.2638681,-0.1534266,-1.864355,5.21235,5.231477,-0.7786716,7728
93.06,-14.17834,5,-0.06239346,-0.2518027,2.365658,-2.869237,5.21235,5.223637,-0.7177129,7728
93.08,-1.798584,5,-0.04303904,-0.2426289,-0.5809073,-3.263399,5.27983,5.260897,-0.6480696,7728
93.1,-19.11377,5,-0.01758397,-0.234689,0.5183294,-2.387032,5.21235,5.238524,-0.7515578,7732
93.12,-4.275024,5,-0.02323011,-0.2244712,0.9458106,-3.512958,5.27983,5.265373,-0.7708764,7728
93.14,3.989136,5,-0.03679206,-0.2188593,-1.237397,-2.687651,5.34731,5.314013,-0.7143635,7716
93.16,-26.27405,5,-0.01593168,-0.2081695,0.3656577,-1.430972,5.21235,5.257043,-0.8642489,7720
93.18,-18.95752,5,0.01903805,-0.1965713,2.289322,-3.773183,5.21235,5.232969,-0.9563336,7732
93.2,-3.353638,5,-0.007249461,-0.2158617,-1.802282,-4.465552,5.27983,5.255369,-1.091439,7716
93.22,-7.724854,5,0.01847439,-0.2193188,0.04504682,-3.437204,5.27983,5.269631,-1.020479,7728
93.24,-9.232056,5,-0.009414405,-0.218727,0.1061156,-3.107413,5.27983,5.272015,-1.107077,7732
93.26,-9.538452,5,-0.008754313,-0.2145859,-0.1992282,-3.043745,5.27983,5.272546,-1.115188,7700
93.28,-9.512695,5,-0.006540892,-0.2104509,-0.09235785,-3.039074,5.27983,5.272367,-1.127259,7728
93.3,-8.669678,5,-0.03240571,-0.2145441,-0.3519,-2.944327,5.27983,5.268327,-1.196389,7740
93.32,-7.786987,5,-0.04137266,-0.2168711,-0.6419765,-2.764117,5.27983,5.266232,-1.172906,7716
93.34,-7.642822,5,-0.02823939,-0.2106895,-0.4129688,-2.598058,5.27983,5.268197,-1.087501,7724
93.36,-19.11182,5,-0.02951263,-0.2120126,-0.2908313,-2.492377,5.21235,5.228411,-1.20074,7724
93.38,-1.88562,5,-0.02896639,-0.2108904,-0.4282355,-3.553913,5.27983,5.251059,-1.111749,7732
93.4,-4.772217,5,-0.03382586,-0.2129721,-0.3519,-2.497621,5.27983,5.261235,-1.069744,7720
93.42,-17.69421,5,-0.03012578,-0.2081529,0.1061156,-2.12831,5.21235,5.226903,-1.118507,7716
93.44,-1.310425,5,-0.01977097,-0.1979388,0.2893218,-3.195617,5.27983,5.252895,-1.003561,7728
93.46,-4.782593,5,-0.01214618,-0.191709,-0.3519,-2.270372,5.27983,5.265048,-0.9583563,7728
93.48,-6.083008,5,-0.01669146,-0.1784974,0.2893218,-1.993695,5.27983,5.269776,-0.9294209,7732
93.5,-5.941895,5,-0.02862472,-0.1699956,-0.4587703,-1.899205,5.27983,5.269505,-0.9372665,7732
93.52,-5.679565,5,-0.01974106,-0.1599203,-0.03128911,-1.849481,5.27983,5.270392,-0.8810503,7704
93.54,-16.48547,5,-0.03657746,-0.1644834,-0.2144953,-1.755208,5.21235,5.227712,-1.029951,7732
93.56,-10.20874,5,-0.04380537,-0.174799,-0.2144953,-2.755322,5.21235,5.208216,-1.06115,7720
93.58,-7.762085,5,-0.03475533,-0.1869334,-0.1992282,-2.809546,5.21235,5.202261,-1.021087,7724
93.6,4.330322,5,-0.02890165,-0.1833353,0.09084838,-2.591806,5.27983,5.242895,-0.8300803,7728
93.62,-1.005737,5,-0.0327101,-0.1698943,-0.0007547362,-1.213925,5.27983,5.261747,-0.731383,7732
93.64,-3.23584,5,-0.02585187,-0.1438717,0.2282531,-0.8642201,5.27983,5.271042,-0.6351961,7736
93.66,-3.62085,5,-0.02716055,-0.123923,-0.04655629,-0.8501754,5.27983,5.273302,-0.6171018,7732
93.68,-3.593384,5,-0.01125544,-0.1062002,0.02977964,-0.9296596,5.27983,5.27505,-0.5626458,7728
93.7,-14.83875,5,-0.00873515,-0.1026646,0.09084838,-1.009742,5.21235,5.2342,-0.6944789,7740
93.72,2.699219,5,-0.01025892,-0.1014567,-0.04655629,-2.163902,5.27983,5.255385,-0.6284904,7732
93.74,-0.2950439,5,-0.00268489,-0.1010989,-0.1228922,-1.179363,5.27983,5.266365,-0.5656849,7724
93.76,-1.882935,5,0.0058504,-0.08673065,0.4267263,-0.8598387,5.27983,5.273083,-0.4918559,7740
93.78,-2.397949,5,0.008507367,-0.0732675,-0.3519,-0.8160277,5.27983,5.275339,-0.4826343,7732
93.8,-14.04626,5,0.01801059,-0.06937481,0.1366499,-0.8940814,5.21235,5.235683,-0.6055198,7728
93.82,3.269287,5,0.01613743,-0.06856059,0.1824515,-2.087162,5.27983,5.256923,-0.5646853,7736
93.84,11.90674,5,0.01765449,-0.06309146,-0.3366328,-1.105648,5.34731,5.307365,-0.399348,7720
93.86,-18.09351,5,0.02250892,-0.0540989,0.4572606,0.3471571,5.21235,5.250204,-0.5387962,7736
93.88,2.217651,5,0.007152142,-0.04596113,0.1366499,-1.641384,5.27983,5.261549,-0.5309218,7732
93.9,-1.203979,5,0.09362343,-0.02886015,3.846575,-1.193999,5.27983,5.277112,-0.3414771,7728
93.92,-13.49841,5,0.04602895,-0.03611924,-0.6267089,-1.10897,5.21235,5.234557,-0.6742596,7764
93.94,2.69043,5,0.09185493,-0.02762228,0.06031401,-2.422827,5.27983,5.26093,-0.5287131,7728
93.96,-1.411743,5,0.1094094,-0.02420929,0.8389403,-1.716564,5.27983,5.273097,-0.5628922,7732
93.98,9.158691,5,0.07745717,-0.01683843,-0.03128911,-1.532955,5.34731,5.3132,-0.5586967,7732
94,-8.05188,5,0.0883153,-0.006864049,0.2893218,-0.4070019,5.27983,5.291268,-0.6189838,7728
94.02,-5.436279,5,0.1180126,0.01070861,1.831307,-1.500336,5.27983,5.283407,-0.625055,7736
94.04,-16.01782,5,0.1354777,0.005361244,-0.107625,-2.041164,5.21235,5.238048,-0.860545,7736
94.06,1.135376,5,0.1512983,-0.001224216,0.2282531,-3.495096,5.27983,5.257963,-0.8775759,7752
94.08,-1.795166,5,0.1395266,-0.01680567,-0.07709067,-2.68604,5.27983,5.264131,-0.9863416,7728
94.1,-14.59729,5,0.1335578,-0.02766381,0.09084838,-2.455678,5.21235,5.225767,-1.158201,7756
94.12,175.1251,5,0.143775,0.08900774,0.3351234,-3.227334,6.29203,5.859215,0.9479134,7752
94.14,-83.4707,5,0.1435055,0.169846,0.06031401,15.02886,5.27983,5.535226,0.008281834,7648
94.16,138.7943,5,0.1201263,0.3980501,3.159552,1.448417,6.29203,5.985785,1.643552,7724
94.18,60.53406,5,0.984157,0.7563643,44.79316,12.00515,6.29203,6.284168,3.945589,7640
94.2,-146.7984,5,0.9441004,0.9294095,-6.840452,10.81707,5.27983,5.757785,0.8662204,7664
94.22,105.4628,5,0.8215044,0.9513401,17.95345,-10.09171,6.29203,6.065943,0.4153464,7716
94.24,40.44287,5,1.646209,1.083819,34.213,-1.240188,6.29203,6.296071,1.832599,7676
94.26,-158.3689,5,1.337334,1.02095,-21.16107,-1.338318,5.27983,5.71454,-2.253289,7648
94.28,-11.81311,5,0.8604164,0.7368875,-14.58091,-19.74004,5.61723,5.565249,-4.7125,7736
94.3,-38.48047,5,1.951641,0.7028311,33.66338,-20.83718,5.54975,5.610466,-2.983826,7704
94.32,-31.18652,5,1.601129,0.5386375,-18.35191,-23.10134,5.61723,5.599959,-5.610996,7692
94.34,48.36853,5,0.477495,0.1284463,-61.40535,-19.96773,5.95463,5.641755,-8.375995,7716
94.36,68.495,5,-0.8839035,-0.3949272,-6.809917,-5.257745,5.95463,5.536682,-9.611866,7700
94.38,64.96692,5,-0.8116985,-0.4673445,-0.8709843,6.257297,5.887151,5.561762,-5.748744,7704
94.4,63.37549,5,-0.6679232,-0.2938955,10.68627,13.07643,5.887151,5.65401,-2.69395,7704
94.42,54.02246,5,0.0559622,0.1329952,26.99162,15.04967,5.95463,5.852234,0.8064387,7684
94.44,41.32275,5,0.4317945,0.5388169,24.91528,14.20174,6.02211,6.004945,1.932508,7696
94.46,3.498901,5,1.048592,0.9350792,21.95345,10.26956,5.95463,6.070854,2.6201,7676
94.48,-4.075195,5,1.292626,1.162266,16.50307,3.034026,5.95463,6.07403,1.556568,7700
94.5,-7.708496,5,1.525692,1.254826,5.816041,-3.30711,5.95463,6.055894,0.3731714,7696
94.52,7.021729,5,1.44774,1.198516,-3.81755,-7.594563,6.02211,6.04025,-1.312551,7712
94.54,-4.397949,5,1.359064,1.07403,-10.97786,-8.69032,5.95463,5.963469,-2.684946,7700
94.56,8.474609,5,1.067574,0.8863893,-14.24503,-9.601921,5.95463,5.88692,-4.029247,7708
94.58,18.35803,5,0.8896931,0.7155797,-8.138162,-8.314748,5.95463,5.84124,-4.475863,7720
94.6,24.85352,5,0.7277785,0.5903941,-9.298468,-5.924337,5.95463,5.818057,-4.529974,7716
94.62,25.12305,5,0.7618414,0.5624572,0.8389403,-3.804159,5.95463,5.830481,-3.960352,7700
94.64,24.14136,5,0.7370796,0.5703269,-0.2450293,-2.287613,5.95463,5.841303,-3.717536,7680
94.66,22.45972,5,0.7873948,0.6123759,1.938177,-1.547056,5.95463,5.856294,-3.367179,7704
94.68,22.15454,5,0.7849786,0.6495333,0.6710012,-1.209974,5.95463,5.86147,-3.277928,7696
94.7,22.46301,5,0.8085396,0.6863764,0.6862684,-1.087964,5.95463,5.865324,-3.137674,7692
94.72,34.80322,5,0.8172083,0.7241152,0.7626044,-0.9708709,6.02211,5.90697,-2.926541,7688
94.74,6.907959,5,0.8380999,0.7505777,0.4877952,0.2393204,5.887151,5.845822,-3.023309,7688
94.76,27.4184,5,0.8700877,0.7825187,0.8847416,-1.8513,5.95463,5.860682,-2.88655,7696
94.78,26.61609,5,0.8651843,0.7891917,-1.069457,-1.136518,5.95463,5.86394,-2.921816,7676
94.8,38.14148,5,0.8731295,0.8145284,1.281688,-0.7418669,6.02211,5.907244,-2.700178,7696
94.82,21.48004,5,0.8801746,0.8400671,-0.2755641,0.6390553,5.95463,5.886386,-2.70552,7692
94.84,24.46851,5,0.923174,0.8767653,2.106116,-0.2693199,5.95463,5.880711,-2.61067,7716
94.86,25.68384,5,0.954886,0.8997223,0.3656577,-0.6674146,5.95463,5.878235,-2.629431,7696
94.88,27.39355,5,0.9314474,0.9042147,-0.3060985,-0.7228966,5.95463,5.870858,-2.758121,7692
94.9,28.54761,5,0.9450174,0.9128511,-0.3977011,-0.6276917,5.95463,5.86868,-2.722211,7712
94.92,29.32324,5,0.948175,0.9227898,0.1977187,-0.4539555,5.95463,5.867477,-2.713442,7708
94.94,30.26117,5,0.9416726,0.9317608,-0.1228922,-0.2335548,5.95463,5.865405,-2.715906,7700
94.96,30.92621,5,0.9524681,0.9458526,0.2282531,-0.02408551,5.95463,5.86561,-2.658026,7688
94.98,31.67584,5,0.9518234,0.959612,0.2129859,0.1895909,5.95463,5.864911,-2.635789,7704
95,44.00031,5,0.9567952,0.9828844,-0.09235785,0.4211155,6.02211,5.905291,-2.452158,7684
95.02,15.88989,5,0.9733922,1.00018,0.1824515,1.717415,5.887151,5.843769,-2.579204,7696
95.04,35.77417,5,1.018687,1.030654,2.350391,-0.3850776,5.95463,5.86044,-2.436021,7712
95.06,33.48853,5,1.054386,1.04634,0.3656577,0.1189341,5.95463,5.868885,-2.440222,7684
95.08,33.47797,5,1.028185,1.05491,1.602299,0.3125653,5.95463,5.866639,-2.556144,7700
95.1,34.47992,5,1.021307,1.062427,-0.1228922,0.4673585,5.95463,5.863494,-2.576217,7700
95.12,34.35468,5,1.066079,1.083925,2.075582,0.5241418,5.95463,5.867373,-2.463542,7704
95.14,35.15631,5,1.04273,1.092771,0.07558119,0.632838,5.95463,5.863629,-2.566643,7712
95.16,24.06818,5,1.067829,1.100952,0.5488637,0.6805339,5.887151,5.823614,-2.640062,7716
95.18,29.17688,5,1.105098,1.110258,1.525963,-0.52825,5.887151,5.808648,-2.662506,7716
95.2,43.23047,5,1.100811,1.110735,-0.3366328,-0.7670844,5.95463,5.839416,-2.662531,7704
95.22,27.50122,5,1.10221,1.111223,0.09084838,0.4656846,5.887151,5.812361,-2.770501,7708
95.24,43.00244,5,1.105347,1.126873,0.5183294,-0.2902974,5.95463,5.840361,-2.678741,7724
95.26,38.63055,5,1.148442,1.150552,0.9916119,0.6332035,5.95463,5.856953,-2.577397,7696
95.28,37.42938,5,1.133465,1.171463,0.7931387,0.8552985,5.95463,5.859514,-2.65425,7680
95.3,48.79547,5,1.158752,1.202886,1.083215,0.8251054,6.02211,5.901894,-2.492213,7688
95.32,31.18329,5,1.205004,1.236268,1.892376,1.774642,5.95463,5.883286,-2.518081,7712
95.34,34.47443,5,1.215618,1.261073,0.6557342,0.5921789,5.95463,5.871208,-2.644493,7692
95.36,23.95496,5,1.268927,1.270306,2.121383,-0.05754245,5.887151,5.827298,-2.821769,7700
95.38,42.40942,5,1.242579,1.26036,-0.06182348,-1.431399,5.95463,5.840293,-2.992227,7700
95.4,40.11707,5,1.252267,1.251888,-0.4129688,-0.5072493,5.95463,5.846563,-3.018789,7692
95.42,38.68762,5,1.269286,1.262779,0.7626044,-0.185861,5.95463,5.851437,-3.003168,7696
95.44,38.02264,5,1.282295,1.277089,0.7015356,-0.160025,5.95463,5.852925,-3.050673,7696
95.46,38.1731,5,1.285211,1.28733,0.1213828,-0.2172794,5.95463,5.850986,-3.134415,7700
95.48,39.13586,5,1.272845,1.290479,-0.0007547362,-0.1947674,5.95463,5.846176,-3.231284,7700
95.5,28.69916,5,1.267394,1.285217,-0.2755641,-0.08558783,5.887151,5.801749,-3.401824,7728
95.52,35.06537,5,1.26658,1.277029,-0.1381594,-1.059388,5.887151,5.781318,-3.474142,7696
95.54,38.05872,5,1.262674,1.263464,-0.07709067,-1.041985,5.887151,5.772017,-3.51516,7696
95.56,51.00623,5,1.257059,1.265106,-0.1381594,-0.6807799,5.95463,5.809269,-3.363604,7712
95.58,46.19641,5,1.257858,1.282163,-0.183961,0.8653223,5.95463,5.827463,-3.239857,7720
95.6,44.34113,5,1.26596,1.314471,0.2587874,1.378117,5.95463,5.836504,-3.130484,7708
95.62,43.74792,5,1.290024,1.348866,1.281688,1.454984,5.95463,5.841522,-3.047854,7692
95.64,30.99225,5,1.35907,1.383706,2.747338,1.193331,5.887151,5.808964,-3.054155,7716
95.66,48.79681,5,1.329827,1.393374,-0.3060985,-0.1369573,5.95463,5.825759,-3.176807,7700
95.68,46.76825,5,1.336323,1.397182,0.304589,0.7646061,5.95463,5.832618,-3.16142,7704
95.7,33.6059,5,1.377873,1.415205,1.754971,0.9922982,5.887151,5.800317,-3.176411,7692
95.72,38.63049,5,1.380752,1.421731,0.1977187,-0.1912935,5.887151,5.782926,-3.312053,7692
95.74,52.46753,5,1.39738,1.426622,0.3503905,-0.4927278,5.95463,5.815545,-3.247165,7704
95.76,48.65826,5,1.376841,1.430605,0.02977964,0.7763171,5.95463,5.82664,-3.283575,7700
95.78,47.6629,5,1.371236,1.44743,-0.07709067,1.251774,5.95463,5.830792,-3.244149,7716
95.8,46.18567,5,1.438806,1.483907,2.808407,1.241407,5.95463,5.840199,-3.077278,7712
95.82,34.61798,5,1.427992,1.495391,0.2893218,1.101383,5.887151,5.797926,-3.340597,7692
95.84,51.79846,5,1.458035,1.509572,1.892376,-0.2302958,5.95463,5.820343,-3.270856,7720
95.86,37.48004,5,1.460172,1.506012,0.2740546,0.5953313,5.887151,5.787686,-3.460535,7712
95.88,54.7381,5,1.417122,1.501648,-0.3366328,-0.1309418,5.95463,5.806957,-3.499436,7688
95.9,51.26831,5,1.457724,1.51421,0.5793981,0.9980909,5.95463,5.82191,-3.332226,7692
95.92,49.51978,5,1.467117,1.53868,0.9458106,1.364497,5.95463,5.829069,-3.293242,7696
95.94,48.34869,5,1.508598,1.570325,3.022147,1.293902,5.95463,5.834931,-3.233783,7712
95.96,36.32739,5,1.53067,1.587219,2.274055,1.033226,5.887151,5.795477,-3.423468,7712
95.98,51.76892,5,1.613568,1.616798,3.037414,-0.6044901,5.95463,5.824657,-3.302388,7728
96,48.25208,5,1.608752,1.622172,0.3351234,-0.1104247,5.95463,5.83101,-3.521997,7712
96.02,81.9873,-5,1.603463,1.62013,-0.3213652,-0.1472393,5.887151,5.788937,-3.798164,7692
96.04,101.8605,-5,1.643341,1.678624,0.7626044,3.174816,5.95463,5.813585,-3.630411,7708
96.06,104.3912,-5,1.619786,1.786527,0.7473372,7.508736,5.95463,5.81727,-3.538867,7724
96.08,106.995,-5,1.78551,1.980878,10.74734,10.12772,5.95463,5.833594,-2.945415,7732
96.1,105.3479,-5,2.125071,2.252867,17.48017,11.03574,5.95463,5.867772,-2.258124,7708
96.12,114.239,-5,2.442266,2.545337,17.00689,10.48162,6.02211,5.933067,-1.984512,7700
96.14,94.96298,-5,2.775065,2.823949,17.3275,9.915733,5.95463,5.92489,-2.226178,7704
96.16,99.25494,-5,2.99385,3.047464,10.93055,6.904614,5.95463,5.904396,-2.963082,7676
96.18,116.075,-5,3.176133,3.217284,8.701538,4.802934,6.02211,5.917262,-3.670144,7696
96.2,-55.04712,-5,3.236248,3.214255,3.525964,4.571735,5.009911,5.28595,-6.65308,7676
96.22,241.8172,-5,3.265975,3.247368,4.380926,-12.45224,6.22455,5.709122,-6.063025,7748
