Tiempo,ControlPWM,ReferenciaPosicion,ReferenciaTheta,ThetaMedido,ThetaObservado,OmegaMedido,OmegaObservado,PosicionMedido,PosicionObservado,VelocidadObservado,TiempoTranscurrido
0,-70.67381,0,0,0.005902382,-0.03095611,0.06031401,-0.08909786,-0.7933693,-0.6423002,-2.812122,0
0.02,-60.93241,0,0,0.00789058,-0.09028471,0.2282531,-7.288895,-0.7258892,-0.7601679,-2.899433,7824
0.04,-48.75784,0,0,0.008519609,-0.2209082,0.1519171,-11.08397,-0.7933693,-0.8333024,-2.867079,7968
0.06,-33.38328,0,0,-0.05620644,-0.3570267,-5.87862,-12.14655,-0.7933693,-0.8400662,-2.515454,7952
0.08,-20.61182,0,0,-0.2806259,-0.538369,-9.496941,-10.61459,-0.7933693,-0.8490695,-2.577605,7944
0.1,-5.124413,0,0,-0.4191941,-0.6472231,-6.336635,-7.832315,-0.7258892,-0.786234,-1.804219,7940
0.12,-6.485,0,0,-0.4310181,-0.6410289,0.8542075,-4.334839,-0.7933693,-0.798422,-0.9656915,7944
0.14,-7.335642,0,0,-0.3710438,-0.5480312,3.617567,-2.304688,-0.7933693,-0.7777458,0.07143652,7960
0.16,-4.344421,0,0,-0.2250919,-0.3938826,7.480164,-1.46956,-0.7258892,-0.6925251,1.345031,7960
0.18,-8.879177,0,0,-0.1448646,-0.2726134,4.075583,-0.8903643,-0.7258892,-0.6650823,1.733833,7952
0.2,-8.561119,0,0,-0.02407459,-0.1492611,4.930544,-1.340718,-0.6584091,-0.5966753,2.256947,7956
0.22,-19.70137,0,0,0.04952666,-0.07072164,3.938178,-1.869062,-0.7258892,-0.6369085,1.923401,7964
0.24,-30.17949,0,0,0.1166966,-0.0232004,3.480163,-3.575419,-0.7933693,-0.7072048,1.428769,7968
0.26,-31.32669,0,0,0.1468369,-0.0236197,0.7778715,-5.878659,-0.7933693,-0.7336996,1.026508,7964
0.28,-23.35714,0,0,0.1280688,-0.06964257,-1.588542,-7.473853,-0.7258892,-0.6951771,0.827868,7964
0.3,-26.85033,0,0,0.1030236,-0.1248126,-1.954954,-7.651071,-0.7933693,-0.7431839,0.3556222,7964
0.32,-19.07683,0,0,0.0235441,-0.1934318,-3.130527,-7.87462,-0.7258892,-0.710677,0.2229266,7944
0.34,-22.85249,0,0,0.02865411,-0.2182701,-0.01602192,-7.231156,-0.7933693,-0.7494994,0.1595013,7948
0.36,-22.46497,0,0,0.01511729,-0.2277444,0.2129859,-7.136524,-0.7933693,-0.7580847,0.2077107,7944
0.38,-21.61204,0,0,0.02619961,-0.223094,-0.2450293,-7.060705,-0.7933693,-0.7558427,0.3672273,7944
0.4,-15.11703,0,0,0.0251118,-0.2167924,0.4572606,-6.915583,-0.7258892,-0.6990688,0.689916,7964
0.42,-15.14814,0,0,0.01357022,-0.2136117,-0.09235785,-6.131064,-0.7258892,-0.6844281,0.7359109,7944
0.44,-16.6712,0,0,0.02822567,-0.1917994,0.6099325,-5.653275,-0.7258892,-0.6782737,0.8351595,7948
0.46,-18.10168,0,0,0.01584758,-0.1837504,-0.04655629,-5.462712,-0.7258892,-0.6804473,0.7516299,7944
0.48,-19.02019,0,0,0.02708877,-0.1724944,0.07558119,-5.515217,-0.7258892,-0.6809852,0.7536977,7952
0.5,-19.54388,0,0,0.02758548,-0.1694527,0.2435202,-5.649165,-0.7258892,-0.6828231,0.6961293,7960
0.52,-19.70232,0,0,0.0249401,-0.1723919,-0.06182348,-5.785586,-0.7258892,-0.6849127,0.6338963,7944
0.54,-19.57586,0,0,0.01639413,-0.1807001,0.1213828,-5.867867,-0.7258892,-0.6872168,0.5660459,7964
0.56,-25.41391,0,0,0.02324414,-0.1843309,0.1213828,-5.93224,-0.7933693,-0.7412436,0.345619,7964
0.58,-19.07277,0,0,0.03029876,-0.1840671,0.1519171,-6.578217,-0.7258892,-0.7000085,0.5812772,7960
0.6,-23.8687,0,0,0.02732249,-0.1941241,-0.3519,-6.364745,-0.7933693,-0.7432784,0.3645273,7960
0.62,-17.80602,0,0,0.0343954,-0.1912046,0.304589,-6.717571,-0.7258892,-0.6983886,0.6357114,7944
0.64,-23.0647,0,0,0.02126179,-0.2014268,0.07558119,-6.309447,-0.7933693,-0.7422041,0.3887335,7948
0.66,-17.32749,0,0,0.02808928,-0.1959625,0.4572606,-6.578599,-0.7258892,-0.6975292,0.6651834,7940
0.68,-22.82845,0,0,0.01874138,-0.2019909,-0.1686933,-6.159174,-0.7933693,-0.7410597,0.4317762,7960
0.7,-23.23785,0,0,0.02241427,-0.1995655,0.1061156,-6.444303,-0.7933693,-0.7519158,0.4431626,7944
0.72,-16.42947,0,0,0.01294209,-0.2056403,0.2129859,-6.643823,-0.7258892,-0.7011482,0.6566662,7944
0.74,-21.90861,0,0,0.01714142,-0.2067961,0.1061156,-6.103072,-0.7933693,-0.7402098,0.5020645,7944
0.76,-16.72895,0,0,0.02922851,-0.1929329,0.4419934,-6.324275,-0.7258892,-0.6941534,0.7876018,7940
0.78,-22.73817,0,0,0.02541164,-0.1923107,-0.03128911,-5.948107,-0.7933693,-0.737613,0.5464601,7944
0.8,-17.50111,0,0,0.03466818,-0.1824123,0.1366499,-6.325677,-0.7258892,-0.6940566,0.783588,7956
0.82,-17.2965,0,0,0.03558642,-0.1802893,0.304589,-6.053637,-0.7258892,-0.6828558,0.7869198,7952
0.84,-12.11662,0,0,0.03180466,-0.1743605,0.06031401,-5.835956,-0.6584091,-0.6265511,0.9890126,7956
0.86,-19.17315,0,0,0.02723011,-0.170573,0.2740546,-5.16258,-0.7258892,-0.6678562,0.7211823,7968
0.88,-20.93283,0,0,0.0368182,-0.1584077,0.2587874,-5.456735,-0.7258892,-0.6795532,0.6761773,7960
0.9,-27.00877,0,0,0.03115456,-0.1657784,0.04504682,-5.826255,-0.7933693,-0.7402624,0.3321715,7960
0.92,-20.2471,0,0,0.03805523,-0.1721654,0.1671843,-6.698131,-0.7258892,-0.7013585,0.5328867,7952
0.94,-24.41739,0,0,0.01830949,-0.1974745,-0.6725109,-6.543423,-0.7933693,-0.7473983,0.2394282,7952
0.96,-17.78371,0,0,0.02502305,-0.2011795,0.7473372,-6.865272,-0.7258892,-0.701938,0.5382698,7936
0.98,-22.74048,0,0,0.01238461,-0.21273,-0.183961,-6.377384,-0.7933693,-0.7444015,0.3282325,7952
1,-16.96347,0,0,0.02428481,-0.2033921,0.1366499,-6.57627,-0.7258892,-0.6979643,0.6540066,7948
1.02,-16.6148,0,0,0.02221985,-0.1997324,0.1061156,-6.121466,-0.7258892,-0.6851832,0.7045726,7948
1.04,-17.4497,0,0,0.01438373,-0.1952235,0.01451245,-5.762455,-0.7258892,-0.6830489,0.6918535,7940
1.06,-24.28238,0,0,0.01504985,-0.1909624,0.1519171,-5.617453,-0.7933693,-0.7376665,0.4490025,7956
1.08,-18.54284,0,0,0.0172006,-0.1877788,0.06031401,-6.21389,-0.7258892,-0.6982611,0.6483191,7960
1.1,-11.6659,0,0,0.023244,-0.185546,0.2129859,-6.042349,-0.6584091,-0.6318935,0.9333249,7956
1.12,-18.36481,0,0,0.01751664,-0.1832679,0.1213828,-5.223126,-0.7258892,-0.6696858,0.697521,7948
1.14,-26.21531,0,0,0.02764807,-0.1716742,0.9763447,-5.390827,-0.7933693,-0.7345064,0.4404009,7948
1.16,-26.09851,0,0,0.01503325,-0.1824745,-0.4740371,-6.266571,-0.7933693,-0.7557202,0.2941009,7952
1.18,-18.16182,0,0,0.02163818,-0.193795,-0.3824344,-6.846614,-0.7258892,-0.7049081,0.5551726,7956
1.2,-16.8265,0,0,0.0299933,-0.1969605,0.7015356,-6.448729,-0.7258892,-0.6879589,0.6614961,7956
1.22,-17.31655,0,0,0.0177469,-0.1977545,-0.0007547362,-6.012852,-0.7258892,-0.6844701,0.6478747,7940
1.24,-24.08839,0,0,0.0199433,-0.1932225,0.1519171,-5.783899,-0.7933693,-0.737832,0.4320922,7956
1.26,-18.49336,0,0,0.03047782,-0.183855,0.1977187,-6.341647,-0.7258892,-0.6966181,0.67852,7940
1.28,-17.77668,0,0,0.02955074,-0.1854753,-0.01602192,-6.147956,-0.7258892,-0.6859015,0.6883689,7952
1.3,-18.22892,0,0,0.02880892,-0.1830219,0.04504682,-5.943752,-0.7258892,-0.6832587,0.6855776,7952
1.32,-24.86565,0,0,0.03504784,-0.1786738,0.09084838,-5.878089,-0.7933693,-0.7368895,0.4550662,7964
1.34,-19.11031,0,0,0.04384793,-0.1728976,0.06031401,-6.526254,-0.7258892,-0.6963621,0.6723251,7956
1.36,-24.28185,0,0,0.04751602,-0.1776394,0.1061156,-6.394369,-0.7933693,-0.7398187,0.4510251,7960
1.38,-24.35835,0,0,0.04645451,-0.1817377,0.1213828,-6.825278,-0.7933693,-0.7518542,0.4113706,7944
1.4,-17.28238,0,0,0.04183954,-0.1897864,0.02977964,-7.099516,-0.7258892,-0.7004886,0.6362846,7956
1.42,-16.51292,0,0,0.0335665,-0.1967574,0.1213828,-6.539773,-0.7258892,-0.6864012,0.667853,7948
1.44,-23.40515,0,0,0.04094861,-0.1889012,0.1213828,-6.112906,-0.7933693,-0.7354442,0.4957679,7956
1.46,-18.2379,0,0,0.04667809,-0.1778812,0.06031401,-6.538763,-0.7258892,-0.6940113,0.7224007,7952
1.48,-11.76631,0,0,0.03494428,-0.1802162,0.07558119,-6.264785,-0.6584091,-0.6304693,0.921996,7964
1.5,-24.55137,0,0,0.02502315,-0.1836774,0.1671843,-5.41111,-0.7933693,-0.724267,0.4289945,7960
1.52,-20.04614,0,0,0.03582708,-0.1718701,0.8389403,-6.159151,-0.7258892,-0.6943595,0.6357637,7940
1.54,-25.08917,0,0,0.033836,-0.1798505,-0.4129688,-6.206816,-0.7933693,-0.7419991,0.3742899,7948
1.56,-18.82701,0,0,0.04821225,-0.1764256,0.6251997,-6.78008,-0.7258892,-0.6978858,0.6431499,7940
1.58,-23.85977,0,0,0.03849006,-0.1879475,-0.07709067,-6.508561,-0.7933693,-0.7417468,0.3880311,7956
1.6,-17.94334,0,0,0.04530736,-0.1850398,0.2282531,-6.845489,-0.7258892,-0.6972047,0.6513562,7948
1.62,-17.37815,0,0,0.04440733,-0.185423,0.2587874,-6.469621,-0.7258892,-0.6847466,0.6893287,7944
1.64,-12.09111,0,0,0.04206617,-0.1776585,0.07558119,-6.149051,-0.6584091,-0.6270258,0.9342987,7940
1.66,-19.19124,0,0,0.03784119,-0.1711617,0.04504682,-5.397708,-0.7258892,-0.6675279,0.691967,7960
1.68,-20.91219,0,0,0.03232363,-0.1650859,0.1519171,-5.603,-0.7258892,-0.6811446,0.5981125,7944
1.7,-20.89418,0,0,0.03125936,-0.1678794,-0.107625,-5.913611,-0.7258892,-0.6862782,0.5399977,7948
1.72,-20.46292,0,0,0.0376178,-0.1703953,0.1366499,-6.135711,-0.7258892,-0.6869574,0.5408464,7952
1.74,-20.05995,0,0,0.03594454,-0.1755437,0.1213828,-6.23456,-0.7258892,-0.6873113,0.5232433,7956
1.76,-19.80869,0,0,0.04119188,-0.1759177,0.1061156,-6.272395,-0.7258892,-0.6862328,0.5487778,7956
1.78,-19.73339,0,0,0.04345635,-0.1752108,0.1213828,-6.278345,-0.7258892,-0.6854622,0.5608157,7960
1.8,-25.75139,0,0,0.04430953,-0.1774086,0.2282531,-6.283508,-0.7933693,-0.7398571,0.3230289,7956
1.82,-19.40264,0,0,0.03893591,-0.1826755,0.09084838,-6.874007,-0.7258892,-0.7006333,0.5123882,7948
1.84,-23.9369,0,0,0.01898173,-0.203437,-0.7183124,-6.573199,-0.7933693,-0.7463869,0.2436242,7948
1.86,-17.61933,0,0,0.03096874,-0.2003269,0.7778715,-6.850833,-0.7258892,-0.7001973,0.5733265,7940
1.88,-22.83015,0,0,0.02019931,-0.207686,-0.183961,-6.373241,-0.7933693,-0.7427083,0.3636945,7948
1.9,-17.1427,0,0,0.02577448,-0.2005976,0.09084838,-6.588674,-0.7258892,-0.6977257,0.6501422,7936
1.92,-16.74245,0,0,0.02247515,-0.1988563,0.1366499,-6.149722,-0.7258892,-0.6855225,0.6919459,7956
1.94,-23.54782,0,0,0.01898021,-0.1958106,0.01451245,-5.813644,-0.7933693,-0.7374657,0.457267,7940
1.96,-24.03266,0,0,0.0164777,-0.1955445,0.09084838,-6.272604,-0.7933693,-0.7524632,0.4119946,7956
1.98,-22.97774,0,0,0.01420693,-0.2041938,0.1519171,-6.621177,-0.7933693,-0.7565431,0.402908,7944
2,-15.8751,0,0,0.01649757,-0.2080085,0.04504682,-6.743436,-0.7258892,-0.7012392,0.6883632,7940
2.02,-15.53844,0,0,0.02324714,-0.2024995,0.1977187,-6.123158,-0.7258892,-0.6839374,0.7911166,7948
2.04,-10.89869,0,0,0.02950289,-0.1839369,0.3656577,-5.68901,-0.6584091,-0.6239744,1.073779,7948
2.06,-18.59639,0,0,0.02611785,-0.1714647,-0.07709067,-4.934003,-0.7258892,-0.6648942,0.8089722,7952
2.08,-26.91135,0,0,0.04895116,-0.1506382,0.6862684,-5.285164,-0.7933693,-0.7302043,0.557307,7960
2.1,-20.97416,0,0,0.03646462,-0.1581989,-0.4740371,-6.32817,-0.7258892,-0.6982912,0.5995107,7956
2.12,-25.27735,0,0,0.03435361,-0.1776041,-0.6419765,-6.42017,-0.7933693,-0.7446868,0.3308804,7956
2.14,-18.62554,0,0,0.0420319,-0.1825745,0.8236728,-6.92512,-0.7258892,-0.7002464,0.5856416,7952
2.16,-11.31001,0,0,0.01234451,-0.2012852,-0.8099151,-6.497258,-0.6584091,-0.6366283,0.7553006,7924
2.18,-23.87114,0,0,0.02815536,-0.1936611,0.7473372,-5.520977,-0.7933693,-0.7245163,0.4336347,7952
2.2,-19.4731,0,0,0.02054326,-0.1855431,0.8236728,-6.117085,-0.7258892,-0.6957343,0.5847191,7932
2.22,-24.63436,0,0,0.02806346,-0.1872868,-0.4282355,-6.09936,-0.7933693,-0.7417896,0.3880699,7956
2.24,-24.5438,0,0,0.04122713,-0.1840063,0.8389403,-6.646029,-0.7933693,-0.7523068,0.4160129,7960
2.26,-17.37942,0,0,0.03585225,-0.1912585,-0.2297625,-6.981105,-0.7258892,-0.7010067,0.6327052,7940
2.28,-16.68258,0,0,0.04696464,-0.1880194,0.3503905,-6.507415,-0.7258892,-0.6841861,0.7415534,7944
2.3,-17.59257,0,0,0.03556006,-0.1851518,0.1213828,-6.090522,-0.7258892,-0.68145,0.7088386,7940
2.32,-18.54745,0,0,0.03555122,-0.1781742,0.1061156,-5.905934,-0.7258892,-0.6813603,0.700131,7952
2.34,-19.27834,0,0,0.04177085,-0.1698326,0.2282531,-5.89973,-0.7258892,-0.6814698,0.6978974,7956
2.36,-19.7436,0,0,0.04304241,-0.1663941,0.1061156,-5.976516,-0.7258892,-0.6826065,0.6616962,7944
2.38,-26.00592,0,0,0.04936652,-0.1661073,0.1366499,-6.100202,-0.7933693,-0.7376689,0.407385,7960
2.4,-19.7568,0,0,0.04605524,-0.1714109,0.07558119,-6.80138,-0.7258892,-0.6991102,0.569598,7952
2.42,-18.31283,0,0,0.02943984,-0.1893316,-0.8709843,-6.587784,-0.7258892,-0.6903612,0.5282655,7968
2.44,-18.35376,0,0,0.04553592,-0.1829756,0.9000088,-6.337409,-0.7258892,-0.6840132,0.639706,7948
2.46,-18.8637,0,0,0.03895992,-0.1801977,-0.3366328,-6.158617,-0.7258892,-0.6834299,0.6196363,7944
2.48,-25.40925,0,0,0.05187645,-0.172394,0.1366499,-6.134398,-0.7933693,-0.7364799,0.427038,7948
2.5,-19.47348,0,0,0.04597314,-0.1740021,0.09084838,-6.761112,-0.7258892,-0.6980182,0.5867853,7948
2.52,-24.25682,0,0,0.03191575,-0.1909982,-0.550373,-6.544281,-0.7933693,-0.7439159,0.3141553,7952
2.54,-17.98865,0,0,0.03491328,-0.1930085,0.4572606,-6.879602,-0.7258892,-0.6998441,0.5770743,7936
2.56,-17.15866,0,0,0.03289029,-0.1956024,0.1061156,-6.461931,-0.7258892,-0.686927,0.6339451,7948
2.58,-17.80068,0,0,0.03677164,-0.1872298,0.1061156,-6.109259,-0.7258892,-0.6822847,0.6861687,7940
2.6,-18.62992,0,0,0.03333508,-0.1807609,0.3351234,-5.932717,-0.7258892,-0.6821893,0.6697654,7952
2.62,-13.15209,0,0,0.0261069,-0.1772002,0.04504682,-5.875161,-0.6584091,-0.6294107,0.862075,7944
2.64,-13.69215,0,0,0.02463832,-0.171921,0.1213828,-5.279782,-0.6584091,-0.6159089,0.8679169,7956
2.66,-27.40199,0,0,0.03197161,-0.1627931,0.8694746,-4.972829,-0.7933693,-0.7219957,0.3820255,7952
2.68,-22.43077,0,0,0.05922732,-0.1462121,0.7931387,-6.2297,-0.7258892,-0.6942912,0.6040289,7952
2.7,-26.55734,0,0,0.02701741,-0.1769012,-1.222129,-6.486896,-0.7933693,-0.7476622,0.1821141,7964
2.72,-19.31618,0,0,0.04320712,-0.1840035,0.9458106,-7.103548,-0.7258892,-0.7030806,0.4894187,7948
2.74,-23.66826,0,0,0.02281203,-0.2054566,-0.9015187,-6.727814,-0.7933693,-0.7467468,0.2360275,7952
2.76,-17.4553,0,0,0.03940614,-0.1987135,0.7626044,-6.949612,-0.7258892,-0.6990935,0.5958012,7944
2.78,-22.85175,0,0,0.0294138,-0.2034019,-0.1228922,-6.44891,-0.7933693,-0.7413181,0.3879283,7948
2.8,-17.29812,0,0,0.03416041,-0.1955115,0.02977964,-6.666451,-0.7258892,-0.6966939,0.6638234,7936
2.82,-22.95366,0,0,0.02949898,-0.1972775,0.1061156,-6.245172,-0.7933693,-0.7396939,0.4518538,7948
2.84,-11.43615,0,0,0.02923589,-0.1896325,-0.01602192,-6.522976,-0.6584091,-0.6419321,0.9224241,7936
2.86,-23.375,0,0,0.02869913,-0.1889183,0.1519171,-5.556013,-0.7933693,-0.7248476,0.5020335,7960
2.88,-31.12553,0,0,0.03188205,-0.1831381,0.7778715,-6.135485,-0.8608494,-0.8026979,0.2034645,7948
2.9,-23.93686,0,0,0.03927575,-0.1884269,-0.3519,-7.322782,-0.7933693,-0.7686203,0.408978,7948
2.92,-15.41437,0,0,0.03467966,-0.203585,-0.9167854,-7.365212,-0.7258892,-0.7038436,0.679591,7956
2.94,-14.70395,0,0,0.008110633,-0.2188159,0.02977964,-6.450685,-0.7258892,-0.6879626,0.6698612,7952
2.96,-16.04649,0,0,0.02989667,-0.1976678,0.4877952,-5.824152,-0.7258892,-0.6788398,0.8319049,7944
2.98,-17.69829,0,0,0.0253996,-0.1829669,0.3351234,-5.537823,-0.7258892,-0.6785967,0.7990024,7952
3,-18.68315,0,0,0.005434054,-0.1851178,-0.3366328,-5.464209,-0.7258892,-0.6835155,0.6686362,7948
3.02,-19.10472,0,0,0.0158896,-0.1798157,0.3809245,-5.543513,-0.7258892,-0.6840444,0.6806189,7952
3.04,-19.30865,0,0,0.01582843,-0.1794287,-0.09235785,-5.6411,-0.7258892,-0.6851214,0.6434461,7964
3.06,-13.30207,0,0,0.01106148,-0.1808061,0.06031401,-5.707665,-0.6584091,-0.6320023,0.8362743,7964
3.08,-25.58588,0,0,0.01716495,-0.1806577,0.1977187,-5.173158,-0.7933693,-0.7262725,0.3941813,7960
3.1,-20.53937,0,0,0.02294647,-0.1748966,0.4267263,-6.070521,-0.7258892,-0.6973881,0.569227,7944
3.12,-25.04151,0,0,0.01077405,-0.1928675,-0.06182348,-6.13218,-0.7933693,-0.7462544,0.2756386,7952
3.14,-12.30592,0,0,0.0189586,-0.1936623,0.2587874,-6.632648,-0.6584091,-0.647538,0.7911097,7940
3.16,-23.46989,0,0,0.0183364,-0.1988636,0.1213828,-5.68722,-0.7933693,-0.7289382,0.3988801,7952
3.18,-24.87885,0,0,0.02813059,-0.1884931,0.5488637,-6.212458,-0.7933693,-0.7496269,0.4035681,7952
3.2,-11.89489,0,0,0.02705267,-0.1883721,-0.1992282,-6.693488,-0.6584091,-0.6463292,0.865333,7944
3.22,-17.30763,0,0,0.0313989,-0.187124,0.4572606,-5.718163,-0.7258892,-0.6716387,0.7208583,7944
3.24,-19.20763,0,0,0.02712709,-0.1776094,0.304589,-5.604705,-0.7258892,-0.6799626,0.6737339,7940
3.26,-19.94098,0,0,0.04257573,-0.1649346,0.2282531,-5.768329,-0.7258892,-0.6813175,0.6960183,7952
3.28,-20.19429,0,0,0.0396203,-0.1648403,0.3198562,-5.948414,-0.7258892,-0.6837906,0.6282979,7964
3.3,-26.19437,0,0,0.04543396,-0.1676334,0.04504682,-6.116833,-0.7933693,-0.7390963,0.3722367,7944
3.32,-19.80787,0,0,0.04882509,-0.1709133,0.2282531,-6.838809,-0.7258892,-0.6992582,0.5697758,7964
3.34,-18.40002,0,0,0.03811328,-0.1849683,-0.8251827,-6.642391,-0.7258892,-0.689323,0.5535334,7956
3.36,-18.43176,0,0,0.04221585,-0.1840819,0.9152762,-6.375098,-0.7258892,-0.6847597,0.6076179,7956
3.38,-24.78135,0,0,0.0284213,-0.1901095,-0.1992282,-6.168058,-0.7933693,-0.740082,0.3239111,7944
3.4,-18.83154,0,0,0.04273911,-0.1827819,0.1366499,-6.704185,-0.7258892,-0.6978772,0.6099967,7948
3.42,-23.95936,0,0,0.04085541,-0.1879814,0.1519171,-6.462754,-0.7933693,-0.7411222,0.3963147,7952
3.44,-17.99875,0,0,0.03549938,-0.1898903,-0.07709067,-6.797684,-0.7258892,-0.698571,0.6056808,7940
3.46,-23.30252,0,0,0.03731417,-0.193481,0.1061156,-6.427918,-0.7933693,-0.7405711,0.4246333,7956
3.48,-17.55524,0,0,0.02827242,-0.1948991,-0.0007547362,-6.685391,-0.7258892,-0.6982194,0.6233355,7948
3.5,-17.04944,0,0,0.03600858,-0.1910177,0.02977964,-6.296136,-0.7258892,-0.6847665,0.7090673,7952
3.52,-17.85261,0,0,0.03271249,-0.1848353,0.3198562,-5.977722,-0.7258892,-0.6817931,0.7082053,7952
3.54,-12.69631,0,0,0.03300653,-0.1749458,-0.03128911,-5.843868,-0.6584091,-0.6270794,0.9364938,7948
3.56,-19.58705,0,0,0.02966687,-0.1701953,0.1824515,-5.233568,-0.7258892,-0.6686565,0.6794423,7964
3.58,-21.09157,0,0,0.02870673,-0.1643629,0.5641309,-5.523801,-0.7258892,-0.6818687,0.5976642,7952
3.6,-21.05288,0,0,0.04146462,-0.1607509,0.6099325,-5.907666,-0.7258892,-0.6848522,0.5924054,7956
3.62,-20.6022,0,0,0.03348001,-0.1699137,-0.1534266,-6.138915,-0.7258892,-0.6876582,0.5162825,7952
3.64,-14.10539,0,0,0.03780821,-0.1715706,0.2740546,-6.250041,-0.6584091,-0.6327057,0.7671624,7948
3.66,-26.05701,0,0,0.02905063,-0.1800963,0.2129859,-5.653862,-0.7933693,-0.7282068,0.2798514,7960
3.68,-32.64608,0,0,0.02081018,-0.1900847,0.06031401,-6.446252,-0.8608494,-0.810113,-0.0526253,7952
3.7,-18.21168,0,0,0.01164772,-0.2102345,-0.7335792,-7.599223,-0.7258892,-0.722792,0.3809177,7956
3.72,-21.04135,0,0,-0.006516424,-0.2387059,-0.9167854,-6.853795,-0.7933693,-0.7524556,0.2261409,7948
3.74,-14.72686,0,0,-0.02912692,-0.2494832,0.02977964,-6.562593,-0.7258892,-0.7052622,0.490605,7940
3.76,-20.50852,0,0,-0.008815324,-0.2358371,-0.1992282,-5.787353,-0.7933693,-0.7410311,0.4879186,7956
3.78,-15.68865,0,0,-0.001592293,-0.2151982,1.617566,-5.87443,-0.7258892,-0.6948819,0.7867168,7948
3.8,-9.689653,0,0,-0.03202455,-0.2189646,-1.359534,-5.360934,-0.6584091,-0.6330164,0.9342888,7948
3.82,-23.04563,0,0,-0.003801002,-0.1982415,1.11375,-4.501307,-0.7933693,-0.7213657,0.6214285,7944
3.84,-19.0144,0,0,-0.01609136,-0.1901409,0.6099325,-5.247796,-0.7258892,-0.6952187,0.6952744,7940
3.86,-12.27259,0,0,0.002254842,-0.1828188,-0.4282355,-5.385637,-0.6584091,-0.631844,0.984448,7948
3.88,-18.83979,0,0,0.01187011,-0.1750626,1.098482,-4.831276,-0.7258892,-0.6690224,0.7732681,7956
3.9,-20.42152,0,0,0.006989441,-0.1709473,-0.3060985,-5.116357,-0.7258892,-0.6820616,0.6575308,7948
3.92,-26.46912,0,0,0.01824831,-0.1717921,0.3351234,-5.506078,-0.7933693,-0.7401356,0.3926293,7964
3.94,-13.79607,0,0,0.01940485,-0.1762088,0.09084838,-6.368795,-0.6584091,-0.6470717,0.8007962,7956
3.96,-18.3346,0,0,0.0007517322,-0.1958549,-0.8404495,-5.613564,-0.7258892,-0.6785233,0.5347501,7972
3.98,-31.51632,0,0,0.03092674,-0.1839816,1.495429,-5.658947,-0.8608494,-0.7910423,0.1800027,7952
4,-25.19669,0,0,0.02183681,-0.1915058,-0.6419765,-6.996235,-0.7933693,-0.7692541,0.2915135,7936
4.02,-22.24566,0,0,0.01757343,-0.2132106,-0.519839,-7.232792,-0.7933693,-0.7622806,0.3233531,7952
4.04,-14.48168,0,0,-0.02454459,-0.2436579,-1.023656,-6.959288,-0.7258892,-0.7088214,0.4810449,7944
4.06,-19.9528,0,0,-0.001674022,-0.235634,0.9000088,-6.049056,-0.7933693,-0.7414162,0.5027419,7944
4.08,-21.26234,0,0,0.005193327,-0.2179692,1.541231,-6.017803,-0.7933693,-0.7486184,0.5701743,7936
4.1,-15.30741,0,0,-0.008465856,-0.2160193,-1.267931,-6.091509,-0.7258892,-0.6985984,0.761724,7940
4.12,-15.42315,0,0,0.01183018,-0.2008207,0.9305434,-5.595178,-0.7258892,-0.6817805,0.8945143,7960
4.14,-16.69981,0,0,-0.01446454,-0.2018519,-0.183961,-5.20851,-0.7258892,-0.6826075,0.7644105,7948
4.16,-23.70351,0,0,-0.008769807,-0.1969553,0.01451245,-5.101992,-0.7933693,-0.7375872,0.5221485,7944
4.18,-17.96809,0,0,-0.01627912,-0.199699,0.3656577,-5.714795,-0.7258892,-0.7000574,0.6624179,7952
4.2,-23.00371,0,0,-0.009787016,-0.2056652,0.01451245,-5.566038,-0.7933693,-0.7433185,0.4648051,7952
4.22,-17.09942,0,0,0.0006937282,-0.2005066,0.2587874,-5.997473,-0.7258892,-0.6985632,0.7244272,7964
4.24,-16.46487,0,0,-0.007585675,-0.2056665,0.07558119,-5.666174,-0.7258892,-0.6875845,0.7140679,7956
4.26,-17.15368,0,0,0.003245025,-0.1960377,0.1519171,-5.409531,-0.7258892,-0.6828552,0.7697122,7968
4.28,-24.03355,0,0,0.003023225,-0.1918242,0.06031401,-5.317532,-0.7933693,-0.7374195,0.5018373,7960
4.3,-24.34114,0,0,0.005975466,-0.1920592,0.04504682,-5.96261,-0.7933693,-0.7529383,0.4465157,7952
4.32,-23.07099,0,0,0.001860372,-0.2048129,0.06031401,-6.412121,-0.7933693,-0.757735,0.408049,7952
4.34,-15.72564,0,0,-0.001323048,-0.214767,0.09084838,-6.563136,-0.7258892,-0.7033237,0.6637808,7936
4.36,-21.12282,0,0,-0.003037297,-0.2195734,0.1977187,-5.917686,-0.7933693,-0.7417336,0.4979979,7960
4.38,-15.99734,0,0,0.009762012,-0.2050117,0.1824515,-6.061366,-0.7258892,-0.6949818,0.8009201,7944
4.4,-9.540018,0,0,-0.06115305,-0.2344421,-0.2908313,-5.439438,-0.6584091,-0.6386173,0.7739683,7956
4.42,170.1614,0,0,-0.06640098,-0.1471378,-1.496938,-4.160263,1.365991,1.01929,8.093006,7944
4.44,241.7462,0,0,0.01984367,0.1226491,0.07558119,14.69204,2.31071,2.243454,12.6977,7840
4.46,176.7696,0,0,0.5005379,0.8357485,20.73208,33.04237,2.243231,2.547868,14.03175,7808
4.48,308.7668,0,0,1.358106,1.92797,47.37331,36.22884,4.60503,4.564625,23.13977,7772
4.5,230.3647,0,0,2.424893,3.078993,55.80079,48.29046,4.60503,5.112449,23.73599,7644
4.52,243.1017,0,0,3.613781,4.362021,63.8924,44.71562,5.95463,6.322036,26.79537,7648
4.54,267.9096,0,0,4.924377,5.578135,67.02217,39.54324,7.30423,7.697667,29.15092,7552
4.56,197.3692,0,0,6.122698,6.640091,60.36568,34.7631,7.64163,8.261981,26.36808,7452
4.58,126.5767,0,0,7.221352,7.521147,55.52599,20.92253,7.97903,8.582459,21.98381,7444
4.6,211.8616,0,0,7.955934,8.049376,38.06033,2.237318,9.80099,9.999201,21.2365,7436
4.62,165.6477,0,0,7.738293,7.869252,-9.848086,-1.244281,9.86847,10.19167,11.89395,7312
4.64,117.0609,0,0,7.178705,7.367503,-23.20687,-6.679383,9.86847,10.01182,2.199684,7328
4.66,206.6061,0,0,7.137985,7.059289,-0.2450293,-14.85116,11.15059,10.91236,1.295629,7312
4.68,140.876,0,0,6.747849,6.612557,-21.37481,-10.12105,10.54327,10.55108,-5.738247,7260
4.7,176.6929,0,0,6.238968,6.194892,-24.26031,-12.00415,11.15059,10.83743,-8.367878,7280
4.72,113.1666,0,0,6.340991,6.046802,6.274056,-9.840117,10.47579,10.37833,-11.44708,7232
4.74,189.6352,0,0,6.212672,5.942029,-9.695415,-14.33771,11.42051,10.98758,-9.905346,7280
4.76,169.4647,0,0,6.082877,5.79748,0.8847416,-9.224684,11.15059,10.91138,-11.61605,7228
4.78,154.5173,0,0,5.888182,5.693085,-17.0542,-7.271692,11.08311,10.80515,-13.03005,7248
4.8,153.8482,0,0,5.593939,5.507186,2.747338,-6.624395,11.08311,10.73395,-14.42934,7260
4.82,162.7585,0,0,5.705919,5.509356,0.4572606,-6.497187,11.15059,10.79987,-13.46243,7256
4.84,188.3289,0,0,5.620752,5.483434,-0.9167854,-5.247308,11.42051,11.02905,-12.64605,7252
4.86,186.8428,0,0,5.604803,5.502599,-1.420603,-1.770924,11.42051,11.09343,-12.38716,7220
4.88,210.0486,0,0,5.569161,5.558444,1.617566,0.518886,11.75791,11.37727,-11.26216,7228
4.9,142.0506,0,0,5.612972,5.627584,2.915277,4.187662,11.08311,10.90706,-13.46095,7200
4.92,54.4538,0,0,5.668837,5.656321,5.663369,-0.5142537,10.20587,10.06262,-17.01796,7264
4.94,165.6997,0,0,5.806019,5.657118,8.930546,-12.80396,11.35303,10.77685,-13.13588,7324
4.96,135.6932,0,0,5.52535,5.361309,-19.64962,-9.005463,10.74571,10.44666,-15.94934,7228
4.98,95.63605,0,0,4.958505,4.945779,-22.87099,-7.863701,10.20587,9.861642,-19.71587,7276
5,135.3594,0,0,5.180233,4.911215,2.961078,-11.58763,10.47579,10.00262,-16.70849,7300
5.02,95.44174,0,0,4.856801,4.6632,-20.70305,-9.183382,9.80099,9.479597,-19.12048,7292
5.04,141.2593,0,0,4.603951,4.454363,-8.229766,-10.77991,10.13839,9.616224,-17.66532,7316
5.06,114.398,0,0,4.501952,4.306169,-9.725948,-6.878878,9.598551,9.250818,-18.07247,7304
5.08,61.11044,0,0,4.200797,4.096972,-9.863353,-6.155172,8.85627,8.548161,-20.41211,7352
5.1,139.9553,0,0,4.377718,4.12323,2.197719,-11.40516,9.531071,8.979361,-15.73046,7388
5.12,193.9524,0,0,4.125542,3.988235,-15.78702,-6.183215,9.86847,9.371946,-13.62896,7340
5.14,146.0054,0,0,3.815728,3.862638,-8.336635,3.635162,9.26115,8.979676,-15.14083,7336
5.16,73.23068,0,0,4.169854,4.103946,18.97635,4.32686,8.51887,8.354741,-15.06933,7380
5.18,109.3837,0,0,4.555195,4.39412,20.67101,-3.699191,8.92375,8.571459,-11.8155,7412
5.2,54.40192,0,0,4.659169,4.435727,1.541231,-5.851388,8.181471,8.036351,-13.81993,7392
5.22,16.79233,0,0,4.24891,4.128603,-21.1,-11.76756,7.64163,7.393047,-17.62959,7412
5.24,-15.99506,0,0,4.172639,3.819851,-8.092361,-19.24426,6.96683,6.696343,-19.70041,7460
5.26,83.78397,0,0,3.633568,3.292657,-31.17633,-25.85024,7.64163,7.028896,-18.25833,7512
5.28,69.80276,0,0,3.007028,2.683273,-33.58855,-18.24929,6.96683,6.567174,-20.2561,7444
5.3,152.9513,0,0,2.310794,2.202909,-34.84046,-12.34667,7.57415,6.930472,-17.72425,7484
5.32,117.8894,0,0,2.239008,2.109689,-1.313733,0.3492468,6.89935,6.573283,-16.34672,7456
5.34,157.5068,0,0,2.140072,2.221752,0.8084057,5.63497,7.30423,6.853759,-12.4769,7516
5.36,74.12869,0,0,2.68312,2.647963,32.19773,11.54236,6.35951,6.282633,-11.21886,7484
5.38,-3.072083,0,0,3.028218,3.014648,14.47253,5.860229,5.61723,5.569577,-12.04954,7544
5.4,33.59398,0,0,3.432402,3.25703,23.75498,-6.970396,5.95463,5.692532,-9.564173,7576
5.42,90.21898,0,0,3.465332,3.21391,-4.947321,-11.95309,6.35951,6.051715,-8.002128,7568
5.44,39.99802,0,0,2.860776,2.791038,-38.84046,-7.903793,5.61723,5.468353,-12.66823,7536
5.46,82.50372,0,0,2.477732,2.456736,-9.099994,-9.023614,5.95463,5.566617,-12.21928,7568
5.48,127.8984,0,0,2.303447,2.257788,-10.19923,-4.819821,6.22455,5.839539,-10.20357,7548
5.5,82.50412,0,0,2.127626,2.159508,-7.161062,3.098807,5.61723,5.440864,-11.2069,7544
5.52,110.6089,0,0,2.272852,2.313831,5.816041,3.454935,5.95463,5.658309,-8.191245,7584
5.54,111.5149,0,0,2.5611,2.564676,17.87712,5.682867,5.95463,5.770888,-6.03944,7556
5.56,7.206726,0,0,2.696991,2.729618,2.640467,6.690623,4.87495,4.935961,-9.16231,7564
5.58,33.84258,0,0,2.802912,2.809995,8.838943,-3.521825,5.21235,4.982273,-8.274323,7624
5.6,87.00029,0,0,2.92327,2.784995,2.915277,-7.960323,5.61723,5.339531,-6.390224,7600
5.62,128.1895,0,0,2.604453,2.580589,-19.20687,-4.606354,5.95463,5.670295,-6.1575,7576
5.64,40.58989,0,0,2.177967,2.301853,-16.09236,2.974949,4.94243,4.895894,-10.78195,7568
5.66,68.33937,0,0,2.355675,2.365009,7.037416,-1.195379,5.27983,5.011462,-8.418973,7640
5.68,-12.09436,0,0,2.609956,2.444815,17.73971,-1.986419,4.267631,4.27327,-10.33668,7612
5.7,114.1171,0,0,2.623683,2.474622,-4.794649,-10.59524,5.61723,5.171447,-5.607839,7692
5.72,42.81276,0,0,2.334096,2.237669,-9.832819,-2.848713,4.60503,4.565623,-9.414475,7580
5.74,47.50397,0,0,2.112833,2.097343,-16.93206,-4.186014,4.67251,4.445559,-9.648787,7668
5.76,57.87389,0,0,1.70161,1.796058,3.754972,-3.400166,4.60503,4.32556,-10.66519,7652
5.78,69.97757,0,0,2.082055,1.913933,7.495431,-2.766689,4.60503,4.394058,-7.633658,7664
5.8,112.0024,0,0,1.858937,1.8762,-14.62671,-0.494402,5.009911,4.723727,-6.208417,7648
5.82,98.71616,0,0,2.196939,2.112313,14.5336,4.337718,4.87495,4.77103,-4.241377,7616
5.84,67.33826,0,0,2.30847,2.326092,8.503064,5.797343,4.67251,4.624632,-4.462588,7612
5.86,55.82021,0,0,2.664645,2.608403,15.86185,2.517768,4.67251,4.615624,-3.527951,7644
5.88,51.30261,0,0,2.666192,2.6584,0.01451245,-0.9482547,4.67251,4.582544,-4.442056,7632
5.9,46.41216,0,0,2.596509,2.576189,-5.252665,-3.551026,4.60503,4.491605,-5.689394,7656
5.92,51.56702,0,0,2.449311,2.415965,-6.550376,-5.342123,4.60503,4.443252,-6.664701,7628
5.94,65.54704,0,0,2.305471,2.251113,-9.237398,-5.546611,4.67251,4.474802,-6.914576,7644
5.96,72.00429,0,0,2.254377,2.16557,-2.199229,-4.061366,4.67251,4.493796,-6.653494,7616
5.98,74.23691,0,0,2.236063,2.151164,-1.252663,-2.331571,4.67251,4.510668,-6.23065,7640
6,67.34126,0,0,2.31781,2.218263,3.907644,-1.178911,4.60503,4.480672,-5.750637,7648
6.02,65.18248,0,0,2.33929,2.270631,1.92291,-1.19203,4.60503,4.474735,-5.561374,7656
6.04,64.28586,0,0,2.380478,2.312714,1.067948,-1.55328,4.60503,4.476448,-5.387708,7652
6.06,64.09373,0,0,2.362192,2.312734,-0.07709067,-1.849518,4.60503,4.470928,-5.524909,7636
6.08,64.4631,0,0,2.364379,2.309075,-0.3671672,-2.072716,4.60503,4.469034,-5.544046,7660
6.1,64.98024,0,0,2.355,2.299134,-0.1381594,-2.15659,4.60503,4.467308,-5.590354,7668
6.12,71.61028,0,0,2.334406,2.285752,-0.4740371,-2.092661,4.67251,4.51942,-5.415679,7656
6.14,65.8419,0,0,2.329521,2.280663,-0.3671672,-1.366307,4.60503,4.479795,-5.598658,7648
6.16,70.78433,0,0,2.342109,2.29598,-0.04655629,-1.492988,4.67251,4.526064,-5.301563,7660
6.18,64.5349,0,0,2.343708,2.301515,-0.3824344,-1.093491,4.60503,4.483383,-5.519254,7648
6.2,63.65044,0,0,2.342386,2.304717,0.1213828,-1.458339,4.60503,4.470418,-5.57771,7660
6.22,70.1911,0,0,2.347004,2.305057,-0.107625,-1.799034,4.67251,4.521814,-5.344563,7644
6.24,64.53975,0,0,2.351236,2.303887,0.1977187,-1.382267,4.60503,4.481809,-5.54388,7648
6.26,57.69598,0,0,2.36101,2.308429,0.4725278,-1.709699,4.53755,4.417182,-5.78457,7644
6.28,70.40891,0,0,2.361203,2.306132,0.1366499,-2.610544,4.67251,4.508508,-5.360611,7640
6.3,65.92952,0,0,2.360872,2.297042,-0.2602969,-1.928463,4.60503,4.479554,-5.533113,7632
6.32,65.0181,0,0,2.35313,2.296697,0.8389403,-1.902241,4.60503,4.470991,-5.567492,7636
6.34,58.95099,0,0,2.368774,2.302166,-0.107625,-2.026674,4.53755,4.41644,-5.739683,7644
6.36,65.22165,0,0,2.381443,2.308063,0.6557342,-2.754875,4.60503,4.45786,-5.484916,7656
6.38,72.32649,0,0,2.39203,2.312242,0.01451245,-2.631007,4.67251,4.525558,-5.174274,7636
6.4,71.66805,0,0,2.391818,2.320701,0.2435202,-1.830406,4.67251,4.543626,-5.143499,7652
6.42,63.5347,0,0,2.391905,2.333088,0.2435202,-1.373451,4.60503,4.4921,-5.418651,7648
6.44,61.86821,0,0,2.416542,2.352836,0.6557342,-1.966115,4.60503,4.479124,-5.425375,7648
6.46,68.05049,0,0,2.417906,2.353515,-0.3213652,-2.535361,4.67251,4.527819,-5.282747,7636
6.48,74.49515,0,0,2.412968,2.349139,-0.1381594,-2.269807,4.73999,4.593982,-5.093424,7628
6.5,61.39014,0,0,2.408631,2.347669,0.1213828,-1.439657,4.60503,4.501139,-5.599721,7648
6.52,59.64056,0,0,2.412962,2.352995,0.09084838,-2.224919,4.60503,4.474784,-5.699494,7652
6.54,60.83548,0,0,2.412728,2.341255,0.1366499,-2.926963,4.60503,4.46664,-5.764731,7644
6.56,62.53625,0,0,2.40041,2.319591,0.1519171,-3.235124,4.60503,4.463614,-5.815624,7640
6.58,63.91321,0,0,2.39921,2.306915,0.1824515,-3.256598,4.60503,4.465074,-5.764063,7668
6.6,64.62744,0,0,2.406821,2.307037,0.3351234,-3.147574,4.60503,4.468838,-5.661278,7648
6.62,70.82045,0,0,2.407078,2.312566,0.2435202,-2.99677,4.67251,4.52573,-5.365943,7652
6.64,70.48315,0,0,2.402726,2.319194,0.304589,-2.259095,4.67251,4.540897,-5.32042,7628
6.66,68.81432,0,0,2.406643,2.335306,0.1671843,-1.815072,4.67251,4.544785,-5.299702,7652
6.68,61.31703,0,0,2.406046,2.344046,0.1824515,-1.698894,4.60503,4.48897,-5.590393,7668
6.7,54.76364,0,0,2.400506,2.337808,0.1977187,-2.374674,4.53755,4.416339,-5.948144,7672
6.72,62.2923,0,0,2.406069,2.326055,-0.0007547362,-3.495497,4.60503,4.452179,-5.745742,7640
6.74,70.82632,0,0,2.40286,2.310416,-0.183961,-3.460662,4.67251,4.518191,-5.458908,7652
6.76,59.33557,0,0,2.384759,2.29512,-0.7488468,-2.529276,4.53755,4.426358,-5.911636,7648
6.78,64.55626,0,0,2.389571,2.301354,0.2282531,-3.07277,4.60503,4.458242,-5.645483,7652
6.8,65.58803,0,0,2.412656,2.312051,0.7168028,-2.972901,4.60503,4.471323,-5.486155,7652
6.82,65.42014,0,0,2.39768,2.310311,-0.1686933,-2.763883,4.60503,4.472463,-5.528939,7640
6.84,65.01921,0,0,2.412915,2.321316,0.02977964,-2.683388,4.60503,4.475177,-5.450225,7664
6.86,64.6022,0,0,2.410054,2.325015,0.1977187,-2.666478,4.60503,4.47465,-5.477118,7652
6.88,64.39908,0,0,2.406738,2.324534,0.1671843,-2.689662,4.60503,4.473363,-5.509401,7648
6.9,64.30515,0,0,2.413233,2.327403,0.1519171,-2.743741,4.60503,4.473717,-5.495133,7640
6.92,70.23714,0,0,2.414407,2.33113,0.2129859,-2.787575,4.67251,4.528267,-5.265459,7668
6.94,63.89087,0,0,2.412753,2.332198,0.1519171,-2.219499,4.60503,4.487655,-5.499772,7664
6.96,68.70615,0,0,2.409196,2.337838,0.2435202,-2.467816,4.67251,4.529703,-5.330313,7660
6.98,62.64104,0,0,2.41234,2.338293,0.3351234,-2.163235,4.60503,4.486062,-5.565708,7644
7,55.96483,0,0,2.407368,2.333134,-0.09235785,-2.566884,4.53755,4.417772,-5.889869,7664
7.02,62.9827,0,0,2.413644,2.326414,0.1061156,-3.52112,4.60503,4.454918,-5.674617,7680
7.04,65.11226,0,0,2.401589,2.307152,0.09084838,-3.410353,4.60503,4.464747,-5.673745,7652
7.06,71.87854,0,0,2.371942,2.289394,-0.9778546,-3.024452,4.67251,4.520046,-5.483456,7652
7.08,71.74414,0,0,2.3794,2.297648,0.4572606,-2.096126,4.67251,4.538694,-5.333267,7668
7.1,63.9117,0,0,2.38212,2.314081,0.2129859,-1.507686,4.60503,4.489272,-5.527925,7664
7.12,62.41623,0,0,2.39372,2.330645,0.6251997,-1.946923,4.60503,4.475675,-5.540439,7660
7.14,68.79373,0,0,2.387249,2.328415,-0.183961,-2.373159,4.67251,4.524038,-5.382228,7628
7.16,57.14218,0,0,2.406599,2.330232,0.2587874,-2.077466,4.53755,4.430565,-5.771616,7636
7.18,62.73981,0,0,2.400716,2.326874,0.1977187,-3.03799,4.60503,4.458089,-5.643359,7648
7.2,64.77605,0,0,2.378781,2.302254,-0.5656406,-3.048977,4.60503,4.463071,-5.711057,7660
7.22,71.47557,0,0,2.395928,2.306443,0.5030622,-2.882421,4.67251,4.524175,-5.331522,7640
7.24,65.1588,0,0,2.387073,2.307733,0.2587874,-2.076072,4.60503,4.485456,-5.54183,7648
7.26,63.62953,0,0,2.402856,2.325224,0.5793981,-2.222583,4.60503,4.476767,-5.495745,7652
7.28,69.47121,0,0,2.401565,2.330865,-0.2908313,-2.471863,4.67251,4.527431,-5.299816,7652
7.3,63.36279,0,0,2.410454,2.335249,0.2129859,-2.08005,4.60503,4.487048,-5.501241,7636
7.32,68.3429,0,0,2.413126,2.343041,0.3351234,-2.440446,4.67251,4.529822,-5.31699,7648
7.34,62.45949,0,0,2.406054,2.336978,-0.1228922,-2.166215,4.60503,4.484605,-5.605467,7636
7.36,61.95081,0,0,2.407499,2.335397,0.1213828,-2.58101,4.60503,4.471982,-5.654527,7656
7.38,68.79584,0,0,2.400745,2.327012,0.1977187,-2.883394,4.67251,4.522272,-5.461878,7648
7.4,75.41441,0,0,2.402126,2.327519,0.09084838,-2.386599,4.73999,4.591833,-5.167228,7636
7.42,68.02562,0,0,2.414328,2.34405,0.09084838,-1.426147,4.67251,4.557738,-5.31658,7652
7.44,59.47945,0,0,2.421492,2.361264,0.6710012,-1.566718,4.60503,4.492167,-5.614629,7656
7.46,65.01077,0,0,2.431753,2.368143,0.1977187,-2.554863,4.67251,4.527715,-5.460032,7644
7.48,60.26764,0,0,2.423915,2.351777,-0.03128911,-2.64083,4.60503,4.480384,-5.773212,7632
7.5,66.72958,0,0,2.42834,2.345902,0.06031401,-3.178486,4.67251,4.523396,-5.552674,7656
7.52,67.83656,0,0,2.420411,2.335336,0.1977187,-2.858369,4.67251,4.534886,-5.548022,7648
7.54,61.46181,0,0,2.423366,2.335758,-0.0007547362,-2.543396,4.60503,4.484655,-5.745494,7648
7.56,67.15506,0,0,2.41798,2.336301,0.09084838,-2.957566,4.67251,4.52485,-5.551137,7656
7.58,61.93005,0,0,2.415735,2.32995,0.04504682,-2.657309,4.60503,4.481264,-5.761124,7648
7.6,61.84277,0,0,2.40777,2.324089,0.02977964,-2.961305,4.60503,4.468784,-5.799579,7652
7.62,62.91156,0,0,2.402703,2.314267,0.1519171,-3.156099,4.60503,4.465819,-5.790767,7648
7.64,63.89958,0,0,2.403285,2.308626,0.06031401,-3.175275,4.60503,4.466904,-5.732156,7640
7.66,70.44469,0,0,2.409583,2.313443,0.09084838,-3.096897,4.67251,4.524426,-5.405133,7648
7.68,70.32507,0,0,2.404459,2.318505,0.09084838,-2.369368,4.67251,4.539948,-5.355114,7636
7.7,62.81664,0,0,2.402369,2.327771,0.2129859,-1.898815,4.60503,4.488632,-5.590417,7660
7.72,61.7549,0,0,2.404455,2.33458,0.09084838,-2.354608,4.60503,4.473592,-5.640087,7640
7.74,68.3924,0,0,2.409561,2.335058,0.2129859,-2.776563,4.67251,4.524247,-5.411216,7636
7.76,68.91217,0,0,2.412254,2.33479,0.1824515,-2.393731,4.67251,4.538514,-5.377163,7632
7.78,67.91577,0,0,2.419719,2.345138,0.2740546,-2.106914,4.67251,4.54305,-5.353316,7644
7.8,60.80551,0,0,2.421847,2.351129,0.2435202,-2.032918,4.60503,4.488318,-5.628936,7648
7.82,60.33519,0,0,2.427833,2.352769,0.1824515,-2.722591,4.60503,4.47274,-5.690461,7640
7.84,61.4686,0,0,2.429127,2.342881,0.01451245,-3.23425,4.60503,4.468258,-5.72587,7644
7.86,68.61765,0,0,2.438367,2.339826,0.04504682,-3.47645,4.67251,4.524034,-5.440757,7656
7.88,69.10886,0,0,2.428603,2.334491,0.04504682,-2.88577,4.67251,4.538572,-5.431186,7652
7.9,68.13062,0,0,2.418732,2.336515,0.01451245,-2.412838,4.67251,4.541296,-5.451215,7640
7.92,55.14,0,0,2.413342,2.335182,-0.0007547362,-2.194798,4.53755,4.431327,-5.960811,7660
7.94,61.17645,0,0,2.407624,2.328591,0.09084838,-3.341711,4.60503,4.454837,-5.819032,7664
7.96,69.78239,0,0,2.399711,2.310925,-0.3519,-3.464029,4.67251,4.516412,-5.5591,7644
7.98,64.73793,0,0,2.382841,2.296058,-0.2602969,-2.626504,4.60503,4.478625,-5.756072,7644
8,63.95454,0,0,2.393456,2.305912,0.1061156,-2.602555,4.60503,4.471746,-5.661931,7652
8.02,69.9313,0,0,2.411705,2.322865,0.5183294,-2.713976,4.67251,4.527526,-5.318319,7660
8.04,63.7428,0,0,2.399432,2.322313,0.04504682,-2.161434,4.60503,4.485388,-5.582614,7640
8.06,62.69008,0,0,2.407991,2.331104,0.2740546,-2.443369,4.60503,4.474536,-5.582468,7652
8.08,62.9395,0,0,2.414502,2.332977,0.2129859,-2.759365,4.60503,4.471774,-5.585227,7652
8.1,57.33363,0,0,2.425886,2.332319,0.2129859,-2.983465,4.53755,4.417755,-5.795172,7636
8.12,63.97394,0,0,2.424163,2.326517,0.2587874,-3.688994,4.60503,4.457481,-5.60158,7664
8.14,65.4572,0,0,2.425116,2.318476,-0.03128911,-3.487407,4.60503,4.469627,-5.548602,7640
8.16,89.56339,0,0,2.40652,2.320912,-0.1686933,-3.1231,4.87495,4.690086,-4.619921,7640
8.18,70.01553,0,0,2.406024,2.335657,0.02977964,-0.4584545,4.67251,4.586221,-5.192013,7648
8.2,58.29778,0,0,2.412285,2.369687,0.3809245,-0.6910149,4.60503,4.500262,-5.554749,7660
8.22,56.74316,0,0,2.506102,2.422971,4.823674,-2.307605,4.60503,4.485848,-5.364016,7640
8.24,57.31349,0,0,2.543688,2.437847,0.9610775,-3.66834,4.60503,4.481555,-5.42634,7640
8.26,64.90053,0,0,2.491973,2.396292,-1.374801,-4.373589,4.67251,4.523895,-5.565715,7648
8.28,66.49565,0,0,2.492852,2.374483,-0.3366328,-4.063154,4.67251,4.537396,-5.549489,7656
8.3,60.15329,0,0,2.500753,2.373336,0.4114593,-3.715043,4.60503,4.489032,-5.73637,7660
8.32,65.78937,0,0,2.482726,2.366701,-0.1534266,-4.068089,4.67251,4.527741,-5.606696,7652
8.34,66.4827,0,0,2.491962,2.367731,0.1213828,-3.756144,4.67251,4.540491,-5.525054,7656
8.36,60.00862,0,0,2.4705,2.35867,-0.6419765,-3.424671,4.60503,4.486095,-5.843161,7652
8.38,65.79002,0,0,2.478103,2.362904,0.4267263,-3.870635,4.67251,4.52758,-5.585576,7664
8.4,66.62003,0,0,2.469319,2.35685,0.1519171,-3.559563,4.67251,4.537988,-5.583167,7648
8.42,60.35909,0,0,2.450894,2.346812,-0.519839,-3.220599,4.60503,4.483963,-5.872456,7656
8.44,66.22314,0,0,2.462534,2.353235,0.3503905,-3.650795,4.67251,4.526547,-5.583654,7640
8.46,73.0986,0,0,2.44728,2.347692,0.06031401,-3.297343,4.73999,4.59104,-5.360231,7636
8.48,54.40195,0,0,2.446928,2.347049,0.07558119,-2.381255,4.53755,4.445088,-6.018519,7636
8.5,65.12135,0,0,2.459258,2.360626,0.5793981,-3.684952,4.67251,4.515955,-5.577388,7644
8.52,55.41177,0,0,2.430624,2.331401,-1.115259,-3.406113,4.53755,4.421633,-6.137032,7636
8.54,62.03235,0,0,2.448196,2.330252,0.6862684,-4.234705,4.60503,4.455665,-5.814112,7652
8.56,70.27126,0,0,2.426105,2.312384,-0.4435031,-4.047889,4.67251,4.518512,-5.576665,7628
8.58,70.59441,0,0,2.433974,2.318795,0.4419934,-3.104181,4.67251,4.539625,-5.407704,7632
8.6,62.9308,0,0,2.428838,2.330745,0.1366499,-2.436439,4.60503,4.490124,-5.618378,7640
8.62,67.56982,0,0,2.434374,2.346512,0.2587874,-2.780813,4.67251,4.530924,-5.392856,7656
8.64,67.64587,0,0,2.432914,2.349734,0.1519171,-2.542691,4.67251,4.540575,-5.403052,7640
8.66,66.85074,0,0,2.432174,2.354259,0.09084838,-2.375697,4.67251,4.542112,-5.43064,7632
8.68,60.07802,0,0,2.438781,2.358718,0.1519171,-2.371514,4.60503,4.487648,-5.682761,7648
8.7,53.87674,0,0,2.43846,2.352504,0.02977964,-3.061476,4.53755,4.416851,-6.003246,7652
8.72,55.49101,0,0,2.44535,2.338656,-0.1381594,-4.165915,4.53755,4.398956,-6.025579,7652
8.74,70.47279,0,0,2.426947,2.312767,-0.9931214,-4.66927,4.67251,4.503081,-5.581577,7632
8.76,66.5802,0,0,2.388463,2.281276,-1.664878,-3.376674,4.60503,4.475093,-5.804296,7640
8.78,65.65274,0,0,2.387608,2.28631,0.6557342,-2.894302,4.60503,4.471009,-5.691364,7644
8.8,71.25323,0,0,2.394683,2.302394,0.1977187,-2.681455,4.67251,4.526919,-5.345251,7648
8.82,64.70212,0,0,2.384207,2.307452,0.1061156,-1.95532,4.60503,4.485637,-5.567679,7640
8.84,75.38789,0,0,2.388059,2.324193,0.1824515,-2.134708,4.73999,4.583634,-5.091626,7652
8.86,62.87785,0,0,2.388154,2.329704,0.1366499,-1.191694,4.60503,4.499695,-5.540677,7640
8.88,60.84592,0,0,2.391675,2.339576,0.6557342,-1.841741,4.60503,4.475338,-5.630832,7656
8.9,67.6315,0,0,2.397999,2.338111,-0.07709067,-2.49609,4.67251,4.522998,-5.430157,7640
8.92,68.51822,0,0,2.403411,2.334996,0.5335966,-2.260129,4.67251,4.536783,-5.399435,7628
8.94,61.90872,0,0,2.400714,2.333591,0.06031401,-2.010816,4.60503,4.485187,-5.661118,7644
8.96,67.48499,0,0,2.401614,2.335598,0.2435202,-2.509632,4.67251,4.525423,-5.468592,7656
8.98,62.19716,0,0,2.399085,2.328157,-0.01602192,-2.277589,4.60503,4.48127,-5.70602,7632
9,67.97833,0,0,2.407938,2.33295,0.2435202,-2.673963,4.67251,4.525515,-5.452623,7648
9.02,68.46979,0,0,2.410171,2.333964,0.06031401,-2.360986,4.67251,4.537915,-5.419288,7644
9.04,67.63518,0,0,2.418311,2.344103,0.04504682,-2.125893,4.67251,4.542083,-5.388934,7644
9.06,66.75078,0,0,2.413302,2.348281,0.1213828,-2.043745,4.67251,4.541078,-5.446281,7660
9.08,60.20392,0,0,2.412864,2.34728,-0.03128911,-2.085345,4.60503,4.484848,-5.730324,7648
9.1,60.33492,0,0,2.40676,2.338084,0.2129859,-2.758522,4.60503,4.467968,-5.820589,7652
9.12,61.95474,0,0,2.404193,2.32259,0.1366499,-3.183232,4.60503,4.463954,-5.830268,7640
9.14,57.47784,0,0,2.397382,2.304426,0.09084838,-3.28336,4.53755,4.409273,-6.049858,7648
9.16,64.74986,0,0,2.40514,2.300042,0.1213828,-3.811348,4.60503,4.452896,-5.728147,7640
9.18,72.36739,0,0,2.405009,2.298357,-0.09235785,-3.418293,4.67251,4.521914,-5.375466,7624
9.2,65.96109,0,0,2.394198,2.300566,0.2435202,-2.360188,4.60503,4.485852,-5.551336,7644
9.22,70.17366,0,0,2.402347,2.321059,0.1519171,-2.320629,4.67251,4.531801,-5.270778,7672
9.24,69.35451,0,0,2.414394,2.339422,0.9763447,-1.909221,4.67251,4.544611,-5.216258,7648
9.26,62.1394,0,0,2.364516,2.321642,0.06031401,-1.592078,4.60503,4.483564,-5.719376,7636
9.28,55.66661,0,0,2.394673,2.328279,0.7931387,-2.195011,4.53755,4.416785,-5.880936,7664
9.3,68.35423,0,0,2.461521,2.359883,-0.0007547362,-3.428834,4.67251,4.517557,-5.184859,7644
9.32,63.25693,0,0,2.479455,2.368895,-0.4740371,-3.035241,4.60503,4.491008,-5.358723,7652
9.34,62.536,0,0,2.394405,2.32736,-0.1686933,-3.055271,4.60503,4.468898,-5.804609,7628
9.36,69.94206,0,0,2.3467,2.286527,-0.4282355,-2.986684,4.67251,4.513013,-5.727263,7648
9.38,70.76439,0,0,2.393303,2.303037,0.6557342,-2.305663,4.67251,4.536507,-5.3837,7640
9.4,63.15819,0,0,2.417649,2.331625,-0.1228922,-1.848546,4.60503,4.491736,-5.483042,7636
9.42,68.00009,0,0,2.377423,2.325092,-1.115259,-2.206073,4.67251,4.52555,-5.487742,7652
9.44,98.96771,0,0,2.33876,2.313328,0.3961921,-1.813054,5.009911,4.802691,-4.420991,7636
9.46,1.182831,0,0,2.351204,2.297093,-0.5045714,1.453976,3.93023,4.005877,-8.031056,7628
9.48,27.4693,0,0,2.419709,2.325326,0.3351234,-6.420634,4.267631,4.070037,-7.074681,7688
9.5,36.07056,0,0,2.516132,2.282876,6.304591,-9.292674,4.20015,4.05118,-6.811172,7656
9.52,-7.249329,0,0,2.198529,2.024953,-20.26031,-9.486965,3.592831,3.515782,-10.07643,7664
9.54,44.06772,0,0,1.862141,1.722176,-8.336635,-12.92326,3.99771,3.676583,-9.524379,7712
9.56,0.7907104,0,0,1.719467,1.478523,-10.58091,-9.566048,3.25543,3.144171,-11.22455,7692
9.58,-14.69077,0,0,1.40112,1.218435,-16.09236,-10.74783,2.918031,2.723391,-12.4572,7720
9.6,69.04857,0,0,1.35768,1.098504,-2.794649,-12.80737,3.592831,3.202779,-8.525982,7760
9.62,-17.53072,0,0,1.089421,0.8838323,-12.87099,-5.005821,2.37819,2.358266,-11.7498,7716
9.64,-45.5158,0,0,0.9421508,0.7680422,-8.031293,-8.10032,1.97331,1.82437,-12.37251,7796
9.66,-31.9975,0,0,0.9652239,0.6688716,8.457264,-13.01223,1.83835,1.620433,-11.13664,7836
9.68,-21.93011,0,0,0.9504476,0.5532974,-7.649613,-14.84086,1.63591,1.447969,-10.0657,7800
9.7,-92.11461,0,0,0.4763636,0.1834265,-23.77176,-13.75554,0.5562305,0.5045202,-13.99834,7832
9.72,-86.53809,0,0,0.1972882,-0.1528315,-12.68778,-19.22396,0.2863102,0.05594881,-14.13382,7904
9.74,-79.01176,0,0,-0.0618035,-0.5176495,-13.63435,-21.46814,-0.1185694,-0.35048,-13.91639,7928
9.76,27.89235,0,0,-0.3544056,-0.8095275,-23.68015,-21.15413,0.6237106,0.1877498,-9.327624,7940
9.78,-4.697601,0,0,-0.8460289,-1.1366,-23.89389,-8.683002,-0.1185694,-0.2509922,-10.16904,7888
9.8,37.48684,0,0,-1.164827,-1.24322,-19.43587,-2.600682,0.2188301,-0.06326412,-7.105719,7916
9.82,-40.92997,0,0,-0.9989604,-1.099539,15.89238,5.230947,-0.7933693,-0.743388,-6.930037,7912
9.84,-42.31577,0,0,-0.5907067,-0.7394016,15.32749,1.338184,-0.7933693,-0.8372249,-3.680455,7944
9.86,-31.46609,0,0,-0.5070419,-0.6072739,15.98398,-1.751936,-0.7933693,-0.8449697,-2.418306,7964
9.88,-54.01805,0,0,-0.1296593,-0.396684,12.25879,-3.839338,-1.13077,-1.05557,-1.313767,7948
9.9,47.48828,0,0,-0.2674779,-0.3906063,-14.3519,-7.103431,-0.05108929,-0.2614121,2.074941,7992
9.92,62.62361,0,0,-0.630416,-0.5652564,-7.481674,2.015982,0.0163908,-0.03527239,1.706733,7924
9.94,43.41794,0,0,-0.4618362,-0.3878783,0.8847416,9.216254,-0.05108929,0.01176925,2.904065,7924
9.96,25.66725,0,0,-0.4655561,-0.2207482,12.90001,12.01506,-0.05108929,0.0101438,2.758806,7936
9.98,-28.91771,0,0,0.3371741,0.3044147,35.31223,9.738876,-0.4559698,-0.2221631,4.092188,7928
10,-40.63177,0,0,0.7077062,0.6417121,15.67864,1.463435,-0.3884897,-0.2329539,4.041092,7948
10.02,-53.39857,0,0,1.129796,0.862478,21.5107,-6.560812,-0.4559698,-0.2812216,3.658183,7936
10.04,-18.94704,0,0,1.088559,0.802534,-5.252665,-13.14424,-0.05108929,-0.01743619,3.051116,7940
10.06,-17.58173,0,0,0.5266736,0.3790864,-31.75649,-12.4699,-0.1185694,-0.1028706,-0.5380277,7928
10.08,32.44286,0,0,0.07133637,-0.01122282,-14.50458,-10.41356,0.3537903,0.2076729,-0.7782965,7924
10.1,33.50325,0,0,-0.09760548,-0.1929988,-13.03893,-3.366235,0.2863102,0.2468987,-0.7731712,7892
10.12,23.68834,0,0,-0.3039685,-0.2689354,-6.68778,2.080122,0.2188301,0.1951423,-1.08665,7920
10.14,22.50408,0,0,0.04405869,-0.02145237,16.5336,3.783256,0.2863102,0.3010958,1.194815,7896
10.16,11.98481,0,0,0.3455305,0.2702153,12.19772,3.865072,0.2863102,0.3604269,2.349938,7912
10.18,-0.6658868,0,0,0.6399132,0.5409995,15.3733,1.920059,0.2863102,0.3899771,2.844008,7936
10.2,-41.45193,0,0,0.8395722,0.7012633,9.587034,-1.353481,-0.05108929,0.1173709,1.327117,7904
10.22,-46.3852,0,0,0.9164067,0.7227963,4.441995,-7.946232,-0.05108929,0.02215973,0.2699134,7924
10.24,-64.0322,0,0,0.8573004,0.576433,-3.573275,-12.71384,-0.3210096,-0.2480602,-1.873955,7940
10.26,-58.10138,0,0,0.6169004,0.2930563,-15.20687,-16.96088,-0.3884897,-0.4088549,-3.561533,7952
10.28,-45.13343,0,0,0.3120568,-0.05277859,-15.17633,-18.23821,-0.4559698,-0.5267305,-4.678646,7944
10.3,-19.25206,0,0,-0.05025484,-0.3953112,-20.64198,-16.62275,-0.3884897,-0.5154014,-4.83373,7956
10.32,-7.81889,0,0,-0.3792131,-0.66728,-16.22977,-11.87499,-0.4559698,-0.5643151,-4.751384,7960
10.34,10.06439,0,0,-0.6643068,-0.8412446,-15.06946,-6.636387,-0.3884897,-0.5147239,-3.85023,7940
10.36,10.27107,0,0,-0.6271559,-0.790535,5.587033,-1.366387,-0.4559698,-0.5064765,-2.090906,7944
10.38,14.40147,0,0,-0.4950359,-0.6059839,5.296957,1.795994,-0.3884897,-0.4079752,-0.05379331,7940
10.4,2.057011,0,0,-0.2380233,-0.3374599,13.72444,3.535279,-0.4559698,-0.3961952,1.400387,7964
10.42,-7.158283,0,0,-0.0683907,-0.1180597,7.693904,2.872452,-0.4559698,-0.3843821,1.984037,7928
10.44,-8.419323,0,0,0.1282024,0.06269006,10.42673,0.8709611,-0.3884897,-0.3192224,2.538066,7960
10.46,-20.04322,0,0,0.2483829,0.1633756,5.556499,-1.004406,-0.4559698,-0.3619083,2.096318,7940
10.48,-24.31612,0,0,0.3237394,0.2046764,2.41146,-3.68433,-0.4559698,-0.3828338,1.616722,7956
10.5,-18.84394,0,0,0.3209128,0.1747355,0.5183294,-5.909326,-0.3884897,-0.3489196,1.174134,7956
10.52,-17.73435,0,0,0.3185343,0.1287225,-1.328999,-6.824406,-0.3884897,-0.3465785,0.7563217,7956
10.54,-22.96566,0,0,0.2586737,0.05955,-3.43587,-7.146377,-0.4559698,-0.4118667,0.01381177,7964
10.56,-15.12053,0,0,0.1835294,-0.01594009,-2.611443,-7.649777,-0.3884897,-0.3839742,-0.162473,7960
10.58,-18.22556,0,0,0.1599935,-0.06390966,-0.9931214,-7.103273,-0.4559698,-0.4282748,-0.3743182,7952
10.6,-11.08541,0,0,0.1490354,-0.07915657,-0.1534266,-6.997715,-0.3884897,-0.3815061,-0.0447402,7956
10.62,-16.10697,0,0,0.1546501,-0.07768819,-0.107625,-6.219705,-0.4559698,-0.4185283,-0.08271551,7960
10.64,-10.57154,0,0,0.1428604,-0.07169876,-0.06182348,-6.170038,-0.3884897,-0.373924,0.1870165,7948
10.66,-10.36692,0,0,0.1476753,-0.06164101,-0.3213652,-5.591681,-0.3884897,-0.3598767,0.3089572,7968
10.68,-11.41532,0,0,0.1448181,-0.04989975,0.2282531,-5.180983,-0.3884897,-0.3565971,0.3363129,7960
10.7,-18.72574,0,0,0.1794346,-0.02319542,1.373291,-5.120605,-0.4559698,-0.4062963,0.2339668,7944
10.72,-19.37071,0,0,0.1603171,-0.0277059,-0.2297625,-5.777158,-0.4559698,-0.4253916,0.05560893,7936
10.74,-12.22597,0,0,0.1747963,-0.02934873,0.3351234,-6.312746,-0.3884897,-0.3739067,0.3255591,7952
10.76,-11.30161,0,0,0.1650467,-0.03878273,0.2893218,-5.91871,-0.3884897,-0.3608349,0.315029,7952
10.78,-11.97548,0,0,0.1715594,-0.03204393,-0.107625,-5.577254,-0.3884897,-0.3558088,0.3610481,7952
10.8,-19.01851,0,0,0.1841505,-0.02046995,0.5641309,-5.461887,-0.4559698,-0.4081141,0.1551981,7952
10.82,-19.49854,0,0,0.1776395,-0.02284539,-0.1228922,-6.084258,-0.4559698,-0.4249725,0.04923296,7956
10.84,-24.32908,0,0,0.1805201,-0.03524664,0.04504682,-6.561055,-0.5234499,-0.4838606,-0.2048915,7956
10.86,-10.75068,0,0,0.1786647,-0.04616102,0.04504682,-7.3454,-0.3884897,-0.3894084,0.2590686,7964
10.88,-26.93758,0,0,0.1736905,-0.06445284,-0.1992282,-6.493914,-0.590929,-0.5261171,-0.3644353,7956
10.9,-9.204646,0,0,0.1721193,-0.06167461,0.2740546,-7.534605,-0.3884897,-0.3976226,0.3374515,7952
10.92,-13.39265,0,0,0.2011365,-0.05080457,0.5641309,-6.520946,-0.4559698,-0.4109785,0.3669717,7944
10.94,-9.16104,0,0,0.1759072,-0.04465103,-1.344267,-6.196558,-0.3884897,-0.3642717,0.5055701,7944
10.96,-22.45836,0,0,0.2149602,-0.01823913,1.403826,-5.675848,-0.5234499,-0.4559554,0.2078354,7944
10.98,-11.90494,0,0,0.1943172,-0.01496023,-0.3519,-6.614976,-0.3884897,-0.3777706,0.4666219,7956
11,-16.94868,0,0,0.2148421,-0.01257013,0.5335966,-6.237737,-0.4559698,-0.4089082,0.3179976,7952
11.02,-17.79222,0,0,0.1905186,-0.0230209,-0.2144953,-6.430197,-0.4559698,-0.4222243,0.1483192,7944
11.04,-17.2366,0,0,0.180252,-0.03655589,-0.4893047,-6.611445,-0.4559698,-0.4271583,0.08725965,7948
11.06,-22.50562,0,0,0.180785,-0.04690713,0.6251997,-6.678523,-0.5234499,-0.4818683,-0.1308713,7960
11.08,-9.622791,0,0,0.1740312,-0.0535696,-0.2602969,-7.221169,-0.3884897,-0.3869755,0.3289598,7956
11.1,-14.36766,0,0,0.1715275,-0.05968487,0.3656577,-6.275139,-0.4559698,-0.4142212,0.196022,7956
11.12,-15.60375,0,0,0.1598921,-0.05696324,0.2129859,-6.089884,-0.4559698,-0.4226379,0.1718711,7952
11.14,-16.00861,0,0,0.187249,-0.03852397,0.9000088,-6.168746,-0.4559698,-0.4207249,0.30215,7944
11.16,-16.26388,0,0,0.1849735,-0.03406638,0.1061156,-6.262821,-0.4559698,-0.4217824,0.2700202,7920
11.18,-16.30382,0,0,0.1850793,-0.03397359,-0.2602969,-6.353445,-0.4559698,-0.4227743,0.2493473,7960
11.2,-10.21439,0,0,0.1837772,-0.03325207,0.5183294,-6.408215,-0.3884897,-0.3687929,0.4713721,7956
11.22,-22.33854,0,0,0.1713606,-0.04230705,-0.2755641,-5.806428,-0.5234499,-0.4654925,-0.03922963,7952
11.24,-11.07556,0,0,0.1799014,-0.03447379,-0.04655629,-6.64073,-0.3884897,-0.3812291,0.416799,7948
11.26,-9.968725,0,0,0.1861499,-0.03300542,0.3198562,-6.077088,-0.3884897,-0.3572522,0.4908372,7956
11.28,-17.18064,0,0,0.167005,-0.03645644,-0.4435031,-5.542861,-0.4559698,-0.4088863,0.1685787,7956
11.3,-12.14083,0,0,0.1711581,-0.02940274,-0.0007547362,-5.921111,-0.3884897,-0.3682711,0.3781326,7944
11.32,-11.88123,0,0,0.1756102,-0.02657676,0.4877952,-5.678288,-0.3884897,-0.3571351,0.3985284,7972
11.34,-12.62564,0,0,0.1688979,-0.02532617,-0.183961,-5.472744,-0.3884897,-0.3559487,0.348255,7952
11.36,-13.36346,0,0,0.175807,-0.01841813,0.1824515,-5.431149,-0.3884897,-0.3554798,0.3463626,7960
11.38,-13.90449,0,0,0.1770179,-0.01504624,0.1366499,-5.484387,-0.3884897,-0.3564389,0.3073352,7972
11.4,-14.20161,0,0,0.1791558,-0.01390459,0.04504682,-5.58219,-0.3884897,-0.3574442,0.2734087,7968
11.42,-26.3524,0,0,0.1825277,-0.01928668,0.2587874,-5.699931,-0.5234499,-0.4673921,-0.2314056,7972
11.44,-25.73869,0,0,0.1827322,-0.03180853,0.01451245,-7.00693,-0.5234499,-0.4974773,-0.3162867,7952
11.46,-16.53507,0,0,0.181821,-0.05425005,0.06031401,-7.802111,-0.4559698,-0.4489956,-0.05588472,7964
11.48,-13.88793,0,0,0.1616926,-0.07992219,-0.9015187,-7.335213,-0.4559698,-0.4349451,-0.006346524,7960
11.5,-7.302735,0,0,0.1416276,-0.08868247,-1.634343,-6.683477,-0.3884897,-0.3755282,0.2912189,7952
11.52,-13.82375,0,0,0.1410647,-0.08008502,0.6099325,-5.583155,-0.4559698,-0.4116154,0.1944757,7944
11.54,-21.50325,0,0,0.1316797,-0.0719855,-0.3213652,-5.49262,-0.5234499,-0.4775655,-0.06301177,7940
11.56,-15.52083,0,0,0.1550142,-0.05676956,0.7626044,-6.271288,-0.4559698,-0.4376036,0.2552657,7952
11.58,15.98153,0,0,0.1231157,-0.06186531,0.04504682,-6.070197,-0.1185694,-0.1580701,1.3586,7944
11.6,135.1014,0,0,0.09114178,0.002045065,-1.695411,-2.532959,1.23103,1.008308,6.252876,7916
11.62,187.2687,0,0,0.06554338,0.1839818,-0.2297625,11.99474,1.97331,1.916632,9.341276,7840
11.64,287.9086,0,0,0.2778924,0.7052383,4.884743,26.43645,3.592831,3.47452,15.69281,7816
11.66,282.4426,0,0,0.9849421,1.623506,34.85422,44.12319,4.267631,4.472086,19.7434,7708
11.68,271.8036,0,0,2.048612,2.877232,50.80843,52.09913,5.21235,5.523038,23.76302,7680
11.7,261.4483,0,0,3.335446,4.226569,64.31988,52.32161,6.22455,6.616386,26.71158,7576
11.72,255.1579,0,0,4.673046,5.516122,70.62523,47.21925,7.30423,7.742852,28.25695,7520
11.74,236.5181,0,0,6.077274,6.72711,69.67867,38.79161,8.24895,8.75651,28.28625,7468
11.76,243.7263,0,0,7.311649,7.759246,58.54888,27.41778,9.463591,9.919995,27.57983,7412
11.78,295.4991,0,0,8.081198,8.449533,40.53361,18.09426,11.08311,11.3872,26.16977,7328
11.8,156.5056,0,0,8.274124,8.651956,14.22826,16.18238,10.47579,11.07149,15.07521,7240
11.82,247.8379,0,0,8.615344,8.837107,23.83132,-0.09537829,12.36523,12.35954,13.67723,7284
11.84,204.4452,0,0,8.796093,8.787383,4.182453,-2.342057,12.36523,12.56837,7.117152,7172
11.86,156.3443,0,0,8.398706,8.452233,-25.89389,-7.16275,12.36523,12.42872,-1.193201,7192
11.88,161.5512,0,0,8.196588,8.09063,2.793139,-14.57007,12.70263,12.54706,-5.883713,7172
11.9,208.7462,0,0,7.901126,7.681828,-13.48168,-17.99685,13.30995,12.97903,-8.274975,7148
11.92,153.1343,0,0,7.280273,7.118267,-24.93206,-13.69466,12.70263,12.49306,-14.78569,7120
11.94,210.8366,0,0,6.973624,6.777536,-13.1916,-15.33923,13.37743,12.87267,-14.61115,7144
11.96,187.6529,0,0,6.907179,6.605479,-5.252665,-10.31618,13.04003,12.71302,-15.81517,7112
11.98,190.0571,0,0,6.659172,6.464782,-12.3519,-8.552498,13.10751,12.69863,-16.53369,7128
12,179.226,0,0,6.685269,6.448328,3.938178,-7.164776,12.97255,12.60249,-16.54254,7124
12.02,186.3017,0,0,6.563951,6.392332,-2.977855,-6.982893,13.04003,12.61954,-16.598,7140
12.04,189.8213,0,0,6.525562,6.357991,1.11375,-6.014829,13.04003,12.62817,-16.38335,7112
12.06,215.8335,0,0,6.454352,6.335435,-3.054191,-4.774323,13.30995,12.84763,-15.35143,7124
12.08,245.6648,0,0,6.432501,6.368001,0.9610775,-1.212012,13.64735,13.18518,-13.769,7132
12.1,153.8773,0,0,6.421922,6.411669,-0.01602192,4.113343,12.70263,12.50944,-16.85395,7092
12.12,168.0018,0,0,6.51685,6.511695,5.113751,-1.88513,12.97255,12.54988,-16.03046,7152
12.14,205.851,0,0,6.642776,6.551478,11.14429,-4.811564,13.30995,12.84713,-14.46419,7156
12.16,125.6616,0,0,6.509179,6.432429,-6.825184,-2.659972,12.36523,12.13962,-18.3562,7124
12.18,159.7506,0,0,6.165451,6.185784,-11.42061,-8.306832,12.70263,12.17556,-18.8779,7196
12.2,210.692,0,0,6.135396,6.02441,1.373291,-8.407953,13.04003,12.48518,-16.95354,7152
12.22,161.0925,0,0,5.968587,5.87667,-13.64962,-2.847992,12.36523,12.02853,-18.86934,7144
12.24,105.3447,0,0,5.580568,5.62892,-1.741213,-3.078315,11.69043,11.32524,-22.14988,7184
12.26,187.8483,0,0,5.792206,5.643146,4.335124,-9.294588,12.43271,11.80662,-17.62248,7220
12.28,234.0133,0,0,5.553973,5.493857,-18.93206,-4.390809,12.70263,12.15265,-16.11055,7172
12.3,208.2566,0,0,5.243248,5.361755,-3.451137,4.452252,12.36523,11.96006,-17.03925,7156
12.32,152.3104,0,0,5.616815,5.619309,13.08322,6.704113,11.82539,11.55198,-16.30916,7188
12.34,86.63834,0,0,5.883452,5.83828,15.54123,1.645027,11.15059,10.92744,-17.57932,7224
12.36,64.87823,0,0,5.991881,5.845387,3.510697,-8.78674,10.81319,10.48891,-18.80245,7244
12.38,158.75,0,0,5.557589,5.460715,-22.27557,-16.65979,11.55547,10.916,-17.96257,7264
12.4,67.59171,0,0,4.917004,4.838349,-33.28321,-10.59394,10.13839,9.839382,-24.01775,7236
12.42,68.79388,0,0,4.30017,4.276102,-25.26794,-13.83229,9.86847,9.312655,-25.76698,7292
12.44,82.00629,0,0,4.204713,3.948312,-12.1229,-15.39953,9.531071,8.978941,-24.4042,7324
12.46,98.51523,0,0,3.717464,3.533817,-28.64199,-13.62115,9.26115,8.688051,-24.17784,7348
12.48,99.96304,0,0,3.274009,3.159592,-18.91679,-9.379696,8.85627,8.313072,-23.84313,7356
12.5,197.4731,0,0,3.106805,3.0333,-9.863353,-5.701246,9.598551,8.886225,-18.17683,7392
12.52,68.33289,0,0,3.038799,3.013263,-4.748848,6.731034,7.91155,7.743885,-20.6485,7348
12.54,41.50012,0,0,2.9812,3.073432,4.777873,2.10636,7.57415,7.201215,-20.0951,7444
12.56,125.4587,0,0,3.641977,3.412645,27.67864,-5.47663,8.24895,7.743725,-12.99837,7468
12.58,7.21225,0,0,3.57233,3.388033,-13.16107,-2.091154,6.69691,6.641789,-17.1735,7424
12.6,-20.77838,0,0,2.904865,2.960956,-26.51985,-9.96166,6.22455,5.883214,-21.02406,7500
12.62,84.52798,0,0,3.378388,2.953366,16.91528,-19.11804,6.96683,6.417783,-14.52347,7548
12.64,96.16885,0,0,3.02598,2.682008,-23.25267,-13.58084,6.69691,6.346194,-14.56574,7488
12.66,80.20724,0,0,2.004442,2.092147,-61.02368,-5.777698,6.29203,5.905576,-17.95173,7516
12.68,37.91463,0,0,1.56137,1.702784,8.991614,-0.7812181,5.54975,5.206733,-19.46998,7564
12.7,128.5317,0,0,1.705062,1.722304,-0.7946484,-1.894216,6.29203,5.726854,-13.26571,7584
12.72,120.903,0,0,1.675646,1.757058,-0.03128911,6.603763,5.95463,5.650772,-11.54415,7552
12.74,60.68456,0,0,1.721897,1.903883,-4.977856,11.30918,5.27983,5.127433,-11.72711,7580
12.76,114.2672,0,0,2.043037,2.204192,23.49544,7.467174,5.887151,5.542474,-7.202353,7596
12.78,63.96957,0,0,2.424348,2.490017,17.89238,9.105551,5.27983,5.219997,-6.954078,7544
12.8,-2.585678,0,0,2.436718,2.571269,0.7626044,4.905553,4.60503,4.569757,-9.632949,7600
12.82,-54.44675,0,0,2.563984,2.532269,9.220622,-5.076659,3.93023,3.858308,-11.99913,7644
12.84,31.95804,0,0,2.441337,2.285797,-8.229766,-16.55626,4.60503,4.205442,-10.2574,7688
12.86,8.366257,0,0,2.032471,1.816621,-29.34427,-14.28138,3.93023,3.733626,-13.0443,7644
12.88,-19.68301,0,0,1.206016,1.1704,-42.01603,-12.71279,3.32291,3.052706,-16.97393,7696
12.9,63.87566,0,0,0.8660982,0.7645094,-16.27557,-13.24595,3.86275,3.346976,-13.81448,7732
12.92,44.30461,0,0,0.6277559,0.5086427,-12.42824,-4.356903,3.25543,2.99266,-13.41268,7704
12.94,94.17007,0,0,0.5272093,0.5067391,-11.1916,0.02428099,3.660311,3.284456,-9.451603,7728
12.96,134.0428,0,0,0.6532085,0.7050281,11.25116,7.692497,3.99771,3.707852,-5.017608,7720
12.98,29.03787,0,0,0.9132015,1.036773,9.159554,15.95424,2.918031,3.005961,-6.009943,7692
13,12.61995,0,0,1.184626,1.376929,19.09849,9.956924,2.918031,2.841943,-4.927978,7740
13.02,19.51549,0,0,1.867945,1.789433,33.29697,2.271042,2.985511,2.93354,-2.174507,7756
13.04,8.067352,0,0,2.07863,1.946005,3.49543,-2.911139,2.850551,2.846838,-2.629338,7744
13.06,48.67722,0,0,1.701778,1.723122,-24.79466,-6.497864,3.25543,3.071568,-3.653506,7748
13.08,64.83012,0,0,1.529958,1.514023,-3.130527,-4.210917,3.32291,3.172282,-3.985338,7716
13.1,66.26945,0,0,1.442713,1.430928,-7.267933,-0.729257,3.32291,3.204351,-3.916439,7716
13.12,56.59631,0,0,1.510407,1.489597,7.037416,1.574425,3.25543,3.178614,-3.517385,7712
13.14,50.98595,0,0,1.620899,1.603961,2.884742,1.801039,3.25543,3.185639,-3.027103,7720
13.16,52.33687,0,0,1.736094,1.715231,5.525965,1.025145,3.32291,3.249034,-2.528291,7716
13.18,49.36542,0,0,1.687266,1.719502,-4.016023,0.737314,3.32291,3.245745,-3.086322,7720
13.2,41.38083,0,0,1.701708,1.718514,0.1213828,0.1941404,3.25543,3.185312,-3.5571,7724
13.22,41.18833,0,0,1.657845,1.678595,-2.336633,-0.8550808,3.25543,3.157846,-4.006398,7724
13.24,49.0772,0,0,1.676001,1.658829,-1.130526,-1.604449,3.32291,3.208339,-3.784915,7716
13.26,50.18204,0,0,1.703477,1.660003,1.22062,-1.375128,3.32291,3.227412,-3.664085,7716
13.28,49.0451,0,0,1.733538,1.681405,0.5030622,-1.195261,3.32291,3.236274,-3.572296,7716
13.3,47.2291,0,0,1.777764,1.716165,1.663368,-1.322637,3.32291,3.242173,-3.482591,7720
13.32,45.74298,0,0,1.774256,1.724112,-0.04655629,-1.59555,3.32291,3.238374,-3.653768,7720
13.34,45.06619,0,0,1.776294,1.722522,0.09084838,-1.937598,3.32291,3.234334,-3.782678,7736
13.36,44.93404,0,0,1.777908,1.716534,-0.3824344,-2.238845,3.32291,3.231567,-3.879657,7720
13.38,39.10095,0,0,1.77222,1.702978,-0.6572433,-2.441666,3.25543,3.174322,-4.213674,7704
13.4,45.59187,0,0,1.786157,1.700855,-0.3671672,-3.195232,3.32291,3.215661,-3.976118,7728
13.42,40.86411,0,0,1.786218,1.689884,-0.3824344,-3.046068,3.25543,3.172746,-4.198906,7732
13.44,40.84804,0,0,1.804198,1.694582,0.4419934,-3.471286,3.25543,3.16444,-4.138474,7720
13.46,41.71291,0,0,1.800449,1.687707,0.1213828,-3.74747,3.25543,3.161783,-4.157053,7720
13.48,48.41899,0,0,1.819012,1.694612,0.6099325,-3.886923,3.32291,3.219484,-3.814787,7716
13.5,48.37558,0,0,1.823488,1.702428,0.4114593,-3.31609,3.32291,3.235915,-3.755617,7716
13.52,40.89903,0,0,1.82069,1.709873,0.1366499,-2.941525,3.25543,3.184104,-4.023329,7708
13.54,45.94595,0,0,1.81807,1.714692,0.1824515,-3.438235,3.32291,3.222679,-3.869793,7720
13.56,46.4575,0,0,1.813895,1.709929,-0.3366328,-3.248815,3.32291,3.231844,-3.896475,7716
13.58,45.88557,0,0,1.821788,1.715675,0.2129859,-3.091305,3.32291,3.235233,-3.877267,7708
13.6,39.30357,0,0,1.80751,1.709012,-0.107625,-3.012934,3.25543,3.178287,-4.211988,7716
13.62,45.3473,0,0,1.808245,1.706198,0.04504682,-3.620461,3.32291,3.217385,-4.017649,7736
13.64,46.42113,0,0,1.813324,1.702685,-0.04655629,-3.426721,3.32291,3.229424,-3.966406,7716
13.66,40.04647,0,0,1.818191,1.704905,0.3809245,-3.207368,3.25543,3.179025,-4.173316,7720
13.68,45.62326,0,0,1.832388,1.71551,0.3656577,-3.740732,3.32291,3.221684,-3.913064,7728
13.7,40.24141,0,0,1.826491,1.709039,0.1061156,-3.52545,3.25543,3.177155,-4.171958,7716
13.72,40.10353,0,0,1.821781,1.703401,0.3351234,-3.911205,3.25543,3.164377,-4.221184,7720
13.74,47.23311,0,0,1.81048,1.691713,-0.2297625,-4.14226,3.32291,3.214762,-4.016264,7720
13.76,47.9455,0,0,1.819182,1.69352,0.1977187,-3.594282,3.32291,3.231517,-3.900781,7720
13.78,40.98254,0,0,1.81243,1.69673,-0.2297625,-3.144832,3.25543,3.180565,-4.140985,7712
13.8,40.2514,0,0,1.81302,1.700452,-0.0007547362,-3.552887,3.25543,3.166233,-4.171805,7712
13.82,41.1196,0,0,1.807266,1.691827,-0.04655629,-3.884068,3.25543,3.16146,-4.203395,7736
13.84,48.15793,0,0,1.80758,1.687037,0.1671843,-4.008175,3.32291,3.216111,-3.932284,7720
13.86,42.55254,0,0,1.806526,1.684817,0.2740546,-3.379681,3.25543,3.177372,-4.105456,7724
13.88,41.66553,0,0,1.808182,1.690827,0.2282531,-3.531831,3.25543,3.167289,-4.101928,7728
13.9,47.93233,0,0,1.81463,1.696739,0.304589,-3.736958,3.32291,3.220078,-3.834533,7704
13.92,42.08543,0,0,1.80739,1.693356,0.1061156,-3.227498,3.25543,3.178544,-4.073831,7716
13.94,47.18155,0,0,1.820504,1.706066,0.1824515,-3.509019,3.32291,3.223635,-3.806255,7732
13.96,41.1989,0,0,1.815839,1.704693,0.02977964,-3.178838,3.25543,3.179589,-4.065964,7708
13.98,40.55858,0,0,1.816484,1.705358,0.01451245,-3.565825,3.25543,3.166984,-4.113173,7728
14,41.25441,0,0,1.817045,1.69937,0.1061156,-3.890422,3.25543,3.1635,-4.131332,7724
14.02,48.10209,0,0,1.814063,1.693691,0.01451245,-4.019519,3.32291,3.217505,-3.893669,7712
14.04,42.34432,0,0,1.819997,1.694735,0.1519171,-3.432969,3.25543,3.179332,-4.05277,7716
14.06,41.37258,0,0,1.816743,1.698463,0.1061156,-3.616138,3.25543,3.168156,-4.089474,7720
14.08,47.76675,0,0,1.809608,1.695317,0.1213828,-3.811826,3.32291,3.218532,-3.888082,7716
14.1,48.05576,0,0,1.812845,1.697368,0.2282531,-3.302865,3.32291,3.233257,-3.830646,7712
14.12,40.8675,0,0,1.81756,1.706043,0.09084838,-2.954615,3.25543,3.182829,-4.050464,7720
14.14,45.97089,0,0,1.821344,1.714749,0.1977187,-3.457932,3.32291,3.222948,-3.860472,7728
14.16,46.49271,0,0,1.809442,1.707162,0.02977964,-3.247042,3.32291,3.231206,-3.919569,7712
14.18,39.99354,0,0,1.814541,1.707689,0.2282531,-3.071465,3.25543,3.179455,-4.146019,7744
14.2,45.72086,0,0,1.812504,1.707757,0.06031401,-3.600743,3.32291,3.219231,-3.965369,7740
14.22,46.53371,0,0,1.815395,1.705131,0.2282531,-3.381916,3.32291,3.230679,-3.932976,7720
14.24,46.12671,0,0,1.808421,1.704191,0.2129859,-3.133415,3.32291,3.232793,-3.957272,7728
14.26,51.57587,0,0,1.810848,1.711658,0.04504682,-3.009335,3.39039,3.288197,-3.711024,7716
14.28,38.65726,0,0,1.826238,1.72306,0.2282531,-2.433428,3.25543,3.19526,-4.121421,7732
14.3,43.29962,0,0,1.822228,1.727919,0.09084838,-3.344467,3.32291,3.221826,-4.017308,7720
14.32,38.55522,0,0,1.826561,1.718201,0.1061156,-3.502082,3.25543,3.174307,-4.26254,7744
14.34,39.23558,0,0,1.815192,1.702163,0.2129859,-4.052048,3.25543,3.160104,-4.344297,7732
14.36,40.91291,0,0,1.816218,1.688392,-0.1686933,-4.346332,3.25543,3.158306,-4.306516,7716
14.38,42.09965,0,0,1.832141,1.688636,0.304589,-4.411537,3.25543,3.162522,-4.174124,7712
14.4,42.58988,0,0,1.836687,1.691295,-0.0007547362,-4.347212,3.25543,3.1656,-4.102314,7712
14.42,42.69054,0,0,1.838166,1.694676,-0.0007547362,-4.259522,3.25543,3.167254,-4.059532,7728
14.44,42.56358,0,0,1.847565,1.702787,0.09084838,-4.218198,3.25543,3.169315,-3.998699,7732
14.46,36.36734,0,0,1.846136,1.702861,-0.01602192,-4.208652,3.18795,3.114544,-4.245894,7724
14.48,42.56509,0,0,1.849391,1.703397,0.2282531,-4.832342,3.25543,3.154705,-4.02386,7724
14.5,43.7561,0,0,1.847335,1.697135,-0.0007547362,-4.614989,3.25543,3.165995,-3.99229,7728
14.52,43.70765,0,0,1.828667,1.688589,-0.7030448,-4.294987,3.25543,3.167045,-4.038621,7744
14.54,43.31132,0,0,1.844865,1.699317,0.7168028,-4.128512,3.25543,3.170594,-3.938673,7716
14.56,48.90259,0,0,1.831594,1.701414,-0.06182348,-4.018397,3.32291,3.223691,-3.756596,7724
14.58,42.36844,0,0,1.832738,1.705617,0.2435202,-3.389324,3.25543,3.183267,-3.96596,7736
14.6,41.07286,0,0,1.825576,1.708421,0.1213828,-3.613228,3.25543,3.17003,-4.049382,7740
14.62,41.29751,0,0,1.830284,1.707639,0.04504682,-3.907934,3.25543,3.166486,-4.061705,7732
14.64,47.79163,0,0,1.83382,1.707708,0.2129859,-4.085088,3.32291,3.220715,-3.818828,7732
14.66,35.88766,0,0,1.830043,1.701596,-0.1534266,-3.547745,3.18795,3.125595,-4.288522,7732
14.68,29.25109,0,0,1.831675,1.697154,0.3198562,-4.403023,3.12047,3.045047,-4.586298,7740
14.7,49.59983,0,0,1.822723,1.681152,0.02977964,-5.599282,3.32291,3.186913,-3.927088,7748
14.72,52.27866,0,0,1.820992,1.669807,-0.03128911,-4.325531,3.32291,3.228661,-3.759525,7744
14.74,44.50987,0,0,1.793175,1.669,-2.107625,-3.129402,3.25543,3.182743,-4.023944,7740
14.76,48.47598,0,0,1.807309,1.692822,1.587032,-3.151395,3.32291,3.22688,-3.725049,7724
14.78,47.81444,0,0,1.802691,1.702059,-0.07709067,-2.76068,3.32291,3.236475,-3.74869,7728
14.8,46.4901,0,0,1.804452,1.712172,0.02977964,-2.575968,3.32291,3.237584,-3.781984,7728
14.82,45.43873,0,0,1.808776,1.720299,0.02977964,-2.603234,3.32291,3.236547,-3.827034,7736
14.84,44.87222,0,0,1.803468,1.719122,-0.04655629,-2.716549,3.32291,3.233605,-3.918634,7736
14.86,56.62897,0,0,1.815083,1.728563,0.1061156,-2.869499,3.45787,3.342913,-3.440016,7724
14.88,31.88282,0,0,1.80815,1.72246,0.1213828,-1.790837,3.18795,3.151374,-4.427481,7724
14.9,42.09665,0,0,1.813087,1.727765,0.5946653,-3.576378,3.32291,3.207484,-4.106503,7732
14.92,45.35859,0,0,1.779269,1.690181,-2.260297,-3.640163,3.32291,3.217888,-4.238088,7712
14.94,40.60573,0,0,1.76649,1.666795,0.3198562,-3.308713,3.25543,3.167434,-4.451749,7716
14.96,47.22845,0,0,1.768594,1.663799,-0.2755641,-3.559243,3.32291,3.211768,-4.138475,7724
14.98,48.27596,0,0,1.76704,1.662844,0.4725278,-3.049733,3.32291,3.225824,-4.033555,7708
15,41.66203,0,0,1.774698,1.67279,1.006879,-2.630875,3.25543,3.177206,-4.173078,7716
15.02,46.99311,0,0,1.784038,1.686828,0.4725278,-3.044523,3.32291,3.219688,-3.905937,7716
15.04,47.45818,0,0,1.779353,1.687077,-0.2908313,-2.772656,3.32291,3.230023,-3.902684,7724
15.06,40.82243,0,0,1.782205,1.690425,0.2435202,-2.558687,3.25543,3.178282,-4.12838,7708
15.08,40.50105,0,0,1.775594,1.686678,0.01451245,-3.070597,3.25543,3.162552,-4.203641,7720
15.1,47.61509,0,0,1.785565,1.685443,0.2740546,-3.464474,3.32291,3.214975,-3.921929,7736
15.12,48.3668,0,0,1.781925,1.681856,0.2282531,-2.996152,3.32291,3.229508,-3.886327,7704
15.14,35.52884,0,0,1.781261,1.682151,0.06031401,-2.617082,3.18795,3.124207,-4.349651,7724
15.16,41.22738,0,0,1.779378,1.680999,0.2587874,-3.652492,3.25543,3.149582,-4.183429,7728
15.18,43.43916,0,0,1.772404,1.664573,-0.9167854,-3.745575,3.25543,3.156567,-4.170105,7712
15.2,44.26904,0,0,1.778956,1.662051,0.7320697,-3.595518,3.25543,3.161654,-4.074639,7724
15.22,44.51566,0,0,1.764291,1.656025,-0.3977011,-3.369214,3.25543,3.162107,-4.08245,7736
15.24,38.49938,0,0,1.771665,1.658752,0.2435202,-3.217582,3.18795,3.109821,-4.240961,7712
15.26,50.70319,0,0,1.765668,1.660581,0.04504682,-3.697057,3.32291,3.204541,-3.784893,7724
15.28,51.53705,0,0,1.764596,1.661971,0.02977964,-2.778765,3.32291,3.231166,-3.693212,7724
15.3,37.60357,0,0,1.772425,1.676067,0.4877952,-2.117103,3.18795,3.12989,-4.117662,7716
15.32,42.21024,0,0,1.772148,1.684787,-0.1534266,-3.084944,3.25543,3.154931,-3.983236,7720
15.34,49.75037,0,0,1.762775,1.67393,-0.3060985,-3.234696,3.32291,3.214449,-3.792595,7720
15.36,50.02703,0,0,1.762924,1.672716,0.5946653,-2.56772,3.32291,3.231557,-3.742907,7716
15.38,48.55535,0,0,1.769308,1.6864,0.2129859,-2.112722,3.32291,3.236846,-3.712959,7700
15.4,47.0386,0,0,1.771517,1.698956,0.06031401,-1.970065,3.32291,3.236686,-3.751089,7720
15.42,46.02357,0,0,1.771393,1.704755,0.2282531,-2.033354,3.32291,3.234376,-3.822157,7728
15.44,45.49165,0,0,1.776543,1.707944,0.2282531,-2.195341,3.32291,3.232765,-3.869357,7716
15.46,39.37514,0,0,1.765489,1.696987,0.09084838,-2.334102,3.25543,3.174665,-4.216537,7724
15.48,45.8102,0,0,1.771853,1.692503,0.2282531,-3.053419,3.32291,3.21451,-4.005752,7740
15.5,47.21484,0,0,1.764296,1.679808,0.06031401,-2.858673,3.32291,3.225058,-4.00775,7712
15.52,41.13496,0,0,1.768211,1.678176,0.1366499,-2.598993,3.25543,3.174945,-4.198678,7724
15.54,40.97705,0,0,1.767853,1.677164,0.1061156,-3.039572,3.25543,3.161518,-4.21714,7724
15.56,48.08437,0,0,1.770966,1.674493,0.06031401,-3.351081,3.32291,3.213756,-3.947813,7724
15.58,42.78132,0,0,1.771323,1.670997,0.1213828,-2.845233,3.25543,3.174432,-4.121118,7716
15.6,42.18981,0,0,1.771467,1.673963,0.1061156,-3.043797,3.25543,3.164152,-4.121279,7720
15.62,42.71714,0,0,1.771566,1.671739,-0.04655629,-3.237189,3.25543,3.16164,-4.111004,7712
15.64,49.41222,0,0,1.763803,1.666892,0.06031401,-3.283798,3.32291,3.215236,-3.878002,7708
15.66,43.67204,0,0,1.757884,1.662897,0.07558119,-2.624823,3.25543,3.17531,-4.074797,7736
15.68,48.76405,0,0,1.760741,1.672172,0.1519171,-2.766821,3.32291,3.219867,-3.823864,7732
15.7,48.83936,0,0,1.748764,1.670565,0.1213828,-2.315996,3.32291,3.229914,-3.845592,7704
15.72,41.87519,0,0,1.753726,1.676885,0.3198562,-2.027426,3.25543,3.178431,-4.060712,7724
15.74,41.1424,0,0,1.766577,1.686061,0.4877952,-2.578377,3.25543,3.1653,-4.063844,7728
15.76,41.95628,0,0,1.763425,1.678695,-0.04655629,-3.014456,3.25543,3.160473,-4.113665,7724
15.78,42.94487,0,0,1.767825,1.671987,0.02977964,-3.232222,3.25543,3.160474,-4.091361,7728
15.8,43.62826,0,0,1.770273,1.668064,0.2129859,-3.281469,3.25543,3.161836,-4.058244,7728
15.82,56.00552,0,0,1.769722,1.671843,-0.03128911,-3.229569,3.39039,3.272368,-3.550742,7712
15.84,49.53529,0,0,1.764739,1.677263,0.1977187,-1.935806,3.32291,3.247257,-3.731026,7716
15.86,46.75837,0,0,1.768147,1.696887,0.2435202,-1.740297,3.32291,3.239331,-3.762452,7716
15.88,45.30253,0,0,1.798101,1.722171,0.8694746,-1.982527,3.32291,3.238885,-3.718586,7712
15.9,44.67279,0,0,1.782272,1.718135,-0.3366328,-2.257248,3.32291,3.232978,-3.897028,7704
15.92,44.67065,0,0,1.788347,1.714876,0.1519171,-2.520159,3.32291,3.230938,-3.943791,7732
15.94,38.84837,0,0,1.788075,1.7062,0.2282531,-2.700214,3.25543,3.174999,-4.234694,7732
15.96,39.39732,0,0,1.78686,1.695061,0.1366499,-3.403088,3.25543,3.159649,-4.293754,7740
15.98,47.06913,0,0,1.798339,1.6894,0.1213828,-3.837547,3.32291,3.213223,-3.993458,7744
16,48.36893,0,0,1.762118,1.665741,-0.5809073,-3.247041,3.32291,3.223943,-4.073406,7720
16.02,48.0733,0,0,1.761443,1.666418,0.02977964,-2.710866,3.32291,3.229087,-3.994496,7692
16.04,41.30846,0,0,1.762836,1.672909,0.5030622,-2.393448,3.25543,3.176662,-4.186276,7736
16.06,40.88953,0,0,1.765785,1.677379,0.09084838,-2.877098,3.25543,3.162497,-4.195429,7736
16.08,41.94619,0,0,1.765956,1.671437,0.2740546,-3.24377,3.25543,3.158895,-4.190391,7716
16.1,43.09928,0,0,1.760032,1.660926,-0.107625,-3.362136,3.25543,3.158256,-4.180874,7716
16.12,43.84055,0,0,1.770896,1.661987,0.4114593,-3.350332,3.25543,3.16146,-4.079799,7732
16.14,44.165,0,0,1.765696,1.660391,0.09084838,-3.252949,3.25543,3.162473,-4.059349,7720
16.16,44.23449,0,0,1.772245,1.665308,0.04504682,-3.172609,3.25543,3.164483,-3.994969,7716
16.18,44.22981,0,0,1.762339,1.663129,-0.01602192,-3.086005,3.25543,3.163692,-4.017438,7728
16.2,44.30933,0,0,1.75672,1.660573,-0.3366328,-3.012094,3.25543,3.16308,-4.019469,7720
16.22,50.23254,0,0,1.776135,1.674588,0.4725278,-3.001722,3.32291,3.221027,-3.675639,7712
16.24,-40.383,0,0,1.769779,1.63722,0.1061156,-2.475438,2.31071,2.414465,-7.300581,7724
16.26,-37.18142,0,0,1.773788,1.569075,0.2129859,-11.29303,2.31071,2.196944,-7.73104,7780
16.28,-14.68329,0,0,1.746683,1.392655,-1.222129,-16.74076,2.31071,2.149368,-7.58636,7780
16.3,32.8626,0,0,1.333054,1.037863,-24.82519,-16.84218,2.58063,2.324017,-7.500243,7784
16.32,89.96425,0,0,0.7919064,0.6511537,-22.93206,-10.40651,2.985511,2.669447,-6.61471,7760
16.34,4.43425,0,0,0.3993701,0.3815101,-21.31374,0.8171771,1.90583,1.888524,-9.842649,7744
16.36,40.26477,0,0,0.5360323,0.4914069,11.26643,-0.5893511,2.31071,2.072758,-6.319277,7804
16.38,79.13142,0,0,0.8988976,0.7607561,21.61757,1.089258,2.64811,2.475733,-2.141965,7788
16.4,-22.83215,0,0,1.107079,0.9931955,5.739706,5.367863,1.568431,1.7394,-4.386189,7768
16.42,-2.704651,0,0,1.181955,1.136501,6.671003,-2.364552,1.90583,1.805864,-3.454886,7844
16.44,-41.39503,0,0,1.467273,1.221553,13.31223,-6.379954,1.365991,1.420511,-4.332001,7816
16.46,-9.866096,0,0,1.364549,1.118777,-9.435872,-12.69266,1.63591,1.512877,-4.251996,7852
16.48,-27.87502,0,0,1.033876,0.8006653,-12.62671,-12.78207,1.23103,1.173652,-6.752629,7832
16.5,-72.56644,0,0,0.7965479,0.5025985,-18.1687,-13.93914,0.5562305,0.533792,-9.387388,7872
16.52,18.29714,0,0,0.276988,0.08298726,-15.11526,-17.59313,1.298511,0.9299203,-7.825665,7880
16.54,-11.02863,0,0,0.09339497,-0.199148,-7.954957,-10.20835,0.6237106,0.5329607,-8.482942,7828
16.56,-34.43513,0,0,-0.2969392,-0.4418515,-22.77939,-7.079549,0.2188301,0.09836305,-9.501247,7896
16.58,14.6884,0,0,-0.4070639,-0.5428721,9.541233,-6.915936,0.5562305,0.2963604,-6.630255,7900
16.6,-29.19585,0,0,-0.1608261,-0.428661,6.945813,-2.528486,-0.1185694,-0.1083741,-5.693574,7904
16.62,-102.2598,0,0,-0.3297742,-0.4712969,-12.18397,-3.683298,-0.9958096,-0.9304551,-8.320009,7932
16.64,-48.4387,0,0,-0.3052067,-0.5207972,10.59467,-11.85096,-0.590929,-0.7923722,-5.833176,7980
16.66,-62.27269,0,0,-0.2389391,-0.6074557,-0.550373,-12.04304,-1.06329,-1.088561,-5.612458,7948
16.68,-14.59375,0,0,-0.5441091,-0.8037825,-20.50458,-12.64299,-0.7258892,-0.9039396,-4.330869,7984
16.7,37.8355,0,0,-1.136286,-1.165438,-34.0771,-6.445139,-0.3884897,-0.6206766,-3.64948,7956
16.72,-4.689904,0,0,-1.365864,-1.320037,-5.252665,3.728166,-0.9958096,-1.008993,-4.318555,7948
16.74,-5.585531,0,0,-1.303166,-1.209228,1.052681,6.101616,-0.9958096,-1.061654,-2.341604,7972
16.76,-16.53372,0,0,-0.8509879,-0.8771975,27.34277,6.288362,-1.13077,-1.097525,0.3015263,8008
16.78,-15.95398,0,0,-0.396886,-0.4926448,17.92292,3.924792,-1.06329,-0.9937385,2.710852,7956
16.8,-27.77475,0,0,-0.2422291,-0.2949188,7.816042,1.826367,-1.13077,-1.024633,2.687018,7988
16.82,-33.38289,0,0,-0.02681483,-0.1402904,7.571767,-1.447887,-1.13077,-1.025571,2.876156,7972
16.84,24.66195,0,0,-0.03519946,-0.1128493,-1.771747,-4.175418,-0.4559698,-0.5028458,4.44627,7988
16.86,22.16459,0,0,-0.00553621,-0.08973165,-1.191595,-0.2165687,-0.4559698,-0.3692173,4.275266,7956
16.88,-99.26248,0,0,-0.09845395,-0.1272329,-5.649612,2.302789,-1.670609,-1.347896,-1.034875,7964
16.9,-27.35522,0,0,0.05866478,-0.0653549,8.365661,-8.657758,-0.7933693,-0.8929929,1.594898,8040
16.92,-7.302099,0,0,0.2554207,-0.05073948,8.823676,-9.253057,-0.7258892,-0.6899481,2.535278,7940
16.94,-39.78579,0,0,0.2167164,-0.07768105,-3.848084,-7.551394,-1.06329,-0.92043,0.9331788,7960
16.96,51.90696,0,0,0.2181071,-0.03851876,0.9916119,-9.602958,0.0163908,-0.1138017,4.367507,7968
16.98,8.196256,0,0,0.1529186,-0.04822427,-7.542741,-1.567814,-0.4559698,-0.29256,2.620458,7900
17,-5.264765,0,0,0.3127629,0.1331584,16.67101,-1.077722,-0.3884897,-0.2753097,3.014362,7932
17.02,-23.82282,0,0,0.6366372,0.3776467,11.29696,-3.097339,-0.4559698,-0.3030838,3.309605,7916
17.04,-31.43939,0,0,0.5081249,0.3537767,-8.687781,-6.061696,-0.4559698,-0.364911,1.57234,7928
17.06,-31.74892,0,0,0.5378816,0.3057684,2.426727,-8.889283,-0.4559698,-0.3931587,0.8793814,7948
17.08,-28.49519,0,0,0.4082066,0.1678668,-10.1687,-10.42956,-0.4559698,-0.4263792,-0.1747139,7940
17.1,-16.63344,0,0,0.2088321,-0.01732078,-7.206865,-10.51418,-0.3884897,-0.4046277,-0.8565965,7920
17.12,-16.41095,0,0,0.07153316,-0.1620036,-9.893888,-8.922534,-0.4559698,-0.4577273,-1.317712,7932
17.14,-6.215508,0,0,-0.048515,-0.2562854,-2.077091,-7.440718,-0.3884897,-0.4175961,-1.080577,7928
17.16,-3.152387,0,0,-0.06584018,-0.2706226,-2.977855,-5.333581,-0.3884897,-0.392792,-0.538094,7920
17.18,-9.786946,0,0,-0.03138787,-0.2230089,3.434361,-3.712646,-0.4559698,-0.4260634,-0.1691993,7936
17.2,-12.09608,0,0,0.03499519,-0.1454289,2.335124,-3.504693,-0.4559698,-0.4235309,0.3124048,7924
17.22,-7.970377,0,0,0.1178348,-0.0637722,3.296956,-3.853017,-0.3884897,-0.3593387,0.9198595,7932
17.24,-9.716286,0,0,0.1202078,-0.03304892,-0.1228922,-3.70507,-0.3884897,-0.348149,0.8324711,7932
17.26,-17.81573,0,0,0.1297997,-0.01795933,0.5183294,-3.828708,-0.4559698,-0.4036625,0.4820326,7944
17.28,-12.81082,0,0,0.1331838,-0.01544795,-0.1534266,-4.740953,-0.3884897,-0.3676792,0.5492938,7940
17.3,-24.19382,0,0,0.1425479,-0.02626979,0.3351234,-4.882684,-0.5234499,-0.4679183,0.01777726,7960
17.32,-17.98205,0,0,0.1510509,-0.03346905,0.07558119,-6.143438,-0.4559698,-0.4401508,0.1631752,7944
17.34,-9.448144,0,0,0.1232027,-0.06436626,-1.54274,-6.26845,-0.3884897,-0.3812845,0.2877611,7956
17.36,-8.670127,0,0,0.1346569,-0.0659775,-0.183961,-5.508289,-0.3884897,-0.3607126,0.4312517,7936
17.38,-10.13382,0,0,0.1462924,-0.04758994,0.4877952,-4.954715,-0.3884897,-0.3529455,0.5138263,7964
17.4,-17.83322,0,0,0.1480197,-0.03475059,0.01451245,-4.752011,-0.4559698,-0.4072452,0.2440265,7948
17.42,-18.69571,0,0,0.1496463,-0.03125577,0.1366499,-5.405952,-0.4559698,-0.4240244,0.1543978,7936
17.44,-17.7371,0,0,0.1510855,-0.04008491,0.1977187,-5.934661,-0.4559698,-0.4292013,0.1087808,7940
17.46,-10.5985,0,0,0.1548226,-0.04621366,0.07558119,-6.191014,-0.3884897,-0.3746822,0.3611948,7940
17.48,-16.21668,0,0,0.1662851,-0.04409266,0.2740546,-5.675171,-0.4559698,-0.4119372,0.2164999,7948
17.5,-11.22231,0,0,0.1732172,-0.03239964,0.1213828,-5.914081,-0.3884897,-0.3668419,0.4537592,7932
17.52,-23.42575,0,0,0.1830468,-0.02843462,0.2129859,-5.612122,-0.5234499,-0.4635448,0.01001358,7944
17.54,-24.10972,0,0,0.1974131,-0.02290732,0.1671843,-6.68793,-0.5234499,-0.4890689,-0.03083301,7952
17.56,-9.965081,0,0,0.1771158,-0.04360829,-1.206862,-7.407191,-0.3884897,-0.3898341,0.3292688,7936
17.58,-8.439061,0,0,0.1959616,-0.0424203,0.7473372,-6.499572,-0.3884897,-0.3575397,0.5209892,7940
17.6,-10.20922,0,0,0.1876329,-0.03124774,0.1824515,-5.717391,-0.3884897,-0.3499569,0.5166163,7944
17.62,-18.22566,0,0,0.1890871,-0.01805022,-0.04655629,-5.389945,-0.4559698,-0.4041192,0.2509957,7940
17.64,-19.3885,0,0,0.1950941,-0.01025116,0.02977964,-6.005232,-0.4559698,-0.4203025,0.1775742,7944
17.66,-18.55999,0,0,0.1833555,-0.02436537,0.02977964,-6.503451,-0.4559698,-0.4277462,0.06492484,7948
17.68,-11.33412,0,0,0.1820745,-0.03499192,0.01451245,-6.736684,-0.3884897,-0.3743511,0.2994959,7956
17.7,-16.78476,0,0,0.1873765,-0.03761726,0.1824515,-6.177651,-0.4559698,-0.4123504,0.1410976,7960
17.72,-17.66695,0,0,0.1951538,-0.02938008,0.2893218,-6.377465,-0.4559698,-0.4214246,0.1597196,7948
17.74,-11.35334,0,0,0.189154,-0.03031597,0.2129859,-6.580031,-0.3884897,-0.3705468,0.3619022,7944
17.76,-11.13124,0,0,0.1906286,-0.02856422,0.1061156,-6.079757,-0.3884897,-0.3562329,0.4045189,7952
17.78,-18.26406,0,0,0.1868183,-0.02495762,0.1977187,-5.720186,-0.4559698,-0.4081257,0.1448752,7948
17.8,-13.02945,0,0,0.1890626,-0.01887482,0.09084838,-6.20413,-0.3884897,-0.3682477,0.3365743,7932
17.82,-24.46225,0,0,0.1808885,-0.03081164,0.06031401,-5.988759,-0.5234499,-0.4685367,-0.1783834,7948
17.84,-18.29223,0,0,0.1832124,-0.03603647,0.1061156,-6.998287,-0.4559698,-0.4404048,0.01501751,7940
17.86,-15.91556,0,0,0.1640658,-0.06008554,-0.9778546,-6.990843,-0.4559698,-0.4339865,-0.01136243,7948
17.88,-9.054426,0,0,0.1775845,-0.05706777,0.8389403,-6.767428,-0.3884897,-0.3725716,0.3761218,7940
17.9,-15.27457,0,0,0.1659992,-0.05667265,-0.1534266,-5.898598,-0.4559698,-0.4111574,0.176003,7932
17.92,-10.72652,0,0,0.1785067,-0.03732423,0.5030622,-5.977875,-0.3884897,-0.3651841,0.4689971,7944
17.94,-11.12307,0,0,0.1703658,-0.03227878,0.09084838,-5.554887,-0.3884897,-0.3551677,0.4411972,7936
17.96,-18.47211,0,0,0.1879642,-0.01717175,0.09084838,-5.370607,-0.4559698,-0.4057936,0.2474577,7940
17.98,-13.27231,0,0,0.1783988,-0.01614988,0.3198562,-5.964784,-0.3884897,-0.36854,0.3507197,7940
18,-18.63993,0,0,0.183712,-0.02149153,-0.06182348,-5.856179,-0.4559698,-0.4129738,0.1167615,7948
18.02,-18.85627,0,0,0.1918362,-0.02127836,0.3809245,-6.348017,-0.4559698,-0.4241643,0.09928358,7952
18.04,-17.89883,0,0,0.1852835,-0.03275116,-0.03128911,-6.679543,-0.4559698,-0.4281784,0.05197704,7940
18.06,-10.89863,0,0,0.1866055,-0.03808841,0.1213828,-6.796698,-0.3884897,-0.3731744,0.3198844,7952
18.08,-16.49285,0,0,0.1762069,-0.04567794,0.2129859,-6.141191,-0.4559698,-0.4132978,0.1012657,7952
18.1,-11.35347,0,0,0.1842692,-0.03486796,0.1671843,-6.28392,-0.3884897,-0.3677689,0.3782263,7936
18.12,-11.31996,0,0,0.1731036,-0.03539552,0.2129859,-5.83163,-0.3884897,-0.3574014,0.358547,7956
18.14,-12.40081,0,0,0.187036,-0.02076198,0.8389403,-5.565621,-0.3884897,-0.3529104,0.4179279,7936
18.16,-19.54316,0,0,0.1915232,-0.01213661,-0.3671672,-5.522184,-0.4559698,-0.4074784,0.1518081,7944
18.18,-14.01659,0,0,0.1978236,-0.006877974,0.2740546,-6.231167,-0.3884897,-0.3684722,0.3288571,7936
18.2,-19.17001,0,0,0.1952838,-0.01648065,-0.07709067,-6.145613,-0.4559698,-0.4136621,0.06102031,7964
18.22,-13.09697,0,0,0.1920259,-0.02155539,0.3198562,-6.591522,-0.3884897,-0.3716433,0.2484104,7944
18.24,-12.32077,0,0,0.1988259,-0.02245073,0.1671843,-6.291086,-0.3884897,-0.358476,0.3107402,7940
18.26,-18.83711,0,0,0.1832609,-0.02913655,0.01451245,-5.974708,-0.4559698,-0.4119036,0.01255566,7940
18.28,-19.13533,0,0,0.1886112,-0.02843387,0.1519171,-6.435852,-0.4559698,-0.4254845,0.009309947,7936
18.3,-12.09438,0,0,0.1911352,-0.03121629,-0.06182348,-6.774341,-0.3884897,-0.3736319,0.2646839,7948
18.32,-11.45335,0,0,0.1974779,-0.02901603,0.1824515,-6.303767,-0.3884897,-0.3576449,0.3485974,7952
18.34,-18.48385,0,0,0.2023528,-0.02049868,0.1366499,-5.945871,-0.4559698,-0.4074413,0.14122,7940
18.36,-19.27416,0,0,0.1996632,-0.01807018,0.1671843,-6.414744,-0.4559698,-0.4225998,0.07341874,7940
18.38,-12.46547,0,0,0.2047849,-0.01929461,0.1366499,-6.8163,-0.3884897,-0.3715361,0.3134261,7944
18.4,-11.86751,0,0,0.2067278,-0.02017067,0.04504682,-6.399734,-0.3884897,-0.3569352,0.35582,7952
18.42,-18.80767,0,0,0.2087669,-0.0153759,0.1061156,-6.073238,-0.4559698,-0.4075921,0.1258658,7948
18.44,-19.56201,0,0,0.2150321,-0.009872153,0.1671843,-6.577555,-0.4559698,-0.4214699,0.09413511,7940
18.46,-18.70813,0,0,0.2078196,-0.02022085,0.07558119,-6.97201,-0.4559698,-0.4268414,0.03327852,7944
18.48,-11.61403,0,0,0.2054494,-0.02825135,0.1519171,-7.13173,-0.3884897,-0.3729405,0.2790009,7956
18.5,-11.02496,0,0,0.1915163,-0.03655645,0.1213828,-6.478029,-0.3884897,-0.3589854,0.2896158,7952
18.52,-18.06798,0,0,0.1989524,-0.02784871,0.1061156,-6.006455,-0.4559698,-0.4080243,0.1199288,7936
18.54,-18.99545,0,0,0.2018791,-0.02037561,0.09084838,-6.416454,-0.4559698,-0.4217995,0.09223241,7940
18.56,-12.33373,0,0,0.2027467,-0.02113383,0.1824515,-6.782608,-0.3884897,-0.3712319,0.315742,7952
18.58,-23.82589,0,0,0.2058667,-0.02653974,0.1366499,-6.373128,-0.5234499,-0.4660737,-0.1186792,7948
18.6,-18.17087,0,0,0.2113289,-0.02442047,0.1519171,-7.270462,-0.4559698,-0.4363266,0.09005606,7932
18.62,-10.22766,0,0,0.188554,-0.04333681,-1.191595,-7.226899,-0.3884897,-0.3761243,0.2726057,7940
18.64,-9.917763,0,0,0.2006582,-0.03758053,0.8542075,-6.420331,-0.3884897,-0.3557371,0.4227489,7944
18.66,-17.50067,0,0,0.1938238,-0.02910222,0.1061156,-5.840563,-0.4559698,-0.4061054,0.1782699,7940
18.68,-18.74288,0,0,0.1979728,-0.01977779,-0.03128911,-6.236547,-0.4559698,-0.4205088,0.1433738,7932
18.7,-18.18252,0,0,0.1905345,-0.02739763,0.09084838,-6.608987,-0.4559698,-0.4264309,0.07696766,7940
18.72,-17.22483,0,0,0.1861081,-0.03829779,-0.01602192,-6.785244,-0.4559698,-0.4280408,0.06406116,7952
18.74,-10.4189,0,0,0.1832428,-0.04325968,0.1061156,-6.78732,-0.3884897,-0.3728136,0.3273364,7948
18.76,-10.27003,0,0,0.1831926,-0.04033281,0.1824515,-6.0976,-0.3884897,-0.3566131,0.3993906,7944
18.78,-17.74903,0,0,0.1925285,-0.02594303,0.3503905,-5.656179,-0.4559698,-0.4057936,0.2142062,7936
18.8,-18.97047,0,0,0.2004346,-0.01433745,0.2740546,-6.146629,-0.4559698,-0.4198078,0.1776718,7924
18.82,-18.45359,0,0,0.2002978,-0.01851825,0.06031401,-6.60129,-0.4559698,-0.4249766,0.1246641,7940
18.84,-17.50801,0,0,0.19094,-0.03219879,0.2129859,-6.824393,-0.4559698,-0.4276401,0.07118326,7952
18.86,-16.75159,0,0,0.2006908,-0.0349326,0.04504682,-6.89939,-0.4559698,-0.425605,0.1362265,7948
18.88,-10.40612,0,0,0.2044169,-0.03157444,0.09084838,-6.875835,-0.3884897,-0.3689957,0.4173191,7944
18.9,-10.68664,0,0,0.2094509,-0.02254274,0.07558119,-6.23311,-0.3884897,-0.3526855,0.483444,7952
18.92,-18.41809,0,0,0.2174807,-0.007630244,0.1519171,-5.865332,-0.4559698,-0.4030393,0.2589671,7952
18.94,-19.54763,0,0,0.2059542,-0.008076459,0.07558119,-6.376542,-0.4559698,-0.420805,0.1160334,7924
18.96,-18.70102,0,0,0.2000764,-0.02047495,0.01451245,-6.81524,-0.4559698,-0.4271448,0.04682863,7952
18.98,-11.55179,0,0,0.1989752,-0.02933891,0.2893218,-7.008032,-0.3884897,-0.3732939,0.2907044,7952
19,-16.94543,0,0,0.1871502,-0.04021069,-0.0007547362,-6.382588,-0.4559698,-0.4137585,0.06445676,7948
19.02,-17.57899,0,0,0.1852958,-0.03944562,0.1061156,-6.502279,-0.4559698,-0.4241686,0.06523639,7940
19.04,-23.21582,0,0,0.1978535,-0.03727804,0.1213828,-6.687468,-0.5234499,-0.4793058,-0.1058043,7948
19.06,-16.53257,0,0,0.2029956,-0.03744049,-0.0007547362,-7.390179,-0.4559698,-0.4384986,0.1406437,7932
19.08,-14.84128,0,0,0.1782006,-0.05745899,-0.9167854,-7.112416,-0.4559698,-0.4299155,0.09749269,7948
19.1,-8.709316,0,0,0.1948271,-0.04741403,0.7626044,-6.788506,-0.3884897,-0.3681327,0.4856421,7940
19.12,-15.4099,0,0,0.1782194,-0.0460781,-0.01602192,-5.915287,-0.4559698,-0.4083699,0.2363918,7956
19.14,-11.14281,0,0,0.1998459,-0.0216454,0.6099325,-6.066285,-0.3884897,-0.3621104,0.5427847,7932
19.16,-11.62994,0,0,0.1816157,-0.02164219,0.02977964,-5.693459,-0.3884897,-0.3543191,0.4427963,7928
19.18,-18.86625,0,0,0.1958825,-0.01129103,-0.04655629,-5.540727,-0.4559698,-0.4060641,0.2239209,7936
19.2,-13.4916,0,0,0.1821007,-0.01491822,0.4267263,-6.130999,-0.3884897,-0.3694417,0.3107532,7932
19.22,-12.60779,0,0,0.1747805,-0.02600449,-0.07709067,-5.958848,-0.3884897,-0.3607493,0.2762471,7944
19.24,-12.91726,0,0,0.1822844,-0.02292679,0.3656577,-5.77163,-0.3884897,-0.3568269,0.3110067,7948
19.26,-13.44875,0,0,0.1769775,-0.02202085,0.04504682,-5.664656,-0.3884897,-0.3570811,0.2723261,7932
19.28,-13.93826,0,0,0.1898753,-0.01326079,0.1519171,-5.683696,-0.3884897,-0.3558119,0.3056508,7952
19.3,-20.40029,0,0,0.197902,-0.009017557,0.9000088,-5.77804,-0.4559698,-0.4101531,0.05981153,7944
19.32,-14.36415,0,0,0.1988358,-0.01009791,-0.2297625,-6.493246,-0.3884897,-0.3711751,0.231786,7952
19.34,-19.25009,0,0,0.2027452,-0.01825473,0.3809245,-6.375731,-0.4559698,-0.414519,0.0185082,7956
19.36,-13.05518,0,0,0.19052,-0.02698848,-0.2908313,-6.748601,-0.3884897,-0.3729889,0.1864191,7940
19.38,-18.05771,0,0,0.1804133,-0.04034411,-0.6572433,-6.344584,-0.4559698,-0.4165846,-0.03953928,7940
19.4,-12.16792,0,0,0.1858868,-0.0367167,0.6557342,-6.585526,-0.3884897,-0.3715745,0.2426324,7940
19.42,-23.60304,0,0,0.175252,-0.04650719,-0.03128911,-6.133671,-0.5234499,-0.4695749,-0.2254264,7940
19.44,-11.75371,0,0,0.1910269,-0.0366286,0.3351234,-7.017721,-0.3884897,-0.3836293,0.3008493,7928
19.46,-21.95898,0,0,0.1512582,-0.06602974,-0.9473198,-6.312167,-0.5234499,-0.4747533,-0.2648544,7932
19.48,-10.10203,0,0,0.1752442,-0.05436499,0.9610775,-6.918116,-0.3884897,-0.384106,0.3440643,7924
19.5,-20.81668,0,0,0.1447219,-0.07346699,-0.4740371,-6.052785,-0.5234499,-0.4722749,-0.162514,7936
19.52,-15.59962,0,0,0.1772474,-0.05377077,0.5946653,-6.637705,-0.4559698,-0.435099,0.2288382,7932
19.54,-8.442644,0,0,0.1465269,-0.06552321,-0.1992282,-6.414466,-0.3884897,-0.3748327,0.3836711,7936
19.56,-8.778881,0,0,0.1704789,-0.04811203,0.06031401,-5.603555,-0.3884897,-0.3535314,0.5705824,7936
19.58,-16.9954,0,0,0.1859694,-0.0230976,0.9305434,-5.153193,-0.4559698,-0.4016694,0.3828822,7944
19.6,-18.60722,0,0,0.1760087,-0.01778593,-0.4587703,-5.666696,-0.4559698,-0.4195868,0.2268597,7932
19.62,-18.15834,0,0,0.183137,-0.02113935,0.3961921,-6.194394,-0.4559698,-0.4249545,0.1840626,7940
19.64,-11.17641,0,0,0.1684587,-0.03580781,0.02977964,-6.452472,-0.3884897,-0.3740698,0.3312052,7948
19.66,-10.60375,0,0,0.1720348,-0.03870723,0.02977964,-5.922334,-0.3884897,-0.3584894,0.3929377,7948
19.68,-17.66677,0,0,0.1717148,-0.03424086,0.3198562,-5.515331,-0.4559698,-0.4089571,0.1606945,7948
19.7,-18.55815,0,0,0.1796006,-0.02677571,0.8694746,-5.982809,-0.4559698,-0.4224923,0.1395869,7932
19.72,-11.9022,0,0,0.1827867,-0.02717087,-0.519839,-6.39019,-0.3884897,-0.3716945,0.3604227,7940
19.74,-11.46926,0,0,0.1947221,-0.02239461,0.5488637,-6.02127,-0.3884897,-0.3559846,0.4336483,7952
19.76,-12.41151,0,0,0.1788583,-0.02335743,-0.1686933,-5.689284,-0.3884897,-0.3549299,0.3502179,7948
19.78,-19.35844,0,0,0.1887855,-0.01670045,0.2282531,-5.597212,-0.4559698,-0.4086577,0.1250207,7956
19.8,-19.68999,0,0,0.182633,-0.02111167,0.07558119,-6.224556,-0.4559698,-0.4254754,0.0241586,7948
19.82,-18.43437,0,0,0.1865407,-0.0307854,0.06031401,-6.685535,-0.4559698,-0.4292312,0.02179587,7952
19.84,-11.16537,0,0,0.1840796,-0.03932604,0.2282531,-6.848851,-0.3884897,-0.3746436,0.2746561,7956
19.86,-16.49092,0,0,0.1669293,-0.05244298,0.02977964,-6.176791,-0.4559698,-0.4155118,0.03796941,7940
19.88,-23.17255,0,0,0.1769344,-0.04804216,0.2587874,-6.296886,-0.5234499,-0.4786269,-0.1392283,7944
19.9,-16.44505,0,0,0.1694302,-0.05404377,0.1061156,-7.027386,-0.4559698,-0.4418192,0.05765218,7936
19.92,-8.435133,0,0,0.147205,-0.0723519,-0.962587,-6.762339,-0.3884897,-0.3785387,0.2873952,7936
19.94,-8.340158,0,0,0.1553529,-0.06493534,0.9458106,-5.790379,-0.3884897,-0.3574573,0.448342,7936
19.96,-10.1994,0,0,0.1550648,-0.04673932,0.2587874,-5.134736,-0.3884897,-0.3518526,0.4872636,7932
19.98,-17.99498,0,0,0.1538448,-0.03426343,-0.07709067,-4.895674,-0.4559698,-0.407154,0.2130694,7936
20,-18.85797,0,0,0.1565156,-0.02979444,0.1366499,-5.537831,-0.4559698,-0.423889,0.1358898,7936
20.02,-17.85263,0,0,0.1528329,-0.04088325,-0.01602192,-6.044741,-0.4559698,-0.429754,0.07407093,7936
20.04,-16.7108,0,0,0.163771,-0.04639874,0.09084838,-6.307221,-0.4559698,-0.4287884,0.1245996,7948
20.06,-9.859375,0,0,0.1525912,-0.05512484,0.06031401,-6.326971,-0.3884897,-0.3745003,0.3406453,7944
20.08,-15.72439,0,0,0.16316,-0.05094332,0.2282531,-5.678898,-0.4559698,-0.4115808,0.2143842,7948
20.1,-10.96358,0,0,0.1743729,-0.03410485,0.2435202,-5.867288,-0.3884897,-0.3657468,0.4801388,7932
20.12,-23.26413,0,0,0.1724097,-0.0340457,0.1061156,-5.524264,-0.5234499,-0.4643278,-0.01513708,7940
20.14,-17.69406,0,0,0.1629146,-0.03983607,0.06031401,-6.508211,-0.4559698,-0.4388987,0.09543949,7948
20.16,-15.40408,0,0,0.1278,-0.07311991,-0.9778546,-6.499835,-0.4559698,-0.4361582,-0.02044231,7952
20.18,-20.48478,0,0,0.1527281,-0.07327865,0.7473372,-6.325398,-0.5234499,-0.483005,-0.0657357,7944
20.2,-8.113662,0,0,0.1489967,-0.07020949,0.3351234,-6.700033,-0.3884897,-0.3855417,0.4281808,7920
20.22,-13.35742,0,0,0.1419979,-0.07272048,-0.7335792,-5.684897,-0.4559698,-0.4135396,0.2696126,7932
20.24,-15.14503,0,0,0.1629332,-0.04975019,1.098482,-5.596486,-0.4559698,-0.4179222,0.3667397,7940
20.26,-15.76052,0,0,0.1492573,-0.04824176,-0.1534266,-5.688948,-0.4559698,-0.4229652,0.272299,7928
20.28,-15.89891,0,0,0.1676162,-0.0393872,0.09084838,-5.864866,-0.4559698,-0.4222952,0.325066,7924
20.3,-21.91949,0,0,0.1634114,-0.04411035,0.4419934,-5.994047,-0.5234499,-0.4784213,0.03212321,7936
20.32,-21.53256,0,0,0.1698071,-0.0487568,-0.01602192,-6.705731,-0.5234499,-0.4928774,0.01085585,7924
20.34,-13.80026,0,0,0.1580009,-0.06508324,-0.2908313,-7.099846,-0.4559698,-0.4429531,0.2079072,7948
20.36,-6.699945,0,0,0.1772353,-0.05842952,0.4114593,-6.620986,-0.3884897,-0.3695328,0.6184357,7932
20.38,-7.89091,0,0,0.1766295,-0.04353876,0.2282531,-5.583857,-0.3884897,-0.3495512,0.6766776,7932
20.4,-10.62245,0,0,0.1849449,-0.01776028,1.052681,-5.042313,-0.3884897,-0.345054,0.6799204,7936
20.42,-25.08883,0,0,0.2077881,0.005514629,1.006879,-5.044358,-0.5234499,-0.4536722,0.1895581,7932
20.44,-26.08574,0,0,0.2116813,0.006131835,-0.3671672,-6.530401,-0.5234499,-0.4869057,1.633167e-05,7952
20.46,-17.29653,0,0,0.167963,-0.03934793,-2.168694,-7.494148,-0.4559698,-0.4487655,-0.03543735,7960
20.48,-8.021026,0,0,0.1206681,-0.08947573,-2.443504,-7.091375,-0.3884897,-0.3865757,0.1062545,7948
20.5,-13.11578,0,0,0.1150106,-0.1019887,0.1061156,-5.854988,-0.4559698,-0.4194789,0.03771508,7944
20.52,-8.509474,0,0,0.1393905,-0.07424238,2.075582,-5.603116,-0.3884897,-0.3675525,0.4718423,7936
20.54,-9.508821,0,0,0.1502061,-0.04990055,0.4267263,-5.009208,-0.3884897,-0.3527204,0.5659556,7928
20.56,19.15551,0,0,0.08634872,-0.05279496,0.5030622,-4.514584,-0.05108929,-0.0870578,1.474382,7940
20.58,75.94395,0,0,0.2160462,0.07529245,2.258788,-1.583536,0.6237106,0.5508109,4.568179,7912
20.6,62.37679,0,0,0.2623104,0.2364297,6.930545,5.937936,0.6237106,0.7169881,4.763134,7864
20.62,246.0229,0,0,0.5311918,0.6569517,18.67101,8.975945,2.985511,2.686997,13.57528,7852
20.64,233.7971,0,0,0.8707827,1.195224,21.43437,28.49531,3.25543,3.437083,15.44646,7728
20.66,276.8303,0,0,1.353275,2.020832,37.87712,38.81822,4.60503,4.707219,19.67439,7696
20.68,195.3231,0,0,2.298224,3.048562,58.44201,47.07217,4.60503,5.050378,19.73285,7616
20.7,251.3379,0,0,3.714653,4.364617,62.8237,40.09156,6.29203,6.532815,25.44787,7644
20.72,231.2548,0,0,5.009903,5.538327,64.59469,37.00933,7.03431,7.500402,26.20557,7524
20.74,188.2049,0,0,6.01588,6.490892,45.98399,29.66,7.64163,8.154131,23.80141,7496
20.76,78.00186,0,0,6.787353,7.102168,48.1214,17.79415,7.37171,7.979502,16.68302,7460
20.78,9.654022,0,0,7.143041,7.238566,11.75497,-2.569849,7.30423,7.709919,8.527017,7464
20.8,102.3638,0,0,6.930616,6.830958,-14.06183,-22.46338,8.58635,8.485918,4.414917,7480
20.82,162.2323,0,0,6.128426,5.980854,-40.8252,-23.9372,9.19367,8.994067,-1.338401,7392
20.84,222.4877,0,0,5.051837,5.080935,-53.45115,-15.504,9.86847,9.51154,-5.500494,7348
20.86,161.5753,0,0,4.531612,4.579421,-21.68015,-2.06557,9.26115,9.114165,-9.940984,7312
20.88,114.6753,0,0,4.467325,4.497348,-1.176328,1.056374,8.92375,8.745159,-11.54222,7360
20.9,192.1843,0,0,4.817632,4.716226,20.18246,-2.472358,9.86847,9.465581,-6.979144,7380
20.92,163.3761,0,0,5.014472,4.898583,1.953444,2.362149,9.598551,9.454683,-7.229539,7316
20.94,145.951,0,0,4.769179,4.886048,-5.206864,3.278593,9.598551,9.384494,-9.191592,7344
20.96,130.5098,0,0,5.049213,5.033196,12.83895,1.335642,9.531071,9.334908,-9.015708,7348
20.98,125.259,0,0,5.029686,5.035727,-2.199229,-1.528949,9.531071,9.294069,-10.06474,7356
21,143.0619,0,0,5.068586,5.015689,-0.7488468,-4.06638,9.73351,9.438704,-9.894102,7368
21.02,150.8243,0,0,4.935328,4.907228,-7.924421,-3.574019,9.80099,9.505652,-10.59991,7324
21.04,66.38849,0,0,4.818837,4.77087,-5.60381,-2.183498,8.85627,8.741991,-14.58562,7348
21.06,189.5405,0,0,4.8083,4.731521,-0.4587703,-9.599285,10.20587,9.633531,-10.18489,7384
21.08,113.4137,0,0,4.78779,4.632802,-1.344267,-2.095123,9.19367,9.066303,-13.03465,7304
21.1,142.8023,0,0,4.534276,4.534793,-21.78702,-4.015782,9.598551,9.209766,-12.69429,7372
21.12,174.8354,0,0,4.602413,4.538147,15.64811,-2.446743,9.86847,9.493282,-10.84291,7360
21.14,82.46848,0,0,4.713022,4.606073,-4.977856,1.441222,8.85627,8.774153,-13.47399,7332
21.16,109.2777,0,0,4.470982,4.508721,-2.168694,-4.633829,9.19367,8.811174,-13.68215,7376
21.18,39.67972,0,0,4.733218,4.500866,8.701538,-6.74827,8.24895,8.109487,-15.49639,7380
21.2,57.2168,0,0,4.592661,4.341769,-11.46641,-14.79613,8.31643,7.963048,-15.89114,7424
21.22,133.4358,0,0,4.294318,4.025652,-9.802284,-17.43557,8.85627,8.346472,-14.38325,7428
21.24,108.9328,0,0,3.899392,3.675522,-25.29848,-10.298,8.31643,8.004761,-16.13801,7388
21.26,62.35153,0,0,3.171292,3.203996,-28.33664,-5.905646,7.64163,7.310793,-19.84011,7420
21.28,107.6071,0,0,3.181985,3.080506,5.98398,-7.504266,7.91155,7.414562,-16.66166,7464
21.3,161.3575,0,0,3.183208,3.063394,-4.687779,-3.895904,8.24895,7.775687,-13.01611,7440
21.32,200.2807,0,0,3.02659,3.086502,-0.3824344,4.440396,8.58635,8.165727,-10.2797,7408
21.34,100.3612,0,0,3.440895,3.446786,19.4649,12.68929,7.57415,7.53747,-10.49022,7420
21.36,115.954,0,0,3.903771,3.924857,27.38857,6.68806,7.97903,7.7456,-7.358666,7460
21.38,51.5545,0,0,4.295019,4.217917,12.99162,2.932435,7.30423,7.277096,-8.768775,7428
21.4,-40.2608,0,0,4.119474,4.084414,-14.62671,-5.806267,6.29203,6.266919,-14.47843,7472
21.42,4.784088,0,0,4.085571,3.8212,-7.573277,-20.75652,6.561951,6.206928,-14.54825,7532
21.44,-5.441681,0,0,3.448147,3.1358,-37.16107,-24.33317,5.95463,5.639745,-18.69083,7532
21.46,74.89728,0,0,2.480827,2.287818,-46.18397,-24.74366,6.35951,5.751566,-19.32579,7556
21.48,169.1364,0,0,1.95025,1.743991,-33.06947,-15.01338,6.89935,6.261582,-15.72841,7536
21.5,108.5052,0,0,1.3549,1.390823,-24.26031,2.81797,5.95463,5.656006,-17.21564,7488
21.52,136.9029,0,0,1.824338,1.778015,23.12902,7.444247,6.29203,5.919027,-10.74144,7552
21.54,133.323,0,0,2.408169,2.358057,27.96872,11.64724,6.29203,6.10081,-6.203831,7532
21.56,26.08539,0,0,2.846738,2.854241,24.73208,12.56021,5.27983,5.371791,-7.570069,7528
21.58,125.6434,0,0,3.308843,3.300124,22.45727,0.9551994,6.561951,6.239047,-2.239383,7608
21.6,49.42139,0,0,3.540395,3.452297,6.945813,2.398654,5.684711,5.757431,-5.080725,7512
21.62,38.78432,0,0,3.250653,3.315111,-13.03893,-3.610936,5.684711,5.547691,-7.829226,7568
21.64,40.6492,0,0,3.516542,3.301817,9.541233,-9.39574,5.61723,5.471042,-7.621013,7576
21.66,82.62648,0,0,3.148402,3.015321,-23.29847,-12.00092,5.95463,5.667452,-8.351746,7568
21.68,97.47383,0,0,2.743448,2.666423,-10.65725,-8.249302,5.95463,5.684689,-9.444422,7536
21.7,105.2131,0,0,2.477518,2.453028,-15.61908,-3.367838,5.95463,5.687296,-9.472146,7568
21.72,114.7282,0,0,2.383355,2.405352,1.831307,1.025389,6.02211,5.762111,-8.437726,7560
21.74,112.4366,0,0,2.586793,2.579097,9.602302,4.373284,6.02211,5.833055,-6.610564,7580
21.76,98.03618,0,0,2.789227,2.810081,10.83894,5.740012,5.95463,5.824449,-5.696708,7560
21.78,88.45218,0,0,2.995263,3.02683,9.93818,4.531345,5.95463,5.834383,-5.140344,7552
21.8,81.51691,0,0,3.144367,3.167764,7.892378,2.254982,5.95463,5.835097,-5.170122,7548
21.82,-12.77327,0,0,3.224743,3.181242,3.144284,-0.338869,4.94243,5.00442,-9.217033,7544
21.84,74.82448,0,0,3.232958,3.122331,1.251154,-11.55692,5.887151,5.532156,-6.910142,7620
21.86,107.5352,0,0,3.123648,2.9296,-6.489306,-9.828222,6.02211,5.776217,-6.643589,7568
21.88,16.75143,0,0,2.560803,2.544364,-32.48931,-3.819407,4.94243,4.90057,-12.34288,7560
21.9,114.6665,0,0,2.215137,2.276403,-2.443504,-7.79649,5.95463,5.466115,-9.666988,7600
21.92,133.663,0,0,2.460355,2.319304,7.846576,-1.111173,5.95463,5.703432,-6.810699,7564
21.94,128.0921,0,0,2.250391,2.341305,-16.45878,5.845096,5.95463,5.7537,-6.645659,7548
21.96,115.4862,0,0,2.637254,2.672896,25.80078,8.833154,5.95463,5.83068,-4.433472,7564
21.98,105.5224,0,0,2.955,3.021141,12.94581,8.543371,6.02211,5.929289,-3.213743,7564
22,85.19205,0,0,3.15646,3.2532,14.68627,6.637309,5.95463,5.892301,-3.597795,7540
22.02,73.009,0,0,3.497761,3.486187,13.20536,2.260755,5.95463,5.894603,-3.478142,7584
22.04,66.47237,0,0,3.517939,3.506936,0.8389403,-2.042626,5.95463,5.858515,-4.870156,7528
22.06,-24.2653,0,0,3.485881,3.376957,-2.993122,-5.592391,4.94243,4.999781,-9.768122,7556
22.08,98.39944,0,0,3.348865,3.182175,-6.886253,-16.59917,6.22455,5.779741,-6.866074,7624
22.1,38.33572,0,0,3.136376,2.860495,-7.55801,-10.93941,5.27983,5.214773,-10.45261,7532
22.12,73.74115,0,0,2.619494,2.508348,-33.34427,-11.64917,5.61723,5.286042,-11.01463,7624
22.14,94.61594,0,0,2.123148,2.111352,-0.8404495,-7.012276,5.61723,5.277911,-11.62739,7596
22.16,142.1344,0,0,2.149804,2.080977,-6.260299,-1.685847,6.02211,5.665072,-8.138241,7580
22.18,138.8694,0,0,1.845853,2.019734,-6.855718,7.539499,5.95463,5.703041,-7.943359,7560
22.2,134.4812,0,0,2.166873,2.324145,10.80841,12.49873,6.02211,5.837537,-5.153054,7580
22.22,112.9474,0,0,2.492307,2.698868,20.18246,14.33481,5.95463,5.854987,-3.825058,7548
22.24,94.42444,0,0,3.019301,3.152129,21.86185,11.76448,5.95463,5.903031,-2.353635,7568
22.26,-11.93698,0,0,3.388016,3.434614,19.67864,6.876447,4.94243,5.097663,-5.943589,7556
22.28,-18.55495,0,0,3.621009,3.518034,7.266424,-7.91415,4.94243,4.863418,-7.209154,7608
22.3,9.746582,0,0,3.195772,3.075901,-25.83282,-17.28714,5.009911,4.768084,-10.10968,7600
22.32,66.98018,0,0,2.389221,2.336703,-39.54275,-18.22795,5.27983,4.871992,-12.24171,7616
22.34,134.6891,0,0,1.743952,1.734166,-34.24504,-10.93741,5.684711,5.209311,-11.46027,7608
22.36,151.8593,0,0,1.323808,1.433383,-11.1458,2.189537,5.684711,5.322671,-10.30733,7580
22.38,147.8891,0,0,1.552028,1.668758,12.21299,12.16839,5.684711,5.448887,-6.806363,7564
22.4,123.075,0,0,2.230196,2.295679,32.60994,16.44074,5.61723,5.539672,-2.98406,7576
22.42,96.53641,0,0,2.911282,2.971767,33.03743,14.64142,5.61723,5.622628,-0.6603196,7560
22.44,72.46388,0,0,3.384403,3.449944,23.48017,9.173264,5.61723,5.64438,-0.4825174,7580
22.46,-34.53706,0,0,3.688322,3.653584,11.95345,1.957323,4.60503,4.803696,-5.160518,7572
22.48,-36.62405,0,0,3.637722,3.508998,-4.412969,-13.63223,4.60503,4.513664,-8.043871,7632
22.5,27.40462,0,0,3.265805,3.011769,-23.26794,-23.11267,5.009911,4.698944,-9.36708,7632
22.52,87.28941,0,0,2.299518,2.186034,-49.63436,-20.04124,5.27983,4.864432,-11.79556,7592
22.54,145.622,0,0,1.46719,1.507755,-33.64962,-9.258708,5.61723,5.14369,-11.72296,7592
22.56,68.20667,0,0,1.208792,1.272539,-6.153429,4.731989,4.60503,4.452318,-13.24668,7568
22.58,63.92876,0,0,1.606153,1.575096,23.00689,5.217474,4.60503,4.381266,-9.525104,7636
22.6,71.67499,0,0,2.136518,2.003768,23.48017,3.53424,4.67251,4.509177,-5.867128,7652
22.62,63.91698,0,0,2.235555,2.206646,2.976346,2.759842,4.60503,4.489039,-5.423544,7620
22.64,54.92471,0,0,2.372344,2.342616,5.144285,0.9956768,4.53755,4.435358,-5.216211,7640
22.66,67.05206,0,0,2.317738,2.337019,-3.22213,-0.9770156,4.67251,4.509883,-5.273828,7640
22.68,75.71036,0,0,2.322708,2.31766,-2.229764,-1.070825,4.73999,4.583628,-5.075172,7644
22.7,70.49582,0,0,2.198312,2.242233,-3.542741,0.09090349,4.67251,4.531001,-5.826902,7632
22.72,-26.12396,0,0,2.239088,2.203298,0.1824515,0.1529862,3.592831,3.652413,-9.432897,7644
22.74,-21.08684,0,0,2.256341,2.130759,0.7473372,-9.617267,3.592831,3.419898,-9.770187,7704
22.76,4.888947,0,0,2.147759,1.894012,-10.56564,-15.28398,3.592831,3.359073,-9.87078,7708
22.78,159.3307,0,0,1.544988,1.459419,-33.78703,-14.522,5.009911,4.440018,-6.226528,7692
22.8,172.5394,0,0,1.072695,1.149491,-23.74122,3.104749,4.94243,4.671781,-5.787875,7620
22.82,38.97362,0,0,0.7279477,1.069061,-5.558008,17.15601,3.592831,3.636623,-10.0011,7628
22.84,119.2557,0,0,1.309671,1.53904,33.66338,11.51637,4.67251,4.339605,-3.009368,7676
22.86,115.9318,0,0,2.113201,2.142507,35.83132,13.4696,4.67251,4.635257,0.8485287,7624
22.88,175.7347,0,0,2.28338,2.541352,2.197719,13.81554,5.61723,5.451877,3.842915,7632
22.9,154.7151,0,0,2.684001,2.966344,27.75498,18.82513,5.684711,5.729416,4.463377,7564
22.92,19.32281,0,0,2.979765,3.306833,10.74734,18.93445,4.60503,4.897642,-0.5186071,7580
22.94,-2.378464,0,0,3.397187,3.572075,33.03743,3.995783,4.67251,4.70888,-1.916116,7632
22.96,-0.9127197,0,0,3.852805,3.671173,17.96872,-9.547379,4.67251,4.663382,-2.798632,7648
22.98,34.48566,0,0,3.450265,3.278185,-26.24504,-17.32943,4.94243,4.768632,-5.668887,7636
23,3.182449,0,0,2.429018,2.427174,-51.31375,-15.99852,4.335111,4.16187,-12.63228,7612
23.02,15.90407,0,0,2.046678,1.873934,-18.71832,-16.90318,4.20015,3.896918,-13.70244,7672
23.04,84.09105,0,0,1.498539,1.369765,-27.89389,-14.43013,4.60503,4.147643,-12.51137,7668
23.06,20.45094,0,0,1.131549,1.01954,-19.64962,-4.740595,3.592831,3.42448,-14.66849,7636
23.08,64.97466,0,0,0.7867215,0.8212832,-11.54274,-3.578457,3.93023,3.522271,-12.48817,7696
23.1,84.15271,0,0,1.193226,1.029896,17.5107,0.6632563,3.93023,3.676131,-7.968052,7684
23.12,92.58044,0,0,1.176846,1.193768,-6.932054,5.421856,3.99771,3.796717,-6.019532,7664
23.14,82.66676,0,0,1.241985,1.377184,11.5565,9.207297,3.93023,3.794833,-4.865509,7700
23.16,74.00281,0,0,1.572287,1.688349,9.739706,9.741248,3.93023,3.841128,-3.039107,7672
23.18,70.81107,0,0,1.775585,1.929401,12.64047,8.542881,3.99771,3.917286,-2.226839,7676
23.2,56.3059,0,0,2.011274,2.12986,9.434362,6.663215,3.93023,3.891947,-2.128056,7676
23.22,48.60542,0,0,2.176039,2.257875,8.335126,3.401346,3.93023,3.880721,-2.398558,7700
23.24,44.91387,0,0,2.255869,2.292777,1.92291,0.1704166,3.93023,3.86431,-3.040398,7700
23.26,44.31419,0,0,2.266185,2.255916,0.3961921,-2.404658,3.93023,3.844386,-3.801496,7672
23.28,46.3109,0,0,2.181925,2.151384,-4.321367,-3.937164,3.93023,3.818541,-4.687003,7684
23.3,49.85442,0,0,2.108919,2.045764,-5.084725,-4.51598,3.93023,3.802664,-5.184642,7684
23.32,53.56561,0,0,2.031855,1.954512,-5.313733,-4.288822,3.93023,3.79409,-5.446028,7680
23.34,56.86494,0,0,1.945849,1.877407,-3.832817,-3.486456,3.93023,3.788407,-5.579398,7692
23.36,59.36678,0,0,1.895574,1.834963,-3.43587,-2.446545,3.93023,3.789751,-5.463036,7708
23.38,60.4761,0,0,1.904358,1.842377,-0.1992282,-1.506587,3.93023,3.800039,-5.096602,7700
23.4,66.32202,0,0,1.907587,1.866482,0.4725278,-0.7715091,3.99771,3.862175,-4.610997,7708
23.42,65.26514,0,0,1.915653,1.896724,0.09084838,0.2797849,3.99771,3.88137,-4.414734,7700
23.44,62.67004,0,0,1.946807,1.941926,0.6251997,0.7755492,3.99771,3.889585,-4.251235,7704
23.46,60.19772,0,0,1.96936,1.978052,1.037414,0.763072,3.99771,3.890823,-4.240234,7712
23.48,58.39359,0,0,1.994439,2.003868,0.5946653,0.4201066,3.99771,3.88996,-4.277812,7684
23.5,45.19215,0,0,2.020945,2.015766,0.5030622,-0.0882212,3.86275,3.77966,-4.813176,7708
23.52,57.36503,0,0,2.012437,2.003691,-0.04655629,-1.732582,3.99771,3.854171,-4.583649,7708
23.54,59.91737,0,0,2.020168,1.9858,0.01451245,-1.614004,3.99771,3.875833,-4.560342,7712
23.56,53.76968,0,0,2.011835,1.974726,-0.962587,-1.253186,3.93023,3.826533,-4.837008,7716
23.58,59.17961,0,0,2.036088,1.988029,0.3961921,-1.692536,3.99771,3.871655,-4.530856,7696
23.6,53.33735,0,0,2.045861,1.99266,0.2587874,-1.476357,3.93023,3.829779,-4.736928,7672
23.62,58.57658,0,0,2.060583,2.004704,0.2435202,-1.960589,3.99771,3.873992,-4.502504,7672
23.64,58.69887,0,0,2.068969,2.010069,0.4114593,-1.781257,3.99771,3.885916,-4.49264,7684
23.66,57.78614,0,0,2.065817,2.013106,0.3351234,-1.643035,3.99771,3.88716,-4.555709,7680
23.68,56.9738,0,0,2.069185,2.017472,0.5793981,-1.654323,3.99771,3.886527,-4.598303,7688
23.7,50.47267,0,0,2.067546,2.014391,-0.1992282,-1.74776,3.93023,3.829969,-4.905165,7680
23.72,50.47685,0,0,2.082585,2.01532,0.2740546,-2.509242,3.93023,3.816028,-4.918519,7708
23.74,57.85287,0,0,2.081217,2.005825,0.1977187,-3.006777,3.99771,3.866654,-4.714604,7692
23.76,58.88079,0,0,2.078768,1.998158,0.04504682,-2.581368,3.99771,3.881185,-4.678257,7684
23.78,46.24127,0,0,2.074891,1.994581,0.04504682,-2.192443,3.86275,3.775777,-5.150658,7688
23.8,52.05814,0,0,2.072912,1.992173,0.09084838,-3.199434,3.93023,3.801526,-4.974178,7700
23.82,54.44131,0,0,2.050015,1.966951,-1.298465,-3.216583,3.93023,3.806545,-5.016321,7688
23.84,61.76472,0,0,2.0225,1.946299,-0.3671672,-2.893794,3.99771,3.861711,-4.791747,7692
23.86,62.01587,0,0,2.032844,1.954539,-0.09235785,-1.957881,3.99771,3.881603,-4.599601,7688
23.88,60.29379,0,0,2.04451,1.979353,1.037414,-1.343958,3.99771,3.889076,-4.491459,7708
23.9,46.51807,0,0,2.041318,1.989906,0.2893218,-1.121866,3.86275,3.77909,-5.011836,7676
23.92,57.92173,0,0,2.056369,2.001877,0.5183294,-2.402032,3.99771,3.858862,-4.580745,7680
23.94,53.85383,0,0,2.035794,1.980143,-0.962587,-2.054263,3.93023,3.822316,-4.88916,7688
23.96,59.66123,0,0,2.050737,1.98539,0.8542075,-2.261703,3.99771,3.87048,-4.586136,7696
23.98,53.96387,0,0,2.032731,1.975401,-0.03128911,-1.769936,3.93023,3.826366,-4.870183,7676
24,47.35358,0,0,2.042128,1.977489,0.1366499,-2.047522,3.86275,3.761461,-5.08351,7696
24.02,54.1999,0,0,2.045661,1.974228,0.4419934,-2.905882,3.93023,3.799233,-4.858824,7696
24.04,62.17439,0,0,2.033586,1.960661,-0.5809073,-2.743535,3.99771,3.863848,-4.607251,7692
24.06,56.19759,0,0,2.039583,1.96411,0.5030622,-1.845722,3.93023,3.829568,-4.722665,7672
24.08,60.70998,0,0,2.035604,1.97609,0.3503905,-1.83618,3.99771,3.874148,-4.50314,7696
24.1,60.14674,0,0,2.04861,1.991386,-0.2144953,-1.413919,3.99771,3.887338,-4.433831,7688
24.12,58.4631,0,0,2.070922,2.0159,0.5335966,-1.257881,3.99771,3.892195,-4.38569,7680
24.14,51.12016,0,0,2.055181,2.014815,0.09084838,-1.296317,3.93023,3.833101,-4.790721,7680
24.16,56.82462,0,0,2.059747,2.013748,-0.1381594,-2.071931,3.99771,3.870633,-4.639569,7696
24.18,57.80003,0,0,2.067672,2.009444,-0.09235785,-2.03354,3.99771,3.881652,-4.625234,7692
24.2,57.63638,0,0,2.051622,1.999966,-0.2755641,-1.863089,3.99771,3.881985,-4.71295,7688
24.22,51.41472,0,0,2.044565,1.991876,-0.1992282,-1.749151,3.93023,3.826518,-4.989505,7688
24.24,51.48459,0,0,2.055704,1.992276,0.1671843,-2.331033,3.93023,3.813467,-4.971678,7684
24.26,82.78863,0,0,2.059156,1.999912,0.2435202,-2.690499,4.267631,4.084547,-3.746917,7684
24.28,82.25528,0,0,2.066175,2.023351,0.09084838,0.2158951,4.267631,4.15971,-3.54435,7656
24.3,-8.98674,0,0,2.053775,2.029666,1.32749,2.037268,3.32291,3.407667,-7.040708,7684
24.32,6.180786,0,0,2.178296,2.073709,6.167187,-6.316571,3.525351,3.379507,-6.42963,7728
24.34,-33.46582,0,0,2.308491,2.017178,-0.9167854,-10.7839,2.918031,2.899717,-8.143155,7704
24.36,-77.48229,0,0,1.93447,1.660085,-20.73359,-16.76824,2.243231,2.175733,-12.21606,7728
24.38,13.67912,0,0,1.624283,1.254241,-15.61908,-24.14291,2.918031,2.521858,-10.38426,7792
24.4,-1.612076,0,0,1.115977,0.7406152,-31.40534,-18.30128,2.31071,2.115571,-12.42165,7748
24.42,81.93645,0,0,0.5293472,0.3304283,-30.9626,-14.04561,2.985511,2.543761,-9.98606,7792
24.44,41.91522,0,0,0.5091829,0.2650229,2.701536,-2.583495,2.31071,2.192413,-9.166383,7728
24.46,-18.61424,0,0,0.439339,0.3319648,0.1519171,1.181663,1.63591,1.587694,-9.748333,7760
24.48,38.23592,0,0,1.12686,0.7911197,33.84659,-4.309383,2.243231,2.046607,-3.384239,7824
24.5,-16.24001,0,0,1.337644,1.01848,7.296957,-3.027418,1.568431,1.649847,-4.144794,7784
24.52,-78.26699,0,0,1.156751,0.9609101,-11.35954,-7.325443,0.89363,0.955346,-7.509836,7820
24.54,-29.38558,0,0,1.440017,1.003697,8.74734,-17.19707,1.298511,1.146035,-4.931709,7864
24.56,-35.35918,0,0,1.138647,0.7200642,-18.68778,-18.02869,0.9611101,0.8937494,-6.839856,7824
24.58,-80.53761,0,0,0.4499711,0.1789303,-31.80229,-17.21902,0.2188301,0.1575966,-11.37883,7876
24.6,12.34383,0,0,0.3412451,-0.07527617,-4.840451,-20.6647,0.9611101,0.6115085,-7.457685,7896
24.62,-41.77556,0,0,0.01482309,-0.3776531,-19.46641,-12.6219,0.0163908,-0.0125966,-9.55685,7864
24.64,26.18587,0,0,-0.3726615,-0.5896375,-15.17633,-11.47043,0.6237106,0.3143164,-6.907463,7920
24.66,-52.40321,0,0,-0.1180077,-0.5023634,11.75497,-4.535709,-0.4559698,-0.3719744,-6.990573,7856
24.68,-14.21445,0,0,-0.138681,-0.4014958,-3.848084,-7.79063,-0.05108929,-0.2044952,-4.376917,7936
24.7,-1.966546,0,0,0.2250545,-0.1772981,19.87711,-7.135489,-0.05108929,-0.08158365,-1.444936,7924
24.72,28.21616,0,0,0.2649844,-0.02973917,-1.680145,-5.615948,0.2863102,0.2345102,0.6159148,7924
24.74,26.84197,0,0,-0.06755149,-0.1100223,-9.832819,-0.6711887,0.2863102,0.2682761,-0.3022907,7884
24.76,13.06613,0,0,0.2002918,0.08238052,12.94581,1.763106,0.2188301,0.2698586,0.9974671,7864
24.78,-80.90794,0,0,0.3237329,0.2145049,7.144286,1.488025,-0.7258892,-0.49077,-2.083812,7912
24.8,-85.36269,0,0,0.6755219,0.39053,17.54124,-9.240844,-0.7258892,-0.6631961,-1.546475,7944
24.82,-77.49415,0,0,0.8436606,0.3779836,5.037415,-17.38542,-0.7933693,-0.7539044,-1.736616,7964
24.84,-54.17493,0,0,0.5624829,0.09655953,-16.61145,-21.22179,-0.7258892,-0.7645438,-2.898936,7952
24.86,-8.985618,0,0,-0.04503386,-0.3831903,-32.00077,-19.58876,-0.4559698,-0.6104912,-3.817935,7976
24.88,16.62107,0,0,-0.5861062,-0.8085278,-20.96259,-12.22119,-0.3884897,-0.538598,-4.112205,7944
24.9,62.79206,0,0,-0.9058475,-0.9963999,-14.55038,-3.617161,0.0163908,-0.1772157,-1.863263,7928
24.92,54.55544,0,0,-0.7068646,-0.788125,15.5107,6.312098,-0.05108929,-0.0586092,0.8292663,7924
24.94,41.22155,0,0,-0.3010479,-0.3232686,19.64811,10.89903,0.0163908,0.09187222,3.613383,7908
24.96,10.3608,0,0,0.3704543,0.2932946,37.77025,10.55119,-0.05108929,0.14283,5.755044,7904
24.98,-16.07578,0,0,0.9821749,0.8450096,28.09086,5.248088,-0.05108929,0.1811693,6.570627,7924
25,-126.4269,0,0,1.385829,1.133766,20.85421,-2.403732,-1.06329,-0.6461711,2.159343,7912
25.02,-102.7652,0,0,1.517231,1.12851,3.831308,-19.13394,-0.7258892,-0.6425526,0.9310416,7992
25.04,-80.7005,0,0,1.232204,0.7157057,-19.66488,-27.10366,-0.7258892,-0.709665,-1.850151,7972
25.06,-145.1289,0,0,0.4784581,-0.02213661,-39.1916,-28.02026,-1.738089,-1.640425,-8.810414,7964
25.08,3.178896,0,0,-0.3873655,-0.7963953,-43.25268,-32.33491,-0.4559698,-0.9167244,-6.880081,8016
25.1,-35.91072,0,0,-1.027997,-1.452579,-31.93969,-18.18913,-1.40069,-1.476176,-9.43518,7932
25.12,11.72776,0,0,-1.731979,-1.882618,-37.48168,-10.45224,-1.06329,-1.358491,-7.93041,7992
25.14,30.08034,0,0,-1.551914,-1.783469,24.25879,-0.789458,-1.06329,-1.205659,-3.423362,7960
25.16,33.4045,0,0,-1.242874,-1.39418,12.01452,6.636163,-0.9958096,-1.017227,0.7038677,7976
25.18,-14.11153,0,0,-1.220278,-1.120883,8.594668,11.68879,-1.40069,-1.289688,0.558283,7980
25.2,59.38438,0,0,-0.3470121,-0.4350893,42.44201,7.803742,-0.3884897,-0.4258803,7.960409,7988
25.22,34.81779,0,0,0.1920372,0.121417,20.74734,10.88206,-0.4559698,-0.2185477,9.290379,7936
25.24,2.222034,0,0,0.3093978,0.430194,5.663369,9.897827,-0.4559698,-0.2195966,7.733968,7944
25.26,-35.3089,0,0,0.8403869,0.7948067,28.10612,4.314562,-0.590929,-0.3174203,7.101303,7956
25.28,-34.66322,0,0,1.126976,0.9832914,11.96872,-4.142352,-0.3884897,-0.2080297,6.267755,7940
25.3,-52.82575,0,0,1.125597,0.9096251,1.098482,-9.810839,-0.5234499,-0.3443365,3.407617,7936
25.32,-46.36313,0,0,0.890537,0.6435509,-15.26793,-14.752,-0.4559698,-0.3920207,0.8738384,7932
25.34,-120.1879,0,0,0.5022583,0.2046682,-17.13053,-16.30242,-1.40069,-1.229021,-4.883056,7932
25.36,-72.93919,0,0,0.2026302,-0.1973807,-17.40534,-23.77712,-1.06329,-1.199725,-5.096681,7976
25.38,-34.05514,0,0,-0.1680914,-0.6394876,-18.56565,-22.77718,-0.9958096,-1.141203,-5.116378,7968
25.4,-22.4316,0,0,-0.6850646,-1.057959,-30.93206,-16.56583,-1.13077,-1.247801,-5.730998,7972
25.42,-4.6295,0,0,-1.252929,-1.425344,-23.68015,-9.491067,-1.13077,-1.292961,-5.731558,7988
25.44,19.67238,0,0,-1.208591,-1.406693,2.396193,-2.929548,-0.9958096,-1.119765,-2.426303,7968
25.46,-14.80033,0,0,-1.139519,-1.250246,7.556499,3.682827,-1.40069,-1.351703,-1.537483,7972
25.48,61.999,0,0,-0.8102428,-0.8798278,18.15192,3.720103,-0.4559698,-0.5875891,4.201537,7988
25.5,51.93968,0,0,-0.3818359,-0.4382849,21.44963,10.18802,-0.4559698,-0.3295735,6.605312,7920
25.52,-91.52078,0,0,-0.08674549,-0.06316425,15.6023,12.36969,-1.738089,-1.29896,2.466514,7924
25.54,-17.97135,0,0,0.4643695,0.3659368,29.73971,-2.28702,-0.6584091,-0.6618666,6.399649,7992
25.56,-28.26612,0,0,0.8561434,0.5634912,15.77024,-5.889365,-0.7933693,-0.5931877,5.989504,7968
25.58,-32.35535,0,0,0.7081442,0.4910238,-11.83282,-9.000808,-0.7258892,-0.5892742,3.74897,7952
25.6,-7.067232,0,0,0.1072161,0.08214077,-32.19924,-9.769999,-0.4559698,-0.4818556,0.9421802,7960
25.62,-114.1197,0,0,-0.1011756,-0.2466613,7.205354,-7.110763,-1.738089,-1.506584,-4.518474,7952
25.64,-101.2468,0,0,-0.0834371,-0.3967604,-3.512206,-16.09323,-1.670609,-1.703818,-4.377538,8008
25.66,-71.65875,0,0,-0.4044676,-0.76351,-13.13053,-19.81756,-1.670609,-1.774841,-5.023757,8012
25.68,-44.9752,0,0,-0.5708753,-1.032974,-16.45878,-18.69253,-1.670609,-1.765805,-4.14531,8012
25.7,-24.50246,0,0,-1.068872,-1.373375,-30.2603,-13.73689,-1.670609,-1.783704,-4.332908,8008
25.72,-7.041889,0,0,-1.628193,-1.719039,-14.61145,-6.656971,-1.670609,-1.81093,-4.408109,8036
25.74,87.3857,0,0,-1.544521,-1.635697,-0.2297625,-0.1716123,-0.7258892,-0.9752303,1.810908,8016
25.76,78.67654,0,0,-1.634083,-1.480054,1.449628,13.93553,-0.7933693,-0.7843135,3.399703,7972
25.78,58.16025,0,0,-1.314894,-1.019329,16.50307,21.51965,-0.7258892,-0.6290283,5.882295,7948
25.8,81.66634,0,0,-0.7124225,-0.3720732,38.70155,22.69771,-0.1185694,-0.04249494,10.10559,7960
25.82,15.74052,0,0,0.2294505,0.4228479,43.90766,22.94842,-0.4559698,-0.08801575,11.27307,7904
25.84,-27.30071,0,0,0.9120336,1.063043,30.73208,14.21848,-0.4559698,-0.1075428,10.72408,7944
25.86,-56.39999,0,0,1.664202,1.553381,36.93055,1.676865,-0.4559698,-0.1124663,9.885298,7936
25.88,-163.9459,0,0,1.995966,1.655848,12.06032,-10.85877,-1.46817,-0.9880748,3.560674,7956
25.9,-125.7358,0,0,1.720733,1.274866,-17.61908,-29.35724,-1.06329,-1.008895,0.01854929,8004
25.92,-59.97154,0,0,0.9340023,0.4308583,-43.78703,-35.46274,-0.7258892,-0.8613723,-3.479833,7988
25.94,6.705685,0,0,-0.04987979,-0.4843588,-50.21451,-29.78243,-0.3884897,-0.6322407,-5.420341,7968
25.96,24.27567,0,0,-0.5357299,-0.975936,-23.48168,-17.54374,-0.4559698,-0.6018818,-5.044459,7952
25.98,29.30077,0,0,-0.6855235,-1.039944,0.3503905,-6.989626,-0.4559698,-0.5393289,-2.989122,7948
26,22.25085,0,0,-0.3059627,-0.6769792,16.47253,-0.4676087,-0.4559698,-0.4251814,0.5947697,7944
26.02,6.686857,0,0,0.04792275,-0.2356014,17.58704,2.050128,-0.4559698,-0.3477448,2.746092,7960
26.04,-11.04808,0,0,0.4489489,0.1900497,17.83131,0.8681993,-0.4559698,-0.3001011,4.003342,7956
26.06,-25.56517,0,0,0.6272457,0.4227878,7.785507,-2.377603,-0.4559698,-0.3068079,3.565612,7948
26.08,-33.59225,0,0,0.6932022,0.4855319,-0.2908313,-6.290353,-0.4559698,-0.3382136,2.498408,7940
26.1,-112.495,0,0,0.5434928,0.3177327,-6.046558,-9.404766,-1.33321,-1.10525,-2.379842,7960
26.12,-19.26536,0,0,0.3685429,0.08791219,-8.412971,-18.8337,-0.3884897,-0.5757588,-0.6496912,8004
26.14,-83.79909,0,0,-0.07697829,-0.3758393,-25.66489,-14.44283,-1.40069,-1.294185,-5.442292,7928
26.16,-68.7782,0,0,-0.670407,-0.86268,-22.04656,-16.21156,-1.40069,-1.532596,-7.111696,7984
26.18,48.50037,0,0,-0.6014137,-0.9827794,-4.535108,-15.7746,-0.3884897,-0.6989548,-1.249462,7984
26.2,58.04515,0,0,-0.9506695,-1.130485,-21.81756,-2.584018,-0.4559698,-0.5286655,-0.5316433,7936
26.22,48.58881,0,0,-1.172625,-1.092744,25.83131,7.859832,-0.4559698,-0.4803277,0.3152146,7948
26.24,4.9118,0,0,-0.3075919,-0.4463922,37.99926,11.41683,-0.7258892,-0.5439475,4.008148,7944
26.26,-25.74028,0,0,0.1297679,0.07330695,17.19009,7.897194,-0.7933693,-0.5975049,4.743871,7964
26.28,-41.4692,0,0,0.5240482,0.4163773,17.3275,1.145329,-0.7933693,-0.6128733,4.738987,7960
26.3,-41.6633,0,0,0.5476362,0.4445476,-3.512206,-5.146313,-0.7258892,-0.6117029,3.232075,7940
26.32,-43.88626,0,0,0.2010014,0.1555352,-18.87099,-8.418577,-0.7933693,-0.745289,0.2177902,7952
26.34,-28.59946,0,0,0.01070154,-0.1168816,-9.161062,-10.18446,-0.7258892,-0.7483815,-0.7515291,7940
26.36,-23.0487,0,0,-0.2719302,-0.4013229,-16.50458,-8.929244,-0.7933693,-0.8246579,-1.877039,7948
26.38,-7.857759,0,0,-0.4302633,-0.5729749,-5.2832,-6.972289,-0.7258892,-0.784094,-1.544848,7952
26.4,-7.51963,0,0,-0.4987901,-0.6371394,-4.474039,-3.87495,-0.7933693,-0.8100554,-1.111761,7944
26.42,-0.8384113,0,0,-0.4016845,-0.5535806,5.190087,-2.011371,-0.7258892,-0.7289675,0.3235708,7960
26.44,-3.162107,0,0,-0.313761,-0.4356976,3.373292,-0.365586,-0.7258892,-0.6893178,1.15344,7924
26.46,-2.637548,0,0,-0.1703494,-0.2815641,6.671003,0.05930638,-0.6584091,-0.607824,2.080512,7964
26.48,-14.68973,0,0,-0.0848301,-0.1695957,3.22062,0.09206975,-0.7258892,-0.6411189,1.968241,7960
26.5,-20.70034,0,0,0.0428312,-0.06376489,5.510697,-1.50707,-0.7258892,-0.6466426,2.031384,7964
26.52,-17.73479,0,0,0.08150978,-0.02877886,1.174818,-3.32623,-0.6584091,-0.6038413,1.870107,7964
26.54,-24.67032,0,0,0.07615624,-0.04913399,-0.4282355,-4.246473,-0.7258892,-0.6588353,1.154492,7964
26.56,-25.13195,0,0,0.08343067,-0.07386419,-0.183961,-5.577454,-0.7258892,-0.6784084,0.8215269,7944
26.58,-29.55337,0,0,0.05186395,-0.1262245,-1.893885,-6.421916,-0.7933693,-0.7453984,0.231499,7976
26.6,-21.47601,0,0,0.06947724,-0.1508898,0.4877952,-7.456527,-0.7258892,-0.7043941,0.4573382,7944
26.62,-24.81768,0,0,0.02661401,-0.1979195,-2.489305,-7.205782,-0.7933693,-0.7517354,0.08012539,7956
26.64,-17.63317,0,0,0.02748746,-0.2112259,-0.2755641,-7.355119,-0.7258892,-0.7054194,0.4048227,7936
26.66,-10.07891,0,0,-0.01896568,-0.2362899,-2.24503,-6.585762,-0.6584091,-0.641623,0.5919327,7948
26.68,-23.09026,0,0,0.0571266,-0.1917868,2.503063,-5.523142,-0.7933693,-0.7188476,0.5971282,7944
26.7,-19.67688,0,0,0.05725725,-0.1637631,0.8847416,-6.142573,-0.7258892,-0.6881801,0.7547836,7960
26.72,-19.40183,0,0,0.0492382,-0.1646296,-1.725946,-6.198222,-0.7258892,-0.6836748,0.6778483,7948
26.74,-19.69165,0,0,0.06055037,-0.1595043,1.266421,-6.239072,-0.7258892,-0.6816281,0.6917707,7948
26.76,-19.88022,0,0,0.04215131,-0.1687301,-0.8251827,-6.246469,-0.7258892,-0.6848415,0.5743066,7948
26.78,-19.94792,0,0,0.05634406,-0.1647973,0.4877952,-6.306876,-0.7258892,-0.6835273,0.6199524,7952
26.8,-19.98393,0,0,0.04635408,-0.1698807,-0.04655629,-6.327703,-0.7258892,-0.6851553,0.5565851,7956
26.82,-20.02882,0,0,0.05996643,-0.1646987,0.304589,-6.381448,-0.7258892,-0.6835141,0.6066658,7952
26.84,-26.16815,0,0,0.06154039,-0.1656226,0.1824515,-6.434425,-0.7933693,-0.7380673,0.3535948,7948
26.86,-20.01849,0,0,0.07318162,-0.1618118,0.1213828,-7.117202,-0.7258892,-0.6967896,0.5962245,7944
26.88,-24.74696,0,0,0.04934398,-0.1828519,-0.9931214,-6.890792,-0.7933693,-0.7436093,0.2773502,7968
26.9,-18.38359,0,0,0.05056652,-0.1872493,0.5030622,-7.207702,-0.7258892,-0.6998142,0.5383357,7936
26.92,-23.44199,0,0,0.04260281,-0.1966209,-0.3366328,-6.756761,-0.7933693,-0.7422411,0.3383906,7944
26.94,-17.75115,0,0,0.05858222,-0.1848438,0.3198562,-7.002844,-0.7258892,-0.695507,0.6688768,7936
26.96,-23.38955,0,0,0.04695839,-0.1893092,-0.1228922,-6.568701,-0.7933693,-0.7391522,0.4242846,7968
26.98,-17.93682,0,0,0.05853771,-0.178829,0.09084838,-6.874443,-0.7258892,-0.6943794,0.7058112,7944
27,-17.51236,0,0,0.03905115,-0.1864554,-0.183961,-6.475707,-0.7258892,-0.6853542,0.6507325,7952
27.02,-18.21785,0,0,0.04965562,-0.176989,0.06031401,-6.19378,-0.7258892,-0.6809981,0.7139297,7948
27.04,-13.06787,0,0,0.04939561,-0.1666209,0.304589,-6.074037,-0.6584091,-0.6260982,0.9356488,7960
27.06,-20.03868,0,0,0.05393344,-0.157537,-0.06182348,-5.495996,-0.7258892,-0.6665908,0.706857,7952
27.08,-21.80013,0,0,0.07089394,-0.1406196,0.8236728,-5.867582,-0.7258892,-0.6773192,0.6854135,7956
27.1,-21.87367,0,0,0.06240251,-0.1460333,-0.2450293,-6.276657,-0.7258892,-0.6839581,0.5572925,7944
27.12,-21.44297,0,0,0.07503758,-0.147796,-0.01602192,-6.590408,-0.7258892,-0.6844978,0.5614091,7956
27.14,-33.09247,0,0,0.07887834,-0.1569176,0.2282531,-6.778592,-0.8608494,-0.7937745,0.06386334,7964
27.16,-20.11613,0,0,0.07182083,-0.1698425,-0.03128911,-8.047686,-0.7258892,-0.7148201,0.4448573,7956
27.18,-23.01112,0,0,0.03015333,-0.211592,-1.680145,-7.464648,-0.7933693,-0.7516596,0.1353742,7968
27.2,-16.49582,0,0,0.04051792,-0.2119049,1.174818,-7.375597,-0.7258892,-0.7010962,0.5269358,7932
27.22,-21.98845,0,0,0.0244436,-0.217511,-0.7793808,-6.617187,-0.7933693,-0.7421619,0.342859,7948
27.24,-10.73101,0,0,0.03917508,-0.1974041,0.6404669,-6.693818,-0.6584091,-0.640414,0.9359536,7940
27.26,-23.05537,0,0,0.0309367,-0.1929893,-0.09235785,-5.602011,-0.7933693,-0.7236991,0.5003388,7960
27.28,-19.27112,0,0,0.06335279,-0.1619228,1.983979,-6.207898,-0.7258892,-0.688152,0.8114504,7952
27.3,-19.18844,0,0,0.063283,-0.1566986,-0.7030448,-6.240344,-0.7258892,-0.6810454,0.7629141,7956
27.32,-19.8254,0,0,0.07825303,-0.1469773,0.7015356,-6.297829,-0.7258892,-0.6785077,0.7708081,7952
27.34,-20.2102,0,0,0.05278315,-0.1589319,-0.3213652,-6.33361,-0.7258892,-0.6834443,0.5967563,7952
27.36,-20.23092,0,0,0.0591372,-0.1610919,0.2129859,-6.410028,-0.7258892,-0.6839596,0.595359,7952
27.38,-20.20157,0,0,0.05783747,-0.1639687,0.1977187,-6.458807,-0.7258892,-0.6844683,0.5694416,7956
27.4,-20.23566,0,0,0.06726763,-0.1606521,-0.04655629,-6.513732,-0.7258892,-0.6832768,0.5968671,7956
27.42,-20.36091,0,0,0.07149141,-0.1579408,0.1671843,-6.56695,-0.7258892,-0.6827924,0.5960369,7964
27.44,-26.50171,0,0,0.07529856,-0.1586625,0.01451245,-6.633067,-0.7933693,-0.7373441,0.3498111,7952
27.46,-20.27073,0,0,0.07748485,-0.1602531,0.1213828,-7.298433,-0.7258892,-0.6974904,0.5509213,7948
27.48,-24.94391,0,0,0.06261933,-0.178072,-0.7946484,-7.075193,-0.7933693,-0.7429364,0.2794045,7964
27.5,-18.72699,0,0,0.07576674,-0.1745612,0.6099325,-7.423109,-0.7258892,-0.6971167,0.5889027,7936
27.52,-23.87414,0,0,0.0538676,-0.1892127,0.1366499,-6.971767,-0.7933693,-0.741778,0.3133376,7964
27.54,-11.96922,0,0,0.05432322,-0.1853241,0.04504682,-7.175106,-0.6584091,-0.6430728,0.8209579,7932
27.56,-23.67296,0,0,0.04457476,-0.1896621,0.3809245,-6.091935,-0.7933693,-0.7261977,0.3948852,7952
27.58,-19.41947,0,0,0.06427234,-0.168739,0.8084057,-6.601804,-0.7258892,-0.6913539,0.6824008,7944
27.6,-18.77424,0,0,0.03241035,-0.1832396,-0.8251827,-6.429899,-0.7258892,-0.687766,0.5465298,7956
27.62,-24.98853,0,0,0.05647378,-0.1752964,0.1366499,-6.317993,-0.7933693,-0.7371379,0.4279498,7948
27.64,-19.0341,0,0,0.03763903,-0.1823914,0.3961921,-6.816568,-0.7258892,-0.6992218,0.5482231,7948
27.66,-17.83637,0,0,0.02533659,-0.1955766,-0.4587703,-6.509013,-0.7258892,-0.6897293,0.5448452,7940
27.68,-18.03802,0,0,0.03486223,-0.18968,0.3351234,-6.204284,-0.7258892,-0.6843197,0.6334617,7948
27.7,-18.61451,0,0,0.03034783,-0.1851751,0.2282531,-6.011079,-0.7258892,-0.6836305,0.6274858,7944
27.72,-19.13058,0,0,0.03531718,-0.1780141,0.06031401,-5.956236,-0.7258892,-0.6831805,0.6443049,7948
27.74,-13.52578,0,0,0.0401706,-0.169136,0.3656577,-5.982081,-0.6584091,-0.6284403,0.8859129,7964
27.76,-20.13046,0,0,0.04404726,-0.1629441,0.1977187,-5.452574,-0.7258892,-0.6687441,0.6608196,7964
27.78,-27.58995,0,0,0.0521552,-0.1554684,0.6099325,-5.79973,-0.7933693,-0.7349845,0.3746082,7952
27.8,-15.06866,0,0,0.04097258,-0.1638239,-0.07709067,-6.745644,-0.6584091,-0.6467159,0.715028,7944
27.82,-25.37755,0,0,0.02796955,-0.186189,-0.7946484,-6.081683,-0.7933693,-0.7330933,0.2348736,7952
27.84,-26.07993,0,0,0.06672792,-0.1702482,1.052681,-6.782435,-0.7933693,-0.7495007,0.3750334,7936
27.86,-24.56068,0,0,0.02744132,-0.1972721,-0.7183124,-7.216583,-0.7933693,-0.7600798,0.1953167,7952
27.88,-22.81563,0,0,0.04185051,-0.205415,0.04504682,-7.381872,-0.7933693,-0.7579474,0.3266456,7936
27.9,-15.73808,0,0,0.040655,-0.20744,0.7015356,-7.302231,-0.7258892,-0.7004838,0.641627,7956
27.92,-15.67746,0,0,0.05410357,-0.1942388,-0.04655629,-6.569092,-0.7258892,-0.6812838,0.7988096,7940
27.94,-17.51924,0,0,0.07979342,-0.1631255,1.663368,-6.150917,-0.7258892,-0.6730304,0.9227554,7956
27.96,-19.40435,0,0,0.08327143,-0.1438626,0.02977964,-6.080345,-0.7258892,-0.6735278,0.8671631,7948
27.98,-20.60869,0,0,0.08569578,-0.1354784,0.5793981,-6.238748,-0.7258892,-0.6765137,0.7790823,7956
28,-27.19347,0,0,0.09124969,-0.1356722,-0.2908313,-6.491737,-0.7933693,-0.7335677,0.4675539,7948
28.02,-21.08794,0,0,0.09889307,-0.137483,0.304589,-7.342484,-0.7258892,-0.6947048,0.6344651,7960
28.04,-19.70136,0,0,0.07972239,-0.1580459,-0.2602969,-7.237571,-0.7258892,-0.6871276,0.5423793,7956
28.06,-19.44865,0,0,0.06641171,-0.1709614,-0.04655629,-6.982544,-0.7258892,-0.6857879,0.5076269,7960
28.08,-19.53306,0,0,0.06490686,-0.172644,0.1061156,-6.777865,-0.7258892,-0.6844574,0.5323393,7956
28.1,-19.79597,0,0,0.06920674,-0.1676932,-0.2297625,-6.661245,-0.7258892,-0.6830184,0.5700039,7940
28.12,-26.11318,0,0,0.07154972,-0.1656859,0.1519171,-6.624657,-0.7933693,-0.7372463,0.3399004,7956
28.14,-25.94319,0,0,0.06251969,-0.1738183,0.07558119,-7.215179,-0.7933693,-0.7536368,0.265023,7944
28.16,-24.20744,0,0,0.044269,-0.1962167,-0.8709843,-7.537266,-0.7933693,-0.7595298,0.2113619,7948
28.18,-10.70062,0,0,0.06228709,-0.1927374,0.9458106,-7.605297,-0.6584091,-0.6460431,0.8507587,7940
28.2,-16.49879,0,0,0.04856211,-0.193195,-0.04655629,-6.252202,-0.7258892,-0.6704115,0.680767,7944
28.22,-18.95889,0,0,0.05840787,-0.1707116,1.083215,-5.964533,-0.7258892,-0.6758948,0.727452,7952
28.24,-20.18527,0,0,0.06530109,-0.1553284,0.3198562,-6.049623,-0.7258892,-0.6785129,0.7100773,7952
28.26,-20.74286,0,0,0.06994748,-0.1490706,0.1977187,-6.249557,-0.7258892,-0.6806473,0.6664033,7952
28.28,-20.79192,0,0,0.05932755,-0.156251,-0.183961,-6.412323,-0.7258892,-0.6842398,0.565408,7952
28.3,-20.57694,0,0,0.06129012,-0.160699,0.3351234,-6.528831,-0.7258892,-0.6850741,0.548077,7948
28.32,-20.27475,0,0,0.04973749,-0.1706171,-0.07709067,-6.550911,-0.7258892,-0.6868852,0.4897374,7952
28.34,-20.06076,0,0,0.05879185,-0.1695991,0.07558119,-6.556606,-0.7258892,-0.685286,0.5399827,7956
28.36,-14.01145,0,0,0.05728092,-0.1670413,0.1061156,-6.528675,-0.6584091,-0.6302207,0.7800651,7956
28.38,-26.35296,0,0,0.05667263,-0.1674874,-0.01602192,-5.909416,-0.7933693,-0.7248434,0.3273776,7956
28.4,-15.4045,0,0,0.07150918,-0.1526572,0.2740546,-6.774908,-0.6584091,-0.6397584,0.7966563,7952
28.42,-20.38961,0,0,0.05993305,-0.1620542,-0.8251827,-6.22303,-0.7258892,-0.6737487,0.5318933,7956
28.44,-21.59167,0,0,0.09705114,-0.1400398,0.7626044,-6.460163,-0.7258892,-0.6776642,0.6554255,7940
28.46,-27.74873,0,0,0.07949771,-0.148778,0.1977187,-6.705523,-0.7933693,-0.7380751,0.2768369,7948
28.48,-27.1129,0,0,0.08643477,-0.1566591,-0.2602969,-7.508535,-0.7933693,-0.75361,0.2507082,7936
28.5,-19.15138,0,0,0.07860553,-0.1732943,-0.2602969,-7.948208,-0.7258892,-0.7030687,0.4679164,7952
28.52,-23.8515,0,0,0.08665057,-0.1793555,0.1519171,-7.457461,-0.7933693,-0.7403829,0.3537414,7948
28.54,-18.07308,0,0,0.07322551,-0.1817651,0.2587874,-7.559842,-0.7258892,-0.6966543,0.5636759,7956
28.56,-17.59672,0,0,0.06882029,-0.182503,-0.183961,-7.029633,-0.7258892,-0.6842198,0.6209299,7952
28.58,41.59221,0,0,0.07507151,-0.1414223,0.4267263,-6.58327,-0.05108929,-0.1324188,3.098006,7948
28.6,121.4621,0,0,0.06978436,-0.03875932,-2.748847,-0.2096819,0.89363,0.7799627,6.725418,7908
28.62,164.981,0,0,0.2567288,0.2927066,13.02215,11.62578,1.63591,1.641847,10.29923,7860
28.64,172.9275,0,0,0.724627,0.9217735,32.16719,22.53302,2.243231,2.388267,13.55087,7800
28.66,194.5033,0,0,1.568997,1.847853,51.58705,28.07986,3.18795,3.387405,18.03362,7756
28.68,224.7856,0,0,2.515192,2.876076,53.70919,31.04502,4.335111,4.586628,22.07312,7696
28.7,136.9201,0,0,3.480316,3.862282,49.90766,32.95607,4.267631,4.821238,20.40804,7652
28.72,200.3688,0,0,4.643132,4.912651,51.28171,21.82003,5.95463,6.220305,24.02594,7644
28.74,183.8863,0,0,5.365336,5.595339,26.88475,18.40496,6.561951,6.983115,21.77865,7544
28.76,205.8326,0,0,5.528547,5.905056,4.732071,13.7829,7.64163,7.884031,18.49403,7520
28.78,220.0299,0,0,6.009778,6.24611,23.87712,11.48152,8.51887,8.739748,16.67549,7456
28.8,132.5612,0,0,6.220959,6.432143,10.80841,10.58341,8.24895,8.621826,9.958939,7392
28.82,197.3173,0,0,6.482068,6.607021,19.5565,0.4015705,9.598551,9.576535,9.282153,7412
28.84,186.4144,0,0,6.698709,6.671316,2.671002,-0.5238944,9.86847,9.964748,5.981171,7340
28.86,182.865,0,0,6.413523,6.51237,-16.44351,-1.478365,10.27335,10.2491,1.431003,7340
28.88,175.7056,0,0,6.61811,6.540834,8.182454,-2.997334,10.54327,10.5,-0.5139788,7300
28.9,203.757,0,0,6.473399,6.454316,-3.481672,-4.315701,11.15059,10.96708,-2.31847,7276
28.92,152.1213,0,0,6.521029,6.419317,1.800773,-2.51238,10.81319,10.77372,-5.841053,7240
28.94,136.6057,0,0,6.439225,6.344409,0.4267263,-6.310803,10.88067,10.71404,-8.498054,7280
28.96,87.71851,0,0,6.467696,6.231858,0.8694746,-10.52423,10.40831,10.2851,-11.97144,7280
28.98,96.07092,0,0,6.288874,5.984498,-6.245031,-17.7446,10.47579,10.17713,-14.03481,7296
29,136.6534,0,0,6.02185,5.640073,-14.67251,-20.85384,10.74571,10.33391,-14.64826,7288
29.02,190.7818,0,0,5.46236,5.190696,-26.76412,-17.08943,11.15059,10.6508,-14.9551,7260
29.04,117.782,0,0,5.010883,4.822062,-21.39008,-7.753528,10.20587,9.95145,-18.70978,7244
29.06,151.8709,0,0,4.802907,4.675382,-4.382436,-8.160821,10.54327,10.05029,-17.18682,7300
29.08,81.18216,0,0,5.038595,4.731807,9.251156,-5.659451,9.598551,9.387753,-17.92818,7308
29.1,99.81705,0,0,4.974296,4.718119,-4.916787,-10.9659,9.73351,9.327253,-17.03898,7340
29.12,156.2996,0,0,4.918402,4.633723,0.06031401,-12.40786,10.13839,9.656614,-14.73582,7344
29.14,87.37195,0,0,4.593207,4.400621,-19.52748,-6.788879,9.19367,8.963378,-18.02686,7320
29.16,120.1583,0,0,4.350731,4.229864,-10.09236,-9.221131,9.463591,8.99519,-17.01791,7364
29.18,169.767,0,0,4.448405,4.222796,3.403826,-7.688844,9.80099,9.336009,-13.72339,7356
29.2,123.8805,0,0,4.266954,4.157347,-12.61145,-1.181231,9.19367,8.939507,-15.09008,7344
29.22,154.1371,0,0,4.149729,4.154952,0.8389403,-1.096551,9.531071,9.110985,-13.43746,7384
29.24,184.0042,0,0,4.34208,4.299653,9.922913,1.519345,9.80099,9.425864,-10.55735,7372
29.26,99.81525,0,0,4.539981,4.493584,6.823675,5.603758,8.92375,8.832321,-12.22434,7332
29.28,115.0002,0,0,4.520535,4.575636,3.999247,-0.1878031,9.19367,8.871843,-11.83524,7380
29.3,67.97891,0,0,4.819401,4.6682,15.5565,-3.431117,8.58635,8.430093,-12.82512,7332
29.32,108.8615,0,0,4.883749,4.67353,-1.43587,-10.52945,8.99123,8.640848,-11.60023,7400
29.34,58.56857,0,0,4.548192,4.374473,-17.02366,-10.25435,8.24895,8.050486,-15.50116,7376
29.36,102.8029,0,0,4.240718,4.0706,-16.03129,-14.15632,8.58635,8.145743,-15.18525,7412
29.38,73.22995,0,0,3.962688,3.74435,-17.69542,-11.43609,7.97903,7.683864,-17.07997,7408
29.4,108.791,0,0,3.677064,3.493239,-10.71832,-11.66597,8.181471,7.731824,-16.04512,7448
29.42,165.6399,0,0,3.569087,3.380504,-7.420605,-7.772348,8.58635,8.112254,-12.99113,7428
29.44,6.547211,0,0,3.33721,3.233681,-5.359536,1.107744,6.69691,6.693401,-18.63222,7388
29.46,32.36554,0,0,3.603353,3.368783,16.47253,-9.727183,6.96683,6.600481,-15.77578,7520
29.48,91.69867,0,0,3.753128,3.374469,1.770238,-14.75925,7.30423,6.897908,-12.72675,7492
29.5,145.2377,0,0,3.195798,3.049287,-37.57328,-10.51064,7.64163,7.199796,-12.36774,7472
29.52,69.03613,0,0,2.660093,2.689772,-7.283201,-0.7228537,6.62943,6.432853,-16.15161,7452
29.54,104.1868,0,0,2.762111,2.726367,-0.6877776,-2.017597,6.96683,6.568244,-12.85616,7516
29.56,27.39612,0,0,2.955086,2.816054,11.57177,0.04669446,5.95463,5.848216,-13.96926,7496
29.58,154.9519,0,0,2.9074,2.866262,-2.794649,-6.115621,7.30423,6.757225,-8.667171,7564
29.6,86.97943,0,0,2.929798,2.855879,-2.916786,2.529936,6.35951,6.26522,-10.32582,7476
29.62,74.54294,0,0,2.671662,2.795667,-12.56565,2.13689,6.29203,6.050319,-11.17371,7528
29.64,103.6444,0,0,3.169408,3.049015,22.10612,-0.7201552,6.561951,6.302585,-7.455384,7548
29.66,107.3432,0,0,3.014818,3.04014,-9.084726,0.6622428,6.561951,6.343127,-7.825005,7516
29.68,23.43298,0,0,2.859089,2.934224,2.121383,2.311329,5.61723,5.567565,-11.60152,7504
29.7,147.3597,0,0,2.963579,2.976773,0.4267263,-5.208559,6.96683,6.477004,-6.416093,7584
29.72,161.0585,0,0,2.957992,2.961955,-1.909152,2.326643,6.96683,6.735747,-5.486364,7508
29.74,59.38766,0,0,2.675531,2.883659,-15.17633,9.437896,5.95463,5.946163,-9.889105,7496
29.76,41.83743,0,0,3.112517,3.13339,25.84658,2.69007,5.887151,5.743131,-8.597486,7548
29.78,52.68097,0,0,3.537138,3.352796,16.70154,-4.856101,5.95463,5.791239,-7.068958,7548
29.8,55.87715,0,0,3.290961,3.187258,-12.94732,-8.190422,5.887151,5.695244,-8.874949,7560
29.82,188.3102,0,0,2.979487,2.95655,-12.64198,-9.034362,7.236751,6.726709,-5.293244,7568
29.84,87.7997,0,0,2.720852,2.751169,-14.62671,4.507449,6.02211,6.010827,-9.415614,7488
29.86,103.9513,0,0,2.493187,2.700973,-7.985489,4.10566,6.35951,6.072041,-8.947319,7552
29.88,69.94333,0,0,2.997142,2.951804,29.12902,4.051568,5.95463,5.849766,-7.662042,7556
29.9,89.49744,0,0,3.151633,3.12395,2.808407,0.07447332,6.22455,6.01811,-6.34947,7580
29.92,91.33879,0,0,3.17363,3.154778,7.06795,-0.7237887,6.22455,6.052811,-6.509124,7532
29.94,102.1989,0,0,3.158579,3.152119,-6.47404,-1.028658,6.35951,6.161812,-6.346454,7528
29.96,89.3354,0,0,3.077305,3.102006,0.6404669,0.08113733,6.22455,6.065984,-7.302468,7524
29.98,-2.85611,0,0,3.111181,3.065194,-1.283198,-0.6510128,5.21235,5.22407,-10.91924,7568
30,134.0156,0,0,3.190069,3.081979,2.716804,-10.54068,6.69691,6.211235,-5.817168,7600
30.02,48.99612,0,0,3.120641,2.942964,-3.329,-3.193677,5.54975,5.549323,-9.418327,7504
30.04,80.5975,0,0,2.763737,2.762675,-26.47405,-5.815477,5.95463,5.653665,-9.541298,7580
30.06,96.10718,0,0,2.458373,2.505159,10.13665,-3.439247,5.95463,5.661481,-9.988593,7564
30.08,103.7543,0,0,2.499474,2.478479,-6.275566,-0.2971464,5.95463,5.705,-8.653763,7572
30.1,108.7043,0,0,2.045447,2.273307,-13.1,3.856257,5.95463,5.669774,-9.621557,7568
30.12,109.7382,0,0,2.423346,2.475457,11.89238,6.154234,5.95463,5.746319,-6.899779,7576
30.14,105.6041,0,0,2.406792,2.58502,0.8389403,7.766285,5.95463,5.764418,-6.558996,7564
30.16,135.6753,0,0,2.666137,2.813259,11.4191,7.695769,6.35951,6.130451,-3.929138,7568
30.18,127.4172,0,0,2.742143,2.964864,3.999247,10.39339,6.35951,6.222569,-3.807033,7540
30.2,112.7306,0,0,2.91877,3.157124,7.846576,10.80065,6.35951,6.249778,-3.709369,7500
30.22,93.91499,0,0,3.071235,3.30749,7.495431,9.074843,6.29203,6.194203,-4.313251,7536
30.24,78.72037,0,0,3.284375,3.438167,8.793141,5.354485,6.22455,6.125357,-4.831717,7540
30.26,-2.506195,0,0,3.247792,3.358203,-2.535107,1.301841,5.34731,5.361564,-9.313073,7528
30.28,3.859985,0,0,3.284464,3.223201,-1.344267,-9.698844,5.34731,5.149088,-10.30211,7596
30.3,48.95624,0,0,2.892536,2.791995,-26.36718,-15.22298,5.54975,5.209089,-11.36908,7592
30.32,91.91566,0,0,2.163186,2.169856,-34.30611,-12.12401,5.684711,5.273447,-12.75409,7572
30.34,109.1789,0,0,1.739083,1.771237,-18.00076,-4.28685,5.61723,5.248893,-12.45077,7564
30.36,119.2926,0,0,1.72451,1.749634,3.00688,2.890122,5.61723,5.308908,-10.04937,7576
30.38,118.127,0,0,1.991552,2.016947,13.48017,7.974405,5.61723,5.402696,-7.073652,7580
30.4,107.3645,0,0,2.423068,2.445786,20.5794,9.948995,5.61723,5.494184,-4.447656,7584
30.42,98.45824,0,0,2.761816,2.830142,16.62521,9.077007,5.684711,5.595927,-3.062705,7560
30.44,78.53937,0,0,3.029943,3.105478,12.41146,6.690988,5.61723,5.568486,-3.133208,7548
30.46,67.48499,0,0,3.232074,3.270781,7.831309,2.408858,5.61723,5.550185,-3.628234,7564
30.48,98.62604,0,0,3.292788,3.307524,2.02978,-1.767635,6.02211,5.8482,-3.263507,7564
30.5,90.95045,0,0,3.23198,3.237551,-3.832817,-1.257943,5.95463,5.843673,-4.628491,7548
30.52,85.77098,0,0,3.114774,3.143914,-2.94732,-1.348857,5.95463,5.812569,-5.85161,7564
30.54,83.4191,0,0,3.148079,3.118287,-0.9473198,-1.996498,5.95463,5.804265,-6.167961,7564
30.56,-1.692505,0,0,3.125289,3.041375,-1.206862,-2.682636,5.009911,5.027732,-9.99482,7556
30.58,-3.130661,0,0,3.111915,2.929014,-0.9015187,-11.69599,4.94243,4.759923,-10.90724,7612
30.6,20.53194,0,0,3.012368,2.688013,-8.336635,-17.52597,4.94243,4.688861,-11.1643,7644
30.62,78.25726,0,0,2.380288,2.183974,-34.19924,-17.12366,5.27983,4.88468,-11.66307,7612
30.64,103.6447,0,0,1.819373,1.726144,-26.70305,-9.246055,5.27983,4.919799,-11.87595,7600
30.66,122.4525,0,0,1.503626,1.522429,-13.87862,-0.3511786,5.34731,5.007677,-10.455,7596
30.68,117.5899,0,0,1.727092,1.724696,13.06795,6.942882,5.27983,5.063048,-7.488818,7588
30.7,106.8419,0,0,2.117297,2.138172,18.50307,10.1581,5.27983,5.148521,-4.689182,7600
30.72,84.67828,0,0,2.631721,2.629082,25.96872,9.619436,5.21235,5.171513,-2.770609,7580
30.74,73.9912,0,0,3.005342,3.007148,17.20536,5.792459,5.27983,5.242303,-2.009411,7604
30.76,62.66626,0,0,3.173588,3.177583,8.487798,1.539986,5.27983,5.237165,-2.788603,7592
30.78,86.28778,0,0,3.256686,3.22561,0.6099325,-2.715933,5.61723,5.483528,-2.701652,7592
30.8,84.0583,0,0,3.151903,3.131416,-3.099992,-2.896547,5.61723,5.509698,-4.180308,7548
30.82,-9.989395,0,0,3.031025,2.975271,-8.19923,-2.97019,4.60503,4.666305,-9.056197,7584
30.84,106.711,0,0,3.058246,2.914619,0.9916119,-12.44277,5.887151,5.47929,-5.229545,7640
30.86,129.4801,0,0,2.968155,2.777276,-7.329002,-6.66385,5.95463,5.75175,-4.853229,7564
30.88,39.84181,0,0,2.51161,2.534897,-27.40535,0.7316726,5.009911,5.00118,-9.76539,7540
30.9,28.03893,0,0,2.72006,2.606265,17.69391,-3.908229,4.94243,4.78943,-9.080325,7608
30.92,36.90187,0,0,3.018269,2.720879,11.37329,-9.051125,4.94243,4.781757,-7.723452,7640
30.94,54.63773,0,0,2.717513,2.527955,-16.85572,-10.77592,5.009911,4.78955,-8.665285,7616
30.96,61.91035,0,0,2.43028,2.276403,-11.98549,-9.258457,4.94243,4.716318,-9.443621,7640
30.98,-16.81439,0,0,2.167386,2.0195,-14.58091,-6.768731,3.93023,3.870682,-13.11908,7636
31,117.2368,0,0,2.072893,1.911995,-2.24503,-12.5844,5.27983,4.759759,-7.827883,7676
31.02,18.92712,0,0,2.009112,1.785202,-3.527473,-2.785599,3.93023,3.939764,-10.86826,7628
31.04,137.9888,0,0,1.71364,1.717937,-18.35191,-5.199468,5.27983,4.795454,-6.461167,7676
31.06,118.824,0,0,1.964012,1.867807,23.98399,4.548172,4.94243,4.824257,-4.760152,7612
31.08,96.10511,0,0,1.95846,2.062822,-5.420604,9.06355,4.87495,4.777471,-4.481423,7596
31.1,87.00516,0,0,1.667526,2.032943,14.80841,10.51443,4.87495,4.707906,-5.748906,7608
31.12,84.36079,0,0,2.568309,2.542345,31.2359,8.062224,4.94243,4.876931,-1.707146,7624
31.14,66.04369,0,0,2.670301,2.754112,-2.809916,5.674489,4.87495,4.840475,-2.577296,7612
31.16,62.21417,0,0,2.888673,2.907425,13.90765,1.537791,4.94243,4.879885,-2.698179,7636
31.18,74.91145,0,0,3.018191,2.976613,2.51833,-2.016365,5.144871,5.041971,-2.676787,7632
31.2,83.57321,0,0,2.977767,2.936142,0.304589,-3.009335,5.27983,5.164694,-3.376583,7628
31.22,79.36208,0,0,2.919658,2.874859,-4.840451,-2.624506,5.27983,5.174767,-4.34937,7620
31.24,-14.26495,0,0,2.772841,2.725677,-5.252665,-2.459632,4.267631,4.32607,-9.142109,7628
31.26,104.1071,0,0,2.69865,2.616052,-4.351902,-11.44849,5.54975,5.125402,-5.566878,7680
31.28,122.5546,0,0,2.634617,2.480672,-2.000756,-5.236854,5.54975,5.350489,-5.062775,7580
31.3,32.61044,0,0,2.326507,2.326267,-22.1229,1.596012,4.60503,4.612962,-9.200044,7596
31.32,31.87202,0,0,1.878255,2.060709,3.312223,-1.641582,4.60503,4.358591,-11.01208,7636
31.34,55.42615,0,0,2.148849,2.061938,4.167186,-4.517147,4.67251,4.419662,-8.697618,7660
31.36,70.84848,0,0,1.818506,1.853796,-24.99313,-3.11924,4.67251,4.410571,-9.141062,7632
31.38,73.98059,0,0,1.930307,1.868208,12.67101,-0.8587298,4.60503,4.403981,-7.674275,7640
31.4,70.56534,0,0,1.952978,1.925017,-3.725947,0.8977929,4.53755,4.369462,-6.933833,7640
31.42,82.99599,0,0,2.005075,2.010042,6.106118,1.574054,4.67251,4.485882,-5.662699,7640
31.44,76.6732,0,0,2.014355,2.066859,-2.046557,3.222644,4.60503,4.466553,-5.469682,7644
31.46,91.35585,0,0,2.094344,2.16472,4.930544,3.457015,4.80747,4.636212,-4.280406,7636
31.48,69.60872,0,0,2.170423,2.250988,0.7015356,4.831862,4.60503,4.523029,-4.671999,7640
31.5,63.12143,0,0,2.280539,2.35168,6.655736,3.205626,4.60503,4.497416,-4.566077,7640
31.52,66.61073,0,0,2.422166,2.441782,3.403826,1.035739,4.67251,4.553148,-4.172383,7652
31.54,65.21214,0,0,2.456122,2.463006,2.365658,-0.1889496,4.67251,4.559936,-4.491146,7628
31.56,63.82457,0,0,2.470241,2.457434,-0.09235785,-1.197379,4.67251,4.554535,-4.841365,7648
31.58,57.05533,0,0,2.503937,2.452994,1.632834,-2.11082,4.60503,4.497525,-5.260183,7644
31.6,63.18452,0,0,2.497194,2.430274,0.4114593,-3.380165,4.67251,4.531342,-5.330842,7644
31.62,58.77376,0,0,2.48997,2.398182,-0.519839,-3.584603,4.60503,4.483758,-5.715478,7636
31.64,59.48006,0,0,2.47943,2.373025,0.09084838,-4.126554,4.60503,4.470012,-5.836079,7648
31.66,61.17992,0,0,2.463807,2.346389,-1.023656,-4.363282,4.60503,4.46591,-5.893213,7640
31.68,62.91714,0,0,2.423443,2.311098,-2.260297,-4.225929,4.60503,4.461849,-5.990363,7648
31.7,70.68475,0,0,2.366389,2.272126,-3.099992,-3.779031,4.67251,4.51148,-5.851541,7648
31.72,77.52789,0,0,2.381066,2.280965,0.1519171,-2.714068,4.73999,4.587514,-5.328219,7632
31.74,69.96495,0,0,2.366226,2.295243,-0.01602192,-1.278861,4.67251,4.552895,-5.482131,7640
31.76,61.23894,0,0,2.374322,2.319762,0.07558119,-1.121697,4.60503,4.488879,-5.686161,7660
31.78,60.54453,0,0,2.382141,2.330038,0.2740546,-1.931175,4.60503,4.47042,-5.727593,7656
31.8,61.85323,0,0,2.385578,2.322775,0.1824515,-2.554408,4.60503,4.465147,-5.7488,7636
31.82,63.25964,0,0,2.392433,2.314928,0.3351234,-2.853625,4.60503,4.465687,-5.708307,7640
31.84,64.19292,0,0,2.396742,2.310656,0.2129859,-2.919547,4.60503,4.467824,-5.655867,7632
31.86,70.6147,0,0,2.40413,2.315761,0.304589,-2.881601,4.67251,4.525289,-5.34638,7640
31.88,58.34056,0,0,2.40638,2.318418,0.2435202,-2.226716,4.53755,4.432076,-5.767585,7628
31.9,63.32768,0,0,2.409978,2.325953,0.2282531,-3.037488,4.60503,4.461192,-5.576683,7648
31.92,64.68077,0,0,2.408983,2.319208,-0.1381594,-3.073004,4.60503,4.468926,-5.566319,7648
31.94,65.17706,0,0,2.381074,2.301453,-0.07709067,-2.879161,4.60503,4.467638,-5.658729,7648
31.96,71.41309,0,0,2.387044,2.304225,-0.107625,-2.703348,4.67251,4.524657,-5.340312,7648
31.98,64.99844,0,0,2.389862,2.31126,0.2587874,-1.969852,4.60503,4.48646,-5.506689,7648
32,63.55437,0,0,2.389289,2.320659,-0.1381594,-2.131342,4.60503,4.475016,-5.542566,7640
32.02,63.6053,0,0,2.389413,2.320823,-0.06182348,-2.389077,4.60503,4.47095,-5.572608,7648
32.04,64.05672,0,0,2.387703,2.315894,0.01451245,-2.551042,4.60503,4.469444,-5.592136,7648
32.06,70.49182,0,0,2.389691,2.315763,-0.1381594,-2.610803,4.67251,4.5245,-5.336464,7648
32.08,64.37613,0,0,2.395858,2.319865,0.1213828,-2.022629,4.60503,4.485981,-5.51192,7656
32.1,63.07936,0,0,2.406773,2.332388,0.01451245,-2.281814,4.60503,4.476186,-5.51087,7664
32.12,69.23111,0,0,2.396759,2.329569,0.07558119,-2.556527,4.67251,4.525403,-5.357471,7656
32.14,63.46986,0,0,2.397393,2.325867,0.1671843,-2.124021,4.60503,4.484125,-5.579378,7644
32.16,62.71223,0,0,2.397981,2.327364,0.1366499,-2.419336,4.60503,4.472607,-5.617761,7676
32.18,63.17953,0,0,2.403298,2.325712,0.1519171,-2.708303,4.60503,4.470059,-5.615015,7648
32.2,63.77567,0,0,2.403811,2.321146,0.1519171,-2.854396,4.60503,4.469689,-5.614435,7660
32.22,64.2326,0,0,2.403457,2.317319,0.2587874,-2.888646,4.60503,4.47013,-5.602982,7636
32.24,70.46584,0,0,2.408652,2.321465,0.2129859,-2.871998,4.67251,4.526352,-5.321169,7668
32.26,58.10448,0,0,2.416815,2.326517,0.2435202,-2.266663,4.53755,4.433465,-5.730636,7656
32.28,69.03049,0,0,2.421021,2.337354,0.1977187,-3.115811,4.67251,4.517073,-5.311791,7664
32.3,63.95444,0,0,2.428943,2.337488,0.1061156,-2.608278,4.60503,4.485777,-5.491077,7644
32.32,63.07336,0,0,2.402965,2.327324,-0.2450293,-2.711553,4.60503,4.472571,-5.645513,7648
32.34,63.29042,0,0,2.427701,2.334831,-0.07709067,-2.934906,4.60503,4.473096,-5.546521,7668
32.36,63.52347,0,0,2.426618,2.333812,0.2587874,-3.061602,4.60503,4.47269,-5.566209,7644
32.38,63.85956,0,0,2.412458,2.32368,-0.1992282,-3.082566,4.60503,4.470456,-5.629929,7636
32.4,64.14751,0,0,2.419917,2.323795,0.1824515,-3.079488,4.60503,4.471835,-5.579153,7652
32.42,58.22638,0,0,2.42097,2.321821,0.01451245,-3.057336,4.53755,4.41802,-5.802586,7640
32.44,64.54626,0,0,2.421428,2.320426,0.1213828,-3.636113,4.60503,4.458442,-5.579315,7672
32.46,65.77272,0,0,2.420226,2.314717,0.1671843,-3.378043,4.60503,4.470274,-5.530865,7640
32.48,65.6064,0,0,2.413131,2.313532,-0.04655629,-3.059775,4.60503,4.473314,-5.521109,7656
32.5,71.28951,0,0,2.397833,2.312408,0.1824515,-2.815005,4.67251,4.526932,-5.319768,7660
32.52,70.74168,0,0,2.397996,2.319969,0.1213828,-2.076609,4.67251,4.541855,-5.267719,7668
32.54,62.93073,0,0,2.402891,2.33389,0.1824515,-1.662779,4.60503,4.490826,-5.498779,7664
32.56,61.69948,0,0,2.401642,2.339466,0.1977187,-2.179635,4.60503,4.474555,-5.592609,7672
32.58,62.29073,0,0,2.40881,2.336531,0.1519171,-2.671098,4.60503,4.470107,-5.616937,7652
32.6,63.1674,0,0,2.408887,2.328053,0.04504682,-2.938053,4.60503,4.468939,-5.637022,7668
32.62,69.82433,0,0,2.416353,2.328225,0.2435202,-3.038729,4.67251,4.525199,-5.356608,7656
32.64,69.9259,0,0,2.405438,2.325363,-0.0007547362,-2.401592,4.67251,4.539246,-5.360966,7660
32.66,62.61119,0,0,2.407521,2.332512,0.06031401,-1.977721,4.60503,4.488437,-5.586715,7656
32.68,67.73141,0,0,2.398804,2.334765,0.02977964,-2.407931,4.67251,4.526762,-5.443403,7664
32.7,62.25325,0,0,2.397589,2.32888,0.04504682,-2.18014,4.60503,4.482011,-5.682094,7632
32.72,62.04796,0,0,2.395167,2.324869,0.1061156,-2.57393,4.60503,4.469491,-5.72457,7656
32.74,68.98804,0,0,2.399932,2.322575,0.06031401,-2.862684,4.67251,4.522113,-5.459658,7640
32.76,63.4971,0,0,2.403743,2.321336,0.1977187,-2.368501,4.60503,4.483118,-5.63191,7656
32.78,68.73026,0,0,2.408283,2.330174,0.1213828,-2.600925,4.67251,4.52783,-5.389657,7644
32.8,62.73079,0,0,2.416482,2.335357,0.1519171,-2.258539,4.60503,4.486039,-5.579703,7640
32.82,61.89963,0,0,2.422323,2.341689,0.1671843,-2.656024,4.60503,4.474485,-5.6086,7652
32.84,62.46361,0,0,2.417417,2.334552,0.1061156,-2.993854,4.60503,4.469888,-5.663516,7652
32.86,63.271,0,0,2.41723,2.326732,0.1213828,-3.158739,4.60503,4.46916,-5.662697,7644
32.88,63.82347,0,0,2.424594,2.325802,0.1824515,-3.20442,4.60503,4.471041,-5.610048,7636
32.9,57.96283,0,0,2.43638,2.328833,0.1671843,-3.217542,4.53755,4.419122,-5.783732,7644
32.92,64.2536,0,0,2.432293,2.326358,0.1366499,-3.802897,4.60503,4.459054,-5.586358,7648
32.94,59.53981,0,0,2.424456,2.313478,-0.596175,-3.539424,4.53755,4.415039,-5.808519,7636
32.96,71.75168,0,0,2.425535,2.315768,0.4877952,-3.826508,4.67251,4.51404,-5.302503,7628
32.98,66.23055,0,0,2.418619,2.314196,-0.03128911,-2.769215,4.60503,4.486279,-5.473541,7640
33,64.30547,0,0,2.42897,2.332045,0.9152762,-2.6517,4.60503,4.480006,-5.435694,7648
33.02,63.46255,0,0,2.443621,2.347642,0.6557342,-2.815955,4.60503,4.478777,-5.415355,7648
33.04,69.22148,0,0,2.432413,2.347117,-0.2755641,-2.979412,4.67251,4.529568,-5.278738,7648
33.06,68.98155,0,0,2.440094,2.352541,0.02977964,-2.527055,4.67251,4.543826,-5.250524,7640
33.08,67.56264,0,0,2.435697,2.358943,0.2587874,-2.240067,4.67251,4.545516,-5.31392,7660
33.1,60.45303,0,0,2.425165,2.355934,0.1671843,-2.172105,4.60503,4.487824,-5.663055,7656
33.12,60.22989,0,0,2.42216,2.348908,0.04504682,-2.837311,4.60503,4.470608,-5.75877,7652
33.14,61.64581,0,0,2.418241,2.333312,0.1519171,-3.289752,4.60503,4.465769,-5.795607,7644
33.16,69.14589,0,0,2.40663,2.317612,0.1061156,-3.403345,4.67251,4.519217,-5.569492,7656
33.18,69.80162,0,0,2.415957,2.320343,0.01451245,-2.739732,4.67251,4.537458,-5.432527,7648
33.2,68.58606,0,0,2.418611,2.333874,0.1213828,-2.23933,4.67251,4.543083,-5.384255,7648
33.22,61.27554,0,0,2.413806,2.340567,0.1061156,-2.02676,4.60503,4.48785,-5.662198,7644
33.24,60.75435,0,0,2.411786,2.34014,-0.0007547362,-2.622081,4.60503,4.471211,-5.736831,7660
33.26,61.85722,0,0,2.419391,2.334475,0.1824515,-3.092701,4.60503,4.467829,-5.725008,7652
33.28,63.00076,0,0,2.418481,2.325185,0.02977964,-3.289943,4.60503,4.46766,-5.715669,7648
33.3,63.78552,0,0,2.421033,2.320779,0.1366499,-3.309068,4.60503,4.469356,-5.668617,7648
33.32,58.1497,0,0,2.424031,2.318194,0.1671843,-3.255002,4.53755,4.416646,-5.858909,7644
33.34,64.52524,0,0,2.430481,2.320678,0.1824515,-3.799976,4.60503,4.458722,-5.590322,7640
33.36,71.6051,0,0,2.439298,2.325598,-0.107625,-3.536912,4.67251,4.527143,-5.252302,7640
33.38,71.01489,0,0,2.419556,2.325738,0.06031401,-2.591593,4.67251,4.542925,-5.277941,7624
33.4,63.03328,0,0,2.419368,2.337136,0.1213828,-2.027164,4.60503,4.491789,-5.51584,7648
33.42,61.47574,0,0,2.437465,2.354768,0.7015356,-2.513955,4.60503,4.478644,-5.518238,7660
33.44,61.8987,0,0,2.416351,2.341034,-0.1992282,-2.943982,4.60503,4.469921,-5.679585,7648
33.46,69.0119,0,0,2.405016,2.325711,0.04504682,-3.144945,4.67251,4.521174,-5.494206,7664
33.48,63.70163,0,0,2.399867,2.315846,0.1213828,-2.544859,4.60503,4.481339,-5.690553,7660
33.5,63.07445,0,0,2.399705,2.31761,-0.03128911,-2.678119,4.60503,4.471342,-5.684564,7652
33.52,69.50356,0,0,2.403631,2.320969,0.1213828,-2.835638,4.67251,4.524336,-5.4123,7664
33.54,63.77663,0,0,2.390505,2.31422,-0.06182348,-2.260512,4.60503,4.482447,-5.659399,7632
33.56,81.00221,0,0,2.399151,2.330123,0.1519171,-2.459905,4.80747,4.636729,-4.907772,7664
33.58,56.4129,0,0,2.394965,2.331437,0.07558119,-0.8683265,4.53755,4.458508,-5.812227,7664
33.6,59.48552,0,0,2.408643,2.349841,0.4725278,-2.329395,4.60503,4.464457,-5.67671,7676
33.62,61.35809,0,0,2.4442,2.35603,0.9610775,-3.098501,4.60503,4.469963,-5.581242,7648
33.64,68.91219,0,0,2.388809,2.319678,-0.6419765,-3.26318,4.67251,4.517392,-5.604582,7636
33.66,63.93536,0,0,2.397712,2.310267,-0.01602192,-2.625641,4.60503,4.479916,-5.713999,7664
33.68,57.18288,0,0,2.416595,2.320791,0.6099325,-2.759598,4.53755,4.419126,-5.854802,7672
33.7,63.70439,0,0,2.410371,2.317603,-0.01602192,-3.51245,4.60503,4.45614,-5.668059,7640
33.72,65.40823,0,0,2.4071,2.307486,-0.01602192,-3.343452,4.60503,4.467026,-5.619642,7640
33.74,71.82224,0,0,2.380367,2.295555,-0.1534266,-2.973399,4.67251,4.522339,-5.428427,7648
33.76,65.47182,0,0,2.388437,2.302979,-0.03128911,-2.101465,4.60503,4.485647,-5.536574,7668
33.78,63.84607,0,0,2.397603,2.320262,0.2435202,-2.191354,4.60503,4.476523,-5.509761,7668
33.8,75.7052,0,0,2.389815,2.325967,0.4725278,-2.388202,4.73999,4.580897,-5.091412,7660
33.82,63.4575,0,0,2.382783,2.323698,-0.1381594,-1.314086,4.60503,4.498264,-5.558238,7668
33.84,55.41034,0,0,2.385256,2.32929,0.04504682,-1.850484,4.53755,4.420128,-5.875117,7672
33.86,68.28195,0,0,2.406907,2.33518,0.2893218,-3.072816,4.67251,4.510608,-5.385225,7664
33.88,70.25569,0,0,2.391744,2.318974,-0.107625,-2.544497,4.67251,4.533266,-5.404251,7644
33.9,69.56854,0,0,2.381527,2.316579,0.06031401,-1.958091,4.67251,4.538856,-5.41268,7660
33.92,62.32893,0,0,2.395204,2.329039,0.2282531,-1.68036,4.60503,4.487611,-5.59121,7672
33.94,67.51503,0,0,2.398987,2.338105,0.1213828,-2.23725,4.67251,4.527385,-5.403562,7668
33.96,62.03935,0,0,2.398407,2.333273,0.1671843,-2.091619,4.60503,4.482506,-5.657287,7640
33.98,67.91866,0,0,2.390912,2.328427,0.2282531,-2.520062,4.67251,4.523578,-5.493134,7652
34,68.62408,0,0,2.398845,2.328375,0.2282531,-2.230872,4.67251,4.536514,-5.429893,7640
34.02,67.83104,0,0,2.414659,2.342166,0.3351234,-2.010971,4.67251,4.542222,-5.362333,7644
34.04,66.88182,0,0,2.409481,2.347473,0.01451245,-1.93564,4.67251,4.541372,-5.425064,7640
34.06,66.32927,0,0,2.404562,2.347162,0.1061156,-1.970111,4.67251,4.539034,-5.492006,7656
34.08,60.06868,0,0,2.410323,2.346258,0.1366499,-2.071471,4.60503,4.483779,-5.745826,7640
34.1,66.21814,0,0,2.419359,2.347722,0.1213828,-2.79162,4.67251,4.524245,-5.529269,7648
34.12,67.46616,0,0,2.40556,2.333637,0.04504682,-2.611204,4.67251,4.533371,-5.572577,7636
34.14,55.46324,0,0,2.398968,2.322327,0.1213828,-2.353307,4.53755,4.426491,-6.055151,7652
34.16,-22.20346,0,0,2.389026,2.270124,0.02977964,-3.444388,3.660311,3.685754,-9.26698,7660
34.18,105.1048,0,0,2.3899,2.236823,-0.7946484,-11.8906,5.009911,4.583669,-4.740421,7720
34.2,33.36954,0,0,2.173278,2.01854,-16.55038,-4.105908,3.99771,3.991399,-8.287552,7608
34.22,56.56898,0,0,1.732092,1.771725,-2.672511,-4.83639,4.267631,4.004031,-8.817341,7668
34.24,97.38936,0,0,2.10312,1.904323,8.732072,-3.88086,4.60503,4.370856,-4.919353,7664
34.26,38.37624,0,0,1.887305,1.853805,-16.58091,1.384838,3.93023,3.89963,-7.480477,7620
34.28,-27.57556,0,0,2.155961,1.997043,19.89238,-1.868416,3.25543,3.271881,-8.569743,7676
34.3,3.255615,0,0,2.327091,2.064033,3.6023,-11.21544,3.525351,3.342542,-7.175272,7736
34.32,96.62372,0,0,2.034384,1.838895,-16.79465,-13.45437,4.335111,3.980826,-5.240339,7696
34.34,21.8215,0,0,1.559405,1.47539,-24.36718,-4.173339,3.32291,3.293213,-9.573483,7656
34.36,78.63004,0,0,1.227558,1.270111,-0.9320526,-4.43329,3.93023,3.588622,-7.866503,7708
34.38,23.92508,0,0,1.582406,1.396294,10.74734,0.1719437,3.18795,3.161997,-7.350501,7668
34.4,-31.69318,0,0,1.472485,1.395863,-8.611445,-2.083474,2.58063,2.547444,-9.475968,7708
34.42,8.370758,0,0,1.854166,1.551359,14.73207,-10.24389,2.918031,2.724604,-6.314196,7768
34.44,-3.708191,0,0,1.745924,1.440823,-12.1229,-11.40783,2.58063,2.49133,-7.411355,7728
34.46,-47.63316,0,0,1.09299,0.980458,-24.65725,-11.59714,1.90583,1.804942,-11.90248,7752
34.48,5.443886,0,0,1.133404,0.8075605,-2.641977,-16.06816,2.243231,1.953624,-9.180154,7788
34.5,-25.28101,0,0,0.6703953,0.426949,-25.92443,-12.36484,1.568431,1.431201,-11.56162,7776
34.52,27.17273,0,0,0.2588353,0.1069316,-9.893888,-11.66714,1.90583,1.56652,-9.998735,7824
34.54,-2.800125,0,0,0.2472157,0.005926326,-5.695413,-5.776629,1.298511,1.180895,-9.448935,7772
34.56,8.542625,0,0,0.08076862,-0.04639793,-5.49694,-4.363217,1.298511,1.102396,-8.099338,7848
34.58,50.98183,0,0,0.3664138,0.1449516,8.762607,-3.00351,1.63591,1.440323,-3.735768,7844
34.6,-29.10605,0,0,0.3169744,0.2092127,-2.657244,2.190769,0.6911907,0.777004,-5.883229,7816
34.62,-38.50123,0,0,0.5803334,0.4069198,14.24352,-3.211178,0.6237106,0.5906719,-4.584695,7868
34.64,-34.1254,0,0,0.8101154,0.5211742,7.098485,-8.477893,0.5562305,0.5210444,-3.586852,7864
34.66,-14.38905,0,0,0.527999,0.3342181,-14.56565,-10.78949,0.6237106,0.5179793,-4.28261,7876
34.68,24.70259,0,0,0.3401606,0.1479292,-6.535108,-9.707901,0.89363,0.733817,-3.271307,7888
34.7,28.44581,0,0,0.1425582,0.009818487,-10.90152,-4.407784,0.8261509,0.7404341,-3.11451,7852
34.72,71.27716,0,0,0.05826785,0.01838869,1.190086,-0.1588213,1.298511,1.13952,-0.6925927,7860
34.74,65.83769,0,0,0.2521811,0.2297436,7.510698,6.469457,1.298511,1.291022,1.121137,7800
34.76,-42.16,0,0,0.4427904,0.4762965,10.42673,9.633879,0.2863102,0.5270907,-1.626945,7824
34.78,-58.08448,0,0,1.026482,0.8702776,27.08322,-0.9131817,0.2863102,0.3771689,-0.3067436,7892
34.8,-60.43096,0,0,1.411717,1.05749,13.63284,-10.78869,0.2188301,0.3007509,-0.2333467,7884
34.82,-62.07143,0,0,1.164087,0.8274184,-15.64962,-17.00524,0.08387089,0.1065559,-2.889889,7872
34.84,12.32399,0,0,0.4678634,0.2751579,-38.04657,-19.23126,0.6911907,0.4523605,-3.854994,7888
34.86,22.43779,0,0,0.1832889,-0.08632202,-7.787018,-12.19121,0.5562305,0.4474047,-4.065916,7856
34.88,65.35786,0,0,-0.2387393,-0.3239565,-22.06183,-5.115523,0.9611101,0.7605495,-2.818357,7864
34.9,64.71471,0,0,-0.04443984,-0.162578,16.94582,3.501166,0.9611101,0.9165065,-0.2074788,7848
34.92,42.6633,0,0,0.2151813,0.1807099,10.90001,8.394034,0.89363,0.9471322,1.401127,7840
34.94,22.49721,0,0,0.6629738,0.6265674,26.57941,8.044508,0.89363,0.9961047,2.964801,7848
34.96,9.0855,0,0,1.207668,1.085618,24.15192,4.082752,0.9611101,1.097719,4.275658,7836
34.98,-97.34227,0,0,1.502958,1.309758,13.20536,-1.015523,-0.05108929,0.288415,0.03738761,7860
35,-72.94531,0,0,1.585704,1.296783,4.79314,-15.48272,0.2863102,0.3034879,-0.8148108,7936
35.02,-23.06197,0,0,1.464157,1.024253,-9.2832,-22.28919,0.6237106,0.5454512,-1.277773,7892
35.04,-99.78302,0,0,0.8262886,0.4417302,-35.81756,-19.99595,-0.4559698,-0.3450816,-7.814826,7868
35.06,-46.95792,0,0,-0.07270184,-0.2899892,-36.09237,-23.46957,-0.1185694,-0.3988041,-9.769609,7936
35.08,-4.34885,0,0,0.02751535,-0.5289395,-4.153428,-20.42288,-0.05108929,-0.2534616,-6.541659,7888
35.1,-68.87704,0,0,-0.3754963,-0.8013969,-25.32901,-12.93281,-0.9958096,-0.9734105,-9.08716,7908
35.12,49.73169,0,0,-0.9431542,-1.094503,-25.54275,-12.66133,0.15135,-0.2635472,-5.30548,7972
35.14,47.27744,0,0,-0.06151852,-0.6295103,33.67865,-2.826329,-0.05108929,-0.03281553,0.8272424,7884
35.16,27.029,0,0,0.09505695,-0.2012593,6.106118,2.880345,-0.05108929,0.04987034,2.452595,7916
35.18,10.42419,0,0,-0.1872383,-0.1138907,8.04505,5.264458,-0.05108929,-3.994955e-05,1.106235,7908
35.2,-44.24932,0,0,1.154177,0.6749847,53.41911,1.354756,-0.4559698,-0.1586668,4.930851,7916
35.22,-60.25296,0,0,1.596641,1.130024,20.19773,-8.318441,-0.3884897,-0.1563174,4.799677,7932
35.24,-76.99548,0,0,1.415281,1.031696,-11.92442,-16.07611,-0.5234499,-0.3613065,1.195044,7924
35.26,-23.55575,0,0,0.7330871,0.4938747,-32.44351,-20.96801,-0.05108929,-0.1588682,-1.449199,7928
35.28,-9.879974,0,0,0.4447873,0.0783097,-9.66488,-17.82272,-0.1185694,-0.1697177,-2.514608,7920
35.3,6.566488,0,0,-0.02335751,-0.2822083,-24.48931,-12.86983,-0.05108929,-0.1472216,-3.299397,7912
35.32,15.09582,0,0,-0.3301079,-0.5016536,-1.008389,-6.90491,-0.05108929,-0.1421626,-3.163775,7920
35.34,-13.55518,0,0,-0.1492261,-0.3974082,4.90001,-2.510484,-0.3884897,-0.3491371,-2.171427,7900
35.36,-23.55862,0,0,0.01397826,-0.2160748,10.07558,-2.974952,-0.4559698,-0.4254434,-1.094491,7916
35.38,-24.4055,0,0,0.2600875,-0.02002937,9.907645,-5.047812,-0.4559698,-0.4129844,0.143468,7912
35.4,-24.32562,0,0,0.3169453,0.05611917,3.205353,-6.745927,-0.4559698,-0.4121762,0.2596803,7912
35.42,-17.4977,0,0,0.338801,0.0742873,0.7931387,-7.953418,-0.3884897,-0.3611405,0.4272067,7944
35.44,-28.6721,0,0,0.3509238,0.06785367,1.190086,-8.120875,-0.5234499,-0.4578758,-0.09350467,7948
35.46,-16.40818,0,0,0.3412084,0.05486991,0.2893218,-9.322282,-0.3884897,-0.3776081,0.2101085,7936
35.48,-20.18171,0,0,0.3255272,0.02785649,-0.2908313,-8.839375,-0.4559698,-0.4116664,-0.05584157,7952
35.5,-19.60101,0,0,0.2379815,-0.02658483,-2.901519,-8.644801,-0.4559698,-0.431909,-0.3978539,7940
35.52,-12.08003,0,0,0.254566,-0.03201346,0.1824515,-8.475376,-0.3884897,-0.3747724,0.05607581,7948
35.54,-11.19785,0,0,0.2071825,-0.05209273,-0.9015187,-7.465889,-0.3884897,-0.3630324,0.01594079,7948
35.56,-11.83503,0,0,0.1964809,-0.04907994,-0.01602192,-6.665598,-0.3884897,-0.3583941,0.1094349,7944
35.58,-18.8457,0,0,0.2005187,-0.03612712,-0.06182348,-6.214644,-0.4559698,-0.4100666,-0.0318712,7940
35.6,-19.56123,0,0,0.2146521,-0.0208676,0.9152762,-6.667624,-0.4559698,-0.4224062,0.02292788,7940
35.62,-12.78198,0,0,0.2155079,-0.01898603,0.4572606,-7.043616,-0.3884897,-0.3714272,0.2637954,7944
35.64,-18.24343,0,0,0.2254118,-0.01667342,0.7626044,-6.642427,-0.4559698,-0.4103718,0.1107051,7952
35.66,-12.89222,0,0,0.2238102,-0.01131198,0.6710012,-6.918047,-0.3884897,-0.3668497,0.3190013,7940
35.68,-12.61858,0,0,0.2198329,-0.01195709,-0.2144953,-6.551011,-0.3884897,-0.355826,0.3235723,7948
35.7,-19.36274,0,0,0.2083988,-0.01558977,0.1213828,-6.25282,-0.4559698,-0.4095641,0.03334916,7944
35.72,-19.52018,0,0,0.1836598,-0.03092626,-0.4740371,-6.666318,-0.4559698,-0.4280602,-0.1071019,7948
35.74,-18.02584,0,0,0.17556,-0.04795346,-0.1686933,-6.929221,-0.4559698,-0.4325885,-0.1087931,7936
35.76,-22.59577,0,0,0.1695538,-0.06372735,-0.07709067,-6.935692,-0.5234499,-0.4867611,-0.2996621,7944
35.78,-15.37496,0,0,0.1710416,-0.06919244,-0.04655629,-7.39392,-0.4559698,-0.4437895,0.01034248,7940
35.8,-7.780805,0,0,0.1735869,-0.06870075,0.3656577,-6.966515,-0.3884897,-0.3742761,0.388541,7940
35.82,-14.28701,0,0,0.1694837,-0.06134254,0.2587874,-5.907356,-0.4559698,-0.4091889,0.2468948,7932
35.84,-10.20626,0,0,0.1784986,-0.038398,0.7320697,-5.881553,-0.3884897,-0.3631683,0.5250835,7928
35.86,-11.23277,0,0,0.2060546,-0.01076992,0.6099325,-5.536945,-0.3884897,-0.3483825,0.634411,7932
35.88,-19.01278,0,0,0.1967246,-0.003594525,0.5183294,-5.402184,-0.4559698,-0.4038863,0.270066,7940
35.9,-19.88687,0,0,0.199461,-0.002965614,-0.3519,-6.110829,-0.4559698,-0.4211556,0.1589137,7940
35.92,-24.90482,0,0,0.198796,-0.01795223,0.2129859,-6.676563,-0.5234499,-0.4816167,-0.1533433,7948
35.94,-11.19891,0,0,0.1797872,-0.04108866,-0.2297625,-7.490534,-0.3884897,-0.3905643,0.211328,7940
35.96,-15.14706,0,0,0.1810579,-0.05529252,-0.6267089,-6.64648,-0.4559698,-0.417195,0.10058,7936
35.98,-9.846431,0,0,0.1628271,-0.05749653,0.6710012,-6.420815,-0.3884897,-0.3706985,0.3117838,7952
36,-10.01853,0,0,0.158458,-0.05332762,-0.7946484,-5.720531,-0.3884897,-0.3576373,0.3720811,7944
36.02,-17.56142,0,0,0.1814178,-0.03088155,1.037414,-5.342985,-0.4559698,-0.4055965,0.2501084,7956
36.04,-18.63083,0,0,0.1632311,-0.03168522,-0.4893047,-5.812597,-0.4559698,-0.4236389,0.09639776,7948
36.06,-11.84103,0,0,0.1722818,-0.03223791,0.5335966,-6.252736,-0.3884897,-0.3728766,0.3467654,7952
36.08,-23.17127,0,0,0.1668984,-0.04339071,0.304589,-5.855972,-0.5234499,-0.4689372,-0.1292088,7976
36.1,-17.47156,0,0,0.1877556,-0.03503646,0.2129859,-6.786229,-0.4559698,-0.4368275,0.1509422,7940
36.12,-15.87551,0,0,0.1928551,-0.03938907,-0.2908313,-6.846476,-0.4559698,-0.4269873,0.197208,7936
36.14,-9.386169,0,0,0.169404,-0.05100532,0.2129859,-6.651657,-0.3884897,-0.3723799,0.3671158,7936
36.16,-15.32453,0,0,0.1455905,-0.06400089,-0.3824344,-5.800133,-0.4559698,-0.4143955,0.1035116,7948
36.18,-16.48494,0,0,0.1680963,-0.04731752,0.9458106,-5.891483,-0.4559698,-0.4214866,0.2144022,7940
36.2,-16.4527,0,0,0.1573861,-0.04891668,-0.6419765,-6.046005,-0.4559698,-0.4257843,0.158142,7960
36.22,-16.11375,0,0,0.1660954,-0.04706533,0.6404669,-6.16938,-0.4559698,-0.4254804,0.2006924,7960
36.24,-9.679645,0,0,0.1464504,-0.05602369,-0.1228922,-6.15686,-0.3884897,-0.3734415,0.3666734,7944
36.26,-9.543672,0,0,0.1432964,-0.05648755,0.2435202,-5.485003,-0.3884897,-0.3587168,0.4159373,7944
36.28,-16.88149,0,0,0.1463955,-0.04720669,0.3198562,-5.038133,-0.4559698,-0.4090246,0.2048623,7948
36.3,-11.83267,0,0,0.1410755,-0.04185381,-0.183961,-5.465583,-0.3884897,-0.3701076,0.3662612,7932
36.32,-11.42878,0,0,0.145873,-0.04026554,0.3809245,-5.254955,-0.3884897,-0.3593286,0.3904154,7936
36.34,-12.02772,0,0,0.1375302,-0.0407917,-0.04655629,-5.051203,-0.3884897,-0.3582591,0.3394762,7936
36.36,-12.66061,0,0,0.1440535,-0.03469296,0.1824515,-4.994273,-0.3884897,-0.3575975,0.3451657,7944
36.38,-19.13398,0,0,0.1424604,-0.03576621,0.01451245,-5.024645,-0.4559698,-0.4133966,0.06226623,7936
36.4,-12.96472,0,0,0.1343535,-0.04294735,-0.03128911,-5.671065,-0.3884897,-0.3756683,0.2099726,7944
36.42,-11.67906,0,0,0.1352073,-0.05105305,0.1366499,-5.477107,-0.3884897,-0.364357,0.2483083,7948
36.44,-17.80123,0,0,0.130976,-0.05551472,0.02977964,-5.208961,-0.4559698,-0.4157651,0.01782286,7944
36.46,-23.85435,0,0,0.1235778,-0.06436998,0.07558119,-5.633629,-0.5234499,-0.4851399,-0.267682,7940
36.48,-16.2766,0,0,0.1262411,-0.07424081,0.1977187,-6.526902,-0.4559698,-0.4474937,-0.0144617,7960
36.5,-13.86858,0,0,0.1210435,-0.08937699,-0.3824344,-6.336405,-0.4559698,-0.43532,0.0660392,7944
36.52,-13.35235,0,0,0.1244493,-0.08842794,0.8084057,-5.968924,-0.4559698,-0.4287746,0.1826691,7960
36.54,-13.62413,0,0,0.128861,-0.07920717,-0.550373,-5.683904,-0.4559698,-0.4251224,0.2686447,7940
36.56,-8.211546,0,0,0.1433868,-0.06015328,0.8084057,-5.559,-0.3884897,-0.3673126,0.598361,7920
36.58,-21.00292,0,0,0.12877,-0.06084226,-0.1992282,-4.906598,-0.5234499,-0.4644839,0.07031536,7948
36.6,-10.14882,0,0,0.1407341,-0.04754074,0.5030622,-5.787495,-0.3884897,-0.3808497,0.5189996,7932
36.62,-15.29652,0,0,0.1540477,-0.04400089,0.06031401,-5.324413,-0.4559698,-0.411535,0.3543697,7936
36.64,-16.311,0,0,0.1360481,-0.04916793,0.5030622,-5.488203,-0.4559698,-0.4238115,0.2196484,7956
36.66,-16.00197,0,0,0.1349095,-0.05521048,-0.8099151,-5.695112,-0.4559698,-0.427483,0.1912439,7936
36.68,-9.613738,0,0,0.1522032,-0.04808246,0.6862684,-5.841616,-0.3884897,-0.3707445,0.5045385,7948
36.7,-9.666087,0,0,0.1397531,-0.05002142,-0.2908313,-5.260632,-0.3884897,-0.3575097,0.4734479,7952
36.72,-17.01587,0,0,0.1428851,-0.04297483,0.2282531,-4.893162,-0.4559698,-0.4087753,0.2360498,7960
36.74,-11.95543,0,0,0.1438737,-0.0363137,-0.06182348,-5.391676,-0.3884897,-0.3693508,0.4075622,7956
36.76,-11.54774,0,0,0.146618,-0.03652071,0.3351234,-5.222112,-0.3884897,-0.3590648,0.4068726,7972
36.78,-12.13585,0,0,0.1410454,-0.03689583,-0.04655629,-5.0525,-0.3884897,-0.3578111,0.3583719,7952
36.8,-12.68259,0,0,0.1369746,-0.03719661,0.2282531,-4.987759,-0.3884897,-0.3587949,0.3123648,7944
36.82,-19.00789,0,0,0.1349341,-0.04084707,0.2587874,-5.000554,-0.4559698,-0.4146632,0.03581905,7944
36.84,-24.77401,0,0,0.1280232,-0.05378764,0.04504682,-5.634933,-0.5234499,-0.485807,-0.2832105,7948
36.86,-16.8857,0,0,0.1366016,-0.06512917,0.2587874,-6.654059,-0.4559698,-0.4477479,-0.02035469,7948
36.88,-14.32073,0,0,0.1364231,-0.07984099,-0.3519,-6.529551,-0.4559698,-0.4346998,0.0727039,7948
36.9,-7.620888,0,0,0.1250361,-0.08500396,0.5183294,-6.142889,-0.3884897,-0.3755111,0.3618983,7956
36.92,-13.92247,0,0,0.1196972,-0.08185443,-0.3519,-5.195883,-0.4559698,-0.4131751,0.2090907,7952
36.94,-9.525394,0,0,0.1352497,-0.05851338,0.8542075,-5.240745,-0.3884897,-0.3664395,0.5228595,7948
36.96,-16.31843,0,0,0.1564814,-0.03801564,0.3809245,-4.899802,-0.4559698,-0.4068754,0.3720218,7940
36.98,-17.61776,0,0,0.151361,-0.03245822,0.4572606,-5.353905,-0.4559698,-0.4213774,0.2543817,7928
37,-17.19467,0,0,0.1526079,-0.03780775,-0.4740371,-5.793992,-0.4559698,-0.4265133,0.1964621,7932
37.02,-16.58166,0,0,0.1726976,-0.03543228,0.4419934,-6.098786,-0.4559698,-0.4249372,0.254795,7940
37.04,-10.1101,0,0,0.163316,-0.04122728,-0.09235785,-6.208516,-0.3884897,-0.3714616,0.4361008,7936
37.06,-10.05288,0,0,0.1635525,-0.04055627,0.02977964,-5.625216,-0.3884897,-0.3565161,0.4698675,7952
37.08,-17.38234,0,0,0.1590286,-0.03661918,0.2435202,-5.224676,-0.4559698,-0.4084414,0.2014018,7956
37.1,-12.22211,0,0,0.1525364,-0.03479848,-0.06182348,-5.677006,-0.3884897,-0.3700551,0.3495163,7944
37.12,-11.71251,0,0,0.1564134,-0.03543878,0.1824515,-5.467823,-0.3884897,-0.3593407,0.3697498,7960
37.14,-18.31015,0,0,0.1545829,-0.03607065,0.1213828,-5.277857,-0.4559698,-0.41183,0.1080417,7948
37.16,-12.67927,0,0,0.1614679,-0.0313462,0.2587874,-5.832026,-0.3884897,-0.3709915,0.3239135,7940
37.18,-17.99229,0,0,0.164725,-0.03533735,0.2129859,-5.648544,-0.4559698,-0.4143338,0.1044412,7956
37.2,-24.20843,0,0,0.1656854,-0.04021771,0.3656577,-6.071492,-0.5234499,-0.480819,-0.1686525,7940
37.22,-22.94958,0,0,0.1650801,-0.05346578,-0.0007547362,-6.978902,-0.5234499,-0.4984247,-0.2021102,7936
37.24,-8.482205,0,0,0.1708022,-0.06280662,-0.2450293,-7.454457,-0.3884897,-0.3906387,0.3515602,7940
37.26,-19.10899,0,0,0.1540584,-0.07858024,0.2435202,-6.268606,-0.5234499,-0.470542,-0.05441147,7932
37.28,-8.384187,0,0,0.1649579,-0.06159326,-0.1686933,-6.565649,-0.3884897,-0.3796614,0.4965845,7940
37.3,-20.4682,0,0,0.1957246,-0.04050554,0.9000088,-5.78239,-0.5234499,-0.4597844,0.2202618,7948
37.32,-10.0393,0,0,0.1650816,-0.03979968,0.3351234,-6.393589,-0.3884897,-0.379099,0.4809764,7940
37.34,-9.513265,0,0,0.1915899,-0.02702326,0.2282531,-5.819784,-0.3884897,-0.3534269,0.6286412,7928
37.36,-10.95836,0,0,0.1445303,-0.03900776,0.2893218,-5.257852,-0.3884897,-0.3552143,0.3959944,7940
37.38,-12.12164,0,0,0.1488917,-0.03366379,-1.191595,-5.037684,-0.3884897,-0.3555186,0.3925562,7936
37.4,-13.01111,0,0,0.1569555,-0.02458431,0.8847416,-5.033525,-0.3884897,-0.3555552,0.3853921,7940
37.42,-19.43121,0,0,0.1378103,-0.03533382,-0.8404495,-5.077259,-0.4559698,-0.4146871,0.0102492,7940
37.44,-13.27747,0,0,0.1602818,-0.02947359,0.3809245,-5.809007,-0.3884897,-0.3727889,0.2916622,7944
37.46,-12.16079,0,0,0.1529524,-0.03840407,0.02977964,-5.655598,-0.3884897,-0.3625177,0.2703138,7960
37.48,-12.44595,0,0,0.1646503,-0.03223333,0.7015356,-5.469737,-0.3884897,-0.3575422,0.3304115,7952
37.5,-18.92279,0,0,0.146715,-0.04004559,-0.4129688,-5.333235,-0.4559698,-0.4142202,-0.001183271,7952
37.52,-18.94159,0,0,0.158383,-0.03908744,0.2282531,-5.927532,-0.4559698,-0.4277883,0.01381767,7952
37.54,-17.54092,0,0,0.1444469,-0.05574816,-0.2908313,-6.286792,-0.4559698,-0.4330375,-0.04343331,7956
37.56,-9.886587,0,0,0.1144646,-0.08056635,-0.2144953,-6.287952,-0.3884897,-0.3820544,0.1282324,7952
37.58,-15.00231,0,0,0.1226776,-0.08296604,0.1061156,-5.533209,-0.4559698,-0.4182219,0.05786806,7948
37.6,-9.765619,0,0,0.1247341,-0.07137727,0.09084838,-5.546143,-0.3884897,-0.3717824,0.351064,7940
37.62,-15.87937,0,0,0.128302,-0.06407467,0.3198562,-5.044858,-0.4559698,-0.4132194,0.1823047,7928
37.64,-10.93252,0,0,0.1475544,-0.0439985,0.6862684,-5.379842,-0.3884897,-0.3676531,0.4775164,7936
37.66,-16.92636,0,0,0.1356512,-0.04745256,-0.3977011,-5.08294,-0.4559698,-0.4132067,0.1784675,7932
37.68,-23.64816,0,0,0.1583333,-0.03878189,0.7626044,-5.560199,-0.5234499,-0.4776103,-0.01855743,7944
37.7,-10.81021,0,0,0.1596814,-0.04110535,-0.107625,-6.55338,-0.3884897,-0.3863819,0.3967288,7940
37.72,-9.180917,0,0,0.1609499,-0.04779428,-0.107625,-5.91853,-0.3884897,-0.3605571,0.4638412,7948
37.74,-16.44012,0,0,0.1636532,-0.0407527,0.3809245,-5.341846,-0.4559698,-0.4076091,0.2543137,7952
37.76,-23.68089,0,0,0.158829,-0.0397679,-0.183961,-5.687793,-0.5234499,-0.4771375,-0.06673741,7936
37.78,-16.88834,0,0,0.1610913,-0.04580955,0.1061156,-6.651817,-0.4559698,-0.4414828,0.1224952,7940
37.8,-14.79824,0,0,0.1503759,-0.06439119,-0.3977011,-6.574412,-0.4559698,-0.4320629,0.1227427,7936
37.82,-7.963119,0,0,0.1146572,-0.08582965,-0.1686933,-6.198069,-0.3884897,-0.3778866,0.2828682,7932
37.84,-8.071791,0,0,0.1328606,-0.07313603,-0.2755641,-5.297772,-0.3884897,-0.3576938,0.4822937,7936
37.86,-10.05838,0,0,0.1466774,-0.04629592,1.129017,-4.751905,-0.3884897,-0.3506488,0.5674432,7932
37.88,-18.03883,0,0,0.1532438,-0.02796409,0.5946653,-4.624012,-0.4559698,-0.4053068,0.2987724,7940
37.9,-19.20057,0,0,0.1772859,-0.01126882,1.022146,-5.421065,-0.4559698,-0.4196334,0.277618,7932
37.92,-18.35522,0,0,0.1577359,-0.02918126,-0.3977011,-6.022015,-0.4559698,-0.4287335,0.09860522,7940
37.94,-10.98656,0,0,0.1555284,-0.0434945,-0.09235785,-6.318164,-0.3884897,-0.3760785,0.3139982,7944
37.96,-16.22049,0,0,0.1520803,-0.05335915,0.3351234,-5.760854,-0.4559698,-0.4154115,0.1155326,7956
37.98,-16.83243,0,0,0.15231,-0.05202623,-0.107625,-5.916053,-0.4559698,-0.4253487,0.1156432,7940
38,-16.39002,0,0,0.1543686,-0.05314542,0.1366499,-6.087499,-0.4559698,-0.4273937,0.1336784,7940
38.02,-15.85943,0,0,0.1538705,-0.05615582,0.02977964,-6.15499,-0.4559698,-0.427452,0.1507971,7944
38.04,-15.48451,0,0,0.1547514,-0.05743858,0.1977187,-6.1474,-0.4559698,-0.4266053,0.180252,7936
38.06,-21.27015,0,0,0.1512486,-0.0623298,0.09084838,-6.100113,-0.5234499,-0.4810133,-0.05118376,7924
38.08,-8.76603,0,0,0.1449854,-0.06515971,0.1824515,-6.622278,-0.3884897,-0.3865843,0.4015571,7936
38.1,-13.67444,0,0,0.137292,-0.07264652,-0.3366328,-5.687956,-0.4559698,-0.4152578,0.2324477,7928
38.12,-14.95964,0,0,0.1305549,-0.06807005,0.5793981,-5.540298,-0.4559698,-0.4234565,0.2211574,7936
38.14,-15.42687,0,0,0.161546,-0.04753369,0.7015356,-5.660097,-0.4559698,-0.4212013,0.3562989,7928
38.16,-9.676799,0,0,0.1534394,-0.04331276,-0.2602969,-5.76617,-0.3884897,-0.3686558,0.5290184,7924
38.18,-9.898182,0,0,0.1442602,-0.04446453,-0.3213652,-5.231039,-0.3884897,-0.3565233,0.4961676,7940
38.2,-23.36648,0,0,0.1590384,-0.03442011,0.4572606,-4.950332,-0.5234499,-0.4613252,0.05235249,7948
38.22,-18.01411,0,0,0.1501389,-0.03782314,-0.1992282,-6.099539,-0.4559698,-0.4384329,0.1317179,7940
38.24,-15.91248,0,0,0.1507783,-0.05308939,-0.3977011,-6.324268,-0.4559698,-0.4317129,0.137491,7968
38.26,-8.979817,0,0,0.1423016,-0.06288368,0.4572606,-6.225643,-0.3884897,-0.3748505,0.378379,7952
38.28,-14.95673,0,0,0.1428578,-0.06277405,-0.2144953,-5.462075,-0.4559698,-0.4125535,0.2164078,7924
38.3,-16.33594,0,0,0.1596818,-0.04557128,0.4725278,-5.605105,-0.4559698,-0.4204486,0.2745056,7944
38.32,-16.42169,0,0,0.1534753,-0.04551061,0.1977187,-5.829172,-0.4559698,-0.4248537,0.2149343,7932
38.34,-10.10813,0,0,0.1597602,-0.04269396,0.09084838,-5.998666,-0.3884897,-0.3706912,0.4679157,7940
38.36,-16.08133,0,0,0.1528173,-0.0465972,0.304589,-5.460529,-0.4559698,-0.4118603,0.2198427,7948
38.38,-11.01111,0,0,0.1526309,-0.04118391,0.2129859,-5.698475,-0.3884897,-0.3688162,0.4224458,7936
38.4,-10.92854,0,0,0.1507942,-0.04027605,-0.01602192,-5.34088,-0.3884897,-0.3578537,0.4229841,7956
38.42,-17.98271,0,0,0.1620749,-0.03098648,0.304589,-5.132462,-0.4559698,-0.4086385,0.2112794,7952
38.44,-18.60387,0,0,0.1509027,-0.03542755,-0.01602192,-5.680128,-0.4559698,-0.4257258,0.08456969,7940
38.46,-11.59195,0,0,0.1603171,-0.03811656,0.1977187,-6.126573,-0.3884897,-0.3742472,0.3400639,7956
38.48,-16.90448,0,0,0.1635049,-0.04235353,0.04504682,-5.728471,-0.4559698,-0.4138966,0.1464748,7968
38.5,-11.49762,0,0,0.1681631,-0.03604919,0.04504682,-6.006164,-0.3884897,-0.3692859,0.3821377,7936
38.52,-17.31666,0,0,0.1690614,-0.03652652,0.1061156,-5.65505,-0.4559698,-0.4120175,0.1617491,7952
38.54,-23.92225,0,0,0.1661791,-0.03990278,0.09084838,-6.0081,-0.5234499,-0.4793011,-0.1321779,7928
38.56,-16.93685,0,0,0.1733475,-0.04452333,0.2587874,-6.924503,-0.4559698,-0.4415887,0.0996145,7952
38.58,-14.95033,0,0,0.1714578,-0.05669734,-0.107625,-6.82092,-0.4559698,-0.4301235,0.1480994,7944
38.6,-14.45332,0,0,0.1517779,-0.06925873,0.1977187,-6.490981,-0.4559698,-0.4281741,0.1269059,7936
38.62,-14.44487,0,0,0.1538637,-0.06731468,-0.107625,-6.221519,-0.4559698,-0.4255655,0.2010985,7932
38.64,-8.721359,0,0,0.1587684,-0.05650784,0.5793981,-6.048988,-0.3884897,-0.3687637,0.5030931,7944
38.66,-15.25247,0,0,0.1416102,-0.05790697,-0.1992282,-5.316875,-0.4559698,-0.4109464,0.2319825,7944
38.68,-16.51046,0,0,0.1403896,-0.0523014,0.4419934,-5.486142,-0.4559698,-0.4231555,0.1986668,7932
38.7,-16.43085,0,0,0.1575005,-0.04412679,0.5030622,-5.776185,-0.4559698,-0.4244355,0.2504385,7936
38.72,-10.06822,0,0,0.1505073,-0.04642802,0.1671843,-5.93885,-0.3884897,-0.3717619,0.440373,7948
38.74,-15.9672,0,0,0.1485687,-0.04941105,-0.1228922,-5.40325,-0.4559698,-0.4123052,0.2198033,7936
38.76,-16.98925,0,0,0.1598135,-0.04015652,0.5183294,-5.673795,-0.4559698,-0.4220584,0.2305331,7944
38.78,-16.71808,0,0,0.1551227,-0.04415544,-0.1381594,-5.948017,-0.4559698,-0.4262692,0.1775119,7940
38.8,-10.15848,0,0,0.1578073,-0.045459,-0.0007547362,-6.103207,-0.3884897,-0.3721335,0.4237613,7948
38.82,-16.08661,0,0,0.1626273,-0.04399474,0.2587874,-5.561867,-0.4559698,-0.4110722,0.2385822,7952
38.84,-11.13724,0,0,0.163755,-0.0356443,-0.06182348,-5.798768,-0.3884897,-0.3674822,0.4441658,7944
38.86,-17.16422,0,0,0.1610992,-0.03703919,0.1213828,-5.457736,-0.4559698,-0.4115366,0.1922051,7956
38.88,-17.87775,0,0,0.1664247,-0.03364526,0.1213828,-5.855058,-0.4559698,-0.4234631,0.1624038,7948
38.9,-17.28819,0,0,0.1694214,-0.03743879,-0.04655629,-6.201823,-0.4559698,-0.4266874,0.1460577,7948
38.92,-10.53851,0,0,0.1689132,-0.04133552,0.1519171,-6.364255,-0.3884897,-0.372584,0.3827524,7952
38.94,-16.22455,0,0,0.1590774,-0.04900623,0.02977964,-5.766544,-0.4559698,-0.4133823,0.1463861,7956
38.96,-17.04518,0,0,0.1612709,-0.04543941,0.2129859,-5.94696,-0.4559698,-0.4238831,0.1429955,7952
38.98,-22.69324,0,0,0.1637149,-0.04896214,0.1061156,-6.164509,-0.5234499,-0.4810988,-0.09171093,7944
39,-9.912164,0,0,0.172657,-0.04688727,0.2282531,-6.892315,-0.3884897,-0.3854158,0.4081228,7936
39.02,-8.645542,0,0,0.165805,-0.0521473,-0.2450293,-6.065124,-0.3884897,-0.3593994,0.4641897,7936
39.04,-16.06581,0,0,0.1516735,-0.05110609,0.4725278,-5.350368,-0.4559698,-0.4088654,0.1976951,7936
39.06,-17.29606,0,0,0.1480221,-0.0467952,-0.550373,-5.615317,-0.4559698,-0.4235334,0.1461906,7932
39.08,-10.92084,0,0,0.1592308,-0.040976,0.6099325,-5.943152,-0.3884897,-0.3714996,0.4166657,7928
39.1,-16.51084,0,0,0.1408924,-0.05246168,-0.2450293,-5.473538,-0.4559698,-0.4149804,0.1211922,7940
39.12,-17.08017,0,0,0.1476427,-0.0498256,0.1061156,-5.740959,-0.4559698,-0.4254349,0.1327982,7932
39.14,-22.46403,0,0,0.1408209,-0.06006088,0.02977964,-5.964823,-0.5234499,-0.4838553,-0.1396522,7948
39.16,-9.388035,0,0,0.1428858,-0.06433124,-0.1381594,-6.648303,-0.3884897,-0.388868,0.3480754,7940
39.18,-8.028311,0,0,0.1503491,-0.06313422,-0.2144953,-5.799174,-0.3884897,-0.3600878,0.4890786,7944
39.2,-15.67596,0,0,0.15,-0.05142692,0.304589,-5.101197,-0.4559698,-0.4069396,0.2830957,7948
39.22,-17.33059,0,0,0.1622942,-0.03450523,-0.3671672,-5.44895,-0.4559698,-0.4194919,0.2764801,7936
39.24,-23.25269,0,0,0.1635337,-0.03682105,0.5946653,-5.86439,-0.5234499,-0.4792412,-0.01966494,7936
39.26,-16.25777,0,0,0.1530363,-0.05145992,-0.06182348,-6.704463,-0.4559698,-0.4426818,0.1181225,7940
39.28,-20.35977,0,0,0.1605035,-0.06411538,-0.01602192,-6.577708,-0.5234499,-0.4844514,-0.03440905,7944
39.3,-13.7565,0,0,0.147461,-0.07420927,0.3961921,-6.860764,-0.4559698,-0.4413543,0.1758338,7936
39.32,-6.589914,0,0,0.1356794,-0.08136316,-0.5351062,-6.337712,-0.3884897,-0.3745281,0.4639287,7936
39.34,-13.33001,0,0,0.138792,-0.07188278,0.5641309,-5.27557,-0.4559698,-0.4090751,0.3392,7936
39.36,-9.287817,0,0,0.1299822,-0.05821442,0.07558119,-5.222599,-0.3884897,-0.3660044,0.5252045,7928
39.38,-16.20563,0,0,0.1598008,-0.0355041,0.7931387,-4.872851,-0.4559698,-0.405899,0.4086266,7948
39.4,-23.44139,0,0,0.1317393,-0.04473943,0.1671843,-5.276691,-0.5234499,-0.4785464,-0.0536924,7944
39.42,-16.45448,0,0,0.1327817,-0.05646865,-0.519839,-6.271741,-0.4559698,-0.4437581,0.1211212,7944
39.44,-14.35972,0,0,0.1418054,-0.06665584,0.4267263,-6.248376,-0.4559698,-0.4312436,0.2056994,7952
39.46,-13.74004,0,0,0.1097093,-0.08657479,-0.2755641,-5.927094,-0.4559698,-0.4310802,0.120231,7948
39.48,-13.58017,0,0,0.1148352,-0.08588599,-0.1686933,-5.656737,-0.4559698,-0.4280597,0.2135875,7952
39.5,-7.822479,0,0,0.1233351,-0.07342983,0.4419934,-5.477817,-0.3884897,-0.3703696,0.5366291,7952
39.52,-8.537751,0,0,0.1246576,-0.0608455,-0.183961,-4.784033,-0.3884897,-0.3549471,0.5830547,7940
39.54,-16.44464,0,0,0.1275542,-0.04692315,0.3198562,-4.413269,-0.4559698,-0.4067663,0.3279319,7948
39.56,-17.85172,0,0,0.147922,-0.03009415,0.9305434,-5.029003,-0.4559698,-0.4203021,0.3124034,7932
39.58,-17.55987,0,0,0.1614485,-0.02682766,0.304589,-5.626311,-0.4559698,-0.4242051,0.2799451,7928
39.6,-10.67897,0,0,0.138385,-0.0448413,-0.1228922,-5.925887,-0.3884897,-0.3750291,0.3669474,7940
39.62,-16.12899,0,0,0.1495446,-0.04852606,-0.03128911,-5.459859,-0.4559698,-0.4136056,0.207815,7952
39.64,-10.90276,0,0,0.1515821,-0.04252372,0.5030622,-5.699147,-0.3884897,-0.3691836,0.4256124,7924
39.66,-16.79614,0,0,0.1461172,-0.04621915,-0.107625,-5.322899,-0.4559698,-0.413069,0.1721563,7952
39.68,-17.46299,0,0,0.1526717,-0.04236133,0.4114593,-5.685725,-0.4559698,-0.4244224,0.1595066,7936
39.7,-23.05784,0,0,0.1750733,-0.03747413,0.09084838,-6.065262,-0.5234499,-0.4792091,-0.01075125,7928
39.72,-16.23897,0,0,0.1705133,-0.04511779,0.01451245,-6.867434,-0.4559698,-0.4404796,0.1601506,7944
39.74,-8.469446,0,0,0.164012,-0.05651602,-0.3366328,-6.684507,-0.3884897,-0.3748966,0.4233908,7944
39.76,-8.398442,0,0,0.1385959,-0.06667997,0.2740546,-5.700752,-0.3884897,-0.3592808,0.402201,7932
39.78,-15.97363,0,0,0.137717,-0.05852406,-0.07709067,-5.037742,-0.4559698,-0.4091281,0.2033892,7940
39.8,-17.45922,0,0,0.1644644,-0.03538193,1.266421,-5.440367,-0.4559698,-0.4197131,0.2740347,7952
39.82,-11.31498,0,0,0.1622234,-0.03207293,-0.1534266,-5.855447,-0.3884897,-0.3702124,0.4469634,7948
39.84,-11.00788,0,0,0.1616463,-0.03337438,0.1366499,-5.510061,-0.3884897,-0.3575086,0.4436651,7956
39.86,-12.03044,0,0,0.1690931,-0.0242458,0.1213828,-5.269422,-0.3884897,-0.3536705,0.4520614,7968
39.88,-13.02087,0,0,0.1620306,-0.02172397,-0.1381594,-5.196634,-0.3884897,-0.3553378,0.3705727,7956
39.9,-13.60508,0,0,0.1625374,-0.02020673,0.06031401,-5.251147,-0.3884897,-0.3570253,0.3216846,7964
39.92,-19.75278,0,0,0.1475055,-0.03233467,0.01451245,-5.311729,-0.4559698,-0.4153904,-0.02647376,7952
39.94,-19.35926,0,0,0.1553035,-0.03813823,0.01451245,-5.991738,-0.4559698,-0.4298106,-0.03702259,7940
39.96,-17.81857,0,0,0.1639372,-0.0459392,0.02977964,-6.426893,-0.4559698,-0.4314051,0.006609023,7976
39.98,-16.51318,0,0,0.1607829,-0.0563656,0.09084838,-6.548939,-0.4559698,-0.4307953,0.03129607,7940
40,-15.69557,0,0,0.16303,-0.06001732,0.1366499,-6.500132,-0.4559698,-0.4284838,0.098028,7952
40.02,-15.32643,0,0,0.1624785,-0.0602212,0.2282531,-6.381534,-0.4559698,-0.4266196,0.1487041,7948
40.04,-15.31951,0,0,0.1728455,-0.05224362,0.1977187,-6.293672,-0.4559698,-0.4237675,0.2329213,7940
40.06,-15.50098,0,0,0.1731839,-0.04744418,0.1366499,-6.238153,-0.4559698,-0.4230542,0.2487219,7940
40.08,-15.61433,0,0,0.1678062,-0.04777908,0.06031401,-6.206232,-0.4559698,-0.4239193,0.2290436,7948
40.1,-15.56912,0,0,0.1604552,-0.05156589,0.2282531,-6.175735,-0.4559698,-0.4251893,0.203393,7952
40.12,-9.503486,0,0,0.1658946,-0.0465665,0.1061156,-6.15836,-0.3884897,-0.3696105,0.4800211,7948
40.14,-21.89248,0,0,0.1701639,-0.04347566,0.2587874,-5.558989,-0.5234499,-0.463421,0.0479666,7956
40.16,-16.81751,0,0,0.1606868,-0.04406331,-0.183961,-6.382149,-0.4559698,-0.4367025,0.1691476,7956
40.18,-3.343354,0,0,0.1705487,-0.04227388,0.2740546,-6.431985,-0.3210096,-0.318118,0.7130517,7960
40.2,-9.723936,0,0,0.1669417,-0.03774393,0.1366499,-5.098218,-0.3884897,-0.3408448,0.5320169,7964
40.22,-18.64369,0,0,0.1675025,-0.02232447,0.2129859,-4.864965,-0.4559698,-0.403407,0.2389244,7968
40.24,-19.71405,0,0,0.1749571,-0.01499192,0.01451245,-5.639389,-0.4559698,-0.421957,0.1554613,7944
40.26,-24.52649,0,0,0.1549373,-0.03925792,-0.107625,-6.217197,-0.5234499,-0.4859529,-0.2377192,7956
40.28,-16.68631,0,0,0.1640512,-0.05327447,0.01451245,-7.099535,-0.4559698,-0.4455328,0.02687067,7948
40.3,-8.443646,0,0,0.1682884,-0.06159633,-0.183961,-6.893985,-0.3884897,-0.3764817,0.3745818,7952
40.32,-8.246445,0,0,0.1367752,-0.07315411,-0.2755641,-5.831168,-0.3884897,-0.3604447,0.3510996,7972
40.34,-15.88305,0,0,0.1471471,-0.0578741,-0.0007547362,-5.133439,-0.4559698,-0.4080963,0.2200907,7944
40.36,-11.52317,0,0,0.1725029,-0.02926062,1.358024,-5.511676,-0.3884897,-0.3639061,0.5264599,7956
40.38,-17.79262,0,0,0.1666791,-0.02712809,-0.2144953,-5.323312,-0.4559698,-0.4098949,0.2261025,7944
40.4,-18.44985,0,0,0.1708946,-0.02561972,0.3656577,-5.845321,-0.4559698,-0.4232832,0.1647488,7952
40.42,-11.62848,0,0,0.1673155,-0.03287892,-0.0007547362,-6.244358,-0.3884897,-0.3733036,0.3490569,7956
40.44,-10.94175,0,0,0.163833,-0.03914648,0.1213828,-5.807518,-0.3884897,-0.3596176,0.3648432,7980
40.46,-17.74823,0,0,0.160623,-0.03901135,0.1824515,-5.441844,-0.4559698,-0.4108871,0.1198764,7956
40.48,-18.24802,0,0,0.1485328,-0.04481569,0.01451245,-5.853432,-0.4559698,-0.4271191,0.02674907,7936
40.5,-17.07994,0,0,0.1362457,-0.06070691,0.06031401,-6.141723,-0.4559698,-0.43266,-0.01896709,7964
40.52,-21.79838,0,0,0.1312712,-0.07617341,0.09084838,-6.201621,-0.5234499,-0.4875314,-0.2277995,7952
40.54,-8.545147,0,0,0.1250237,-0.08392482,0.1213828,-6.682964,-0.3884897,-0.3915402,0.2737406,7944
40.56,-13.16066,0,0,0.1263273,-0.0869938,0.1519171,-5.668543,-0.4559698,-0.4171746,0.190291,7960
40.58,-14.56038,0,0,0.1314383,-0.07249347,0.06031401,-5.472341,-0.4559698,-0.4224504,0.2547783,7956
