Tiempo,ControlPWM,ReferenciaPosicion,ReferenciaTheta,ThetaMedido,ThetaObservado,OmegaMedido,OmegaObservado,PosicionMedido,PosicionObservado,VelocidadObservado,TiempoTranscurrido
0,-69.79933,0,0,-0.09914047,-0.08944502,-0.3824344,0.2043183,-0.7933693,-0.6577531,-3.243733,0
0.02,-57.8845,0,0,-0.1910974,-0.2185647,-0.3366328,-6.426525,-0.7258892,-0.7884395,-3.580184,7816
0.04,-37.02636,0,0,-0.2742154,-0.4091491,-0.2908313,-9.354697,-0.7258892,-0.8141431,-3.392106,7960
0.06,-26.01405,0,0,-0.3479718,-0.5559959,-0.1228922,-8.916985,-0.7933693,-0.8545269,-2.956175,7948
0.08,-15.42739,0,0,-0.382144,-0.6142102,2.045048,-7.352086,-0.7933693,-0.8393949,-2.005612,7968
0.1,20.44533,0,0,-0.3869486,-0.5893508,3.464895,-5.163533,-0.4559698,-0.538722,0.1910412,7956
0.12,19.80452,0,0,-0.2914835,-0.4636426,9.281691,-0.343724,-0.4559698,-0.429031,1.505121,7932
0.14,-21.8527,0,0,-0.04991835,-0.2176625,17.70918,2.053864,-0.7933693,-0.6404016,1.588305,7944
0.16,-29.47997,0,0,0.3515397,0.1131488,20.94582,-1.772811,-0.7258892,-0.6060625,2.931074,7960
0.18,47.46963,0,0,0.6257118,0.3688827,14.5794,-5.902998,0.2188301,0.1749271,6.462274,7964
0.2,39.20407,0,0,0.5984344,0.4400015,0.1977187,-0.8948278,0.2188301,0.3478081,5.595303,7860
0.22,23.22885,0,0,0.6498245,0.5672959,11.83131,1.431747,0.2863102,0.4243144,4.925035,7904
0.24,2.505098,0,0,0.9978748,0.8311656,17.25116,0.3345497,0.2863102,0.4596932,5.01551,7884
0.26,-14.43571,0,0,1.127397,0.9691335,12.18246,-2.967382,0.2863102,0.4395816,3.780741,7916
0.28,-24.6424,0,0,1.263545,1.029136,5.403827,-7.327654,0.2863102,0.4125582,2.628911,7892
0.3,-118.1576,0,0,1.186284,0.8847435,-3.481672,-11.17772,-0.7258892,-0.4582615,-2.790452,7900
0.32,-110.6159,0,0,1.033802,0.6126239,-6.229764,-22.73672,-0.7258892,-0.7278053,-4.778007,7968
0.34,-85.48961,0,0,0.7105636,0.1463085,-20.48931,-28.67898,-0.7933693,-0.8816702,-6.366192,7964
0.36,-50.0653,0,0,-0.1094106,-0.565941,-43.52748,-27.62453,-0.7933693,-0.9915709,-8.553079,7972
0.38,-8.161224,0,0,-0.9450185,-1.259384,-30.97787,-20.71424,-0.7258892,-1.001231,-9.156788,7980
0.4,14.15931,0,0,-1.430982,-1.656394,-21.0084,-10.23382,-0.7933693,-1.025042,-7.832931,7948
0.42,27.62277,0,0,-1.440634,-1.625278,4.625201,-0.7886901,-0.7933693,-0.9434705,-4.357146,7960
0.44,123.3929,0,0,-1.172728,-1.248939,16.67101,6.229786,0.2863102,0.04332399,3.234721,7960
0.46,69.60193,0,0,-0.5961006,-0.6130704,27.66338,18.82539,-0.1185694,0.0736302,5.946863,7884
0.48,-4.762714,0,0,0.1271735,0.1847646,44.19773,19.4863,-0.4559698,-0.1359513,7.054862,7920
0.5,-36.20232,0,0,1.127005,1.010416,45.67865,9.303635,-0.3884897,-0.07927115,8.985455,7928
0.52,31.57357,0,0,1.551352,1.423141,17.43437,-2.086743,0.6237106,0.7118833,10.92531,7948
0.54,-71.74982,0,0,1.495053,1.367883,-6.09236,-2.932354,-0.3884897,0.01218506,4.201749,7880
0.56,-84.04118,0,0,1.070455,1.012554,-16.27557,-12.76977,-0.3884897,-0.2946327,-0.548092,7960
0.58,-67.84045,0,0,1.017874,0.6743446,-7.359537,-20.30308,-0.3884897,-0.3896936,-2.079446,7944
0.6,-20.49614,0,0,0.4020034,0.1012427,-36.04657,-21.81674,-0.1185694,-0.2684844,-3.866863,7952
0.62,6.214603,0,0,-0.5112171,-0.6209149,-36.42825,-15.26438,-0.1185694,-0.3174348,-6.37923,7912
0.64,23.83796,0,0,-0.6925787,-0.8779481,-7.985489,-7.404548,-0.1185694,-0.2759599,-4.730929,7912
0.66,36.35134,0,0,-0.7728531,-0.8772857,1.800773,-0.03998104,-0.05108929,-0.1635499,-2.579304,7904
0.68,1.568306,0,0,-0.3946612,-0.5500598,18.38093,5.0608,-0.3884897,-0.3194093,-0.5333798,7900
0.7,-11.36146,0,0,0.005259983,-0.139796,20.67101,3.707573,-0.3884897,-0.310318,1.475968,7936
0.72,63.7101,0,0,0.3538612,0.2262903,16.74734,0.4570032,0.5562305,0.4806023,5.849886,7952
0.74,46.81539,0,0,0.4876968,0.441546,5.129018,5.366951,0.4887505,0.6239963,5.639606,7884
0.76,28.12232,0,0,0.5814312,0.6417354,10.88475,6.583135,0.5562305,0.6895527,5.016671,7880
0.78,13.50726,0,0,0.8972144,0.8995168,14.4878,4.539176,0.6237106,0.7645147,5.031264,7880
0.8,-98.77823,0,0,1.070862,1.002192,9.785508,1.004072,-0.4559698,-0.1149143,0.06772625,7892
0.82,-97.7459,0,0,1.119264,0.9312539,0.7168028,-12.89722,-0.3884897,-0.3331191,-1.736682,7956
0.84,-50.79721,0,0,0.9327611,0.5899209,-14.99313,-21.4929,-0.1185694,-0.2112939,-2.617237,7960
0.86,-23.06923,0,0,0.2574336,-0.02274181,-41.25267,-20.45709,-0.1185694,-0.2526678,-5.136853,7932
0.88,31.89728,0,0,-0.565301,-0.6682007,-31.60382,-14.3957,0.2188301,-0.05158352,-5.827307,7920
0.9,54.75603,0,0,-0.6737478,-0.8384806,-4.596176,-4.227694,0.2863102,0.1229852,-3.379093,7892
0.92,-66.18008,0,0,-0.7579639,-0.8273829,4.68627,5.05336,-1.06329,-0.8859261,-6.369538,7888
0.94,10.58312,0,0,-0.1457951,-0.3752922,30.74735,-2.616666,-0.1185694,-0.2804449,0.3543189,7980
0.96,29.19458,0,0,0.2020209,-0.06037953,11.84658,-1.079133,0.0163908,0.03648031,2.947595,7916
0.98,8.611645,0,0,-0.1134499,-0.08073667,-17.84809,2.580374,-0.1185694,-0.05661917,1.01134,7916
1,0.1257153,0,0,-0.04206811,-0.007005019,16.25879,2.742286,-0.1185694,-0.07898748,1.101408,7916
1.02,-5.648602,0,0,0.2130032,0.159652,8.04505,1.249346,-0.1185694,-0.05740636,1.827278,7908
1.04,-3.282197,0,0,0.1285428,0.1518473,-3.22213,-0.1538497,-0.05108929,-0.0289247,1.105562,7920
1.06,-11.40349,0,0,0.3049794,0.2220465,6.319859,-1.349206,-0.1185694,-0.0586883,1.200866,7916
1.08,-13.11637,0,0,0.2020701,0.1661291,-4.443504,-2.71023,-0.1185694,-0.09457793,0.2441909,7900
1.1,-12.04273,0,0,0.2554717,0.1500569,1.32749,-3.921532,-0.1185694,-0.09908717,0.2011368,7932
1.12,-4.76074,0,0,0.2474751,0.1231994,-0.5656406,-4.587181,-0.05108929,-0.04839284,0.23289,7920
1.14,-10.42576,0,0,0.2995161,0.1329519,1.190086,-4.43623,-0.1185694,-0.08152184,0.1560224,7920
1.16,-5.546391,0,0,0.2873217,0.1308402,1.083215,-4.873323,-0.05108929,-0.04024488,0.2078021,7928
1.18,-11.39316,0,0,0.2717921,0.1146925,-0.8404495,-4.633512,-0.1185694,-0.08748731,-0.1543135,7924
1.2,-11.81896,0,0,0.2763509,0.1102688,0.5183294,-5.072667,-0.1185694,-0.09992197,-0.2033676,7920
1.22,-10.88764,0,0,0.2607374,0.09255042,-1.130526,-5.363358,-0.1185694,-0.105531,-0.2964018,7928
1.24,-9.891374,0,0,0.2680063,0.08577045,-0.03128911,-5.476413,-0.1185694,-0.104405,-0.2403041,7920
1.26,-3.262587,0,0,0.2647012,0.08322445,-0.1228922,-5.43273,-0.05108929,-0.04860545,0.02296907,7944
1.28,2.633778,0,0,0.2759424,0.09688259,-0.2144953,-4.756735,0.0163908,0.02384123,0.377914,7932
1.3,-11.37408,0,0,0.2789169,0.1128143,0.3351234,-3.735317,-0.1185694,-0.0666659,-0.06847513,7924
1.32,-7.857478,0,0,0.2840931,0.1307448,0.7320697,-4.48715,-0.05108929,-0.03890663,0.06238896,7924
1.34,-13.33031,0,0,0.2750696,0.1203119,-0.3060985,-4.620443,-0.1185694,-0.08969817,-0.280884,7932
1.36,-7.189322,0,0,0.2972729,0.1253377,0.9152762,-5.315528,-0.05108929,-0.04588675,-0.01421362,7916
1.38,-12.35291,0,0,0.2995285,0.1190016,0.3503905,-5.171758,-0.1185694,-0.08868017,-0.2514234,7924
1.4,-6.502954,0,0,0.2996051,0.1179733,0.1213828,-5.590437,-0.05108929,-0.04575644,-0.05268759,7912
1.42,-5.913457,0,0,0.3035666,0.1173256,0.2435202,-5.288086,-0.05108929,-0.03323639,-0.01398164,7940
1.44,-12.61227,0,0,0.3002577,0.117422,-0.03128911,-5.023736,-0.1185694,-0.0852821,-0.2713239,7916
1.46,-13.03051,0,0,0.298007,0.1155503,-0.09235785,-5.519457,-0.1185694,-0.1003533,-0.3291461,7920
1.48,0.02241659,0,0,0.3024171,0.1150358,-0.2602969,-5.891386,0.0163908,0.005928062,0.1642517,7916
1.5,-11.52427,0,0,0.2937636,0.1076287,-0.0007547362,-4.806029,-0.1185694,-0.0751573,-0.2756134,7924
1.52,-7.309244,0,0,0.3066264,0.1236076,0.4114593,-5.278471,-0.05108929,-0.04088666,-0.02994674,7948
1.54,-6.911471,0,0,0.3004255,0.121973,-0.7641136,-5.155427,-0.05108929,-0.03353573,-0.06364942,7920
1.56,-7.402836,0,0,0.3127218,0.1303066,0.7931387,-5.06708,-0.05108929,-0.03013799,-0.02478421,7920
1.58,-7.893721,0,0,0.2998378,0.1273319,0.1061156,-5.025308,-0.05108929,-0.03227747,-0.1134939,7924
1.6,-14.18064,0,0,0.3076626,0.1278085,0.1366499,-5.0743,-0.1185694,-0.08685685,-0.345152,7920
1.62,-8.103142,0,0,0.316588,0.1305876,0.4877952,-5.762357,-0.05108929,-0.04616716,-0.1226327,7916
1.64,-13.02465,0,0,0.3145247,0.1211081,-0.1992282,-5.607257,-0.1185694,-0.09000771,-0.3568696,7920
1.66,-6.894929,0,0,0.3099785,0.1167143,0.304589,-5.979594,-0.05108929,-0.04734799,-0.1508069,7924
1.68,-5.991912,0,0,0.299445,0.1077012,-0.107625,-5.576076,-0.05108929,-0.03627917,-0.1423293,7924
1.7,-0.6062679,0,0,0.3195026,0.1252874,0.1519171,-5.262078,0.0163908,0.02533792,0.2214645,7940
1.72,-7.963704,0,0,0.3256649,0.1414227,0.2587874,-4.537766,-0.05108929,-0.01301279,0.01783723,7916
1.74,-16.01517,0,0,0.3251249,0.150486,0.4725278,-4.810914,-0.1185694,-0.08100061,-0.3206349,7920
1.76,-9.839417,0,0,0.3205928,0.1442304,-0.107625,-5.79289,-0.05108929,-0.04747133,-0.2099322,7928
1.78,-14.10194,0,0,0.318468,0.1265548,-0.03128911,-5.820314,-0.1185694,-0.09295446,-0.4557592,7928
1.8,-7.262396,0,0,0.2985865,0.1080236,-0.7335792,-6.201645,-0.05108929,-0.0521601,-0.3000839,7928
1.82,-11.946,0,0,0.3042756,0.1000413,-0.2602969,-5.778254,-0.1185694,-0.09234061,-0.4239931,7920
1.84,0.09719992,0,0,0.2907559,0.09872856,0.2740546,-5.916612,0.0163908,0.005644308,0.03591579,7928
1.86,-11.47539,0,0,0.2779484,0.09181532,-0.9931214,-4.765534,-0.1185694,-0.07757934,-0.3823328,7924
1.88,-6.977576,0,0,0.2769022,0.1014064,1.159551,-5.157813,-0.05108929,-0.04526927,-0.1590809,7936
1.9,-6.085255,0,0,0.2485861,0.08656235,-1.680145,-4.888228,-0.05108929,-0.04053146,-0.2379399,7920
1.92,-6.077306,0,0,0.2547777,0.08916581,1.006879,-4.629723,-0.05108929,-0.03680933,-0.1567599,7924
1.94,-12.218,0,0,0.2307331,0.07806821,-0.519839,-4.396379,-0.1185694,-0.09362059,-0.4679531,7932
1.96,-6.016745,0,0,0.2429356,0.08286827,0.1061156,-4.885854,-0.05108929,-0.0514025,-0.1647053,7928
1.98,-10.95226,0,0,0.2366241,0.0752146,0.07558119,-4.574368,-0.1185694,-0.09462629,-0.3702903,7936
2,-4.96663,0,0,0.2412191,0.07921129,0.1671843,-4.869825,-0.05108929,-0.04997791,-0.09367156,7940
2.02,-4.314287,0,0,0.2356259,0.07741985,0.2435202,-4.44645,-0.05108929,-0.03791853,-0.05713761,7936
2.04,-4.917263,0,0,0.2288476,0.0801243,0.1213828,-4.078507,-0.05108929,-0.03525283,-0.05285501,7940
2.06,-5.676875,0,0,0.2344572,0.0896886,0.1977187,-3.910945,-0.05108929,-0.03390683,-0.02125108,7940
2.08,-0.2408314,0,0,0.2291318,0.0954501,0.1977187,-3.858765,0.0163908,0.019419,0.1792512,7932
2.1,-12.88174,0,0,0.2312804,0.09766194,0.2129859,-3.294491,-0.1185694,-0.07601474,-0.2867474,7932
2.12,-7.950819,0,0,0.2332096,0.1022789,0.5030622,-4.198225,-0.05108929,-0.04836635,-0.1362288,7932
2.14,-12.38555,0,0,0.2144113,0.07997172,-0.6877776,-4.256924,-0.1185694,-0.09856738,-0.4600343,7932
2.16,-17.55721,0,0,0.2238904,0.06956332,0.6404669,-4.76909,-0.1860495,-0.1637737,-0.6550326,7920
2.18,-9.659187,0,0,0.222606,0.05618578,-0.6114421,-5.619742,-0.1185694,-0.1249731,-0.4027025,7928
2.2,-7.409736,0,0,0.2479995,0.05765179,0.2282531,-5.452454,-0.1185694,-0.1074777,-0.1785249,7944
2.22,-1.169867,0,0,0.2351073,0.0584544,0.1213828,-5.071071,-0.05108929,-0.04841158,0.08595586,7944
2.24,-13.83173,0,0,0.2394424,0.06593972,-0.4129688,-4.209728,-0.1860495,-0.1403085,-0.2934283,7932
2.26,-9.317296,0,0,0.2533321,0.08413003,0.8389403,-4.952578,-0.1185694,-0.1094208,-0.04923242,7936
2.28,-2.340883,0,0,0.2488342,0.08324841,-0.2602969,-4.978732,-0.05108929,-0.04790727,0.1720091,7940
2.3,-2.624751,0,0,0.2543728,0.09047398,0.3809245,-4.305279,-0.05108929,-0.03040088,0.2281755,7928
2.32,-10.39704,0,0,0.2514815,0.09901989,0.1671843,-3.8863,-0.1185694,-0.08216221,-0.05150145,7952
2.34,-5.553493,0,0,0.2466862,0.1034909,0.1824515,-4.3778,-0.05108929,-0.04427897,0.07841033,7924
2.36,-11.21865,0,0,0.2514188,0.1005279,0.3503905,-4.236522,-0.1185694,-0.08893813,-0.1645724,7920
2.38,0.4854355,0,0,0.2487302,0.1017481,0.2435202,-4.695108,0.0163908,0.007239493,0.2449403,7928
2.4,-11.31903,0,0,0.260863,0.1041566,0.3503905,-3.863002,-0.1185694,-0.07435607,-0.1491504,7916
2.42,-7.080257,0,0,0.2693331,0.1172521,0.2893218,-4.522004,-0.05108929,-0.04213647,0.02991611,7932
2.44,-6.53546,0,0,0.2690438,0.1147472,0.1671843,-4.536572,-0.05108929,-0.03485806,-0.006659389,7920
2.46,-6.732079,0,0,0.2611655,0.109371,0.2893218,-4.468538,-0.05108929,-0.03468551,-0.06997049,7932
2.48,-6.880029,0,0,0.2515846,0.1027405,0.07558119,-4.414561,-0.05108929,-0.03625233,-0.1287606,7928
2.5,-13.03326,0,0,0.2634735,0.1045327,0.1519171,-4.430577,-0.1185694,-0.08943699,-0.3257813,7936
2.52,-12.87997,0,0,0.2606957,0.09905437,0.1213828,-5.057014,-0.1185694,-0.1046489,-0.3831096,7916
2.54,-11.35147,0,0,0.2570965,0.0852368,-0.4129688,-5.44674,-0.1185694,-0.1084454,-0.3904484,7936
2.56,-10.00309,0,0,0.2630447,0.07824868,0.4572606,-5.562856,-0.1185694,-0.1065715,-0.314222,7932
2.58,-3.15421,0,0,0.2568893,0.07433037,-0.06182348,-5.477332,-0.05108929,-0.05050801,-0.03868818,7952
2.6,-9.029878,0,0,0.253736,0.0745084,-0.03128911,-4.722623,-0.1185694,-0.08899897,-0.2021064,7940
2.62,-10.0909,0,0,0.2501335,0.08036271,0.304589,-4.80414,-0.1185694,-0.09983243,-0.2124177,7936
2.64,-9.766351,0,0,0.2397638,0.07494844,-0.07709067,-4.93889,-0.1185694,-0.1043472,-0.2484291,7940
2.66,-3.129507,0,0,0.2372042,0.07252973,0.06031401,-4.980265,-0.05108929,-0.05034138,0.01149827,7936
2.68,-2.993384,0,0,0.240266,0.07744832,0.1671843,-4.343502,-0.05108929,-0.03424767,0.09120399,7944
2.7,1.763119,0,0,0.2263108,0.08462273,0.1824515,-3.862029,0.0163908,0.02232357,0.286383,7948
2.72,-11.77777,0,0,0.2352178,0.09741867,0.1671843,-3.099827,-0.1185694,-0.07145996,-0.1459134,7936
2.74,-1.557779,0,0,0.2343118,0.1099395,0.1977187,-3.952734,0.0163908,0.009774243,0.2090278,7928
2.76,-12.93388,0,0,0.2412116,0.1065535,0.2435202,-3.523415,-0.1185694,-0.07794014,-0.2531857,7928
2.78,-7.787668,0,0,0.2442289,0.1082869,0.2282531,-4.390154,-0.05108929,-0.0478571,-0.1031585,7924
2.8,-6.462818,0,0,0.2443848,0.09900738,0.2587874,-4.448183,-0.05108929,-0.03984536,-0.1118311,7928
2.82,-12.33009,0,0,0.2510357,0.0961289,0.2282531,-4.374147,-0.1185694,-0.09087348,-0.3211385,7936
2.84,-12.16292,0,0,0.2421041,0.08702194,0.2129859,-4.892653,-0.1185694,-0.1059903,-0.3913633,7912
2.86,1.270213,0,0,0.2456219,0.08330677,0.1366499,-5.215138,0.0163908,0.001112752,0.1274446,7936
2.88,-10.14611,0,0,0.2420846,0.07863531,0.1061156,-4.071231,-0.1185694,-0.07822952,-0.2625304,7936
2.9,-11.90571,0,0,0.246612,0.08921948,0.1519171,-4.475219,-0.1185694,-0.09922993,-0.2769046,7936
2.92,-11.15296,0,0,0.2415796,0.0830444,0.1061156,-4.912336,-0.1185694,-0.1061404,-0.3151731,7928
2.94,-9.96674,0,0,0.240484,0.07376999,0.1213828,-5.121895,-0.1185694,-0.1071983,-0.2974996,7944
2.96,-3.064758,0,0,0.2433664,0.07234709,-0.0007547362,-5.139569,-0.05108929,-0.05076805,0.002053857,7932
2.98,-8.900545,0,0,0.2410695,0.07235453,0.06031401,-4.451684,-0.1185694,-0.0893623,-0.1730179,7948
3,-9.99835,0,0,0.2474756,0.08265117,0.1366499,-4.601681,-0.1185694,-0.09893946,-0.152916,7940
3.02,-566.3201,8,0,0.2430883,0.08115807,0.01451245,-4.804283,-0.1185694,-0.1027695,-0.1832347,7936
3.04,-421.5754,8,0,0.2414459,-0.5260407,0.1366499,-61.68401,-0.05108929,-0.05933829,-1.598593,7952
3.06,-320.085,8,0,0.1151268,-1.636048,-11.35954,-84.38323,-0.1185694,-0.09302225,-3.897511,7944
3.08,-237.7042,8,0,-0.5346502,-2.714458,-38.94733,-86.99951,-0.05108929,-0.04132238,-4.862854,7916
3.1,-271.5513,8,0,-1.696635,-3.803048,-62.91681,-76.8299,-1.06329,-0.8887883,-9.798328,7928
3.12,-107.4211,8,0,-3.207686,-4.866713,-79.45116,-68.7019,0.2188301,-0.1518012,-7.026923,7976
3.14,-45.0993,8,0,-4.481514,-5.727315,-57.61909,-42.66798,0.2863102,0.09529709,-5.253766,7896
3.16,-54.04526,8,0,-5.520097,-6.183799,-47.31375,-15.77159,-0.05108929,-0.0965753,-3.981464,7896
3.18,-88.1991,8,0,-5.507704,-5.936701,10.19772,1.391903,-0.4559698,-0.3437276,0.4223402,7932
3.2,-118.2518,8,0,-5.20096,-5.41807,19.29696,8.435804,-0.7258892,-0.5212852,4.508108,7948
3.22,-73.56836,8,0,-4.363851,-4.62141,38.67102,7.635354,-0.1185694,0.06031188,12.11377,7948
3.24,-21.8493,8,0,-3.82682,-3.953651,19.28169,9.903785,0.6237106,0.8649415,17.44417,7916
3.26,9.153503,8,0,-3.482104,-3.399767,16.45727,15.49527,1.298511,1.62182,20.55457,7880
3.28,-87.85492,8,0,-3.025153,-2.850747,24.09086,20.80628,0.6911907,1.32576,18.52999,7832
3.3,-81.45132,8,0,-2.301832,-2.201486,35.02216,12.33527,1.298511,1.747582,20.36402,7868
3.32,-87.52362,8,0,-1.677701,-1.728024,26.85421,5.349934,1.568431,2.065111,20.27881,7844
3.34,-138.6,8,0,-1.672849,-1.679149,-4.092359,-0.1657486,1.298511,1.828183,15.43373,7820
3.36,-92.42163,8,0,-1.931349,-1.910787,-6.764116,-8.273899,1.97331,2.200631,13.31456,7852
3.38,-37.48309,8,0,-2.003108,-2.119781,-9.756483,-8.681307,2.58063,2.754764,13.35095,7792
3.4,-74.26599,8,0,-2.409209,-2.416996,-18.42824,-2.225208,2.243231,2.555972,9.437439,7780
3.42,-22.97894,8,0,-2.300891,-2.370787,5.693904,-1.778761,2.985511,3.115166,11.7121,7804
3.44,-65.44846,8,0,-2.106467,-2.219075,9.434362,3.111123,2.64811,3.004555,10.78022,7740
3.46,-27.47632,8,0,-1.996449,-2.026845,5.77024,1.759624,3.32291,3.502425,12.32965,7764
3.48,-80.02487,8,0,-1.64946,-1.774929,14.30459,3.613318,2.918031,3.322027,11.17682,7736
3.5,-40.78436,8,0,-1.681994,-1.679335,1.129017,-0.4249825,3.592831,3.763801,11.49522,7744
3.52,-75.09595,8,0,-1.443498,-1.562373,10.71681,0.1157131,3.32291,3.662865,10.1799,7712
3.54,-119.2644,8,0,-1.628655,-1.656116,-8.336635,-2.56745,2.985511,3.294514,6.483667,7720
3.56,-43.47009,8,0,-1.473568,-1.64699,7.006881,-9.154207,3.86275,3.909044,8.93815,7728
3.58,-62.96634,8,0,-1.626737,-1.793499,-11.60381,-5.47999,3.592831,3.821936,6.860736,7672
3.6,-99.0506,8,0,-1.970071,-2.015773,-12.19923,-4.027659,3.25543,3.469029,3.716199,7712
3.62,-8.937561,8,0,-1.75366,-1.942612,10.31986,-7.142617,4.267631,4.235093,8.061108,7724
3.64,-32.203,8,0,-1.759495,-1.914209,-2.489305,-0.1344014,3.99771,4.221744,7.37679,7660
3.66,-78.46112,8,0,-1.848331,-1.875079,1.006879,2.384727,3.660311,3.919055,5.443058,7704
3.68,-4.692078,8,0,-1.540361,-1.642272,16.07559,-1.410258,4.60503,4.634219,9.463458,7700
3.7,-4.940063,8,0,-1.426245,-1.493965,3.541231,3.122468,4.67251,4.875378,9.77104,7652
3.72,-30.82581,8,0,-1.530631,-1.429713,-1.420603,6.339629,4.60503,4.838344,8.153379,7660
3.74,-78.90259,8,0,-1.277873,-1.250409,14.50307,5.093608,4.267631,4.562747,6.873224,7660
3.76,-90.47339,8,0,-1.039712,-1.105416,12.442,-1.344701,4.267631,4.486867,6.336748,7672
3.78,-86.12225,8,0,-0.7894526,-1.019863,10.56413,-7.563106,4.335111,4.52638,6.246144,7652
3.8,-95.40479,8,0,-0.939582,-1.174351,-11.06946,-10.90074,4.20015,4.380843,4.00521,7684
3.82,-82.51511,8,0,-1.184306,-1.430197,-10.70305,-13.32297,4.267631,4.357101,2.636246,7672
3.84,-76.48575,8,0,-1.488814,-1.732635,-16.82519,-12.69359,4.20015,4.268275,1.307426,7648
3.86,-65.04874,8,0,-1.752346,-1.982469,-12.87099,-10.81115,4.20015,4.23591,0.9435956,7648
3.88,-47.90424,8,0,-2.050984,-2.203147,-15.00839,-7.458308,4.267631,4.272748,1.048012,7668
3.9,43.46893,8,0,-2.098509,-2.206578,-1.817549,-3.177836,5.21235,5.078538,5.583012,7672
3.92,45.74933,8,0,-2.091978,-2.065772,2.258788,8.920171,5.27983,5.374235,7.331964,7604
3.94,19.72089,8,0,-1.945848,-1.736293,7.617569,16.75534,5.27983,5.468817,8.353195,7616
3.96,-4.610657,8,0,-1.384371,-1.188159,33.80079,17.65395,5.34731,5.596817,10.25761,7608
3.98,-28.09137,8,0,-0.7454299,-0.6219591,32.06033,13.79626,5.41479,5.715412,11.36207,7620
4,-67.39124,8,0,-0.09328921,-0.1273137,32.15193,6.785952,5.27983,5.652638,10.95708,7628
4.02,-178.3721,8,0,0.2633629,0.0739312,14.59467,-3.159288,4.267631,4.780804,5.611732,7632
4.04,-174.3677,8,0,0.2182005,-0.1139587,-1.954954,-20.9843,4.335111,4.525592,2.311552,7696
4.06,-151.4892,8,0,-0.1009009,-0.6518701,-18.53511,-31.5166,4.267631,4.339741,-0.884632,7704
4.08,-80.22482,8,0,-0.7707185,-1.369584,-40.79466,-34.11433,4.67251,4.553894,-2.126684,7692
4.1,-50.17828,8,0,-1.801282,-2.215216,-52.07711,-25.48409,4.60503,4.47925,-4.720794,7528
4.12,-29.78522,8,0,-2.647593,-2.856801,-42.70306,-13.99982,4.53755,4.380997,-5.369606,7648
4.14,-33.53534,8,0,-3.17234,-3.206599,-7.756482,-2.576668,4.267631,4.161005,-4.87759,7632
4.16,64.7226,8,0,-2.757274,-2.880226,19.69391,3.747025,5.27983,5.068154,3.825677,7668
4.18,27.50177,8,0,-2.423579,-2.402568,18.56414,16.84106,4.94243,5.116935,6.476578,7612
4.2,-37.54279,8,0,-1.724967,-1.657793,41.1443,19.64636,4.60503,4.93643,8.502831,7616
4.22,26.15839,8,0,-0.9002057,-0.8632181,35.41911,12.44466,5.684711,5.81671,14.23356,7632
4.24,-125.3079,8,0,-0.4208403,-0.4200073,19.23589,12.31195,4.267631,4.887734,9.009377,7600
4.26,-64.20456,8,0,-0.1291132,-0.1591959,15.99925,-4.016675,5.27983,5.40933,10.17911,7668
4.28,-53.81644,8,0,-0.1262465,-0.2747075,-7.099994,-8.833725,5.34731,5.544346,8.043209,7596
4.3,-58.88928,8,0,-0.8079956,-0.7789922,-38.99313,-9.068388,5.27983,5.394936,3.242602,7612
4.32,-54.05127,8,0,-0.8685276,-1.022307,3.999247,-9.389193,5.27983,5.359696,2.541518,7600
4.34,-47.82993,8,0,-1.097501,-1.248044,-16.1687,-8.384795,5.27983,5.332037,1.624465,7568
4.36,-42.41351,8,0,-1.185987,-1.36519,1.953444,-6.752668,5.27983,5.331742,1.696746,7612
4.38,-39.12469,8,0,-1.260304,-1.421592,-6.596177,-4.861993,5.27983,5.337695,1.926176,7608
4.4,-37.85004,8,0,-1.280825,-1.421445,1.296956,-3.186991,5.27983,5.348953,2.350478,7600
4.42,-37.88947,8,0,-1.308668,-1.4082,-2.24503,-1.860803,5.27983,5.355107,2.617625,7596
4.44,-38.8512,8,0,-1.267879,-1.358369,2.075582,-1.09748,5.27983,5.366879,3.056272,7616
4.46,-34.35577,8,0,-1.249996,-1.313972,0.9458106,-0.7471744,5.34731,5.426771,3.476866,7608
4.48,-42.37909,8,0,-1.193245,-1.258973,2.915277,-0.2396508,5.27983,5.394126,3.501076,7620
4.5,-45.06299,8,0,-1.186558,-1.231615,0.9152762,-0.7533144,5.27983,5.380497,3.375926,7604
4.52,-51.92661,8,0,-1.138026,-1.207147,2.151918,-1.520181,5.21235,5.32482,3.183465,7592
4.54,-45.42963,8,0,-1.178406,-1.23448,-0.8862511,-2.61715,5.27983,5.35435,3.067133,7604
4.56,-37.41962,8,0,-1.163982,-1.247138,-0.3060985,-2.715025,5.34731,5.420193,3.357315,7612
4.58,-37.23987,8,0,-1.180473,-1.257257,0.3351234,-1.918932,5.34731,5.43662,3.324741,7620
4.6,-44.69394,8,0,-1.191625,-1.257832,-0.06182348,-1.341642,5.27983,5.384789,3.04358,7608
4.62,-40.06219,8,0,-1.155368,-1.231265,1.32749,-1.806448,5.34731,5.429945,3.381787,7608
4.64,-52.41187,8,0,-1.139293,-1.221872,0.5030622,-1.714946,5.21235,5.332807,2.9198,7608
4.66,-46.88446,8,0,-1.147852,-1.227605,0.1977187,-2.877913,5.27983,5.357437,2.98514,7608
4.68,-38.87158,8,0,-1.141154,-1.237652,0.01451245,-3.104101,5.34731,5.420121,3.246526,7608
4.7,-44.58768,8,0,-1.131624,-1.237114,0.3198562,-2.472924,5.27983,5.384839,3.090255,7616
4.72,-45.78018,8,0,-1.136878,-1.234046,0.1824515,-2.616522,5.27983,5.373838,3.029219,7596
4.74,-51.66016,8,0,-1.136026,-1.238431,0.02977964,-2.842741,5.21235,5.315715,2.765972,7608
4.76,-38.88513,8,0,-1.138511,-1.24343,-0.03128911,-3.567707,5.34731,5.409169,3.202068,7612
4.78,-43.50702,8,0,-1.145088,-1.254211,-0.2297625,-2.743581,5.27983,5.38028,3.020435,7616
4.8,-44.59793,8,0,-1.149258,-1.251062,0.2893218,-2.646375,5.27983,5.372529,3.014172,7608
4.82,-44.80136,8,0,-1.138134,-1.242818,0.1824515,-2.724131,5.27983,5.372068,3.065709,7600
4.84,-50.79269,8,0,-1.141997,-1.245994,-0.1381594,-2.79499,5.21235,5.316162,2.799788,7608
4.86,-38.27222,8,0,-1.148721,-1.250497,-0.0007547362,-3.416254,5.34731,5.409513,3.225009,7604
4.88,-43.2453,8,0,-1.136088,-1.248931,0.3198562,-2.602608,5.27983,5.383363,3.124657,7628
4.9,-44.68622,8,0,-1.143779,-1.243357,0.2893218,-2.542831,5.27983,5.374728,3.076454,7604
4.92,-45.01587,8,0,-1.13603,-1.236962,0.4419934,-2.672626,5.27983,5.372833,3.089455,7608
4.94,-50.85913,8,0,-1.155177,-1.250346,-0.03128911,-2.747688,5.21235,5.314089,2.746499,7620
4.96,-50.02316,8,0,-1.170307,-1.269323,-0.2297625,-3.341813,5.21235,5.296747,2.666976,7628
4.98,-36.02087,8,0,-1.161932,-1.274809,0.304589,-3.656625,5.34731,5.405347,3.244365,7624
5,-41.08014,8,0,-1.174445,-1.281609,-0.01602192,-2.417816,5.27983,5.380664,3.092799,7612
5.02,-42.88885,8,0,-1.178732,-1.270672,0.1366499,-2.089491,5.27983,5.374028,3.108834,7612
5.04,-43.77631,8,0,-1.156339,-1.249957,0.9458106,-2.120233,5.27983,5.374913,3.203387,7624
5.06,-44.19232,8,0,-1.16987,-1.250516,-0.2602969,-2.200619,5.27983,5.371364,3.108206,7604
5.08,-44.21729,8,0,-1.165859,-1.250145,0.06031401,-2.307475,5.27983,5.37044,3.102601,7604
5.1,-50.17017,8,0,-1.162521,-1.252807,0.2282531,-2.396977,5.21235,5.315705,2.858781,7608
5.12,-37.70178,8,0,-1.171098,-1.258449,-0.03128911,-3.021887,5.34731,5.408928,3.265278,7592
5.14,-42.65363,8,0,-1.165679,-1.261478,0.1519171,-2.195442,5.27983,5.381572,3.127822,7632
5.16,-44.02533,8,0,-1.172765,-1.257163,-0.183961,-2.124966,5.27983,5.372981,3.086039,7628
5.18,-38.36456,8,0,-1.158991,-1.244766,0.6099325,-2.250781,5.34731,5.426872,3.369691,7624
5.2,-44.69199,8,0,-1.168298,-1.246033,-0.0007547362,-1.746667,5.27983,5.384358,3.090991,7616
5.22,-45.7532,8,0,-1.167325,-1.242698,-0.1534266,-2.053674,5.27983,5.371929,3.037792,7640
5.24,-51.53882,8,0,-1.147679,-1.239017,1.495429,-2.428165,5.21235,5.316102,2.841727,7632
5.26,-38.63098,8,0,-1.169754,-1.254073,-0.8557167,-3.190821,5.34731,5.406531,3.172364,7628
5.28,-43.03967,8,0,-1.169399,-1.265467,-0.2297625,-2.394012,5.27983,5.378367,3.025279,7624
5.3,-44.00452,8,0,-1.177527,-1.265024,-0.1534266,-2.282118,5.27983,5.37045,3.00693,7616
5.32,-50.14401,8,0,-1.165359,-1.259833,0.1519171,-2.345357,5.21235,5.315695,2.830541,7600
5.34,-43.75671,8,0,-1.172387,-1.264073,0.2435202,-2.984913,5.27983,5.354297,3.012774,7608
5.36,-42.36102,8,0,-1.170882,-1.270297,-0.01602192,-2.767017,5.27983,5.366204,3.075222,7612
5.38,-42.6308,8,0,-1.151072,-1.257198,0.2587874,-2.533317,5.27983,5.373388,3.199748,7624
5.4,-43.2193,8,0,-1.169183,-1.258642,0.04504682,-2.359157,5.27983,5.371832,3.118437,7600
5.42,-49.53851,8,0,-1.172819,-1.261854,0.1213828,-2.298188,5.21235,5.315927,2.859227,7612
5.44,-43.41101,8,0,-1.165,-1.259356,0.1824515,-2.911587,5.27983,5.356678,3.101892,7612
5.46,-42.23383,8,0,-1.175795,-1.26961,-0.0007547362,-2.670835,5.27983,5.366677,3.092885,7616
5.48,-42.47565,8,0,-1.163992,-1.262397,0.1824515,-2.420247,5.27983,5.37212,3.177505,7624
5.5,-49.25308,8,0,-1.146675,-1.249052,0.1977187,-2.33493,5.21235,5.321023,3.007536,7604
5.52,-43.65057,8,0,-1.148547,-1.245469,0.06031401,-2.957783,5.27983,5.360045,3.172582,7608
5.54,-42.77148,8,0,-1.150928,-1.251246,0.1824515,-2.80062,5.27983,5.370013,3.16848,7616
5.56,-43.03217,8,0,-1.156543,-1.253606,0.1366499,-2.589171,5.27983,5.372043,3.147992,7608
5.58,-43.55048,8,0,-1.145913,-1.245517,0.1213828,-2.503528,5.27983,5.374082,3.188567,7608
5.6,-44.05627,8,0,-1.14517,-1.241021,0.02977964,-2.504169,5.27983,5.373797,3.165395,7596
5.62,-44.40637,8,0,-1.140179,-1.236948,0.1213828,-2.571638,5.27983,5.373539,3.15481,7604
5.64,-44.56506,8,0,-1.143821,-1.238796,0.07558119,-2.643629,5.27983,5.37207,3.106434,7600
5.66,-44.58142,8,0,-1.141572,-1.239605,0.02977964,-2.713453,5.27983,5.371657,3.094388,7620
5.68,-44.52246,8,0,-1.145575,-1.243323,0.04504682,-2.750293,5.27983,5.370735,3.062451,7616
5.7,-38.42896,8,0,-1.144774,-1.241996,0.1824515,-2.763617,5.34731,5.425417,3.30288,7596
5.72,-50.70026,8,0,-1.146562,-1.244223,0.1366499,-2.163675,5.21235,5.330536,2.840267,7596
5.74,-45.59827,8,0,-1.143796,-1.239989,0.4725278,-3.006745,5.27983,5.359167,3.018369,7616
5.76,-44.159,8,0,-1.143144,-1.24756,-0.04655629,-3.055566,5.27983,5.367193,3.034221,7620
5.78,-43.93988,8,0,-1.1339,-1.245105,0.5946653,-2.965353,5.27983,5.371515,3.094104,7620
5.8,-44.12323,8,0,-1.136758,-1.244142,-0.07709067,-2.87595,5.27983,5.372247,3.086797,7596
5.82,-50.35446,8,0,-1.134483,-1.244141,0.1366499,-2.847828,5.21235,5.31792,2.85374,7604
5.84,-44.08777,8,0,-1.147795,-1.25261,0.1824515,-3.416412,5.27983,5.355732,3.003772,7604
5.86,-36.71991,8,0,-1.150945,-1.259167,0.01451245,-3.142701,5.34731,5.421634,3.289064,7620
5.88,-43.17584,8,0,-1.149083,-1.254016,0.1061156,-2.22329,5.27983,5.38624,3.132381,7620
5.9,-38.89496,8,0,-1.154857,-1.242453,0.1671843,-2.243658,5.34731,5.429617,3.321279,7600
5.92,-39.49377,8,0,-1.145646,-1.230137,0.1213828,-1.854149,5.34731,5.441587,3.357695,7608
5.94,-40.86292,8,0,-1.154426,-1.224686,0.1824515,-1.635661,5.34731,5.441553,3.271174,7616
5.96,-47.84906,8,0,-1.156888,-1.2246,-0.2144953,-1.63046,5.27983,5.384696,2.958992,7620
5.98,-48.17682,8,0,-1.140282,-1.22038,0.3961921,-2.380921,5.27983,5.370461,2.941375,7612
6,-46.97699,8,0,-1.144249,-1.233052,-0.07709067,-2.904961,5.27983,5.365407,2.877441,7600
6.02,-51.6861,8,0,-1.144857,-1.248665,0.1213828,-3.132509,5.21235,5.310308,2.640968,7608
6.04,-44.49402,8,0,-1.138749,-1.25527,0.3198562,-3.765565,5.27983,5.352724,2.917132,7608
6.06,-42.81195,8,0,-1.142804,-1.264741,0.04504682,-3.445237,5.27983,5.365759,2.987275,7616
6.08,-42.75183,8,0,-1.154495,-1.26855,0.2435202,-3.024876,5.27983,5.369311,3.011639,7628
6.1,-43.04889,8,0,-1.162957,-1.267937,0.1519171,-2.713202,5.27983,5.370095,3.031198,7612
6.12,-49.41827,8,0,-1.158987,-1.263574,0.01451245,-2.552751,5.21235,5.316724,2.842913,7620
6.14,-49.47058,8,0,-1.154298,-1.261142,0.07558119,-3.105011,5.21235,5.302865,2.845367,7620
6.16,-36.12354,8,0,-1.158901,-1.265503,0.02977964,-3.453787,5.34731,5.408411,3.322845,7612
6.18,-41.46326,8,0,-1.162283,-1.267902,-0.01602192,-2.330131,5.27983,5.38333,3.17497,7624
6.2,-43.31647,8,0,-1.174975,-1.262041,0.1824515,-2.085353,5.27983,5.374491,3.12083,7632
6.22,-37.9408,8,0,-1.16872,-1.250818,0.304589,-2.1233,5.34731,5.42704,3.375262,7632
6.24,-50.39944,8,0,-1.177377,-1.253912,0.04504682,-1.597016,5.21235,5.329601,2.861547,7604
6.26,-45.14349,8,0,-1.182522,-1.255754,0.06031401,-2.4858,5.27983,5.356161,2.996527,7624
6.28,-43.47839,8,0,-1.179718,-1.265118,0.1671843,-2.55323,5.27983,5.364405,3.028612,7612
6.3,-36.99677,8,0,-1.185009,-1.268651,-0.1992282,-2.40505,5.34731,5.42169,3.279239,7596
6.32,-49.40784,8,0,-1.171449,-1.261335,0.2435202,-1.699034,5.21235,5.330595,2.912516,7628
6.34,-44.6106,8,0,-1.175137,-1.25534,0.4267263,-2.471025,5.27983,5.358846,3.064042,7628
6.36,-37.43921,8,0,-1.163921,-1.252531,0.3809245,-2.527326,5.34731,5.422754,3.361548,7624
6.38,-49.74261,8,0,-1.160653,-1.251273,-0.183961,-1.861609,5.21235,5.331075,2.923133,7608
6.4,-44.93738,8,0,-1.156144,-1.243723,0.1366499,-2.670339,5.27983,5.360406,3.098501,7640
6.42,-43.73828,8,0,-1.157396,-1.25078,0.5946653,-2.72235,5.27983,5.367784,3.089382,7632
6.44,-43.45166,8,0,-1.170317,-1.260742,-0.519839,-2.596971,5.27983,5.368311,3.043321,7628
6.46,-43.4364,8,0,-1.166264,-1.260199,0.09084838,-2.491931,5.27983,5.3699,3.081573,7632
6.48,-43.4422,8,0,-1.182234,-1.267177,0.1671843,-2.375895,5.27983,5.368181,3.02643,7616
6.5,-49.37512,8,0,-1.183809,-1.271834,0.1519171,-2.29819,5.21235,5.313476,2.801944,7624
6.52,-43.04559,8,0,-1.180268,-1.271664,-0.1228922,-2.848666,5.27983,5.354507,3.050316,7596
6.54,-41.73065,8,0,-1.196267,-1.284518,-0.1686933,-2.529951,5.27983,5.364375,3.043439,7616
6.56,-41.81274,8,0,-1.194301,-1.282398,0.2129859,-2.184835,5.27983,5.368917,3.111869,7612
6.58,-36.37451,8,0,-1.184993,-1.267995,0.2587874,-1.983516,5.34731,5.426622,3.422133,7600
6.6,-43.36786,8,0,-1.178098,-1.254399,0.6710012,-1.329754,5.27983,5.38765,3.231142,7612
6.62,-45.19843,8,0,-1.166784,-1.237611,0.3656577,-1.638927,5.27983,5.376482,3.199188,7600
6.64,-45.33392,8,0,-1.170552,-1.239468,0.1061156,-2.026452,5.27983,5.370587,3.102346,7616
6.66,-44.89194,8,0,-1.168783,-1.245566,-0.3519,-2.303041,5.27983,5.368516,3.063456,7604
6.68,-44.38489,8,0,-1.170646,-1.25312,0.01451245,-2.435345,5.27983,5.36779,3.037615,7608
6.7,-49.96347,8,0,-1.175723,-1.263566,0.06031401,-2.461408,5.21235,5.312682,2.778373,7616
6.72,-37.31897,8,0,-1.178327,-1.267596,0.06031401,-3.019747,5.34731,5.407678,3.239945,7608
6.74,-42.26398,8,0,-1.175897,-1.27041,0.06031401,-2.1232,5.27983,5.380682,3.10806,7620
6.76,-43.75055,8,0,-1.1733,-1.25946,0.4419934,-2.032333,5.27983,5.373821,3.119614,7620
6.78,-44.13947,8,0,-1.175396,-1.255954,-0.09235785,-2.12049,5.27983,5.370739,3.092161,7604
6.8,-44.04407,8,0,-1.18325,-1.260644,-0.06182348,-2.198051,5.27983,5.368253,3.044717,7620
6.82,-43.76385,8,0,-1.186225,-1.265297,0.1519171,-2.230029,5.27983,5.367438,3.035453,7608
6.84,-43.57434,8,0,-1.180191,-1.264035,0.1824515,-2.238018,5.27983,5.368654,3.073775,7608
6.86,-43.50598,8,0,-1.182614,-1.264845,0.1061156,-2.217793,5.27983,5.368763,3.070772,7600
6.88,-43.49121,8,0,-1.18071,-1.263712,0.2435202,-2.202358,5.27983,5.369242,3.086192,7600
6.9,-43.54242,8,0,-1.177194,-1.261039,0.1519171,-2.200782,5.27983,5.369902,3.10386,7612
6.92,-37.56824,8,0,-1.181664,-1.259578,0.06031401,-2.187257,5.34731,5.423929,3.323332,7612
6.94,-43.90387,8,0,-1.178945,-1.255984,0.2282531,-1.587943,5.27983,5.384203,3.122654,7620
6.96,-45.13358,8,0,-1.183836,-1.252472,0.3503905,-1.817686,5.27983,5.371607,3.051555,7616
6.98,-44.90955,8,0,-1.17897,-1.25293,-0.0007547362,-2.110311,5.27983,5.368247,3.040267,7596
7,-50.43103,8,0,-1.176909,-1.259347,0.07558119,-2.294498,5.21235,5.312867,2.794125,7624
7.02,-43.60864,8,0,-1.186082,-1.270846,-0.1534266,-2.941857,5.27983,5.351664,2.971229,7604
7.04,-42.01501,8,0,-1.180003,-1.277162,0.1366499,-2.695123,5.27983,5.365047,3.068247,7616
7.06,-36.07007,8,0,-1.183627,-1.273606,0.1671843,-2.350427,5.34731,5.424133,3.347357,7608
7.08,-42.92261,8,0,-1.178373,-1.262499,-0.06182348,-1.541017,5.27983,5.386462,3.18464,7596
7.1,-50.74057,8,0,-1.176259,-1.252087,0.4267263,-1.711555,5.21235,5.320252,2.901464,7628
7.12,-38.65741,8,0,-1.166773,-1.245192,0.3809245,-2.634731,5.34731,5.411578,3.341625,7612
7.14,-43.375,8,0,-1.183616,-1.260765,-0.1686933,-1.988815,5.27983,5.378982,3.063947,7612
7.16,-44.29767,8,0,-1.179991,-1.25814,0.1671843,-2.040285,5.27983,5.371089,3.064519,7620
7.18,-44.24908,8,0,-1.180661,-1.258955,0.2282531,-2.167111,5.27983,5.368649,3.049318,7600
7.2,-49.9697,8,0,-1.183495,-1.265724,-0.03128911,-2.244677,5.21235,5.312928,2.794199,7624
7.22,-43.29333,8,0,-1.191658,-1.275239,0.1366499,-2.843762,5.27983,5.351888,2.983486,7608
7.24,-41.77179,8,0,-1.190175,-1.282666,0.2282531,-2.567513,5.27983,5.364546,3.062924,7620
7.26,-41.83698,8,0,-1.194034,-1.282166,0.06031401,-2.215525,5.27983,5.368793,3.103977,7612
7.28,-36.2688,8,0,-1.197781,-1.27555,0.09084838,-1.970846,5.34731,5.424553,3.362395,7624
7.3,-48.94891,8,0,-1.207115,-1.276149,0.06031401,-1.232878,5.21235,5.328687,2.882733,7620
7.32,-44.06207,8,0,-1.205126,-1.269794,0.1519171,-2.023699,5.27983,5.356881,3.065527,7624
7.34,-42.98962,8,0,-1.173415,-1.258551,0.3503905,-2.146983,5.27983,5.36926,3.211168,7620
7.36,-42.96332,8,0,-1.196195,-1.268039,-0.1228922,-2.061278,5.27983,5.368407,3.098236,7620
7.38,-37.00739,8,0,-1.191705,-1.265028,-0.06182348,-2.004389,5.34731,5.423886,3.362367,7612
7.4,-43.52484,8,0,-1.18309,-1.256879,0.1824515,-1.395082,5.27983,5.385373,3.183446,7636
7.42,-50.94086,8,0,-1.190376,-1.255832,0.06031401,-1.637834,5.21235,5.31754,2.84751,7612
7.44,-44.48889,8,0,-1.182771,-1.257425,0.6710012,-2.565868,5.27983,5.354153,3.049379,7616
7.46,-36.65619,8,0,-1.197823,-1.273501,-0.1534266,-2.482461,5.34731,5.417252,3.252683,7600
7.48,-48.58887,8,0,-1.196358,-1.277914,-0.03128911,-1.644399,5.21235,5.326866,2.854635,7600
7.5,-37.74127,8,0,-1.186274,-1.263464,0.2740546,-2.307718,5.34731,5.413264,3.337827,7640
7.52,-43.13605,8,0,-1.175581,-1.257429,0.7473372,-1.69321,5.27983,5.383265,3.186669,7632
7.54,-50.37576,8,0,-1.196409,-1.263848,-0.5656406,-1.780184,5.21235,5.316063,2.810632,7632
7.56,-44.06238,8,0,-1.174767,-1.257936,0.4877952,-2.622861,5.27983,5.355649,3.094563,7612
7.58,-42.64417,8,0,-1.177284,-1.265732,0.1061156,-2.54055,5.27983,5.366315,3.105763,7644
7.6,-42.58868,8,0,-1.180941,-1.268515,-0.5045714,-2.328973,5.27983,5.369374,3.113749,7624
7.62,-42.87262,8,0,-1.18145,-1.266501,0.3961921,-2.179823,5.27983,5.37046,3.126308,7624
7.64,-43.23273,8,0,-1.175382,-1.260178,0.1519171,-2.126842,5.27983,5.371517,3.153462,7616
7.66,-43.66302,8,0,-1.160581,-1.248904,-0.04655629,-2.171754,5.27983,5.373354,3.200234,7612
7.68,-43.99084,8,0,-1.165033,-1.248056,0.2587874,-2.237219,5.27983,5.371926,3.145606,7636
7.7,-44.03595,8,0,-1.171821,-1.252869,0.01451245,-2.295612,5.27983,5.369872,3.089715,7600
7.72,-43.96069,8,0,-1.167951,-1.253615,0.1824515,-2.348231,5.27983,5.369913,3.095257,7616
7.74,-43.99042,8,0,-1.158084,-1.24922,0.2129859,-2.403032,5.27983,5.37133,3.128179,7604
7.76,-44.13397,8,0,-1.152348,-1.245228,0.1824515,-2.46033,5.27983,5.372059,3.134857,7600
7.78,-44.32092,8,0,-1.14479,-1.240522,0.5183294,-2.535801,5.27983,5.372739,3.143866,7608
7.8,-38.34235,8,0,-1.158464,-1.244779,0.01451245,-2.562598,5.34731,5.424855,3.301241,7604
7.82,-44.47522,8,0,-1.165666,-1.249635,-0.09235785,-1.959957,5.27983,5.383296,3.054207,7616
7.84,-51.61627,8,0,-1.154647,-1.243284,0.5793981,-2.21438,5.21235,5.318542,2.821048,7612
7.86,-38.94867,8,0,-1.173436,-1.254515,-0.2297625,-3.044338,5.34731,5.406836,3.162179,7600
7.88,-43.2597,8,0,-1.177866,-1.268291,-0.107625,-2.304752,5.27983,5.377134,2.989822,7612
7.9,-44.19745,8,0,-1.165978,-1.258457,0.4877952,-2.276099,5.27983,5.371962,3.058528,7612
7.92,-44.3324,8,0,-1.167454,-1.255571,-0.1992282,-2.351354,5.27983,5.369958,3.049933,7612
7.94,-38.17462,8,0,-1.171524,-1.25505,-0.06182348,-2.398666,5.34731,5.423343,3.273214,7600
7.96,-50.32434,8,0,-1.168694,-1.255475,0.2740546,-1.827387,5.21235,5.328986,2.838651,7596
7.98,-51.17413,8,0,-1.164476,-1.252972,0.5793981,-2.688103,5.21235,5.303312,2.786006,7620
8,-43.36792,8,0,-1.165596,-1.263752,-0.4282355,-3.339235,5.27983,5.351175,3.009743,7604
8.02,-41.79547,8,0,-1.164139,-1.271731,0.3656577,-2.982813,5.27983,5.366292,3.090799,7612
8.04,-48.00977,8,0,-1.174612,-1.276774,0.2129859,-2.559788,5.21235,5.315439,2.860428,7600
8.06,-42.25464,8,0,-1.174809,-1.273587,0.1213828,-2.89796,5.27983,5.356996,3.106351,7604
8.08,-41.61823,8,0,-1.166532,-1.268814,0.3503905,-2.564835,5.27983,5.370249,3.197307,7608
8.1,-42.34552,8,0,-1.163005,-1.259247,0.06031401,-2.289953,5.27983,5.374222,3.228493,7600
8.12,-43.21606,8,0,-1.159265,-1.249647,0.07558119,-2.194493,5.27983,5.374818,3.226447,7620
8.14,-43.82623,8,0,-1.160654,-1.245876,0.1366499,-2.218932,5.27983,5.373419,3.183218,7620
8.16,-44.09564,8,0,-1.163358,-1.246845,0.04504682,-2.291111,5.27983,5.37164,3.135067,7604
8.18,-50.15692,8,0,-1.162155,-1.250899,0.06031401,-2.375881,5.21235,5.31615,2.872697,7604
8.2,-43.81122,8,0,-1.160342,-1.254245,-0.0007547362,-3.043344,5.27983,5.355947,3.075246,7604
8.22,-42.57385,8,0,-1.154782,-1.258405,0.01451245,-2.860081,5.27983,5.368419,3.134546,7620
8.24,-42.88428,8,0,-1.147288,-1.252089,0.1671843,-2.63203,5.27983,5.373409,3.1863,7620
8.26,-37.49078,8,0,-1.150915,-1.245378,0.09084838,-2.497575,5.34731,5.42833,3.403654,7608
8.28,-38.22424,8,0,-1.157061,-1.240321,0.1061156,-1.8476,5.34731,5.44147,3.387473,7608
8.3,-40.00494,8,0,-1.154288,-1.227287,0.5183294,-1.498694,5.34731,5.443916,3.36293,7600
8.32,-47.54242,8,0,-1.146995,-1.217053,0.4114593,-1.478361,5.27983,5.388541,3.078548,7612
8.34,-48.15869,8,0,-1.14905,-1.219478,0.2587874,-2.226404,5.27983,5.370743,2.950752,7620
8.36,-34.96124,8,0,-1.147272,-1.225969,0.09084838,-2.77938,5.41479,5.474995,3.384038,7608
8.38,-40.26129,8,0,-1.154372,-1.234806,-0.2602969,-1.796234,5.34731,5.44819,3.167758,7604
8.4,-48.03159,8,0,-1.161489,-1.233604,0.2740546,-1.660727,5.27983,5.384797,2.866367,7620
8.42,-48.48428,8,0,-1.131531,-1.219902,0.4114593,-2.441177,5.27983,5.371227,2.927416,7620
8.44,-47.24493,8,0,-1.14644,-1.235443,-0.183961,-2.970712,5.27983,5.364377,2.819956,7604
8.46,-45.52933,8,0,-1.177904,-1.266471,-0.5656406,-3.104398,5.27983,5.359267,2.710522,7608
8.48,-44.06677,8,0,-1.18018,-1.280583,0.1824515,-3.001384,5.27983,5.361049,2.792743,7620
8.5,-43.27948,8,0,-1.180887,-1.283536,-0.1534266,-2.776736,5.27983,5.364317,2.889682,7616
8.52,-43.14209,8,0,-1.16858,-1.273451,0.09084838,-2.579953,5.27983,5.368811,3.022352,7624
8.54,-43.22375,8,0,-1.185188,-1.275346,0.04504682,-2.391855,5.27983,5.367872,2.99461,7616
8.56,-37.19287,8,0,-1.190817,-1.273272,0.09084838,-2.25185,5.34731,5.422173,3.252032,7620
8.58,-43.64008,8,0,-1.173812,-1.259325,0.2282531,-1.602356,5.27983,5.385221,3.142525,7632
8.6,-51.23904,8,0,-1.162967,-1.24513,0.2435202,-1.863836,5.21235,5.320543,2.897218,7612
8.62,-45.08975,8,0,-1.152704,-1.240501,0.5488637,-2.835217,5.27983,5.357473,3.094529,7608
8.64,-43.43414,8,0,-1.169641,-1.259052,-0.1228922,-2.814706,5.27983,5.364845,3.025919,7608
8.66,-37.00903,8,0,-1.172479,-1.263498,-0.107625,-2.612381,5.34731,5.422583,3.28906,7600
8.68,-49.52985,8,0,-1.157695,-1.255056,0.09084838,-1.8791,5.21235,5.33186,2.92696,7624
8.7,-44.88187,8,0,-1.156385,-1.2455,0.1519171,-2.658439,5.27983,5.36079,3.094482,7632
8.72,-43.60638,8,0,-1.17471,-1.260907,0.3656577,-2.659804,5.27983,5.365419,3.017183,7624
8.74,-43.10809,8,0,-1.187926,-1.273413,-0.183961,-2.488881,5.27983,5.365936,2.992383,7616
8.76,-43.17542,8,0,-1.158629,-1.25887,-0.107625,-2.401458,5.27983,5.371852,3.156764,7636
8.78,-37.7135,8,0,-1.14597,-1.241828,0.2587874,-2.38455,5.34731,5.429323,3.444951,7636
8.8,-44.41479,8,0,-1.163199,-1.243607,-0.1381594,-1.785108,5.27983,5.386047,3.125687,7624
8.82,-39.72064,8,0,-1.159799,-1.23501,0.2893218,-2.066908,5.34731,5.428246,3.317062,7632
8.84,-45.95413,8,0,-1.144779,-1.227425,0.8694746,-1.831251,5.27983,5.38606,3.118323,7612
8.86,-46.93115,8,0,-1.133604,-1.219147,-0.1228922,-2.339618,5.27983,5.374427,3.076279,7608
8.88,-40.4386,8,0,-1.137196,-1.223837,0.304589,-2.76458,5.34731,5.424012,3.235886,7608
8.9,-45.73865,8,0,-1.164969,-1.24626,-0.3213652,-2.317772,5.27983,5.378644,2.885818,7608
8.92,-46.11603,8,0,-1.148047,-1.242424,0.3198562,-2.59539,5.27983,5.369953,2.948622,7612
8.94,-51.5665,8,0,-1.146746,-1.24768,0.1366499,-2.829745,5.21235,5.313271,2.710388,7600
8.96,-44.54523,8,0,-1.157226,-1.26013,-0.2755641,-3.500009,5.27983,5.351712,2.893557,7604
8.98,-42.73462,8,0,-1.156249,-1.269826,0.2282531,-3.233686,5.27983,5.364593,2.983674,7612
9,-42.60529,8,0,-1.162393,-1.271387,-0.04655629,-2.851711,5.27983,5.369025,3.031123,7612
9.02,513.4832,0,0,-1.155413,-1.261855,0.02977964,-2.602604,5.27983,5.372152,3.109403,7616
9.04,380.9118,0,0,-1.177288,-0.6580829,0.02977964,54.35979,5.34731,5.434411,4.929134,7596
9.06,266.6873,0,0,-1.00115,0.4824916,21.12902,78.19616,5.27983,5.395562,7.048092,7600
9.08,148.9673,0,0,-0.06916771,1.724137,47.08323,79.45042,4.87495,5.088569,7.841393,7592
9.1,103.4305,0,0,1.01135,2.746361,58.91529,64.88058,5.009911,5.127415,8.691326,7640
9.12,68.09789,0,0,2.230396,3.551096,60.76263,46.7425,5.009911,5.168208,8.734731,7628
9.14,66.0535,0,0,3.027412,3.995195,38.1214,28.53775,5.27983,5.370892,7.508634,7620
9.16,-38.4187,0,0,3.248404,3.943569,7.617569,15.2835,4.267631,4.518272,-0.2030187,7588
9.18,80.98453,0,0,3.175203,3.643143,1.129017,-3.809455,5.61723,5.295725,-0.06973124,7652
9.2,12.65643,0,0,2.968315,3.140796,-13.55801,-3.872472,4.60503,4.635751,-6.255008,7568
9.22,-33.30096,0,0,2.263338,2.469279,-37.0542,-8.741243,3.99771,3.867366,-12.58963,7648
9.24,18.33385,0,0,2.264637,2.108862,3.999247,-16.36492,4.267631,3.927144,-11.3022,7668
9.26,83.15392,0,0,1.788636,1.637831,-30.15343,-14.71517,4.60503,4.201687,-10.6181,7660
9.28,109.1773,0,0,0.9703901,1.07526,-28.32137,-4.579638,4.60503,4.224035,-11.64234,7640
9.3,33.319,0,0,1.230164,1.144092,7.739706,4.225554,3.660311,3.583587,-11.07055,7620
9.32,18.53232,0,0,1.503346,1.409746,17.92292,1.631139,3.525351,3.373653,-9.018382,7700
9.34,36.99911,0,0,2.008708,1.755753,22.71681,-3.081364,3.660311,3.509301,-5.611918,7732
9.36,43.76114,0,0,1.917871,1.783026,-8.351902,-4.22276,3.660311,3.523698,-5.70564,7716
9.38,73.84579,0,0,1.699287,1.671944,-3.787015,-3.671009,3.93023,3.717627,-5.323475,7700
9.4,77.98675,0,0,1.698129,1.659301,-1.206862,-0.2099112,3.93023,3.786443,-4.633439,7692
9.42,80.96989,0,0,1.627002,1.676381,2.060315,2.728545,3.99771,3.857507,-4.240323,7684
9.44,69.79774,0,0,1.729814,1.786639,4.640468,4.691094,3.93023,3.839772,-3.771363,7688
9.46,69.1115,0,0,1.81879,1.90544,5.693904,4.584858,3.99771,3.894618,-3.274509,7652
9.48,52.26198,0,0,1.899701,1.988474,2.793139,4.160232,3.86275,3.799313,-3.71405,7684
9.5,54.28706,0,0,1.985378,2.051851,4.30459,1.904905,3.93023,3.827579,-3.60218,7696
9.52,59.68453,0,0,2.054433,2.082755,2.365658,0.3934324,3.99771,3.889037,-3.494255,7700
9.54,70.79093,0,0,2.056548,2.080568,0.6862684,-0.07572668,4.13267,4.006636,-3.358923,7692
9.56,56.51899,0,0,2.078026,2.085034,0.7778715,0.6614259,3.99771,3.926306,-3.990172,7688
9.58,58.811,0,0,2.088131,2.095568,1.43436,-0.3181482,4.06519,3.953768,-4.059695,7720
9.6,52.30617,0,0,2.090297,2.083237,0.5335966,-0.7573023,3.99771,3.901314,-4.538943,7692
9.62,52.09326,0,0,2.081432,2.061148,0.1977187,-1.680686,3.99771,3.882566,-4.794239,7700
9.64,53.45732,0,0,2.086689,2.040283,-0.01602192,-2.325019,3.99771,3.877824,-4.8775,7688
9.66,54.7437,0,0,2.090814,2.02503,0.4725278,-2.620506,3.99771,3.878063,-4.892155,7708
9.68,49.6637,0,0,2.079052,2.005806,0.1519171,-2.65493,3.93023,3.822888,-5.175319,7704
9.7,44.50972,0,0,2.084748,1.99447,0.2893218,-3.206723,3.86275,3.755845,-5.383324,7712
9.72,58.55803,0,0,2.086984,1.985026,0.2587874,-4.085232,3.99771,3.84959,-4.866951,7728
9.74,54.84953,0,0,2.079571,1.970783,-0.04655629,-3.230006,3.93023,3.822431,-4.984884,7696
9.76,48.68298,0,0,2.022713,1.941699,-2.764114,-2.876818,3.86275,3.754205,-5.384604,7700
9.78,61.70354,0,0,2.032878,1.943359,0.8084057,-3.26983,3.99771,3.850379,-4.7622,7700
9.8,63.14933,0,0,2.014873,1.937513,-0.1686933,-2.163206,3.99771,3.876761,-4.661728,7708
9.82,61.69199,0,0,2.012999,1.952866,0.1213828,-1.271317,3.99771,3.885274,-4.562443,7708
9.84,53.69832,0,0,2.033371,1.980431,0.2587874,-0.8929798,3.93023,3.835108,-4.694799,7692
9.86,52.44508,0,0,2.026472,1.987627,0.3198562,-1.441112,3.93023,3.817708,-4.807105,7708
9.88,53.24448,0,0,2.021246,1.977961,0.1671843,-1.921549,3.93023,3.811119,-4.875221,7684
9.9,48.36861,0,0,2.023929,1.965765,0.06031401,-2.170877,3.86275,3.755827,-5.101699,7700
9.92,55.57741,0,0,2.019616,1.954223,0.2435202,-2.807532,3.93023,3.796317,-4.877135,7732
9.94,57.32606,0,0,2.023628,1.947263,0.1213828,-2.508589,3.93023,3.810335,-4.767664,7692
9.96,57.43746,0,0,2.004728,1.940144,-0.03128911,-2.076533,3.93023,3.813008,-4.774566,7688
9.98,57.16068,0,0,2.003583,1.943763,0.01451245,-1.771047,3.93023,3.814889,-4.717968,7700
10,62.70377,0,0,2.013664,1.958456,0.1977187,-1.6185,3.99771,3.871981,-4.400818,7704
10.02,61.93753,0,0,2.011324,1.969273,0.07558119,-0.9547068,3.99771,3.886319,-4.382942,7696
10.04,54.12473,0,0,2.008222,1.978625,0.07558119,-0.5917324,3.93023,3.833287,-4.668272,7716
10.06,52.85471,0,0,2.028076,1.99332,0.3351234,-1.19998,3.93023,3.819695,-4.679795,7720
10.08,53.33522,0,0,2.029148,1.989053,0.2282531,-1.742785,3.93023,3.814254,-4.754687,7700
10.1,54.25975,0,0,2.023298,1.975801,-0.01602192,-2.038252,3.93023,3.811644,-4.814354,7708
10.12,60.98734,0,0,2.036579,1.976895,0.1213828,-2.167597,3.99771,3.868586,-4.511139,7712
10.14,61.01588,0,0,2.035142,1.979261,0.07558119,-1.569259,3.99771,3.884143,-4.480883,7712
10.16,53.66901,0,0,2.025432,1.981197,0.1366499,-1.14774,3.93023,3.831471,-4.770906,7720
10.18,52.79765,0,0,2.025489,1.983292,0.1213828,-1.611546,3.93023,3.816076,-4.832125,7712
10.2,59.48591,0,0,2.0398,1.987055,0.5030622,-2.043518,3.99771,3.868384,-4.559579,7716
10.22,60.003,0,0,2.033926,1.98318,-0.01602192,-1.639538,3.99771,3.881638,-4.565709,7704
10.24,59.11092,0,0,2.034646,1.988685,0.09084838,-1.318701,3.99771,3.885117,-4.564911,7720
10.26,58.17338,0,0,2.031061,1.993147,0.1977187,-1.187459,3.99771,3.884475,-4.608647,7712
10.28,57.63877,0,0,2.020855,1.990477,0.04504682,-1.168337,3.99771,3.881667,-4.688418,7708
10.3,45.52756,0,0,2.010679,1.977749,0.1061156,-1.192863,3.86275,3.769551,-5.237191,7716
10.32,52.31496,0,0,2.007014,1.964657,-0.01602192,-2.413856,3.93023,3.793829,-5.071258,7704
10.34,61.38869,0,0,1.995673,1.941973,-0.7030448,-2.497364,3.99771,3.856096,-4.79902,7704
10.36,74.33034,0,0,2.010998,1.952837,0.5335966,-1.655944,4.13267,3.988236,-4.109125,7688
10.38,54.23927,0,0,2.014743,1.972975,0.9000088,0.1819477,3.93023,3.860861,-4.699923,7712
10.4,50.17056,0,0,2.046323,2.012934,2.090849,-0.7227998,3.93023,3.827495,-4.707284,7704
10.42,50.59593,0,0,2.048861,2.012726,-0.9778546,-1.760129,3.93023,3.814697,-4.835948,7688
10.44,52.33598,0,0,2.031845,1.986972,-0.7946484,-2.361238,3.93023,3.807772,-4.973269,7700
10.46,60.18902,0,0,2.019281,1.964556,0.07558119,-2.53483,3.99771,3.860784,-4.761954,7692
10.48,61.16016,0,0,2.019951,1.959122,0.1366499,-1.848812,3.99771,3.878145,-4.656316,7712
10.5,54.15079,0,0,2.024426,1.968162,0.2282531,-1.309674,3.93023,3.829905,-4.821955,7692
10.52,47.19693,0,0,2.023484,1.971828,0.1977187,-1.666638,3.86275,3.761224,-5.095279,7688
10.54,60.14108,0,0,2.028722,1.971547,0.1519171,-2.611876,3.99771,3.85261,-4.629476,7700
10.56,55.93526,0,0,2.018981,1.957556,-0.3977011,-1.910279,3.93023,3.822583,-4.82444,7680
10.58,55.0626,0,0,2.036375,1.969867,0.5641309,-1.911559,3.93023,3.818166,-4.728866,7652
10.6,55.02934,0,0,2.024039,1.967262,0.04504682,-1.970751,3.93023,3.814659,-4.783434,7688
10.62,55.2374,0,0,2.031299,1.96937,0.02977964,-2.03278,3.93023,3.81507,-4.742144,7700
10.64,61.39406,0,0,2.031332,1.972345,0.2740546,-2.047677,3.99771,3.870013,-4.493935,7696
10.66,55.16698,0,0,2.030027,1.974006,0.01451245,-1.438099,3.93023,3.830019,-4.705596,7696
10.68,59.96306,0,0,2.032986,1.984309,0.2893218,-1.664979,3.99771,3.873476,-4.493527,7704
10.7,53.92743,0,0,2.021208,1.97864,0.02977964,-1.308056,3.93023,3.827842,-4.788108,7680
10.72,47.31851,0,0,2.023696,1.976112,0.1366499,-1.692296,3.86275,3.760661,-5.06423,7704
10.74,54.34609,0,0,2.02596,1.968583,0.1824515,-2.616482,3.93023,3.79758,-4.858827,7700
10.76,56.41314,0,0,2.023228,1.9547,-0.4893047,-2.510388,3.93023,3.808871,-4.811862,7692
10.78,56.85274,0,0,2.017417,1.949296,0.3809245,-2.208699,3.93023,3.813012,-4.771252,7688
10.8,50.75715,0,0,2.011852,1.946376,-0.1686933,-1.951403,3.86275,3.759826,-4.983232,7700
10.82,62.78393,0,0,2.020864,1.955952,0.2587874,-2.40828,3.99771,3.856875,-4.455724,7700
10.84,57.34296,0,0,2.02028,1.957959,0.06031401,-1.503326,3.93023,3.82892,-4.616237,7696
10.86,55.60722,0,0,2.024117,1.971216,0.304589,-1.462445,3.93023,3.821224,-4.619958,7704
10.88,55.13391,0,0,2.022246,1.974728,-0.09235785,-1.610761,3.93023,3.81744,-4.665883,7684
10.9,55.11617,0,0,2.028876,1.977046,-0.0007547362,-1.777533,3.93023,3.816621,-4.668097,7704
10.92,55.26883,0,0,2.023298,1.97214,0.1977187,-1.875932,3.93023,3.81506,-4.71559,7708
10.94,55.6098,0,0,2.008361,1.960413,-0.03128911,-1.882592,3.93023,3.812577,-4.78317,7696
10.96,61.88736,0,0,2.018822,1.964713,0.1366499,-1.871106,3.99771,3.869159,-4.47727,7700
10.98,61.61974,0,0,2.017827,1.970501,0.07558119,-1.226847,3.99771,3.884483,-4.442442,7696
11,48.12361,0,0,2.004436,1.969326,0.2129859,-0.8018816,3.86275,3.776186,-4.993867,7700
11.02,59.57773,0,0,2.002785,1.970788,0.09084838,-1.867466,3.99771,3.854926,-4.609863,7700
11.04,55.28739,0,0,2.008031,1.962785,-0.107625,-1.439611,3.93023,3.822995,-4.778643,7708
11.06,60.69074,0,0,2.017727,1.971623,0.2893218,-1.606636,3.99771,3.870852,-4.507548,7696
11.08,54.6367,0,0,2.013133,1.970818,0.06031401,-1.167732,3.93023,3.82802,-4.750983,7692
11.1,53.86533,0,0,2.009013,1.970736,0.1824515,-1.476333,3.93023,3.815123,-4.810395,7708
11.12,60.39198,0,0,2.019824,1.974233,0.1824515,-1.784089,3.99771,3.867876,-4.538764,7692
11.14,54.59707,0,0,2.028881,1.977516,0.06031401,-1.36141,3.93023,3.828842,-4.7169,7708
11.16,59.66631,0,0,2.032845,1.986371,0.2435202,-1.672553,3.99771,3.87262,-4.507943,7704
11.18,53.81399,0,0,2.019861,1.978324,-0.09235785,-1.34025,3.93023,3.82699,-4.808395,7680
11.2,59.32851,0,0,2.02318,1.9809,0.1671843,-1.711408,3.99771,3.869573,-4.593944,7692
11.22,53.78707,0,0,2.01906,1.974755,0.1671843,-1.39631,3.93023,3.825784,-4.836648,7696
11.24,53.36874,0,0,2.02448,1.976341,0.1061156,-1.76011,3.93023,3.814696,-4.843212,7696
11.26,60.12898,0,0,2.022718,1.972912,0.1519171,-2.034351,3.99771,3.866243,-4.616603,7712
11.28,54.6004,0,0,2.024673,1.970264,0.01451245,-1.543146,3.93023,3.826557,-4.802072,7704
11.3,53.83488,0,0,2.030517,1.976278,0.1977187,-1.79068,3.93023,3.816616,-4.796993,7708
11.32,60.26012,0,0,2.028949,1.976272,0.04504682,-2.024784,3.99771,3.868094,-4.574237,7704
11.34,60.53095,0,0,2.029888,1.977679,0.1671843,-1.533074,3.99771,3.882488,-4.534083,7712
11.36,59.35209,0,0,2.035705,1.989325,0.1519171,-1.194861,3.99771,3.886769,-4.512059,7696
11.38,52.20311,0,0,2.029514,1.991881,0.06031401,-1.08231,3.93023,3.830656,-4.820906,7708
11.4,57.86635,0,0,2.026687,1.990776,0.1213828,-1.718086,3.99771,3.868415,-4.668129,7724
11.42,52.84206,0,0,2.025254,1.980599,0.07558119,-1.570483,3.93023,3.823814,-4.907963,7700
11.44,52.90089,0,0,2.02649,1.976023,0.1671843,-1.980339,3.93023,3.812362,-4.925176,7700
11.46,53.91684,0,0,2.033297,1.971697,0.1519171,-2.26467,3.93023,3.811119,-4.884686,7704
11.48,54.83181,0,0,2.027733,1.963269,0.07558119,-2.333929,3.93023,3.811024,-4.878031,7692
11.5,55.53843,0,0,2.017191,1.953796,0.1671843,-2.254562,3.93023,3.810868,-4.875291,7724
11.52,56.04829,0,0,2.008412,1.947118,0.1213828,-2.101684,3.93023,3.811169,-4.853484,7696
11.54,56.23032,0,0,2.018602,1.953134,0.1824515,-1.973726,3.93023,3.814252,-4.752122,7688
11.56,56.17076,0,0,2.014565,1.955539,0.1061156,-1.860679,3.93023,3.814853,-4.737144,7708
11.58,62.11979,0,0,2.010832,1.959142,0.1977187,-1.775469,3.99771,3.86937,-4.490251,7688
11.6,49.80056,0,0,2.004713,1.956921,0.1061156,-1.11307,3.86275,3.773941,-4.953579,7696
11.62,60.91193,0,0,2.007719,1.965211,0.06031401,-1.913734,3.99771,3.857414,-4.518078,7704
11.64,55.9716,0,0,2.013573,1.964162,0.1366499,-1.348239,3.93023,3.826373,-4.683936,7716
11.66,61.0047,0,0,2.005863,1.967697,0.07558119,-1.443403,3.99771,3.871069,-4.502412,7708
11.68,60.81026,0,0,2.011623,1.974321,0.1671843,-1.014905,3.99771,3.883702,-4.463202,7708
11.7,53.48531,0,0,2.018464,1.984284,0.2740546,-0.7770479,3.93023,3.832216,-4.703392,7716
11.72,52.7021,0,0,2.010157,1.981938,0.1061156,-1.340832,3.93023,3.815066,-4.8276,7720
11.74,59.72282,0,0,2.007397,1.972888,0.1061156,-1.78128,3.99771,3.864398,-4.634238,7716
11.76,48.55128,0,0,2.008609,1.962233,0.1977187,-1.376575,3.86275,3.769547,-5.071411,7708
11.78,54.43256,0,0,2.009526,1.959941,0.1366499,-2.229917,3.93023,3.799211,-4.867712,7708
11.8,56.27003,0,0,2.013772,1.95233,0.1366499,-2.214021,3.93023,3.809264,-4.796257,7712
11.82,56.74382,0,0,2.005596,1.946487,-0.04655629,-1.991444,3.93023,3.812228,-4.777069,7712
11.84,56.72857,0,0,2.00764,1.949311,0.06031401,-1.798353,3.93023,3.814488,-4.720562,7720
11.86,62.60177,0,0,1.998482,1.95137,0.2129859,-1.640266,3.99771,3.868813,-4.489562,7716
11.88,56.09091,0,0,2.008332,1.961455,0.06031401,-0.9747874,3.93023,3.830541,-4.638946,7700
11.9,54.58391,0,0,2.012312,1.97341,0.2740546,-1.205296,3.93023,3.819358,-4.671165,7704
11.92,54.64951,0,0,2.006495,1.97009,0.1213828,-1.499876,3.93023,3.814053,-4.742304,7696
11.94,55.16376,0,0,2.008102,1.965037,0.04504682,-1.692937,3.93023,3.812768,-4.75249,7696
11.96,55.61849,0,0,2.01057,1.961753,0.1824515,-1.774566,3.93023,3.813226,-4.739978,7700
11.98,55.94211,0,0,2.005137,1.956504,0.1366499,-1.766485,3.93023,3.813,-4.75264,7688
12,56.16703,0,0,2.003132,1.953732,0.1671843,-1.720669,3.93023,3.813295,-4.74171,7704
12.02,56.18178,0,0,2.01434,1.959828,0.1824515,-1.697496,3.93023,3.815578,-4.675442,7692
12.04,62.04946,0,0,2.015153,1.965994,0.1519171,-1.678874,3.99771,3.87078,-4.430003,7704
12.06,61.67867,0,0,2.006485,1.968006,0.1213828,-1.050735,3.99771,3.884017,-4.443265,7700
12.08,54.14777,0,0,2.006712,1.975489,0.1519171,-0.6774622,3.93023,3.831962,-4.700446,7696
12.1,59.19724,0,0,2.001554,1.97884,0.04504682,-1.173482,3.99771,3.870081,-4.560405,7700
12.12,59.71946,0,0,1.99937,1.974618,0.1824515,-0.9883626,3.99771,3.879495,-4.578095,7700
12.14,53.20795,0,0,1.998204,1.972559,-0.0007547362,-0.8137152,3.93023,3.826885,-4.838369,7708
12.16,53.02662,0,0,1.98925,1.964812,0.04504682,-1.330773,3.93023,3.810793,-4.927269,7696
12.18,54.30679,0,0,1.990091,1.954026,0.1213828,-1.693092,3.93023,3.807377,-4.920319,7708
12.2,49.48633,0,0,1.992287,1.943446,0.1061156,-1.812982,3.86275,3.753709,-5.112917,7712
12.22,56.49107,0,0,1.999993,1.941396,0.1671843,-2.391746,3.93023,3.796724,-4.816277,7696
12.24,52.03039,0,0,1.99366,1.930281,0.1519171,-2.055654,3.86275,3.75464,-4.99483,7696
12.26,58.29813,0,0,1.990368,1.929344,0.1061156,-2.263125,3.93023,3.799217,-4.722459,7700
12.28,58.97073,0,0,2.001047,1.936361,0.1824515,-1.795941,3.93023,3.814512,-4.58637,7692
12.3,58.01172,0,0,2.014423,1.954507,0.1366499,-1.45623,3.93023,3.82073,-4.495261,7696
12.32,62.8678,0,0,2.016436,1.970299,0.1824515,-1.333191,3.99771,3.875841,-4.26816,7704
12.34,55.72693,0,0,2.019268,1.980381,0.09084838,-0.7800218,3.93023,3.834571,-4.516948,7692
12.36,53.96694,0,0,2.03065,1.994038,0.1824515,-1.170265,3.93023,3.822519,-4.571918,7696
12.38,47.86829,0,0,2.0349,1.991219,0.1213828,-1.632199,3.86275,3.762839,-4.888956,7696
12.4,54.65714,0,0,2.032619,1.979983,0.1213828,-2.544145,3.93023,3.800103,-4.746336,7696
12.42,62.5248,0,0,2.024642,1.9645,-0.107625,-2.432175,3.99771,3.864887,-4.512524,7696
12.44,56.46893,0,0,2.027153,1.964265,0.3351234,-1.568558,3.93023,3.82973,-4.670746,7688
12.46,54.92805,0,0,2.026979,1.973325,0.3503905,-1.605414,3.93023,3.819782,-4.693458,7696
12.48,54.78542,0,0,2.023166,1.973056,-0.04655629,-1.778754,3.93023,3.815589,-4.736483,7704
12.5,49.1096,0,0,2.017855,1.964226,0.1519171,-1.900018,3.86275,3.758797,-5.010838,7696
12.52,55.83448,0,0,2.017531,1.957603,0.1213828,-2.544839,3.93023,3.79872,-4.7902,7696
12.54,57.32645,0,0,2.020968,1.9517,0.02977964,-2.300732,3.93023,3.811698,-4.710149,7688
12.56,57.23643,0,0,2.016415,1.95186,0.3656577,-1.971849,3.93023,3.815679,-4.680696,7704
12.58,56.76907,0,0,2.016657,1.957245,-0.0007547362,-1.762323,3.93023,3.817149,-4.652883,7688
12.6,62.35869,0,0,2.012107,1.962736,0.1671843,-1.653045,3.99771,3.871285,-4.425717,7704
12.62,55.7993,0,0,2.009219,1.966023,0.1824515,-1.014681,3.93023,3.830418,-4.653092,7696
12.64,54.41972,0,0,2.013319,1.97487,0.02977964,-1.266059,3.93023,3.818759,-4.688485,7700
12.66,54.50479,0,0,2.018265,1.97608,0.1977187,-1.590552,3.93023,3.815176,-4.712605,7700
12.68,54.96422,0,0,2.015885,1.970115,0.1366499,-1.792174,3.93023,3.813423,-4.748663,7692
12.7,55.44887,0,0,2.013836,1.963761,0.1519171,-1.872149,3.93023,3.813,-4.759391,7700
12.72,55.81084,0,0,2.012085,1.959401,0.1519171,-1.869075,3.93023,3.813285,-4.753663,7688
12.74,61.98775,0,0,2.015882,1.963074,0.1213828,-1.83307,3.99771,3.869261,-4.477946,7700
12.76,55.69277,0,0,2.013537,1.965264,0.09084838,-1.184832,3.93023,3.829482,-4.689091,7688
12.78,54.43295,0,0,2.013973,1.972024,0.2282531,-1.392128,3.93023,3.8179,-4.72679,7696
12.8,54.5987,0,0,2.015909,1.971563,0.07558119,-1.665834,3.93023,3.814264,-4.748906,7708
12.82,61.04901,0,0,2.020425,1.972597,0.1366499,-1.837798,3.99771,3.868575,-4.500712,7704
12.84,55.04143,0,0,2.026215,1.975155,0.1671843,-1.322336,3.93023,3.82952,-4.690839,7696
12.86,60.03169,0,0,2.018266,1.978389,0.1671843,-1.559645,3.99771,3.87151,-4.531423,7684
12.88,48.13391,0,0,2.013742,1.971051,0.1824515,-1.213791,3.86275,3.772367,-5.026989,7700
12.9,53.86077,0,0,2.018596,1.970729,0.1366499,-2.192284,3.93023,3.800654,-4.835296,7700
12.92,55.75945,0,0,2.020755,1.960578,-0.03128911,-2.270495,3.93023,3.809521,-4.795689,7720
12.94,62.36689,0,0,2.013978,1.955943,0.2435202,-2.101328,3.99771,3.867012,-4.540331,7700
12.96,56.1095,0,0,2.017352,1.960526,0.01451245,-1.333473,3.93023,3.829453,-4.696459,7704
12.98,60.62254,0,0,2.026555,1.97799,0.2282531,-1.476314,3.99771,3.874653,-4.442098,7696
13,54.13197,0,0,2.032682,1.986236,0.3503905,-1.144703,3.93023,3.831635,-4.667455,7684
13.02,53.22105,0,0,2.020852,1.983323,0.01451245,-1.551057,3.93023,3.816392,-4.795658,7688
13.04,59.96824,0,0,2.015756,1.97513,-0.03128911,-1.892773,3.99771,3.865887,-4.608582,7708
13.06,48.57161,0,0,2.016999,1.966177,0.04504682,-1.450385,3.86275,3.770931,-5.047826,7696
13.08,54.24407,0,0,2.025289,1.969072,0.1519171,-2.322664,3.93023,3.801406,-4.820294,7712
13.1,61.92832,0,0,2.027963,1.965047,0.1213828,-2.331994,3.99771,3.86557,-4.531101,7688
13.12,55.98094,0,0,2.023646,1.963519,0.1671843,-1.552909,3.93023,3.828593,-4.723186,7696
13.14,54.70757,0,0,2.020384,1.969125,0.06031401,-1.62596,3.93023,3.817842,-4.752793,7688
13.16,54.68256,0,0,2.031497,1.975477,0.2740546,-1.83665,3.93023,3.816126,-4.719742,7696
13.18,60.93704,0,0,2.02916,1.976242,0.1977187,-1.969303,3.99771,3.869543,-4.503183,7692
13.2,60.99197,0,0,2.019191,1.973305,0.01451245,-1.397175,3.99771,3.88254,-4.517618,7708
13.22,53.73576,0,0,2.022221,1.979866,0.1977187,-1.024036,3.93023,3.83145,-4.748286,7716
13.24,52.79588,0,0,2.028286,1.98643,0.06031401,-1.529423,3.93023,3.817131,-4.790385,7704
13.26,53.53238,0,0,2.024468,1.978206,0.1977187,-1.953324,3.93023,3.81187,-4.847258,7720
13.28,60.55964,0,0,2.021452,1.970065,0.2282531,-2.143623,3.99771,3.865362,-4.616797,7712
13.3,54.98213,0,0,2.025385,1.968188,0.07558119,-1.573184,3.93023,3.826947,-4.783246,7716
13.32,54.14307,0,0,2.021713,1.970426,0.1519171,-1.746553,3.93023,3.815955,-4.814506,7716
13.34,54.52373,0,0,2.023385,1.968959,-0.01602192,-1.952444,3.93023,3.813228,-4.809809,7716
13.36,55.14104,0,0,2.01432,1.960427,0.1366499,-2.025143,3.93023,3.811598,-4.83555,7716
13.38,61.70007,0,0,2.011825,1.95799,0.07558119,-1.994569,3.99771,3.86662,-4.57173,7712
13.4,49.62226,0,0,2.019808,1.960882,0.2129859,-1.343843,3.86275,3.774252,-4.95544,7708
13.42,54.71183,0,0,2.020163,1.966815,0.1519171,-2.128465,3.93023,3.803367,-4.76873,7708
13.44,62.147,0,0,2.016987,1.961656,0.1061156,-2.123239,3.99771,3.86576,-4.515174,7700
13.46,68.10084,0,0,2.021024,1.970187,0.2435202,-1.370274,4.06519,3.938847,-4.195684,7700
13.48,54.0487,0,0,2.020072,1.983143,0.1366499,-0.2789039,3.93023,3.848165,-4.656149,7680
13.5,51.524,0,0,2.022413,1.996483,0.3656577,-0.9857381,3.93023,3.820978,-4.773246,7708
13.52,52.40182,0,0,2.007802,1.980514,-0.07709067,-1.676921,3.93023,3.80949,-4.920253,7708
13.54,60.00345,0,0,2.009956,1.968068,0.1671843,-2.042688,3.99771,3.862391,-4.675608,7704
13.56,54.88573,0,0,2.014406,1.962454,0.1977187,-1.530854,3.93023,3.824421,-4.833026,7692
13.58,60.27986,0,0,2.016648,1.968875,0.1366499,-1.7056,3.99771,3.869665,-4.584522,7688
13.6,60.33848,0,0,2.023628,1.976411,0.2740546,-1.29789,3.99771,3.882968,-4.522624,7688
13.62,59.31544,0,0,2.012174,1.979374,0.04504682,-0.9912009,3.99771,3.883937,-4.582076,7676
13.64,52.38112,0,0,2.019484,1.985679,0.1213828,-0.9182886,3.93023,3.829599,-4.819345,7708
13.66,52.0663,0,0,2.01885,1.983918,0.1519171,-1.572391,3.93023,3.813467,-4.895483,7708
13.68,53.3259,0,0,2.020175,1.973437,0.1061156,-2.043292,3.93023,3.809343,-4.912378,7692
13.7,54.59774,0,0,2.019999,1.962781,0.1824515,-2.225088,3.93023,3.809476,-4.89173,7696
13.72,55.39574,0,0,2.027372,1.960883,0.1519171,-2.233831,3.93023,3.812226,-4.816549,7688
13.74,61.72701,0,0,2.028857,1.964448,0.06031401,-2.155844,3.99771,3.868883,-4.530495,7704
13.76,55.50359,0,0,2.023759,1.965897,0.2282531,-1.456136,3.93023,3.829187,-4.736165,7688
13.78,54.33437,0,0,2.017116,1.96934,0.1671843,-1.601715,3.93023,3.816901,-4.787648,7696
13.8,54.6028,0,0,2.017314,1.967704,0.1824515,-1.818888,3.93023,3.81334,-4.796952,7692
13.82,55.08425,0,0,2.023338,1.967231,0.2129859,-1.952594,3.93023,3.813604,-4.765773,7704
13.84,49.3947,0,0,2.027467,1.964718,0.1366499,-2.010408,3.86275,3.759928,-4.979832,7692
13.86,55.88038,0,0,2.028088,1.962113,0.1519171,-2.61929,3.93023,3.800509,-4.755462,7696
13.88,63.3802,0,0,2.007149,1.947504,-0.1992282,-2.302721,3.99771,3.86434,-4.543321,7696
13.9,63.01077,0,0,2.022875,1.960932,0.3656577,-1.37084,3.99771,3.88582,-4.381598,7688
13.92,48.79588,0,0,2.025508,1.976206,0.2435202,-0.8119462,3.86275,3.781476,-4.852074,7704
13.94,47.478,0,0,2.025889,1.980983,0.07558119,-1.885311,3.86275,3.750686,-4.971252,7692
13.96,61.42276,0,0,2.027706,1.971866,-0.2297625,-2.728648,3.99771,3.851525,-4.527886,7700
13.98,62.90326,0,0,2.033166,1.968003,0.2282531,-1.891023,3.99771,3.881251,-4.421313,7700
14,55.21762,0,0,2.032109,1.977142,0.3198562,-1.184805,3.93023,3.834507,-4.645172,7696
14.02,59.59579,0,0,2.033413,1.989895,-0.07709067,-1.493194,3.99771,3.875009,-4.465714,7696
14.04,53.36506,0,0,2.043291,1.995609,0.1061156,-1.294433,3.93023,3.83122,-4.691985,7688
14.06,52.64049,0,0,2.03982,1.994425,0.1366499,-1.785485,3.93023,3.817129,-4.791488,7696
14.08,59.40033,0,0,2.041224,1.989307,0.1519171,-2.183645,3.99771,3.867723,-4.586294,7696
14.1,59.9239,0,0,2.047855,1.98947,0.1061156,-1.781528,3.99771,3.882873,-4.534661,7700
14.12,52.87734,0,0,2.051617,1.995305,0.1061156,-1.477494,3.93023,3.832348,-4.770336,7688
14.14,52.084,0,0,2.053191,1.998129,0.2435202,-1.994936,3.93023,3.817502,-4.834572,7708
14.16,58.91145,0,0,2.05374,1.993698,0.1366499,-2.416651,3.99771,3.86774,-4.626663,7696
14.18,53.57593,0,0,2.053738,1.987234,0.01451245,-2.011226,3.93023,3.827203,-4.837045,7680
14.2,53.07004,0,0,2.051617,1.986073,0.1061156,-2.272775,3.93023,3.81602,-4.868464,7700
14.22,53.70189,0,0,2.052479,1.981671,0.1671843,-2.500178,3.93023,3.81344,-4.864018,7688
14.24,60.46207,0,0,2.044934,1.975605,0.09084838,-2.558718,3.99771,3.867131,-4.633698,7692
14.26,54.75936,0,0,2.038079,1.970458,0.09084838,-1.898054,3.93023,3.827149,-4.835423,7688
14.28,59.91653,0,0,2.035624,1.976374,0.1213828,-2.019869,3.99771,3.870992,-4.605184,7708
14.3,53.97549,0,0,2.033806,1.976573,0.06031401,-1.582262,3.93023,3.827949,-4.818192,7700
14.32,59.33178,0,0,2.028917,1.979496,0.07558119,-1.872196,3.99771,3.869879,-4.624713,7708
14.34,47.68477,0,0,2.028426,1.973805,0.1366499,-1.535327,3.86275,3.771838,-5.082271,7692
14.36,53.51689,0,0,2.033694,1.974464,0.1213828,-2.496053,3.93023,3.800731,-4.874109,7696
14.38,61.46434,0,0,2.034769,1.967408,-0.03128911,-2.542836,3.99771,3.864458,-4.587199,7692
14.4,61.66172,0,0,2.039212,1.972111,0.2893218,-1.779157,3.99771,3.883779,-4.490443,7684
14.42,54.0712,0,0,2.033929,1.980235,0.2435202,-1.243412,3.93023,3.833078,-4.740428,7692
14.44,64.72404,0,0,2.055517,2.004225,0.5183294,-1.705805,4.06519,3.930443,-4.229552,7716
14.46,58.47875,0,0,2.042029,2.003352,-0.03128911,-0.9135683,3.99771,3.898064,-4.533545,7692
14.48,44.54019,0,0,2.041519,2.004629,0.1977187,-1.028905,3.86275,3.777885,-5.100821,7728
14.5,50.70934,0,0,2.052145,2.002087,0.1824515,-2.540938,3.93023,3.800047,-4.946811,7696
14.52,53.5318,0,0,2.054758,1.983174,-0.1228922,-2.930566,3.93023,3.807225,-4.930333,7720
14.54,49.16788,0,0,2.018481,1.94861,-0.9320526,-2.802112,3.86275,3.751295,-5.271496,7720
14.56,50.4716,0,0,2.02114,1.935723,0.4725278,-3.152071,3.86275,3.740294,-5.183278,7708
14.58,58.44884,0,0,2.009634,1.923036,-0.0007547362,-3.209266,3.93023,3.793793,-4.87729,7700
14.6,65.44841,0,0,2.023828,1.934076,-0.06182348,-2.467725,3.99771,3.868625,-4.414533,7700
14.62,58.05542,0,0,2.02358,1.952238,0.1824515,-1.274108,3.93023,3.834929,-4.547783,7700
14.64,55.5984,0,0,2.014416,1.967788,0.02977964,-1.20808,3.93023,3.822549,-4.618496,7700
14.66,54.85817,0,0,2.032007,1.982911,1.129017,-1.467887,3.93023,3.819946,-4.59205,7708
14.68,54.94469,0,0,2.005558,1.969378,-0.2602969,-1.648045,3.93023,3.813532,-4.759298,7688
14.7,55.32072,0,0,2.023017,1.970936,0.1366499,-1.803221,3.93023,3.814829,-4.693805,7696
14.72,55.50859,0,0,2.025,1.970457,0.304589,-1.874753,3.93023,3.815439,-4.695073,7692
14.74,61.66537,0,0,2.018023,1.96828,0.1061156,-1.877622,3.99771,3.869217,-4.488549,7684
14.76,61.49388,0,0,2.016804,1.971041,0.1671843,-1.252206,3.99771,3.883859,-4.458784,7704
14.78,54.04939,0,0,2.010585,1.975353,-0.06182348,-0.8427965,3.93023,3.831393,-4.736856,7712
14.8,53.12478,0,0,2.009156,1.97728,0.1213828,-1.321329,3.93023,3.815588,-4.811336,7712
14.82,53.93217,0,0,2.007922,1.96912,0.02977964,-1.731235,3.93023,3.810697,-4.848452,7708
14.84,60.83679,0,0,2.021931,1.970778,0.2282531,-1.95256,3.99771,3.866946,-4.542035,7716
14.86,61.09931,0,0,2.017992,1.970679,0.07558119,-1.390776,3.99771,3.882037,-4.517873,7712
14.88,59.8582,0,0,2.020071,1.98075,0.1061156,-0.9956926,3.99771,3.886041,-4.507119,7708
14.9,52.64369,0,0,2.016212,1.984846,-0.01602192,-0.8574371,3.93023,3.830346,-4.801003,7708
14.92,58.13031,0,0,2.025704,1.991569,0.1519171,-1.517691,3.99771,3.869955,-4.597777,7720
14.94,22.95441,0,0,2.012637,1.962881,0.2129859,-1.405671,3.592831,3.549903,-6.109904,7704
14.96,60.68427,0,0,2.019059,1.94957,0.02977964,-4.861324,3.99771,3.793465,-4.801646,7736
14.98,31.64182,0,0,2.020529,1.900678,0.1366499,-3.380583,3.592831,3.537333,-5.960937,7732
15,68.54797,0,0,1.948754,1.862168,-5.863352,-5.076327,3.99771,3.790652,-4.786038,7728
15.02,449.1793,-6,0,1.916152,1.808944,0.6099325,-2.406783,3.525351,3.480607,-6.172452,7692
15.04,356.6725,-6,0,1.905832,2.259082,0.5335966,38.29694,3.660311,3.518807,-4.396791,7736
15.06,273.6497,-6,0,2.285287,3.224831,27.86185,54.84086,3.592831,3.516966,-1.591899,7724
15.08,216.934,-6,0,3.265242,4.353319,49.43438,54.3696,3.660311,3.63226,1.463072,7708
15.1,251.4058,-6,0,4.274566,5.344015,59.22063,45.14286,4.60503,4.451441,5.693947,7700
15.12,206.7013,-6,0,5.372277,6.210291,54.30461,39.0164,4.60503,4.694844,6.084539,7652
15.14,69.56354,-6,0,6.275139,6.866437,46.38094,27.43705,3.660311,3.972211,0.9712102,7608
15.16,63.93567,-6,0,6.904964,7.190434,27.75498,3.822912,3.99771,3.991156,-1.554288,7692
15.18,90.95322,-6,0,6.622508,6.778901,-15.58855,-11.83106,4.267631,4.062461,-6.829004,7680
15.2,54.52963,-6,0,5.928802,5.964427,-34.82519,-17.52175,3.660311,3.452372,-14.69705,7676
15.22,14.59048,-6,0,5.111582,5.03589,-39.58855,-22.49443,2.918031,2.59384,-21.6445,7692
15.24,93.78687,-6,0,4.436785,4.208238,-38.18397,-27.57739,3.32291,2.668546,-21.96728,7748
15.26,116.9669,-6,0,3.456984,3.307593,-47.06947,-19.91537,2.985511,2.380278,-24.09967,7720
15.28,184.6152,-6,0,2.875982,2.794353,-20.91679,-10.44457,3.32291,2.620376,-21.13211,7736
15.3,141.8414,-6,0,2.827826,2.745549,-3.878619,3.004977,2.58063,2.191924,-19.42863,7724
15.32,172.3626,-6,0,3.208239,3.146991,21.20536,6.65394,2.918031,2.473082,-13.55249,7768
15.34,79.67999,-6,0,3.703113,3.624969,23.58704,10.56976,1.90583,1.820531,-13.1482,7744
15.36,99.93704,-6,0,4.013727,4.000617,18.71681,2.792404,2.243231,1.945639,-10.61196,7784
15.38,143.2181,-6,0,4.226769,4.178275,5.052682,-1.035527,2.64811,2.320924,-8.330036,7792
15.4,81.48831,-6,0,3.881496,3.994185,-18.97786,1.623679,1.90583,1.757794,-12.44116,7716
15.42,117.1089,-6,0,4.109416,4.064376,8.075583,-3.382467,2.31071,1.976052,-10.14174,7800
15.44,66.74982,-6,0,3.993896,3.945987,-7.481674,-2.87704,1.63591,1.474414,-12.81827,7776
15.46,104.5477,-6,0,3.724233,3.737119,-5.420604,-6.80674,1.97331,1.583387,-12.66776,7820
15.48,62.27316,-6,0,3.640407,3.546968,-5.695413,-5.34378,1.298511,1.083759,-14.4682,7804
15.5,104.8456,-6,0,3.401296,3.350301,-8.306102,-7.869962,1.63591,1.217806,-13.46378,7844
15.52,33.43466,-6,0,3.364568,3.204207,-6.367169,-5.150752,0.6237106,0.4686867,-15.73759,7832
15.54,-19.53445,-6,0,3.128029,2.980329,-10.45877,-9.907933,-0.1185694,-0.3365052,-18.42374,7868
15.56,41.09961,-6,0,3.081488,2.775431,-7.55801,-18.18081,0.2188301,-0.2396943,-16.10447,7928
15.58,111.9513,-6,0,2.500214,2.306937,-32.99313,-15.80884,0.5562305,0.03496493,-15.08147,7904
15.6,81.39435,-6,0,1.797431,1.79911,-31.9855,-4.960422,-0.1185694,-0.4593459,-17.31319,7876
15.62,131.2827,-6,0,1.855879,1.809079,6.121385,-0.7364875,0.2863102,-0.169324,-12.59505,7912
15.64,164.5558,-6,0,2.091364,2.067777,9.419095,6.513108,0.5562305,0.2168418,-7.947435,7908
15.66,64.77917,-6,0,2.328631,2.402015,16.42673,13.87439,-0.4559698,-0.4492159,-8.963511,7872
15.68,41.15405,-6,0,2.850945,2.869184,25.89238,7.097541,-0.5234499,-0.6231115,-7.152636,7956
15.7,83.70984,-6,0,3.204675,3.147343,12.71681,-0.9290224,-0.05108929,-0.2670805,-4.700066,7936
15.72,-6.55423,-6,0,3.012534,3.005531,-15.17633,-1.640777,-1.13077,-1.100241,-9.926173,7920
15.74,36.77026,-6,0,2.733745,2.735589,-8.657246,-10.38512,-0.7258892,-1.040061,-10.33531,7972
15.76,63.7731,-6,0,2.568112,2.432235,-13.83282,-11.26068,-0.7258892,-1.017469,-10.32213,7968
15.78,114.5233,-6,0,1.915794,1.973156,-37.34428,-7.137342,-0.3884897,-0.7921938,-10.5807,7960
15.8,153.6817,-6,0,1.636755,1.755218,3.983979,1.73496,-0.1185694,-0.492474,-8.642564,7936
15.82,158.5609,-6,0,1.688073,1.874257,0.9763447,11.56874,-0.05108929,-0.3018112,-6.144415,7908
15.84,51.69403,-6,0,2.089129,2.262875,27.34277,17.36805,-1.06329,-0.9997876,-7.003617,7932
15.86,25.06543,-6,0,2.766166,2.806228,32.76262,8.376258,-1.13077,-1.171036,-5.103947,7984
15.88,30.5379,-6,0,3.075949,3.033536,11.52597,-1.377378,-1.06329,-1.163413,-4.867545,7992
15.9,69.71152,-6,0,2.831444,2.848924,-17.45114,-6.701555,-0.7258892,-0.954738,-5.777118,7992
15.92,83.98761,-6,0,2.28126,2.412226,-26.01603,-4.683112,-0.7258892,-0.9745556,-8.164711,7960
15.94,116.8113,-6,0,2.153018,2.223394,-9.038925,-1.345032,-0.4559698,-0.7452776,-6.978043,7960
15.96,118.8562,-6,0,2.13122,2.215075,3.22062,4.338438,-0.4559698,-0.6585492,-6.077044,7948
15.98,110.2856,-6,0,2.314512,2.40649,11.22062,7.82839,-0.4559698,-0.5982099,-4.739851,7944
16,91.35605,-6,0,2.627008,2.701981,14.41146,8.337031,-0.5234499,-0.6029036,-3.764673,7948
16.02,30.72156,-6,0,2.835757,2.904042,8.274057,6.013618,-1.06329,-1.041289,-5.596619,7932
16.04,19.29633,-6,0,2.987555,2.982847,5.571766,-2.18363,-1.13077,-1.223521,-6.464094,7976
16.06,66.00665,-6,0,2.85488,2.81819,-7.924421,-8.430057,-0.7258892,-0.9810205,-6.444755,7992
16.08,-2.383118,-6,0,2.491225,2.444196,-21.16107,-6.876434,-1.670609,-1.725299,-11.23853,7968
16.1,35.35391,-6,0,2.141043,2.091081,-16.22977,-11.61757,-1.40069,-1.729158,-11.42915,8024
16.12,54.85876,-6,0,2.166442,1.920192,-3.802283,-10.89345,-1.46817,-1.730705,-10.1029,8012
16.14,106.7151,-6,0,1.821376,1.708809,-22.50458,-7.360662,-1.06329,-1.412177,-8.591894,8004
16.16,117.6975,-6,0,1.458965,1.521682,-6.840452,1.345557,-1.06329,-1.335614,-8.215375,7984
16.18,109.5228,-6,0,1.518326,1.628215,2.716804,8.168991,-1.13077,-1.32205,-6.520647,7968
16.2,98.97348,-6,0,1.922155,2.000439,22.02979,10.72997,-1.13077,-1.24704,-3.92855,7996
16.22,84.83417,-6,0,2.283843,2.382128,16.91528,10.22207,-1.13077,-1.194581,-2.540915,7984
16.24,76.25909,-6,0,2.677725,2.73469,19.90765,7.212,-1.06329,-1.105078,-1.540841,7988
16.26,88.41693,-6,0,2.857145,2.927587,6.487797,3.721374,-0.7933693,-0.88078,-1.190224,7980
16.28,85.76016,-6,0,2.892601,2.97493,1.510696,2.4501,-0.7258892,-0.7985496,-2.111894,7940
16.3,76.91214,-6,0,2.915598,2.979606,1.358024,1.241628,-0.7258892,-0.8012515,-3.212789,7968
16.32,70.69656,-6,0,2.91786,2.953223,0.5183294,-0.4763594,-0.7258892,-0.8232363,-4.247948,7964
16.34,-16.18237,-6,0,2.921445,2.869318,0.1213828,-2.344184,-1.670609,-1.609218,-8.425957,7956
16.36,-11.74731,-6,0,2.876343,2.718218,-2.993122,-12.22956,-1.670609,-1.835789,-9.582677,8024
16.38,12.61545,-6,0,2.748427,2.435693,-10.65725,-17.95457,-1.670609,-1.901491,-10.12133,8040
16.4,63.35492,-6,0,2.186816,1.953234,-31.71069,-17.60012,-1.40069,-1.748209,-10.6528,8012
16.42,89.3396,-6,0,1.405723,1.375091,-34.93206,-9.855579,-1.40069,-1.76078,-11.95166,8008
16.44,111.4944,-6,0,1.105384,1.131153,-10.79465,-0.9866332,-1.33321,-1.675009,-10.30502,8000
16.46,121.0146,-6,0,1.319748,1.320998,11.98398,6.683146,-1.26573,-1.505028,-6.687645,8008
16.48,98.91382,-6,0,1.68206,1.724965,19.4191,11.67608,-1.40069,-1.497292,-4.232692,8012
16.5,81.88608,-6,0,2.066474,2.162992,18.82368,11.54698,-1.40069,-1.457654,-2.521038,8008
16.52,60.73981,-6,0,2.466998,2.540207,22.5336,8.446577,-1.46817,-1.480903,-1.873765,8024
16.54,54.07971,-6,0,2.844767,2.8346,16.62521,3.042461,-1.40069,-1.422515,-1.437114,8016
16.56,71.30759,-6,0,2.888175,2.89164,1.174818,-1.450336,-1.13077,-1.226847,-1.863276,7996
16.58,-15.1369,-6,0,2.777346,2.7483,-5.970222,-2.509532,-2.075489,-1.984288,-6.860335,7984
16.6,107.2025,-6,0,2.648096,2.596895,-7.527474,-11.43407,-0.7258892,-1.124724,-3.756311,8032
16.62,117.2657,-6,0,2.531108,2.414782,-2.855718,-4.624318,-0.7933693,-0.9514682,-4.034963,7976
16.64,25.02325,-6,0,2.228804,2.247494,-19.37481,1.757277,-1.738089,-1.705166,-8.41016,7984
16.66,35.06775,-6,0,1.885293,2.031514,0.3809245,-2.290764,-1.60313,-1.84183,-9.501303,8032
16.68,36.46927,-6,0,2.441649,2.196645,23.81605,-5.452212,-1.738089,-1.877807,-6.94027,8036
16.7,48.00946,-6,0,2.544028,2.274863,0.4877952,-7.754556,-1.670609,-1.815188,-6.068636,8044
16.72,79.15155,-6,0,2.196125,2.096511,-21.90916,-7.151671,-1.40069,-1.630978,-6.37782,8036
16.74,88.6983,-6,0,1.661072,1.761443,-11.74122,-2.033518,-1.40069,-1.640455,-7.860432,8008
16.76,84.00916,-6,0,1.968252,1.88797,9.327493,1.611189,-1.46817,-1.615386,-5.648997,7996
16.78,85.47275,-6,0,1.919123,1.969652,-5.558008,3.666928,-1.40069,-1.55604,-5.136535,7984
16.8,85.4581,-6,0,2.207185,2.199567,15.84658,4.35859,-1.33321,-1.444421,-3.462437,8000
16.82,70.15747,-6,0,2.401332,2.405612,6.045049,4.182781,-1.40069,-1.458392,-3.206408,8000
16.84,-23.17004,-6,0,2.535412,2.504963,9.006882,1.974815,-2.345409,-2.233886,-6.766752,8000
16.86,-29.58621,-6,0,2.609773,2.479452,0.5641309,-9.198672,-2.412889,-2.509773,-7.930114,8084
16.88,-0.3955078,-6,0,2.347371,2.145371,-17.80229,-16.54779,-2.345409,-2.568832,-9.232101,8060
16.9,167.6937,-6,0,1.727142,1.642509,-33.71069,-16.4883,-0.7933693,-1.38366,-5.540618,8064
16.92,207.5099,-6,0,0.9898156,1.167381,-33.80229,2.839863,-0.590929,-0.9430311,-5.338828,7984
16.94,171.9666,-6,0,1.074013,1.355773,12.83895,19.68639,-0.7933693,-0.9173914,-3.355071,7972
16.96,23.40399,-6,0,1.683104,1.956465,32.18246,25.43443,-2.075489,-1.859522,-4.677401,7960
16.98,-7.245422,-6,0,2.673727,2.728557,47.25117,11.23532,-2.075489,-2.021847,-2.121881,8032
17,-5.838074,-6,0,3.381298,3.179944,31.12902,-3.598148,-2.008009,-1.982303,-1.23648,8028
17.02,-8.062866,-6,0,3.431934,3.143948,-1.970221,-13.67235,-2.075489,-2.082811,-3.582824,8032
17.04,40.31848,-6,0,2.944278,2.709937,-33.45115,-19.21159,-1.670609,-1.880444,-5.70589,8036
17.06,4.112793,-6,0,1.836603,1.838222,-58.7794,-14.81698,-2.345409,-2.514969,-12.63341,8016
17.08,65.22662,-6,0,0.4707302,0.7959312,-73.10001,-11.37415,-2.008009,-2.54028,-15.60697,8060
17.1,115.2064,-6,0,-1.088479,-0.3746521,6.167187,1.872318,-2.008009,-2.650841,-18.26877,8052
17.12,141.9557,-6,0,-0.2700516,-0.1197196,28.65574,13.94474,-2.008009,-2.39784,-9.519086,8048
17.14,159.9462,-6,0,0.28184,0.5221537,17.72444,23.11567,-1.738089,-1.96954,-2.944011,8032
17.16,143.4774,-6,0,0.6686012,1.156674,11.52597,29.74951,-1.670609,-1.753787,0.1960095,8008
17.18,111.3221,-6,0,1.41219,1.91354,65.46492,30.19123,-1.670609,-1.631991,2.894975,8036
17.2,-13.35321,-6,0,2.286974,2.63417,37.93819,24.40229,-2.68281,-2.370021,0.9338897,8016
17.22,-36.19052,-6,0,2.650723,2.932157,14.25879,6.621404,-2.68281,-2.615485,-1.120163,8064
17.24,1.831238,-6,0,2.913797,2.906088,9.037416,-8.374388,-2.345409,-2.434779,-1.669992,8068
17.26,-50.23645,-6,0,2.945161,2.665641,-3.191595,-14.6808,-3.08769,-3.011399,-5.889578,8056
17.28,0.4966125,-6,0,2.451724,2.173446,-29.60382,-22.65792,-2.68281,-2.916338,-7.71614,8112
17.3,-19.45932,-6,0,1.441545,1.301836,-56.44352,-19.88932,-3.290129,-3.493234,-13.45043,8112
17.32,47.91986,-6,0,0.2007129,0.3174343,-73.49696,-16.22999,-2.95273,-3.471583,-15.3465,8120
17.34,33.2113,-6,0,-0.6722358,-0.468053,-45.95497,-4.202234,-3.627529,-4.011412,-17.27727,8096
17.36,53.7738,-6,0,0.1347953,-0.1337449,43.0985,0.3968775,-3.627529,-3.907369,-9.550581,8132
17.38,89.43091,-6,0,0.5409325,0.3381318,20.21299,4.342052,-3.290129,-3.498763,-3.884555,8140
17.4,84.07169,-6,0,0.5529321,0.6247916,-4.214497,10.38573,-3.290129,-3.384299,-2.345591,8108
17.42,95.91833,-6,0,0.5633083,0.8491728,3.831308,13.7663,-3.02021,-3.14228,-0.7814425,8120
17.44,77.99487,-6,0,1.419697,1.476492,39.12903,14.74394,-3.02021,-2.965238,2.856655,8100
17.46,-46.33472,-6,0,2.056768,2.030754,27.75498,11.46175,-4.09989,-3.758599,0.1882508,8088
17.48,-34.4024,-6,0,2.228048,2.212311,7.892378,-3.978612,-3.762489,-3.752792,-0.7790892,8160
17.5,-100.9773,-6,0,2.337379,2.066318,-1.145793,-13.52824,-4.639729,-4.489701,-5.358362,8148
17.52,-54.31366,-6,0,2.185209,1.737265,-14.79465,-26.12969,-4.30233,-4.449537,-6.250556,8196
17.54,10.16138,-6,0,1.631924,1.148914,-31.02366,-28.10685,-3.96493,-4.220928,-7.154902,8168
17.56,-18.71936,-6,0,0.5677609,0.3136544,-58.64199,-19.76138,-4.639729,-4.801736,-12.32158,8160
17.58,37.71539,-6,0,-0.8904497,-0.6968316,-72.13818,-12.69628,-4.36981,-4.86039,-14.78663,8204
17.6,89.21371,-6,0,-1.996523,-1.542722,-30.45878,1.226397,-4.30233,-4.845728,-14.54652,8180
17.62,101.5564,-6,0,-0.2594883,-0.6357816,62.94583,11.2183,-4.30233,-4.439897,-2.059633,8184
17.64,74.88205,-6,0,0.6759016,0.4183698,42.47254,16.19824,-4.30233,-4.193124,3.645979,8172
17.66,40.89334,-6,0,0.9320562,1.035904,15.83131,15.71003,-4.30233,-4.162734,3.893909,8188
17.68,16.73938,-6,0,1.210594,1.397652,19.4191,10.92623,-4.30233,-4.186207,3.256577,8192
17.7,-1.872772,-6,0,2.041854,1.904114,42.59468,2.822558,-4.30233,-4.130342,4.63062,8180
17.72,-13.37329,-6,0,2.625546,2.282473,28.60994,-6.293085,-4.23485,-4.049533,4.599376,8192
17.74,-30.93039,-6,0,2.727352,2.324069,1.70917,-13.98472,-4.30233,-4.14116,1.943734,8168
17.76,-106.8754,-6,0,2.041728,1.778741,-43.14581,-19.08728,-5.179569,-5.025203,-6.327205,8164
17.78,-56.82526,-6,0,0.9223575,0.8145171,-59.00841,-26.82834,-4.909649,-5.196759,-10.95918,8244
17.8,25.97736,-6,0,-0.1270193,-0.216891,-56.7794,-23.59142,-4.572248,-5.034752,-12.19163,8232
17.82,63.56802,-6,0,-0.9476045,-0.9625531,-17.11526,-10.36009,-4.639729,-5.037341,-11.92472,8216
17.84,58.49567,-6,0,-0.940981,-1.01556,-3.329,2.527399,-4.909649,-5.132986,-8.509281,8200
17.86,60.67444,-6,0,-0.9146869,-0.8102415,5.556499,10.57627,-4.909649,-5.087219,-5.221226,8224
17.88,14.69662,-6,0,0.107792,-0.04033637,51.58705,13.21098,-5.314529,-5.222606,-0.3402743,8208
17.9,-0.3740845,-6,0,0.8440533,0.687543,35.87712,7.982371,-5.247049,-5.133984,2.734137,8244
17.92,-14.12494,-6,0,1.172322,1.061635,13.98398,1.778828,-5.247049,-5.125473,2.697057,8252
17.94,-26.97055,-6,0,1.225062,1.123142,-2.092359,-4.051026,-5.314529,-5.222993,0.9937419,8232
17.96,4.754242,-6,0,1.076656,0.9737936,-10.79465,-8.824286,-4.977129,-5.026896,0.2377562,8248
17.98,19.36993,-6,0,0.7037544,0.6547465,-19.49695,-7.697398,-4.909649,-4.977184,-1.528387,8224
18,50.2348,-6,0,0.2579284,0.3198702,-19.1916,-4.079631,-4.639729,-4.792068,-2.16943,8228
18.02,57.81619,-6,0,0.4030475,0.3519735,9.678638,1.18436,-4.572248,-4.634608,-0.4223268,8192
18.04,35.56128,-6,0,0.5873191,0.5506863,6.930545,4.923535,-4.707209,-4.668748,0.2644359,8204
18.06,27.63458,-6,0,0.8009733,0.793277,13.99925,4.497288,-4.639729,-4.609308,1.05675,8204
18.08,15.71674,-6,0,1.187944,1.089893,21.23589,2.235202,-4.639729,-4.563986,1.919739,8200
18.1,10.22095,-6,0,1.412498,1.286935,9.44963,-1.218159,-4.572248,-4.502782,1.862732,8204
18.12,3.095428,-6,0,1.417794,1.304718,-1.069457,-4.173958,-4.572248,-4.522193,0.5612187,8224
18.14,-11.46622,-6,0,1.358481,1.217204,-2.397702,-6.727271,-4.707209,-4.66826,-1.237023,8232
18.16,-4.068085,-6,0,1.372336,1.140071,-0.3824344,-9.908821,-4.639729,-4.659588,-1.665842,8220
18.18,1.471802,-6,0,1.238972,0.9891035,-7.161062,-10.88253,-4.639729,-4.677952,-2.548377,8212
18.2,7.320679,-6,0,1.062433,0.8196092,-9.939689,-10.42218,-4.639729,-4.699899,-3.223128,8200
18.22,19.24365,-6,0,0.8976312,0.6762518,-7.649613,-8.991871,-4.572248,-4.659081,-3.276567,8204
18.24,17.32965,-6,0,0.8454393,0.6204736,-3.069458,-6.63514,-4.639729,-4.691461,-3.11461,8212
18.26,17.86841,-6,0,0.846636,0.6366937,0.1671843,-5.23682,-4.639729,-4.68697,-2.601038,8196
18.28,23.70544,-6,0,0.8647785,0.6799439,1.32749,-4.297724,-4.572248,-4.622075,-1.922834,8204
18.3,16.35916,-6,0,0.8967462,0.731684,0.9000088,-3.190662,-4.639729,-4.652885,-1.79836,8208
18.32,13.49512,-6,0,0.952741,0.7957652,2.930544,-3.371362,-4.639729,-4.655499,-1.550694,8228
18.34,11.75287,-6,0,1.0135,0.8498542,3.00688,-3.975503,-4.639729,-4.652429,-1.400291,8236
18.36,10.70355,-6,0,1.026135,0.8670035,0.7931387,-4.610907,-4.639729,-4.655821,-1.522553,8228
18.38,10.49667,-6,0,1.024129,0.8613775,-0.4129688,-5.14251,-4.639729,-4.661034,-1.687197,8216
18.4,16.81714,-6,0,1.025296,0.8538161,0.02977964,-5.513607,-4.572248,-4.60921,-1.543392,8224
18.42,10.98251,-6,0,1.01784,0.8421381,0.1366499,-5.104337,-4.639729,-4.6515,-1.844259,8208
18.44,10.11932,-6,0,1.025805,0.844053,0.5183294,-5.440481,-4.639729,-4.662314,-1.876613,8204
18.46,10.54575,-6,0,1.020162,0.8356467,-0.1381594,-5.737094,-4.639729,-4.666728,-1.943943,8212
18.48,11.1796,-6,0,1.024201,0.8301849,0.1213828,-5.899857,-4.639729,-4.66691,-1.93464,8196
18.5,17.62622,-6,0,1.026491,0.8301324,0.04504682,-5.942327,-4.572248,-4.611319,-1.675985,8216
18.52,17.55511,-6,0,1.023255,0.83222,0.3198562,-5.309055,-4.572248,-4.596386,-1.648949,8212
18.54,10.14252,-6,0,1.018195,0.8371289,0.3503905,-4.887191,-4.639729,-4.648464,-1.915864,8196
18.56,3.262207,-6,0,1.009877,0.8327764,-0.07709067,-5.341319,-4.707209,-4.719837,-2.256346,8204
18.58,10.52917,-6,0,1.002607,0.8179168,0.2740546,-6.312263,-4.639729,-4.685499,-2.094189,8196
18.6,13.00262,-6,0,0.9919651,0.7962212,-0.5045714,-6.188184,-4.639729,-4.675353,-2.063208,8200
18.62,20.12936,-6,0,0.9434608,0.7675477,-0.8862511,-5.704834,-4.572248,-4.622066,-1.925973,8204
18.64,20.06503,-6,0,0.9814693,0.7904351,1.144284,-4.756062,-4.572248,-4.598112,-1.605635,8220
18.66,6.046387,-6,0,0.9730576,0.8039404,-0.3060985,-4.127331,-4.707209,-4.703023,-2.088466,8212
18.68,10.46399,-6,0,1.026488,0.8418407,2.41146,-5.275358,-4.639729,-4.670782,-1.713517,8192
18.7,17.50275,-6,0,1.02227,0.8423064,-0.4893047,-5.589763,-4.572248,-4.610691,-1.549878,8216
18.72,17.70605,-6,0,0.9965168,0.828008,-0.596175,-5.015518,-4.572248,-4.59903,-1.662821,8220
18.74,10.47238,-6,0,1.010468,0.8362488,0.5641309,-4.652362,-4.639729,-4.648468,-1.852722,8208
18.76,9.474731,-6,0,1.010075,0.839693,-0.2908313,-5.1448,-4.639729,-4.663517,-1.933669,8228
18.78,16.00583,-6,0,1.030283,0.8466636,0.6251997,-5.625751,-4.572248,-4.610704,-1.65434,8240
18.8,10.49103,-6,0,1.012598,0.8336099,-0.1534266,-5.244856,-4.639729,-4.654321,-1.971764,8216
18.82,16.00745,-6,0,1.017641,0.8361811,0.2893218,-5.552409,-4.572248,-4.610569,-1.741919,8208
18.84,10.39874,-6,0,1.008235,0.8280976,-0.183961,-5.179949,-4.639729,-4.654767,-2.00357,8212
18.86,10.01285,-6,0,1.004728,0.8248153,0.4267263,-5.486643,-4.639729,-4.667124,-2.041429,8232
18.88,4.820557,-6,0,1.005127,0.8158054,0.1061156,-5.736032,-4.707209,-4.724519,-2.273661,8232
18.9,23.90906,-6,0,1.014772,0.8189113,0.2740546,-6.432533,-4.50477,-4.573317,-1.508632,8220
18.92,18.91861,-6,0,1.014536,0.8198319,-0.03128911,-4.971024,-4.572248,-4.585587,-1.618788,8216
18.94,10.02258,-6,0,1.019389,0.8393428,1.098482,-4.5223,-4.639729,-4.643713,-1.850192,8212
18.96,14.59579,-6,0,1.026716,0.8546023,0.06031401,-5.145555,-4.572248,-4.606304,-1.674688,8200
18.98,8.980499,-6,0,1.021621,0.8481283,0.1824515,-5.096071,-4.639729,-4.653409,-1.977638,8240
19,8.745911,-6,0,1.037704,0.8511741,0.2129859,-5.674293,-4.639729,-4.664436,-1.974732,8204
19.02,9.769196,-6,0,1.024775,0.8358519,-0.06182348,-6.048578,-4.639729,-4.669705,-2.063201,8212
19.04,10.91333,-6,0,1.023269,0.8238667,-0.5809073,-6.18445,-4.639729,-4.670023,-2.049897,8216
19.06,17.76236,-6,0,1.016245,0.8169615,0.5946653,-6.128647,-4.572248,-4.614762,-1.793507,8208
19.08,11.89029,-6,0,1.018056,0.8182214,-0.1992282,-5.406568,-4.639729,-4.652699,-1.943797,8212
19.1,16.76038,-6,0,1.01983,0.8298643,0.3809245,-5.518785,-4.572248,-4.608085,-1.700382,8216
19.12,10.49463,-6,0,1.029777,0.8387735,-0.07709067,-5.138922,-4.639729,-4.649829,-1.880761,8188
19.14,15.63965,-6,0,1.018764,0.8404894,0.4419934,-5.486537,-4.572248,-4.609486,-1.743777,8216
19.16,15.95291,-6,0,1.022079,0.8411295,-0.01602192,-5.207498,-4.572248,-4.598382,-1.72295,8208
19.18,15.19608,-6,0,1.018744,0.8440259,0.304589,-4.980969,-4.572248,-4.596444,-1.752234,8216
19.2,8.438202,-6,0,1.019757,0.8457148,-0.09235785,-4.916948,-4.639729,-4.651399,-2.018957,8200
19.22,8.321136,-6,0,1.012363,0.8383695,0.2129859,-5.538486,-4.639729,-4.668326,-2.115313,8220
19.24,15.69147,-6,0,1.020145,0.8328981,0.06031401,-5.977349,-4.572248,-4.616383,-1.846722,8208
19.26,16.61725,-6,0,1.019382,0.8287293,0.1519171,-5.519501,-4.572248,-4.601176,-1.792992,8236
19.28,9.856567,-6,0,1.018233,0.8314148,0.02977964,-5.122006,-4.639729,-4.651483,-2.011833,8208
19.3,3.258423,-6,0,1.013585,0.828423,0.1671843,-5.53557,-4.707209,-4.721026,-2.306572,8224
19.32,16.59369,-6,0,1.005877,0.8176911,0.02977964,-6.44385,-4.572248,-4.631188,-1.884184,8220
19.34,12.59656,-6,0,1.009408,0.8079135,0.1366499,-5.711043,-4.639729,-4.658563,-1.994265,8192
19.36,12.09418,-6,0,0.9775219,0.7951408,-1.848083,-5.534189,-4.639729,-4.669392,-2.089856,8208
19.38,12.37527,-6,0,0.9954938,0.8027682,1.190086,-5.512129,-4.639729,-4.667831,-1.951772,8212
19.4,18.56677,-6,0,0.9910931,0.8069605,-0.5656406,-5.452965,-4.572248,-4.612837,-1.692652,8216
19.42,6.396301,-6,0,0.985046,0.8048316,0.7473372,-4.783681,-4.707209,-4.707891,-2.142057,8232
19.44,11.50302,-6,0,0.9971896,0.815595,-0.183961,-5.596335,-4.639729,-4.677444,-1.898423,8224
19.46,12.8125,-6,0,1.001987,0.813439,1.022146,-5.638302,-4.639729,-4.668466,-1.858085,8232
19.48,13.31061,-6,0,0.9624146,0.7908621,-1.252663,-5.422309,-4.639729,-4.671456,-2.003275,8204
19.5,13.57281,-6,0,0.9764319,0.7936698,1.190086,-5.258372,-4.639729,-4.668082,-1.884264,8204
19.52,7.481354,-6,0,0.9749535,0.7939439,0.2282531,-5.125364,-4.707209,-4.721419,-2.097017,8208
19.54,13.61935,-6,0,0.9777442,0.7964025,0.02977964,-5.654752,-4.639729,-4.680501,-1.853223,8204
19.56,14.70383,-6,0,0.9758159,0.7924675,-0.2144953,-5.38155,-4.639729,-4.668859,-1.807515,8208
19.58,14.39978,-6,0,0.9764279,0.7964056,0.5793981,-5.089766,-4.639729,-4.664914,-1.768802,8204
19.6,13.84488,-6,0,0.9735244,0.8007419,-0.4129688,-4.919361,-4.639729,-4.66443,-1.771081,8200
19.62,13.4715,-6,0,0.9656606,0.8003423,0.3961921,-4.841632,-4.639729,-4.665916,-1.808689,8224
19.64,7.286377,-6,0,0.9674749,0.7992236,-0.06182348,-4.838749,-4.707209,-4.720901,-2.045635,8204
19.66,7.477814,-6,0,0.9725826,0.7972996,0.4114593,-5.476684,-4.707209,-4.735145,-2.059306,8212
19.68,21.02457,-6,0,0.9661355,0.7889867,-0.3366328,-5.851188,-4.572248,-4.629785,-1.594776,8212
19.7,21.84912,-6,0,0.9594153,0.7858199,0.4725278,-4.707497,-4.572248,-4.600407,-1.511812,8212
19.72,13.68643,-6,0,0.9560066,0.7983137,0.1061156,-3.857283,-4.639729,-4.647568,-1.731396,8208
19.74,5.397827,-6,0,0.9988962,0.8316594,1.877109,-4.247712,-4.707209,-4.71069,-1.861662,8196
19.76,10.99493,-6,0,1.022334,0.8485143,0.3351234,-5.419061,-4.639729,-4.673275,-1.665207,8196
19.78,12.43762,-6,0,0.9943399,0.8248783,-0.596175,-5.561829,-4.639729,-4.669321,-1.845178,8212
19.8,13.11136,-6,0,0.9745113,0.803183,-1.16106,-5.447031,-4.639729,-4.670232,-1.929338,8208
19.82,7.315552,-6,0,0.9910399,0.8032602,0.9000088,-5.346488,-4.707209,-4.720947,-2.066879,8208
19.84,19.45776,-6,0,0.9931018,0.8078148,-0.09235785,-5.859372,-4.572248,-4.624638,-1.592401,8204
19.86,14.00745,-6,0,1.0067,0.8148885,0.5335966,-5.017916,-4.639729,-4.65065,-1.703076,8200
19.88,12.43674,-6,0,0.9763678,0.8100483,-0.8251827,-4.926875,-4.639729,-4.663405,-1.867694,8212
19.9,12.19055,-6,0,0.9930641,0.8177133,0.8694746,-5.070106,-4.639729,-4.664568,-1.810843,8208
19.92,24.41559,-6,0,0.9697134,0.8110834,-0.5045714,-5.115859,-4.50477,-4.559565,-1.446854,8208
19.94,6.052856,-6,0,0.9842837,0.8157544,0.6862684,-3.96583,-4.707209,-4.692485,-2.039142,8220
19.96,9.993713,-6,0,0.9828244,0.8246009,-0.3519,-5.049762,-4.639729,-4.67585,-1.925908,8212
19.98,17.44843,-6,0,1.015543,0.8349459,1.571765,-5.461877,-4.572248,-4.612359,-1.567237,8224
20,17.79977,-6,0,0.9870058,0.8218303,-1.741213,-4.906376,-4.572248,-4.600112,-1.682855,8216
20.02,16.45609,-6,0,1.023874,0.8460532,1.907643,-4.598935,-4.572248,-4.591283,-1.529969,8208
20.04,8.94278,-6,0,1.013971,0.8508095,-0.6114421,-4.518073,-4.639729,-4.647795,-1.886814,8212
20.06,2.184448,-6,0,1.03471,0.8569983,1.144284,-5.291083,-4.707209,-4.716898,-2.149761,8220
20.08,9.431549,-6,0,1.034811,0.8453081,-0.550373,-6.487073,-4.639729,-4.682201,-2.011098,8204
20.1,11.97186,-6,0,1.018133,0.8177795,-0.6572433,-6.499669,-4.639729,-4.673884,-2.051681,8212
20.12,13.14807,-6,0,0.983461,0.7893896,-0.6725109,-6.143512,-4.639729,-4.673906,-2.12147,8216
20.14,13.59427,-6,0,0.9953741,0.7915785,0.7320697,-5.809144,-4.639729,-4.668681,-1.963548,8224
20.16,13.58337,-6,0,0.9783269,0.7887902,-0.5809073,-5.493756,-4.639729,-4.668419,-1.96388,8204
20.18,13.41223,-6,0,0.9864869,0.7974001,0.7015356,-5.305957,-4.639729,-4.66603,-1.870506,8188
20.2,13.22763,-6,0,0.9752237,0.7974828,-0.3519,-5.16958,-4.639729,-4.666972,-1.890089,8196
20.22,13.1196,-6,0,0.9794629,0.8019792,0.5335966,-5.10905,-4.639729,-4.666289,-1.84907,8200
20.24,13.05014,-6,0,0.9753124,0.8023678,-0.183961,-5.069609,-4.639729,-4.666758,-1.856738,8200
20.26,7.004639,-6,0,0.978521,0.8020001,0.3351234,-5.065564,-4.707209,-4.721027,-2.07642,8204
20.28,13.35086,-6,0,0.9717344,0.7968137,-0.0007547362,-5.649397,-4.639729,-4.68199,-1.88953,8200
20.3,20.63718,-6,0,0.9767631,0.7959368,0.2282531,-5.401836,-4.572248,-4.614662,-1.569739,8208
20.32,20.05579,-6,0,0.9793684,0.806158,0.07558119,-4.506176,-4.572248,-4.595353,-1.493684,8204
20.34,17.83875,-6,0,0.9846508,0.8266798,0.3198562,-3.986878,-4.572248,-4.590741,-1.48531,8224
20.36,3.776978,-6,0,0.9979982,0.8426992,0.4877952,-3.923005,-4.707209,-4.699886,-1.988205,8204
20.38,9.170258,-6,0,0.9879829,0.8370678,-0.0007547362,-5.276184,-4.639729,-4.679518,-1.956681,8204
20.4,11.37646,-6,0,1.007332,0.8280759,0.1213828,-5.684336,-4.639729,-4.671016,-1.897266,8192
20.42,18.39633,-6,0,0.9895233,0.8126507,-1.191595,-5.67385,-4.572248,-4.615829,-1.726686,8228
20.44,12.40338,-6,0,1.012284,0.8215219,1.43436,-5.020256,-4.639729,-4.650684,-1.808028,8212
20.46,5.217041,-6,0,0.9858255,0.8133374,-0.7946484,-5.126924,-4.707209,-4.719764,-2.199318,8204
20.48,17.67157,-6,0,1.014397,0.8251091,1.312223,-5.989725,-4.572248,-4.624599,-1.631479,8212
20.5,12.96545,-6,0,0.9936759,0.8106155,-0.9473198,-5.256743,-4.639729,-4.65635,-1.902457,8224
20.52,17.95819,-6,0,1.000222,0.8196425,0.5335966,-5.251282,-4.572248,-4.608708,-1.633048,8212
20.54,17.49585,-6,0,1.008146,0.8312209,0.304589,-4.767824,-4.572248,-4.595066,-1.580425,8212
20.56,10.03223,-6,0,1.001866,0.8364847,0.09084838,-4.485688,-4.639729,-4.648685,-1.882786,8216
20.58,9.19339,-6,0,1.004007,0.8387064,-0.04655629,-5.061422,-4.639729,-4.664633,-1.958635,8212
20.6,10.04196,-6,0,1.009065,0.832658,0.1671843,-5.545204,-4.639729,-4.66883,-1.981627,8212
20.62,11.10324,-6,0,1.003531,0.8201771,0.2740546,-5.764067,-4.639729,-4.670301,-2.010578,8204
20.64,12.04227,-6,0,0.9904544,0.8053691,0.1366499,-5.761178,-4.639729,-4.671275,-2.03622,8200
20.66,12.7037,-6,0,0.9878553,0.7989657,0.07558119,-5.651083,-4.639729,-4.67002,-1.991736,8212
20.68,6.970306,-6,0,0.9915752,0.7979924,-0.01602192,-5.524537,-4.707209,-4.722366,-2.162753,8216
20.7,13.29861,-6,0,0.9917942,0.7987475,0.1366499,-6.014199,-4.639729,-4.681045,-1.911657,8204
20.72,20.47815,-6,0,0.9894181,0.7976264,-0.09235785,-5.687065,-4.572248,-4.614229,-1.608796,8196
20.74,13.84308,-6,0,0.9918503,0.8059645,0.3503905,-4.754681,-4.639729,-4.649622,-1.76198,8192
20.76,17.93185,-6,0,0.9966952,0.8247662,0.06031401,-4.815392,-4.572248,-4.60497,-1.533978,8204
20.78,11.15332,-6,0,1.005285,0.835856,0.1366499,-4.479455,-4.639729,-4.648163,-1.760509,8212
20.8,10.03131,-6,0,0.9981202,0.8364717,0.4572606,-4.926274,-4.639729,-4.663239,-1.885439,8216
20.82,16.6134,-6,0,0.9970109,0.8310363,-0.0007547362,-5.328918,-4.572248,-4.613685,-1.702289,8220
20.84,11.19724,-6,0,0.9903285,0.82052,0.02977964,-4.916717,-4.639729,-4.655643,-1.954553,8212
20.86,10.69208,-6,0,0.9909062,0.8192875,0.06031401,-5.187999,-4.639729,-4.666702,-1.978053,8204
20.88,5.19632,-6,0,1.00508,0.8191893,0.1824515,-5.465179,-4.707209,-4.722027,-2.163887,8220
20.9,12.09845,-6,0,0.9973829,0.8095849,-0.0007547362,-6.178332,-4.639729,-4.683232,-1.982422,8208
20.92,7.950256,-6,0,0.9822523,0.7883179,-0.0007547362,-5.915007,-4.707209,-4.727801,-2.215724,8228
20.94,8.690247,-6,0,0.9648442,0.7716882,-0.4587703,-6.10231,-4.707209,-4.739943,-2.234201,8216
20.96,16.06555,-6,0,0.9796456,0.7742497,0.3503905,-6.18042,-4.639729,-4.683245,-1.833867,8200
20.98,10.65903,-6,0,0.9715683,0.7721722,-0.01602192,-5.469866,-4.707209,-4.721886,-1.99473,8220
21,15.81439,-6,0,0.9847121,0.7891238,0.3351234,-5.572854,-4.639729,-4.674912,-1.666202,8208
21.02,-401.6396,0,0,0.978905,0.794711,0.1213828,-5.109553,-4.639729,-4.663426,-1.650426,8212
21.04,-292.999,0,0,0.9736632,0.3499108,-0.1992282,-47.3707,-4.572248,-4.614779,-2.671245,8208
21.06,-214.1891,0,0,0.938821,-0.4367069,-0.107625,-64.28805,-4.572248,-4.587443,-3.998595,8216
21.08,-167.8612,0,0,0.7810705,-1.045857,-10.24503,-66.85583,-4.639729,-4.586681,-3.905872,8224
21.1,-141.5105,0,0,0.3584706,-1.525911,-24.97786,-62.46508,-4.707209,-4.62678,-3.927804,8196
21.12,-84.8672,0,0,-0.6948865,-2.191342,-64.00077,-53.70281,-4.36981,-4.444503,-4.599487,8176
21.14,-48.3966,0,0,-2.154877,-3.074917,-76.88628,-37.77491,-4.30233,-4.457328,-6.806417,8168
21.16,-42.94948,0,0,-3.618084,-3.958898,-73.92445,-19.04618,-4.572248,-4.767047,-9.182962,8172
21.18,-44.68271,0,0,-4.613056,-4.559723,16.442,-2.89736,-4.909649,-5.126442,-9.211921,8184
21.2,26.15834,0,0,-3.948855,-4.128363,26.53361,6.155216,-4.30233,-4.49859,0.9786706,8216
21.22,-10.11531,0,0,-3.132778,-3.3116,28.10612,16.91854,-4.639729,-4.432605,6.705451,8160
21.24,-71.09959,0,0,-2.563253,-2.53812,21.60231,18.50694,-4.977129,-4.634284,8.535583,8208
21.26,-34.32356,0,0,-2.185249,-2.012871,32.19773,12.10926,-4.30233,-4.148439,11.38588,8216
21.28,9.550262,0,0,-1.360907,-1.396588,33.17483,9.122149,-3.627529,-3.406224,15.87455,8188
21.3,-55.97769,0,0,-0.9841762,-0.9855998,11.4191,10.23574,-4.03241,-3.558127,13.80649,8148
21.32,2.673492,0,0,-1.008441,-0.8332864,-8.061826,4.329939,-3.02021,-2.868608,14.18345,8160
21.34,-124.2579,0,0,-1.26379,-1.032297,-17.17633,6.847739,-4.30233,-3.81953,6.332285,8112
21.36,-50.15157,0,0,-1.642463,-1.339238,-19.95496,-3.120432,-3.357609,-3.400348,5.779525,8168
21.38,-62.2562,0,0,-1.082036,-1.267426,32.70155,-3.746684,-3.627529,-3.416102,6.762282,8116
21.4,-101.6583,0,0,-0.7822784,-1.108535,5.800774,-6.291214,-3.96493,-3.667036,5.858804,8136
21.42,-97.34755,0,0,-1.214725,-1.355561,-32.93206,-10.82832,-3.897449,-3.774064,3.015908,8180
21.44,-85.87385,0,0,-2.011612,-1.96937,-47.35955,-11.1076,-3.96493,-3.967879,-0.7443126,8168
21.46,-58.32827,0,0,-2.965666,-2.735905,-50.61146,-7.233101,-3.96493,-4.10629,-3.476909,8140
21.48,60.71066,0,0,-4.206209,-3.599765,11.48017,1.990506,-3.02021,-3.469902,-2.575051,8148
21.5,53.08837,0,0,-3.452594,-3.290706,21.60231,18.40384,-3.290129,-3.284217,3.959135,8088
21.52,-1.802933,0,0,-3.027875,-2.686162,11.73971,27.25682,-3.627529,-3.419922,6.467613,8144
21.54,62.80798,0,0,-2.868725,-2.213141,5.174819,27.02927,-2.61533,-2.646621,10.68317,8136
21.56,-0.1586456,0,0,-2.203582,-1.636178,71.69392,31.33663,-3.08769,-2.763039,11.40708,8076
21.58,-59.63701,0,0,-1.021684,-0.7424363,48.47255,24.28683,-3.290129,-2.85686,13.45166,8116
21.6,-35.41864,0,0,-0.5839819,-0.283893,19.73971,12.04608,-2.68281,-2.438762,13.76755,8116
21.62,-41.1449,0,0,-0.6916636,-0.3477899,-18.36717,6.449365,-2.61533,-2.379167,10.26857,8084
21.64,-50.50333,0,0,-1.430505,-0.8899277,-44.26031,4.198537,-2.68281,-2.576764,4.467703,8072
21.66,-121.5726,0,0,-2.360248,-1.709545,-53.13054,4.451789,-3.627529,-3.526047,-3.659352,8088
21.68,-7.60939,0,0,-3.230066,-2.52112,17.69391,0.2511716,-2.68281,-3.086544,-3.345997,8116
21.7,117.1143,0,0,-2.732558,-2.497621,13.69391,8.007902,-1.670609,-1.973768,5.305974,8068
21.72,-17.60876,0,0,-2.43875,-2.169187,-2.932054,24.85608,-3.08769,-2.737,3.813493,8036
21.74,-48.5174,0,0,-2.598738,-1.957853,-20.22977,22.77728,-3.08769,-2.98802,2.89115,8096
21.76,48.93277,0,0,-3.29239,-2.271083,14.90001,20.21627,-2.075489,-2.353036,3.412104,8104
21.78,16.92935,0,0,-1.392437,-1.319934,71.28171,23.1565,-2.412889,-2.141685,11.35835,8040
21.8,-54.71272,0,0,-0.4172841,-0.396933,40.74735,18.76027,-2.75029,-2.289488,12.39468,8040
21.82,-83.78016,0,0,-0.6012524,-0.2656514,-17.69542,8.728009,-2.75029,-2.473049,8.085763,8084
21.84,-74.88278,0,0,-1.283348,-0.7788739,-41.80229,0.9414937,-2.68281,-2.631412,2.800015,8088
21.86,-52.23832,0,0,-2.013019,-1.508124,-44.85573,-1.128246,-2.68281,-2.771601,-0.9842801,8076
21.88,57.69584,0,0,-1.718273,-1.602793,19.80078,-0.6721764,-1.670609,-1.887988,4.803112,8080
21.9,46.92113,0,0,-1.514639,-1.444967,3.938178,10.21814,-1.805569,-1.699749,6.448054,8032
21.92,30.60287,0,0,-1.80214,-1.376654,-19.0542,17.1358,-1.738089,-1.648784,5.544521,8024
21.94,-15.06727,0,0,-1.971328,-1.36263,27.81605,20.50821,-2.075489,-1.948654,3.39773,8016
21.96,-25.78218,0,0,-0.9174413,-0.7479663,43.02216,15.18787,-2.008009,-1.830865,7.49781,8020
21.98,-72.83366,0,0,-0.2538443,-0.2461575,24.51834,8.435517,-2.345409,-2.032597,7.377848,8072
22,-85.42062,0,0,-0.1022734,-0.1106394,1.556498,-1.452356,-2.345409,-2.135744,5.530896,8060
22.02,-87.03603,0,0,-0.3337464,-0.3601809,-11.77175,-8.740902,-2.412889,-2.296447,2.365121,8068
22.04,-69.26743,0,0,-0.3627473,-0.591405,-8.306102,-13.59045,-2.345409,-2.292545,1.590581,8060
22.06,-54.66725,0,0,-0.7601275,-0.968703,-27.17634,-13.83083,-2.345409,-2.337678,-0.184209,8052
22.08,-13.85488,0,0,-1.437599,-1.475037,-39.90916,-10.45297,-2.075489,-2.19798,-1.322463,8060
22.1,3.743061,0,0,-2.041336,-1.924271,-12.3061,-2.18664,-2.075489,-2.192143,-2.06221,8040
22.12,-16.45296,0,0,-1.66564,-1.754789,11.63284,4.210827,-2.345409,-2.291317,0.6756332,8044
22.14,-29.13678,0,0,-1.52208,-1.519885,6.976346,5.970537,-2.412889,-2.337117,2.014309,8068
22.16,53.97474,0,0,-1.07618,-1.114291,19.96872,4.624338,-1.40069,-1.468796,7.797369,8056
22.18,35.94386,0,0,-0.8900473,-0.8167257,5.327491,11.46072,-1.46817,-1.288253,8.314157,7996
22.2,13.58677,0,0,-0.7859197,-0.5479026,8.594668,13.78818,-1.40069,-1.212425,7.927271,8016
22.22,-48.62777,0,0,-0.1774583,-0.1054135,26.56414,11.22816,-1.805569,-1.478956,7.461178,8008
22.24,-69.44991,0,0,0.1452404,0.1569253,12.50307,2.143224,-1.805569,-1.571506,6.319211,8020
22.26,-62.58491,0,0,0.3464497,0.2129127,7.235888,-6.682857,-1.670609,-1.514192,5.321298,8020
22.28,-35.3099,0,0,0.1771925,0.01184198,-13.17633,-11.40794,-1.40069,-1.34045,3.845707,8028
22.3,-27.19275,0,0,-0.3640449,-0.4281219,-30.29084,-10.21922,-1.40069,-1.380262,0.8215361,7988
22.32,-18.28536,0,0,-0.8383818,-0.8422548,-20.32137,-7.119032,-1.40069,-1.437117,-0.9456452,8016
22.34,-16.94184,0,0,-0.8715394,-0.969757,-3.512206,-3.906435,-1.46817,-1.473621,-0.4108542,7980
22.36,-7.939133,0,0,-0.9299135,-0.9952644,-1.771747,-1.406536,-1.40069,-1.412799,0.4214205,8004
22.38,-14.22526,0,0,-0.8064352,-0.8912328,5.022148,0.8346632,-1.46817,-1.418052,1.408108,8020
22.4,-37.31557,0,0,-0.617095,-0.7213483,11.08322,1.109047,-1.670609,-1.555695,1.722867,8012
22.42,-47.85269,0,0,-0.4804704,-0.5932059,5.129018,-1.496,-1.738089,-1.639492,1.796439,8012
22.44,-41.16656,0,0,-0.4163628,-0.5531524,1.754971,-4.520656,-1.670609,-1.610353,1.926632,8016
22.46,-43.68839,0,0,-0.4438658,-0.5991235,-3.176328,-5.805591,-1.738089,-1.667183,1.340127,8008
22.48,-40.61354,0,0,-0.4689384,-0.6535294,-3.405336,-6.83082,-1.738089,-1.684972,1.145799,8036
22.5,-36.56244,0,0,-0.5381191,-0.7272381,-2.993122,-6.989018,-1.738089,-1.694879,0.9360453,8052
22.52,-27.16433,0,0,-0.5622347,-0.765746,-2.504572,-6.582045,-1.670609,-1.637838,1.306639,8020
22.54,-24.99205,0,0,-0.6388408,-0.8096645,-2.748847,-5.12945,-1.670609,-1.626177,1.281369,8016
22.56,-25.41757,0,0,-0.5943571,-0.7769348,0.5488637,-4.047471,-1.670609,-1.609278,1.753492,8008
22.58,-26.97453,0,0,-0.6037651,-0.7520047,-1.099992,-3.354115,-1.670609,-1.605296,1.841547,8020
22.6,-28.60256,0,0,-0.5719252,-0.7144242,0.7168028,-3.147313,-1.670609,-1.600494,2.016463,8016
22.62,-35.92652,0,0,-0.5690317,-0.6988741,0.4572606,-3.202618,-1.738089,-1.656423,1.741586,8008
22.64,-30.50329,0,0,-0.5419856,-0.6810033,0.6862684,-4.056291,-1.670609,-1.615266,1.998492,8016
22.66,-35.85079,0,0,-0.5356001,-0.6830738,0.5030622,-4.10738,-1.738089,-1.659644,1.739241,8020
22.68,-36.06485,0,0,-0.519864,-0.6799114,0.2740546,-4.726269,-1.738089,-1.670385,1.728224,8016
22.7,-35.31557,0,0,-0.5002934,-0.6777545,-0.2144953,-5.216484,-1.738089,-1.671007,1.763732,8012
22.72,-40.66447,0,0,-0.4943359,-0.6837558,0.06031401,-5.491158,-1.805569,-1.725367,1.517757,7984
22.74,-27.98601,0,0,-0.4787278,-0.6797304,-0.04655629,-6.244666,-1.670609,-1.628193,2.024686,8020
22.76,-39.02102,0,0,-0.4733975,-0.6838353,0.3503905,-5.492299,-1.805569,-1.709951,1.623713,8024
22.78,-28.21363,0,0,-0.4679287,-0.6726459,0.9152762,-6.109312,-1.670609,-1.622426,2.068288,7996
22.8,-27.79962,0,0,-0.4538826,-0.6624923,-0.519839,-5.470145,-1.670609,-1.597097,2.158833,8008
22.82,-35.64659,0,0,-0.4642632,-0.6570636,0.7778715,-4.983671,-1.738089,-1.64829,1.836693,8012
22.84,-31.14863,0,0,-0.4453176,-0.6396368,-0.7641136,-5.502992,-1.670609,-1.606821,2.058436,8032
22.86,-43.19951,0,0,-0.4481769,-0.6454229,0.9458106,-5.405251,-1.805569,-1.707635,1.505338,8024
22.88,-37.28087,0,0,-0.4563208,-0.6565572,-0.6267089,-6.529247,-1.738089,-1.682732,1.595049,8000
22.9,-41.1339,0,0,-0.4423042,-0.6695079,0.7015356,-6.720465,-1.805569,-1.727419,1.43048,8008
22.92,-39.84204,0,0,-0.480379,-0.7014515,-1.725946,-7.126516,-1.805569,-1.743709,1.275945,7980
22.94,-37.58661,0,0,-0.4932782,-0.7263508,-0.2755641,-7.217755,-1.805569,-1.746147,1.321625,8008
22.96,-29.9289,0,0,-0.4911228,-0.7313955,0.1519171,-7.039823,-1.738089,-1.687415,1.712422,8012
22.98,-29.49807,0,0,-0.4886683,-0.723346,-0.03128911,-6.150187,-1.738089,-1.66816,1.878356,8016
23,-24.90858,0,0,-0.4900427,-0.7035043,0.3656577,-5.506139,-1.670609,-1.607898,2.186736,8016
23.02,-38.80342,0,0,-0.4801811,-0.6826302,0.2435202,-4.659616,-1.805569,-1.700819,1.77845,8020
23.04,-34.86724,0,0,-0.4804163,-0.6683617,0.1213828,-5.503144,-1.738089,-1.674461,1.895737,8028
23.06,-33.84752,0,0,-0.4979192,-0.683108,-0.9167854,-5.623683,-1.738089,-1.67153,1.780723,8008
23.08,-27.54122,0,0,-0.4893871,-0.6825041,0.8236728,-5.613142,-1.670609,-1.614209,2.054891,8016
23.1,-39.88456,0,0,-0.4928181,-0.6854285,-0.2297625,-4.970947,-1.805569,-1.708584,1.582043,8004
23.12,-35.10627,0,0,-0.4646392,-0.6667295,1.312223,-5.863925,-1.738089,-1.67616,1.860527,8016
23.14,-33.93524,0,0,-0.4828707,-0.6802319,-0.7641136,-5.931623,-1.738089,-1.671272,1.76039,7996
23.16,-33.74068,0,0,-0.4683447,-0.6777363,0.6862684,-5.893848,-1.738089,-1.667163,1.828194,8000
23.18,-33.82354,0,0,-0.482298,-0.683822,-0.2297625,-5.810999,-1.738089,-1.668287,1.763155,8020
23.2,-34.04366,0,0,-0.4602012,-0.6726793,0.2893218,-5.823641,-1.738089,-1.665048,1.859339,8008
23.22,-34.33522,0,0,-0.4657173,-0.6717737,0.06031401,-5.843208,-1.738089,-1.665917,1.812227,8024
23.24,-28.52975,0,0,-0.4570984,-0.6642955,0.07558119,-5.904157,-1.670609,-1.610712,2.069226,8004
23.26,-40.99844,0,0,-0.4584079,-0.6648614,0.1213828,-5.368897,-1.805569,-1.706178,1.583404,8016
23.28,-41.94089,0,0,-0.4595839,-0.6663167,0.01451245,-6.271008,-1.805569,-1.73353,1.48197,8008
23.3,-33.9887,0,0,-0.4728703,-0.6862087,-0.2908313,-6.92378,-1.738089,-1.687964,1.643419,8016
23.32,-32.10602,0,0,-0.4821584,-0.7036737,-0.1686933,-6.520254,-1.738089,-1.674403,1.690617,8012
23.34,-32.14255,0,0,-0.480994,-0.7020246,-0.1228922,-6.057072,-1.738089,-1.668225,1.777135,7996
23.36,-26.64217,0,0,-0.4950526,-0.698887,0.4114593,-5.706918,-1.670609,-1.613269,2.004591,8016
23.38,-27.35478,0,0,-0.5023636,-0.6922499,-0.1228922,-4.897421,-1.670609,-1.599253,2.031597,8012
23.4,-29.23706,0,0,-0.4955444,-0.6736848,0.5335966,-4.451689,-1.670609,-1.595434,2.057096,8032
23.42,-36.97563,0,0,-0.482702,-0.6566578,0.7473372,-4.394511,-1.738089,-1.649646,1.809817,8008
23.44,-37.75868,0,0,-0.4875259,-0.6574992,0.2893218,-5.133116,-1.738089,-1.667961,1.668026,8020
23.46,-30.53741,0,0,-0.4971699,-0.6726157,-0.1686933,-5.671558,-1.670609,-1.62044,1.809685,8012
23.48,-41.45147,0,0,-0.4953115,-0.6867254,-0.03128911,-5.311474,-1.805569,-1.715414,1.372677,8044
23.5,-29.36214,0,0,-0.4975108,-0.689711,0.09084838,-6.152304,-1.670609,-1.631198,1.809853,8028
23.52,-33.81188,0,0,-0.4835184,-0.6904836,0.2740546,-5.532861,-1.738089,-1.659341,1.719389,8024
23.54,-40.55669,0,0,-0.5068117,-0.7000343,-0.7641136,-5.511104,-1.805569,-1.724911,1.38345,8004
23.56,-27.87907,0,0,-0.5064915,-0.7020933,0.7931387,-6.163976,-1.670609,-1.632261,1.866047,8016
23.58,-32.46889,0,0,-0.514678,-0.7114415,-0.9473198,-5.298029,-1.738089,-1.661259,1.700821,8008
23.6,-33.784,0,0,-0.4867636,-0.6891069,1.480162,-5.259697,-1.738089,-1.66407,1.84392,8004
23.62,-34.02691,0,0,-0.5192938,-0.6987418,-0.9167854,-5.284688,-1.738089,-1.671031,1.686703,8004
23.64,-27.88385,0,0,-0.4946386,-0.6864277,0.7931387,-5.384964,-1.670609,-1.614025,2.044107,8020
23.66,-40.15754,0,0,-0.5015242,-0.6884797,-0.1228922,-4.827773,-1.805569,-1.70955,1.552741,8016
23.68,-41.07302,0,0,-0.4899062,-0.6828416,0.3351234,-5.730563,-1.805569,-1.734618,1.523458,8016
23.7,-27.26162,0,0,-0.4986467,-0.6944636,-0.01602192,-6.39017,-1.670609,-1.633368,1.944243,8008
23.72,-26.04471,0,0,-0.4840745,-0.6913947,0.06031401,-5.468001,-1.670609,-1.601847,2.106436,8012
23.74,-34.03202,0,0,-0.4847074,-0.6781405,0.3503905,-4.735871,-1.738089,-1.648466,1.880491,8020
23.76,-29.98198,0,0,-0.4678998,-0.6549724,-0.03128911,-5.102428,-1.670609,-1.606147,2.112186,8008
23.78,-36.46003,0,0,-0.4635515,-0.64947,0.3656577,-4.964265,-1.738089,-1.651375,1.830997,8024
23.8,-37.26595,0,0,-0.4634584,-0.6499688,0.07558119,-5.530802,-1.738089,-1.665833,1.723782,8004
23.82,-30.43996,0,0,-0.4713332,-0.6612967,0.1977187,-5.961991,-1.670609,-1.617072,1.871859,8040
23.84,-41.74336,0,0,-0.4687254,-0.672141,0.1061156,-5.574042,-1.805569,-1.712141,1.42401,8028
23.86,-36.01004,0,0,-0.4595597,-0.6703302,0.1213828,-6.474989,-1.738089,-1.681585,1.647211,8000
23.88,-40.23404,0,0,-0.4658285,-0.6860168,-0.01602192,-6.484282,-1.805569,-1.728139,1.412427,8016
23.9,-33.21765,0,0,-0.4898648,-0.7056574,-0.7183124,-6.838535,-1.738089,-1.687911,1.575048,8020
23.92,-31.74731,0,0,-0.481615,-0.7090899,0.5793981,-6.379554,-1.738089,-1.672629,1.72787,8020
23.94,-31.87614,0,0,-0.5085701,-0.716951,-0.3671672,-5.847741,-1.738089,-1.670851,1.695225,8024
23.96,-26.44443,0,0,-0.4885462,-0.6975049,0.3503905,-5.552716,-1.670609,-1.611314,2.087305,8032
23.98,-33.51851,0,0,-0.4874021,-0.6835765,0.304589,-4.822804,-1.738089,-1.650505,1.888645,8032
24,-29.46102,0,0,-0.4676016,-0.6578292,0.7473372,-5.106945,-1.670609,-1.605623,2.145825,8008
24.02,-42.03719,0,0,-0.4772096,-0.6606888,-0.3213652,-4.881241,-1.805569,-1.707069,1.567255,8028
24.04,-36.60302,0,0,-0.4663065,-0.6584398,0.5488637,-6.027443,-1.738089,-1.67993,1.730381,8004
24.06,-34.65466,0,0,-0.4783475,-0.6784949,-1.008389,-6.208703,-1.738089,-1.674451,1.665529,8020
24.08,-28.02535,0,0,-0.4575821,-0.6733614,1.037414,-6.176608,-1.670609,-1.613603,2.021499,8000
24.1,-34.18196,0,0,-0.4859131,-0.6848251,-0.4587703,-5.413184,-1.738089,-1.655894,1.69977,8020
24.12,-29.32561,0,0,-0.4780074,-0.6744181,0.7168028,-5.539216,-1.670609,-1.611321,1.959733,8008
24.14,-29.39298,0,0,-0.4931602,-0.6773206,-0.550373,-5.093279,-1.670609,-1.602058,1.909479,8016
24.16,-30.38722,0,0,-0.4897595,-0.669692,0.3961921,-4.811483,-1.670609,-1.599439,1.91915,8012
24.18,-37.21143,0,0,-0.5045572,-0.6742382,0.01451245,-4.692248,-1.738089,-1.65682,1.584259,8000
24.2,-31.29115,0,0,-0.5042666,-0.6759983,0.1977187,-5.29661,-1.670609,-1.618104,1.773889,8020
24.22,-36.17631,0,0,-0.5107644,-0.6885046,0.2587874,-5.087509,-1.738089,-1.662724,1.532426,8012
24.24,-42.11429,0,0,-0.5018664,-0.6915087,0.1671843,-5.468855,-1.805569,-1.727272,1.325821,8020
24.26,-28.77217,0,0,-0.5047597,-0.6985277,0.1061156,-6.302155,-1.670609,-1.634887,1.786168,8008
24.28,-26.90191,0,0,-0.5077044,-0.7063356,-0.2297625,-5.495763,-1.670609,-1.607981,1.893482,8008
24.3,-40.04969,0,0,-0.5132235,-0.7041821,0.3503905,-4.762776,-1.805569,-1.709714,1.455786,8024
24.32,-35.07302,0,0,-0.4980341,-0.6896865,-0.2144953,-5.641908,-1.738089,-1.680733,1.71321,8028
24.34,-39.73867,0,0,-0.4874153,-0.6911655,0.6557342,-5.765137,-1.805569,-1.726191,1.534194,8012
24.36,-38.93626,0,0,-0.5187632,-0.7143857,-0.519839,-6.231258,-1.805569,-1.742864,1.388277,8000
24.38,-37.23967,0,0,-0.4928613,-0.7156183,0.5183294,-6.523881,-1.805569,-1.74076,1.563205,8008
24.4,-23.99905,0,0,-0.5062605,-0.720858,-0.1534266,-6.496359,-1.670609,-1.630916,2.055693,8020
24.42,-36.08194,0,0,-0.4840368,-0.7063318,0.04504682,-5.209864,-1.805569,-1.705357,1.801905,8036
24.44,-32.52052,0,0,-0.4883283,-0.6884503,0.3351234,-5.562702,-1.738089,-1.673063,1.968081,8040
24.46,-32.66955,0,0,-0.4663271,-0.6722438,1.388559,-5.505645,-1.738089,-1.662615,2.042752,8028
24.48,-39.62698,0,0,-0.458256,-0.6636877,-0.2144953,-5.517884,-1.805569,-1.715414,1.776742,8000
24.5,-28.08812,0,0,-0.4539846,-0.6574734,0.4725278,-6.233505,-1.670609,-1.621764,2.173691,8028
24.52,-33.56142,0,0,-0.4583034,-0.6636012,-0.1228922,-5.53937,-1.738089,-1.652589,1.919324,8000
24.54,-35.14794,0,0,-0.4512146,-0.6552756,0.3961921,-5.648748,-1.738089,-1.660983,1.884113,8016
24.56,-35.43254,0,0,-0.4584332,-0.6590621,-0.1228922,-5.865594,-1.738089,-1.665918,1.788992,8000
24.58,-47.30947,0,0,-0.4489502,-0.6648525,0.1824515,-6.076661,-1.873049,-1.775778,1.308867,8016
24.6,-34.42892,0,0,-0.4543054,-0.6760662,0.1671843,-7.39008,-1.738089,-1.697076,1.685602,8000
24.62,-37.45411,0,0,-0.48344,-0.7109649,-1.924419,-6.882004,-1.805569,-1.732449,1.416183,8016
24.64,-36.76952,0,0,-0.511997,-0.7345033,0.304589,-6.756245,-1.805569,-1.742683,1.382299,8008
24.66,-23.71308,0,0,-0.4971189,-0.7267666,-0.3060985,-6.622653,-1.670609,-1.63001,2.051138,8004
24.68,-29.90046,0,0,-0.4940972,-0.7132653,0.9610775,-5.2289,-1.738089,-1.651967,1.973598,8024
24.7,-26.64373,0,0,-0.4937452,-0.6872886,0.09084838,-4.926021,-1.670609,-1.604405,2.210906,8000
24.72,-40.5855,0,0,-0.449604,-0.6513751,1.938177,-4.540148,-1.805569,-1.696983,1.885966,8020
24.74,-36.19672,0,0,-0.4859885,-0.6587796,-0.7793808,-5.60048,-1.738089,-1.677665,1.785111,8008
24.76,-34.66893,0,0,-0.4715977,-0.6674485,0.4267263,-5.900846,-1.738089,-1.670911,1.804021,8016
24.78,-34.02645,0,0,-0.488838,-0.6842122,0.2129859,-5.895248,-1.738089,-1.67132,1.715507,8012
24.8,-39.71577,0,0,-0.4854072,-0.6912742,-0.1381594,-5.836006,-1.805569,-1.724464,1.506085,8016
24.82,-27.34215,0,0,-0.4836959,-0.6903048,0.3656577,-6.36201,-1.670609,-1.628463,1.98401,8024
24.84,-38.42448,0,0,-0.4951783,-0.7015305,-0.2602969,-5.44059,-1.805569,-1.712493,1.540157,8000
24.86,-27.55237,0,0,-0.4890189,-0.6900235,0.4267263,-5.948756,-1.670609,-1.624515,2.023798,8008
24.88,-39.03988,0,0,-0.4888819,-0.691453,-0.07709067,-5.203891,-1.805569,-1.709998,1.60124,8008
24.9,-34.22703,0,0,-0.4824921,-0.682023,0.4572606,-5.881396,-1.738089,-1.678203,1.809354,8012
24.92,-27.17902,0,0,-0.4902446,-0.6869371,-0.1534266,-5.821458,-1.670609,-1.616335,2.025882,8016
24.94,-27.48727,0,0,-0.4854939,-0.6803118,0.2282531,-5.07963,-1.670609,-1.598435,2.08976,8028
24.96,-35.34911,0,0,-0.4859003,-0.6695375,0.06031401,-4.624215,-1.738089,-1.64956,1.827735,7996
24.98,-30.733,0,0,-0.4761049,-0.6555495,0.09084838,-5.142068,-1.670609,-1.609481,2.017437,8008
25,-42.66521,0,0,-0.4719626,-0.6586332,0.1061156,-5.049557,-1.805569,-1.709212,1.508722,8028
25.02,-36.78981,0,0,-0.4723602,-0.6643513,0.1366499,-6.187596,-1.738089,-1.682825,1.636651,8032
25.04,-28.66686,0,0,-0.4666317,-0.6742164,0.06031401,-6.359076,-1.670609,-1.619307,1.913889,8024
25.06,-28.13168,0,0,-0.4861102,-0.6858516,-1.054191,-5.593042,-1.670609,-1.603667,1.894432,8008
25.08,-29.52603,0,0,-0.4644668,-0.6659532,1.648101,-5.084425,-1.670609,-1.595495,2.018879,8000
25.1,-31.11606,0,0,-0.4705022,-0.6545923,-0.04655629,-4.877382,-1.670609,-1.596152,1.954404,8004
25.12,-38.28836,0,0,-0.4564127,-0.6432715,0.3809245,-4.950543,-1.738089,-1.651059,1.710118,8008
25.14,-38.64162,0,0,-0.4592348,-0.6468526,-0.01602192,-5.722083,-1.738089,-1.668577,1.590027,8016
25.16,-31.2704,0,0,-0.4594568,-0.6579585,-0.03128911,-6.264154,-1.670609,-1.618917,1.786872,8000
25.18,-30.19747,0,0,-0.4586723,-0.6651871,0.1213828,-5.877401,-1.670609,-1.604147,1.830862,8016
25.2,-30.89219,0,0,-0.4515544,-0.65724,-0.1228922,-5.528246,-1.670609,-1.598561,1.880362,8000
25.22,-31.90392,0,0,-0.4483826,-0.6474223,0.2740546,-5.377833,-1.670609,-1.59752,1.874817,8024
25.24,-32.61013,0,0,-0.4563644,-0.6464943,-0.06182348,-5.361649,-1.670609,-1.5999,1.800047,8000
25.26,-44.9465,0,0,-0.455069,-0.651615,0.2129859,-5.438947,-1.805569,-1.710631,1.287939,7996
25.28,-44.33508,0,0,-0.4633118,-0.6682305,0.1213828,-6.714272,-1.805569,-1.742202,1.168777,8004
25.3,-34.97938,0,0,-0.4723898,-0.6963098,-0.7946484,-7.464182,-1.738089,-1.694958,1.405845,8012
25.32,-26.15352,0,0,-0.4938908,-0.7211741,0.1824515,-6.93948,-1.670609,-1.626063,1.711576,8024
25.34,-25.93117,0,0,-0.4997666,-0.7192997,-0.3213652,-5.669862,-1.670609,-1.604008,1.874159,8012
25.36,-27.99406,0,0,-0.4862241,-0.6906393,1.067948,-4.839136,-1.670609,-1.594912,2.023482,8004
25.38,-30.26427,0,0,-0.4752583,-0.6616454,0.2587874,-4.535563,-1.670609,-1.592996,2.055612,8000
25.4,-38.02796,0,0,-0.458861,-0.6410639,0.6557342,-4.626257,-1.738089,-1.648134,1.803752,8016
25.42,-32.7178,0,0,-0.4595917,-0.6376973,-0.04655629,-5.47263,-1.670609,-1.611863,1.903817,8004
25.44,-37.81835,0,0,-0.4588663,-0.6486539,0.2587874,-5.509206,-1.738089,-1.657828,1.620753,8036
25.46,-37.54382,0,0,-0.4737701,-0.6656156,-0.07709067,-6.00446,-1.738089,-1.672665,1.500202,8012
25.48,-36.18863,0,0,-0.4659554,-0.6754915,0.06031401,-6.322172,-1.738089,-1.674075,1.54447,8032
25.5,-35.12695,0,0,-0.4630453,-0.681653,0.04504682,-6.400907,-1.738089,-1.672399,1.595382,8024
25.52,-40.52538,0,0,-0.4645267,-0.6881384,0.1519171,-6.345319,-1.805569,-1.725494,1.394083,8012
25.54,-27.90894,0,0,-0.4654726,-0.6881585,0.2282531,-6.836867,-1.670609,-1.629405,1.888638,8024
25.56,-32.94219,0,0,-0.4628162,-0.6881725,0.1671843,-5.900637,-1.738089,-1.656057,1.770655,8040
25.58,-34.53628,0,0,-0.456124,-0.6732476,0.1977187,-5.804668,-1.738089,-1.662296,1.804398,8008
25.6,-29.00092,0,0,-0.4598279,-0.666155,-0.0007547362,-5.89112,-1.670609,-1.61102,2.007829,8020
25.62,-41.22889,0,0,-0.4724817,-0.673743,0.09084838,-5.368282,-1.805569,-1.709142,1.482992,8024
25.64,-29.91029,0,0,-0.4616713,-0.6654062,0.02977964,-6.272646,-1.670609,-1.625176,1.939343,8016
25.66,-40.51093,0,0,-0.4822663,-0.6855921,-0.7641136,-5.687668,-1.805569,-1.714751,1.41431,8028
25.68,-28.95448,0,0,-0.4610916,-0.6742138,0.9305434,-6.409947,-1.670609,-1.625513,1.958297,7992
25.7,-27.88321,0,0,-0.4747252,-0.6804003,-0.4282355,-5.687617,-1.670609,-1.602993,1.963259,8004
25.72,-35.35614,0,0,-0.4622057,-0.6667005,0.2740546,-5.136683,-1.738089,-1.649641,1.796917,8000
25.74,-30.59698,0,0,-0.4803092,-0.6652334,-0.1381594,-5.474493,-1.670609,-1.612108,1.892764,8012
25.76,-42.41518,0,0,-0.4681348,-0.6657234,0.09084838,-5.265023,-1.805569,-1.710036,1.461344,8020
25.78,-36.54944,0,0,-0.4750674,-0.6720309,0.304589,-6.296051,-1.738089,-1.683679,1.588104,8004
25.8,-34.45478,0,0,-0.4698173,-0.6835505,-0.6267089,-6.401636,-1.738089,-1.674561,1.644117,8008
25.82,-39.6594,0,0,-0.487084,-0.7006635,0.5641309,-6.213382,-1.805569,-1.727711,1.379223,8016
25.84,-26.99684,0,0,-0.4907768,-0.7041538,-0.5351062,-6.585214,-1.670609,-1.631244,1.881161,8008
25.86,-26.10357,0,0,-0.4845787,-0.6986855,0.6251997,-5.566845,-1.670609,-1.602054,2.036385,8004
25.88,-28.06137,0,0,-0.49083,-0.6833196,-0.0007547362,-4.782169,-1.670609,-1.595215,2.050378,8000
25.9,-30.31983,0,0,-0.4633067,-0.6511064,1.11375,-4.540194,-1.670609,-1.591208,2.135497,8020
25.92,-44.11067,0,0,-0.4607988,-0.640951,0.3198562,-4.639517,-1.805569,-1.703035,1.560256,8016
25.94,-32.41891,0,0,-0.4572645,-0.640825,0.06031401,-6.103564,-1.670609,-1.626441,1.887599,8012
25.96,-30.35854,0,0,-0.4440326,-0.6482757,-0.06182348,-5.93325,-1.670609,-1.603856,1.942957,8036
25.98,-36.67889,0,0,-0.473858,-0.6667557,-0.7183124,-5.531634,-1.738089,-1.656943,1.564694,8012
26,-43.02455,0,0,-0.4655716,-0.6705511,0.3503905,-5.926229,-1.805569,-1.724181,1.33328,8020
26.02,-35.62945,0,0,-0.4844716,-0.6902668,0.3198562,-6.770925,-1.738089,-1.689835,1.470069,8008
26.04,-33.25529,0,0,-0.4797558,-0.703168,-0.09235785,-6.59065,-1.738089,-1.676757,1.590925,8020
26.06,-32.64259,0,0,-0.4977315,-0.7134539,-0.3366328,-6.174572,-1.738089,-1.673298,1.611109,8044
26.08,-32.94316,0,0,-0.4628215,-0.6908109,0.5641309,-5.928331,-1.738089,-1.665161,1.841634,8036
26.1,-27.5771,0,0,-0.4760529,-0.6825805,0.09084838,-5.759706,-1.670609,-1.611074,2.038374,8016
26.12,-34.24399,0,0,-0.4832633,-0.6798329,-0.2450293,-5.093335,-1.738089,-1.652867,1.794904,8016
26.14,-35.7668,0,0,-0.4628986,-0.6617643,0.8847416,-5.382126,-1.738089,-1.662317,1.830475,8012
26.16,-29.7952,0,0,-0.4680291,-0.6603444,-0.5656406,-5.715239,-1.670609,-1.612821,1.988332,8008
26.18,-29.78763,0,0,-0.4518372,-0.6519108,0.5946653,-5.378886,-1.670609,-1.597649,2.051101,8016
26.2,-30.95963,0,0,-0.4677104,-0.6523601,0.01451245,-5.113225,-1.670609,-1.59754,1.936616,8000
26.22,-31.95315,0,0,-0.4602557,-0.6452664,0.5183294,-5.075924,-1.670609,-1.597714,1.917317,8020
26.24,-38.57098,0,0,-0.4665683,-0.6492418,0.06031401,-5.143284,-1.738089,-1.655021,1.588382,8004
26.26,-32.44307,0,0,-0.4696074,-0.6554961,0.1213828,-5.842196,-1.670609,-1.61712,1.742142,8020
26.28,-37.24457,0,0,-0.4626975,-0.6636857,0.07558119,-5.710959,-1.738089,-1.659864,1.549215,8016
26.3,-37.13376,0,0,-0.464719,-0.6693701,-0.03128911,-6.100766,-1.738089,-1.671243,1.522436,8008
26.32,-29.97648,0,0,-0.4718364,-0.6786049,0.3351234,-6.320957,-1.670609,-1.619677,1.752575,8008
26.34,-35.36081,0,0,-0.4596329,-0.6765965,0.1366499,-5.779787,-1.738089,-1.656903,1.641358,8040
26.36,-30.30328,0,0,-0.4400427,-0.6572279,0.2129859,-6.013235,-1.670609,-1.60937,1.957102,8000
26.38,-36.45005,0,0,-0.4471459,-0.6565793,-0.0007547362,-5.650531,-1.738089,-1.653446,1.689312,8016
26.4,-43.14088,0,0,-0.4538036,-0.6617028,0.1366499,-6.018983,-1.805569,-1.722039,1.369251,8036
26.42,-30.04662,0,0,-0.4544687,-0.6687804,0.07558119,-6.925607,-1.670609,-1.631118,1.806886,8016
26.44,-28.31395,0,0,-0.4464828,-0.671949,-0.01602192,-6.223885,-1.670609,-1.603453,1.933911,8024
26.46,-35.43625,0,0,-0.467324,-0.6754323,-0.3519,-5.527555,-1.738089,-1.653298,1.643621,8012
26.48,-36.63934,0,0,-0.4485629,-0.660461,0.2893218,-5.835458,-1.738089,-1.664274,1.698818,8008
26.5,-30.19794,0,0,-0.4684644,-0.6684381,0.4114593,-6.106277,-1.670609,-1.616507,1.827234,8032
26.52,-35.73412,0,0,-0.4596402,-0.6692508,-0.2144953,-5.662616,-1.738089,-1.656195,1.666633,8008
26.54,-30.42716,0,0,-0.4592853,-0.6634254,0.6251997,-5.921814,-1.670609,-1.61238,1.883861,8028
26.56,-42.25525,0,0,-0.4595403,-0.6674211,-0.04655629,-5.57125,-1.805569,-1.71019,1.419118,8032
26.58,-36.5207,0,0,-0.4595133,-0.6689652,0.2740546,-6.527254,-1.738089,-1.682345,1.594703,8008
26.6,-34.44691,0,0,-0.474855,-0.6889609,-0.7793808,-6.540313,-1.738089,-1.67602,1.569294,8012
26.62,-27.77679,0,0,-0.4594038,-0.6838719,0.7168028,-6.368263,-1.670609,-1.614961,1.944505,7988
26.64,-34.05316,0,0,-0.4742699,-0.6854994,-0.07709067,-5.544753,-1.738089,-1.654624,1.711172,8008
26.66,-35.45553,0,0,-0.4638657,-0.6718299,0.9763447,-5.659572,-1.738089,-1.664068,1.744,8016
26.68,-29.45617,0,0,-0.4698168,-0.6696527,-0.4129688,-5.860346,-1.670609,-1.613801,1.936316,8008
26.7,-41.49883,0,0,-0.4562399,-0.6659976,0.5793981,-5.438088,-1.805569,-1.707751,1.532504,8008
26.72,-30.07785,0,0,-0.470083,-0.6684278,-0.107625,-6.326093,-1.670609,-1.626982,1.871769,8004
26.74,-28.58739,0,0,-0.4700782,-0.6752098,-0.519839,-5.760987,-1.670609,-1.604303,1.929203,8020
26.76,-29.64122,0,0,-0.4690778,-0.6674143,0.7320697,-5.233826,-1.670609,-1.597649,1.956079,8020
26.78,-30.93872,0,0,-0.4785317,-0.6621728,-0.7030448,-4.965863,-1.670609,-1.598388,1.894799,8000
26.8,-31.98929,0,0,-0.4594923,-0.6463583,0.7320697,-4.974036,-1.670609,-1.597059,1.936078,8008
26.82,-32.61526,0,0,-0.4736983,-0.6491241,-0.3213652,-5.052474,-1.670609,-1.600931,1.810039,8000
26.84,-32.83741,0,0,-0.4642494,-0.6468115,0.6251997,-5.19386,-1.670609,-1.601469,1.80476,8004
26.86,-38.92509,0,0,-0.4636898,-0.6510288,0.2587874,-5.319489,-1.738089,-1.657061,1.525071,8020
26.88,-32.53902,0,0,-0.4675602,-0.6583089,0.07558119,-6.001012,-1.670609,-1.618347,1.693333,8000
26.9,-43.16318,0,0,-0.4697272,-0.674351,0.1519171,-5.812364,-1.805569,-1.716524,1.238706,8016
26.92,-30.54839,0,0,-0.4741926,-0.6817805,0.07558119,-6.730918,-1.670609,-1.633055,1.681148,8016
26.94,-34.37417,0,0,-0.4839272,-0.6982708,-0.07709067,-6.041962,-1.738089,-1.664082,1.519028,8028
26.96,-34.51974,0,0,-0.5117524,-0.7119165,-0.1534266,-5.885668,-1.738089,-1.674515,1.463503,8004
26.98,-34.1572,0,0,-0.476294,-0.69488,0.1366499,-5.889534,-1.738089,-1.669712,1.695036,8008
27,-34.11041,0,0,-0.4794391,-0.689527,0.5488637,-5.852554,-1.738089,-1.66883,1.71379,8012
27.02,-590.612,8,0,-0.4798859,-0.6869559,-0.3671672,-5.823712,-1.738089,-1.668653,1.731506,8024
27.04,-458.3537,8,0,-0.4826499,-1.295468,0.4725278,-62.57807,-1.805569,-1.733869,-0.1637838,8052
27.06,-345.3836,8,0,-0.5140218,-2.35414,-0.7335792,-86.70985,-1.738089,-1.673854,-1.653345,8044
27.08,-277.1505,8,0,-0.7860919,-3.222344,-18.1229,-90.20575,-1.805569,-1.653711,-1.587868,7992
27.1,-194.5022,8,0,-1.454583,-3.917476,-40.51985,-83.38446,-1.40069,-1.308943,-0.04298115,8028
27.12,-168.8867,8,0,-2.448301,-4.570336,-58.00077,-67.42033,-1.46817,-1.307638,-0.5537367,8012
27.14,-141.1214,8,0,-3.831341,-5.312396,-73.23742,-50.04731,-1.40069,-1.347379,-1.894875,7988
27.16,-114.6634,8,0,-5.279203,-6.10253,-60.8252,-31.3045,-1.40069,-1.446889,-3.063445,8004
27.18,-131.323,8,0,-4.716273,-5.783419,31.69391,-17.40545,-1.738089,-1.524591,3.458872,7996
27.2,-76.26385,8,0,-4.621365,-5.354886,6.716805,-10.12024,-1.06329,-0.932613,9.448207,8012
27.22,-112.5017,8,0,-4.825408,-5.152238,-8.428238,0.7055732,-1.40069,-1.063922,9.524738,7988
27.24,-77.14883,8,0,-4.372772,-4.645129,24.36567,2.97842,-0.7933693,-0.5382278,14.512,8008
27.26,-150.3202,8,0,-3.917727,-4.15668,14.73207,6.557601,-1.40069,-0.8510174,14.24909,7960
27.28,-115.9712,8,0,-3.545079,-3.726654,15.29696,0.3687606,-0.7258892,-0.3885809,16.68173,7988
27.3,-106.2541,8,0,-3.037048,-3.341158,15.90765,-1.845495,-0.4559698,-0.02576389,18.20074,7968
27.32,-156.324,8,0,-3.120261,-3.285903,-7.267933,-2.296223,-0.7933693,-0.2776708,14.58141,7944
27.34,-102.8608,8,0,-3.356376,-3.413786,5.999248,-6.973775,-0.05108929,0.1750739,14.18573,7952
27.36,-170.9698,8,0,-3.207803,-3.454458,0.7931387,-5.126669,-0.7933693,-0.2986625,11.24619,7932
27.38,-117.577,8,0,-3.569839,-3.666612,-19.87863,-9.710514,-0.1185694,0.04625124,10.82022,7960
27.4,-140.9678,8,0,-3.422434,-3.718861,4.5794,-7.729236,-0.4559698,-0.1062092,10.15694,7920
27.42,-78.27911,8,0,-3.594045,-3.789795,-13.54274,-8.212463,0.2863102,0.4264945,11.72683,7944
27.44,-20.24915,8,0,-3.465081,-3.680719,8.976348,-2.463127,0.9611101,1.139881,14.93288,7896
27.46,-100.2979,8,0,-3.413733,-3.508823,5.632835,6.992121,0.2863102,0.7784562,12.68757,7864
27.48,-70.91513,8,0,-3.03274,-3.111774,29.84658,4.117161,0.9611101,1.247876,15.42688,7896
27.5,-65.83954,8,0,-2.585275,-2.724247,19.15956,3.790725,1.23103,1.607671,16.81171,7852
27.52,-29.47137,8,0,-2.643232,-2.584014,-0.8251827,4.149837,1.90583,2.178648,16.94663,7840
27.54,-114.7002,8,0,-2.27574,-2.330161,14.79314,6.912092,1.23103,1.788368,14.30014,7804
27.56,-82.84192,8,0,-2.140265,-2.151657,7.587034,-0.3037773,1.90583,2.184246,14.55821,7840
27.58,-33.45435,8,0,-1.875121,-2.003872,7.922912,-2.651735,2.58063,2.824464,16.01499,7792
27.6,-85.67938,8,0,-2.097049,-2.097198,-11.00839,1.291781,2.175751,2.586843,11.83095,7772
27.62,-35.40015,8,0,-1.832036,-1.934086,17.19009,-2.013439,2.985511,3.182324,13.96192,7800
27.64,-115.343,8,0,-1.738789,-1.87318,2.274055,0.4689215,2.243231,2.713811,10.20845,7732
27.66,-72.97916,8,0,-1.78521,-1.870538,4.289323,-5.81413,2.918031,3.084465,10.37638,7796
27.68,-14.48376,8,0,-1.628405,-1.827146,-0.962587,-6.102389,3.592831,3.729976,12.31786,7732
27.7,-53.82123,8,0,-2.073859,-2.040949,-19.0542,0.8122898,3.25543,3.540053,8.409922,7728
27.72,-6.015686,8,0,-1.777288,-1.851292,14.99162,0.7496907,3.99771,4.123734,11.48123,7732
27.74,-52.02643,8,0,-1.548141,-1.634754,9.617569,4.796362,3.660311,4.012548,10.41633,7688
27.76,-21.86029,8,0,-1.441684,-1.438672,12.74734,2.501909,4.267631,4.444847,11.38554,7696
27.78,-68.30585,8,0,-1.089625,-1.200749,13.58704,2.925743,3.93023,4.296929,10.21882,7672
27.8,-27.43658,8,0,-1.107953,-1.121459,3.81604,-1.483465,4.60503,4.748272,10.48092,7700
27.82,-66.95306,8,0,-0.9351215,-1.055447,6.640469,-0.8426007,4.267631,4.585132,8.581264,7652
27.84,-20.29474,8,0,-1.076373,-1.103251,-3.145794,-3.996875,4.94243,5.030018,8.694231,7664
27.86,-61.99335,8,0,-0.9488453,-1.090061,3.083216,-1.762692,4.53755,4.820675,6.886911,7636
27.88,-73.92862,8,0,-1.06175,-1.146801,-2.687778,-4.193543,4.53755,4.722481,5.160677,7656
27.9,-105.5062,8,0,-0.9342455,-1.162693,3.922911,-7.394625,4.20015,4.427759,3.641525,7648
27.92,-5.857483,8,0,-1.02579,-1.248323,-3.11526,-12.36867,5.27983,5.199564,6.331634,7672
27.94,-29.2821,8,0,-1.100178,-1.346784,-8.672513,-5.391533,4.94243,5.128474,5.101531,7604
27.96,-39.31494,8,0,-1.48576,-1.508506,-13.75649,-2.001383,4.94243,5.051344,3.339375,7636
27.98,44.42834,8,0,-1.05802,-1.244268,20.16719,-1.799526,5.95463,5.92231,8.862425,7636
28,32.62573,8,0,-1.069705,-1.085609,-1.54274,6.7423,5.95463,6.136899,8.779545,7564
28.02,-104.157,8,0,-0.9316334,-0.8765442,13.6023,10.67674,4.73999,5.197841,4.184299,7584
28.04,-54.14468,8,0,-0.394724,-0.500015,27.55651,-2.058836,5.54975,5.635032,7.336754,7636
28.06,-41.06158,8,0,-0.008779388,-0.3007147,16.62521,-6.701398,5.684711,5.873407,7.932428,7568
28.08,-47.25708,8,0,-0.3100262,-0.4598496,-21.60382,-7.717271,5.684711,5.850448,5.086046,7616
28.1,-59.63315,8,0,-0.7602887,-0.804199,-6.703048,-7.726907,5.54975,5.653541,1.750493,7596
28.12,-43.21777,8,0,-0.7260089,-0.9255227,-4.214497,-8.944703,5.684711,5.728535,2.202773,7576
28.14,-48.27347,8,0,-1.011599,-1.145659,-8.290833,-7.264279,5.54975,5.608623,0.7017094,7596
28.16,-32.08209,8,0,-0.9870769,-1.188837,-2.611443,-6.627595,5.684711,5.709488,1.756367,7600
28.18,-28.61542,8,0,-1.083996,-1.236668,-2.016023,-4.274118,5.684711,5.735542,1.877314,7592
28.2,-41.38824,8,0,-1.056109,-1.204875,-0.3671672,-2.423982,5.54975,5.647563,1.968314,7580
28.22,-37.2334,8,0,-1.037131,-1.157778,1.678635,-2.540115,5.61723,5.683875,2.472107,7596
28.24,-37.1438,8,0,-1.000973,-1.117318,2.212986,-2.314129,5.61723,5.699043,2.754815,7580
28.26,-38.16705,8,0,-0.9858906,-1.089148,0.06031401,-2.211176,5.61723,5.703549,2.840793,7588
28.28,-39.00275,8,0,-0.9929789,-1.081152,0.1824515,-2.236916,5.61723,5.701339,2.776077,7608
28.3,-45.27371,8,0,-1.002778,-1.087485,-0.183961,-2.320687,5.54975,5.643242,2.456978,7600
28.32,-38.94843,8,0,-0.9924086,-1.0871,0.5488637,-3.031763,5.61723,5.68363,2.695331,7608
28.34,-37.67365,8,0,-0.994185,-1.094588,0.2587874,-2.860556,5.61723,5.69492,2.717176,7596
28.36,-31.8562,8,0,-0.9891067,-1.088175,-0.0007547362,-2.622586,5.684711,5.754131,3.003585,7596
28.38,-38.81696,8,0,-0.9784372,-1.074797,0.2435202,-1.913619,5.61723,5.716645,2.833959,7632
28.4,-34.74432,8,0,-0.9687971,-1.05523,0.1977187,-2.171783,5.684711,5.760368,3.036222,7628
28.42,-41.38715,8,0,-0.9638516,-1.049109,0.8542075,-1.959451,5.61723,5.715739,2.760248,7624
28.44,-42.3736,8,0,-0.9638088,-1.048357,-0.3824344,-2.493352,5.61723,5.701324,2.650023,7596
28.46,-41.83624,8,0,-0.9536,-1.051672,0.5183294,-2.978263,5.61723,5.697838,2.62495,7604
28.48,-35.02222,8,0,-0.9608967,-1.06149,-0.2450293,-3.219523,5.684711,5.750304,2.801616,7608
28.5,-34.67303,8,0,-0.9568206,-1.062096,-0.3060985,-2.69846,5.684711,5.765873,2.851601,7608
28.52,-41.92896,8,0,-0.9510411,-1.053686,0.5488637,-2.338134,5.61723,5.715833,2.628484,7608
28.54,-42.79333,8,0,-0.9627479,-1.056517,0.1671843,-2.803134,5.61723,5.698925,2.505411,7572
28.56,-35.83691,8,0,-0.969926,-1.066687,-0.03128911,-3.173359,5.684711,5.747863,2.691593,7576
28.58,-40.9248,8,0,-0.9820394,-1.081195,-0.04655629,-2.684472,5.61723,5.705873,2.45158,7600
28.6,-35.42719,8,0,-0.9571609,-1.065989,0.5946653,-2.93136,5.684711,5.754007,2.805716,7592
28.62,-41.4024,8,0,-0.9564839,-1.062484,-0.01602192,-2.553118,5.61723,5.711975,2.589184,7596
28.64,-42.1582,8,0,-0.9575834,-1.060074,0.3961921,-2.904189,5.61723,5.6995,2.540112,7588
28.66,-41.45612,8,0,-0.9680385,-1.071015,-0.2144953,-3.186398,5.61723,5.694313,2.477912,7580
28.68,-46.54401,8,0,-0.9684736,-1.082348,-0.09235785,-3.304159,5.54975,5.639266,2.256806,7584
28.7,-45.68573,8,0,-0.9543878,-1.084262,0.1061156,-3.932398,5.54975,5.627909,2.325735,7592
28.72,-31.98041,8,0,-0.9506909,-1.086161,-0.01602192,-4.260995,5.684711,5.736348,2.866684,7600
28.74,-31.30359,8,0,-0.9510903,-1.082379,0.06031401,-3.090555,5.684711,5.767437,2.988004,7596
28.76,-39.78522,8,0,-0.9396878,-1.058582,0.5641309,-2.281418,5.61723,5.722439,2.824382,7584
28.78,-48.16388,8,0,-0.9232674,-1.036464,0.1671843,-2.661929,5.54975,5.654897,2.557045,7576
28.8,-48.18301,8,0,-0.9216458,-1.039013,0.1519171,-3.776865,5.54975,5.63373,2.429521,7596
28.82,-34.05499,8,0,-0.9358569,-1.059748,-0.3519,-4.469116,5.684711,5.735019,2.80275,7584
28.84,-32.52686,8,0,-0.9412138,-1.071709,0.1519171,-3.47771,5.684711,5.764021,2.878927,7556
28.86,-40.15308,8,0,-0.9498869,-1.067494,0.5793981,-2.639776,5.61723,5.716781,2.646998,7588
28.88,-47.77524,8,0,-0.9478023,-1.059879,0.3351234,-2.866889,5.54975,5.648582,2.373181,7572
28.9,-41.31494,8,0,-0.948036,-1.063094,0.1671843,-3.785797,5.61723,5.683809,2.548931,7584
28.92,-39.48566,8,0,-0.9500851,-1.075287,-0.2908313,-3.737263,5.61723,5.694005,2.576695,7588
28.94,-33.12549,8,0,-0.9522437,-1.076216,0.1366499,-3.502801,5.684711,5.752622,2.854358,7588
28.96,-39.60956,8,0,-0.9524817,-1.071362,0.2587874,-2.707799,5.61723,5.714456,2.674405,7592
28.98,-41.211,8,0,-0.944474,-1.057135,0.2587874,-2.8585,5.61723,5.704382,2.674746,7580
29,-35.44629,8,0,-0.9321836,-1.045356,0.01451245,-3.154648,5.684711,5.756725,2.923666,7576
29.02,-35.51721,8,0,-0.9434987,-1.047729,-0.1381594,-2.74163,5.684711,5.767962,2.863141,7588
29.04,-42.63324,8,0,-0.9465463,-1.047021,0.07558119,-2.470721,5.61723,5.714915,2.57947,7604
29.06,-43.34918,8,0,-0.9393442,-1.043681,0.1061156,-3.031144,5.61723,5.700414,2.535011,7588
29.08,-42.4765,8,0,-0.9404384,-1.052372,-0.0007547362,-3.47548,5.61723,5.695753,2.490153,7588
29.1,-35.49658,8,0,-0.9321373,-1.054618,0.1061156,-3.697054,5.684711,5.751148,2.767718,7592
29.12,-41.20996,8,0,-0.928691,-1.055004,0.2740546,-3.153158,5.61723,5.712658,2.585438,7584
29.14,-48.21008,8,0,-0.9230571,-1.05047,0.3351234,-3.390795,5.54975,5.647934,2.337815,7596
29.16,-35.65332,8,0,-0.9186682,-1.04911,0.02977964,-4.259287,5.684711,5.739919,2.785813,7580
29.18,-34.28198,8,0,-0.9173821,-1.05255,0.3656577,-3.571157,5.684711,5.765832,2.857735,7588
29.2,-35.72815,8,0,-0.9124798,-1.039441,0.04504682,-2.986255,5.684711,5.773547,2.895027,7600
29.22,-43.46259,8,0,-0.9114232,-1.028597,0.02977964,-2.757159,5.61723,5.719242,2.616994,7604
29.24,-38.40527,8,0,-0.9053382,-1.020124,0.2587874,-3.402638,5.684711,5.75787,2.783945,7592
29.26,-43.84003,8,0,-0.9094796,-1.028743,-0.03128911,-3.319098,5.61723,5.711797,2.493333,7616
29.28,-43.88672,8,0,-0.9139042,-1.037278,0.06031401,-3.798223,5.61723,5.698321,2.419887,7600
29.3,-48.63538,8,0,-0.927859,-1.058876,0.01451245,-4.086272,5.54975,5.638641,2.117533,7600
29.32,-41.04596,8,0,-0.9304795,-1.073643,0.09084838,-4.73697,5.61723,5.679043,2.369236,7580
29.34,-33.02399,8,0,-0.9269004,-1.079068,0.09084838,-4.400096,5.684711,5.748399,2.741562,7600
29.36,-33.23639,8,0,-0.9309543,-1.072224,0.1671843,-3.349737,5.684711,5.76864,2.845129,7596
29.38,-47.38123,8,0,-0.9193802,-1.05248,0.2129859,-2.718273,5.54975,5.666136,2.446954,7584
29.4,-48.91266,8,0,-0.9023936,-1.035424,0.4419934,-3.784057,5.54975,5.638446,2.412722,7596
29.42,-47.31131,8,0,-0.8983831,-1.044353,0.2282531,-4.667034,5.54975,5.630162,2.368323,7588
29.44,-45.33173,8,0,-0.8995464,-1.061208,-0.01602192,-5.086752,5.54975,5.628788,2.369618,7596
29.46,-43.89807,8,0,-0.8922824,-1.068819,0.3198562,-5.179762,5.54975,5.631745,2.453665,7612
29.48,-37.17065,8,0,-0.8888772,-1.06724,0.1061156,-5.096691,5.61723,5.689555,2.769028,7608
29.5,-31.28717,8,0,-0.8842417,-1.054895,-0.06182348,-4.367438,5.684711,5.761572,3.10637,7608
29.52,-33.20483,8,0,-0.8894827,-1.037363,0.2129859,-3.275957,5.684711,5.779374,3.120317,7624
29.54,-42.2049,8,0,-0.889684,-1.017952,-0.107625,-2.755308,5.61723,5.726583,2.821648,7596
29.56,-44.19446,8,0,-0.8833348,-1.005341,0.4419934,-3.345007,5.61723,5.70945,2.706608,7604
29.58,-37.83075,8,0,-0.8973613,-1.016279,0.1671843,-3.899444,5.684711,5.754842,2.778407,7596
29.6,-49.10495,8,0,-0.9014725,-1.033107,-0.4129688,-3.622082,5.54975,5.657095,2.267443,7584
29.62,-43.19086,8,0,-0.8883349,-1.033224,0.2282531,-4.602782,5.61723,5.68759,2.494558,7596
29.64,-35.21246,8,0,-0.9013379,-1.048748,0.1977187,-4.615112,5.684711,5.749501,2.708277,7588
29.66,-40.93182,8,0,-0.8965283,-1.049539,0.04504682,-3.829416,5.61723,5.714133,2.570337,7592
29.68,-48.31607,8,0,-0.8831428,-1.036986,0.8694746,-3.927861,5.54975,5.651793,2.376038,7612
29.7,-36.10681,8,0,-0.8895594,-1.036568,-0.1381594,-4.715268,5.684711,5.742272,2.774336,7584
29.72,-40.85492,8,0,-0.8925331,-1.044646,-0.03128911,-4.002218,5.61723,5.712332,2.586359,7592
29.74,-36.01093,8,0,-0.8830507,-1.03181,0.4419934,-4.024902,5.684711,5.760542,2.858845,7600
29.76,-36.54706,8,0,-0.8805924,-1.022367,0.1824515,-3.561505,5.684711,5.773026,2.874237,7584
29.78,-50.03284,8,0,-0.8816209,-1.01833,0.09084838,-3.320319,5.54975,5.665118,2.346565,7592
29.8,-50.46799,8,0,-0.8920139,-1.028479,0.1671843,-4.497406,5.54975,5.632529,2.182465,7592
29.82,-35.65985,8,0,-0.911706,-1.056372,-0.9473198,-5.254705,5.684711,5.731246,2.571274,7592
29.84,-39.57965,8,0,-0.9030864,-1.066624,0.6099325,-4.279946,5.61723,5.70844,2.516708,7588
29.86,-40.62756,8,0,-0.9158922,-1.065066,0.06031401,-3.987053,5.61723,5.701943,2.514102,7584
29.88,-40.90649,8,0,-0.9104077,-1.057375,0.06031401,-3.913465,5.61723,5.701566,2.573797,7588
29.9,-34.90552,8,0,-0.9225332,-1.057129,0.1824515,-3.855264,5.684711,5.754316,2.781133,7600
29.92,-47.20575,8,0,-0.9110636,-1.051248,-0.1534266,-3.253448,5.54975,5.661264,2.397108,7584
29.94,-42.15228,8,0,-0.9146414,-1.047303,0.304589,-4.083413,5.61723,5.689157,2.551269,7596
29.96,-40.60107,8,0,-0.9245128,-1.060656,0.07558119,-4.098863,5.61723,5.695481,2.529186,7588
29.98,-34.13007,8,0,-0.9240587,-1.061804,0.2740546,-3.942084,5.684711,5.753373,2.812761,7580
30,-40.50415,8,0,-0.9187459,-1.055084,0.2740546,-3.203056,5.61723,5.715887,2.654795,7596
30.02,-42.02234,8,0,-0.9148536,-1.043222,0.1671843,-3.369144,5.61723,5.705272,2.6342,7588
30.04,-42.04633,8,0,-0.9181517,-1.044147,0.1824515,-3.628864,5.61723,5.700632,2.580896,7588
30.06,-35.50531,8,0,-0.931734,-1.053311,0.1824515,-3.760037,5.684711,5.751861,2.749229,7592
30.08,-41.24902,8,0,-0.9297547,-1.056145,0.1061156,-3.193679,5.61723,5.712239,2.563079,7576
30.1,-36.14227,8,0,-0.9293151,-1.049294,0.1824515,-3.391604,5.684711,5.756135,2.782904,7580
30.12,-36.02808,8,0,-0.9396347,-1.051854,-0.1534266,-2.980405,5.684711,5.766145,2.75662,7592
30.14,-36.84479,8,0,-0.9481682,-1.051141,0.07558119,-2.67015,5.684711,5.767301,2.719572,7584
30.16,-37.59589,8,0,-0.9482498,-1.046686,-0.01602192,-2.546238,5.684711,5.767048,2.704435,7588
30.18,-44.22986,8,0,-0.9345664,-1.038904,-0.04655629,-2.585935,5.61723,5.713442,2.493013,7592
30.2,-38.37531,8,0,-0.9317316,-1.036789,0.07558119,-3.288735,5.684711,5.752716,2.671621,7596
30.22,-43.38751,8,0,-0.9284683,-1.044,-0.04655629,-3.180758,5.61723,5.709014,2.447859,7588
30.24,-43.37769,8,0,-0.9255552,-1.04711,0.2435202,-3.621634,5.61723,5.697752,2.429229,7592
30.26,-36.40594,8,0,-0.9167352,-1.047378,0.2282531,-3.931659,5.684711,5.751304,2.710063,7592
30.28,-35.84473,8,0,-0.9225892,-1.050615,0.2282531,-3.41606,5.684711,5.765651,2.733971,7596
30.3,-36.81812,8,0,-0.9208602,-1.042434,0.2893218,-3.01926,5.684711,5.769917,2.75893,7592
30.32,-43.89801,8,0,-0.921877,-1.037221,0.2282531,-2.859869,5.61723,5.715177,2.493805,7580
30.34,-50.36343,8,0,-0.9168591,-1.037901,0.1824515,-3.492583,5.54975,5.645153,2.206905,7592
30.36,-42.92224,8,0,-0.9145654,-1.048499,0.1824515,-4.568638,5.61723,5.681129,2.403229,7592
30.38,-46.46429,8,0,-0.9189699,-1.069513,-0.09235785,-4.522223,5.54975,5.637547,2.20681,7596
30.4,-39.23474,8,0,-0.9463142,-1.091641,-0.3366328,-4.758901,5.61723,5.679032,2.386648,7592
30.42,-43.78931,8,0,-0.9351066,-1.09523,-0.2755641,-4.213305,5.54975,5.641008,2.336991,7584
30.44,-31.98492,8,0,-0.9279321,-1.081145,0.4267263,-4.316317,5.684711,5.743,2.912088,7612
30.46,-44.01062,8,0,-0.9322839,-1.076887,-0.2755641,-3.19518,5.54975,5.66115,2.517911,7588
30.48,-39.94348,8,0,-0.9229,-1.057959,0.3656577,-3.68674,5.61723,5.694137,2.75366,7608
30.5,-39.64844,8,0,-0.9124299,-1.049526,0.8542075,-3.63901,5.61723,5.703452,2.791835,7600
30.52,-46.08453,8,0,-0.9242296,-1.054842,-0.183961,-3.553936,5.54975,5.648355,2.472661,7576
30.54,-46.16736,8,0,-0.9141623,-1.054629,0.1824515,-4.174966,5.54975,5.634549,2.464723,7592
30.56,-44.82965,8,0,-0.924252,-1.069957,0.4419934,-4.569094,5.54975,5.629591,2.411765,7604
30.58,-31.36145,8,0,-0.9376185,-1.082723,0.02977964,-4.640696,5.684711,5.737508,2.880089,7600
30.6,-37.02313,8,0,-0.9316725,-1.078746,0.2587874,-3.34286,5.61723,5.715296,2.796772,7608
30.62,-33.4046,8,0,-0.9347894,-1.059612,0.1977187,-3.037515,5.684711,5.76298,3.021851,7608
30.64,-40.88208,8,0,-0.9227127,-1.041014,0.6862684,-2.515035,5.61723,5.721077,2.819727,7592
30.66,-42.5661,8,0,-0.9330521,-1.036811,-0.2602969,-2.902281,5.61723,5.705116,2.667504,7604
30.68,-36.43268,8,0,-0.9180673,-1.031401,0.2587874,-3.368537,5.684711,5.756129,2.897439,7600
30.7,-36.25342,8,0,-0.9169999,-1.031851,0.1519171,-3.063902,5.684711,5.769123,2.87843,7608
30.72,-49.31863,8,0,-0.9190274,-1.034302,-0.04655629,-2.849741,5.54975,5.661763,2.344076,7584
30.74,-37.58868,8,0,-0.9230596,-1.037758,0.1671843,-4.005254,5.684711,5.740237,2.697462,7588
30.76,-41.56647,8,0,-0.9322075,-1.056971,0.04504682,-3.567464,5.61723,5.706284,2.463663,7584
30.78,-47.84927,8,0,-0.9260558,-1.059932,0.1824515,-3.694433,5.54975,5.644597,2.257384,7588
30.8,-47.10593,8,0,-0.9245525,-1.066589,0.1977187,-4.417812,5.54975,5.628798,2.250549,7596
30.82,-33.09955,8,0,-0.9241853,-1.073797,0.1213828,-4.810405,5.684711,5.735729,2.776759,7588
30.84,-32.21881,8,0,-0.9112961,-1.06546,0.2587874,-3.687205,5.684711,5.768961,2.965898,7584
30.86,-34.70862,8,0,-0.8961712,-1.035465,0.4419934,-2.894797,5.684711,5.779666,3.058219,7588
30.88,-49.36292,8,0,-0.8942176,-1.017937,0.1366499,-2.648166,5.54975,5.669947,2.511103,7600
30.9,-38.388,8,0,-0.9016282,-1.016176,0.1061156,-3.941209,5.684711,5.744897,2.791459,7592
30.92,-48.48694,8,0,-0.9188611,-1.043617,-1.008389,-3.657398,5.54975,5.652747,2.232698,7588
30.94,-48.27148,8,0,-0.9097111,-1.052071,0.9000088,-4.505844,5.54975,5.630359,2.228096,7588
30.96,-33.90582,8,0,-0.9298832,-1.073816,-0.2755641,-4.977294,5.684711,5.732483,2.651785,7584
30.98,-38.45874,8,0,-0.9187076,-1.076013,-0.107625,-3.866168,5.61723,5.710629,2.614945,7580
31,-40.09711,8,0,-0.920197,-1.063321,0.6099325,-3.581153,5.61723,5.705249,2.64447,7600
31.02,-40.74042,8,0,-0.9223018,-1.056115,-0.2297625,-3.555742,5.61723,5.702758,2.637021,7576
31.04,-40.95508,8,0,-0.9194977,-1.051772,0.2435202,-3.614435,5.61723,5.701878,2.640015,7592
31.06,-46.93188,8,0,-0.9267544,-1.058114,-0.07709067,-3.662858,5.54975,5.645412,2.356957,7584
31.08,-46.52206,8,0,-0.9188479,-1.061181,0.2435202,-4.319743,5.54975,5.631572,2.362758,7576
31.1,-44.83896,8,0,-0.9290448,-1.077969,0.2129859,-4.68616,5.54975,5.627364,2.337852,7588
31.12,-37.28748,8,0,-0.9323602,-1.087848,0.1824515,-4.73783,5.61723,5.682882,2.632689,7584
31.14,-30.69104,8,0,-0.9263846,-1.080692,0.3656577,-4.014211,5.684711,5.755908,3.011482,7592
31.16,-38.31964,8,0,-0.9199154,-1.061039,0.2129859,-2.89098,5.61723,5.722157,2.871861,7608
31.18,-34.93835,8,0,-0.9265105,-1.041957,0.4572606,-2.89753,5.684711,5.764173,3.019896,7580
31.2,-42.06769,8,0,-0.9120125,-1.02722,0.1366499,-2.61393,5.61723,5.720448,2.791934,7576
31.22,-49.27069,8,0,-0.9309121,-1.035783,-0.03128911,-3.1061,5.54975,5.648075,2.348777,7596
31.24,-36.20612,8,0,-0.9360566,-1.049211,-0.1534266,-4.133636,5.684711,5.736458,2.721333,7588
31.26,-34.25946,8,0,-0.9351622,-1.060859,-0.3824344,-3.493561,5.684711,5.762314,2.796505,7584
31.28,-35.22913,8,0,-0.9443136,-1.059107,0.3351234,-2.84004,5.684711,5.768868,2.795371,7592
31.3,-36.55652,8,0,-0.9510404,-1.052632,-0.5656406,-2.484601,5.684711,5.769135,2.76557,7576
31.32,-43.67572,8,0,-0.93796,-1.041167,0.4419934,-2.427402,5.61723,5.7153,2.551299,7596
31.34,-38.12482,8,0,-0.9370528,-1.037526,0.3503905,-3.11079,5.684711,5.753762,2.711659,7588
31.36,-43.42902,8,0,-0.9158804,-1.034114,0.5946653,-3.071285,5.61723,5.712129,2.550268,7600
31.38,-43.51776,8,0,-0.9353614,-1.046883,0.3809245,-3.528946,5.61723,5.697014,2.406415,7596
31.4,-36.34979,8,0,-0.9294866,-1.052968,-0.3366328,-3.848395,5.684711,5.749407,2.673983,7576
31.42,-47.68643,8,0,-0.9261928,-1.059213,0.7626044,-3.354902,5.54975,5.655945,2.263795,7548
31.44,-41.95184,8,0,-0.9334151,-1.062997,-0.03128911,-4.144631,5.61723,5.684575,2.437519,7608
31.46,-40.18536,8,0,-0.9257366,-1.068368,0.2129859,-4.110175,5.61723,5.694981,2.530134,7600
31.48,-33.81677,8,0,-0.9281446,-1.066953,0.2435202,-3.893162,5.684711,5.753501,2.814568,7596
31.5,-46.2868,8,0,-0.9259586,-1.062976,-0.1381594,-3.122694,5.54975,5.66091,2.40791,7588
31.52,-47.47296,8,0,-0.9269595,-1.058696,0.2587874,-3.870038,5.54975,5.634812,2.344039,7604
31.54,-33.86975,8,0,-0.9283543,-1.064456,0.02977964,-4.473335,5.684711,5.737105,2.811747,7584
31.56,-32.74371,8,0,-0.9264934,-1.0654,-0.107625,-3.501346,5.684711,5.76674,2.921105,7592
31.58,-40.7132,8,0,-0.923085,-1.050731,0.01451245,-2.754947,5.61723,5.720513,2.722342,7604
31.6,-48.63885,8,0,-0.9119416,-1.035723,0.2740546,-3.107193,5.54975,5.652758,2.452977,7600
31.62,-36.36456,8,0,-0.9099633,-1.03419,-0.01602192,-4.143242,5.684711,5.74199,2.839501,7584
31.64,-46.94284,8,0,-0.9095152,-1.046819,-0.107625,-3.605731,5.54975,5.656908,2.38978,7604
31.66,-41.62817,8,0,-0.8960221,-1.040491,0.2282531,-4.345142,5.61723,5.690619,2.628739,7612
31.68,-40.54297,8,0,-0.8870894,-1.040861,0.04504682,-4.327291,5.61723,5.701122,2.676899,7608
31.7,-46.69324,8,0,-0.8849643,-1.041719,0.2435202,-4.217595,5.54975,5.649521,2.444368,7616
31.72,-40.63367,8,0,-0.897649,-1.048866,0.1671843,-4.725112,5.61723,5.688078,2.593581,7604
31.74,-33.43518,8,0,-0.9064856,-1.057292,0.1519171,-4.416352,5.684711,5.753061,2.846492,7596
31.76,-39.94452,8,0,-0.9065475,-1.053542,0.1977187,-3.484705,5.61723,5.717099,2.67815,7612
31.78,-41.73224,8,0,-0.9056072,-1.041557,-0.0007547362,-3.526746,5.61723,5.706662,2.652843,7604
31.8,-42.00415,8,0,-0.9072565,-1.039757,0.304589,-3.735723,5.61723,5.702271,2.607886,7612
31.82,-41.65118,8,0,-0.9216108,-1.050585,-0.3977011,-3.863241,5.61723,5.69846,2.525493,7580
31.84,-35.23181,8,0,-0.909794,-1.047096,0.01451245,-3.935272,5.684711,5.754662,2.826703,7572
31.86,-41.35132,8,0,-0.9121865,-1.046547,0.1977187,-3.334326,5.61723,5.714975,2.610316,7600
31.88,-42.48877,8,0,-0.9128597,-1.041674,0.1519171,-3.551681,5.61723,5.703364,2.56811,7588
31.9,-36.1828,8,0,-0.9177396,-1.043824,0.06031401,-3.79377,5.684711,5.753609,2.763232,7584
31.92,-35.95605,8,0,-0.9115846,-1.0406,0.1213828,-3.333293,5.684711,5.768407,2.818194,7596
31.94,-49.18881,8,0,-0.9065172,-1.035036,0.3198562,-3.031363,5.54975,5.663028,2.344498,7584
31.96,-43.65356,8,0,-0.9158337,-1.039873,0.1977187,-4.13962,5.61723,5.686262,2.442111,7588
31.98,-41.33307,8,0,-0.9310644,-1.063701,-0.8251827,-4.27354,5.61723,5.691198,2.401192,7588
32,-34.35565,8,0,-0.9181389,-1.063264,0.9305434,-4.148616,5.684711,5.751762,2.76443,7592
32.02,-40.38971,8,0,-0.9340686,-1.067817,-0.1228922,-3.32066,5.61723,5.712276,2.536224,7596
32.04,-41.63464,8,0,-0.9262759,-1.056471,0.6557342,-3.399517,5.61723,5.702938,2.571584,7584
32.06,-35.60059,8,0,-0.9267584,-1.051437,0.1213828,-3.574693,5.684711,5.75445,2.801372,7572
32.08,-41.539,8,0,-0.9319481,-1.053739,-0.06182348,-3.074273,5.61723,5.712753,2.566187,7588
32.1,-48.3913,8,0,-0.93174,-1.053841,-0.0007547362,-3.347826,5.54975,5.646336,2.292331,7588
32.12,-41.62933,8,0,-0.9265264,-1.057195,0.1671843,-4.231994,5.61723,5.683717,2.511734,7604
32.14,-33.73999,8,0,-0.9315002,-1.067349,-0.04655629,-4.115271,5.684711,5.749103,2.782395,7584
32.16,-39.73572,8,0,-0.9341838,-1.068217,0.01451245,-3.233616,5.61723,5.713299,2.615061,7600
32.18,-41.19379,8,0,-0.9330575,-1.058299,0.4725278,-3.255639,5.61723,5.703638,2.612134,7588
32.2,-41.36267,8,0,-0.9284822,-1.053222,0.1824515,-3.434365,5.61723,5.700934,2.614053,7584
32.22,-35.10577,8,0,-0.9356467,-1.05525,0.1671843,-3.546326,5.684711,5.753375,2.811115,7576
32.24,-35.06952,8,0,-0.9364942,-1.053866,0.2740546,-2.984569,5.684711,5.767707,2.840858,7588
32.26,-42.41144,8,0,-0.9336399,-1.045882,0.3198562,-2.621361,5.61723,5.716684,2.604089,7592
32.28,-43.44788,8,0,-0.9225014,-1.03617,0.2587874,-3.156788,5.61723,5.702899,2.576195,7580
32.3,-36.79059,8,0,-0.926016,-1.040649,0.1366499,-3.606402,5.684711,5.752151,2.749675,7584
32.32,-42.19147,8,0,-0.9225961,-1.045833,0.1977187,-3.246435,5.61723,5.711563,2.541288,7600
32.34,-36.73517,8,0,-0.9223496,-1.043062,0.1519171,-3.545899,5.684711,5.755143,2.748633,7580
32.36,-36.349,8,0,-0.9337818,-1.049203,-0.01602192,-3.162381,5.684711,5.7652,2.718807,7584
32.38,-43.04901,8,0,-0.9370807,-1.050121,-0.0007547362,-2.862469,5.61723,5.712818,2.470277,7588
32.4,-37.49957,8,0,-0.9329661,-1.045348,-0.0007547362,-3.345777,5.684711,5.753532,2.687992,7588
32.42,-42.90833,8,0,-0.9253296,-1.045788,0.04504682,-3.135482,5.61723,5.710952,2.496324,7616
32.44,-37.24896,8,0,-0.9205772,-1.04097,0.1061156,-3.549789,5.684711,5.754457,2.720849,7596
32.46,-42.81079,8,0,-0.9155561,-1.041704,0.1519171,-3.27513,5.61723,5.712155,2.516815,7600
32.48,-43.27197,8,0,-0.9153867,-1.041581,0.3198562,-3.655337,5.61723,5.700253,2.478124,7588
32.5,-36.46826,8,0,-0.9190651,-1.046962,0.1671843,-3.938993,5.684711,5.751257,2.693431,7592
32.52,-41.92993,8,0,-0.9176821,-1.050812,0.304589,-3.447339,5.61723,5.71148,2.507375,7596
32.54,-42.52716,8,0,-0.926529,-1.053386,0.3351234,-3.646294,5.61723,5.699501,2.455826,7592
32.56,-36.00128,8,0,-0.9146158,-1.048329,0.2282531,-3.865324,5.684711,5.753231,2.756657,7592
32.58,-41.84283,8,0,-0.909983,-1.04544,0.2129859,-3.371686,5.61723,5.714003,2.574846,7608
32.6,-48.74625,8,0,-0.9147595,-1.046303,0.1519171,-3.627949,5.54975,5.647247,2.277973,7596
32.62,-41.96338,8,0,-0.9142911,-1.052366,0.1671843,-4.492234,5.61723,5.683827,2.478533,7580
32.64,-40.05396,8,0,-0.9157292,-1.064186,0.09084838,-4.375152,5.61723,5.695062,2.52923,7592
32.66,-39.81097,8,0,-0.909182,-1.061849,-0.01602192,-4.117415,5.61723,5.700776,2.614911,7616
32.68,-46.20248,8,0,-0.9034947,-1.056344,-0.0007547362,-3.94375,5.54975,5.64889,2.427189,7600
32.7,-40.24707,8,0,-0.9155833,-1.059741,-0.0007547362,-4.436919,5.61723,5.687376,2.591548,7596
32.72,-39.10425,8,0,-0.9228129,-1.068521,-0.0007547362,-4.141125,5.61723,5.697748,2.614806,7580
32.74,-39.39825,8,0,-0.9109309,-1.059799,0.2435202,-3.858011,5.61723,5.703444,2.709098,7600
32.76,-40.06055,8,0,-0.9126948,-1.053077,0.1519171,-3.697341,5.61723,5.704301,2.70625,7604
32.78,-40.64233,8,0,-0.9060889,-1.044736,0.2282531,-3.678334,5.61723,5.70472,2.719181,7596
32.8,-41.03766,8,0,-0.9056349,-1.041402,0.2740546,-3.729117,5.61723,5.703836,2.691014,7608
32.82,-47.26376,8,0,-0.9005961,-1.041377,0.2893218,-3.824687,5.54975,5.648839,2.440941,7592
32.84,-41.03558,8,0,-0.8996018,-1.043887,0.1824515,-4.515324,5.61723,5.688213,2.629145,7608
32.86,-39.80066,8,0,-0.8984318,-1.050643,0.2129859,-4.347519,5.61723,5.699676,2.661022,7596
32.88,-33.99371,8,0,-0.8965721,-1.045831,0.1213828,-4.107163,5.684711,5.758366,2.929961,7624
32.9,-34.79144,8,0,-0.902052,-1.039137,0.04504682,-3.345795,5.684711,5.773136,2.935526,7620
32.92,-42.6853,8,0,-0.9095704,-1.032368,0.01451245,-2.907129,5.61723,5.719823,2.635035,7604
32.94,-31.80725,8,0,-0.9145675,-1.025563,0.06031401,-3.39039,5.752191,5.812103,3.008924,7584
32.96,-43.73944,8,0,-0.912691,-1.027718,-0.03128911,-2.631932,5.61723,5.727064,2.54528,7600
32.98,-39.23962,8,0,-0.9147139,-1.023546,0.4114593,-3.322015,5.684711,5.756871,2.674392,7596
33,-44.23309,8,0,-0.9324591,-1.042468,-0.4740371,-3.284896,5.61723,5.707006,2.340713,7588
33.02,512.6823,0,0,-0.9225162,-1.047351,0.1824515,-3.786323,5.61723,5.695949,2.36506,7588
33.04,375.9445,0,0,-0.9446436,-0.4634786,0.304589,52.75954,5.61723,5.701087,3.948334,7572
33.06,269.0747,0,0,-0.7135193,0.6934927,23.49544,75.75702,5.61723,5.711962,6.559614,7584
33.08,188.742,0,0,0.2231588,1.953888,47.00689,77.21479,5.61723,5.747856,8.86663,7580
33.1,105.2138,0,0,1.266695,2.97499,56.48782,66.62373,5.34731,5.545321,8.306627,7552
33.12,85.5726,0,0,2.571556,3.873778,65.52599,47.07637,5.61723,5.747256,9.417447,7608
33.14,56.87848,0,0,3.516398,4.41382,42.1672,29.04636,5.61723,5.787356,7.649715,7580
33.16,69.13773,0,0,3.594854,4.361311,2.090849,13.69414,5.95463,5.949301,3.618131,7576
33.18,-30.63423,0,0,3.596534,4.045802,-1.252663,4.583936,4.87495,5.040256,-4.257342,7548
33.2,12.17264,0,0,3.256089,3.523959,-13.42061,-10.50534,5.27983,5.034763,-7.434855,7612
33.22,-15.77945,0,0,2.924436,2.892828,-20.10763,-15.18091,4.60503,4.453104,-12.05051,7612
33.24,46.38699,0,0,2.057877,2.083382,-43.81756,-18.43896,4.94243,4.488768,-14.11435,7604
33.26,-3.91951,0,0,1.562198,1.444063,-18.91679,-12.71136,3.93023,3.695064,-17.38145,7624
33.28,56.37506,0,0,0.9889584,0.9519888,-22.64198,-12.09441,4.267631,3.762795,-15.92419,7712
33.3,126.6972,0,0,0.9726849,0.8316841,-3.542741,-5.287851,4.67251,4.206897,-10.89463,7656
33.32,134.1595,0,0,0.694777,0.7950019,-12.2145,7.205649,4.60503,4.301655,-8.973382,7652
33.34,125.7857,0,0,1.110997,1.223011,23.58704,15.15786,4.60503,4.433808,-4.80467,7640
33.36,100.1513,0,0,1.697827,1.839344,32.01452,17.81583,4.53755,4.495843,-1.73343,7656
33.38,81.04615,0,0,2.454285,2.529541,35.17483,14.65574,4.60503,4.633161,0.9644997,7628
33.4,64.11626,0,0,2.920589,2.995785,25.34276,9.05196,4.67251,4.720873,1.240765,7640
33.42,35.36369,0,0,3.132596,3.183895,6.47253,2.809108,4.53755,4.594563,-0.7289693,7640
33.44,-50.31885,0,0,3.13397,3.094482,0.3351234,-4.432794,3.660311,3.795462,-6.135114,7632
33.46,-41.93835,0,0,2.944532,2.773476,-10.15343,-17.38153,3.660311,3.525637,-8.857806,7724
33.48,20.24371,0,0,2.540632,2.23756,-24.9626,-23.88807,3.99771,3.683109,-9.695206,7724
33.5,55.6879,0,0,1.658006,1.47943,-44.09237,-19.26023,3.99771,3.649764,-12.0904,7668
33.52,106.0345,0,0,1.040896,0.9535818,-27.28321,-10.54298,4.267631,3.855383,-11.14806,7696
33.54,120.3945,0,0,0.8703696,0.8336715,-5.054192,1.054999,4.267631,3.971344,-8.747793,7660
33.56,92.89018,0,0,1.006202,1.051538,9.495431,9.897155,3.99771,3.855883,-6.716997,7668
33.58,78.83351,0,0,1.570259,1.576623,29.70918,11.36184,3.99771,3.919419,-3.2223,7688
33.6,57.24598,0,0,2.117882,2.100061,28.76262,9.187165,3.93023,3.934054,-1.341664,7564
33.62,42.7171,0,0,2.439785,2.433596,16.74734,4.4536,3.93023,3.936251,-1.172411,7680
33.64,34.3121,0,0,2.603758,2.567143,6.197721,-0.7634143,3.93023,3.914651,-1.977583,7688
33.66,62.25783,0,0,2.577336,2.52696,-1.008389,-5.046153,4.267631,4.145446,-2.231363,7696
33.68,64.65398,0,0,2.365276,2.341819,-12.38244,-4.472576,4.267631,4.162057,-3.851251,7676
33.7,64.03813,0,0,2.239866,2.207528,-4.809917,-3.433287,4.267631,4.149204,-4.692945,7684
33.72,69.87592,0,0,2.159106,2.127568,-4.962589,-2.523106,4.335111,4.193565,-4.859285,7688
33.74,57.50615,0,0,2.140877,2.098364,-0.1381594,-1.257644,4.20015,4.098557,-5.334139,7664
33.76,62.18633,0,0,2.142555,2.101876,0.3351234,-1.653783,4.267631,4.129681,-5.096744,7708
33.78,62.59088,0,0,2.194539,2.129438,1.32749,-1.590309,4.267631,4.146567,-4.835904,7704
33.8,61.76033,0,0,2.183268,2.135221,0.2129859,-1.486013,4.267631,4.147408,-4.920326,7680
33.82,55.04036,0,0,2.190361,2.139418,0.2282531,-1.529065,4.20015,4.092489,-5.17636,7672
33.84,54.91147,0,0,2.192277,2.136549,0.3503905,-2.245158,4.20015,4.076599,-5.248381,7668
33.86,68.36366,0,0,2.185987,2.126362,0.2129859,-2.704545,4.335111,4.180892,-4.816454,7676
33.88,63.28413,0,0,2.16885,2.112249,-0.03128911,-1.603577,4.267631,4.153425,-5.040097,7668
33.9,61.48033,0,0,2.185143,2.12946,0.1061156,-1.424198,4.267631,4.148982,-4.965466,7696
33.92,54.52411,0,0,2.202138,2.144268,0.7015356,-1.547409,4.20015,4.094075,-5.171985,7676
33.94,54.43199,0,0,2.1926,2.137781,-0.1381594,-2.312774,4.20015,4.075793,-5.30114,7676
33.96,68.02437,0,0,2.194704,2.130112,0.07558119,-2.823344,4.335111,4.18091,-4.828427,7676
33.98,62.93771,0,0,2.18621,2.121111,-0.2450293,-1.767351,4.267631,4.1549,-5.016502,7688
34,67.09792,0,0,2.198506,2.140287,0.1366499,-1.603282,4.335111,4.204531,-4.7279,7692
34.02,53.85043,0,0,2.212564,2.155255,0.7931387,-1.131864,4.20015,4.108923,-5.164717,7660
34.04,58.68655,0,0,2.190261,2.149413,-0.1686933,-2.096154,4.267631,4.131542,-5.152934,7692
34.06,66.36627,0,0,2.192692,2.139575,0.02977964,-2.247942,4.335111,4.192877,-4.908235,7692
34.08,60.65892,0,0,2.184532,2.13128,-0.3366328,-1.551567,4.267631,4.154562,-5.137284,7692
34.1,59.51422,0,0,2.194789,2.140587,0.2587874,-1.690756,4.267631,4.145793,-5.113676,7692
34.12,53.44487,0,0,2.206482,2.144822,0.2893218,-1.941749,4.20015,4.089676,-5.332109,7688
34.14,59.96767,0,0,2.205955,2.14083,0.04504682,-2.717341,4.267631,4.128457,-5.147832,7680
34.16,67.54405,0,0,2.199458,2.131048,0.1061156,-2.548112,4.335111,4.193636,-4.896285,7692
34.18,67.4776,0,0,2.179646,2.124246,-0.2602969,-1.609378,4.335111,4.20962,-4.906712,7692
34.2,65.67426,0,0,2.195561,2.145132,0.1061156,-1.032388,4.335111,4.216564,-4.812307,7704
34.22,57.78061,0,0,2.201465,2.161374,0.2740546,-0.8611224,4.267631,4.16234,-5.076202,7688
34.24,56.90289,0,0,2.191285,2.158954,0.02977964,-1.524073,4.267631,4.14336,-5.230528,7692
34.26,57.97879,0,0,2.193639,2.148139,-0.03128911,-2.060705,4.267631,4.137998,-5.27036,7688
34.28,65.2757,0,0,2.188602,2.136315,0.1824515,-2.285192,4.335111,4.191426,-5.048937,7676
34.3,65.95197,0,0,2.183939,2.130784,0.04504682,-1.678652,4.335111,4.206796,-5.001993,7676
34.32,64.94496,0,0,2.184827,2.139146,0.1519171,-1.206304,4.335111,4.21164,-4.966353,7692
34.34,51.80794,0,0,2.179599,2.140368,0.2435202,-0.9943786,4.20015,4.101867,-5.481393,7684
34.36,63.69118,0,0,2.181073,2.141472,0.1061156,-2.175113,4.335111,4.180835,-5.078237,7684
34.38,59.79431,0,0,2.176787,2.126561,-0.4587703,-1.753712,4.267631,4.147864,-5.275743,7672
34.4,71.6113,0,0,2.17586,2.129933,0.6251997,-1.846624,4.402591,4.249432,-4.781163,7680
34.42,53.53067,0,0,2.16954,2.125992,0.04504682,-0.7144632,4.20015,4.112555,-5.44718,7680
34.44,57.83646,0,0,2.181687,2.139067,1.067948,-1.816284,4.267631,4.131208,-5.240527,7700
34.46,59.75568,0,0,2.174654,2.126112,-0.6877776,-2.09988,4.267631,4.135037,-5.265454,7664
34.48,66.63905,0,0,2.190362,2.12968,0.3351234,-2.127279,4.335111,4.194594,-4.91968,7672
34.5,60.57964,0,0,2.186132,2.13034,0.1213828,-1.444369,4.267631,4.155943,-5.123707,7668
34.52,65.41882,0,0,2.182242,2.13776,-0.04655629,-1.585785,4.335111,4.199073,-4.923768,7696
34.54,59.24188,0,0,2.18987,2.143194,0.2129859,-1.220548,4.267631,4.156662,-5.120201,7672
34.56,52.3714,0,0,2.19013,2.143821,-0.04655629,-1.611481,4.20015,4.089303,-5.417746,7676
34.58,65.28136,0,0,2.189651,2.138582,0.3351234,-2.554039,4.335111,4.179943,-4.996963,7680
34.6,61.14397,0,0,2.170416,2.117312,-0.4893047,-1.825872,4.267631,4.148367,-5.239978,7672
34.62,66.34106,0,0,2.193599,2.133358,0.6862684,-1.8098,4.335111,4.199575,-4.872191,7680
34.64,59.98413,0,0,2.176826,2.131393,0.07558119,-1.238296,4.267631,4.1557,-5.157079,7668
34.66,58.93579,0,0,2.186195,2.140261,0.1366499,-1.526367,4.267631,4.14459,-5.151693,7692
34.68,65.25563,0,0,2.188435,2.142614,0.1671843,-1.827911,4.335111,4.195883,-4.929057,7676
34.7,59.47086,0,0,2.1917,2.142145,-0.03128911,-1.405479,4.267631,4.155445,-5.137013,7656
34.72,58.74655,0,0,2.181332,2.138638,0.3809245,-1.680498,4.267631,4.142292,-5.22393,7688
34.74,59.42456,0,0,2.175311,2.129066,0.04504682,-1.918985,4.267631,4.138019,-5.257743,7684
34.76,60.18819,0,0,2.18258,2.126157,0.2129859,-2.025875,4.267631,4.139062,-5.203798,7688
34.78,54.62575,0,0,2.185127,2.122483,0.1824515,-2.031807,4.20015,4.085878,-5.407114,7676
34.8,67.16673,0,0,2.183877,2.122251,0.09084838,-2.581298,4.335111,4.181374,-4.933954,7680
34.82,62.216,0,0,2.17684,2.115735,-0.1381594,-1.664288,4.267631,4.152856,-5.106374,7688
34.84,66.77553,0,0,2.185596,2.131908,0.5335966,-1.569959,4.335111,4.201496,-4.819277,7680
34.86,60.08481,0,0,2.177706,2.135657,-0.1381594,-1.035823,4.267631,4.157732,-5.082425,7676
34.88,58.85635,0,0,2.185035,2.144743,0.1824515,-1.379166,4.267631,4.145621,-5.109883,7684
34.9,65.25836,0,0,2.173033,2.138187,0.1519171,-1.696229,4.335111,4.194148,-4.964064,7672
34.92,59.72691,0,0,2.17212,2.131691,-0.03128911,-1.260844,4.267631,4.152882,-5.182531,7664
34.94,64.98708,0,0,2.188513,2.144054,0.3351234,-1.567819,4.335111,4.198837,-4.900949,7696
34.96,59.05504,0,0,2.183334,2.141973,0.07558119,-1.236442,4.267631,4.155005,-5.162985,7664
34.98,64.36728,0,0,2.191911,2.149741,0.1366499,-1.633223,4.335111,4.19838,-4.935502,7692
35,58.63167,0,0,2.191217,2.146952,0.1366499,-1.367287,4.267631,4.154685,-5.181674,7664
35.02,52.15192,0,0,2.189595,2.14205,0.02977964,-1.771403,4.20015,4.087304,-5.478773,7696
35.04,59.19362,0,0,2.20136,2.138658,0.1671843,-2.721411,4.267631,4.125721,-5.23137,7692
35.06,61.21552,0,0,2.194819,2.12387,-0.1534266,-2.62203,4.267631,4.136551,-5.207993,7680
35.08,61.68376,0,0,2.185429,2.115963,0.2893218,-2.319092,4.267631,4.139978,-5.185507,7676
35.1,67.68428,0,0,2.177092,2.116381,-0.06182348,-2.037031,4.335111,4.195778,-4.923409,7672
35.12,61.19704,0,0,2.17578,2.12171,0.1519171,-1.244107,4.267631,4.156754,-5.098557,7684
35.14,59.79472,0,0,2.169386,2.128112,0.2282531,-1.356373,4.267631,4.14449,-5.148357,7676
35.16,59.87958,0,0,2.173471,2.130151,0.1213828,-1.586924,4.267631,4.141197,-5.147491,7684
35.18,66.35306,0,0,2.166605,2.126485,0.2435202,-1.707385,4.335111,4.193911,-4.940289,7676
35.2,66.53061,0,0,2.163517,2.126034,-0.04655629,-1.122428,4.335111,4.208313,-4.909081,7668
35.22,59.27538,0,0,2.165334,2.133225,0.1671843,-0.7257847,4.267631,4.157492,-5.137711,7692
35.24,58.37112,0,0,2.16472,2.136708,0.2740546,-1.196946,4.267631,4.142293,-5.20266,7696
35.26,65.16785,0,0,2.162773,2.131819,0.06031401,-1.592263,4.335111,4.192111,-4.999449,7684
35.28,65.75475,0,0,2.173652,2.134561,0.2282531,-1.196354,4.335111,4.207886,-4.917864,7700
35.3,58.69582,0,0,2.181216,2.14351,0.1824515,-0.9015582,4.267631,4.158095,-5.132504,7692
35.32,63.8929,0,0,2.179818,2.148669,0.1519171,-1.413083,4.335111,4.197528,-4.969409,7676
35.34,64.40392,0,0,2.180755,2.146773,0.1366499,-1.232718,4.335111,4.207726,-4.972022,7692
35.36,63.74997,0,0,2.191107,2.154868,0.1061156,-1.089247,4.335111,4.211545,-4.947013,7676
35.38,51.07068,0,0,2.178786,2.147003,0.01451245,-1.041103,4.20015,4.100008,-5.523265,7696
35.4,57.37683,0,0,2.18026,2.139329,0.1519171,-2.28754,4.267631,4.124262,-5.363878,7676
35.42,54.02437,0,0,2.182354,2.119576,0.06031401,-2.488863,4.20015,4.078107,-5.553521,7688
35.44,61.57976,0,0,2.166121,2.100359,-0.5656406,-2.902995,4.267631,4.12044,-5.337471,7680
35.46,57.15186,0,0,2.188968,2.101818,0.2893218,-2.476333,4.20015,4.084141,-5.349507,7692
35.48,63.01503,0,0,2.189421,2.109407,0.1824515,-2.635178,4.267631,4.130376,-5.061269,7680
35.5,63.43893,0,0,2.185447,2.112053,0.04504682,-2.138879,4.267631,4.143064,-5.003826,7688
35.52,62.64139,0,0,2.178967,2.117677,0.2740546,-1.747898,4.267631,4.1457,-4.99668,7704
35.54,67.89113,0,0,2.170284,2.123563,0.1213828,-1.539673,4.335111,4.199372,-4.786715,7692
35.56,61.08418,0,0,2.170278,2.12991,0.1519171,-0.8779965,4.267631,4.158639,-5.005577,7692
35.58,59.54912,0,0,2.17267,2.139169,0.2435202,-1.135326,4.267631,4.146394,-5.058374,7696
35.6,53.46095,0,0,2.190417,2.144522,0.304589,-1.521679,4.20015,4.089611,-5.279747,7692
35.62,60.07683,0,0,2.18774,2.137554,0.1671843,-2.383967,4.267631,4.127476,-5.126884,7696
35.64,61.77635,0,0,2.181536,2.122505,0.01451245,-2.269086,4.267631,4.137719,-5.125513,7692
35.66,61.92534,0,0,2.187091,2.122745,-0.0007547362,-2.03028,4.267631,4.142769,-5.062917,7712
35.68,61.56412,0,0,2.186301,2.126309,0.1061156,-1.853816,4.267631,4.14433,-5.048342,7704
35.7,67.08447,0,0,2.196974,2.139092,0.1213828,-1.797718,4.335111,4.200758,-4.762218,7708
35.72,60.38197,0,0,2.190406,2.142262,0.1671843,-1.194362,4.267631,4.159271,-5.025521,7672
35.74,59.034,0,0,2.184834,2.144964,-0.04655629,-1.456621,4.267631,4.145678,-5.115612,7696
35.76,59.23918,0,0,2.191477,2.14454,0.1671843,-1.787646,4.267631,4.14215,-5.130263,7680
35.78,65.69661,0,0,2.19851,2.146079,0.1366499,-2.000949,4.335111,4.196717,-4.882159,7676
35.8,59.79314,0,0,2.190996,2.140746,0.1213828,-1.47542,4.267631,4.155579,-5.136721,7660
35.82,64.93637,0,0,2.186455,2.143015,0.2587874,-1.702036,4.335111,4.198058,-4.952737,7688
35.84,65.04761,0,0,2.189732,2.145773,0.09084838,-1.342586,4.335111,4.209886,-4.925118,7668
35.86,64.06017,0,0,2.18942,2.152303,0.2282531,-1.092153,4.335111,4.212271,-4.943699,7684
35.88,57.1295,0,0,2.189685,2.155191,0.1366499,-1.034867,4.267631,4.15692,-5.223591,7680
35.9,56.86565,0,0,2.190133,2.152422,0.1824515,-1.700811,4.267631,4.140751,-5.29778,7684
35.92,58.24992,0,0,2.180421,2.135242,0.1213828,-2.143252,4.267631,4.135064,-5.360587,7688
35.94,59.6729,0,0,2.18133,2.123121,0.2282531,-2.293925,4.267631,4.135518,-5.320777,7664
35.96,60.63091,0,0,2.177367,2.114976,0.1519171,-2.234319,4.267631,4.137065,-5.278783,7680
35.98,61.08533,0,0,2.181689,2.11601,0.1213828,-2.106203,4.267631,4.139858,-5.197705,7680
36,67.18275,0,0,2.181166,2.121555,0.06031401,-1.967188,4.335111,4.196126,-4.912908,7680
36.02,60.79126,0,0,2.180753,2.127197,0.07558119,-1.264271,4.267631,4.156891,-5.097683,7684
36.04,59.30414,0,0,2.197316,2.14513,0.2587874,-1.491136,4.267631,4.147785,-5.061428,7688
36.06,59.34106,0,0,2.181865,2.138886,0.02977964,-1.756551,4.267631,4.14137,-5.173613,7672
36.08,65.8558,0,0,2.189438,2.139371,0.2129859,-1.942447,4.335111,4.195569,-4.910992,7680
36.1,59.9626,0,0,2.188047,2.137549,0.1824515,-1.409468,4.267631,4.155555,-5.12852,7656
36.12,52.93077,0,0,2.195976,2.142461,0.1213828,-1.678531,4.20015,4.09064,-5.374578,7692
36.14,59.50853,0,0,2.19715,2.138726,0.2587874,-2.568568,4.267631,4.127264,-5.188181,7672
36.16,67.3737,0,0,2.186175,2.12481,-0.1228922,-2.457597,4.335111,4.191296,-4.953822,7676
36.18,61.3286,0,0,2.197162,2.129948,0.3656577,-1.619039,4.267631,4.157296,-5.065613,7680
36.2,65.8797,0,0,2.182426,2.135561,0.3351234,-1.626619,4.335111,4.199972,-4.908018,7680
36.22,59.56894,0,0,2.180527,2.136876,-0.03128911,-1.174061,4.267631,4.156042,-5.14029,7676
36.24,58.65414,0,0,2.184598,2.142218,0.1061156,-1.523223,4.267631,4.143895,-5.170125,7676
36.26,65.25201,0,0,2.173236,2.13473,0.04504682,-1.81269,4.335111,4.193058,-5.004226,7676
36.28,65.78426,0,0,2.17478,2.132776,-0.0007547362,-1.339309,4.335111,4.207403,-4.956121,7668
36.3,58.72139,0,0,2.186118,2.143189,0.1671843,-1.007132,4.267631,4.158227,-5.141869,7692
36.32,57.86185,0,0,2.184939,2.146747,0.1366499,-1.501415,4.267631,4.143225,-5.213296,7672
36.34,64.74055,0,0,2.175538,2.137395,0.01451245,-1.886846,4.335111,4.19193,-5.043379,7684
36.36,65.56305,0,0,2.171754,2.130446,0.1824515,-1.433397,4.335111,4.205608,-5.013647,7672
36.38,64.74364,0,0,2.182159,2.141219,0.09084838,-1.074393,4.335111,4.21138,-4.947105,7684
36.4,57.62117,0,0,2.187884,2.150723,0.07558119,-0.9444011,4.267631,4.157942,-5.186679,7668
36.42,63.14804,0,0,2.18352,2.151812,0.1977187,-1.564122,4.335111,4.195875,-5.040985,7696
36.44,63.95363,0,0,2.191634,2.150873,0.1061156,-1.440953,4.335111,4.207174,-5.004598,7676
36.46,63.46172,0,0,2.199449,2.157272,0.1061156,-1.298995,4.335111,4.211078,-4.984164,7668
36.48,56.7962,0,0,2.197969,2.157809,0.2129859,-1.258872,4.267631,4.156121,-5.265518,7672
36.5,56.67735,0,0,2.19811,2.153892,0.1061156,-1.907619,4.267631,4.140343,-5.330788,7676
36.52,64.09573,0,0,2.192363,2.141788,0.1213828,-2.32832,4.335111,4.190318,-5.125957,7684
36.54,59.1268,0,0,2.195007,2.134325,0.1824515,-1.866701,4.267631,4.151236,-5.289772,7676
36.56,58.73492,0,0,2.194575,2.134964,0.01451245,-2.057804,4.267631,4.141369,-5.285288,7676
36.58,59.32077,0,0,2.19824,2.134095,0.09084838,-2.235055,4.267631,4.139818,-5.250984,7676
36.6,59.93623,0,0,2.195623,2.130046,0.06031401,-2.286005,4.267631,4.139743,-5.234869,7680
36.62,66.32745,0,0,2.201679,2.1345,0.07558119,-2.266628,4.335111,4.196268,-4.934062,7672
36.64,66.18417,0,0,2.196687,2.138382,0.1366499,-1.594382,4.335111,4.211196,-4.902078,7680
36.66,64.73341,0,0,2.192151,2.147798,0.2282531,-1.149727,4.335111,4.213907,-4.918254,7700
36.68,63.26225,0,0,2.213246,2.169084,0.7931387,-1.06292,4.335111,4.216258,-4.865402,7688
36.7,62.28267,0,0,2.197825,2.168957,0.07558119,-1.119341,4.335111,4.211885,-5.00848,7668
36.72,61.9053,0,0,2.202245,2.169553,0.1061156,-1.268889,4.335111,4.209979,-5.049555,7688
36.74,55.77458,0,0,2.206593,2.166497,0.2129859,-1.425683,4.267631,4.154479,-5.320971,7684
36.76,62.1685,0,0,2.198874,2.156981,0.04504682,-2.122077,4.335111,4.192456,-5.177269,7684
36.78,57.59383,0,0,2.197662,2.143261,0.01451245,-1.938234,4.267631,4.148991,-5.388231,7700
36.8,64.02846,0,0,2.178087,2.129599,-0.1228922,-2.212598,4.335111,4.190277,-5.221501,7688
36.82,64.98582,0,0,2.190182,2.131405,0.02977964,-1.772439,4.335111,4.20546,-5.082226,7684
36.84,52.35652,0,0,2.183187,2.130113,0.1671843,-1.375408,4.20015,4.099725,-5.551072,7680
36.86,58.18616,0,0,2.186781,2.131904,0.04504682,-2.392251,4.267631,4.126288,-5.338967,7696
36.88,60.40114,0,0,2.18189,2.118243,-0.09235785,-2.466473,4.267631,4.134037,-5.304464,7684
36.9,61.37938,0,0,2.165841,2.104554,0.1519171,-2.241361,4.267631,4.135948,-5.297059,7680
36.92,61.7234,0,0,2.171804,2.106981,-0.107625,-2.003304,4.267631,4.139632,-5.189065,7680
36.94,61.55606,0,0,2.182668,2.118189,0.2587874,-1.840612,4.267631,4.143214,-5.089309,7696
36.96,61.17845,0,0,2.185799,2.126888,0.1671843,-1.761824,4.267631,4.144372,-5.05934,7688
36.98,60.92126,0,0,2.17966,2.12788,-0.0007547362,-1.733594,4.267631,4.14317,-5.088418,7668
37,60.79892,0,0,2.184753,2.131363,0.3198562,-1.755419,4.267631,4.143407,-5.069846,7704
37.02,66.74597,0,0,2.183036,2.134241,0.04504682,-1.772715,4.335111,4.197596,-4.844496,7684
37.04,66.44493,0,0,2.180526,2.137869,0.1977187,-1.176481,4.335111,4.211657,-4.832479,7692
37.06,58.83591,0,0,2.190145,2.150755,0.2282531,-0.8442708,4.267631,4.161092,-5.055623,7704
37.08,57.66296,0,0,2.195208,2.158268,0.1519171,-1.412397,4.267631,4.145859,-5.130919,7704
37.1,64.30261,0,0,2.194798,2.153987,0.2129859,-1.905586,4.335111,4.195014,-4.956218,7708
37.12,58.9351,0,0,2.19463,2.146149,0.1213828,-1.566576,4.267631,4.153704,-5.189377,7688
37.14,52.37941,0,0,2.202418,2.145927,0.1213828,-1.909093,4.20015,4.088878,-5.435421,7696
37.16,65.35007,0,0,2.194158,2.137044,0.09084838,-2.765387,4.335111,4.179424,-5.034585,7676
37.18,61.11914,0,0,2.186719,2.122351,0.02977964,-2.005082,4.267631,4.149988,-5.213292,7688
37.2,66.29466,0,0,2.188754,2.129655,-0.1686933,-1.920426,4.335111,4.198293,-4.936818,7700
37.22,65.82253,0,0,2.203846,2.146002,0.1213828,-1.384891,4.335111,4.213676,-4.831368,7688
37.24,58.48256,0,0,2.168252,2.137676,0.304589,-0.9888399,4.267631,4.156126,-5.247372,7680
37.26,63.70097,0,0,2.198894,2.155305,1.342757,-1.5443,4.335111,4.199279,-4.926516,7680
37.28,64.94392,0,0,2.090189,2.096603,-0.6114421,-1.089423,4.335111,4.193765,-5.390502,7656
37.3,65.35732,0,0,2.131736,2.104818,-0.8099151,-0.7542763,4.335111,4.202739,-5.110043,7684
37.32,58.7173,0,0,2.153797,2.123178,-0.6114421,-0.5595151,4.267631,4.154547,-5.215403,7676
37.34,64.46921,0,0,2.119761,2.112748,-0.4282355,-1.007325,4.335111,4.189789,-5.159849,7676
37.36,59.77771,0,0,2.098656,2.091119,-0.2908313,-0.6667153,4.267631,4.142793,-5.430308,7664
37.38,66.12459,0,0,2.104492,2.090991,0.4419934,-0.9162014,4.335111,4.187879,-5.121829,7676
37.4,66.73164,0,0,2.126419,2.10397,-0.4129688,-0.500764,4.335111,4.204938,-4.94497,7668
37.42,59.54303,0,0,2.149973,2.126307,0.6557342,-0.239111,4.267631,4.157812,-5.071794,7664
37.44,52.67171,0,0,2.131997,2.121091,0.2740546,-0.7568375,4.20015,4.085305,-5.467441,7672
37.46,65.99019,0,0,2.132287,2.112004,0.3961921,-1.783919,4.335111,4.17501,-5.036891,7672
37.48,67.86852,0,0,2.155522,2.1148,0.04504682,-1.181631,4.335111,4.204768,-4.847309,7672
37.5,66.37129,0,0,2.180329,2.14051,0.7626044,-0.66044,4.335111,4.216466,-4.721955,7680
37.52,64.66414,0,0,2.148335,2.139743,0.1366499,-0.3852682,4.335111,4.212045,-4.917635,7680
37.54,57.8266,0,0,2.135792,2.132429,-0.03128911,-0.3460017,4.267631,4.152802,-5.263019,7680
37.56,57.73706,0,0,2.153021,2.134793,0.2282531,-1.05755,4.267631,4.138866,-5.254023,7692
37.58,59.00883,0,0,2.15578,2.125999,0.06031401,-1.549467,4.267631,4.135464,-5.268054,7660
37.6,54.28355,0,0,2.150226,2.10976,-0.03128911,-1.735855,4.20015,4.08008,-5.516603,7692
37.62,61.64273,0,0,2.136395,2.092474,0.07558119,-2.287119,4.267631,4.119638,-5.313333,7688
37.64,63.51358,0,0,2.140785,2.084991,-0.0007547362,-1.91479,4.267631,4.134228,-5.176141,7676
37.66,57.33102,0,0,2.159421,2.096971,-0.0007547362,-1.53212,4.20015,4.088317,-5.249631,7692
37.68,62.80064,0,0,2.165228,2.109628,0.1671843,-1.917015,4.267631,4.13122,-4.986736,7680
37.7,63.32446,0,0,2.159309,2.109234,-0.04655629,-1.607922,4.267631,4.141747,-4.977184,7676
37.72,62.74387,0,0,2.158237,2.113719,0.09084838,-1.345739,4.267631,4.144408,-4.967694,7680
37.74,67.98253,0,0,2.170886,2.129115,0.1671843,-1.260668,4.335111,4.201134,-4.682649,7688
37.76,60.98958,0,0,2.173352,2.138549,0.04504682,-0.6928352,4.267631,4.160599,-4.923889,7660
37.78,65.39438,0,0,2.170228,2.147146,0.3198562,-1.011338,4.335111,4.201501,-4.789331,7696
37.8,59.22556,0,0,2.16583,2.143053,-0.03128911,-0.7753722,4.267631,4.155588,-5.089469,7668
37.82,64.4738,0,0,2.182045,2.152499,0.2435202,-1.280541,4.335111,4.199116,-4.859159,7700
37.84,64.59685,0,0,2.195609,2.159375,0.1977187,-1.127807,4.335111,4.21172,-4.83275,7672
37.86,63.68361,0,0,2.187639,2.159879,0.1366499,-0.9943969,4.335111,4.212236,-4.92416,7672
37.88,56.99861,0,0,2.17954,2.15386,0.2893218,-0.9821736,4.267631,4.155097,-5.256034,7668
37.9,62.92439,0,0,2.189094,2.15502,0.304589,-1.669251,4.335111,4.195065,-5.046388,7684
37.92,63.92058,0,0,2.189749,2.149186,0.1824515,-1.529777,4.335111,4.20602,-5.039648,7672
37.94,57.68857,0,0,2.180092,2.14143,0.1671843,-1.313159,4.267631,4.152987,-5.321155,7676
37.96,51.58392,0,0,2.18312,2.136127,0.1824515,-1.81133,4.20015,4.08456,-5.57855,7664
37.98,59.12712,0,0,2.180735,2.123584,0.2435202,-2.746174,4.267631,4.12121,-5.367023,7672
38,67.45123,0,0,2.191373,2.118398,-0.09235785,-2.624046,4.335111,4.190057,-4.990164,7688
38.02,61.64848,0,0,2.173792,2.111685,-0.1381594,-1.654808,4.267631,4.153287,-5.198209,7664
38.04,66.47838,0,0,2.160288,2.115679,0.1824515,-1.549499,4.335111,4.196713,-4.988928,7676
38.06,66.12099,0,0,2.178129,2.132377,0.5335966,-1.041534,4.335111,4.211493,-4.86018,7668
38.08,58.69106,0,0,2.171053,2.139767,0.1366499,-0.7319253,4.267631,4.158242,-5.147919,7672
38.1,57.88315,0,0,2.170744,2.141973,-0.1992282,-1.279773,4.267631,4.142123,-5.222062,7676
38.12,58.75264,0,0,2.177421,2.137323,0.304589,-1.746261,4.267631,4.138307,-5.227548,7688
38.14,59.86511,0,0,2.165005,2.121876,0.1213828,-1.932719,4.267631,4.135978,-5.278836,7704
38.16,60.79817,0,0,2.162245,2.112228,0.01451245,-1.930684,4.267631,4.13664,-5.249776,7680
38.18,67.209,0,0,2.178952,2.121509,0.2893218,-1.871417,4.335111,4.195628,-4.887424,7708
38.2,60.83362,0,0,2.18174,2.129366,0.1213828,-1.200282,4.267631,4.157464,-5.065069,7664
38.22,59.48737,0,0,2.174645,2.134478,0.5335966,-1.381508,4.267631,4.144854,-5.135912,7704
38.24,53.14627,0,0,2.237352,2.164649,2.945811,-1.821884,4.20015,4.095257,-5.145845,7684
38.26,59.47906,0,0,2.200536,2.147361,-0.9015187,-2.659786,4.267631,4.128253,-5.170967,7680
38.28,55.1969,0,0,2.204661,2.131228,-0.7335792,-2.588572,4.20015,4.08421,-5.368442,7680
38.3,62.02687,0,0,2.169047,2.106122,-0.3060985,-2.862691,4.267631,4.123243,-5.267428,7688
38.32,63.50909,0,0,2.163745,2.094082,-0.8099151,-2.329359,4.267631,4.136335,-5.172762,7696
38.34,63.27446,0,0,2.162144,2.098152,0.06031401,-1.814348,4.267631,4.141935,-5.085896,7688
38.36,56.55421,0,0,2.16334,2.10562,-0.4893047,-1.505497,4.20015,4.089507,-5.272206,7712
38.38,56.07506,0,0,2.178934,2.117436,-0.04655629,-2.025971,4.20015,4.077243,-5.224343,7672
38.4,63.07329,0,0,2.170875,2.112077,0.07558119,-2.396895,4.267631,4.127094,-5.024052,7676
38.42,69.87743,0,0,2.173351,2.113483,-0.03128911,-1.934324,4.335111,4.196757,-4.712947,7684
38.44,62.6118,0,0,2.1881,2.13143,0.2129859,-0.9852419,4.267631,4.163255,-4.840837,7684
38.46,60.19365,0,0,2.187444,2.147703,0.1824515,-1.093361,4.267631,4.151485,-4.92288,7676
38.48,53.51462,0,0,2.197572,2.153182,0.3809245,-1.451222,4.20015,4.092515,-5.20798,7684
38.5,59.80632,0,0,2.203568,2.151018,0.1366499,-2.378814,4.267631,4.130437,-5.045276,7688
38.52,61.27385,0,0,2.202358,2.139279,0.06031401,-2.356233,4.267631,4.140603,-5.055206,7684
38.54,61.48581,0,0,2.185825,2.126796,0.07558119,-2.142195,4.267631,4.141597,-5.115377,7700
38.56,67.39896,0,0,2.186671,2.128803,0.1519171,-1.969574,4.335111,4.197654,-4.847727,7704
38.58,60.7668,0,0,2.195869,2.138713,0.2740546,-1.288626,4.267631,4.159648,-5.010724,7708
38.6,65.16034,0,0,2.198368,2.152797,0.1213828,-1.510823,4.335111,4.202792,-4.818547,7684
38.62,64.65411,0,0,2.215549,2.167369,0.6404669,-1.267805,4.335111,4.215338,-4.774979,7680
38.64,51.29893,0,0,2.210804,2.167812,-0.04655629,-1.162216,4.20015,4.106137,-5.351187,7684
38.66,57.02258,0,0,2.205581,2.15993,0.01451245,-2.423535,4.267631,4.128552,-5.268274,7712
38.68,59.37851,0,0,2.210594,2.143827,0.1671843,-2.695968,4.267631,4.136164,-5.243752,7700
38.7,66.40334,0,0,2.204221,2.134308,-0.04655629,-2.608956,4.335111,4.193716,-4.992837,7696
38.72,66.55562,0,0,2.191579,2.129973,-0.01602192,-1.800861,4.335111,4.208963,-4.967974,7680
38.74,59.14078,0,0,2.19279,2.138871,0.1519171,-1.254739,4.267631,4.15893,-5.17047,7680
38.76,58.064,0,0,2.189736,2.143968,0.04504682,-1.636115,4.267631,4.143761,-5.22968,7676
38.78,52.71588,0,0,2.188122,2.1354,0.1824515,-2.002857,4.20015,4.084254,-5.49903,7680
38.8,60.02197,0,0,2.18096,2.12148,0.1519171,-2.759047,4.267631,4.122618,-5.303953,7688
38.82,68.14291,0,0,2.171624,2.107239,-0.4129688,-2.485607,4.335111,4.188892,-5.011553,7664
38.84,61.90666,0,0,2.201627,2.12571,0.3961921,-1.565585,4.267631,4.159044,-5.008495,7676
38.86,65.94484,0,0,2.20199,2.146158,0.4114593,-1.585292,4.335111,4.20436,-4.792103,7676
38.88,59.24197,0,0,2.191183,2.147718,-0.1534266,-1.173549,4.267631,4.158369,-5.095258,7676
38.9,58.25377,0,0,2.191675,2.150154,0.1977187,-1.579891,4.267631,4.144535,-5.163443,7676
38.92,58.81386,0,0,2.19277,2.144542,0.1824515,-1.954896,4.267631,4.140306,-5.198682,7676
38.94,65.63193,0,0,2.190344,2.138376,-0.04655629,-2.133142,4.335111,4.193875,-4.974136,7668
38.96,65.94577,0,0,2.190705,2.1382,0.09084838,-1.560511,4.335111,4.209296,-4.925723,7668
38.98,58.76151,0,0,2.185955,2.141745,0.1061156,-1.140045,4.267631,4.157811,-5.180933,7684
39,63.95602,0,0,2.182937,2.14581,0.04504682,-1.573857,4.335111,4.197097,-5.006145,7680
39.02,481.84,-6,0,2.18391,2.144778,0.1519171,-1.341532,4.335111,4.207617,-4.993184,7696
39.04,371.639,-6,0,2.174325,2.594247,0.1366499,41.46624,4.267631,4.161713,-4.039694,7684
39.06,289.9645,-6,0,2.379867,3.485077,17.15956,58.11109,4.267631,4.158857,-2.0453,7680
39.08,228.4276,-6,0,3.255763,4.525195,45.63285,58.1548,4.267631,4.205491,0.2939919,7676
39.1,150.686,-6,0,4.215879,5.403203,54.74736,48.8367,3.93023,3.966121,-0.1649122,7664
39.12,143.5013,-6,0,5.464715,6.244074,59.48018,30.94496,4.267631,4.228406,1.729322,7692
39.14,126.4361,-6,0,6.114878,6.637631,29.22063,16.13566,4.335111,4.314087,-0.2452773,7656
39.16,16.37506,-6,0,6.062483,6.455189,-4.764115,4.403563,3.25543,3.343947,-8.937222,7660
39.18,51.01312,-6,0,5.913414,6.039467,-7.802285,-14.06792,3.592831,3.276294,-12.11827,7736
39.2,151.547,-6,0,5.414443,5.357508,-27.1916,-21.27048,4.335111,3.786687,-12.96185,7696
39.22,93.91153,-6,0,4.408991,4.44241,-51.57329,-12.92754,3.32291,3.004376,-19.96321,7656
39.24,48.32391,-6,0,3.842348,3.829319,-19.20687,-11.33526,2.58063,2.189819,-23.29122,7708
39.26,109.2127,-6,0,3.946948,3.662854,-1.680145,-14.90104,2.918031,2.347774,-19.26065,7772
39.28,172.5114,-6,0,3.612418,3.423222,-16.62671,-10.06503,3.25543,2.685289,-16.65334,7740
39.3,134.9758,-6,0,3.357752,3.291551,-9.161062,0.3307941,2.64811,2.313887,-16.92658,7716
39.32,166.6602,-6,0,3.409027,3.428348,5.419095,3.415493,2.985511,2.544092,-13.37825,7776
39.34,71.23099,-6,0,3.844483,3.755987,21.54124,7.326956,1.90583,1.821598,-13.71322,7744
39.36,101.01,-6,0,4.047158,4.012797,10.16719,-0.3685035,2.31071,1.975986,-11.3765,7792
39.38,44.74487,-6,0,4.349701,4.152536,10.97635,-3.487692,1.568431,1.453941,-12.55289,7776
39.4,84.10016,-6,0,3.956191,3.914812,-22.26031,-10.18199,1.90583,1.520477,-13.35239,7820
39.42,173.1058,-6,0,3.859799,3.724665,-0.5809073,-10.22935,2.64811,2.154746,-10.26803,7796
39.44,88.75385,-6,0,3.466728,3.449975,-24.73359,-0.1751487,1.568431,1.427786,-14.29545,7764
39.46,118.7,-6,0,3.130934,3.271375,-2.550374,-0.9327809,1.90583,1.4874,-13.64412,7816
39.48,75.93726,-6,0,3.631606,3.468201,20.31986,0.2168963,1.298511,1.124291,-12.24897,7812
39.5,73.16064,-6,0,3.48973,3.455156,-10.85572,-3.020696,1.23103,0.9559528,-12.67626,7820
39.52,32.06042,-6,0,3.518977,3.390418,7.190088,-5.585199,0.6237106,0.4376371,-14.08812,7852
39.54,71.82208,-6,0,3.422713,3.257043,-8.15343,-11.12922,0.89363,0.5229397,-12.99468,7896
39.56,137.2598,-6,0,3.217111,3.055912,-10.82519,-10.12306,1.365991,0.9324247,-10.93683,7860
39.58,60.57529,-6,0,2.869537,2.806499,-19.39007,-1.865778,0.3537903,0.2120615,-14.29754,7840
39.6,82.55481,-6,0,2.729978,2.719947,-1.680145,-3.611775,0.5562305,0.1991822,-13.01391,7912
39.62,97.84198,-6,0,2.937514,2.795548,7.739706,-3.085541,0.5562305,0.2634564,-10.64662,7892
39.64,141.6736,-6,0,2.779469,2.778593,-6.535108,-0.7272113,0.9611101,0.6059196,-8.7503,7888
39.66,142.981,-6,0,2.858186,2.887514,3.922911,5.075146,0.9611101,0.7297726,-7.250914,7868
39.68,43.17303,-6,0,2.856839,2.980043,2.212986,8.949313,-0.05108929,-0.05573055,-10.36531,7872
39.7,29.36511,-6,0,3.232916,3.21401,19.25116,0.3400124,-0.1185694,-0.2751482,-9.444164,7936
39.72,40.75662,-6,0,3.394289,3.251365,4.915277,-7.332454,-0.1185694,-0.3231964,-9.187829,7932
39.74,88.01315,-6,0,3.039789,2.971037,-21.17634,-10.28518,0.2188301,-0.1145846,-9.531405,7920
39.76,135.9728,-6,0,2.624666,2.633019,-17.43587,-6.171167,0.5562305,0.1840057,-9.152693,7908
39.78,59.87445,-6,0,2.316004,2.389416,-16.29084,2.334077,-0.3884897,-0.5043878,-12.32255,7888
39.8,48.97345,-6,0,2.232443,2.325233,0.8389403,0.6214032,-0.5234499,-0.7777657,-12.20655,7952
39.82,73.02386,-6,0,2.674443,2.522394,19.12902,-2.810875,-0.3884897,-0.6469857,-8.80635,7960
39.84,106.535,-6,0,2.608074,2.54147,-7.115261,-2.519804,-0.1185694,-0.3943355,-7.411054,7944
39.86,117.5187,-6,0,2.353016,2.440572,-5.87862,1.78258,-0.05108929,-0.2981894,-7.475858,7936
39.88,121.0256,-6,0,2.421725,2.519571,2.319857,5.618171,0.0163908,-0.1909964,-6.1919,7952
39.9,17.4682,-6,0,2.521215,2.623558,8.075583,8.126106,-1.06329,-1.021316,-9.293333,7932
39.92,126.5267,-6,0,2.747,2.811977,9.17482,-1.235267,0.2188301,-0.1834137,-4.350091,7996
39.94,52.06427,-6,0,2.862445,2.839911,1.92291,3.084952,-0.7258892,-0.7123057,-6.971168,7900
39.96,45.461,-6,0,2.551933,2.691926,-18.87099,-0.7180707,-0.7258892,-0.9127477,-8.889276,7956
39.98,84.45877,-6,0,2.90201,2.779152,17.02215,-4.811934,-0.3884897,-0.6308873,-6.14671,7968
40,91.21664,-6,0,2.772079,2.704907,-8.077094,-3.26184,-0.3884897,-0.5728629,-6.533004,7948
40.02,123.2099,-6,0,2.409398,2.517665,-17.13053,-0.4726328,-0.05108929,-0.3314879,-6.616858,7948
40.04,31.87958,-6,0,2.587093,2.56686,7.678637,4.107764,-1.06329,-1.042161,-8.809049,7932
40.06,56.53271,-6,0,2.572713,2.600846,1.159551,-2.029114,-0.7258892,-0.9651932,-7.974311,7976
40.08,67.30255,-6,0,2.824417,2.676625,9.617569,-4.3371,-0.7258892,-0.902347,-6.697361,7992
40.1,72.85413,-6,0,2.589328,2.547498,-16.1229,-4.1556,-0.7258892,-0.9203793,-7.598605,7960
40.12,-9.142029,-6,0,2.146897,2.214377,-10.18396,-2.279338,-1.738089,-1.798215,-12.65923,7972
40.14,121.9147,-6,0,2.376975,2.244015,7.434362,-9.716612,-0.3884897,-0.8742324,-6.361868,8028
40.16,134.7007,-6,0,2.230362,2.150972,-9.374804,-1.008003,-0.4559698,-0.6744037,-5.767444,7948
40.18,120.6597,-6,0,1.95533,2.106547,-12.91679,6.891948,-0.5234499,-0.6984999,-6.222973,7932
40.2,112.3232,-6,0,2.483858,2.502358,28.77788,9.286343,-0.4559698,-0.5628211,-3.216896,7952
40.22,10.62408,-6,0,2.844335,2.849288,16.59467,8.79624,-1.40069,-1.267889,-5.580368,7948
40.24,-2.241577,-6,0,3.183743,3.092072,18.51834,-2.907698,-1.40069,-1.452702,-5.796347,7996
40.26,30.83301,-6,0,3.403454,3.125366,8.121386,-12.69668,-1.13077,-1.28383,-5.24571,8008
40.28,51.27744,-6,0,3.051207,2.812101,-20.70305,-14.9013,-1.06329,-1.248332,-7.15518,7992
40.3,97.65408,-6,0,2.203665,2.210517,-44.871,-11.7878,-0.7258892,-1.071773,-9.255154,7984
40.32,107.872,-6,0,1.759748,1.808406,-4.672512,-3.554199,-0.7933693,-1.087407,-9.74579,7956
40.34,27.61658,-6,0,1.756239,1.749282,-6.47404,3.051963,-1.738089,-1.803269,-11.33165,7956
40.36,35.27692,-6,0,1.785174,1.79723,11.11375,-0.7097037,-1.670609,-1.910174,-10.06374,8004
40.38,42.0625,-6,0,2.204149,1.997804,17.5107,-3.625187,-1.738089,-1.909688,-7.542791,8036
40.4,43.94922,-6,0,2.158938,2.010906,-6.748848,-4.829293,-1.805569,-1.966427,-7.454065,8032
40.42,89.51965,-6,0,1.827317,1.833627,-15.48168,-4.477422,-1.40069,-1.692608,-6.86695,8044
40.44,90.60364,-6,0,1.937166,1.862844,3.999247,0.1288042,-1.46817,-1.629768,-5.5439,8020
40.46,92.98572,-6,0,1.759092,1.853455,-10.09236,3.805816,-1.40069,-1.574576,-5.445755,7968
40.48,87.95007,-6,0,1.916992,1.998736,12.80841,6.063361,-1.40069,-1.529464,-4.31339,8012
40.5,79.75067,-6,0,2.10733,2.194275,7.220622,6.473401,-1.40069,-1.497124,-3.529005,8036
40.52,71.31314,-6,0,2.269562,2.361219,9.022148,5.388589,-1.40069,-1.483611,-3.295632,8008
40.54,63.98596,-6,0,2.467436,2.512046,7.754973,3.192277,-1.40069,-1.473245,-3.16591,8016
40.56,58.43066,-6,0,2.584673,2.594276,6.671003,0.5973846,-1.40069,-1.477228,-3.530512,8000
40.58,55.35239,-6,0,2.639582,2.609626,0.6251997,-1.884474,-1.40069,-1.490347,-4.127043,8008
40.6,48.96701,-6,0,2.607051,2.550935,-0.6572433,-3.776526,-1.46817,-1.566855,-5.168827,8004
40.62,57.10046,-6,0,2.551739,2.463965,-3.603809,-5.504919,-1.40069,-1.545527,-5.581273,8012
40.64,61.42758,-6,0,2.459134,2.356021,-4.90152,-5.5441,-1.40069,-1.550252,-6.051643,8016
40.66,64.64828,-6,0,2.38078,2.272421,-4.031291,-4.872975,-1.40069,-1.554808,-6.239856,8008
40.68,67.02994,-6,0,2.319916,2.21911,-3.420603,-3.897124,-1.40069,-1.555589,-6.233564,8016
40.7,74.21957,-6,0,2.319389,2.218697,0.3809245,-2.97618,-1.33321,-1.492699,-5.699038,8004
40.72,61.87854,-6,0,2.319699,2.233262,-0.1228922,-1.646031,-1.46817,-1.580578,-5.929596,8016
40.74,66.19238,-6,0,2.344743,2.268517,1.510696,-2.076756,-1.40069,-1.545202,-5.524483,8028
40.76,60.61157,-6,0,2.355363,2.281987,0.1061156,-1.975545,-1.46817,-1.589538,-5.668467,8012
40.78,72.50381,-6,0,2.355178,2.290748,0.2282531,-2.464891,-1.33321,-1.492959,-5.20631,8020
40.8,72.98196,-6,0,2.357562,2.29632,-0.596175,-1.597154,-1.33321,-1.466325,-5.12994,8024
40.82,64.93536,-6,0,2.353584,2.307242,0.6099325,-0.9678289,-1.40069,-1.515509,-5.393995,8016
40.84,63.1427,-6,0,2.371542,2.325523,0.4572606,-1.417507,-1.40069,-1.528465,-5.408551,8036
40.86,63.04181,-6,0,2.390297,2.334606,1.251154,-1.958322,-1.40069,-1.531603,-5.419452,8044
40.88,57.42224,-6,0,2.388301,2.325358,-0.5351062,-2.333445,-1.46817,-1.589149,-5.743189,8032
40.9,64.21411,-6,0,2.396704,2.319306,0.6099325,-3.166359,-1.40069,-1.548965,-5.531976,8020
40.92,59.91357,-6,0,2.381427,2.297246,-0.2602969,-2.995242,-1.46817,-1.594033,-5.807253,8020
40.94,66.44946,-6,0,2.381482,2.291253,0.2435202,-3.302003,-1.40069,-1.549631,-5.544622,8024
40.96,67.3898,-6,0,2.381452,2.288888,0.1061156,-2.842181,-1.40069,-1.53579,-5.462971,8024
40.98,72.6601,-6,0,2.396383,2.307199,0.3351234,-2.47493,-1.33321,-1.474344,-5.113085,8028
41,65.38385,-6,0,2.384235,2.314201,0.1366499,-1.675879,-1.40069,-1.51545,-5.386572,8024
41.02,63.33746,-6,0,2.408209,2.337531,1.510696,-1.949747,-1.40069,-1.52499,-5.356886,8032
41.04,68.85855,-6,0,2.417137,2.348617,-0.4282355,-2.367346,-1.33321,-1.474338,-5.17048,8016
41.06,62.64948,-6,0,2.418794,2.348063,0.6099325,-2.102371,-1.40069,-1.517037,-5.45359,8008
41.08,55.68384,-6,0,2.424922,2.347818,-0.3060985,-2.57793,-1.46817,-1.584122,-5.766079,8028
41.1,62.43158,-6,0,2.431886,2.341934,0.6251997,-3.613449,-1.40069,-1.547562,-5.58914,8008
41.12,64.46194,-6,0,2.415983,2.319255,-1.099992,-3.574043,-1.40069,-1.539205,-5.63894,8012
41.14,76.92975,-6,0,2.42676,2.32429,1.067948,-3.351404,-1.26573,-1.42388,-5.061424,8008
41.16,70.12555,-6,0,2.417573,2.330608,-0.3824344,-1.923416,-1.33321,-1.448289,-5.2567,8024
41.18,60.95953,-6,0,2.428129,2.353501,1.11375,-1.69878,-1.40069,-1.509933,-5.504871,8012
41.2,59.49536,-6,0,2.460203,2.377153,1.510696,-2.575471,-1.40069,-1.525216,-5.500092,8012
41.22,60.29346,-6,0,2.439142,2.359641,-0.4129688,-3.258548,-1.40069,-1.535433,-5.702259,8008
41.24,61.76642,-6,0,2.43309,2.339074,0.2893218,-3.609877,-1.40069,-1.538584,-5.754336,8016
41.26,63.10693,-6,0,2.419101,2.318767,-0.1992282,-3.648077,-1.40069,-1.539563,-5.782039,8012
41.28,63.99207,-6,0,2.419821,2.311713,0.1824515,-3.531892,-1.40069,-1.537227,-5.711736,8028
41.3,64.35989,-6,0,2.41995,2.311685,0.01451245,-3.362126,-1.40069,-1.534839,-5.646978,8004
41.32,64.34952,-6,0,2.426055,2.318186,0.09084838,-3.228403,-1.40069,-1.532352,-5.573684,8036
41.34,64.20108,-6,0,2.422195,2.320801,0.2893218,-3.131739,-1.40069,-1.532155,-5.566878,8012
41.36,57.97839,-6,0,2.434232,2.327096,0.1061156,-3.122982,-1.46817,-1.58499,-5.744983,8032
41.38,64.13477,-6,0,2.427076,2.324257,0.1061156,-3.723099,-1.40069,-1.546157,-5.570441,8032
41.4,59.51514,-6,0,2.407347,2.304264,0.06031401,-3.44976,-1.46817,-1.592341,-5.847198,8028
41.42,66.07938,-6,0,2.387996,2.289709,-0.8557167,-3.667147,-1.40069,-1.55107,-5.653843,8040
41.44,67.18216,-6,0,2.392457,2.287985,0.7778715,-3.154057,-1.40069,-1.536501,-5.523796,8016
41.46,72.71985,-6,0,2.382054,2.293481,-0.3519,-2.664153,-1.33321,-1.478137,-5.25686,8016
41.48,71.62897,-6,0,2.387741,2.310534,0.5946653,-1.794869,-1.33321,-1.461303,-5.168665,8028
41.5,63.61224,-6,0,2.357465,2.310258,0.1671843,-1.254114,-1.40069,-1.517823,-5.557003,8016
41.52,62.33856,-6,0,2.381833,2.3264,0.9610775,-1.773379,-1.40069,-1.530852,-5.520731,8024
41.54,62.6554,-6,0,2.396553,2.331773,-0.2297625,-2.295753,-1.40069,-1.53381,-5.52184,8020
41.56,57.18201,-6,0,2.407894,2.329184,0.1824515,-2.651951,-1.46817,-1.58854,-5.760302,8016
41.58,64.09235,-6,0,2.39309,2.313289,-0.09235785,-3.39499,-1.40069,-1.551107,-5.636178,8020
41.6,65.88257,-6,0,2.394219,2.300983,-0.2297625,-3.187788,-1.40069,-1.538843,-5.571499,8020
41.62,66.0834,-6,0,2.381986,2.293984,0.07558119,-2.829456,-1.40069,-1.535631,-5.565571,8016
41.64,65.66443,-6,0,2.401591,2.308057,-0.09235785,-2.622167,-1.40069,-1.530741,-5.437298,8036
41.66,65.11105,-6,0,2.391933,2.311217,0.3656577,-2.50461,-1.40069,-1.531576,-5.478384,8016
41.68,64.78,-6,0,2.392629,2.314285,-0.2144953,-2.485437,-1.40069,-1.532189,-5.482389,8020
41.7,64.53302,-6,0,2.402438,2.320987,0.1671843,-2.534781,-1.40069,-1.531327,-5.453594,8020
41.72,58.39703,-6,0,2.395511,2.31584,0.1213828,-2.582131,-1.46817,-1.587592,-5.746961,8020
41.74,64.74307,-6,0,2.396862,2.312361,0.07558119,-3.230474,-1.40069,-1.547983,-5.53981,8020
41.76,59.96765,-6,0,2.404661,2.306807,0.2129859,-3.046766,-1.46817,-1.589815,-5.706806,8016
41.78,72.14865,-6,0,2.390893,2.302345,-0.5351062,-3.354655,-1.33321,-1.493178,-5.286692,8016
41.8,66.58908,-6,0,2.403107,2.308383,0.3961921,-2.36535,-1.40069,-1.518573,-5.381701,8036
41.82,64.71875,-6,0,2.388617,2.314246,-0.3519,-2.230599,-1.40069,-1.52853,-5.467337,8024
41.84,63.97107,-6,0,2.421066,2.335347,1.678635,-2.423067,-1.40069,-1.527437,-5.36149,8032
41.86,63.67245,-6,0,2.406965,2.332088,-0.7335792,-2.595836,-1.40069,-1.531384,-5.483781,8020
41.88,57.66425,-6,0,2.421159,2.332723,0.5793981,-2.786128,-1.46817,-1.585722,-5.702312,8020
41.9,64.16699,-6,0,2.404098,2.319046,-0.4129688,-3.46767,-1.40069,-1.548857,-5.594683,8012
41.92,65.76883,-6,0,2.398875,2.304713,-0.3824344,-3.243909,-1.40069,-1.538099,-5.567897,8012
41.94,65.86005,-6,0,2.396124,2.302298,0.6099325,-2.919388,-1.40069,-1.533934,-5.527317,8008
41.96,71.45718,-6,0,2.400757,2.312104,-0.1992282,-2.699524,-1.33321,-1.476744,-5.23382,8024
41.98,70.57092,-6,0,2.40952,2.328271,0.4877952,-2.014596,-1.33321,-1.460422,-5.164931,8012
42,62.59586,-6,0,2.400117,2.336441,0.2435202,-1.634135,-1.40069,-1.514285,-5.487389,8016
42.02,61.45465,-6,0,2.396993,2.338008,-0.0007547362,-2.18259,-1.40069,-1.531613,-5.599156,8028
42.04,56.13144,-6,0,2.408034,2.332292,0.3961921,-2.701525,-1.46817,-1.59023,-5.848621,8020
42.06,63.04309,-6,0,2.447004,2.34269,-0.04655629,-3.686798,-1.40069,-1.545509,-5.496998,8012
42.08,65.36414,-6,0,2.343006,2.278291,-1.939687,-3.357275,-1.40069,-1.548792,-5.91785,8008
42.1,78.55176,-6,0,2.361738,2.27629,1.067948,-2.918112,-1.26573,-1.432066,-5.215638,8016
42.12,65.93958,-6,0,2.36642,2.28885,0.9000088,-1.314641,-1.40069,-1.506591,-5.515354,8040
42.14,62.67303,-6,0,2.406221,2.33225,1.159551,-1.638295,-1.40069,-1.52234,-5.391033,8032
42.16,62.02655,-6,0,2.416285,2.347395,1.892376,-2.229227,-1.40069,-1.528932,-5.448026,8012
42.18,62.50977,-6,0,2.398751,2.333616,-0.8862511,-2.645668,-1.40069,-1.535633,-5.604011,8032
42.2,63.39893,-6,0,2.397032,2.320919,-0.3519,-2.864609,-1.40069,-1.53735,-5.631876,8024
42.22,64.10538,-6,0,2.398719,2.314065,-0.519839,-2.920474,-1.40069,-1.536446,-5.611258,8024
42.24,70.58829,-6,0,2.388117,2.308068,0.1824515,-2.84771,-1.33321,-1.482106,-5.389539,8028
42.26,70.55359,-6,0,2.387931,2.311424,0.5946653,-2.140117,-1.33321,-1.466355,-5.324862,8044
42.28,69.09308,-6,0,2.384359,2.321831,0.2435202,-1.66335,-1.33321,-1.463027,-5.329156,8032
42.3,61.63376,-6,0,2.396407,2.336068,0.5946653,-1.537374,-1.40069,-1.516546,-5.551738,8024
42.32,66.84549,-6,0,2.406274,2.346591,0.1366499,-2.235489,-1.33321,-1.477118,-5.365634,8016
42.34,61.45013,-6,0,2.406184,2.340328,-0.2144953,-2.183455,-1.40069,-1.522451,-5.639277,8012
42.36,61.50342,-6,0,2.388814,2.32504,0.2129859,-2.644327,-1.40069,-1.537812,-5.770058,8032
42.38,62.72705,-6,0,2.399581,2.317845,0.1213828,-2.970395,-1.40069,-1.539123,-5.71628,8016
42.4,69.69507,-6,0,2.405082,2.316851,0.02977964,-3.070114,-1.33321,-1.482616,-5.420964,8016
42.42,57.85028,-6,0,2.410045,2.316872,0.2435202,-2.456933,-1.46817,-1.57505,-5.819314,8036
42.44,63.19336,-6,0,2.398757,2.31478,-0.01602192,-3.209369,-1.40069,-1.547404,-5.674672,8012
42.46,64.88483,-6,0,2.39211,2.30236,-0.5809073,-3.1504,-1.40069,-1.539799,-5.653911,8024
42.48,71.22681,-6,0,2.406951,2.310938,0.5946653,-2.970196,-1.33321,-1.479084,-5.291855,8008
42.5,64.56546,-6,0,2.416562,2.324162,-0.4740371,-2.244235,-1.40069,-1.515777,-5.439603,8020
42.52,62.95831,-6,0,2.40498,2.32951,0.6710012,-2.407414,-1.40069,-1.529202,-5.542528,8012
42.54,63.16797,-6,0,2.387529,2.318108,-0.4893047,-2.632267,-1.40069,-1.536409,-5.651598,8012
42.56,63.78055,-6,0,2.399535,2.31693,0.5335966,-2.790168,-1.40069,-1.5358,-5.594038,8012
42.58,64.22223,-6,0,2.39642,2.312734,0.01451245,-2.82416,-1.40069,-1.535595,-5.595786,8012
42.6,58.39563,-6,0,2.407802,2.314347,0.2740546,-2.838384,-1.46817,-1.587947,-5.770937,8036
42.62,64.86548,-6,0,2.388181,2.302679,0.1061156,-3.377091,-1.40069,-1.550261,-5.634322,8032
42.64,66.29266,-6,0,2.392324,2.296681,0.1061156,-3.088141,-1.40069,-1.537548,-5.542401,8016
42.66,66.22598,-6,0,2.381093,2.293768,-0.4587703,-2.717187,-1.40069,-1.534476,-5.534163,8024
42.68,65.60837,-6,0,2.406734,2.312799,0.1519171,-2.546986,-1.40069,-1.529161,-5.38992,8040
42.7,64.93329,-6,0,2.39595,2.316515,0.1519171,-2.473055,-1.40069,-1.530622,-5.452552,8020
42.72,64.5882,-6,0,2.395456,2.318319,-0.07709067,-2.492262,-1.40069,-1.531888,-5.474542,8024
42.74,64.41837,-6,0,2.400771,2.321377,0.2435202,-2.555647,-1.40069,-1.531931,-5.471204,8036
42.76,64.31952,-6,0,2.402587,2.322408,-0.07709067,-2.62144,-1.40069,-1.532214,-5.484691,8008
42.78,64.26123,-6,0,2.406047,2.323569,0.1061156,-2.685483,-1.40069,-1.532183,-5.48861,8032
42.8,64.28247,-6,0,2.400386,2.319766,0.1366499,-2.718814,-1.40069,-1.533371,-5.528701,8016
42.82,70.36304,-6,0,2.40202,2.321551,0.1061156,-2.735914,-1.33321,-1.478658,-5.285064,8024
42.84,58.04654,-6,0,2.404772,2.321962,0.1824515,-2.152655,-1.46817,-1.572902,-5.730109,8020
42.86,69.05359,-6,0,2.412439,2.332565,0.4419934,-3.019954,-1.33321,-1.488923,-5.297477,8016
42.88,64.21664,-6,0,2.394982,2.318243,-0.4893047,-2.445345,-1.40069,-1.523812,-5.582185,8008
42.9,69.43454,-6,0,2.399031,2.323315,0.6404669,-2.551873,-1.33321,-1.47761,-5.339492,8020
42.92,63.23846,-6,0,2.406811,2.32873,-0.4587703,-2.124593,-1.40069,-1.518854,-5.529968,8020
42.94,62.22974,-6,0,2.409269,2.334443,0.6099325,-2.476078,-1.40069,-1.530882,-5.576655,8012
42.96,68.85168,-6,0,2.385769,2.320203,-0.07709067,-2.742913,-1.33321,-1.483711,-5.469742,8008
42.98,63.4021,-6,0,2.399055,2.319596,0.3503905,-2.288457,-1.40069,-1.522438,-5.606375,8048
43,56.56192,-6,0,2.413039,2.327502,0.1824515,-2.582186,-1.46817,-1.585706,-5.814398,8024
43.02,69.17877,-6,0,2.41416,2.327605,-0.01602192,-3.463995,-1.33321,-1.493973,-5.382741,8028
43.04,64.65881,-6,0,2.40832,2.316625,0.04504682,-2.764457,-1.40069,-1.523809,-5.579657,8032
43.06,57.89484,-6,0,2.38519,2.304308,-0.3824344,-2.693178,-1.46817,-1.589453,-5.914742,8032
43.08,58.29596,-6,0,2.411862,2.310767,0.5488637,-3.399924,-1.46817,-1.602145,-5.804378,8032
43.1,71.89249,-6,0,2.413263,2.309279,0.2435202,-3.823927,-1.33321,-1.495195,-5.296429,8020
43.12,72.65631,-6,0,2.410561,2.310311,-0.5656406,-2.721922,-1.33321,-1.465186,-5.199914,8020
43.14,64.41565,-6,0,2.410167,2.325419,0.4725278,-1.915664,-1.40069,-1.512135,-5.416366,8032
43.16,62.38062,-6,0,2.418071,2.342444,0.3961921,-2.240428,-1.40069,-1.526004,-5.460879,8020
43.18,62.37561,-6,0,2.409595,2.337698,-0.09235785,-2.645912,-1.40069,-1.53323,-5.572145,8020
43.2,63.03479,-6,0,2.40801,2.328451,0.04504682,-2.910727,-1.40069,-1.535743,-5.611733,8024
43.22,63.7215,-6,0,2.404837,2.319328,0.1671843,-3.008235,-1.40069,-1.536249,-5.6248,8036
43.24,64.19437,-6,0,2.405763,2.315256,0.09084838,-3.002794,-1.40069,-1.53527,-5.600417,8008
43.26,64.3653,-6,0,2.412346,2.317816,0.1519171,-2.968014,-1.40069,-1.533296,-5.549907,8012
43.28,70.33914,-6,0,2.413236,2.322951,0.1061156,-2.92469,-1.33321,-1.477797,-5.293964,8024
43.3,63.92615,-6,0,2.413546,2.327139,0.1213828,-2.300143,-1.40069,-1.517611,-5.502177,8012
43.32,62.63831,-6,0,2.409906,2.331928,0.1977187,-2.524601,-1.40069,-1.530097,-5.566904,8020
43.34,62.72229,-6,0,2.426654,2.338631,0.04504682,-2.853259,-1.40069,-1.531779,-5.531054,8012
43.36,62.99142,-6,0,2.433568,2.339939,0.2129859,-3.085774,-1.40069,-1.53195,-5.533666,8016
43.38,63.33621,-6,0,2.423703,2.331425,0.1213828,-3.186583,-1.40069,-1.533846,-5.596181,8024
43.4,63.6633,-6,0,2.426955,2.328532,0.1366499,-3.224809,-1.40069,-1.533359,-5.578601,8012
43.42,63.89853,-6,0,2.420063,2.323209,0.1519171,-3.196801,-1.40069,-1.533839,-5.598611,8016
43.44,64.03607,-6,0,2.422883,2.32334,0.1519171,-3.160115,-1.40069,-1.532947,-5.569175,8008
43.46,64.11154,-6,0,2.416259,2.320425,0.1213828,-3.103186,-1.40069,-1.533411,-5.584131,8016
43.48,64.14624,-6,0,2.41933,2.321986,0.1366499,-3.064987,-1.40069,-1.532661,-5.555238,8024
43.5,64.168,-6,0,2.41314,2.319819,0.09084838,-3.019227,-1.40069,-1.533261,-5.572066,8008
43.52,64.21445,-6,0,2.412506,2.319386,0.1213828,-2.983864,-1.40069,-1.533212,-5.562391,8040
43.54,58.27991,-6,0,2.406366,2.313513,0.06031401,-2.944373,-1.46817,-1.588577,-5.818408,8036
43.56,64.70026,-6,0,2.405026,2.309859,0.04504682,-3.506446,-1.40069,-1.54853,-5.595411,8032
43.58,65.90729,-6,0,2.416173,2.310503,0.06031401,-3.260657,-1.40069,-1.534648,-5.485961,8012
43.6,65.50467,-6,0,2.421836,2.318712,-0.1228922,-2.990556,-1.40069,-1.529576,-5.431042,8012
43.62,64.86063,-6,0,2.414323,2.321715,-0.01602192,-2.833373,-1.40069,-1.529944,-5.465279,8020
43.64,58.64563,-6,0,2.38624,2.306319,0.2129859,-2.722742,-1.46817,-1.589442,-5.833491,8032
43.66,65.05615,-6,0,2.392019,2.303781,0.3351234,-3.282165,-1.40069,-1.549037,-5.576564,8016
43.68,66.34326,-6,0,2.390165,2.29766,-0.4282355,-2.999702,-1.40069,-1.536965,-5.521729,8004
43.7,65.9812,-6,0,2.408599,2.310982,0.4725278,-2.730135,-1.40069,-1.529938,-5.399544,8024
43.72,65.31665,-6,0,2.392624,2.31132,-0.2450293,-2.547445,-1.40069,-1.531224,-5.470352,8012
43.74,64.87042,-6,0,2.397401,2.316482,0.1671843,-2.506487,-1.40069,-1.531258,-5.456542,8028
43.76,64.59692,-6,0,2.396032,2.31803,-0.04655629,-2.522559,-1.40069,-1.532086,-5.479415,8016
43.78,64.43347,-6,0,2.402013,2.321466,0.06031401,-2.578357,-1.40069,-1.531868,-5.470965,8024
43.8,58.39417,-6,0,2.393956,2.314362,0.09084838,-2.617178,-1.46817,-1.588242,-5.765514,8028
43.82,64.90625,-6,0,2.382699,2.303313,0.1213828,-3.214067,-1.40069,-1.550278,-5.603836,8024
43.84,66.34888,-6,0,2.387536,2.297025,-0.01602192,-2.961868,-1.40069,-1.537518,-5.519713,8048
43.86,60.07819,-6,0,2.401121,2.304302,0.3503905,-2.6893,-1.46817,-1.585623,-5.65883,8036
43.88,65.78033,-6,0,2.390494,2.304054,-0.07709067,-3.109071,-1.40069,-1.545962,-5.487737,8028
43.9,66.77237,-6,0,2.368629,2.289307,0.1366499,-2.750354,-1.40069,-1.537833,-5.534154,8028
43.92,66.70029,-6,0,2.355831,2.282818,0.09084838,-2.369406,-1.40069,-1.536064,-5.535268,8020
43.94,66.3197,-6,0,2.361859,2.28968,0.09084838,-2.136963,-1.40069,-1.533674,-5.467351,8048
43.96,65.76636,-6,0,2.373084,2.30208,0.1366499,-2.054338,-1.40069,-1.531534,-5.408748,8040
43.98,65.27167,-6,0,2.373617,2.308135,0.07558119,-2.061456,-1.40069,-1.531928,-5.425345,8040
44,64.99139,-6,0,2.374439,2.310435,0.1213828,-2.120993,-1.40069,-1.53282,-5.447914,8044
44.02,64.9397,-6,0,2.368695,2.306925,0.2129859,-2.174029,-1.40069,-1.534511,-5.495317,8028
44.04,65.02216,-6,0,2.36874,2.304648,0.1366499,-2.213529,-1.40069,-1.534992,-5.504802,8020
44.06,65.08881,-6,0,2.371153,2.304514,0.1671843,-2.237442,-1.40069,-1.534672,-5.497917,8012
44.08,59.13287,-6,0,2.367853,2.299371,0.1977187,-2.243565,-1.46817,-1.589793,-5.755595,8032
44.1,71.52185,-6,0,2.368228,2.299093,-0.0007547362,-2.837191,-1.33321,-1.494986,-5.296911,8016
44.12,72.4494,-6,0,2.370962,2.300044,-0.0007547362,-1.986225,-1.33321,-1.467863,-5.205285,8028
44.14,64.52557,-6,0,2.382159,2.317712,0.5335966,-1.363129,-1.40069,-1.513983,-5.387389,8024
44.16,56.95673,-6,0,2.359137,2.312924,-0.3366328,-1.698714,-1.46817,-1.58713,-5.813384,8020
44.18,63.66315,-6,0,2.373518,2.311236,0.3656577,-2.720847,-1.40069,-1.550682,-5.582105,8036
44.2,65.5119,-6,0,2.38186,2.303957,-0.1686933,-2.745846,-1.40069,-1.538696,-5.520617,8016
44.22,65.7583,-6,0,2.382438,2.302376,0.4419934,-2.57419,-1.40069,-1.53446,-5.491654,8016
44.24,65.62637,-6,0,2.370461,2.297993,-0.1534266,-2.400728,-1.40069,-1.53476,-5.525862,8032
44.26,65.42715,-6,0,2.377436,2.302827,0.1519171,-2.316227,-1.40069,-1.533373,-5.479506,8016
44.28,65.33572,-6,0,2.360177,2.296323,0.09084838,-2.23363,-1.40069,-1.535768,-5.550226,8012
44.3,65.28369,-6,0,2.374407,2.302956,0.2129859,-2.225084,-1.40069,-1.533809,-5.475762,8044
44.32,59.10382,-6,0,2.377572,2.304524,0.2740546,-2.242123,-1.46817,-1.587843,-5.708118,8032
44.34,65.35553,-6,0,2.370232,2.299316,-0.0007547362,-2.852887,-1.40069,-1.549234,-5.537274,8020
44.36,66.67511,-6,0,2.366899,2.290332,0.1213828,-2.615742,-1.40069,-1.538173,-5.503601,8040
44.38,60.58774,-6,0,2.36242,2.286136,-0.1228922,-2.314259,-1.46817,-1.589424,-5.722149,8040
44.4,72.46512,-6,0,2.367142,2.29346,-0.01602192,-2.728529,-1.33321,-1.492682,-5.224248,8044
44.42,72.86639,-6,0,2.372659,2.30141,0.1366499,-1.820415,-1.33321,-1.465197,-5.125866,8028
44.44,70.7453,-6,0,2.364702,2.314553,0.1671843,-1.155538,-1.33321,-1.460151,-5.164864,8032
44.46,56.54019,-6,0,2.387788,2.335471,1.235887,-1.009326,-1.46817,-1.567162,-5.610877,8036
44.48,61.48962,-6,0,2.400028,2.345358,0.7778715,-2.38612,-1.40069,-1.543207,-5.49034,8008
44.5,69.50085,-6,0,2.384764,2.325334,-1.130526,-2.758057,-1.33321,-1.485621,-5.370232,8016
44.52,64.16504,-6,0,2.393037,2.318885,0.9458106,-2.217102,-1.40069,-1.522261,-5.541357,8012
44.54,63.34351,-6,0,2.384932,2.316479,0.01451245,-2.371748,-1.40069,-1.533418,-5.605851,8024
44.56,57.65814,-6,0,2.390994,2.312978,0.3351234,-2.580189,-1.46817,-1.59014,-5.829946,8032
44.58,64.50186,-6,0,2.382804,2.302699,-0.1534266,-3.264086,-1.40069,-1.551641,-5.648205,8008
44.6,66.1351,-6,0,2.391346,2.297683,-0.2908313,-3.046863,-1.40069,-1.538023,-5.540895,8012
44.62,60.06326,-6,0,2.391222,2.29744,0.4572606,-2.740438,-1.46817,-1.587847,-5.731561,8012
44.64,65.93533,-6,0,2.386677,2.298348,-0.2144953,-3.131581,-1.40069,-1.547004,-5.513366,8028
44.66,66.73798,-6,0,2.391217,2.299387,0.5335966,-2.810652,-1.40069,-1.534399,-5.437992,8008
44.68,66.22769,-6,0,2.386209,2.302677,-0.07709067,-2.501797,-1.40069,-1.531489,-5.433367,8012
44.7,65.50012,-6,0,2.395423,2.313599,0.2282531,-2.374558,-1.40069,-1.529665,-5.392368,8020
44.72,64.93362,-6,0,2.389689,2.316121,0.06031401,-2.351595,-1.40069,-1.531156,-5.441842,8020
44.74,70.65234,-6,0,2.391844,2.321097,0.1671843,-2.394604,-1.33321,-1.477278,-5.216574,8016
44.76,58.1463,-6,0,2.398001,2.323923,0.07558119,-1.876091,-1.46817,-1.571877,-5.669449,8028
44.78,57.14081,-6,0,2.396207,2.323158,-0.07709067,-2.792708,-1.46817,-1.599333,-5.779911,8036
44.8,64.8613,-6,0,2.407284,2.316809,0.2282531,-3.529885,-1.40069,-1.550385,-5.524321,8020
44.82,66.59332,-6,0,2.377109,2.291466,-0.4740371,-3.15296,-1.40069,-1.540268,-5.599083,8028
44.84,66.51608,-6,0,2.397101,2.299913,0.1824515,-2.772533,-1.40069,-1.532155,-5.442329,8028
44.86,71.73303,-6,0,2.402472,2.315155,0.2282531,-2.538593,-1.33321,-1.474464,-5.158037,8032
44.88,58.72891,-6,0,2.390518,2.315987,-0.183961,-1.839415,-1.46817,-1.571247,-5.67798,8016
44.9,63.4964,-6,0,2.389798,2.320465,0.7778715,-2.682052,-1.40069,-1.544333,-5.531495,8020
44.92,65.12622,-6,0,2.356009,2.293533,-1.054191,-2.668426,-1.40069,-1.542146,-5.670177,8012
44.94,59.62891,-6,0,2.38506,2.297666,0.6404669,-2.57145,-1.46817,-1.589659,-5.73463,8024
44.96,65.89264,-6,0,2.369475,2.291272,-0.06182348,-3.014817,-1.40069,-1.549784,-5.567747,8016
44.98,73.06747,-6,0,2.367692,2.288311,0.06031401,-2.662431,-1.33321,-1.483059,-5.263259,8024
45,66.47723,-6,0,2.362606,2.292127,0.2282531,-1.692018,-1.40069,-1.519445,-5.446605,8024
45.02,-352.7983,0,0,2.372693,2.309804,0.5793981,-1.741936,-1.40069,-1.528607,-5.428438,8028
45.04,-249.7125,0,0,2.392812,1.871562,0.1671843,-44.61113,-1.40069,-1.537547,-6.633887,8016
45.06,-169.1018,0,0,2.273993,1.027226,-9.329001,-62.26395,-1.40069,-1.538918,-8.373148,7996
45.08,-110.0509,0,0,1.71983,0.1676081,-33.54275,-64.00391,-1.40069,-1.543954,-9.544914,7996
45.1,-35.38895,0,0,0.7111519,-0.6961135,-56.90154,-56.00237,-1.06329,-1.318287,-9.804381,8008
45.12,2.529484,0,0,-0.7139197,-1.639298,-77.16109,-38.78514,-1.06329,-1.346169,-11.61371,7984
45.14,32.9061,0,0,-2.0885,-2.463094,-47.69543,-19.24828,-1.06329,-1.416,-12.26667,7992
45.16,22.44609,0,0,-1.566891,-2.161715,15.48017,-4.288501,-1.33321,-1.431443,-5.527382,7976
45.18,15.50314,0,0,-1.385157,-1.699574,15.38856,4.034141,-1.33321,-1.354054,-1.443343,8016
45.2,54.86731,0,0,-0.639507,-0.9416301,41.02216,6.69724,-0.7258892,-0.7229952,5.556181,8012
45.22,25.80478,0,0,-0.1714358,-0.3135486,23.38857,10.86489,-0.7933693,-0.5784272,7.403297,7948
45.24,-30.48005,0,0,0.2409942,0.1930933,21.34276,9.282589,-1.06329,-0.7628037,6.743177,7956
45.26,-54.27699,0,0,0.6411266,0.5439627,17.09849,1.210497,-1.06329,-0.8260738,6.078404,7980
45.28,-92.63759,0,0,0.7349946,0.5683731,1.296956,-7.018217,-1.40069,-1.166488,2.86466,7988
45.3,-58.4533,0,0,0.5782989,0.3421313,-12.74885,-15.9398,-1.06329,-1.04445,1.456574,8020
45.32,-41.61128,0,0,0.2034088,-0.07538875,-19.49695,-17.30224,-1.06329,-1.067076,-0.7531501,8004
45.34,-26.64744,0,0,-0.324933,-0.5439636,-28.99313,-14.87527,-1.06329,-1.12353,-2.621882,7988
45.36,-11.45393,0,0,-0.8138976,-0.9492553,-20.71832,-10.19695,-1.06329,-1.164302,-3.466146,7988
45.38,-5.983675,0,0,-0.9621516,-1.104895,-7.359537,-4.971297,-1.13077,-1.197976,-2.605526,7964
45.4,-25.00473,0,0,-0.987544,-1.100368,2.594666,-0.8187397,-1.40069,-1.390174,-2.116143,7988
45.42,53.86661,0,0,-0.8059419,-0.9030489,7.983981,-0.3949148,-0.5234499,-0.6817589,2.831285,8000
45.44,56.6656,0,0,-0.6380122,-0.6634912,7.922912,7.340225,-0.4559698,-0.4063112,4.74275,7924
45.46,28.64948,0,0,-0.5178273,-0.3818421,7.983981,12.34717,-0.5234499,-0.3879232,4.962469,7924
45.48,15.49779,0,0,0.04485208,0.1044819,29.48017,11.1788,-0.3884897,-0.2259512,6.911297,7920
45.5,-7.643188,0,0,0.5250672,0.5304717,21.95345,7.535275,-0.3884897,-0.1708725,7.182253,7936
45.52,-34.22021,0,0,0.9036444,0.8249152,18.51834,1.526379,-0.4559698,-0.2228661,6.20476,7928
45.54,-40.47937,0,0,0.9957457,0.8734091,4.136652,-5.546994,-0.3884897,-0.2314847,4.366564,7928
45.56,-132.3149,0,0,0.9065717,0.6761609,-6.458772,-10.77209,-1.40069,-1.107843,-1.551333,7948
45.58,-98.10716,0,0,0.605339,0.2904632,-15.68015,-22.62008,-1.13077,-1.183694,-3.432146,7988
45.6,-65.6572,0,0,0.3247597,-0.1798651,-16.80992,-26.12726,-1.13077,-1.216988,-4.421056,8004
45.62,-1.373843,0,0,-0.305324,-0.7273896,-37.31374,-23.20125,-0.7258892,-0.9388397,-4.355638,7996
45.64,29.65763,0,0,-1.205998,-1.343858,-42.9168,-12.00551,-0.6584091,-0.8704334,-5.487955,7972
45.66,33.81285,0,0,-1.301499,-1.436021,-2.122893,-0.8940972,-0.7258892,-0.8358479,-3.141811,7952
45.68,24.31801,0,0,-1.173219,-1.217916,12.33513,6.619455,-0.7933693,-0.8136027,-0.5984337,7948
45.7,-18.45974,0,0,-0.5914278,-0.7058069,30.67101,8.94042,-1.13077,-0.9842961,1.779761,7948
45.72,-58.98237,0,0,-0.05252269,-0.2082179,26.47253,4.439548,-1.40069,-1.199927,2.699956,7968
45.74,9.448765,0,0,0.4433761,0.2002132,22.65574,-4.156344,-0.5234499,-0.5204195,6.634667,8000
45.76,17.05797,0,0,0.5302205,0.3243022,0.4572606,-3.350649,-0.3884897,-0.2605806,6.352754,7932
45.78,-86.43546,0,0,0.1870874,0.150835,-18.79465,-1.235863,-1.40069,-1.099163,0.02156526,7944
45.8,-97.8262,0,0,0.2079237,0.04709561,9.983981,-10.30976,-1.46817,-1.392319,-1.464172,8008
45.82,-75.32809,0,0,0.3539436,-0.06146625,2.6252,-17.87594,-1.40069,-1.392779,-1.132137,7972
45.84,-25.57758,0,0,0.01179228,-0.3829165,-21.46641,-19.61397,-1.06329,-1.157515,-1.261942,8028
45.86,-6.187604,0,0,-0.7098778,-0.9013214,-37.54275,-13.59681,-1.06329,-1.165709,-3.22816,7868
45.88,5.85001,0,0,-1.056598,-1.185538,-13.25267,-6.452367,-1.06329,-1.161088,-2.879513,7980
45.9,5.403028,0,0,-1.15526,-1.228434,-0.8251827,-0.08418736,-1.13077,-1.178704,-1.664388,7960
45.92,-20.85687,0,0,-0.8965387,-1.007688,12.70154,3.395008,-1.40069,-1.334227,-0.1356736,7972
45.94,62.65049,0,0,-0.5962988,-0.670513,15.90765,2.234668,-0.3884897,-0.5109134,5.205893,7992
45.96,47.38683,0,0,-0.3131209,-0.341493,13.20536,8.991871,-0.4559698,-0.3184071,6.452318,7940
45.98,-88.41264,0,0,-0.129823,-0.06985361,6.671003,11.19848,-1.670609,-1.26355,2.009861,7944
46,-22.97146,0,0,0.2563469,0.2268789,27.35803,-2.178762,-0.7258892,-0.7448422,4.967413,8012
46.02,-24.68049,0,0,0.687718,0.4126631,17.23589,-5.801969,-0.7933693,-0.6340168,5.289485,7960
46.04,-32.38969,0,0,0.5632818,0.352758,-11.06946,-8.123302,-0.7933693,-0.6618146,3.24027,7984
46.06,-115.7512,0,0,0.04013922,-0.04955389,-26.22977,-9.063545,-1.738089,-1.532775,-3.40212,7988
46.08,-16.03468,0,0,0.1909296,-0.1554843,9.5565,-18.30907,-0.7258892,-0.9093552,0.3515145,8024
46.1,4.804429,0,0,0.04511437,-0.3518538,-10.09236,-13.92892,-0.7258892,-0.7407454,0.4586831,7968
46.12,-82.80461,0,0,-0.4905192,-0.6861938,-29.43588,-7.420908,-1.738089,-1.573681,-4.660335,7976
46.14,14.0795,0,0,-0.8277422,-0.9187055,-4.657245,-10.7852,-0.7258892,-0.995761,-1.821307,8044
46.16,32.83089,0,0,-0.7447503,-0.9430979,4.151918,-3.355508,-0.7258892,-0.7809331,0.3901883,7968
46.18,27.21758,0,0,-0.8266026,-0.8642855,-11.03893,3.740236,-0.7258892,-0.7120349,1.263479,7980
46.2,10.39144,0,0,-0.7895079,-0.7056183,12.21299,7.767071,-0.7933693,-0.738205,1.795367,7964
46.22,-3.033512,0,0,-0.2862287,-0.3107483,21.66337,7.284568,-0.7933693,-0.6801467,3.917168,7968
46.24,-10.71994,0,0,0.02140338,0.0001475215,17.08322,4.600295,-0.7258892,-0.5996984,4.605594,7976
46.26,-29.25218,0,0,0.399779,0.2789512,17.4191,0.8463888,-0.7933693,-0.6179489,4.697197,7976
46.28,-32.64995,0,0,0.457381,0.3465326,2.945811,-3.800603,-0.7258892,-0.6043614,3.585051,7980
46.3,-35.35507,0,0,0.4899299,0.3109769,1.083215,-7.36802,-0.7258892,-0.6252742,2.429374,7996
46.32,-46.42705,0,0,0.3707359,0.1629924,-6.764116,-9.693658,-0.8608494,-0.7739471,0.5155424,8012
46.34,-29.52369,0,0,0.2288853,-0.01501917,-7.695413,-11.9052,-0.7258892,-0.7264934,-0.08324212,7976
46.36,-27.0416,0,0,0.04424194,-0.2140297,-9.435872,-11.09322,-0.7933693,-0.7839218,-0.9837919,7976
46.38,-14.91826,0,0,-0.1114129,-0.3606883,-8.870986,-9.783706,-0.7258892,-0.7488827,-0.9676517,7980
46.4,-3.437643,0,0,-0.2516543,-0.4625575,-7.145795,-7.227314,-0.6584091,-0.6851022,-0.6474736,7976
46.42,-13.37776,0,0,-0.3139867,-0.4926854,-3.680145,-4.157121,-0.7933693,-0.7681507,-0.6655675,7964
46.44,-8.286891,0,0,-0.3008966,-0.451131,1.92291,-3.131892,-0.7258892,-0.72258,0.1274965,7976
46.46,-8.565874,0,0,-0.2605241,-0.3910425,2.609933,-2.058349,-0.7258892,-0.6994795,0.6614334,7956
46.48,-47.01436,0,0,-0.1870262,-0.3264617,3.190086,-1.634153,-1.13077,-1.011121,-0.3271529,7980
46.5,-47.80309,0,0,-0.1584037,-0.3054124,2.212986,-5.346468,-1.13077,-1.096098,-0.4286864,8000
46.52,-34.2618,0,0,-0.1391179,-0.34191,0.6099325,-7.955032,-1.06329,-1.06048,-0.1207741,7980
46.54,-2.349308,0,0,-0.2468225,-0.435262,-6.168695,-7.982275,-0.7933693,-0.8405995,0.6138705,7996
46.56,2.077971,0,0,-0.363463,-0.5136775,-6.504574,-4.407463,-0.7933693,-0.7851394,0.6583532,7980
46.58,5.792078,0,0,-0.4368246,-0.52202,-2.962588,-1.334058,-0.7258892,-0.7153564,1.044777,7984
46.6,-28.90217,0,0,-0.3486997,-0.4389177,4.503064,0.8183045,-1.06329,-0.9520836,0.525343,7976
46.62,-34.46375,0,0,-0.2143159,-0.3218691,7.953446,-1.66457,-1.06329,-1.002278,0.9081409,8000
46.64,-39.62574,0,0,-0.09593105,-0.2559737,5.617568,-4.263252,-1.13077,-1.062321,0.9025951,7988
46.66,-30.92338,0,0,-0.1197107,-0.2854347,-1.924419,-6.47088,-1.06329,-1.034682,0.760067,7996
46.68,-32.58468,0,0,-0.1517662,-0.3466138,-1.939687,-6.967675,-1.13077,-1.085695,0.3442758,8008
46.7,-22.83268,0,0,-0.2735602,-0.4444349,-6.321367,-7.097411,-1.06329,-1.057548,0.1480052,7992
46.72,-24.59674,0,0,-0.3224398,-0.507404,-1.222129,-6.028303,-1.13077,-1.100784,0.02784169,7992
46.74,-22.79042,0,0,-0.3316716,-0.5206659,-0.596175,-5.442684,-1.13077,-1.103787,0.3113759,7992
46.76,-15.55642,0,0,-0.3098477,-0.4992261,1.022146,-4.917034,-1.06329,-1.039985,0.930271,8008
46.78,-27.49797,0,0,-0.3298026,-0.4935383,-0.03128911,-3.797427,-1.19825,-1.132249,0.5847645,7992
46.8,-22.70996,0,0,-0.2862602,-0.4544896,2.060315,-4.376369,-1.13077,-1.094791,1.074843,7968
46.82,-15.71517,0,0,-0.315451,-0.45784,-1.206862,-4.203761,-1.06329,-1.03499,1.249624,7976
46.84,-15.96838,0,0,-0.2999364,-0.4426802,0.4572606,-3.422469,-1.06329,-1.015495,1.404205,7980
46.86,-23.67022,0,0,-0.321749,-0.4396821,-0.183961,-2.878306,-1.13077,-1.06929,1.076126,7980
46.88,-18.70649,0,0,-0.3217813,-0.4325911,-0.2144953,-3.290193,-1.06329,-1.030345,1.265308,7964
46.9,-24.24487,0,0,-0.3308452,-0.4407569,0.06031401,-3.045893,-1.13077,-1.076338,0.9911567,7988
46.92,-24.54356,0,0,-0.3172909,-0.436545,0.09084838,-3.478533,-1.13077,-1.086709,1.018631,7976
46.94,-17.83576,0,0,-0.3052491,-0.432256,0.4267263,-3.826089,-1.06329,-1.033074,1.297575,7972
46.96,-23.41669,0,0,-0.3133375,-0.4386958,0.06031401,-3.363985,-1.13077,-1.074402,1.050431,7980
46.98,-18.1292,0,0,-0.3043889,-0.4300631,0.1671843,-3.637371,-1.06329,-1.029617,1.304173,7968
47,-18.06988,0,0,-0.2978813,-0.4236164,0.1671843,-3.305853,-1.06329,-1.01697,1.342671,7988
47.02,-25.17163,0,0,-0.2937294,-0.4165571,0.07558119,-3.099352,-1.13077,-1.068786,1.092557,7980
47.04,-19.84023,0,0,-0.2943487,-0.4131627,0.1671843,-3.675605,-1.06329,-1.029856,1.249888,7984
47.06,-25.20625,0,0,-0.2926325,-0.4191667,0.04504682,-3.532504,-1.13077,-1.074291,1.006996,7976
47.08,-25.35241,0,0,-0.2941708,-0.4240312,0.09084838,-3.973911,-1.13077,-1.086791,0.9560223,7984
47.1,-18.38199,0,0,-0.2882057,-0.4267326,0.2282531,-4.291521,-1.06329,-1.034077,1.218025,7972
47.12,-23.8665,0,0,-0.283444,-0.4280596,0.1824515,-3.816054,-1.13077,-1.072982,1.043905,7972
47.14,-24.68136,0,0,-0.2741527,-0.4198314,0.5488637,-4.079759,-1.13077,-1.082329,1.059669,7980
47.16,-24.19889,0,0,-0.2912455,-0.430835,-0.2297625,-4.293318,-1.13077,-1.087938,0.9695475,7968
47.18,-17.35748,0,0,-0.2980246,-0.4389819,0.1061156,-4.357472,-1.06329,-1.034731,1.204367,7972
47.2,-16.96008,0,0,-0.3060451,-0.4427021,0.1977187,-3.682094,-1.06329,-1.020056,1.243999,7976
47.22,-18.36785,0,0,-0.2736442,-0.4151826,0.7931387,-3.280765,-1.06329,-1.010887,1.410963,7980
