Tiempo,ControlPWM,ReferenciaPosicion,ReferenciaTheta,ThetaMedido,ThetaObservado,OmegaMedido,OmegaObservado,PosicionMedido,PosicionObservado,VelocidadObservado,TiempoTranscurrido
0,-64.53762,0,0,-0.00961663,-0.03668474,0.1824515,-0.0395727,-0.7258892,-0.5898786,-2.63464,0
0.02,-66.84718,0,0,-0.01761669,-0.104511,0.1671843,-6.567566,-0.7933693,-0.8037789,-3.19728,7820
0.04,-49.30154,0,0,-0.02325081,-0.237016,0.2587874,-11.10775,-0.7933693,-0.8490139,-2.993795,7968
0.06,-32.10449,0,0,-0.1104078,-0.3941154,-7.893886,-12.05962,-0.7933693,-0.8503284,-2.684352,7956
0.08,-12.39997,0,0,-0.3675258,-0.5957649,-9.435872,-10.16362,-0.7258892,-0.8054184,-2.558519,7944
0.1,-9.077091,0,0,-0.4696041,-0.6871907,-3.573275,-6.543062,-0.7933693,-0.8289515,-1.981235,7940
0.12,-6.30681,0,0,-0.4230167,-0.6340216,3.403826,-3.881349,-0.7933693,-0.8021746,-0.7028608,7956
0.14,-6.96492,0,0,-0.3581405,-0.5300963,3.877109,-2.0215,-0.7933693,-0.7735505,0.2972584,7964
0.16,-10.22568,0,0,-0.2340734,-0.3895265,6.564133,-1.230023,-0.7933693,-0.7462348,1.173365,7960
0.18,-14.35797,0,0,-0.1635284,-0.2842413,3.922911,-1.280882,-0.7933693,-0.7359782,1.465922,7948
0.2,-17.86686,0,0,-0.09391218,-0.2081176,2.884742,-1.967508,-0.7933693,-0.7327688,1.556747,7960
0.22,-20.34875,0,0,-0.04161913,-0.1631536,2.793139,-2.956524,-0.7933693,-0.7340393,1.477689,7952
0.24,-21.08562,0,0,-0.09184189,-0.1917456,-1.680145,-3.745541,-0.7933693,-0.7501337,0.960465,7952
0.26,-20.63458,0,0,-0.06283212,-0.2005053,0.4572606,-4.417916,-0.7933693,-0.7522072,0.9155172,7952
0.28,-20.08803,0,0,-0.06538589,-0.2160905,0.2740546,-4.810979,-0.7933693,-0.7544237,0.7899857,7960
0.3,-13.54493,0,0,-0.0695452,-0.2277106,-0.09235785,-4.994641,-0.7258892,-0.7011405,0.9543004,7960
0.32,-19.57591,0,0,-0.05701861,-0.2266362,0.4267263,-4.491967,-0.7933693,-0.7392093,0.7722249,7956
0.34,-14.76654,0,0,-0.05751093,-0.2201385,0.1519171,-4.760624,-0.7258892,-0.696082,0.9428814,7944
0.36,-20.89895,0,0,-0.05696155,-0.2211671,0.1977187,-4.463383,-0.7933693,-0.7401153,0.6834784,7948
0.38,-21.5985,0,0,-0.0618894,-0.2241743,0.1366499,-4.872212,-0.7933693,-0.7539067,0.5927058,7960
0.4,-14.89742,0,0,-0.0579632,-0.227256,0.2740546,-5.219323,-0.7258892,-0.7025247,0.8207924,7964
0.42,-20.46729,0,0,-0.05300837,-0.2293562,0.1366499,-4.791339,-0.7933693,-0.7421433,0.6281636,7952
0.44,-21.18405,0,0,-0.05575453,-0.2289973,0.1366499,-5.061535,-0.7933693,-0.7536685,0.58078,7940
0.46,-20.66135,0,0,-0.05514336,-0.2332747,0.2587874,-5.316013,-0.7933693,-0.7567595,0.5706089,7952
0.48,-20.06727,0,0,-0.04737177,-0.2342195,0.09084838,-5.452739,-0.7933693,-0.7558813,0.6119121,7960
0.5,-19.72325,0,0,-0.04337408,-0.2340403,0.09084838,-5.494436,-0.7933693,-0.754614,0.6407824,7968
0.52,-19.52949,0,0,-0.0482363,-0.2370462,0.1061156,-5.473802,-0.7933693,-0.7547394,0.6310731,7968
0.54,-19.34592,0,0,-0.05550282,-0.2417655,0.1061156,-5.418916,-0.7933693,-0.7554058,0.6166335,7956
0.56,-19.1799,0,0,-0.05847404,-0.2442147,0.07558119,-5.353548,-0.7933693,-0.7553603,0.6270506,7960
0.58,-19.06865,0,0,-0.0614327,-0.2456027,-0.0007547362,-5.283834,-0.7933693,-0.7552132,0.6374543,7960
0.6,-13.01522,0,0,-0.06139818,-0.2419686,0.04504682,-5.219356,-0.7258892,-0.7000048,0.8993844,7964
0.62,-19.33607,0,0,-0.06407491,-0.2396082,0.07558119,-4.563674,-0.7933693,-0.7400309,0.6895025,7948
0.64,-14.60867,0,0,-0.06088168,-0.2282241,0.07558119,-4.770196,-0.7258892,-0.6965355,0.9065647,7964
0.66,-20.81131,0,0,-0.05821553,-0.2251461,0.1671843,-4.447392,-0.7933693,-0.7400832,0.6722295,7968
0.68,-21.65173,0,0,-0.05310296,-0.2205532,0.07558119,-4.875782,-0.7933693,-0.7523773,0.6287981,7948
0.7,-21.04594,0,0,-0.05759136,-0.2286607,0.1824515,-5.235722,-0.7933693,-0.7571107,0.5701575,7960
0.72,-20.20012,0,0,-0.05799762,-0.2373168,0.04504682,-5.410163,-0.7933693,-0.7578869,0.5675211,7956
0.74,-13.59677,0,0,-0.05279998,-0.2369972,0.1671843,-5.445798,-0.7258892,-0.7015922,0.8520267,7956
0.76,-19.63329,0,0,-0.05405138,-0.2363106,0.1824515,-4.80388,-0.7933693,-0.7406683,0.6559021,7960
0.78,-20.77738,0,0,-0.05346283,-0.2299352,0.1519171,-4.989013,-0.7933693,-0.7517052,0.6299732,7952
0.8,-20.55483,0,0,-0.05456159,-0.2317742,0.1977187,-5.227542,-0.7933693,-0.7554365,0.6045461,7960
0.82,-14.04112,0,0,-0.05379939,-0.2327447,0.1366499,-5.359244,-0.7258892,-0.7014517,0.8475714,7960
0.84,-19.90018,0,0,-0.05977898,-0.236811,0.07558119,-4.77682,-0.7933693,-0.7419958,0.6215881,7952
0.86,-8.863083,0,0,-0.05245288,-0.223537,0.09084838,-4.988334,-0.6584091,-0.6426795,1.110011,7952
0.88,-21.23354,0,0,-0.05527499,-0.2212789,0.09084838,-4.021745,-0.7933693,-0.7263961,0.6511139,7952
0.9,-23.1423,0,0,-0.06073245,-0.2172058,0.1519171,-4.615638,-0.7933693,-0.7517186,0.5308926,7960
0.92,-22.18612,0,0,-0.06238151,-0.2272912,0.02977964,-5.201741,-0.7933693,-0.7595976,0.4748544,7964
0.94,-20.74517,0,0,-0.06773997,-0.2427499,0.07558119,-5.476797,-0.7933693,-0.7615511,0.4586008,7964
0.96,-19.519,0,0,-0.07862777,-0.2580576,0.1366499,-5.477792,-0.7933693,-0.7617384,0.4605662,7952
0.98,-18.69706,0,0,-0.08354483,-0.2657423,0.1213828,-5.334427,-0.7933693,-0.7602189,0.5118207,7952
1,-18.40061,0,0,-0.0730377,-0.2598338,0.1366499,-5.181643,-0.7933693,-0.756418,0.6260405,7956
1.02,-18.44918,0,0,-0.07628774,-0.2565291,0.09084838,-5.04256,-0.7933693,-0.7553296,0.6529723,7968
1.04,-12.64283,0,0,-0.06640846,-0.2445541,0.2129859,-4.9772,-0.7258892,-0.6986399,0.9603665,7968
1.06,-19.10804,0,0,-0.07960315,-0.2449505,0.1519171,-4.319717,-0.7933693,-0.7405044,0.6934209,7960
1.08,-14.34253,0,0,-0.07779901,-0.2355174,0.1977187,-4.534781,-0.7258892,-0.6977061,0.9027396,7948
1.1,-20.49877,0,0,-0.07208247,-0.2316105,0.1824515,-4.221593,-0.7933693,-0.7408178,0.6838511,7948
1.12,-21.18985,0,0,-0.08420008,-0.2363997,0.1824515,-4.603868,-0.7933693,-0.7555405,0.5696411,7944
1.14,-20.50982,0,0,-0.07049884,-0.2371914,0.2587874,-4.965161,-0.7933693,-0.7574266,0.6078625,7944
1.16,-13.82103,0,0,-0.06588592,-0.2372069,0.1366499,-5.143516,-0.7258892,-0.7022609,0.8654044,7960
1.18,-19.63645,0,0,-0.07198381,-0.2415821,0.1977187,-4.574512,-0.7933693,-0.7425878,0.6356311,7956
1.2,-20.51168,0,0,-0.07541128,-0.240432,0.07558119,-4.772771,-0.7933693,-0.7542295,0.5954263,7940
1.22,-26.16422,0,0,-0.06785157,-0.2424028,0.1366499,-5.021182,-0.8608494,-0.8110023,0.3773907,7956
1.24,-19.36673,0,0,-0.0644374,-0.2462184,0.1061156,-5.761372,-0.7933693,-0.7708988,0.6057204,7952
1.26,-17.61904,0,0,-0.08206566,-0.2642105,-0.6114421,-5.515719,-0.7933693,-0.7612571,0.5907246,7952
1.28,-17.4833,0,0,-0.0699309,-0.2592657,0.6404669,-5.201928,-0.7933693,-0.7547333,0.7121542,7964
1.3,-17.86922,0,0,-0.08011527,-0.2578385,0.1213828,-4.952188,-0.7933693,-0.754097,0.7021646,7968
1.32,-18.24112,0,0,-0.07941871,-0.2531703,0.02977964,-4.827137,-0.7933693,-0.7537248,0.7236707,7960
1.34,-12.45038,0,0,-0.0872856,-0.2510716,0.3351234,-4.754969,-0.7258892,-0.7003175,0.9358202,7972
1.36,-18.78463,0,0,-0.09483318,-0.2521331,0.09084838,-4.106657,-0.7933693,-0.7417206,0.6972244,7952
1.38,-20.00532,0,0,-0.08930626,-0.2438417,0.2893218,-4.33088,-0.7933693,-0.7527686,0.6837423,7956
1.4,-19.7916,0,0,-0.09313307,-0.247146,-0.03128911,-4.596378,-0.7933693,-0.7571638,0.6365715,7948
1.42,-19.26585,0,0,-0.08972369,-0.2505837,0.09084838,-4.760016,-0.7933693,-0.7576969,0.6449096,7960
1.44,-18.75112,0,0,-0.09994859,-0.2598052,0.1671843,-4.78597,-0.7933693,-0.7588948,0.6100203,7972
1.46,-18.3517,0,0,-0.09961043,-0.2632144,0.02977964,-4.748514,-0.7933693,-0.7581406,0.6390814,7956
1.48,-18.12352,0,0,-0.1038459,-0.2659464,0.2282531,-4.669816,-0.7933693,-0.7577761,0.649609,7972
1.5,-18.06377,0,0,-0.09898636,-0.2628219,0.1213828,-4.606623,-0.7933693,-0.7563,0.6970086,7964
1.52,-18.12559,0,0,-0.09912562,-0.2605695,0.1977187,-4.559097,-0.7933693,-0.7557933,0.7101562,7956
1.54,-18.23169,0,0,-0.09537923,-0.2568612,0.2129859,-4.544915,-0.7933693,-0.7551312,0.7319482,7960
1.56,-18.32779,0,0,-0.09614519,-0.2556769,0.1061156,-4.545439,-0.7933693,-0.7553123,0.726068,7964
1.58,-18.29719,0,0,-0.1050897,-0.2602775,0.1671843,-4.530993,-0.7933693,-0.7568379,0.6855776,7956
1.6,-18.16204,0,0,-0.1081683,-0.2635381,0.02977964,-4.507919,-0.7933693,-0.7573487,0.681338,7952
1.62,-18.04879,0,0,-0.1085127,-0.2645141,0.06031401,-4.476597,-0.7933693,-0.7570929,0.6933523,7960
1.64,-18.00817,0,0,-0.1076223,-0.2637864,0.04504682,-4.44629,-0.7933693,-0.7565926,0.7091229,7968
1.66,-17.97821,0,0,-0.1125024,-0.2656802,0.1061156,-4.408551,-0.7933693,-0.7570618,0.6966795,7972
1.68,-17.93362,0,0,-0.1130936,-0.2661065,0.07558119,-4.377937,-0.7933693,-0.7570047,0.7049199,7952
1.7,-17.97028,0,0,-0.1063032,-0.2619463,0.1213828,-4.371756,-0.7933693,-0.7557864,0.7419879,7956
1.72,-18.10406,0,0,-0.1015334,-0.2575756,0.06031401,-4.386209,-0.7933693,-0.7549888,0.7591012,7956
1.74,-18.32928,0,0,-0.08945042,-0.2494764,0.09084838,-4.44482,-0.7933693,-0.7534428,0.7976112,7960
1.76,-18.57824,0,0,-0.08544692,-0.2452124,0.1366499,-4.521037,-0.7933693,-0.7533358,0.7875166,7964
1.78,-18.78447,0,0,-0.07777815,-0.240735,0.1977187,-4.62025,-0.7933693,-0.752982,0.7900618,7952
1.8,-18.92555,0,0,-0.07607803,-0.2398392,0.1519171,-4.713893,-0.7933693,-0.753467,0.764819,7960
1.82,-18.98675,0,0,-0.07363537,-0.239798,0.1061156,-4.797954,-0.7933693,-0.753803,0.7482412,7952
1.84,-19.00188,0,0,-0.07232193,-0.2404964,0.1519171,-4.864029,-0.7933693,-0.7540889,0.7325383,7952
1.86,-18.96049,0,0,-0.0753819,-0.2435866,0.1519171,-4.900923,-0.7933693,-0.7548591,0.7045812,7952
1.88,-18.94077,0,0,-0.06898886,-0.241827,0.2129859,-4.938098,-0.7933693,-0.7540746,0.7253571,7948
1.9,-19.00669,0,0,-0.06489506,-0.2394556,0.1213828,-4.973035,-0.7933693,-0.7534822,0.7326285,7960
1.92,-19.03568,0,0,-0.07019901,-0.2421139,0.06031401,-4.989152,-0.7933693,-0.7544689,0.6977153,7960
1.94,-18.94672,0,0,-0.07596985,-0.2466728,0.07558119,-4.985769,-0.7933693,-0.7555578,0.6701754,7956
1.96,-18.82429,0,0,-0.07668839,-0.2487412,0.1366499,-4.970782,-0.7933693,-0.7555951,0.6741562,7960
1.98,-18.71767,0,0,-0.0808429,-0.2515186,0.09084838,-4.935967,-0.7933693,-0.7559089,0.6661676,7960
2,-18.5287,0,0,-0.0945619,-0.2595885,0.1213828,-4.862531,-0.7933693,-0.7576286,0.6227658,7960
2.02,-18.3862,0,0,-0.08740043,-0.2574096,0.1519171,-4.811286,-0.7933693,-0.7561269,0.6805992,7964
2.04,-12.35593,0,0,-0.09153935,-0.2549685,0.09084838,-4.745638,-0.7258892,-0.7013637,0.9203706,7968
2.06,-18.70467,0,0,-0.08968921,-0.250563,0.1061156,-4.103738,-0.7933693,-0.740837,0.7284721,7968
2.08,-20.01254,0,0,-0.08877483,-0.2428051,0.1213828,-4.322869,-0.7933693,-0.7524156,0.689412,7952
2.1,-19.88656,0,0,-0.08500414,-0.2420852,0.07558119,-4.61485,-0.7933693,-0.7559241,0.6705797,7956
2.12,-19.38682,0,0,-0.09046781,-0.2493875,0.1061156,-4.781799,-0.7933693,-0.7579169,0.6307959,7952
2.14,-18.92048,0,0,-0.08633926,-0.2522207,0.1671843,-4.851269,-0.7933693,-0.7572473,0.6556066,7952
2.16,-18.55556,0,0,-0.09759094,-0.2603207,0.1366499,-4.817794,-0.7933693,-0.7582213,0.6219009,7960
2.18,-18.37011,0,0,-0.0870588,-0.256781,0.2129859,-4.78478,-0.7933693,-0.7559949,0.693369,7964
2.2,-18.43414,0,0,-0.08260194,-0.2521954,0.2129859,-4.757647,-0.7933693,-0.7545944,0.7236953,7960
2.22,-18.60456,0,0,-0.07766651,-0.2472483,0.1213828,-4.761513,-0.7933693,-0.7537541,0.7432615,7952
2.24,-18.70255,0,0,-0.0840942,-0.249086,0.09084838,-4.765283,-0.7933693,-0.7549518,0.705915,7952
2.26,-18.68034,0,0,-0.08501015,-0.2504665,0.1671843,-4.774508,-0.7933693,-0.7554317,0.6992124,7956
2.28,-18.58936,0,0,-0.09035585,-0.2541169,0.1213828,-4.762964,-0.7933693,-0.7562489,0.6780293,7960
2.3,-12.53448,0,0,-0.08385479,-0.2487546,0.1213828,-4.756639,-0.7258892,-0.700462,0.9548464,7968
2.32,-18.85896,0,0,-0.08906305,-0.2480837,0.1061156,-4.133243,-0.7933693,-0.7410088,0.720585,7964
2.34,-14.12029,0,0,-0.08354104,-0.2366123,0.07558119,-4.367596,-0.7258892,-0.6973772,0.9401489,7952
2.36,-20.2223,0,0,-0.09283732,-0.2406146,0.06031401,-4.02887,-0.7933693,-0.7427505,0.6502559,7948
2.38,-20.87926,0,0,-0.09016077,-0.2398271,-0.04655629,-4.426985,-0.7933693,-0.7553672,0.6080534,7952
2.4,-20.2296,0,0,-0.08510332,-0.243463,0.06031401,-4.773318,-0.7933693,-0.7582452,0.6046628,7956
2.42,-19.43216,0,0,-0.09027546,-0.2527469,0.04504682,-4.922563,-0.7933693,-0.7593708,0.5834836,7956
2.44,-18.86144,0,0,-0.08381921,-0.2545159,0.09084838,-4.95574,-0.7933693,-0.7576546,0.6350446,7964
2.46,-18.61771,0,0,-0.08156118,-0.2539869,0.1519171,-4.925553,-0.7933693,-0.756198,0.6671883,7968
2.48,-18.5607,0,0,-0.08181999,-0.2532111,0.1671843,-4.880103,-0.7933693,-0.7555314,0.6824189,7960
2.5,-18.56379,0,0,-0.08321913,-0.252885,0.1519171,-4.840325,-0.7933693,-0.7553968,0.6877661,7972
2.52,-18.65027,0,0,-0.07479634,-0.2474108,0.1671843,-4.837708,-0.7933693,-0.7539983,0.7306595,7964
2.54,-18.8105,0,0,-0.07159436,-0.2434957,0.1824515,-4.855707,-0.7933693,-0.7535161,0.7378342,7968
2.56,-18.96906,0,0,-0.06703853,-0.2398484,0.1824515,-4.898179,-0.7933693,-0.7531795,0.7440876,7952
2.58,-18.98952,0,0,-0.0772952,-0.2449565,0.1213828,-4.915357,-0.7933693,-0.7551171,0.6847366,7944
2.6,-18.81048,0,0,-0.08595718,-0.2520963,0.1213828,-4.902821,-0.7933693,-0.7567256,0.6485013,7948
2.62,-18.57368,0,0,-0.09006242,-0.2568358,0.1519171,-4.862145,-0.7933693,-0.7571037,0.6467798,7948
2.64,-18.42538,0,0,-0.08897525,-0.2572237,0.1366499,-4.812199,-0.7933693,-0.7563655,0.6724888,7972
2.66,-18.35387,0,0,-0.09336712,-0.2588701,0.06031401,-4.751357,-0.7933693,-0.75645,0.6707882,7972
2.68,-12.30687,0,0,-0.09384552,-0.2558078,0.07558119,-4.695322,-0.7258892,-0.701463,0.9266158,7972
2.7,-18.5892,0,0,-0.0999301,-0.2557168,0.04504682,-4.036206,-0.7933693,-0.742057,0.7008232,7960
2.72,-19.78092,0,0,-0.1006007,-0.2502032,-0.01602192,-4.231065,-0.7933693,-0.7538122,0.6643666,7960
2.74,-19.55589,0,0,-0.09952381,-0.2513661,0.1213828,-4.486674,-0.7933693,-0.7574083,0.6459539,7964
2.76,-19.13753,0,0,-0.08825193,-0.2494066,0.1213828,-4.665309,-0.7933693,-0.75662,0.6877961,7972
2.78,-12.85684,0,0,-0.08643933,-0.247224,0.1061156,-4.74164,-0.7258892,-0.7014614,0.9323765,7968
2.8,-18.99592,0,0,-0.08938325,-0.2476937,0.1061156,-4.155637,-0.7933693,-0.7416961,0.7072489,7948
2.82,-20.08409,0,0,-0.09289466,-0.2450641,0.1061156,-4.376654,-0.7933693,-0.7538609,0.6507222,7940
2.84,-19.71424,0,0,-0.09861703,-0.2514983,0.1061156,-4.619174,-0.7933693,-0.7584255,0.6040493,7948
2.86,-13.04438,0,0,-0.1000139,-0.2554239,0.1061156,-4.730851,-0.7258892,-0.7045826,0.846184,7948
2.88,-18.83138,0,0,-0.1030108,-0.2585322,0.1519171,-4.126431,-0.7933693,-0.7443249,0.6443539,7956
2.9,-19.73181,0,0,-0.1061135,-0.2560888,0.04504682,-4.299512,-0.7933693,-0.7556384,0.6136419,7952
2.92,-19.2645,0,0,-0.1167117,-0.2643515,0.1977187,-4.477238,-0.7933693,-0.7602959,0.5660006,7968
2.94,-18.58643,0,0,-0.1134601,-0.2681657,0.2129859,-4.5542,-0.7933693,-0.7600601,0.6054002,7956
2.96,-18.1387,0,0,-0.1119932,-0.2694609,0.1977187,-4.539285,-0.7933693,-0.7588192,0.6432535,7964
2.98,-17.97936,0,0,-0.1058249,-0.265876,0.1671843,-4.500546,-0.7933693,-0.7568992,0.6972102,7960
3,-17.96879,0,0,-0.1094429,-0.2656884,0.07558119,-4.449683,-0.7933693,-0.7567844,0.6967016,7956
3.02,-17.97076,0,0,-0.1100844,-0.2651184,0.09084838,-4.412894,-0.7933693,-0.7566737,0.706048,7964
3.04,-18.04287,0,0,-0.1026817,-0.2601595,0.06031401,-4.409388,-0.7933693,-0.7554283,0.7450587,7964
3.06,-18.13892,0,0,-0.1049043,-0.2594391,-0.0007547362,-4.409987,-0.7933693,-0.7557321,0.7315602,7960
3.08,-18.17081,0,0,-0.1055973,-0.2596311,0.1213828,-4.418467,-0.7933693,-0.7560682,0.7249475,7960
3.1,-18.2018,0,0,-0.1012587,-0.2574549,0.09084838,-4.439411,-0.7933693,-0.7555549,0.7407348,7948
3.12,-18.38005,0,0,-0.08510115,-0.2479697,0.1213828,-4.502487,-0.7933693,-0.7532544,0.8005129,7964
3.14,-18.62149,0,0,-0.0840436,-0.2448336,0.09084838,-4.569204,-0.7933693,-0.7534227,0.7779425,7968
3.16,-18.67112,0,0,-0.09311204,-0.2499602,0.06031401,-4.614141,-0.7933693,-0.7555236,0.7142044,7948
3.18,-18.49923,0,0,-0.1013705,-0.2573681,0.1213828,-4.624241,-0.7933693,-0.7572459,0.6722214,7952
3.2,-18.31017,0,0,-0.09913072,-0.2590628,0.07558119,-4.617043,-0.7933693,-0.7568053,0.6911945,7948
3.22,-18.17112,0,0,-0.105686,-0.2631012,0.1671843,-4.574101,-0.7933693,-0.757317,0.6739215,7956
3.24,-18.0477,0,0,-0.1081784,-0.265258,0.1824515,-4.52284,-0.7933693,-0.7573245,0.6799444,7964
3.26,-17.97072,0,0,-0.1097064,-0.2660077,0.1519171,-4.470989,-0.7933693,-0.7571094,0.6904922,7960
3.28,-18.05445,0,0,-0.09677505,-0.2581799,0.1977187,-4.464369,-0.7933693,-0.7548339,0.7580986,7964
3.3,-18.26373,0,0,-0.09396669,-0.2534881,0.1213828,-4.47919,-0.7933693,-0.7542897,0.7626428,7964
3.32,-18.40565,0,0,-0.09559462,-0.252969,0.1824515,-4.507539,-0.7933693,-0.7549471,0.741335,7956
3.34,-18.47101,0,0,-0.09242135,-0.2515857,0.1671843,-4.549944,-0.7933693,-0.7549365,0.7430431,7956
3.36,-18.49528,0,0,-0.09311848,-0.2521821,0.1519171,-4.583475,-0.7933693,-0.7553162,0.7283547,7952
3.38,-12.4938,0,0,-0.09077409,-0.2487748,0.07558119,-4.608496,-0.7258892,-0.7004899,0.9716041,7960
3.4,-18.81282,0,0,-0.09308664,-0.2478294,0.07558119,-4.018835,-0.7933693,-0.7409514,0.7414546,7960
3.42,-20.09514,0,0,-0.085411,-0.2385162,0.09084838,-4.287472,-0.7933693,-0.7518066,0.7213523,7952
3.44,-13.9646,0,0,-0.084043,-0.2364089,0.06031401,-4.597638,-0.7258892,-0.7010154,0.9221271,7960
3.46,-19.85961,0,0,-0.079422,-0.2365512,0.04504682,-4.203939,-0.7933693,-0.7416926,0.7046556,7952
3.48,-20.71538,0,0,-0.08052401,-0.2353513,0.1213828,-4.535378,-0.7933693,-0.7538176,0.6424369,7952
3.5,-26.20153,0,0,-0.0837822,-0.2454925,0.09084838,-4.840566,-0.8608494,-0.8127346,0.3568441,7960
3.52,-19.11578,0,0,-0.08620417,-0.2565741,0.07558119,-5.582461,-0.7933693,-0.7736514,0.5622348,7960
3.54,-17.20166,0,0,-0.09583632,-0.2727618,-0.5351062,-5.328322,-0.7933693,-0.7623942,0.5958148,7968
3.56,-17.10811,0,0,-0.07879116,-0.2640913,0.5793981,-5.006354,-0.7933693,-0.7546084,0.7434157,7968
3.58,-17.59525,0,0,-0.08965262,-0.2614792,0.1824515,-4.75494,-0.7933693,-0.7539988,0.726577,7952
3.6,-18.06385,0,0,-0.08475948,-0.25407,0.1366499,-4.651219,-0.7933693,-0.7532104,0.7600982,7952
3.62,-18.43235,0,0,-0.08378136,-0.2493126,0.2740546,-4.635019,-0.7933693,-0.7534197,0.7571766,7948
3.64,-18.55102,0,0,-0.09494749,-0.2537037,0.1061156,-4.632188,-0.7933693,-0.7557091,0.6965734,7956
3.66,-18.44488,0,0,-0.09940021,-0.2579658,0.1824515,-4.628268,-0.7933693,-0.756829,0.6785858,7960
3.68,-6.282551,0,0,-0.1009929,-0.2545452,0.1671843,-4.596473,-0.6584091,-0.6475346,1.164213,7964
3.7,-18.8566,0,0,-0.1006224,-0.249717,0.1824515,-3.358971,-0.7933693,-0.7271404,0.7515337,7952
3.72,-21.41008,0,0,-0.0922431,-0.2327912,0.9152762,-3.832471,-0.7933693,-0.7493691,0.6966789,7952
3.74,-21.04758,0,0,-0.099966,-0.2398296,-0.550373,-4.391557,-0.7933693,-0.7585409,0.5886776,7948
3.76,-20.12271,0,0,-0.07978678,-0.2399622,0.3503905,-4.781373,-0.7933693,-0.7579117,0.6505297,7948
3.78,-19.32878,0,0,-0.09215412,-0.2523901,0.1061156,-4.91301,-0.7933693,-0.7594,0.5901663,7964
3.8,-18.71973,0,0,-0.09091183,-0.2580467,-0.07709067,-4.919114,-0.7933693,-0.7584836,0.6190004,7968
3.82,-24.36624,0,0,-0.09590996,-0.2655382,0.1671843,-4.851442,-0.8608494,-0.8127025,0.38668,7968
3.84,-17.90271,0,0,-0.0911456,-0.2657245,-0.0007547362,-5.381904,-0.7933693,-0.7709999,0.6516359,7952
3.86,-10.75381,0,0,-0.08221407,-0.2614813,0.1061156,-5.099545,-0.7258892,-0.7023616,0.9975591,7972
3.88,-17.43182,0,0,-0.08950993,-0.2572165,0.04504682,-4.17502,-0.7933693,-0.7392197,0.788372,7948
3.9,-19.1788,0,0,-0.09834956,-0.25073,0.1519171,-4.211802,-0.7933693,-0.7515945,0.7165805,7956
3.92,-19.27392,0,0,-0.1037112,-0.2530346,0.2435202,-4.4007,-0.7933693,-0.7566394,0.6651789,7948
3.94,-18.967,0,0,-0.09497184,-0.2521322,0.1061156,-4.55982,-0.7933693,-0.7566943,0.6933011,7952
3.96,-18.7279,0,0,-0.09167156,-0.252228,0.2129859,-4.64437,-0.7933693,-0.7562205,0.7021964,7960
3.98,-18.56396,0,0,-0.09357711,-0.2544912,0.09084838,-4.671174,-0.7933693,-0.7563524,0.6924558,7956
4,-18.42021,0,0,-0.0969867,-0.2575777,0.1977187,-4.662059,-0.7933693,-0.7566845,0.6825417,7964
4.02,-18.3804,0,0,-0.08920185,-0.2541858,0.2435202,-4.661972,-0.7933693,-0.7552752,0.7244442,7964
4.04,-18.51305,0,0,-0.08055428,-0.2479969,0.1519171,-4.683286,-0.7933693,-0.7537624,0.7590324,7960
4.06,-18.68101,0,0,-0.08053774,-0.2460148,0.1366499,-4.713344,-0.7933693,-0.7539383,0.7444803,7964
4.08,-12.79712,0,0,-0.07609247,-0.2404887,0.09084838,-4.757464,-0.7258892,-0.6990517,0.9892627,7964
4.1,-19.1714,0,0,-0.0801012,-0.2400668,0.04504682,-4.18855,-0.7933693,-0.7400498,0.7423994,7944
4.12,-14.38977,0,0,-0.0788257,-0.2320005,0.1213828,-4.45241,-0.7258892,-0.6973889,0.9314196,7948
4.14,-20.50297,0,0,-0.07624054,-0.2311832,0.07558119,-4.160966,-0.7933693,-0.7411588,0.6877822,7948
4.16,-21.20726,0,0,-0.07930656,-0.232484,0.09084838,-4.577561,-0.7933693,-0.7546301,0.6077018,7944
4.18,-20.49187,0,0,-0.07955439,-0.2402509,0.1366499,-4.92547,-0.7933693,-0.7585752,0.5768577,7964
4.2,-19.68465,0,0,-0.0736355,-0.2449606,0.1366499,-5.098546,-0.7933693,-0.7580617,0.6059226,7956
4.22,-19.132,0,0,-0.07561025,-0.250005,-0.0007547362,-5.1248,-0.7933693,-0.7574581,0.6147075,7956
4.24,-18.82564,0,0,-0.07477075,-0.2514649,0.1671843,-5.086658,-0.7933693,-0.7563718,0.6430243,7968
4.26,-12.7155,0,0,-0.07354524,-0.247549,0.1061156,-5.026762,-0.7258892,-0.7006577,0.9111469,7960
4.28,-19.00486,0,0,-0.07987016,-0.2471406,0.1366499,-4.358311,-0.7933693,-0.741092,0.6862683,7960
4.3,-20.16492,0,0,-0.08644586,-0.2446446,0.1824515,-4.531275,-0.7933693,-0.7536839,0.6263517,7952
4.32,-19.85807,0,0,-0.08747822,-0.2477849,0.1671843,-4.762031,-0.7933693,-0.7575427,0.6070192,7960
4.34,-19.31635,0,0,-0.08367924,-0.2502839,0.2282531,-4.894141,-0.7933693,-0.7576204,0.6282595,7952
4.36,-18.91967,0,0,-0.08250913,-0.2522552,0.09084838,-4.929583,-0.7933693,-0.7569445,0.6468846,7952
4.38,-18.66314,0,0,-0.08659149,-0.2555215,0.2435202,-4.900792,-0.7933693,-0.7568867,0.6464332,7964
4.4,-18.40159,0,0,-0.09997284,-0.2635566,0.07558119,-4.816899,-0.7933693,-0.7582752,0.6118599,7956
4.42,-18.09755,0,0,-0.1093349,-0.2703258,0.1977187,-4.705149,-0.7933693,-0.7589972,0.6076506,7964
4.44,-12.00319,0,0,-0.09485286,-0.2599076,0.07558119,-4.631363,-0.7258892,-0.7012171,0.9495659,7956
4.46,-18.39678,0,0,-0.104368,-0.258487,0.1366499,-3.948716,-0.7933693,-0.7418281,0.7106569,7968
4.48,-19.71458,0,0,-0.09850104,-0.2485184,0.1366499,-4.15791,-0.7933693,-0.7527803,0.7003095,7944
4.5,-19.57937,0,0,-0.100866,-0.2501819,0.1213828,-4.42793,-0.7933693,-0.7570758,0.6573958,7948
4.52,-19.07681,0,0,-0.1007209,-0.2549296,0.07558119,-4.594047,-0.7933693,-0.7582408,0.6477093,7952
4.54,-18.55629,0,0,-0.1085583,-0.2633976,0.1061156,-4.63019,-0.7933693,-0.7592141,0.6226044,7968
4.56,-18.18845,0,0,-0.105206,-0.2649921,0.01451245,-4.607649,-0.7933693,-0.7580104,0.6621009,7964
4.58,-18.12312,0,0,-0.09505417,-0.2592707,0.07558119,-4.582984,-0.7933693,-0.7555999,0.7261097,7968
4.6,-18.29108,0,0,-0.08809271,-0.2526737,0.04504682,-4.581439,-0.7933693,-0.7541013,0.7583186,7968
4.62,-18.52638,0,0,-0.08289448,-0.2472978,-0.03128911,-4.614434,-0.7933693,-0.7535049,0.7683302,7960
4.64,-18.62255,0,0,-0.0917819,-0.2508726,0.1213828,-4.63754,-0.7933693,-0.7553297,0.7120245,7964
4.66,-18.63445,0,0,-0.08356018,-0.2481688,0.1977187,-4.684382,-0.7933693,-0.7546074,0.7400657,7952
4.68,-18.65184,0,0,-0.08616162,-0.2493305,0.1824515,-4.710618,-0.7933693,-0.7550858,0.7179341,7956
4.7,-18.64923,0,0,-0.08393264,-0.2489989,0.1519171,-4.735714,-0.7933693,-0.7549637,0.7212088,7952
4.72,-18.58231,0,0,-0.09222257,-0.2538977,0.1519171,-4.729188,-0.7933693,-0.7562562,0.681396,7952
4.74,-18.51789,0,0,-0.08625551,-0.2523457,0.1366499,-4.732889,-0.7933693,-0.7553807,0.7127329,7952
4.76,-18.58278,0,0,-0.08002712,-0.2482708,0.1671843,-4.746794,-0.7933693,-0.7542389,0.7388711,7968
4.78,-18.66642,0,0,-0.0827879,-0.2484888,0.09084838,-4.756481,-0.7933693,-0.7547042,0.7185317,7964
4.8,-18.72726,0,0,-0.07816635,-0.2462364,0.1519171,-4.784281,-0.7933693,-0.7542879,0.7318057,7960
4.82,-12.77357,0,0,-0.07847007,-0.2431154,0.09084838,-4.802844,-0.7258892,-0.6997939,0.9620655,7956
4.84,-19.026,0,0,-0.09000494,-0.2473529,0.04504682,-4.187855,-0.7933693,-0.7417259,0.6936877,7956
4.86,105.9871,0,0,-0.08528798,-0.1800922,-0.03128911,-4.292922,0.6237106,0.3958429,5.739586,7944
4.88,-26.62974,0,0,-0.1005096,-0.1369707,-0.01602192,8.176624,-0.7933693,-0.4502573,1.168336,7880
4.9,65.48006,0,0,0.1893448,0.1994058,21.87712,2.357528,0.5562305,0.4359108,6.155686,7956
4.92,-64.05641,0,0,0.6693308,0.51171,21.49544,6.206196,-0.7933693,-0.3810188,2.757705,7864
4.94,-85.72717,0,0,0.6353502,0.5789088,-6.855718,-4.373027,-0.7933693,-0.66154,0.4043057,7956
4.96,-77.13755,0,0,0.9030843,0.5685493,7.938179,-14.39924,-0.7933693,-0.7254488,0.08426523,7944
4.98,-24.8675,0,0,0.564206,0.2388691,-22.85572,-19.23074,-0.3884897,-0.4750287,-0.7253763,7944
5,-14.83674,0,0,-0.3703935,-0.4565246,-47.66489,-14.44018,-0.5234499,-0.6317291,-4.677391,7936
5.02,-49.21973,0,0,-1.090621,-1.071576,-2.855718,-8.009066,-1.13077,-1.208435,-8.208513,7944
5.04,-63.28696,0,0,-0.8113707,-1.088523,8.319858,-7.768522,-1.46817,-1.518277,-6.077455,7976
5.06,-70.36307,0,0,-0.8294085,-1.115106,-1.344267,-8.98312,-1.738089,-1.779165,-5.405075,8012
5.08,-196.6465,0,0,-0.8397833,-1.218265,-0.1381594,-10.60314,-3.357609,-3.12725,-9.686542,8004
5.1,55.96453,0,0,-0.8514966,-1.262496,-6.077093,-24.14356,-0.7933693,-1.376847,0.3275238,8108
5.12,-302.9667,0,0,-1.102321,-1.637788,-15.61908,-7.273851,-5.247049,-4.496123,-13.63041,7960
5.14,68.32429,0,0,-1.478531,-1.799496,-28.48932,-30.7773,-1.13077,-2.01414,-0.2967596,8228
5.16,-355.9601,0,0,-1.792067,-2.369238,-0.962587,-8.403077,-6.596649,-5.737581,-16.90413,7984
5.18,141.0403,0,0,-1.88624,-2.346151,-10.53511,-35.43198,-1.06329,-2.20311,3.225027,8300
5.2,-341.4044,0,0,-2.047697,-2.751727,-11.22213,-3.234544,-7.20397,-6.160906,-14.16736,7984
5.22,187.2509,0,0,-2.153524,-2.531862,-10.22977,-29.57783,-1.06329,-2.218236,7.677384,8332
5.24,265.3347,0,0,-2.372727,-2.584066,-4.229764,6.951267,-0.7933693,-0.9002442,12.60322,7972
5.26,-445.9946,0,0,-2.562964,-2.391868,-10.04656,39.09232,-8.081209,-6.459834,-11.89133,7948
5.28,-566.932,0,0,-2.479272,-2.305295,17.12902,-11.86699,-8.958448,-8.706439,-18.10439,8388
5.3,-515.7806,0,0,-1.071147,-2.391975,61.54126,-62.07529,-9.565769,-9.56624,-14.81708,8444
5.32,-267.154,0,0,-0.5338719,-2.804393,26.09085,-91.66938,-8.081209,-8.437133,-5.718469,8488
5.34,-330.8578,0,0,-1.292938,-3.740888,-68.26032,-84.08704,-9.83569,-9.55202,-11.05932,8376
5.36,-221.2484,0,0,-3.076326,-4.98686,-78.35192,-80.06224,-9.228369,-9.484554,-12.10625,8496
5.38,347.415,0,0,-4.646845,-5.949958,-77.20689,-60.88081,-3.695009,-5.01361,8.097002,8468
5.4,381.4548,0,0,-5.984403,-6.34242,-66.07711,13.61315,-3.627529,-3.738637,13.11224,8136
5.42,-349.3465,0,0,-6.951751,-6.132803,-46.41298,68.93612,-10.78041,-9.234998,-10.17984,8128
5.44,-483.3997,0,0,-7.363735,-5.951531,3.083216,32.8625,-11.59017,-11.43961,-15.34358,8532
5.46,-306.0958,0,0,-6.273483,-5.87856,50.86949,-7.741264,-10.64545,-11.05078,-5.816487,8604
5.48,-219.5524,0,0,-5.506381,-5.924768,42.67102,-19.00483,-10.78041,-10.84833,0.4597505,8544
5.5,-164.176,0,0,-5.660255,-6.127882,-46.38245,-17.27033,-10.71293,-10.68105,3.376686,8572
5.52,-119.8843,0,0,-7.327494,-7.054723,-77.63437,-5.744858,-10.64545,-10.75018,0.05037451,8548
5.54,-84.98093,0,0,-8.837399,-8.035789,-69.06948,11.00829,-10.71293,-10.91276,-1.610434,8544
5.56,-58.46246,0,0,-8.619654,-7.993649,39.51071,25.5047,-10.71293,-10.76426,5.109367,8544
5.58,36.9057,0,0,-7.18803,-6.866797,57.06797,33.97668,-9.565769,-9.497485,19.40791,8564
5.6,-58.76636,0,0,-5.872269,-5.508974,62.68629,45.13972,-10.17309,-9.489166,24.04868,8472
5.62,334.7475,0,0,-4.813605,-4.058114,42.73209,39.89756,-4.977129,-5.245187,44.37558,8512
5.64,-227.7446,0,0,-3.667696,-2.903354,59.03743,71.95943,-10.44301,-8.522066,27.19752,8216
5.66,-262.4083,0,0,-2.081371,-1.436158,80.83897,31.58458,-9.295849,-8.482511,28.4648,8544
5.68,-166.855,0,0,-0.9279691,-0.8465744,63.72446,-2.540548,-8.013729,-7.493748,29.27788,8468
5.7,-165.1681,0,0,0.3760176,-0.374961,57.48018,-19.51313,-7.811289,-7.036604,28.5136,8424
5.72,-145.7538,0,0,0.6629044,-0.2952026,1.770238,-31.63167,-7.20397,-6.535522,25.04676,8400
5.74,-163.3868,0,0,-0.5270534,-1.126634,-74.58093,-34.49916,-7.20397,-6.695602,14.56506,8360
5.76,-186.9658,0,0,-2.162767,-2.452531,-87.26796,-33.3801,-7.541368,-7.27815,3.651564,8328
5.78,-174.579,0,0,-3.37111,-3.659363,-56.55039,-31.1786,-7.743809,-7.709294,-1.947166,8352
5.8,-89.48036,0,0,-3.618934,-4.199981,8.976348,-27.25369,-7.20397,-7.309504,1.431923,8344
5.82,12.12854,0,0,-3.767909,-4.326144,-6.748848,-15.30587,-6.326729,-6.417475,7.219308,8344
5.84,-130.2182,0,0,-3.981508,-4.293492,-12.2603,3.46105,-7.878769,-7.41026,3.737945,8280
5.86,-6.709808,0,0,-4.003162,-4.022997,7.892378,1.769845,-6.259249,-6.352131,10.32924,8360
5.88,13.5058,0,0,-2.625473,-3.069804,65.15958,9.23401,-5.92185,-5.584185,18.61054,8296
5.9,-73.43433,0,0,-1.84298,-2.148303,35.96872,13.66901,-6.326729,-5.669648,19.03515,8268
5.92,19.1826,0,0,-1.520664,-1.538669,17.19009,6.707023,-4.707209,-4.455781,22.55741,8280
5.94,-176.7775,0,0,-1.214812,-1.264287,12.13665,10.16423,-6.529169,-5.668164,14.13409,8188
5.96,-130.7142,0,0,-1.092047,-1.146284,1.602299,-7.755482,-5.58445,-5.314135,13.37265,8300
5.98,-151.9469,0,0,-1.336655,-1.511116,-5.787016,-14.45238,-5.92185,-5.590249,8.271049,8248
6,-90.03517,0,0,-1.584807,-1.89486,-16.2145,-20.19669,-5.314529,-5.223457,7.656213,8248
6.02,-100.7284,0,0,-1.898816,-2.282355,-20.55038,-16.77073,-5.58445,-5.375385,5.153891,8216
6.04,-16.50792,0,0,-2.510799,-2.692285,-31.45115,-13.6371,-4.707209,-4.771891,5.955122,8224
6.06,-27.78224,0,0,-3.449833,-3.277194,-49.55802,-0.268708,-4.977129,-4.924426,2.550445,8184
6.08,-47.89319,0,0,-4.248839,-3.75734,-13.02366,9.934812,-5.247049,-5.242822,0.1266844,8204
6.1,-3.2052,0,0,-3.015738,-3.083067,58.1672,11.49916,-4.707209,-4.643339,9.33198,8232
6.12,11.10764,0,0,-1.974056,-2.160563,46.64048,13.94781,-4.30233,-4.021276,15.49899,8200
6.14,61.07117,0,0,-1.41241,-1.396775,25.34276,15.19893,-3.290129,-3.035172,19.78076,8168
6.16,-43.54459,0,0,-1.172049,-0.9465154,16.74734,20.05026,-3.96493,-3.384962,15.7482,8128
6.18,-37.64386,0,0,-0.6150409,-0.4439149,32.01452,10.99885,-3.357609,-3.010076,16.35734,8136
6.2,-121.0211,0,0,0.1995185,0.02946994,43.92293,3.016086,-3.96493,-3.383384,13.79296,8108
6.22,-70.01586,0,0,0.6327497,0.2954988,22.31986,-12.08121,-3.08769,-2.817552,14.20904,8148
6.24,-100.2448,0,0,0.5083091,0.1042052,-9.512208,-16.78662,-3.357609,-2.985679,9.267077,8104
6.26,-108.779,0,0,-0.2786916,-0.5190021,-42.64199,-20.74302,-3.425089,-3.246766,3.074815,8124
6.28,-88.71202,0,0,-1.372778,-1.447229,-63.72597,-20.96677,-3.425089,-3.463879,-2.264272,8132
6.3,-46.54256,0,0,-2.726197,-2.550787,-68.94734,-14.94813,-3.357609,-3.593304,-6.246783,8112
6.32,-7.468704,0,0,-3.690381,-3.388552,20.06032,-3.544697,-3.357609,-3.647873,-6.788603,8104
6.34,65.98846,0,0,-3.130525,-3.159858,20.80841,6.843362,-2.75029,-2.960016,2.017262,8100
6.36,32.85263,0,0,-2.647509,-2.586271,8.823676,19.76579,-3.02021,-2.875273,5.998438,8072
6.38,0.4270782,0,0,-2.153698,-1.901613,25.25116,23.44032,-3.02021,-2.801258,8.636877,8088
6.4,-72.15503,0,0,-0.6979607,-0.8054835,66.24354,18.24604,-3.425089,-2.952892,12.20428,8088
6.42,-23.62144,0,0,0.08147919,-0.04014358,36.59468,4.921587,-2.48037,-2.229018,15.46446,8116
6.44,-36.54116,0,0,0.1602392,0.120776,1.541231,0.4285569,-2.412889,-2.079148,12.59356,8072
6.46,-48.27223,0,0,-0.2056343,-0.1091545,-25.52748,-2.932389,-2.345409,-2.115153,8.14252,8052
6.48,-55.85146,0,0,-0.9198251,-0.670923,-42.65726,-4.305469,-2.412889,-2.318227,2.860548,8056
6.5,-10.84672,0,0,-1.902214,-1.455827,-49.61909,-3.012528,-2.075489,-2.228356,-0.5460038,8052
6.52,-22.27262,0,0,-2.026004,-1.794411,24.79315,3.015491,-2.412889,-2.431999,-0.8884989,8004
6.54,-27.05891,0,0,-1.543703,-1.571164,18.33513,4.658456,-2.48037,-2.423624,2.170707,8056
6.56,-18.04165,0,0,-1.456599,-1.403671,-1.43587,4.960867,-2.345409,-2.297342,3.455503,8056
6.58,-140.2807,0,0,-1.538686,-1.429614,-9.725948,6.120404,-3.695009,-3.376999,-1.570117,8064
6.6,-41.60371,0,0,-1.389472,-1.377746,17.03742,-5.785863,-2.61533,-2.772541,2.394103,8140
6.62,-34.11163,0,0,-1.027713,-1.277108,14.02979,-4.771888,-2.75029,-2.653483,4.05229,8072
6.64,-42.66867,0,0,-1.210379,-1.320656,-13.86335,-2.870791,-2.81777,-2.70679,3.08254,8076
6.66,-112.6927,0,0,-1.745306,-1.646778,-34.09237,-1.033493,-3.627529,-3.455255,-1.964682,8076
6.68,16.8663,0,0,-2.350074,-2.075236,-30.06183,-4.963826,-2.345409,-2.679509,0.5160961,8136
6.7,2.195984,0,0,-1.979869,-2.019847,27.70918,4.629999,-2.75029,-2.681947,2.868389,8052
6.72,-11.76402,0,0,-1.6903,-1.692622,5.38856,8.717783,-2.75029,-2.622748,5.005828,8112
6.74,-22.40184,0,0,-1.968697,-1.66348,-17.71068,10.68697,-2.75029,-2.666296,3.822187,8112
6.76,-25.92969,0,0,-2.036,-1.666043,21.52597,11.09988,-2.75029,-2.693757,3.533761,8088
6.78,-33.67771,0,0,-1.140092,-1.164047,31.61758,8.51677,-2.75029,-2.569145,7.247228,8076
6.8,-48.47098,0,0,-0.7326996,-0.7881591,12.79314,4.680546,-2.75029,-2.519033,7.788108,8068
6.82,-58.78958,0,0,-0.837485,-0.7743737,-8.260299,0.7682713,-2.75029,-2.573271,5.701774,8076
6.84,-58.8513,0,0,-1.100554,-0.9889924,-5.970222,-2.163999,-2.75029,-2.653502,3.379136,8080
6.86,36.13403,0,0,-1.051483,-1.051176,-2.397702,-4.094415,-1.738089,-1.845853,6.729965,8064
6.88,36.77812,0,0,-1.234479,-1.142071,-12.94732,4.76414,-1.738089,-1.651668,6.216057,8016
6.9,18.06462,0,0,-1.262368,-1.055573,8.671004,10.8412,-1.738089,-1.607682,5.994127,8024
6.92,-120.3575,0,0,-0.4973658,-0.5709542,35.40384,10.70599,-3.02021,-2.541764,4.002562,8024
6.94,-56.01425,0,0,-0.03289583,-0.1855288,21.5107,-4.795794,-2.075489,-2.01977,6.977899,8096
6.96,-49.72477,0,0,0.1693682,-0.1246371,5.312224,-9.335104,-2.075489,-1.898598,6.243178,8032
6.98,-142.0191,0,0,-0.1458407,-0.3925724,-22.06183,-10.97109,-3.08769,-2.76553,-0.1179287,8020
7,-10.79592,0,0,-0.8439935,-0.9230115,-41.52748,-19.23657,-1.738089,-2.01166,0.7090589,8100
7.02,16.92058,0,0,-1.628256,-1.606829,-36.13817,-9.078084,-1.805569,-1.92822,-1.359474,7996
7.04,23.28444,0,0,-1.79373,-1.784103,-9.741216,1.224966,-1.805569,-1.85884,0.0627827,8000
7.06,-7.383789,0,0,-1.551299,-1.55856,18.96108,8.111853,-2.075489,-1.981844,1.796124,8020
7.08,-136.6523,0,0,-1.02106,-1.14005,26.68628,7.9222,-3.357609,-2.976483,-0.07049561,8028
7.1,-61.43672,0,0,-0.4693933,-0.7214911,27.25116,-6.897748,-2.412889,-2.430147,4.511934,8116
7.12,-74.08395,0,0,-0.1276219,-0.5589011,13.02215,-10.30001,-2.68281,-2.48103,4.388403,8064
7.14,-76.23918,0,0,-0.2098968,-0.6060932,-11.63435,-13.68472,-2.68281,-2.533067,3.076193,8048
7.16,-74.66182,0,0,-0.7618893,-0.9919473,-32.61145,-14.61024,-2.75029,-2.69182,-0.004913807,8064
7.18,-25.98323,0,0,-1.622869,-1.621687,-44.12291,-12.4868,-2.412889,-2.560596,-1.91065,8092
7.2,-34.59209,0,0,-2.017491,-2.0315,3.266422,-4.82875,-2.75029,-2.790082,-2.810707,8052
7.22,62.58997,0,0,-1.822725,-1.919722,-0.6572433,-0.8805174,-1.738089,-1.940694,3.61767,8076
7.24,55.78683,0,0,-1.962199,-1.8199,-1.16106,11.94054,-1.805569,-1.760606,4.627932,8044
7.26,5.1017,0,0,-1.386906,-1.272804,36.83895,18.13322,-2.075489,-1.844317,6.7961,8000
7.28,-53.07507,0,0,-0.3916461,-0.454906,45.20537,14.11868,-2.345409,-1.986188,8.975347,8008
7.3,-86.686,0,0,0.2647913,0.1190686,28.27406,3.396597,-2.412889,-2.071906,8.83864,8056
7.32,-91.93695,0,0,0.3838996,0.2127609,0.07558119,-7.711365,-2.345409,-2.109876,6.524316,8044
7.34,-86.35866,0,0,-0.05639691,-0.1823527,-27.51221,-14.46923,-2.345409,-2.234693,2.392984,8052
7.36,-42.9572,0,0,-0.9225134,-0.9155233,-48.15344,-15.82734,-2.075489,-2.173813,-1.069101,8036
7.38,-15.79741,0,0,-1.80081,-1.682934,-44.09237,-9.611092,-2.075489,-2.230397,-3.617729,8036
7.4,-35.33179,0,0,-1.776371,-1.866152,9.968714,-2.525964,-2.48037,-2.487293,-2.663124,8012
7.42,-19.42744,0,0,-1.602812,-1.731401,6.976346,-0.1705407,-2.345409,-2.372515,0.2926902,8036
7.44,71.26727,0,0,-1.337271,-1.433212,13.43437,2.320978,-1.33321,-1.463135,6.238461,8032
7.46,47.48474,0,0,-1.13179,-1.101655,9.571767,12.46826,-1.46817,-1.302765,7.450854,7996
7.48,-9.737434,0,0,-0.7633096,-0.6367347,21.17483,15.64275,-1.738089,-1.459051,7.443821,8004
7.5,-41.21898,0,0,0.04538402,0.001206905,39.90766,9.524458,-1.738089,-1.441751,9.037514,8000
7.52,20.81403,0,0,0.5568067,0.4516617,22.28933,0.6639252,-0.7933693,-0.6787474,11.85498,8028
7.54,-84.54403,0,0,0.5325789,0.4666561,-3.832817,0.8234096,-1.805569,-1.374159,5.673012,7960
7.56,-93.15138,0,0,0.2277705,0.2240024,-13.84809,-8.902469,-1.738089,-1.607584,1.84928,8032
7.58,-81.41915,0,0,0.3971258,0.05823223,5.785507,-16.6502,-1.738089,-1.657084,1.190481,8020
7.6,-72.91332,0,0,0.1646381,-0.2556846,-17.03893,-19.92741,-1.805569,-1.75786,-0.6535959,8024
7.62,-48.67428,0,0,-0.513891,-0.7999808,-40.35191,-19.23284,-1.738089,-1.808908,-3.042966,8020
7.64,-28.72388,0,0,-1.581346,-1.580202,-55.57329,-13.1312,-1.805569,-1.980483,-6.296098,8048
7.66,9.823799,0,0,-2.196494,-2.106282,1.617566,-5.007343,-1.670609,-1.91674,-5.628854,8000
7.68,10.55453,0,0,-1.711738,-1.883803,10.56413,3.160635,-1.805569,-1.846928,-0.8523631,8008
7.7,96.02057,0,0,-1.694179,-1.605891,-1.054191,8.655939,-0.7933693,-0.977316,4.6418,8032
7.72,56.96673,0,0,-1.218552,-1.092191,33.99926,19.52087,-1.06329,-0.8883399,7.015734,7972
7.74,12.19791,0,0,-0.5834401,-0.3970641,27.26643,20.83559,-1.13077,-0.8687278,8.78101,7980
7.76,-46.26289,0,0,0.1380765,0.2501288,47.984,14.86959,-1.40069,-1.054558,8.704418,7996
7.78,-78.29137,0,0,0.8699946,0.765396,32.76262,2.665324,-1.46817,-1.14387,8.379961,7996
7.8,-82.85306,0,0,1.039384,0.8403171,5.587033,-9.392024,-1.40069,-1.177066,5.949345,7996
7.82,-78.63813,0,0,0.7664213,0.5154794,-18.84046,-17.17557,-1.40069,-1.279233,2.253863,8012
7.84,-39.07303,0,0,0.09946725,-0.09747417,-38.27558,-19.94045,-1.13077,-1.193129,-0.7756008,8024
7.86,-101.5345,0,0,-0.5598614,-0.7630744,-33.17634,-15.79692,-2.075489,-1.993497,-6.384284,7992
7.88,32.65078,0,0,-0.9396796,-1.156662,-20.71832,-17.923,-0.7933693,-1.163955,-2.224389,8040
7.9,-62.37975,0,0,-1.162495,-1.425315,-3.92442,-5.098091,-2.142969,-1.996914,-5.302384,7948
7.92,29.19168,0,0,-0.8322166,-1.15961,21.87712,-6.878357,-1.06329,-1.250435,1.416249,8040
7.94,26.32284,0,0,-0.5663761,-0.8677226,7.495431,0.3668933,-1.13077,-1.050253,3.731385,7952
7.96,15.79778,0,0,-0.7383399,-0.7325221,-10.76412,5.285771,-1.06329,-0.9819438,3.481992,7964
7.98,-38.3427,0,0,-0.1586499,-0.30462,33.61758,5.79109,-1.46817,-1.221994,4.274508,8004
8,-56.99051,0,0,0.2803962,0.07501885,17.61757,-0.7439501,-1.46817,-1.26719,4.736852,7996
8.02,-55.56303,0,0,0.2062294,0.06545136,-5.481672,-6.925064,-1.40069,-1.285914,2.998229,7992
8.04,-55.66265,0,0,-0.08476134,-0.2035853,-16.18397,-10.09885,-1.46817,-1.409859,0.479631,8004
8.06,-38.7226,0,0,-0.3619769,-0.5126837,-13.2832,-11.34717,-1.40069,-1.420051,-0.6706538,7988
8.08,-31.39925,0,0,-0.686146,-0.8245934,-15.60382,-9.448278,-1.46817,-1.498339,-1.728759,7984
8.1,-21.14341,0,0,-0.8361675,-0.9930923,-6.977857,-6.900202,-1.46817,-1.505538,-1.353462,7992
8.12,-8.876534,0,0,-0.8350979,-1.004891,0.2740546,-4.090028,-1.40069,-1.421371,0.0004415512,7996
8.14,-13.90512,0,0,-0.8057535,-0.9399645,1.190086,-1.052288,-1.46817,-1.43092,0.7770877,7984
8.16,-17.94442,0,0,-0.6420501,-0.7768743,8.503064,-0.01348126,-1.46817,-1.403589,1.940206,8008
8.18,-23.22097,0,0,-0.4807526,-0.6085736,7.403828,-0.2395967,-1.46817,-1.379887,2.649877,7996
8.2,-22.33577,0,0,-0.3837661,-0.4932076,3.968712,-1.252939,-1.40069,-1.319234,2.992596,8000
8.22,-31.80384,0,0,-0.3775394,-0.4638433,-0.2602969,-1.908073,-1.46817,-1.371487,2.363996,8000
8.24,-33.89481,0,0,-0.3754381,-0.4695563,0.07558119,-3.322885,-1.46817,-1.395357,1.950513,8016
8.26,-26.99807,0,0,-0.39972,-0.5072207,-1.16106,-4.403644,-1.40069,-1.355713,1.801137,7992
8.28,-31.80927,0,0,-0.3734049,-0.5230496,0.01451245,-4.492895,-1.46817,-1.395961,1.568836,7988
8.3,-31.99218,0,0,-0.3735264,-0.5345826,-0.1381594,-5.033998,-1.46817,-1.407669,1.452266,7992
8.32,-31.06435,0,0,-0.3816815,-0.5525194,-0.4893047,-5.386537,-1.46817,-1.412177,1.362541,7992
8.34,-30.20044,0,0,-0.3698543,-0.5579282,0.1366499,-5.554041,-1.46817,-1.410511,1.411374,7988
8.36,-23.76805,0,0,-0.3647065,-0.5562763,0.1213828,-5.584377,-1.40069,-1.353883,1.683417,7996
8.38,-29.98288,0,0,-0.3619759,-0.5529391,0.1366499,-4.967965,-1.46817,-1.392666,1.48968,7996
8.4,-25.34946,0,0,-0.3493629,-0.5364994,0.3198562,-5.216672,-1.40069,-1.347627,1.736758,7988
8.42,-31.83276,0,0,-0.3310421,-0.5235017,0.1977187,-4.977231,-1.46817,-1.389054,1.547438,7980
8.44,-33.01692,0,0,-0.319028,-0.5127809,0.2435202,-5.512801,-1.46817,-1.400962,1.494568,7996
8.46,-32.69446,0,0,-0.3153225,-0.5159837,0.06031401,-6.004438,-1.46817,-1.405538,1.427425,7984
8.48,-32.05682,0,0,-0.309763,-0.521808,0.2282531,-6.314142,-1.46817,-1.40647,1.405866,8000
8.5,-31.52082,0,0,-0.3087318,-0.528024,0.07558119,-6.456898,-1.46817,-1.406437,1.391973,8004
8.52,-25.15019,0,0,-0.3097153,-0.5299926,-0.03128911,-6.486598,-1.40069,-1.351453,1.628602,7984
8.54,-25.32977,0,0,-0.3028585,-0.5229148,0.1061156,-5.880033,-1.40069,-1.335193,1.693643,7988
8.56,-32.88808,0,0,-0.3077877,-0.5165064,-0.0007547362,-5.489262,-1.46817,-1.387394,1.41192,7988
8.58,-33.83973,0,0,-0.3161907,-0.5180487,0.09084838,-5.973117,-1.46817,-1.404504,1.297503,8000
8.6,-26.93458,0,0,-0.321016,-0.5267787,-0.06182348,-6.371837,-1.40069,-1.355442,1.486529,7992
8.62,-32.1874,0,0,-0.317038,-0.5322713,0.2435202,-5.952671,-1.46817,-1.395258,1.304312,7996
8.64,-26.69601,0,0,-0.3172612,-0.528778,0.2435202,-6.196119,-1.40069,-1.35115,1.528033,7992
8.66,-32.43826,0,0,-0.3166149,-0.5298657,0.09084838,-5.811791,-1.46817,-1.393684,1.319219,7984
8.68,-27.09865,0,0,-0.3077117,-0.5204788,0.1213828,-6.15519,-1.40069,-1.349519,1.566999,7988
8.7,-32.8907,0,0,-0.3064739,-0.5206479,0.04504682,-5.856802,-1.46817,-1.392599,1.34006,7996
8.72,-33.47946,0,0,-0.3031364,-0.5183523,0.1061156,-6.253609,-1.46817,-1.404461,1.307963,7988
8.74,-32.7726,0,0,-0.3050208,-0.5251722,0.09084838,-6.5733,-1.46817,-1.408181,1.279548,7992
8.76,-32.04033,0,0,-0.2925642,-0.5254046,0.09084838,-6.746989,-1.46817,-1.406609,1.341622,8000
8.78,-25.61862,0,0,-0.2905113,-0.5235965,0.1519171,-6.787989,-1.40069,-1.350729,1.603176,7996
8.8,-25.74505,0,0,-0.2901711,-0.51877,0.06031401,-6.166924,-1.40069,-1.335306,1.645491,7984
8.82,-27.19448,0,0,-0.2966108,-0.5108783,0.1519171,-5.749804,-1.40069,-1.332979,1.609149,7996
8.84,-34.48222,0,0,-0.2956012,-0.504753,0.1671843,-5.630783,-1.46817,-1.388449,1.331751,7988
8.86,-29.00346,0,0,-0.2913687,-0.5005356,0.09084838,-6.297378,-1.40069,-1.349772,1.505581,7996
8.88,-34.08609,0,0,-0.3051922,-0.5161825,-0.07709067,-6.156471,-1.46817,-1.396564,1.196764,7992
8.9,-33.99714,0,0,-0.296054,-0.51868,0.1519171,-6.596772,-1.46817,-1.407254,1.211819,7992
8.92,-26.90942,0,0,-0.2993979,-0.5253987,-0.4893047,-6.864624,-1.40069,-1.355227,1.445752,8000
8.94,-31.93706,0,0,-0.3373537,-0.5511746,-2.458771,-6.223187,-1.46817,-1.400113,1.113885,7988
8.96,-19.7884,0,0,-0.3698352,-0.566891,0.5030622,-6.191495,-1.33321,-1.305368,1.510988,7992
8.98,-25.31847,0,0,-0.3633277,-0.5629637,-0.5656406,-4.95861,-1.40069,-1.330452,1.452559,7984
9,-33.50664,0,0,-0.3477409,-0.5400708,0.9916119,-4.747562,-1.46817,-1.389594,1.297409,7988
9.02,-28.08448,0,0,-0.3595409,-0.5372044,-0.1534266,-5.405074,-1.40069,-1.354614,1.425389,7992
9.04,-33.08798,0,0,-0.3502603,-0.5402915,-0.3671672,-5.327611,-1.46817,-1.398465,1.24172,8004
9.06,-27.04047,0,0,-0.3430546,-0.536899,0.2587874,-5.795191,-1.40069,-1.35445,1.488785,8004
9.08,-32.31981,0,0,-0.3432592,-0.5416108,-0.1534266,-5.501503,-1.46817,-1.39695,1.277926,7988
9.1,-32.68263,0,0,-0.3325042,-0.5365917,0.2282531,-5.868377,-1.46817,-1.406733,1.303909,7988
9.12,-32.00032,0,0,-0.3303878,-0.5394153,0.3351234,-6.157301,-1.46817,-1.409103,1.306352,7992
9.14,-31.27387,0,0,-0.3294618,-0.5440049,0.1519171,-6.282202,-1.46817,-1.409028,1.323605,7996
9.16,-18.71104,0,0,-0.3342289,-0.5439996,0.1213828,-6.264349,-1.33321,-1.299454,1.811696,8000
9.18,-25.06195,0,0,-0.3306431,-0.5356757,0.09084838,-4.99698,-1.40069,-1.323193,1.674999,7984
9.2,-27.86819,0,0,-0.3235948,-0.5132021,0.9000088,-4.818214,-1.40069,-1.330299,1.657923,7988
9.22,-35.19086,0,0,-0.3181016,-0.5036283,-0.1381594,-5.013513,-1.46817,-1.389099,1.353511,7972
9.24,-35.39754,0,0,-0.3106284,-0.5042144,0.5030622,-5.909833,-1.46817,-1.406238,1.268339,7996
9.26,-33.7956,0,0,-0.3244793,-0.5265211,-0.5045714,-6.489499,-1.46817,-1.413418,1.157786,7992
9.28,-32.31861,0,0,-0.2985373,-0.5287802,0.4725278,-6.777728,-1.46817,-1.409593,1.290197,7996
9.3,-19.44117,0,0,-0.3078755,-0.5324198,0.1519171,-6.780827,-1.33321,-1.299468,1.760471,8000
9.32,-31.59226,0,0,-0.3107741,-0.5321415,0.07558119,-5.482243,-1.46817,-1.378379,1.364762,7980
9.34,-27.99286,0,0,-0.2957902,-0.5090465,0.7931387,-5.882565,-1.40069,-1.343841,1.611238,7992
9.36,-34.1729,0,0,-0.2842554,-0.5002872,-0.2144953,-5.832281,-1.46817,-1.389424,1.386133,7980
9.38,-28.71259,0,0,-0.2791305,-0.4948552,0.3351234,-6.436096,-1.40069,-1.348186,1.560954,7988
9.4,-33.95706,0,0,-0.3020983,-0.5141852,-0.6114421,-6.230217,-1.46817,-1.395946,1.205319,7992
9.42,-27.96209,0,0,-0.2907067,-0.5130811,0.4877952,-6.642389,-1.40069,-1.351779,1.470019,7980
9.44,-27.26142,0,0,-0.2977675,-0.5187802,-0.01602192,-6.290943,-1.40069,-1.340366,1.471306,8016
9.46,-33.93203,0,0,-0.2896331,-0.5133989,0.07558119,-6.01259,-1.46817,-1.390481,1.279301,7980
9.48,-28.45215,0,0,-0.2906139,-0.5093057,0.2893218,-6.495415,-1.40069,-1.350311,1.469069,7992
9.5,-27.65087,0,0,-0.3086798,-0.5214678,-0.2755641,-6.213643,-1.40069,-1.342191,1.41051,7988
9.52,-34.04969,0,0,-0.2957327,-0.5169592,0.3503905,-5.982544,-1.46817,-1.392008,1.246497,7980
9.54,-34.31885,0,0,-0.3066425,-0.5221657,0.1061156,-6.447395,-1.46817,-1.407611,1.162951,7988
9.56,-32.9815,0,0,-0.3235541,-0.5410466,-0.4587703,-6.735098,-1.46817,-1.413583,1.103143,7992
9.58,-25.59202,0,0,-0.3236329,-0.5489746,0.5030622,-6.777604,-1.40069,-1.358071,1.408631,8004
9.6,-24.96899,0,0,-0.3339968,-0.553054,0.01451245,-6.025583,-1.40069,-1.342387,1.471537,7984
9.62,-26.09169,0,0,-0.3279648,-0.5388906,0.2435202,-5.476327,-1.40069,-1.3363,1.557275,7984
9.64,-27.44694,0,0,-0.3231324,-0.5227687,0.09084838,-5.242634,-1.40069,-1.334948,1.576602,7980
9.66,-34.4007,0,0,-0.3301384,-0.5206323,-0.03128911,-5.216902,-1.46817,-1.392156,1.266366,7988
9.68,-34.50879,0,0,-0.331029,-0.5249239,0.1366499,-5.902127,-1.46817,-1.408894,1.194073,7988
9.7,-27.04476,0,0,-0.3308938,-0.534457,-0.183961,-6.362327,-1.40069,-1.358257,1.424318,8000
9.72,-26.01018,0,0,-0.3269761,-0.5378795,0.304589,-5.92076,-1.40069,-1.342432,1.502863,8012
9.74,-32.63205,0,0,-0.3403896,-0.5418953,-0.04655629,-5.489099,-1.46817,-1.394316,1.235777,7976
9.76,-27.12378,0,0,-0.3355788,-0.5357554,-0.01602192,-5.877323,-1.40069,-1.352861,1.479898,7988
9.78,-20.61426,0,0,-0.3279639,-0.5283223,0.2129859,-5.595798,-1.33321,-1.285645,1.784593,8004
9.8,-21.65693,0,0,-0.3291765,-0.5170987,0.02977964,-4.748828,-1.33321,-1.268234,1.805708,7988
9.82,-36.00793,0,0,-0.3287942,-0.5059474,0.5335966,-4.307961,-1.46817,-1.375005,1.279843,7988
9.84,-31.37322,0,0,-0.3113769,-0.4924621,0.9763447,-5.513886,-1.40069,-1.349513,1.445168,7992
9.86,-29.91904,0,0,-0.3037668,-0.4987605,-0.4435031,-5.875167,-1.40069,-1.342972,1.421909,8000
9.88,-35.516,0,0,-0.293535,-0.5032501,0.8236728,-6.001488,-1.46817,-1.394565,1.194162,7980
9.9,-29.11912,0,0,-0.2974699,-0.5103276,-0.09235785,-6.633504,-1.40069,-1.354597,1.366729,7988
9.92,-33.94352,0,0,-0.2877463,-0.5159746,-0.2297625,-6.437888,-1.46817,-1.396018,1.202575,7996
9.94,-28.02518,0,0,-0.2799338,-0.5112432,0.7015356,-6.80928,-1.40069,-1.350906,1.463823,7992
9.96,-33.41851,0,0,-0.2897594,-0.5193555,-0.04655629,-6.438165,-1.46817,-1.39458,1.216009,7992
9.98,-33.79892,0,0,-0.2800964,-0.5151269,0.06031401,-6.760612,-1.46817,-1.404573,1.246661,7992
10,-27.02526,0,0,-0.289173,-0.5208673,-0.07709067,-6.98391,-1.40069,-1.353742,1.452454,8004
10.02,-32.47729,0,0,-0.2912496,-0.5258155,0.2740546,-6.445181,-1.46817,-1.393893,1.263899,7980
10.04,-33.02825,0,0,-0.3029115,-0.5295996,-0.04655629,-6.603423,-1.46817,-1.406119,1.212896,7980
10.06,-32.34709,0,0,-0.3058262,-0.5354701,-0.0007547362,-6.754848,-1.46817,-1.409048,1.224007,7988
10.08,-31.60225,0,0,-0.3072371,-0.5403057,0.1519171,-6.78036,-1.46817,-1.408788,1.259183,7996
10.1,-31.05544,0,0,-0.3140085,-0.5456815,0.04504682,-6.700893,-1.46817,-1.408458,1.27797,8000
10.12,-30.88467,0,0,-0.2966284,-0.5363079,0.1519171,-6.638754,-1.46817,-1.404552,1.399276,7992
10.14,-24.98159,0,0,-0.2999375,-0.5303488,0.1977187,-6.567917,-1.40069,-1.349329,1.643878,7988
10.16,-19.3519,0,0,-0.3059557,-0.52313,0.1977187,-5.902428,-1.33321,-1.280748,1.897144,7972
10.18,-33.17005,0,0,-0.316291,-0.5175457,0.3961921,-4.875525,-1.46817,-1.374176,1.38976,7988
10.2,-35.16963,0,0,-0.3345814,-0.5194108,0.4114593,-5.541192,-1.46817,-1.404476,1.201468,7980
10.22,-34.05274,0,0,-0.3166639,-0.5221093,0.09084838,-6.236718,-1.46817,-1.41037,1.23397,7988
10.24,-26.59806,0,0,-0.3186356,-0.5314687,0.4419934,-6.574477,-1.40069,-1.356964,1.463635,8008
10.26,-31.80547,0,0,-0.3187324,-0.5380664,-0.01602192,-6.047308,-1.46817,-1.395797,1.284506,8000
10.28,-20.40868,0,0,-0.3162883,-0.5288295,0.1671843,-6.214932,-1.33321,-1.296024,1.776205,7988
10.3,-32.61739,0,0,-0.3166568,-0.5257596,0.1977187,-5.187842,-1.46817,-1.378523,1.354619,7976
10.32,-34.54897,0,0,-0.3177861,-0.517817,0.3351234,-5.737275,-1.46817,-1.402536,1.270767,7984
10.34,-27.74128,0,0,-0.3127714,-0.5190375,-0.07709067,-6.309862,-1.40069,-1.354463,1.489124,7988
10.36,-32.88798,0,0,-0.3076446,-0.5237608,0.2893218,-6.022501,-1.46817,-1.395013,1.294398,7996
10.38,-21.16515,0,0,-0.3142782,-0.5226485,-0.01602192,-6.319323,-1.33321,-1.297553,1.722811,7996
10.4,-32.94725,0,0,-0.3196374,-0.5273753,-0.0007547362,-5.328413,-1.46817,-1.380951,1.282019,7992
10.42,-28.63142,0,0,-0.3105554,-0.5141264,0.2435202,-5.878128,-1.40069,-1.348187,1.499406,8000
10.44,-28.11403,0,0,-0.3080074,-0.5131153,-0.07709067,-5.81982,-1.40069,-1.339818,1.500928,7988
10.46,-34.52682,0,0,-0.3017501,-0.5109603,0.2740546,-5.75283,-1.46817,-1.391915,1.267334,7984
10.48,-34.61432,0,0,-0.3115833,-0.519171,0.1671843,-6.330787,-1.46817,-1.408317,1.166497,7992
10.5,-33.16301,0,0,-0.3190915,-0.5356913,0.1366499,-6.700724,-1.46817,-1.413081,1.136024,7992
10.52,-25.89109,0,0,-0.3034104,-0.535169,0.1366499,-6.831496,-1.40069,-1.355222,1.49275,8000
10.54,-31.62712,0,0,-0.2953122,-0.5301116,0.1061156,-6.211283,-1.46817,-1.391846,1.359959,8008
10.56,-26.70564,0,0,-0.2950904,-0.5193757,0.1977187,-6.374771,-1.40069,-1.347519,1.58453,7988
10.58,-32.73656,0,0,-0.3059323,-0.5231955,0.1366499,-5.965528,-1.46817,-1.392485,1.312404,7984
10.6,-33.43592,0,0,-0.2970327,-0.5176385,0.06031401,-6.326745,-1.46817,-1.403734,1.314651,7988
10.62,-26.85537,0,0,-0.2959931,-0.5181378,0.1061156,-6.637086,-1.40069,-1.352278,1.54015,7996
10.64,-26.43448,0,0,-0.2981809,-0.5197688,0.07558119,-6.171577,-1.40069,-1.338351,1.56341,8000
10.66,-27.46156,0,0,-0.2953683,-0.5112918,0.1366499,-5.826104,-1.40069,-1.334397,1.577184,7992
10.68,-28.52985,0,0,-0.2972524,-0.5044245,0.07558119,-5.697966,-1.40069,-1.334895,1.537201,7984
10.7,-29.28206,0,0,-0.2916381,-0.4974996,0.09084838,-5.739277,-1.40069,-1.335618,1.515073,7988
10.72,-35.75652,0,0,-0.2864351,-0.49615,0.1061156,-5.866616,-1.46817,-1.39117,1.243231,7984
10.74,-35.71455,0,0,-0.2782514,-0.4978005,0.1366499,-6.630477,-1.46817,-1.406091,1.198991,7988
10.76,-34.22369,0,0,-0.2835087,-0.5133861,-0.4587703,-7.120098,-1.46817,-1.410813,1.151345,7996
10.78,-32.69444,0,0,-0.2933295,-0.5315372,0.4267263,-7.262084,-1.46817,-1.411842,1.14122,7960
10.8,-25.59948,0,0,-0.2950446,-0.5376645,-0.2297625,-7.183756,-1.40069,-1.355216,1.443432,7996
10.82,-31.35431,0,0,-0.2991254,-0.5387841,0.1061156,-6.405462,-1.46817,-1.393309,1.285071,7992
10.84,-20.45232,0,0,-0.2919424,-0.5211255,0.3656577,-6.47626,-1.33321,-1.292796,1.81041,7984
10.86,-32.98195,0,0,-0.2975202,-0.5164692,-0.107625,-5.423306,-1.46817,-1.376502,1.359932,7976
10.88,-29.0886,0,0,-0.291309,-0.5007447,0.3351234,-6.002949,-1.40069,-1.345365,1.540419,7988
10.9,-28.70972,0,0,-0.2893307,-0.4999224,0.1213828,-6.006844,-1.40069,-1.338153,1.517234,7984
10.92,-35.04092,0,0,-0.2922222,-0.5040715,0.2740546,-5.969831,-1.46817,-1.392205,1.230255,7996
10.94,-16.92299,0,0,-0.303238,-0.5071107,0.04504682,-6.535353,-1.26573,-1.244845,1.850857,7996
10.96,-28.2666,0,0,-0.3181858,-0.5185298,-0.2908313,-5.047972,-1.40069,-1.315713,1.4002,7996
10.98,-30.84134,0,0,-0.3137625,-0.5053574,1.022146,-5.213188,-1.40069,-1.334779,1.367585,7988
11,-37.18577,0,0,-0.2828359,-0.4903716,0.3198562,-5.681561,-1.46817,-1.391517,1.202407,7972
11.02,-30.5848,0,0,-0.2940974,-0.4998137,0.2740546,-6.604098,-1.40069,-1.355622,1.304283,7996
11.04,-28.7766,0,0,-0.2957071,-0.5142493,-0.7793808,-6.542818,-1.40069,-1.345206,1.322571,7984
11.06,-28.54826,0,0,-0.2900885,-0.5145015,0.6251997,-6.329148,-1.40069,-1.340111,1.383235,7980
11.08,-28.73613,0,0,-0.3052031,-0.5194477,-0.2297625,-6.121212,-1.40069,-1.340613,1.338826,7984
11.1,-34.9884,0,0,-0.2968528,-0.5164709,0.1061156,-6.029188,-1.46817,-1.39373,1.152687,7988
11.12,-28.91042,0,0,-0.2997114,-0.5169147,0.04504682,-6.587529,-1.40069,-1.354003,1.354172,8004
11.14,-33.77224,0,0,-0.3047224,-0.5271622,-0.1534266,-6.336273,-1.46817,-1.397889,1.137742,7992
11.16,-27.69802,0,0,-0.2992451,-0.5246274,0.2129859,-6.66599,-1.40069,-1.353249,1.410307,7984
11.18,-26.94896,0,0,-0.3096227,-0.5301535,-0.4129688,-6.242615,-1.40069,-1.341861,1.42354,7992
11.2,-33.59431,0,0,-0.3008501,-0.5230989,0.3198562,-5.913092,-1.46817,-1.391512,1.25559,7988
11.22,-28.01736,0,0,-0.3149324,-0.5247587,0.07558119,-6.323154,-1.40069,-1.352965,1.405447,8000
11.24,-33.24382,0,0,-0.3126916,-0.5295011,-0.1228922,-6.043653,-1.46817,-1.396288,1.214526,7996
11.26,-27.48629,0,0,-0.3017814,-0.521638,0.6710012,-6.408783,-1.40069,-1.351314,1.491825,7996
11.28,-63.00026,0,0,-0.3105727,-0.5425188,-0.2144953,-6.084706,-1.805569,-1.668613,0.03867406,7984
11.3,-55.81386,0,0,-0.2968402,-0.5600917,0.5793981,-9.487321,-1.738089,-1.697027,0.1819335,8008
11.32,-17.38725,0,0,-0.3181464,-0.6119931,-2.016023,-10.92929,-1.40069,-1.428708,1.428546,8016
11.34,-11.11928,0,0,-0.5113205,-0.7345083,-9.451139,-7.440101,-1.40069,-1.374452,1.082112,7988
11.36,-48.38502,0,0,-0.5870861,-0.7820134,-1.954954,-4.257603,-1.805569,-1.68577,-0.1879128,7988
11.38,-44.38048,0,0,-0.4930125,-0.7205078,4.594666,-6.144512,-1.738089,-1.693436,0.6294309,7996
11.4,43.12945,0,0,-0.352466,-0.6028847,5.602301,-7.323303,-0.7933693,-0.906408,4.774006,8004
11.42,40.94186,0,0,-0.4399565,-0.5616962,-4.703047,0.9491558,-0.7933693,-0.7099127,4.842545,7964
11.44,21.16305,0,0,-0.4474879,-0.4226412,2.655735,6.243814,-0.7933693,-0.6699899,4.662001,7952
11.46,-24.20728,0,0,-0.01148143,-0.06994984,26.3046,6.471207,-1.06329,-0.8375391,4.854314,7944
11.48,-79.07319,0,0,0.3769413,0.2350105,19.34276,0.7683401,-1.46817,-1.200031,3.49248,7968
11.5,-104.6663,0,0,0.6792939,0.3809282,14.04505,-9.57368,-1.670609,-1.466821,2.07872,8008
11.52,-18.33131,0,0,0.5808833,0.2358896,-6.870986,-18.7664,-0.7933693,-0.8764555,3.155424,8016
11.54,-1.781717,0,0,0.0464532,-0.2051494,-28.9626,-14.61436,-0.7933693,-0.7964194,0.6827456,7968
11.56,3.83779,0,0,-0.6030629,-0.6641024,-32.77939,-8.194684,-0.7933693,-0.8436902,-1.538729,7976
11.58,7.401403,0,0,-0.6904497,-0.7861786,2.151918,-2.927052,-0.7933693,-0.8266705,-0.7585785,7964
11.6,-25.24288,0,0,-0.4744125,-0.6399459,9.983981,0.3624779,-1.13077,-1.037895,-0.08903551,7964
11.62,-62.13885,0,0,-0.2122175,-0.420429,12.54887,-1.562866,-1.46817,-1.330945,-0.02423608,7992
11.64,21.36595,0,0,-0.0358528,-0.2509401,9.327493,-7.067466,-0.5234499,-0.632348,3.724901,8012
11.66,-89.86134,0,0,-0.01610637,-0.2564276,-1.878618,-2.521038,-1.805569,-1.490499,-0.6728967,7932
11.68,-5.969057,0,0,-0.2171226,-0.3354948,-11.20687,-10.0954,-0.7933693,-0.943462,1.270839,8016
11.7,7.269335,0,0,-0.05607665,-0.336193,11.28169,-7.072011,-0.7933693,-0.7611444,2.402235,7968
11.72,-22.50471,0,0,-0.1705769,-0.3551921,-12.13816,-3.422132,-1.06329,-0.9468738,1.069066,7944
11.74,58.75679,0,0,-0.6153371,-0.5336854,-14.10763,-2.668111,-0.1185694,-0.2997143,2.460456,7968
11.76,30.90438,0,0,0.02783447,-0.1873488,26.57941,4.306073,-0.3884897,-0.2316922,4.9792,7892
11.78,-0.06928635,0,0,0.09829803,0.07334509,-2.092359,5.799096,-0.4559698,-0.289335,4.301538,7932
11.8,43.38893,0,0,0.2111477,0.2656832,29.60231,3.300508,0.2188301,0.2184099,5.962954,7924
11.82,4.544621,0,0,0.7637619,0.6244781,21.43437,4.3843,-0.05108929,0.183553,6.292347,7912
11.84,-17.33881,0,0,0.6835067,0.7040311,-4.962589,1.251577,-0.05108929,0.1046249,3.961559,7908
11.86,-57.28082,0,0,0.8914189,0.7654598,14.09085,-3.706026,-0.3884897,-0.1996016,1.902673,7916
11.88,-59.26022,0,0,0.9332803,0.7013651,-2.077091,-11.20412,-0.3884897,-0.3070486,0.4290512,7924
11.9,4.772115,0,0,0.7497135,0.4771987,-6.779382,-15.81737,0.2188301,0.1163898,0.8572356,7920
11.92,-7.800531,0,0,0.4257671,0.1681879,-19.35954,-11.45063,-0.05108929,-0.02468857,-1.338007,7904
11.94,-11.00184,0,0,0.00889428,-0.1286225,-18.99313,-8.53901,-0.1185694,-0.1575958,-2.956209,7916
11.96,0.9241867,0,0,0.01568714,-0.1930011,4.487797,-6.819791,-0.05108929,-0.1066327,-1.857535,7904
11.98,-25.63081,0,0,0.02175744,-0.1912662,-1.481671,-4.484787,-0.3884897,-0.3453572,-2.243539,7904
12,-30.61498,0,0,0.01792354,-0.1754608,1.235887,-5.60758,-0.4559698,-0.4550615,-2.087466,7928
12.02,-24.4789,0,0,0.0418536,-0.1749744,0.8236728,-6.928618,-0.4559698,-0.4720023,-1.582483,7924
12.04,12.16042,0,0,0.005928284,-0.1947224,-2.550374,-7.05289,-0.1185694,-0.1983698,-0.08826029,7936
12.06,-8.323742,0,0,-0.0600863,-0.2252232,-2.855718,-3.25666,-0.3884897,-0.3417754,-0.707605,7916
12.08,-17.7385,0,0,-0.06662884,-0.1974029,-2.183961,-2.773766,-0.4559698,-0.4294869,-0.6950837,7928
12.1,-17.94267,0,0,0.07223133,-0.1071327,7.28169,-3.8008,-0.4559698,-0.4298604,0.05161524,7936
12.12,-11.64659,0,0,0.151406,-0.04038756,2.365658,-4.75355,-0.3884897,-0.3668978,0.622272,7932
12.14,-11.3487,0,0,0.1088679,-0.0483937,-0.4435031,-4.657522,-0.3884897,-0.3609167,0.3854985,7940
12.16,-17.88968,0,0,0.1244875,-0.04423078,-0.183961,-4.610596,-0.4559698,-0.4125932,0.1797493,7944
12.18,-18.32044,0,0,0.1426296,-0.03653222,0.5946653,-5.293901,-0.4559698,-0.4250808,0.1785208,7936
12.2,-17.23844,0,0,0.1280081,-0.05278406,-0.1381594,-5.755143,-0.4559698,-0.4315016,0.06907374,7948
12.22,-9.976719,0,0,0.1311222,-0.06099419,0.1213828,-5.94945,-0.3884897,-0.3767888,0.337404,7948
12.24,-15.43555,0,0,0.1289016,-0.06619012,-0.06182348,-5.34067,-0.4559698,-0.4155348,0.1537835,7956
12.26,-10.2358,0,0,0.1309298,-0.05844638,0.1366499,-5.484897,-0.3884897,-0.3706725,0.4008317,7948
12.28,-16.20525,0,0,0.1280963,-0.05843394,-0.107625,-5.0558,-0.4559698,-0.4137792,0.1775572,7936
12.3,-22.94835,0,0,0.1314887,-0.05696957,0.02977964,-5.389736,-0.5234499,-0.4801487,-0.0817675,7952
12.32,-16.02611,0,0,0.1297218,-0.06445371,0.1519171,-6.284156,-0.4559698,-0.4438144,0.1093658,7948
12.34,-8.084333,0,0,0.139181,-0.06821407,-0.07709067,-6.196754,-0.3884897,-0.3761767,0.4507275,7936
12.36,-7.838716,0,0,0.09737147,-0.08586214,-2.260297,-5.216251,-0.3884897,-0.3627764,0.3574272,7944
12.38,-15.26769,0,0,0.1091952,-0.07346841,0.7931387,-4.570346,-0.4559698,-0.4107403,0.2276103,7952
12.4,-16.48398,0,0,0.1021695,-0.06760079,-0.107625,-4.876756,-0.4559698,-0.4258395,0.1619281,7928
12.42,-15.9802,0,0,0.10557,-0.06905784,0.06031401,-5.215727,-0.4559698,-0.4298876,0.1600934,7924
12.44,-15.26898,0,0,0.112666,-0.07060407,0.3656577,-5.409835,-0.4559698,-0.4295419,0.1952961,7956
12.46,-8.770723,0,0,0.115442,-0.06924047,0.06031401,-5.46809,-0.3884897,-0.3738152,0.4619553,7936
12.48,-14.85626,0,0,0.1183243,-0.06628952,0.3351234,-4.86386,-0.4559698,-0.4126503,0.2768476,7944
12.5,-22.07768,0,0,0.1237746,-0.05988055,0.1061156,-5.099727,-0.5234499,-0.4778798,0.02058142,7932
12.52,-15.57979,0,0,0.1221044,-0.06422755,0.2435202,-5.979453,-0.4559698,-0.4419421,0.1927716,7944
12.54,-7.825095,0,0,0.1236012,-0.07133683,0.1061156,-5.904308,-0.3884897,-0.3762532,0.478469,7932
12.56,-13.65637,0,0,0.09020063,-0.08891027,-1.069457,-4.979433,-0.4559698,-0.4169282,0.1685452,7936
12.58,-8.915459,0,0,0.1138748,-0.06926429,0.7168028,-5.006498,-0.3884897,-0.3686591,0.5262671,7932
12.6,-15.53827,0,0,0.1244498,-0.05561123,0.5335966,-4.587704,-0.4559698,-0.4097279,0.3410487,7932
12.62,-16.73234,0,0,0.1190902,-0.05148775,0.2587874,-4.969366,-0.4559698,-0.4237414,0.242772,7944
12.64,-16.31955,0,0,0.1228962,-0.05470477,0.1824515,-5.357007,-0.4559698,-0.4279486,0.2122831,7924
12.66,-9.663324,0,0,0.1295469,-0.05520717,0.3198562,-5.584892,-0.3884897,-0.3733551,0.4642006,7944
12.68,-15.38168,0,0,0.1151793,-0.06521893,0.2587874,-5.028996,-0.4559698,-0.4151832,0.1904609,7948
12.7,-10.05593,0,0,0.1065184,-0.06642713,-0.0007547362,-5.203274,-0.3884897,-0.3729303,0.3751475,7940
12.72,-9.878551,0,0,0.1155989,-0.06078544,0.2129859,-4.805238,-0.3884897,-0.359718,0.4475955,7948
12.74,-16.95539,0,0,0.1192894,-0.05310538,0.1366499,-4.540727,-0.4559698,-0.4110124,0.2131867,7944
12.76,-17.60681,0,0,0.1122485,-0.0549778,0.1519171,-5.064164,-0.4559698,-0.4274054,0.1147833,7944
12.78,-16.55436,0,0,0.1085728,-0.06647638,-0.03128911,-5.46805,-0.4559698,-0.432425,0.07810473,7936
12.8,-15.38472,0,0,0.1091878,-0.07618401,0.1366499,-5.627971,-0.4559698,-0.4323825,0.1040114,7940
12.82,-14.45853,0,0,0.0937097,-0.0901623,0.1213828,-5.569006,-0.4559698,-0.433089,0.08427507,7940
12.84,-19.9243,0,0,0.1016418,-0.09236962,0.09084838,-5.458641,-0.5234499,-0.4847825,-0.05798328,7936
12.86,-7.447547,0,0,0.1007981,-0.08980475,0.06031401,-5.922312,-0.3884897,-0.3883795,0.4408031,7936
12.88,-18.59084,0,0,0.1026059,-0.09184763,0.07558119,-4.986412,-0.5234499,-0.4699954,0.07576668,7936
12.9,-31.8759,0,0,0.1040812,-0.09076615,0.2129859,-5.506072,-0.6584091,-0.601307,-0.4254735,7936
12.92,-6.134127,0,0,0.1127364,-0.09126355,0.01451245,-7.196539,-0.3884897,-0.4163804,0.5220307,7940
12.94,-8.988247,0,0,0.1077826,-0.1051508,0.04504682,-5.709248,-0.4559698,-0.4188948,0.4433221,7936
12.96,-4.886606,0,0,0.06431958,-0.1104543,-3.023656,-4.873909,-0.3884897,-0.3700503,0.5613926,7948
12.98,-12.54615,0,0,0.09060216,-0.08469301,2.197719,-3.979443,-0.4559698,-0.4069754,0.5017258,7944
13,-20.67198,0,0,0.06557394,-0.08288813,-0.4587703,-4.104681,-0.5234499,-0.4780698,0.08461994,7936
13.02,-20.6292,0,0,0.09129149,-0.07568035,0.3503905,-5.083321,-0.5234499,-0.4947318,0.1157648,7912
13.04,-6.902862,0,0,0.09257742,-0.08165463,0.4267263,-5.725167,-0.3884897,-0.3899176,0.5707738,7944
13.06,-11.74681,0,0,0.07451805,-0.09730539,-0.5351062,-4.717072,-0.4559698,-0.4176954,0.3344741,7952
13.08,-7.33632,0,0,0.09012355,-0.07946595,0.3961921,-4.567082,-0.3884897,-0.3675225,0.6473013,7956
13.1,-14.37206,0,0,0.09497725,-0.06724346,-0.0007547362,-4.047249,-0.4559698,-0.4092862,0.4244446,7960
13.12,-15.81516,0,0,0.08625495,-0.06432182,0.304589,-4.393569,-0.4559698,-0.4242426,0.2998968,7968
13.14,-15.45054,0,0,0.08138404,-0.0725067,0.02977964,-4.758264,-0.4559698,-0.4301343,0.2246776,7952
13.16,-14.73115,0,0,0.08675863,-0.07826693,0.1061156,-4.976505,-0.4559698,-0.4306074,0.2336149,7960
13.18,-20.16972,0,0,0.08495074,-0.08736366,0.2587874,-5.048101,-0.5234499,-0.4851082,-0.009642482,7952
13.2,-13.44967,0,0,0.08099234,-0.09513654,0.02977964,-5.625491,-0.4559698,-0.4448806,0.2055869,7940
13.22,-17.96192,0,0,0.07787146,-0.1069738,0.1366499,-5.324306,-0.5234499,-0.4873096,0.02600282,7968
13.24,-5.599524,0,0,0.06276559,-0.1124931,-0.183961,-5.520916,-0.3884897,-0.3899938,0.4795999,7968
13.26,-11.09407,0,0,0.07315566,-0.1058911,0.1519171,-4.43334,-0.4559698,-0.4147902,0.4089477,7948
13.28,22.9072,0,0,0.07767928,-0.07005899,0.2587874,-4.24258,-0.05108929,-0.0931517,1.872665,7948
13.3,-21.87655,0,0,0.07784006,-0.0493913,0.4267263,-0.7315348,-0.5234499,-0.391411,0.3150604,7924
13.32,-23.09732,0,0,0.06000475,-0.02555623,0.4877952,-2.877543,-0.4559698,-0.4275866,0.1190192,7948
13.34,-21.51725,0,0,0.21144,0.03316437,9.098484,-4.864095,-0.4559698,-0.4188297,0.5710381,7948
13.36,10.13735,0,0,0.1710038,0.01766075,-4.153428,-5.907427,-0.1185694,-0.1548386,1.386425,7936
13.38,10.83198,0,0,0.120592,-0.01101755,-0.1381594,-3.253411,-0.1185694,-0.09139171,1.239838,7936
13.4,11.56673,0,0,0.05924043,-0.01197308,-2.932054,-1.227329,-0.05108929,-0.03003462,1.187366,7944
13.42,-0.8208165,0,0,0.2015274,0.09571167,6.487797,-0.2071976,-0.1185694,-0.05068456,1.451059,7940
13.44,-1.657094,0,0,0.2422365,0.1697526,3.281689,-0.9313098,-0.05108929,-0.009113617,1.446296,7924
13.46,-35.75014,0,0,0.3130076,0.2102199,3.877109,-1.75802,-0.3884897,-0.2742538,0.095191,7936
13.48,76.8382,0,0,0.3191009,0.2461625,1.159551,-5.677826,0.89363,0.6823471,4.08447,7964
13.5,-37.17104,0,0,0.3490355,0.2384264,-0.0007547362,2.888031,-0.3884897,-0.09830496,-0.1339571,7876
13.52,-23.57248,0,0,0.2276007,0.2339306,-6.489306,-2.574223,-0.05108929,-0.07005394,-0.4003997,7960
13.54,-48.10079,0,0,0.5757999,0.3343719,23.48017,-5.842052,-0.3884897,-0.2884725,-0.4288274,7936
13.56,73.48785,0,0,0.700391,0.4316798,-1.237397,-10.76695,0.9611101,0.7535275,4.32194,7932
13.58,77.81857,0,0,0.2166196,0.2078257,-26.10763,-0.4309406,0.9611101,0.9555357,2.514901,7856
13.6,23.13447,0,0,0.2409109,0.2796033,2.396193,6.871169,0.5562305,0.6893417,1.295365,7872
13.62,-183.3216,0,0,0.5503303,0.4641331,19.64811,5.116812,-1.53565,-1.049052,-5.516333,7904
13.64,-144.5768,0,0,1.152701,0.7168059,30.59468,-18.6611,-1.06329,-1.077714,-3.254357,8020
13.66,96.17836,0,0,1.272651,0.6351081,9.23589,-30.80787,1.23103,0.7772691,4.662315,7984
13.68,-59.16066,0,0,1.006195,0.3492257,-20.35191,-13.94099,-0.7258892,-0.3319854,-2.337185,7872
13.7,-221.1814,0,0,0.3575852,-0.04033447,-45.32901,-16.65415,-2.345409,-2.033965,-11.27715,7960
13.72,-284.468,0,0,-0.4508273,-0.844561,-40.01603,-32.54976,-3.425089,-3.453259,-18.42479,8052
13.74,-178.6377,0,0,-0.1039902,-1.234822,34.01453,-50.15925,-3.02021,-3.351795,-13.30232,8112
13.76,-285.6207,0,0,0.09814743,-1.547992,4.625201,-51.75223,-4.977129,-4.770216,-15.78786,8100
13.78,-207.5361,0,0,-0.5261241,-2.090986,-50.50459,-61.72072,-4.639729,-4.880241,-14.39165,8200
13.8,212.3179,0,0,-2.111171,-3.105697,-82.70307,-55.44325,-0.7933693,-1.899323,-2.630017,8184
13.82,263.8951,0,0,-3.631485,-3.93567,-79.95498,-4.096775,-0.7933693,-1.134185,-0.7574317,7944
13.84,201.562,0,0,-5.143802,-4.257523,-58.74887,39.88609,-1.13077,-1.281949,-1.726053,7948
13.86,189.7771,0,0,-5.286715,-3.786246,30.3046,63.47454,-0.7933693,-0.9808773,3.567909,7976
13.88,-558.9927,0,0,-4.576304,-3.175747,39.57178,75.1368,-8.75601,-7.234506,-19.41005,7952
13.9,-94.47988,0,0,-3.540087,-2.469947,54.91529,4.500533,-3.425089,-4.499364,0.3941975,8424
13.92,-445.0289,0,0,-2.270749,-2.48256,59.66339,0.1712321,-8.62105,-7.765576,-10.76728,8112
13.94,-454.4435,0,0,-1.415923,-2.338629,30.79315,-40.60064,-8.958448,-8.785179,-9.854808,8420
13.96,141.5322,0,0,-2.21645,-3.126255,-69.89391,-66.01691,-3.357609,-4.603685,7.229428,8456
13.98,228.7525,0,0,-4.154759,-4.481845,-78.00078,-16.90358,-3.357609,-3.623024,5.403568,8072
14,169.5267,0,0,-5.739507,-5.066978,-71.5275,29.58374,-3.695009,-3.716863,3.357316,8100
14.02,131.5385,0,0,-7.005028,-5.300629,-9.344269,58.35214,-3.695009,-3.834928,2.401126,8132
14.04,-133.2484,0,0,-5.545541,-4.253397,53.55651,69.48184,-6.259249,-5.664915,2.699278,8120
14.06,-493.6798,0,0,-4.441765,-3.39147,55.70919,46.30271,-9.90317,-9.005875,-6.917241,8264
14.08,-569.4158,0,0,-2.982805,-2.90796,56.9611,-10.12628,-11.05033,-10.69323,-8.333191,8500
14.1,-369.8935,0,0,-1.955539,-3.034011,49.67865,-58.33986,-9.90317,-10.08218,-1.789546,8568
14.12,-190.5974,0,0,-1.997779,-3.680389,-39.1916,-70.02213,-9.025928,-9.157822,2.403237,8484
14.14,373.9787,0,0,-3.507183,-4.579647,-77.55804,-54.66863,-3.357609,-4.440137,19.50505,8436
14.16,235.8935,0,0,-5.073823,-5.224914,-81.28322,17.29131,-4.977129,-4.578135,14.09761,8120
14.18,252.4249,0,0,-6.318077,-5.077373,-49.14581,55.12094,-3.695009,-3.702394,16.52052,8196
14.2,182.0504,0,0,-6.17437,-4.329147,35.35804,81.55862,-3.695009,-3.445248,18.98446,8128
14.22,-313.5551,0,0,-5.042325,-3.242275,44.42675,88.18287,-8.35113,-7.057873,6.012945,8148
14.24,-502.7136,0,0,-3.798362,-2.444736,56.09087,38.39408,-9.90317,-9.252244,-0.2339301,8404
14.26,-392.2986,0,0,-2.379764,-2.238896,75.46492,-18.15549,-9.295849,-9.240754,2.885158,8492
14.28,-336.8591,0,0,-0.8981261,-2.159649,63.06797,-48.91886,-9.565769,-9.25951,5.957079,8480
14.3,-236.3961,0,0,-0.6636012,-2.419572,-4.90152,-64.44765,-8.958448,-8.747264,7.666929,8496
14.32,301.5808,0,0,-1.869712,-3.126312,-75.19162,-60.65398,-3.357609,-4.22767,22.76601,8436
14.34,314.7546,0,0,-3.422646,-3.824406,-87.42062,0.9355649,-3.290129,-3.105607,20.88826,8120
14.36,189.9063,0,0,-4.714438,-3.856702,-68.39773,47.15293,-3.627529,-3.232169,16.47461,8132
14.38,105.324,0,0,-5.992111,-3.947967,-25.17634,68.88963,-3.695009,-3.533424,11.00695,8124
14.4,61.38452,0,0,-5.598332,-3.484555,36.38094,73.74638,-3.695009,-3.572596,12.43867,8128
14.42,-367.2605,0,0,-4.787724,-3.001085,44.62522,69.68432,-8.148689,-7.124483,-1.443162,8148
14.44,-316.9493,0,0,-3.671548,-2.53288,55.28171,20.34443,-7.473888,-7.449778,1.235448,8396
14.46,-225.3916,0,0,-2.375314,-2.357323,55.77026,-11.22303,-7.20397,-7.161767,5.589174,8348
14.48,-210.8581,0,0,-1.807933,-2.420493,21.20536,-24.68136,-7.541368,-7.284621,5.721751,8340
14.5,193.0293,0,0,-2.81785,-3.030278,-77.02368,-28.95671,-3.357609,-4.074508,15.86161,8360
14.52,74.64505,0,0,-4.458923,-4.033787,-84.12292,13.73906,-4.977129,-4.69809,6.508446,8088
14.54,150.2992,0,0,-5.79674,-4.528208,-50.61146,34.4476,-3.695009,-3.952934,7.565476,8192
14.56,132.8759,0,0,-5.791585,-4.334242,48.91529,56.09083,-3.695009,-3.685056,10.53927,8124
14.58,-229.9652,0,0,-5.002382,-3.641168,34.48781,66.15611,-7.27145,-6.392247,2.14633,8124
14.6,-241.0019,0,0,-3.910382,-2.848499,49.92293,32.85343,-7.00153,-6.813122,4.823643,8328
14.62,-147.2427,0,0,-2.206521,-2.089218,76.28934,4.548874,-6.259249,-6.137033,12.33212,8316
14.64,-192.5042,0,0,-1.347784,-1.725747,48.86949,-7.582118,-6.93405,-6.445698,11.22952,8280
14.66,122.8837,0,0,-1.849179,-1.941709,-60.35191,-18.68036,-3.425089,-3.825619,18.85767,8316
14.68,138.5767,0,0,-3.360811,-2.825886,-78.19925,10.13402,-3.425089,-3.345713,13.0181,8108
14.7,-32.17268,0,0,-4.725554,-3.540729,-65.19162,34.91817,-4.977129,-4.640237,2.62878,8112
14.72,-137.1845,0,0,-5.797927,-4.193244,23.72444,37.32573,-5.989328,-5.925802,-4.899493,8188
14.74,-86.99187,0,0,-4.79918,-3.908806,35.4649,25.8012,-5.65193,-5.778297,2.035182,8244
14.76,-6.087128,0,0,-3.807234,-3.353726,31.54124,20.40079,-4.977129,-5.018139,9.868258,8256
14.78,-76.948,0,0,-3.2823,-2.90037,23.4649,23.25363,-5.71941,-5.357876,9.710503,8220
14.8,122.0889,0,0,-3.466134,-2.727226,-5.099993,18.54441,-3.290129,-3.555024,16.34194,8244
14.82,81.5004,0,0,-3.936807,-2.875168,-26.84046,36.75687,-3.695009,-3.489303,13.11922,8112
14.84,73.85371,0,0,-4.259062,-2.845542,-23.06947,45.7631,-3.357609,-3.265419,12.30236,8136
14.86,-13.22046,0,0,-3.489146,-2.299498,67.08324,48.76541,-3.96493,-3.610011,12.51039,8112
14.88,20.00368,0,0,-2.372778,-1.44926,56.10613,38.69098,-3.155169,-2.955525,17.52125,8148
14.9,-5.455643,0,0,-1.376415,-0.7023709,38.91529,32.22263,-3.08769,-2.685485,18.62741,8120
14.92,-70.62439,0,0,-0.5920501,-0.1178821,28.86948,22.80891,-3.357609,-2.842208,16.53893,8120
14.94,-46.84541,0,0,-0.2859488,0.097966,8.518332,8.88586,-2.75029,-2.473135,15.02755,8148
14.96,-88.83044,0,0,-0.1552131,0.02362587,8.04505,1.503649,-3.08769,-2.718587,10.43872,8096
14.98,-128.4145,0,0,-0.1449303,-0.1732318,-8.412971,-7.725376,-3.425089,-3.116931,5.949839,8084
15,-113.7087,0,0,-0.5960258,-0.6811449,-27.84809,-16.56242,-3.357609,-3.267144,1.967765,8108
15.02,-87.81616,0,0,-1.254819,-1.380212,-40.38245,-18.94222,-3.357609,-3.386854,-1.307974,8112
15.04,-63.42076,0,0,-2.113495,-2.153843,-49.13054,-15.25106,-3.425089,-3.54145,-4.008309,8092
15.06,51.66101,0,0,-2.995817,-2.826919,-37.52748,-7.46809,-2.48037,-2.859194,-1.833377,8104
15.08,-46.11555,0,0,-2.824716,-2.837903,13.12902,9.044394,-3.762489,-3.587338,-1.924083,8052
15.1,37.9884,0,0,-2.708335,-2.532049,8.487798,9.949107,-2.68281,-2.850891,4.164808,8120
15.12,2.491531,0,0,-1.970798,-1.935866,34.79315,16.872,-3.02021,-2.805908,7.592072,8068
15.14,-26.89731,0,0,-1.503515,-1.3571,17.66337,16.36608,-3.02021,-2.766414,9.006677,8092
15.16,34.19051,0,0,-1.092025,-0.8921147,30.64048,11.76712,-2.075489,-1.992233,12.49452,8088
15.18,10.72625,0,0,-0.3867295,-0.3520881,28.71681,12.72723,-2.075489,-1.743294,13.72868,8028
15.2,-24.82205,0,0,-0.2457113,-0.0726268,1.678635,10.37547,-2.075489,-1.743512,11.43259,8048
15.22,-47.81628,0,0,-0.3070096,-0.06992811,3.800773,5.253679,-2.075489,-1.830436,8.179518,8048
15.24,-60.2027,0,0,0.1216195,0.0636067,16.22826,-1.705488,-2.075489,-1.839713,7.546363,8040
15.26,-65.89934,0,0,0.06584105,-0.04125553,-7.680146,-7.508745,-2.075489,-1.898083,5.070612,8044
15.28,-152.189,0,0,-0.3169875,-0.4410264,-20.97786,-10.95083,-3.08769,-2.815279,-1.661413,8032
15.3,-137.8687,0,0,-0.4575972,-0.7945515,-8.657246,-21.44244,-3.08769,-3.07299,-3.100599,8100
15.32,-103.5823,0,0,-0.792164,-1.273048,-19.0542,-25.91547,-3.08769,-3.155013,-3.983014,8080
15.34,-51.81383,0,0,-1.391041,-1.827202,-35.8939,-23.54609,-2.88525,-3.040201,-4.103976,8092
15.36,-10.07482,0,0,-2.238753,-2.429788,-49.10001,-14.12369,-2.75029,-2.944759,-4.478179,8120
15.38,13.02018,0,0,-3.163917,-2.994247,-44.94733,-0.7885802,-2.75029,-2.962395,-4.938241,8076
15.4,0.5259628,0,0,-3.191494,-3.005447,21.35803,10.72495,-3.02021,-3.092668,-2.302515,8076
15.42,80.15665,0,0,-2.592524,-2.452724,24.65574,15.5742,-2.075489,-2.219526,6.187806,8112
15.44,33.16615,0,0,-2.099655,-1.836945,23.87712,25.2643,-2.412889,-2.19007,8.418479,8024
15.46,-36.40906,0,0,-1.305797,-1.048803,43.60231,24.48688,-2.75029,-2.389841,9.7525,8044
15.48,18.04964,0,0,-0.1831302,-0.1370245,50.86949,13.57728,-1.738089,-1.545032,15.55803,8076
15.5,-40.52338,0,0,0.4332381,0.4070616,25.19009,9.703227,-2.075489,-1.61153,13.74234,8024
15.52,-72.41943,0,0,0.4229982,0.4991797,-5.81755,0.9888669,-2.075489,-1.742111,9.620786,8028
15.54,-163.4701,0,0,0.0314169,0.1044805,-15.93969,-7.101145,-3.02021,-2.672845,1.300237,8044
15.56,-43.92857,0,0,0.03709912,-0.1947854,-4.687779,-21.48277,-1.805569,-1.954723,3.479545,8080
15.58,-16.02668,0,0,-0.334456,-0.6637906,-24.36718,-17.82531,-1.805569,-1.799664,1.87313,8008
15.6,-1.505634,0,0,-1.135388,-1.21469,-44.65726,-10.14629,-1.738089,-1.788974,-0.6172825,8028
15.62,9.469566,0,0,-2.063385,-1.814428,-44.7794,-0.7549508,-1.738089,-1.871331,-3.009699,8020
15.64,14.95657,0,0,-1.745717,-1.712017,42.76262,5.964581,-1.738089,-1.776104,0.5474288,8000
15.66,-29.45897,0,0,-1.246405,-1.296173,22.09085,9.540044,-2.142969,-1.98152,2.48823,8028
15.68,-30.85831,0,0,-0.9936879,-0.9593818,14.27406,6.582751,-2.008009,-1.911511,3.878631,8016
15.7,-39.76241,0,0,-0.3345753,-0.507974,28.33513,2.501965,-2.008009,-1.823674,6.060122,8032
15.72,-51.05759,0,0,-0.09644961,-0.2715821,6.884743,-1.959829,-2.008009,-1.812271,5.699464,8016
15.74,-61.66761,0,0,-0.3201051,-0.3889599,-11.42061,-5.556664,-2.075489,-1.938568,3.057204,8060
15.76,-58.00281,0,0,-0.4537759,-0.5772508,-2.51984,-8.618274,-2.075489,-2.004098,1.64646,8028
15.78,-43.67248,0,0,-0.6043705,-0.7793213,-10.18396,-9.793953,-2.008009,-1.982701,1.035266,8032
15.8,-41.08511,0,0,-0.8020405,-0.9799355,-11.45114,-8.505256,-2.075489,-2.044138,0.2621235,8028
15.82,-35.23798,0,0,-0.8827817,-1.080255,-7.298466,-7.080912,-2.075489,-2.050796,0.4956591,8044
15.84,-25.21215,0,0,-0.9137033,-1.105391,-1.115259,-5.405319,-2.008009,-1.984103,1.247586,8056
15.86,-30.3095,0,0,-0.8894507,-1.069271,0.01451245,-3.334146,-2.075489,-2.005055,1.679717,8036
15.88,-32.36546,0,0,-0.8680025,-1.012811,1.174818,-2.540178,-2.075489,-2.00367,2.066254,8048
15.9,-27.48243,0,0,-0.8767073,-0.9807357,-0.2297625,-2.208054,-2.008009,-1.950428,2.405223,8032
15.92,-34.35278,0,0,-0.8672808,-0.95673,-0.09235785,-1.536161,-2.075489,-1.990016,2.298153,8052
15.94,-36.45931,0,0,-0.7925783,-0.8999196,2.396193,-2.001203,-2.075489,-1.991569,2.577639,8040
15.96,-37.62601,0,0,-0.74821,-0.8618748,1.525963,-2.669946,-2.075489,-1.990406,2.6346,8032
15.98,-32.31231,0,0,-0.7247509,-0.8427237,0.4572606,-3.308258,-2.008009,-1.936951,2.810589,8032
16,-38.91436,0,0,-0.7110019,-0.8372468,0.6710012,-3.248718,-2.075489,-1.978956,2.503813,8044
16.02,-40.02215,0,0,-0.7190473,-0.8438658,0.01451245,-3.858003,-2.075489,-1.994923,2.302137,8032
16.04,-45.40892,0,0,-0.7210162,-0.8612107,-0.4893047,-4.375196,-2.142969,-2.055641,1.952523,8036
16.06,-38.17762,0,0,-0.7181096,-0.8756082,-0.4282355,-5.260922,-2.075489,-2.016586,2.13867,8036
16.08,-36.29998,0,0,-0.7116569,-0.8864251,-0.8251827,-5.131865,-2.075489,-2.003248,2.210138,8028
16.1,-36.14583,0,0,-0.7187515,-0.8911995,0.1977187,-4.831794,-2.075489,-1.999343,2.221269,8028
16.12,-36.57996,0,0,-0.7052588,-0.880666,0.1366499,-4.651951,-2.075489,-1.995607,2.306413,8040
16.14,-37.34628,0,0,-0.6822886,-0.8612097,0.6710012,-4.644119,-2.075489,-1.991922,2.393496,8036
16.16,-38.21177,0,0,-0.6630062,-0.8433633,0.5335966,-4.777852,-2.075489,-1.990092,2.421988,8024
16.18,-38.74482,0,0,-0.6724561,-0.8445514,-0.2450293,-4.935344,-2.075489,-1.99345,2.305608,8044
16.2,-38.81945,0,0,-0.6745912,-0.8492748,0.09084838,-5.088308,-2.075489,-1.995785,2.24288,8040
16.22,-32.72869,0,0,-0.6697569,-0.8481241,0.09084838,-5.203667,-2.008009,-1.941329,2.472523,8048
16.24,-38.94437,0,0,-0.6737639,-0.8504323,0.07558119,-4.659742,-2.075489,-1.982252,2.22051,8048
16.26,-40.1916,0,0,-0.6593091,-0.839304,0.2435202,-4.966194,-2.075489,-1.992152,2.222921,8052
16.28,-40.10088,0,0,-0.65818,-0.8401288,0.304589,-5.304265,-2.075489,-1.996071,2.171659,8048
16.3,-39.66714,0,0,-0.6556635,-0.8444059,0.07558119,-5.527343,-2.075489,-1.997215,2.150974,8044
16.32,-39.32381,0,0,-0.6471352,-0.8445893,0.1213828,-5.654452,-2.075489,-1.996137,2.175093,8032
16.34,-39.12753,0,0,-0.6493794,-0.8476956,0.1519171,-5.698144,-2.075489,-1.99621,2.157556,8032
16.36,-39.03375,0,0,-0.645269,-0.8471878,-0.0007547362,-5.717743,-2.075489,-1.995449,2.174805,8020
16.38,-39.12268,0,0,-0.6333068,-0.8405749,0.1061156,-5.75493,-2.075489,-1.993506,2.221952,8028
16.4,-39.30838,0,0,-0.6310288,-0.8373942,0.06031401,-5.797636,-2.075489,-1.993272,2.213949,8020
16.42,-39.48561,0,0,-0.6243761,-0.8333072,0.2129859,-5.864805,-2.075489,-1.992809,2.221379,8032
16.44,-39.62799,0,0,-0.6220735,-0.8316774,0.09084838,-5.935635,-2.075489,-1.993013,2.206295,8020
16.46,-39.65175,0,0,-0.6267216,-0.8349187,0.1671843,-5.985048,-2.075489,-1.994273,2.164843,8036
16.48,50.55804,0,0,-0.6312231,-0.7958572,0.1213828,-5.914071,-1.06329,-1.174747,5.755253,8032
16.5,-44.26398,0,0,-0.6360878,-0.7622746,0.07558119,3.169284,-2.075489,-1.775553,2.538482,7976
16.52,20.67623,0,0,-0.5788931,-0.6024618,7.022149,-0.463468,-1.13077,-1.179397,5.419556,8028
16.54,8.118782,0,0,-0.04666676,-0.2588636,24.60994,2.132322,-1.19825,-1.011266,7.154023,7968
16.56,-91.77332,0,0,0.02242461,-0.09531586,-0.7335792,2.181011,-2.075489,-1.711008,3.031971,8004
16.58,-100.7216,0,0,-0.2378897,-0.2509362,-2.443504,-7.241656,-2.075489,-1.980846,0.08167416,8056
16.6,-87.0161,0,0,0.1555481,-0.2500399,15.32749,-15.4736,-2.075489,-1.998542,0.9821117,8020
16.62,-73.02177,0,0,0.03722859,-0.4364356,-12.68778,-19.2452,-2.075489,-2.0221,0.07256269,8024
16.64,-146.3913,0,0,-0.6260463,-0.9721442,-36.93206,-18.51279,-3.08769,-2.932448,-6.115901,8060
16.66,2.54681,0,0,-1.648869,-1.731334,-55.14581,-22.26314,-1.738089,-2.185289,-4.672799,8100
16.68,49.51831,0,0,-2.709919,-2.565626,-19.34427,-6.422349,-1.738089,-2.037535,-5.569037,7996
16.7,58.20421,0,0,-2.382618,-2.417738,0.3351234,8.311358,-1.738089,-1.832794,-0.1257648,8008
16.72,46.74133,0,0,-2.469662,-2.160571,3.159552,19.21879,-1.738089,-1.748799,1.990672,8020
16.74,-7.10817,0,0,-1.403287,-1.311139,53.99926,22.23473,-2.075489,-1.83629,6.45884,8024
16.76,51.50246,0,0,-0.5466782,-0.4471941,41.41911,16.17683,-1.06329,-0.9744,12.52144,8040
16.78,-98.67875,0,0,0.3038793,0.2482676,43.48018,15.23673,-2.412889,-1.799833,9.22674,7992
16.8,-129.4787,0,0,0.8668836,0.7062567,20.3504,-2.439532,-2.345409,-1.995569,7.755714,8076
16.82,-19.57125,0,0,0.8205891,0.6022796,-3.176328,-17.29204,-1.13077,-1.158936,8.317048,8056
16.84,-3.20356,0,0,0.6679909,0.3147192,-13.02366,-15.61459,-1.06329,-0.9332619,6.27423,7972
16.86,-100.3677,0,0,0.1979037,-0.07265581,-22.85572,-11.52646,-2.075489,-1.774007,-0.4042924,7992
16.88,-96.91071,0,0,0.1763564,-0.2421083,5.022148,-18.43242,-2.008009,-1.944137,-1.143435,8060
16.9,-85.23596,0,0,0.08763364,-0.4673187,-11.1916,-22.38057,-2.075489,-2.0437,-1.797616,8016
16.92,-64.28642,0,0,-0.5236241,-0.9484541,-33.68016,-22.03537,-2.075489,-2.134707,-3.77865,8040
16.94,-8.434088,0,0,-1.36023,-1.56443,-41.9855,-17.12833,-1.738089,-1.953662,-4.449288,8024
16.96,-16.18936,0,0,-1.771088,-1.92581,-7.038925,-6.841919,-2.075489,-2.156525,-4.585188,8008
16.98,-9.575359,0,0,-1.711553,-1.869789,3.266422,-0.7837281,-2.075489,-2.133215,-1.788091,8028
17,-10.02911,0,0,-1.339283,-1.532858,17.57177,2.878933,-2.075489,-2.036667,1.622608,8020
17.02,59.3317,0,0,-1.00788,-1.1163,15.64811,4.312129,-1.19825,-1.2524,6.887576,8028
17.04,-65.6088,0,0,-0.6209626,-0.7171848,17.95345,10.94136,-2.412889,-1.992862,4.343047,7980
17.06,-8.526924,0,0,-0.3539637,-0.3582216,19.09849,1.898688,-1.46817,-1.438738,7.151258,8048
17.08,-9.202034,0,0,0.2687204,0.02669469,26.45727,-0.2267712,-1.40069,-1.187061,8.778557,7988
17.1,-33.99637,0,0,0.2836334,0.1429604,-5.038925,-1.917392,-1.46817,-1.230582,6.668359,7984
17.12,-13.33852,0,0,-0.1918408,-0.1127311,-27.26794,-4.253177,-1.13077,-1.085054,4.022424,8004
17.14,-13.59196,0,0,-0.1299698,-0.2056075,13.95345,-3.806279,-1.13077,-1.043,3.537775,7980
17.16,-19.55406,0,0,-0.008396119,-0.1706503,-0.1381594,-3.845443,-1.13077,-1.02053,3.433167,7972
17.18,-30.1242,0,0,-0.195013,-0.2712557,-3.481672,-3.978667,-1.19825,-1.111702,1.739267,7988
17.2,-25.59612,0,0,-0.1188664,-0.2769474,0.8084057,-5.310174,-1.13077,-1.073846,1.907239,7972
17.22,-19.18466,0,0,-0.1486212,-0.3117298,-2.016023,-5.650353,-1.06329,-1.017438,1.753985,7988
17.24,-25.82829,0,0,-0.1338499,-0.3217715,0.4725278,-5.264426,-1.13077,-1.056262,1.43967,7972
17.26,-135.7282,0,0,-0.124119,-0.3720451,0.4725278,-5.815676,-2.345409,-2.052701,-3.038367,7972
17.28,-142.3021,0,0,-0.09801289,-0.4696654,0.9916119,-17.37313,-2.48037,-2.428664,-4.058733,8040
17.3,-106.7154,0,0,-0.1556094,-0.7214795,-4.382436,-25.53346,-2.412889,-2.465337,-3.846438,8052
17.32,-74.48853,0,0,-0.5988978,-1.166559,-27.35954,-26.02981,-2.412889,-2.500042,-4.567012,8092
17.34,-44.21703,0,0,-1.496084,-1.820172,-48.70306,-20.41372,-2.412889,-2.57864,-6.299454,8040
17.36,101.1609,0,0,-2.575227,-2.504051,-56.00077,-10.21174,-1.13077,-1.628576,-3.153167,8044
17.38,101.9243,0,0,-2.877223,-2.674748,13.26643,12.40773,-1.33321,-1.469202,-0.6345183,7980
17.4,42.58837,0,0,-2.296054,-2.069384,21.31223,25.98566,-1.738089,-1.60631,3.39032,8004
17.42,92.20779,0,0,-1.520397,-1.182056,45.60232,26.73409,-0.7933693,-0.7828287,10.54269,8004
17.44,30.4552,0,0,-0.2307191,-0.08112228,63.02217,28.2934,-1.06329,-0.6585798,14.04441,7936
17.46,-30.27766,0,0,0.7734019,0.8795159,46.97636,19.84028,-1.13077,-0.6591254,14.44542,7976
17.48,-95.77864,0,0,1.60293,1.517111,40.77789,5.327703,-1.40069,-0.9004309,12.10323,7972
17.5,-93.51474,0,0,1.90928,1.659001,11.80078,-12.07879,-1.13077,-0.8319948,9.195432,7980
17.52,-91.31435,0,0,1.578218,1.243559,-21.0542,-22.61068,-1.13077,-0.9456052,3.886856,7964
17.54,-39.22473,0,0,0.7235647,0.4475003,-47.9397,-26.8495,-0.7258892,-0.795039,-0.3698933,7972
17.56,-191.3288,0,0,-0.4733756,-0.652685,-65.22215,-20.95427,-2.75029,-2.530254,-12.36339,7952
17.58,-33.25214,0,0,-1.664066,-1.701087,-48.65726,-28.55105,-1.40069,-1.988763,-11.22427,8060
17.6,25.93749,0,0,-1.46264,-1.995921,14.93055,-17.75834,-1.40069,-1.666224,-5.762892,7984
17.62,37.63471,0,0,-1.51383,-1.915711,-9.344269,-4.293384,-1.40069,-1.492318,-2.128613,7992
17.64,34.98788,0,0,-2.121089,-1.992377,-35.2374,7.552169,-1.40069,-1.491114,-2.01658,8000
17.66,38.53207,0,0,-3.087572,-2.368368,10.64047,17.92441,-1.40069,-1.593077,-3.78415,7988
17.68,84.05545,0,0,-1.285989,-1.312766,66.30461,20.37798,-0.7933693,-0.799207,8.410803,7988
17.7,49.28597,0,0,-0.2245707,-0.2332171,41.46491,23.26701,-0.7933693,-0.4804661,12.63957,7948
17.72,2.546417,0,0,0.1284668,0.4020682,26.70154,20.2697,-0.7933693,-0.4557904,11.44026,7944
17.74,-54.77599,0,0,1.199516,1.14838,58.35041,10.27042,-0.9958096,-0.5616429,11.7039,7928
17.76,-179.8328,0,0,1.718764,1.473038,23.3275,-4.052743,-2.075489,-1.510017,5.57188,7960
17.78,-68.46084,0,0,1.536448,1.227137,-14.82519,-25.7802,-0.7933693,-0.8497895,4.871007,8020
17.8,-121.1619,0,0,0.8129319,0.414998,-42.19924,-26.98175,-1.738089,-1.566104,-3.211524,7968
17.82,-67.58035,0,0,-0.0975409,-0.4565631,-55.81757,-30.24661,-1.40069,-1.582252,-6.127548,8012
17.84,-109.3295,0,0,-1.197245,-1.461969,-57.48169,-23.68021,-2.345409,-2.429591,-12.0978,8016
17.86,-70.03577,0,0,-1.975494,-2.20723,-17.40534,-20.95897,-2.345409,-2.65453,-12.1962,8036
17.88,-32.31313,0,0,-2.240596,-2.565537,-14.84046,-14.1242,-2.412889,-2.679517,-9.193624,8064
17.9,1.231865,0,0,-2.430168,-2.659497,-11.03893,-5.048498,-2.345409,-2.553583,-5.503591,8048
17.92,96.13441,0,0,-2.310923,-2.409202,5.587033,4.212999,-1.40069,-1.660524,1.983524,8052
17.94,56.0977,0,0,-1.933382,-1.892614,16.86948,18.83272,-1.738089,-1.603538,5.104539,8000
17.96,102.6329,0,0,-1.247007,-1.061472,43.63285,22.508,-0.7933693,-0.7441604,11.77178,8008
17.98,35.51181,0,0,-0.09214598,-0.01498139,53.43438,26.10109,-1.06329,-0.6319014,14.58284,7932
18,-21.22662,0,0,0.6966466,0.8347765,41.87712,19.0867,-1.06329,-0.6128618,14.26915,7980
18.02,-62.18346,0,0,1.454837,1.426232,30.79315,6.202918,-1.06329,-0.6328645,12.79249,7980
18.04,-83.66154,0,0,1.492709,1.432251,-3.848084,-6.890403,-1.06329,-0.7564401,8.148003,7964
18.06,-58.40784,0,0,0.9498193,0.9088373,-33.20687,-16.28183,-0.7933693,-0.7231561,3.216722,7980
18.08,-38.73651,0,0,0.01845188,0.04600832,-50.71833,-17.20619,-0.7933693,-0.8561448,-2.159395,7948
18.1,-13.41477,0,0,-0.8757612,-0.7936565,-42.53512,-13.01489,-0.7933693,-0.9706061,-5.331489,7956
18.12,-105.2475,0,0,-1.150204,-1.243859,-0.962587,-6.686262,-2.075489,-1.99804,-9.003152,7968
18.14,-6.261601,0,0,-0.9031809,-1.200625,11.48017,-12.18245,-1.13077,-1.405214,-2.886144,8028
18.16,-13.29753,0,0,-0.9245052,-1.218392,-4.733581,-5.797397,-1.46817,-1.477354,-1.989992,7976
18.18,-4.679615,0,0,-1.228615,-1.290712,-11.1,-1.379614,-1.40069,-1.458401,-1.562469,8004
18.2,-34.55198,0,0,-0.8344713,-1.0336,18.71681,1.343044,-1.738089,-1.639991,0.2548372,8004
18.22,-39.44333,0,0,-0.7292525,-0.8491575,2.319857,-0.2492726,-1.738089,-1.676332,1.025413,8016
18.24,45.18814,0,0,-0.592467,-0.6868072,6.487797,-2.167246,-0.7933693,-0.9077079,5.034491,8028
18.26,42.18375,0,0,-0.5775602,-0.5848749,-2.504572,5.018044,-0.7933693,-0.7060848,5.402433,7940
18.28,21.36672,0,0,-0.4961011,-0.3905227,8.518332,9.233164,-0.7933693,-0.6580734,5.386986,7948
18.3,-25.56517,0,0,0.03325495,0.01741901,25.44963,8.352926,-1.06329,-0.8173018,5.700335,7960
18.32,-45.72104,0,0,0.4381118,0.3512126,19.95345,1.722162,-1.06329,-0.855625,5.533843,7976
18.34,-85.0928,0,0,0.6706979,0.472661,7.113751,-5.555789,-1.40069,-1.160806,3.252879,7988
18.36,-83.4278,0,0,0.4486521,0.2483843,-13.77175,-13.82953,-1.40069,-1.316274,0.412004,7996
18.38,-72.57343,0,0,0.09461646,-0.172294,-17.57328,-18.11632,-1.46817,-1.466876,-2.079679,7988
18.4,-49.95169,0,0,-0.4816947,-0.718377,-32.24504,-18.10787,-1.46817,-1.561379,-4.109653,7996
18.42,-19.13056,0,0,-1.084132,-1.245846,-28.39771,-13.91178,-1.40069,-1.562519,-4.859178,8004
18.44,-6.108339,0,0,-1.295403,-1.479344,-12.55038,-7.200307,-1.46817,-1.576349,-3.655147,7984
18.46,-15.92996,0,0,-1.355144,-1.490925,1.953444,-1.157604,-1.670609,-1.697364,-2.451845,8000
18.48,62.16581,0,0,-1.061869,-1.199731,12.16719,1.154994,-0.7933693,-0.9428241,3.482282,7988
18.5,53.56317,0,0,-0.7241756,-0.8015944,18.19772,9.55694,-0.7933693,-0.686648,6.009191,7948
18.52,-4.763977,0,0,-0.4876381,-0.4023404,18.3504,13.44468,-1.13077,-0.8884681,5.471273,7932
18.54,26.68914,0,0,0.271255,0.2226832,36.59468,7.917619,-0.4559698,-0.3346494,9.597694,7956
18.56,5.167175,0,0,0.6368951,0.6010329,16.59467,6.148844,-0.4559698,-0.2051453,9.085592,7936
18.58,-138.8958,0,0,0.6790442,0.6629401,1.11375,2.389794,-1.805569,-1.332363,1.857141,7940
18.6,-140.6617,0,0,0.7974699,0.5866852,4.838942,-15.06222,-1.738089,-1.617988,-0.3195541,8008
18.62,0.2913499,0,0,0.6624609,0.2564954,-10.48931,-26.35964,-0.4559698,-0.6916301,2.218925,8020
18.64,27.58853,0,0,-0.01876452,-0.3321334,-39.13054,-17.60011,-0.4559698,-0.5184266,-0.1079667,7948
18.66,-55.64185,0,0,-1.102751,-1.053063,-57.10001,-5.842215,-1.46817,-1.405907,-7.038265,7944
18.68,48.34505,0,0,-1.156601,-1.189084,21.14429,-5.900587,-0.3884897,-0.7085379,-1.758506,7984
18.7,46.59061,0,0,-0.6245621,-0.8723127,17.48017,3.152896,-0.5234499,-0.4987308,2.291418,7952
18.72,41.60051,0,0,-0.7410446,-0.662316,-10.33664,9.235852,-0.3884897,-0.3537584,2.972959,7952
18.74,-13.11428,0,0,-0.3390926,-0.2807048,34.57941,11.54796,-0.7933693,-0.5993184,3.264404,7940
18.76,-33.60493,0,0,0.241585,0.1884125,25.99925,5.782425,-0.7933693,-0.6192098,4.592497,7940
18.78,-43.34756,0,0,0.4485592,0.3788088,12.18246,-0.8965223,-0.7933693,-0.6484956,3.767663,7972
18.8,-45.32057,0,0,0.46378,0.3451695,-4.122893,-6.458529,-0.7933693,-0.6941708,2.265368,7948
18.82,-40.19997,0,0,0.2085975,0.09685282,-14.2145,-9.648697,-0.7933693,-0.7624251,0.1478441,7956
18.84,-30.44668,0,0,-0.02523782,-0.1795078,-12.13816,-10.51485,-0.7933693,-0.8073572,-1.07654,7956
18.86,-13.43011,0,0,-0.3138473,-0.4523588,-15.95496,-9.188639,-0.7258892,-0.7847854,-1.651863,7948
18.88,-9.767562,0,0,-0.5391522,-0.6529884,-9.558009,-5.852741,-0.7933693,-0.8354812,-1.939169,7956
18.9,7.501106,0,0,-0.6000972,-0.7017992,-1.466404,-2.994425,-0.6584091,-0.7184016,-0.6908769,7956
18.92,-3.714211,0,0,-0.4960184,-0.6085188,2.228254,0.380365,-0.7933693,-0.7604846,0.1988735,7968
18.94,-14.49601,0,0,-0.4251546,-0.4881529,5.113751,1.25979,-0.8608494,-0.8130333,0.6388086,7964
18.96,-12.34026,0,0,-0.2398124,-0.3275924,6.564133,0.2000771,-0.7933693,-0.7502369,1.697125,7952
18.98,-9.225637,0,0,-0.1535316,-0.2287875,5.037415,-0.5831922,-0.7258892,-0.6778848,2.087813,7948
19,-18.51665,0,0,-0.1166227,-0.1833876,-0.3060985,-0.9382812,-0.7933693,-0.7198364,1.681227,7944
19.02,-21.40973,0,0,-0.09745393,-0.1683006,0.7473372,-2.188549,-0.7933693,-0.7386411,1.364009,7968
19.04,-21.45572,0,0,-0.1129171,-0.1938056,-0.4435031,-3.279487,-0.7933693,-0.7527911,0.981283,7976
19.06,-20.55796,0,0,-0.08722021,-0.2074857,-0.01602192,-4.075132,-0.7933693,-0.7548226,0.9063351,7964
19.08,-19.7608,0,0,-0.08405133,-0.2234613,0.1824515,-4.519328,-0.7933693,-0.7559174,0.803832,7972
19.1,-43.24137,0,0,-0.07857434,-0.2450623,-0.09235785,-4.769362,-1.06329,-0.9743559,-0.1992785,7944
19.12,-47.78136,0,0,-0.06155153,-0.2676193,0.09084838,-7.358374,-1.13077,-1.085188,-0.5148382,7980
19.14,-41.31819,0,0,-0.04809478,-0.3124758,-1.466404,-9.571662,-1.13077,-1.109078,-0.437994,7988
19.16,-33.3566,0,0,-0.1845846,-0.4355079,-7.802285,-9.992861,-1.13077,-1.127493,-0.7926564,7976
19.18,-19.57841,0,0,-0.3474141,-0.5712052,-7.619077,-8.957754,-1.06329,-1.085693,-0.7435537,7968
19.2,70.2028,0,0,-0.4177054,-0.5948144,-5.435872,-6.535368,-0.1185694,-0.2983226,3.058137,7972
19.22,-52.73451,0,0,-0.4639976,-0.5846139,-0.183961,4.184789,-1.46817,-1.171752,-0.9117176,7932
19.24,14.7402,0,0,-0.3901702,-0.4167965,8.274057,-1.235951,-0.5234499,-0.63593,2.413714,7988
19.26,27.11744,0,0,0.2247527,-0.03943345,28.27406,0.2137856,-0.3884897,-0.2973387,5.655933,7920
19.28,-26.10415,0,0,0.2276678,0.1222552,-5.542741,2.241414,-0.7933693,-0.5703529,3.415682,7924
19.3,-37.24226,0,0,-0.1537018,-0.03633434,-6.901521,-0.7976251,-0.7933693,-0.7362577,0.5349393,7952
19.32,-37.11354,0,0,0.4531974,0.1812319,19.92292,-5.59137,-0.7933693,-0.6947584,2.519035,7936
19.34,47.65693,0,0,0.2875754,0.1377668,-14.45878,-8.310434,0.15135,0.03502535,4.333895,7948
19.36,49.78455,0,0,-0.1271987,-0.09535229,-13.83282,-0.3728648,0.15135,0.1647568,2.58401,7896
19.38,36.0923,0,0,-0.09568049,-0.04493788,2.777872,5.128156,0.15135,0.2103353,2.776629,7884
19.4,-90.33771,0,0,0.3515786,0.2467236,24.13666,6.026029,-1.06329,-0.7077318,-0.06891537,7908
19.42,-103.7917,0,0,0.7154012,0.485759,17.87712,-7.303314,-1.06329,-0.9411754,-0.236969,7976
19.44,-97.23509,0,0,1.001572,0.5144556,10.5336,-18.44942,-1.13077,-1.046437,-0.5747676,7984
19.46,48.19788,0,0,0.6205699,0.2020073,-23.72595,-24.03593,0.2863102,0.007091425,2.140954,7972
19.48,-27.08669,0,0,-0.3105327,-0.470961,-53.64962,-10.42105,-0.7933693,-0.6937475,-4.563524,7908
19.5,-13.8237,0,0,-1.539586,-1.253985,-37.13054,-5.270989,-0.7258892,-0.9558952,-8.27316,7972
19.52,-0.1332932,0,0,-0.9566803,-1.142016,27.17483,-1.821159,-0.7933693,-0.9026534,-3.354353,7968
19.54,95.03487,0,0,-0.8164529,-0.9045364,2.136651,1.539305,0.2188301,-0.009937525,2.622748,7968
19.56,82.04445,0,0,-0.6929306,-0.6205778,11.44963,12.98091,0.15135,0.2033349,4.342072,7912
19.58,-55.51238,0,0,-0.4478188,-0.2536981,15.96872,18.39087,-1.06329,-0.708322,1.084322,7876
19.6,2.507156,0,0,0.3782489,0.3767842,43.84659,5.711134,-0.1185694,-0.1117039,6.340652,7972
19.62,2.27606,0,0,0.9728761,0.7961923,21.58704,1.233099,-0.05108929,0.1301654,7.450551,7924
19.64,-18.81489,0,0,0.7690691,0.7666861,-15.22214,-1.384355,-0.1185694,0.04382322,4.157249,7900
19.66,-17.32284,0,0,0.3369378,0.454247,-9.954956,-4.054233,-0.05108929,-0.02475571,0.876343,7948
19.68,-20.67327,0,0,0.5437091,0.3987285,2.945811,-6.158023,-0.1185694,-0.06598421,0.8339415,7892
19.7,-107.9669,0,0,0.3103201,0.165571,-12.01603,-7.323997,-1.13077,-0.9363265,-4.291811,7916
19.72,-92.7141,0,0,0.3560999,0.02166041,1.770238,-16.97202,-1.06329,-1.099765,-4.301794,7980
19.74,48.44401,0,0,0.2149357,-0.1969742,-11.17633,-21.28864,0.2188301,-0.1014055,0.1334481,7988
19.76,69.0448,0,0,-0.3899659,-0.5844718,-34.0313,-8.100265,0.2188301,0.1178757,-0.6918688,7904
19.78,-25.38467,0,0,-1.05016,-0.9228152,-22.84046,4.678273,-0.7933693,-0.697554,-5.392158,7900
19.8,55.3786,0,0,-0.3616454,-0.4899826,36.24353,1.943497,0.2188301,0.04547215,2.253649,7932
19.82,19.36443,0,0,0.2825907,0.04198775,25.72445,6.310205,-0.1185694,0.06110059,4.437889,7896
19.84,-4.509214,0,0,0.3171593,0.3118008,2.808407,5.276272,-0.1185694,0.02200005,3.568707,7900
19.86,-19.76307,0,0,0.7623693,0.6288186,24.01452,0.8182626,-0.1185694,0.0347381,4.122453,7928
19.88,-59.88244,0,0,0.9249915,0.7436104,5.648102,-4.311029,-0.4559698,-0.2585423,1.939716,7908
19.9,-31.82543,0,0,0.9023449,0.6765129,-1.130526,-11.74997,-0.1185694,-0.103283,1.403327,7940
19.92,-22.8109,0,0,0.731528,0.4543311,-12.00076,-13.3736,-0.1185694,-0.09804937,-0.08067729,7908
19.94,-15.03789,0,0,0.3079177,0.1100643,-20.2145,-12.28101,-0.1185694,-0.151785,-2.025114,7916
19.96,-6.469296,0,0,0.1118802,-0.1112621,-8.947322,-10.08869,-0.1185694,-0.168108,-2.302223,7908
19.98,-0.0721035,0,0,-0.01772665,-0.2277264,-4.382436,-7.310836,-0.1185694,-0.1636453,-2.019541,7924
20,2.970799,0,0,-0.04279257,-0.2365574,0.3198562,-4.692618,-0.1185694,-0.1437314,-1.284203,7900
20.02,8.610148,0,0,0.009323839,-0.1623594,2.854208,-2.77058,-0.05108929,-0.06308189,-0.1848403,7908
20.04,-30.61307,0,0,0.09836355,-0.06531085,4.228254,-1.22898,-0.4559698,-0.3538503,-0.8995013,7892
20.06,-34.23298,0,0,0.1957162,0.0241054,4.503064,-4.478429,-0.4559698,-0.4240652,-0.6530826,7932
20.08,-35.7946,0,0,0.2494378,0.03293286,-0.3213652,-7.199533,-0.5234499,-0.4947132,-0.7972457,7936
20.1,-23.37254,0,0,0.1488176,-0.0603542,-4.535108,-8.886729,-0.4559698,-0.4732236,-1.006459,7948
20.12,-15.7463,0,0,0.03691411,-0.1762891,-5.527474,-8.404826,-0.4559698,-0.4729347,-1.168132,7944
20.14,-16.84608,0,0,-0.01820319,-0.2411185,-2.061824,-7.117702,-0.5234499,-0.5200858,-1.152901,7944
20.16,-8.349603,0,0,-0.01352876,-0.2399786,1.11375,-6.350286,-0.4559698,-0.4643402,-0.4283016,7928
20.18,-1.302586,0,0,0.02138317,-0.1975892,1.480162,-5.06742,-0.3884897,-0.3814577,0.3666474,7928
20.2,-15.12366,0,0,0.01975589,-0.1615773,0.1519171,-3.520855,-0.5234499,-0.4669527,0.1208088,7940
20.22,-11.97658,0,0,0.0487809,-0.1134405,1.754971,-3.976537,-0.4559698,-0.4328416,0.4926102,7928
20.24,-18.76723,0,0,0.1292273,-0.05744101,3.724437,-4.210331,-0.5234499,-0.4693094,0.5715413,7924
20.26,-19.58835,0,0,0.0777218,-0.07286632,-1.222129,-4.931122,-0.5234499,-0.4923214,0.1942992,7940
20.28,-18.46135,0,0,0.1070432,-0.07471839,-0.1992282,-5.571194,-0.5234499,-0.4945828,0.2630437,7932
20.3,-17.29247,0,0,0.100775,-0.08826165,0.3351234,-5.865653,-0.5234499,-0.4959233,0.2132345,7952
20.32,-4.145648,0,0,0.07265963,-0.1071963,-0.6572433,-5.847603,-0.3884897,-0.3898326,0.59717,7944
20.34,-3.989814,0,0,0.08278842,-0.09928868,-0.107625,-4.525891,-0.3884897,-0.3572106,0.7639018,7948
20.36,-12.7907,0,0,0.07173414,-0.0844285,0.2587874,-3.607614,-0.4559698,-0.4056304,0.4896548,7956
20.38,-9.17839,0,0,0.08585244,-0.05981935,0.7320697,-3.925631,-0.3884897,-0.3646677,0.6996951,7940
20.4,-10.00012,0,0,0.1082938,-0.04035209,0.1671843,-3.844413,-0.3884897,-0.3532602,0.722125,7944
20.42,-17.37724,0,0,0.09941961,-0.0402678,-0.0007547362,-3.862991,-0.4559698,-0.4096954,0.3299339,7936
20.44,-17.78517,0,0,0.08624782,-0.05346759,0.1519171,-4.586092,-0.4559698,-0.4292378,0.1451584,7944
20.46,-22.39584,0,0,0.08621028,-0.07340598,0.1671843,-5.11079,-0.5234499,-0.4890595,-0.1410543,7928
20.48,-14.67237,0,0,0.08739871,-0.08914168,0.1213828,-5.916758,-0.4559698,-0.4487192,0.09147137,7936
20.5,-12.49002,0,0,0.08498339,-0.1036414,-0.1228922,-5.659078,-0.4559698,-0.4353375,0.1733061,7944
20.52,-6.088115,0,0,0.06935258,-0.109302,0.07558119,-5.210695,-0.3884897,-0.3769259,0.4369441,7940
20.54,-6.654288,0,0,0.07641886,-0.09580342,-0.04655629,-4.281072,-0.3884897,-0.3584497,0.5691087,7936
20.56,-14.77003,0,0,0.08247341,-0.07580527,0.4114593,-3.746889,-0.4559698,-0.4082353,0.365451,7940
20.58,-16.30413,0,0,0.08232392,-0.06551484,0.3809245,-4.219645,-0.4559698,-0.4243323,0.2800354,7936
20.6,-15.86917,0,0,0.08415697,-0.06909459,-0.04655629,-4.699244,-0.4559698,-0.4299397,0.2274265,7924
20.62,-14.97038,0,0,0.07886498,-0.08074885,-0.0007547362,-4.958891,-0.4559698,-0.4322715,0.1834028,7948
20.64,-8.209728,0,0,0.08427699,-0.08282716,0.1824515,-5.045508,-0.3884897,-0.3763589,0.4616974,7948
20.66,-14.18107,0,0,0.09135799,-0.07914172,0.1061156,-4.444044,-0.4559698,-0.4141447,0.299797,7932
20.68,-9.310158,0,0,0.0874382,-0.071791,0.1519171,-4.631928,-0.3884897,-0.3710298,0.4889722,7932
20.7,-15.37965,0,0,0.08584917,-0.07225331,0.1213828,-4.268739,-0.4559698,-0.4149463,0.2472245,7932
20.72,-16.08208,0,0,0.08531483,-0.07142468,-0.01602192,-4.639551,-0.4559698,-0.4276989,0.1955919,7948
20.74,-21.41545,0,0,0.08444747,-0.08084595,0.1671843,-4.961905,-0.5234499,-0.4861676,-0.06981051,7936
20.76,-20.29318,0,0,0.08697223,-0.0919285,0.09084838,-5.719963,-0.5234499,-0.5007926,-0.07758301,7956
20.78,-18.25852,0,0,0.09901384,-0.100488,-0.1992282,-6.140647,-0.5234499,-0.5008994,0.01709998,7956
20.8,-10.5596,0,0,0.0769413,-0.1181332,0.2435202,-6.143486,-0.4559698,-0.4472327,0.2370524,7952
20.82,20.3055,0,0,0.07671115,-0.1049149,-0.1228922,-5.327352,-0.1185694,-0.1561179,1.577033,7940
20.84,23.50196,0,0,0.0910195,-0.05405731,0.6099325,-1.69796,-0.05108929,-0.01984958,2.092852,7912
20.86,-16.51038,0,0,0.1243069,0.02856021,2.716804,0.9002168,-0.3884897,-0.2589542,0.9403334,7912
20.88,-32.2133,0,0,0.2926836,0.1631363,7.983981,-1.928005,-0.4559698,-0.3679485,0.8574382,7948
20.9,-33.34164,0,0,0.3885586,0.212366,5.144285,-5.723615,-0.4559698,-0.4005802,0.612521,7956
20.92,-0.1489575,0,0,0.3793427,0.1791856,-1.481671,-8.332514,-0.1185694,-0.1480426,1.285274,7936
20.94,3.057048,0,0,0.2924339,0.09913871,-4.290833,-6.458914,-0.1185694,-0.0941263,0.8410172,7924
20.96,0.7956621,0,0,0.1474084,0.01782827,-5.451138,-4.452377,-0.1185694,-0.09926314,0.2098778,7880
20.98,-2.79547,0,0,0.296209,0.09840989,4.426728,-3.72969,-0.1185694,-0.07469507,0.8872576,7908
21,-6.739092,0,0,0.2706746,0.1242332,1.342757,-3.57128,-0.1185694,-0.07914805,0.5918908,7928
21.02,-3.31276,0,0,0.3015321,0.1534379,0.8694746,-3.956095,-0.05108929,-0.02740606,0.7515901,7912
21.04,-11.19971,0,0,0.3258073,0.1711213,0.7015356,-3.952335,-0.1185694,-0.07037077,0.4154714,7924
21.06,-12.91786,0,0,0.3013229,0.1580685,0.3656577,-4.688115,-0.1185694,-0.09141689,0.05906042,7928
21.08,-12.3373,0,0,0.2974492,0.1373957,0.2129859,-5.337976,-0.1185694,-0.0999036,-0.1090582,7916
21.1,-5.299926,0,0,0.3019623,0.1245674,0.3961921,-5.71172,-0.05108929,-0.04674199,0.08352971,7932
21.12,-10.7837,0,0,0.2963073,0.1124128,0.304589,-5.234452,-0.1185694,-0.08727293,-0.1729488,7924
21.14,-11.50226,0,0,0.2980782,0.1121175,0.2587874,-5.472055,-0.1185694,-0.09790494,-0.2019953,7916
21.16,-41.15038,0,0,0.3039567,0.09644255,-0.04655629,-5.750387,-0.4559698,-0.3734957,-1.400642,7912
21.18,-9.03596,0,0,0.3094868,0.08267544,0.2129859,-8.915141,-0.1185694,-0.1730324,-0.3145107,7940
21.2,-2.411085,0,0,0.3044721,0.0480363,-1.054191,-7.753604,-0.1185694,-0.1139655,-0.08463532,7916
21.22,-1.893863,0,0,0.1470353,-0.02989198,-8.596177,-5.85535,-0.1185694,-0.1163096,-0.5368897,7936
21.24,-2.67861,0,0,0.1856837,-0.008151442,1.770238,-4.615271,-0.1185694,-0.1031243,-0.09680736,7924
21.26,-34.44922,0,0,0.1888563,0.007110037,1.388559,-3.91486,-0.4559698,-0.3710257,-1.156224,7944
21.28,-40.68212,0,0,0.219628,0.01619458,1.70917,-6.760774,-0.5234499,-0.4945135,-1.377897,7952
21.3,-34.41827,0,0,0.2828048,0.006431103,1.32749,-9.46691,-0.5234499,-0.5160096,-1.09701,7948
21.32,9.73464,0,0,0.1361999,-0.09887384,-6.183964,-10.18462,-0.1185694,-0.2095935,-0.1002278,7956
21.34,15.46767,0,0,0.0390669,-0.1731945,-4.916787,-5.880867,-0.1185694,-0.1261573,0.1198522,7924
21.36,11.73247,0,0,-0.04919598,-0.1787627,-2.62671,-2.155574,-0.1185694,-0.1058982,0.2239951,7920
21.38,-30.78404,0,0,0.1067234,-0.05484223,6.564133,-0.5194665,-0.5234499,-0.4018426,-0.3056537,7896
21.4,-30.58703,0,0,0.2568024,0.07606412,9.190087,-4.191468,-0.4559698,-0.4149255,0.2381779,7928
21.42,-34.24703,0,0,0.3544615,0.1210362,2.6252,-6.947586,-0.5234499,-0.4698249,0.08843684,7924
21.44,5.482374,0,0,0.2688479,0.06193479,-3.451137,-8.896983,-0.1185694,-0.1755567,0.8932092,7924
21.46,9.637667,0,0,0.169021,-0.0196743,-6.748848,-5.874697,-0.1185694,-0.1064578,0.6673343,7928
21.48,6.318329,0,0,0.05367447,-0.06566605,-2.336633,-3.087375,-0.1185694,-0.09968621,0.3494182,7936
21.5,-34.71239,0,0,0.1783345,0.00975886,4.945812,-1.933474,-0.5234499,-0.4045492,-0.4610064,7924
21.52,-32.66669,0,0,0.2838637,0.08998935,6.701538,-5.634484,-0.4559698,-0.4242098,-0.1202185,7944
21.54,-28.53987,0,0,0.3428507,0.09738939,0.9763447,-8.089421,-0.4559698,-0.4274413,-0.1015739,7956
21.56,-23.81835,0,0,0.2322289,0.00273177,-5.664879,-9.002322,-0.4559698,-0.4461848,-0.6731703,7956
21.58,11.83021,0,0,0.08266427,-0.1139707,-7.237397,-8.648316,-0.1185694,-0.1918135,0.0706161,7960
21.6,-15.03293,0,0,0.05024583,-0.1607201,-2.611443,-4.698937,-0.4559698,-0.3869376,-0.7182825,7936
21.62,-18.16512,0,0,-0.0348808,-0.1825708,0.01451245,-4.52855,-0.4559698,-0.4455663,-0.8844341,7964
21.64,-22.75592,0,0,0.1093501,-0.1121795,5.632835,-5.13051,-0.5234499,-0.4881932,-0.2695209,7960
21.66,-15.58564,0,0,0.1077585,-0.09445015,0.7473372,-6.010491,-0.4559698,-0.4460412,0.01599544,7944
21.68,-7.522525,0,0,0.09373769,-0.100694,-0.2755641,-5.831618,-0.3884897,-0.3810977,0.3026596,7952
21.7,-13.27528,0,0,0.08609015,-0.1014848,0.1366499,-4.878117,-0.4559698,-0.4171762,0.1610124,7944
21.72,-20.38389,0,0,0.06820911,-0.103563,-0.1686933,-4.780418,-0.5234499,-0.4836292,-0.1196365,7940
21.74,-13.96652,0,0,0.08352806,-0.0962191,0.02977964,-5.470172,-0.4559698,-0.4438265,0.1962518,7960
21.76,-18.55401,0,0,0.08717588,-0.1002679,0.01451245,-5.298951,-0.5234499,-0.4861492,0.03754944,7952
21.78,-18.27218,0,0,0.0838899,-0.1040818,-0.01602192,-5.638111,-0.5234499,-0.4971577,0.04219711,7956
21.8,-11.08157,0,0,0.08572081,-0.1065571,-0.03128911,-5.832668,-0.4559698,-0.4437232,0.3379491,7956
21.82,-16.47598,0,0,0.09009744,-0.105756,-0.09235785,-5.251564,-0.5234499,-0.4817298,0.2038041,7964
21.84,-11.15128,0,0,0.08288817,-0.1011193,0.1213828,-5.384012,-0.4559698,-0.4381194,0.422147,7956
21.86,-10.93781,0,0,0.07955694,-0.09935918,-0.01602192,-4.925561,-0.4559698,-0.4264777,0.4562255,7952
21.88,-11.96107,0,0,0.09191944,-0.0844193,-0.01602192,-4.63358,-0.4559698,-0.4216836,0.5206043,7960
21.9,-13.1011,0,0,0.09887937,-0.07089865,0.07558119,-4.567774,-0.4559698,-0.4209623,0.515016,7972
21.92,-7.84143,0,0,0.09362885,-0.06554925,-0.06182348,-4.623904,-0.3884897,-0.3688376,0.6755496,7964
21.94,-8.550505,0,0,0.103831,-0.0551338,0.2587874,-4.159904,-0.3884897,-0.3545597,0.6953722,7988
21.96,-22.33204,0,0,0.104717,-0.04988802,-0.06182348,-3.941801,-0.5234499,-0.4623303,0.1444979,7948
21.98,-17.02555,0,0,0.09989362,-0.05423908,0.1977187,-5.174292,-0.4559698,-0.4400395,0.2141613,7968
22,-15.40933,0,0,0.1613247,-0.03745001,2.457261,-5.628797,-0.4559698,-0.4248114,0.4498114,7932
22.02,-20.91429,0,0,0.1122946,-0.06722136,-1.038923,-5.64397,-0.5234499,-0.4841493,-0.04995817,7944
22.04,-8.235919,0,0,0.1334487,-0.06549838,0.3656577,-6.24695,-0.3884897,-0.3862096,0.5078204,7944
22.06,-7.62675,0,0,0.1696839,-0.04504962,1.678635,-5.467255,-0.3884897,-0.3532194,0.7352003,7956
22.08,-15.44321,0,0,0.1017497,-0.06523569,-0.6114421,-4.710375,-0.4559698,-0.4112312,0.178901,7968
22.1,-16.8376,0,0,0.1465143,-0.04202832,1.556498,-5.114859,-0.4559698,-0.4204283,0.3259333,7948
22.12,-23.2319,0,0,0.2007891,-0.01304057,2.609933,-5.692244,-0.5234499,-0.4715496,0.241756,7940
22.14,-10.777,0,0,0.1624279,-0.0310269,-0.4587703,-6.616107,-0.3884897,-0.3849738,0.4283553,7952
22.16,-15.546,0,0,0.2053834,-0.02290107,0.1366499,-6.090899,-0.4559698,-0.4088655,0.4092976,7952
22.18,-22.4005,0,0,0.1335194,-0.05794413,-0.7335792,-6.032423,-0.5234499,-0.4820518,-0.1947173,7952
22.2,-15.718,0,0,0.1718563,-0.05137539,1.022146,-6.774982,-0.4559698,-0.4395106,0.2058915,7952
22.22,-14.4968,0,0,0.1938872,-0.04329914,0.6710012,-6.657165,-0.4559698,-0.4237083,0.345883,7940
22.24,-14.25858,0,0,0.114598,-0.08153735,-3.252664,-6.23654,-0.4559698,-0.431459,0.02637672,7944
22.26,-19.93827,0,0,0.1255412,-0.08645433,-0.6114421,-5.954204,-0.5234499,-0.4835438,-0.08231348,7944
22.28,-13.59532,0,0,0.1186348,-0.08865122,0.2740546,-6.313052,-0.4559698,-0.4423499,0.1645577,7920
22.3,-18.50578,0,0,0.1222731,-0.0912666,-0.3671672,-5.925138,-0.5234499,-0.4835347,0.03335309,7944
22.32,-6.691206,0,0,0.1336859,-0.07728946,0.1519171,-6.181721,-0.3884897,-0.3825693,0.5922904,7952
22.34,-12.68344,0,0,0.1404375,-0.06647267,0.02977964,-5.18689,-0.4559698,-0.4087454,0.4611757,7952
22.36,-20.87835,0,0,0.139197,-0.05453106,0.2129859,-5.137321,-0.5234499,-0.4723902,0.1719059,7964
22.38,-15.28197,0,0,0.1431357,-0.04988047,0.07558119,-5.943284,-0.4559698,-0.4362496,0.3419096,7952
22.4,-8.237505,0,0,0.156287,-0.04657947,-0.03128911,-5.946432,-0.3884897,-0.3701904,0.632252,7968
22.42,-14.49041,0,0,0.1195939,-0.06380798,-1.16106,-5.140705,-0.4559698,-0.4129226,0.2513449,7944
22.44,-15.84531,0,0,0.1402474,-0.05096166,0.3656577,-5.288081,-0.4559698,-0.4212945,0.3114389,7952
22.46,-9.939185,0,0,0.1378415,-0.04768251,0.2893218,-5.515491,-0.3884897,-0.3703693,0.501829,7944
22.48,-15.87552,0,0,0.1258238,-0.0554863,0.07558119,-5.043312,-0.4559698,-0.4136007,0.216064,7956
22.5,-16.80662,0,0,0.1466007,-0.04387634,0.3809245,-5.384802,-0.4559698,-0.4225608,0.261606,7956
22.52,-22.60901,0,0,0.1537089,-0.04436491,0.1061156,-5.737164,-0.5234499,-0.4797243,0.006694436,7944
22.54,-15.93264,0,0,0.1658581,-0.04458006,0.2740546,-6.586981,-0.4559698,-0.4391197,0.2421528,7968
22.56,-20.3541,0,0,0.157659,-0.06073099,-0.06182348,-6.460733,-0.5234499,-0.48339,-0.00608933,7948
22.58,-13.67671,0,0,0.1293023,-0.08103247,-0.7030448,-6.732527,-0.4559698,-0.4434849,0.1273199,7960
22.6,-18.46326,0,0,0.1382443,-0.08624992,0.2129859,-6.260879,-0.5234499,-0.4831598,0.03043509,7956
22.62,-18.61812,0,0,0.134758,-0.08600128,0.2435202,-6.418849,-0.5234499,-0.4930294,0.0530448,7956
22.64,-11.73278,0,0,0.1237017,-0.09150624,-0.1992282,-6.502346,-0.4559698,-0.4414746,0.2964349,7956
22.66,-11.17321,0,0,0.1214205,-0.09114995,0.1366499,-5.852189,-0.4559698,-0.4261006,0.3833895,7956
22.68,-18.13474,0,0,0.1119887,-0.08843736,-0.03128911,-5.341939,-0.5234499,-0.4774927,0.1509628,7948
22.7,-12.85659,0,0,0.1155367,-0.07933054,0.1213828,-5.71109,-0.4559698,-0.4364652,0.390248,7964
22.72,-12.32198,0,0,0.1064505,-0.08280905,-0.09235785,-5.400786,-0.4559698,-0.4268146,0.3808995,7960
22.74,-12.93738,0,0,0.1160622,-0.07356969,0.1366499,-5.165414,-0.4559698,-0.4226314,0.4354796,7972
22.76,-25.73355,0,0,0.1172913,-0.07186985,0.1366499,-5.090188,-0.590929,-0.5316823,-0.06134754,7964
22.78,-13.72895,0,0,0.1300549,-0.06621151,0.06031401,-6.359273,-0.4559698,-0.4508913,0.3830486,7952
22.8,-5.73167,0,0,0.1387092,-0.06763802,-0.03128911,-6.01004,-0.3884897,-0.3724852,0.7071766,7956
22.82,-12.45022,0,0,0.1003316,-0.08139209,-0.4435031,-4.866423,-0.4559698,-0.4115059,0.3520789,7948
22.84,-8.462735,0,0,0.1178435,-0.06102043,0.5030622,-4.822046,-0.3884897,-0.3648679,0.6466537,7944
22.86,-15.82423,0,0,0.1662933,-0.02554531,1.098482,-4.538263,-0.4559698,-0.4016587,0.5820237,7960
22.88,-17.56966,0,0,0.1438946,-0.02519533,0.2893218,-5.045704,-0.4559698,-0.419551,0.333616,7948
22.9,-23.24318,0,0,0.1463258,-0.03615579,-0.2450293,-5.57436,-0.5234499,-0.4806973,0.005901635,7948
22.92,-22.20041,0,0,0.157801,-0.04656225,0.2435202,-6.529233,-0.5234499,-0.4956702,-0.02081513,7968
22.94,-13.97116,0,0,0.147914,-0.06747869,-0.1992282,-7.022332,-0.4559698,-0.4452333,0.1786047,7964
22.96,-6.005371,0,0,0.09852364,-0.1020402,-1.634343,-6.36573,-0.3884897,-0.3813327,0.3126273,7964
22.98,-11.8714,0,0,0.06403736,-0.1215149,-1.466404,-5.018222,-0.4559698,-0.4198456,0.0895949,7960
23,-13.52837,0,0,0.0991316,-0.09232184,1.648101,-4.804002,-0.4559698,-0.4226748,0.3171631,7960
23.02,-8.845494,0,0,0.171386,-0.03534193,3.892376,-5.035158,-0.3884897,-0.3593041,0.8585119,7948
23.04,-22.27756,0,0,0.1610693,-0.02503604,-0.3671672,-4.720532,-0.5234499,-0.4579027,0.2518333,7952
23.06,-11.80954,0,0,0.1959457,-0.0007101446,1.312223,-5.960133,-0.3884897,-0.3736899,0.7058222,7956
23.08,-22.90305,0,0,0.1803657,-0.01804917,-0.3671672,-5.705425,-0.5234499,-0.4653811,0.0902003,7936
23.1,-23.10357,0,0,0.1577374,-0.04164315,0.1977187,-6.589485,-0.5234499,-0.4944715,-0.1185915,7980
23.12,-15.17404,0,0,0.2051105,-0.03564945,0.8694746,-7.316284,-0.4559698,-0.4387869,0.319617,7956
23.14,-19.84405,0,0,0.1843104,-0.05351894,0.2740546,-6.948256,-0.5234499,-0.4807656,0.03052735,7936
23.16,-7.849856,0,0,0.1858291,-0.05133568,-0.03128911,-7.160722,-0.3884897,-0.3812063,0.5325575,7912
23.18,-8.117949,0,0,0.2425185,-0.01364537,2.441994,-6.247273,-0.3884897,-0.3449573,0.8548802,7952
23.2,-22.83004,0,0,0.1863826,-0.02198581,-0.4129688,-5.53577,-0.5234499,-0.456642,0.07079989,7952
23.22,-24.37443,0,0,0.2158957,-0.008356512,-0.1381594,-6.630572,-0.5234499,-0.4844993,0.06800264,7952
23.24,-22.77017,0,0,0.216417,-0.02112116,0.2587874,-7.523342,-0.5234499,-0.4932861,-0.007609367,7960
23.26,-14.32489,0,0,0.1611938,-0.06687329,-1.619076,-7.790782,-0.4559698,-0.448006,0.005062938,7968
23.28,-11.96519,0,0,0.1039165,-0.114715,-3.191595,-6.936588,-0.4559698,-0.4393345,-0.08189881,7960
23.3,-11.09201,0,0,0.04625179,-0.150064,0.4267263,-5.948482,-0.4559698,-0.4396672,-0.1287849,7972
23.32,-23.34833,0,0,0.09790175,-0.1242589,0.4419934,-5.343642,-0.590929,-0.5360529,-0.1928015,7940
23.34,-17.68055,0,0,0.08468773,-0.1172732,0.7168028,-6.146632,-0.5234499,-0.5091442,0.01253605,7956
23.36,-3.781441,0,0,0.1040179,-0.1061369,-0.2450293,-6.151539,-0.3884897,-0.3879928,0.6745383,7936
23.38,-9.662386,0,0,0.06211908,-0.1180011,-0.3824344,-4.640831,-0.4559698,-0.4151085,0.386309,7960
23.4,-18.24594,0,0,0.09118444,-0.08975951,0.7168028,-4.312017,-0.5234499,-0.4724036,0.2944435,7952
23.42,-13.62032,0,0,0.1243008,-0.05824772,2.533597,-5.058605,-0.4559698,-0.4307955,0.5929887,7952
23.44,-13.99989,0,0,0.1937679,-0.0158022,3.159552,-5.294189,-0.4559698,-0.4121735,0.8187368,7960
23.46,-9.331429,0,0,0.1774487,-0.009707972,-0.596175,-5.454682,-0.3884897,-0.3599486,0.8406907,7952
23.48,-10.54503,0,0,0.1964365,0.003525659,0.1366499,-5.14555,-0.3884897,-0.3461323,0.8211635,7964
23.5,-12.42663,0,0,0.1764269,0.001018159,0.1366499,-5.012614,-0.3884897,-0.3491482,0.5979841,7972
23.52,-13.71064,0,0,0.1877565,0.006586976,-0.2144953,-5.14625,-0.3884897,-0.3509156,0.5246775,7956
23.54,-14.47067,0,0,0.191093,0.007188916,0.1977187,-5.377604,-0.3884897,-0.3534462,0.4227726,7968
23.56,-20.80454,0,0,0.1933368,0.001216672,0.1977187,-5.622178,-0.4559698,-0.4104015,0.09551573,7968
23.58,-20.63057,0,0,0.2062425,-0.002536148,-0.183961,-6.460629,-0.4559698,-0.4249716,0.050502,7956
23.6,-24.96248,0,0,0.1856464,-0.03154548,-0.7946484,-6.949284,-0.5234499,-0.486649,-0.3156592,7960
23.62,-10.54647,0,0,0.1377021,-0.074462,-2.565641,-7.556062,-0.3884897,-0.3984741,-0.01636219,7944
23.64,-19.63259,0,0,0.1016343,-0.1161403,-2.122893,-6.396007,-0.5234499,-0.4834791,-0.4367898,7940
23.66,-12.92433,0,0,0.03551714,-0.1540959,-0.6267089,-6.334915,-0.4559698,-0.4562175,-0.3305222,7936
23.68,-11.14626,0,0,0.08819528,-0.1331808,-0.3213652,-5.746494,-0.4559698,-0.4342601,0.145592,7928
23.7,-5.52834,0,0,0.07685876,-0.1172616,1.129017,-5.143088,-0.3884897,-0.3734499,0.4765888,7952
23.72,-18.88131,0,0,0.1044408,-0.08770657,1.235887,-4.267028,-0.5234499,-0.462061,0.2109944,7936
23.74,-9.194269,0,0,0.1480451,-0.04166435,2.106116,-5.155149,-0.3884897,-0.3729517,0.7876009,7944
23.76,-9.378227,0,0,0.163321,-0.02232906,0.5335966,-4.826855,-0.3884897,-0.3503214,0.8012887,7936
23.78,-17.30824,0,0,0.1542236,-0.01811475,0.4267263,-4.615598,-0.4559698,-0.4040138,0.4129006,7960
23.8,-24.49428,0,0,0.1557669,-0.02124847,-0.2144953,-5.290428,-0.5234499,-0.4760124,0.0326615,7956
23.82,-17.53303,0,0,0.1694246,-0.02792241,0.304589,-6.498881,-0.4559698,-0.4400772,0.2124689,7972
23.84,-9.370073,0,0,0.1662564,-0.04353164,0.2129859,-6.582343,-0.3884897,-0.3754464,0.4407783,7976
23.86,-9.131562,0,0,0.1655879,-0.04559136,0.04504682,-5.804099,-0.3884897,-0.3566176,0.4952821,7956
23.88,-10.77441,0,0,0.1678227,-0.03283386,0.2129859,-5.266909,-0.3884897,-0.3514368,0.5102703,7956
23.9,-12.40809,0,0,0.1672903,-0.02100246,0.9000088,-5.078801,-0.3884897,-0.3520198,0.4621007,7960
23.92,-20.03225,0,0,0.2318154,0.01822943,2.548864,-5.310118,-0.4559698,-0.3996001,0.4170002,7944
23.94,-20.64206,0,0,0.1777467,-0.005880423,0.1366499,-6.100434,-0.4559698,-0.4252805,0.01426387,7948
23.96,-13.28758,0,0,0.218607,-0.002761997,-0.2908313,-6.788282,-0.3884897,-0.371182,0.3769161,7952
23.98,-18.00042,0,0,0.1638034,-0.04065435,-1.878618,-6.356789,-0.4559698,-0.4192561,-0.08842438,7956
24,-17.16032,0,0,0.09756929,-0.08895721,-2.870985,-6.346967,-0.4559698,-0.439568,-0.3324586,7952
24.02,-21.76004,0,0,0.1617466,-0.07397492,2.258788,-6.421918,-0.5234499,-0.4849044,-0.1660994,7956
24.04,-14.81272,0,0,0.1380238,-0.08242407,0.4419934,-6.869758,-0.4559698,-0.4447182,0.01877457,7956
24.06,-19.788,0,0,0.208528,-0.051145,0.5030622,-6.664229,-0.5234499,-0.4755591,0.1914743,7944
24.08,-14.03956,0,0,0.1554392,-0.06564881,-0.2602969,-6.887749,-0.4559698,-0.4384264,0.1887518,7964
24.1,-13.50643,0,0,0.1990865,-0.0463441,0.1824515,-6.571084,-0.4559698,-0.4203434,0.4465885,7940
24.12,-8.377696,0,0,0.178008,-0.04220483,1.144284,-6.248197,-0.3884897,-0.3648931,0.5965399,7976
24.14,-15.59416,0,0,0.193228,-0.02640232,0.1671843,-5.564334,-0.4559698,-0.403179,0.4332942,7928
24.16,-11.6237,0,0,0.2040185,-0.005861923,0.6710012,-5.869326,-0.3884897,-0.3598773,0.6255381,7968
24.18,-18.28546,0,0,0.2084883,-0.0004763305,0.09084838,-5.697677,-0.4559698,-0.4049911,0.33461,7948
24.2,-25.28354,0,0,0.2123245,-0.001500599,0.2587874,-6.277177,-0.5234499,-0.4737987,-0.0094046,7960
24.22,-12.30402,0,0,0.2085177,-0.01247378,0.4572606,-7.348789,-0.3884897,-0.3847592,0.3531833,7968
24.24,-16.64151,0,0,0.231745,-0.01444542,-0.2297625,-6.816299,-0.4559698,-0.4106407,0.2618091,7944
24.26,-17.15324,0,0,0.1671905,-0.04596743,-1.43587,-6.719573,-0.4559698,-0.427515,-0.03756452,7948
24.28,-22.94624,0,0,0.2352009,-0.02215211,0.9000088,-6.891063,-0.5234499,-0.4743557,0.05398822,7948
24.3,-22.55761,0,0,0.1985932,-0.03990372,0.8847416,-7.498201,-0.5234499,-0.4935482,-0.1469155,7944
24.32,-14.78502,0,0,0.214848,-0.04403515,-0.4129688,-7.895781,-0.4559698,-0.4397909,0.2008432,7948
24.34,-19.55355,0,0,0.1944179,-0.06047387,-1.084725,-7.321165,-0.5234499,-0.4810264,-0.03579772,7956
24.36,-19.30364,0,0,0.1450776,-0.08856032,-2.016023,-7.276453,-0.5234499,-0.4975842,-0.1916285,7956
24.38,-18.041,0,0,0.1575979,-0.09136988,0.3198562,-7.245019,-0.5234499,-0.4964403,-0.0227865,7964
24.4,-16.95479,0,0,0.1249022,-0.1088804,-0.3213652,-7.003021,-0.5234499,-0.4984456,-0.05420095,7964
24.42,-16.23315,0,0,0.1321312,-0.1067475,0.04504682,-6.744549,-0.5234499,-0.4946911,0.101164,7960
24.44,-4.548533,0,0,0.1950964,-0.06007789,1.663368,-6.662778,-0.3884897,-0.3731962,0.9351411,7964
24.46,-17.64186,0,0,0.1368538,-0.07038078,-0.596175,-5.292653,-0.5234499,-0.4607792,0.2487558,7936
24.48,-7.899312,0,0,0.1289078,-0.06094106,-0.2144953,-5.666685,-0.3884897,-0.3775361,0.6300331,7944
24.5,-14.00495,0,0,0.1480359,-0.04853053,0.6710012,-4.99315,-0.4559698,-0.407509,0.4938558,7956
24.52,-15.86741,0,0,0.1452955,-0.03914805,-0.0007547362,-5.159709,-0.4559698,-0.4183509,0.398376,7960
24.54,-22.21245,0,0,0.1480037,-0.04102965,0.2435202,-5.47696,-0.5234499,-0.4775707,0.09236938,7920
24.56,-21.75472,0,0,0.1562758,-0.04680625,-0.1686933,-6.353358,-0.5234499,-0.4932845,0.04486674,7948
24.58,-7.929153,0,0,0.1552509,-0.0572813,-0.2602969,-6.873775,-0.3884897,-0.3877052,0.5062665,7968
24.6,-18.47722,0,0,0.09403812,-0.09962782,-2.565641,-5.658581,-0.5234499,-0.4757816,-0.1326754,7952
24.62,-12.80785,0,0,0.05183242,-0.1250867,0.2282531,-5.776072,-0.4559698,-0.4480556,-0.02039886,7948
24.64,-11.50987,0,0,0.08178288,-0.1158188,0.01451245,-5.353781,-0.4559698,-0.4319362,0.2564304,7940
24.66,-18.05622,0,0,0.09591885,-0.09934039,0.8542075,-4.989407,-0.5234499,-0.479014,0.1538137,7964
24.68,-12.57106,0,0,0.0853482,-0.0946084,0.2129859,-5.379313,-0.4559698,-0.4394298,0.336488,7948
24.7,-11.84598,0,0,0.08243973,-0.09649651,-0.0007547362,-5.077405,-0.4559698,-0.4288131,0.3696464,7956
24.72,-18.38334,0,0,0.0908068,-0.09018468,0.3198562,-4.831537,-0.5234499,-0.4790644,0.1881887,7968
24.74,-12.7747,0,0,0.08953608,-0.08625963,0.2740546,-5.321971,-0.4559698,-0.4388326,0.3858023,7952
24.76,-12.0285,0,0,0.08896596,-0.08873761,-0.07709067,-5.080969,-0.4559698,-0.4279263,0.4082344,7956
24.78,-6.551989,0,0,0.09642533,-0.07834779,0.1061156,-4.858592,-0.3884897,-0.3690868,0.6892686,7960
24.8,-19.51948,0,0,0.08542577,-0.07893095,0.5488637,-4.141788,-0.5234499,-0.4651878,0.169339,7960
24.82,-9.210541,0,0,0.1346041,-0.04403427,1.907643,-5.101695,-0.3884897,-0.3760283,0.7586021,7952
24.84,-15.22624,0,0,0.1718512,-0.02046119,1.266421,-4.821709,-0.4559698,-0.403888,0.6297042,7948
24.86,-22.63092,0,0,0.1190474,-0.04381473,-0.1534266,-5.112422,-0.5234499,-0.4780786,0.01820362,7960
24.88,-21.98278,0,0,0.1419019,-0.05033719,0.07558119,-6.111279,-0.5234499,-0.4949745,0.02755535,7948
24.9,-14.05922,0,0,0.1591854,-0.05560935,1.22062,-6.751068,-0.4559698,-0.4414499,0.3214143,7972
24.92,-12.3998,0,0,0.1068708,-0.0912003,-0.6725109,-6.227278,-0.4559698,-0.4334585,0.1540598,7936
24.94,-12.39815,0,0,0.1184917,-0.08916412,-0.1686933,-5.729058,-0.4559698,-0.4264297,0.2954509,7952
24.96,-19.30646,0,0,0.1460968,-0.06790803,0.9916119,-5.480532,-0.5234499,-0.4743437,0.2148504,7968
24.98,-13.82207,0,0,0.1196805,-0.07232082,-0.3824344,-5.94207,-0.4559698,-0.438179,0.2940916,7956
25,-12.96649,0,0,0.1274731,-0.07303939,-0.3824344,-5.714595,-0.4559698,-0.4266638,0.3635997,7948
25.02,-13.32623,0,0,0.1201811,-0.07318644,0.7015356,-5.455723,-0.4559698,-0.4244135,0.3482672,7952
25.04,-8.315584,0,0,0.1788957,-0.03383552,1.663368,-5.477399,-0.3884897,-0.3605904,0.8334112,7952
25.06,-21.50305,0,0,0.1387427,-0.04355457,-0.1992282,-4.900062,-0.5234499,-0.4621213,0.1269735,7948
25.08,-17.00159,0,0,0.1931601,-0.01471555,1.190086,-5.992838,-0.4559698,-0.4285744,0.4743665,7972
25.1,-22.19392,0,0,0.1965377,-0.01860719,0.2129859,-6.292383,-0.5234499,-0.4762669,0.167947,7920
25.12,-15.41658,0,0,0.1452916,-0.05438477,-2.412969,-6.867296,-0.4559698,-0.4431664,0.1093408,7956
25.14,-19.53094,0,0,0.1411304,-0.07786599,-0.3366328,-6.545566,-0.5234499,-0.4865337,-0.07573074,7960
25.16,-12.55991,0,0,0.08330936,-0.1140392,-2.428236,-6.570683,-0.4559698,-0.4493767,-0.02190518,7952
25.18,-17.43025,0,0,0.134566,-0.09766911,0.7473372,-6.016783,-0.5234499,-0.4816367,0.1204797,7952
25.2,-18.11058,0,0,0.1326654,-0.08673811,0.3961921,-6.140751,-0.5234499,-0.4901965,0.1464118,7956
25.22,-11.65327,0,0,0.1242104,-0.08648156,-0.550373,-6.266137,-0.4559698,-0.439061,0.3774376,7952
25.24,-11.47545,0,0,0.1414296,-0.07404882,0.2129859,-5.744025,-0.4559698,-0.4218328,0.516224,7968
25.26,-12.84482,0,0,0.1445493,-0.05910581,0.09084838,-5.391443,-0.4559698,-0.4176654,0.5280545,7940
25.28,-14.12641,0,0,0.1429775,-0.04967874,0.1366499,-5.296558,-0.4559698,-0.4187475,0.4758798,7972
25.3,-20.96399,0,0,0.1487005,-0.04531542,0.06031401,-5.389146,-0.5234499,-0.4747514,0.1989413,7944
25.32,-15.04003,0,0,0.147101,-0.04806498,0.3198562,-6.134304,-0.4559698,-0.4369738,0.3430375,7948
25.34,-7.993409,0,0,0.1619283,-0.04556863,0.1824515,-6.06572,-0.3884897,-0.36974,0.6472424,7932
25.36,-14.55644,0,0,0.1479519,-0.04933643,0.5335966,-5.275122,-0.4559698,-0.4087223,0.3619186,7944
25.38,-10.37771,0,0,0.1742446,-0.02567202,0.6099325,-5.478726,-0.3884897,-0.3617744,0.6547745,7952
25.4,-17.08766,0,0,0.1665144,-0.02404815,0.2282531,-5.185381,-0.4559698,-0.4074512,0.3275911,7944
25.42,-24.08108,0,0,0.1648173,-0.02770424,0.09084838,-5.671685,-0.5234499,-0.4767987,-0.02089554,7956
25.44,-11.1194,0,0,0.1645674,-0.03620096,0.1519171,-6.689529,-0.3884897,-0.386902,0.3755766,7968
25.46,-21.1936,0,0,0.1467307,-0.06209959,-0.7335792,-6.015313,-0.5234499,-0.4732394,-0.1170181,7960
25.48,-14.95211,0,0,0.08917658,-0.09789828,-1.787015,-6.408868,-0.4559698,-0.4486654,-0.117594,7956
25.5,-13.3336,0,0,0.1577357,-0.07519081,0.8084057,-6.216766,-0.4559698,-0.4273347,0.311564,7952
25.52,-13.40327,0,0,0.1090396,-0.08897283,-0.04655629,-5.796879,-0.4559698,-0.4286347,0.1551075,7948
25.54,-19.51094,0,0,0.1048385,-0.09292635,-0.6725109,-5.513018,-0.5234499,-0.4828836,-0.03946322,7952
25.56,-19.84114,0,0,0.1636175,-0.06141363,2.151918,-6.104292,-0.5234499,-0.48786,0.2220873,7960
25.58,-6.861147,0,0,0.119598,-0.07713902,-0.9167854,-6.408051,-0.3884897,-0.3877444,0.4958767,7952
25.6,-12.06868,0,0,0.1104836,-0.08680581,-0.6572433,-5.271398,-0.4559698,-0.4149338,0.3241619,7940
25.62,-13.89494,0,0,0.1198544,-0.07118664,0.3656577,-5.063424,-0.4559698,-0.4203752,0.3758779,7952
25.64,-8.753166,0,0,0.1329692,-0.0528737,0.2282531,-5.145993,-0.3884897,-0.3664953,0.6459069,7952
25.66,-15.34736,0,0,0.1155651,-0.05607266,-0.01602192,-4.645308,-0.4559698,-0.4110304,0.3128886,7948
25.68,-16.39165,0,0,0.1097045,-0.05759455,-0.1534266,-4.961895,-0.4559698,-0.4251954,0.2210907,7960
25.7,-16.00811,0,0,0.1241263,-0.05596489,0.4114593,-5.318491,-0.4559698,-0.4272593,0.2477645,7968
25.72,-15.64068,0,0,0.144547,-0.04933573,0.8694746,-5.575091,-0.4559698,-0.4250275,0.3113742,7952
25.74,-21.48543,0,0,0.1467622,-0.05225153,0.5030622,-5.723912,-0.5234499,-0.4794867,0.05171996,7948
25.76,-15.39114,0,0,0.1897544,-0.03307392,2.060315,-6.527596,-0.4559698,-0.4334421,0.4223402,7956
25.78,-14.92279,0,0,0.2282282,-0.01248057,0.2282531,-6.561162,-0.4559698,-0.4164302,0.5639283,7952
25.8,-15.38493,0,0,0.1701056,-0.03718644,-0.7183124,-6.381991,-0.4559698,-0.4229531,0.2512987,7964
25.82,-15.75664,0,0,0.2093253,-0.02272159,0.4877952,-6.409983,-0.4559698,-0.4182996,0.4071227,7948
25.84,-10.29557,0,0,0.2099084,-0.0146267,0.5793981,-6.467389,-0.3884897,-0.3636397,0.6033064,7964
25.86,-16.88579,0,0,0.1994802,-0.01739739,-0.4435031,-5.933408,-0.4559698,-0.4065231,0.2980896,7936
25.88,-12.29249,0,0,0.2206727,-0.000282377,0.4114593,-6.297025,-0.3884897,-0.3616744,0.5510395,7968
25.9,-18.70099,0,0,0.2311422,0.006678626,0.2740546,-6.116755,-0.4559698,-0.4047464,0.3033436,7948
25.92,-19.50783,0,0,0.2156823,-0.001201265,0.2893218,-6.605301,-0.4559698,-0.4209854,0.130672,7944
25.94,-18.61736,0,0,0.2077917,-0.01710548,-0.107625,-6.98793,-0.4559698,-0.4268582,0.05210644,7952
25.96,-23.66678,0,0,0.2225926,-0.02341884,-0.03128911,-7.1944,-0.5234499,-0.479736,-0.1191231,7972
25.98,-16.42279,0,0,0.1791227,-0.05393559,-0.2144953,-7.712955,-0.4559698,-0.4448833,-0.06954342,7944
26,-8.312705,0,0,0.1786478,-0.06601633,-0.6114421,-7.30584,-0.3884897,-0.3769688,0.2958524,7932
26.02,-14.27273,0,0,0.157418,-0.0730525,-0.07709067,-6.15536,-0.4559698,-0.4135836,0.1065563,7956
26.04,-15.98892,0,0,0.1894369,-0.04392737,1.342757,-6.078206,-0.4559698,-0.4176937,0.2852345,7960
26.06,-22.94892,0,0,0.2276273,-0.01405045,1.373291,-6.324069,-0.5234499,-0.4695777,0.1807914,7964
26.08,-17.21493,0,0,0.2277683,-0.008229613,-1.023656,-7.198035,-0.4559698,-0.4318995,0.3171486,7940
26.1,-21.93193,0,0,0.2091319,-0.02901845,-0.4435031,-7.15669,-0.5234499,-0.4799479,-0.01929045,7964
26.12,-8.780993,0,0,0.1341098,-0.07585876,-3.603809,-7.376936,-0.3884897,-0.3934655,0.1419012,7952
26.14,-13.0814,0,0,0.1374426,-0.08918521,-0.5809073,-6.19001,-0.4559698,-0.4191056,0.1014231,7944
26.16,-25.99847,0,0,0.09592005,-0.1074744,-0.5351062,-5.724987,-0.590929,-0.5392145,-0.4704679,7956
26.18,-13.92572,0,0,0.1767449,-0.06529792,3.480163,-6.928226,-0.4559698,-0.4479386,0.3826079,7944
26.2,-12.90487,0,0,0.2399164,-0.02360284,2.884742,-6.69982,-0.4559698,-0.4144667,0.7074432,7944
26.22,-7.892854,0,0,0.1414396,-0.05498221,-3.038924,-6.178957,-0.3884897,-0.3689169,0.4777153,7960
26.24,-21.28451,0,0,0.2250759,-0.01496762,1.831307,-5.559036,-0.5234499,-0.4526051,0.3884342,7952
26.26,-17.49139,0,0,0.2160846,-0.001341224,1.571765,-6.485544,-0.4559698,-0.4262019,0.4247345,7948
26.28,-17.13426,0,0,0.2653397,0.01928656,-0.03128911,-6.862399,-0.4559698,-0.4142077,0.5508826,7956
26.3,-17.18119,0,0,0.2066226,-0.01133554,-0.9931214,-6.921899,-0.4559698,-0.4226739,0.1973904,7968
26.32,-23.31172,0,0,0.2709076,0.008325458,0.01451245,-7.141047,-0.5234499,-0.4693952,0.202193,7948
26.34,-17.41854,0,0,0.258554,0.004125848,1.32749,-7.874648,-0.4559698,-0.4312139,0.2878166,7976
26.36,-22.36585,0,0,0.2618947,-0.006052136,-0.6725109,-7.781292,-0.5234499,-0.4752048,0.05486774,7948
26.38,-21.94886,0,0,0.2214324,-0.03468895,-1.634343,-8.103127,-0.5234499,-0.4927947,-0.1449521,7960
26.4,-14.1803,0,0,0.2054702,-0.05652511,-0.2144953,-8.213606,-0.4559698,-0.4423891,0.0898757,7948
26.42,-12.43598,0,0,0.1331748,-0.1012825,-3.084725,-7.290169,-0.4559698,-0.4358128,-0.07080847,7952
26.44,-18.22165,0,0,0.1233324,-0.1110828,-0.3977011,-6.459177,-0.5234499,-0.4849988,-0.1732515,7936
26.46,-6.372597,0,0,0.121001,-0.1009596,0.1061156,-6.46737,-0.3884897,-0.3862919,0.4051868,7948
26.48,-18.15707,0,0,0.120389,-0.09447914,-0.1381594,-5.28711,-0.5234499,-0.4673542,0.07287294,7936
26.5,-7.857559,0,0,0.1178257,-0.07717167,0.4419934,-5.675824,-0.3884897,-0.3806071,0.5344867,7956
26.52,-19.69794,0,0,0.1270271,-0.0697655,-0.1686933,-4.936712,-0.5234499,-0.4655153,0.1523142,7944
26.54,-15.07822,0,0,0.1296148,-0.0593361,0.9610775,-5.646486,-0.4559698,-0.4348607,0.3300492,7956
26.56,-20.09903,0,0,0.1249726,-0.06862999,-0.2602969,-5.649093,-0.5234499,-0.4825704,0.06620103,7964
26.58,-19.813,0,0,0.1360353,-0.06972638,0.4419934,-6.186445,-0.5234499,-0.4934405,0.08937943,7956
26.6,-12.48313,0,0,0.1266419,-0.08062717,0.1366499,-6.482612,-0.4559698,-0.442347,0.3006718,7956
26.62,-17.57381,0,0,0.1234002,-0.08895358,0.2129859,-5.930861,-0.5234499,-0.4819032,0.1250353,7952
26.64,-12.02395,0,0,0.122342,-0.0847217,0.1213828,-6.065888,-0.4559698,-0.4370877,0.3796197,7956
26.66,-17.75357,0,0,0.1183219,-0.08627339,0.1671843,-5.590416,-0.5234499,-0.4796876,0.1763737,7964
26.68,-6.336404,0,0,0.1185218,-0.07748166,0.1519171,-5.840961,-0.3884897,-0.3817296,0.6507214,7964
26.7,-12.27444,0,0,0.1085386,-0.07831036,-0.01602192,-4.833862,-0.4559698,-0.4113879,0.4309169,7956
26.72,-14.19389,0,0,0.1025907,-0.07043666,0.8694746,-4.746976,-0.4559698,-0.4212226,0.3731179,7960
26.74,-15.46183,0,0,0.1950641,-0.01594302,3.678636,-5.144803,-0.4559698,-0.4114947,0.7143258,7944
26.76,-16.15932,0,0,0.1341843,-0.03591025,-0.7335792,-5.389329,-0.4559698,-0.4231128,0.3131701,7964
26.78,-16.2344,0,0,0.1838071,-0.02077596,0.9916119,-5.754697,-0.4559698,-0.4195785,0.4594234,7936
26.8,-16.10813,0,0,0.1487527,-0.04038821,0.09084838,-5.914075,-0.4559698,-0.4257281,0.2323219,7964
26.82,-15.59644,0,0,0.1428356,-0.05396067,-0.7793808,-5.983976,-0.4559698,-0.4277843,0.1907477,7948
26.84,-21.35397,0,0,0.1654363,-0.05036467,0.4114593,-6.043012,-0.5234499,-0.4786364,0.05551332,7960
26.86,-21.29337,0,0,0.1875111,-0.04164946,1.11375,-6.728076,-0.5234499,-0.4893709,0.1087696,7940
26.88,-14.42759,0,0,0.2266042,-0.02423351,0.8847416,-7.284735,-0.4559698,-0.4321117,0.4916523,7960
26.9,-13.71704,0,0,0.179492,-0.04756376,-0.0007547362,-6.835861,-0.4559698,-0.4246083,0.2937099,7960
26.92,-14.24041,0,0,0.1901018,-0.04332069,-0.07709067,-6.485795,-0.4559698,-0.4198791,0.3664767,7960
26.94,-9.359829,0,0,0.2270868,-0.01304221,1.342757,-6.404234,-0.3884897,-0.358812,0.7545052,7948
26.96,-16.50863,0,0,0.1879577,-0.02130635,-0.2602969,-5.764528,-0.4559698,-0.405673,0.3070418,7960
26.98,-18.18057,0,0,0.2237538,9.410083e-05,-0.03128911,-6.159216,-0.4559698,-0.4145432,0.3761135,7952
27,-18.20683,0,0,0.2037101,-0.01028095,-0.550373,-6.544018,-0.4559698,-0.4224838,0.1968536,7960
27.02,-23.39105,0,0,0.1809102,-0.03620953,-0.5656406,-6.74212,-0.5234499,-0.4829444,-0.1767515,7952
27.04,-16.12353,0,0,0.1791636,-0.0512128,-0.4282355,-7.378041,-0.4559698,-0.4429961,0.05434394,7940
27.06,-14.35362,0,0,0.1874343,-0.05712058,-0.5809073,-7.083291,-0.4559698,-0.4282173,0.1820053,7948
27.08,-14.13413,0,0,0.1507058,-0.07381451,-1.283198,-6.602492,-0.4559698,-0.4280535,0.09813064,7932
27.1,-8.53159,0,0,0.1888507,-0.04829565,0.4267263,-6.353502,-0.3884897,-0.3655958,0.576596,7944
27.12,-21.57735,0,0,0.1781921,-0.04206693,0.304589,-5.612463,-0.5234499,-0.4607376,0.08119327,7944
27.14,-16.95087,0,0,0.1790806,-0.03390417,-0.1686933,-6.43784,-0.4559698,-0.4333947,0.2391407,7944
27.16,-15.80308,0,0,0.1901452,-0.03423611,-0.1686933,-6.553644,-0.4559698,-0.424772,0.2818858,7960
27.18,-9.368861,0,0,0.1517401,-0.05388816,-1.038923,-6.401167,-0.3884897,-0.3734677,0.3596376,7948
27.2,-9.460844,0,0,0.1683304,-0.04538674,0.5335966,-5.687223,-0.3884897,-0.3554696,0.4991479,7948
27.22,-17.13076,0,0,0.1661201,-0.03507961,-0.07709067,-5.223986,-0.4559698,-0.4064093,0.2468442,7956
27.24,-12.41581,0,0,0.1786796,-0.01941328,0.1519171,-5.724612,-0.3884897,-0.3655316,0.4643043,7928
27.26,-18.27897,0,0,0.1775434,-0.02147711,0.1213828,-5.590225,-0.4559698,-0.4109953,0.1848882,7956
27.28,-18.63069,0,0,0.1718301,-0.02769275,-0.06182348,-6.077751,-0.4559698,-0.4252045,0.09062022,7968
27.3,-23.64547,0,0,0.173144,-0.04027774,-0.1228922,-6.445901,-0.5234499,-0.4833227,-0.1650399,7968
27.32,-16.18978,0,0,0.1583143,-0.05983552,-0.07709067,-7.146373,-0.4559698,-0.4453333,0.003624082,7968
27.34,-20.08178,0,0,0.158502,-0.07580438,-0.4129688,-6.857444,-0.5234499,-0.486634,-0.1330946,7964
27.36,-13.27048,0,0,0.1276659,-0.09426514,-1.069457,-6.959907,-0.4559698,-0.4450877,0.04588771,7960
27.38,-12.1329,0,0,0.1405982,-0.09071001,-0.3824344,-6.367171,-0.4559698,-0.4284102,0.2460613,7960
27.4,-12.6748,0,0,0.124739,-0.08773277,0.4572606,-5.813403,-0.4559698,-0.424928,0.2641404,7960
27.42,-7.580998,0,0,0.1428687,-0.06505893,0.5793981,-5.54438,-0.3884897,-0.3661651,0.6288812,7944
27.44,-15.08089,0,0,0.1773354,-0.03201915,1.266421,-4.960423,-0.4559698,-0.4012934,0.5472093,7956
27.46,-17.44378,0,0,0.1909055,-0.007882081,2.060315,-5.381167,-0.4559698,-0.4129157,0.4784951,7956
27.48,-24.49581,0,0,0.2640939,0.03079891,2.51833,-6.12115,-0.5234499,-0.4637309,0.4081693,7956
27.5,-12.61551,0,0,0.2467367,0.02505363,0.2587874,-7.282766,-0.3884897,-0.375823,0.6077256,7968
27.52,-23.63236,0,0,0.2715223,0.0205391,0.3656577,-6.934765,-0.5234499,-0.4589526,0.1875297,7952
27.54,-18.08901,0,0,0.2101825,-0.01518056,-0.8099151,-7.639472,-0.4559698,-0.4375485,0.03885806,7964
27.56,-10.46429,0,0,0.2548993,-0.008588433,0.3198562,-7.653508,-0.3884897,-0.3679658,0.5093838,7944
27.58,-16.47052,0,0,0.2075291,-0.0301147,-1.267931,-6.767472,-0.4559698,-0.4106142,0.1081108,7964
27.6,-23.26812,0,0,0.1751497,-0.04987422,-0.3671672,-6.692601,-0.5234499,-0.4807816,-0.2626914,7936
27.62,-16.77502,0,0,0.2277046,-0.02892229,1.693902,-7.463564,-0.4559698,-0.4353324,0.2163756,7956
27.64,-15.63239,0,0,0.2292095,-0.02718401,-0.1381594,-7.331856,-0.4559698,-0.4227469,0.2600695,7944
27.66,-15.57488,0,0,0.1908744,-0.04493196,-2.351901,-7.021919,-0.4559698,-0.4249767,0.1195156,7976
27.68,-15.51085,0,0,0.1852146,-0.05005576,-0.1534266,-6.786887,-0.4559698,-0.4248838,0.1443273,7948
27.7,-21.5462,0,0,0.1832276,-0.05220966,0.07558119,-6.622174,-0.5234499,-0.4787603,-0.06217611,7952
27.72,-15.29434,0,0,0.179652,-0.05368063,0.5335966,-7.105993,-0.4559698,-0.4385546,0.1659753,7960
27.74,-20.61884,0,0,0.2383153,-0.02748968,0.8236728,-6.964751,-0.5234499,-0.4723887,0.2361789,7924
27.76,-15.01242,0,0,0.1975335,-0.03854309,-2.336633,-7.299243,-0.4559698,-0.4346948,0.2531143,7948
27.78,-20.23733,0,0,0.1985349,-0.0465024,0.2129859,-6.959506,-0.5234499,-0.4781795,0.0601939,7952
27.8,-14.14251,0,0,0.1658335,-0.06323291,-1.115259,-7.161298,-0.4559698,-0.4393646,0.1642576,7948
27.82,-18.99906,0,0,0.1455072,-0.08270958,-0.01602192,-6.621654,-0.5234499,-0.4842721,-0.0697763,7952
27.84,-6.867875,0,0,0.1402456,-0.0821899,0.06031401,-6.718702,-0.3884897,-0.3854307,0.4491098,7976
27.86,-6.528509,0,0,0.1400645,-0.07475267,0.3809245,-5.554656,-0.3884897,-0.3568853,0.5787323,7976
27.88,14.89297,0,0,0.1686624,-0.02568378,2.365658,-4.802377,-0.1185694,-0.1266357,1.694701,7956
27.9,-25.25372,0,0,0.1819826,0.01021803,0.1366499,-2.226142,-0.5234499,-0.3950289,0.3292291,7920
27.92,-55.39145,0,0,0.1633054,0.0135139,1.037414,-4.560262,-0.7933693,-0.6980579,-1.107817,7952
27.94,-51.56589,0,0,0.2654249,0.0132881,5.312224,-9.453506,-0.7933693,-0.7682807,-1.012196,7956
27.96,-41.08576,0,0,0.1827684,-0.1068086,-6.947322,-12.09614,-0.7933693,-0.7970356,-1.412246,7964
27.98,-59.53131,0,0,-0.06070503,-0.3373459,-13.25267,-12.10058,-1.13077,-1.100237,-3.298615,7972
28,-76.88989,0,0,-0.2913092,-0.5818403,-9.66488,-13.26627,-1.46817,-1.462867,-4.830289,7976
28.02,-83.22989,0,0,-0.388489,-0.7703657,-8.58091,-15.45351,-1.738089,-1.756899,-5.193944,7980
28.04,-115.8357,0,0,-0.5912597,-1.01723,-9.909155,-16.96053,-2.345409,-2.317927,-6.930675,8012
28.06,-156.5716,0,0,-0.8602009,-1.336443,-13.42061,-20.4759,-3.08769,-3.062132,-9.237133,8060
28.08,-56.05853,0,0,-1.05342,-1.613324,-14.77939,-26.19733,-2.345409,-2.626814,-5.534844,8068
28.1,-77.45525,0,0,-1.527134,-2.024001,-24.38244,-18.45138,-3.02021,-3.051265,-6.953895,8048
28.12,-145.5298,0,0,-2.200824,-2.48756,-36.74886,-13.4903,-4.03241,-4.007875,-10.57486,8076
28.14,31.4455,0,0,-2.712729,-2.843141,-11.78702,-15.29695,-2.412889,-2.940041,-3.98542,8152
28.16,-25.87677,0,0,-2.500329,-2.797748,5.266423,0.8874086,-3.425089,-3.339647,-2.270395,8084
28.18,85.57574,0,0,-2.568454,-2.535478,-7.206865,6.190891,-2.075489,-2.31704,4.629879,8116
28.2,-31.78493,0,0,-2.81596,-2.456031,-0.6725109,21.49735,-3.357609,-3.097139,1.223183,8040
28.22,-10.33447,0,0,-1.305643,-1.396426,67.20538,15.63528,-2.75029,-2.59015,10.0813,8108
28.24,-59.52819,0,0,-0.3623579,-0.544426,45.67865,10.84099,-3.02021,-2.608963,11.62295,8060
28.26,-87.84007,0,0,-0.07079338,-0.1652006,9.999249,1.516798,-3.02021,-2.674784,9.788928,8096
28.28,-96.20207,0,0,-0.2973627,-0.3186048,-14.93206,-7.092761,-3.02021,-2.80482,5.887065,8088
28.3,-63.45031,0,0,-0.7580928,-0.7726668,-27.78702,-12.32436,-2.75029,-2.717501,3.122929,8092
28.32,-39.27833,0,0,-1.391886,-1.363638,-34.58092,-10.55711,-2.68281,-2.715355,0.4902589,8088
28.34,-142.4239,0,0,-2.032747,-1.965365,-7.542741,-5.04341,-4.03241,-3.855617,-6.016292,8056
28.36,-36.16042,0,0,-1.927077,-2.080977,3.999247,-11.77572,-3.02021,-3.264789,-0.7646679,8136
28.38,-9.358589,0,0,-1.902704,-2.136328,-4.580909,-5.517121,-3.02021,-3.049329,1.494004,8052
28.4,-8.090469,0,0,-2.110139,-2.150822,-17.02366,1.97847,-3.02021,-2.989315,2.242277,8088
28.42,-13.9277,0,0,-2.076993,-2.015171,20.3046,7.024201,-3.02021,-2.948191,3.550601,8112
28.44,-26.41056,0,0,-1.459455,-1.540156,26.88475,8.026223,-3.02021,-2.843861,6.656604,8108
28.46,47.56152,0,0,-1.193888,-1.15541,11.77024,6.602797,-2.008009,-1.991703,10.73619,8088
28.48,22.18244,0,0,-0.8018808,-0.7622854,21.69391,11.88863,-2.075489,-1.801966,11.35324,8032
28.5,-7.053467,0,0,-0.4897407,-0.3725953,12.96108,11.81591,-2.008009,-1.713714,10.9683,8040
28.52,-43.23058,0,0,0.03362215,0.03876297,31.00689,7.1765,-2.075489,-1.740191,10.40162,8060
28.54,-67.18317,0,0,0.5118873,0.3584439,20.99162,-1.087784,-2.075489,-1.756179,9.404271,8040
28.56,-163.9572,0,0,0.5733245,0.3204051,0.3351234,-9.419583,-3.02021,-2.591457,3.273604,8048
28.58,-159.974,0,0,0.3788864,-0.01092174,-10.79465,-24.2284,-3.02021,-2.889824,-0.2352884,8100
28.6,-135.1026,0,0,0.05333526,-0.5593268,-18.82519,-32.67651,-3.08769,-3.067292,-2.76732,8100
28.62,-69.90153,0,0,-0.5665626,-1.220076,-34.59619,-33.82084,-2.75029,-2.886935,-3.510964,8100
28.64,-113.7561,0,0,-1.518315,-2.014461,-50.93207,-25.14826,-3.627529,-3.613164,-8.421381,8092
28.66,26.96272,0,0,-2.750711,-2.846278,-63.95498,-19.93703,-2.412889,-2.907112,-6.356985,8132
28.68,75.9571,0,0,-3.872339,-3.599656,-53.43589,1.258268,-2.345409,-2.694683,-5.814766,8032
28.7,-65.72079,0,0,-3.297511,-3.262449,35.22063,18.90397,-3.96493,-3.735913,-4.164982,8052
28.72,90.26983,0,0,-2.640168,-2.4903,33.73972,14.56717,-2.008009,-2.301064,7.515095,8136
28.74,-33.23956,0,0,-1.748215,-1.696701,39.70918,24.58124,-3.290129,-2.838447,8.11836,8020
28.76,-22.63872,0,0,-1.116242,-0.9384849,26.77788,16.7442,-2.68281,-2.471248,11.22128,8112
28.78,-75.81265,0,0,-0.2410934,-0.2893753,45.41911,9.822117,-3.02021,-2.602317,11.37379,8080
28.8,-100.6953,0,0,0.2638176,0.09071912,21.48017,-1.847148,-3.02021,-2.660285,10.09617,8092
28.82,-23.69714,0,0,0.1507896,0.006157514,-7.93969,-11.90584,-2.075489,-2.008407,9.741681,8096
28.84,-109.205,0,0,-0.3597081,-0.4676421,-30.80993,-9.470703,-3.08769,-2.764249,2.271552,8020
28.86,-98.89662,0,0,-1.139406,-1.113057,-43.35955,-14.15299,-3.02021,-3.027217,-1.945419,8096
28.88,13.84433,0,0,-1.557887,-1.624881,3.464895,-14.73256,-2.075489,-2.344947,0.3893789,8096
28.9,33.22731,0,0,-1.625615,-1.788705,-6.168695,-3.317974,-2.075489,-2.105116,2.253918,8036
28.92,26.70976,0,0,-2.046735,-1.890223,-24.73359,7.498039,-2.075489,-2.06744,2.045015,8040
28.94,-7.793777,0,0,-2.082431,-1.792641,30.3962,14.16773,-2.345409,-2.25903,2.110881,8036
28.96,-60.92928,0,0,-1.084415,-1.133057,39.98399,12.2649,-2.75029,-2.488794,5.224666,8048
28.98,5.122787,0,0,-0.4112922,-0.526668,29.35803,3.576151,-1.805569,-1.73701,10.11326,8064
29,2.182381,0,0,0.201191,-0.03602746,26.28933,2.535149,-1.670609,-1.398988,11.59875,8040
29.02,-31.47906,0,0,0.2662259,0.1632685,-0.5045714,1.154481,-1.738089,-1.430432,9.188773,8028
29.04,-48.33273,0,0,-0.143381,-0.04131442,-21.87862,-2.12287,-1.738089,-1.563411,4.976655,8032
29.06,-52.91826,0,0,0.1087922,-0.05170445,17.44963,-6.655566,-1.738089,-1.584877,4.475184,8036
29.08,-55.05417,0,0,0.2423802,-0.06083532,0.2740546,-10.52039,-1.738089,-1.592042,3.754234,8028
29.1,-53.03123,0,0,-0.06476443,-0.3017268,-17.1916,-12.45957,-1.738089,-1.657201,1.470409,8028
29.12,-46.29813,0,0,-0.2599129,-0.5362553,-5.680146,-12.91654,-1.738089,-1.697344,0.3929276,8028
29.14,-39.31886,0,0,-0.3433282,-0.6773281,-7.787018,-12.21893,-1.738089,-1.702632,0.3024597,8000
29.16,-39.75227,0,0,-0.5118532,-0.8124899,-6.321367,-10.52784,-1.805569,-1.766538,-0.1804432,8020
29.18,-29.30341,0,0,-0.5958725,-0.8814068,-2.901519,-9.149353,-1.738089,-1.722875,0.3012935,7992
29.2,-31.86407,0,0,-0.6410861,-0.9053817,-2.000756,-7.022611,-1.805569,-1.756272,0.5237347,8000
29.22,-25.72133,0,0,-0.5959582,-0.8532307,0.6862684,-5.971187,-1.738089,-1.692933,1.449031,7996
29.24,-146.2663,0,0,-0.6227919,-0.8836586,-0.8709843,-4.71383,-3.08769,-2.770422,-3.160439,8016
29.26,-15.84232,0,0,-0.5565645,-0.8619019,2.136651,-16.11787,-1.670609,-1.900062,1.80789,8096
29.28,-4.323517,0,0,-0.7009584,-1.024031,-10.68778,-10.12973,-1.805569,-1.777914,1.74129,8004
29.3,1.264992,0,0,-1.215284,-1.267338,-28.79466,-3.465952,-1.738089,-1.746491,0.6246443,8024
29.32,-5.412437,0,0,-1.375985,-1.344162,16.64047,2.080033,-1.805569,-1.788419,0.7529352,8020
29.34,-36.14305,0,0,-0.9112107,-1.041956,20.76261,3.812251,-2.075489,-1.931265,2.516957,8008
29.36,-45.58714,0,0,-0.6789469,-0.7873315,11.67864,1.096741,-2.075489,-1.951817,3.254581,8024
29.38,-50.53284,0,0,-0.3587283,-0.5591281,13.05269,-2.660429,-2.075489,-1.933607,4.008911,8032
29.4,-47.58562,0,0,-0.2889511,-0.4923453,-0.4435031,-5.943711,-2.008009,-1.890482,3.698859,8044
29.42,-52.36026,0,0,-0.4957041,-0.6361342,-8.825185,-7.29257,-2.075489,-1.981375,1.914745,8048
29.44,-48.17447,0,0,-0.6131599,-0.7841056,-5.435872,-8.296053,-2.075489,-2.021176,1.185019,8032
29.46,-42.21289,0,0,-0.6920823,-0.8990601,-6.19923,-8.265462,-2.075489,-2.032333,0.9956957,8032
29.48,-37.17493,0,0,-0.7822084,-0.9888728,-3.649611,-7.345111,-2.075489,-2.035255,0.9661489,8032
29.5,-34.09895,0,0,-0.7916205,-1.010041,-2.046557,-6.159063,-2.075489,-2.023908,1.373649,8020
29.52,-33.16062,0,0,-0.7935482,-0.9972557,1.617566,-5.041063,-2.075489,-2.012457,1.741655,8040
29.54,-21.58843,0,0,-0.7807451,-0.9599892,-0.0007547362,-4.226932,-1.940529,-1.893839,2.536616,8028
29.56,-35.29583,0,0,-0.7682319,-0.9225968,0.7015356,-2.573012,-2.075489,-1.968729,2.298292,8040
29.58,-38.9203,0,0,-0.750567,-0.8816855,0.2740546,-2.92123,-2.075489,-1.989602,2.316192,8044
29.6,-39.70094,0,0,-0.7045878,-0.848139,2.579399,-3.664104,-2.075489,-1.99225,2.412919,8060
29.62,-45.97687,0,0,-0.660836,-0.826002,0.7931387,-4.379737,-2.142969,-2.044959,2.232877,8052
29.64,-39.85364,0,0,-0.6387226,-0.8181314,0.5946653,-5.556554,-2.075489,-2.004789,2.403646,8032
29.66,-32.62996,0,0,-0.6325625,-0.8231564,-0.2144953,-5.735737,-2.008009,-1.939981,2.600039,8028
29.68,-33.17832,0,0,-0.6107674,-0.8109887,0.7778715,-5.18364,-2.008009,-1.919982,2.667024,8040
29.7,-35.31264,0,0,-0.6117672,-0.7988604,0.7473372,-4.87376,-2.008009,-1.917488,2.573684,8032
29.72,-42.93642,0,0,-0.6270148,-0.8025826,-0.6725109,-4.852322,-2.075489,-1.97708,2.15274,8024
29.74,-37.52518,0,0,-0.6115039,-0.7979274,0.1671843,-5.646208,-2.008009,-1.93822,2.333529,8040
29.76,-42.7709,0,0,-0.6111598,-0.8076991,0.1061156,-5.637002,-2.075489,-1.98347,2.047006,8036
29.78,-42.77161,0,0,-0.6130384,-0.816352,0.1671843,-6.153319,-2.075489,-1.996436,1.973241,8024
29.8,-41.77077,0,0,-0.5968995,-0.8189179,0.5030622,-6.539424,-2.075489,-1.997004,2.026264,8024
29.82,-41.02198,0,0,-0.5872604,-0.8198936,0.2435202,-6.721368,-2.075489,-1.995195,2.069113,8016
29.84,-40.57458,0,0,-0.5909564,-0.824633,0.1824515,-6.756087,-2.075489,-1.994894,2.061287,8024
29.86,-40.30597,0,0,-0.591337,-0.826889,0.1519171,-6.731005,-2.075489,-1.994267,2.076988,8020
29.88,-40.14571,0,0,-0.5962384,-0.8298613,-0.06182348,-6.672441,-2.075489,-1.994327,2.0746,8028
29.9,-40.08592,0,0,-0.5929447,-0.8280967,-0.0007547362,-6.625139,-2.075489,-1.993331,2.108342,8040
29.92,-40.11457,0,0,-0.5933446,-0.8267895,0.07558119,-6.586998,-2.075489,-1.992975,2.117802,8028
29.94,-40.18009,0,0,-0.5908824,-0.8242968,0.02977964,-6.571783,-2.075489,-1.992488,2.134059,8028
29.96,-40.29052,0,0,-0.5859095,-0.8203464,0.2435202,-6.583079,-2.075489,-1.991764,2.154047,8020
29.98,-46.39454,0,0,-0.5868979,-0.8225292,0.2435202,-6.606714,-2.142969,-2.046787,1.899949,8020
30,-40.13679,0,0,-0.5820691,-0.822482,0.2282531,-7.246778,-2.075489,-2.006366,2.125517,8048
30.02,-38.90854,0,0,-0.5862986,-0.8303706,0.1519171,-7.028039,-2.075489,-1.995319,2.145986,8032
30.04,-38.94184,0,0,-0.6028585,-0.8383355,-0.1228922,-6.708625,-2.075489,-1.993917,2.109926,8036
30.06,-33.33827,0,0,-0.5874768,-0.8249202,0.01451245,-6.532769,-2.008009,-1.935713,2.447097,8040
30.08,-40.3172,0,0,-0.5734966,-0.8080481,0.3503905,-5.898661,-2.075489,-1.97333,2.286604,8040
30.1,-42.14277,0,0,-0.5716134,-0.7955373,-0.09235785,-6.194389,-2.075489,-1.985795,2.208486,8032
30.12,-36.28917,0,0,-0.5644259,-0.7898505,0.07558119,-6.595276,-2.008009,-1.93548,2.40247,8024
30.14,-42.31846,0,0,-0.5576747,-0.7891256,0.2893218,-6.297581,-2.075489,-1.976739,2.16255,8032
30.16,-43.24744,0,0,-0.5532324,-0.7861969,0.1519171,-6.72261,-2.075489,-1.98874,2.097428,8016
30.18,-42.79712,0,0,-0.5522858,-0.7920134,0.3503905,-7.103981,-2.075489,-1.99282,2.04615,8016
30.2,-36.09346,0,0,-0.5526271,-0.7973348,0.2435202,-7.303447,-2.008009,-1.939179,2.26572,8016
30.22,-41.89332,0,0,-0.5491544,-0.7988235,0.09084838,-6.771833,-2.075489,-1.97829,2.07198,8032
30.24,-42.94608,0,0,-0.5386686,-0.7893994,0.2435202,-7.033448,-2.075489,-1.987843,2.077738,8016
30.26,-42.783,0,0,-0.5352294,-0.7886958,-0.03128911,-7.327619,-2.075489,-1.990878,2.055881,8020
30.28,-48.3117,0,0,-0.5398116,-0.798443,0.1061156,-7.500923,-2.142969,-2.047365,1.776777,8020
30.3,-41.50806,0,0,-0.5398462,-0.8059971,0.07558119,-8.16604,-2.075489,-2.007324,1.994953,8028
30.32,-39.96021,0,0,-0.5381033,-0.8134804,-0.04655629,-7.922425,-2.075489,-1.994522,2.066938,8016
30.34,-39.81007,0,0,-0.5665106,-0.8271912,-0.3671672,-7.520985,-2.075489,-1.993971,2.000735,8024
30.36,-40.05106,0,0,-0.5534143,-0.8187183,0.2893218,-7.269362,-2.075489,-1.990271,2.115139,8020
30.38,-34.52652,0,0,-0.5504466,-0.8069291,0.3656577,-7.131104,-2.008009,-1.934132,2.38945,8028
30.4,-41.25093,0,0,-0.5534827,-0.8008187,0.09084838,-6.481914,-2.075489,-1.974835,2.159874,8032
30.42,-42.6966,0,0,-0.5548058,-0.7938429,0.3656577,-6.728714,-2.075489,-1.987563,2.095914,8028
30.44,-42.63979,0,0,-0.5433868,-0.7897442,0.5335966,-7.074238,-2.075489,-1.99042,2.098811,8044
30.46,-42.05796,0,0,-0.5668736,-0.806689,-0.1381594,-7.23489,-2.075489,-1.995313,1.969442,8036
30.48,-41.35453,0,0,-0.5648112,-0.814305,-0.1992282,-7.282472,-2.075489,-1.995117,1.99677,8028
30.5,-40.91647,0,0,-0.5646471,-0.817367,0.1061156,-7.240405,-2.075489,-1.993895,2.027705,8012
30.52,-40.67815,0,0,-0.5712651,-0.8211849,-0.1228922,-7.148189,-2.075489,-1.993766,2.02948,8024
30.54,-34.58019,0,0,-0.5682862,-0.8163946,0.09084838,-7.063109,-2.008009,-1.937822,2.313706,8020
30.56,-40.94607,0,0,-0.5683075,-0.8117234,0.1519171,-6.396992,-2.075489,-1.977207,2.119321,8036
30.58,-42.28254,0,0,-0.5665188,-0.8029904,0.3503905,-6.604227,-2.075489,-1.988602,2.087707,8012
30.6,-42.21919,0,0,-0.5587546,-0.7994891,0.1366499,-6.902678,-2.075489,-1.991507,2.086234,8032
30.62,-35.86762,0,0,-0.5541526,-0.797336,0.1824515,-7.103277,-2.008009,-1.937389,2.32363,8016
30.64,-41.8627,0,0,-0.5548645,-0.7985145,0.1519171,-6.599227,-2.075489,-1.97773,2.096426,8016
30.66,-42.83569,0,0,-0.5576108,-0.7969475,0.06031401,-6.862211,-2.075489,-1.989846,2.036928,8020
30.68,-36.36687,0,0,-0.5651199,-0.8024725,0.01451245,-7.109505,-2.008009,-1.93992,2.221873,8024
30.7,-41.97677,0,0,-0.5654137,-0.8070305,-0.0007547362,-6.622884,-2.075489,-1.980527,2.016551,8028
30.72,-36.77453,0,0,-0.5546371,-0.7962648,0.1213828,-6.888649,-2.008009,-1.935284,2.278303,8040
30.74,-42.77682,0,0,-0.5516449,-0.7938,0.07558119,-6.557855,-2.075489,-1.977947,2.056465,8024
30.76,-43.59879,0,0,-0.5410111,-0.7860718,0.2435202,-6.975764,-2.075489,-1.988958,2.045543,8048
30.78,-43.08764,0,0,-0.5424806,-0.7910751,0.1519171,-7.336426,-2.075489,-1.993037,1.999388,8016
30.8,-42.3284,0,0,-0.5441837,-0.7993243,0.2587874,-7.518496,-2.075489,-1.994126,1.98484,8036
30.82,-29.76694,0,0,-0.5369596,-0.7950044,0.5335966,-7.567655,-1.940529,-1.883062,2.513575,8036
30.84,-42.25728,0,0,-0.5270883,-0.7855024,0.1824515,-6.370542,-2.075489,-1.960664,2.143354,8028
30.86,-50.973,0,0,-0.5074922,-0.7639937,0.9458106,-6.90177,-2.142969,-2.035756,1.885211,8012
30.88,-14.66579,0,0,-0.4880246,-0.7419209,1.190086,-8.163718,-1.738089,-1.727708,3.28536,8032
30.9,-98.58565,0,0,-0.4774103,-0.7624615,0.6099325,-5.454836,-2.68281,-2.409864,0.06329226,8016
30.92,-77.66283,0,0,-0.4566023,-0.764584,0.4572606,-12.16994,-2.412889,-2.376779,0.6023584,8080
30.94,-95.09706,0,0,-0.3275047,-0.7981901,5.144285,-14.9171,-2.75029,-2.617315,0.02074182,8064
30.96,-141.1501,0,0,-0.2880939,-0.8703921,-2.336633,-18.66402,-3.357609,-3.161928,-1.95732,8064
30.98,-414.0495,0,0,-0.5043442,-1.248956,-13.78702,-25.48462,-6.596649,-5.954839,-14.38682,8096
31,-789.9938,0,0,-0.9848849,-2.165101,-23.1,-56.59042,-11.32025,-10.57021,-33.66187,8292
31.02,-332.0954,0,0,-1.513597,-3.400635,-31.1916,-113.184,-7.608849,-8.762216,-21.59517,8564
31.04,-122.7147,0,0,-2.368276,-4.889757,-43.14581,-101.6273,-7.33893,-7.931633,-15.78962,8336
31.06,166.1577,0,0,-3.81951,-5.82238,-84.26032,-67.8443,-4.977129,-5.741215,-3.755828,8324
31.08,301.0187,0,0,-5.356646,-6.224869,-60.79467,-11.26894,-3.695009,-4.114784,4.649095,8192
31.1,262.8309,0,0,-7.409738,-6.517897,-26.47405,46.02296,-3.695009,-3.835368,4.289209,8128
31.12,189.2901,0,0,-7.034353,-5.535069,58.82369,79.43588,-3.762489,-3.664517,11.40285,8116
31.14,0.8477783,0,0,-5.908509,-4.093896,41.58705,90.65341,-5.044609,-4.519662,13.21815,8128
31.16,-572.5589,0,0,-4.636497,-3.024693,64.59469,74.43761,-10.78041,-9.333854,-4.511583,8200
31.18,-658.3417,0,0,-3.139323,-2.478888,78.47256,0.9111122,-11.72513,-11.31453,-8.112554,8548
31.2,-536.8727,0,0,-1.69464,-2.675494,92.93057,-61.01326,-11.65765,-11.62568,-5.415191,8604
31.22,-603.0047,0,0,-0.3313346,-2.965983,63.29698,-93.90524,-13.68205,-13.10499,-7.273918,8588
31.24,-353.7796,0,0,-1.479874,-4.202575,-67.03895,-119.0322,-11.92757,-12.19315,-5.586936,8716
31.26,520.4257,0,0,-3.216078,-5.491132,-80.12292,-104.4298,-3.357609,-5.089643,22.8917,8620
31.28,541.903,0,0,-4.657357,-5.934722,-75.74123,-1.671999,-3.357609,-3.170107,27.7091,8120
31.3,233.1768,0,0,-5.709586,-5.127116,-61.13054,71.96079,-4.977129,-4.061388,22.56761,8088
31.32,204.3505,0,0,-6.368155,-4.180615,-46.18397,91.44669,-3.627529,-3.398599,23.74473,8196
31.34,132.9489,0,0,-6.631464,-3.676095,3.892376,101.8831,-3.627529,-3.375104,20.60123,8116
31.36,-46.96628,0,0,-5.69678,-2.912745,62.67102,98.66628,-4.977129,-4.426243,16.60274,8148
31.38,-866.8351,0,0,-4.303254,-2.403503,69.41911,73.30986,-13.68205,-11.68874,-13.67911,8196
31.4,-836.2637,0,0,-2.573068,-2.227891,81.72446,-31.61419,-13.61457,-13.46591,-15.10791,8728
31.42,-650.6368,0,0,-1.17017,-3.005394,77.17484,-102.4347,-13.61457,-13.73349,-12.18562,8712
31.44,-537.779,0,0,-0.6780617,-4.034582,2.915277,-131.9647,-14.15441,-14.05128,-10.46807,8704
31.46,532.4134,0,0,-0.9798849,-4.511725,-79.11528,-137.9779,-3.357609,-5.267984,30.84614,8732
31.48,571.8519,0,0,-3.505753,-5.427942,-72.97787,-26.40236,-3.357609,-3.109219,30.45374,8088
31.5,394.7933,0,0,-4.721279,-4.679538,-73.11528,55.6985,-3.357609,-2.639411,30.45324,8116
31.52,194.2851,0,0,-5.674859,-3.769363,-50.9168,94.84172,-3.695009,-3.02119,24.92971,8120
31.54,-22.35541,0,0,-6.177933,-3.281302,-22.01603,101.5672,-4.909649,-4.326159,15.16544,8128
31.56,-196.6117,0,0,-5.511676,-2.839344,47.0527,81.92375,-6.326729,-5.843425,8.568022,8196
31.58,-853.8114,0,0,-3.859305,-2.505648,76.16721,45.71825,-13.68205,-12.06218,-15.3156,8280
31.6,-719.1761,0,0,-2.483679,-2.612452,66.9153,-48.83261,-12.80481,-12.90679,-13.46966,8688
31.62,301.1344,0,0,-2.14185,-3.446586,5.403827,-98.27119,-3.425089,-5.433001,20.62713,8656
31.64,-540.1124,0,0,-2.394436,-4.418714,-87.93972,-27.88596,-14.01945,-11.88315,-10.81334,8088
31.66,209.2391,0,0,-5.052786,-5.376422,-72.80994,-57.49668,-4.977129,-6.634674,9.168385,8736
31.68,318.6637,0,0,-6.639825,-6.551936,-35.20687,3.445713,-4.909649,-5.219076,11.35502,8188
31.7,357.3513,0,0,-6.729189,-5.964934,-4.718313,55.96204,-3.762489,-3.768076,21.68658,8196
31.72,258.0568,0,0,-6.23883,-4.597775,28.51834,93.31203,-3.695009,-3.255653,26.69255,8140
31.74,-667.8138,0,0,-5.079734,-3.292991,54.39621,103.5689,-12.73733,-10.41096,-2.828025,8144
31.76,113.9897,0,0,-3.608571,-2.059959,67.81606,12.93469,-3.290129,-4.669106,27.63227,8668
31.78,89.15707,0,0,-2.13906,-1.692382,68.90003,26.95548,-4.572248,-4.033481,28.12636,8088
31.8,-859.6088,0,0,-0.8921893,-1.088753,66.09087,29.23768,-14.28937,-11.67291,-5.849279,8192
31.82,-835.9839,0,0,-0.4984948,-1.260835,9.159554,-66.57955,-13.68205,-13.36075,-12.57996,8760
31.84,-508.3881,0,0,-0.2711064,-2.622881,11.43436,-128.4749,-11.99505,-12.41493,-8.852413,8704
31.86,-343.8773,0,0,-0.5151244,-4.025094,-14.85572,-135.3575,-11.92757,-11.97916,-6.385073,8600
31.88,499.2733,0,0,-1.582586,-4.778141,-61.35955,-118.9728,-3.357609,-4.881019,25.24322,8620
31.9,502.4389,0,0,-2.938305,-4.958644,-72.74887,-18.61191,-3.357609,-2.993179,29.47957,8096
31.92,-424.7856,0,0,-4.245535,-4.540613,-68.90154,51.54695,-11.86009,-9.548937,-2.47871,8092
31.94,77.55965,0,0,-5.235701,-4.185759,-51.20688,7.694955,-4.977129,-5.979572,13.67889,8612
31.96,261.8683,0,0,-6.042703,-4.772134,6.411461,31.55511,-3.762489,-4.136236,17.31699,8212
31.98,114.7819,0,0,-5.548656,-4.272933,16.19772,64.84345,-4.977129,-4.498699,17.68399,8148
32,-428.7761,0,0,-5.149421,-3.66253,22.442,70.35866,-10.17309,-8.806847,-0.4373877,8216
32.02,-576.9283,0,0,-4.850538,-3.621205,14.96108,17.81384,-11.59017,-11.17389,-9.267147,8532
32.04,256.1773,0,0,-4.04575,-3.731553,47.22064,-33.70985,-3.357609,-5.022465,21.33599,8600
32.06,327.2617,0,0,-3.157977,-3.499005,52.06033,13.83715,-3.425089,-3.208111,29.46055,8132
32.08,217.3457,0,0,-2.708538,-2.362745,10.50307,51.37221,-3.357609,-2.639359,31.6064,8096
32.1,216.8142,0,0,-4.152285,-2.167173,-45.20687,68.95764,-2.075489,-1.824588,26.15948,8120
32.12,30.98383,0,0,-4.346941,-1.994775,-9.756483,80.94188,-3.357609,-2.786319,17.33723,8048
32.14,-669.1883,0,0,-2.483192,-1.154094,101.8313,64.16803,-10.44301,-8.618797,-4.865156,8108
32.16,-627.2678,0,0,-0.5594636,-0.500689,91.03745,-23.5429,-9.83569,-9.575077,-3.705935,8544
32.18,-709.3815,0,0,1.026354,-0.8171077,70.76263,-82.65945,-12.13001,-11.53196,-10.01788,8536
32.2,-374.6972,0,0,1.611335,-1.498863,13.4191,-131.6653,-9.633249,-9.933799,-1.282375,8620
32.22,-418.9085,0,0,1.250478,-2.57262,-65.08475,-129.3409,-11.38773,-10.88037,-6.752723,8472
32.24,-258.7462,0,0,-0.2345812,-3.75579,-78.10765,-127.5881,-10.17309,-10.24899,-5.837418,8596
32.26,404.2843,0,0,-1.503341,-4.479724,-64.24506,-105.5723,-3.425089,-4.626513,18.74489,8500
32.28,408.6778,0,0,-2.824222,-4.664886,-68.642,-19.78976,-3.357609,-3.08723,22.55933,8096
32.3,127.3384,0,0,-4.045026,-4.129028,-66.12292,41.17322,-4.977129,-4.129192,15.8094,8088
32.32,13.47366,0,0,-4.964065,-3.67104,-40.53512,55.69538,-4.977129,-4.611813,11.50071,8188
32.34,-29.73462,0,0,-4.56582,-3.123788,38.44201,52.56113,-4.977129,-4.743949,11.95929,8200
32.36,-361.7728,0,0,-3.241624,-2.404057,51.66339,41.8712,-8.41861,-7.438872,3.244879,8200
32.38,-428.8808,0,0,-1.77151,-1.739107,68.19774,-3.306919,-9.025928,-8.540572,2.476966,8420
32.4,-402.4464,0,0,-0.5494217,-1.57274,54.39621,-43.90993,-9.295849,-8.950823,2.849205,8452
32.42,-260.4101,0,0,-0.5860151,-2.11417,-8.565642,-68.1856,-8.41861,-8.382148,3.63336,8480
32.44,248.6621,0,0,-1.868391,-3.107241,-70.12292,-65.74879,-3.425089,-4.323638,16.78915,8424
32.46,-178.5622,0,0,-3.369854,-4.149422,-82.19925,-8.488911,-8.48609,-7.440097,-2.480265,8112
32.48,82.54842,0,0,-4.68705,-4.538976,-70.91681,-9.167152,-4.977129,-5.558375,5.684135,8404
32.5,237.684,0,0,-5.907789,-5.128406,-10.36717,20.5112,-3.627529,-4.044895,9.923506,8196
32.52,199.0391,0,0,-5.379179,-4.482689,22.3962,54.75145,-3.695009,-3.522453,16.36246,8116
32.54,5.208099,0,0,-4.645034,-3.361237,34.56414,71.25812,-4.977129,-4.344529,15.56796,8128
32.56,-296.3035,0,0,-3.441548,-2.243866,65.28172,58.61441,-7.541368,-6.587105,8.367484,8208
32.58,-299.2679,0,0,-1.853801,-1.331326,76.85424,14.82048,-7.27145,-6.884945,10.31075,8368
32.6,-320.0416,0,0,-0.3685936,-0.8705758,68.01453,-19.23061,-7.811289,-7.299857,9.860163,8348
32.62,-243.3848,0,0,0.6058815,-0.6825309,51.12904,-46.8918,-7.20397,-6.862226,11.82245,8404
32.64,-246.0039,0,0,0.2398239,-1.218203,-53.48168,-56.67019,-7.541368,-7.128259,6.20871,8340
32.66,162.4885,0,0,-1.263273,-2.244744,-73.72597,-58.67913,-3.290129,-3.970702,13.91657,8356
32.68,183.96,0,0,-2.682159,-3.18345,-71.31376,-14.33147,-3.357609,-3.291919,11.30586,8104
32.7,-13.94725,0,0,-4.154694,-3.731097,-75.5275,21.71258,-5.044609,-4.620337,1.874724,8088
32.72,81.10147,0,0,-5.349851,-4.119916,-21.22214,29.3866,-3.627529,-3.960744,3.34865,8192
32.74,-44.24895,0,0,-4.523127,-3.677813,38.02979,41.84458,-5.044609,-4.743484,4.641509,8148
32.76,-156.7149,0,0,-3.721066,-2.986785,46.21301,34.97742,-5.989328,-5.614642,4.654111,8208
32.78,-188.9149,0,0,-2.611958,-2.296408,61.0069,15.63701,-6.259249,-5.957248,6.792667,8276
32.8,-38.94292,0,0,-1.383037,-1.60042,56.33514,-4.060802,-4.639729,-4.617696,15.60547,8284
32.82,-217.0131,0,0,-0.5194346,-1.140203,40.76262,-4.875031,-6.596649,-5.786167,10.3942,8180
32.84,42.45007,0,0,-0.7736738,-1.113141,-38.71832,-22.63443,-3.425089,-3.658895,16.80864,8316
32.86,180.343,0,0,-1.902973,-1.776684,-60.90154,-4.959,-2.075489,-2.189585,16.21956,8124
32.88,-74.295,0,0,-3.10611,-2.449329,-63.22215,24.13817,-4.639729,-4.03386,2.577138,8020
32.9,-165.2533,0,0,-3.972778,-2.951463,39.58705,20.36222,-5.314529,-5.189502,-4.168221,8172
32.92,-85.15329,0,0,-2.792021,-2.582386,44.70155,5.59847,-4.639729,-4.731335,3.778329,8220
32.94,-96.56007,0,0,-1.999069,-2.181711,24.67101,1.490446,-4.977129,-4.758441,6.402766,8192
32.96,55.24687,0,0,-2.372918,-2.232264,-42.84047,-1.35335,-3.290129,-3.480345,10.29724,8208
32.98,-108.8051,0,0,-3.568854,-2.940495,-57.60383,15.29506,-5.247049,-4.894585,-0.8803573,8104
33,68.64874,0,0,-5.517689,-4.075595,-13.35954,15.67102,-3.357609,-3.98697,-1.637527,8216
33.02,-44.72421,0,0,-3.587139,-3.372606,69.29698,28.79287,-4.909649,-4.583729,5.166136,8100
33.04,57.08502,0,0,-2.422102,-2.24878,49.46491,22.70055,-3.357609,-3.32926,15.69961,8180
33.06,30.95981,0,0,-2.01809,-1.607722,18.93055,27.39147,-3.357609,-3.016887,16.2422,8104
33.08,-64.49236,0,0,-2.030362,-1.342169,-7.17633,27.59424,-3.96493,-3.52169,11.42692,8124
33.1,-37.18001,0,0,-1.712402,-1.108814,30.59468,17.11541,-3.357609,-3.195024,11.86049,8144
33.12,-84.6042,0,0,-0.1906862,-0.3386576,62.09087,8.508079,-3.695009,-3.215475,14.5372,8104
33.14,-139.5096,0,0,0.5477679,0.1829546,35.77025,-4.429085,-3.96493,-3.44067,12.62684,8128
33.16,-155.0254,0,0,-0.002743214,-0.1773848,-51.32901,-17.30132,-4.03241,-3.744384,5.834575,8148
33.18,-92.76295,0,0,-1.539668,-1.380658,-78.32139,-23.00716,-3.627529,-3.751504,-1.348521,8164
33.2,-51.22831,0,0,-2.945662,-2.686112,-75.00842,-16.13913,-3.695009,-3.933734,-6.171725,8128
33.22,-43.342,0,0,-3.527356,-3.392519,-1.344267,-5.258862,-4.03241,-4.206686,-6.273284,8120
33.24,66.14095,0,0,-3.275352,-3.29713,2.838941,2.470269,-3.02021,-3.306372,2.210025,8160
33.26,150.1919,0,0,-3.021018,-2.867151,8.655736,18.06666,-2.075489,-2.203799,9.88078,8104
33.28,-0.8939514,0,0,-2.508033,-2.158052,19.66337,35.26826,-3.357609,-2.873825,9.055783,8044
33.3,-1.384064,0,0,-1.83741,-1.31799,40.22827,29.35431,-2.75029,-2.532926,12.45199,8128
33.32,-62.84541,0,0,-0.6173066,-0.4223001,61.03743,21.59711,-3.08769,-2.62691,13.9146,8076
33.34,-9.443771,0,0,0.4809898,0.4084558,50.68629,6.872463,-2.075489,-1.790952,18.06349,8092
33.36,-36.53434,0,0,0.885156,0.7516904,20.41146,0.9927281,-2.075489,-1.634863,15.49446,8020
33.38,-65.35174,0,0,0.7521751,0.6845401,-12.06183,-5.459739,-2.075489,-1.721106,10.58521,8032
33.4,-163.364,0,0,0.04528173,0.08505359,-41.16107,-10.7995,-3.08769,-2.735956,0.6358433,8052
33.42,-113.056,0,0,-1.040101,-0.9018296,-58.84047,-21.00883,-2.75029,-2.898762,-4.575106,8092
33.44,-149.5153,0,0,-2.252718,-2.13271,-58.35192,-19.05589,-3.762489,-3.864016,-11.98301,8080
33.46,-12.41335,0,0,-2.420738,-2.652584,-2.229764,-20.40305,-2.75029,-3.196231,-5.980045,8100
33.48,-86.52301,0,0,-2.610787,-2.928753,-12.94732,-6.787766,-4.03241,-3.967034,-7.037564,8072
33.5,-74.72789,0,0,-3.040766,-3.102852,-22.39771,-3.88379,-4.03241,-4.159841,-5.833818,8152
33.52,30.23875,0,0,-2.683628,-2.865229,32.73208,-1.574154,-3.08769,-3.320144,2.150318,8140
33.54,122.2452,0,0,-2.158389,-2.315413,19.3733,9.146296,-2.075489,-2.158512,10.54934,8100
33.56,91.91984,0,0,-2.126863,-1.84473,-3.008389,25.31699,-2.075489,-1.859945,11.72445,8028
33.58,45.08367,0,0,-2.115083,-1.422925,8.930546,32.81091,-2.075489,-1.830547,11.01567,8024
33.6,-31.56189,0,0,-0.6609533,-0.3828858,78.83896,28.80284,-2.412889,-1.946285,14.0596,8040
33.62,-101.1392,0,0,0.4785078,0.5212146,54.09087,14.75552,-2.68281,-2.15429,13.83326,8040
33.64,-128.4112,0,0,1.043921,0.9067571,26.2588,-3.597554,-2.68281,-2.26719,11.16697,8052
33.66,-132.8557,0,0,1.099922,0.7666633,0.6404669,-18.92243,-2.68281,-2.392798,6.971518,8068
33.68,-121.2677,0,0,0.7280096,0.2485314,-23.90916,-28.52013,-2.68281,-2.529871,2.449557,8088
33.7,-103.9938,0,0,-0.03921108,-0.5345874,-45.23741,-31.42741,-2.75029,-2.72847,-2.128864,8084
33.72,-40.5466,0,0,-1.289171,-1.557781,-67.6191,-27.80233,-2.412889,-2.636871,-5.361932,8084
33.74,6.874889,0,0,-2.838365,-2.711534,-84.51987,-14.235,-2.345409,-2.678848,-8.576909,8064
33.76,11.60802,0,0,-4.653567,-3.934031,-16.3061,5.098363,-2.75029,-3.141131,-12.88222,8056
33.78,91.4977,0,0,-3.490796,-3.412595,37.61758,15.77247,-2.075489,-2.37329,0.189172,8060
33.8,57.53786,0,0,-2.826396,-2.609758,37.11376,28.92918,-2.345409,-2.236511,5.579103,8048
33.82,-17.99846,0,0,-1.834969,-1.570812,58.53362,31.16677,-2.75029,-2.413696,8.927104,8032
33.84,7.537888,0,0,-0.6437228,-0.4871691,61.02217,21.36076,-2.008009,-1.772964,14.65566,8068
33.86,-24.48978,0,0,0.1569525,0.2401722,33.03743,14.75013,-2.008009,-1.600843,14.86868,8020
33.88,-62.57637,0,0,0.2850739,0.4547037,-0.3060985,6.438423,-2.075489,-1.711081,11.08662,8032
33.9,-75.44733,0,0,-0.02746132,0.1940209,-23.95496,-2.191702,-2.075489,-1.872436,6.132868,8040
33.92,-62.23811,0,0,-0.5097875,-0.3286603,-28.76412,-7.816051,-2.008009,-1.963546,2.140605,8024
33.94,-52.09624,0,0,-0.8361699,-0.8024857,-12.44351,-9.136488,-2.075489,-2.075099,-0.04930949,8048
33.96,-37.27122,0,0,-1.072093,-1.134068,-13.95496,-8.154604,-2.075489,-2.105164,-0.6225798,8016
33.98,-25.92315,0,0,-1.200948,-1.307973,-5.970222,-5.510943,-2.075489,-2.094853,-0.2090001,8024
34,-43.88882,0,0,-1.272987,-1.375238,-4.870985,-2.351893,-2.345409,-2.291283,-0.4274773,8040
34.02,42.86068,0,0,-1.248018,-1.30679,1.342757,-2.015987,-1.40069,-1.554286,3.833627,8064
34.04,11.73047,0,0,-1.08594,-1.134894,3.938178,6.484446,-1.738089,-1.593057,4.342041,7980
34.06,76.10363,0,0,-1.039659,-0.8890986,2.51833,8.892149,-0.7933693,-0.8447604,7.801744,8024
34.08,25.48214,0,0,-0.4922625,-0.420448,29.44964,15.35698,-1.13077,-0.8602895,8.690787,7984
34.1,-40.72882,0,0,-0.07817556,0.04042979,17.28169,13.16836,-1.46817,-1.138458,7.425489,7984
34.12,-89.34321,0,0,0.4769701,0.4303972,32.54887,3.244761,-1.738089,-1.424367,6.167281,8012
34.14,-8.630299,0,0,0.917577,0.6740353,18.80841,-9.591141,-0.7258892,-0.6864139,8.782805,8020
34.16,-13.69442,0,0,0.7119229,0.4994968,-15.32901,-9.517208,-0.7933693,-0.6256388,5.723279,7944
34.18,-12.82701,0,0,0.00540854,0.03058511,-42.44352,-7.951203,-0.7258892,-0.6842455,1.541987,7964
34.2,-49.07434,0,0,-0.5913586,-0.484787,-3.725947,-5.028199,-1.19825,-1.156871,-2.889933,7956
34.22,-54.35542,0,0,-0.3034294,-0.5120351,7.510698,-7.371433,-1.33321,-1.313332,-1.690895,7980
34.24,-49.24423,0,0,-0.4379494,-0.6388811,-7.298466,-9.083135,-1.40069,-1.412992,-2.067352,7992
34.26,-74.15774,0,0,-0.3761764,-0.6924712,-0.2450293,-9.863195,-1.805569,-1.73667,-2.551673,8004
34.28,27.24763,0,0,-0.5752665,-0.8076802,-13.63435,-12.22968,-0.7933693,-1.014333,0.7873205,8012
34.3,45.90701,0,0,-0.7671745,-0.9189194,-8.122894,-2.950749,-0.7258892,-0.763608,1.669734,7968
34.32,31.2912,0,0,-1.01895,-0.944195,-16.38244,5.866107,-0.7933693,-0.7675642,1.427867,7964
34.34,-13.39054,0,0,-0.712615,-0.6680158,20.60994,9.389928,-1.13077,-0.9885584,2.081222,7972
34.36,-29.6252,0,0,-0.1501177,-0.2222666,25.43437,5.542033,-1.13077,-0.9856592,3.990437,7960
34.38,-40.41235,0,0,0.2625756,0.1085599,20.88475,0.01009238,-1.13077,-0.966948,4.540903,8000
34.4,-41.09799,0,0,0.3918369,0.2146969,3.754972,-5.256227,-1.06329,-0.9332938,3.825605,7992
34.42,-23.99104,0,0,0.2973037,0.1247286,-5.054192,-8.602257,-0.8608494,-0.8045348,2.893337,8016
34.44,-9.501266,0,0,0.1113154,-0.05232269,-11.22213,-8.542698,-0.7258892,-0.6979989,1.933854,7972
34.46,-20.5309,0,0,-0.05757359,-0.2125812,-9.695415,-6.515023,-0.8608494,-0.8000522,0.5710949,7964
34.48,-21.20947,0,0,-0.111811,-0.2824125,-2.703046,-6.069989,-0.8608494,-0.8278798,0.3353416,7976
34.5,-38.27118,0,0,-0.08429217,-0.2965975,1.449628,-5.910985,-1.06329,-0.9891132,-0.1644891,7968
34.52,-42.94387,0,0,-0.08104216,-0.3124828,-0.3060985,-7.541047,-1.13077,-1.084255,-0.3947081,7988
34.54,-7.966436,0,0,-0.07215728,-0.3275021,-0.2908313,-9.087025,-0.7933693,-0.8306925,0.9379386,7992
34.56,-33.70811,0,0,-0.1344876,-0.3814532,-3.848084,-6.426742,-1.13077,-1.038214,-0.171078,7976
34.58,-4.639154,0,0,-0.2337649,-0.4192011,-6.367169,-6.929503,-0.7933693,-0.8300147,0.730513,7984
34.6,-32.17853,0,0,-0.1737058,-0.4014841,3.449628,-4.504811,-1.13077,-1.029781,0.1966593,7976
34.62,-28.77605,0,0,-0.2290036,-0.4032249,-2.870985,-5.520962,-1.06329,-1.036621,0.2160588,7996
34.64,-26.34375,0,0,-0.1263354,-0.3596308,4.014514,-6.138533,-1.06329,-1.020089,0.7885911,7992
34.66,-30.91587,0,0,-0.1918917,-0.3894932,-1.405335,-6.142467,-1.13077,-1.080475,0.3205666,7996
34.68,-23.72112,0,0,-0.1384805,-0.3715121,0.2587874,-6.738921,-1.06329,-1.03092,0.8692933,7976
34.7,-22.37746,0,0,-0.1482041,-0.3737621,0.9000088,-6.387005,-1.06329,-1.01764,0.9216787,8008
34.72,-28.43262,0,0,-0.1716618,-0.3839312,-1.176328,-5.955834,-1.13077,-1.071116,0.651108,8000
34.74,-22.66432,0,0,-0.1374893,-0.3632867,0.5335966,-6.366356,-1.06329,-1.02445,1.066605,7988
34.76,-22.19248,0,0,-0.14015,-0.3588557,0.4725278,-6.056069,-1.06329,-1.012443,1.09529,8020
34.78,-28.85494,0,0,-0.1468129,-0.3585199,-0.107625,-5.790722,-1.13077,-1.0653,0.8352114,7980
34.8,-35.26341,0,0,-0.1388418,-0.3574232,0.5183294,-6.316805,-1.19825,-1.133584,0.5905706,7996
34.82,2.211233,0,0,-0.1493884,-0.358125,0.1519171,-7.249802,-0.7933693,-0.8252655,1.957202,7996
34.84,-20.83546,0,0,-0.1662855,-0.367476,-0.2602969,-4.055673,-1.06329,-0.9610243,1.149567,7980
34.86,-32.63735,0,0,-0.1632132,-0.3387422,-1.222129,-4.271329,-1.13077,-1.053993,0.8144499,7992
34.88,-33.63599,0,0,-0.07564835,-0.2906183,4.991613,-5.865306,-1.13077,-1.069773,1.028652,7984
34.9,-2.674042,0,0,-0.02284779,-0.2537838,1.587032,-7.163954,-0.7933693,-0.7972677,2.290262,7984
34.92,-32.61868,0,0,-0.08541071,-0.2877001,-2.153427,-4.76668,-1.13077,-1.010089,0.8265991,7980
34.94,-36.59064,0,0,-0.1173389,-0.303008,-2.092359,-6.099311,-1.13077,-1.075097,0.4625615,7984
34.96,-28.24889,0,0,-0.05833282,-0.2971367,3.388559,-7.542679,-1.06329,-1.028839,0.8754403,7992
34.98,-1.282293,0,0,-0.1219091,-0.3353437,-2.550374,-7.460232,-0.7933693,-0.8063066,1.586073,7992
35,-25.14034,0,0,-0.1357289,-0.3492372,-2.000756,-4.647523,-1.06329,-0.9629942,0.7858351,7964
35.02,-35.25925,0,0,-0.1836363,-0.3570578,-1.054191,-5.055014,-1.13077,-1.067682,0.2719803,7984
35.04,-34.53328,0,0,-0.06798279,-0.3091183,4.884743,-6.670508,-1.13077,-1.0781,0.7272617,7976
35.06,-2.224356,0,0,-0.07849062,-0.3063218,-0.9473198,-7.631181,-0.7933693,-0.8110467,1.827668,8000
35.08,-31.42276,0,0,-0.09836179,-0.3231072,-1.573274,-4.977832,-1.13077,-1.014496,0.6990566,7964
35.1,-29.13762,0,0,-0.1762129,-0.3493975,-3.741214,-5.935399,-1.06329,-1.027989,0.4674962,8004
35.12,-26.7017,0,0,-0.1350015,-0.3500398,3.678636,-6.447215,-1.06329,-1.022949,0.6938556,7992
35.14,-24.97964,0,0,-0.1682305,-0.3748625,-1.558007,-6.44819,-1.06329,-1.02465,0.6136816,7980
35.16,-24.14644,0,0,-0.1252865,-0.3591915,0.8389403,-6.38455,-1.06329,-1.015481,0.8965439,7984
35.18,-24.22473,0,0,-0.1203897,-0.3484766,0.7473372,-6.276839,-1.06329,-1.011894,0.9596691,7988
35.2,-36.38124,0,0,-0.137225,-0.3577381,-0.1228922,-6.182122,-1.19825,-1.123235,0.4201302,7980
35.22,-29.81231,0,0,-0.124694,-0.3584952,0.4572606,-7.374527,-1.13077,-1.096188,0.6778744,7980
35.24,-20.93557,0,0,-0.1469355,-0.3820772,-0.9778546,-7.435202,-1.06329,-1.035501,0.8986645,7984
35.26,-19.73916,0,0,-0.1662751,-0.3964753,-0.3977011,-6.513693,-1.06329,-1.018367,0.9642582,7996
35.28,9.29599,0,0,-0.1542751,-0.3652818,0.4572606,-5.775095,-0.7258892,-0.736038,2.328204,7984
35.3,0.4264507,0,0,-0.1815097,-0.3389132,0.07558119,-2.285808,-0.7933693,-0.7194627,2.141068,7972
35.32,-37.95641,0,0,-0.1814096,-0.2950982,0.2129859,-0.9002899,-1.13077,-0.9945236,0.8130039,7976
35.34,-43.10013,0,0,-0.05629859,-0.2143925,7.678637,-4.229264,-1.13077,-1.05955,0.9154022,7972
35.36,-35.2251,0,0,0.1045072,-0.1468853,6.228255,-7.443267,-1.06329,-1.007683,1.458137,7972
35.38,-8.103821,0,0,0.0253857,-0.198614,-5.161061,-8.56977,-0.7933693,-0.7948179,1.782857,7988
35.4,-6.264677,0,0,-0.06848264,-0.2704398,-5.130528,-6.295491,-0.7933693,-0.7502385,1.421303,7968
35.42,-8.89921,0,0,-0.1886671,-0.3289872,-3.787015,-4.231934,-0.7933693,-0.7531153,0.9701831,7980
35.44,-35.81793,0,0,-0.1546701,-0.3142093,1.617566,-3.221145,-1.06329,-0.9643342,0.2303655,7968
35.46,-37.77884,0,0,-0.08923071,-0.275125,3.892376,-5.46032,-1.06329,-1.01366,0.3499873,7996
35.48,-34.82721,0,0,-0.008396432,-0.2512501,2.533597,-7.391397,-1.06329,-1.017173,0.5906413,7988
35.5,-7.109911,0,0,-0.08636566,-0.3019018,-3.970222,-8.146138,-0.7933693,-0.8119585,1.174319,7992
35.52,-34.6857,0,0,-0.123855,-0.3493105,-2.306099,-5.750622,-1.13077,-1.03014,0.05276257,7968
35.54,-42.029,0,0,-0.2178336,-0.4048302,-2.886252,-6.670548,-1.19825,-1.154305,-0.57866,7988
35.56,-32.04312,0,0,-0.08456782,-0.3683574,5.77024,-8.370434,-1.13077,-1.105807,0.3883327,7988
35.58,-27.85122,0,0,-0.1321937,-0.3993561,-2.596175,-8.371516,-1.13077,-1.096702,0.3535763,7992
35.6,-13.53254,0,0,-0.1662019,-0.4210191,-2.718313,-7.827569,-0.9958096,-0.9843485,0.90854,7984
35.62,-24.36517,0,0,-0.252424,-0.4639748,-2.260297,-5.777694,-1.13077,-1.070466,0.3532075,7996
35.64,-19.73922,0,0,-0.2303685,-0.4404497,0.3503905,-5.545848,-1.06329,-1.030325,0.869803,7976
35.66,-19.79716,0,0,-0.2097288,-0.4121696,2.609933,-4.988253,-1.06329,-1.014684,1.10423,7980
35.68,-20.72165,0,0,-0.2453674,-0.4119132,-1.848083,-4.532968,-1.06329,-1.016581,1.003533,7980
35.7,-21.56416,0,0,-0.2144849,-0.3879838,0.5030622,-4.40918,-1.06329,-1.012347,1.168537,7980
35.72,-28.19377,0,0,-0.2335194,-0.3907352,0.3198562,-4.373901,-1.13077,-1.070365,0.8238746,7988
35.74,-22.08323,0,0,-0.2280961,-0.3900554,-0.183961,-5.029407,-1.06329,-1.03099,1.045591,7972
35.76,-20.96284,0,0,-0.2204424,-0.3914393,0.5335966,-4.869317,-1.06329,-1.018593,1.109848,7996
35.78,-21.28531,0,0,-0.2174498,-0.3870003,0.5641309,-4.657048,-1.06329,-1.014578,1.135721,7996
35.8,-21.73842,0,0,-0.2330607,-0.3908764,0.1977187,-4.506344,-1.06329,-1.016321,1.062453,7972
35.82,-28.08356,0,0,-0.2219754,-0.3871227,0.4419934,-4.48752,-1.13077,-1.069874,0.8656198,7980
35.84,-27.97249,0,0,-0.2312181,-0.395012,0.1977187,-5.092822,-1.13077,-1.086284,0.781072,7992
35.86,-20.44069,0,0,-0.2286966,-0.4031406,0.2435202,-5.482727,-1.06329,-1.034601,1.046215,7980
35.88,-19.37708,0,0,-0.2327471,-0.4092296,0.09084838,-4.96558,-1.06329,-1.019423,1.107507,7980
35.9,-20.0842,0,0,-0.2300785,-0.4011576,0.1213828,-4.518227,-1.06329,-1.013972,1.166497,8000
35.92,-21.0558,0,0,-0.2328612,-0.3929829,0.04504682,-4.286847,-1.06329,-1.013457,1.159174,7996
35.94,-21.88707,0,0,-0.2199291,-0.3796735,0.06031401,-4.270271,-1.06329,-1.01242,1.192892,7988
35.96,-28.50514,0,0,-0.2164952,-0.3758944,0.3656577,-4.364369,-1.13077,-1.067959,0.919933,7996
35.98,-28.42651,0,0,-0.2233707,-0.3845398,-0.1381594,-5.079426,-1.13077,-1.085252,0.81496,8000
36,-20.80517,0,0,-0.2242228,-0.3966746,0.1824515,-5.53623,-1.06329,-1.03463,1.045131,8004
36.02,-25.67622,0,0,-0.2213842,-0.4044484,0.1671843,-5.078625,-1.13077,-1.073357,0.8859915,7980
36.04,-25.99335,0,0,-0.2260669,-0.4062794,-0.01602192,-5.250481,-1.13077,-1.083659,0.8767772,7988
36.06,-19.27281,0,0,-0.2297008,-0.4088919,0.1061156,-5.379801,-1.06329,-1.031419,1.130991,7992
36.08,-18.89974,0,0,-0.2274587,-0.4058008,0.1213828,-4.79076,-1.06329,-1.015777,1.212211,7984
36.1,-20.06289,0,0,-0.227153,-0.3948613,0.2740546,-4.362358,-1.06329,-1.011599,1.235182,7996
36.12,-33.30119,0,0,-0.2232875,-0.3883906,0.1366499,-4.221945,-1.19825,-1.12058,0.7472997,7988
36.14,-27.48365,0,0,-0.2247313,-0.3910033,0.2740546,-5.460683,-1.13077,-1.097116,0.8786244,7988
36.16,-25.14131,0,0,-0.2146715,-0.4017041,0.1671843,-5.724425,-1.13077,-1.088392,0.9421436,7992
36.18,-17.96319,0,0,-0.2460545,-0.4228537,-0.6877776,-5.565063,-1.06329,-1.0344,1.095227,8000
36.2,-23.91612,0,0,-0.2105497,-0.406539,0.4572606,-4.829374,-1.13077,-1.066632,1.110181,7984
36.22,-25.40683,0,0,-0.2161935,-0.3958785,0.4419934,-4.93182,-1.13077,-1.077222,1.062341,7992
36.24,-25.532,0,0,-0.2076607,-0.3896235,0.4725278,-5.178847,-1.13077,-1.079904,1.071392,7988
36.26,-19.20753,0,0,-0.2166402,-0.3932661,0.04504682,-5.327326,-1.06329,-1.027903,1.252718,7988
36.28,-19.1588,0,0,-0.2095999,-0.3886638,0.2740546,-4.804529,-1.06329,-1.012486,1.312783,7992
36.3,-20.45079,0,0,-0.2177452,-0.3832531,0.2129859,-4.430374,-1.06329,-1.010424,1.262603,7984
36.32,-21.59996,0,0,-0.2178517,-0.3763832,-0.06182348,-4.313847,-1.06329,-1.011272,1.222431,7988
36.34,-22.30168,0,0,-0.2216735,-0.3749769,0.1366499,-4.344781,-1.06329,-1.013585,1.15477,7996
36.36,-28.63485,0,0,-0.2188697,-0.376929,-0.0007547362,-4.451316,-1.13077,-1.069534,0.8804361,7980
36.38,-28.45467,0,0,-0.2147032,-0.3816532,0.06031401,-5.174484,-1.13077,-1.084724,0.8319032,7992
36.4,-20.89403,0,0,-0.2166198,-0.3928887,0.1213828,-5.624897,-1.06329,-1.033859,1.055105,7988
36.42,-25.87412,0,0,-0.2077532,-0.396908,0.04504682,-5.186377,-1.13077,-1.071792,0.916875,7980
36.44,-20.31613,0,0,-0.2099778,-0.3933888,0.1519171,-5.384147,-1.06329,-1.027214,1.147285,7988
36.46,-26.05751,0,0,-0.2091658,-0.3935637,0.1061156,-4.963012,-1.13077,-1.069394,0.9510853,7992
36.48,-26.73675,0,0,-0.202018,-0.3870963,0.1824515,-5.283338,-1.13077,-1.080009,0.957816,7988
36.5,-20.0919,0,0,-0.2132238,-0.393368,0.1061156,-5.530458,-1.06329,-1.030127,1.140506,7988
36.52,-19.55213,0,0,-0.2152207,-0.3960715,0.1519171,-5.014572,-1.06329,-1.015989,1.18427,8000
36.54,-20.41984,0,0,-0.2252202,-0.3942119,0.1824515,-4.58717,-1.06329,-1.013449,1.162377,8000
36.56,-21.31242,0,0,-0.2282196,-0.3890837,0.1519171,-4.382532,-1.06329,-1.013659,1.146497,7992
36.58,-27.92324,0,0,-0.2310513,-0.389039,0.2587874,-4.336811,-1.13077,-1.069644,0.8738592,8016
36.6,-21.84805,0,0,-0.2381483,-0.3940789,0.04504682,-4.949581,-1.06329,-1.031719,1.035063,7980
36.62,-26.66598,0,0,-0.2341912,-0.4020444,0.1519171,-4.758316,-1.13077,-1.074668,0.8478525,7988
36.64,-26.59012,0,0,-0.2320076,-0.404309,0.1977187,-5.121483,-1.13077,-1.085242,0.8530465,7972
36.66,-19.64328,0,0,-0.2218321,-0.4021443,-0.04655629,-5.376973,-1.06329,-1.030993,1.158554,7980
36.68,-19.18331,0,0,-0.223113,-0.4009906,0.06031401,-4.841128,-1.06329,-1.015731,1.211145,7988
36.7,-26.2598,0,0,-0.2236709,-0.3950101,0.09084838,-4.442486,-1.13077,-1.066516,0.9839473,8000
36.72,-21.01553,0,0,-0.2270547,-0.3904266,-0.0007547362,-4.879755,-1.06329,-1.027092,1.162145,7996
36.74,-20.46798,0,0,-0.2280799,-0.3923679,0.09084838,-4.639271,-1.06329,-1.016785,1.170884,8004
36.76,-20.99828,0,0,-0.2315005,-0.3909276,-0.0007547362,-4.413419,-1.06329,-1.014672,1.154969,7976
36.78,-27.61473,0,0,-0.2306862,-0.3897181,0.1824515,-4.325707,-1.13077,-1.069212,0.9022541,7996
36.8,-27.66205,0,0,-0.2391085,-0.3973031,0.01451245,-4.913989,-1.13077,-1.085893,0.8145542,7980
36.82,-20.21446,0,0,-0.2377826,-0.405851,0.1671843,-5.305416,-1.06329,-1.034617,1.067417,7984
36.84,-19.18889,0,0,-0.2410061,-0.4117506,0.1213828,-4.800008,-1.06329,-1.019521,1.126879,7984
36.86,-19.89343,0,0,-0.2407759,-0.4051913,0.2129859,-4.357626,-1.06329,-1.014549,1.171016,7996
36.88,-20.89244,0,0,-0.2367082,-0.3938812,0.1824515,-4.147885,-1.06329,-1.013095,1.191487,7984
36.9,-21.66647,0,0,-0.238939,-0.3881592,0.1824515,-4.107361,-1.06329,-1.01431,1.154869,7984
36.92,-28.06749,0,0,-0.2420954,-0.390602,0.2282531,-4.15843,-1.13077,-1.070892,0.8668163,7980
36.94,-21.8258,0,0,-0.2453525,-0.3958747,0.1824515,-4.824313,-1.06329,-1.03246,1.040334,7976
36.96,-26.44684,0,0,-0.2548564,-0.4121527,0.1519171,-4.613925,-1.13077,-1.077231,0.7954345,7980
36.98,-20.18748,0,0,-0.2471978,-0.4112523,0.1824515,-4.950361,-1.06329,-1.032075,1.081736,7984
37,-25.50773,0,0,-0.2407839,-0.4109432,0.2282531,-4.565161,-1.13077,-1.072537,0.9283869,7992
37.02,-26.03019,0,0,-0.2316461,-0.4033815,0.1671843,-4.87242,-1.13077,-1.082052,0.9582812,7996
37.04,-25.48578,0,0,-0.2280881,-0.4035568,0.1366499,-5.1427,-1.13077,-1.084264,0.9699951,7988
37.06,-30.79097,0,0,-0.2353656,-0.414389,0.09084838,-5.253381,-1.19825,-1.140263,0.7096857,7984
37.08,-17.88251,0,0,-0.2345614,-0.4177473,0.07558119,-5.849688,-1.06329,-1.044691,1.199386,7984
37.1,-22.59853,0,0,-0.240519,-0.4253234,0.07558119,-4.928441,-1.13077,-1.072512,1.044955,7980
37.12,-17.95356,0,0,-0.2296667,-0.4081213,0.04504682,-4.812898,-1.06329,-1.023041,1.353304,7988
37.14,-24.72209,0,0,-0.2284549,-0.3984739,0.1671843,-4.281712,-1.13077,-1.06514,1.13482,8000
37.16,-25.9987,0,0,-0.2328324,-0.3936946,0.04504682,-4.604416,-1.13077,-1.078951,1.051417,7996
37.18,-25.57147,0,0,-0.2405389,-0.4021737,0.07558119,-4.929158,-1.13077,-1.084724,0.9789311,7992
37.2,-18.80025,0,0,-0.2371811,-0.4055391,0.1061156,-5.10241,-1.06329,-1.030521,1.233701,7980
37.22,-18.625,0,0,-0.2278064,-0.3995433,0.04504682,-4.557407,-1.06329,-1.01374,1.317324,7988
37.24,-19.92426,0,0,-0.2368824,-0.3936325,0.1977187,-4.1535,-1.06329,-1.011377,1.270428,7996
37.26,-27.07119,0,0,-0.2418387,-0.391698,0.04504682,-4.010658,-1.13077,-1.067523,0.9735999,7984
37.28,-27.53303,0,0,-0.2312093,-0.3879712,0.2893218,-4.669529,-1.13077,-1.082333,0.9457593,7988
37.3,-20.39715,0,0,-0.2347446,-0.3962933,0.09084838,-5.140846,-1.06329,-1.032571,1.13749,8000
37.32,-19.54378,0,0,-0.2276389,-0.3979482,0.1824515,-4.749423,-1.06329,-1.017054,1.208764,7992
37.34,-26.39673,0,0,-0.223368,-0.3924085,0.1061156,-4.419727,-1.13077,-1.066888,0.9943309,7984
37.36,-21.12464,0,0,-0.2194941,-0.3849061,0.1366499,-4.900479,-1.06329,-1.026162,1.196707,7984
37.38,-26.68021,0,0,-0.2160594,-0.3868277,0.1366499,-4.705961,-1.13077,-1.069893,0.9705485,7988
37.4,-26.95004,0,0,-0.2231831,-0.3925129,0.1519171,-5.118186,-1.13077,-1.083303,0.8953082,7980
37.42,-20.00002,0,0,-0.2176943,-0.3954272,0.09084838,-5.427219,-1.06329,-1.030882,1.157406,7980
37.44,-19.49325,0,0,-0.2101524,-0.392248,0.1824515,-4.949592,-1.06329,-1.014695,1.238271,8004
37.46,-26.59607,0,0,-0.2097606,-0.3858635,0.1977187,-4.588507,-1.13077,-1.065354,1.002437,7988
37.48,-27.4154,0,0,-0.2089571,-0.3823525,0.1213828,-5.071583,-1.13077,-1.080219,0.9456844,7972
37.5,-26.6473,0,0,-0.2039781,-0.3864051,0.1213828,-5.491762,-1.13077,-1.083943,0.9379998,7988
37.52,-25.66849,0,0,-0.2105105,-0.397677,0.07558119,-5.674258,-1.13077,-1.085414,0.9127822,7988
37.54,-24.83092,0,0,-0.2179506,-0.4083375,0.06031401,-5.671633,-1.13077,-1.085572,0.9143314,7988
37.56,-18.27797,0,0,-0.219434,-0.4096575,0.02977964,-5.570485,-1.06329,-1.02954,1.198738,8000
37.58,-18.35993,0,0,-0.2203978,-0.4043447,0.06031401,-4.836341,-1.06329,-1.013449,1.269157,8004
37.6,-19.90382,0,0,-0.219873,-0.3904803,0.07558119,-4.35879,-1.06329,-1.00949,1.285617,7984
37.62,-21.24045,0,0,-0.2317423,-0.3853368,0.04504682,-4.16904,-1.06329,-1.011904,1.20194,7972
37.64,-28.05569,0,0,-0.2262799,-0.3813026,0.07558119,-4.201543,-1.13077,-1.067817,0.9414309,7968
37.66,-28.18694,0,0,-0.2224334,-0.3830501,0.1366499,-4.92555,-1.13077,-1.083628,0.8802335,7968
37.68,-20.6809,0,0,-0.2355703,-0.3996393,0.02977964,-5.377906,-1.06329,-1.03506,1.043094,7976
37.7,-19.51459,0,0,-0.2304003,-0.4049908,0.1671843,-4.92773,-1.06329,-1.019194,1.133382,7968
37.72,-20.16901,0,0,-0.2301435,-0.3989884,0.1977187,-4.508234,-1.06329,-1.014046,1.171707,7976
37.74,-21.10241,0,0,-0.2316085,-0.3913198,0.1061156,-4.293048,-1.06329,-1.013402,1.165683,7976
37.76,-27.90452,0,0,-0.2213187,-0.3828342,0.1824515,-4.282033,-1.13077,-1.067432,0.944396,7972
37.78,-28.13754,0,0,-0.2194021,-0.3831771,0.1824515,-4.971905,-1.13077,-1.083163,0.8801951,7972
37.8,-20.90545,0,0,-0.208511,-0.3853598,0.1213828,-5.47943,-1.06329,-1.031128,1.143394,7972
37.82,-26.07495,0,0,-0.2069412,-0.3910879,0.1213828,-5.095391,-1.13077,-1.070821,0.9457963,7980
37.84,-26.48993,0,0,-0.2127622,-0.3942178,0.2587874,-5.344285,-1.13077,-1.082264,0.9034766,7972
37.86,-19.70467,0,0,-0.2211366,-0.4013374,0.1977187,-5.52129,-1.06329,-1.031323,1.119591,7960
37.88,-19.17076,0,0,-0.2232634,-0.4031903,0.2129859,-4.943666,-1.06329,-1.016528,1.17834,7968
37.9,-20.17054,0,0,-0.224926,-0.3953507,0.1213828,-4.499235,-1.06329,-1.012468,1.19991,7980
37.92,-21.21684,0,0,-0.2305373,-0.3891532,0.04504682,-4.291559,-1.06329,-1.01307,1.166589,7976
37.94,-27.84158,0,0,-0.2401033,-0.39252,0.01451245,-4.241005,-1.13077,-1.070385,0.8599128,7968
37.96,-21.7429,0,0,-0.2413509,-0.3955784,0.01451245,-4.867027,-1.06329,-1.03175,1.048654,7968
37.98,-20.53905,0,0,-0.2419747,-0.4025951,0.1366499,-4.663987,-1.06329,-1.020576,1.081384,7968
38,-20.75577,0,0,-0.2387334,-0.3994696,0.04504682,-4.413172,-1.06329,-1.016326,1.121914,7972
38.02,-27.36493,0,0,-0.2316663,-0.3934248,0.06031401,-4.295019,-1.13077,-1.069042,0.9127842,7976
38.04,-21.61623,0,0,-0.2281242,-0.3890198,0.04504682,-4.891262,-1.06329,-1.028948,1.118525,7976
38.06,-20.73572,0,0,-0.2283765,-0.392721,0.07558119,-4.707722,-1.06329,-1.018145,1.133998,7980
38.08,-21.07999,0,0,-0.2306296,-0.3919556,0.1366499,-4.48867,-1.06329,-1.015435,1.130951,7988
38.1,-21.54638,0,0,-0.2373064,-0.3922174,0.06031401,-4.35925,-1.06329,-1.015999,1.096485,7976
38.12,-21.87002,0,0,-0.2369582,-0.390467,0.1061156,-4.321168,-1.06329,-1.016381,1.088992,7988
38.14,-22.09026,0,0,-0.2341013,-0.387863,0.1213828,-4.337273,-1.06329,-1.016431,1.088095,7988
38.16,-22.24083,0,0,-0.2318806,-0.386064,0.1977187,-4.377585,-1.06329,-1.016572,1.081094,7984
38.18,-28.36387,0,0,-0.227146,-0.3864296,0.1061156,-4.439885,-1.13077,-1.071033,0.8428406,7984
38.2,-22.05685,0,0,-0.2330831,-0.3923188,0.1519171,-5.078328,-1.06329,-1.032307,1.013114,7988
38.22,-20.80655,0,0,-0.2247458,-0.3954889,0.1061156,-4.886414,-1.06329,-1.019519,1.090472,7992
38.24,-21.11759,0,0,-0.2182987,-0.3892059,0.1824515,-4.648701,-1.06329,-1.014571,1.14058,8000
38.26,-27.79363,0,0,-0.2150659,-0.3843524,0.2587874,-4.53935,-1.13077,-1.068023,0.9061038,7988
38.28,-21.99751,0,0,-0.2167165,-0.3835139,0.1671843,-5.133323,-1.06329,-1.028945,1.086462,7980
38.3,-21.01245,0,0,-0.2188196,-0.3895739,0.1366499,-4.936958,-1.06329,-1.018421,1.099285,7988
38.32,-21.31799,0,0,-0.2164205,-0.3868462,0.2282531,-4.710838,-1.06329,-1.014801,1.123931,7988
38.34,-27.84254,0,0,-0.2208854,-0.3878647,0.06031401,-4.585845,-1.13077,-1.069536,0.8588184,7984
38.36,-27.96236,0,0,-0.2135825,-0.3868799,0.1061156,-5.182988,-1.13077,-1.083634,0.8484075,7992
38.38,-20.65854,0,0,-0.218426,-0.3956886,0.06031401,-5.573639,-1.06329,-1.033132,1.065426,7996
38.4,-19.72813,0,0,-0.2152568,-0.3982458,0.01451245,-5.100079,-1.06329,-1.017489,1.145391,7988
38.42,-26.5145,0,0,-0.2158342,-0.3943345,-0.01602192,-4.693792,-1.13077,-1.067563,0.9328673,7996
38.44,-21.18336,0,0,-0.21374,-0.3871369,0.06031401,-5.111019,-1.06329,-1.026699,1.149122,7980
38.46,-26.70225,0,0,-0.2122755,-0.3891683,0.06031401,-4.862427,-1.13077,-1.070338,0.9323279,7996
38.48,-21.0149,0,0,-0.2121128,-0.3869959,0.01451245,-5.248919,-1.06329,-1.027678,1.142597,7988
38.5,-26.57445,0,0,-0.1995129,-0.3840662,0.04504682,-4.97301,-1.13077,-1.068781,0.9794675,8000
38.52,-27.09883,0,0,-0.1998607,-0.3827581,0.1061156,-5.352057,-1.13077,-1.080599,0.937355,8000
38.54,-20.39696,0,0,-0.196474,-0.3837724,0.1519171,-5.661528,-1.06329,-1.028679,1.178759,7984
38.56,-19.92755,0,0,-0.1991377,-0.385753,0.1213828,-5.1816,-1.06329,-1.014531,1.205251,7992
38.58,-20.90433,0,0,-0.2010292,-0.3797561,0.2129859,-4.808301,-1.06329,-1.011105,1.204237,7984
38.6,-27.9319,0,0,-0.2019761,-0.3757566,0.1977187,-4.66434,-1.13077,-1.06603,0.9360765,7984
38.62,-22.34225,0,0,-0.1964312,-0.3710064,0.2129859,-5.29072,-1.06329,-1.02654,1.133547,7980
38.64,-21.49388,0,0,-0.1998038,-0.3769505,0.1519171,-5.134894,-1.06329,-1.016641,1.121568,7992
38.66,-15.83081,0,0,-0.1976524,-0.3721949,0.2129859,-4.942927,-0.9958096,-0.9588442,1.371377,8000
38.68,-28.66205,0,0,-0.203481,-0.3724641,0.1519171,-4.239855,-1.13077,-1.054068,0.8775465,8000
38.7,-23.83664,0,0,-0.2136424,-0.3735096,0.1824515,-5.035648,-1.06329,-1.028031,0.9831753,7976
38.72,-34.51911,0,0,-0.2045823,-0.3837924,0.3198562,-5.1149,-1.19825,-1.128782,0.5472616,7976
38.74,-21.5554,0,0,-0.217203,-0.3977993,0.06031401,-6.197383,-1.06329,-1.047817,0.9319749,7980
38.76,-19.00365,0,0,-0.2186114,-0.411668,-0.03128911,-5.597013,-1.06329,-1.023191,1.04722,7992
38.78,-19.36644,0,0,-0.2349487,-0.4147745,-0.5656406,-4.88736,-1.06329,-1.01679,1.069221,7984
38.8,-26.51653,0,0,-0.2143042,-0.3963635,0.1671843,-4.513465,-1.13077,-1.065872,0.9671013,7956
38.82,-27.32498,0,0,-0.221292,-0.3921696,0.3961921,-4.975256,-1.13077,-1.081601,0.8942719,7992
38.84,-20.37122,0,0,-0.2270735,-0.3986193,-0.107625,-5.344019,-1.06329,-1.032234,1.100342,7984
38.86,-25.661,0,0,-0.2152109,-0.3982506,0.1824515,-4.922698,-1.13077,-1.070667,0.9652969,7984
38.88,-26.27557,0,0,-0.2144607,-0.3947901,0.1671843,-5.179482,-1.13077,-1.081025,0.9515569,7988
38.9,-31.82996,0,0,-0.2050674,-0.3955357,0.1977187,-5.446436,-1.19825,-1.137177,0.7458619,7988
38.92,-24.94341,0,0,-0.2083143,-0.4027858,0.1213828,-6.170871,-1.13077,-1.097897,0.9490677,7992
38.94,-17.17403,0,0,-0.2153632,-0.4129882,0.09084838,-5.92774,-1.06329,-1.031872,1.229197,7988
38.96,-23.39643,0,0,-0.2106217,-0.4078032,0.3351234,-4.994623,-1.13077,-1.066243,1.103192,8012
38.98,-25.08541,0,0,-0.2108938,-0.3956382,0.06031401,-5.003653,-1.13077,-1.076162,1.087889,7992
39,-19.36594,0,0,-0.207606,-0.3874697,0.5946653,-5.188218,-1.06329,-1.024774,1.316461,7992
39.02,-25.3663,0,0,-0.2283957,-0.3976666,-0.1228922,-4.683642,-1.13077,-1.069379,0.9960334,7988
39.04,-32.17039,0,0,-0.2182968,-0.3953683,0.1671843,-4.985425,-1.19825,-1.13477,0.7649697,7980
39.06,-19.40925,0,0,-0.2153419,-0.3965444,0.2129859,-5.871964,-1.06329,-1.042875,1.210588,7996
39.08,-23.73049,0,0,-0.2352525,-0.4158117,0.02977964,-5.121146,-1.13077,-1.074488,0.962685,7984
39.1,-30.36307,0,0,-0.2483134,-0.4247746,-0.3213652,-5.020478,-1.19825,-1.13829,0.6933182,7988
39.12,-23.99174,0,0,-0.2213851,-0.4133348,0.4267263,-5.690022,-1.13077,-1.095639,1.055468,7992
39.14,-22.70231,0,0,-0.2319987,-0.4205714,0.1824515,-5.465627,-1.13077,-1.08507,1.062741,7984
39.16,-16.83484,0,0,-0.2244616,-0.4117581,0.02977964,-5.197503,-1.06329,-1.025384,1.380869,7984
39.18,-17.69252,0,0,-0.2234183,-0.3993088,0.1671843,-4.431069,-1.06329,-1.009301,1.426302,8004
39.2,-19.77991,0,0,-0.2192842,-0.3808186,0.1213828,-4.023577,-1.06329,-1.006152,1.413729,7972
39.22,-27.52944,0,0,-0.2159395,-0.3699393,0.2587874,-3.986262,-1.13077,-1.062397,1.106599,7976
39.24,-22.13713,0,0,-0.2275128,-0.3743993,0.1213828,-4.711964,-1.06329,-1.02732,1.175836,7972
39.26,-21.15322,0,0,-0.2275442,-0.3839291,0.1213828,-4.648461,-1.06329,-1.018174,1.155316,7976
39.28,-33.33975,0,0,-0.2285999,-0.3925177,0.06031401,-4.512653,-1.19825,-1.125099,0.6569544,7976
39.3,-21.16884,0,0,-0.2171893,-0.390252,0.09084838,-5.671986,-1.06329,-1.042962,1.115375,7988
39.32,-19.07014,0,0,-0.2269313,-0.404281,-0.5045714,-5.186198,-1.06329,-1.021096,1.139608,7988
39.34,-25.91275,0,0,-0.1961738,-0.3864174,0.3198562,-4.736763,-1.13077,-1.064104,1.073832,7984
39.36,-27.06931,0,0,-0.2004519,-0.3796135,0.3351234,-5.124639,-1.13077,-1.078074,0.9957532,7984
39.38,-20.5456,0,0,-0.2027924,-0.3823062,0.09084838,-5.490172,-1.06329,-1.028424,1.190488,7988
39.4,-20.10207,0,0,-0.1953207,-0.380357,0.2129859,-5.093423,-1.06329,-1.013562,1.247524,8000
39.42,-21.11403,0,0,-0.196734,-0.3739223,0.2435202,-4.781087,-1.06329,-1.01033,1.231126,7992
39.44,-28.1214,0,0,-0.1996718,-0.3718931,0.2587874,-4.676029,-1.13077,-1.065893,0.9411204,7984
39.46,-28.49604,0,0,-0.1924054,-0.3705001,0.1519171,-5.336607,-1.13077,-1.081043,0.8983653,7976
39.48,-21.35438,0,0,-0.1879734,-0.3752611,0.1213828,-5.821601,-1.06329,-1.030005,1.12738,7984
39.5,-20.51645,0,0,-0.1875285,-0.3794412,0.1519171,-5.421447,-1.06329,-1.015359,1.165911,7988
39.52,-27.31168,0,0,-0.1855284,-0.3760351,0.02977964,-5.080214,-1.13077,-1.065642,0.9444512,8000
39.54,-21.91877,0,0,-0.1889783,-0.3732114,0.02977964,-5.526146,-1.06329,-1.025877,1.123044,8000
39.56,-27.27315,0,0,-0.194877,-0.3814965,0.3503905,-5.268286,-1.13077,-1.070724,0.8739179,7996
39.58,-21.2807,0,0,-0.2114664,-0.3908296,-0.07709067,-5.582778,-1.06329,-1.030312,1.026983,7976
39.6,-20.49717,0,0,-0.203055,-0.390411,-0.0007547362,-5.205646,-1.06329,-1.016717,1.122194,7976
39.62,-21.24096,0,0,-0.1940042,-0.3786777,0.2893218,-4.900329,-1.06329,-1.011422,1.183567,7996
39.64,-22.15114,0,0,-0.1989593,-0.3726017,-0.0007547362,-4.762776,-1.06329,-1.011866,1.143906,7988
39.66,-28.70835,0,0,-0.205044,-0.3751018,0.1977187,-4.754899,-1.13077,-1.068705,0.8465654,7992
39.68,-22.52704,0,0,-0.213437,-0.3824388,0.1671843,-5.382932,-1.06329,-1.031116,1.000265,7992
39.7,-33.22018,0,0,-0.2147228,-0.3973006,0.1977187,-5.181763,-1.19825,-1.129434,0.5534322,7996
39.72,-20.63481,0,0,-0.219135,-0.404078,0.07558119,-6.099522,-1.06329,-1.046031,0.9971899,7984
39.74,-18.52396,0,0,-0.221568,-0.413339,0.06031401,-5.427469,-1.06329,-1.021336,1.106302,7992
39.76,-19.08967,0,0,-0.2495628,-0.4203419,-0.3824344,-4.683893,-1.06329,-1.0172,1.068355,8000
39.78,-26.26643,0,0,-0.2251876,-0.4010106,0.1671843,-4.316922,-1.13077,-1.066228,0.9822356,7988
39.8,-21.09409,0,0,-0.2307728,-0.3928924,0.4267263,-4.784121,-1.06329,-1.027078,1.154221,7988
39.82,-20.56804,0,0,-0.2279207,-0.3917893,-0.03128911,-4.582981,-1.06329,-1.016524,1.178617,8000
39.84,-27.19293,0,0,-0.2209837,-0.3869335,0.1824515,-4.421778,-1.13077,-1.067756,0.9593234,8004
39.86,-21.59008,0,0,-0.2193946,-0.3834702,0.1213828,-4.985133,-1.06329,-1.027715,1.147323,7984
39.88,-20.73998,0,0,-0.2302999,-0.3930998,0.1519171,-4.764412,-1.06329,-1.018637,1.110872,7988
39.9,-33.05019,0,0,-0.2305448,-0.3988124,-0.0007547362,-4.539408,-1.19825,-1.125144,0.6397027,7980
39.92,-26.89627,0,0,-0.2314878,-0.4038323,0.1977187,-5.624426,-1.13077,-1.099343,0.8186327,8004
39.94,-24.4695,0,0,-0.2316836,-0.4184146,-0.2602969,-5.721866,-1.13077,-1.090663,0.8754016,7980
39.96,-17.63913,0,0,-0.2207285,-0.4147281,0.2435202,-5.55969,-1.06329,-1.029661,1.237259,7984
39.98,-23.88398,0,0,-0.2258697,-0.4115024,0.2893218,-4.753115,-1.13077,-1.06769,1.053359,7968
40,-19.28633,0,0,-0.2229962,-0.397442,0.4725278,-4.850619,-1.06329,-1.023355,1.292844,7964
40.02,-19.54862,0,0,-0.2314916,-0.3949385,-0.107625,-4.431821,-1.06329,-1.013572,1.265688,7972
40.04,-20.62667,0,0,-0.2340632,-0.3891048,0.2740546,-4.173245,-1.06329,-1.01223,1.236751,7972
40.06,-21.53558,0,0,-0.2336016,-0.3833987,0.2587874,-4.113802,-1.06329,-1.013064,1.200708,7968
40.08,-22.10958,0,0,-0.2317254,-0.3799828,0.02977964,-4.173898,-1.06329,-1.01432,1.162384,7968
40.1,-22.49443,0,0,-0.2186764,-0.3728846,0.1366499,-4.310114,-1.06329,-1.013821,1.171698,7976
40.12,-28.74294,0,0,-0.2187543,-0.3756318,0.1061156,-4.448821,-1.13077,-1.069709,0.8788968,7980
40.14,-16.44732,0,0,-0.2202325,-0.378444,0.1213828,-5.156469,-0.9958096,-0.9763345,1.287697,7976
40.16,-21.46028,0,0,-0.2198549,-0.3846879,0.1061156,-4.389838,-1.06329,-1.005042,1.101314,7976
40.18,-28.80414,0,0,-0.2251759,-0.3846202,0.1824515,-4.375467,-1.13077,-1.068588,0.8109905,7976
40.2,-28.69161,0,0,-0.2223834,-0.3880481,0.1519171,-5.117091,-1.13077,-1.085857,0.7708773,7964
40.22,-27.09864,0,0,-0.2109905,-0.394544,0.07558119,-5.630342,-1.13077,-1.088074,0.8212353,7976
40.24,-19.69481,0,0,-0.2108681,-0.4009104,0.1213828,-5.802612,-1.06329,-1.032525,1.097681,7976
40.26,-19.13094,0,0,-0.2091731,-0.399774,0.07558119,-5.170068,-1.06329,-1.015621,1.186771,7972
40.28,-20.26868,0,0,-0.2113143,-0.3901233,0.02977964,-4.685745,-1.06329,-1.011181,1.209073,7980
40.3,-21.40866,0,0,-0.2205942,-0.3847311,0.1213828,-4.455883,-1.06329,-1.012403,1.158382,7980
40.32,-22.07296,0,0,-0.2277682,-0.3838906,0.01451245,-4.400236,-1.06329,-1.014819,1.1031,7980
40.34,-28.41277,0,0,-0.2218016,-0.3828319,0.1519171,-4.453723,-1.13077,-1.069891,0.8640792,7980
40.36,-22.18818,0,0,-0.2292585,-0.3890469,0.1061156,-5.104571,-1.06329,-1.031783,1.020033,7972
40.38,-26.855,0,0,-0.2327472,-0.4021168,0.1213828,-4.902333,-1.13077,-1.075704,0.8024145,7964
40.4,-26.55842,0,0,-0.2395301,-0.4110773,0.06031401,-5.215887,-1.13077,-1.08739,0.7825369,7968
40.42,-19.44102,0,0,-0.2271107,-0.4092958,0.1519171,-5.419599,-1.06329,-1.032319,1.120942,7976
40.44,-19.02209,0,0,-0.2181721,-0.4015998,0.1213828,-4.860239,-1.06329,-1.014922,1.23343,7972
40.46,-20.32276,0,0,-0.209806,-0.3848036,0.1061156,-4.471231,-1.06329,-1.00944,1.282732,7976
40.48,-21.61187,0,0,-0.2166361,-0.3769227,0.1366499,-4.331051,-1.06329,-1.010871,1.215453,7980
40.5,-28.28616,0,0,-0.2301262,-0.3831327,0.1213828,-4.339913,-1.13077,-1.069595,0.8683235,7984
40.52,-28.1381,0,0,-0.2300845,-0.3905297,0.09084838,-5.019385,-1.13077,-1.085952,0.8092537,7976
40.54,-20.53574,0,0,-0.2314523,-0.4018146,0.1366499,-5.444392,-1.06329,-1.034977,1.045474,7972
40.56,-19.42074,0,0,-0.2310548,-0.4071952,0.1213828,-4.954798,-1.06329,-1.019244,1.121908,7964
40.58,-26.07701,0,0,-0.2353024,-0.4060216,0.01451245,-4.507765,-1.13077,-1.069455,0.9061117,7984
40.6,-20.69406,0,0,-0.2302672,-0.3974848,0.1519171,-4.891762,-1.06329,-1.027774,1.149255,7980
40.62,-26.21333,0,0,-0.2317115,-0.4000148,0.1366499,-4.608078,-1.13077,-1.071516,0.9282928,7984
40.64,-20.53931,0,0,-0.2300705,-0.3966373,0.1366499,-4.975107,-1.06329,-1.028525,1.152203,7968
40.66,-20.08425,0,0,-0.2219666,-0.3925107,0.1519171,-4.669256,-1.06329,-1.01549,1.215047,7984
40.68,-20.94739,0,0,-0.2164987,-0.3827687,0.04504682,-4.436285,-1.06329,-1.011715,1.231761,7980
40.7,-27.86495,0,0,-0.2171946,-0.3793141,0.1671843,-4.376517,-1.13077,-1.06691,0.9506986,7976
40.72,-22.11546,0,0,-0.2173378,-0.3792196,0.1824515,-5.031846,-1.06329,-1.028432,1.117277,7964
40.74,-27.19341,0,0,-0.2104266,-0.3845206,0.09084838,-4.912293,-1.13077,-1.071659,0.9115556,7980
40.76,-21.25647,0,0,-0.2067509,-0.3834105,0.1366499,-5.348784,-1.06329,-1.028111,1.134385,7984
40.78,-32.56278,0,0,-0.2128655,-0.3948452,0.1519171,-5.034451,-1.19825,-1.126323,0.6530127,7992
40.8,-26.48509,0,0,-0.2112536,-0.398571,0.1061156,-5.963308,-1.13077,-1.097481,0.8581513,7984
40.82,-18.21914,0,0,-0.2316596,-0.4185875,-0.5045714,-5.902247,-1.06329,-1.036337,1.074699,8008
40.84,-17.77107,0,0,-0.2187221,-0.4122172,0.3809245,-5.0531,-1.06329,-1.015047,1.249346,7936
40.86,-19.33454,0,0,-0.2241737,-0.398987,0.7473372,-4.428756,-1.06329,-1.009996,1.26687,7984
40.88,-20.89148,0,0,-0.2262116,-0.3862625,0.1061156,-4.170245,-1.06329,-1.010367,1.242419,7956
40.9,-21.91305,0,0,-0.2286238,-0.3797811,0.1519171,-4.15385,-1.06329,-1.012639,1.186837,7980
40.92,-28.45054,0,0,-0.225103,-0.378819,0.07558119,-4.265111,-1.13077,-1.068879,0.9105506,7976
40.94,-22.33075,0,0,-0.224496,-0.3817066,0.1366499,-4.997124,-1.06329,-1.030315,1.079919,7968
40.96,-27.15451,0,0,-0.2180381,-0.3893549,-0.01602192,-4.888775,-1.13077,-1.073218,0.8799439,7976
40.98,-21.08707,0,0,-0.2132791,-0.3885267,0.1213828,-5.309083,-1.06329,-1.029056,1.118283,7980
41,-20.45429,0,0,-0.205797,-0.3862972,0.09084838,-4.99621,-1.06329,-1.015488,1.184004,7988
41.02,-21.17495,0,0,-0.2095563,-0.3821836,0.07558119,-4.714046,-1.06329,-1.012675,1.17015,7992
41.04,-21.92582,0,0,-0.2140518,-0.3792259,0.1519171,-4.588082,-1.06329,-1.013383,1.132725,7976
41.06,-22.48388,0,0,-0.2056528,-0.3720341,0.1061156,-4.604899,-1.06329,-1.01313,1.141818,7968
41.08,-28.91418,0,0,-0.1987306,-0.3690424,0.1824515,-4.701042,-1.13077,-1.067861,0.8913851,7976
41.1,-28.79236,0,0,-0.2034135,-0.3766541,0.1671843,-5.40424,-1.13077,-1.084392,0.8018472,7968
41.12,-21.14418,0,0,-0.2106678,-0.3917192,0.1824515,-5.83125,-1.06329,-1.034511,1.007678,7968
41.14,-25.96753,0,0,-0.2073151,-0.3998522,0.1519171,-5.35137,-1.13077,-1.073091,0.859073,7964
41.16,-20.2447,0,0,-0.2140351,-0.399637,0.1061156,-5.491497,-1.06329,-1.028781,1.089563,7976
41.18,-13.82717,0,0,-0.2179105,-0.3968037,0.1671843,-4.988432,-0.9958096,-0.961729,1.378062,7988
41.2,-20.99633,0,0,-0.2206347,-0.3876371,0.1519171,-4.003165,-1.06329,-0.9985766,1.181767,7980
41.22,-23.14737,0,0,-0.2203363,-0.3735812,0.5488637,-4.076645,-1.06329,-1.010231,1.129365,7972
41.24,-29.46662,0,0,-0.2338426,-0.381311,-0.1992282,-4.317347,-1.13077,-1.071985,0.7718625,7972
41.26,-22.83357,0,0,-0.2248497,-0.3847629,0.3198562,-5.133579,-1.06329,-1.032818,0.9971387,7976
41.28,-27.29859,0,0,-0.2209013,-0.3949043,0.2129859,-5.022007,-1.13077,-1.075338,0.8072315,7972
41.3,-27.0253,0,0,-0.216547,-0.3978084,0.04504682,-5.407799,-1.13077,-1.085243,0.8257235,7964
41.32,-19.95174,0,0,-0.2113369,-0.3988598,0.2129859,-5.644241,-1.06329,-1.031383,1.115467,7972
41.34,-25.44264,0,0,-0.2080404,-0.3989172,0.1061156,-5.100575,-1.13077,-1.069899,0.9564823,7976
41.36,-20.24229,0,0,-0.2040227,-0.389085,0.09084838,-5.298911,-1.06329,-1.025028,1.206354,7984
41.38,-20.19641,0,0,-0.2044311,-0.3848513,0.1213828,-4.907221,-1.06329,-1.013294,1.228084,7980
41.4,-21.2322,0,0,-0.2025324,-0.3760179,0.06031401,-4.648573,-1.06329,-1.010624,1.225184,7972
41.42,-22.22041,0,0,-0.1992203,-0.3675056,0.09084838,-4.593871,-1.06329,-1.010841,1.200081,7980
41.44,-28.83881,0,0,-0.2030676,-0.3692308,0.09084838,-4.656422,-1.13077,-1.067757,0.890451,7976
41.46,-22.78617,0,0,-0.1985838,-0.3703117,0.1977187,-5.37399,-1.06329,-1.028684,1.078596,7968
41.48,-21.73681,0,0,-0.1855572,-0.3705052,0.1519171,-5.27567,-1.06329,-1.015908,1.14379,7972
41.5,-22.06507,0,0,-0.1898453,-0.3707505,0.2282531,-5.092029,-1.06329,-1.013291,1.11879,7980
41.52,-28.52884,0,0,-0.1959115,-0.374565,0.1213828,-4.992173,-1.13077,-1.068627,0.8373736,7976
41.54,-22.40088,0,0,-0.2086677,-0.3833074,0.09084838,-5.536706,-1.06329,-1.03101,0.9837616,7972
41.56,-21.12242,0,0,-0.213085,-0.3933378,0.09084838,-5.263602,-1.06329,-1.020159,1.016233,7968
41.58,-21.2677,0,0,-0.2131003,-0.3920032,0.1519171,-4.948204,-1.06329,-1.015988,1.060611,7972
41.6,-21.70525,0,0,-0.2217805,-0.3913955,0.1366499,-4.728822,-1.06329,-1.015931,1.044834,7956
41.62,-22.08546,0,0,-0.2190697,-0.3864763,0.07558119,-4.634624,-1.06329,-1.015505,1.066285,7984
41.64,-22.36741,0,0,-0.2195609,-0.3836036,0.1213828,-4.610791,-1.06329,-1.015842,1.059903,7988
41.66,-22.60524,0,0,-0.2096784,-0.3768206,0.06031401,-4.652174,-1.06329,-1.014855,1.091411,7984
41.68,-34.85384,0,0,-0.2044648,-0.377951,0.1213828,-4.733398,-1.19825,-1.123979,0.6082951,7992
41.7,-28.43615,0,0,-0.1928648,-0.3790092,0.1061156,-6.053141,-1.13077,-1.097655,0.8146154,7992
41.72,-25.65436,0,0,-0.208751,-0.4043341,-0.6419765,-6.238108,-1.13077,-1.091646,0.7843409,7996
41.74,-24.49191,0,0,-0.1897293,-0.4044209,0.4419934,-6.123035,-1.13077,-1.084184,0.9478422,7944
41.76,-24.15674,0,0,-0.2068338,-0.4111286,0.1061156,-5.880411,-1.13077,-1.08333,0.9356917,7988
41.78,-18.08403,0,0,-0.2058588,-0.4060691,-0.04655629,-5.678417,-1.06329,-1.026915,1.239511,7972
41.8,-24.59862,0,0,-0.1969142,-0.3944036,0.2893218,-4.961918,-1.13077,-1.064511,1.101948,7992
41.82,-20.04798,0,0,-0.205474,-0.3850574,0.2282531,-5.118104,-1.06329,-1.022595,1.268459,7992
41.84,-26.12576,0,0,-0.2202146,-0.3917959,0.1213828,-4.730233,-1.13077,-1.069047,0.9680029,7992
41.86,-20.69435,0,0,-0.2177812,-0.3884643,0.07558119,-5.08515,-1.06329,-1.026846,1.182277,7988
41.88,-20.29552,0,0,-0.2166369,-0.3882606,0.2129859,-4.776427,-1.06329,-1.015275,1.204362,7992
41.9,-21.04246,0,0,-0.219442,-0.384683,0.09084838,-4.522702,-1.06329,-1.012966,1.186108,7984
41.92,-21.8034,0,0,-0.2199041,-0.3801777,0.07558119,-4.429464,-1.06329,-1.01327,1.159816,7984
41.94,-22.34686,0,0,-0.2160424,-0.3754496,0.1366499,-4.457067,-1.06329,-1.013781,1.142244,7992
41.96,-28.68734,0,0,-0.2132893,-0.3759188,0.06031401,-4.54638,-1.13077,-1.069237,0.874374,7988
41.98,-34.43223,0,0,-0.2233508,-0.3906138,0.1213828,-5.225763,-1.19825,-1.141142,0.5287399,8000
42,-26.33146,0,0,-0.2316693,-0.4127731,0.1366499,-6.224938,-1.13077,-1.105804,0.7167727,7996
42.02,-17.50054,0,0,-0.2283607,-0.4263841,0.09084838,-6.065071,-1.06329,-1.037369,1.086239,8000
42.04,-17.00273,0,0,-0.2420672,-0.4302854,0.09084838,-5.020664,-1.06329,-1.017814,1.170827,7988
42.06,-18.5375,0,0,-0.2438111,-0.4158317,0.09084838,-4.267466,-1.06329,-1.011658,1.241122,7988
42.08,-26.28152,0,0,-0.2340443,-0.3968242,0.3351234,-3.959575,-1.13077,-1.064264,1.047608,7988
42.1,-21.24026,0,0,-0.2362654,-0.3884085,0.06031401,-4.53309,-1.06329,-1.026344,1.20319,7980
42.12,-20.72892,0,0,-0.2282101,-0.3861393,0.09084838,-4.4309,-1.06329,-1.015772,1.225858,8000
42.14,-21.26731,0,0,-0.229294,-0.3840177,0.1977187,-4.309144,-1.06329,-1.013883,1.194272,7996
42.16,-27.85795,0,0,-0.2273629,-0.3836331,0.06031401,-4.295159,-1.13077,-1.068724,0.9262494,7992
42.18,-27.87594,0,0,-0.2335812,-0.3915109,0.1824515,-4.935932,-1.13077,-1.08536,0.8340852,7984
42.2,-20.40749,0,0,-0.2320967,-0.4009313,0.1519171,-5.359795,-1.06329,-1.034207,1.077192,7976
42.22,-31.40555,0,0,-0.2315014,-0.4113972,0.1213828,-4.896649,-1.19825,-1.128066,0.6632563,7984
42.24,-19.44747,0,0,-0.2346366,-0.4118406,0.04504682,-5.675892,-1.06329,-1.043658,1.11143,7988
42.26,-23.84677,0,0,-0.2384627,-0.4206223,0.02977964,-4.979785,-1.13077,-1.07441,0.9548523,7992
42.28,-18.47194,0,0,-0.2531547,-0.4214015,-0.5045714,-4.910368,-1.06329,-1.029207,1.162282,8004
42.3,-18.64174,0,0,-0.2329403,-0.4054157,0.1824515,-4.375972,-1.06329,-1.013109,1.312134,7988
42.32,-26.07112,0,0,-0.2385713,-0.3969274,0.3351234,-4.033478,-1.13077,-1.06557,1.038395,7996
42.34,-32.92047,0,0,-0.2423127,-0.3985836,-0.03128911,-4.556322,-1.19825,-1.136694,0.7115966,7980
42.36,-19.70833,0,0,-0.2375673,-0.4038521,0.1671843,-5.598358,-1.06329,-1.046067,1.156919,7992
42.38,-29.76191,0,0,-0.2386952,-0.4192846,0.1213828,-4.96259,-1.19825,-1.12948,0.7524025,7988
42.4,-24.08503,0,0,-0.2442826,-0.4226004,0.1977187,-5.52871,-1.13077,-1.097056,0.9589025,8000
42.42,-16.59511,0,0,-0.2513925,-0.4296187,-0.04655629,-5.303719,-1.06329,-1.033025,1.240642,8000
42.44,-28.82945,0,0,-0.2457428,-0.4260546,0.09084838,-4.420844,-1.19825,-1.122691,0.8758787,7992
42.46,-24.0814,0,0,-0.2503646,-0.4190524,0.1671843,-5.052855,-1.13077,-1.093471,1.0551,7992
42.48,-23.00909,0,0,-0.243935,-0.4191818,0.1366499,-5.013856,-1.13077,-1.084406,1.111759,7984
42.5,-23.08269,0,0,-0.2360167,-0.4134033,0.1061156,-4.901299,-1.13077,-1.080483,1.162663,7996
42.52,-17.43079,0,0,-0.2366552,-0.4068605,0.02977964,-4.827939,-1.06329,-1.025229,1.397274,7988
42.54,-18.11777,0,0,-0.2278077,-0.3942705,0.1977187,-4.23429,-1.06329,-1.009603,1.448965,8004
42.56,-26.02784,0,0,-0.2225017,-0.3806434,0.06031401,-3.934314,-1.13077,-1.061353,1.181539,7984
42.58,-21.23789,0,0,-0.2251977,-0.3750458,0.1061156,-4.526989,-1.06329,-1.023864,1.294767,7980
42.6,-20.91212,0,0,-0.216109,-0.3739288,0.1366499,-4.465136,-1.06329,-1.013729,1.290443,7980
42.62,-21.55642,0,0,-0.2173098,-0.3731967,0.09084838,-4.388515,-1.06329,-1.0124,1.233208,7968
42.64,-28.11507,0,0,-0.2237768,-0.3788974,0.1366499,-4.391518,-1.13077,-1.068907,0.9123817,7976
42.66,-34.01009,0,0,-0.2321343,-0.3935475,0.06031401,-5.038367,-1.19825,-1.140754,0.5688089,7968
42.68,-20.02968,0,0,-0.2398071,-0.4120428,0.02977964,-6.026764,-1.06329,-1.050734,0.9935619,7972
42.7,-29.6594,0,0,-0.233214,-0.426844,0.07558119,-5.2938,-1.19825,-1.13145,0.6723812,7968
42.72,-23.97245,0,0,-0.2313859,-0.423815,0.07558119,-5.772893,-1.13077,-1.09645,0.9448676,7992
42.74,-22.7372,0,0,-0.2289805,-0.4245041,0.02977964,-5.523851,-1.13077,-1.085106,1.037212,7980
42.76,-16.80028,0,0,-0.235274,-0.4203923,0.04504682,-5.208438,-1.06329,-1.027254,1.309141,7972
42.78,-17.47558,0,0,-0.2368464,-0.410387,0.1061156,-4.394248,-1.06329,-1.01147,1.366202,7976
42.8,-25.47596,0,0,-0.2281384,-0.3922603,0.2740546,-3.954328,-1.13077,-1.061831,1.154678,7968
42.82,-20.88869,0,0,-0.2262228,-0.3800878,0.1671843,-4.477221,-1.06329,-1.023109,1.308709,7968
42.84,-20.53881,0,0,-0.2445439,-0.3906548,0.1213828,-4.315183,-1.06329,-1.016979,1.195064,7976
42.86,-21.02313,0,0,-0.23603,-0.3874401,0.09084838,-4.191957,-1.06329,-1.014255,1.20992,7964
42.88,-21.61354,0,0,-0.2360182,-0.3847167,0.1824515,-4.160383,-1.06329,-1.014396,1.174764,7980
42.9,-28.02281,0,0,-0.236638,-0.3869708,0.1824515,-4.204868,-1.13077,-1.0702,0.8928205,7988
42.92,-21.88098,0,0,-0.2368388,-0.3903978,0.07558119,-4.875865,-1.06329,-1.031233,1.072362,7980
42.94,-20.73413,0,0,-0.229991,-0.3941187,0.1977187,-4.719257,-1.06329,-1.019047,1.125409,7984
42.96,-26.94774,0,0,-0.2390988,-0.4003073,0.07558119,-4.47818,-1.13077,-1.071497,0.8573927,8004
42.98,-21.075,0,0,-0.2347233,-0.397993,0.1213828,-4.950123,-1.06329,-1.030139,1.093923,7972
43,-26.28929,0,0,-0.2313633,-0.4013097,0.1671843,-4.68653,-1.13077,-1.072633,0.9036255,7976
43.02,-20.3948,0,0,-0.2426496,-0.405508,0.1061156,-4.99961,-1.06329,-1.03092,1.083243,7964
43.04,-25.7341,0,0,-0.2367632,-0.4074429,0.1824515,-4.63251,-1.13077,-1.072464,0.9197638,7976
43.06,-20.0866,0,0,-0.2398195,-0.4049524,0.04504682,-4.91271,-1.06329,-1.02924,1.13917,7972
43.08,-19.74534,0,0,-0.2254478,-0.3962978,0.1824515,-4.568761,-1.06329,-1.014993,1.240171,7976
43.1,-26.73678,0,0,-0.2236806,-0.3892176,0.1061156,-4.319423,-1.13077,-1.066385,0.999082,7976
43.12,-21.35871,0,0,-0.2251609,-0.3854817,0.02977964,-4.853434,-1.06329,-1.027188,1.168664,7964
43.14,-20.66908,0,0,-0.2281998,-0.3903409,0.09084838,-4.658021,-1.06329,-1.017338,1.159608,7972
43.16,-33.15326,0,0,-0.2239941,-0.3922484,0.1061156,-4.480421,-1.19825,-1.123482,0.691848,7972
43.18,-21.07835,0,0,-0.2287099,-0.3958886,0.1671843,-5.599476,-1.06329,-1.044013,1.077016,7984
43.2,-24.95629,0,0,-0.2301871,-0.4099694,-0.519839,-5.123582,-1.13077,-1.07597,0.9044155,7968
43.22,-25.43009,0,0,-0.2068692,-0.3977019,0.304589,-5.258596,-1.13077,-1.079879,1.022237,7980
43.24,-19.15576,0,0,-0.2225968,-0.4011063,0.2893218,-5.350856,-1.06329,-1.028909,1.196462,7976
43.26,-25.03772,0,0,-0.2188563,-0.4002337,0.01451245,-4.792545,-1.13077,-1.068665,1.020832,7972
43.28,-20.028,0,0,-0.2130746,-0.3891674,0.4267263,-5.026117,-1.06329,-1.024279,1.2599,7972
43.3,-25.99795,0,0,-0.2223455,-0.3930461,0.06031401,-4.659219,-1.13077,-1.069082,0.9867085,7968
43.32,-26.60745,0,0,-0.2198583,-0.391727,0.1519171,-5.024598,-1.13077,-1.081318,0.9569379,7964
43.34,-25.91378,0,0,-0.2197482,-0.3973216,0.1519171,-5.330607,-1.13077,-1.084671,0.9426924,7968
43.36,-19.07506,0,0,-0.2230693,-0.4027276,0.1213828,-5.446699,-1.06329,-1.030638,1.182779,7964
43.38,-18.71684,0,0,-0.2312158,-0.4062951,0.07558119,-4.806959,-1.06329,-1.01614,1.209665,7972
43.4,-19.83694,0,0,-0.2342472,-0.3990681,0.02977964,-4.334508,-1.06329,-1.012431,1.221702,7984
43.42,-21.03859,0,0,-0.2295137,-0.3870125,0.1061156,-4.149036,-1.06329,-1.011651,1.227804,7992
43.44,-21.894,0,0,-0.2317427,-0.381578,-0.0007547362,-4.145601,-1.06329,-1.013391,1.175792,7984
43.46,-22.38328,0,0,-0.2249416,-0.3763629,0.07558119,-4.251253,-1.06329,-1.014151,1.158459,7976
43.48,-22.59829,0,0,-0.2269883,-0.3776178,0.09084838,-4.367759,-1.06329,-1.015828,1.103357,7968
43.5,-22.5862,0,0,-0.2295527,-0.3816542,0.07558119,-4.459817,-1.06329,-1.017248,1.060071,7976
43.52,-22.43517,0,0,-0.2348978,-0.3877371,0.06031401,-4.503682,-1.06329,-1.018517,1.021241,7972
43.54,-22.2292,0,0,-0.2392328,-0.3931521,0.06031401,-4.503304,-1.06329,-1.019177,1.002933,7976
43.56,-28.14409,0,0,-0.2313278,-0.3936231,0.2129859,-4.508402,-1.13077,-1.072396,0.8044608,7972
43.58,-21.85533,0,0,-0.2306304,-0.3947394,0.09084838,-5.105988,-1.06329,-1.031933,1.021192,7976
43.6,-20.76835,0,0,-0.217672,-0.3927979,0.09084838,-4.903314,-1.06329,-1.018157,1.121163,7984
43.62,-27.19494,0,0,-0.2173654,-0.3907936,0.1671843,-4.665918,-1.13077,-1.068986,0.8968095,7988
43.64,-27.43798,0,0,-0.2262914,-0.3958037,0.1061156,-5.133994,-1.13077,-1.084534,0.8239792,7968
43.66,-26.28913,0,0,-0.2184949,-0.400874,0.1977187,-5.490275,-1.13077,-1.086807,0.8672488,7960
43.68,-25.14567,0,0,-0.2282434,-0.4129418,0.1061156,-5.582028,-1.13077,-1.08762,0.8607758,7964
43.7,-30.30118,0,0,-0.2319931,-0.42313,0.06031401,-5.518233,-1.19825,-1.141224,0.6631137,7964
43.72,-29.553,0,0,-0.227774,-0.4271941,0.2282531,-6.004992,-1.19825,-1.153326,0.7150964,7972
43.74,-27.8575,0,0,-0.2315273,-0.4376877,0.09084838,-6.241009,-1.19825,-1.155132,0.7660908,7968
43.76,-14.50768,0,0,-0.2286912,-0.4365758,0.06031401,-6.217623,-1.06329,-1.043209,1.351689,7980
43.78,-14.39294,0,0,-0.2329942,-0.4284316,0.1519171,-4.838645,-1.06329,-1.011651,1.477179,7992
43.8,-17.33669,0,0,-0.2190191,-0.3956741,0.6099325,-3.950009,-1.06329,-1.001752,1.56819,7984
43.82,-26.28241,0,0,-0.2117504,-0.3700051,0.09084838,-3.69491,-1.13077,-1.056489,1.279587,7976
43.84,-21.9408,0,0,-0.2065382,-0.3568121,0.1671843,-4.449129,-1.06329,-1.020182,1.383441,7988
43.86,-21.70967,0,0,-0.2018949,-0.3581747,-0.01602192,-4.531027,-1.06329,-1.012262,1.316364,7988
43.88,-28.12839,0,0,-0.2165911,-0.3712775,-0.01602192,-4.52757,-1.13077,-1.068612,0.9366318,7992
43.9,-28.07475,0,0,-0.2162493,-0.3809518,0.1213828,-5.171457,-1.13077,-1.08426,0.8623028,7984
43.92,-20.73035,0,0,-0.2061217,-0.3863122,0.07558119,-5.613719,-1.06329,-1.031571,1.131518,7996
43.94,-25.9841,0,0,-0.19629,-0.3875655,0.2129859,-5.196665,-1.13077,-1.069507,0.9772594,7992
43.96,-20.5582,0,0,-0.2035528,-0.3863719,0.1061156,-5.423564,-1.06329,-1.026287,1.1649,7984
43.98,-20.35015,0,0,-0.195623,-0.3811923,0.1824515,-5.048166,-1.06329,-1.013229,1.227538,7976
44,-27.39182,0,0,-0.1919467,-0.374045,0.3656577,-4.795446,-1.13077,-1.06459,0.9911391,7988
44.02,-22.08235,0,0,-0.190026,-0.3683879,0.06031401,-5.341846,-1.06329,-1.024947,1.170552,7976
44.04,-27.49726,0,0,-0.1897336,-0.3738168,0.2893218,-5.177887,-1.13077,-1.069437,0.9257618,8000
44.06,-21.67604,0,0,-0.1899685,-0.3745121,0.1213828,-5.607995,-1.06329,-1.027064,1.123825,7988
44.08,-26.96347,0,0,-0.1977337,-0.3846626,0.1213828,-5.289695,-1.13077,-1.071112,0.8742551,7996
44.1,-21.17023,0,0,-0.1961814,-0.3836176,0.1366499,-5.60708,-1.06329,-1.027611,1.108473,7980
44.12,-20.64393,0,0,-0.1950205,-0.3833814,0.09084838,-5.235751,-1.06329,-1.015115,1.153131,7984
44.14,-33.44844,0,0,-0.1919596,-0.3812119,0.1671843,-4.956012,-1.19825,-1.120782,0.6932008,7996
44.16,-27.70388,0,0,-0.1885113,-0.3802229,0.04504682,-6.06989,-1.13077,-1.094977,0.8709785,7984
44.18,-19.48012,0,0,-0.1925897,-0.3925167,0.1061156,-6.213398,-1.06329,-1.033038,1.125795,7992
44.2,-6.698406,0,0,-0.2174742,-0.4016903,-0.6114421,-5.389962,-0.9283295,-0.9086659,1.591314,8000
44.22,-26.50939,0,0,-0.203205,-0.3840407,0.2740546,-3.602307,-1.13077,-1.035744,1.046479,7996
44.24,-30.12016,0,0,-0.2067723,-0.3652127,0.3656577,-4.413063,-1.13077,-1.073805,0.8984255,7980
44.26,-35.49503,0,0,-0.1651634,-0.3529777,2.90001,-5.448583,-1.19825,-1.134896,0.7400301,7976
44.28,1.900185,0,0,-0.1276522,-0.3299928,-0.7488468,-6.755273,-0.7933693,-0.8190423,2.245491,7972
44.3,-87.61446,0,0,-0.1499109,-0.3712713,0.1213828,-3.88067,-1.805569,-1.558227,-1.337445,7964
44.32,0.2538147,0,0,-0.1571011,-0.3663214,-1.481671,-10.89741,-0.7933693,-0.9411482,1.762627,8020
44.34,-103.0016,0,0,-0.007778555,-0.3839027,5.464896,-7.21519,-2.075489,-1.784041,-1.704251,7952
44.36,-305.346,0,0,0.09496456,-0.4449094,4.747338,-15.69607,-4.30233,-3.80415,-9.744364,8056
44.38,-313.1517,0,0,0.09931646,-0.7586511,-8.870986,-41.85093,-4.707209,-4.670825,-12.13311,8160
44.4,-467.837,0,0,-0.1352999,-1.533499,-26.50458,-59.5211,-7.27145,-6.960114,-21.24653,8188
44.42,-282.9416,0,0,-0.9538349,-2.622835,-46.41298,-84.25441,-6.191769,-6.711871,-18.749,8320
44.44,-201.1682,0,0,-2.00718,-3.893024,-62.32138,-78.66991,-6.596649,-6.938365,-18.51152,8272
44.46,-151.4278,0,0,-3.445606,-5.037611,-87.49696,-62.15707,-6.93405,-7.265522,-18.19852,8300
44.48,-116.7006,0,0,-4.920322,-6.00016,-86.19925,-41.54046,-7.27145,-7.62037,-17.19149,8344
44.5,-83.40363,0,0,-6.40346,-6.836955,-58.7336,-19.74227,-7.541368,-7.934531,-15.65509,8328
44.52,-36.59,0,0,-6.33066,-6.725005,35.26643,-1.661917,-7.473888,-7.741745,-6.425739,8356
44.54,304.9327,0,0,-5.661726,-5.803917,38.85422,13.61323,-3.762489,-4.452722,16.34801,8364
44.56,274.4435,0,0,-4.725694,-4.419281,42.45728,55.44278,-3.695009,-3.342887,25.71425,8128
44.58,-339.8299,0,0,-3.70252,-2.908167,55.67866,76.35321,-9.228369,-7.486529,9.715171,8128
44.6,89.39479,0,0,-2.113198,-1.293329,83.03745,23.62537,-3.357609,-3.811368,30.0977,8456
44.62,-464.9846,0,0,-0.3129898,-0.4663337,87.92294,25.6891,-9.633249,-7.808466,11.3864,8088
44.64,-491.4792,0,0,0.8755633,0.155304,65.32751,-32.68665,-9.228369,-8.579054,8.497276,8468
44.66,-415.9948,0,0,0.8241939,-0.5767066,-19.13053,-74.38807,-9.093409,-8.809898,2.531133,8456
44.68,-348.7247,0,0,-0.3580369,-2.143365,-49.69543,-91.00461,-9.295849,-9.198818,-5.210784,8436
44.7,260.1844,0,0,-1.433642,-3.31362,-52.9168,-91.13285,-3.357609,-4.520041,13.50012,8436
44.72,304.0733,0,0,-2.482359,-3.915644,-60.53512,-26.19395,-3.290129,-3.191664,16.44911,8092
44.74,-48.10654,0,0,-3.977135,-4.0551,-79.89391,25.67016,-6.259249,-5.390858,3.589966,8104
44.76,115.3432,0,0,-5.494544,-4.274429,-67.64964,29.12489,-3.695009,-4.127106,6.843231,8272
44.78,131.7629,0,0,-6.550747,-4.771778,11.93818,51.01785,-3.695009,-3.892782,5.415874,8132
44.8,-450.7473,0,0,-4.959379,-3.986506,55.03743,62.45837,-9.90317,-8.563361,-7.485379,8120
44.82,-469.4116,0,0,-3.862775,-3.293718,48.13667,7.781238,-9.83569,-9.667131,-6.032384,8488
44.84,-435.3692,0,0,-2.576354,-3.199458,68.93056,-34.44783,-10.44301,-10.29093,-4.151297,8468
44.86,-230.2105,0,0,-0.7931932,-2.740444,78.6405,-64.01765,-8.958448,-8.966532,8.498817,8504
44.88,-186.4379,0,0,-0.6385403,-2.79068,-10.97786,-63.55843,-8.958448,-8.584499,9.686205,8452
44.9,320.5978,0,0,-1.856995,-3.209212,-78.15345,-54.88768,-3.357609,-4.116417,24.96499,8448
44.92,310.7075,0,0,-3.327677,-3.696861,-79.6649,6.475909,-3.357609,-3.078037,22.74625,8104
44.94,63.76921,0,0,-4.5875,-3.705691,-66.00078,49.91901,-4.977129,-4.288691,13.12035,8112
44.96,-10.48572,0,0,-5.74036,-3.847022,-8.932055,57.09476,-4.977129,-4.825348,7.211139,8208
44.98,-469.4545,0,0,-4.540587,-3.388106,52.1672,50.60986,-9.90317,-8.793851,-5.806281,8192
45,-326.5253,0,0,-3.442932,-2.957622,52.36568,-3.264449,-8.35113,-8.498095,0.5701635,8484
45.02,203.2582,0,0,-2.528484,-2.80747,43.1443,-26.95881,-3.357609,-4.242891,21.57944,8396
45.04,231.1848,0,0,-2.257015,-2.592085,3.693903,10.06163,-3.290129,-2.982555,25.22113,8096
45.06,144.9588,0,0,-3.917376,-2.841119,-57.11528,42.09599,-3.357609,-2.997694,17.28758,8116
45.08,203.4057,0,0,-4.962634,-3.028687,-24.39771,57.8377,-2.008009,-2.102436,16.56486,8096
45.1,-397.6505,0,0,-3.211386,-2.109374,96.21301,68.84893,-8.148689,-6.600619,1.469326,8024
45.12,-581.1796,0,0,-1.530704,-1.135258,77.26645,10.16429,-9.565769,-8.849141,-3.093705,8388
45.14,-622.9875,0,0,0.1420553,-0.9332879,74.99164,-52.68789,-10.78041,-10.30246,-5.910807,8484
45.16,-281.2912,0,0,1.005383,-1.278739,36.76262,-101.059,-8.081209,-8.406574,4.110054,8552
45.18,-268.5642,0,0,0.318359,-2.356037,-60.50459,-96.75096,-9.025928,-8.709813,-0.9796901,8380
45.2,-202.4151,0,0,-1.029448,-3.434999,-70.58093,-88.38499,-8.68853,-8.618581,-3.225934,8440
45.22,313.3344,0,0,-2.451391,-4.231971,-73.20689,-71.22834,-3.357609,-4.349511,14.05108,8432
45.24,-128.3063,0,0,-3.868916,-4.90469,-78.03131,-3.769668,-8.41861,-7.364407,-2.481564,8076
45.26,222.3178,0,0,-5.048859,-4.864882,-61.98551,0.4908316,-3.695009,-4.454727,11.59022,8388
45.28,122.3569,0,0,-6.229026,-5.234394,-8.993125,42.00837,-4.977129,-4.815445,7.098316,8128
45.3,61.82275,0,0,-5.26249,-4.25211,37.57178,57.01611,-4.977129,-4.720945,13.68397,8204
45.32,-321.1157,0,0,-4.458129,-3.382889,43.80079,57.94269,-8.68853,-7.645538,3.29472,8196
45.34,-217.3706,0,0,-3.288069,-2.586238,65.06797,16.33537,-7.20397,-7.161674,9.380944,8428
45.36,-282.7446,0,0,-1.843036,-2.102903,75.00691,-5.343484,-8.35113,-7.818518,8.95213,8340
45.38,-148.5359,0,0,-0.7376636,-1.630617,61.31224,-29.5631,-6.93405,-6.752122,15.43351,8400
45.4,-127.2533,0,0,-0.8781113,-1.814134,-42.07711,-31.9169,-6.86657,-6.493404,12.91221,8296
45.42,185.0607,0,0,-2.626864,-2.741575,-73.20689,-26.08053,-3.425089,-3.918919,16.43663,8332
45.44,196.877,0,0,-3.897696,-3.500759,-71.19162,13.31687,-3.357609,-3.29634,13.81272,8104
45.46,-199.4308,0,0,-5.317631,-4.131866,-9.359536,44.66109,-7.27145,-6.4633,-4.3079,8088
45.48,-260.5835,0,0,-4.067851,-3.480844,50.65575,22.16594,-7.541368,-7.318153,-0.4002471,8340
45.5,-91.27481,0,0,-3.016663,-2.964591,55.80079,-2.043543,-5.989328,-6.151721,8.927228,8376
45.52,-179.1966,0,0,-2.317191,-2.68662,33.03743,-3.30338,-7.27145,-6.790933,7.416866,8296
45.54,-96.00616,0,0,-2.225545,-2.566982,-7.512208,-13.31415,-6.259249,-6.163194,10.04846,8344
45.56,175.402,0,0,-3.411363,-3.158542,-61.92444,-8.043799,-3.425089,-3.886445,14.93419,8288
45.58,184.924,0,0,-4.491933,-3.715202,-62.5504,26.18411,-3.357609,-3.329204,13.03792,8096
45.6,144.6381,0,0,-6.000394,-4.229118,6.304591,54.38222,-3.357609,-3.365049,8.387505,8100
45.62,-135.3776,0,0,-4.135081,-3.086275,69.55652,63.85016,-5.92185,-5.14097,8.433782,8092
45.64,-183.9794,0,0,-2.610245,-1.837003,60.15194,37.13299,-5.85437,-5.440217,11.76047,8264
45.66,-221.8677,0,0,-1.595466,-1.260696,39.75499,11.05136,-6.259249,-5.829241,10.44023,8272
45.68,-238.6339,0,0,-1.310755,-1.337677,14.28933,-11.23089,-6.596649,-6.260533,6.49717,8272
45.7,-182.9146,0,0,-1.749266,-1.97101,-49.34428,-26.51814,-6.326729,-6.257745,3.136159,8292
45.72,249.7829,0,0,-3.076077,-2.976005,-69.51223,-26.73488,-2.008009,-2.915361,13.04302,8272
45.74,166.0658,0,0,-4.641509,-3.991812,-84.42826,21.55393,-3.290129,-3.176502,6.360923,8012
45.76,-114.2717,0,0,-5.920545,-4.512604,-71.43589,48.98579,-5.92185,-5.482783,-5.48054,8076
45.78,-43.92792,0,0,-6.010588,-4.485831,31.90765,39.44476,-4.977129,-5.292091,-1.047176,8240
45.8,-103.6498,0,0,-5.158786,-4.134214,36.31987,37.74616,-5.989328,-5.879879,1.378951,8208
45.82,-90.69797,0,0,-4.637615,-3.764821,22.47253,29.00321,-5.92185,-5.896116,4.581495,8256
45.84,10.57214,0,0,-4.036223,-3.365144,19.92292,22.77052,-4.909649,-4.995599,11.09332,8264
45.86,147.1077,0,0,-3.73123,-2.996613,9.831309,28.00892,-3.357609,-3.468002,18.13281,8184
45.88,117.0846,0,0,-3.763026,-2.693755,1.663368,45.26345,-3.357609,-3.098705,17.84882,8096
45.9,54.59897,0,0,-2.825496,-1.809999,49.75499,50.97703,-3.357609,-2.924724,20.04929,8116
45.92,-213.6046,0,0,-1.64574,-0.8707025,54.59469,44.60016,-5.65193,-4.687207,12.97603,8108
45.94,-162.501,0,0,-0.3430319,-0.03541073,72.42676,9.279301,-4.572248,-4.253135,15.91338,8236
45.96,-190.7171,0,0,1.021681,0.5031365,61.12904,-13.27867,-4.909649,-4.34216,15.20159,8168
45.98,-237.3997,0,0,1.739381,0.7048935,27.40384,-33.44951,-5.314529,-4.710353,11.41268,8204
46,-232.1306,0,0,1.408707,0.2339245,-28.76412,-50.80381,-5.314529,-4.950982,5.397418,8216
46.02,-162.5984,0,0,0.1373834,-0.921251,-64.62672,-58.09487,-4.909649,-4.89234,-0.7277565,8216
46.04,18.12316,0,0,-1.353367,-2.208426,-79.05421,-51.18816,-3.425089,-3.815323,-0.5567967,8224
46.06,57.63354,0,0,-3.002669,-3.389481,-89.00842,-23.1906,-3.425089,-3.633185,-3.266243,8120
46.08,-47.60826,0,0,-4.368915,-4.189945,-68.15345,3.634211,-4.707209,-4.682041,-8.634306,8128
46.1,-33.69704,0,0,-4.311655,-4.104509,23.73971,11.04479,-4.572248,-4.722114,-3.583744,8176
46.12,-88.94426,0,0,-3.944013,-3.757028,24.97635,16.29658,-5.314529,-5.209965,-1.180647,8184
46.14,-34.97047,0,0,-3.361608,-3.216077,19.95345,12.5259,-4.707209,-4.739421,5.202506,8220
46.16,84.52055,0,0,-2.712222,-2.598699,22.27406,13.59555,-3.357609,-3.429407,13.72892,8188
46.18,-83.58757,0,0,-2.311148,-2.101054,16.54887,24.90336,-4.977129,-4.368793,9.747751,8132
46.2,-70.31305,0,0,-2.115096,-1.716559,22.3504,14.73569,-4.36981,-4.173311,10.35592,8196
46.22,2.057571,0,0,-0.9565816,-1.035816,47.55651,5.996863,-3.425089,-3.241713,16.61901,8184
46.24,-15.35754,0,0,-0.5865781,-0.6543505,18.85421,6.196509,-3.357609,-2.967253,15.86297,8124
46.26,-44.5981,0,0,-1.113381,-0.8188479,-39.51222,5.870446,-3.357609,-3.059841,10.5335,8120
46.28,-46.91017,0,0,-1.96187,-1.389023,-48.12291,5.109856,-3.290129,-3.198884,4.998065,8100
46.3,-43.88612,0,0,-3.182027,-2.317022,-2.870985,7.967411,-3.425089,-3.511788,-1.094437,8112
46.32,-173.0685,0,0,-1.834668,-1.949862,48.06033,6.623039,-4.977129,-4.58307,0.29357,8108
46.34,-86.02678,0,0,-1.199184,-1.518516,25.57177,-9.163398,-3.96493,-3.969184,5.753588,8204
46.36,-104.8665,0,0,-1.179652,-1.542017,-3.313734,-11.12785,-4.36981,-4.153514,4.066969,8144
46.38,-97.22149,0,0,-1.824703,-1.955951,-45.57328,-12.53613,-4.36981,-4.305025,0.9877144,8160
46.4,-67.24493,0,0,-2.881826,-2.719781,-59.95497,-9.584274,-4.30233,-4.412298,-2.383731,8176
46.42,-42.20317,0,0,-3.749819,-3.432784,-50.50459,-1.866339,-4.36981,-4.540573,-3.839689,8172
46.44,70.74534,0,0,-3.868527,-3.586549,51.37331,6.524009,-3.357609,-3.670983,2.585754,8156
46.46,11.97815,0,0,-3.453478,-3.223015,27.67864,22.40591,-4.03241,-3.853899,5.208331,8124
46.48,66.01129,0,0,-3.00332,-2.575209,5.251155,25.74749,-3.08769,-3.072655,11.36491,8152
46.5,15.43475,0,0,-2.544337,-1.985322,8.396194,31.89554,-3.357609,-3.056216,12.18574,8096
46.52,-52.51457,0,0,-1.382693,-1.062189,62.0298,27.37381,-3.627529,-3.170551,14.20881,8124
46.54,-39.08067,0,0,-0.2001417,-0.1432581,52.67102,13.86978,-3.02021,-2.649684,17.65491,8132
46.56,21.39418,0,0,0.358748,0.3563038,26.2588,4.38774,-2.008009,-1.738867,19.25821,8120
46.58,-13.58773,0,0,0.3323561,0.4126058,-4.962589,4.035234,-2.075489,-1.666503,14.86168,8052
46.6,-36.50074,0,0,-0.05054279,0.1783495,-26.0771,1.280824,-2.008009,-1.734716,9.696743,8048
46.62,-58.14256,0,0,-0.477522,-0.2288981,-19.69542,-1.631701,-2.142969,-1.97079,4.76095,8036
46.64,-55.19784,0,0,0.005458727,-0.1856163,17.96872,-6.969521,-2.075489,-1.916769,5.517251,8028
46.66,-56.41224,0,0,-0.019472,-0.2694382,-6.641978,-10.18649,-2.075489,-1.929254,4.056984,8040
46.68,-52.21357,0,0,-0.5507537,-0.6537588,-29.55802,-10.94682,-2.075489,-2.02488,0.9315721,8036
46.7,-45.83433,0,0,-1.099253,-1.123485,-24.62672,-9.361753,-2.142969,-2.166327,-1.473615,8036
46.72,-28.5093,0,0,-0.9765328,-1.205383,1.846574,-7.816172,-2.075489,-2.087569,0.2872761,8016
46.74,-138.1741,0,0,-0.9176785,-1.220417,1.449628,-5.276923,-3.357609,-3.071828,-3.131131,8040
46.76,-127.9434,0,0,-0.8616105,-1.227178,3.831308,-14.82313,-3.290129,-3.26424,-2.616095,8096
46.78,-113.9071,0,0,-0.861507,-1.37464,-3.863351,-20.15216,-3.425089,-3.404709,-2.432398,8100
46.8,31.73632,0,0,-1.250525,-1.660492,-24.0771,-21.00876,-2.075489,-2.372071,1.851793,8120
46.82,52.35324,0,0,-1.958711,-2.072244,-40.26031,-4.742224,-2.075489,-2.144837,1.274496,8036
46.84,48.61928,0,0,-2.853893,-2.456946,-46.73359,10.8517,-2.075489,-2.16136,-0.2264211,8028
46.86,20.54845,0,0,-3.259548,-2.596774,27.83132,22.13288,-2.345409,-2.388804,-0.60992,8048
46.88,-27.74293,0,0,-2.248101,-1.94195,43.34277,24.01448,-2.75029,-2.589546,3.872673,8044
46.9,-70.99197,0,0,-1.3747,-1.211621,40.93056,17.67754,-3.02021,-2.765053,6.230027,8084
46.92,-2.916031,0,0,-0.4721805,-0.5136513,40.51834,6.364256,-2.075489,-1.978676,11.66761,8096
46.94,-16.95691,0,0,-0.0004665405,-0.1125189,17.19009,4.122346,-2.075489,-1.774209,11.6037,8032
46.96,-40.02956,0,0,-0.1507686,-0.09312788,-12.39771,1.456822,-2.075489,-1.818436,8.321233,8064
46.98,-132.1979,0,0,-0.7238639,-0.5124793,-33.90916,-1.166655,-3.02021,-2.729261,0.3728497,8068
47,-34.76138,0,0,-1.383045,-1.115091,-11.02366,-10.16987,-2.075489,-2.306778,-0.2838469,8096
47.02,-8.724197,0,0,-0.8279543,-1.114508,18.36566,-7.631611,-2.075489,-2.058079,3.1469,8044
47.04,-11.95346,0,0,-0.7895229,-1.033163,-5.49694,-3.409213,-2.075489,-1.971501,3.802415,8048
47.06,-17.59426,0,0,-1.298029,-1.220177,-30.09237,0.4682293,-2.075489,-2.029051,1.740901,8048
47.08,-9.782669,0,0,-1.703273,-1.458874,-10.29083,3.690916,-2.008009,-2.036519,0.723943,8040
47.1,-22.8598,0,0,-0.4165408,-0.7808502,43.86186,3.122799,-2.075489,-1.877119,6.622859,8036
47.12,-74.14619,0,0,0.09789111,-0.2616664,19.81605,-0.3030968,-2.412889,-2.080007,6.490456,8032
47.14,-87.54251,0,0,-0.05637558,-0.2386976,-9.481673,-7.551329,-2.412889,-2.223441,3.808469,8072
47.16,-49.46181,0,0,-0.5513898,-0.6189799,-28.15344,-12.34328,-2.075489,-2.090146,1.612947,8064
47.18,-31.9148,0,0,-1.037527,-1.089306,-24.04657,-10.18637,-2.075489,-2.106725,-0.3015296,8028
47.2,-51.36755,0,0,-1.16347,-1.311133,0.02977964,-6.472953,-2.412889,-2.361409,-1.078342,8032
47.22,-52.93509,0,0,-1.06457,-1.298452,5.235888,-6.159731,-2.48037,-2.438071,-0.01572001,8052
47.24,-47.72501,0,0,-1.001662,-1.251428,3.724437,-6.283316,-2.48037,-2.433239,0.9434537,8052
47.26,-43.02135,0,0,-1.087833,-1.276729,-2.458771,-5.610046,-2.48037,-2.435464,1.123871,8060
47.28,-27.61323,0,0,-1.089376,-1.265747,-0.6572433,-4.654777,-2.345409,-2.315399,2.138582,8060
47.3,-32.42489,0,0,-1.127795,-1.25812,-1.664878,-2.357973,-2.412889,-2.335114,2.228352,8076
47.32,-41.04439,0,0,-1.065812,-1.189678,2.289322,-1.493927,-2.48037,-2.381625,2.528188,8060
47.34,-32.09859,0,0,-0.9077598,-1.06084,8.167186,-2.243881,-2.345409,-2.263744,3.704448,8072
47.36,-35.6954,0,0,-0.757102,-0.931951,7.190088,-2.307706,-2.345409,-2.219307,4.185053,8072
47.38,-40.79435,0,0,-0.7842633,-0.9011495,-0.6877776,-2.68916,-2.345409,-2.226709,3.653471,8048
47.4,-49.5591,0,0,-0.789903,-0.9061375,0.7015356,-3.46447,-2.412889,-2.294588,2.997818,8048
47.42,-50.22704,0,0,-0.7686121,-0.9157962,1.129017,-4.928383,-2.412889,-2.315633,2.755522,8064
47.44,-49.04407,0,0,-0.7339174,-0.9245393,0.1671843,-6.066618,-2.412889,-2.319087,2.686859,8076
47.46,-47.37219,0,0,-0.7831425,-0.9729767,-1.115259,-6.56587,-2.412889,-2.328838,2.346541,8064
47.48,-46.053,0,0,-0.738036,-0.9737516,1.281688,-6.837669,-2.412889,-2.322226,2.535002,8048
47.5,-45.55303,0,0,-0.7461995,-0.9819734,0.5793981,-6.862276,-2.412889,-2.32118,2.492279,8044
47.52,-39.2957,0,0,-0.7520621,-0.9856036,-0.550373,-6.802474,-2.345409,-2.266519,2.71692,8044
47.54,-45.45961,0,0,-0.7582272,-0.9879944,0.04504682,-6.116861,-2.412889,-2.306773,2.495416,8052
47.56,-40.48063,0,0,-0.7750121,-0.9890041,-0.3060985,-6.229933,-2.345409,-2.265825,2.640354,8052
47.58,-46.4007,0,0,-0.7731704,-0.98953,-0.3519,-5.812272,-2.412889,-2.308947,2.437412,8048
47.6,-53.18388,0,0,-0.7608187,-0.9834328,0.5641309,-6.173655,-2.48037,-2.373891,2.215119,8052
47.62,-46.28165,0,0,-0.7728697,-0.9953053,0.09084838,-7.063482,-2.412889,-2.339093,2.352895,8048
47.64,-50.29792,0,0,-0.7609996,-1.005226,-0.107625,-6.992511,-2.48037,-2.380728,2.224059,8048
47.66,-49.51273,0,0,-0.7861359,-1.024683,-0.7030448,-7.277435,-2.48037,-2.394143,2.145045,8036
47.68,-42.08285,0,0,-0.7620913,-1.019649,0.1061156,-7.440924,-2.412889,-2.336594,2.57078,8056
47.7,-41.51869,0,0,-0.7655202,-1.016606,0.304589,-6.789585,-2.412889,-2.319967,2.654398,8036
47.72,-36.58786,0,0,-0.7700285,-1.004256,-0.5656406,-6.280503,-2.345409,-2.261172,2.920998,8052
47.74,-38.09075,0,0,-0.7661095,-0.9857392,0.3809245,-5.457737,-2.345409,-2.2456,2.965306,8056
47.76,-46.49885,0,0,-0.7704971,-0.9721659,0.1366499,-5.062799,-2.412889,-2.299402,2.651725,8068
47.78,-48.13097,0,0,-0.747977,-0.9543403,1.251154,-5.719223,-2.412889,-2.313671,2.62316,8060
47.8,-47.87418,0,0,-0.7408243,-0.9551027,0.8389403,-6.349152,-2.412889,-2.319137,2.544576,8052
47.82,-46.96622,0,0,-0.7588639,-0.9753942,-0.3519,-6.692805,-2.412889,-2.324291,2.404686,8040
47.84,-46.19014,0,0,-0.7344423,-0.9746014,0.2129859,-6.890721,-2.412889,-2.320931,2.505781,8044
47.86,-45.77696,0,0,-0.7457055,-0.9831318,0.1366499,-6.912933,-2.412889,-2.321494,2.454584,8052
47.88,-51.45086,0,0,-0.7525607,-0.9932514,-0.1228922,-6.869713,-2.48037,-2.376665,2.20022,8060
47.9,-74.99355,0,0,-0.7463779,-1.008682,0.8236728,-7.453175,-2.75029,-2.608505,1.258702,8064
47.92,12.18355,0,0,-0.7722401,-1.013922,-0.8709843,-10.0598,-1.805569,-1.907339,4.453797,8064
47.94,-6.882805,0,0,-0.9587759,-1.110222,-6.79465,-2.474125,-2.075489,-1.957305,3.298921,8024
47.96,-78.93335,0,0,-0.9500721,-1.066716,9.23589,0.6015774,-2.75029,-2.512362,1.08779,8028
47.98,-21.66972,0,0,-0.4579541,-0.7462596,19.48017,-5.964069,-2.008009,-1.994621,5.362336,8060
48,57.08521,0,0,-0.400448,-0.6140099,-1.298465,-4.74632,-1.13077,-1.158218,8.361557,8032
48.02,-2.058945,0,0,-0.7583919,-0.712621,-15.26793,4.931211,-1.670609,-1.444556,4.687356,7984
48.04,22.55246,0,0,-0.5007056,-0.4777091,29.84658,4.754327,-1.13077,-1.06169,6.934233,8004
48.06,-56.18256,0,0,0.1625072,-0.03396544,25.26643,5.118049,-1.805569,-1.439453,6.380022,7948
48.08,-23.47962,0,0,0.2012626,0.1323227,-1.802282,-2.839806,-1.19825,-1.106655,6.462579,8012
48.1,33.48405,0,0,0.3042038,0.1761185,1.174818,-5.134492,-0.5234499,-0.4967918,7.755147,7992
48.12,1.399193,0,0,-0.01457508,0.002514966,-17.49694,-0.0615744,-0.7933693,-0.6277976,4.375197,7936
48.14,47.04048,0,0,-0.07494307,-0.01821852,8.014515,0.3566859,-0.1185694,-0.1407384,5.526707,7960
48.16,11.26012,0,0,0.2168982,0.1597188,11.5107,4.415088,-0.3884897,-0.1993753,5.236897,7904
48.18,-45.38969,0,0,0.2421802,0.2601557,5.846576,3.314551,-0.7933693,-0.5758832,2.568318,7936
48.2,8.338884,0,0,0.778946,0.5685742,22.06032,-4.631357,-0.05108929,-0.03009153,5.932235,7952
48.22,-1.282125,0,0,0.7390214,0.5729108,-6.809917,-4.509524,-0.1185694,0.01504901,4.211608,7916
48.24,-9.04982,0,0,0.3241223,0.3332711,-10.58091,-4.256297,-0.1185694,-0.06288143,1.229105,7928
48.26,-48.71457,0,0,0.5911577,0.365396,7.342759,-5.574185,-0.5234499,-0.3743547,0.3254328,7892
48.28,-42.91025,0,0,0.4262478,0.238067,-5.863352,-10.01712,-0.4559698,-0.4405652,-0.9394989,7936
48.3,-33.11411,0,0,0.3971229,0.1051432,-5.985489,-12.26377,-0.4559698,-0.4581596,-1.221679,7924
48.32,7.282909,0,0,0.09764208,-0.1273678,-16.06183,-11.85182,-0.1185694,-0.2208094,-1.050511,7940
48.34,16.30796,0,0,-0.1711549,-0.3317654,-12.94732,-6.647345,-0.1185694,-0.1702944,-1.308678,7920
48.36,22.20779,0,0,-0.2214133,-0.3466175,2.441994,-2.037129,-0.05108929,-0.08288705,-0.3430858,7912
48.38,-25.24257,0,0,-0.06849501,-0.2088181,7.87711,1.17257,-0.5234499,-0.4071958,-0.7286971,7900
48.4,-27.32593,0,0,0.2046982,0.01828623,13.28169,-2.297104,-0.4559698,-0.4065177,0.5346185,7940
48.42,-27.22362,0,0,0.3344637,0.1237489,3.434361,-5.267992,-0.4559698,-0.4034053,0.7247621,7932
48.44,-19.04609,0,0,0.2286673,0.06166237,-2.886252,-6.977396,-0.3884897,-0.3758096,0.1430435,7952
48.46,-27.13832,0,0,0.152145,-0.0328624,-5.619077,-7.06567,-0.5234499,-0.4878726,-0.7205999,7916
48.48,-11.35423,0,0,0.05165007,-0.1271619,-2.62671,-7.614899,-0.3884897,-0.4163658,-0.5849481,7936
48.5,-18.55197,0,0,0.02608762,-0.1808837,-2.260297,-6.287225,-0.5234499,-0.4982948,-0.8045524,7920
48.52,-11.04839,0,0,-0.01559081,-0.2054639,-0.09235785,-5.985925,-0.4559698,-0.4627229,-0.4522554,7944
48.54,-8.907712,0,0,-0.01094265,-0.2013198,-0.7641136,-5.026956,-0.4559698,-0.4445242,-0.09150493,7928
48.56,-3.116084,0,0,0.002994758,-0.1714964,0.1213828,-4.20348,-0.3884897,-0.3784145,0.4513892,7944
48.58,-10.34757,0,0,-0.01059594,-0.1526456,-0.09235785,-3.04663,-0.4559698,-0.4164986,0.3089153,7952
48.6,-18.38776,0,0,-0.007707452,-0.1332596,0.2893218,-3.028371,-0.5234499,-0.4820582,0.09893799,7904
48.62,-12.76198,0,0,0.03685217,-0.1032087,0.9458106,-3.955287,-0.4559698,-0.4398423,0.4827526,7936
48.64,-17.75397,0,0,0.02375197,-0.1121779,-0.107625,-3.984456,-0.5234499,-0.4867709,0.1689839,7936
48.66,-17.36574,0,0,0.01762343,-0.1231565,0.3198562,-4.488781,-0.5234499,-0.5003115,0.1123489,7936
48.68,-15.9913,0,0,0.0270721,-0.1297535,0.01451245,-4.807665,-0.5234499,-0.5011407,0.1756184,7936
48.7,-8.881291,0,0,0.02461431,-0.1346714,0.3198562,-4.865213,-0.4559698,-0.4454774,0.450855,7952
48.72,-14.51676,0,0,0.02157428,-0.1369119,0.04504682,-4.179424,-0.5234499,-0.4840584,0.2809083,7936
48.74,-15.53727,0,0,0.03389635,-0.1240597,0.3503905,-4.326149,-0.5234499,-0.4923925,0.336777,7940
48.76,-39.22791,0,0,0.008651093,-0.1476848,0.6404669,-4.486099,-0.7933693,-0.7178129,-0.7416466,7940
48.78,112.8425,0,0,0.02586265,-0.09367389,0.1671843,-6.874965,0.89363,0.59296,5.281298,7940
48.8,141.5041,0,0,0.01025723,0.003611758,-2.62671,6.978914,1.23103,1.221439,7.230241,7856
48.82,105.039,0,0,0.1509002,0.3556747,10.54887,18.67861,1.23103,1.391576,7.67826,7828
48.84,116.625,0,0,1.10636,1.208139,47.25117,20.03576,1.90583,2.07061,12.60077,7840
48.86,127.426,0,0,1.840419,2.001132,42.22827,19.78522,2.58063,2.802075,15.13259,7804
48.88,95.34255,0,0,2.71779,2.802291,39.72445,17.9581,2.850551,3.217303,15.71617,7744
48.9,193.833,0,0,3.33056,3.464366,32.82368,11.60341,4.60503,4.691226,19.32602,7732
48.92,201.6583,0,0,3.659753,3.886238,15.15956,16.18745,5.27983,5.537585,18.19326,7628
48.94,158.3544,0,0,3.850047,4.224751,14.51833,19.32225,5.54975,5.868678,14.60667,7584
48.96,154.0747,0,0,4.496455,4.743107,38.10613,15.11065,6.22455,6.46091,14.11168,7576
48.98,159.9099,0,0,5.001379,5.165706,23.66337,10.28089,6.89935,7.095623,12.91854,7532
49,93.06618,0,0,5.20702,5.343479,12.80841,6.854146,6.69691,6.992225,7.477929,7488
49.02,167.7229,0,0,5.295348,5.395722,2.228254,-2.435573,7.97903,7.896296,7.01977,7516
49.04,139.9487,0,0,5.200041,5.249265,-1.43587,-0.8680826,7.91155,7.983245,2.497848,7428
49.06,256.9107,0,0,4.824046,5.041818,-17.45114,-1.413871,9.531071,9.197107,3.281595,7428
49.08,262.8827,0,0,5.047286,5.161508,10.01452,9.520296,9.86847,9.791643,3.618152,7324
49.1,154.1629,0,0,5.041584,5.340478,1.083215,17.29641,9.19367,9.337933,-1.309536,7316
49.12,169.673,0,0,5.523478,5.741538,36.24353,10.09841,9.86847,9.754254,-0.2450061,7352
49.14,113.752,0,0,6.19497,6.144716,34.77789,4.789615,9.531071,9.607329,-1.827542,7352
49.16,65.21243,0,0,6.246617,6.184459,-4.550375,-4.755545,9.26115,9.263011,-6.361716,7336
49.18,147.5314,0,0,5.965256,5.888551,-5.771749,-15.19643,10.20587,9.833254,-7.257293,7356
49.2,153.8134,0,0,5.629331,5.469098,-20.06183,-12.79602,10.13839,9.871901,-10.02663,7304
49.22,72.22531,0,0,4.924325,4.908874,-39.92443,-8.529487,9.19367,9.023106,-16.73674,7304
49.24,112.8502,0,0,4.600319,4.532086,-8.840453,-12.7983,9.531071,9.055513,-16.68142,7372
49.26,130.9412,0,0,4.631485,4.36412,-2.474038,-11.47531,9.463591,9.065152,-15.38656,7384
49.28,174.7926,0,0,4.272961,4.151442,-19.51221,-7.657117,9.80099,9.32758,-14.27023,7376
49.3,184.19,0,0,3.971795,3.996331,-12.71832,0.257682,9.80099,9.395665,-13.76992,7344
49.32,177.1301,0,0,3.897322,4.026976,-1.115259,6.754257,9.73351,9.383269,-12.77753,7348
49.34,93.4823,0,0,3.991344,4.154648,5.693904,10.0237,8.85627,8.699377,-14.51859,7324
49.36,95.01312,0,0,4.393836,4.426718,19.17482,2.576257,8.92375,8.628706,-12.55409,7404
49.38,130.0705,0,0,4.421032,4.44617,-5.909153,-2.381862,9.19367,8.822858,-11.55904,7376
49.4,143.011,0,0,4.061001,4.201192,-14.3519,-1.137649,9.19367,8.826694,-12.75684,7372
49.42,185.8316,0,0,4.051068,4.147306,-0.9473198,1.16151,9.598551,9.179925,-10.59235,7368
49.44,179.9318,0,0,4.022881,4.176109,1.129017,7.125143,9.531071,9.233731,-10.10265,7340
49.46,84.10956,0,0,4.261034,4.369931,13.70917,9.74255,8.58635,8.519963,-12.15644,7340
49.48,188.2306,0,0,4.641149,4.686298,16.5794,0.7712973,9.86847,9.404151,-6.735589,7400
49.5,107.9868,0,0,4.662023,4.713105,-4.733581,5.065118,8.92375,8.857547,-10.20894,7308
49.52,2.547455,0,0,4.345205,4.508584,-2.51984,0.5754344,7.84407,7.767523,-16.3739,7384
49.54,136.1223,0,0,4.688378,4.531935,10.4878,-13.84811,9.19367,8.625123,-10.75875,7472
49.56,112.1999,0,0,4.222669,4.125049,-26.79466,-8.70161,8.58635,8.312186,-14.1059,7360
49.58,39.4852,0,0,3.454767,3.562815,-31.28321,-5.477637,7.64163,7.385775,-19.7577,7412
49.6,166.0931,0,0,3.828421,3.60724,11.89238,-11.39866,8.85627,8.23982,-12.36062,7488
49.62,103.9538,0,0,3.641176,3.4831,-14.62671,-2.095959,7.91155,7.718336,-14.42676,7364
49.64,134.7047,0,0,3.215301,3.318871,-11.13053,-0.907887,8.24895,7.817299,-13.85624,7452
49.66,148.8939,0,0,3.72823,3.588991,21.40383,1.643321,8.31643,8.013945,-9.825926,7448
49.68,139.6197,0,0,3.590875,3.669562,-6.977857,5.063966,8.24895,7.993912,-9.94229,7412
49.7,139.7512,0,0,3.716949,3.823208,8.991614,6.032481,8.31643,8.061172,-8.837494,7408
49.72,43.64633,0,0,3.904273,3.960092,5.953446,6.0191,7.30423,7.277744,-11.68608,7428
49.74,35.48196,0,0,4.033095,4.014012,6.243523,-4.135136,7.236751,7.014133,-12.21127,7468
49.76,168.0298,0,0,4.135796,3.982674,-0.8862511,-11.91811,8.51887,7.995799,-7.501585,7500
49.78,184.9966,0,0,3.656723,3.675837,-27.45115,-2.338215,8.51887,8.203403,-8.692358,7416
49.8,100.164,0,0,3.242443,3.449987,-19.1,6.957122,7.64163,7.511257,-12.70033,7416
49.82,90.91251,0,0,3.664396,3.684145,21.64811,3.476047,7.64163,7.40722,-10.55998,7484
49.84,92.14922,0,0,4.13933,3.981222,22.16719,-1.190717,7.64163,7.443769,-8.58601,7480
49.86,-2.683319,0,0,4.149995,3.984648,-2.62671,-4.416055,6.561951,6.558859,-12.86702,7456
49.88,121.1578,0,0,3.941292,3.806673,-8.718314,-15.46632,7.84407,7.320327,-9.92814,7512
49.9,184.3687,0,0,3.677668,3.523014,-11.00839,-9.453245,8.24895,7.842087,-8.567165,7436
49.92,101.9183,0,0,3.158625,3.22301,-34.29084,2.425951,7.30423,7.173682,-12.80463,7408
49.94,120.6124,0,0,2.937226,3.124638,8.884744,2.759503,7.57415,7.209445,-11.98172,7484
49.96,125.4196,0,0,3.53819,3.443283,28.85422,3.240969,7.57415,7.33636,-8.341549,7448
49.98,35.69704,0,0,3.676465,3.617815,2.167185,3.460933,6.62943,6.615594,-10.97198,7464
50,148.1855,0,0,3.692506,3.690726,2.823674,-5.466165,7.91155,7.445578,-6.996369,7520
50.02,-43.79796,0,0,3.737972,3.58539,0.2282531,-0.3939729,5.61723,5.817931,-14.55431,7468
50.04,106.9416,0,0,3.528048,3.443627,-18.50458,-15.66481,7.30423,6.713941,-10.31636,7592
50.06,160.9382,0,0,3.310338,3.145084,8.197721,-9.899652,7.50667,7.120525,-9.173326,7484
50.08,79.59131,0,0,3.044103,2.970578,-17.81755,0.1832297,6.561951,6.464112,-12.19328,7472
50.1,-8.689789,0,0,2.118817,2.447248,-37.40535,1.234053,5.54975,5.35465,-18.9213,7532
50.12,170.5609,0,0,2.577095,2.532947,20.24353,-7.91083,7.30423,6.607592,-9.25493,7580
50.14,101.9869,0,0,2.310955,2.362553,-22.29084,4.765427,6.22455,6.076024,-11.78689,7472
50.16,101.3556,0,0,1.461337,1.97826,-11.03893,8.721026,6.22455,5.839463,-14.02929,7516
50.18,122.5983,0,0,2.285804,2.360824,40.96109,9.161448,6.35951,6.064998,-8.071893,7536
50.2,145.1168,0,0,2.438675,2.635049,-2.13816,11.07045,6.62943,6.371073,-5.59643,7548
50.22,138.684,0,0,2.279044,2.701499,6.319859,14.96863,6.62943,6.417514,-5.969257,7512
50.24,149.3456,0,0,2.82539,3.100253,21.61757,15.38946,6.89935,6.721686,-2.733572,7512
50.26,137.996,0,0,3.10601,3.428273,13.14429,15.81784,6.96683,6.862905,-2.134892,7480
50.28,26.91849,0,0,3.488671,3.720732,18.45727,13.6607,5.95463,6.088845,-5.588829,7492
50.3,13.57704,0,0,3.736289,3.855202,9.388561,0.16701,5.95463,5.861594,-6.899292,7560
50.32,28.1066,0,0,3.603764,3.607957,-11.89389,-9.866888,5.95463,5.747899,-9.092271,7540
50.34,77.51866,0,0,2.941243,3.003659,-38.29084,-13.12107,6.22455,5.845561,-11.33098,7544
50.36,135.3228,0,0,2.329362,2.425462,-30.76412,-8.31913,6.561951,6.108915,-11.45118,7524
50.38,163.9478,0,0,1.943912,2.110926,-20.2145,2.048094,6.69691,6.302872,-10.34794,7524
50.4,61.0459,0,0,1.989935,2.152909,10.30459,11.75237,5.54975,5.487304,-12.08628,7524
50.42,140.9784,0,0,2.534959,2.601483,26.99162,6.370628,6.561951,6.186637,-5.453571,7604
50.44,50.39124,0,0,2.973964,2.953575,17.00689,9.393717,5.54975,5.607474,-6.706864,7520
50.46,37.7458,0,0,2.892617,3.02913,-3.802283,2.333411,5.54975,5.404482,-8.061517,7568
50.48,80.76033,0,0,3.293035,3.178401,11.84658,-4.763735,5.95463,5.72454,-5.502907,7576
50.5,90.53011,0,0,2.881387,2.925619,-25.0084,-4.048624,5.95463,5.738173,-7.543584,7548
50.52,102.9465,0,0,2.523808,2.647749,-10.79465,-1.484609,6.02211,5.758061,-8.536165,7552
50.54,131.4789,0,0,2.505815,2.590703,-4.657245,1.662978,6.29203,6.007012,-6.896457,7568
50.56,124.5779,0,0,2.405159,2.580886,0.06031401,6.949007,6.22455,6.020395,-6.820469,7536
50.58,122.6888,0,0,2.488691,2.70589,3.083216,9.552718,6.29203,6.096676,-5.845235,7560
50.6,106.2405,0,0,2.868394,3.00347,18.70154,9.984015,6.22455,6.110832,-4.515481,7532
50.62,99.53964,0,0,3.118972,3.256493,10.54887,7.798354,6.29203,6.177172,-3.975952,7520
50.64,88.92082,0,0,3.428529,3.486128,14.09085,4.697536,6.29203,6.206355,-3.748666,7520
50.66,80.60042,0,0,3.491701,3.551149,0.8694746,1.284928,6.29203,6.186203,-4.80517,7524
50.68,-7.03569,0,0,3.517279,3.486463,-0.596175,-2.022756,5.34731,5.392441,-9.223155,7540
50.7,-13.81331,0,0,3.438095,3.294064,-2.809916,-12.87063,5.21235,5.043376,-11.26251,7600
50.72,54.94783,0,0,3.290221,2.981008,-9.863353,-20.25864,5.684711,5.324551,-10.35908,7616
50.74,72.34816,0,0,2.692878,2.454422,-36.56565,-16.44475,5.54975,5.242241,-12.24525,7572
50.76,128.9496,0,0,1.961385,1.934567,-37.60382,-9.854415,5.95463,5.501926,-12.00973,7564
50.78,143.4807,0,0,1.799152,1.79092,1.693902,0.9300581,5.95463,5.6236,-9.975976,7580
50.8,139.5267,0,0,1.930762,1.994803,5.693904,9.290006,5.95463,5.723435,-7.28632,7556
50.82,124.1926,0,0,2.462961,2.504755,31.78551,12.90903,5.95463,5.837723,-4.005898,7596
50.84,102.8195,0,0,2.994354,3.048025,24.51834,12.09583,5.95463,5.913926,-2.124099,7576
50.86,82.34731,0,0,3.393371,3.452785,21.92292,8.066307,5.95463,5.937165,-1.859249,7532
50.88,66.72478,0,0,3.739164,3.721063,14.4878,2.17956,5.95463,5.935884,-2.314818,7560
50.9,53.13803,0,0,3.680771,3.68097,-0.4435031,-3.282355,5.887151,5.819904,-4.786663,7540
50.92,-22.82034,0,0,3.478144,3.413467,-10.45877,-7.808931,5.009911,5.021477,-10.19722,7580
50.94,14.70575,0,0,3.280222,3.082006,-10.04656,-17.84221,5.27983,4.997915,-10.99265,7604
50.96,81.4454,0,0,2.987839,2.676264,-15.71068,-19.75115,5.684711,5.309408,-10.23592,7624
50.98,98.97348,0,0,2.385688,2.199317,-35.32901,-12.43345,5.61723,5.301077,-11.41635,7588
51,136.6267,0,0,1.711514,1.780964,-33.26794,-3.684415,5.887151,5.479623,-11.21802,7576
51.02,143.9915,0,0,1.656968,1.757566,5.617568,6.281924,5.887151,5.585985,-8.926105,7576
51.04,52.51653,0,0,1.878437,1.999273,12.27406,12.98719,4.94243,4.916096,-9.601217,7564
51.06,40.1198,0,0,2.460484,2.463014,30.76262,6.489849,4.94243,4.819113,-6.915327,7644
51.08,34.86777,0,0,2.966946,2.815047,22.65574,-0.6862988,4.87495,4.787861,-5.435184,7636
51.1,37.38693,0,0,3.076823,2.897073,-2.24503,-6.441441,4.87495,4.765558,-5.785381,7620
51.12,45.36073,0,0,2.7806,2.673977,-14.01603,-9.22907,4.87495,4.701144,-7.604445,7636
51.14,87.51216,0,0,2.503971,2.408303,-16.68778,-9.393593,5.21235,4.930295,-7.408014,7624
51.16,105.1104,0,0,2.141469,2.133752,-14.80992,-4.115496,5.27983,5.022503,-7.793639,7608
51.18,105.9371,0,0,2.219391,2.167364,6.304591,1.074283,5.27983,5.092322,-6.338717,7600
51.2,97.90344,0,0,2.468901,2.404046,12.30459,3.912372,5.27983,5.158256,-4.674974,7592
51.22,110.6434,0,0,2.640297,2.643612,8.945812,4.449303,5.54975,5.40548,-3.098702,7600
51.24,75.27667,0,0,2.796072,2.828968,6.961079,5.544279,5.27983,5.251996,-3.87378,7572
51.26,-33.5443,0,0,2.981871,2.948081,8.5794,2.001436,4.20015,4.33313,-7.960169,7596
51.28,-26.4758,0,0,3.060123,2.905844,0.5793981,-11.63692,4.267631,4.124197,-8.895679,7664
51.3,1.37056,0,0,2.758917,2.511284,-19.90916,-19.15593,4.267631,4.023909,-10.60908,7660
51.32,191.3174,0,0,1.925377,1.871101,-46.84046,-18.70851,6.02211,5.335629,-6.998198,7664
51.34,60.36272,0,0,1.220116,1.297853,-31.57328,2.875102,4.267631,4.243402,-13.17768,7548
51.36,202.8301,0,0,0.939925,1.242434,2.197719,5.171261,5.95463,5.341493,-6.454441,7664
51.38,50.59271,0,0,1.480823,1.590906,23.22063,19.48718,4.20015,4.344757,-7.765285,7532
51.4,149.9029,0,0,1.813521,2.094957,21.61757,12.69725,5.61723,5.259485,-1.449663,7644
51.42,140.7927,0,0,2.826796,2.82166,39.90766,15.20614,5.61723,5.626625,2.812289,7580
51.44,101.0503,0,0,2.987275,3.221751,1.724437,15.2193,5.54975,5.618473,1.380279,7560
51.46,84.30287,0,0,3.435135,3.598221,27.70918,9.800162,5.684711,5.717482,1.264756,7564
51.48,-31.12027,0,0,3.737965,3.762114,12.65574,3.388533,4.60503,4.84086,-4.020161,7584
51.5,-96.14192,0,0,3.593098,3.525356,-5.741215,-12.3044,3.93023,3.975201,-10.06174,7620
51.52,-36.08104,0,0,3.337225,3.006702,-15.71068,-28.52095,4.267631,3.9677,-11.59732,7676
51.54,-46.37173,0,0,2.485732,2.08759,-49.32901,-30.73847,3.592831,3.338236,-16.98636,7652
51.56,-86.9604,0,0,1.240645,0.9531747,-59.92444,-29.51618,2.58063,2.260647,-23.57729,7696
51.58,-2.473618,0,0,0.415124,0.06292364,-38.04657,-30.02667,2.850551,2.212692,-22.10133,7752
51.6,98.79987,0,0,-0.3711881,-0.636695,-42.80993,-19.20912,3.25543,2.576667,-18.25301,7740
51.62,164.0333,0,0,-1.11088,-1.049654,-25.58855,0.647024,3.525351,2.942007,-14.10274,7728
51.64,62.40453,0,0,-0.7439158,-0.6823598,17.44963,19.54282,2.31071,2.236773,-11.21353,7684
51.66,73.54836,0,0,0.03471012,0.1495678,43.60231,19.59937,2.64811,2.475427,-4.040854,7776
51.68,54.31432,0,0,1.10442,1.085952,51.52598,17.47625,2.58063,2.62205,1.136343,7752
51.7,56.28927,0,0,1.640494,1.717326,23.08322,12.29176,2.850551,2.89157,3.236376,7768
51.72,44.27839,0,0,1.966018,2.064728,15.61757,7.886667,2.918031,2.995037,2.981694,7732
51.74,60.17506,0,0,1.974864,2.135963,0.09084838,3.596297,3.25543,3.23577,2.102793,7752
51.76,-8.807632,0,0,2.064901,2.121897,1.449628,1.991276,2.58063,2.727168,-1.578662,7720
51.78,-105.0284,0,0,2.018911,1.967098,1.235887,-6.031886,1.568431,1.731726,-7.166375,7724
51.8,-58.97894,0,0,1.992542,1.708704,-4.504573,-20.96237,1.90583,1.724814,-7.426106,7836
51.82,39.84981,0,0,1.493862,1.157002,-29.49694,-24.70003,2.58063,2.222599,-6.82376,7776
51.84,12.64192,0,0,0.5261943,0.3870502,-49.48169,-14.33298,1.90583,1.730216,-11.35298,7744
51.86,-26.73518,0,0,-0.2718526,-0.2383231,-26.22977,-7.706848,1.23103,1.020462,-14.56045,7804
51.88,-88.14741,0,0,0.1562973,-0.199261,17.40383,-8.301297,0.2863102,0.2235977,-13.13278,7840
51.9,-3.364044,0,0,0.2219453,-0.1598722,-0.6572433,-15.02578,0.9611101,0.6200867,-8.374222,7888
51.92,75.44568,0,0,0.1016561,-0.2238137,-9.191597,-10.53456,1.500951,1.197857,-4.403639,7852
51.94,31.39883,0,0,-0.3168698,-0.3739393,-24.99313,1.589477,0.89363,0.846003,-5.856491,7816
51.96,-40.66365,0,0,-0.1964623,-0.2320709,15.98398,4.87746,0.15135,0.2050817,-6.328711,7868
51.98,-5.221918,0,0,0.3441877,0.1483671,27.05269,-1.739432,0.5562305,0.4540267,-1.905302,7892
52,61.20839,0,0,0.6964355,0.4475784,11.99925,-3.619747,1.23103,1.112599,2.35626,7872
52.02,-2.260834,0,0,0.4607222,0.4224889,-15.90916,2.335845,0.5562305,0.6907289,-0.9289919,7844
52.04,17.60525,0,0,0.3343195,0.4043264,7.006881,0.2720833,0.89363,0.821916,-0.6843331,7880
52.06,-72.32914,0,0,0.7160984,0.547495,16.02979,-0.2453691,-0.1185694,0.09357817,-2.695167,7836
52.08,-49.06135,0,0,0.6611266,0.5121889,-3.43587,-9.569881,0.15135,0.09130542,-2.846903,7920
52.1,-115.3187,0,0,0.7524335,0.3785205,-1.512206,-13.7573,-0.7933693,-0.6569563,-5.863265,7892
52.12,-35.39811,0,0,0.2906008,-0.01355277,-28.0313,-21.8499,-0.1185694,-0.3653956,-5.453035,7936
52.14,-59.24234,0,0,-0.3145001,-0.6001304,-25.48168,-17.37034,-0.7933693,-0.8701752,-8.740709,7912
52.16,-9.982498,0,0,-0.8985417,-1.083898,-29.89389,-14.90813,-0.5234499,-0.7987638,-8.072099,7944
52.18,52.78429,0,0,-1.062861,-1.264787,-0.01602192,-7.583708,-0.1185694,-0.3899283,-4.264668,7932
52.2,1.25612,0,0,-1.137198,-1.237267,-8.306102,3.884629,-0.7933693,-0.7733134,-4.077161,7912
52.22,-6.63372,0,0,-0.8961692,-0.9410598,20.33513,5.64486,-0.7933693,-0.8098819,-1.444621,7968
52.24,-11.81679,0,0,-0.2578616,-0.4420709,30.50307,4.13639,-0.7933693,-0.7225147,2.026378,7952
52.26,-104.9021,0,0,0.06065366,-0.1354529,12.01452,1.446283,-1.738089,-1.446824,-0.3259289,7972
52.28,-107.3741,0,0,0.1212749,-0.09071219,2.762605,-10.05505,-1.738089,-1.667344,-1.307672,8036
52.3,-87.59417,0,0,0.1239632,-0.2548493,-3.802283,-17.99642,-1.738089,-1.733239,-1.809632,8032
52.32,-87.39441,0,0,-0.3684009,-0.7152834,-29.87863,-19.87368,-2.008009,-2.024782,-4.569415,7896
52.34,-40.79459,0,0,-1.203769,-1.378705,-44.21451,-18.57334,-1.805569,-2.012943,-6.110021,8032
52.36,-116.1228,0,0,-1.903565,-2.02087,-26.62672,-10.88297,-3.02021,-3.012427,-10.70703,8012
52.38,77.8042,0,0,-2.027255,-2.182596,-12.06183,-12.60085,-1.13077,-1.673801,-1.703627,8084
52.4,109.3813,0,0,-2.075626,-2.148133,5.449629,6.109022,-1.06329,-1.183772,2.259253,7988
52.42,57.13491,0,0,-2.0607,-1.816671,-5.939688,21.70579,-1.40069,-1.287051,3.509531,7984
52.44,112.2683,0,0,-2.040467,-1.422466,32.50307,26.72654,-0.4559698,-0.5568165,7.589345,7988
52.46,58.79865,0,0,-0.9299585,-0.5424686,52.28934,32.37973,-0.7258892,-0.4424722,11.36599,7932
52.48,2.485313,0,0,0.05700118,0.395433,44.51834,27.63138,-0.7933693,-0.4134868,12.84451,7936
52.5,-63.64301,0,0,0.956304,1.127555,45.60232,15.85578,-1.06329,-0.6180928,11.66655,7960
52.52,-96.62084,0,0,1.510917,1.474991,22.67101,-0.5452319,-1.13077,-0.7731073,9.030428,7976
52.54,-53.21437,0,0,1.447631,1.304153,-8.077094,-14.74823,-0.590929,-0.4833885,6.486512,7956
52.56,-59.87518,0,0,0.9258584,0.7339976,-29.42061,-18.3419,-0.7933693,-0.687129,1.139758,7952
52.58,-39.56935,0,0,0.1401601,0.007717192,-44.21451,-19.01057,-0.7258892,-0.7937732,-2.85917,7960
52.6,-99.6292,0,0,-0.6597668,-0.7604733,-33.48168,-14.98214,-1.670609,-1.65447,-8.786272,7944
52.62,3.092995,0,0,-0.8525083,-1.106101,-10.91679,-17.45949,-0.7933693,-1.126015,-4.806038,7996
52.64,-4.377928,0,0,-1.0473,-1.325792,-5.771749,-8.059705,-1.19825,-1.266114,-4.29963,7960
52.66,6.987301,0,0,-1.292835,-1.395772,-17.34427,-1.76047,-1.13077,-1.231359,-2.903981,7968
52.68,93.71184,0,0,-1.143617,-1.185221,16.96108,3.299152,-0.1860495,-0.3942778,3.008785,7988
52.7,65.10892,0,0,-0.8163832,-0.7832936,11.98398,14.44777,-0.3884897,-0.2720957,5.148437,7924
52.72,93.38898,0,0,-0.5729982,-0.3054022,14.36566,18.21526,0.2863102,0.3134474,8.348772,7936
52.74,-29.81651,0,0,0.2236835,0.3583415,42.53361,21.08485,-0.7258892,-0.2835869,7.072139,7892
52.76,-74.53217,0,0,0.9067218,0.9470406,31.02216,8.348986,-0.7933693,-0.4892204,6.618325,7944
52.78,3.128439,0,0,1.49917,1.310787,29.72445,-6.467486,0.2188301,0.2724881,9.362483,7948
52.8,119.3744,0,0,1.52573,1.338725,-3.22213,-8.59043,1.568431,1.504286,11.70405,7892
52.82,-107.4641,0,0,0.9119836,0.9446118,-36.00076,3.226174,-0.7933693,-0.2173407,-0.9846789,7808
52.84,-129.7254,0,0,0.1132124,0.3589229,-38.85573,-9.502409,-0.8608494,-0.880222,-7.006271,7944
52.86,-83.25182,0,0,0.5374626,0.1542024,34.91529,-21.19407,-0.7258892,-0.8498099,-4.821785,7940
52.88,-58.8001,0,0,0.6882206,0.00665015,1.800773,-24.62745,-0.7933693,-0.8366455,-3.684841,7948
52.9,-120.7878,0,0,-0.02676402,-0.5236157,-43.51222,-22.46805,-1.738089,-1.673413,-9.072495,7960
52.92,27.14912,0,0,-1.426787,-1.460634,-78.42826,-23.06463,-0.4559698,-1.004794,-8.754678,8012
52.94,-5.248564,0,0,-2.577758,-2.404023,-74.16872,-4.986097,-1.40069,-1.632763,-12.50228,7944
52.96,98.28339,0,0,-2.584028,-2.461567,44.97636,4.272094,-0.4559698,-0.8989595,-4.58584,8016
52.98,-1.602814,0,0,-2.295804,-2.142511,15.40383,20.05802,-1.670609,-1.558085,-3.50018,7956
53,66.86564,0,0,-2.25331,-1.765707,10.80841,20.33786,-0.7258892,-0.9447314,1.710132,8020
53.02,23.9504,0,0,-1.343767,-1.069656,48.45728,24.7486,-1.13077,-0.9701781,5.437497,7976
53.04,84.41911,0,0,-0.5989045,-0.298426,28.2588,21.0968,-0.1185694,-0.09668192,11.3307,7976
53.06,-56.07512,0,0,-0.3007263,0.09582109,7.28169,23.53382,-1.40069,-0.93499,6.343122,7920
53.08,-3.862835,0,0,0.2559389,0.5318315,24.56414,9.304046,-0.4559698,-0.3934315,8.927822,8012
53.1,-16.26277,0,0,0.7188201,0.7627096,24.18246,3.624176,-0.5234499,-0.3042808,8.135989,7948
53.12,3.692192,0,0,0.9566923,0.8956789,3.724437,-2.150644,-0.1185694,0.01887845,7.920227,7964
53.14,-5.259916,0,0,0.6370366,0.6841481,-16.2145,-3.156043,-0.1185694,0.005586781,4.365655,7928
53.16,-101.6261,0,0,0.4782634,0.4395263,-4.840451,-4.31755,-1.13077,-0.8645138,-1.402339,7932
53.18,-91.63957,0,0,0.3207076,0.1678895,-9.252666,-14.31633,-1.06329,-1.074311,-3.123004,7984
53.2,-33.15063,0,0,-0.1238153,-0.3223214,-29.58855,-18.59623,-0.7258892,-0.9027715,-3.772827,7984
53.22,-2.235833,0,0,-0.9262863,-0.9847794,-44.9168,-13.09769,-0.7258892,-0.921422,-5.686875,7960
53.24,20.35197,0,0,-1.557409,-1.481995,-13.66488,-4.279931,-0.7258892,-0.9399697,-5.865985,7972
53.26,22.85491,0,0,-1.100682,-1.262688,18.93055,2.805806,-0.7933693,-0.85241,-1.388467,7968
53.28,15.36045,0,0,-0.7560214,-0.8644201,18.442,6.751733,-0.7933693,-0.7557297,1.57187,7968
53.3,-28.76243,0,0,-0.3469566,-0.4348783,19.23589,7.307067,-1.13077,-0.9575194,2.405234,7964
53.32,-35.94495,0,0,-0.067046,-0.1301838,13.95345,2.274081,-1.06329,-0.9518726,3.032246,7984
53.34,-37.96915,0,0,-0.07388036,-0.1006835,-5.069459,-1.907001,-1.06329,-0.9856128,2.019022,7988
53.36,-40.40833,0,0,-0.2194322,-0.2426585,-7.481674,-4.514362,-1.13077,-1.086234,0.479278,7996
53.38,-32.70844,0,0,-0.421252,-0.4547772,-12.80992,-5.884747,-1.13077,-1.139251,-0.5667712,7988
53.4,-17.34099,0,0,-0.5230827,-0.6075532,-7.741216,-5.647755,-1.06329,-1.09555,-0.4153835,7972
53.42,-10.63911,0,0,-0.6005654,-0.6945326,-5.49694,-3.657402,-1.06329,-1.074662,-0.1241519,7992
53.44,75.07825,0,0,-0.5534586,-0.6237611,1.388559,-1.661036,-0.1185694,-0.279817,4.059215,8000
53.46,68.38152,0,0,-0.454656,-0.447657,3.693903,8.04538,-0.1185694,-0.04585222,5.230059,7940
53.48,39.34878,0,0,-0.01522098,0.01282299,30.12139,12.54074,-0.1185694,0.06153888,6.796141,7948
53.5,-23.13041,0,0,0.6075507,0.5720664,28.65574,10.64693,-0.4559698,-0.1462463,6.714022,7928
53.52,-49.51972,0,0,1.080213,0.9739784,23.43437,1.516436,-0.4559698,-0.2110514,6.071362,7968
53.54,-28.2599,0,0,1.09083,0.9817624,-5.252665,-7.40696,-0.1185694,-0.02562658,4.609729,7968
53.56,-82.85539,0,0,0.5258546,0.5083447,-35.0542,-9.705029,-0.7933693,-0.6435224,-1.941995,7928
53.58,-68.25212,0,0,-0.09737657,-0.1035383,-17.17633,-14.85296,-0.7933693,-0.8915648,-5.312376,7964
53.6,-33.76526,0,0,-0.2190294,-0.4779027,-14.90152,-16.22771,-0.7258892,-0.8683887,-4.66111,7960
53.62,-14.59475,0,0,-0.817434,-0.9536973,-32.1687,-11.83813,-0.7933693,-0.9498985,-5.784049,7964
53.64,5.517332,0,0,-1.2906,-1.314934,-4.809917,-5.458358,-0.7933693,-0.9740147,-5.509423,7968
53.66,16.45875,0,0,-1.081994,-1.218047,8.762607,0.3991292,-0.7933693,-0.8824767,-2.148073,7976
53.68,-14.74891,0,0,-0.9084567,-0.991154,11.09849,4.873292,-1.13077,-1.076113,-0.9645976,7964
53.7,68.25719,0,0,-0.5958825,-0.6318266,15.83131,3.840103,-0.1185694,-0.2595174,4.591182,7976
53.72,59.09133,0,0,-0.2717623,-0.2661654,14.68627,10.51607,-0.1185694,-0.006900106,6.356942,7928
53.74,-0.9424095,0,0,0.1451629,0.1911308,23.14429,12.70027,-0.4559698,-0.191314,6.068333,7940
53.76,-35.54071,0,0,0.6604257,0.6413771,22.41147,6.451924,-0.5234499,-0.2829207,5.987144,7932
53.78,-133.5395,0,0,0.844664,0.7503399,3.525964,-1.99896,-1.46817,-1.115527,0.9374126,7944
53.8,-8.818098,0,0,0.622705,0.5187539,-14.99313,-16.86196,-0.1185694,-0.3253515,2.386444,8008
53.82,-67.3745,0,0,0.3233816,0.071468,-15.40534,-13.31552,-1.06329,-0.9165606,-2.423327,7924
53.84,-39.10117,0,0,0.2378393,-0.1271735,-4.474039,-16.45,-0.7933693,-0.8452487,-1.882025,7980
53.86,-23.73516,0,0,-0.01180016,-0.3718833,-15.39007,-14.90234,-0.7933693,-0.8367923,-2.269017,7960
53.88,-11.85741,0,0,-0.4693152,-0.6848792,-18.58091,-10.94028,-0.7933693,-0.869841,-3.154395,7968
53.9,-3.62772,0,0,-0.4836724,-0.7410542,-3.176328,-6.931397,-0.7933693,-0.8381814,-1.779299,7940
53.92,-1.205372,0,0,-0.5052811,-0.7020133,0.5793981,-3.336063,-0.7933693,-0.8060137,-0.6891407,7956
53.94,-33.11853,0,0,-0.4156572,-0.5897835,4.045048,-0.9834582,-1.13077,-1.044366,-0.7056503,7952
53.96,54.00147,0,0,-0.2896523,-0.4153586,4.732071,-2.942451,-0.1185694,-0.2691005,3.660949,7980
53.98,52.70584,0,0,-0.3107529,-0.3267868,-3.038924,4.565187,-0.1185694,-0.06750367,4.068586,7924
54,30.9647,0,0,0.01448365,0.005036309,20.3046,8.493652,-0.1185694,0.02065846,5.248536,7920
54.02,-24.54053,0,0,0.51385,0.4422058,23.44964,7.354916,-0.4559698,-0.1959114,5.032248,7916
54.04,-51.30282,0,0,0.8701628,0.7468912,15.15956,-0.1984918,-0.5234499,-0.3174675,4.225236,7932
54.06,-20.5013,0,0,0.8833998,0.747411,-4.016023,-8.068941,-0.1185694,-0.07509379,3.616501,7936
54.08,-14.44457,0,0,0.4747416,0.4125733,-20.87099,-9.067481,-0.1185694,-0.09655744,0.6536996,7920
54.1,-99.23656,0,0,0.2156951,0.07838877,-9.512208,-8.370598,-1.13077,-0.9537445,-4.410211,7920
54.12,-82.8856,0,0,0.0594329,-0.1863622,-9.084726,-15.92103,-1.06329,-1.133197,-5.022107,7976
54.14,-29.66964,0,0,-0.2547711,-0.5578693,-20.22977,-18.29062,-0.7933693,-0.9724719,-4.524221,7992
54.16,-2.681557,0,0,-0.8306786,-1.019113,-28.61145,-12.72539,-0.7933693,-0.9589249,-5.131461,7956
54.18,-11.433,0,0,-1.03492,-1.21239,-2.672511,-5.551866,-1.06329,-1.136691,-4.623172,7948
54.2,-6.153097,0,0,-0.9147594,-1.107534,6.854209,-1.904321,-1.06329,-1.116326,-2.141521,7964
54.22,78.44924,0,0,-0.6467254,-0.8091707,10.15192,0.3724827,-0.1185694,-0.2821132,3.724503,7964
54.24,33.61558,0,0,-0.5413793,-0.5518962,8.136653,10.01655,-0.5234499,-0.3720407,3.68574,7920
54.26,5.313309,0,0,-0.06821461,-0.06792852,29.15956,10.48744,-0.5234499,-0.3520052,5.26437,7924
54.28,-11.88424,0,0,0.5397093,0.4479506,25.54124,6.057055,-0.4559698,-0.2542118,6.65647,7928
54.3,-29.38851,0,0,0.7538061,0.682128,8.365661,0.5598885,-0.4559698,-0.263763,5.445649,7936
54.32,-44.69858,0,0,0.7724444,0.6757262,-2.122893,-5.036499,-0.5234499,-0.3723634,3.197287,7924
54.34,-43.94438,0,0,0.5446917,0.4414764,-11.2832,-9.690375,-0.5234499,-0.4659562,0.6497387,7936
54.36,-34.94093,0,0,0.3190252,0.1474892,-11.06946,-12.0055,-0.5234499,-0.5255538,-0.9833663,7940
54.38,-17.45587,0,0,0.06524664,-0.1374105,-13.45114,-11.81415,-0.4559698,-0.5063594,-1.7147,7936
54.4,-6.771665,0,0,-0.1998084,-0.3803689,-12.53511,-9.06732,-0.4559698,-0.5120555,-2.137377,7952
54.42,-0.1517911,0,0,-0.314599,-0.4864054,-4.107626,-5.738074,-0.4559698,-0.4992067,-1.635576,7936
54.44,1.73631,0,0,-0.2666762,-0.4412951,2.060315,-2.936803,-0.4559698,-0.4650806,-0.5103412,7940
54.46,-0.441967,0,0,-0.1896702,-0.3328801,4.930544,-1.105509,-0.4559698,-0.435353,0.3947748,7936
54.48,-10.88006,0,0,-0.06805336,-0.196923,4.854208,-0.4891574,-0.5234499,-0.4659528,0.8744556,7940
54.5,-39.663,0,0,0.04576036,-0.0893012,4.869476,-1.527993,-0.7933693,-0.6860419,0.2331722,7956
54.52,-40.8266,0,0,0.09024866,-0.059484,1.693902,-5.299291,-0.7933693,-0.7508525,-0.01375306,7964
54.54,-4.488831,0,0,0.01975983,-0.1329829,-5.008389,-7.714865,-0.4559698,-0.5094651,0.6706507,7956
54.56,-4.202285,0,0,-0.08781405,-0.2368597,-5.802284,-5.324974,-0.5234499,-0.50762,0.2304412,7936
54.58,-29.63162,0,0,-0.08081628,-0.2473018,3.587033,-3.707741,-0.7933693,-0.7157117,-0.4528355,7940
54.6,-31.09382,0,0,-0.01534575,-0.2069886,2.609933,-5.381493,-0.7933693,-0.7595813,-0.1619623,7948
54.62,-27.67944,0,0,-0.01116569,-0.2156052,-0.6419765,-6.670602,-0.7933693,-0.7706085,-0.1144755,7940
54.64,-24.06561,0,0,-0.008589981,-0.2348954,0.5030622,-7.187084,-0.7933693,-0.7698941,0.006456852,7948
54.66,-105.5368,0,0,-0.02080322,-0.2950419,-0.1686933,-7.20946,-1.738089,-1.532799,-3.265645,7956
54.68,-15.55365,0,0,0.0004159566,-0.323199,-0.0007547362,-15.41873,-0.7933693,-0.9642115,-0.02017021,8016
54.7,28.22589,0,0,-0.228153,-0.5131613,-16.73359,-11.10447,-0.5234499,-0.6081144,0.815878,7968
54.72,36.82875,0,0,-0.7004647,-0.747239,-19.22214,-2.397507,-0.4559698,-0.5027963,0.1053129,7940
54.74,-3.792442,0,0,-0.2101593,-0.435459,21.86185,2.968477,-0.7933693,-0.6487231,1.979226,7924
54.76,-22.19008,0,0,0.1898378,-0.03386474,18.68627,1.200995,-0.7933693,-0.647652,3.360193,7972
54.78,-34.74993,0,0,0.5510841,0.2824588,16.04505,-3.002381,-0.7933693,-0.6334701,3.866472,7976
54.8,-29.20672,0,0,0.5023826,0.3067798,-4.214497,-7.053027,-0.6584091,-0.5696132,2.799541,7968
54.82,-11.30203,0,0,0.4304367,0.2215032,-2.13816,-8.989264,-0.4559698,-0.4203178,2.286907,7948
54.84,-10.28782,0,0,0.2551269,0.06986424,-9.069461,-7.95176,-0.4559698,-0.4124789,1.086954,7928
54.86,-17.28085,0,0,0.1770044,-0.02070981,1.205353,-6.892209,-0.5234499,-0.4736566,0.3521189,7936
54.88,-11.91098,0,0,0.1470963,-0.05895824,-1.695411,-6.771513,-0.4559698,-0.4362851,0.4062282,7928
54.9,-17.90795,0,0,0.1818753,-0.05194624,0.8542075,-6.236805,-0.5234499,-0.472998,0.3554478,7944
54.92,-7.050832,0,0,0.1718682,-0.04489094,0.5488637,-6.449964,-0.3884897,-0.376002,0.7404248,7936
54.94,-13.41339,0,0,0.1698444,-0.04194704,0.1213828,-5.496572,-0.4559698,-0.4055755,0.5152898,7932
54.96,-21.84878,0,0,0.1913389,-0.02151631,0.7015356,-5.573005,-0.5234499,-0.4670362,0.2873462,7936
54.98,-16.41605,0,0,0.1824195,-0.0229927,0.4114593,-6.454871,-0.4559698,-0.4334275,0.3556329,7932
55,-15.09669,0,0,0.1676874,-0.0419687,-0.5809073,-6.451426,-0.4559698,-0.4271086,0.2663767,7928
55.02,-15.14217,0,0,0.2012046,-0.02986182,0.7320697,-6.402298,-0.4559698,-0.4194718,0.4117523,7944
55.04,-21.56401,0,0,0.1794199,-0.03950723,0.5641309,-6.324228,-0.5234499,-0.4764624,0.04538327,7936
55.06,-15.34146,0,0,0.1699366,-0.04906095,-0.07709067,-6.886059,-0.4559698,-0.4386549,0.2049261,7928
55.08,-20.1458,0,0,0.1804114,-0.05423655,0.4267263,-6.662382,-0.5234499,-0.4801593,0.05775923,7940
55.1,-13.92946,0,0,0.155252,-0.06718003,0.1824515,-6.921026,-0.4559698,-0.4397283,0.1936951,7932
55.12,-42.82487,0,0,0.1355451,-0.0972906,-0.2450293,-6.434844,-0.7933693,-0.7032152,-1.009692,7936
55.14,-41.65423,0,0,0.1584112,-0.1089036,0.5641309,-9.087381,-0.7933693,-0.7685716,-0.9765221,7948
55.16,-33.90111,0,0,0.06079002,-0.207927,-5.87862,-10.45812,-0.7933693,-0.7953705,-1.258653,7960
55.18,-25.36255,0,0,-0.07816093,-0.3390197,-7.023658,-10.15913,-0.7933693,-0.8093728,-1.435471,7956
55.2,-18.28331,0,0,-0.1747258,-0.4316513,-5.573276,-8.772788,-0.7933693,-0.8079855,-1.208273,7964
55.22,-7.951455,0,0,-0.2070677,-0.4540637,-0.3519,-6.996265,-0.7258892,-0.7391584,-0.4119206,7960
55.24,-12.89279,0,0,-0.195043,-0.4217217,0.1671843,-4.793378,-0.7933693,-0.7607961,0.007740498,7940
55.26,-14.89797,0,0,-0.1651039,-0.3596978,2.472528,-3.91784,-0.7933693,-0.7574573,0.4696047,7948
55.28,-16.55136,0,0,-0.1209798,-0.2975147,2.182452,-3.681826,-0.7933693,-0.7504912,0.803421,7940
55.3,-18.2222,0,0,-0.07110209,-0.2424456,2.884742,-3.853791,-0.7933693,-0.7445174,1.015471,7944
55.32,-19.50784,0,0,-0.06055751,-0.2189368,0.4572606,-4.187832,-0.7933693,-0.7461492,0.9625752,7944
55.34,-14.00514,0,0,-0.06409243,-0.2152292,-0.5809073,-4.534006,-0.7258892,-0.6959442,1.079299,7944
55.36,-14.30934,0,0,-0.05732885,-0.2118654,0.1824515,-4.228723,-0.7258892,-0.6830746,1.056841,7964
55.38,-21.77936,0,0,-0.04751672,-0.2037581,0.2893218,-4.091628,-0.7933693,-0.7348563,0.7797038,7964
55.4,-22.6723,0,0,-0.05321765,-0.2072299,0.2893218,-4.744177,-0.7933693,-0.7523243,0.6278054,7948
55.42,-21.73787,0,0,-0.05288494,-0.2195102,0.304589,-5.269549,-0.7933693,-0.7578282,0.5624765,7952
55.44,-20.59636,0,0,-0.05334221,-0.2322581,0.2740546,-5.5194,-0.7933693,-0.7586836,0.5482949,7952
55.46,-19.69254,0,0,-0.06135119,-0.244807,0.02977964,-5.543157,-0.7933693,-0.7587987,0.5368091,7968
55.48,-19.20449,0,0,-0.05225578,-0.2442905,0.2740546,-5.487973,-0.7933693,-0.7559058,0.6178908,7968
55.5,-19.06157,0,0,-0.0565597,-0.2451537,0.1824515,-5.389719,-0.7933693,-0.7550902,0.6299567,7972
55.52,-19.04806,0,0,-0.05667773,-0.2438228,0.06031401,-5.308924,-0.7933693,-0.7544065,0.6543764,7960
55.54,-19.0208,0,0,-0.06572418,-0.2469891,0.09084838,-5.228792,-0.7933693,-0.7553208,0.6335535,7956
55.56,-19.04519,0,0,-0.05578148,-0.2413519,-0.01602192,-5.199073,-0.7933693,-0.7536029,0.695259,7952
55.58,-19.17986,0,0,-0.05369968,-0.2374904,0.1519171,-5.189581,-0.7933693,-0.753009,0.7067928,7956
55.6,-19.28259,0,0,-0.05525679,-0.2367898,0.1061156,-5.19399,-0.7933693,-0.7534083,0.6952311,7956
55.62,-19.30757,0,0,-0.05632382,-0.2372646,0.1213828,-5.204636,-0.7933693,-0.7538253,0.6864386,7956
55.64,-19.28069,0,0,-0.05775835,-0.2384436,0.07558119,-5.210094,-0.7933693,-0.7541656,0.6786672,7956
55.66,-19.21133,0,0,-0.06139367,-0.2409976,0.2129859,-5.200415,-0.7933693,-0.7547058,0.6650392,7964
55.68,-19.14461,0,0,-0.060683,-0.2413891,0.1061156,-5.18794,-0.7933693,-0.7544922,0.6747224,7956
55.7,-13.05218,0,0,-0.06789367,-0.2423817,0.2435202,-5.146365,-0.7258892,-0.7006428,0.8919917,7956
55.72,-19.2817,0,0,-0.06882778,-0.2412257,0.2282531,-4.505189,-0.7933693,-0.7405906,0.6883278,7956
55.74,-14.55698,0,0,-0.05915417,-0.2268716,0.09084838,-4.729788,-0.7258892,-0.696001,0.9328436,7952
55.76,-20.76725,0,0,-0.06354994,-0.2268586,0.2282531,-4.400718,-0.7933693,-0.7405418,0.6625694,7972
55.78,-21.55975,0,0,-0.05815157,-0.223224,0.2129859,-4.82537,-0.7933693,-0.7529147,0.6224566,7956
55.8,-20.91156,0,0,-0.06380834,-0.2322573,0.1061156,-5.174326,-0.7933693,-0.7577085,0.56225,7944
55.82,-14.05643,0,0,-0.06134291,-0.2365502,0.06031401,-5.338628,-0.7258892,-0.7032425,0.8170295,7952
55.84,-19.72979,0,0,-0.06751745,-0.2422766,0.1366499,-4.741535,-0.7933693,-0.743249,0.6000849,7960
55.86,-20.67128,0,0,-0.05571613,-0.232594,0.6404669,-4.94864,-0.7933693,-0.7522323,0.6347717,7948
55.88,-20.3398,0,0,-0.0691233,-0.2401639,-0.7335792,-5.148112,-0.7933693,-0.7572417,0.56112,7948
55.9,-19.82453,0,0,-0.05360366,-0.2373565,0.1671843,-5.287936,-0.7933693,-0.7556167,0.6392468,7948
55.92,-19.42177,0,0,-0.06708014,-0.2455389,0.1366499,-5.292273,-0.7933693,-0.7569564,0.5912286,7964
55.94,-19.03106,0,0,-0.07335902,-0.2519639,-0.09235785,-5.233648,-0.7933693,-0.7573471,0.5922222,7956
55.96,-18.81199,0,0,-0.06911685,-0.25082,0.1519171,-5.164245,-0.7933693,-0.7557937,0.6445169,7968
55.98,-18.8333,0,0,-0.06311543,-0.245687,0.1519171,-5.112805,-0.7933693,-0.754048,0.6925535,7968
56,-18.98806,0,0,-0.05961839,-0.2408816,0.1213828,-5.092267,-0.7933693,-0.7531921,0.7136185,7964
56.02,-19.1453,0,0,-0.05825595,-0.2380185,0.1824515,-5.09984,-0.7933693,-0.7531222,0.7146983,7952
56.04,-19.19762,0,0,-0.06325591,-0.239929,0.1366499,-5.107954,-0.7933693,-0.7541808,0.6854213,7956
56.06,-19.07307,0,0,-0.07384622,-0.2467545,0.1519171,-5.088389,-0.7933693,-0.7559894,0.640526,7948
56.08,-18.89338,0,0,-0.07360044,-0.2488765,0.1366499,-5.060815,-0.7933693,-0.755837,0.6562346,7952
56.1,-18.72318,0,0,-0.08252259,-0.2540675,0.1824515,-4.998427,-0.7933693,-0.7566633,0.6346403,7956
56.12,-18.60091,0,0,-0.08044384,-0.2537814,0.07558119,-4.943341,-0.7933693,-0.7558949,0.6665766,7948
56.14,-18.60541,0,0,-0.07762799,-0.2510826,0.1977187,-4.902084,-0.7933693,-0.7549335,0.6947951,7972
56.16,-18.54331,0,0,-0.09311922,-0.2579644,0.1213828,-4.8327,-0.7933693,-0.7569585,0.6380362,7952
56.18,-18.46881,0,0,-0.08444547,-0.2546487,0.1366499,-4.801705,-0.7933693,-0.7555388,0.6960346,7956
56.2,-18.55664,0,0,-0.07876223,-0.2495916,0.1977187,-4.790518,-0.7933693,-0.7542442,0.7280979,7960
56.22,-24.68919,0,0,-0.0793913,-0.2507479,0.1213828,-4.798252,-0.8608494,-0.8090347,0.4801023,7952
56.24,-18.41011,0,0,-0.08117659,-0.2537403,0.1061156,-5.412494,-0.7933693,-0.7695571,0.6800529,7960
56.26,-17.163,0,0,-0.07983474,-0.2592799,0.1824515,-5.188766,-0.7933693,-0.7576599,0.7321165,7984
56.28,-17.42809,0,0,-0.07312317,-0.2532579,0.1213828,-4.929972,-0.7933693,-0.7526659,0.7925208,7960
56.3,-12.04762,0,0,-0.072005,-0.243466,0.02977964,-4.783502,-0.7258892,-0.6968303,1.039547,7968
56.32,-18.80429,0,0,-0.08353525,-0.2429112,0.1213828,-4.119091,-0.7933693,-0.7390581,0.7610148,7956
56.34,-20.34203,0,0,-0.0675091,-0.2282684,0.6710012,-4.405449,-0.7933693,-0.7494002,0.7683558,7948
56.36,-20.24663,0,0,-0.08443524,-0.2376702,-0.5809073,-4.710444,-0.7933693,-0.7564544,0.6348709,7944
56.38,-19.70101,0,0,-0.07254341,-0.2395526,0.1366499,-4.933937,-0.7933693,-0.7564328,0.667875,7948
56.4,-19.1986,0,0,-0.08252565,-0.2489969,0.1061156,-4.99912,-0.7933693,-0.7576894,0.6208891,7960
56.42,-18.84833,0,0,-0.07639842,-0.2499357,-0.01602192,-5.005229,-0.7933693,-0.756282,0.6638101,7948
56.44,-18.61798,0,0,-0.08855408,-0.2568697,0.2282531,-4.939435,-0.7933693,-0.7572705,0.6278553,7964
56.46,-18.45445,0,0,-0.08647481,-0.2571685,0.1213828,-4.875331,-0.7933693,-0.7564174,0.6629359,7952
56.48,-18.40848,0,0,-0.08777384,-0.2568097,0.1824515,-4.812153,-0.7933693,-0.7559359,0.6775442,7964
56.5,-18.41927,0,0,-0.0880695,-0.2557501,0.2587874,-4.76458,-0.7933693,-0.7556019,0.69103,7964
56.52,-12.53532,0,0,-0.07730552,-0.2456468,0.1824515,-4.758166,-0.7258892,-0.6991114,0.985884,7964
56.54,-19.06774,0,0,-0.07463802,-0.2388627,0.2129859,-4.175818,-0.7933693,-0.7387499,0.774671,7964
56.56,-20.50618,0,0,-0.06894246,-0.2286486,0.2282531,-4.467635,-0.7933693,-0.7502494,0.7334999,7940
56.58,-20.3628,0,0,-0.07567038,-0.2341191,-0.0007547362,-4.793028,-0.7933693,-0.7558192,0.6492661,7948
56.6,-19.7244,0,0,-0.08127522,-0.2444833,0.01451245,-4.977852,-0.7933693,-0.7581732,0.6062593,7960
56.62,-19.12449,0,0,-0.08029827,-0.250456,0.1061156,-5.035248,-0.7933693,-0.7577919,0.6216595,7956
56.64,-18.76398,0,0,-0.07995357,-0.2530273,0.1366499,-5.011381,-0.7933693,-0.7567959,0.6446339,7952
56.66,-18.71379,0,0,-0.06765297,-0.2464867,0.01451245,-4.992229,-0.7933693,-0.7541248,0.7165602,7960
56.68,-18.98808,0,0,-0.05096911,-0.2342597,0.1213828,-5.023372,-0.7933693,-0.7512109,0.7857383,7964
56.7,-19.27325,0,0,-0.0570253,-0.2335623,0.06031401,-5.05966,-0.7933693,-0.7524377,0.7340395,7956
56.72,-19.42768,0,0,-0.04964478,-0.2300264,0.04504682,-5.133746,-0.7933693,-0.7522067,0.7445096,7956
56.74,-19.48531,0,0,-0.05355466,-0.2321615,0.04504682,-5.189312,-0.7933693,-0.7533121,0.7050755,7956
56.76,-19.4777,0,0,-0.0495776,-0.2317588,0.09084838,-5.242612,-0.7933693,-0.7531876,0.7087378,7968
56.78,-13.46274,0,0,-0.04980862,-0.2296911,0.1061156,-5.270784,-0.7258892,-0.6986834,0.9375246,7968
56.8,-19.72013,0,0,-0.05646731,-0.2317383,0.01451245,-4.669231,-0.7933693,-0.7398187,0.6895627,7952
56.82,-20.88613,0,0,-0.05388546,-0.2261943,0.2129859,-4.908328,-0.7933693,-0.7513341,0.6551749,7960
56.84,-20.58078,0,0,-0.06193217,-0.2331412,0.1977187,-5.165426,-0.7933693,-0.7563662,0.5893111,7940
56.86,-13.8666,0,0,-0.06987397,-0.2412129,0.1213828,-5.274927,-0.7258892,-0.703728,0.7986519,7948
56.88,-19.58729,0,0,-0.0691084,-0.2437889,0.2587874,-4.673527,-0.7933693,-0.7429569,0.6172148,7944
56.9,-20.45816,0,0,-0.07455653,-0.2424335,0.1824515,-4.835537,-0.7933693,-0.7544273,0.5785169,7948
56.92,-20.10417,0,0,-0.06872188,-0.2417695,0.1519171,-5.048368,-0.7933693,-0.7565967,0.6021735,7968
56.94,-19.66666,0,0,-0.06180985,-0.2407005,0.1366499,-5.173828,-0.7933693,-0.7558815,0.6384299,7956
56.96,-19.42699,0,0,-0.05536893,-0.2383121,0.304589,-5.231461,-0.7933693,-0.7545305,0.6728612,7964
56.98,-19.30044,0,0,-0.05948247,-0.2403775,0.2282531,-5.23497,-0.7933693,-0.7547877,0.6584085,7948
57,-13.22397,0,0,-0.05614683,-0.2363634,0.1213828,-5.226822,-0.7258892,-0.6994265,0.9211548,7952
57.02,-19.58068,0,0,-0.05267649,-0.2313405,0.2435202,-4.623752,-0.7933693,-0.7387066,0.7254838,7964
57.04,-20.78634,0,0,-0.06542812,-0.2316002,0.1061156,-4.831701,-0.7933693,-0.7524554,0.6206779,7948
57.06,-20.44744,0,0,-0.06488578,-0.2355728,0.04504682,-5.09385,-0.7933693,-0.7564588,0.5997211,7964
57.08,-19.75569,0,0,-0.07518251,-0.2467412,0.07558119,-5.204002,-0.7933693,-0.7586732,0.5579157,7964
57.1,-19.12099,0,0,-0.07727847,-0.2534639,-0.04655629,-5.197208,-0.7933693,-0.7583594,0.5788907,7948
57.12,-18.81296,0,0,-0.06874637,-0.2506781,0.2435202,-5.149501,-0.7933693,-0.7558463,0.6517121,7968
57.14,-18.84102,0,0,-0.06177859,-0.2446387,-0.0007547362,-5.106828,-0.7933693,-0.7537849,0.7021137,7960
57.16,-19.07406,0,0,-0.05160228,-0.2359092,0.06031401,-5.111831,-0.7933693,-0.751973,0.7475061,7972
57.18,-19.34181,0,0,-0.04899099,-0.2312928,0.1061156,-5.149365,-0.7933693,-0.7518596,0.7422481,7964
57.2,-19.38593,0,0,-0.06275836,-0.2379858,0.1671843,-5.164884,-0.7933693,-0.7545411,0.6646324,7948
57.22,-19.17204,0,0,-0.07177466,-0.2459385,0.01451245,-5.15206,-0.7933693,-0.756319,0.6281137,7948
57.24,-19.03102,0,0,-0.06042345,-0.2423547,0.1671843,-5.150518,-0.7933693,-0.7543657,0.6925188,7964
57.26,-19.1507,0,0,-0.04980275,-0.2348777,0.2740546,-5.166161,-0.7933693,-0.7522873,0.7398102,7956
57.28,-19.12099,0,0,-0.0769083,-0.2473859,-0.0007547362,-5.115833,-0.7933693,-0.7563519,0.6142969,7964
57.3,-12.98484,0,0,-0.06255373,-0.2405635,0.3809245,-5.108479,-0.7258892,-0.6997792,0.9343451,7964
57.32,-19.55079,0,0,-0.03803382,-0.2226698,0.7168028,-4.55971,-0.7933693,-0.7356528,0.8258319,7952
57.34,-8.773184,0,0,-0.08562537,-0.2325049,-0.7030448,-4.720297,-0.6584091,-0.6453507,1.031091,7952
57.36,-20.78799,0,0,-0.08758792,-0.2382863,-0.06182348,-3.739895,-0.7933693,-0.7303228,0.5891122,7924
57.38,-22.49452,0,0,-0.08195896,-0.2306643,0.1519171,-4.316401,-0.7933693,-0.7532969,0.5393204,7964
57.4,-21.34739,0,0,-0.1093,-0.2531938,-0.2144953,-4.799905,-0.7933693,-0.7642335,0.3865918,7944
57.42,-19.82409,0,0,-0.09166629,-0.2589079,-0.3519,-5.046639,-0.7933693,-0.7624349,0.5013362,7944
57.44,-18.87642,0,0,-0.09021677,-0.2629553,0.1824515,-5.058411,-0.7933693,-0.7600582,0.5573958,7976
57.46,-18.25284,0,0,-0.1097829,-0.2747751,0.4114593,-4.91379,-0.7933693,-0.7610182,0.526766,7960
57.48,-18.06258,0,0,-0.08304228,-0.26161,0.01451245,-4.82412,-0.7933693,-0.7555114,0.7031914,7948
57.5,-18.40041,0,0,-0.06937765,-0.2471497,0.5488637,-4.787914,-0.7933693,-0.7521425,0.778717,7972
57.52,-18.69118,0,0,-0.08370488,-0.2491141,0.2435202,-4.763367,-0.7933693,-0.7544298,0.7043608,7960
57.54,-18.8705,0,0,-0.06678841,-0.2403104,0.09084838,-4.823004,-0.7933693,-0.7526894,0.7703649,7948
57.56,-19.03856,0,0,-0.06954953,-0.2394997,0.5183294,-4.876585,-0.7933693,-0.7534221,0.7361998,7968
57.58,-18.86747,0,0,-0.09555946,-0.2546902,0.07558119,-4.857092,-0.7933693,-0.757887,0.6116542,7952
57.6,-18.61226,0,0,-0.08210844,-0.2527231,0.06031401,-4.85863,-0.7933693,-0.756016,0.6890196,7952
57.62,-18.54686,0,0,-0.08447523,-0.2530634,0.3656577,-4.827847,-0.7933693,-0.7556141,0.6887622,7968
57.64,-18.57822,0,0,-0.08002551,-0.2501608,-0.07709067,-4.812953,-0.7933693,-0.7547057,0.7152048,7952
57.66,-12.67678,0,0,-0.07654946,-0.2439495,0.1366499,-4.810799,-0.7258892,-0.6993875,0.9702753,7964
57.68,-19.15706,0,0,-0.07076838,-0.2370277,0.07558119,-4.236785,-0.7933693,-0.7386973,0.7733659,7960
57.7,-20.60505,0,0,-0.06242704,-0.2253797,-0.1228922,-4.536319,-0.7933693,-0.7496874,0.7429541,7952
57.72,-20.49779,0,0,-0.06922694,-0.2304631,0.07558119,-4.868175,-0.7933693,-0.7552643,0.6547714,7964
57.74,-19.81101,0,0,-0.08324449,-0.245499,-0.06182348,-5.037635,-0.7933693,-0.7589569,0.5736252,7952
57.76,-19.20803,0,0,-0.06997736,-0.2461776,0.06031401,-5.112453,-0.7933693,-0.7567706,0.6477058,7964
57.78,-18.96675,0,0,-0.06750987,-0.2457612,0.1519171,-5.107803,-0.7933693,-0.7552967,0.6724239,7968
57.8,-18.90777,0,0,-0.06813214,-0.2456609,0.01451245,-5.078618,-0.7933693,-0.7547985,0.6797596,7960
57.82,-18.81459,0,0,-0.07968336,-0.2515248,0.1824515,-5.020908,-0.7933693,-0.7562379,0.6396969,7964
57.84,-18.68504,0,0,-0.0796312,-0.2527778,0.1824515,-4.970861,-0.7933693,-0.7560006,0.6594349,7948
57.86,-18.76692,0,0,-0.06300301,-0.2430716,0.1977187,-4.970242,-0.7933693,-0.7530648,0.744879,7956
57.88,-18.94453,0,0,-0.06847581,-0.242347,0.01451245,-4.96645,-0.7933693,-0.7536854,0.7128913,7952
57.9,-13.04725,0,0,-0.06386366,-0.236673,0.1061156,-4.988931,-0.7258892,-0.6987323,0.9661576,7964
57.92,100.7982,0,0,-0.07716928,-0.1827464,0.1519171,-4.254758,0.5562305,0.3531233,5.511847,7952
57.94,-20.82713,0,0,-0.09154395,-0.1333233,0.2740546,7.658698,-0.7258892,-0.4064772,1.38719,7864
57.96,65.36606,0,0,0.2717821,0.2426353,24.19773,2.367851,0.5562305,0.4595864,6.494808,7940
57.98,53.97171,0,0,0.7127321,0.6108664,17.90765,6.186941,0.5562305,0.721414,7.639769,7852
58,-94.43053,0,0,0.6714364,0.720171,2.151918,7.420053,-0.7933693,-0.366098,0.9189341,7844
58.02,-113.5977,0,0,1.318916,1.031388,30.16719,-8.641914,-0.7933693,-0.6138557,1.139873,7948
58.04,-190.9008,0,0,1.347705,0.8546444,-2.703046,-21.58784,-1.805569,-1.543203,-4.442691,7944
58.06,-125.0146,0,0,0.7148921,0.1885673,-39.17634,-36.17683,-1.40069,-1.566108,-7.015115,8000
58.08,-43.70802,0,0,-0.5555836,-0.9494722,-68.85574,-35.40417,-1.13077,-1.477739,-10.09542,7996
58.1,41.82626,0,0,-2.244775,-2.244333,-88.38246,-21.46621,-0.7933693,-1.300573,-12.20262,7968
58.12,179.4947,0,0,-3.958106,-3.368605,-11.55801,1.875993,0.2188301,-0.5130665,-9.967619,7940
58.14,100.3104,0,0,-3.03268,-2.854664,21.75498,29.15231,-0.7933693,-0.8024848,-2.713294,7884
58.16,0.7158661,0,0,-2.151709,-1.803843,46.45728,36.63335,-1.46817,-1.259945,1.509643,7936
58.18,-65.03078,0,0,-0.7869003,-0.592393,67.81606,27.31527,-1.805569,-1.508471,5.817936,7980
58.2,-81.63916,0,0,0.3003985,0.2969701,49.48018,10.9617,-1.738089,-1.461482,8.197668,8008
58.22,-89.26553,0,0,0.5812016,0.5263766,9.434362,-2.752164,-1.738089,-1.510656,6.194739,8012
58.24,1.437973,0,0,0.1331653,0.1780108,-29.1916,-11.43083,-0.7933693,-0.8862658,5.100056,8012
58.26,50.45165,0,0,-0.9220617,-0.6099572,-59.14581,-4.93818,-0.4559698,-0.6007025,1.323078,7964
58.28,91.80504,0,0,-1.989729,-1.364058,-45.46642,7.655372,-0.1185694,-0.356745,-0.8662686,7944
58.3,53.63325,0,0,-1.025295,-0.9072433,54.22827,17.79915,-0.4559698,-0.3504201,4.031751,7912
58.32,-99.13485,0,0,-0.2219225,-0.2045108,36.94582,18.16137,-1.805569,-1.344592,2.426642,7920
58.34,-34.84031,0,0,0.5785288,0.455518,44.68629,0.5277622,-0.7933693,-0.7472162,7.022453,8012
58.36,-34.58378,0,0,1.069162,0.7508322,20.19773,-6.346688,-0.7933693,-0.585422,7.018992,7964
58.38,-42.59813,0,0,0.8024244,0.6025794,-19.48168,-10.28467,-0.7933693,-0.6415694,3.655877,7964
58.4,-13.58563,0,0,-0.03808729,0.01384807,-48.61146,-11.30631,-0.5234499,-0.5854562,-0.3003983,7960
58.42,-75.59482,0,0,-0.6609005,-0.5998519,-10.84045,-7.17556,-1.40069,-1.342098,-5.726579,7952
58.44,-32.18639,0,0,-0.6008105,-0.7696086,-3.481672,-10.60089,-1.06329,-1.209973,-3.379858,8004
58.46,-11.71372,0,0,-0.7072278,-0.9137143,-7.344269,-8.11896,-1.06329,-1.147302,-2.373591,7992
58.48,22.4325,0,0,-0.963113,-1.042849,-12.01603,-3.589048,-0.7933693,-0.9135662,-1.038776,7972
58.5,-149.8728,0,0,-0.8412208,-1.010141,5.739706,2.42479,-2.75029,-2.385898,-6.018799,7952
58.52,-234.3243,0,0,-0.6698276,-0.9662718,8.350393,-11.57611,-3.695009,-3.514528,-8.738327,8072
58.54,-1723.198,0,0,-0.3746816,-1.799179,8.609936,-31.85375,-20.83493,-17.65026,-68.56133,8112
58.56,52.74822,0,0,-0.6817529,-2.86282,-19.11527,-193.1812,-2.412889,-6.514669,-9.778478,9144
58.58,480.659,0,0,-1.546318,-4.972339,-43.8939,-117.9951,-1.670609,-2.678243,4.921971,8056
58.6,362.2614,0,0,-2.210442,-4.694189,-23.35954,-21.94616,-2.48037,-2.088197,12.07758,7996
58.62,205.1513,0,0,-0.8466732,-2.378887,78.30461,26.21584,-2.412889,-1.616542,23.48808,8060
58.64,-92.3526,0,0,0.4143949,-0.1902119,53.20537,37.87746,-4.03241,-2.794648,21.0411,8048
58.66,-138.1646,0,0,1.382667,1.195491,53.83133,12.04353,-3.357609,-2.682756,20.32936,8128
58.68,-154.8652,0,0,3.077603,2.235491,83.92294,-15.08514,-3.08769,-2.399382,21.08736,8108
58.7,-211.982,0,0,4.243753,2.818894,57.40385,-38.58014,-3.357609,-2.565279,17.43451,8088
58.72,-313.6779,0,0,4.080615,2.481596,-28.38245,-59.92279,-4.30233,-3.56653,6.118043,8104
58.74,-372.4988,0,0,2.502422,1.002346,-65.5733,-80.03395,-5.247049,-4.912463,-9.019214,8164
58.76,-442.5734,0,0,1.186292,-0.7460974,-74.22978,-95.32343,-6.86657,-6.711284,-21.0798,8216
58.78,-27.34817,0,0,-0.1705216,-2.318865,-78.15345,-107.8229,-3.357609,-4.380827,-11.30296,8312
58.8,301.5588,0,0,-1.428504,-3.409226,-73.26795,-69.74736,-0.7933693,-1.620456,0.9380338,8116
58.82,291.3965,0,0,-2.721748,-3.708626,-69.39009,-7.022337,-0.8608494,-0.9241943,4.142277,7956
58.84,227.019,0,0,-4.027959,-3.556278,-67.63437,37.55441,-0.7933693,-0.7831819,4.483595,7948
58.86,-53.42449,0,0,-5.623071,-3.829356,-14.64198,64.93504,-3.357609,-3.031029,-8.101012,7948
58.88,-89.18256,0,0,-4.119109,-2.860692,61.984,50.71452,-3.425089,-3.428622,-0.5905467,8108
58.9,-623.9675,0,0,-3.089865,-2.413353,59.17484,33.83377,-9.565769,-8.389853,-18.24458,8120
58.92,-557.0997,0,0,-1.917476,-2.210538,56.83896,-34.94829,-9.228369,-9.319077,-15.50567,8480
58.94,-482.2057,0,0,-0.7779148,-2.550188,57.93819,-77.3241,-9.90317,-9.905307,-12.8454,8460
58.96,-402.2037,0,0,-0.6901226,-3.251219,-25.52748,-98.11187,-10.24057,-10.22881,-11.54218,8496
58.98,300.955,0,0,-2.119122,-4.283833,-76.8252,-98.96071,-3.425089,-4.868024,10.8439,8512
59,-379.1234,0,0,-3.558203,-5.343878,-74.51986,-24.66632,-11.65765,-10.11359,-15.21196,8112
59.02,273.4973,0,0,-4.644431,-5.320599,-57.28322,-39.7927,-3.695009,-5.121974,11.10571,8592
59.04,329.405,0,0,-5.536966,-5.564225,-41.08474,18.70663,-3.695009,-3.781801,15.44068,8124
59.06,245.4636,0,0,-5.996728,-4.946618,-22.0313,64.7513,-3.695009,-3.426458,18.03102,8132
59.08,150.9404,0,0,-6.012882,-4.045376,16.09085,86.76406,-3.695009,-3.374441,18.81041,8136
59.1,-40.53818,0,0,-5.059892,-2.940703,53.02217,88.74326,-4.977129,-4.356904,16.40678,8136
59.12,-715.9025,0,0,-3.705684,-2.167112,67.64812,65.8283,-11.92757,-10.19865,-7.369004,8216
59.14,52.03905,0,0,-2.212607,-1.514707,72.44202,-21.50694,-3.425089,-4.803851,21.10264,8608
59.16,-491.0099,0,0,-1.025364,-1.746821,69.34278,-6.228336,-10.71293,-9.112037,0.1701517,8104
59.18,-533.8766,0,0,-0.09656289,-1.479227,39.60231,-53.54672,-10.78041,-10.25031,-1.417711,8548
59.2,89.77104,0,0,-0.6612678,-2.204363,-47.61909,-87.39753,-4.707209,-5.747983,15.28206,8552
59.22,284.9147,0,0,-1.849054,-3.181854,-49.97024,-43.1216,-3.357609,-3.525619,19.06151,8172
59.24,-489.9009,0,0,-2.722088,-3.564182,-43.10001,8.209288,-11.38773,-9.486631,-9.807733,8092
59.26,-546.193,0,0,-3.487057,-3.881139,-39.84809,-33.71958,-11.38773,-11.21524,-15.61376,8556
59.28,-453.9752,0,0,-3.752992,-4.852952,19.80078,-66.50114,-11.65765,-11.86182,-16.20485,8568
59.3,-336.3202,0,0,-3.309046,-5.419544,21.87712,-79.85372,-11.65765,-11.80013,-9.635689,8592
59.32,-360.9082,0,0,-3.140246,-5.703381,-16.38244,-77.16472,-12.80481,-12.52818,-7.43983,8596
59.34,505.4284,0,0,-4.623808,-6.203292,-104.1229,-72.73551,-3.695009,-5.436635,23.6629,8668
59.36,-173.2513,0,0,-6.547698,-7.112916,-95.00842,22.77387,-11.65765,-10.0993,-2.619745,8120
59.38,-277.8098,0,0,-8.094096,-7.299601,-74.97787,22.42112,-11.65765,-11.50973,-7.02763,8592
59.4,-273.2974,0,0,-8.991743,-7.957976,-26.74886,14.16862,-12.19749,-12.36989,-9.050623,8596
59.42,-154.9644,0,0,-8.50642,-8.029098,25.70918,8.109047,-11.65765,-11.94469,0.0274272,8628
59.44,-1.582855,0,0,-7.794,-7.599238,30.82368,14.23792,-10.44301,-10.62349,12.44202,8632
59.46,-58.06262,0,0,-7.352758,-6.992057,13.00688,32.4274,-11.05033,-10.64741,15.83931,8580
59.48,-82.4364,0,0,-8.095176,-6.912403,-27.0542,40.69842,-10.98285,-10.73023,13.83083,8580
59.5,14.57349,0,0,-8.112151,-6.722531,-3.43587,43.87877,-9.768209,-9.77152,18.78798,8568
59.52,37.15402,0,0,-7.805724,-6.339683,68.86951,54.93029,-9.363329,-9.143167,22.30445,8492
59.54,492.1721,0,0,-6.24012,-4.885619,68.54889,60.57843,-3.695009,-4.188437,48.48075,8456
59.56,-130.2432,0,0,-4.447315,-3.169912,80.28935,104.2831,-9.565769,-7.48669,33.62818,8140
59.58,253.3041,0,0,-2.937647,-1.165329,74.22827,66.07155,-3.290129,-3.36062,51.76258,8464
59.6,-128.6202,0,0,-1.69245,-0.199515,61.06797,74.80103,-6.86657,-5.251467,36.16216,8120
59.62,-256.323,0,0,-0.287499,0.7864483,65.0527,37.5866,-6.93405,-5.898517,29.68249,8324
59.64,-259.1448,0,0,0.8765553,1.124807,53.99926,-3.808571,-6.596649,-5.882011,24.66282,8348
59.66,-228.8528,0,0,1.511057,0.9408312,23.29696,-33.61966,-6.259249,-5.688594,19.7314,8320
59.68,-159.9922,0,0,1.383318,0.3535199,-18.13817,-49.98974,-5.58445,-5.215252,15.31931,8272
59.7,-66.09048,0,0,0.182642,-0.7348936,-65.13054,-50.31547,-4.707209,-4.594269,9.925761,8232
59.72,64.16613,0,0,-1.255526,-1.856374,-73.98551,-36.50692,-3.425089,-3.564263,8.077354,8196
59.74,188.7299,0,0,-2.652267,-2.709045,-73.35956,-9.678852,-2.075489,-2.32052,9.05409,8116
59.76,-101.123,0,0,-3.129849,-2.925605,33.72445,22.19641,-5.044609,-4.384546,-0.5807797,8012
59.78,-119.4719,0,0,-2.206714,-2.183327,37.57178,11.64334,-4.707209,-4.516477,4.421309,8208
59.8,-179.0628,0,0,-1.420267,-1.659718,32.80842,0.2205794,-5.38201,-5.023793,4.526298,8192
59.82,-1.455231,0,0,-0.9506723,-1.331658,20.06032,-14.75659,-3.425089,-3.554347,11.82869,8220
59.84,15.46826,0,0,-1.288732,-1.501155,-31.40534,-5.941879,-3.357609,-3.184597,10.23955,8112
59.86,117.9715,0,0,-2.671485,-2.13652,-74.13818,5.679143,-2.075489,-2.262459,8.602438,8108
59.88,-76.9085,0,0,-4.655222,-3.333032,-24.41298,29.37137,-4.30233,-4.073433,-6.2207,8012
59.9,-37.75798,0,0,-2.238664,-2.189525,87.40385,19.20653,-3.627529,-3.566267,7.874891,8168
59.92,-2.660294,0,0,-0.9914513,-1.151088,63.32751,12.53905,-3.08769,-2.856574,14.39304,8120
59.94,-62.13724,0,0,-0.482802,-0.5599444,16.22826,9.79527,-3.425089,-2.965595,12.98009,8096
59.96,-84.95692,0,0,-1.170627,-0.8062271,-49.14581,3.624743,-3.425089,-3.196133,6.799112,8128
59.98,-98.70156,0,0,-2.204045,-1.611461,-55.45116,0.1391904,-3.695009,-3.658366,-0.2884569,8104
60,-90.69058,0,0,-3.288343,-2.609657,1.754971,-0.2734342,-3.96493,-4.114766,-5.464795,8128
60.02,21.0039,0,0,-2.225934,-2.36479,33.81605,-2.233231,-3.02021,-3.214794,4.599366,8144
60.04,108.6073,0,0,-1.851526,-1.965009,13.26643,6.727377,-2.075489,-2.123852,11.18454,8092
60.06,82.70943,0,0,-2.149941,-1.770456,-19.83282,22.25163,-2.075489,-1.895645,10.48039,8040
60.08,49.29417,0,0,-2.928678,-1.90484,-45.34428,32.07332,-2.075489,-1.984,6.70723,8056
60.1,-15.3157,0,0,-4.782482,-2.890867,17.17482,40.39849,-2.75029,-2.838396,-3.679615,8040
60.12,41.51358,0,0,-2.444853,-1.859506,80.91531,33.31519,-2.075489,-2.1027,9.899925,8060
60.14,-5.653381,0,0,-1.011265,-0.7377057,63.31224,29.93312,-2.345409,-1.964082,14.06496,8040
60.16,-47.92067,0,0,-0.2336878,0.04153341,34.1214,20.29617,-2.345409,-1.934634,13.92969,8072
60.18,-79.82527,0,0,-0.1333171,0.2066911,-6.122894,8.990225,-2.412889,-2.089501,9.956561,8048
60.2,-75.56399,0,0,-0.7587719,-0.2865662,-41.52748,-0.1092868,-2.345409,-2.246118,4.15746,8052
60.22,-54.04668,0,0,-1.744105,-1.176892,-60.27559,-2.822296,-2.345409,-2.437932,-1.359814,8068
60.24,1.533234,0,0,-2.595649,-2.017539,-50.99314,0.2821434,-2.075489,-2.335254,-3.121188,8048
60.26,-13.1535,0,0,-2.330016,-2.124038,25.95345,7.523479,-2.48037,-2.505756,-1.022288,8032
60.28,-7.993286,0,0,-1.981385,-1.859142,12.82368,9.948761,-2.412889,-2.402704,2.252578,8060
60.3,-42.5911,0,0,-1.7819,-1.612679,16.15192,11.40884,-2.75029,-2.61654,2.604023,8056
60.32,-49.96448,0,0,-1.452817,-1.332646,10.5336,7.871853,-2.75029,-2.638849,3.87873,8056
60.34,-45.88046,0,0,-1.245096,-1.165056,3.510697,4.088889,-2.68281,-2.581059,4.502293,8080
60.36,-51.77247,0,0,-1.239109,-1.156765,-5.49694,1.89232,-2.75029,-2.638418,3.720977,8072
60.38,-20.47807,0,0,-1.26276,-1.192349,-4.489305,-0.07742956,-2.412889,-2.392789,4.384366,8088
60.4,-18.84808,0,0,-1.271314,-1.220917,0.2587874,1.812248,-2.412889,-2.32865,4.290583,8064
60.42,-17.44463,0,0,-1.323282,-1.228295,-5.298466,3.396614,-2.345409,-2.266943,4.183217,8064
60.44,-53.37864,0,0,-1.182881,-1.142557,4.655735,4.172463,-2.68281,-2.507224,3.415119,8068
60.46,-53.20036,0,0,-1.064514,-1.054465,1.251154,0.6934907,-2.61533,-2.513117,3.591626,8084
60.48,-57.84775,0,0,-0.9828729,-1.033084,2.732071,-1.876945,-2.68281,-2.569514,3.227244,8084
60.5,-31.66241,0,0,-0.9900159,-1.061915,-4.489305,-4.026395,-2.412889,-2.374401,3.7705,8064
60.52,-22.47057,0,0,-1.095155,-1.144942,-4.718313,-2.49974,-2.345409,-2.283108,3.522844,8068
60.54,-61.23264,0,0,-1.042296,-1.13562,-0.6877776,-0.7066205,-2.75029,-2.575347,2.357988,8052
60.56,-64.36966,0,0,-1.058072,-1.140405,-0.7488468,-3.395075,-2.75029,-2.660509,2.00358,8108
60.58,-59.66835,0,0,-0.9572179,-1.130547,2.212986,-5.784188,-2.75029,-2.668047,2.347798,8080
60.6,-54.85416,0,0,-0.9791024,-1.172884,-3.313734,-6.842796,-2.75029,-2.671976,2.253562,8084
60.62,-50.88882,0,0,-1.013702,-1.221651,-3.451137,-6.947805,-2.75029,-2.672919,2.238231,8072
60.64,-47.64143,0,0,-1.094206,-1.283847,-3.496939,-6.371965,-2.75029,-2.677979,2.121319,8060
60.66,-45.42664,0,0,-1.099219,-1.29882,-1.863351,-5.620284,-2.75029,-2.671034,2.4049,8060
60.68,-44.55267,0,0,-1.109315,-1.295997,-0.1534266,-4.859324,-2.75029,-2.664569,2.623955,8084
60.7,-44.67207,0,0,-1.09419,-1.273123,-0.9778546,-4.305387,-2.75029,-2.657071,2.881419,8064
60.72,-45.46243,0,0,-1.07103,-1.242118,0.5488637,-4.020481,-2.75029,-2.650902,3.079918,8072
60.74,-46.6227,0,0,-1.035357,-1.20595,0.3351234,-4.021414,-2.75029,-2.645372,3.243964,8068
60.76,-41.81798,0,0,-1.010137,-1.17569,0.9916119,-4.217435,-2.68281,-2.588547,3.52883,8072
60.78,-49.09415,0,0,-0.9909194,-1.155979,0.2282531,-3.93357,-2.75029,-2.628584,3.294748,8068
60.8,-44.95234,0,0,-0.9760013,-1.138163,0.3198562,-4.524677,-2.68281,-2.586628,3.437622,8068
60.82,-15.36502,0,0,-0.9652172,-1.117405,-0.8862511,-4.506301,-2.345409,-2.303543,4.577365,8068
60.84,-54.23328,0,0,-0.9561219,-1.101026,0.4114593,-1.570922,-2.75029,-2.557279,3.18721,8040
60.86,-61.07206,0,0,-0.9585542,-1.078318,0.7931387,-3.549992,-2.75029,-2.634331,2.781205,8080
60.88,-60.52611,0,0,-0.7571636,-0.9938238,8.701538,-6.133539,-2.75029,-2.630533,3.354168,8056
60.9,-52.88175,0,0,-0.798438,-1.021698,-4.107626,-7.712002,-2.68281,-2.589786,3.091362,8068
60.92,-20.06213,0,0,-0.8870275,-1.08751,-3.542741,-7.70301,-2.345409,-2.319705,3.811616,8076
60.94,-19.44776,0,0,-0.9671272,-1.134872,-5.863352,-4.127428,-2.345409,-2.253887,3.684379,8040
60.96,-61.33853,0,0,-1.03,-1.14962,-1.756481,-1.526497,-2.75029,-2.571932,2.059804,8048
60.98,-72.35826,0,0,-0.8699721,-1.058183,8.060317,-4.480991,-2.81777,-2.691059,2.269226,8084
61,-63.69904,0,0,-0.7482631,-1.005894,7.77024,-7.933661,-2.75029,-2.657207,2.750047,8076
61.02,-53.37537,0,0,-0.7257819,-1.018352,-2.107625,-9.435201,-2.68281,-2.594414,2.922376,8084
61.04,-55.66802,0,0,-0.9020906,-1.140925,-8.382438,-8.900723,-2.75029,-2.658094,1.923013,8096
61.06,-52.17218,0,0,-1.008247,-1.241142,-4.947321,-8.433541,-2.75029,-2.681321,1.679627,8056
61.08,-41.66137,0,0,-1.116705,-1.32713,-5.924421,-7.419464,-2.68281,-2.636014,1.847817,8056
61.1,-38.79026,0,0,-1.119923,-1.337852,0.8236728,-5.635447,-2.68281,-2.610255,2.346115,8068
61.12,-45.32527,0,0,-1.115222,-1.310934,0.04504682,-4.168256,-2.75029,-2.649501,2.503329,8068
61.14,-46.85635,0,0,-1.092465,-1.26831,1.266421,-3.923484,-2.75029,-2.654518,2.781968,8080
61.16,-41.41256,0,0,-1.060762,-1.227668,1.006879,-4.012451,-2.68281,-2.597042,3.235884,8056
61.18,-42.07997,0,0,-1.052037,-1.204188,-0.3519,-3.559935,-2.68281,-2.582115,3.305385,8068
61.2,-43.81143,0,0,-1.042342,-1.183032,1.266421,-3.361995,-2.68281,-2.579177,3.305787,8080
61.22,-51.47338,0,0,-1.008389,-1.157097,1.235887,-3.5148,-2.75029,-2.63112,3.119937,8052
61.24,-52.67425,0,0,-0.9659365,-1.131462,1.953444,-4.521208,-2.75029,-2.642907,3.13458,8064
61.26,-52.27658,0,0,-0.9479226,-1.12842,0.06031401,-5.374255,-2.75029,-2.647151,3.05928,8028
61.28,-51.44996,0,0,-0.9481884,-1.140857,0.4267263,-5.903702,-2.75029,-2.650227,2.954012,8084
61.3,-50.54725,0,0,-0.9557874,-1.157936,-0.6572433,-6.147494,-2.75029,-2.652251,2.875677,8068
61.32,-43.99133,0,0,-0.9356811,-1.153801,0.5488637,-6.262351,-2.68281,-2.594099,3.199873,8068
61.34,-50.20911,0,0,-0.9332855,-1.150966,-0.3519,-5.689869,-2.75029,-2.632805,2.98843,8084
61.36,-51.55579,0,0,-0.9248888,-1.140728,0.7168028,-5.962472,-2.75029,-2.643293,2.964757,8084
61.38,-45.42758,0,0,-0.9317774,-1.14299,-0.04655629,-6.259139,-2.68281,-2.593833,3.123824,8068
61.4,-51.27414,0,0,-0.9245597,-1.143199,0.4572606,-5.862309,-2.75029,-2.634236,2.920909,8064
61.42,-34.04831,0,0,-0.9316503,-1.13653,-0.107625,-6.151459,-2.54785,-2.482972,3.5599,8064
61.44,-46.48914,0,0,-0.9296241,-1.131074,-0.1228922,-4.621441,-2.68281,-2.551604,3.147766,8088
61.46,-55.88714,0,0,-0.9299757,-1.117141,0.2435202,-4.868858,-2.75029,-2.627709,2.788002,8076
61.48,-56.10977,0,0,-0.9166756,-1.115073,1.266421,-6.027904,-2.75029,-2.649134,2.705296,8072
61.5,-54.50812,0,0,-0.8785125,-1.111521,1.159551,-6.930581,-2.75029,-2.650006,2.797473,8088
61.52,-46.59647,0,0,-0.934187,-1.151347,-1.527473,-7.209899,-2.68281,-2.604,2.772567,8060
61.54,-45.51969,0,0,-0.8857788,-1.138722,1.174818,-6.71537,-2.68281,-2.580848,3.078092,8064
61.56,-52.54037,0,0,-0.9068728,-1.139831,0.2435202,-6.228657,-2.75029,-2.632636,2.766138,8068
61.58,-53.23563,0,0,-0.9128104,-1.140921,-0.107625,-6.59792,-2.75029,-2.648092,2.708392,8052
61.6,-52.31455,0,0,-0.9162404,-1.149493,0.304589,-6.904276,-2.75029,-2.652409,2.695934,8064
61.62,-51.22881,0,0,-0.9228966,-1.160606,-0.07709067,-6.993163,-2.75029,-2.653222,2.703054,8064
61.64,-50.41627,0,0,-0.9260584,-1.167178,0.3656577,-6.929132,-2.75029,-2.652094,2.746852,8060
61.66,-43.99546,0,0,-0.9236306,-1.163709,0.09084838,-6.801925,-2.68281,-2.59515,3.057516,8056
61.68,-44.18328,0,0,-0.9280705,-1.15812,0.2129859,-6.055843,-2.68281,-2.579625,3.111813,8076
61.7,-51.74117,0,0,-0.930076,-1.148357,0.2129859,-5.580263,-2.75029,-2.630968,2.876112,8060
61.72,-46.84914,0,0,-0.9252285,-1.136863,-0.1228922,-6.039447,-2.68281,-2.590971,3.077289,8064
61.74,-40.55956,0,0,-0.9234685,-1.132281,0.2893218,-5.853542,-2.61533,-2.526207,3.314996,8096
61.76,-53.59595,0,0,-0.9227086,-1.128673,0.02977964,-5.109588,-2.75029,-2.618957,2.836418,8064
61.78,-49.28539,0,0,-0.9118807,-1.116094,0.5183294,-5.959157,-2.68281,-2.589848,3.005014,8084
61.8,-42.617,0,0,-0.8839489,-1.103133,0.5793981,-6.165956,-2.61533,-2.524548,3.318521,8080
61.82,-54.96893,0,0,-0.9201583,-1.122801,-0.4587703,-5.545431,-2.75029,-2.623415,2.652391,8068
61.84,-43.50684,0,0,-0.9463308,-1.138489,-0.5351062,-6.289689,-2.61533,-2.545009,2.941629,8076
61.86,30.39254,0,0,-0.9751352,-1.129264,-0.3671672,-5.465029,-1.805569,-1.869631,5.79732,8076
61.88,32.07062,0,0,-1.007092,-1.075418,-1.710679,2.655836,-1.738089,-1.635799,6.321536,8016
61.9,-18.50645,0,0,-0.9550405,-0.9124814,1.70917,8.038538,-2.075489,-1.850868,5.167403,8028
61.92,50.98652,0,0,-0.6327496,-0.5790327,23.3275,5.632965,-1.06329,-1.068591,9.217491,8064
61.94,-117.7799,0,0,-0.0388772,-0.1825783,27.64811,9.117126,-2.75029,-2.17754,4.770878,7972
61.96,-60.27851,0,0,0.2094351,0.08092922,9.06795,-6.411789,-1.805569,-1.742969,6.347787,8084
61.98,44.69896,0,0,0.2691733,0.05497946,11.63284,-11.12101,-0.7258892,-0.7875632,8.769803,8008
62,7.689068,0,0,0.413893,0.1052436,1.480162,-4.072302,-1.06329,-0.804391,7.364377,7940
62.02,-47.15242,0,0,0.1787127,0.05771068,-7.359537,-2.526622,-1.40069,-1.153618,3.660489,7980
62.04,-92.19283,0,0,0.6800869,0.2838761,20.67101,-8.471833,-1.738089,-1.474252,3.102021,7972
62.06,-10.06912,0,0,0.6561058,0.2701771,-6.168695,-16.93402,-0.7933693,-0.8370082,4.65374,8012
62.08,0.5147991,0,0,0.1070428,-0.1196766,-31.49695,-12.73129,-0.7933693,-0.7605309,1.807024,7948
62.1,2.431082,0,0,-0.5358,-0.5594363,-21.03893,-6.922001,-0.7933693,-0.8185955,-0.7421104,7976
62.12,-29.12815,0,0,-0.1972304,-0.464723,13.28169,-3.666328,-1.13077,-1.0228,0.2652436,7944
62.14,-35.15752,0,0,-0.07512239,-0.3294411,5.602301,-5.064611,-1.13077,-1.058882,0.8267392,7992
62.16,-59.41632,0,0,-0.01591094,-0.2808858,1.281688,-6.846859,-1.40069,-1.287275,-0.03217888,7984
62.18,-62.1713,0,0,-0.06534234,-0.3375317,-1.878618,-10.37651,-1.46817,-1.416214,-0.7388608,8008
62.2,-69.35079,0,0,-0.2497029,-0.5281215,-11.11526,-12.48912,-1.670609,-1.63579,-2.159066,7984
62.22,23.52136,0,0,-0.5263274,-0.7557678,-12.47404,-13.69586,-0.7933693,-1.002607,0.3227791,8012
62.24,36.65377,0,0,-0.7508893,-0.9203749,-12.53511,-4.381115,-0.7933693,-0.8286253,0.8582715,7956
62.26,-25.31621,0,0,-0.8318428,-0.8978121,9.419095,3.394348,-1.40069,-1.26002,-0.5141033,7952
62.28,14.99082,0,0,-0.2611277,-0.464403,28.62521,0.7619905,-0.7933693,-0.7943329,4.314032,7996
62.3,5.65313,0,0,0.0985511,-0.1064335,10.22826,1.920723,-0.7933693,-0.642334,5.559665,7956
62.32,49.12826,0,0,0.04670336,0.04301139,3.419094,1.813938,-0.1185694,-0.1045415,6.676314,7988
62.34,3.644142,0,0,0.2633519,0.232647,7.556499,5.442022,-0.4559698,-0.2334189,5.515152,7916
62.36,-18.60347,0,0,0.382074,0.3927144,10.97635,2.842429,-0.4559698,-0.2935127,4.415207,7944
62.38,-60.56274,0,0,0.6887456,0.5497614,12.73207,-2.100879,-0.7933693,-0.5781435,2.877841,7916
62.4,-63.46508,0,0,0.5676798,0.4313258,-10.00076,-9.374293,-0.7933693,-0.7113496,0.6276504,7944
62.42,-52.19682,0,0,0.3494169,0.1431946,-13.46641,-13.86945,-0.7933693,-0.7894165,-1.184768,7956
62.44,-35.69324,0,0,-0.06308808,-0.2635013,-21.11526,-14.46713,-0.7933693,-0.8545225,-2.888976,7936
62.46,11.93476,0,0,-0.4827466,-0.6384103,-20.73359,-11.83606,-0.4559698,-0.6212252,-2.519676,7960
62.48,-5.810676,0,0,-0.6597468,-0.8197523,-5.405336,-4.649466,-0.7933693,-0.80826,-2.8081,7912
62.5,0.2250938,0,0,-0.6072021,-0.7539123,7.373293,-1.718896,-0.7258892,-0.7610096,-1.062683,7944
62.52,-7.779076,0,0,-0.2943283,-0.5024896,12.5794,-0.05128968,-0.7933693,-0.7415687,0.9090122,7944
62.54,-8.038322,0,0,-0.1889445,-0.3197557,7.403828,-0.1284927,-0.7258892,-0.675284,1.725118,7960
62.56,-19.43532,0,0,-0.04670277,-0.1730096,4.518331,-0.6779965,-0.7933693,-0.7053105,1.89538,7956
62.58,-24.41892,0,0,0.03429944,-0.08799509,4.426728,-2.481186,-0.7933693,-0.7182347,1.761182,7968
62.6,-26.40432,0,0,0.09561503,-0.05379517,-0.07709067,-4.393623,-0.7933693,-0.7266765,1.517098,7960
62.62,-32.2995,0,0,0.06680071,-0.09225891,-0.183961,-5.810812,-0.8608494,-0.7977151,0.7255247,7968
62.64,5.768444,0,0,0.02651703,-0.1398347,-2.596175,-7.190279,-0.4559698,-0.4973175,1.736053,7964
62.66,1.803446,0,0,-0.03011087,-0.1881977,-3.329,-4.087903,-0.5234499,-0.4763279,1.389561,7944
62.68,-3.664547,0,0,-0.06631228,-0.1819285,3.251155,-2.303421,-0.5234499,-0.4754854,1.229421,7948
62.7,-2.757233,0,0,0.02206793,-0.1036199,3.693903,-1.91154,-0.4559698,-0.4107495,1.739235,7920
62.72,-8.034922,0,0,0.1360272,-0.003382757,5.113751,-1.90784,-0.4559698,-0.3859014,1.962955,7952
62.74,-13.03934,0,0,0.1187185,0.02130047,-0.3213652,-2.431672,-0.4559698,-0.3961386,1.443369,7936
62.76,-16.03894,0,0,0.1757546,0.04947962,1.419093,-3.459059,-0.4559698,-0.4005337,1.272753,7944
62.78,-17.0261,0,0,0.1221634,0.01106901,-0.4435031,-4.311157,-0.4559698,-0.4183348,0.6673591,7936
62.8,-16.57162,0,0,0.1353173,-0.01178803,-0.5656406,-5.003454,-0.4559698,-0.4236033,0.5089222,7936
62.82,-21.96458,0,0,0.1420465,-0.03108261,0.5030622,-5.43652,-0.5234499,-0.4795699,0.1681358,7944
62.84,-21.10836,0,0,0.1340132,-0.05409933,-0.1534266,-6.242043,-0.5234499,-0.496108,0.03365415,7948
62.86,-19.12008,0,0,0.1341,-0.07520009,-0.9931214,-6.68398,-0.5234499,-0.4988995,0.02945441,7952
62.88,-17.69837,0,0,0.1538675,-0.07788716,0.8694746,-6.824309,-0.5234499,-0.4942228,0.1622223,7944
62.9,-11.03588,0,0,0.1524583,-0.0778431,0.1671843,-6.762459,-0.4559698,-0.4371181,0.4425559,7940
62.92,-17.17053,0,0,0.1577366,-0.07198708,0.02977964,-6.067576,-0.5234499,-0.4747299,0.2922201,7948
62.94,-18.58611,0,0,0.171935,-0.05520654,0.4419934,-6.267222,-0.5234499,-0.4835719,0.3249761,7944
62.96,-12.63094,0,0,0.1689018,-0.05157737,-0.3519,-6.535296,-0.4559698,-0.4332101,0.5120037,7936
62.98,-12.6166,0,0,0.1751991,-0.04672414,0.1519171,-6.130341,-0.4559698,-0.4191688,0.5447769,7948
63,-19.85122,0,0,0.1731713,-0.04264957,0.2587874,-5.861674,-0.5234499,-0.4715847,0.2633365,7948
63.02,-20.5305,0,0,0.162702,-0.04796279,-0.1228922,-6.387531,-0.5234499,-0.4888888,0.1382917,7944
63.04,-19.50703,0,0,0.1655232,-0.05728497,-0.3366328,-6.812776,-0.5234499,-0.4930979,0.1244832,7944
63.06,-6.419612,0,0,0.1694507,-0.05885206,0.2282531,-6.98764,-0.3884897,-0.3831894,0.6369079,7948
63.08,-18.35541,0,0,0.167334,-0.05990069,0.1824515,-5.785296,-0.5234499,-0.4621906,0.2325638,7940
63.1,-14.51235,0,0,0.1733976,-0.04367474,0.3656577,-6.2026,-0.4559698,-0.4289723,0.4378601,7948
63.12,-20.26767,0,0,0.1618179,-0.05056021,-0.5045714,-6.071794,-0.5234499,-0.4777287,0.1303167,7940
63.14,-26.38924,0,0,0.1666768,-0.05557733,0.1213828,-6.584483,-0.590929,-0.5451801,-0.1335817,7932
63.16,-12.94413,0,0,0.1655392,-0.06469697,0.4419934,-7.52825,-0.4559698,-0.4536709,0.3107348,7936
63.18,-10.72266,0,0,0.1382828,-0.08858543,-1.023656,-6.716478,-0.4559698,-0.430653,0.3054672,7940
63.2,-11.29391,0,0,0.1185201,-0.09448812,-0.183961,-5.886125,-0.4559698,-0.424842,0.3189755,7940
63.22,-6.483936,0,0,0.1276905,-0.07598595,0.2435202,-5.407426,-0.3884897,-0.3661292,0.6577958,7940
63.24,-14.08879,0,0,0.1410846,-0.05321746,0.3351234,-4.652014,-0.4559698,-0.404072,0.4991962,7936
63.26,-22.28787,0,0,0.1392602,-0.04192209,0.1977187,-4.928315,-0.5234499,-0.4724867,0.1540245,7944
63.28,-22.23644,0,0,0.142869,-0.04583709,0.09084838,-5.957091,-0.5234499,-0.4928068,0.053303,7948
63.3,-8.053061,0,0,0.116235,-0.07257979,-1.283198,-6.549471,-0.3884897,-0.3927518,0.3887853,7944
63.32,-6.171976,0,0,0.07761192,-0.1037552,-0.9931214,-5.390602,-0.3884897,-0.3682974,0.3513254,7936
63.34,-13.4908,0,0,0.08602694,-0.09454121,0.3809245,-4.445547,-0.4559698,-0.4122071,0.2511404,7944
63.36,-21.06116,0,0,0.07845648,-0.08828497,-0.0007547362,-4.544736,-0.5234499,-0.4803762,-0.02976978,7932
63.38,-20.60122,0,0,0.07800316,-0.09291495,-0.2602969,-5.37797,-0.5234499,-0.4993361,-0.06641239,7948
63.4,-18.45168,0,0,0.07200507,-0.1106557,-0.3213652,-5.867863,-0.5234499,-0.5039762,-0.06259763,7944
63.42,-10.63021,0,0,0.08385392,-0.1140029,0.07558119,-5.996465,-0.4559698,-0.4458462,0.3112084,7944
63.44,-15.97719,0,0,0.08712304,-0.1125977,0.07558119,-5.303961,-0.5234499,-0.4821419,0.1962259,7956
63.46,-16.79971,0,0,0.08166499,-0.1078251,0.1824515,-5.368547,-0.5234499,-0.4923199,0.1947846,7940
63.48,-10.4751,0,0,0.0850389,-0.1026054,0.07558119,-5.49956,-0.4559698,-0.4395634,0.4728836,7932
63.5,-16.37568,0,0,0.08774239,-0.09944163,0.02977964,-4.962207,-0.5234499,-0.4792312,0.2947901,7956
63.52,-11.37141,0,0,0.09472351,-0.08714026,0.3809245,-5.215819,-0.4559698,-0.4348137,0.5382172,7948
63.54,-11.36733,0,0,0.09043955,-0.08516339,0.2282531,-4.871047,-0.4559698,-0.4242647,0.5249578,7936
63.56,-12.41161,0,0,0.1002376,-0.07362911,0.1366499,-4.669212,-0.4559698,-0.4208277,0.5456352,7940
63.58,-19.38795,0,0,0.09657963,-0.07178838,0.2435202,-4.641037,-0.5234499,-0.4769098,0.236882,7948
63.6,-7.644869,0,0,0.1007589,-0.06758574,0.1977187,-5.328746,-0.3884897,-0.3834243,0.6543013,7936
63.62,-19.00105,0,0,0.09879292,-0.07544776,0.1671843,-4.607173,-0.5234499,-0.4680935,0.1891801,7932
63.64,-14.19567,0,0,0.1016653,-0.07089079,0.4114593,-5.274917,-0.4559698,-0.4366409,0.3635907,7944
63.66,-13.15925,0,0,0.09127693,-0.08201329,-0.183961,-5.206349,-0.4559698,-0.429886,0.3191656,7932
63.68,-13.20549,0,0,0.1033121,-0.077896,0.1519171,-5.085258,-0.4559698,-0.4256012,0.3825845,7940
63.7,-13.60089,0,0,0.1039152,-0.07409944,0.304589,-5.012516,-0.4559698,-0.4247011,0.3768238,7948
63.72,-19.97246,0,0,0.1058835,-0.07362268,-0.09235785,-5.017282,-0.5234499,-0.4795088,0.1254962,7936
63.74,-19.94748,0,0,0.1143531,-0.07335841,0.1671843,-5.6893,-0.5234499,-0.4936447,0.1096275,7944
63.76,-12.55607,0,0,0.11281,-0.08170762,-0.04655629,-6.124189,-0.4559698,-0.4426989,0.3351318,7940
63.78,-17.61618,0,0,0.1184542,-0.08626864,0.09084838,-5.684544,-0.5234499,-0.4813615,0.1789905,7956
63.8,-12.05646,0,0,0.1159081,-0.08318727,0.2893218,-5.888577,-0.4559698,-0.437057,0.4067731,7948
63.82,-11.65929,0,0,0.1035597,-0.08804715,0.07558119,-5.428341,-0.4559698,-0.4265101,0.3979487,7932
63.84,-18.33209,0,0,0.09307114,-0.09117945,0.02977964,-5.05643,-0.5234499,-0.4795764,0.1369023,7944
63.86,-18.73433,0,0,0.09640688,-0.08940693,0.2129859,-5.492031,-0.5234499,-0.4934301,0.1295531,7936
63.88,-11.64719,0,0,0.08781011,-0.0976208,0.01451245,-5.793335,-0.4559698,-0.4433419,0.3412132,7948
63.9,-4.867242,0,0,0.09402318,-0.0940626,0.06031401,-5.284657,-0.3884897,-0.3726335,0.6808521,7948
63.92,-12.22106,0,0,0.107903,-0.07502408,0.5183294,-4.305624,-0.4559698,-0.4060064,0.5530764,7956
63.94,-14.71111,0,0,0.1073939,-0.05782678,0.6099325,-4.403516,-0.4559698,-0.4177987,0.4721183,7940
63.96,-21.46077,0,0,0.1207318,-0.05009017,-0.2755641,-4.771153,-0.5234499,-0.4763912,0.1987163,7924
63.98,-15.3176,0,0,0.1370965,-0.04581013,0.3503905,-5.742249,-0.4559698,-0.4370682,0.3978912,7944
64,-13.87487,0,0,0.1191557,-0.06516757,-0.3977011,-5.719471,-0.4559698,-0.4296556,0.2998891,7936
64.02,-13.77302,0,0,0.1336312,-0.06341188,0.2129859,-5.591617,-0.4559698,-0.424484,0.3712105,7944
64.04,-14.12955,0,0,0.1304259,-0.06246856,0.3503905,-5.487892,-0.4559698,-0.4237469,0.3493356,7928
64.06,-14.40279,0,0,0.122641,-0.06511582,-0.09235785,-5.433583,-0.4559698,-0.4251215,0.3033505,7936
64.08,-8.507107,0,0,0.1218807,-0.06304853,0.1519171,-5.415842,-0.3884897,-0.3709747,0.5348008,7940
64.1,-20.87073,0,0,0.119443,-0.06501079,0.1213828,-4.813704,-0.5234499,-0.4662419,0.06566,7948
64.12,-21.84337,0,0,0.1264267,-0.06127973,0.1977187,-5.682739,-0.5234499,-0.4918923,0.01640946,7956
64.14,-14.06031,0,0,0.1184032,-0.07567361,-0.4893047,-6.333098,-0.4559698,-0.4452838,0.2016908,7952
64.16,-18.55241,0,0,0.1336255,-0.08033946,0.2282531,-6.021812,-0.5234499,-0.4830303,0.0985108,7948
64.18,-132.7856,0,0,0.1329136,-0.1360805,0.304589,-6.382372,-1.805569,-1.531858,-4.477333,7932
64.2,-11.67189,0,0,0.1329708,-0.1885742,-0.03128911,-18.04537,-0.5234499,-0.7734708,-0.3977656,8016
64.22,20.12403,0,0,-0.01315457,-0.3829508,-12.56565,-13.12135,-0.4559698,-0.5135918,0.2246992,7960
64.24,17.36676,0,0,-0.632538,-0.7053256,-33.80229,-4.820669,-0.5234499,-0.5646279,-1.615789,7932
64.26,-94.07094,0,0,-0.4721683,-0.6636556,23.95345,0.0003624558,-1.738089,-1.504157,-4.084974,7952
64.28,-13.54477,0,0,-0.08547167,-0.3912279,14.60994,-9.068295,-0.7933693,-0.9261076,0.9842362,8024
64.3,-0.2098827,0,0,-0.1128864,-0.3826178,-7.420605,-6.982469,-0.7933693,-0.7766958,1.359699,7824
64.32,0.3104095,0,0,-0.5926738,-0.6035761,-23.80229,-2.904423,-0.7933693,-0.8055063,-0.3461299,7952
64.34,-2.80493,0,0,-0.2031927,-0.4077929,20.18246,-1.136325,-0.7933693,-0.7361634,1.893706,7948
64.36,25.16345,0,0,-0.0433105,-0.198118,5.449629,-0.7546807,-0.3884897,-0.3744264,3.958325,7960
64.38,9.504063,0,0,0.02594473,-0.05539452,9.571767,2.049968,-0.4559698,-0.3414848,3.714943,7932
64.4,24.31098,0,0,0.2194102,0.1534407,9.93818,1.765945,-0.1185694,-0.05544762,4.983785,7928
64.42,-49.45913,0,0,0.4059615,0.3128214,8.808408,2.406961,-0.7933693,-0.5296229,2.425746,7916
64.44,-92.47975,0,0,0.5622103,0.4013938,7.739706,-5.168568,-1.13077,-0.9448924,0.2937137,7944
64.46,-140.9085,0,0,0.6754301,0.3199564,-0.8862511,-14.98432,-1.738089,-1.557915,-2.761192,7980
64.48,-124.8285,0,0,0.2653231,-0.1337543,-25.45115,-25.26212,-1.805569,-1.842339,-5.581298,8000
64.5,-78.7449,0,0,-0.4475233,-0.8544075,-37.16107,-28.31353,-1.738089,-1.92612,-7.569054,8012
64.52,-156.5615,0,0,-1.315025,-1.687856,-42.38245,-23.1,-3.08769,-3.084001,-13.58968,8012
64.54,-169.4998,0,0,-2.014321,-2.393192,-30.44351,-25.26847,-3.695009,-3.880353,-15.64528,8064
64.56,-83.94289,0,0,-2.172086,-2.771188,-15.74122,-27.25434,-3.357609,-3.714687,-10.95871,8112
64.58,-117.3133,0,0,-2.746845,-3.23388,-26.10763,-18.22116,-4.30233,-4.399915,-11.96084,8104
64.6,8.752861,0,0,-3.471877,-3.640387,-30.36718,-13.25117,-3.290129,-3.755837,-6.966882,8156
64.62,-134.8252,0,0,-3.960946,-3.974826,12.54887,4.191267,-5.314529,-5.174244,-10.91822,8116
64.64,-127.1445,0,0,-3.378516,-3.593239,17.78551,-0.1830758,-5.314529,-5.375053,-4.9146,8220
64.66,184.7027,0,0,-2.819079,-3.041112,18.59467,-3.700088,-2.075489,-2.674454,11.69537,8260
64.68,45.62746,0,0,-2.691993,-2.646639,12.70154,24.83283,-3.627529,-3.170252,9.738381,8016
64.7,128.9861,0,0,-2.62293,-2.033246,2.579399,29.58086,-2.008009,-2.021335,15.35112,8124
64.72,3.844879,0,0,-2.493863,-1.633824,2.41146,40.49229,-3.02021,-2.574941,11.50431,8016
64.74,65.79622,0,0,-2.011513,-1.080422,39.08323,33.69701,-1.805569,-1.744573,15.29227,8100
64.76,119.7424,0,0,-0.1589995,0.1403866,85.37332,30.13038,-0.7933693,-0.5090886,24.14035,8040
64.78,24.4942,0,0,1.621972,1.566875,71.23592,27.72424,-1.06329,-0.2898822,25.96185,7968
64.8,50.09578,0,0,2.392843,2.480049,23.99925,13.85359,0.15135,0.64265,25.99547,7984
64.82,-80.35014,0,0,1.655461,2.160403,-26.44351,8.773921,-0.7933693,-0.1833285,12.30649,7892
64.84,-133.029,0,0,1.118839,1.525491,-20.55038,-6.277141,-1.13077,-0.8655005,2.978869,7960
64.86,-1184.557,0,0,0.991928,0.3986625,4.762606,-22.17785,-13.14221,-10.83138,-43.80301,7980
64.88,-1096.012,0,0,1.574242,-0.7138516,25.00689,-140.4084,-13.07473,-13.35068,-47.31824,8688
64.9,-832.1538,0,0,1.768902,-2.832147,13.95345,-210.3592,-13.41213,-14.065,-44.57135,8712
64.92,-622.5107,0,0,0.8048091,-5.102752,-72.41299,-226.7642,-13.95197,-14.4789,-40.8326,8740
64.94,509.4898,0,0,-1.068842,-6.645348,-99.28323,-209.3301,-3.357609,-5.866414,2.61381,8756
64.96,-358.8509,0,0,-2.852184,-7.581298,-89.35957,-78.45184,-14.01945,-12.04529,-23.21023,8116
64.98,326.8099,0,0,-4.153905,-6.806471,-63.78704,-74.22391,-4.977129,-6.3858,10.87048,8736
65,353.0273,0,0,-5.027654,-6.40347,-33.16107,0.2131062,-4.977129,-4.857215,18.2507,8204
65.02,342.2468,0,0,-5.445269,-5.221045,-17.95496,53.63759,-3.762489,-3.489085,26.18215,8192
65.04,109.1547,0,0,-5.452281,-3.977363,3.892376,87.62566,-4.977129,-4.190035,22.74808,8132
65.06,-115.2999,0,0,-4.770764,-2.803158,45.02216,84.18275,-6.259249,-5.471269,17.48558,8224
65.08,89.78659,0,0,-3.436483,-1.69988,69.8008,55.24097,-3.357609,-3.435075,27.73778,8280
65.1,63.88007,0,0,-1.744106,-0.6502709,78.96111,51.53388,-3.357609,-2.787592,30.28254,8092
65.12,-1071.291,0,0,-0.2867415,-0.03892203,70.24355,40.84076,-15.23409,-12.21694,-12.81781,8112
65.14,-1127.086,0,0,-0.08739352,-0.7064057,3.999247,-82.06625,-15.77393,-15.37929,-26.98793,8816
65.16,-923.9769,0,0,-0.2893477,-3.078807,-5.848084,-168.8707,-16.31377,-16.65674,-33.33012,8820
65.18,365.0684,0,0,-0.5315367,-4.848712,-13.43587,-203.5043,-4.707209,-7.343544,12.25662,8868
65.2,623.3539,0,0,-1.227337,-5.474014,-49.97024,-93.32219,-3.290129,-3.43837,29.34496,8180
65.22,462.9954,0,0,-2.982473,-4.767202,-75.92445,11.4231,-3.290129,-2.514821,30.60503,8084
65.24,254.4756,0,0,-3.854169,-3.44259,-45.72596,67.17255,-3.357609,-2.5172,28.46031,8100
65.26,-1025.924,0,0,-4.505568,-3.11494,63.60232,83.36228,-16.11133,-13.1192,-22.73735,8096
65.28,-1022.895,0,0,-3.355723,-2.993034,48.74736,-38.76562,-15.77393,-15.67972,-26.46992,8852
65.3,-740.0879,0,0,-1.748286,-3.936912,89.8924,-124.3259,-15.23409,-15.65305,-19.63521,8824
65.32,-583.6387,0,0,-0.8287699,-4.947759,63.03744,-154.9572,-15.77393,-15.76585,-13.86527,8804
65.34,-418.1015,0,0,-1.077522,-5.813128,-13.52748,-158.3772,-15.30157,-15.25004,-7.451771,8836
65.36,710.5173,0,0,-1.235908,-5.64219,-100.9931,-141.9995,-3.425089,-5.314661,41.33812,8812
65.38,-439.1114,0,0,-3.194685,-6.139329,-82.15346,-12.56896,-16.11133,-13.08066,-1.13087,8096
65.4,-614.4106,0,0,-4.904336,-6.0608,-94.64201,-37.69089,-16.04385,-15.39952,-10.23354,8856
65.42,575.6351,0,0,-5.608471,-6.392212,-58.871,-69.0758,-3.627529,-6.021193,32.45004,8860
65.44,-462.8612,0,0,-6.365214,-7.115696,-36.9626,31.58856,-16.04385,-13.51673,-5.062057,8140
65.46,-599.5582,0,0,-6.821349,-6.805714,-22.1229,-4.882822,-16.11133,-15.64418,-9.040257,8872
65.48,-449.0131,0,0,-7.022869,-7.426639,-15.2832,-42.49537,-15.50401,-15.71736,-6.771121,8860
65.5,-397.5253,0,0,-7.642302,-8.517911,-51.23741,-50.40119,-16.31377,-16.34416,-7.780025,8848
65.52,-302.3102,0,0,-8.947054,-9.739659,-86.30613,-46.36055,-16.31377,-16.51385,-7.106747,8872
65.54,-174.0128,0,0,-10.47172,-10.8909,-76.00078,-29.21481,-15.84141,-16.17606,-3.769222,8868
65.56,-129.7758,0,0,-11.68202,-11.63584,-58.61146,-0.9456716,-16.04385,-16.19192,-0.3320625,8880
65.58,-34.28107,0,0,-12.43583,-11.81101,-32.9626,24.8878,-15.30157,-15.50536,7.694698,8872
65.6,-29.37103,0,0,-12.38517,-11.35175,26.45727,51.75044,-15.30157,-15.16928,15.2779,8840
65.62,-58.4422,0,0,-11.19511,-10.06154,58.77789,66.70015,-15.23409,-14.79379,24.86647,8832
65.64,-72.38788,0,0,-9.760174,-8.513304,73.46493,69.28931,-14.76173,-14.15749,33.03953,8824
65.66,-34.87854,0,0,-8.192331,-6.956052,80.36568,64.7399,-13.61457,-12.963,40.98877,8816
65.68,13.42554,0,0,-6.229897,-5.250265,96.10615,59.53735,-12.19749,-11.39129,49.23769,8752
65.7,555.8093,0,0,-4.427027,-3.33735,90.12141,55.89159,-4.977129,-5.095701,75.14268,8668
65.72,553.4706,0,0,-2.755697,-1.294943,74.57943,103.0446,-3.357609,-2.135779,80.74744,8212
65.74,293.3737,0,0,-1.624462,0.8237998,58.24354,130.1973,-3.357609,-1.591839,72.52742,8112
65.76,-566.3741,0,0,-0.520649,2.147653,60.04507,117.3161,-10.37553,-7.462193,34.75684,8100
65.78,-696.2796,0,0,0.6365502,2.432764,67.8008,17.83993,-10.51049,-9.435871,18.10757,8520
65.8,-591.6458,0,0,2.313232,1.788452,93.37332,-66.47066,-10.24057,-9.748023,11.84253,8508
65.82,-379.2496,0,0,3.880859,1.181341,76.91531,-116.1579,-8.958448,-8.64407,14.82748,8528
65.84,-299.291,0,0,4.598742,0.7031534,14.5336,-129.5727,-8.68853,-8.048893,14.61012,8440
65.86,-364.474,0,0,3.532343,-0.2856586,-72.32139,-127.3749,-9.565769,-8.78176,4.248228,8436
65.88,-211.9799,0,0,1.783116,-1.603607,-92.71835,-127.132,-8.081209,-8.004394,1.271706,8496
65.9,-198.0213,0,0,0.3221871,-2.835277,-73.58856,-106.9871,-8.41861,-8.170065,-3.101225,8424
65.92,280.3025,0,0,-1.115524,-3.562648,-71.35956,-87.18188,-3.290129,-4.133432,13.29583,8424
65.94,-203.0884,0,0,-2.698348,-4.303119,-80.5962,-21.34892,-8.75601,-7.573998,-5.752228,8092
65.96,69.40749,0,0,-3.870074,-4.381302,-54.97787,-22.48178,-4.977129,-5.542039,4.746666,8404
65.98,208.0781,0,0,-4.021098,-4.252059,-4.122893,4.940826,-3.695009,-3.895737,13.49577,8196
66,165.4746,0,0,-4.277542,-3.807129,-8.779383,37.93723,-3.695009,-3.457579,15.61776,8128
66.02,-139.1876,0,0,-3.623707,-2.889314,40.1672,53.39147,-6.259249,-5.357677,9.576111,8136
66.04,-333.0482,0,0,-2.519736,-1.955737,57.78552,29.2818,-7.743809,-7.019333,5.348646,8280
66.06,-195.887,0,0,-1.307383,-1.373247,57.75499,-10.02378,-6.259249,-6.19703,11.2435,8360
66.08,-135.6771,0,0,-0.6990128,-1.322431,31.99926,-24.24691,-5.989328,-5.736207,12.12378,8264
66.1,103.6215,0,0,-1.219949,-1.671311,-62.38245,-25.97961,-3.425089,-3.650035,17.14263,8252
66.12,-30.01146,0,0,-2.868731,-2.657701,-75.19162,1.666355,-4.977129,-4.585335,5.116565,8120
66.14,-47.92014,0,0,-4.453043,-3.590497,-50.80993,11.35489,-4.977129,-5.027332,-1.08967,8208
66.16,-149.8351,0,0,-4.122271,-3.683586,55.44965,15.3181,-6.259249,-6.048986,-2.060407,8204
66.18,-168.2953,0,0,-3.247858,-3.247564,41.51071,5.227288,-6.529169,-6.371116,1.756122,8284
66.2,-21.48793,0,0,-2.526217,-2.776579,26.19773,-5.398104,-5.044609,-5.148968,10.40882,8292
66.22,-71.9458,0,0,-2.017246,-2.39565,19.73971,0.7292557,-5.65193,-5.253637,10.83058,8204
66.24,-2.764053,0,0,-2.570242,-2.452523,-41.72596,1.194522,-4.639729,-4.587723,10.98702,8260
66.26,110.8117,0,0,-3.45579,-2.859312,-49.80229,11.11266,-3.357609,-3.511348,11.77017,8092
66.28,-11.47293,0,0,-4.397148,-3.363834,40.90002,31.87966,-4.639729,-4.376014,4.364019,8120
66.3,-101.287,0,0,-2.860887,-2.49263,60.64048,29.18659,-5.247049,-4.846683,8.950115,8176
66.32,-105.4357,0,0,-1.432004,-1.450459,57.52598,14.0053,-4.977129,-4.611207,13.89127,8228
66.34,-63.77776,0,0,-0.5766808,-0.7845402,42.41147,0.7339952,-4.30233,-3.984729,16.63607,8228
66.36,-110.8141,0,0,-0.43216,-0.647617,6.68627,-4.603127,-4.639729,-4.171794,12.63418,8172
66.38,-27.65729,0,0,-0.8657681,-0.9179944,-29.80229,-11.68797,-3.560049,-3.484793,11.41397,8188
66.4,-61.51035,0,0,-1.906384,-1.685293,-57.68016,-5.047113,-4.03241,-3.856913,4.06887,8148
66.42,-54.26097,0,0,-2.911168,-2.469804,-58.7336,-0.9619105,-4.03241,-4.073388,-0.1769676,8160
66.44,33.87002,0,0,-5.070221,-3.882248,-2.596175,8.879926,-3.425089,-3.888141,-5.365419,8172
66.46,24.67459,0,0,-3.50341,-3.352012,54.31987,20.50263,-3.762489,-3.72925,4.464684,8124
66.48,-18.14076,0,0,-2.589908,-2.458877,38.18246,24.56797,-3.96493,-3.699585,9.085217,8136
66.5,36.30888,0,0,-2.174813,-1.801416,17.31223,21.53869,-3.02021,-2.926815,13.3336,8144
66.52,-17.4259,0,0,-1.813434,-1.369699,27.40384,23.73537,-3.357609,-3.008237,12.2509,8088
66.54,-82.77179,0,0,-1.055391,-0.8037865,33.11376,17.43435,-3.695009,-3.266595,11.71608,8104
66.56,-22.66379,0,0,-0.5085301,-0.3910997,16.42673,4.947497,-2.75029,-2.580576,14.01352,8140
66.58,-32.82953,0,0,-0.4816985,-0.3783931,-7.695413,2.456862,-2.75029,-2.470997,11.31507,8076
66.6,-46.13784,0,0,-0.9161037,-0.6721764,-28.90153,0.9542785,-2.75029,-2.560173,7.012386,8092
66.62,-43.90714,0,0,-1.770284,-1.303739,-42.68779,1.085991,-2.75029,-2.727586,2.005648,8088
66.64,-147.1907,0,0,-1.864195,-1.65833,10.6252,1.775805,-4.03241,-3.793761,-2.841537,8060
66.66,-47.83475,0,0,-1.349094,-1.528066,12.3962,-9.428677,-3.02021,-3.153899,2.949293,8144
66.68,-28.27586,0,0,-1.225632,-1.511311,-2.183961,-7.228218,-3.02021,-2.950038,4.181458,8080
66.7,-28.76704,0,0,-1.596034,-1.6617,-23.75649,-2.751878,-3.02021,-2.945604,3.004653,8088
66.72,-114.8915,0,0,-2.425045,-2.155084,-44.29084,2.463253,-4.03241,-3.873349,-3.5156,8108
66.74,-9.23793,0,0,-3.564669,-2.918206,9.861844,0.6840553,-3.08769,-3.479215,-3.874944,8136
66.76,106.6404,0,0,-2.249589,-2.386535,37.66338,6.915366,-2.075489,-2.257258,8.511508,8100
66.78,85.19613,0,0,-1.723454,-1.69898,19.78551,21.14028,-2.075489,-1.84653,12.21482,8024
66.8,38.72353,0,0,-1.853077,-1.294495,-13.87862,28.55108,-2.075489,-1.818022,10.80047,8024
66.82,8.536835,0,0,-2.34952,-1.334034,-29.86336,30.00992,-2.075489,-1.948753,7.02189,8044
66.84,-88.18382,0,0,-2.233498,-1.329416,75.29698,27.52006,-3.02021,-2.762042,2.865985,8044
66.86,-76.28615,0,0,-0.7657663,-0.6100782,63.52599,11.98633,-2.75029,-2.569056,8.356532,8072
66.88,-110.6966,0,0,-0.08639166,-0.2046596,23.26643,0.6285988,-3.08769,-2.760393,7.642027,8096
66.9,-79.89228,0,0,-0.5526087,-0.5011597,-43.06947,-9.259312,-2.75029,-2.676281,4.226021,8128
66.92,-27.91554,0,0,-1.510655,-1.275686,-61.52749,-9.925326,-2.412889,-2.527844,0.4944372,8076
66.94,-82.75934,0,0,-2.864957,-2.34883,-73.25269,-1.122519,-3.357609,-3.39718,-7.409088,8064
66.96,34.20966,0,0,-3.939133,-3.222049,6.5794,2.695491,-2.412889,-2.919301,-6.013664,8104
66.98,33.70854,0,0,-3.177372,-3.000287,16.77788,15.27368,-2.75029,-2.82067,0.4219047,8040
67,27.7898,0,0,-2.77705,-2.47974,3.11375,22.43275,-2.68281,-2.639545,4.679951,8092
67.02,10.35054,0,0,-2.627769,-2.078806,20.79315,26.00367,-2.68281,-2.583551,6.031964,8088
67.04,-51.14459,0,0,-1.306859,-1.158646,58.19774,22.7434,-3.08769,-2.731395,9.79233,8084
67.06,-74.11105,0,0,-0.607688,-0.5039876,29.15956,12.04578,-3.02021,-2.701613,10.5057,8100
67.08,-86.10313,0,0,-0.5751464,-0.4213425,-5.252665,2.237844,-3.02021,-2.779519,7.678796,8096
67.1,-82.86992,0,0,-0.9503007,-0.768757,-27.81756,-4.513468,-3.02021,-2.905448,3.849925,8112
67.12,-36.50546,0,0,-1.591786,-1.356787,-42.55038,-6.743787,-2.68281,-2.760611,1.479804,8064
67.14,-12.70581,0,0,-2.503135,-2.097995,-53.13054,-0.7726905,-2.68281,-2.813115,-1.547013,8068
67.16,2.571983,0,0,-3.363146,-2.756282,-2.428236,8.297956,-2.75029,-2.934496,-3.345513,8068
67.18,99.32475,0,0,-2.446246,-2.299472,25.77025,13.68432,-1.738089,-1.924972,6.825767,8072
67.2,-30.01425,0,0,-2.203239,-1.88124,13.19009,26.11165,-3.02021,-2.651191,4.717058,8004
67.22,20.65018,0,0,-1.78623,-1.340133,25.43437,20.06849,-2.075489,-2.059141,8.954133,8084
67.24,-19.94756,0,0,-0.7849534,-0.6431974,49.2359,18.13942,-2.345409,-2.020824,11.14665,8036
67.26,-52.25953,0,0,-0.08620696,-0.04637179,24.06032,10.51701,-2.345409,-1.993439,11.40795,8056
67.28,-72.77032,0,0,0.02961952,0.09989673,-2.077091,1.598075,-2.345409,-2.063746,8.605958,8040
67.3,-52.03201,0,0,-0.3483374,-0.2062071,-24.1687,-5.417885,-2.075489,-1.982343,5.245244,8060
67.32,-40.28163,0,0,-1.020979,-0.8035097,-37.22214,-6.016022,-2.075489,-2.071345,1.185221,8052
67.34,-25.28669,0,0,-1.537583,-1.329217,-15.2832,-3.56352,-2.075489,-2.139167,-0.7796826,8036
67.36,-14.54043,0,0,-1.438949,-1.429792,0.04504682,-0.4859054,-2.075489,-2.093555,0.7445579,8052
67.38,-12.36289,0,0,-1.39271,-1.384478,0.7473372,2.56802,-2.075489,-2.048407,1.865901,8064
67.4,-15.81078,0,0,-1.258814,-1.240273,5.098484,4.437713,-2.075489,-2.008088,2.980935,8028
67.42,-22.53802,0,0,-1.045682,-1.036982,8.243522,4.687656,-2.075489,-1.971614,3.964486,8044
67.44,-29.63754,0,0,-0.9432571,-0.9013953,2.472528,3.810092,-2.075489,-1.964303,4.032244,8040
67.46,-70.86318,0,0,-0.8578755,-0.8383674,2.243521,2.177152,-2.48037,-2.296226,2.396758,8036
67.48,-65.73796,0,0,-0.8201336,-0.8462366,-1.176328,-3.210249,-2.412889,-2.340566,2.053762,8048
67.5,-50.92564,0,0,-0.8623719,-0.9519481,-5.970222,-6.157053,-2.345409,-2.307505,1.800058,8068
67.52,-53.65268,0,0,-1.076384,-1.154448,-12.15343,-5.99711,-2.48037,-2.431334,0.5239584,8060
67.54,-45.71904,0,0,-1.204241,-1.303591,-5.741215,-5.731366,-2.48037,-2.463934,0.4297516,8044
67.56,-32.09625,0,0,-1.242757,-1.368791,-2.489305,-4.577111,-2.412889,-2.401297,1.201562,8064
67.58,-34.43812,0,0,-1.222319,-1.355772,-0.2602969,-2.462806,-2.48037,-2.418415,1.758552,8032
67.6,-35.06348,0,0,-1.194173,-1.301501,0.1824515,-1.370131,-2.48037,-2.410346,2.332557,8048
67.62,-24.67678,0,0,-1.092329,-1.199631,3.999247,-0.9949111,-2.345409,-2.28162,3.493112,8064
67.64,-33.93764,0,0,-1.020496,-1.108831,3.342758,0.06239766,-2.412889,-2.295823,3.612847,8020
67.66,-39.59549,0,0,-0.930287,-1.013318,3.556499,-0.457199,-2.412889,-2.29609,3.761186,8048
67.68,-49.0678,0,0,-0.8955053,-0.9724898,1.754971,-1.517332,-2.48037,-2.357964,3.295793,8072
67.7,-38.37463,0,0,-0.8626179,-0.956846,-1.283198,-3.279894,-2.345409,-2.26982,3.524946,8060
67.72,-37.82712,0,0,-0.8572553,-0.9688567,0.09084838,-3.395295,-2.345409,-2.250758,3.319723,8048
67.74,-45.1264,0,0,-0.8693649,-0.985575,-2.886252,-3.38659,-2.412889,-2.3057,2.833484,8044
67.76,-52.13417,0,0,-0.8414676,-0.9852322,1.953444,-4.198856,-2.48037,-2.373559,2.527,8060
67.78,-45.29318,0,0,-0.8349786,-0.9967377,-0.6419765,-5.462506,-2.412889,-2.338406,2.630779,8068
67.8,-31.3532,0,0,-0.8180869,-1.001257,0.7626044,-5.643275,-2.277929,-2.216718,3.153786,8072
67.82,-49.63549,0,0,-0.8319499,-1.012648,-1.405335,-4.331342,-2.48037,-2.349793,2.413099,8064
67.84,-46.25899,0,0,-0.7791969,-0.9774167,2.380925,-5.444839,-2.412889,-2.324646,2.750245,8060
67.86,-45.2873,0,0,-0.7981953,-0.989441,-2.275565,-5.805718,-2.412889,-2.32362,2.585044,8060
67.88,-38.67958,0,0,-0.8025299,-0.998843,0.1519171,-5.925509,-2.345409,-2.26948,2.775043,8040
67.9,-50.53784,0,0,-0.8132265,-1.01161,-0.4282355,-5.315694,-2.48037,-2.36523,2.274483,8048
67.92,-51.43911,0,0,-0.7775084,-0.995609,0.9305434,-6.2046,-2.48037,-2.38575,2.365903,8056
67.94,-43.82269,0,0,-0.798443,-1.012637,-1.512206,-6.829518,-2.412889,-2.340391,2.483198,8048
67.96,-48.31561,0,0,-0.7884765,-1.021014,0.5488637,-6.502542,-2.48037,-2.379344,2.354406,8052
67.98,-42.22281,0,0,-0.8036164,-1.027749,-0.6267089,-6.687514,-2.412889,-2.336252,2.54916,8052
68,-41.66644,0,0,-0.7864241,-1.019233,0.07558119,-6.239234,-2.412889,-2.320448,2.699703,8064
68.02,-36.76791,0,0,-0.7688664,-0.9956952,0.2435202,-5.930074,-2.345409,-2.259112,3.033164,8052
68.04,-50.44339,0,0,-0.7588856,-0.9785055,0.1977187,-5.277521,-2.48037,-2.352628,2.578082,8040
68.06,-46.30585,0,0,-0.7585112,-0.9683608,0.304589,-6.228707,-2.412889,-2.326646,2.670241,8056
68.08,-45.27976,0,0,-0.75791,-0.9762672,-0.3824344,-6.449794,-2.412889,-2.321147,2.616041,8056
68.1,-45.02654,0,0,-0.7606282,-0.9838089,0.06031401,-6.483104,-2.412889,-2.320276,2.574146,8052
68.12,-44.95986,0,0,-0.7638642,-0.9890158,-0.2908313,-6.468019,-2.412889,-2.32039,2.546909,8052
68.14,-39.01811,0,0,-0.7554661,-0.9832332,0.3351234,-6.466643,-2.345409,-2.264287,2.81859,8072
68.16,-39.44811,0,0,-0.7601438,-0.9794009,0.1061156,-5.853573,-2.345409,-2.250251,2.814226,8060
68.18,-41.11211,0,0,-0.7544896,-0.9655857,0.3961921,-5.506084,-2.345409,-2.246897,2.808909,8044
68.2,-42.6134,0,0,-0.7488982,-0.9530023,0.3198562,-5.464214,-2.345409,-2.247518,2.762375,8048
68.22,-49.55341,0,0,-0.7508578,-0.9527618,-0.1686933,-5.5943,-2.412889,-2.305202,2.425859,8056
68.24,-49.54878,0,0,-0.7587439,-0.9642746,-0.0007547362,-6.362033,-2.412889,-2.323593,2.290287,8076
68.26,-47.92979,0,0,-0.7577829,-0.9803944,0.09084838,-6.871762,-2.412889,-2.327847,2.270687,8076
68.28,-46.43753,0,0,-0.7569372,-0.9930395,-0.4129688,-7.043774,-2.412889,-2.327043,2.305109,8044
68.3,-45.62946,0,0,-0.7406691,-0.9904274,0.3809245,-7.047726,-2.412889,-2.322463,2.426975,8048
68.32,-39.33427,0,0,-0.7480102,-0.989916,0.2129859,-6.942549,-2.345409,-2.266867,2.673157,8056
68.34,-45.58586,0,0,-0.7458469,-0.9852188,0.09084838,-6.247501,-2.412889,-2.305604,2.502334,8032
68.36,-46.97324,0,0,-0.7349968,-0.9708534,0.4419934,-6.449121,-2.412889,-2.315256,2.518482,8052
68.38,-46.96344,0,0,-0.7371756,-0.9706177,-0.1534266,-6.723306,-2.412889,-2.319506,2.47116,8060
68.4,-46.56839,0,0,-0.733512,-0.9728357,0.1213828,-6.915477,-2.412889,-2.320414,2.468452,8040
68.42,-40.21976,0,0,-0.7287676,-0.9709091,0.1824515,-7.009851,-2.345409,-2.265103,2.725081,8040
68.44,-40.39397,0,0,-0.7221685,-0.9634894,0.09084838,-6.449383,-2.345409,-2.249132,2.780204,8044
68.46,-47.95011,0,0,-0.7226086,-0.9551879,0.3351234,-6.101501,-2.412889,-2.300888,2.511006,8044
68.48,-48.93014,0,0,-0.7291231,-0.955631,-0.01602192,-6.619755,-2.412889,-2.317832,2.395763,8044
68.5,-42.07804,0,0,-0.7299884,-0.9623145,0.07558119,-7.055809,-2.345409,-2.268366,2.592197,8048
68.52,-47.35959,0,0,-0.728531,-0.9690666,0.3198562,-6.660697,-2.412889,-2.308755,2.388068,8052
68.54,-47.85596,0,0,-0.7286884,-0.9693706,0.07558119,-6.929031,-2.412889,-2.319564,2.36501,8044
68.56,-41.29518,0,0,-0.7204181,-0.9665028,0.09084838,-7.17484,-2.345409,-2.266319,2.63917,8056
68.58,-40.92006,0,0,-0.7349158,-0.9726363,0.1061156,-6.635139,-2.345409,-2.253777,2.61601,8052
68.6,-47.94835,0,0,-0.7289034,-0.9658945,0.06031401,-6.258211,-2.412889,-2.304032,2.415509,8036
68.62,-48.7572,0,0,-0.7267736,-0.9611724,0.1671843,-6.726958,-2.412889,-2.318394,2.371199,8056
68.64,-47.93533,0,0,-0.7314293,-0.9698659,0.09084838,-7.110036,-2.412889,-2.323411,2.326536,8048
68.66,-40.93012,0,0,-0.7279465,-0.9738207,0.1519171,-7.28236,-2.345409,-2.268613,2.596971,8060
68.68,-46.57282,0,0,-0.7272519,-0.9755678,0.04504682,-6.694649,-2.412889,-2.307327,2.41794,8072
68.7,-47.52731,0,0,-0.7198753,-0.9668962,0.1519171,-6.894002,-2.412889,-2.3168,2.433459,8068
68.72,-41.23071,0,0,-0.725565,-0.9675351,0.1213828,-7.104614,-2.345409,-2.266041,2.635527,8040
68.74,-47.00732,0,0,-0.7248567,-0.9691478,0.1519171,-6.615578,-2.412889,-2.306615,2.432369,8040
68.76,-47.7365,0,0,-0.7349505,-0.9718512,0.1671843,-6.845615,-2.412889,-2.319451,2.360365,8044
68.78,-41.06985,0,0,-0.7423436,-0.9782188,0.07558119,-7.044829,-2.345409,-2.269011,2.570887,8048
68.8,-46.71493,0,0,-0.727864,-0.9739053,0.09084838,-6.546919,-2.412889,-2.30682,2.447729,8040
68.82,-47.65495,0,0,-0.7231656,-0.9657729,0.09084838,-6.801188,-2.412889,-2.316883,2.439522,8040
68.84,-41.33118,0,0,-0.7242631,-0.9649455,0.09084838,-7.059616,-2.345409,-2.265729,2.65402,8056
68.86,-53.00927,0,0,-0.7354068,-0.9762499,0.1061156,-6.573366,-2.48037,-2.362838,2.152793,8040
68.88,-41.35508,0,0,-0.7300909,-0.9725476,0.1366499,-7.42957,-2.345409,-2.278706,2.608418,8036
68.9,-33.93072,0,0,-0.7291605,-0.9727527,-0.3060985,-6.818213,-2.277929,-2.200191,2.9227,8044
68.92,-47.23963,0,0,-0.75315,-0.9771871,-0.4740371,-5.60465,-2.412889,-2.291826,2.393978,8060
68.94,-55.51144,0,0,-0.7281989,-0.9584195,0.5183294,-6.217348,-2.48037,-2.368721,2.185391,8048
68.96,-48.80474,0,0,-0.7036026,-0.9499674,1.388559,-7.53257,-2.412889,-2.332962,2.432363,8036
68.98,-46.46183,0,0,-0.7298952,-0.9772075,-0.9931214,-7.660048,-2.412889,-2.327308,2.321453,8056
69,-39.20795,0,0,-0.7601545,-1.002115,-1.832817,-7.406812,-2.345409,-2.273131,2.494923,8064
69.02,-45.06697,0,0,-0.7372531,-0.9927264,0.9763447,-6.564196,-2.412889,-2.306617,2.47322,8060
69.04,-46.33012,0,0,-0.7586471,-0.9917438,-0.2297625,-6.539143,-2.412889,-2.319072,2.386405,8060
69.06,-46.22746,0,0,-0.7510393,-0.9875265,0.07558119,-6.671709,-2.412889,-2.321156,2.432582,8036
69.08,-45.90431,0,0,-0.7509233,-0.9877313,0.4877952,-6.751395,-2.412889,-2.321547,2.444802,8044
69.1,-39.7458,0,0,-0.7347217,-0.9768348,-0.1534266,-6.810659,-2.345409,-2.264211,2.767882,8060
69.12,-46.15604,0,0,-0.7289174,-0.9688065,0.2740546,-6.253304,-2.412889,-2.303043,2.573862,8064
69.14,-47.41312,0,0,-0.7406589,-0.968108,0.1213828,-6.501145,-2.412889,-2.316906,2.462205,8072
69.16,-47.05278,0,0,-0.7442669,-0.9747117,0.3198562,-6.783923,-2.412889,-2.321793,2.414397,8064
69.18,-52.37013,0,0,-0.7458398,-0.985294,0.1519171,-6.935247,-2.48037,-2.377573,2.165978,8052
69.2,-51.56908,0,0,-0.7362797,-0.9901965,0.02977964,-7.596874,-2.48037,-2.39024,2.19712,8052
69.22,-43.64204,0,0,-0.7543531,-1.008914,-0.2450293,-7.897856,-2.412889,-2.340086,2.399246,8044
69.24,-42.36911,0,0,-0.7460506,-1.010492,0.304589,-7.311736,-2.412889,-2.322251,2.553622,8056
69.26,-43.18763,0,0,-0.7350727,-0.9946878,0.1213828,-6.821913,-2.412889,-2.314584,2.667394,8048
69.28,-44.40477,0,0,-0.7332544,-0.9802952,-0.0007547362,-6.589187,-2.412889,-2.313217,2.678075,8048
69.3,-39.25858,0,0,-0.740406,-0.9729896,0.1824515,-6.536671,-2.345409,-2.260811,2.857383,8060
69.32,-51.90168,0,0,-0.7524237,-0.9783031,-0.0007547362,-5.962611,-2.48037,-2.35896,2.320107,8040
69.34,-52.88107,0,0,-0.7427267,-0.9750801,0.4572606,-6.885104,-2.48037,-2.385135,2.269264,8048
69.36,-39.10045,0,0,-0.7443736,-0.9840906,-0.3366328,-7.583295,-2.345409,-2.283125,2.712927,8060
69.38,-43.81672,0,0,-0.7457063,-0.9924265,0.4114593,-6.652755,-2.412889,-2.308755,2.556639,8040
69.4,-39.27989,0,0,-0.7464002,-0.9819055,0.2587874,-6.498717,-2.345409,-2.260774,2.795738,8040
69.42,-40.12754,0,0,-0.7375709,-0.9672566,-0.01602192,-5.96554,-2.345409,-2.247291,2.844672,8048
69.44,-47.94582,0,0,-0.7313417,-0.9533574,0.304589,-5.72545,-2.412889,-2.299594,2.579566,8036
69.46,-42.99504,0,0,-0.7378407,-0.9506354,0.02977964,-6.338204,-2.345409,-2.262772,2.678408,8076
69.48,-48.53148,0,0,-0.7277147,-0.9531612,0.1977187,-6.2814,-2.412889,-2.307045,2.446,8048
69.5,-48.68453,0,0,-0.7398164,-0.964106,0.04504682,-6.769552,-2.412889,-2.321704,2.324502,8044
69.52,-41.55299,0,0,-0.7374914,-0.9720158,0.07558119,-7.106683,-2.345409,-2.269978,2.564974,8052
69.54,-46.82563,0,0,-0.7391815,-0.9791753,0.1824515,-6.607948,-2.412889,-2.309692,2.369819,8064
69.56,-47.37273,0,0,-0.7418537,-0.9793471,0.09084838,-6.799019,-2.412889,-2.320396,2.352769,8064
69.58,-46.81286,0,0,-0.7411196,-0.9823117,0.2282531,-6.983546,-2.412889,-2.322745,2.366756,8064
69.6,-40.18643,0,0,-0.7405117,-0.982626,0.2129859,-7.044055,-2.345409,-2.267796,2.635344,8060
69.62,-46.09989,0,0,-0.7404382,-0.981791,0.01451245,-6.419772,-2.412889,-2.30687,2.452924,8048
69.64,-41.07269,0,0,-0.7480321,-0.977157,0.1213828,-6.575153,-2.345409,-2.26423,2.642326,8052
69.66,-53.02898,0,0,-0.7487493,-0.9804296,0.1366499,-6.181945,-2.48037,-2.362342,2.18165,8048
69.68,-41.47691,0,0,-0.7341215,-0.9700541,0.1061156,-7.157353,-2.345409,-2.277723,2.661179,8048
69.7,-40.13135,0,0,-0.7288023,-0.970103,-0.2908313,-6.656822,-2.345409,-2.253867,2.730022,8040
69.72,-53.42374,0,0,-0.7171024,-0.9606956,0.7168028,-6.232228,-2.48037,-2.355507,2.298139,8044
69.74,-54.24171,0,0,-0.7274536,-0.9656386,-0.09235785,-7.26952,-2.48037,-2.386436,2.146108,8048
69.76,-46.12009,0,0,-0.7136911,-0.9738514,-0.2297625,-8.073984,-2.412889,-2.337544,2.4257,8048
69.78,-38.33848,0,0,-0.7133621,-0.9807387,0.5335966,-7.7795,-2.345409,-2.267727,2.734492,8044
69.8,-38.74892,0,0,-0.7213894,-0.9776909,-0.1992282,-6.770441,-2.345409,-2.248744,2.781818,8048
69.82,-40.80855,0,0,-0.7267989,-0.9639807,0.3961921,-6.12559,-2.345409,-2.245006,2.770648,8052
69.84,-42.54215,0,0,-0.738118,-0.9563703,0.02977964,-5.878108,-2.345409,-2.24767,2.681084,8036
69.86,-49.6602,0,0,-0.727345,-0.9478316,0.2740546,-5.928172,-2.412889,-2.303318,2.42813,8048
69.88,-43.85769,0,0,-0.7390218,-0.9540966,0.1061156,-6.646821,-2.345409,-2.267298,2.522528,8060
69.9,-42.56525,0,0,-0.7515129,-0.970781,0.06031401,-6.501427,-2.345409,-2.259114,2.475789,8056
69.92,-48.50547,0,0,-0.7533551,-0.978091,0.1213828,-6.268529,-2.412889,-2.310683,2.251885,8060
69.94,-48.47958,0,0,-0.7541929,-0.9819279,0.2893218,-6.709362,-2.412889,-2.324164,2.236706,8048
69.96,-41.35622,0,0,-0.7393179,-0.9790081,-0.0007547362,-7.034183,-2.345409,-2.269844,2.563687,8040
69.98,-40.84564,0,0,-0.7294237,-0.9722837,0.2587874,-6.558144,-2.345409,-2.252845,2.664145,8068
70,-47.89265,0,0,-0.7396701,-0.9704272,0.1366499,-6.169292,-2.412889,-2.305008,2.386678,8060
70.02,-48.63523,0,0,-0.733012,-0.9649255,0.1213828,-6.642798,-2.412889,-2.318984,2.367809,8048
70.04,-53.76315,0,0,-0.7416484,-0.9784522,0.1977187,-7.017651,-2.48037,-2.379108,2.068686,8056
70.06,-40.27984,0,0,-0.7487685,-0.9913383,0.04504682,-7.749002,-2.345409,-2.285756,2.516017,8036
70.08,-44.47517,0,0,-0.7511913,-1.002369,-0.4435031,-6.865807,-2.412889,-2.312745,2.393976,8060
70.1,-51.72334,0,0,-0.7203841,-0.9813976,1.373291,-6.789571,-2.48037,-2.36882,2.323004,8052
70.12,-45.95388,0,0,-0.7219945,-0.9749905,-0.4282355,-7.469377,-2.412889,-2.33078,2.51286,8048
70.14,-50.84272,0,0,-0.7231139,-0.9825416,-0.07709067,-7.343812,-2.48037,-2.375316,2.293023,8060
70.16,-44.71988,0,0,-0.713577,-0.9787281,0.5793981,-7.772481,-2.412889,-2.330681,2.565623,8048
70.18,-43.97054,0,0,-0.7163341,-0.9810752,0.04504682,-7.431998,-2.412889,-2.318473,2.59608,8056
70.2,-44.58755,0,0,-0.7135882,-0.9745713,0.2587874,-7.135986,-2.412889,-2.314545,2.626755,8052
70.22,-39.33133,0,0,-0.7179347,-0.9673443,-0.107625,-6.985346,-2.345409,-2.26013,2.839275,8044
70.24,-46.09504,0,0,-0.7278816,-0.9669635,-0.01602192,-6.334249,-2.412889,-2.30248,2.563652,8048
70.26,-47.4952,0,0,-0.7277039,-0.96144,0.1824515,-6.585884,-2.412889,-2.315212,2.502832,8056
70.28,-41.44655,0,0,-0.7120355,-0.9526882,-0.0007547362,-6.935199,-2.345409,-2.262648,2.763291,8048
70.3,-41.44683,0,0,-0.7114253,-0.9502435,0.3351234,-6.561053,-2.345409,-2.249285,2.754993,8052
70.32,-48.63652,0,0,-0.7153919,-0.9487333,0.07558119,-6.308177,-2.412889,-2.302254,2.457561,8064
70.34,-49.30865,0,0,-0.7196538,-0.9518302,0.2587874,-6.856422,-2.412889,-2.318676,2.356845,8080
70.36,-48.452,0,0,-0.7024801,-0.9526541,1.098482,-7.336822,-2.412889,-2.32074,2.394954,8056
70.38,-41.48353,0,0,-0.7117046,-0.9621636,-0.4129688,-7.538081,-2.345409,-2.267766,2.586817,8052
70.4,-41.0677,0,0,-0.707394,-0.9617022,0.1519171,-6.975333,-2.345409,-2.251688,2.656966,8056
70.42,-48.22015,0,0,-0.7128446,-0.9583666,0.1977187,-6.549388,-2.412889,-2.303041,2.401176,8036
70.44,-48.97885,0,0,-0.7212063,-0.9601565,0.02977964,-6.967482,-2.412889,-2.319162,2.31508,8052
70.46,-42.09802,0,0,-0.7176432,-0.9630591,0.3656577,-7.326005,-2.345409,-2.26815,2.560594,8084
70.48,-47.47209,0,0,-0.7156157,-0.9666935,0.02977964,-6.879158,-2.412889,-2.307928,2.374089,8056
70.5,-42.11055,0,0,-0.709751,-0.9587232,-0.0007547362,-7.134115,-2.345409,-2.263064,2.622936,8048
70.52,-41.89162,0,0,-0.7176975,-0.9602134,0.09084838,-6.742134,-2.345409,-2.252353,2.610532,8064
70.54,-48.63277,0,0,-0.7325392,-0.9657221,0.02977964,-6.423021,-2.412889,-2.306651,2.307754,8036
70.56,-54.9959,0,0,-0.7298081,-0.9690695,0.3198562,-6.904449,-2.48037,-2.375779,2.044199,8044
70.58,-47.59586,0,0,-0.7286956,-0.9788364,0.1671843,-7.86484,-2.412889,-2.33908,2.262469,8052
70.6,-45.13211,0,0,-0.745272,-1.001532,-0.8099151,-7.705493,-2.412889,-2.329291,2.27461,8040
70.62,-44.19394,0,0,-0.7708477,-1.020171,0.09084838,-7.269413,-2.412889,-2.327289,2.27283,8040
70.64,-44.06416,0,0,-0.7533128,-1.009876,0.01451245,-6.925107,-2.412889,-2.321142,2.457202,8052
70.66,-44.43761,0,0,-0.7553996,-1.001232,0.3961921,-6.679976,-2.412889,-2.319147,2.505239,8048
70.68,-50.74485,0,0,-0.7677223,-1.00389,-0.1381594,-6.529113,-2.48037,-2.375237,2.238939,8056
70.7,-50.49016,0,0,-0.7737479,-1.010274,0.1366499,-7.048887,-2.48037,-2.390928,2.208633,8048
70.72,-42.78809,0,0,-0.7859469,-1.024439,-0.07709067,-7.326434,-2.412889,-2.340676,2.442536,8052
70.74,-41.60501,0,0,-0.7829724,-1.026978,0.1824515,-6.734271,-2.412889,-2.323883,2.57113,8068
70.76,-48.38931,0,0,-0.7751962,-1.016216,0.2893218,-6.246387,-2.48037,-2.371656,2.431385,8048
70.78,-43.22474,0,0,-0.7703938,-1.003446,0.1366499,-6.618966,-2.412889,-2.329819,2.673631,8080
70.8,-36.96227,0,0,-0.7602855,-0.9920388,0.3351234,-6.371296,-2.345409,-2.262827,2.975713,8056
70.82,-38.10287,0,0,-0.7641793,-0.9815004,0.04504682,-5.565991,-2.345409,-2.246427,2.968937,8048
70.84,-40.38352,0,0,-0.7687646,-0.968325,0.1519171,-5.136409,-2.345409,-2.244979,2.894993,8056
70.86,-54.32871,0,0,-0.7489376,-0.9531291,1.205353,-5.154307,-2.48037,-2.353962,2.403479,8040
70.88,-55.07312,0,0,-0.7341426,-0.9494324,0.9916119,-6.625457,-2.48037,-2.384696,2.283806,8060
70.9,-46.82802,0,0,-0.7128733,-0.9570505,-0.0007547362,-7.73629,-2.412889,-2.336182,2.525535,8072
70.92,-44.59278,0,0,-0.7469194,-0.9906787,-1.222129,-7.544288,-2.412889,-2.327184,2.399997,8064
70.94,-44.35943,0,0,-0.7140379,-0.980921,0.7168028,-7.269208,-2.412889,-2.31712,2.602449,8044
70.96,-44.87226,0,0,-0.7314432,-0.9822309,0.09084838,-7.017166,-2.412889,-2.317096,2.540833,8056
70.98,-39.30553,0,0,-0.7308654,-0.9759116,-0.1534266,-6.896034,-2.345409,-2.262388,2.790629,8044
71,-40.02529,0,0,-0.7209918,-0.9621184,0.304589,-6.281887,-2.345409,-2.246571,2.853862,8052
71.02,-47.90224,0,0,-0.7235159,-0.952062,0.5946653,-5.950109,-2.412889,-2.299423,2.557298,8040
71.04,-42.99088,0,0,-0.7309476,-0.9499533,0.1519171,-6.503612,-2.345409,-2.262573,2.662306,8052
71.06,-54.59666,0,0,-0.7189169,-0.9536434,0.3656577,-6.422522,-2.48037,-2.36109,2.20404,8036
71.08,-48.61325,0,0,-0.7163503,-0.957846,0.2282531,-7.543076,-2.412889,-2.333524,2.357461,8044
71.1,-46.40534,0,0,-0.7229424,-0.9765062,-0.519839,-7.664234,-2.412889,-2.326144,2.349274,8060
71.12,-51.31673,0,0,-0.7551905,-1.004947,-0.3366328,-7.430409,-2.48037,-2.381573,2.027199,8032
71.14,-50.7216,0,0,-0.7163539,-0.9940502,0.304589,-7.868973,-2.48037,-2.387771,2.249414,8036
71.16,-37.60719,0,0,-0.707891,-0.9854079,0.2740546,-8.115774,-2.345409,-2.277739,2.812307,8056
71.18,-49.37982,0,0,-0.7146949,-0.9860523,-0.04655629,-6.949131,-2.48037,-2.357659,2.402914,8040
71.2,-45.21002,0,0,-0.7222422,-0.9776143,0.1213828,-7.335683,-2.412889,-2.326399,2.569873,8056
71.22,-38.92175,0,0,-0.6970612,-0.9604471,1.480162,-7.238504,-2.345409,-2.259827,2.930613,8056
71.24,-52.14521,0,0,-0.6762783,-0.9420836,0.5946653,-6.61434,-2.48037,-2.349665,2.531046,8060
71.26,-41.84666,0,0,-0.6910213,-0.9371006,-0.06182348,-7.490714,-2.345409,-2.27014,2.804345,8060
71.28,-41.03479,0,0,-0.6885698,-0.9404572,-0.2602969,-7.041575,-2.345409,-2.249302,2.804549,8056
71.3,-54.07206,0,0,-0.7266775,-0.9614416,-0.4893047,-6.565251,-2.48037,-2.359704,2.127583,8048
71.32,-42.45288,0,0,-0.7095262,-0.9561859,0.1366499,-7.595318,-2.345409,-2.277464,2.608202,8056
71.34,-52.87375,0,0,-0.7078655,-0.9669259,0.3961921,-7.124652,-2.48037,-2.363739,2.181789,8056
71.36,-47.07594,0,0,-0.7220312,-0.9761105,-0.8557167,-7.81595,-2.412889,-2.334138,2.323642,8060
71.38,-45.44484,0,0,-0.7110444,-0.980193,0.5335966,-7.71676,-2.412889,-2.322715,2.433175,8056
71.4,-39.17924,0,0,-0.7236614,-0.9830512,0.1519171,-7.442307,-2.345409,-2.265576,2.671086,8044
71.42,-45.73236,0,0,-0.7113917,-0.9713981,-0.07709067,-6.664375,-2.412889,-2.302111,2.552408,8040
71.44,-41.5,0,0,-0.6975542,-0.9486548,0.4114593,-6.846088,-2.345409,-2.256604,2.810413,8044
71.46,-42.09563,0,0,-0.6994273,-0.9407508,-0.0007547362,-6.542384,-2.345409,-2.246747,2.770742,8052
71.48,-55.4344,0,0,-0.6946865,-0.9367328,0.09084838,-6.429349,-2.48037,-2.354819,2.247361,8056
71.5,-49.78817,0,0,-0.6969121,-0.9413885,0.06031401,-7.693704,-2.412889,-2.331726,2.344236,8052
71.52,-41.36818,0,0,-0.7089498,-0.9629133,-0.7183124,-7.923416,-2.345409,-2.272016,2.534569,8044
71.54,-46.27929,0,0,-0.7416927,-0.9901031,-1.084725,-7.130823,-2.412889,-2.313113,2.238848,8048
71.56,-46.94488,0,0,-0.7122655,-0.9752817,1.235887,-7.171368,-2.412889,-2.31751,2.410768,8048
71.58,-46.85845,0,0,-0.716753,-0.9729142,-0.3671672,-7.258453,-2.412889,-2.319484,2.404774,8036
71.6,-52.69345,0,0,-0.7041552,-0.9691073,0.4725278,-7.349823,-2.48037,-2.372719,2.230255,8052
71.62,-40.2661,0,0,-0.7051761,-0.9678583,0.1977187,-7.987389,-2.345409,-2.277988,2.681431,8064
71.64,-45.36354,0,0,-0.6933924,-0.9648396,0.1213828,-7.193839,-2.412889,-2.304388,2.568011,8040
71.66,-52.83393,0,0,-0.7048141,-0.9641181,0.3961921,-7.156404,-2.48037,-2.368634,2.253998,8040
71.68,-46.71864,0,0,-0.7050233,-0.965762,-0.09235785,-7.88112,-2.412889,-2.331898,2.445467,8052
71.7,-45.32438,0,0,-0.7033517,-0.9724579,0.1213828,-7.749061,-2.412889,-2.320879,2.48968,8044
71.72,-39.13934,0,0,-0.7271321,-0.9822981,-0.1992282,-7.444699,-2.345409,-2.265829,2.664434,8040
71.74,-45.64144,0,0,-0.7150376,-0.9731051,0.1366499,-6.651951,-2.412889,-2.302643,2.545483,8044
71.76,-47.22959,0,0,-0.7192896,-0.9640412,0.1824515,-6.773346,-2.412889,-2.314346,2.491565,8056
71.78,-47.38301,0,0,-0.7059203,-0.9561198,0.3198562,-7.055844,-2.412889,-2.316621,2.513441,8056
71.8,-47.12697,0,0,-0.7117896,-0.960897,0.2129859,-7.246378,-2.412889,-2.319,2.456237,8052
71.82,-46.72121,0,0,-0.7147483,-0.9672815,-0.09235785,-7.337497,-2.412889,-2.319979,2.435298,8060
71.84,-46.37568,0,0,-0.715546,-0.9713696,0.1977187,-7.352517,-2.412889,-2.319795,2.440609,8044
71.86,-46.11745,0,0,-0.7221388,-0.976597,0.01451245,-7.307523,-2.412889,-2.320158,2.42854,8048
71.88,-52.0154,0,0,-0.715239,-0.9767665,0.1519171,-7.274751,-2.48037,-2.373239,2.238474,8052
71.9,-39.71083,0,0,-0.7157862,-0.9748991,0.2740546,-7.835762,-2.345409,-2.27806,2.70092,8048
71.92,-44.78884,0,0,-0.7227068,-0.9809246,-0.3671672,-6.951579,-2.412889,-2.307078,2.513703,8056
71.94,-52.25553,0,0,-0.7174819,-0.9730028,0.8084057,-6.894785,-2.48037,-2.368784,2.29106,8060
71.96,-40.16789,0,0,-0.7317889,-0.9764177,-0.3213652,-7.5633,-2.345409,-2.278996,2.665039,8048
71.98,-51.20692,0,0,-0.7109222,-0.9738348,0.02977964,-6.854607,-2.48037,-2.359961,2.345342,8040
72,-76.37042,0,0,-0.7138458,-0.9828159,0.8694746,-7.517169,-2.75029,-2.601876,1.308057,8048
72.02,-67.77332,0,0,-0.7102978,-1.009541,-0.3977011,-10.50571,-2.68281,-2.61164,1.438188,8064
72.04,-6.312233,0,0,-0.7023891,-1.029676,-1.496938,-11.58253,-2.075489,-2.114852,3.784986,8048
72.06,-32.842,0,0,-0.8938066,-1.131497,-8.19923,-5.566784,-2.412889,-2.27465,2.29701,8040
72.08,56.56149,0,0,-0.9989274,-1.10733,-2.84045,-3.811286,-1.33321,-1.45134,5.910157,8052
72.1,96.04115,0,0,-0.6995495,-0.8165544,13.52597,5.612531,-0.7933693,-0.7437948,9.71748,7984
72.12,3.719849,0,0,-0.6221771,-0.5146886,7.632835,15.49734,-1.46817,-1.120065,7.256557,7960
72.14,24.45299,0,0,0.002045408,0.06546372,40.50308,10.93535,-0.7933693,-0.6372751,10.47588,7988
72.16,-56.93834,0,0,0.7855793,0.6393107,35.90765,7.516716,-1.40069,-0.9600227,9.309829,7960
72.18,-30.29385,0,0,0.9467036,0.8590382,6.854209,-3.630912,-0.7933693,-0.6269636,8.637381,8000
72.2,-36.16574,0,0,0.950407,0.7808316,-0.596175,-8.478184,-0.7933693,-0.603252,5.985212,7980
72.22,-63.52634,0,0,0.5499101,0.4263087,-23.1458,-11.19849,-1.06329,-0.9127511,1.304695,7980
72.24,-92.64926,0,0,0.164714,-0.01246637,-15.49694,-14.62056,-1.46817,-1.383811,-2.8102,7984
72.26,14.21266,0,0,0.07364475,-0.2674172,-10.2603,-19.34001,-0.4559698,-0.6776084,0.3644218,7992
72.28,26.98184,0,0,-0.3227252,-0.5879905,-22.44351,-10.46938,-0.5234499,-0.5653661,-0.348755,7932
72.3,-82.43005,0,0,-0.7569546,-0.8573574,-18.2145,-2.038093,-1.738089,-1.549099,-5.305741,7956
72.32,-0.5507088,0,0,-0.3206132,-0.6207408,23.89238,-8.51651,-0.7933693,-0.9529192,0.5425494,8020
72.34,8.427725,0,0,0.01688133,-0.3799607,13.31223,-5.57033,-0.7933693,-0.7339557,2.833407,7948
72.36,-29.78401,0,0,-0.2825718,-0.4134012,-17.64962,-1.981339,-1.13077,-1.006629,0.4111778,7952
72.38,27.60362,0,0,-0.5947858,-0.5420986,6.36566,-2.510921,-0.4559698,-0.5824444,1.414381,8000
72.4,3.631681,0,0,-0.1063523,-0.2991658,15.67864,1.605552,-0.7258892,-0.5999308,3.125774,7944
72.42,50.56668,0,0,-0.2733333,-0.2205119,-9.848086,2.358603,-0.05108929,-0.1020103,4.396699,7976
72.44,-1.800919,0,0,-0.03577811,-0.03431918,19.35803,6.871193,-0.5234499,-0.3299121,3.541809,7952
72.46,44.75691,0,0,0.1738129,0.2184282,4.976346,3.984829,0.2188301,0.2104064,5.988157,7928
72.48,92.99335,0,0,0.3806025,0.4457282,16.60994,6.154693,0.89363,0.8980048,8.318496,7896
72.5,38.21791,0,0,0.6001824,0.7053823,5.464896,11.74181,0.5562305,0.7993929,6.858571,7836
72.52,-23.65648,0,0,0.7629622,0.9251925,13.69391,9.323167,0.2188301,0.4644804,4.219324,7892
72.54,11.25244,0,0,1.369824,1.286386,28.16719,-0.2890721,0.8261509,0.8991915,6.539205,7904
72.56,14.90204,0,0,1.48167,1.362266,1.174818,-3.614001,0.9611101,1.081538,5.295207,7868
72.58,-6.840525,0,0,1.178193,1.1595,-14.94733,-4.67086,0.8261509,0.9305561,1.594893,7856
72.6,-4.971382,0,0,1.09353,0.9975058,-3.084725,-7.270205,0.89363,0.9143922,0.1704568,7884
72.62,-1.747952,0,0,0.8904468,0.7776563,-11.86335,-8.193117,0.89363,0.875441,-1.371884,7876
72.64,8.90126,0,0,0.7839256,0.6210454,-3.893886,-8.099323,0.9611101,0.91253,-1.711243,7872
72.66,6.582817,0,0,0.710742,0.5247511,-4.687779,-6.702307,0.89363,0.8692473,-2.055918,7864
72.68,7.816917,0,0,0.6741553,0.4874402,-1.252663,-5.866394,0.89363,0.862397,-1.956193,7864
72.7,14.77453,0,0,0.6848454,0.4965213,0.5335966,-5.192245,0.9611101,0.924099,-1.409482,7864
72.72,14.39114,0,0,0.699451,0.5244668,0.3656577,-4.081397,0.9611101,0.9462472,-1.137088,7868
72.74,6.223373,0,0,0.7038659,0.5525187,0.4877952,-3.408098,0.89363,0.8976275,-1.285365,7876
72.76,4.261902,0,0,0.745555,0.5916064,1.999246,-3.912888,0.89363,0.8882214,-1.160889,7888
72.78,3.964771,0,0,0.7612927,0.6062841,0.8847416,-4.506702,0.89363,0.8844993,-1.188766,7872
72.8,-1.487949,0,0,0.735563,0.5850464,-0.1686933,-4.872815,0.8261509,0.8227628,-1.617852,7880
72.82,5.66555,0,0,0.7454537,0.5754207,0.07558119,-5.682395,0.89363,0.8630362,-1.374814,7872
72.84,13.46523,0,0,0.7467066,0.5677026,0.07558119,-5.49141,0.9611101,0.9306439,-1.072464,7868
72.86,13.2187,0,0,0.7449178,0.5722816,-0.03128911,-4.566623,0.9611101,0.9500237,-1.0018,7860
72.88,5.230137,0,0,0.7439539,0.5849454,0.1366499,-3.980519,0.89363,0.8997472,-1.239557,7868
72.9,3.63419,0,0,0.7580543,0.6011857,0.2893218,-4.442876,0.89363,0.8861263,-1.25887,7892
72.92,9.804798,0,0,0.7676006,0.6072497,0.04504682,-4.939445,0.9611101,0.9365815,-1.050129,7876
72.94,10.12411,0,0,0.7624698,0.6031774,0.04504682,-4.63413,0.9611101,0.9484969,-1.090156,7872
72.96,3.211407,0,0,0.7626473,0.6035931,-0.06182348,-4.403886,0.89363,0.8963133,-1.360545,7872
72.98,8.598259,0,0,0.7677642,0.6080745,0.1977187,-4.958724,0.9611101,0.9365044,-1.172131,7868
73,9.236595,0,0,0.7623069,0.6017953,0.1213828,-4.769925,0.9611101,0.946058,-1.203025,7868
73.02,8.75433,0,0,0.7648599,0.604058,0.1977187,-4.5845,0.9611101,0.9489086,-1.202251,7872
73.04,8.176144,0,0,0.7600458,0.6047328,0.2435202,-4.497356,0.9611101,0.9482695,-1.246706,7868
73.06,7.838318,0,0,0.7546609,0.602855,0.1519171,-4.48323,0.9611101,0.9466584,-1.294162,7876
73.08,1.729828,0,0,0.7510299,0.5970875,0.2129859,-4.503503,0.89363,0.8906873,-1.567558,7872
73.1,2.075012,0,0,0.749769,0.5894541,0.1519171,-5.129643,0.89363,0.8754426,-1.608769,7864
73.12,9.686543,0,0,0.7520443,0.5811522,0.1366499,-5.509095,0.9611101,0.92761,-1.338983,7884
73.14,10.76388,0,0,0.7479793,0.5752234,0.1366499,-4.976773,0.9611101,0.9430072,-1.273277,7864
73.16,10.06477,0,0,0.748531,0.5824395,0.1366499,-4.512039,0.9611101,0.948251,-1.220026,7868
73.18,9.11713,0,0,0.744466,0.5898555,0.07558119,-4.264336,0.9611101,0.9486348,-1.22829,7868
73.2,2.451946,0,0,0.7389677,0.5899817,0.04504682,-4.18883,0.89363,0.8923533,-1.506516,7876
73.22,8.459003,0,0,0.7379291,0.5887963,-0.03128911,-4.804165,0.9611101,0.9311478,-1.315472,7872
73.24,3.630688,0,0,0.7324863,0.5770221,0.01451245,-4.596693,0.89363,0.8867856,-1.546052,7868
73.26,-26.23077,0,0,0.7321554,0.5575529,0.02977964,-4.972525,0.5562305,0.6021879,-2.751186,7884
73.28,12.50198,0,0,0.7382007,0.5439695,0.1824515,-8.217361,0.9611101,0.8560796,-1.385822,7900
73.3,13.28279,0,0,0.7413811,0.5146237,-0.1534266,-6.468163,0.89363,0.8770891,-1.293881,7856
73.32,120.755,0,0,0.6007829,0.5056974,-8.138162,-4.707548,2.108271,1.851074,2.645357,7860
73.34,5.999557,0,0,0.6455672,0.5786708,3.693903,7.111064,0.89363,1.141459,-0.7637072,7792
73.36,-48.01261,0,0,0.64935,0.6979275,1.831307,3.301226,0.5562305,0.6581445,-2.738402,7868
73.38,71.75204,0,0,1.195761,1.008176,35.80079,-6.154254,1.90583,1.685678,3.568245,7908
73.4,-11.55518,0,0,1.464556,1.173325,6.441996,-1.291657,0.9611101,1.213073,1.018692,7792
73.42,-32.86094,0,0,0.9587167,0.9668389,-30.97787,-5.146737,0.89363,0.9189944,-2.803251,7864
73.44,-21.17425,0,0,0.5840448,0.59916,13.29696,-8.753394,0.89363,0.7847055,-4.847755,7868
73.46,24.07429,0,0,0.8526338,0.5712908,5.28169,-10.5541,1.23103,1.093521,-1.980217,7868
73.48,-56.42368,0,0,0.4768438,0.312978,-25.89389,-6.203081,0.2188301,0.3176675,-6.496736,7836
73.5,-15.35391,0,0,-0.2106161,-0.1430276,-27.95497,-9.397906,0.5562305,0.3057154,-7.683418,7908
73.52,-53.02111,0,0,0.4232748,-0.01384869,29.63284,-9.02003,-0.1185694,-0.08947381,-5.56931,7876
73.54,20.63096,0,0,0.4916641,0.09153947,-4.214497,-12.74097,0.6237106,0.4358689,-1.830485,7924
73.56,-90.13806,0,0,-0.1321509,-0.2780365,-35.26794,-6.184772,-0.7933693,-0.6483105,-8.348918,7872
73.58,-156.5581,0,0,-0.5056583,-0.6403002,-1.405335,-11.91629,-1.670609,-1.667965,-12.16845,7956
73.6,-101.5568,0,0,-0.3948517,-0.841662,5.358026,-22.59798,-1.46817,-1.700439,-9.434591,8008
73.62,3.254298,0,0,-0.5297821,-1.086126,-14.41297,-23.6158,-0.7933693,-1.113304,-5.165203,7996
73.64,-112.5695,0,0,-1.035119,-1.46575,-35.54275,-12.31082,-2.412889,-2.271409,-10.03649,7968
73.66,-125.4567,0,0,-1.822708,-1.962929,-50.07711,-14.16804,-2.75029,-2.906095,-12.35106,8068
73.68,-162.4464,0,0,-2.441849,-2.569621,-6.550376,-14.85456,-3.695009,-3.838258,-15.04852,8080
73.7,-150.8967,0,0,-1.547138,-2.346017,28.91529,-21.32635,-4.03241,-4.112683,-8.723207,8128
73.72,-141.1747,0,0,-1.241729,-2.178932,7.968714,-25.40176,-4.30233,-4.297456,-5.559776,8148
73.74,-115.1453,0,0,-1.963259,-2.564184,-46.59619,-25.16405,-4.36981,-4.464955,-6.514885,8176
73.76,100.8353,0,0,-3.320352,-3.353735,-69.31376,-18.23398,-2.412889,-3.044178,-2.059971,8168
73.78,77.54254,0,0,-4.519518,-4.085439,-61.39009,11.8572,-3.08769,-3.254517,-4.027778,8036
73.8,100.9065,0,0,-4.969174,-4.138173,36.62521,31.1457,-2.75029,-2.986068,-0.06031895,8084
73.82,174.7565,0,0,-4.159108,-3.331227,41.0985,44.24353,-1.738089,-1.905209,10.57813,8072
73.84,191.228,0,0,-3.030141,-2.091819,52.79316,57.06737,-1.06329,-0.9230981,19.02893,8012
73.86,115.5936,0,0,-1.63879,-0.620946,78.93056,62.92221,-1.06329,-0.5652617,22.99258,7964
73.88,-3.921875,0,0,0.1755623,0.9768513,91.93821,53.48911,-1.40069,-0.6593338,24.20364,7972
73.9,-50.82556,0,0,1.761247,2.246602,79.57179,30.06075,-1.06329,-0.4119207,24.19234,7988
73.92,-104.4439,0,0,3.274162,3.158955,69.0069,4.939019,-1.06329,-0.3527313,21.98425,7968
73.94,-797.733,0,0,3.967227,3.123615,34.56414,-20.24427,-8.41861,-6.40903,-10.0565,7956
73.96,-870.3344,0,0,2.95733,1.586492,-67.51223,-104.5222,-9.565769,-9.269963,-28.68065,8392
73.98,-661.0555,0,0,1.338767,-1.298232,-76.41299,-162.9508,-9.565769,-10.18114,-37.18276,8464
74,-511.1122,0,0,-0.0202578,-3.977123,-67.28322,-175.8735,-10.44301,-11.00943,-38.88663,8480
74.02,-284.1543,0,0,-1.491103,-5.883104,-72.74887,-164.0656,-9.83569,-10.55986,-31.30734,8552
74.04,-194.7887,0,0,-2.697962,-6.927238,-66.70307,-129.0752,-10.17309,-10.50933,-23.70557,8476
74.06,-137.3546,0,0,-3.932316,-7.366881,-70.50459,-92.77597,-10.17309,-10.37495,-16.16115,8508
74.08,475.1161,0,0,-5.622416,-7.549635,-92.16872,-57.20626,-3.695009,-5.107123,10.92813,8512
74.1,-261.6358,0,0,-6.994856,-7.714847,-67.84811,31.71026,-11.92757,-10.36659,-11.7443,8120
74.12,-348.7988,0,0,-8.464667,-7.700645,-12.64198,20.61534,-11.92757,-11.93219,-14.74661,8620
74.14,-235.5689,0,0,-7.222572,-7.191247,37.35804,1.026248,-11.38773,-11.62401,-2.822333,8600
74.16,501.5003,0,0,-6.345349,-6.379993,23.26643,-2.467229,-3.762489,-5.149253,32.45519,8580
74.18,-272.6103,0,0,-5.904593,-5.704448,-21.2374,67.5171,-12.26497,-10.19832,9.925533,8132
74.2,-315.8252,0,0,-6.825422,-5.363069,-72.35192,38.20687,-11.32025,-11.04405,5.145267,8624
74.22,-363.5187,0,0,-8.040687,-6.449026,-61.40535,17.45438,-12.53489,-12.46906,-5.440361,8592
74.24,-407.3647,0,0,-7.274569,-6.860356,33.3733,-3.046096,-13.88449,-13.72624,-5.220004,8680
74.26,-137.2323,0,0,-6.59916,-6.890259,39.00689,-22.64879,-11.65765,-12.05673,7.964543,8748
74.28,-125.9207,0,0,-6.909219,-7.201745,-21.03893,-7.516937,-12.19749,-12.00235,8.806847,8604
74.3,-39.29782,0,0,-8.127148,-7.708694,-94.18399,7.332999,-11.32025,-11.38531,9.965675,8648
74.32,84.61591,0,0,-9.670583,-8.40943,-63.11528,30.63259,-10.10561,-10.37325,11.84639,8600
74.34,55.93964,0,0,-10.71567,-8.815374,67.17484,61.87915,-10.44301,-10.41889,11.15138,8512
74.36,177.5368,0,0,-9.676132,-7.838061,64.07561,77.23514,-8.68853,-8.776163,25.37019,8532
74.38,129.1725,0,0,-8.776891,-6.617797,54.62522,96.91631,-8.62105,-8.183125,30.57717,8424
74.4,481.7853,0,0,-7.260647,-4.809707,66.59469,100.8898,-3.627529,-3.87892,52.23293,8428
74.42,124.9134,0,0,-5.276467,-2.816621,93.69394,132.7232,-6.326729,-4.820344,47.08033,8144
74.44,210.8822,0,0,-3.346251,-0.6136994,91.63287,111.8877,-3.290129,-2.662478,54.90488,8288
74.46,-230.7266,0,0,-1.513959,0.8067522,90.67103,100.338,-6.93405,-5.129482,37.74759,8100
74.48,-250.9949,0,0,0.1971395,1.81959,83.73973,42.6237,-5.92185,-5.083517,33.24886,8324
74.5,-151.5833,0,0,1.841351,2.224021,83.23592,-2.838927,-4.639729,-4.070642,32.18885,8292
74.52,-254.5568,0,0,3.498345,2.581887,66.90003,-28.02561,-5.58445,-4.526788,25.80741,8200
74.54,-265.5676,0,0,4.14284,2.588856,29.84658,-57.21902,-5.314529,-4.532043,19.71888,8232
74.56,-294.3646,0,0,3.543485,1.747377,-36.0313,-76.21175,-5.65193,-5.035681,8.565495,8216
74.58,-182.1118,0,0,2.218928,0.3811342,-69.16109,-87.72559,-4.707209,-4.637899,2.184206,8232
74.6,-156.8121,0,0,0.6760727,-1.13547,-82.48933,-79.2573,-4.977129,-4.907533,-5.056845,8188
74.62,-116.4087,0,0,-1.02199,-2.522793,-90.47406,-65.73506,-4.977129,-5.102188,-9.413904,8216
74.64,48.53324,0,0,-2.609767,-3.640442,-71.46643,-47.52943,-3.627529,-4.131526,-6.339446,8208
74.66,16.64083,0,0,-3.160999,-3.99488,-21.32901,-16.76698,-4.30233,-4.322268,-4.362415,8128
74.68,81.26299,0,0,-3.325081,-3.709776,-1.283198,1.214947,-3.425089,-3.578948,2.90174,8156
74.7,34.42171,0,0,-2.64129,-2.887313,36.42674,17.72623,-3.695009,-3.452829,8.251041,8124
74.72,-73.08853,0,0,-1.775152,-1.879645,42.15193,21.21122,-4.36981,-3.877398,9.83666,8116
74.74,-55.58957,0,0,-0.640594,-0.8467198,55.43438,9.1623,-3.695009,-3.37108,14.76177,8156
74.76,-107.0107,0,0,0.2891541,-0.1200953,41.46491,-0.1230681,-3.96493,-3.431894,14.47125,8124
74.78,-49.6685,0,0,0.5605379,0.1621785,11.96872,-12.48688,-3.02021,-2.761222,14.78083,8160
74.8,-59.16576,0,0,0.2583646,-0.06205479,-20.09236,-14.21286,-3.02021,-2.708961,10.3021,8084
74.82,-150.5338,0,0,-0.5332741,-0.6767313,-48.9626,-14.13931,-3.96493,-3.618397,1.290646,8084
74.84,-140.8346,0,0,-1.704926,-1.642868,-63.02368,-19.8535,-4.03241,-4.080564,-4.973751,8140
74.86,-92.2308,0,0,-2.825307,-2.726901,-46.55039,-19.18386,-4.03241,-4.288176,-8.130475,8136
74.88,-78.98696,0,0,-2.044208,-2.674882,32.24353,-15.59814,-4.30233,-4.317601,-2.26151,8160
74.9,40.64608,0,0,-1.910675,-2.451623,5.87711,-12.12732,-3.08769,-3.264568,5.024231,8164
74.92,42.049,0,0,-2.319375,-2.445392,-24.09237,3.366923,-3.08769,-3.018143,5.466666,8084
74.94,-6.107071,0,0,-2.897325,-2.531285,-35.16107,15.42416,-3.425089,-3.298155,3.110328,8108
74.96,103.6223,0,0,-3.304219,-2.575095,17.66337,19.88431,-2.075489,-2.325933,7.044651,8116
74.98,22.07614,0,0,-1.340747,-1.377456,77.73973,28.43928,-2.75029,-2.301783,14.18928,8044
75,-68.0891,0,0,-0.3993958,-0.3249595,51.43438,22.76928,-3.08769,-2.535951,14.30832,8076
75.02,-10.55304,0,0,-0.009226598,0.1881123,21.69391,8.4551,-2.008009,-1.806115,15.44463,8076
75.04,-31.50854,0,0,0.04532672,0.2194744,-1.893885,4.359198,-2.075489,-1.759688,11.84659,8032
75.06,-48.19053,0,0,-0.2333329,-0.015589,-16.84046,0.2474114,-2.075489,-1.857181,7.50292,8040
75.08,-53.74671,0,0,-0.2524875,-0.2047346,7.190088,-4.060472,-2.075489,-1.918431,5.274029,8044
75.1,-169.1597,0,0,-0.1083764,-0.3322039,4.716804,-7.95662,-3.357609,-2.969368,-0.1300101,8016
75.12,-47.5259,0,0,-0.2853753,-0.5725216,-6.260299,-21.58385,-2.075489,-2.253126,2.131725,8124
75.14,-18.42953,0,0,-0.5309682,-0.9323615,-15.69542,-17.58041,-2.075489,-2.074297,1.602209,8012
75.16,-5.924114,0,0,-1.106944,-1.307256,-34.09237,-10.21581,-2.008009,-2.02414,0.2943661,8036
75.18,-6.983364,0,0,-1.692361,-1.656144,-20.47404,-2.26657,-2.075489,-2.111648,-1.084679,8052
75.2,-46.18449,0,0,-1.034053,-1.31554,31.83132,1.188351,-2.48037,-2.320985,1.740699,8028
75.22,-51.08364,0,0,-0.6607537,-0.9415071,17.14429,-1.634687,-2.412889,-2.276308,3.6474,8064
75.24,-50.86349,0,0,-0.3773928,-0.6816365,14.77788,-4.937328,-2.345409,-2.19532,4.579424,8044
75.26,-61.0525,0,0,-0.3460343,-0.6186419,-1.344267,-7.311322,-2.412889,-2.252356,3.686232,8048
75.28,-61.36501,0,0,-0.5017952,-0.7275653,-8.275566,-9.518446,-2.412889,-2.308553,2.317385,8068
75.3,-57.49081,0,0,-0.4928218,-0.801732,0.3198562,-11.00844,-2.412889,-2.322268,2.082896,8048
75.32,-47.14589,0,0,-0.5846394,-0.9002461,-4.138161,-11.31998,-2.345409,-2.280649,1.892759,8036
75.34,-43.22658,0,0,-0.6830606,-0.9911244,-3.802283,-10.16833,-2.345409,-2.275088,1.689077,8044
75.36,-40.71908,0,0,-0.8210024,-1.082042,-7.252666,-8.583213,-2.345409,-2.283474,1.432111,8032
75.38,-44.91606,0,0,-0.8606451,-1.114898,-0.9167854,-7.131896,-2.412889,-2.334073,1.442726,8056
75.4,-32.47796,0,0,-0.8138445,-1.074785,1.11375,-6.692731,-2.277929,-2.222696,2.456935,8056
75.42,-44.73637,0,0,-0.8101231,-1.046087,1.251154,-5.176815,-2.412889,-2.298784,2.254569,8060
75.44,-47.36184,0,0,-0.7772933,-1.000955,1.129017,-5.508745,-2.412889,-2.315404,2.424952,8060
75.46,-47.23648,0,0,-0.7904801,-0.9974501,0.07558119,-5.975366,-2.412889,-2.324362,2.343617,8048
75.48,-40.11406,0,0,-0.8053802,-1.008615,-1.008389,-6.227004,-2.345409,-2.274323,2.5299,8052
75.5,-45.02762,0,0,-0.8384137,-1.03308,-0.6572433,-5.583253,-2.412889,-2.31859,2.232617,8052
75.52,-45.27493,0,0,-0.819748,-1.025469,0.9000088,-5.694098,-2.412889,-2.325408,2.365722,8056
75.54,-159.1414,0,0,-0.7899277,-1.062897,0.7626044,-5.996001,-3.695009,-3.361475,-2.056354,8056
75.56,-32.74536,0,0,-0.7844818,-1.101152,1.129017,-17.59862,-2.345409,-2.545648,2.259341,8116
75.58,-14.14023,0,0,-0.9099332,-1.279737,-10.27557,-12.17554,-2.412889,-2.378418,2.463032,8040
75.6,-19.61708,0,0,-1.391553,-1.521009,-28.00076,-5.268726,-2.48037,-2.437534,1.035194,8068
75.62,-6.627846,0,0,-1.782318,-1.720466,-0.7488468,-0.02043647,-2.345409,-2.374288,0.8663085,8048
75.64,-39.91467,0,0,-1.227655,-1.409451,23.06796,3.293863,-2.68281,-2.518339,3.139069,8060
75.66,-57.45589,0,0,-0.9772826,-1.12053,11.6023,1.31529,-2.75029,-2.588117,3.858001,8072
75.68,-64.06999,0,0,-0.6310462,-0.8582471,20.01452,-2.85522,-2.75029,-2.581043,4.715573,8076
75.7,-67.7699,0,0,-0.4670594,-0.7361469,5.754972,-6.864815,-2.75029,-2.584106,4.509847,8048
75.72,-67.02647,0,0,-0.6411026,-0.8534309,-8.275566,-9.476932,-2.75029,-2.633128,2.931015,8100
75.74,-61.9909,0,0,-0.7567106,-1.006271,-6.870986,-10.77971,-2.75029,-2.664839,2.099869,8056
75.76,-55.8821,0,0,-0.8642114,-1.143522,-5.527474,-10.78171,-2.75029,-2.67949,1.712275,8060
75.78,-50.53631,0,0,-0.9676562,-1.250118,-6.68778,-9.823045,-2.75029,-2.684729,1.606766,8080
75.8,-52.20821,0,0,-1.097115,-1.346848,-4.153428,-8.244941,-2.81777,-2.745226,1.292089,8060
75.82,-43.1212,0,0,-1.116489,-1.367391,-2.168694,-7.262219,-2.75029,-2.694367,1.974238,8068
75.84,-40.85751,0,0,-1.153315,-1.372318,-0.3519,-5.573214,-2.75029,-2.67514,2.322618,8080
75.86,-41.27852,0,0,-1.137733,-1.336008,-0.3366328,-4.257073,-2.75029,-2.660459,2.771759,8092
75.88,-43.05573,0,0,-1.095984,-1.277141,2.487796,-3.550667,-2.75029,-2.648397,3.156632,8088
75.9,-45.21923,0,0,-1.064402,-1.22617,1.892376,-3.369127,-2.75029,-2.643016,3.327613,8060
75.92,-41.21049,0,0,-1.017258,-1.175695,2.854208,-3.611787,-2.68281,-2.584182,3.694968,8056
75.94,-49.10133,0,0,-0.9918223,-1.145963,1.129017,-3.464698,-2.75029,-2.62471,3.439439,8076
75.96,-51.51263,0,0,-0.9469223,-1.113177,2.640467,-4.303196,-2.75029,-2.634815,3.410344,8064
75.98,-52.23015,0,0,-0.9161443,-1.098702,-0.2908313,-5.205744,-2.75029,-2.638664,3.317307,8072
76,-45.9195,0,0,-0.9435644,-1.120712,0.6557342,-5.803926,-2.68281,-2.59324,3.255984,8076
76.02,-51.47708,0,0,-0.9308876,-1.130602,-0.1686933,-5.598186,-2.75029,-2.634262,3.009745,8064
76.04,-52.1389,0,0,-0.9300975,-1.135079,0.6862684,-6.02277,-2.75029,-2.646186,2.919378,8068
76.06,-45.35854,0,0,-0.9538162,-1.154457,-0.7641136,-6.299015,-2.68281,-2.598696,3.010993,8076
76.08,-50.70311,0,0,-0.9484387,-1.16157,0.2893218,-5.810885,-2.75029,-2.638296,2.836539,8068
76.1,-51.38899,0,0,-0.9419268,-1.156868,0.04504682,-6.042062,-2.75029,-2.647735,2.84668,8068
76.12,-51.09712,0,0,-0.9283794,-1.151572,0.2435202,-6.305109,-2.75029,-2.648474,2.892555,8084
76.14,-50.78445,0,0,-0.9208304,-1.149212,0.2587874,-6.473948,-2.75029,-2.64785,2.9133,8064
76.16,-50.47253,0,0,-0.9310673,-1.156433,0.06031401,-6.527151,-2.75029,-2.649387,2.862622,8068
76.18,-50.06582,0,0,-0.9433645,-1.166716,0.01451245,-6.493949,-2.75029,-2.651026,2.824099,8068
76.2,-49.69211,0,0,-0.9472502,-1.172029,-0.01602192,-6.41578,-2.75029,-2.650883,2.840412,8076
76.22,-49.42987,0,0,-0.9543867,-1.176483,0.06031401,-6.30369,-2.75029,-2.650893,2.846513,8072
76.24,-43.32881,0,0,-0.9492491,-1.17039,0.1213828,-6.20869,-2.68281,-2.594508,3.145787,8076
76.26,-49.70393,0,0,-0.9511489,-1.166082,0.1519171,-5.530862,-2.75029,-2.634072,2.945439,8068
76.28,-51.06686,0,0,-0.945736,-1.155288,0.1671843,-5.741196,-2.75029,-2.644932,2.931321,8080
76.3,-51.0603,0,0,-0.9366815,-1.150326,0.4877952,-6.048769,-2.75029,-2.647644,2.932426,8084
76.32,-50.62462,0,0,-0.9482509,-1.159714,-0.2755641,-6.222776,-2.75029,-2.650736,2.857083,8092
76.34,-50.13813,0,0,-0.9430274,-1.162931,0.1977187,-6.30575,-2.75029,-2.65019,2.884158,8084
76.36,-49.77743,0,0,-0.9508799,-1.169492,0.04504682,-6.288599,-2.75029,-2.650676,2.863289,8068
76.38,-49.59409,0,0,-0.9435241,-1.167387,0.1366499,-6.258616,-2.75029,-2.648933,2.917079,8068
76.4,-49.55999,0,0,-0.9476027,-1.168173,0.1213828,-6.209354,-2.75029,-2.648869,2.912318,8072
76.42,-49.53423,0,0,-0.950087,-1.169028,-0.01602192,-6.165752,-2.75029,-2.648996,2.913634,8064
76.44,-49.49165,0,0,-0.9532822,-1.1704,0.1061156,-6.124758,-2.75029,-2.649258,2.911548,8064
76.46,-49.47651,0,0,-0.9508198,-1.168854,0.02977964,-6.099405,-2.75029,-2.648682,2.933559,8068
76.48,-49.54035,0,0,-0.9464563,-1.165378,0.2129859,-6.093681,-2.75029,-2.64784,2.95713,8072
76.5,-49.56745,0,0,-0.9537612,-1.168032,0.02977964,-6.077219,-2.75029,-2.648922,2.923929,8060
76.52,-49.55693,0,0,-0.9494581,-1.166433,0.1671843,-6.080003,-2.75029,-2.64841,2.946283,8068
76.54,-37.59766,0,0,-0.9453818,-1.15774,0.1366499,-6.080413,-2.61533,-2.538316,3.445133,8064
76.56,-50.36097,0,0,-0.9421312,-1.149938,0.1213828,-4.895055,-2.75029,-2.617933,3.02532,8068
76.58,-52.93317,0,0,-0.9439412,-1.138537,0.6862684,-5.395257,-2.75029,-2.642229,2.908014,8068
76.6,-46.83647,0,0,-0.9048603,-1.11924,0.8542075,-6.0966,-2.68281,-2.590189,3.23104,8068
76.62,-52.37589,0,0,-0.9317191,-1.136447,-0.3824344,-5.885793,-2.75029,-2.636798,2.828308,8068
76.64,-52.63885,0,0,-0.9265731,-1.141151,-0.09235785,-6.314316,-2.75029,-2.648804,2.795288,8084
76.66,-51.6965,0,0,-0.9339224,-1.154048,0.3351234,-6.604318,-2.75029,-2.652808,2.74854,8084
76.68,-50.73187,0,0,-0.9330664,-1.162469,-0.1992282,-6.699651,-2.75029,-2.652426,2.776993,8068
76.7,-44.19942,0,0,-0.9220284,-1.157409,0.4725278,-6.686795,-2.68281,-2.594615,3.103279,8064
76.72,-44.34735,0,0,-0.9266033,-1.153057,0.04504682,-6.005988,-2.68281,-2.579255,3.137346,8064
76.74,-45.88248,0,0,-0.9255955,-1.140242,0.3351234,-5.57177,-2.68281,-2.575673,3.142535,8088
76.76,-47.25332,0,0,-0.9291146,-1.131572,-0.06182348,-5.433022,-2.68281,-2.577045,3.084979,8068
76.78,-54.12353,0,0,-0.9260885,-1.128378,0.304589,-5.497585,-2.75029,-2.633458,2.799281,8080
76.8,-42.09442,0,0,-0.9399508,-1.135075,-0.07709067,-6.186478,-2.61533,-2.54277,3.138306,8092
76.82,-53.18834,0,0,-0.9311311,-1.140985,0.1519171,-5.462697,-2.75029,-2.625654,2.741006,8064
76.84,-48.3845,0,0,-0.9211029,-1.131399,0.07558119,-6.123022,-2.68281,-2.592409,2.95679,8064
76.86,-53.50985,0,0,-0.9261184,-1.140338,0.07558119,-6.072704,-2.75029,-2.639368,2.691086,8088
76.88,-53.28525,0,0,-0.9255718,-1.146412,0.04504682,-6.556165,-2.75029,-2.651717,2.666924,8060
76.9,-51.9901,0,0,-0.9283929,-1.157715,0.1213828,-6.845295,-2.75029,-2.654438,2.671263,8072
76.92,-44.76234,0,0,-0.9382368,-1.168185,0.1061156,-6.868648,-2.68281,-2.600123,2.921371,8068
76.94,-50.26609,0,0,-0.9394572,-1.170934,0.1519171,-6.151071,-2.75029,-2.638206,2.775138,8056
76.96,-51.17528,0,0,-0.9350941,-1.162072,0.1213828,-6.240757,-2.75029,-2.647264,2.81102,8060
76.98,-44.94563,0,0,-0.9346461,-1.157365,0.07558119,-6.390699,-2.68281,-2.595042,3.063565,8068
77,-50.92368,0,0,-0.9258155,-1.151394,0.04504682,-5.892579,-2.75029,-2.63414,2.901679,8060
77.02,-51.98145,0,0,-0.9212078,-1.142936,0.1824515,-6.180863,-2.75029,-2.645,2.880265,8068
77.04,-45.62997,0,0,-0.926786,-1.145128,-0.07709067,-6.46156,-2.68281,-2.594925,3.06666,8064
77.06,-51.3286,0,0,-0.9239395,-1.14726,0.07558119,-6.019149,-2.75029,-2.635423,2.86399,8056
77.08,-52.09238,0,0,-0.9235337,-1.145023,0.1519171,-6.301551,-2.75029,-2.646739,2.829542,8084
77.1,-45.59354,0,0,-0.9231859,-1.146027,0.02977964,-6.562727,-2.68281,-2.595262,3.055588,8084
77.12,-51.26147,0,0,-0.9245614,-1.149599,0.1824515,-6.080972,-2.75029,-2.635864,2.842739,8072
77.14,-46.03896,0,0,-0.9202141,-1.142153,0.1061156,-6.338285,-2.68281,-2.591717,3.074524,8072
77.16,-45.92713,0,0,-0.9207771,-1.139907,0.01451245,-5.982443,-2.68281,-2.580253,3.084746,8080
77.18,-52.95527,0,0,-0.9136735,-1.132413,0.1977187,-5.761044,-2.75029,-2.631566,2.857032,8076
77.2,-53.54176,0,0,-0.9234363,-1.136539,-0.3213652,-6.300658,-2.75029,-2.648414,2.741727,8084
77.22,-52.46698,0,0,-0.9215862,-1.146062,0.5030622,-6.723361,-2.75029,-2.652621,2.728329,8096
77.24,-51.33418,0,0,-0.9204692,-1.155004,-0.04655629,-6.895726,-2.75029,-2.652437,2.751481,8076
77.26,-44.65221,0,0,-0.9094532,-1.151256,0.1671843,-6.916937,-2.68281,-2.594657,3.076487,8076
77.28,-50.63631,0,0,-0.921796,-1.15508,-0.03128911,-6.227676,-2.75029,-2.635008,2.840122,8064
77.3,-51.66544,0,0,-0.9229943,-1.15065,0.1671843,-6.369185,-2.75029,-2.646192,2.822569,8060
77.32,-45.35397,0,0,-0.9251058,-1.150083,0.1977187,-6.557154,-2.68281,-2.594977,3.050489,8064
77.34,-51.15775,0,0,-0.9235383,-1.150351,0.1213828,-6.054317,-2.75029,-2.635228,2.855986,8064
77.36,-52.01242,0,0,-0.9230436,-1.146422,0.2435202,-6.307966,-2.75029,-2.646472,2.828682,8060
77.38,-51.47887,0,0,-0.9350538,-1.156152,-0.06182348,-6.531433,-2.75029,-2.651564,2.764866,8072
77.4,-50.65123,0,0,-0.9402044,-1.165913,0.2129859,-6.608202,-2.75029,-2.652678,2.765825,8068
77.42,-62.04432,0,0,-0.9389489,-1.175364,0.1519171,-6.587523,-2.88525,-2.760751,2.330894,8064
77.44,-49.07323,0,0,-0.9389304,-1.180792,0.304589,-7.710633,-2.75029,-2.6793,2.798463,8064
77.46,-46.40839,0,0,-0.9471852,-1.195644,-0.7793808,-7.120489,-2.75029,-2.655678,2.896051,8032
77.48,-46.3475,0,0,-0.9945239,-1.216419,-1.817549,-6.319111,-2.75029,-2.653805,2.806323,8068
77.5,-47.20564,0,0,-0.9447736,-1.183951,1.525963,-5.909417,-2.75029,-2.64326,3.120328,8064
77.52,-48.31812,0,0,-0.9679825,-1.178162,-0.1228922,-5.670286,-2.75029,-2.645396,3.023303,8068
77.54,-49.12914,0,0,-0.9449324,-1.160106,0.4877952,-5.690113,-2.75029,-2.643503,3.10799,8060
77.56,-49.67186,0,0,-0.9505801,-1.157145,-0.09235785,-5.776618,-2.75029,-2.645634,3.037194,8092
77.58,-49.85488,0,0,-0.9497344,-1.157395,0.2587874,-5.89297,-2.75029,-2.64713,3.001213,8084
77.6,-37.76894,0,0,-0.9573061,-1.157953,-0.07709067,-5.95568,-2.61533,-2.53977,3.423703,8068
77.62,-44.22201,0,0,-0.9602028,-1.155229,-0.03128911,-4.772306,-2.68281,-2.565887,3.218755,8080
77.64,-58.90557,0,0,-0.9589161,-1.145486,0.3198562,-4.654242,-2.81777,-2.684011,2.675067,8080
77.66,-47.68742,0,0,-0.915822,-1.120594,1.999246,-6.173865,-2.68281,-2.602652,3.191092,8088
77.68,-52.2531,0,0,-0.8904353,-1.115684,0.1213828,-6.137964,-2.75029,-2.633448,3.020591,8072
77.7,-52.45342,0,0,-0.9438001,-1.14643,-1.374801,-6.429542,-2.75029,-2.651572,2.70336,8076
77.72,-51.6791,0,0,-0.8942999,-1.135739,0.9916119,-6.771045,-2.75029,-2.647491,2.916073,8072
77.74,-50.98686,0,0,-0.9323805,-1.157561,-0.1534266,-6.81791,-2.75029,-2.652302,2.741922,8060
77.76,-50.24335,0,0,-0.9339299,-1.167182,-0.0007547362,-6.766449,-2.75029,-2.65209,2.776246,8064
77.78,-49.67152,0,0,-0.9504859,-1.17869,0.1061156,-6.606719,-2.75029,-2.652849,2.758541,8076
77.8,-49.26662,0,0,-0.9562144,-1.18329,-0.0007547362,-6.421659,-2.75029,-2.6521,2.798819,8056
77.82,-43.11376,0,0,-0.9539112,-1.177502,0.3351234,-6.255438,-2.68281,-2.595474,3.107849,8068
77.84,-49.52439,0,0,-0.9509882,-1.169407,-0.1534266,-5.538117,-2.75029,-2.633934,2.944901,8076
77.86,-45.00214,0,0,-0.9419341,-1.151552,0.6251997,-5.73106,-2.68281,-2.589337,3.192207,8064
77.88,-51.31403,0,0,-0.9486761,-1.151106,-0.3977011,-5.396121,-2.75029,-2.634488,2.910708,8076
77.9,-52.16055,0,0,-0.9389958,-1.144897,0.3503905,-5.839269,-2.75029,-2.646463,2.887517,8076
77.92,-45.53629,0,0,-0.9465824,-1.15142,-0.04655629,-6.195438,-2.68281,-2.596953,3.054712,8068
77.94,-51.0536,0,0,-0.9389644,-1.1536,0.3503905,-5.787448,-2.75029,-2.636605,2.873244,8076
77.96,-45.68468,0,0,-0.9458338,-1.152931,0.1519171,-6.04792,-2.68281,-2.593987,3.050438,8076
77.98,-51.43929,0,0,-0.9420354,-1.153772,0.07558119,-5.695177,-2.75029,-2.636523,2.846468,8068
78,-51.99899,0,0,-0.9463438,-1.15509,0.1671843,-6.030302,-2.75029,-2.649131,2.791032,8080
78.02,-51.27058,0,0,-0.9456864,-1.160889,-0.06182348,-6.311613,-2.75029,-2.652273,2.786952,8084
78.04,-50.52388,0,0,-0.9385666,-1.163039,0.1671843,-6.442945,-2.75029,-2.651213,2.834687,8064
78.06,-44.04337,0,0,-0.9398707,-1.163145,-0.07709067,-6.444089,-2.68281,-2.5957,3.093091,8064
78.08,-44.1815,0,0,-0.9319048,-1.154116,0.1671843,-5.811009,-2.68281,-2.578921,3.179353,8076
78.1,-45.7162,0,0,-0.9386734,-1.144557,0.1213828,-5.387681,-2.68281,-2.576454,3.141472,8072
78.12,-53.0476,0,0,-0.939652,-1.138852,0.1366499,-5.268234,-2.75029,-2.632355,2.852887,8076
78.14,-53.559,0,0,-0.9373031,-1.13879,0.1519171,-5.939732,-2.75029,-2.648788,2.776958,8084
78.16,-52.41571,0,0,-0.9339927,-1.147908,0.09084838,-6.44845,-2.75029,-2.653056,2.754178,8084
78.18,-51.21249,0,0,-0.9325904,-1.157874,0.2129859,-6.672242,-2.75029,-2.65307,2.767356,8076
78.2,-50.36608,0,0,-0.9341258,-1.165216,0.06031401,-6.69139,-2.75029,-2.651939,2.79357,8064
78.22,-50.00234,0,0,-0.9222488,-1.161056,0.1977187,-6.648629,-2.75029,-2.648594,2.8841,8068
78.24,-50.02745,0,0,-0.9177225,-1.155871,0.1213828,-6.597301,-2.75029,-2.646725,2.924075,8068
78.26,9.695183,0,0,-0.8926899,-1.109939,-0.03128911,-6.57565,-2.075489,-2.095675,5.444813,8064
78.28,-24.38743,0,0,-0.8504377,-1.040587,0.07558119,-0.68317,-2.412889,-2.216366,4.65838,8028
78.3,14.02813,0,0,-0.7684115,-0.8744122,7.083217,-0.4081408,-1.805569,-1.758994,6.7205,8068
78.32,-23.31453,0,0,-0.3906095,-0.5809773,17.77024,2.516664,-2.075489,-1.820028,6.902518,8008
78.34,39.59239,0,0,-0.2495041,-0.3308722,7.785507,0.2602127,-1.13077,-1.092783,9.486876,8028
78.36,-1.897156,0,0,0.0970453,-0.04743747,15.28169,4.025934,-1.40069,-1.106684,8.831386,7964
78.38,-59.7311,0,0,0.1274327,0.08898655,3.403826,2.099427,-1.738089,-1.437491,5.698307,8008
78.4,9.302357,0,0,0.4528536,0.2862473,17.78551,-5.926801,-0.7933693,-0.7620364,8.281244,8012
78.42,-110.1613,0,0,0.4785078,0.2388495,-2.580908,-4.56581,-2.075489,-1.657704,2.308603,7952
78.44,-27.97821,0,0,0.1408158,0.006319184,-16.09236,-14.70996,-1.06329,-1.162545,2.47004,8040
78.46,-48.8392,0,0,0.3215152,-0.1060481,6.197721,-13.61364,-1.46817,-1.324323,1.582983,7972
78.48,-72.99049,0,0,0.02603727,-0.3258007,-18.47404,-14.15566,-1.738089,-1.629856,-1.019805,8016
78.5,-60.6459,0,0,-0.6327915,-0.8047792,-32.84046,-15.03913,-1.738089,-1.795672,-3.694418,8016
78.52,48.76196,0,0,-0.6410676,-0.9560415,7.449629,-14.07701,-0.7258892,-0.9720472,1.123537,8024
78.54,26.74882,0,0,-0.7364124,-0.9862072,-9.680147,-2.060912,-1.06329,-0.9974786,1.326458,7936
78.56,-16.55508,0,0,-1.092315,-1.034824,-10.64198,4.699835,-1.40069,-1.316646,-0.5186875,7968
78.58,-64.43642,0,0,-0.3378468,-0.5733185,40.71682,2.701547,-1.805569,-1.609282,1.655029,7984
78.6,22.71433,0,0,0.1475491,-0.1399533,21.61757,-4.905395,-0.7258892,-0.7717912,6.780602,8008
78.62,-16.89592,0,0,0.1492882,-0.04637662,-0.2144953,-1.363566,-1.13077,-0.9127378,4.689081,7940
78.64,34.69958,0,0,-0.1227536,-0.1057339,-15.78702,-2.228458,-0.3884897,-0.4213702,5.021922,7988
78.66,-7.802002,0,0,-0.001839995,-0.05961583,11.96872,2.057611,-0.7933693,-0.6109327,3.673035,7936
78.68,-18.21041,0,0,0.1464332,0.07778805,1.159551,0.1798419,-0.7258892,-0.6075653,3.545277,7952
78.7,-55.74612,0,0,0.2722132,0.1469443,14.24352,-2.566061,-1.06329,-0.8887578,1.82702,7960
78.72,24.72045,0,0,0.456722,0.244533,4.548865,-8.657237,-0.1185694,-0.1947852,4.834195,7952
78.74,-4.043941,0,0,0.3687716,0.1775534,-1.16106,-4.400728,-0.4559698,-0.3113209,2.799699,7916
78.76,-15.20526,0,0,0.2060893,0.1038629,-9.970223,-4.002747,-0.4559698,-0.3806078,1.391516,7912
78.78,-48.8317,0,0,0.2731576,0.09389469,11.05268,-5.062363,-0.7933693,-0.6692774,-0.002439201,7944
78.8,47.08382,0,0,0.3525593,0.1389106,0.7168028,-9.294288,0.2863102,0.1328162,3.639776,7936
78.82,13.54473,0,0,0.2598419,0.08780894,-2.657244,-2.204033,-0.1185694,0.003876418,1.98004,7912
78.84,5.377611,0,0,0.1337668,0.08626932,-10.76412,-0.4996097,-0.05108929,-0.002975983,1.32217,7908
78.86,-62.00513,0,0,0.3182684,0.1789287,15.90765,-0.7696812,-0.7258892,-0.5324696,-0.6360755,7908
78.88,24.11051,0,0,0.4945479,0.3037878,5.159552,-8.207252,0.2863102,0.1550315,2.870971,7932
78.9,-12.04149,0,0,0.4858661,0.2703868,1.067948,-4.516678,-0.1860495,-0.0544,1.039441,7880
78.92,-13.61047,0,0,0.2696085,0.1701195,-15.34427,-5.097654,-0.1185694,-0.09808894,-0.154772,7916
78.94,78.15041,0,0,0.2818436,0.1700726,9.648103,-5.549585,0.89363,0.7144123,3.393066,7912
78.96,44.44117,0,0,0.3271094,0.237984,-2.718313,3.278156,0.5562305,0.6686551,2.776209,7828
78.98,-6.978757,0,0,0.2808971,0.3372547,1.602299,5.818375,0.2188301,0.3588282,0.8870216,7876
79,63.12808,0,0,0.7130128,0.6588722,26.3504,1.144385,1.16355,1.082491,5.185315,7904
79.02,58.24804,0,0,1.086127,0.9688506,15.83131,3.961709,1.23103,1.35259,6.186712,7812
79.04,10.37315,0,0,0.9585685,1.042966,-6.840452,5.548646,0.9611101,1.13585,3.103854,7840
79.06,-6.709806,0,0,1.071351,1.119718,10.96108,1.404745,0.9611101,1.053093,1.855003,7860
79.08,-17.84711,0,0,1.19294,1.132198,5.28169,-3.471784,0.89363,0.9620966,0.6367803,7860
79.1,-16.87225,0,0,1.138706,1.018025,-3.420603,-7.711548,0.89363,0.9075124,-0.7799538,7856
79.12,-5.187115,0,0,1.056811,0.8616354,-6.122894,-10.16706,0.9611101,0.9299561,-1.518362,7860
79.14,2.143517,0,0,0.8383312,0.6469108,-13.03893,-9.954833,0.9611101,0.9101637,-2.547995,7864
79.16,2.5555,0,0,0.6720596,0.4757788,-8.275566,-8.532318,0.89363,0.8427542,-3.155716,7876
79.18,13.77695,0,0,0.5689933,0.3781324,-2.51984,-7.181376,0.9611101,0.8839878,-2.803277,7900
79.2,17.57751,0,0,0.541921,0.355887,-1.328999,-5.028766,0.9611101,0.9090384,-2.257265,7872
79.22,17.81478,0,0,0.5259175,0.3766246,-0.6572433,-3.152436,0.9611101,0.9245774,-1.80075,7880
79.24,10.32486,0,0,0.5541638,0.4286518,0.6710012,-1.967745,0.89363,0.8833954,-1.578123,7876
79.26,8.480862,0,0,0.5846401,0.4802207,1.22062,-2.039084,0.89363,0.8765581,-1.329455,7876
79.28,13.8042,0,0,0.6382539,0.5312229,2.808407,-2.43531,0.9611101,0.9352254,-0.8417239,7876
79.3,25.19474,0,0,0.6359222,0.5533369,0.07558119,-2.160813,1.09607,1.056646,-0.3981062,7880
79.32,11.06602,0,0,0.6428022,0.5721129,-0.3366328,-0.8654667,0.9611101,0.9781163,-0.8653242,7876
79.34,1.244217,0,0,0.6671084,0.5999314,0.3503905,-1.514402,0.89363,0.9008899,-1.197206,7872
79.36,6.553513,0,0,0.7349395,0.6338923,4.106117,-3.135777,0.9611101,0.9398121,-0.8940256,7860
79.38,7.997353,0,0,0.6931884,0.6017619,-1.710679,-3.576178,0.9611101,0.9397896,-1.226187,7876
79.4,2.686108,0,0,0.7077454,0.5880549,-0.4435031,-3.759164,0.89363,0.8875453,-1.460775,7876
79.42,3.203934,0,0,0.7107361,0.577543,0.5030622,-4.422241,0.89363,0.8741729,-1.507741,7872
79.44,4.872746,0,0,0.6979067,0.5562328,-0.4282355,-4.771947,0.89363,0.8697374,-1.560395,7888
79.46,6.430222,0,0,0.68833,0.538374,-0.03128911,-4.801039,0.89363,0.8696438,-1.540673,7896
79.48,7.294903,0,0,0.704499,0.5412752,-0.04655629,-4.700696,0.89363,0.8748059,-1.386857,7896
79.5,7.425915,0,0,0.7135679,0.5498964,0.1977187,-4.572206,0.89363,0.8787154,-1.290982,7876
79.52,7.198021,0,0,0.7195114,0.558844,0.06031401,-4.492847,0.89363,0.8807075,-1.240042,7888
79.54,12.94895,0,0,0.7181423,0.5656432,0.06031401,-4.456271,0.9611101,0.9352801,-1.00199,7884
79.56,12.36885,0,0,0.7312992,0.5802648,0.09084838,-3.889165,0.9611101,0.9515215,-0.9242144,7896
79.58,10.60236,0,0,0.7262125,0.5914996,0.1061156,-3.561564,0.9611101,0.9531166,-0.989663,7876
79.6,3.174652,0,0,0.7288328,0.5980933,0.1213828,-3.540281,0.89363,0.8968447,-1.29289,7888
79.62,2.635956,0,0,0.7324438,0.597505,0.1366499,-4.291002,0.89363,0.8799986,-1.388419,7872
79.64,3.803856,0,0,0.7352341,0.5865047,0.1061156,-4.853742,0.89363,0.8752441,-1.431383,7880
79.66,-0.8900261,0,0,0.729436,0.5679969,0.07558119,-5.096509,0.8261509,0.8192466,-1.699377,7884
79.68,6.389702,0,0,0.7326558,0.5583997,0.1671843,-5.72905,0.89363,0.8610937,-1.436199,7896
79.7,8.111652,0,0,0.7341089,0.5508986,0.02977964,-5.413757,0.89363,0.8750521,-1.338044,7876
79.72,7.996098,0,0,0.7397639,0.5574752,0.1671843,-5.041897,0.89363,0.8813233,-1.243644,7896
79.74,13.40605,0,0,0.736014,0.5667672,0.1061156,-4.791312,0.9611101,0.9372848,-0.9885126,7888
79.76,12.48988,0,0,0.7434764,0.5823587,0.4572606,-4.101028,0.9611101,0.9530223,-0.9241965,7876
79.78,4.515175,0,0,0.7367855,0.5918846,-0.03128911,-3.727366,0.89363,0.8994794,-1.232932,7884
79.8,9.276428,0,0,0.7446024,0.6028847,0.1061156,-4.305201,0.9611101,0.9384845,-1.05943,7892
79.82,3.520962,0,0,0.7502392,0.6015304,0.2587874,-4.234859,0.89363,0.8936177,-1.318662,7880
79.84,3.194679,0,0,0.7467346,0.5958644,0.07558119,-4.760665,0.89363,0.8797712,-1.41249,7880
79.86,10.22186,0,0,0.744413,0.5866823,0.07558119,-5.129519,0.9611101,0.9304508,-1.208878,7896
79.88,4.925396,0,0,0.7463003,0.5803988,0.1519171,-4.672097,0.89363,0.8908098,-1.399063,7888
79.9,4.278748,0,0,0.7544072,0.5858734,0.06031401,-4.923622,0.89363,0.8815089,-1.381682,7876
79.92,4.728252,0,0,0.7523713,0.5825083,0.1213828,-5.153011,0.89363,0.8784872,-1.400001,7884
79.94,5.369644,0,0,0.7478238,0.5754116,0.1671843,-5.246342,0.89363,0.8774903,-1.408323,7896
79.96,-0.1249161,0,0,0.7476118,0.5686657,0.04504682,-5.246371,0.8261509,0.8234806,-1.622392,7884
79.98,12.45338,0,0,0.7529336,0.571041,0.1061156,-5.802232,0.9611101,0.9200293,-1.115228,7892
80,1.519501,0,0,0.7384837,0.558443,-0.4587703,-4.872122,0.8261509,0.835894,-1.560645,7872
80.02,6.41473,0,0,0.7537048,0.571831,0.3198562,-5.39035,0.89363,0.8707832,-1.268095,7884
80.04,13.46067,0,0,0.7228318,0.5582634,-0.2450293,-5.1526,0.9611101,0.9303817,-1.123123,7876
80.06,13.21298,0,0,0.7307829,0.5661701,0.1977187,-4.297947,0.9611101,0.9491506,-1.007658,7868
80.08,5.153076,0,0,0.7500777,0.5903393,0.2740546,-3.816494,0.89363,0.9016281,-1.163173,7860
80.1,-2.44236,0,0,0.7433238,0.5948375,0.1366499,-4.308143,0.8261509,0.8300025,-1.534681,7864
80.12,4.393772,0,0,0.7374703,0.5830041,0.06031401,-5.384054,0.89363,0.862988,-1.413134,7868
80.14,6.800598,0,0,0.7158713,0.5542954,-0.4587703,-5.344375,0.89363,0.870165,-1.46839,7872
80.16,7.510284,0,0,0.7350676,0.5561875,0.304589,-5.116866,0.89363,0.877928,-1.309418,7872
80.18,13.32882,0,0,0.7373773,0.5653728,0.09084838,-4.894039,0.9611101,0.9359882,-1.014539,7856
80.2,6.629379,0,0,0.7327337,0.5711609,0.1519171,-4.153141,0.89363,0.8960866,-1.230994,7868
80.22,4.989391,0,0,0.7465435,0.5879448,0.3198562,-4.378336,0.89363,0.8860628,-1.218706,7856
80.24,10.95572,0,0,0.7349687,0.5862023,0.1061156,-4.662413,0.9611101,0.9345583,-1.081564,7872
80.26,-0.7909622,0,0,0.7254826,0.5740682,-0.07709067,-4.233287,0.8261509,0.8366283,-1.595205,7864
80.28,4.998089,0,0,0.7162474,0.5654289,0.1824515,-5.099841,0.89363,0.8635098,-1.454143,7876
80.3,13.09247,0,0,0.7042622,0.5488919,-0.2755641,-5.048265,0.9611101,0.9253888,-1.209862,7868
80.32,1.363911,0,0,0.717845,0.5508465,0.1519171,-4.238362,0.8261509,0.8371318,-1.530833,7864
80.34,0.2074356,0,0,0.7307175,0.5632969,0.3503905,-4.922168,0.8261509,0.8150463,-1.509601,7856
80.36,1.761204,0,0,0.7024174,0.540992,-0.2450293,-5.420306,0.8261509,0.8046739,-1.634855,7872
80.38,3.644508,0,0,0.7080009,0.5288357,0.1366499,-5.601802,0.8261509,0.8054301,-1.540202,7884
80.4,10.86808,0,0,0.7117614,0.5278665,-0.03128911,-5.531247,0.89363,0.8636416,-1.193124,7860
80.42,11.02448,0,0,0.7203456,0.5387679,0.1977187,-4.776122,0.89363,0.8824659,-1.049162,7860
80.44,9.511013,0,0,0.7160602,0.5527334,0.06031401,-4.248939,0.89363,0.8865157,-1.037226,7860
80.46,14.0863,0,0,0.7166969,0.5686469,0.1671843,-4.051713,0.9611101,0.9408672,-0.8146436,7868
80.48,6.850346,0,0,0.7126427,0.5759027,0.06031401,-3.458345,0.89363,0.8983212,-1.093275,7872
80.5,5.153328,0,0,0.7173718,0.5853148,0.2282531,-3.811766,0.89363,0.8851419,-1.170538,7868
80.52,5.187351,0,0,0.7184159,0.5826123,0.09084838,-4.225995,0.89363,0.8798486,-1.246191,7880
80.54,5.690975,0,0,0.7210476,0.576364,0.09084838,-4.505318,0.89363,0.8782072,-1.280529,7880
80.56,6.160107,0,0,0.724577,0.571754,0.1061156,-4.64821,0.89363,0.8784142,-1.283826,7872
80.58,0.3800392,0,0,0.7341204,0.5703974,0.06031401,-4.727139,0.8261509,0.8254458,-1.489911,7864
80.6,0.693634,0,0,0.7406072,0.5681404,0.1671843,-5.382384,0.8261509,0.8120203,-1.49972,7872
80.62,2.264946,0,0,0.7316873,0.5522997,-0.06182348,-5.761402,0.8261509,0.8078221,-1.529461,7876
80.64,15.61508,0,0,0.7445809,0.5544163,0.1671843,-5.872321,0.9611101,0.9201719,-0.9373388,7884
80.66,9.739231,0,0,0.7372196,0.5561108,0.07558119,-4.581083,0.89363,0.8961249,-1.097538,7856
80.68,13.16845,0,0,0.7544205,0.5853595,0.4725278,-4.357809,0.9611101,0.9460957,-0.79774,7860
80.7,-0.3111038,0,0,0.7382143,0.5877749,-0.1228922,-3.840303,0.8261509,0.8449502,-1.387872,7856
80.72,-1.519421,0,0,0.7424067,0.5893811,0.2435202,-4.872893,0.8261509,0.8158804,-1.499222,7864
80.74,6.503563,0,0,0.7208972,0.5637853,-0.2144953,-5.617901,0.89363,0.8591174,-1.399942,7876
80.76,2.462257,0,0,0.727407,0.5485144,0.2587874,-5.316956,0.8261509,0.819813,-1.536052,7876
80.78,8.702164,0,0,0.7310349,0.5494802,0.07558119,-5.523307,0.89363,0.8663731,-1.244463,7876
80.8,3.340179,0,0,0.7236436,0.5442055,0.1671843,-5.01474,0.8261509,0.8244432,-1.440597,7876
80.82,8.901337,0,0,0.726586,0.5510063,0.07558119,-5.218299,0.89363,0.8689531,-1.171962,7872
80.84,9.203239,0,0,0.7282013,0.5554463,0.2129859,-4.797884,0.89363,0.8816322,-1.114964,7868
80.86,2.244053,0,0,0.7328622,0.563704,0.09084838,-4.507967,0.8261509,0.8306985,-1.326591,7872
80.88,1.647068,0,0,0.7263424,0.5628924,0.09084838,-5.004107,0.8261509,0.814751,-1.408317,7872
80.9,8.694141,0,0,0.7251576,0.5566208,0.2435202,-5.385375,0.89363,0.865055,-1.183782,7888
80.92,3.540924,0,0,0.7194597,0.5471382,-0.09235785,-4.913987,0.8261509,0.8242702,-1.39415,7884
80.94,3.12471,0,0,0.7208695,0.5480099,0.304589,-5.121668,0.8261509,0.8141737,-1.385422,7884
80.96,3.805222,0,0,0.71399,0.5410742,0.01451245,-5.283084,0.8261509,0.8109638,-1.397613,7876
80.98,10.50953,0,0,0.7200599,0.5427256,0.2129859,-5.329674,0.89363,0.8669186,-1.09273,7876
81,10.63068,0,0,0.7152842,0.5448509,-0.01602192,-4.669179,0.89363,0.8821651,-1.048174,7856
81.02,15.30954,0,0,0.714523,0.5586412,-0.04655629,-4.209203,0.9611101,0.9406165,-0.7940122,7872
81.04,7.907135,0,0,0.6890429,0.5573913,-0.04655629,-3.369473,0.89363,0.8964829,-1.138679,7864
81.06,-0.1593552,0,0,0.7247292,0.581617,0.8236728,-3.664845,0.8261509,0.8335986,-1.297815,7860
81.08,11.58528,0,0,0.7359784,0.5926691,0.1977187,-4.706715,0.9611101,0.9247171,-0.896511,7852
81.1,12.78824,0,0,0.7082419,0.5733183,-0.3060985,-4.139448,0.9611101,0.9440429,-1.021404,7852
81.12,4.613926,0,0,0.8373419,0.6442457,0.9152762,-3.999604,0.89363,0.9137907,-0.7365038,7860
81.14,7.748207,0,0,0.8531993,0.6797827,-0.8862511,-4.79946,0.9611101,0.9553267,-0.6619175,7852
81.16,1.064762,0,0,0.8302993,0.6670308,0.2893218,-4.972315,0.89363,0.9022995,-1.192301,7852
81.18,1.111893,0,0,0.7753262,0.6233439,-0.09235785,-5.606956,0.89363,0.8772517,-1.587898,7860
81.2,2.983093,0,0,0.7790912,0.5981427,-0.4893047,-6.019724,0.89363,0.8732209,-1.586125,7880
81.22,4.506828,0,0,0.7837399,0.585767,0.4725278,-6.108771,0.89363,0.8755791,-1.519808,7864
81.24,-30.63782,0,0,0.7744958,0.5581526,0.4419934,-6.02009,0.4887505,0.5487381,-2.943622,7872
81.26,-22.32977,0,0,0.7844098,0.532603,0.4572606,-9.528529,0.5562305,0.5189756,-2.760881,7896
81.28,-12.6343,0,0,0.7140823,0.4350981,-4.779382,-10.81791,0.5562305,0.5081519,-2.851636,7880
81.3,2.604012,0,0,0.4969961,0.2668075,-8.672513,-10.04394,0.6237106,0.5425918,-3.064605,7884
81.32,3.751377,0,0,0.4245713,0.1825413,-4.183962,-7.72208,0.5562305,0.5097195,-2.831304,7872
81.34,7.16787,0,0,0.3271186,0.1349328,-1.64961,-5.749493,0.5562305,0.5052112,-2.524251,7888
81.36,9.281586,0,0,0.3387334,0.1585267,-0.9473198,-4.098509,0.5562305,0.5209743,-1.809167,7872
81.38,9.426441,0,0,0.3456903,0.2010766,0.9458106,-2.808332,0.5562305,0.5343396,-1.306387,7888
81.4,8.503862,0,0,0.3580779,0.2463938,1.312223,-1.981527,0.5562305,0.5428614,-0.9644413,7900
81.42,7.042284,0,0,0.4016466,0.3015675,2.365658,-1.660899,0.5562305,0.5516611,-0.6408158,7884
81.44,5.243649,0,0,0.4545403,0.3569769,2.426727,-1.762965,0.5562305,0.5589264,-0.417818,7884
81.46,3.569895,0,0,0.4856305,0.3930299,2.640467,-2.120952,0.5562305,0.5604879,-0.3943879,7880
81.48,2.373987,0,0,0.5118747,0.4145892,0.4267263,-2.616624,0.5562305,0.5599111,-0.434379,7888
81.5,1.789948,0,0,0.5149816,0.4156546,0.4267263,-3.08583,0.5562305,0.556103,-0.5763792,7884
81.52,1.800077,0,0,0.5107638,0.4054878,-0.09235785,-3.447229,0.5562305,0.5521038,-0.7117199,7892
81.54,2.05719,0,0,0.5169239,0.3989401,0.1213828,-3.701128,0.5562305,0.5511829,-0.7555677,7904
81.56,2.302711,0,0,0.5165673,0.392166,0.1977187,-3.841287,0.5562305,0.5505413,-0.8000386,7880
81.58,2.604149,0,0,0.5033169,0.3799819,-0.0007547362,-3.870546,0.5562305,0.5484187,-0.8761441,7884
81.6,8.908838,0,0,0.502898,0.3776027,0.1519171,-3.847681,0.6237106,0.6032636,-0.6285627,7888
81.62,2.724014,0,0,0.5037086,0.3790395,0.02977964,-3.201848,0.5562305,0.5640402,-0.8238992,7868
81.64,7.430866,0,0,0.512089,0.3928833,0.4419934,-3.415325,0.6237106,0.6086052,-0.5859388,7896
81.66,1.134481,0,0,0.5158752,0.3974091,-0.1534266,-3.103325,0.5562305,0.5652665,-0.8228865,7884
81.68,0.1891556,0,0,0.5248564,0.4044591,0.2435202,-3.559816,0.5562305,0.553334,-0.8594206,7880
81.7,0.7324333,0,0,0.5180343,0.395463,-0.06182348,-3.943585,0.5562305,0.5479916,-0.9403305,7896
81.72,1.609594,0,0,0.5140242,0.3839992,-0.07709067,-4.129906,0.5562305,0.5463995,-0.9652452,7888
81.74,2.366096,0,0,0.5082667,0.374028,0.1824515,-4.144831,0.5562305,0.5463044,-0.9665694,7892
81.76,2.868858,0,0,0.5051203,0.3687698,0.02977964,-4.065453,0.5562305,0.5471765,-0.9403765,7880
81.78,3.043808,0,0,0.5123747,0.3724807,0.2893218,-3.979673,0.5562305,0.5495828,-0.8699869,7896
81.8,3.016438,0,0,0.5089042,0.3735785,0.07558119,-3.896278,0.5562305,0.5499985,-0.8624787,7892
81.82,2.950848,0,0,0.5098559,0.3758939,0.1519171,-3.846404,0.5562305,0.5504312,-0.8431888,7896
81.84,2.945955,0,0,0.5019377,0.3731712,0.06031401,-3.798469,0.5562305,0.5493912,-0.8683398,7884
81.86,2.992773,0,0,0.502843,0.3733943,0.07558119,-3.768443,0.5562305,0.5495808,-0.8514704,7892
81.88,2.983231,0,0,0.5059733,0.3757696,0.1061156,-3.752436,0.5562305,0.5502869,-0.8289172,7892
81.9,2.905622,0,0,0.5095552,0.378962,0.3351234,-3.753586,0.5562305,0.5509372,-0.8118429,7892
81.92,26.97333,0,0,0.4947811,0.3835622,-0.0007547362,-3.697441,0.8261509,0.7674992,0.08757931,7884
81.94,31.77937,0,0,0.5010424,0.409621,-0.03128911,-1.237222,0.89363,0.8818464,0.4800949,7868
81.96,24.8258,0,0,0.5393621,0.4827434,2.228254,0.7709978,0.89363,0.9137615,0.5858204,7868
81.98,16.09065,0,0,0.6769653,0.6136962,7.190088,0.9916948,0.89363,0.9314829,0.8531349,7852
82,2.929392,0,0,0.7163396,0.6797603,4.640468,0.08589676,0.8261509,0.8690933,0.210466,7868
82.02,-1.680307,0,0,0.845386,0.7520308,3.49543,-2.239318,0.8261509,0.8555332,0.1239651,7868
82.04,3.049873,0,0,0.8549505,0.7468799,-0.3366328,-4.307388,0.89363,0.8932111,-0.2073544,7876
82.06,3.543907,0,0,0.847324,0.7097366,0.9000088,-5.187368,0.89363,0.8943403,-0.6467535,7868
82.08,-2.413784,0,0,0.8424909,0.6748033,0.3809245,-5.705283,0.8261509,0.8359653,-1.17435,7864
82.1,4.03511,0,0,0.8410559,0.6500465,-0.03128911,-6.631866,0.89363,0.8734012,-1.131715,7868
82.12,5.282593,0,0,0.8577547,0.6392305,0.6099325,-6.634898,0.89363,0.8864496,-1.112828,7856
82.14,10.99668,0,0,0.8527302,0.6356571,0.06031401,-6.486977,0.9611101,0.9436827,-0.9372938,7860
82.16,10.24188,0,0,0.8404597,0.6335622,-0.01602192,-5.774919,0.9611101,0.9567217,-0.9979909,7856
82.18,-3.630333,0,0,0.8418492,0.6380807,0.6710012,-5.39275,0.8261509,0.8497253,-1.517924,7868
82.2,1.622196,0,0,0.8234416,0.6284574,-0.0007547362,-6.486722,0.89363,0.8706256,-1.48569,7868
82.22,3.721027,0,0,0.8281145,0.6137817,-0.4435031,-6.6937,0.89363,0.8777876,-1.457958,7884
82.24,4.965828,0,0,0.7767625,0.5777158,-1.939687,-6.47015,0.89363,0.8737864,-1.633754,7864
82.26,11.95356,0,0,0.7659121,0.5650434,-0.4129688,-6.144683,0.9611101,0.9295101,-1.333153,7872
82.28,6.164795,0,0,0.7537445,0.560761,-0.1686933,-5.187273,0.89363,0.8909815,-1.489014,7864
82.3,11.11293,0,0,0.7492971,0.5706884,-0.2908313,-5.114401,0.9611101,0.9356972,-1.220266,7864
82.32,-1.136932,0,0,0.7573044,0.5780535,0.07558119,-4.603064,0.8261509,0.8398719,-1.60701,7872
82.34,4.326397,0,0,0.7419968,0.5747488,-0.01602192,-5.455842,0.89363,0.8655465,-1.484995,7872
82.36,0.2655182,0,0,0.7368562,0.5583102,-0.6267089,-5.461457,0.8261509,0.8183036,-1.694457,7872
82.38,13.65052,0,0,0.6904758,0.5291007,-1.878618,-5.727703,0.9611101,0.9102615,-1.362125,7876
82.4,15.04933,0,0,0.7158926,0.5374633,0.02977964,-4.609625,0.9611101,0.9434214,-1.064351,7864
82.42,7.218189,0,0,0.6987213,0.5470552,0.8084057,-3.683752,0.89363,0.895811,-1.299732,7864
82.44,5.639782,0,0,0.687054,0.5533818,-0.3671672,-3.830197,0.89363,0.8801488,-1.368423,7864
82.46,-0.1950569,0,0,0.7015703,0.5576737,0.04504682,-4.136534,0.8261509,0.8229601,-1.556479,7876
82.48,0.644043,0,0,0.6958225,0.547269,0.4725278,-4.916703,0.8261509,0.8064555,-1.615249,7868
82.5,8.722614,0,0,0.6991527,0.5364553,-0.4282355,-5.3506,0.89363,0.8589227,-1.325168,7876
82.52,9.893456,0,0,0.720607,0.5432987,0.5183294,-4.877478,0.89363,0.8787633,-1.133902,7860
82.54,3.011509,0,0,0.7199684,0.5511013,-0.07709067,-4.450352,0.8261509,0.8295653,-1.340022,7856
82.56,8.194508,0,0,0.7263099,0.5624622,0.1061156,-4.876666,0.89363,0.8709937,-1.107846,7868
82.58,8.479084,0,0,0.7381002,0.5704626,0.04504682,-4.673388,0.89363,0.8833259,-1.050515,7868
82.6,1.59441,0,0,0.7439153,0.577216,0.1061156,-4.534756,0.8261509,0.8316633,-1.294431,7856
82.62,7.126511,0,0,0.7378623,0.5765632,0.1366499,-5.118955,0.89363,0.8699366,-1.157021,7880
82.64,2.019981,0,0,0.7286907,0.5629533,-0.09235785,-4.928845,0.8261509,0.824158,-1.432704,7876
82.66,8.047672,0,0,0.7347344,0.5632263,0.2129859,-5.324664,0.89363,0.8679973,-1.184803,7876
82.68,8.746929,0,0,0.7329997,0.5604734,-0.03128911,-4.973516,0.89363,0.8802456,-1.153747,7876
82.7,8.064022,0,0,0.7380352,0.5682067,0.1824515,-4.681749,0.89363,0.8844792,-1.117548,7876
82.72,13.24324,0,0,0.7353104,0.5766851,0.01451245,-4.545643,0.9611101,0.939029,-0.9050098,7880
82.74,0.2750282,0,0,0.7424885,0.5838707,0.2129859,-3.966561,0.8261509,0.8443053,-1.359683,7868
82.76,10.97792,0,0,0.7413974,0.5916154,0.304589,-4.880926,0.9611101,0.9257383,-1.000227,7856
82.78,5.959908,0,0,0.7427027,0.5855672,-0.2297625,-4.420012,0.89363,0.8925792,-1.228983,7856
82.8,-0.9536095,0,0,0.7380998,0.5812299,0.3503905,-4.612142,0.8261509,0.8275539,-1.540889,7868
82.82,11.73591,0,0,0.7258633,0.5705602,0.1213828,-5.391913,0.9611101,0.9173332,-1.16478,7876
82.84,7.250702,0,0,0.7283311,0.5616478,-0.07709067,-4.636145,0.89363,0.8890722,-1.309015,7876
82.86,6.143612,0,0,0.7351666,0.5706781,0.5946653,-4.602112,0.89363,0.8830433,-1.27415,7872
82.88,5.927238,0,0,0.7362673,0.5746114,-0.1228922,-4.697894,0.89363,0.8810098,-1.280103,7880
82.9,11.86703,0,0,0.7529766,0.5867031,0.3961921,-4.825626,0.9611101,0.937233,-0.9804153,7872
82.92,11.55073,0,0,0.7430804,0.5880657,-0.07709067,-4.286613,0.9611101,0.9500173,-1.018819,7852
82.94,-1.936714,0,0,0.7476688,0.5933997,0.1977187,-3.985445,0.8261509,0.8435681,-1.511445,7820
82.96,3.465382,0,0,0.7425215,0.5905453,0.06031401,-5.131664,0.89363,0.8668624,-1.410524,7864
82.98,5.536278,0,0,0.7476704,0.5781012,-0.01602192,-5.362143,0.89363,0.874423,-1.383633,7864
83,6.247581,0,0,0.7567613,0.5761675,0.1671843,-5.326776,0.89363,0.8791741,-1.316372,7876
83.02,12.41789,0,0,0.7475919,0.5743377,-0.1686933,-5.198564,0.9611101,0.9344146,-1.091976,7876
83.04,6.141735,0,0,0.7419599,0.5739967,0.02977964,-4.478261,0.89363,0.8943582,-1.304316,7840
83.06,4.944424,0,0,0.7352327,0.5769594,0.2435202,-4.614581,0.89363,0.8820317,-1.358018,7872
83.08,11.15542,0,0,0.7403293,0.5808915,-0.04655629,-4.835773,0.9611101,0.9338821,-1.10745,7868
83.1,5.378292,0,0,0.7275251,0.5733123,-0.1534266,-4.326444,0.89363,0.8912923,-1.374755,7888
83.12,-1.246151,0,0,0.7178178,0.5658897,0.4725278,-4.548022,0.8261509,0.8236376,-1.678352,7872
83.14,12.0234,0,0,0.6867943,0.5434345,-0.0007547362,-5.26422,0.9611101,0.910891,-1.342234,7884
83.16,37.86305,0,0,0.718217,0.5621723,0.06031401,-4.452566,1.23103,1.161473,-0.1014411,7868
83.18,41.19742,0,0,0.7025468,0.5948056,0.5793981,-1.253285,1.298511,1.281611,0.2377487,7848
83.2,26.99556,0,0,0.6911917,0.6504591,1.052681,1.228558,1.23103,1.251967,-0.1089467,7856
83.22,17.67414,0,0,0.873714,0.8018913,8.991614,0.9123969,1.23103,1.260402,0.3362115,7848
83.24,10.47116,0,0,0.9993963,0.9181738,4.41146,-0.6530042,1.23103,1.26198,0.261507,7852
83.26,6.07439,0,0,1.029639,0.9487889,2.503063,-2.558064,1.23103,1.246981,-0.3168064,7820
83.28,4.989601,0,0,0.9924155,0.9048676,-1.817549,-4.184851,1.23103,1.224076,-1.065891,7852
83.3,6.149517,0,0,0.9724923,0.8485974,-0.9320526,-5.310127,1.23103,1.210257,-1.508604,7856
83.32,8.168365,0,0,0.9314255,0.7858641,-2.199229,-5.808814,1.23103,1.200611,-1.845584,7848
83.34,10.33809,0,0,0.8868998,0.7297055,-2.825183,-5.789633,1.23103,1.194863,-2.036078,7852
83.36,12.03593,0,0,0.8706251,0.7005582,-0.1992282,-5.490453,1.23103,1.196012,-2.000475,7864
83.38,12.98521,0,0,0.8566961,0.6876195,-0.1381594,-5.068612,1.23103,1.198494,-1.9285,7880
83.4,25.28189,0,0,0.8589967,0.6973474,0.2129859,-4.679757,1.365991,1.311935,-1.315697,7860
83.42,12.47341,0,0,0.8572508,0.7094722,0.2893218,-3.186519,1.23103,1.234117,-1.668057,7848
83.44,9.751408,0,0,0.8504137,0.7248256,0.1213828,-3.47315,1.23103,1.210386,-1.746553,7856
83.46,9.742168,0,0,0.8831928,0.742676,0.7931387,-4.037003,1.23103,1.207414,-1.650812,7844
83.48,10.46618,0,0,0.8584626,0.7269852,-0.3671672,-4.351481,1.23103,1.201475,-1.801048,7868
83.5,11.37183,0,0,0.8643209,0.7196447,-0.1992282,-4.498298,1.23103,1.201741,-1.765294,7856
83.52,12.04045,0,0,0.8562647,0.7106894,0.1213828,-4.47906,1.23103,1.201751,-1.771744,7852
83.54,6.309944,0,0,0.8719431,0.7138834,-0.2908313,-4.444929,1.16355,1.150643,-1.907869,7864
83.56,-17.41597,0,0,0.8681593,0.6979715,0.4572606,-5.017282,0.89363,0.9176511,-2.900786,7880
83.58,-14.24915,0,0,0.8267837,0.6431556,-0.7793808,-7.678034,0.89363,0.8501778,-3.150645,7880
83.6,-0.02465439,0,0,0.8230099,0.5837236,-1.023656,-9.091757,0.9611101,0.8948401,-2.721883,7872
83.62,7.467419,0,0,0.6795042,0.4695633,-7.832818,-8.16851,0.9611101,0.8975083,-2.923164,7872
83.64,12.30048,0,0,0.5906924,0.3966848,-4.794649,-6.500636,0.9611101,0.9015188,-2.734971,7864
83.66,15.28002,0,0,0.5088914,0.3540277,-2.550374,-4.640064,0.9611101,0.9054788,-2.496829,7860
83.68,16.17334,0,0,0.5450522,0.3906188,-0.03128911,-3.179538,0.9611101,0.9241039,-1.815292,7872
83.7,9.134293,0,0,0.5717726,0.4419756,1.098482,-2.207201,0.89363,0.8828988,-1.619716,7876
83.72,2.03957,0,0,0.5550225,0.4610302,0.2435202,-2.248493,0.8261509,0.8143067,-1.813532,7868
83.74,14.69119,0,0,0.5955406,0.4917793,2.30459,-3.100897,0.9611101,0.9117758,-1.1011,7868
83.76,15.76125,0,0,0.61897,0.5128455,-0.06182348,-2.464647,0.9611101,0.9418683,-0.89794,7872
83.78,13.89541,0,0,0.6335207,0.5400003,0.6404669,-1.980788,0.9611101,0.9506222,-0.8324397,7856
83.8,5.80756,0,0,0.6470203,0.5613506,0.7320697,-1.901646,0.89363,0.8970254,-1.091003,7868
83.82,4.576153,0,0,0.6629134,0.5737739,0.6710012,-2.720596,0.89363,0.8812099,-1.168577,7860
83.84,11.28535,0,0,0.6652718,0.5688474,0.1061156,-3.396725,0.9611101,0.9296353,-1.024683,7876
83.86,12.02647,0,0,0.6691767,0.5629975,0.1061156,-3.177801,0.9611101,0.9429451,-1.029028,7868
83.88,11.35256,0,0,0.6638993,0.5615256,0.2435202,-2.940374,0.9611101,0.9452816,-1.080341,7864
83.9,4.605656,0,0,0.6612409,0.5596341,0.02977964,-2.848913,0.89363,0.89,-1.368343,7864
83.92,4.323967,0,0,0.6732264,0.562094,0.2435202,-3.503884,0.89363,0.8760128,-1.384761,7872
83.94,11.41405,0,0,0.681033,0.5597931,0.06031401,-3.985542,0.9611101,0.927869,-1.14073,7864
83.96,6.180141,0,0,0.6788529,0.552211,0.1671843,-3.588171,0.89363,0.8874187,-1.359417,7872
83.98,11.73935,0,0,0.6767529,0.5534894,0.1061156,-3.838248,0.9611101,0.9310811,-1.145803,7864
84,12.11893,0,0,0.6718674,0.5513095,0.09084838,-3.429013,0.9611101,0.9424976,-1.133188,7872
84.02,5.212448,0,0,0.6827068,0.5602483,0.2129859,-3.153545,0.89363,0.892441,-1.320929,7860
84.04,4.609882,0,0,0.6733161,0.5578971,0.1061156,-3.646256,0.89363,0.8762317,-1.419901,7860
84.06,5.615124,0,0,0.6766636,0.5506678,0.2435202,-4.044094,0.89363,0.8724564,-1.419373,7872
84.08,0.6260071,0,0,0.6831267,0.5430487,0.09084838,-4.228862,0.8261509,0.8187344,-1.614126,7872
84.1,7.614239,0,0,0.6828732,0.5365224,0.2282531,-4.846956,0.89363,0.8600078,-1.371446,7876
84.12,15.223,0,0,0.6821355,0.5319194,0.1519171,-4.540437,0.9611101,0.9277695,-1.049991,7896
84.14,14.82998,0,0,0.6810141,0.5398487,0.2282531,-3.560847,0.9611101,0.94737,-0.9609147,7876
84.16,12.69187,0,0,0.6865063,0.5611329,0.1977187,-2.966074,0.9611101,0.9527224,-0.9248143,7876
84.18,10.7521,0,0,0.6857819,0.5767604,0.1671843,-2.792374,0.9611101,0.9514446,-0.984063,7876
84.2,3.567707,0,0,0.6821982,0.5790821,0.1977187,-2.875522,0.89363,0.8931438,-1.322722,7884
84.22,3.397217,0,0,0.6816786,0.573063,0.1213828,-3.658044,0.89363,0.8755194,-1.428005,7884
84.24,4.861908,0,0,0.6841994,0.5595941,0.04504682,-4.20181,0.89363,0.8712128,-1.452905,7896
84.26,12.19875,0,0,0.6950224,0.5557728,0.02977964,-4.434897,0.9611101,0.9277506,-1.150002,7900
84.28,6.656872,0,0,0.6961023,0.5535728,0.06031401,-3.855244,0.89363,0.8896416,-1.327556,7872
84.3,5.866821,0,0,0.6859342,0.5522396,0.1671843,-4.000592,0.89363,0.8777812,-1.383849,7888
84.32,12.35411,0,0,0.6844703,0.5510316,0.07558119,-4.16653,0.9611101,0.9293979,-1.141317,7884
84.34,6.608585,0,0,0.688058,0.5517007,0.1519171,-3.636111,0.89363,0.889914,-1.315503,7892
84.36,5.734413,0,0,0.6886619,0.5565621,0.1519171,-3.866074,0.89363,0.8789839,-1.335816,7884
84.38,6.159481,0,0,0.6853293,0.5524043,0.02977964,-4.100286,0.89363,0.875252,-1.360908,7884
84.4,12.83068,0,0,0.6825299,0.5487925,0.1366499,-4.197706,0.9611101,0.9290983,-1.119376,7900
84.42,6.979465,0,0,0.6874831,0.5504774,0.07558119,-3.605936,0.89363,0.8905724,-1.284269,7876
84.44,-0.04998016,0,0,0.6863734,0.5527499,0.1519171,-3.807499,0.8261509,0.8248202,-1.555497,7880
84.46,12.53158,0,0,0.6927312,0.5548909,0.1213828,-4.659514,0.9611101,0.9170646,-1.09003,7888
84.48,7.85833,0,0,0.6986893,0.5517492,0.1213828,-3.977357,0.89363,0.8891185,-1.23467,7884
84.5,12.67673,0,0,0.7033033,0.5633804,0.1213828,-4.001306,0.9611101,0.9368213,-0.9881224,7880
84.52,12.15961,0,0,0.7051245,0.5719478,0.1824515,-3.53913,0.9611101,0.9490701,-0.9761027,7872
84.54,10.74498,0,0,0.7003888,0.5793974,0.1213828,-3.273796,0.9611101,0.9500393,-1.035203,7884
84.56,-2.337307,0,0,0.6954945,0.5767203,0.09084838,-3.242079,0.8261509,0.8383403,-1.596783,7892
84.58,3.78363,0,0,0.6912352,0.5672752,0.1061156,-4.526333,0.89363,0.8609769,-1.485857,7892
84.6,6.467304,0,0,0.6888338,0.546447,0.09084838,-4.752346,0.89363,0.8681884,-1.467036,7896
84.62,7.827011,0,0,0.6686642,0.5255411,-0.5351062,-4.566874,0.89363,0.8697397,-1.482638,7884
84.64,2.354774,0,0,0.6817498,0.5258375,0.2282531,-4.339989,0.8261509,0.8202718,-1.577167,7872
84.66,2.685703,0,0,0.6735452,0.5213345,0.09084838,-4.719288,0.8261509,0.8068638,-1.580758,7880
84.68,10.19159,0,0,0.6673912,0.5136219,0.1061156,-4.912905,0.89363,0.8588597,-1.300463,7892
84.7,11.1698,0,0,0.6652111,0.5119592,0.1061156,-4.272611,0.89363,0.8750414,-1.191441,7884
84.72,16.34681,0,0,0.6676431,0.5265324,0.1671843,-3.746423,0.9611101,0.935612,-0.8699352,7884
84.74,14.83326,0,0,0.6785505,0.5503259,0.6710012,-2.907543,0.9611101,0.9529362,-0.7819328,7872
84.76,6.310989,0,0,0.6744266,0.5663885,-0.183961,-2.505608,0.89363,0.8993892,-1.094328,7872
84.78,10.73529,0,0,0.6809382,0.5792139,0.2740546,-3.118977,0.9611101,0.9372915,-0.9517371,7876
84.8,-1.093185,0,0,0.6787214,0.5704137,0.2587874,-3.091515,0.8261509,0.8356808,-1.50731,7876
84.82,5.132519,0,0,0.6597099,0.5511036,0.3351234,-4.208343,0.89363,0.8590747,-1.458332,7892
84.84,1.688873,0,0,0.6582043,0.5266779,-0.06182348,-4.317176,0.8261509,0.8125318,-1.664692,7888
84.86,8.982456,0,0,0.6620359,0.5181708,0.07558119,-4.733228,0.89363,0.8580018,-1.363405,7900
84.88,4.344563,0,0,0.666191,0.5131583,0.3809245,-4.286259,0.8261509,0.8188327,-1.478231,7896
84.9,16.28021,0,0,0.6621725,0.5187501,-0.1686933,-4.431836,0.9611101,0.9184292,-0.9710348,7900
84.92,4.374702,0,0,0.6710705,0.5264457,0.3503905,-3.359669,0.8261509,0.838346,-1.308251,7876
84.94,8.544502,0,0,0.6651142,0.5374823,0.1519171,-3.830172,0.89363,0.8693414,-1.143776,7880
84.96,3.063873,0,0,0.6682814,0.5362505,0.2587874,-3.740818,0.8261509,0.8228902,-1.364715,7872
84.98,3.155415,0,0,0.6561828,0.5265323,-0.1381594,-4.201769,0.8261509,0.8082843,-1.448392,7880
85,10.32533,0,0,0.6764796,0.5298471,0.4267263,-4.546389,0.89363,0.8632451,-1.102525,7892
85.02,-1.116982,0,0,0.6772046,0.5254975,-0.1381594,-4.065763,0.7586708,0.7695895,-1.527896,7876
85.04,40.85329,0,0,0.6417791,0.5239412,0.1977187,-4.759662,1.23103,1.121988,-0.02761358,7868
85.06,47.23219,0,0,0.6276391,0.5372937,-0.5045714,-0.9276603,1.298511,1.272162,0.4173899,7848
85.08,31.1447,0,0,0.7622956,0.6788598,8.365661,1.883578,1.23103,1.274202,0.7440085,7848
85.1,18.63756,0,0,0.9191682,0.8532602,6.991614,1.634841,1.23103,1.279973,0.90945,7828
85.12,9.957718,0,0,0.9903861,0.9463953,5.266423,-0.06590655,1.23103,1.267174,0.4266614,7840
85.14,5.585728,0,0,1.011674,0.9593066,-2.51984,-2.177921,1.23103,1.246038,-0.2764148,7832
85.16,4.822178,0,0,0.9852569,0.9110067,-0.06182348,-3.964123,1.23103,1.22347,-1.015081,7844
85.18,6.32143,0,0,0.9471699,0.840519,-4.214497,-5.110979,1.23103,1.207056,-1.554987,7868
85.2,8.92836,0,0,0.8766323,0.7556731,-0.5351062,-5.502096,1.23103,1.193302,-2.000652,7844
85.22,11.36296,0,0,0.8682414,0.7131752,-1.64961,-5.444096,1.23103,1.193951,-1.98569,7852
85.24,12.75054,0,0,0.8609886,0.6953053,0.9305434,-5.122362,1.23103,1.197869,-1.906075,7848
85.26,13.08748,0,0,0.8765467,0.7033238,0.9000088,-4.80354,1.23103,1.20442,-1.731833,7852
85.28,12.77731,0,0,0.8788556,0.713268,-0.1228922,-4.565853,1.23103,1.207346,-1.662616,7840
85.3,12.35891,0,0,0.8782052,0.7204599,0.04504682,-4.440463,1.23103,1.207867,-1.641232,7844
85.32,12.06777,0,0,0.8766561,0.7241468,-0.04655629,-4.397502,1.23103,1.207393,-1.64267,7852
85.34,11.95344,0,0,0.8730216,0.7240502,-0.1228922,-4.389545,1.23103,1.206437,-1.659553,7840
85.36,11.90476,0,0,0.8785265,0.7271247,0.2587874,-4.411148,1.23103,1.206967,-1.63636,7832
85.38,11.97076,0,0,0.8646858,0.7202436,0.1824515,-4.39298,1.23103,1.204831,-1.699302,7832
85.4,12.02088,0,0,0.8786647,0.725673,0.2587874,-4.410627,1.23103,1.206825,-1.629568,7848
85.42,12.10733,0,0,0.8584735,0.7163309,0.02977964,-4.362928,1.23103,1.204142,-1.716826,7844
85.44,12.19783,0,0,0.8717838,0.7209151,0.1519171,-4.356,1.23103,1.206105,-1.642606,7860
85.46,12.15901,0,0,0.869169,0.7214664,-0.07709067,-4.336565,1.23103,1.206187,-1.650542,7852
85.48,18.12051,0,0,0.8706181,0.7256883,0.02977964,-4.325603,1.298511,1.261085,-1.401594,7840
85.5,11.70432,0,0,0.8760148,0.7318105,0.06031401,-3.737789,1.23103,1.221831,-1.594052,7832
85.52,10.35107,0,0,0.8769496,0.7393031,0.1213828,-4.000607,1.23103,1.209937,-1.648746,7844
85.54,10.57321,0,0,0.8688347,0.7325358,0.1061156,-4.293097,1.23103,1.204382,-1.727976,7848
85.56,11.1032,0,0,0.8810662,0.7322028,0.1824515,-4.49728,1.23103,1.204937,-1.686893,7844
85.58,11.48715,0,0,0.8797975,0.7285255,-0.5045714,-4.576066,1.23103,1.205045,-1.696002,7840
85.6,11.63789,0,0,0.8919452,0.7328887,0.1213828,-4.622247,1.23103,1.207217,-1.639726,7840
85.62,17.66654,0,0,0.8858818,0.7335172,-0.107625,-4.616296,1.298511,1.261368,-1.429376,7844
85.64,11.49022,0,0,0.872153,0.7275398,0.06031401,-3.970273,1.23103,1.219281,-1.697768,7832
85.66,-109.5507,0,0,0.8548619,0.6630247,0.5641309,-4.237967,-0.1185694,0.1109738,-6.622864,7860
85.68,-12.72937,0,0,0.8957131,0.6146997,0.5488637,-16.66366,0.89363,0.6403106,-3.389379,7920
85.7,10.47094,0,0,0.6126412,0.3107519,-19.37481,-14.33795,0.8261509,0.7080377,-3.970792,7860
85.72,35.95776,0,0,-0.04888286,-0.1154136,-26.27557,-8.459785,0.9611101,0.774964,-5.057772,7864
85.74,35.07765,0,0,0.2979378,0.02251215,11.35803,-2.767795,0.89363,0.843183,-2.047096,7844
85.76,16.79003,0,0,0.3196625,0.1758252,4.396194,0.8205488,0.7586708,0.7679452,-1.552537,7860
85.78,14.48705,0,0,0.6018283,0.4415489,13.43437,0.5260047,0.8261509,0.8404024,0.1356984,7860
85.8,7.995657,0,0,0.7319189,0.6123533,5.174819,-0.3658128,0.8261509,0.860832,0.4240425,7860
85.82,2.395657,0,0,0.8256682,0.7118059,6.106118,-1.945684,0.8261509,0.8603798,0.2944505,7864
85.84,11.74723,0,0,0.7934535,0.7081643,-2.428236,-3.504177,0.9611101,0.9481248,0.06057858,7856
85.86,4.953304,0,0,0.8150827,0.6963382,0.2129859,-3.665108,0.89363,0.9123547,-0.4431001,7872
85.88,-2.730053,0,0,0.773593,0.6569589,-0.04655629,-4.348783,0.8261509,0.8358466,-1.200803,7864
85.9,4.06942,0,0,0.7653666,0.6227536,-0.4282355,-5.540064,0.89363,0.8668674,-1.215138,7880
85.92,6.228992,0,0,0.7654216,0.5950657,-0.8251827,-5.633958,0.89363,0.8765768,-1.255265,7868
85.94,7.059601,0,0,0.7241415,0.5611079,0.1519171,-5.352594,0.89363,0.874781,-1.4207,7868
85.96,7.383606,0,0,0.7328594,0.5576959,0.1061156,-5.092497,0.89363,0.8783781,-1.322481,7876
85.98,7.11628,0,0,0.7472801,0.5688393,0.304589,-4.925066,0.89363,0.8825927,-1.221206,7872
86,6.651875,0,0,0.7448826,0.5743755,0.5946653,-4.837903,0.89363,0.8828468,-1.228753,7860
86.02,6.301769,0,0,0.7477007,0.5791428,-0.07709067,-4.836798,0.89363,0.882724,-1.226969,7872
86.04,5.995457,0,0,0.7600697,0.5876262,0.4877952,-4.907931,0.89363,0.8838928,-1.193489,7868
86.06,5.797966,0,0,0.7552835,0.5868738,0.1824515,-4.976332,0.89363,0.8824789,-1.245196,7872
86.08,5.827782,0,0,0.7491828,0.5818799,0.3351234,-5.024769,0.89363,0.8807632,-1.291621,7880
86.1,-0.06550598,0,0,0.7511986,0.5773464,0.07558119,-5.064058,0.8261509,0.8260438,-1.529713,7872
86.12,6.33522,0,0,0.7519767,0.5741314,0.2129859,-5.681003,0.89363,0.8662651,-1.314816,7872
86.14,7.565712,0,0,0.7581142,0.5712261,0.07558119,-5.46006,0.89363,0.8791614,-1.240538,7880
86.16,7.206333,0,0,0.767268,0.57958,0.1671843,-5.212628,0.89363,0.8845758,-1.174807,7868
86.18,0.5304184,0,0,0.7635493,0.5815002,0.2129859,-5.083039,0.8261509,0.8301055,-1.438949,7868
86.2,12.47048,0,0,0.7523813,0.5791295,0.04504682,-5.629625,0.9611101,0.9224433,-1.049883,7868
86.22,7.33532,0,0,0.7443287,0.5707022,0.1061156,-4.768131,0.89363,0.8923527,-1.255736,7868
86.24,5.923031,0,0,0.747573,0.5790573,0.4572606,-4.719711,0.89363,0.8847876,-1.251927,7860
86.26,-0.3340645,0,0,0.7405366,0.5752437,0.06031401,-4.820091,0.8261509,0.8262088,-1.544156,7872
86.28,6.098373,0,0,0.7478191,0.5747024,0.04504682,-5.53304,0.89363,0.8661032,-1.309237,7876
86.3,1.420082,0,0,0.7534047,0.5681291,0.07558119,-5.378534,0.8261509,0.823908,-1.48655,7880
86.32,1.537125,0,0,0.7575101,0.5670148,0.1519171,-5.757932,0.8261509,0.813776,-1.472238,7872
86.34,2.63596,0,0,0.7492679,0.5562396,0.02977964,-5.975227,0.8261509,0.8106608,-1.484618,7876
86.36,3.602882,0,0,0.7558935,0.5532389,0.1366499,-6.022922,0.8261509,0.8125442,-1.404408,7888
86.38,10.16898,0,0,0.7529554,0.5534655,0.2129859,-5.940925,0.89363,0.8686514,-1.124299,7876
86.4,4.187626,0,0,0.7416866,0.5504552,0.09084838,-5.196161,0.8261509,0.8284411,-1.336675,7868
86.42,15.13944,0,0,0.7432793,0.5635149,0.2129859,-5.296027,0.9611101,0.9273489,-0.8468261,7868
86.44,8.7173,0,0,0.7420774,0.5712769,0.07558119,-4.261761,0.89363,0.8988162,-1.037061,7864
86.46,6.295429,0,0,0.7509056,0.5907736,0.6099325,-4.250395,0.89363,0.8904946,-1.059717,7864
86.48,-0.5115662,0,0,0.7412343,0.5883775,-0.2602969,-4.474881,0.8261509,0.8294255,-1.425063,7880
86.5,-0.2835121,0,0,0.7530045,0.585454,0.1977187,-5.345838,0.8261509,0.8134996,-1.46259,7876
86.52,1.460949,0,0,0.7450108,0.5662922,-0.1228922,-5.879882,0.8261509,0.8082548,-1.522298,7872
86.54,9.067753,0,0,0.7514964,0.5582292,0.2587874,-6.0638,0.89363,0.8645654,-1.215639,7892
86.56,9.751396,0,0,0.7470827,0.5552639,0.1671843,-5.400765,0.89363,0.8810353,-1.148355,7872
86.58,2.69875,0,0,0.743775,0.5603268,0.02977964,-4.885334,0.8261509,0.8308762,-1.361343,7868
86.6,13.81789,0,0,0.7486621,0.5739882,0.2129859,-5.25879,0.9611101,0.926788,-0.8883067,7876
86.62,7.839737,0,0,0.7464997,0.5772347,-0.04655629,-4.387548,0.89363,0.8971066,-1.09722,7856
86.64,11.85504,0,0,0.7531156,0.5943902,0.5030622,-4.425849,0.9611101,0.9432302,-0.8847211,7864
86.66,-0.9802055,0,0,0.7429181,0.5916604,-0.183961,-4.035706,0.8261509,0.8426266,-1.450645,7868
86.68,4.2146,0,0,0.7476255,0.5929223,0.3351234,-5.081254,0.89363,0.8691257,-1.308119,7868
86.7,5.945442,0,0,0.7440712,0.578625,-0.4129688,-5.242975,0.89363,0.8757333,-1.333896,7872
86.72,12.4691,0,0,0.7526165,0.5793524,0.3656577,-5.187933,0.9611101,0.9346055,-1.038993,7868
86.74,0.1660271,0,0,0.7468154,0.5760665,0.04504682,-4.487386,0.8261509,0.8405771,-1.506431,7860
86.76,5.225437,0,0,0.7397483,0.575989,0.2435202,-5.238714,0.89363,0.8681409,-1.360322,7880
86.78,12.66703,0,0,0.7416905,0.5718034,-0.2450293,-5.226433,0.9611101,0.9312202,-1.082663,7876
86.8,6.561272,0,0,0.7455434,0.5749002,0.1519171,-4.480328,0.89363,0.8950138,-1.248576,7856
86.82,5.161736,0,0,0.741146,0.5810162,0.4725278,-4.590045,0.89363,0.8837775,-1.299654,7856
86.84,-0.7602539,0,0,0.7340934,0.5738249,-0.1534266,-4.793672,0.8261509,0.8242375,-1.595955,7880
86.86,6.041798,0,0,0.7350295,0.5670593,0.2435202,-5.522477,0.89363,0.8633417,-1.379516,7872
86.88,7.680702,0,0,0.7377355,0.5594177,-0.1228922,-5.324461,0.89363,0.8759606,-1.306553,7876
86.9,7.623299,0,0,0.7449791,0.5648433,0.5030622,-5.043719,0.89363,0.8817309,-1.226769,7872
86.92,1.10495,0,0,0.74163,0.566635,0.01451245,-4.861135,0.8261509,0.8280456,-1.46591,7876
86.94,6.928272,0,0,0.7484509,0.5723324,0.1213828,-5.41268,0.89363,0.8689098,-1.22595,7888
86.96,7.848289,0,0,0.7428141,0.566952,0.1366499,-5.177123,0.89363,0.8793435,-1.219878,7888
86.98,1.40987,0,0,0.7556378,0.5734336,0.1213828,-4.966963,0.8261509,0.829791,-1.387812,7868
87,1.089096,0,0,0.7473019,0.570067,0.1519171,-5.457729,0.8261509,0.814402,-1.465972,7864
87.02,14.31432,0,0,0.7412761,0.5633309,0.1061156,-5.786716,0.9611101,0.9192646,-1.006075,7876
87.04,8.913246,0,0,0.7383093,0.5604144,0.06031401,-4.662554,0.89363,0.8940526,-1.159113,7864
87.06,0.8594246,0,0,0.744109,0.5733956,0.2435202,-4.481342,0.8261509,0.8331158,-1.384292,7868
87.08,12.44335,0,0,0.7332808,0.5753827,-0.01602192,-5.138104,0.9611101,0.9228745,-1.015472,7868
87.1,1.191074,0,0,0.7410786,0.5725505,-0.04655629,-4.438269,0.8261509,0.839101,-1.417134,7872
87.12,6.073711,0,0,0.7410364,0.5772594,0.4572606,-5.103584,0.89363,0.8703865,-1.245061,7860
87.14,7.216255,0,0,0.7268085,0.5641929,-0.2602969,-5.014823,0.89363,0.8766888,-1.295311,7876
87.16,1.247322,0,0,0.7404165,0.5659468,0.2435202,-4.879278,0.8261509,0.8267274,-1.453279,7836
87.18,7.261921,0,0,0.7347682,0.5643426,0.1977187,-5.371707,0.89363,0.8670103,-1.262148,7872
87.2,8.315495,0,0,0.7265868,0.5557672,0.1824515,-5.067493,0.89363,0.8775288,-1.250059,7880
87.22,1.97155,0,0,0.7341394,0.5592852,0.2435202,-4.782022,0.8261509,0.8277446,-1.421902,7868
87.24,1.610199,0,0,0.7367915,0.5621845,0.1061156,-5.242487,0.8261509,0.8144186,-1.43532,7872
87.26,8.60416,0,0,0.7392258,0.5601837,0.1519171,-5.587481,0.89363,0.8661095,-1.181931,7872
87.28,3.236992,0,0,0.7442843,0.5589247,0.1061156,-5.128885,0.8261509,0.8270721,-1.34648,7868
87.3,8.674877,0,0,0.7364119,0.5603898,0.09084838,-5.337785,0.89363,0.870051,-1.151479,7864
87.32,8.933498,0,0,0.741967,0.5646803,0.07558119,-4.942573,0.89363,0.8828438,-1.090332,7868
87.34,7.954582,0,0,0.7449311,0.5743744,0.1977187,-4.662961,0.89363,0.8862264,-1.079124,7860
87.36,12.99856,0,0,0.7434491,0.5838614,0.1061156,-4.569233,0.9611101,0.9402605,-0.8773474,7868
87.38,0.08576202,0,0,0.7392148,0.5842779,0.2435202,-4.000689,0.8261509,0.8433958,-1.392958,7860
87.4,-1.084763,0,0,0.7409577,0.5849797,-0.01602192,-4.934221,0.8261509,0.8156578,-1.499229,7884
87.42,0.7026939,0,0,0.7333409,0.5654632,0.04504682,-5.65397,0.8261509,0.8067873,-1.573997,7884
87.44,2.751572,0,0,0.731153,0.5466355,0.1213828,-5.939108,0.8261509,0.806198,-1.547274,7908
87.46,10.24252,0,0,0.7255919,0.5362612,0.1213828,-5.892509,0.89363,0.8627413,-1.251655,7876
87.48,4.805958,0,0,0.7152039,0.5297976,0.02977964,-5.075959,0.8261509,0.8242971,-1.417572,7868
87.5,3.927773,0,0,0.7195668,0.5388672,0.07558119,-5.09135,0.8261509,0.8156823,-1.359921,7876
87.52,10.20678,0,0,0.7111669,0.5399799,0.1061156,-5.163873,0.89363,0.8670161,-1.128116,7876
87.54,16.3619,0,0,0.7139238,0.5482976,0.1671843,-4.578358,0.9611101,0.9367252,-0.8116769,7860
87.56,2.849392,0,0,0.7049284,0.5542747,0.2587874,-3.555517,0.8261509,0.8443171,-1.291492,7852
87.58,-119.2918,0,0,0.704116,0.5042735,0.2282531,-4.365285,-0.5234499,-0.2768697,-6.214602,7864
87.6,-135.6687,0,0,0.69794,0.3707395,-0.1534266,-17.25523,-0.7933693,-0.7988245,-7.814205,7956
87.62,43.35322,0,0,0.6602589,0.1558143,-5.2832,-27.19426,0.8261509,0.3924674,-1.844865,7964
87.64,112.0994,0,0,0.05373103,-0.2739878,-35.9855,-13.87796,1.23103,1.00047,-0.8798523,7848
87.66,111.9909,0,0,-0.9770848,-0.754609,-53.13054,5.004519,1.23103,1.066016,-2.941259,7848
87.68,-83.92107,0,0,-0.7047873,-0.5770207,29.35803,16.82407,-0.7933693,-0.4599215,-6.809237,7816
87.7,19.74688,0,0,-0.07165229,-0.04471847,32.54887,3.170987,0.5562305,0.3185632,0.6125677,7960
87.72,148.4458,0,0,0.8168324,0.5790958,37.43438,2.0126,1.90583,1.735992,9.447453,7880
87.74,124.8484,0,0,0.9038997,0.9428585,-1.878618,13.78407,1.90583,2.079375,9.273987,7792
87.76,-38.55829,0,0,0.555235,0.9943085,-27.60382,19.93966,0.5562305,0.957997,1.156122,7796
87.78,-68.82553,0,0,1.391349,1.453644,63.81606,5.132559,0.5562305,0.7255728,2.052491,7888
87.8,-70.38513,0,0,2.141466,1.791003,32.06033,-10.08094,0.5562305,0.7100488,2.569147,7864
87.82,-62.96552,0,0,1.941537,1.564519,-14.84046,-19.96207,0.5562305,0.6177544,-0.7156115,7864
87.84,11.54333,0,0,1.024559,0.8354805,-53.71069,-23.10685,1.16355,0.9385581,-3.556644,7872
87.86,-10.57129,0,0,-0.365375,-0.248341,-79.69544,-13.56272,0.5562305,0.3804322,-10.43664,7836
87.88,18.24955,0,0,-1.351152,-1.083008,-7.466405,-6.268477,0.5562305,0.1886962,-11.94537,7876
87.9,78.52612,0,0,-0.760494,-0.9180362,18.80841,0.2342031,0.9611101,0.6719112,-4.248449,7864
87.92,-51.45219,0,0,-0.649584,-0.7001433,3.617567,10.18378,-0.5234499,-0.3363006,-6.401384,7876
87.94,-25.44697,0,0,-0.2922095,-0.327264,21.63284,2.630268,-0.1185694,-0.2192088,-2.762496,7944
87.96,6.404518,0,0,0.4482445,0.1474166,31.11376,-1.945535,0.15135,0.1371085,1.845287,7900
87.98,-164.4917,0,0,0.4996256,0.2323644,-5.038925,-2.264027,-1.738089,-1.318572,-4.957629,7896
88,-73.61993,0,0,-0.06768061,-0.1363565,-32.41298,-18.13614,-0.7933693,-1.049708,-5.241133,8016
88.02,-54.34509,0,0,-0.1351058,-0.5126643,3.342758,-19.2093,-1.06329,-1.161636,-5.305666,7984
88.04,-37.39472,0,0,-0.4029089,-0.8108925,-22.01603,-17.08053,-1.13077,-1.230722,-5.084885,8008
88.06,15.08018,0,0,-1.2326,-1.323777,-48.10764,-11.47274,-0.7933693,-1.043614,-5.414285,7984
88.08,-99.50681,0,0,-2.052793,-1.915571,-50.48932,-0.06581211,-2.345409,-2.294609,-11.49391,7948
88.1,-58.30024,0,0,-2.002892,-2.00011,36.50308,-3.932133,-2.075489,-2.318538,-7.742079,8048
88.12,-88.451,0,0,-1.66163,-1.892124,21.72444,-3.2964,-2.75029,-2.751586,-5.845046,8040
88.14,-223.0088,0,0,-1.506143,-1.837683,-0.1228922,-6.533162,-4.43729,-4.172833,-9.352723,8068
88.16,-105.2811,0,0,-1.655066,-1.993386,-12.09236,-21.80371,-3.425089,-3.726167,-5.419675,8184
88.18,-193.0943,0,0,-1.791973,-2.3449,-17.55801,-19.74666,-4.977129,-4.819185,-8.903769,8132
88.2,96.93448,0,0,-2.311728,-2.667368,-22.00076,-25.39409,-2.075489,-2.767791,1.402772,8220
88.22,134.8567,0,0,-2.923075,-3.00653,-34.90153,2.049446,-2.075489,-2.211303,3.385539,8048
88.24,110.0814,0,0,-3.342632,-2.906615,-31.74122,25.4955,-2.075489,-2.05749,4.912119,8020
88.26,189.4858,0,0,-3.313593,-2.438819,41.26643,38.62593,-0.7933693,-0.9547344,11.36312,8044
88.28,141.361,0,0,-1.792992,-1.143806,65.15958,50.99537,-0.7933693,-0.4578463,18.39786,7956
88.3,23.71976,0,0,-0.2525606,0.3584976,64.94583,49.5285,-1.19825,-0.5557895,20.35239,7952
88.32,-105.3375,0,0,1.061646,1.531539,67.87713,32.31997,-1.805569,-1.07883,17.57722,7976
88.34,-61.74026,0,0,2.320192,2.353348,63.52599,3.880277,-0.7933693,-0.4139078,19.0356,8028
88.36,-22.6475,0,0,3.147513,2.726853,41.86185,-13.26743,-0.1185694,0.2649276,18.29618,7960
88.38,-22.18042,0,0,2.269286,2.128418,-67.26794,-18.45647,0.08387089,0.3455403,9.581652,7908
88.4,-14.09891,0,0,0.5461426,0.8375878,-75.60383,-16.86207,0.15135,0.1193448,-0.7985787,7892
88.42,-131.2222,0,0,-0.4530913,-0.2697327,-58.94734,-11.86499,-1.40069,-1.293316,-10.71629,7888
88.44,-51.41603,0,0,-0.463958,-0.6869135,32.04506,-19.88393,-0.7933693,-1.095101,-7.555714,7984
88.46,-47.23625,0,0,0.1280909,-0.597506,22.22826,-18.6629,-1.13077,-1.148838,-3.913479,7956
88.48,-1079.646,0,0,0.3539895,-0.9118257,-3.451137,-19.14522,-12.80481,-10.5632,-43.32249,7984
88.5,-168.9057,0,0,-0.9495724,-2.08385,-82.41299,-119.3201,-3.357609,-5.618412,-18.94746,8648
88.52,82.23743,0,0,-2.292622,-4.199013,-60.65726,-89.66644,-3.425089,-4.275371,-14.83736,8104
88.54,135.1108,0,0,-3.429364,-4.991463,-58.51986,-40.45765,-3.425089,-3.774774,-8.812688,8100
88.56,-882.6915,0,0,-4.036007,-5.288111,-31.1458,-1.290036,-14.69425,-12.6659,-42.85374,8108
88.58,-925.9303,0,0,-3.885653,-5.429149,14.02979,-78.51688,-15.36905,-15.48984,-43.53434,8772
88.6,-797.7189,0,0,-2.725533,-6.090949,52.48781,-137.5681,-16.38125,-16.70718,-36.4498,8804
88.62,-449.893,0,0,-2.445852,-6.924051,32.77789,-164.2511,-14.76173,-15.41973,-20.93339,8864
88.64,-397.4807,0,0,-3.241582,-7.874818,-55.13055,-144.3107,-15.84141,-15.78259,-16.9672,8784
88.66,745.0363,0,0,-3.489523,-7.47474,-95.95499,-123.4774,-3.695009,-5.815103,35.6,8856
88.68,-393.0664,0,0,-5.711408,-7.936831,-88.99315,11.00328,-16.38125,-13.57129,-5.342788,8104
88.7,-497.2573,0,0,-7.129219,-7.553507,-68.8252,-10.32762,-15.57149,-15.20376,-8.384162,8868
88.72,-481.644,0,0,-8.069578,-8.348846,-45.81756,-32.63492,-16.31377,-16.33227,-12.18258,8840
88.74,-256.9449,0,0,-8.490869,-9.15836,-14.13817,-44.28389,-15.03165,-15.49508,-4.044073,8876
88.76,-189.3316,0,0,-8.972948,-9.755022,-15.66488,-27.62599,-15.30157,-15.35854,0.6270293,8804
88.78,-151.8042,0,0,-9.124839,-9.737161,-51.31375,-8.97506,-15.23409,-15.12145,7.176669,8832
88.8,-190.6815,0,0,-10.37978,-10.11482,-38.50459,10.74057,-15.84141,-15.63251,5.196301,8824
88.82,-167.4263,0,0,-11.28662,-10.46478,-1.176328,22.66479,-15.77393,-15.74227,6.522555,8852
88.84,-3.725708,0,0,-9.544399,-9.334522,70.24355,28.4292,-14.01945,-13.98134,24.87493,8848
88.86,-38.73743,0,0,-8.087052,-7.862139,73.06798,44.36767,-14.01945,-13.30823,33.11196,8752
88.88,-125.9194,0,0,-6.415889,-6.131013,82.93057,46.21957,-14.01945,-13.01027,37.85126,8744
88.9,705.2079,0,0,-4.801779,-4.154278,81.83134,34.38556,-3.695009,-4.53046,75.71035,8744
88.92,468.6041,0,0,-3.091151,-2.104973,74.62522,104.9269,-4.977129,-3.273291,74.69603,8124
88.94,74.68066,0,0,-2.912277,-0.3624706,0.3503905,126.5073,-6.259249,-4.357164,58.30015,8208
88.96,-2.872284,0,0,-2.785304,0.4508088,18.47253,100.0076,-5.044609,-4.078986,47.27036,8272
88.98,74.04837,0,0,-3.244933,0.06204486,51.40384,75.51627,-3.425089,-3.080549,37.72182,8220
89,-805.0703,0,0,-1.030334,0.3682472,99.69393,59.99741,-12.73733,-10.2117,4.327795,8124
89.02,-689.9455,0,0,0.6948507,0.6208237,87.4802,-44.17761,-11.05033,-10.73327,3.498677,8680
89.04,-369.4207,0,0,1.831149,-0.1359676,49.87712,-105.0824,-9.025928,-9.160965,8.458517,8560
89.06,-311.1612,0,0,1.250068,-1.522354,-48.84047,-111.4009,-9.565769,-9.2332,2.495641,8448
89.08,-136.8568,0,0,-0.1112072,-2.825578,-63.74123,-105.2717,-8.148689,-8.21243,2.728991,8480
89.1,324.8119,0,0,-1.224496,-3.525418,-54.94733,-79.49663,-3.357609,-4.084562,19.07948,8372
89.12,303.9001,0,0,-2.457213,-3.74678,-65.23741,-11.86835,-3.357609,-3.041647,19.98338,8096
89.14,49.84183,0,0,-3.679138,-3.533653,-66.5962,34.44074,-4.977129,-4.236954,11.58689,8104
89.16,78.49542,0,0,-4.785066,-3.466339,-55.02367,42.70904,-3.762489,-3.782185,10.67749,8204
89.18,-40.26007,0,0,-5.836477,-3.927901,20.38093,53.91955,-4.977129,-4.813654,2.298756,8148
89.2,-252.7151,0,0,-4.574032,-3.40895,61.8924,45.81698,-7.20397,-6.682794,-0.07482123,8212
89.22,-257.3278,0,0,-3.162401,-2.69813,67.58705,14.77314,-7.27145,-7.065398,3.776615,8360
89.24,-195.1417,0,0,-1.962739,-2.227795,60.44201,-9.970854,-6.93405,-6.76528,8.239834,8336
89.26,-118.5773,0,0,-1.273694,-1.980943,38.73209,-22.21968,-6.326729,-6.131258,11.79286,8312
89.28,-166.3712,0,0,-1.387983,-2.116881,-38.77939,-22.47281,-6.93405,-6.504636,7.943662,8272
89.3,273.4734,0,0,-2.75625,-2.764843,-66.5962,-23.17106,-2.075489,-2.883881,18.51229,8292
89.32,-86.12268,0,0,-4.092536,-3.644218,-70.58093,24.47306,-6.259249,-5.436257,1.247289,8016
89.34,-109.333,0,0,-4.737521,-3.83992,10.45726,21.99301,-5.92185,-5.904591,-0.1410956,8260
89.36,-11.1237,0,0,-3.721322,-3.359696,41.00689,15.32467,-4.977129,-5.073001,8.752292,8260
89.38,19.43996,0,0,-3.107717,-2.846327,29.64811,18.96547,-4.639729,-4.490902,13.2072,8212
89.4,-151.1594,0,0,-2.82322,-2.478916,4.930544,23.34676,-6.259249,-5.649525,7.956094,8168
89.42,-33.19331,0,0,-3.028832,-2.438815,-13.78702,9.568349,-4.707209,-4.794856,10.29179,8284
89.44,-39.82977,0,0,-3.330917,-2.739324,-16.70305,13.12203,-4.977129,-4.843483,7.643816,8172
89.46,97.72491,0,0,-3.045224,-2.579661,22.79315,14.27643,-3.357609,-3.493021,14.43443,8200
89.48,-93.0824,0,0,-2.172156,-1.999101,32.22826,26.29195,-5.247049,-4.54635,11.42141,8108
89.5,20.60376,0,0,-1.789659,-1.432432,19.3275,13.8542,-3.425089,-3.380517,16.52286,8216
89.52,-51.02158,0,0,-0.9782867,-0.9075897,47.35804,14.51932,-4.03241,-3.517648,15.57174,8104
89.54,-31.27988,0,0,-0.4969838,-0.4563907,23.03742,6.208751,-3.357609,-3.036309,16.31498,8140
89.56,-108.0409,0,0,-0.4414688,-0.403956,-3.954955,2.261067,-3.96493,-3.486568,10.89144,8112
89.58,-43.80447,0,0,-0.7635271,-0.6535178,-21.13053,-7.205104,-3.08769,-3.013783,9.312878,8144
89.6,-57.9189,0,0,-1.363305,-1.208934,-35.63435,-5.28632,-3.357609,-3.214327,4.373941,8104
89.62,64.57188,0,0,-2.214713,-1.83014,-42.10764,-2.741841,-2.075489,-2.336969,5.005112,8132
89.64,-66.43702,0,0,-2.205321,-2.008819,24.36567,11.41705,-3.627529,-3.304937,1.040395,8008
89.66,-32.04174,0,0,-1.773317,-1.681185,13.15955,6.512303,-3.02021,-2.994778,5.032442,8132
89.68,54.00039,0,0,-1.732929,-1.540986,4.121384,6.577612,-2.075489,-2.154433,8.514435,8096
89.7,40.09525,0,0,-1.10803,-1.077141,27.98399,13.52935,-2.075489,-1.849248,11.20637,8040
89.72,-25.98438,0,0,-0.8381077,-0.6643146,7.419095,15.78692,-2.412889,-2.056867,9.684113,8052
89.74,-58.91977,0,0,-0.8764461,-0.5449026,9.159554,10.53436,-2.48037,-2.244184,6.898412,8080
89.76,-96.19727,0,0,-0.02186666,-0.1466717,38.80842,1.228755,-2.75029,-2.434629,7.417592,8044
89.78,-99.15201,0,0,0.3699291,0.05086735,14.24352,-9.999189,-2.68281,-2.436536,6.70636,8080
89.8,-102.6776,0,0,0.2535637,-0.1252845,-12.38244,-17.55247,-2.75029,-2.559327,3.773336,8072
89.82,-58.61503,0,0,-0.5304968,-0.7433163,-46.65726,-20.66833,-2.412889,-2.44937,0.4591427,8072
89.84,0.08540344,0,0,-1.883737,-1.743994,-72.33665,-14.24535,-2.075489,-2.305285,-3.320408,8048
89.86,30.21201,0,0,-3.084866,-2.658643,-68.30612,-0.2832053,-2.075489,-2.346317,-5.59899,8024
89.88,8.239479,0,0,-2.974834,-2.723483,55.20538,12.09077,-2.48037,-2.553314,-2.847607,8032
89.9,-22.86958,0,0,-2.177567,-2.127482,41.55651,15.90823,-2.75029,-2.652701,2.019459,8060
89.92,-60.42593,0,0,-1.624865,-1.553388,19.20536,13.52447,-3.02021,-2.830441,3.928013,8076
89.94,12.8711,0,0,-1.069455,-1.040844,25.4649,6.456693,-2.075489,-2.070433,8.941031,8104
89.96,2.680237,0,0,-0.605509,-0.6427722,16.3962,7.671751,-2.075489,-1.843427,10.02121,8024
89.98,-21.03405,0,0,-0.6325992,-0.4954655,-5.634344,7.364207,-2.075489,-1.845592,8.138907,8064
90,-33.77821,0,0,-1.032655,-0.6886714,-9.848086,5.807116,-2.075489,-1.952389,4.690577,8048
90.02,-39.56825,0,0,-0.5588873,-0.539134,22.91528,2.218143,-2.075489,-1.924259,5.636774,8020
90.04,-45.68298,0,0,-0.4043791,-0.4588773,1.11375,-1.255985,-2.075489,-1.921484,5.058186,8036
90.06,-47.4657,0,0,-0.6158873,-0.6081657,-16.38244,-3.638306,-2.075489,-1.977961,3.045814,8044
90.08,-43.3493,0,0,-0.8127402,-0.8179735,-5.038925,-4.806753,-2.075489,-2.026225,1.683117,8052
90.1,-39.1397,0,0,-0.6706574,-0.8376561,2.060315,-5.489107,-2.075489,-2.007059,2.270573,8020
90.12,-36.63923,0,0,-0.8090174,-0.9303277,-7.619077,-5.124288,-2.075489,-2.019476,1.683344,8024
90.14,-34.0906,0,0,-0.8770814,-0.9968926,-1.43587,-4.402723,-2.075489,-2.02523,1.581216,8040
90.16,-38.58826,0,0,-0.8608081,-1.003029,-1.451137,-3.689028,-2.142969,-2.070406,1.672199,8052
90.18,-32.22741,0,0,-0.8455987,-0.9852675,0.06031401,-3.700991,-2.075489,-2.021331,2.143278,8060
90.2,-32.043,0,0,-0.7960865,-0.945815,0.5030622,-3.208862,-2.075489,-1.998844,2.49917,8052
90.22,-40.01164,0,0,-0.7435809,-0.8959308,1.495429,-3.029404,-2.142969,-2.041622,2.49028,8032
90.24,-35.87882,0,0,-0.721813,-0.8643044,0.2893218,-3.790037,-2.075489,-2.000219,2.684707,8036
90.26,-36.09794,0,0,-0.7135437,-0.8566479,0.09084838,-3.91436,-2.075489,-1.991779,2.613845,8028
90.28,-30.87607,0,0,-0.7177755,-0.8556194,-0.2908313,-4.005172,-2.008009,-1.938188,2.729267,8044
90.3,-37.72224,0,0,-0.7157992,-0.8551469,-0.4129688,-3.550079,-2.075489,-1.979959,2.436162,8048
90.32,-33.30681,0,0,-0.7029455,-0.8429814,-0.0007547362,-3.970439,-2.008009,-1.936972,2.611235,8040
90.34,-45.67476,0,0,-0.6995177,-0.8459365,-0.2144953,-3.830897,-2.142969,-2.03657,2.069001,8032
90.36,-40.22799,0,0,-0.6898043,-0.8456716,0.1977187,-5.010256,-2.075489,-2.009327,2.207943,8028
90.38,-38.47642,0,0,-0.6800871,-0.8549654,-0.1228922,-5.272502,-2.075489,-2.000776,2.219691,8052
90.4,-44.09717,0,0,-0.6669573,-0.857189,0.3198562,-5.309561,-2.142969,-2.050792,2.024889,8024
90.42,-37.93562,0,0,-0.6603101,-0.8560591,-0.1534266,-5.914818,-2.075489,-2.008802,2.249463,8028
90.44,-31.02201,0,0,-0.6505963,-0.8524226,-0.09235785,-5.715912,-2.008009,-1.94093,2.555043,8028
90.46,-37.82443,0,0,-0.6553813,-0.8486157,0.06031401,-4.877905,-2.075489,-1.978272,2.32165,8048
90.48,-39.74529,0,0,-0.6485414,-0.8351361,0.01451245,-5.028799,-2.075489,-1.988957,2.28682,8032
90.5,-40.15247,0,0,-0.6396794,-0.8288103,0.1519171,-5.353955,-2.075489,-1.992483,2.254853,8032
90.52,-34.10756,0,0,-0.6301492,-0.823684,0.2282531,-5.635071,-2.008009,-1.938688,2.477318,8036
90.54,-40.36618,0,0,-0.6184436,-0.8183853,0.1213828,-5.251781,-2.075489,-1.978112,2.26631,8032
90.56,-41.54123,0,0,-0.6205311,-0.816127,0.04504682,-5.626475,-2.075489,-1.990988,2.167096,8024
90.58,-41.24855,0,0,-0.6151681,-0.8191542,0.1061156,-6.011341,-2.075489,-1.994793,2.129611,8052
90.6,-40.71254,0,0,-0.6098645,-0.8233434,0.1061156,-6.25214,-2.075489,-1.995281,2.120814,8044
90.62,-46.41481,0,0,-0.5940878,-0.8225781,0.1366499,-6.407171,-2.142969,-2.047655,1.932583,8028
90.64,-40.01992,0,0,-0.5919819,-0.8246961,0.1061156,-7.0877,-2.075489,-2.007106,2.136088,8024
90.66,-44.66676,0,0,-0.6030611,-0.840726,-1.023656,-6.868334,-2.142969,-2.051713,1.883579,8016
90.68,-38.21707,0,0,-0.6221853,-0.8545231,0.3961921,-7.126689,-2.075489,-2.010521,2.058705,8024
90.7,-37.13028,0,0,-0.6236994,-0.8600651,-0.3977011,-6.636225,-2.075489,-1.997239,2.147495,8016
90.72,-43.71678,0,0,-0.6128824,-0.8504799,0.6099325,-6.233289,-2.142969,-2.045427,2.014701,8016
90.74,-38.35798,0,0,-0.6091689,-0.8399752,-0.0007547362,-6.638982,-2.075489,-2.003726,2.252238,8036
90.76,-37.89283,0,0,-0.6075041,-0.8374419,0.1519171,-6.37544,-2.075489,-1.992472,2.283832,8032
90.78,-38.51546,0,0,-0.6122538,-0.8346562,0.1061156,-6.140472,-2.075489,-1.99054,2.263385,8024
90.8,-39.23835,0,0,-0.6027052,-0.8250611,-0.01602192,-6.07475,-2.075489,-1.989258,2.287061,8020
90.82,-39.81498,0,0,-0.6016411,-0.8202883,0.06031401,-6.110914,-2.075489,-1.990034,2.253741,8032
90.84,-46.15121,0,0,-0.5993595,-0.8211685,0.07558119,-6.208006,-2.142969,-2.045712,1.981923,8016
90.86,-39.96083,0,0,-0.5975866,-0.8237322,0.2435202,-6.9127,-2.075489,-2.006509,2.167097,8024
90.88,-38.76613,0,0,-0.5930105,-0.8288805,-0.06182348,-6.767628,-2.075489,-1.99468,2.207821,8020
90.9,-38.93864,0,0,-0.5996554,-0.8314941,0.06031401,-6.529566,-2.075489,-1.992066,2.192584,8028
90.92,-39.34744,0,0,-0.6012045,-0.8297789,-0.1228922,-6.383089,-2.075489,-1.991513,2.190817,8044
90.94,-39.79913,0,0,-0.5900508,-0.8209045,0.2129859,-6.358687,-2.075489,-1.99,2.231192,8036
90.96,-40.19934,0,0,-0.5883712,-0.8164846,-0.03128911,-6.396295,-2.075489,-1.990314,2.211744,8024
90.98,-40.51636,0,0,-0.5769919,-0.8093832,0.1977187,-6.495513,-2.075489,-1.989584,2.22891,8036
91,-40.6307,0,0,-0.589292,-0.8153445,0.04504682,-6.56228,-2.075489,-1.992281,2.139498,8036
91.02,-40.6103,0,0,-0.5794883,-0.8134441,0.2435202,-6.643687,-2.075489,-1.991638,2.164606,8040
91.04,-40.75827,0,0,-0.563064,-0.8048761,0.1671843,-6.742593,-2.075489,-1.989391,2.214288,8032
91.06,-40.90578,0,0,-0.5705284,-0.8074201,0.02977964,-6.806047,-2.075489,-1.990911,2.149404,8040
91.08,-41.08,0,0,-0.5487636,-0.7974913,0.1366499,-6.9233,-2.075489,-1.988446,2.219295,8032
91.1,-41.24952,0,0,-0.5563105,-0.799866,0.4419934,-7.001945,-2.075489,-1.990034,2.148921,8028
91.12,-41.13569,0,0,-0.5699528,-0.8098558,-0.183961,-7.032743,-2.075489,-1.992892,2.06908,8024
91.14,-40.99216,0,0,-0.5581897,-0.8076633,0.1977187,-7.070926,-2.075489,-1.991375,2.121339,8028
91.16,-41.02791,0,0,-0.553816,-0.8048722,0.06031401,-7.094901,-2.075489,-1.990402,2.134606,8016
91.18,-41.13478,0,0,-0.5507802,-0.8025168,0.02977964,-7.124085,-2.075489,-1.990033,2.136638,8024
91.2,-41.18092,0,0,-0.5554442,-0.8047649,0.1977187,-7.142297,-2.075489,-1.991003,2.10408,8036
91.22,-41.10998,0,0,-0.5602266,-0.8086596,0.06031401,-7.144967,-2.075489,-1.991981,2.079527,8016
91.24,-35.0601,0,0,-0.5532883,-0.8034045,0.1213828,-7.15131,-2.008009,-1.936232,2.353956,8024
91.26,-47.40581,0,0,-0.5567532,-0.8049333,0.09084838,-6.547896,-2.142969,-2.031289,1.882364,8028
91.28,-42.25031,0,0,-0.5644434,-0.806251,0.1977187,-7.367251,-2.075489,-2.004359,2.015287,8028
91.3,-34.6194,0,0,-0.5702091,-0.8162333,-0.01602192,-7.368623,-2.008009,-1.942569,2.257679,8020
91.32,-40.41805,0,0,-0.5793009,-0.8226845,0.06031401,-6.574089,-2.075489,-1.980527,2.049536,8036
91.34,-41.56552,0,0,-0.5801049,-0.8172669,0.04504682,-6.626752,-2.075489,-1.990659,2.042962,8044
91.36,-47.43008,0,0,-0.5849225,-0.822327,0.1366499,-6.77264,-2.142969,-2.049025,1.778646,8040
91.38,-34.64018,0,0,-0.58735,-0.82621,0.09084838,-7.442255,-2.008009,-1.955259,2.235126,8024
91.4,-39.41802,0,0,-0.5767268,-0.8260359,0.06031401,-6.628069,-2.075489,-1.981328,2.137968,8028
91.42,-40.71907,0,0,-0.5861901,-0.8218013,-0.06182348,-6.542599,-2.075489,-1.989864,2.095956,8028
91.44,-47.07265,0,0,-0.5669065,-0.8118708,0.2740546,-6.678902,-2.142969,-2.044398,1.929026,8032
91.46,-40.80267,0,0,-0.574505,-0.8159413,0.3198562,-7.389163,-2.075489,-2.006528,2.083837,8052
91.48,-39.44624,0,0,-0.5696855,-0.8215197,0.04504682,-7.239738,-2.075489,-1.99472,2.141075,8036
91.5,-39.39172,0,0,-0.5893676,-0.8313196,-0.3671672,-6.945701,-2.075489,-1.993691,2.087081,8028
91.52,-33.68852,0,0,-0.5758892,-0.8200252,0.5030622,-6.771875,-2.008009,-1.935766,2.417506,8024
91.54,-40.36664,0,0,-0.5886428,-0.8188212,-0.2144953,-6.05354,-2.075489,-1.977167,2.152681,8036
91.56,-41.91459,0,0,-0.5732273,-0.8033081,0.6099325,-6.294436,-2.075489,-1.987183,2.170622,8032
91.58,-41.87923,0,0,-0.5870214,-0.8098801,-0.3366328,-6.579161,-2.075489,-1.993587,2.05853,8024
91.6,-35.35836,0,0,-0.5805308,-0.8104552,0.2587874,-6.774987,-2.008009,-1.939613,2.311089,8020
91.62,-35.16113,0,0,-0.590121,-0.8145128,0.02977964,-6.218561,-2.008009,-1.926184,2.298722,8020
91.64,-36.37782,0,0,-0.5839041,-0.8038485,0.2893218,-5.843783,-2.008009,-1.921867,2.324555,8032
91.66,-43.64957,0,0,-0.5809566,-0.7960429,0.1671843,-5.735851,-2.075489,-1.976535,2.054693,8024
91.68,-50.24452,0,0,-0.5744215,-0.795881,0.1061156,-6.427652,-2.142969,-2.046886,1.751357,8020
91.7,-42.82727,0,0,-0.5754378,-0.8090845,-0.01602192,-7.547422,-2.075489,-2.01191,1.914521,8020
91.72,-40.32548,0,0,-0.5782443,-0.8280718,-0.1534266,-7.529978,-2.075489,-2.00088,1.956536,8036
91.74,-39.58839,0,0,-0.5825894,-0.8357361,-0.1686933,-7.245529,-2.075489,-1.996085,2.011437,8016
91.76,-39.76437,0,0,-0.5603089,-0.8211569,-0.07709067,-7.040305,-2.075489,-1.989917,2.165702,8024
91.78,-40.24786,0,0,-0.5694304,-0.8173147,0.1213828,-6.901125,-2.075489,-1.990117,2.13753,8036
91.8,-40.48988,0,0,-0.5794072,-0.8195042,-0.0007547362,-6.830846,-2.075489,-1.992033,2.096644,8028
91.82,-40.48139,0,0,-0.5856515,-0.8228931,0.3503905,-6.790209,-2.075489,-1.993323,2.077489,8040
91.84,-40.41876,0,0,-0.5834613,-0.8223231,0.07558119,-6.767035,-2.075489,-1.99294,2.099636,8024
91.86,-40.31317,0,0,-0.5942615,-0.8276674,0.1213828,-6.715219,-2.075489,-1.994257,2.063885,8020
91.88,-40.21717,0,0,-0.5896289,-0.8262464,0.06031401,-6.680825,-2.075489,-1.993334,2.102516,8036
91.9,-40.22963,0,0,-0.588146,-0.8242033,0.09084838,-6.652753,-2.075489,-1.992674,2.119785,8036
91.92,-40.26582,0,0,-0.5899185,-0.8239294,0.1213828,-6.631065,-2.075489,-1.992785,2.116897,8036
91.94,-40.27356,0,0,-0.5910824,-0.82414,0.1519171,-6.617093,-2.075489,-1.992959,2.115618,8020
91.96,-40.26482,0,0,-0.5914559,-0.8242033,0.1061156,-6.607413,-2.075489,-1.99299,2.117657,8028
91.98,-40.27541,0,0,-0.589308,-0.8228619,0.07558119,-6.60603,-2.075489,-1.99262,2.129579,8016
92,-46.25528,0,0,-0.5958389,-0.8288658,0.06031401,-6.594605,-2.142969,-2.048256,1.860901,8020
92.02,-39.87047,0,0,-0.593799,-0.831194,0.1061156,-7.189433,-2.075489,-2.007943,2.089683,8028
92.04,-38.56425,0,0,-0.5984484,-0.8393967,0.1824515,-6.92551,-2.075489,-1.996546,2.124622,8020
92.06,-38.83302,0,0,-0.5845577,-0.8297157,0.1213828,-6.652928,-2.075489,-1.990299,2.226613,8020
92.08,-39.52361,0,0,-0.5851796,-0.8221352,0.304589,-6.500286,-2.075489,-1.989222,2.225671,8032
92.1,-40.12664,0,0,-0.5797422,-0.814267,0.1061156,-6.486579,-2.075489,-1.989043,2.229644,8024
92.12,-40.48704,0,0,-0.5833223,-0.8134728,0.1213828,-6.53162,-2.075489,-1.990609,2.182842,8024
92.14,-40.58184,0,0,-0.586004,-0.8157123,0.04504682,-6.591126,-2.075489,-1.992026,2.146471,8016
92.16,-46.52586,0,0,-0.5887682,-0.8221108,-0.03128911,-6.638133,-2.142969,-2.047686,1.879516,8028
92.18,-34.08041,0,0,-0.589209,-0.8239989,0.1213828,-7.255114,-2.008009,-1.953176,2.328475,8020
92.2,-39.01552,0,0,-0.5971482,-0.8328769,0.1061156,-6.389787,-2.075489,-1.982344,2.133338,8036
92.22,-40.26414,0,0,-0.6059831,-0.8311908,0.2435202,-6.284587,-2.075489,-1.991236,2.09651,8036
92.24,-40.64569,0,0,-0.5774398,-0.8138365,0.3809245,-6.42115,-2.075489,-1.989515,2.214168,8020
92.26,-40.89585,0,0,-0.5765713,-0.8089965,0.1977187,-6.559806,-2.075489,-1.990315,2.182954,8040
92.28,-40.90292,0,0,-0.5815051,-0.8122981,0.07558119,-6.66578,-2.075489,-1.992184,2.130481,8024
92.3,-40.7098,0,0,-0.5876889,-0.8187793,0.1824515,-6.718763,-2.075489,-1.993733,2.09004,8036
92.32,-40.42715,0,0,-0.5947868,-0.8259892,0.02977964,-6.712309,-2.075489,-1.994783,2.063878,8040
92.34,-40.23381,0,0,-0.5902705,-0.825969,0.1519171,-6.689237,-2.075489,-1.993672,2.100011,8056
92.36,-40.2553,0,0,-0.5824636,-0.8210685,0.07558119,-6.676008,-2.075489,-1.991933,2.143879,8020
92.38,-34.47624,0,0,-0.5697834,-0.8089666,0.01451245,-6.700422,-2.008009,-1.935169,2.434675,8020
92.4,-35.0489,0,0,-0.5708658,-0.8011762,0.1671843,-6.13343,-2.008009,-1.920961,2.435721,8036
92.42,-42.75328,0,0,-0.5702747,-0.7923979,0.1824515,-5.82468,-2.075489,-1.973493,2.154385,8032
92.44,-43.72671,0,0,-0.5814369,-0.7960107,0.1213828,-6.37132,-2.075489,-1.991607,2.006548,8020
92.46,-103.7766,0,0,-0.4735276,-0.7758769,1.22062,-7.196266,-2.75029,-2.528117,-0.006813765,8024
92.48,-16.85498,0,0,-0.4590168,-0.7746466,-0.3519,-13.78568,-1.805569,-1.908661,3.012714,8076
92.5,30.62744,0,0,-0.499872,-0.8208761,-8.474041,-9.22777,-1.40069,-1.411904,4.770828,8012
92.52,55.17054,0,0,-0.9969054,-0.9961697,-15.86336,0.05200872,-1.06329,-1.073319,4.34209,7996
92.54,61.89085,0,0,-0.6911742,-0.7200809,21.26643,7.956938,-0.7933693,-0.7081501,7.115036,7960
92.56,176.204,0,0,-0.1916164,-0.1361994,21.69391,12.55152,0.8261509,0.7495279,14.53532,7940
92.58,204.7864,0,0,0.4134759,0.6126353,32.13666,25.33718,1.63591,1.822541,18.85216,7844
92.6,184.4301,0,0,1.174959,1.566599,35.96872,34.3749,2.243231,2.602735,21.25384,7796
92.62,248.7364,0,0,2.339196,2.772687,66.88477,34.84615,3.93023,4.19245,27.26427,7768
92.64,98.52895,0,0,3.455735,3.868675,58.31988,37.98705,3.25543,4.036403,23.30131,7676
92.66,86.34087,0,0,4.431119,4.797051,55.70919,21.76703,4.20015,4.670218,22.15614,7716
92.68,90.27479,0,0,5.430661,5.456379,47.52598,6.586742,4.94243,5.370503,20.577,7664
92.7,71.32986,0,0,5.244462,5.359675,-11.81755,-2.89378,5.27983,5.606535,12.98288,7616
92.72,72.84616,0,0,4.471825,4.716322,-39.68016,-8.96242,5.61723,5.698727,4.599044,7592
92.74,91.54593,0,0,4.289331,4.262636,-10.48931,-12.11348,5.95463,5.919152,1.159138,7580
92.76,116.0225,0,0,3.779584,3.766017,-26.44351,-10.72342,6.29203,6.151281,-2.14935,7560
92.78,170.6552,0,0,3.524175,3.489099,-11.61908,-6.37516,6.96683,6.722188,-1.877082,7528
92.8,91.75777,0,0,3.478678,3.425196,-2.565641,2.205237,6.22455,6.268042,-5.075308,7496
92.82,15.26096,0,0,3.686809,3.564773,10.10612,-0.6830874,5.61723,5.665349,-7.482358,7524
92.84,106.3293,0,0,4.050464,3.76591,20.51833,-11.32674,6.69691,6.403039,-3.543386,7576
92.86,191.856,0,0,3.914172,3.700999,-9.466407,-8.824075,7.57415,7.269277,-1.617437,7504
92.88,188.4842,0,0,3.378638,3.476321,-26.36718,3.018757,7.64163,7.467288,-3.780567,7456
92.9,164.8535,0,0,3.32374,3.53793,5.678637,10.80101,7.64163,7.509225,-4.214924,7464
92.92,132.8595,0,0,3.811913,3.933658,29.75498,12.19682,7.57415,7.516891,-3.124924,7484
92.94,28.97478,0,0,4.405673,4.376576,30.28934,7.992088,6.69691,6.843153,-5.434248,7472
92.96,6.754639,0,0,4.794332,4.617852,19.98398,-6.596554,6.62943,6.594859,-6.766097,7500
92.98,52.38977,0,0,4.828036,4.497489,-1.206862,-18.72957,7.03431,6.811939,-7.386616,7516
93,96.37149,0,0,4.280342,3.993872,-31.86336,-20.60725,7.30423,6.997643,-9.638718,7492
93.02,56.0444,0,0,3.302697,3.222709,-49.43589,-14.55247,6.62943,6.387818,-15.65114,7464
93.04,111.3151,0,0,2.821045,2.738868,-25.74122,-12.92059,7.03431,6.549494,-14.72408,7500
93.06,38.56076,0,0,2.65223,2.48024,-6.412971,-5.669425,5.95463,5.768693,-16.76558,7496
93.08,81.6333,0,0,2.428299,2.338953,-13.78702,-7.430205,6.29203,5.854957,-14.6593,7588
93.1,97.7281,0,0,2.594142,2.384426,13.40383,-4.642196,6.22455,5.90371,-11.88604,7572
93.12,135.8371,0,0,2.566527,2.463907,-7.848085,-1.04874,6.561951,6.220654,-9.048028,7588
93.14,48.28441,0,0,2.350817,2.420081,-0.2297625,5.694731,5.54975,5.474948,-12.1134,7536
93.16,82.00368,0,0,2.534263,2.57052,6.228255,0.8771992,5.95463,5.645976,-9.290136,7596
93.18,85.92,0,0,2.82263,2.739214,18.28933,0.2192602,5.887151,5.690226,-7.576416,7564
93.2,92.45198,0,0,2.859122,2.82301,-6.535108,0.02213696,5.95463,5.759937,-6.938208,7568
93.22,-1.814713,0,0,2.588556,2.660923,-5.206864,1.178984,4.87495,4.860647,-11.79561,7568
93.24,130.5038,0,0,2.733258,2.691662,1.739704,-7.802246,6.29203,5.80025,-6.209128,7636
93.26,60.16811,0,0,2.442979,2.453385,-20.29084,0.3162572,5.27983,5.208643,-9.953143,7528
93.28,57.68648,0,0,2.289453,2.353933,8.777874,-0.8698615,5.27983,5.048067,-10.12069,7588
93.3,65.58203,0,0,2.730629,2.543383,11.26643,-3.099711,5.27983,5.093409,-7.511872,7588
93.32,96.17818,0,0,2.440222,2.440609,-17.35954,-3.016903,5.54975,5.282322,-7.442899,7584
93.34,105.937,0,0,2.603564,2.518872,7.220622,-0.2727072,5.61723,5.427731,-5.814241,7580
93.36,101.3949,0,0,2.527053,2.558207,1.037414,2.73082,5.61723,5.457016,-5.826876,7588
93.38,87.72894,0,0,2.723181,2.724239,9.93818,3.70476,5.54975,5.436184,-5.179316,7604
93.4,79.94635,0,0,2.836064,2.857314,4.274056,2.591826,5.54975,5.431555,-5.092127,7576
93.42,74.98103,0,0,2.96198,2.955225,4.441995,0.6576691,5.54975,5.431037,-5.120793,7572
93.44,79.25667,0,0,2.879847,2.91506,-2.794649,-0.9390649,5.61723,5.456807,-5.827748,7588
93.46,80.33359,0,0,2.837522,2.852087,-1.237397,-1.440538,5.61723,5.452356,-6.323912,7584
93.48,74.98845,0,0,2.833284,2.814054,0.04504682,-1.638422,5.54975,5.396221,-6.728369,7580
93.5,75.52191,0,0,2.843127,2.797274,-0.8557167,-2.32546,5.54975,5.383355,-6.784006,7596
93.52,77.24864,0,0,2.811994,2.762801,-1.099992,-2.63638,5.54975,5.376286,-6.939229,7580
93.54,85.06526,0,0,2.788634,2.735606,0.1977187,-2.584265,5.61723,5.428819,-6.731577,7580
93.56,80.0423,0,0,2.779961,2.723824,-0.04655629,-1.72953,5.54975,5.39089,-6.867023,7596
93.58,85.33368,0,0,2.78943,2.737531,-0.4587703,-1.68354,5.61723,5.438762,-6.521022,7592
93.6,79.27518,0,0,2.777628,2.738118,-0.2602969,-1.09521,5.54975,5.395597,-6.743307,7588
93.62,78.6494,0,0,2.758457,2.732715,-0.2755641,-1.262797,5.54975,5.381032,-6.823991,7584
93.64,85.46814,0,0,2.756263,2.729359,0.1213828,-1.423175,5.61723,5.432516,-6.558904,7580
93.66,85.88104,0,0,2.770254,2.738311,0.07558119,-0.8773701,5.61723,5.44992,-6.422169,7588
93.68,84.63191,0,0,2.773601,2.752596,0.02977964,-0.4844403,5.61723,5.454656,-6.393937,7576
93.7,83.48698,0,0,2.758913,2.755226,0.1213828,-0.3135155,5.61723,5.452089,-6.48742,7596
93.72,82.79459,0,0,2.766602,2.762286,0.1213828,-0.3382193,5.61723,5.451455,-6.489553,7580
93.74,82.3676,0,0,2.771283,2.766649,-0.06182348,-0.4407758,5.61723,5.450752,-6.513757,7576
93.76,76.09512,0,0,2.77921,2.767803,0.2282531,-0.5826113,5.54975,5.395947,-6.765524,7576
93.78,76.32758,0,0,2.77476,2.758984,-0.04655629,-1.300267,5.54975,5.379564,-6.854352,7584
93.8,83.97746,0,0,2.77445,2.747166,0.04504682,-1.744656,5.61723,5.430629,-6.617931,7584
93.82,85.013,0,0,2.787386,2.748274,0.1671843,-1.298017,5.61723,5.44823,-6.492387,7588
93.84,78.1841,0,0,2.785446,2.752512,-0.01602192,-0.8966132,5.54975,5.398253,-6.716146,7588
93.86,83.46063,0,0,2.789704,2.760917,0.1977187,-1.327607,5.61723,5.439317,-6.495895,7584
93.88,83.97603,0,0,2.78253,2.757186,-0.03128911,-1.063905,5.61723,5.448982,-6.513687,7564
93.9,83.48201,0,0,2.776135,2.756615,-0.2450293,-0.8168424,5.61723,5.450591,-6.537997,7592
93.92,76.9362,0,0,2.774293,2.755934,0.1824515,-0.7031074,5.54975,5.395765,-6.794202,7592
93.94,112.7972,0,0,2.788568,2.778208,0.3198562,-1.292469,5.95463,5.710859,-5.331315,7596
93.96,112.0297,0,0,2.786336,2.801741,0.01451245,1.942034,5.95463,5.795111,-5.188018,7552
93.98,43.92303,0,0,2.757581,2.815433,0.3198562,4.028333,5.27983,5.260813,-7.822578,7560
94,74.95673,0,0,2.906134,2.904791,6.274056,-1.85921,5.684711,5.458193,-6.306345,7604
94.02,-14.81442,0,0,3.042685,2.898425,5.816041,-3.15655,4.60503,4.650504,-9.747744,7596
94.04,15.5417,0,0,2.827594,2.703351,-12.04656,-12.48046,4.87495,4.614287,-10.34934,7632
94.06,107.9588,0,0,2.703439,2.466243,-4.107626,-15.13085,5.61723,5.212234,-7.682141,7648
94.08,71.79202,0,0,2.254354,2.123607,-33.51221,-6.249364,5.009911,4.852868,-10.29392,7596
94.1,17.36076,0,0,1.585586,1.705188,-24.00076,-2.048084,4.335111,4.150911,-14.23808,7596
94.12,-35.282,0,0,1.977881,1.760885,16.27406,-5.75109,3.592831,3.474544,-13.65027,7676
94.14,-38.41408,0,0,2.076912,1.737677,2.441994,-13.85482,3.32291,3.119681,-13.14335,7708
94.16,-12.62839,0,0,1.8739,1.489691,-8.916789,-18.98909,3.25543,2.975181,-12.92002,7712
94.18,28.08519,0,0,1.355961,1.051714,-30.18397,-18.23967,3.32291,2.970806,-12.85985,7748
94.2,-4.810959,0,0,0.5395928,0.4425662,-31.9855,-11.22403,2.58063,2.325202,-16.12766,7736
94.22,17.03154,0,0,0.2602621,0.1429525,-22.01603,-8.851859,2.51315,2.151893,-14.35963,7764
94.24,-33.29922,0,0,0.3419713,0.09841204,8.823676,-5.229275,1.63591,1.493776,-13.77305,7780
94.26,-110.8149,0,0,0.4869389,0.1480097,1.266421,-8.371372,0.5562305,0.5225536,-14.56701,7828
94.28,-171.5538,0,0,0.4590568,0.01456332,3.877109,-18.32214,-0.4559698,-0.5179837,-16.51653,7884
94.3,-177.123,0,0,0.2749296,-0.3551156,-10.61145,-30.56996,-1.06329,-1.256243,-17.46667,7944
94.32,-88.87782,0,0,-0.303352,-0.9943209,-34.80993,-37.49092,-0.7933693,-1.229471,-15.95175,8000
94.34,-22.01117,0,0,-1.330601,-1.848176,-52.88627,-30.03017,-0.7933693,-1.244553,-15.64347,7980
94.36,149.4381,0,0,-2.472669,-2.578552,-65.49696,-14.61795,0.5562305,-0.1684583,-9.917895,7956
94.38,37.23226,0,0,-3.494197,-3.120743,-25.06947,16.02786,-1.06329,-1.184297,-13.22268,7892
94.4,46.76459,0,0,-2.914806,-2.581449,22.27406,23.73886,-0.8608494,-1.086095,-5.172309,7984
94.42,-155.8355,0,0,-2.03965,-1.835221,42.38094,27.02482,-3.08769,-2.696939,-6.41686,7964
94.44,37.39581,0,0,-0.916689,-0.9015639,50.67102,5.519553,-0.7933693,-1.130662,6.300355,8100
94.46,348.997,0,0,-0.06482965,-0.1130995,44.96109,8.330116,2.58063,2.109788,22.13599,7972
94.48,-2.648491,0,0,0.5075268,0.6289138,20.86948,39.52687,-0.7933693,0.2603939,12.27901,7768
94.5,-439.9811,0,0,0.3435754,0.8903574,-8.565642,24.5256,-4.639729,-3.526467,-7.385491,7964
94.52,-485.2886,0,0,0.1475791,0.2979174,-12.29084,-29.37313,-5.314529,-5.22407,-16.44868,8216
94.54,-237.1166,0,0,1.146683,-0.1917133,51.54125,-72.31025,-3.762489,-4.235468,-8.078823,8236
94.56,-190.1747,0,0,1.669681,-0.6093359,21.19009,-77.12285,-4.30233,-4.237744,-5.709056,8140
94.58,-189.1637,0,0,1.044395,-1.174766,-48.35192,-73.69904,-4.707209,-4.585034,-7.668645,8176
94.6,-174.296,0,0,-0.5774999,-2.248318,-79.80231,-66.57862,-4.977129,-5.051531,-12.62195,8176
94.62,136.5932,0,0,-2.006781,-3.204404,-83.20689,-55.63874,-2.075489,-2.892132,-3.570449,8196
94.64,-169.6681,0,0,-3.45129,-4.142842,-79.40536,-12.80745,-5.989328,-5.521837,-16.19343,8036
94.66,-168.9811,0,0,-4.204964,-4.453381,4.441995,-12.75684,-5.92185,-6.146775,-14.57505,8256
94.68,-208.4619,0,0,-3.925876,-4.440361,12.3504,-13.36277,-6.93405,-6.963279,-11.73257,8272
94.7,-167.5168,0,0,-3.651857,-4.300222,7.449629,-18.49066,-6.93405,-7.044403,-6.382553,8312
94.72,-96.71143,0,0,-3.727908,-4.30759,-12.3061,-17.5373,-6.596649,-6.726742,-1.691999,8300
94.74,194.7062,0,0,-4.734864,-4.666899,-61.8023,-6.62486,-3.695009,-4.365271,8.155354,8296
94.76,206.0767,0,0,-5.664051,-4.935294,-56.39772,32.89976,-3.695009,-3.770198,9.556977,8124
94.78,164.773,0,0,-7.018685,-5.157187,-4.687779,64.2956,-3.695009,-3.753454,7.332775,8108
94.8,-4.91983,0,0,-5.041681,-3.727479,74.27409,75.4985,-4.977129,-4.457347,13.35081,8128
94.82,-119.4509,0,0,-3.989833,-2.550581,64.47255,62.26014,-5.58445,-5.091596,13.19898,8204
94.84,-88.07903,0,0,-3.151826,-1.892358,47.93819,39.10229,-4.977129,-4.779671,14.81196,8244
94.86,-153.3142,0,0,-1.841649,-1.285726,58.47255,22.8528,-5.65193,-5.148793,14.29242,8204
94.88,-109.1866,0,0,-0.8536506,-0.7825083,42.77789,2.467786,-4.977129,-4.661672,16.40294,8260
94.9,-110.1003,0,0,-1.012836,-0.976108,-25.60382,-6.424602,-4.977129,-4.651484,11.88445,8208
94.92,43.71402,0,0,-2.456414,-1.938289,-69.43589,-8.215658,-3.357609,-3.593853,9.046326,8204
94.94,-71.0569,0,0,-3.847255,-3.081973,-79.32903,10.25154,-4.909649,-4.723021,-1.444648,8112
94.96,-41.04088,0,0,-4.569875,-3.711149,25.26643,13.41871,-4.639729,-4.829689,-2.03522,8192
94.98,-59.3121,0,0,-3.682986,-3.402812,36.88475,16.30611,-5.044609,-4.966497,2.906313,8188
95,-83.07358,0,0,-2.846639,-2.785591,30.86948,13.92521,-5.247049,-5.028084,6.734039,8204
95.02,-14.46313,0,0,-2.393199,-2.30502,18.67101,8.520121,-4.36981,-4.301386,11.32466,8232
95.04,68.2771,0,0,-2.402437,-2.115916,-4.535108,11.79654,-3.357609,-3.328326,14.2603,8172
95.06,48.69919,0,0,-2.805601,-2.160519,-26.9626,23.40048,-3.357609,-3.160331,11.98888,8136
95.08,-124.2831,0,0,-3.153637,-2.278544,-13.84809,29.98208,-4.977129,-4.507364,3.815761,8132
95.1,-88.59007,0,0,-1.693023,-1.505417,62.79316,12.87819,-4.30233,-4.129679,10.6222,8184
95.12,-9.556946,0,0,-0.6653023,-0.8367808,43.44964,2.007856,-3.357609,-3.180042,16.10614,8160
95.14,-33.28011,0,0,-0.5520823,-0.637969,-8.764117,2.170033,-3.425089,-3.050319,13.75364,8104
95.16,-43.83484,0,0,-1.848736,-1.304302,-61.57329,3.407093,-3.357609,-3.224689,5.82385,8120
95.18,-41.63706,0,0,-2.766025,-2.074457,-52.10764,5.954795,-3.425089,-3.452719,1.007174,8104
95.2,-85.72327,0,0,-2.32074,-2.113827,66.54888,6.864041,-4.03241,-3.885638,1.520839,8104
95.22,2.072845,0,0,-1.458085,-1.620144,40.48781,0.7099836,-3.02021,-3.03797,8.911192,8160
95.24,-33.4521,0,0,-1.22536,-1.345958,-2.779382,4.628261,-3.357609,-3.077472,8.436378,8092
95.26,-53.05061,0,0,-2.103281,-1.697302,-50.7336,5.979578,-3.425089,-3.314105,3.353604,8108
95.28,75.75934,0,0,-2.840039,-2.181957,-48.8252,7.205428,-2.075489,-2.382811,5.01656,8116
95.3,-55.04731,0,0,-3.392449,-2.637736,41.35804,22.63963,-3.695009,-3.477689,-1.353595,8032
95.32,13.87917,0,0,-2.488409,-2.119401,32.77789,17.42567,-2.75029,-2.831868,6.574913,8112
95.34,-13.44298,0,0,-2.049733,-1.713751,15.77024,19.48817,-3.02021,-2.828135,7.690644,8076
95.36,-32.99745,0,0,-1.740269,-1.37089,4.396194,17.07704,-3.02021,-2.822911,8.007435,8104
95.38,36.78819,0,0,-1.37938,-1.050173,22.82368,12.43245,-2.075489,-2.048957,11.43979,8120
95.4,21.56528,0,0,-1.053794,-0.7719733,10.06032,15.35894,-2.075489,-1.839625,11.49673,8028
95.42,-4.595398,0,0,-1.228485,-0.7322955,-13.98549,16.13634,-2.075489,-1.867882,8.764068,8056
95.44,-137.1483,0,0,-1.039309,-0.6803911,14.54887,13.33036,-3.357609,-2.930163,3.125932,8056
95.46,-145.3048,0,0,-0.5579546,-0.5360417,16.3962,-3.332925,-3.357609,-3.185028,2.794608,8096
95.48,-18.25162,0,0,-0.3911996,-0.6059172,3.251155,-15.68182,-2.142969,-2.272432,6.224473,8096
95.5,4.286835,0,0,-0.548246,-0.8250686,-14.80992,-10.588,-2.075489,-1.99667,5.637865,8048
95.52,-90.97664,0,0,-1.196633,-1.222462,-38.38245,-3.116783,-3.08769,-2.83423,-0.7378966,8068
95.54,-78.69828,0,0,-2.208135,-1.889184,-57.02367,-4.799466,-3.02021,-3.13336,-4.663926,8116
95.56,-42.22256,0,0,-3.07843,-2.648625,-2.809916,-1.987225,-3.02021,-3.270949,-6.40661,8076
95.58,-22.38748,0,0,-1.680751,-2.089303,39.90766,-0.02078867,-3.02021,-2.998744,2.549405,8100
95.6,-41.81815,0,0,-1.251077,-1.584225,18.36566,1.8901,-3.155169,-2.967471,4.934342,8088
95.62,-40.70554,0,0,-1.437777,-1.46618,-12.13816,1.544815,-3.02021,-2.909323,4.399187,8096
95.64,-38.85771,0,0,-2.029604,-1.75437,-35.60382,3.035407,-3.02021,-2.994896,1.776759,8104
95.66,-28.34419,0,0,-2.591049,-2.154651,-30.80993,5.893854,-3.02021,-3.078593,0.02597475,8092
95.68,65.60198,0,0,-1.749568,-1.743973,34.1214,6.762197,-2.008009,-2.11167,8.41678,8096
95.7,44.65911,0,0,-1.319824,-1.264409,17.64811,15.49275,-2.075489,-1.854404,10.44566,8036
95.72,-111.01,0,0,-1.244526,-0.973279,7.190088,18.67123,-3.425089,-2.922185,4.781782,8040
95.74,-42.92827,0,0,-0.2068243,-0.3001619,49.95346,2.113467,-2.345409,-2.240486,10.54863,8104
95.76,-85.6876,0,0,0.5603187,0.1553329,33.89239,-4.47718,-2.75029,-2.346433,10.01613,8044
95.78,-104.3309,0,0,0.7428226,0.2923153,5.312224,-13.89858,-2.75029,-2.430488,7.658523,8080
95.8,-67.42047,0,0,0.1777467,-0.1216683,-43.43588,-20.5204,-2.345409,-2.26557,4.172943,8076
95.82,-22.79859,0,0,-1.129818,-1.084527,-69.83284,-17.37811,-2.075489,-2.193486,-1.066281,8040
95.84,6.555035,0,0,-2.638771,-2.221714,-78.00078,-6.191218,-2.075489,-2.325103,-5.825595,8044
95.86,-81.18925,0,0,-3.339046,-2.909765,31.55651,6.515924,-3.357609,-3.384331,-9.958488,8036
95.88,21.27705,0,0,-2.477807,-2.507448,23.54124,4.073739,-2.345409,-2.616541,0.3774388,8120
95.9,1.388084,0,0,-2.118393,-2.119172,8.411462,11.6538,-2.68281,-2.596035,3.110267,8048
95.92,-45.18647,0,0,-1.79126,-1.689258,4.976346,13.61267,-3.02021,-2.823323,3.998137,8112
95.94,-64.48065,0,0,-1.47086,-1.345975,25.60231,9.144338,-3.08769,-2.921866,4.650403,8104
95.96,23.6901,0,0,-0.7079424,-0.8247725,33.81605,2.050134,-2.008009,-1.993408,10.79622,8092
95.98,6.467842,0,0,-0.5681735,-0.5980934,4.869476,5.645948,-2.075489,-1.828448,10.03061,8068
96,-16.5105,0,0,-0.9057847,-0.6594003,-21.16107,7.143299,-2.075489,-1.8865,6.895179,8032
96.02,-57.19958,0,0,-1.180123,-0.8494996,-2.214496,6.561281,-2.412889,-2.245109,3.196292,8044
96.04,-58.00409,0,0,-0.4261743,-0.5431346,27.77025,0.01857805,-2.345409,-2.183306,5.639493,8048
96.06,-73.65279,0,0,-0.2373796,-0.4303744,4.655735,-5.085317,-2.48037,-2.283071,4.618468,8044
96.08,-29.6852,0,0,-0.5909377,-0.6580362,-22.79466,-9.091119,-2.008009,-2.00871,3.564957,8056
96.1,-22.24988,0,0,-1.385316,-1.227006,-44.0313,-5.017984,-2.075489,-2.101205,-0.09231997,8052
96.12,-8.701454,0,0,-2.12199,-1.790693,-18.91679,0.7216922,-2.075489,-2.191106,-2.193855,8020
96.14,-34.46336,0,0,-1.241104,-1.431919,34.83895,3.647592,-2.412889,-2.295886,2.058596,8044
96.16,-38.53569,0,0,-0.8406695,-1.033995,16.3962,1.750544,-2.345409,-2.215251,4.210495,8080
96.18,-50.97121,0,0,-0.7757509,-0.8770815,5.892377,-0.2624397,-2.412889,-2.268014,3.760703,8052
96.2,-54.48969,0,0,-0.6848385,-0.8068088,1.464895,-3.178712,-2.412889,-2.29022,3.503702,8052
96.22,-47.142,0,0,-0.791496,-0.8857363,-6.764116,-5.204366,-2.345409,-2.271136,2.745794,8060
96.24,-49.48254,0,0,-0.8368703,-0.9726882,-3.664878,-5.663006,-2.412889,-2.3273,2.139318,8036
96.26,-47.12593,0,0,-0.8305767,-1.012546,-1.344267,-6.1913,-2.412889,-2.336512,2.151344,8048
96.28,-44.97341,0,0,-0.8184486,-1.027928,1.587032,-6.323488,-2.412889,-2.332803,2.275462,8048
96.3,-38.14676,0,0,-0.7790555,-1.009395,1.190086,-6.291223,-2.345409,-2.268363,2.766128,8052
96.32,-38.25867,0,0,-0.8159671,-1.01717,-1.527473,-5.482274,-2.345409,-2.25644,2.670511,8044
96.34,-39.45964,0,0,-0.8321673,-1.016594,-1.558007,-4.906252,-2.345409,-2.255311,2.638085,8060
96.36,-52.58397,0,0,-0.8280253,-1.011676,-0.1381594,-4.668023,-2.48037,-2.364004,2.181921,8060
96.38,-41.12187,0,0,-0.7822367,-0.983979,1.251154,-5.955019,-2.345409,-2.278206,2.773475,8068
96.4,-46.014,0,0,-0.7434306,-0.9665142,1.510696,-5.777599,-2.412889,-2.305272,2.696848,8068
96.42,-47.00319,0,0,-0.7582067,-0.9687972,-0.3977011,-6.120284,-2.412889,-2.317385,2.538139,8080
96.44,-52.58912,0,0,-0.7657731,-0.9830967,-0.04655629,-6.433386,-2.48037,-2.377419,2.211138,8060
96.46,-39.28349,0,0,-0.7958355,-1.008552,-1.863351,-7.105855,-2.345409,-2.288027,2.532573,8048
96.48,-49.3002,0,0,-0.8107411,-1.033642,-0.7335792,-6.168122,-2.48037,-2.3721,2.119074,8060
96.5,-43.71896,0,0,-0.8113322,-1.033056,0.6557342,-6.539292,-2.412889,-2.337704,2.396354,8052
96.52,-42.69451,0,0,-0.7914664,-1.023322,0.2893218,-6.276795,-2.412889,-2.323565,2.573725,8048
96.54,-37.18198,0,0,-0.7830524,-1.006877,0.8694746,-6.018764,-2.345409,-2.263553,2.890915,8048
96.56,-38.23936,0,0,-0.783964,-0.9929568,-0.0007547362,-5.292441,-2.345409,-2.248477,2.912043,8048
96.58,-46.41754,0,0,-0.7745454,-0.974673,0.6404669,-4.953473,-2.412889,-2.299901,2.666846,8068
96.6,-47.80687,0,0,-0.7791266,-0.9707885,-0.2297625,-5.549957,-2.412889,-2.317677,2.524898,8060
96.62,-53.26307,0,0,-0.7660587,-0.9754725,0.4267263,-6.132712,-2.48037,-2.376737,2.261409,8056
96.64,-40.18248,0,0,-0.7514973,-0.9765145,0.06031401,-7.100157,-2.345409,-2.281442,2.734682,8056
96.66,-44.88671,0,0,-0.7314205,-0.9746028,-0.2144953,-6.482873,-2.412889,-2.306604,2.628915,8056
96.68,-39.86067,0,0,-0.7770216,-0.9900912,-1.481671,-6.41504,-2.345409,-2.266328,2.638126,8052
96.7,-46.18355,0,0,-0.7362047,-0.9717669,1.052681,-5.975578,-2.412889,-2.303195,2.607244,8044
96.72,-41.5155,0,0,-0.7365852,-0.9595565,0.1824515,-6.322526,-2.345409,-2.260507,2.772878,8040
96.74,-41.92302,0,0,-0.7018754,-0.9377444,0.1824515,-6.183165,-2.345409,-2.245468,2.88535,8056
96.76,-43.32743,0,0,-0.7061172,-0.9299488,0.4267263,-6.128517,-2.345409,-2.245125,2.774862,8060
96.78,-44.30655,0,0,-0.7102348,-0.9296836,-0.2602969,-6.226442,-2.345409,-2.248252,2.66021,8044
96.8,-44.76574,0,0,-0.7081093,-0.9309464,0.3503905,-6.397519,-2.345409,-2.250473,2.588619,8060
96.82,-50.83845,0,0,-0.7166836,-0.9423923,-0.07709067,-6.540296,-2.412889,-2.308167,2.249716,8036
96.84,-50.4407,0,0,-0.7076027,-0.9485131,0.3351234,-7.271464,-2.412889,-2.322506,2.227998,8060
96.86,-48.68359,0,0,-0.7250097,-0.9717913,-0.07709067,-7.66754,-2.412889,-2.32813,2.151859,8064
96.88,-46.9023,0,0,-0.7424588,-0.9954617,-0.5351062,-7.695849,-2.412889,-2.329534,2.143375,8048
96.9,-45.84666,0,0,-0.7221988,-0.9923511,0.4877952,-7.581488,-2.412889,-2.323489,2.331505,8052
96.92,-45.48111,0,0,-0.7334723,-0.9945685,-0.0007547362,-7.367476,-2.412889,-2.322045,2.356154,8044
96.94,-39.41387,0,0,-0.7294004,-0.9864118,0.304589,-7.191732,-2.345409,-2.26515,2.675792,8044
96.96,-45.93658,0,0,-0.7208511,-0.9741594,0.1671843,-6.493324,-2.412889,-2.302876,2.534235,8052
96.98,-47.44601,0,0,-0.7213539,-0.9633024,0.6251997,-6.691295,-2.412889,-2.31459,2.490828,8040
97,-41.34211,0,0,-0.7273566,-0.9637042,-0.3060985,-6.957261,-2.345409,-2.26516,2.66956,8048
97.02,-47.19139,0,0,-0.7199113,-0.9625392,0.2282531,-6.543654,-2.412889,-2.305433,2.477698,8044
97.04,-54.06462,0,0,-0.7186588,-0.9620425,0.02977964,-6.870356,-2.48037,-2.371685,2.192115,8044
97.06,-47.34791,0,0,-0.7100556,-0.9641757,-0.06182348,-7.801867,-2.412889,-2.334063,2.41175,8052
97.08,-45.55035,0,0,-0.7092151,-0.9743494,-0.2602969,-7.744253,-2.412889,-2.322773,2.451267,8048
97.1,-51.07396,0,0,-0.7392197,-0.9957132,-0.5045714,-7.442313,-2.48037,-2.377595,2.126026,8044
97.12,-50.79308,0,0,-0.7167867,-0.9906125,0.3351234,-7.854444,-2.48037,-2.387038,2.253806,8040
97.14,-43.62145,0,0,-0.7172903,-0.9920138,0.1213828,-8.094509,-2.412889,-2.333878,2.531861,8044
97.16,-48.94767,0,0,-0.7178112,-0.9942633,-0.03128911,-7.532414,-2.48037,-2.372892,2.371686,8052
97.18,-43.55286,0,0,-0.7199718,-0.9882631,0.6099325,-7.683586,-2.412889,-2.3286,2.614292,8052
97.2,-37.24004,0,0,-0.733366,-0.9888988,-0.2144953,-7.196736,-2.345409,-2.263586,2.847429,8068
97.22,-62.47578,0,0,-0.7222924,-0.9825035,0.1977187,-6.288696,-2.61533,-2.46301,1.981509,8040
97.24,8.277771,0,0,-0.7154601,-0.944919,-0.03128911,-8.185266,-1.805569,-1.861449,4.750751,8064
97.26,-15.74796,0,0,-0.6827103,-0.9033645,0.6862684,-2.418491,-2.075489,-1.913019,4.236864,8012
97.28,54.89912,0,0,-0.7279593,-0.7990103,-1.695411,-0.8119859,-1.13077,-1.178307,7.126424,8040
97.3,-18.60692,0,0,-0.4893317,-0.5806853,16.15192,6.638201,-1.805569,-1.505808,5.674339,7984
97.32,44.37584,0,0,-0.2184087,-0.2389427,9.770241,3.410194,-0.7933693,-0.7714658,9.112825,8020
97.34,-32.33017,0,0,0.08905554,0.0264641,23.52597,6.574765,-1.46817,-1.121206,6.820321,7984
97.36,6.730206,0,0,0.4246353,0.338235,10.99162,-0.06312811,-0.7258892,-0.6218643,8.659803,7996
97.38,-9.55724,0,0,0.3405593,0.327103,1.953444,-0.4371159,-0.7933693,-0.6105308,6.175958,7972
97.4,-48.58341,0,0,0.5428486,0.3991108,5.602301,-2.935733,-1.06329,-0.833742,4.32891,7960
97.42,-62.28263,0,0,0.4600819,0.3053365,-1.970221,-8.366029,-1.13077,-0.99714,1.972245,7984
97.44,-88.97437,0,0,0.5420833,0.200068,2.671002,-13.60607,-1.46817,-1.318548,-0.03364015,7996
97.46,-79.08133,0,0,0.3365543,-0.0596102,-11.1916,-19.19206,-1.46817,-1.440189,-1.667647,8000
97.48,-59.43422,0,0,-0.05874266,-0.4627767,-18.79465,-20.7128,-1.46817,-1.512267,-3.166052,8016
97.5,-32.292,0,0,-0.5260248,-0.8859977,-26.10763,-18.27016,-1.40069,-1.503,-3.796468,8016
97.52,-19.81935,0,0,-0.9571859,-1.232755,-16.01603,-12.52794,-1.46817,-1.562109,-4.036966,7996
97.54,-9.968092,0,0,-0.9048425,-1.234323,1.388559,-7.441144,-1.46817,-1.512776,-1.781106,7996
97.56,-38.85243,0,0,-0.7664637,-1.079501,7.159553,-3.457853,-1.805569,-1.721011,-0.8723837,7988
97.58,-36.85639,0,0,-0.5398959,-0.843356,11.44963,-4.402557,-1.738089,-1.681649,0.9956174,8000
97.6,47.00707,0,0,-0.4452867,-0.6683326,2.716804,-5.091689,-0.7933693,-0.89745,5.008321,8024
97.62,42.26244,0,0,-0.4617119,-0.5597758,0.8542075,2.918323,-0.7933693,-0.6962448,5.337986,7952
97.64,-11.19388,0,0,-0.2254014,-0.2792432,19.19009,7.041457,-1.13077,-0.8990879,4.801088,7940
97.66,19.22214,0,0,0.2366971,0.1382096,21.00689,3.03181,-0.5234499,-0.4329271,7.636674,7952
97.68,-104.6212,0,0,0.4675695,0.331863,7.129018,2.514968,-1.738089,-1.311226,2.753978,7928
97.7,-34.79224,0,0,0.6396772,0.4423927,8.609936,-10.84445,-0.7933693,-0.8091964,4.451311,8008
97.72,-22.85452,0,0,0.4975587,0.241253,-11.46641,-12.33539,-0.7933693,-0.7226931,2.712232,7960
97.74,-18.29537,0,0,-0.1212831,-0.2012236,-36.64199,-10.32513,-0.7933693,-0.7947344,-0.4673474,7972
97.76,-39.05083,0,0,-0.6334858,-0.6408849,-3.176328,-6.960174,-1.13077,-1.136417,-3.429143,7944
97.78,59.03812,0,0,-0.4110838,-0.6055436,7.022149,-7.177156,-0.1185694,-0.3325216,2.057161,7968
97.8,62.47142,0,0,-0.5163955,-0.581256,-3.802283,2.893486,-0.1185694,-0.1112894,2.829195,7928
97.82,-78.34299,0,0,-0.2236879,-0.3053216,22.54887,9.004651,-1.46817,-1.101365,-0.314055,7912
97.84,-9.099283,0,0,0.3962683,0.1875127,25.72445,-2.91889,-0.4559698,-0.4873258,4.695443,7984
97.86,-96.20926,0,0,0.5265078,0.2693462,0.6099325,-4.503065,-1.46817,-1.165096,0.6881647,7936
97.88,22.92513,0,0,0.1569941,0.06356139,-24.50458,-13.25878,-0.1185694,-0.3385708,2.481838,8012
97.9,-49.94077,0,0,-0.1063842,-0.2623845,-11.60381,-6.319289,-1.13077,-0.962832,-1.847688,7924
97.92,-50.96658,0,0,-0.4030047,-0.4983416,-11.13053,-8.119116,-1.13077,-1.155617,-3.03386,7968
97.94,-33.47965,0,0,-0.07509471,-0.4321888,11.80078,-10.23886,-1.06329,-1.075276,-0.7178395,7964
97.96,-24.93339,0,0,-0.265493,-0.5306991,-13.43587,-9.369452,-1.06329,-1.070531,-0.9829384,7988
97.98,66.11163,0,0,-0.515092,-0.645753,-2.367168,-7.099911,-0.1185694,-0.3230769,2.035711,7980
98,66.38583,0,0,-0.4998924,-0.5799728,-0.9778546,3.633408,-0.1185694,-0.09571643,3.366735,7912
98.02,13.70716,0,0,-0.2810358,-0.277178,19.70918,10.14948,-0.4559698,-0.2774114,3.444399,7908
98.04,-13.30208,0,0,0.4173078,0.2943583,31.90765,7.093479,-0.4559698,-0.2558495,5.541498,7928
98.06,-37.94449,0,0,0.7427894,0.6258632,14.93055,1.184682,-0.5234499,-0.3194831,4.844403,7948
98.08,-41.58559,0,0,0.8636751,0.7098398,1.739704,-5.716313,-0.4559698,-0.3210502,3.548494,7944
98.1,-130.2492,0,0,0.5954507,0.4328388,-13.90916,-10.07163,-1.46817,-1.217313,-2.795069,7940
98.12,8.812874,0,0,0.3520596,0.114919,-11.58854,-21.04247,-0.05108929,-0.3478156,0.1276978,8016
98.14,-52.445,0,0,-0.06822299,-0.3612596,-27.06947,-13.07806,-1.06329,-0.9621618,-4.256989,7932
98.16,-49.68799,0,0,-0.8011691,-0.8754358,-36.9626,-11.74607,-1.13077,-1.248093,-6.695659,7984
98.18,-25.2149,0,0,-0.3699023,-0.8056511,19.09849,-11.57275,-1.06329,-1.141276,-2.765065,7960
98.2,-15.12891,0,0,-0.4307252,-0.786025,-7.344269,-8.823682,-1.06329,-1.091051,-1.601908,7968
98.22,-15.67268,0,0,-0.7342561,-0.8954921,-7.985489,-5.126993,-1.13077,-1.157058,-1.979198,7984
98.24,76.09814,0,0,-0.4734889,-0.6878826,8.915278,-3.304506,-0.1185694,-0.2900227,3.837084,7960
98.26,33.56963,0,0,-0.4534532,-0.5164512,1.266421,7.033284,-0.5234499,-0.378547,3.425231,7912
98.28,13.28987,0,0,-0.1466869,-0.1434441,22.5794,8.702905,-0.4559698,-0.3215705,4.674755,7916
98.3,-129.2105,0,0,0.5324916,0.3324998,30.96109,5.597602,-1.805569,-1.340939,1.631521,7936
98.32,-52.2384,0,0,0.7832642,0.5482665,12.01452,-11.69141,-0.7933693,-0.8226063,3.75017,8024
98.34,-5.762379,0,0,0.7651824,0.4157597,-6.458772,-15.43261,-0.4559698,-0.4461688,3.646322,7952
98.36,0.4522729,0,0,0.08716622,-0.04380013,-36.19924,-11.28715,-0.4559698,-0.4527089,0.2572529,7944
98.38,6.2777,0,0,-0.6171823,-0.5484928,-13.74122,-5.758888,-0.4559698,-0.5339889,-2.342046,7952
98.4,4.515112,0,0,-0.4459738,-0.5613319,5.663369,-1.775909,-0.5234499,-0.5394917,-0.7154454,7952
98.42,7.706609,0,0,-0.2892269,-0.4120094,8.991614,0.2794031,-0.4559698,-0.4456113,0.8960575,7952
98.44,-4.213249,0,0,-0.1439407,-0.239319,5.98398,1.507455,-0.5234499,-0.4568182,1.500833,7920
98.46,-0.0295372,0,0,0.0334641,-0.05606356,8.090851,0.5714774,-0.3884897,-0.3382781,2.482556,7948
98.48,-12.28363,0,0,0.1357507,0.05698202,3.724437,0.007947087,-0.4559698,-0.3655303,2.191735,7936
98.5,-12.59042,0,0,0.2280906,0.1361271,4.68627,-1.906392,-0.3884897,-0.3241077,2.143165,7940
98.52,-27.79923,0,0,0.2703728,0.1523986,-0.5809073,-3.378157,-0.5234499,-0.4329906,1.195267,7948
98.54,-23.35824,0,0,0.293872,0.1387976,2.106116,-5.968394,-0.4559698,-0.4164095,0.9141355,7936
98.56,-21.00031,0,0,0.259954,0.07548585,-2.122893,-7.148626,-0.4559698,-0.4228463,0.4037836,7936
98.58,-18.69194,0,0,0.205531,0.002503574,-3.084725,-7.522802,-0.4559698,-0.4322149,0.01927012,7940
98.6,-16.07455,0,0,0.1157048,-0.08071012,-5.054192,-7.260886,-0.4559698,-0.4436513,-0.3340369,7944
98.62,-19.89933,0,0,0.1050965,-0.1159419,-0.8709843,-6.766126,-0.5234499,-0.4952318,-0.43984,7956
98.64,-12.25036,0,0,0.06246161,-0.1449346,-1.206862,-6.683745,-0.4559698,-0.4549466,-0.2120008,7932
98.66,-10.51314,0,0,0.07643984,-0.1410805,-0.3824344,-5.881253,-0.4559698,-0.4358586,0.09357691,7940
98.68,-17.01581,0,0,0.08032024,-0.1258739,0.3656577,-5.18776,-0.5234499,-0.48195,0.03056115,7940
98.7,-17.67662,0,0,0.07287266,-0.1173719,-0.4129688,-5.367809,-0.5234499,-0.4951358,0.04947686,7940
98.72,-16.97233,0,0,0.08306141,-0.1113516,-0.03128911,-5.585689,-0.5234499,-0.4964705,0.143691,7952
98.74,-16.25607,0,0,0.0858917,-0.110099,0.06031401,-5.669276,-0.5234499,-0.4956208,0.2011825,7952
98.76,-9.804306,0,0,0.09096258,-0.1044936,0.1366499,-5.660558,-0.4559698,-0.4390913,0.50574,7960
98.78,-9.900082,0,0,0.08727393,-0.09952493,0.06031401,-4.993291,-0.4559698,-0.4239194,0.5496303,7936
98.8,-125.5544,0,0,0.0943951,-0.138551,0.5946653,-4.697413,-1.738089,-1.458786,-3.99844,7944
98.82,-120.8605,0,0,0.101495,-0.2268707,0.2282531,-16.21062,-1.738089,-1.737813,-4.547157,8012
98.84,-90.85893,0,0,-0.01522638,-0.5018956,-10.38244,-23.04488,-1.738089,-1.810647,-4.691915,8016
98.86,-34.49815,0,0,-0.6392664,-1.027999,-36.44352,-22.68402,-1.46817,-1.660887,-5.117164,8032
98.88,27.15944,0,0,-1.606435,-1.706698,-51.51222,-13.79596,-1.13077,-1.417352,-5.541233,8000
98.9,78.82059,0,0,-2.225622,-2.110994,-6.809917,0.4025518,-0.7933693,-1.073357,-3.479265,7976
98.92,78.43853,0,0,-1.926021,-1.832936,14.47253,14.43089,-0.7933693,-0.8543314,1.190877,7940
98.94,-29.35116,0,0,-1.343178,-1.212388,38.1214,21.93873,-1.738089,-1.458345,1.928427,7948
98.96,-42.38276,0,0,-0.2427836,-0.3033318,52.73209,12.74963,-1.53565,-1.335755,6.560238,7992
98.98,-23.64953,0,0,0.6224649,0.3965254,37.00689,2.579839,-1.13077,-0.9268426,9.638655,7992
99,-69.10786,0,0,0.8251643,0.6156452,4.426728,-3.177319,-1.46817,-1.147885,6.676375,7968
99.02,-106.9533,0,0,0.3878387,0.3119335,-25.35954,-10.52594,-1.805569,-1.610116,0.9874516,7992
99.04,-78.38162,0,0,-0.3299845,-0.3495269,-20.76412,-17.13562,-1.670609,-1.741915,-2.91978,8020
99.06,-169.4642,0,0,-0.5401133,-0.8686999,-13.2832,-17.93865,-3.02021,-2.854849,-8.006404,7996
99.08,-314.3031,0,0,-1.018152,-1.496488,-30.91679,-26.33368,-4.977129,-4.755164,-16.12422,8092
99.1,-192.687,0,0,-1.805675,-2.377978,-38.56565,-44.0727,-4.30233,-4.750502,-15.3482,8212
99.12,-78.26465,0,0,-2.531688,-3.293928,-43.42061,-41.17014,-4.03241,-4.487,-12.64685,8144
99.14,48.76091,0,0,-3.518914,-4.025633,-52.55039,-24.44522,-3.290129,-3.789837,-8.013295,8148
99.16,-130.4318,0,0,-4.413151,-4.539741,-60.13818,2.157428,-5.65193,-5.488809,-13.55378,8116
99.18,-58.01075,0,0,-4.979264,-4.71686,-25.08473,3.628239,-4.977129,-5.359787,-8.842756,8248
99.2,-20.18642,0,0,-3.885181,-4.079693,56.12141,8.997879,-4.909649,-4.993988,1.139657,8208
99.22,-253.4743,0,0,-3.079388,-3.366147,32.68628,13.71061,-7.473888,-6.826199,-1.867625,8196
99.24,-35.08012,0,0,-2.560101,-2.770535,18.45727,-8.229588,-4.909649,-5.196503,8.904703,8352
99.26,127.8955,0,0,-2.154164,-2.430096,16.73207,-1.95505,-3.357609,-3.454408,17.06695,8180
99.28,211.8617,0,0,-2.126911,-2.013831,-8.596177,18.63165,-2.075489,-1.969858,22.09998,8116
99.3,35.14597,0,0,-2.726137,-1.863436,-29.31374,42.23622,-3.357609,-2.763636,14.05849,8056
99.32,-55.03319,0,0,-3.169666,-1.829797,-14.36717,41.21305,-3.695009,-3.392568,8.255655,8132
99.34,-14.29611,0,0,-2.205716,-1.338112,80.54889,28.74449,-3.02021,-2.920611,12.36267,8136
99.36,-202.7086,0,0,-1.055707,-0.7636353,65.41911,20.96622,-4.977129,-4.276257,7.787511,8104
99.38,-29.62241,0,0,0.2868952,0.0399071,63.8466,-7.071054,-2.75029,-2.736469,17.01056,8196
99.4,-136.134,0,0,0.7073184,0.2076367,-5.084725,-9.849575,-3.96493,-3.345999,11.23465,8084
99.42,-617.8198,0,0,-0.560073,-0.7921935,-54.47406,-19.5154,-9.228369,-8.049934,-16.78514,8140
99.44,-616.815,0,0,-1.44108,-2.20016,-49.20688,-71.94245,-9.83569,-9.920865,-25.86857,8460
99.46,125.5516,0,0,-2.127744,-3.667726,-36.1687,-103.7195,-3.357609,-5.105779,-2.826407,8492
99.48,364.1812,0,0,-2.837448,-4.536067,-36.30611,-47.06461,-2.075489,-2.611513,8.885228,8104
99.5,52.84595,0,0,-3.594808,-4.34697,-40.65726,17.06031,-4.977129,-4.239786,3.206688,8008
99.52,-37.64224,0,0,-4.240773,-3.83391,-29.64962,30.04385,-4.977129,-4.75598,2.681465,8192
99.54,-626.0517,0,0,-4.338242,-3.815434,1.617566,29.04855,-11.38773,-10.11782,-19.54532,8212
99.56,-549.5997,0,0,-2.778762,-3.338712,77.0985,-35.46222,-10.78041,-10.83845,-12.89186,8600
99.58,-346.1893,0,0,-1.577616,-3.392559,62.42675,-74.14746,-9.90317,-10.1033,-3.886872,8532
99.6,-256.1675,0,0,-1.319482,-3.723022,14.45726,-80.02012,-9.90317,-9.789504,-0.1258411,8464
99.62,366.7666,0,0,-1.694978,-3.798009,-76.71834,-73.02982,-3.357609,-4.372056,24.69622,8488
99.64,221.7765,0,0,-3.490692,-4.338492,-78.53513,-0.4089354,-4.977129,-4.415931,17.29203,8104
99.66,225.9757,0,0,-4.764866,-4.165283,-64.22978,37.19746,-3.695009,-3.553834,18.50911,8212
99.68,156.6401,0,0,-5.678091,-4.011585,-18.29084,65.1727,-3.695009,-3.478114,15.65494,8128
99.7,88.66016,0,0,-4.850725,-3.102556,44.62522,74.4257,-3.695009,-3.373394,18.66174,8128
99.72,-681.7836,0,0,-3.735023,-2.377492,53.49545,69.51172,-11.65765,-9.740047,-7.905395,8128
99.74,-478.4528,0,0,-2.687597,-2.037432,59.55652,-14.73945,-9.228369,-9.472034,-2.707617,8612
99.76,-558.3544,0,0,-1.051311,-2.276865,86.12141,-55.22972,-11.59017,-11.08895,-6.233274,8456
99.78,-355.7374,0,0,0.206899,-2.302088,71.11378,-93.59792,-10.17309,-10.1629,2.660676,8588
99.8,-208.0452,0,0,0.1135695,-2.785412,-35.80229,-98.31097,-9.363329,-9.230547,6.066902,8512
99.82,361.0768,0,0,-1.185735,-3.405429,-72.39773,-82.1359,-3.357609,-4.239174,24.27275,8452
99.84,350.1532,0,0,-2.894258,-3.938608,-86.47406,-8.7382,-3.357609,-3.055048,22.78158,8092
99.86,88.33925,0,0,-4.272513,-3.839821,-70.04658,42.97513,-4.977129,-4.227135,13.71668,8100
99.88,-3.639954,0,0,-5.05441,-3.611153,3.296956,53.08433,-4.977129,-4.700735,9.741006,8220
99.9,-42.31897,0,0,-4.25322,-2.986201,34.48781,48.17865,-5.044609,-4.803056,11.89216,8228
99.92,-443.5637,0,0,-3.059463,-2.367954,53.31224,37.02808,-9.295849,-8.166656,-0.3274897,8204
99.94,-389.4567,0,0,-1.656112,-1.780519,63.02217,-15.11893,-8.62105,-8.413506,2.99601,8480
99.96,-196.7854,0,0,-0.5419527,-1.653795,50.54888,-47.60921,-7.20397,-7.220303,9.985058,8452
99.98,-186.7631,0,0,-0.02804968,-1.711099,30.54888,-51.28561,-7.541368,-7.111092,10.02751,8332
100,188.1823,0,0,-0.6033279,-1.929122,-58.62672,-50.72094,-3.357609,-3.791463,21.475,8340
100.02,180.1753,0,0,-2.286564,-2.684514,-73.69543,-7.625983,-3.425089,-3.186964,15.92995,8100
100.04,-141.1751,0,0,-3.53932,-3.136745,-68.24506,23.79308,-6.326729,-5.53777,1.338776,8100
100.06,-254.5846,0,0,-4.246422,-3.480664,36.38094,14.2704,-7.20397,-6.97999,-5.526834,8260
100.08,-247.4273,0,0,-3.078566,-3.202107,41.60231,-6.702331,-7.473888,-7.372096,-1.118051,8336
100.1,-237.9704,0,0,-2.295462,-2.989687,29.15956,-22.26563,-7.811289,-7.616541,1.421191,8348
100.12,-379.3926,0,0,-2.969421,-3.602622,-67.17635,-30.05453,-9.83569,-9.41265,-8.234634,8376
100.14,236.0301,0,0,-4.702593,-4.756472,-87.00842,-43.90656,-3.627529,-5.050297,7.937642,8488
100.16,-85.6046,0,0,-5.972197,-5.876822,-67.14581,12.75148,-8.081209,-7.490845,-5.464492,8116
100.18,17.90962,0,0,-7.065177,-6.182279,-39.17634,21.60247,-6.529169,-6.921878,-0.6291637,8372
100.2,-21.37253,0,0,-7.544389,-6.371401,-5.206864,39.40041,-7.27145,-7.33013,-0.1462064,8288
100.22,43.44998,0,0,-7.100274,-5.89945,29.02216,46.21655,-6.529169,-6.689646,8.163336,8340
100.24,283.0437,0,0,-6.099817,-4.870696,48.68628,54.63151,-3.695009,-4.048567,24.94281,8308
100.26,22.11624,0,0,-4.76675,-3.519562,70.36568,80.17504,-5.989328,-5.0554,23.21102,8132
100.28,27.48923,0,0,-3.244019,-1.879429,77.23592,66.12514,-4.707209,-4.230393,29.35337,8264
100.3,-120.4471,0,0,-1.656127,-0.6267921,82.83897,52.13039,-5.65193,-4.750423,26.37903,8184
100.32,-153.5014,0,0,-0.09680152,0.3986263,73.9382,22.98335,-5.314529,-4.609132,25.82801,8240
100.34,-131.8277,0,0,1.043161,0.9541891,54.48781,-3.357601,-4.707209,-4.116254,24.59725,8220
100.36,-117.7562,0,0,1.48682,1.011699,21.90765,-20.1864,-4.30233,-3.757556,20.70095,8192
100.38,-130.0726,0,0,0.7480919,0.3445915,-53.35955,-27.98683,-4.30233,-3.88888,11.85264,8180
100.4,-37.99853,0,0,-0.6138673,-0.7834891,-74.50459,-30.32782,-3.357609,-3.396659,6.196333,8164
100.42,-10.97363,0,0,-2.165585,-2.06965,-80.79467,-17.82753,-3.357609,-3.443067,-0.1697669,8108
100.44,8.64341,0,0,-3.379437,-3.033799,-13.39007,-2.885611,-3.357609,-3.533152,-3.003455,8100
100.46,-33.76417,0,0,-2.759381,-2.833828,22.10612,7.655247,-3.897449,-3.792704,0.9465768,8124
100.48,-81.7561,0,0,-2.30313,-2.375397,20.16719,9.01812,-4.30233,-4.096563,2.875488,8156
100.5,-6.717728,0,0,-1.754777,-1.857939,23.54124,3.460118,-3.357609,-3.348789,8.63754,8172
100.52,-44.87363,0,0,-1.270099,-1.433404,21.78551,5.772523,-3.695009,-3.382782,9.225109,8124
100.54,-94.20518,0,0,-0.8255432,-1.025248,21.03742,2.018147,-3.96493,-3.59804,8.610694,8128
100.56,-25.80061,0,0,-0.5269088,-0.7576095,9.312226,-6.390074,-3.02021,-2.907494,11.0791,8140
100.58,-31.02425,0,0,-0.6391163,-0.8052657,-10.07709,-4.871327,-3.02021,-2.786816,9.038654,8088
100.6,-43.19938,0,0,-1.022415,-1.023917,-19.11527,-3.313454,-3.02021,-2.842116,6.020845,8108
100.62,-51.16184,0,0,-0.8694754,-1.013376,9.022148,-3.862475,-3.02021,-2.843318,5.817279,8088
100.64,-57.7672,0,0,-0.7600423,-0.9658443,3.358025,-5.350873,-3.02021,-2.843045,5.441338,8088
100.66,-61.55502,0,0,-0.8212131,-1.012318,-2.596175,-6.864748,-3.02021,-2.870072,4.376266,8092
100.68,-67.86237,0,0,-0.8707045,-1.089901,-2.672511,-8.112666,-3.08769,-2.948149,3.381813,8084
100.7,-59.40028,0,0,-0.9755593,-1.20136,-6.916788,-9.257674,-3.02021,-2.931318,2.878351,8084
100.72,-54.68749,0,0,-1.076553,-1.31378,-5.893886,-8.841299,-3.02021,-2.934837,2.510788,8080
100.74,-51.10272,0,0,-1.189721,-1.410673,-7.619077,-7.727714,-3.02021,-2.941767,2.292212,8080
100.76,-48.71452,0,0,-1.216782,-1.442773,-1.390068,-6.50871,-3.02021,-2.935433,2.556925,8084
100.78,-53.7131,0,0,-1.249657,-1.454597,-1.832817,-5.354422,-3.08769,-2.984866,2.519406,8080
100.8,-47.51173,0,0,-1.229236,-1.429316,0.304589,-5.135268,-3.02021,-2.93486,3.092739,8080
100.82,-46.96369,0,0,-1.242268,-1.417988,-0.6725109,-4.332876,-3.02021,-2.920752,3.240321,8076
100.84,-47.95721,0,0,-1.223465,-1.389577,0.2740546,-3.798353,-3.02021,-2.912858,3.442533,8064
100.86,-49.45295,0,0,-1.191572,-1.352731,0.4114593,-3.641906,-3.02021,-2.907124,3.603904,8088
100.88,-56.84737,0,0,-1.178324,-1.332448,0.5641309,-3.746129,-3.08769,-2.961452,3.361396,8072
100.9,-51.43554,0,0,-1.166744,-1.322207,-0.03128911,-4.59823,-3.02021,-2.922721,3.534555,8084
100.92,-56.63,0,0,-1.163268,-1.328906,0.06031401,-4.638499,-3.08769,-2.967847,3.26566,8116
100.94,-62.50896,0,0,-1.172694,-1.344185,-0.9167854,-5.168797,-3.155169,-3.036713,2.920733,8096
100.96,-49.08623,0,0,-1.146508,-1.342263,0.5946653,-6.172298,-3.02021,-2.941029,3.481258,8104
100.98,-53.16984,0,0,-1.170006,-1.363641,-0.8251827,-5.423532,-3.08769,-2.971935,3.223666,8108
101,-53.81915,0,0,-1.168894,-1.362471,-0.9320526,-5.332753,-3.08769,-2.978506,3.262565,8080
101.02,-59.65218,0,0,-1.178175,-1.368989,0.304589,-5.318371,-3.155169,-3.035717,3.010645,8080
101.04,-47.04597,0,0,-1.172495,-1.366312,-0.3213652,-5.899916,-3.02021,-2.939979,3.523845,8080
101.06,-40.03358,0,0,-1.166014,-1.358755,0.2435202,-5.024092,-2.95273,-2.857019,3.893755,8080
101.08,-54.38417,0,0,-1.14433,-1.33083,0.8389403,-3.806421,-3.08769,-2.941274,3.552059,8076
101.1,-51.58392,0,0,-1.13931,-1.305459,0.9458106,-4.466256,-3.02021,-2.912796,3.666333,8080
101.12,-52.09068,0,0,-1.087973,-1.275606,0.7778715,-4.776161,-3.02021,-2.900957,3.781172,8080
101.14,-53.12901,0,0,-1.093644,-1.272734,-0.06182348,-5.030334,-3.02021,-2.902985,3.608768,8076
101.16,-53.78854,0,0,-1.078763,-1.26853,-0.1381594,-5.348491,-3.02021,-2.90412,3.546419,8084
101.18,-54.04233,0,0,-1.085274,-1.276379,0.1366499,-5.611542,-3.02021,-2.907645,3.41024,8096
101.2,-59.92343,0,0,-1.091005,-1.290187,-0.2144953,-5.800424,-3.08769,-2.965099,3.07603,8076
101.22,-53.42876,0,0,-1.08016,-1.293947,0.2893218,-6.540833,-3.02021,-2.924256,3.300871,8076
101.24,-52.20625,0,0,-1.069879,-1.296741,-0.3060985,-6.404266,-3.02021,-2.910956,3.364974,8100
101.26,-58.26416,0,0,-1.101292,-1.315269,0.1213828,-6.106974,-3.08769,-2.966533,2.999366,8076
101.28,-52.19981,0,0,-1.088602,-1.312143,-0.0007547362,-6.544224,-3.02021,-2.923818,3.293753,8080
101.3,-57.29967,0,0,-1.095769,-1.320264,0.1977187,-6.20889,-3.08769,-2.967161,3.073959,8108
101.32,-51.32465,0,0,-1.104429,-1.323617,-0.2755641,-6.46798,-3.02021,-2.924687,3.286169,8084
101.34,-56.70352,0,0,-1.09449,-1.321999,0.4419934,-6.068257,-3.08769,-2.965168,3.153543,8088
101.36,-57.12675,0,0,-1.100976,-1.322422,-0.1686933,-6.328589,-3.08769,-2.976986,3.120717,8084
101.38,-56.39547,0,0,-1.09691,-1.324601,0.06031401,-6.555887,-3.08769,-2.979022,3.154864,8076
101.4,-49.73271,0,0,-1.086855,-1.31987,0.07558119,-6.654177,-3.02021,-2.922488,3.46749,8108
101.42,-49.73019,0,0,-1.082675,-1.312424,0.06031401,-6.058584,-3.02021,-2.906163,3.536419,8096
101.44,-51.17503,0,0,-1.084017,-1.300941,0.2435202,-5.660543,-3.02021,-2.902864,3.525659,8096
101.46,-52.47223,0,0,-1.086272,-1.292603,0.1671843,-5.539814,-3.02021,-2.90408,3.472699,8072
101.48,-53.27138,0,0,-1.086064,-1.288427,0.2435202,-5.594763,-3.02021,-2.906117,3.416889,8080
101.5,-59.66221,0,0,-1.084266,-1.29032,0.1213828,-5.725441,-3.08769,-2.962451,3.129052,8092
101.52,-59.38514,0,0,-1.092374,-1.302301,0.2435202,-6.436326,-3.08769,-2.979697,3.02341,8068
101.54,-51.70725,0,0,-1.086787,-1.311934,-0.0007547362,-6.886959,-3.02021,-2.927732,3.289308,8076
101.56,-56.76274,0,0,-1.068069,-1.309735,0.5183294,-6.464787,-3.08769,-2.963841,3.195558,8096
101.58,-51.34688,0,0,-1.071577,-1.304815,0.04504682,-6.679862,-3.02021,-2.919466,3.409408,8080
101.6,-57.1507,0,0,-1.071908,-1.305484,-0.1228922,-6.282057,-3.08769,-2.962197,3.197697,8088
101.62,-51.81458,0,0,-1.065751,-1.29729,0.2740546,-6.615183,-3.02021,-2.918519,3.434711,8080
101.64,-57.49577,0,0,-1.074581,-1.303367,-0.2908313,-6.281712,-3.08769,-2.963098,3.169901,8076
101.66,-51.94338,0,0,-1.069193,-1.29867,0.4572606,-6.641175,-3.02021,-2.919774,3.403937,8080
101.68,-51.50779,0,0,-1.071793,-1.299984,-0.1381594,-6.313255,-3.02021,-2.908451,3.413515,8084
101.7,-58.27652,0,0,-1.069033,-1.296474,0.3961921,-6.064131,-3.08769,-2.959929,3.182894,8076
101.72,-52.78016,0,0,-1.068103,-1.292615,-0.06182348,-6.581081,-3.02021,-2.919932,3.373347,8084
101.74,-52.06536,0,0,-1.072182,-1.297626,0.1213828,-6.359409,-3.02021,-2.909858,3.367044,8088
101.76,-46.42387,0,0,-1.081277,-1.297812,0.07558119,-6.105978,-2.95273,-2.853682,3.574005,8100
101.78,-53.26505,0,0,-1.07681,-1.290394,0.02977964,-5.384792,-3.02021,-2.892668,3.377896,8092
101.8,-54.92744,0,0,-1.080562,-1.283242,0.1977187,-5.5892,-3.02021,-2.905474,3.29561,8088
101.82,-61.09956,0,0,-1.061693,-1.277364,0.5793981,-5.955543,-3.08769,-2.962203,3.078795,8092
101.84,-60.55343,0,0,-1.064674,-1.28696,-0.06182348,-6.818533,-3.08769,-2.979143,2.986755,8068
101.86,-52.64043,0,0,-1.060887,-1.298863,0.04504682,-7.33918,-3.02021,-2.92753,3.239697,8100
101.88,-51.09763,0,0,-1.08985,-1.32212,-0.9167854,-6.799651,-3.02021,-2.915847,3.194464,8120
101.9,-51.18196,0,0,-1.102929,-1.328809,-0.3366328,-6.238329,-3.02021,-2.912146,3.224643,8088
101.92,-51.75585,0,0,-1.098642,-1.320102,0.5335966,-5.881832,-3.02021,-2.909137,3.304971,8080
101.94,-52.46928,0,0,-1.092027,-1.307692,-0.183961,-5.723825,-3.02021,-2.907486,3.353765,8092
101.96,-59.10675,0,0,-1.085614,-1.300174,0.1824515,-5.719453,-3.08769,-2.961776,3.127254,8080
101.98,-53.15573,0,0,-1.088413,-1.300547,-0.07709067,-6.377267,-3.02021,-2.923271,3.298673,8088
102,-51.90137,0,0,-1.103217,-1.315041,-0.01602192,-6.171827,-3.02021,-2.914644,3.261586,8092
102.02,-51.91936,0,0,-1.101325,-1.315526,0.2740546,-5.907721,-3.02021,-2.910779,3.306267,8088
102.04,-52.33566,0,0,-1.099213,-1.310354,0.01451245,-5.739137,-3.02021,-2.909104,3.332761,8080
102.06,-52.78042,0,0,-1.097649,-1.305093,0.2435202,-5.675209,-3.02021,-2.908822,3.336647,8088
102.08,-59.0771,0,0,-1.100569,-1.306911,-0.0007547362,-5.677686,-3.08769,-2.964505,3.068867,8088
102.1,-52.9297,0,0,-1.092714,-1.304859,0.2893218,-6.331784,-3.02021,-2.923974,3.30146,8080
102.12,-51.78355,0,0,-1.095524,-1.311493,-0.01602192,-6.138335,-3.02021,-2.912953,3.318916,8084
102.14,-58.04459,0,0,-1.09073,-1.310475,0.3351234,-5.910444,-3.08769,-2.963372,3.119916,8088
102.16,-58.35802,0,0,-1.081718,-1.305896,-0.107625,-6.417794,-3.08769,-2.975922,3.126717,8072
102.18,-51.104,0,0,-1.111625,-1.325975,-0.6267089,-6.699533,-3.02021,-2.928988,3.23798,8080
102.2,-86.25993,0,0,-1.085161,-1.335749,0.2129859,-6.256244,-3.425089,-3.23823,1.990218,8084
102.22,-103.3036,0,0,-1.089209,-1.368301,-0.1381594,-9.522198,-3.627529,-3.486023,1.10541,8124
102.24,-39.63223,0,0,-1.119213,-1.434165,0.2282531,-13.27063,-3.02021,-3.058877,3.183902,8124
102.26,56.07729,0,0,-1.352839,-1.561797,-9.2832,-8.557799,-2.075489,-2.196954,6.265635,8088
102.28,-20.57297,0,0,-1.614656,-1.649699,-16.13817,4.977775,-2.88525,-2.641129,3.385264,8012
102.3,-59.5555,0,0,-1.598019,-1.524892,6.350392,6.209572,-3.08769,-2.920082,2.800728,8080
102.32,-1.409355,0,0,-1.048087,-1.14545,32.85422,1.57089,-2.345409,-2.321864,7.475342,8092
102.34,-40.43571,0,0,-0.5703275,-0.7779993,23.5107,2.854116,-2.68281,-2.393512,7.750067,8068
102.36,17.65439,0,0,-0.492339,-0.5642267,-0.2602969,-0.5251908,-1.805569,-1.740726,9.624797,8080
102.38,-16.79044,0,0,-0.6571897,-0.6010882,-3.634344,3.446293,-2.075489,-1.849,6.803369,8028
102.4,46.15076,0,0,-0.1785622,-0.2758403,21.19009,1.358401,-1.13077,-1.070553,10.83148,8036
102.42,2.012581,0,0,0.03178639,-0.03682813,7.87711,5.590584,-1.40069,-1.096872,9.346331,7988
102.44,-63.91653,0,0,0.1441449,0.1295141,13.35803,3.486651,-1.805569,-1.475614,6.173175,8004
102.46,8.554054,0,0,0.5998223,0.4047918,16.93055,-5.847441,-0.7933693,-0.7444472,9.295902,7996
102.48,3.794117,0,0,0.3892686,0.292818,-12.2603,-4.26426,-0.7933693,-0.6300179,6.630939,7952
102.5,-37.16087,0,0,-0.1166128,-0.0331642,-16.61145,-2.28213,-1.13077,-0.9771299,1.844688,7964
102.52,-74.94836,0,0,0.3935455,0.1060496,17.86185,-6.449368,-1.46817,-1.270618,1.901234,7972
102.54,-74.75326,0,0,0.3370176,0.03403783,-6.565642,-12.95193,-1.46817,-1.380409,0.489654,7980
102.56,-91.50981,0,0,-0.04870893,-0.32773,-17.61908,-16.19687,-1.805569,-1.745299,-2.861152,7996
102.58,17.40293,0,0,-0.3127053,-0.6355993,-16.44351,-19.08908,-0.7933693,-1.034588,-0.0332392,8008
102.6,7.340487,0,0,-0.8111468,-1.013993,-22.13817,-8.510109,-1.13077,-1.146019,-1.717521,7940
102.62,-17.27168,0,0,-1.098758,-1.171491,2.396193,-1.549393,-1.40069,-1.392515,-2.388602,7964
102.64,33.01468,0,0,-0.540096,-0.7994227,22.51834,-0.8372931,-0.7933693,-0.8512999,3.336565,7988
102.66,-5.230946,0,0,-0.3530373,-0.5141876,7.678637,4.039896,-1.13077,-0.9603575,3.418194,7952
102.68,35.99095,0,0,-0.1034971,-0.1852366,16.64047,2.675739,-0.4559698,-0.4342641,6.295214,7980
102.7,-8.735733,0,0,0.186182,0.09581562,11.17482,4.969885,-0.7933693,-0.5593433,5.550591,7928
102.72,-58.46695,0,0,0.1609901,0.1771801,5.846576,1.895859,-1.13077,-0.917736,2.645919,7944
102.74,-4.921513,0,0,0.4379238,0.3042021,8.976348,-5.938741,-0.4559698,-0.4597114,4.670616,7968
102.76,-1.49667,0,0,0.248557,0.1593431,-11.06946,-5.268116,-0.4559698,-0.3894278,2.942715,7932
102.78,-35.2061,0,0,0.05769534,-0.009035036,-6.000757,-3.92563,-0.7933693,-0.6802545,0.3342784,7964
102.8,-31.18132,0,0,0.1321733,-0.03551015,1.968712,-6.585659,-0.7258892,-0.691992,0.4513593,7956
102.82,57.50552,0,0,0.08070791,-0.07348141,-3.130527,-7.712566,0.2188301,0.06312814,3.426301,7960
102.84,57.48321,0,0,-0.01246029,-0.09569524,-4.183962,0.7861174,0.2188301,0.2575949,3.471373,7892
102.86,7.56359,0,0,0.1278972,0.09135895,12.18246,6.030552,-0.1185694,0.0509371,2.780029,7892
102.88,-8.036636,0,0,0.5712546,0.4593853,20.27406,3.166071,-0.05108929,0.08734088,3.959838,7900
102.9,-26.78257,0,0,0.8052905,0.6715299,8.625202,-1.127774,-0.1185694,0.03139835,3.270154,7920
102.92,-27.37148,0,0,0.8357529,0.6891214,-2.000756,-6.055589,-0.05108929,0.03459734,2.094257,7924
102.94,-122.0887,0,0,0.6833915,0.4823671,-8.245033,-9.08855,-1.13077,-0.8853817,-3.525051,7916
102.96,-105.8618,0,0,0.535912,0.20476,-7.802285,-20.20626,-1.06329,-1.101829,-4.871922,7984
102.98,-72.81718,0,0,0.1854507,-0.2615698,-23.2374,-24.88832,-1.06329,-1.183164,-5.968695,7972
103,76.64058,0,0,-0.7039573,-0.930757,-47.68016,-21.87914,0.2188301,-0.2393809,-3.55442,7980
103.02,-9.425137,0,0,-1.549397,-1.559239,-25.74122,-2.235845,-1.06329,-1.057472,-8.261499,7900
103.04,73.22688,0,0,-1.496661,-1.479123,6.930545,2.338832,-0.1185694,-0.4195836,-1.954862,7964
103.06,50.15054,0,0,-0.945732,-1.012882,24.02979,12.17926,-0.3884897,-0.339621,1.94901,7916
103.08,109.6015,0,0,-0.5090505,-0.4032217,27.43437,15.1031,0.5562305,0.4983125,7.705424,7940
103.1,-41.81361,0,0,0.3604041,0.3495079,39.51071,20.28703,-0.7933693,-0.2889819,6.100036,7844
103.12,12.92151,0,0,0.9234257,0.9732642,30.07559,6.647478,0.2863102,0.3629479,9.284456,7944
103.14,-7.358402,0,0,1.602656,1.409315,28.50307,0.9414269,0.2188301,0.4973071,9.203979,7892
103.16,1.747503,0,0,1.481159,1.412387,-10.96259,-4.730784,0.5562305,0.7021024,6.670407,7884
103.18,-3.685966,0,0,0.8628687,0.9763485,-30.53512,-5.885421,0.5562305,0.6137754,1.724228,7872
103.2,-96.36412,0,0,1.10626,0.868249,8.228255,-7.828156,-0.4559698,-0.1980965,-1.989988,7876
103.22,-92.93723,0,0,0.9068609,0.6148854,-11.97022,-17.91367,-0.4559698,-0.4573072,-4.16611,7944
103.24,-72.56964,0,0,0.6722561,0.2251276,-14.77939,-23.54583,-0.5234499,-0.5995842,-5.484835,7924
103.26,-42.54571,0,0,0.03691056,-0.3534811,-35.22214,-23.31232,-0.5234499,-0.6885535,-7.182779,7932
103.28,-0.2575016,0,0,-0.6561334,-0.9302664,-31.1,-17.94088,-0.3884897,-0.6334903,-7.474296,7932
103.3,106.0449,0,0,-0.8946918,-1.12593,-7.848085,-9.093587,0.5562305,0.1986885,-2.130521,7908
103.32,-5.429711,0,0,-0.9017088,-1.038825,5.022148,7.556655,-0.7258892,-0.5532123,-3.666965,7864
103.34,56.28078,0,0,-0.4023173,-0.4969332,32.59467,6.042703,0.2188301,0.100599,2.810452,7940
103.36,13.63641,0,0,0.3868373,0.1637893,33.06796,8.847984,-0.1185694,0.09874275,5.306146,7880
103.38,77.1872,0,0,0.516344,0.5505496,3.785506,5.87953,0.89363,0.8751345,8.016284,7904
103.4,-63.66885,0,0,0.9669435,0.8880869,23.12902,8.794846,-0.4559698,0.001610059,3.742151,7864
103.42,-89.95105,0,0,1.116547,1.042488,9.632836,-4.079162,-0.4559698,-0.2811016,1.51924,7944
103.44,-53.38636,0,0,1.384127,1.039348,7.373293,-16.10753,-0.1185694,-0.08856781,1.727254,7928
103.46,-37.1718,0,0,0.8722144,0.5849638,-28.82519,-19.00275,-0.1185694,-0.1322409,-1.596495,7912
103.48,19.28609,0,0,-0.1630509,-0.1887039,-56.39772,-16.19674,0.2863102,0.05410356,-4.387914,7916
103.5,-55.17298,0,0,-0.6608999,-0.7296013,-6.245031,-7.02476,-0.7933693,-0.7731099,-8.435034,7892
103.52,44.69614,0,0,-0.5294378,-0.7275321,0.6251997,-8.506827,0.2188301,-0.08810802,-2.517283,7952
103.54,57.54143,0,0,-0.3536318,-0.5742675,5.251155,0.1368386,0.2188301,0.1654517,0.3600148,7908
103.56,-45.09474,0,0,-0.3523149,-0.4079929,4.716804,7.052702,-0.7933693,-0.5772511,-2.19276,7892
103.58,28.43047,0,0,0.4064542,0.1614154,34.1672,-0.8113352,0.2188301,0.1450141,4.370595,7948
103.6,59.42524,0,0,0.7600148,0.5274684,12.50307,0.2244278,0.6237106,0.6822041,6.798073,7892
103.62,-85.34233,0,0,0.4861389,0.4915354,-13.61908,4.540923,-0.7933693,-0.4101342,-0.5285971,7884
103.64,-95.61508,0,0,0.9365867,0.6917538,27.5107,-8.483339,-0.7258892,-0.614823,-0.2041888,7956
103.66,-58.6873,0,0,1.109141,0.6631255,4.350392,-18.74224,-0.4559698,-0.4526615,0.1568542,7936
103.68,-45.6397,0,0,0.5531408,0.201896,-32.94733,-20.28945,-0.5234499,-0.5520046,-2.930486,7944
103.7,-76.44404,0,0,-0.544762,-0.6318229,-61.17635,-16.81588,-1.13077,-1.199221,-9.062425,7940
103.72,-11.10444,0,0,-1.73284,-1.568399,-22.19924,-13.94589,-0.7933693,-1.192178,-10.78447,7980
103.74,28.74501,0,0,-1.178059,-1.52196,17.57177,-6.58877,-0.7258892,-0.927819,-4.283273,7940
103.76,64.92355,0,0,-1.208303,-1.351207,-6.626712,2.469095,-0.3884897,-0.5284036,-0.3878958,7972
103.78,-2.634281,0,0,-1.251001,-1.161744,30.02979,12.17679,-1.06329,-0.95057,-1.041419,7944
103.8,-88.30921,0,0,-0.4071886,-0.5405544,37.08323,9.321997,-1.805569,-1.540895,0.387255,7980
103.82,-7.145832,0,0,0.0581385,-0.09832782,20.19773,-2.690033,-0.7933693,-0.8536164,4.878899,8000
103.84,-1.287384,0,0,0.07633561,-0.04758907,-5.420604,-2.701258,-0.7933693,-0.7032175,4.263974,7952
103.86,-120.2083,0,0,-0.364917,-0.3281312,-24.87099,-1.026823,-2.075489,-1.789062,-2.912723,7968
103.88,-201.4285,0,0,-0.2103739,-0.4525821,8.503064,-12.36381,-3.02021,-2.820235,-6.38699,8044
103.9,-286.8014,0,0,0.06052387,-0.6400251,7.052682,-28.96425,-4.30233,-4.080904,-10.1559,8080
103.92,-206.7757,0,0,-0.1313172,-1.122968,-18.77939,-48.02296,-3.96493,-4.140068,-9.531485,8160
103.94,-144.2044,0,0,-0.7953531,-1.92005,-49.22215,-50.57859,-4.03241,-4.225583,-10.17369,8144
103.96,-59.84674,0,0,-2.421219,-3.110941,-78.35192,-41.05902,-3.762489,-4.148339,-12.09344,8136
103.98,111.4886,0,0,-4.129294,-4.248296,-85.97025,-20.80585,-2.48037,-3.168045,-8.693606,8128
104,54.57737,0,0,-5.588315,-5.093242,-45.25267,14.48175,-3.560049,-3.80071,-10.98797,8036
104.02,57.84367,0,0,-4.53287,-4.295215,56.88477,29.6677,-3.425089,-3.542638,0.3169333,8108
104.04,19.98175,0,0,-3.877489,-3.367679,38.64048,38.00703,-3.627529,-3.510257,5.639522,8112
104.06,17.19475,0,0,-3.412095,-2.621064,41.26643,38.12539,-3.357609,-3.251915,9.180596,8140
104.08,130.9217,0,0,-1.849337,-1.387278,68.24355,33.42661,-1.738089,-1.695373,20.74126,8128
104.1,108.723,0,0,-0.3502736,-0.05381274,69.31225,37.1719,-1.40069,-0.8994085,25.7409,8024
104.12,19.49522,0,0,0.7165355,1.087332,50.44201,33.89969,-1.46817,-0.7659807,24.62018,8012
104.14,-75.52188,0,0,1.224373,1.66893,27.08322,20.7678,-1.738089,-1.079477,18.69416,7992
104.16,-57.86258,0,0,2.026056,2.075055,44.62522,-0.0481689,-1.06329,-0.6682494,17.42733,8016
104.18,-165.2311,0,0,2.861424,2.321995,34.82368,-14.75359,-2.008009,-1.336489,11.56174,8000
104.2,-75.36016,0,0,3.052063,2.249816,3.754972,-35.97922,-0.7933693,-0.6249239,10.71795,8032
104.22,187.8997,0,0,1.777202,1.344769,-76.35192,-37.22271,1.97331,1.55382,11.74196,7968
104.24,39.95777,0,0,0.1609919,0.1700668,-85.80231,-6.734878,0.2188301,0.5047266,-0.9996557,7820
104.26,-299.0883,0,0,-1.445156,-0.9699327,-77.06948,3.201035,-3.357609,-2.860603,-20.19622,7920
104.28,-550.8102,0,0,-2.760986,-2.371334,4.014514,-20.68096,-6.664129,-6.548633,-36.6976,8104
104.3,-424.6448,0,0,-1.824554,-2.932195,37.80078,-64.12006,-6.596649,-7.162663,-28.99913,8300
104.32,-388.8362,0,0,-1.13801,-3.388992,30.64048,-82.06305,-7.811289,-8.013124,-24.2721,8336
104.34,-180.8906,0,0,-1.071605,-3.70876,-21.60382,-90.24347,-6.596649,-7.069277,-13.3927,8380
104.36,184.4769,0,0,-2.625498,-4.518287,-80.26032,-69.84339,-3.425089,-4.307144,-1.265266,8292
104.38,-119.5709,0,0,-4.393332,-5.380669,-88.94734,-14.32099,-7.20397,-6.698877,-13.05928,8084
104.4,55.91255,0,0,-5.512562,-5.567716,-55.52749,-4.39152,-4.977129,-5.558007,-4.276526,8324
104.42,81.87437,0,0,-5.380785,-5.264549,35.78552,19.73831,-4.977129,-5.099635,2.98832,8200
104.44,-117.1546,0,0,-4.977158,-4.591279,23.05269,37.06244,-6.93405,-6.445428,1.79717,8212
104.46,-58.98296,0,0,-4.172474,-3.69475,36.68628,26.07578,-5.92185,-5.886937,9.308798,8316
104.48,-211.9679,0,0,-2.545707,-2.634531,67.48018,19.62071,-7.541368,-6.855248,10.14982,8264
104.5,-182.5184,0,0,-1.631788,-1.896751,41.49544,-3.068682,-6.93405,-6.591203,12.9498,8364
104.52,150.027,0,0,-2.215871,-2.121027,-55.78703,-13.54346,-3.357609,-3.795566,20.4587,8320
104.54,154.72,0,0,-3.476406,-2.850275,-69.42062,16.7172,-3.425089,-3.289869,15.40198,8092
104.56,-285.6151,0,0,-4.586771,-3.47432,-62.22978,40.31477,-7.878769,-6.91027,-4.831613,8108
104.58,-119.6637,0,0,-5.795991,-4.250336,17.29696,15.26228,-5.92185,-6.46273,-4.412375,8364
104.6,27.28915,0,0,-4.418204,-4.017627,46.10613,11.90289,-5.044609,-5.320211,7.538916,8248
104.62,-105.6303,0,0,-3.654576,-3.509187,27.78551,22.19138,-6.596649,-6.119189,7.317384,8228
104.64,-156.1767,0,0,-4.18854,-3.5522,-53.46642,16.86859,-6.93405,-6.721562,3.192817,8308
104.66,-43.09093,0,0,-5.03731,-4.116047,-44.97787,10.68768,-5.92185,-6.185434,3.280894,8316
104.68,40.08688,0,0,-4.65264,-4.109314,72.36568,17.21679,-5.314529,-5.423442,9.269314,8252
104.7,84.61081,0,0,-3.522245,-3.282078,42.99163,26.8984,-4.639729,-4.47456,17.98562,8236
104.72,147.3441,0,0,-3.333181,-2.617291,-14.36717,37.12727,-3.425089,-3.269412,22.37656,8208
104.74,105.9395,0,0,-3.485837,-2.238112,-16.2603,50.46689,-3.290129,-2.948395,20.40075,8120
104.76,-146.9606,0,0,-5.283181,-3.02307,28.71681,59.80462,-5.65193,-5.134106,1.696698,8104
104.78,-26.57097,0,0,-3.010841,-2.035533,93.03745,34.51123,-4.03241,-4.076032,14.86517,8224
104.8,-92.05508,0,0,-1.170587,-0.9695654,76.80843,24.25559,-4.707209,-4.143658,17.76856,8156
104.82,-47.99939,0,0,-0.06497301,-0.1148329,47.80079,7.364043,-3.762489,-3.37349,20.97635,8208
104.84,-179.5034,0,0,-0.1818759,-0.147612,-23.11527,0.4248723,-4.977129,-4.310061,11.29342,8152
104.86,-178.839,0,0,-1.324911,-1.012378,-64.51985,-14.33299,-4.909649,-4.763213,2.268106,8196
104.88,-31.86065,0,0,-2.634171,-2.270776,-73.14581,-20.03181,-3.762489,-4.125194,-0.2058482,8228
104.9,-88.53139,0,0,-3.828335,-3.465922,-31.52748,-5.253456,-4.977129,-5.003531,-6.941242,8124
104.92,-15.55646,0,0,-3.543067,-3.549218,6.47253,-1.414259,-4.36981,-4.57576,-0.2727477,8180
104.94,4.174118,0,0,-3.343017,-3.344412,0.5183294,8.032933,-4.30233,-4.304732,3.910014,8168
104.96,85.12643,0,0,-3.262262,-3.005341,6.106118,16.13258,-3.290129,-3.376153,9.705427,8176
104.98,24.95438,0,0,-2.698223,-2.38743,22.3046,27.99216,-3.695009,-3.377102,11.71984,8108
105,-45.44725,0,0,-1.981435,-1.615458,36.15193,27.54341,-3.96493,-3.55016,12.54527,8132
105.02,-1.056396,0,0,-0.7566034,-0.6529313,52.70155,16.48064,-3.02021,-2.744351,18.22364,8136
105.04,-64.18065,0,0,-0.02026804,-0.0330646,31.98399,11.12837,-3.357609,-2.814397,16.45927,8096
105.06,-105.828,0,0,0.1641336,0.1662511,2.228254,0.3865458,-3.425089,-2.985205,12.3911,8132
105.08,-79.17356,0,0,-0.2196191,-0.1644203,-24.59618,-9.984286,-3.02021,-2.848662,8.26539,8120
105.1,-67.1991,0,0,-0.9499803,-0.8555249,-43.22214,-12.05652,-3.02021,-2.946226,3.156763,8108
105.12,-54.31275,0,0,-1.914778,-1.695982,-56.51986,-9.288017,-3.08769,-3.141827,-1.378135,8076
105.14,-111.5436,0,0,-2.970559,-2.600637,-46.44352,-2.957865,-4.03241,-4.04636,-7.718788,8088
105.16,-1.473778,0,0,-2.806495,-2.757446,32.74735,-4.548555,-3.08769,-3.400094,-1.204217,8152
105.18,13.49937,0,0,-2.467117,-2.57015,12.19772,4.657469,-3.155169,-3.159507,2.939635,8104
105.2,-20.01793,0,0,-2.46758,-2.346679,-7.405338,12.22883,-3.425089,-3.293059,3.566401,8096
105.22,90.05563,0,0,-2.704576,-2.233925,-18.56565,14.59161,-2.075489,-2.273298,7.962917,8116
105.24,-26.23296,0,0,-3.311408,-2.465984,31.64811,28.84663,-3.357609,-3.124224,1.914434,8024
105.26,26.70114,0,0,-2.210053,-1.763311,39.41911,23.67028,-2.48037,-2.468657,9.748018,8100
105.28,-98.01701,0,0,-1.494964,-1.186188,26.59467,23.20448,-3.695009,-3.218673,7.579346,8068
105.3,-123.981,0,0,-0.8958795,-0.7271929,20.54887,8.369185,-3.695009,-3.409469,7.396513,8136
105.32,-13.19491,0,0,-0.7092657,-0.6488942,2.671002,-4.742641,-2.48037,-2.51626,9.944851,8140
105.34,0.344101,0,0,-0.85111,-0.8283832,-13.1,-1.909148,-2.412889,-2.274113,8.366356,8084
105.36,-99.05124,0,0,-1.370169,-1.183352,-32.61145,2.761691,-3.425089,-3.121668,1.631664,8076
105.38,-90.11691,0,0,-2.147829,-1.753004,-43.48168,-1.880749,-3.357609,-3.405796,-2.12702,8124
105.4,-61.18695,0,0,-2.405628,-2.185009,3.403826,-3.132896,-3.357609,-3.469407,-2.204444,8092
105.42,-39.42416,0,0,-2.240748,-2.256773,-1.802282,-1.326726,-3.357609,-3.400422,0.2585237,8120
105.44,-34.53593,0,0,-2.440563,-2.349686,-17.72595,2.670593,-3.425089,-3.428733,0.7093018,8108
105.46,-21.68608,0,0,-2.698773,-2.455767,-8.122894,6.60231,-3.357609,-3.388896,1.254436,8116
105.48,-45.60664,0,0,-2.172984,-2.140636,18.96108,9.079833,-3.627529,-3.48875,3.83199,8120
105.5,-53.4991,0,0,-1.968235,-1.878116,6.671003,7.625739,-3.627529,-3.494056,4.862885,8124
105.52,20.1299,0,0,-1.740024,-1.63809,12.94581,5.203132,-2.75029,-2.769224,8.67479,8128
105.54,12.47574,0,0,-1.587446,-1.446125,3.22062,10.52183,-2.75029,-2.572369,9.127505,8060
105.56,-3.585617,0,0,-1.582688,-1.290494,2.915277,13.20545,-2.68281,-2.496891,8.489075,8092
105.58,-32.43385,0,0,-0.9479122,-0.8523992,27.99925,11.52149,-2.75029,-2.47335,9.682889,8068
105.6,-55.23549,0,0,-0.4964961,-0.4818676,19.12902,6.041481,-2.75029,-2.462054,9.486353,8076
105.62,-154.6158,0,0,-0.2926235,-0.373496,5.052682,-0.7296701,-3.695009,-3.260824,4.547332,8088
105.64,-41.20549,0,0,-0.3922869,-0.5152402,-6.657246,-14.96169,-2.412889,-2.500591,6.170952,8132
105.66,-105.4209,0,0,-0.6122429,-0.8820671,-15.75649,-12.39687,-3.357609,-3.09958,1.327522,8068
105.68,-100.1393,0,0,-1.13453,-1.324679,-31.1916,-15.59602,-3.357609,-3.326158,-1.329662,8124
105.7,-68.60295,0,0,-1.795748,-1.908856,-28.45878,-15.17147,-3.290129,-3.389585,-3.052888,8112
105.72,-51.63358,0,0,-1.758752,-2.086455,-2.382435,-11.57624,-3.357609,-3.386092,-1.151917,8096
105.74,74.82777,0,0,-2.023283,-2.173231,-15.49694,-6.52614,-2.075489,-2.336111,4.160408,8108
105.76,71.8558,0,0,-2.387746,-2.238565,-14.32137,10.69576,-2.142969,-2.121891,4.693684,8044
105.78,-69.11156,0,0,-2.086346,-1.87964,11.93818,20.94575,-3.425089,-3.040307,2.660517,8040
105.8,-119.4936,0,0,-1.551964,-1.390384,35.60231,11.85972,-3.695009,-3.456119,3.176532,8116
105.82,-31.68757,0,0,-0.625019,-0.8176835,49.75499,-1.976968,-2.68281,-2.652948,9.361417,8136
105.84,-65.12427,0,0,0.05710849,-0.3864015,32.07559,-4.470217,-3.02021,-2.662419,9.684183,8048
105.86,-86.14944,0,0,0.2387092,-0.1858912,3.739704,-10.20022,-3.02021,-2.706224,8.087069,8088
105.88,-182.8271,0,0,-0.05996798,-0.429764,-21.40534,-15.49698,-4.03241,-3.637167,1.020639,8104
105.9,-54.32983,0,0,-0.7738124,-1.024729,-43.78703,-26.62089,-2.75029,-2.968117,1.016091,8148
105.92,-96.74655,0,0,-1.885893,-2.002106,-61.11528,-17.78586,-3.695009,-3.666757,-5.777005,8056
105.94,78.5228,0,0,-3.333015,-3.007928,-69.58856,-11.62304,-2.075489,-2.661478,-3.75467,8124
105.96,-19.39365,0,0,-4.435887,-3.851597,28.83895,13.564,-3.627529,-3.673551,-8.940928,8028
105.98,-50.76299,0,0,-3.748905,-3.474402,24.73208,18.83637,-3.96493,-3.993798,-3.171423,8120
106,36.76111,0,0,-3.188806,-2.900043,22.13666,17.58325,-3.02021,-3.191653,4.938979,8140
106.02,119.8892,0,0,-2.296004,-2.084038,34.76262,23.00579,-2.008009,-2.025439,13.76572,8084
106.04,75.67333,0,0,-1.752411,-1.319811,22.13666,33.20285,-2.075489,-1.742723,15.49941,8048
106.06,-10.57127,0,0,-1.238756,-0.6263589,35.38857,33.75656,-2.412889,-1.961755,13.99884,8040
106.08,-53.16867,0,0,0.002663575,0.2767388,56.67102,21.65163,-2.345409,-1.895946,15.61568,8040
106.1,-92.3252,0,0,0.748993,0.8094578,31.12902,6.812963,-2.412889,-1.959348,13.67839,8044
106.12,-116.4844,0,0,0.9734741,0.8638039,3.22062,-7.906763,-2.48037,-2.118034,9.548582,8040
106.14,-187.9616,0,0,0.7246923,0.4489731,-20.39771,-19.5922,-3.290129,-2.929012,1.825234,8076
106.16,-147.8403,0,0,-0.032364,-0.3704439,-44.30611,-32.34608,-3.08769,-3.113424,-2.983885,8096
106.18,-61.57555,0,0,-1.273975,-1.540046,-68.30612,-32.97705,-2.68281,-2.963238,-6.278047,8088
106.2,20.67101,0,0,-2.797573,-2.776193,-86.67254,-19.92887,-2.345409,-2.754031,-8.259704,8068
106.22,-33.79899,0,0,-4.351862,-3.897858,-82.32139,1.824727,-3.425089,-3.645685,-13.5068,8072
106.24,85.69695,0,0,-5.007863,-4.338994,16.74734,13.19284,-2.412889,-2.997234,-7.144644,8112
106.26,75.70951,0,0,-4.292471,-3.845354,19.26643,31.04235,-2.75029,-2.853454,0.5506408,8068
106.28,22.07245,0,0,-3.579421,-2.981568,30.27407,39.7498,-3.08769,-2.948323,5.287292,8084
106.3,78.84257,0,0,-2.479209,-1.881134,52.42675,36.83273,-2.075489,-2.029698,13.77512,8080
106.32,17.13101,0,0,-1.242916,-0.7797309,56.36568,36.74002,-2.345409,-1.907196,16.55902,8028
106.34,-42.49184,0,0,-0.3220826,0.1074389,51.96873,27.41965,-2.412889,-1.92816,16.27815,8060
106.36,-87.99796,0,0,0.5123628,0.7141061,37.11376,12.47225,-2.48037,-2.008307,14.58456,8040
106.38,-90.58836,0,0,0.7311398,0.7992379,5.00688,-2.950813,-2.277929,-1.96157,11.1553,8060
106.4,-187.1393,0,0,0.4083036,0.3470755,-22.00076,-12.75293,-3.357609,-2.952243,2.072343,8064
106.42,-60.5248,0,0,-0.3342331,-0.424154,-44.51986,-26.72499,-2.142969,-2.365257,0.7092836,8116
106.44,-91.96114,0,0,-1.507239,-1.550528,-65.61909,-19.74197,-3.02021,-3.038902,-6.600669,8020
106.46,-114.7381,0,0,-3.127609,-2.83275,-82.96262,-13.37456,-3.695009,-3.90496,-13.56103,8080
106.48,-70.0451,0,0,-5.866306,-4.776539,-13.1458,-3.303885,-3.96493,-4.606643,-21.55835,8108
106.5,77.00884,0,0,-4.456537,-4.501334,39.77025,4.857364,-3.02021,-3.569287,-4.554842,8144
106.52,169.2522,0,0,-3.766126,-3.715632,26.96109,23.27783,-2.142969,-2.361793,7.308941,8088
106.54,141.9118,0,0,-3.675488,-2.986447,-1.573274,44.37581,-2.075489,-1.961811,10.91988,8028
106.56,93.90456,0,0,-4.099456,-2.620732,-24.55038,56.58765,-2.075489,-1.963171,9.536118,8036
106.58,35.60109,0,0,-4.050526,-2.304875,62.18247,59.56636,-2.345409,-2.219203,8.161222,8016
106.6,-28.25607,0,0,-2.172601,-1.14734,69.95347,50.24897,-2.68281,-2.329838,13.36816,8044
106.62,-100.2933,0,0,-0.8485833,-0.1725344,54.24354,33.3898,-3.08769,-2.61366,13.66812,8084
106.64,-117.4641,0,0,-0.05290945,0.3270555,30.73208,12.25251,-3.02021,-2.657648,12.26887,8084
106.66,-89.48734,0,0,0.07806689,0.2518357,-3.237398,-4.126106,-2.68281,-2.485166,9.534692,8084
106.68,-47.10175,0,0,-0.5483668,-0.361935,-38.97787,-10.42785,-2.345409,-2.310895,5.191428,8092
106.7,-116.9561,0,0,-1.672368,-1.348926,-67.95498,-7.076354,-3.357609,-3.239564,-3.957809,8060
106.72,33.7712,0,0,-2.997205,-2.413143,-80.65726,-7.71951,-2.008009,-2.5242,-3.928174,8108
106.74,81.48753,0,0,-4.073921,-3.326288,-37.9397,10.53042,-2.008009,-2.366097,-4.575332,8044
106.76,46.74529,0,0,-3.039673,-2.794222,60.86949,24.9642,-2.412889,-2.372803,2.602583,8028
106.78,24.63176,0,0,-2.306237,-1.96297,41.2817,28.8442,-2.345409,-2.20292,7.382676,8052
106.8,-35.57556,0,0,-1.531837,-1.17274,42.70155,26.6902,-2.68281,-2.371279,8.851278,8048
106.82,-70.52953,0,0,-0.6788253,-0.4708501,33.70918,16.46712,-2.75029,-2.428342,9.94822,8056
106.84,-80.1358,0,0,-0.3144074,-0.1825703,12.07559,4.824472,-2.68281,-2.426907,8.700781,8076
106.86,-88.86174,0,0,-0.3234847,-0.2760613,-11.26793,-4.015285,-2.75029,-2.549102,5.73498,8088
106.88,-49.70723,0,0,-0.870684,-0.7553599,-36.29084,-9.211161,-2.412889,-2.418863,2.852411,8064
106.9,-111.2214,0,0,-1.947863,-1.641533,-63.02368,-5.616337,-3.357609,-3.288562,-5.108809,8056
106.92,43.58195,0,0,-3.519357,-2.791212,-79.34429,-4.596569,-2.008009,-2.588651,-5.56203,8120
106.94,55.21028,0,0,-4.911684,-3.902811,15.49543,16.04931,-2.48037,-2.848443,-8.524716,8012
106.96,73.19078,0,0,-4.233669,-3.611522,18.3962,29.54644,-2.412889,-2.610536,-0.3722728,8056
106.98,37.99755,0,0,-3.674537,-2.959276,12.67101,38.69439,-2.68281,-2.631485,4.071143,8064
107,-16.36092,0,0,-3.050514,-2.244736,61.48018,39.22486,-3.02021,-2.83696,6.257457,8088
107.02,34.15288,0,0,-1.574615,-1.133759,64.24355,29.7682,-2.142969,-2.016769,14.58097,8096
107.04,11.29735,0,0,-0.7899817,-0.3760061,30.70155,25.96454,-2.075489,-1.729284,15.64993,8040
107.06,-24.7312,0,0,-0.6014414,-0.06089133,-5.084725,20.28111,-2.075489,-1.739913,12.78862,8048
107.08,-134.7368,0,0,-0.8677053,-0.2567395,-25.89389,13.35243,-3.08769,-2.693459,4.491167,8024
107.1,-125.2235,0,0,-1.152782,-0.6863075,-10.80992,-1.544898,-3.02021,-2.979814,0.6721756,8096
107.12,-99.5006,0,0,-0.608077,-0.7834585,16.85421,-11.88051,-3.02021,-2.964199,2.052696,8064
107.14,-81.28743,0,0,-0.5909936,-0.9578966,-9.787017,-16.1801,-3.02021,-2.950223,1.721024,8116
107.16,-40.49813,0,0,-1.254439,-1.43925,-39.71069,-15.25982,-2.75029,-2.811836,0.04470026,8116
107.18,-17.70549,0,0,-2.399088,-2.220171,-68.30612,-7.135738,-2.75029,-2.896603,-3.381589,8100
107.2,15.43319,0,0,-3.791727,-3.149468,-80.30613,4.787628,-2.68281,-2.983792,-6.281833,8072
107.22,19.32345,0,0,-6.007558,-4.543925,-12.32137,22.61234,-3.08769,-3.540565,-12.84265,8076
107.24,129.9097,0,0,-4.177649,-3.728788,60.09087,30.42642,-2.075489,-2.418947,4.223,8084
107.26,82.00112,0,0,-3.16111,-2.641747,43.89239,43.6817,-2.412889,-2.211218,10.3425,8032
107.28,2.060791,0,0,-2.587698,-1.732789,40.0756,45.63319,-2.75029,-2.414708,11.05128,8036
107.3,17.60497,0,0,-1.189952,-0.598747,73.49545,34.65011,-2.075489,-1.814144,16.83365,8072
107.32,64.68044,0,0,-0.180396,0.2776627,42.80842,25.72301,-1.13077,-0.8697548,20.6223,8028
107.34,28.62259,0,0,0.2532155,0.7435246,11.57177,22.97109,-1.06329,-0.6374323,18.2077,7980
107.36,-17.75843,0,0,-0.01616836,0.6866003,-24.9626,18.02052,-1.13077,-0.7974655,11.97082,7952
107.38,-116.3438,0,0,-0.7413028,0.0930472,-45.52749,11.9531,-2.075489,-1.793268,1.665489,7956
107.4,-99.35424,0,0,-1.668435,-0.8313686,-2.84045,0.7223158,-2.075489,-2.209561,-4.485097,8024
107.42,16.33493,0,0,-0.4356102,-0.6328033,35.84659,-8.056267,-1.13077,-1.310012,4.50228,8024
107.44,-57.76107,0,0,-0.4217265,-0.6430402,-4.016023,-2.395475,-2.075489,-1.824406,1.563448,7976
107.46,-57.94859,0,0,-1.693988,-1.320166,-73.5275,-2.567116,-2.075489,-2.160064,-4.217715,8032
107.48,5.699615,0,0,-2.992967,-2.294924,-76.01604,1.21842,-1.738089,-2.110161,-6.977197,8032
107.5,9.293694,0,0,-3.085746,-2.630677,49.8924,10.79566,-2.075489,-2.267846,-5.052853,8012
107.52,16.57964,0,0,-2.522063,-2.284804,24.80841,16.1167,-2.075489,-2.145305,0.3103617,8044
107.54,102.1394,0,0,-2.288667,-1.878517,-3.832817,19.72855,-1.06329,-1.239824,6.491645,8048
107.56,84.93942,0,0,-2.459088,-1.695891,-20.93206,31.12066,-1.13077,-1.08579,6.527137,7988
107.58,-54.26579,0,0,-2.608521,-1.59598,-3.329,37.2037,-2.412889,-2.125071,1.318617,7968
107.6,13.93321,0,0,-1.408594,-0.8489348,69.03744,23.86964,-1.40069,-1.430128,8.860916,8032
107.62,-25.6152,0,0,-0.3981224,-0.1717113,43.84659,18.74569,-1.738089,-1.428711,10.3678,7980
107.64,45.1268,0,0,-0.01596519,0.2370913,7.510698,10.0883,-0.6584091,-0.5870061,12.88024,8024
107.66,-71.07523,0,0,-0.2907854,0.09911042,-26.9168,11.96657,-1.805569,-1.407887,5.153398,7948
107.68,-47.93538,0,0,-0.6558192,-0.2030732,-49.31375,2.545514,-1.40069,-1.399783,2.479505,8008
107.7,-20.46959,0,0,-2.171327,-1.302207,-29.34427,2.944742,-1.40069,-1.621264,-4.640553,7984
107.72,-24.6959,0,0,-1.066036,-1.102752,50.42675,3.294051,-1.670609,-1.650922,0.6806445,8000
107.74,-38.93248,0,0,-0.6228485,-0.7775978,13.05269,1.781189,-1.805569,-1.690701,2.486139,8020
107.76,-39.27613,0,0,-1.015133,-0.9016559,-27.34428,0.3069589,-1.805569,-1.780289,0.5153069,8000
107.78,-24.97648,0,0,-1.934956,-1.485623,-53.89391,1.906188,-1.805569,-1.932145,-3.074817,8012
107.8,3.564754,0,0,-2.474496,-1.973784,-18.10763,6.158812,-1.738089,-1.940237,-3.500896,8036
107.82,99.26959,0,0,-1.878087,-1.699007,24.01452,10.49934,-0.7933693,-1.018434,4.618345,8048
107.84,90.76276,0,0,-1.804134,-1.408866,2.167185,22.78005,-0.7933693,-0.7453899,6.430911,7976
107.86,34.44494,0,0,-1.456108,-0.925155,11.90765,28.99964,-1.06329,-0.8609152,7.010044,7960
107.88,-28.23859,0,0,-0.8881447,-0.3783771,33.90766,25.64021,-1.40069,-1.135509,6.826647,7992
107.9,-58.25996,0,0,0.003814787,0.227331,39.51071,14.34227,-1.46817,-1.204219,7.939648,7988
107.92,-72.04257,0,0,0.6170372,0.5998613,25.19009,1.816965,-1.46817,-1.215971,7.522678,8016
107.94,-76.84335,0,0,0.7405106,0.5989946,-1.267931,-8.430174,-1.46817,-1.27394,5.11419,7996
107.96,-34.37147,0,0,0.321503,0.2100949,-26.80992,-14.55535,-1.06329,-1.063783,2.675916,8004
107.98,-107.4917,0,0,-0.5112784,-0.5211203,-43.86337,-11.96995,-2.075489,-1.944223,-4.954263,7972
108,-87.14817,0,0,-1.087641,-1.140362,-14.48931,-15.76358,-2.075489,-2.217028,-6.904386,8028
108.02,36.94311,0,0,-1.119023,-1.396921,-10.48931,-15.80853,-1.06329,-1.39806,-1.460918,8028
108.04,-31.44509,0,0,-1.597458,-1.713196,-30.27558,-1.923061,-2.075489,-2.003356,-4.371678,7988
108.06,59.76135,0,0,-2.050119,-1.869106,-7.66488,1.899627,-1.06329,-1.360637,-0.7663894,8028
108.08,30.28909,0,0,-1.010986,-1.234033,37.93819,10.81982,-1.40069,-1.255967,4.839005,7980
108.1,-4.494759,0,0,-0.6962193,-0.6900522,12.33513,12.6646,-1.46817,-1.266196,5.889005,7976
108.12,-57.76014,0,0,-0.2951393,-0.2651842,34.31987,9.014343,-1.805569,-1.53756,5.174356,8004
108.14,16.96175,0,0,0.2299397,0.13817,22.02979,-0.3524964,-0.7933693,-0.7699422,9.075479,8016
108.16,-79.2461,0,0,0.1529708,0.1097065,-10.07709,0.9259802,-1.805569,-1.449924,3.548009,7944
108.18,-81.6244,0,0,-0.3109636,-0.2115041,-29.0084,-6.660743,-1.738089,-1.683953,-0.1094429,8036
108.2,-65.93215,0,0,-0.1805555,-0.3888605,8.884744,-12.20787,-1.738089,-1.719537,-0.08651134,8016
108.22,-57.3508,0,0,-0.2637737,-0.584196,-11.81755,-14.02465,-1.805569,-1.780667,-0.6298743,8000
108.24,-36.31079,0,0,-0.8526244,-1.007368,-34.67252,-12.64063,-1.738089,-1.808215,-2.377727,8004
108.26,-16.43568,0,0,-1.591278,-1.545021,-27.35954,-7.360006,-1.738089,-1.877765,-4.068664,8016
108.28,-9.767113,0,0,-1.326437,-1.508556,8.85421,-2.360641,-1.805569,-1.843359,-1.024917,8016
108.3,81.48033,0,0,-1.266464,-1.327827,0.09084838,1.570532,-0.7933693,-0.9740061,4.313457,8016
108.32,71.20201,0,0,-0.9307704,-0.9398622,18.67101,12.42844,-0.7933693,-0.6818755,6.982783,7964
108.34,37.82246,0,0,-0.6717192,-0.4803113,12.41146,17.75477,-0.7933693,-0.5973424,7.755911,7952
108.36,-27.17109,0,0,0.09028236,0.1661173,44.77789,15.58637,-1.13077,-0.7928142,8.264928,7956
108.38,-55.36559,0,0,0.5333006,0.5794268,17.58704,6.06798,-1.13077,-0.8658403,7.326857,7960
108.4,-60.56094,0,0,0.7808451,0.7041107,12.73207,-3.988441,-1.06329,-0.8704218,5.73665,7976
108.42,-31.00503,0,0,0.7371982,0.5731813,-5.344268,-11.12849,-0.7258892,-0.6552765,4.433243,7980
108.44,-32.93808,0,0,0.5710751,0.328548,-8.53511,-12.4026,-0.7933693,-0.6970957,2.16862,7972
108.46,-30.52449,0,0,0.2725203,0.04062925,-15.64962,-12.53069,-0.7933693,-0.7545666,0.2035055,7964
108.48,-114.1227,0,0,-0.03012381,-0.2865749,-15.03893,-11.51455,-1.805569,-1.621583,-4.707093,7968
108.5,-96.6194,0,0,-0.1085429,-0.4981022,-3.11526,-18.94873,-1.738089,-1.78691,-4.699378,8004
108.52,-76.21301,0,0,-0.07260754,-0.6648279,-0.9015187,-22.1513,-1.805569,-1.843879,-3.828397,8024
108.54,-54.87881,0,0,-0.337179,-0.9089274,-15.39007,-21.40911,-1.805569,-1.860158,-3.672693,8036
108.56,-23.91797,0,0,-0.8265468,-1.239383,-28.94733,-17.27309,-1.670609,-1.781993,-3.59258,8028
108.58,-11.87717,0,0,-1.510988,-1.659884,-38.27558,-9.339796,-1.738089,-1.860161,-4.55128,8020
108.6,1.726734,0,0,-1.871618,-1.884916,-7.054193,-1.652411,-1.738089,-1.866716,-3.550745,8008
108.62,90.31005,0,0,-1.516119,-1.595797,15.80078,4.043437,-0.7933693,-0.9923728,3.693199,8024
108.64,79.69394,0,0,-1.328786,-1.219866,6.671003,16.18619,-0.7933693,-0.7158442,6.139594,7972
108.66,17.30089,0,0,-1.092026,-0.7706003,13.90765,22.37364,-1.13077,-0.9056817,5.998278,7924
108.68,-14.99975,0,0,-0.3617618,-0.136941,39.49544,17.96892,-1.13077,-0.9001783,7.757485,7968
108.7,-70.08318,0,0,0.5268994,0.4945158,43.26643,9.001507,-1.46817,-1.11656,7.954968,7984
108.72,-88.44192,0,0,0.9997399,0.8171936,20.33513,-4.126155,-1.46817,-1.195913,6.692869,8004
108.74,-89.72407,0,0,0.958558,0.6921621,-3.267931,-14.75972,-1.46817,-1.294616,3.578775,8016
108.76,-74.22144,0,0,0.7775073,0.369493,-7.924421,-21.43397,-1.40069,-1.321782,1.203771,8028
108.78,-66.24448,0,0,0.4987426,-0.01353843,-19.81755,-23.42872,-1.46817,-1.420041,-0.8855193,7988
108.8,-14.26099,0,0,-0.08570678,-0.4986187,-33.42061,-22.13974,-1.06329,-1.179317,-1.664927,8004
108.82,4.426744,0,0,-0.8315418,-1.045122,-36.90153,-13.74931,-1.06329,-1.175228,-3.358461,7976
108.84,12.54363,0,0,-0.9756639,-1.189968,2.380925,-5.64791,-1.06329,-1.131142,-1.913545,7960
108.86,2.919483,0,0,-0.5914761,-0.8969921,20.47253,-0.4397197,-1.13077,-1.076715,1.135984,7964
108.88,-8.670673,0,0,-0.3736672,-0.5820817,12.442,1.346596,-1.13077,-1.033252,2.582013,7984
108.9,-14.17463,0,0,-0.1424332,-0.3062268,13.5107,0.6076494,-1.06329,-0.95463,3.565204,7976
108.92,-23.90379,0,0,0.04146346,-0.1124327,9.144286,-1.062031,-1.06329,-0.9348805,3.655091,7976
108.94,-37.28743,0,0,0.104726,-0.03984513,0.5335966,-3.42083,-1.13077,-1.003633,2.756547,7972
108.96,-33.45684,0,0,0.02132447,-0.1043532,-3.390069,-6.141837,-1.06329,-1.000713,1.774223,7968
108.98,-42.56436,0,0,-0.04825753,-0.2164527,-3.619076,-7.365978,-1.19825,-1.125541,0.5455453,7972
109,-32.91653,0,0,-0.09147858,-0.3083726,-2.641977,-8.93696,-1.13077,-1.10784,0.4029291,7972
109.02,-27.88071,0,0,-0.1023862,-0.3684393,-2.275565,-8.94264,-1.13077,-1.096912,0.4624853,7968
109.04,4.569778,0,0,-0.1288412,-0.3883071,-1.954954,-8.308561,-0.7933693,-0.8170657,1.744664,7980
109.06,3.690056,0,0,-0.1207173,-0.3581723,0.2129859,-4.615764,-0.7933693,-0.7349719,2.116093,7952
109.08,-29.04809,0,0,-0.05501413,-0.2641302,3.129017,-2.463458,-1.06329,-0.9252779,1.447425,7972
109.1,-42.8213,0,0,0.03793075,-0.1684607,3.754972,-4.645188,-1.13077,-1.030124,1.177923,7992
109.12,-36.63573,0,0,0.04802566,-0.1673793,-0.7488468,-7.553276,-1.06329,-1.014765,0.997308,7976
109.14,-32.72846,0,0,0.02192548,-0.223643,-1.695411,-8.794653,-1.06329,-1.018404,0.6642766,7968
109.16,-29.49594,0,0,-0.02383656,-0.2883638,-1.909152,-9.078466,-1.06329,-1.023575,0.4367674,7968
109.18,-27.1327,0,0,-0.03586117,-0.3225479,-0.6114421,-8.882381,-1.06329,-1.021085,0.4904044,7968
109.2,-32.01197,0,0,-0.03001917,-0.3304984,-0.1534266,-8.521379,-1.13077,-1.069445,0.4129065,7968
109.22,-25.63242,0,0,-0.01391824,-0.3191124,0.04504682,-8.809573,-1.06329,-1.022848,0.8009325,7980
109.24,-24.78059,0,0,-0.01974068,-0.3175384,-0.1534266,-8.343198,-1.06329,-1.009799,0.8756455,8000
109.26,-31.4049,0,0,-0.01391126,-0.3084595,0.2282531,-7.968789,-1.13077,-1.059371,0.7184371,7976
109.28,-31.95427,0,0,-0.01085111,-0.3018932,0.1213828,-8.401458,-1.13077,-1.072806,0.7146543,7988
109.3,-25.03127,0,0,-0.01161693,-0.3039119,0.2282531,-8.739349,-1.06329,-1.021833,0.955308,7980
109.32,-24.33332,0,0,-0.01242505,-0.3054608,0.2282531,-8.260612,-1.06329,-1.007212,1.010138,7972
109.34,-31.34245,0,0,0.004865553,-0.2913103,0.1824515,-7.92474,-1.13077,-1.055188,0.8639557,7968
109.36,-26.32328,0,0,0.01568595,-0.2765591,0.2435202,-8.439788,-1.06329,-1.013473,1.087411,7988
109.38,-26.05772,0,0,0.01754136,-0.2743639,-0.1381594,-8.285953,-1.06329,-1.00325,1.07571,7976
109.4,-32.79901,0,0,0.02060406,-0.2722718,0.1977187,-8.172458,-1.13077,-1.055797,0.8124604,7980
109.42,-27.25393,0,0,0.0300619,-0.266421,0.1824515,-8.800493,-1.06329,-1.015145,1.016687,7984
109.44,-26.54074,0,0,0.02786315,-0.2713866,-0.01602192,-8.654079,-1.06329,-1.00506,0.9965938,7992
109.46,-33.04983,0,0,0.036192,-0.2689266,0.09084838,-8.512149,-1.13077,-1.056045,0.7756656,7984
109.48,-27.34583,0,0,0.03080613,-0.2705331,-0.09235785,-9.056296,-1.06329,-1.016856,0.9320008,7992
109.5,-32.49934,0,0,0.03116129,-0.2784174,-0.1228922,-8.848255,-1.13077,-1.060667,0.7084696,7984
109.52,-26.66413,0,0,0.04183096,-0.2730607,0.2282531,-9.251924,-1.06329,-1.015948,0.9715271,7976
109.54,-32.16483,0,0,0.04290655,-0.2754559,0.1061156,-8.941486,-1.13077,-1.058306,0.7590696,7992
109.56,-32.58035,0,0,0.04107003,-0.2764678,0.02977964,-9.285376,-1.13077,-1.070275,0.7218103,7976
109.58,-25.71268,0,0,0.03254379,-0.2843578,0.07558119,-9.526168,-1.06329,-1.019762,0.9270273,7996
109.6,-25.15662,0,0,0.03986523,-0.2822156,0.06031401,-9.008859,-1.06329,-1.003726,1.019995,7984
109.62,-26.1684,0,0,0.034291,-0.2759469,0.06031401,-8.593019,-1.06329,-1.000293,1.012749,7980
109.64,-27.24662,0,0,0.03667826,-0.2663997,0.2282531,-8.427428,-1.06329,-0.9999484,1.006774,7984
109.66,-28.04461,0,0,0.04057842,-0.2587571,0.1213828,-8.440919,-1.06329,-1.000684,0.9841335,7988
109.68,-28.55045,0,0,0.04682373,-0.2532082,0.1213828,-8.551311,-1.06329,-1.001367,0.9621062,7984
109.7,-34.84411,0,0,0.05155135,-0.2535668,0.1824515,-8.697894,-1.13077,-1.05681,0.6912656,7996
109.72,-28.60449,0,0,0.05020177,-0.2584402,0.1824515,-9.422798,-1.06329,-1.018164,0.855561,7988
109.74,-33.24952,0,0,0.04256846,-0.2745034,-0.04655629,-9.257448,-1.13077,-1.062894,0.6039702,7988
109.76,-26.93678,0,0,0.04221085,-0.2787536,0.1061156,-9.604116,-1.06329,-1.01914,0.8451933,7976
109.78,-32.07656,0,0,0.0405545,-0.2850999,0.1366499,-9.195893,-1.13077,-1.060893,0.660852,7988
109.8,-26.33224,0,0,0.03999661,-0.2821175,0.1366499,-9.433721,-1.06329,-1.016831,0.9080221,7972
109.82,-25.78887,0,0,0.02978399,-0.2861781,0.1824515,-8.983149,-1.06329,-1.005752,0.9193768,7988
109.84,-26.48729,0,0,0.03186025,-0.2790983,0.2435202,-8.632021,-1.06329,-1.001974,0.9594495,7996
109.86,-27.36275,0,0,0.03655878,-0.2686791,0.1671843,-8.484472,-1.06329,-1.000861,0.9757907,8004
109.88,-40.17595,0,0,0.05206625,-0.2601528,0.1977187,-8.534475,-1.19825,-1.108923,0.527836,7976
109.9,-34.12794,0,0,0.05716343,-0.2610171,0.06031401,-9.876156,-1.13077,-1.084338,0.6789078,7984
109.92,-25.51591,0,0,0.0483293,-0.2801145,-0.0007547362,-10.12693,-1.06329,-1.02357,0.897983,7980
109.94,-24.62772,0,0,0.04990542,-0.2844739,0.2893218,-9.419426,-1.06329,-1.004551,0.9939395,7988
109.96,-25.90438,0,0,0.06309804,-0.267032,0.07558119,-8.893082,-1.06329,-0.9967801,1.089421,7976
109.98,-33.51448,0,0,0.07021859,-0.2518256,0.07558119,-8.704239,-1.13077,-1.050026,0.8500749,7992
110,-34.36831,0,0,0.07074876,-0.2481495,0.1519171,-9.35617,-1.13077,-1.06674,0.7571738,8004
110.02,-27.37342,0,0,0.06894032,-0.2557603,0.1061156,-9.867472,-1.06329,-1.017676,0.9406785,7996
110.04,-32.56189,0,0,0.07649455,-0.260573,0.01451245,-9.52476,-1.13077,-1.057261,0.7593808,7988
110.06,-33.06083,0,0,0.07971233,-0.2590058,0.1061156,-9.828779,-1.13077,-1.067514,0.7443706,7976
110.08,-26.44679,0,0,0.07830407,-0.2613789,0.09084838,-10.07235,-1.06329,-1.015791,0.9702899,7984
110.1,-32.08863,0,0,0.07957707,-0.2636307,0.1061156,-9.574031,-1.13077,-1.055711,0.7766582,7996
110.12,-26.85863,0,0,0.07944746,-0.257863,0.1213828,-9.805616,-1.06329,-1.012033,0.9930571,7980
110.14,-26.78672,0,0,0.0868744,-0.2513998,0.06031401,-9.453524,-1.06329,-0.9993412,1.042625,8004
110.16,-27.83175,0,0,0.08538967,-0.2442067,0.1671843,-9.210078,-1.06329,-0.9971514,1.015856,7988
110.18,-28.66482,0,0,0.07258763,-0.2455806,-0.03128911,-9.120865,-1.06329,-0.9998881,0.9205624,7988
110.2,-41.05696,0,0,0.06890304,-0.2533287,0.02977964,-9.147576,-1.19825,-1.111344,0.3897885,7976
110.22,-34.53763,0,0,0.07120223,-0.2614287,0.1213828,-10.4171,-1.13077,-1.086634,0.5612084,7984
110.24,-25.61933,0,0,0.05667137,-0.2849586,-0.2602969,-10.5532,-1.06329,-1.025483,0.7945179,7984
110.26,-0.5456028,0,0,0.05552195,-0.278783,0.1213828,-9.704039,-0.7933693,-0.7869869,1.881933,7980
110.28,-153.0914,0,0,0.04760472,-0.322395,0.01451245,-6.734695,-2.48037,-2.090318,-3.997497,7956
110.3,-62.82882,0,0,0.09003795,-0.3334404,2.151918,-20.20475,-1.46817,-1.61861,-0.9695215,8068
110.32,26.10399,0,0,-0.06444971,-0.5404522,-8.703049,-19.54475,-0.7933693,-0.9503621,1.462447,7992
110.34,40.98152,0,0,-0.5128034,-0.7931335,-24.88626,-8.763203,-0.7258892,-0.7520527,1.088934,7960
110.36,27.94107,0,0,-0.9341205,-0.9476978,-13.26794,1.198355,-0.7933693,-0.7870558,0.2609617,7964
110.38,-128.7338,0,0,-0.5890239,-0.7362096,23.52597,5.468951,-2.412889,-2.036985,-3.166021,7940
110.4,36.42268,0,0,-0.091079,-0.3335232,21.19009,-8.829895,-0.4559698,-0.7273539,5.199211,8040
110.42,-40.99869,0,0,0.02444667,-0.2618773,1.70917,-2.208566,-1.46817,-1.194455,2.381996,7924
110.44,62.92578,0,0,-0.04309481,-0.1661241,-2.016023,-5.351195,-0.1185694,-0.2581017,6.053646,8008
110.46,3.978306,0,0,0.08383556,-0.06187916,5.648102,2.6226,-0.7258892,-0.4922515,4.392635,7916
110.48,-109.8858,0,0,0.1175839,0.03417896,6.930545,1.737119,-1.738089,-1.399813,-0.1524304,7948
110.5,3.355385,0,0,0.5037366,0.2473805,19.86185,-11.37569,-0.3884897,-0.522766,4.719913,7996
110.52,-21.77346,0,0,0.516886,0.1924394,-3.267931,-8.812769,-0.7933693,-0.633416,2.835499,7932
110.54,-29.90141,0,0,0.2977669,0.06786473,-9.939689,-9.022737,-0.7933693,-0.7105093,1.126322,7956
110.56,-54.93932,0,0,0.3591842,0.03036374,2.594666,-10.13929,-1.06329,-0.9431971,0.0294261,7960
110.58,-28.54441,0,0,0.2744355,-0.05626805,-2.62671,-13.14445,-0.7933693,-0.8022557,0.2545224,7984
110.6,-21.65237,0,0,0.264793,-0.1243499,-1.680145,-12.41671,-0.7933693,-0.7585242,0.3544457,7948
110.62,-19.79902,0,0,0.100764,-0.2258965,-7.420605,-10.74997,-0.7933693,-0.7639762,-0.1430776,7964
110.64,-18.83837,0,0,0.05824103,-0.2612839,-1.359534,-9.293287,-0.7933693,-0.7613685,-0.001921535,7964
110.66,-18.86566,0,0,0.05277621,-0.2537301,-0.8099151,-8.194725,-0.7933693,-0.7541285,0.2638894,7964
110.68,-109.7628,0,0,0.05940533,-0.2727491,-0.3366328,-7.577683,-1.805569,-1.56858,-3.134698,7976
110.7,-190.0337,0,0,0.06840863,-0.3698303,-0.107625,-16.46925,-2.75029,-2.551614,-6.79977,8024
110.72,-186.4122,0,0,0.03733108,-0.6309909,-2.962588,-30.41603,-3.02021,-3.023056,-7.937804,8084
110.74,-50.72205,0,0,-0.1642643,-1.013646,-12.64198,-38.58027,-2.008009,-2.312047,-4.061743,8096
110.76,-97.53632,0,0,-1.055235,-1.728706,-56.22978,-27.73291,-3.02021,-2.99933,-8.69917,8024
110.78,-158.9198,0,0,-2.443845,-2.679936,-74.61147,-21.16804,-4.03241,-4.115994,-15.17739,8076
110.8,-68.99901,0,0,-3.79993,-3.717033,-22.59618,-18.79349,-3.627529,-4.152925,-15.21057,8140
110.82,4.822021,0,0,-3.309239,-3.721219,22.60994,-9.03026,-3.425089,-3.747055,-6.188107,8112
110.84,-117.4662,0,0,-3.056144,-3.42422,1.785506,4.141275,-4.977129,-4.754424,-5.744248,8104
110.86,-95.51752,0,0,-2.924444,-3.088626,-3.176328,0.1167914,-4.707209,-4.749371,-1.883355,8220
110.88,-186.2756,0,0,-2.60257,-2.867404,18.91528,-1.458075,-5.92185,-5.659363,-2.88679,8188
110.9,47.3159,0,0,-2.128386,-2.490571,16.76261,-12.85742,-3.425089,-3.79608,8.789605,8240
110.92,-333.7404,0,0,-2.160728,-2.561717,-3.252664,2.739629,-7.878769,-6.899918,-5.473074,8132
110.94,-339.695,0,0,-2.281734,-2.677297,-4.412969,-25.05941,-7.811289,-7.708141,-7.180233,8376
110.96,67.98697,0,0,-2.427611,-3.075539,-2.809916,-43.37939,-4.03241,-4.84187,6.542898,8352
110.98,315.2387,0,0,-2.349189,-3.082934,-6.550376,-14.17415,-1.805569,-2.15847,19.1325,8136
111,240.9893,0,0,-3.175021,-2.919719,-49.95496,32.60822,-2.075489,-1.74579,17.80784,8036
111.02,-573.8143,0,0,-4.29108,-3.149219,-47.63436,58.5765,-10.24057,-8.455867,-15.88383,8048
111.04,110.4283,0,0,-4.582723,-3.231159,14.62521,-4.9653,-2.345409,-3.945901,6.917933,8528
111.06,-11.56889,0,0,-3.577075,-3.322525,51.48018,18.93929,-4.977129,-4.629277,6.129159,8048
111.08,-598.1167,0,0,-2.273068,-2.602716,51.99927,18.36448,-11.05033,-9.526797,-9.73605,8232
111.1,-652.0992,0,0,-1.971396,-2.602426,1.205353,-42.55312,-11.65765,-11.36975,-14.96412,8576
111.12,-305.2808,0,0,-2.544826,-3.809423,-36.0313,-86.78699,-9.295849,-10.00542,-9.450535,8608
111.14,-166.133,0,0,-3.301399,-5.140567,-47.35955,-78.57011,-9.295849,-9.569603,-7.228513,8440
111.16,277.8381,0,0,-4.327728,-5.802194,-57.86337,-55.20959,-4.977129,-5.900468,10.63552,8444
111.18,-123.4661,0,0,-5.539497,-6.233797,-61.25268,8.550037,-9.565769,-8.643575,-2.363726,8192
111.2,-294.2393,0,0,-6.492309,-6.254214,-29.42061,13.16902,-10.78041,-10.43478,-7.685406,8468
111.22,-138.5236,0,0,-5.688415,-5.782791,41.96873,-3.105049,-9.295849,-9.528302,3.71173,8548
111.24,395.443,0,0,-4.724299,-4.95069,44.01453,-0.5184791,-3.695009,-4.555393,30.82608,8456
111.26,-155.3264,0,0,-4.600683,-4.38202,-3.237398,54.07208,-9.498289,-7.91231,14.03662,8120
111.28,-296.478,0,0,-5.276468,-4.088694,-26.42825,36.33852,-9.83569,-9.303685,5.97586,8472
111.3,-139.2086,0,0,-5.506214,-4.420074,3.754972,10.89196,-8.35113,-8.564266,7.846236,8492
111.32,-127.9043,0,0,-4.893181,-4.514906,30.94582,8.225013,-8.75601,-8.569855,9.564946,8408
111.34,327.7349,0,0,-4.500737,-4.148511,4.548865,6.995489,-3.695009,-4.394257,29.46913,8424
111.36,191.8275,0,0,-4.924744,-3.994592,-24.04657,53.21886,-4.977129,-4.382964,25.02138,8132
111.38,-263.6824,0,0,-5.018015,-3.533961,-4.672512,70.09521,-8.890968,-7.638722,8.818668,8212
111.4,-196.5177,0,0,-4.674132,-3.170677,27.22063,34.20796,-7.541368,-7.482246,10.0179,8432
111.42,-206.0011,0,0,-3.879654,-3.131737,43.25117,14.6696,-8.081209,-7.813794,9.00341,8364
111.44,-168.7679,0,0,-3.12996,-3.009737,26.3504,-1.414407,-7.878769,-7.654732,10.8918,8388
111.46,-88.20514,0,0,-3.516492,-3.379009,-34.1687,-7.279728,-7.20397,-7.146218,10.30664,8396
111.48,-96.91551,0,0,-4.60191,-4.180843,-58.64199,0.09887028,-7.541368,-7.425591,4.75639,8348
111.5,11.74872,0,0,-5.741785,-4.975442,-49.16108,7.715379,-6.529169,-6.784699,5.048992,8336
111.52,47.23215,0,0,-5.266503,-4.807824,28.213,22.79922,-6.259249,-6.227649,11.20159,8296
111.54,130.3219,0,0,-4.33078,-3.897984,51.77026,33.89605,-4.977129,-4.879899,21.25727,8292
111.56,-19.66571,0,0,-3.105425,-2.670214,57.86186,45.84229,-5.989328,-5.226231,22.15853,8220
111.58,-159.0921,0,0,-2.090629,-1.581267,53.0069,35.24404,-6.664129,-5.869916,19.59068,8252
111.6,-85.86415,0,0,-0.6418856,-0.5698693,67.984,9.703458,-5.314529,-4.903787,24.50775,8300
111.62,-172.4619,0,0,0.4932598,0.06181115,60.2588,-3.558907,-5.989328,-5.18472,21.16377,8232
111.64,-178.7812,0,0,1.043404,0.3394297,15.63284,-22.95132,-5.65193,-5.061482,18.19572,8276
111.66,-93.70059,0,0,0.4194402,-0.1844459,-40.21451,-34.8263,-4.639729,-4.416998,13.90493,8236
111.68,-111.2694,0,0,-0.7403854,-1.191711,-60.01604,-30.75547,-4.977129,-4.719506,5.372661,8192
111.7,-127.2328,0,0,-2.093057,-2.310742,-67.25268,-25.7108,-5.314529,-5.237526,-1.94072,8236
111.72,-124.8994,0,0,-3.348171,-3.394049,-45.71069,-20.06643,-5.65193,-5.746237,-6.700741,8216
111.74,-28.0002,0,0,-2.830897,-3.399774,27.31223,-17.01956,-4.909649,-5.07931,1.502064,8236
111.76,28.21677,0,0,-2.251176,-2.928821,22.86948,-6.726614,-4.36981,-4.311684,8.833061,8180
111.78,102.2924,0,0,-2.323905,-2.530937,5.861843,5.959928,-3.290129,-3.245297,13.66939,8172
111.8,-33.18672,0,0,-2.02655,-2.003881,24.15192,20.83415,-4.36981,-3.820321,11.40008,8108
111.82,-35.18257,0,0,-0.9685462,-1.048447,59.25117,13.92782,-3.762489,-3.399277,15.87237,8168
111.84,-7.414978,0,0,0.2441565,-0.08455986,59.93819,5.426854,-3.02021,-2.617687,20.32527,8140
111.86,4.840195,0,0,0.7455499,0.4712751,17.64811,0.8352928,-2.412889,-1.979761,20.26112,8116
111.88,-63.98853,0,0,0.4524588,0.4309197,-10.01603,-0.4419465,-2.75029,-2.253281,13.2869,8052
111.9,-120.8054,0,0,0.3511899,0.2591506,-0.2144953,-8.026772,-3.08769,-2.699481,7.629734,8084
111.92,-35.50842,0,0,0.4824176,0.1371252,5.220621,-19.0673,-2.075489,-2.02786,8.743219,8084
111.94,-53.33732,0,0,0.2874503,-0.1524071,-10.13816,-17.24426,-2.345409,-2.119073,5.445789,8028
111.96,-58.57066,0,0,-0.105775,-0.4752256,-19.1,-16.63996,-2.345409,-2.21128,2.678643,8068
111.98,-90.46858,0,0,-0.4987289,-0.8354764,-19.93969,-15.59164,-2.75029,-2.613514,-0.7277156,8052
112,-81.06485,0,0,-0.6692942,-1.078032,-5.252665,-17.50997,-2.75029,-2.721851,-1.205121,8060
112.02,-55.24304,0,0,-0.5885922,-1.14358,2.823674,-17.95368,-2.61533,-2.597882,0.4200236,8068
112.04,-57.87624,0,0,-0.7833935,-1.269345,-9.939689,-15.07324,-2.75029,-2.680009,0.009455204,8072
112.06,-51.75334,0,0,-1.081016,-1.438137,-16.27557,-12.53534,-2.75029,-2.723112,-0.3570883,8088
112.08,-42.82516,0,0,-1.389873,-1.628655,-12.2603,-9.290677,-2.75029,-2.750972,-0.5398774,8072
112.1,-66.33577,0,0,-1.358119,-1.638863,2.30459,-6.263821,-3.08769,-2.993038,-0.3238692,8056
112.12,-27.32331,0,0,-1.311418,-1.564492,2.701536,-6.707214,-2.68281,-2.703195,2.158277,8080
112.14,-23.77885,0,0,-1.215104,-1.457798,4.68627,-3.344249,-2.68281,-2.598605,3.420652,8084
112.16,-36.25588,0,0,-1.159634,-1.330973,1.678635,-0.9419013,-2.75029,-2.617209,3.761209,8076
112.18,-43.34119,0,0,-1.118831,-1.229205,2.747338,-0.764476,-2.75029,-2.625416,3.856308,8084
112.2,-41.88315,0,0,-1.001546,-1.123697,7.617569,-1.723893,-2.68281,-2.566425,4.334931,8096
112.22,-45.77259,0,0,-0.8874404,-1.033803,4.991613,-2.576216,-2.68281,-2.546537,4.441657,8056
112.24,-49.44579,0,0,-0.8850262,-1.014851,0.5641309,-3.581662,-2.68281,-2.55526,3.959553,8076
112.26,-45.2023,0,0,-0.8716623,-1.017032,0.3961921,-4.665145,-2.61533,-2.510623,3.833612,8080
112.28,-57.88372,0,0,-0.8705942,-1.038438,0.304589,-4.975031,-2.75029,-2.613764,3.061637,8060
112.3,-58.3644,0,0,-0.8762705,-1.06486,0.4419934,-6.443349,-2.75029,-2.646266,2.749288,8068
112.32,-49.96949,0,0,-0.8675244,-1.091383,-0.3213652,-7.48004,-2.68281,-2.599353,2.896997,8076
112.34,-54.05013,0,0,-0.8583884,-1.110164,0.6710012,-7.343449,-2.75029,-2.638278,2.700256,8068
112.36,-53.8933,0,0,-0.8548635,-1.116392,0.1519171,-7.66839,-2.75029,-2.647185,2.696109,8060
112.38,-41.04251,0,0,-0.8483396,-1.114322,0.09084838,-7.872506,-2.61533,-2.538331,3.216115,8068
112.4,-52.98769,0,0,-0.8544505,-1.116801,-0.04655629,-6.70383,-2.75029,-2.618531,2.78754,8064
112.42,-54.96847,0,0,-0.8596293,-1.110851,0.2740546,-7.11877,-2.75029,-2.641948,2.704951,8064
112.44,-48.30524,0,0,-0.8527301,-1.109687,-0.04655629,-7.611135,-2.68281,-2.593108,2.945195,8072
112.46,-53.61892,0,0,-0.8471627,-1.112047,0.2282531,-7.287006,-2.75029,-2.633456,2.756003,8072
112.48,-54.03068,0,0,-0.8542383,-1.115618,0.1977187,-7.588226,-2.75029,-2.645618,2.697661,8084
112.5,-53.41668,0,0,-0.8345933,-1.111063,0.5030622,-7.8841,-2.75029,-2.64554,2.782169,8068
112.52,-52.76009,0,0,-0.84839,-1.121122,0.1213828,-7.982213,-2.75029,-2.64746,2.726992,8084
112.54,-52.17669,0,0,-0.8494741,-1.126678,-0.1228922,-7.974187,-2.75029,-2.647046,2.752176,8080
112.56,-81.91707,0,0,-0.8435983,-1.139495,0.1061156,-7.954754,-3.08769,-2.918526,1.60569,8064
112.58,-50.17358,0,0,-0.8471522,-1.152488,0.1213828,-10.90589,-2.75029,-2.71805,2.680305,8088
112.6,-61.88967,0,0,-0.8499016,-1.191146,-0.1534266,-9.66454,-2.95273,-2.822642,2.211855,8088
112.62,-43.29533,0,0,-0.926262,-1.22841,-3.466405,-9.775696,-2.75029,-2.693174,2.733801,8088
112.64,-35.18515,0,0,-0.9287145,-1.229331,0.5030622,-7.939191,-2.68281,-2.596769,3.284014,8076
112.66,-37.96618,0,0,-0.9245403,-1.192254,-0.3977011,-5.904571,-2.68281,-2.567216,3.512805,8076
112.68,-48.91956,0,0,-0.8850249,-1.12852,2.182452,-4.96031,-2.75029,-2.610949,3.448136,8072
112.7,-76.96255,0,0,-0.8607809,-1.094921,1.632834,-5.556705,-3.02021,-2.845276,2.391558,8072
112.72,-52.63663,0,0,-0.8714998,-1.105768,-0.3060985,-8.751528,-2.75029,-2.697664,2.98263,8068
112.74,-46.97968,0,0,-0.8941866,-1.155743,-1.359534,-8.35146,-2.75029,-2.659587,2.942821,8068
112.76,-34.20353,0,0,-0.9504492,-1.190575,-1.130526,-7.324007,-2.61533,-2.544127,3.292258,8072
112.78,-47.46795,0,0,-0.9412358,-1.17958,-0.03128911,-5.370765,-2.75029,-2.617114,3.02827,8056
112.8,-51.12726,0,0,-0.9372402,-1.151731,0.9916119,-5.426795,-2.75029,-2.637679,3.003239,8072
112.82,-40.06565,0,0,-0.8979965,-1.116667,1.602299,-5.942383,-2.61533,-2.530792,3.577059,8072
112.84,-52.77538,0,0,-0.9069165,-1.114219,-0.2450293,-5.167554,-2.75029,-2.615995,3.014173,8060
112.86,-54.8766,0,0,-0.9006156,-1.107008,0.6404669,-5.956991,-2.75029,-2.641258,2.884026,8068
112.88,-48.05453,0,0,-0.8962376,-1.112994,-0.09235785,-6.705146,-2.68281,-2.594643,3.040359,8080
112.9,-53.10722,0,0,-0.8885205,-1.121062,0.2893218,-6.539143,-2.75029,-2.635639,2.819211,8064
112.92,-53.35661,0,0,-0.8890628,-1.125646,-0.01602192,-6.935675,-2.75029,-2.647035,2.766407,8064
112.94,-46.47449,0,0,-0.8940033,-1.13372,-0.0007547362,-7.203559,-2.68281,-2.595855,2.974041,8080
112.96,-51.876,0,0,-0.8982302,-1.141458,0.09084838,-6.676799,-2.75029,-2.636236,2.766318,8068
112.98,-40.46666,0,0,-0.8996846,-1.135011,0.07558119,-6.85308,-2.61533,-2.537539,3.236151,8080
113,-52.5472,0,0,-0.9061075,-1.136539,0.02977964,-5.812541,-2.75029,-2.621039,2.791711,8080
113.02,-48.37174,0,0,-0.9028705,-1.12473,0.04504682,-6.344281,-2.68281,-2.589515,2.978888,8060
113.04,-53.87182,0,0,-0.9005716,-1.127162,0.07558119,-6.293161,-2.75029,-2.636212,2.737612,8068
113.06,-53.73887,0,0,-0.9176162,-1.140771,0.2587874,-6.767406,-2.75029,-2.651774,2.622365,8096
113.08,-52.32702,0,0,-0.9178374,-1.153521,0.1824515,-7.064142,-2.75029,-2.654618,2.642095,8072
113.1,-51.06536,0,0,-0.922394,-1.164547,0.02977964,-7.101116,-2.75029,-2.654008,2.678565,8072
113.12,-44.45029,0,0,-0.9010687,-1.153545,0.2435202,-7.046826,-2.68281,-2.593904,3.078172,8076
113.14,-50.59892,0,0,-0.9168047,-1.155206,-0.01602192,-6.307121,-2.75029,-2.634312,2.83581,8068
113.16,-51.71428,0,0,-0.9200471,-1.150368,0.04504682,-6.426719,-2.75029,-2.645942,2.812951,8068
113.18,-45.47356,0,0,-0.916531,-1.146211,0.1977187,-6.624659,-2.68281,-2.594017,3.066595,8068
113.2,-51.44595,0,0,-0.9040995,-1.139232,0.1671843,-6.167331,-2.75029,-2.632751,2.910925,8072
113.22,-52.43583,0,0,-0.9091056,-1.1364,0.02977964,-6.455823,-2.75029,-2.645133,2.840533,8064
113.24,-51.99648,0,0,-0.9106143,-1.141408,0.09084838,-6.74523,-2.75029,-2.649223,2.808078,8076
113.26,-51.20029,0,0,-0.9242981,-1.155226,0.1671843,-6.853533,-2.75029,-2.651894,2.753595,8068
113.28,-50.52597,0,0,-0.9201514,-1.159394,0.2282531,-6.851347,-2.75029,-2.650513,2.807367,8060
113.3,-50.15328,0,0,-0.923988,-1.162528,0.1061156,-6.76909,-2.75029,-2.649636,2.828419,8068
113.32,-50.01781,0,0,-0.9212147,-1.160536,0.1061156,-6.682858,-2.75029,-2.64814,2.875163,8060
113.34,-50.04235,0,0,-0.920976,-1.158073,0.1061156,-6.612885,-2.75029,-2.647353,2.898687,8068
113.36,-50.11286,0,0,-0.9212456,-1.156114,0.04504682,-6.568776,-2.75029,-2.647091,2.910231,8060
113.38,-50.18018,0,0,-0.9206327,-1.154326,0.07558119,-6.548891,-2.75029,-2.646935,2.919139,8064
113.4,-50.17318,0,0,-0.9273353,-1.157076,-0.03128911,-6.524366,-2.75029,-2.64795,2.893374,8072
113.42,-50.11309,0,0,-0.9268634,-1.157482,0.1061156,-6.507555,-2.75029,-2.647889,2.903945,8076
113.44,-44.15901,0,0,-0.9165123,-1.14863,0.06031401,-6.512796,-2.68281,-2.59146,3.195186,8060
113.46,-44.61629,0,0,-0.9164035,-1.140986,-0.04655629,-5.917329,-2.68281,-2.576693,3.215616,8076
113.48,-52.15305,0,0,-0.9321522,-1.140791,0.09084838,-5.532137,-2.75029,-2.631233,2.878121,8064
113.5,-53.01748,0,0,-0.9316394,-1.139884,0.04504682,-6.040109,-2.75029,-2.647258,2.806928,8076
113.52,-52.22704,0,0,-0.9238411,-1.143845,0.1824515,-6.488415,-2.75029,-2.650818,2.804971,8096
113.54,-51.34572,0,0,-0.91781,-1.148534,0.1671843,-6.722569,-2.75029,-2.650478,2.825632,8084
113.56,-38.64218,0,0,-0.9266557,-1.152495,0.04504682,-6.750533,-2.61533,-2.541614,3.28369,8084
113.58,-50.79333,0,0,-0.9317621,-1.154126,0.1061156,-5.479916,-2.75029,-2.621351,2.868681,8068
113.6,-53.07175,0,0,-0.9253685,-1.139937,0.2740546,-5.880395,-2.75029,-2.642971,2.835142,8056
113.62,-46.64403,0,0,-0.92633,-1.139935,0.1671843,-6.374457,-2.68281,-2.595576,3.024089,8080
113.64,-51.88068,0,0,-0.9372368,-1.152167,-0.06182348,-6.028945,-2.75029,-2.638979,2.756524,8056
113.66,-52.20306,0,0,-0.9279555,-1.150105,0.1824515,-6.350083,-2.75029,-2.648834,2.780007,8064
113.68,-45.54191,0,0,-0.9224648,-1.148543,0.3198562,-6.606555,-2.68281,-2.595734,3.043756,8068
113.7,-51.23229,0,0,-0.9207454,-1.149156,0.304589,-6.11476,-2.75029,-2.635406,2.850759,8064
113.72,-52.131,0,0,-0.911162,-1.140392,0.2740546,-6.389543,-2.75029,-2.645114,2.862157,8060
113.74,-51.88816,0,0,-0.9023322,-1.137002,0.1366499,-6.691619,-2.75029,-2.647136,2.873396,8072
113.76,-51.40174,0,0,-0.9080732,-1.143469,0.02977964,-6.853658,-2.75029,-2.648857,2.833771,8064
113.78,-50.8789,0,0,-0.9138954,-1.151446,0.1213828,-6.893718,-2.75029,-2.649648,2.817334,8068
113.8,-44.49712,0,0,-0.9124463,-1.151056,0.09084838,-6.862247,-2.68281,-2.593998,3.089073,8064
113.82,-44.70432,0,0,-0.9064747,-1.142507,0.1061156,-6.212052,-2.68281,-2.577514,3.165156,8060
113.84,-52.41516,0,0,-0.8968779,-1.126723,0.1824515,-5.836033,-2.75029,-2.62744,2.952366,8068
113.86,-47.65617,0,0,-0.8959566,-1.116828,0.1213828,-6.368562,-2.68281,-2.588554,3.103756,8068
113.88,-53.30248,0,0,-0.9044714,-1.125761,0.1213828,-6.228256,-2.75029,-2.635398,2.794787,8060
113.9,-47.59616,0,0,-0.8905543,-1.120554,0.1824515,-6.735909,-2.68281,-2.591718,3.038042,8076
113.92,-47.11629,0,0,-0.8853212,-1.119604,0.1824515,-6.513409,-2.68281,-2.579482,3.05838,8072
113.94,-47.87805,0,0,-0.8838047,-1.114685,0.2129859,-6.321425,-2.68281,-2.576683,3.041544,8056
113.96,-48.67213,0,0,-0.8841964,-1.110653,0.1366499,-6.27166,-2.68281,-2.577204,2.999201,8072
113.98,-49.19968,0,0,-0.8827845,-1.10823,0.1519171,-6.324675,-2.68281,-2.578343,2.959622,8096
114,-49.51376,0,0,-0.8766499,-1.105226,0.1977187,-6.431779,-2.68281,-2.578737,2.942419,8068
114.02,-55.72367,0,0,-0.8709446,-1.105832,0.1977187,-6.558497,-2.75029,-2.633633,2.683884,8072
114.04,-49.47429,0,0,-0.8723849,-1.110461,0.04504682,-7.261292,-2.68281,-2.594709,2.853805,8076
114.06,-54.30016,0,0,-0.860455,-1.115165,0.07558119,-7.134923,-2.75029,-2.636432,2.686406,8060
114.08,-54.3056,0,0,-0.8572463,-1.11666,0.1366499,-7.546354,-2.75029,-2.647003,2.677442,8068
114.1,-47.33601,0,0,-0.8554245,-1.119721,0.1061156,-7.819319,-2.68281,-2.594345,2.932537,8076
114.12,-52.80592,0,0,-0.8530765,-1.121797,0.07558119,-7.30723,-2.75029,-2.633464,2.758187,8064
114.14,-53.36206,0,0,-0.8727831,-1.12939,0.1671843,-7.463696,-2.75029,-2.646925,2.664404,8072
114.16,-46.59406,0,0,-0.8772827,-1.134714,0.1519171,-7.602455,-2.68281,-2.595543,2.911932,8064
114.18,-52.15182,0,0,-0.8739229,-1.135092,0.1213828,-7.02318,-2.75029,-2.634439,2.759409,8060
114.2,-52.92168,0,0,-0.8772785,-1.131875,0.09084838,-7.189976,-2.75029,-2.645342,2.742244,8060
114.22,-46.45128,0,0,-0.879149,-1.13182,0.04504682,-7.368682,-2.68281,-2.593716,2.983375,8076
114.24,-52.05878,0,0,-0.8919944,-1.140014,0.06031401,-6.803046,-2.75029,-2.635716,2.74085,8064
114.26,-46.6317,0,0,-0.8989044,-1.139212,0.09084838,-6.964995,-2.68281,-2.592942,2.951848,8068
114.28,-46.33264,0,0,-0.8985757,-1.137328,0.1671843,-6.524663,-2.68281,-2.580723,3.000949,8072
114.3,-47.18226,0,0,-0.9050701,-1.133069,0.04504682,-6.183483,-2.68281,-2.578543,2.986135,8044
114.32,-48.088,0,0,-0.8966296,-1.121983,0.1824515,-6.067359,-2.68281,-2.577399,3.009883,8084
114.34,-54.81123,0,0,-0.8928111,-1.117335,0.2129859,-6.102854,-2.75029,-2.632626,2.746694,8080
114.36,-48.84948,0,0,-0.8975146,-1.120659,0.1213828,-6.789686,-2.68281,-2.594816,2.894645,8052
114.38,-41.66607,0,0,-0.8977196,-1.12576,0.07558119,-6.636085,-2.61533,-2.529498,3.151803,8056
114.4,-48.11373,0,0,-0.9034987,-1.126435,0.1824515,-5.79486,-2.68281,-2.566903,2.929706,8092
114.42,-55.75302,0,0,-0.904204,-1.121464,0.09084838,-5.890989,-2.75029,-2.632709,2.643834,8060
114.44,-55.58935,0,0,-0.9021916,-1.125374,0.1977187,-6.735878,-2.75029,-2.651218,2.584447,8080
114.46,-41.70347,0,0,-0.9053308,-1.135938,0.2587874,-7.259706,-2.61533,-2.546597,3.050121,8084
114.48,-46.71191,0,0,-0.8947674,-1.135392,0.1366499,-6.234838,-2.68281,-2.569384,2.961381,8072
114.5,-48.59133,0,0,-0.8936675,-1.122021,0.1824515,-6.06202,-2.68281,-2.575708,2.957462,8068
114.52,-49.42076,0,0,-0.8824072,-1.109177,0.2893218,-6.173664,-2.68281,-2.577214,2.968771,8064
114.54,-55.75267,0,0,-0.8844639,-1.110662,0.2435202,-6.33754,-2.75029,-2.634276,2.66849,8068
114.56,-55.39119,0,0,-0.8885494,-1.120691,0.04504682,-7.075908,-2.75029,-2.651055,2.58601,8068
114.58,-53.58482,0,0,-0.8937627,-1.138835,0.2129859,-7.513008,-2.75029,-2.655273,2.568666,8072
114.6,-52.0162,0,0,-0.8892379,-1.148854,0.1977187,-7.626957,-2.75029,-2.653316,2.645934,8060
114.62,-51.0425,0,0,-0.8960066,-1.156996,0.1213828,-7.520961,-2.75029,-2.65162,2.68907,8064
114.64,-50.54961,0,0,-0.8972326,-1.15827,0.1519171,-7.344756,-2.75029,-2.649436,2.757889,8064
114.66,-44.45556,0,0,-0.8910047,-1.149047,0.1671843,-7.187697,-2.68281,-2.591982,3.084392,8060
114.68,-50.96308,0,0,-0.8862255,-1.138762,0.1061156,-6.488923,-2.75029,-2.630241,2.923096,8076
114.7,-52.45653,0,0,-0.8840098,-1.127151,0.01451245,-6.69198,-2.75029,-2.641595,2.892196,8060
114.72,-52.3541,0,0,-0.8920621,-1.131381,0.1824515,-6.960451,-2.75029,-2.647111,2.820037,8072
114.74,-51.76761,0,0,-0.8951129,-1.138917,0.1366499,-7.118969,-2.75029,-2.648931,2.799525,8076
114.76,-45.19598,0,0,-0.8972328,-1.142186,0.1366499,-7.150262,-2.68281,-2.59423,3.047215,8076
114.78,-57.17782,0,0,-0.8962117,-1.144511,0.06031401,-6.51984,-2.81777,-2.687884,2.623041,8080
114.8,-45.94032,0,0,-0.8964904,-1.138332,0.06031401,-7.298409,-2.68281,-2.604206,3.050841,8072
114.82,-44.78028,0,0,-0.8956378,-1.139624,0.07558119,-6.684434,-2.68281,-2.580964,3.114411,8072
114.84,-46.14641,0,0,-0.8869885,-1.124893,0.1366499,-6.181598,-2.68281,-2.573576,3.16335,8068
114.86,-53.81104,0,0,-0.8802509,-1.111481,0.1671843,-6.015571,-2.75029,-2.627231,2.905339,8084
114.88,-48.6559,0,0,-0.8823566,-1.107516,0.02977964,-6.674131,-2.68281,-2.589855,3.031631,8088
114.9,-47.92537,0,0,-0.8886439,-1.11632,0.07558119,-6.575539,-2.68281,-2.581568,2.979491,8088
114.92,-48.24761,0,0,-0.8850824,-1.115872,0.1366499,-6.442843,-2.68281,-2.578863,2.978031,8076
114.94,-48.72546,0,0,-0.8873171,-1.115199,0.06031401,-6.381193,-2.68281,-2.57904,2.943331,8060
114.96,-55.01054,0,0,-0.8953561,-1.121801,0.06031401,-6.372671,-2.75029,-2.63561,2.64258,8072
114.98,35.30373,0,0,-0.8913417,-1.082841,0.02977964,-6.919341,-1.738089,-1.829804,6.23571,8060
115,31.95534,0,0,-0.8945253,-1.014216,0.04504682,1.851113,-1.738089,-1.612905,6.649428,8012
115.02,-110.8651,0,0,-0.8507251,-0.8874689,4.808407,7.082108,-3.08769,-2.657483,1.73177,8016
115.04,-8.085197,0,0,-0.4195011,-0.5607257,26.47253,-5.020749,-1.738089,-1.811071,6.915022,8084
115.06,-4.846031,0,0,0.02221258,-0.3063435,17.5565,-4.045818,-1.738089,-1.547199,8.119582,7988
115.08,-27.71428,0,0,-0.1833005,-0.311138,-9.359536,-2.606209,-1.805569,-1.603672,5.677171,8044
115.1,-34.18661,0,0,-0.174587,-0.3039045,3.358025,-3.988464,-1.738089,-1.591226,4.724597,8024
115.12,43.46941,0,0,-0.08665472,-0.2417144,3.388559,-5.735322,-0.7933693,-0.8299359,7.457315,8020
115.14,34.91553,0,0,-0.08301137,-0.1915329,0.6557342,0.918752,-0.7933693,-0.6433613,6.963097,7952
115.16,-163.4229,0,0,0.001796534,-0.1151869,4.41146,4.043135,-2.75029,-2.19509,-0.6646149,7948
115.18,-151.8584,0,0,0.22767,-0.04351054,17.44963,-14.5933,-2.48037,-2.398557,-0.9547666,8076
115.2,-4.950478,0,0,0.6260927,-0.02183664,16.90001,-26.86383,-1.13077,-1.31216,4.588172,8032
115.22,43.66444,0,0,0.2689067,-0.287858,-17.55801,-19.15521,-0.7933693,-0.7962689,4.537082,7996
115.24,-49.12566,0,0,-0.269156,-0.5787273,-30.22977,-7.584223,-1.738089,-1.490036,-0.6270477,7976
115.26,-62.98281,0,0,-0.8342627,-0.8945687,-20.62671,-7.583081,-1.805569,-1.801165,-3.168221,8016
115.28,36.62983,0,0,-0.2907082,-0.6792818,28.88475,-10.28625,-0.7933693,-0.9494282,3.576514,7992
115.3,-47.75673,0,0,-0.05986991,-0.4765095,6.121385,-2.812504,-1.738089,-1.446733,1.965239,7948
115.32,-65.10243,0,0,-0.1495068,-0.3897116,-1.970221,-6.199478,-1.738089,-1.616972,0.9252338,7996
115.34,-69.52702,0,0,0.07747135,-0.2983868,13.5565,-10.88671,-1.805569,-1.696471,1.179334,8008
115.36,-58.54272,0,0,0.119858,-0.31359,-1.832817,-14.60661,-1.738089,-1.666612,1.166104,8012
115.38,-27.52284,0,0,-0.005405838,-0.4289633,-5.252665,-15.59509,-1.46817,-1.459249,1.461812,7892
115.4,-16.83609,0,0,-0.1105527,-0.5234672,-6.275566,-12.77109,-1.40069,-1.354214,1.559416,8004
115.42,-18.33996,0,0,-0.2512266,-0.5865784,-7.252666,-9.378123,-1.40069,-1.337296,1.305718,8012
115.44,-135.8369,0,0,-0.2973503,-0.6395407,-1.084725,-7.232605,-2.68281,-2.372035,-3.186774,7992
115.46,-139.3703,0,0,-0.2388111,-0.6791687,2.930544,-17.84279,-2.75029,-2.694108,-3.561424,8088
115.48,7.780079,0,0,-0.2334548,-0.8001312,0.7473372,-25.14291,-1.40069,-1.66866,1.620044,8056
115.5,-32.09515,0,0,-0.3686301,-0.9593233,-7.893886,-14.74657,-2.075489,-1.925695,0.2034854,8004
115.52,-15.60139,0,0,-0.6823507,-1.047423,-20.48931,-10.88799,-1.805569,-1.801771,0.5989558,8036
115.54,-34.28995,0,0,-1.3318,-1.380185,-32.50459,-4.818599,-2.075489,-2.063089,-2.103405,8024
115.56,-88.71735,0,0,-1.413127,-1.499326,6.991614,-2.366812,-2.75029,-2.653175,-3.571747,8028
115.58,-52.00466,0,0,-1.006803,-1.300426,21.31223,-7.29064,-2.412889,-2.447607,0.2677145,8068
115.6,-34.51185,0,0,-0.9436265,-1.231434,-2.321366,-7.09243,-2.345409,-2.317731,1.577987,8044
115.62,-31.38892,0,0,-1.046218,-1.243568,-3.92442,-4.924028,-2.345409,-2.29087,1.737879,8052
115.64,-8.371964,0,0,-0.9805954,-1.162141,3.052681,-3.313168,-2.075489,-2.04672,3.453894,8044
115.66,-66.74078,0,0,-0.9217995,-1.081016,2.472528,-0.1581342,-2.68281,-2.464535,1.843436,8032
115.68,-43.95481,0,0,-0.8046945,-0.9611496,6.884743,-4.289784,-2.345409,-2.295871,3.173674,8068
115.7,-107.0162,0,0,-0.6974211,-0.9353616,2.548864,-5.150082,-3.08769,-2.844715,0.8209141,8036
115.72,-128.9031,0,0,-0.7333191,-1.015639,-0.6114421,-12.0415,-3.357609,-3.224443,-0.8548007,8088
115.74,-141.246,0,0,-0.7603041,-1.199872,-2.443504,-18.7737,-3.695009,-3.595438,-2.240564,8100
115.76,-237.2896,0,0,-0.9192526,-1.531221,-10.82519,-24.11543,-5.044609,-4.787013,-7.254175,8112
115.78,-197.6946,0,0,-1.205358,-1.965094,-15.08473,-36.4572,-4.977129,-5.051463,-7.510961,8216
115.8,-145.2876,0,0,-1.431519,-2.419052,-30.67252,-39.8632,-4.977129,-5.078732,-6.188233,8188
115.82,-182.4952,0,0,-2.545765,-3.264569,-61.95498,-33.61076,-5.92185,-5.926016,-11.09452,8200
115.84,-48.20998,0,0,-4.020501,-4.291615,-65.74123,-28.65822,-4.977129,-5.480835,-9.869744,8256
115.86,-127.8016,0,0,-5.042071,-5.139214,-29.1916,-8.62989,-6.529169,-6.597366,-13.34833,8220
115.88,-241.3752,0,0,-4.61764,-5.023375,15.09849,-4.302635,-8.081209,-7.932683,-11.46145,8292
115.9,-210.8446,0,0,-4.188298,-4.731016,28.15193,-14.11368,-8.081209,-8.138468,-5.85076,8380
115.92,111.6792,0,0,-3.537766,-4.232753,27.05269,-19.16302,-4.909649,-5.461643,11.59458,8400
115.94,-319.5612,0,0,-3.217004,-3.910912,7.342759,8.605659,-9.83569,-8.650796,-0.9143262,8188
115.96,76.64793,0,0,-3.747995,-3.735963,-39.83283,-14.72009,-4.977129,-5.681088,12.85145,8492
115.98,235.7464,0,0,-4.534237,-4.130693,-34.26031,12.09437,-3.695009,-3.92907,16.96567,8216
116,-459.9392,0,0,-4.91565,-4.279947,-16.53511,46.61208,-11.05033,-9.437716,-8.451727,8140
116.02,-72.48807,0,0,-4.881785,-4.062136,5.113751,-0.3939476,-6.259249,-7.05542,5.907614,8576
116.04,233.5784,0,0,-4.402137,-4.059027,27.09849,6.31519,-3.762489,-4.276714,19.29117,8288
116.06,-11.80649,0,0,-3.809829,-3.511284,25.14429,39.88564,-6.259249,-5.436635,15.31352,8148
116.08,-539.4834,0,0,-3.445838,-2.959746,9.403829,35.7345,-11.25277,-9.820229,-3.275467,8280
116.1,-94.83192,0,0,-3.480184,-2.991217,2.258788,-20.10608,-6.259249,-7.054635,9.319369,8600
116.12,-427.6927,0,0,-3.278268,-3.660307,9.785508,-13.30764,-11.05033,-10.13503,-5.629407,8276
116.14,-412.2858,0,0,-3.180433,-3.996498,3.144284,-42.48722,-11.05033,-10.9092,-6.140841,8540
116.16,-331.3561,0,0,-3.16944,-4.562022,-2.932054,-60.26299,-11.05033,-11.04364,-4.602794,8564
116.18,281.6115,0,0,-3.52184,-4.928869,-32.9168,-62.14259,-4.977129,-6.100799,18.84951,8552
116.2,-386.9239,0,0,-4.852557,-5.73549,-77.60383,1.808741,-12.80481,-11.1932,-7.929974,8212
116.22,-362.2068,0,0,-6.391645,-6.331963,-68.32139,-18.53595,-11.92757,-12.02535,-10.82496,8656
116.24,-211.6764,0,0,-7.252939,-7.304435,-24.45878,-26.87167,-11.32025,-11.75579,-7.968575,8596
116.26,-161.144,0,0,-7.287035,-7.722589,-5.939688,-16.7165,-11.65765,-11.77361,-2.673011,8564
116.28,-70.6171,0,0,-7.597257,-7.81624,-33.22214,-3.708796,-11.05033,-11.1866,4.11832,8608
116.3,-76.75977,0,0,-8.178387,-7.900886,-28.1687,15.79676,-11.32025,-11.22944,6.007936,8560
116.32,-127.6604,0,0,-8.357476,-7.739848,8.518332,28.68967,-11.86009,-11.62923,7.338178,8592
116.34,-61.37857,0,0,-7.271995,-6.855843,62.8695,29.14376,-10.98285,-10.82439,17.49549,8624
116.36,-14.1265,0,0,-5.826683,-5.608958,72.35042,31.87316,-10.17309,-9.768407,27.11304,8556
116.38,392.1612,0,0,-4.599971,-4.139581,64.67103,35.04797,-4.977129,-5.199846,48.84077,8508
116.4,-137.3827,0,0,-3.350339,-2.753747,62.71683,73.7682,-9.83569,-7.888987,34.18833,8208
116.42,-377.5919,0,0,-2.575903,-1.613275,42.59468,43.14905,-10.78041,-9.537992,24.06603,8476
116.44,-294.2806,0,0,-1.738932,-1.325638,40.41147,-4.282896,-9.565769,-9.108662,22.21796,8536
116.46,-157.3838,0,0,-1.131065,-1.531597,30.36567,-29.20716,-8.35113,-8.047396,22.73261,8468
116.48,-128.5005,0,0,-1.270039,-1.994943,-20.59618,-31.51924,-8.148689,-7.683805,18.94831,8408
116.5,-252.0133,0,0,11.75202,5.043385,19.42608,-66.36867,-8.148689,-5.704704,69.74187,8392
116.52,-256.4286,0,0,9.437359,5.922329,-56.44352,-98.18688,-6.259249,-4.656281,47.74086,6152
116.54,-392.5002,0,0,5.678372,3.570798,503.5726,-109.8826,-7.20397,-6.096039,13.89938,8288
116.56,-434.0907,0,0,4.577499,1.688046,-1.558007,-127.6334,-7.811289,-7.185812,-0.3008938,6152
116.58,-238.7821,0,0,3.576248,0.1333217,-34.04657,-140.0636,-6.259249,-6.301235,-1.321115,8364
116.6,-198.4167,0,0,1.57769,-1.663003,-75.6191,-122.4484,-6.596649,-6.504013,-8.561905,8292
116.62,-284.9423,0,0,-0.5981019,-3.329782,-75.7565,-99.98885,-8.081209,-7.904969,-18.18439,8296
116.64,18.12141,0,0,-2.676853,-4.711961,-49.46642,-87.05323,-5.314529,-6.136258,-10.73359,8388
116.66,72.30701,0,0,-2.655809,-4.798588,24.70154,-47.24192,-5.314529,-5.410773,-0.9858856,8208
116.68,-43.83401,0,0,-2.431896,-4.062102,32.15193,-15.85579,-6.259249,-5.825242,3.075016,8216
116.7,27.15666,0,0,-2.186825,-3.153428,22.28933,-7.500757,-4.909649,-4.803293,11.34221,8284
116.72,-12.85281,0,0,-2.356899,-2.70985,36.35041,5.387047,-5.044609,-4.703804,11.14189,8200
116.74,64.43965,0,0,-1.549537,-1.854321,69.92294,7.627557,-3.695009,-3.509903,18.78771,8224
116.76,-39.25305,0,0,-0.3559675,-0.795615,71.96873,13.22171,-4.30233,-3.592227,19.85556,8144
116.78,4.731934,0,0,0.804633,0.3233092,70.56416,2.906118,-3.02021,-2.551831,24.66919,8168
116.8,37.56871,0,0,2.081181,1.368139,65.28172,-3.448099,-2.008009,-1.433329,28.23736,8096
116.82,-38.51299,0,0,2.8979,2.130181,65.0069,-7.088573,-2.075489,-1.257983,24.94078,8048
116.84,-109.131,0,0,3.637575,2.703557,44.68629,-19.62375,-2.075489,-1.295271,20.58748,8012
116.86,-129.4899,0,0,3.906105,2.816502,15.89238,-36.12201,-1.805569,-1.222674,15.32112,8036
116.88,-107.8577,0,0,3.432616,2.317639,-17.25267,-47.91055,-1.40069,-1.068731,8.874195,8004
116.9,-42.71758,0,0,2.707602,1.55998,-31.32901,-51.34045,-0.7258892,-0.6344401,4.779751,8004
116.92,-128.2471,0,0,1.794147,0.6895286,-41.64962,-44.31755,-1.805569,-1.516142,-3.960488,7956
116.94,91.08331,0,0,-16.09932,-9.536906,-285.1764,2.075615,-1.06329,-3.739921,-74.94614,8000
116.96,357.7828,0,0,-15.0604,-12.03309,4.5794,56.24754,-0.7933693,-3.052482,-45.47522,6368
116.98,492.0872,0,0,-14.10706,-11.34846,1.877109,117.8176,-0.3884897,-1.771626,-17.48886,7948
117,520.3884,0,0,-12.74691,-9.172104,29.20536,168.5756,0.2188301,-0.4678175,5.701751,7908
117.02,461.922,0,0,-10.92492,-6.431748,56.04507,199.4772,0.6237106,0.4905656,21.92819,7884
117.04,368.6766,0,0,-8.764732,-3.683792,74.22827,207.1459,0.9611101,1.174138,31.85892,7864
117.06,272.6412,0,0,-6.80213,-1.457045,57.37331,196.3075,1.23103,1.593367,35.04965,7848
117.08,113.7503,0,0,-5.156855,0.04001355,49.984,173.8163,0.5562305,1.097066,30.29102,7832
117.1,99.69307,0,0,-3.0732,1.318211,69.41911,136.3545,1.23103,1.532912,30.66161,7872
117.12,55.5654,0,0,-1.509162,2.057301,48.39621,105.0419,1.23103,1.617954,26.70993,7836
117.14,-3.07959,0,0,-0.8180365,2.162207,0.4114593,77.39956,0.9611101,1.298214,18.74015,7824
117.16,9.967613,0,0,-0.7920087,1.722761,-16.77939,52.8881,1.23103,1.275423,11.64554,7852
117.18,21.65122,0,0,-0.9147118,1.082924,-26.58092,38.3311,1.23103,1.174732,5.852467,7832
117.2,37.61234,0,0,-1.252087,0.4084511,-38.15344,30.9625,1.23103,1.077413,1.466661,7824
117.22,-38.18242,0,0,-1.923196,-0.3888831,-53.72596,29.67935,0.15135,0.09367043,-6.276603,7824
117.24,122.1749,0,0,-2.598847,-1.089055,-46.90154,23.47245,1.63591,0.9842188,-3.62852,7880
117.26,155.3276,0,0,-2.389063,-1.226064,-3.252664,35.2535,1.63591,1.342293,-0.0566988,7804
117.28,133.1854,0,0,-2.37052,-1.06165,-12.96259,46.45886,1.500951,1.37272,1.311592,7816
117.3,121.9251,0,0,-1.879892,-0.5547875,10.65574,50.27219,1.63591,1.562357,4.43776,7812
117.32,-33.52973,0,0,-0.8402189,0.2134733,44.24353,48.44914,0.2188301,0.5772936,3.016291,7824
117.34,-60.90821,0,0,-0.07456782,0.7977211,25.84658,29.06249,0.2188301,0.3368485,3.201527,7916
117.36,58.53991,0,0,0.4256601,1.029983,8.808408,11.85684,1.500951,1.307284,6.967303,7896
117.38,74.1815,0,0,0.2448021,0.8300424,-19.11527,12.88776,1.568431,1.549974,4.779258,7788
117.4,-31.89096,0,0,-0.00545606,0.5858127,-26.29084,15.81825,0.4887505,0.6827542,-1.359078,7812
117.42,-29.66677,0,0,-0.2043268,0.3485275,-14.44351,7.679049,0.5562305,0.4649805,-3.251115,7868
117.44,-11.77597,0,0,0.01642893,0.2510102,5.129018,1.949949,0.5562305,0.4532419,-2.496,7876
117.46,3.171026,0,0,-0.06475331,0.09078187,-15.39007,0.207109,0.5562305,0.4526993,-2.638287,7860
117.48,15.73753,0,0,-0.3883077,-0.167658,-26.29084,1.525313,0.5562305,0.4253862,-3.426255,7864
117.5,28.50779,0,0,-0.8364991,-0.4863977,-25.40535,5.030309,0.5562305,0.3846027,-4.267371,7876
117.52,37.95595,0,0,-0.833534,-0.5415585,-1.741213,8.779031,0.5562305,0.418242,-2.782438,7880
117.54,135.3786,0,0,-0.6272918,-0.3317074,1.92291,11.78664,1.63591,1.360708,3.140525,7872
117.56,118.9949,0,0,-0.4529206,-0.03630464,3.449628,23.0852,1.568431,1.588009,4.627049,7820
117.58,61.56492,0,0,-0.1707304,0.3900142,10.04505,28.03109,1.298511,1.441832,4.447267,7804
117.6,23.47479,0,0,0.5066538,0.9648343,35.81605,23.44825,1.23103,1.392096,5.432354,7840
117.62,-29.62667,0,0,1.155455,1.431752,25.90765,14.46612,0.89363,1.12479,4.447455,7828
117.64,-35.24289,0,0,1.339684,1.533327,2.41146,2.403578,0.9611101,1.056205,2.463079,7852
117.66,-41.63393,0,0,1.213816,1.295784,-8.122894,-5.920042,0.8261509,0.8626651,-0.7898356,7864
117.68,-29.06357,0,0,1.039415,0.9646531,-16.00076,-11.54965,0.8261509,0.7759553,-2.724592,7872
117.7,25.10364,0,0,0.6075631,0.53001,-28.0771,-12.66623,1.23103,1.033947,-3.235749,7848
117.72,44.24276,0,0,-0.07823979,-0.0006732345,-39.40535,-5.847079,1.23103,1.043008,-5.051224,7820
117.74,55.45423,0,0,-0.5611901,-0.3534891,-17.93969,2.190877,1.23103,1.032062,-5.313496,7836
117.76,27.64204,0,0,-0.2664966,-0.2025258,13.25116,7.973132,0.89363,0.8535269,-3.358935,7820
117.78,27.37934,0,0,-0.02364899,0.07083075,9.006882,8.293225,0.9611101,0.90898,-1.239306,7876
117.8,15.72407,0,0,0.3705522,0.4020602,17.23589,7.275393,0.89363,0.9189339,0.4071742,7856
117.82,14.28562,0,0,0.5319968,0.6006002,4.732071,4.848189,0.9611101,0.9747754,0.836287,7864
117.84,3.643282,0,0,0.6468444,0.6987533,2.289322,2.679928,0.89363,0.9280888,0.4063688,7840
117.86,6.641563,0,0,0.7034184,0.7278526,1.403826,-0.03574002,0.9611101,0.9594136,0.1483247,7868
117.88,0.499733,0,0,0.7358279,0.711771,-0.1992282,-1.654246,0.89363,0.9057146,-0.5148447,7880
117.9,6.596111,0,0,0.7514518,0.6855779,-0.8404495,-3.389637,0.9611101,0.9410266,-0.6576247,7884
117.92,2.089428,0,0,0.7401514,0.6419613,-2.229764,-3.896469,0.89363,0.8910666,-1.191768,7860
117.94,8.686283,0,0,0.7510675,0.6219231,-0.7946484,-4.699942,0.9611101,0.933501,-1.068479,7856
117.96,3.889641,0,0,0.7359484,0.5943993,-1.115259,-4.524957,0.89363,0.8883949,-1.416729,7868
117.98,9.845768,0,0,0.7544453,0.5959623,0.2587874,-4.929403,0.9611101,0.9345893,-1.138447,7852
118,4.122074,0,0,0.7727703,0.6016722,-0.06182348,-4.654183,0.89363,0.8951859,-1.294962,7864
118.02,9.225597,0,0,0.7884133,0.6156725,0.2893218,-5.090024,0.9611101,0.9402596,-1.054417,7864
118.04,3.114128,0,0,0.8041996,0.623665,-0.3519,-4.919787,0.89363,0.8985731,-1.259984,7860
118.06,-3.704666,0,0,0.8027874,0.6212142,0.1977187,-5.430627,0.8261509,0.8303583,-1.602021,7876
118.08,9.16684,0,0,0.8189046,0.6220587,-0.1381594,-6.493287,0.9611101,0.9229439,-1.135252,7872
118.1,10.49883,0,0,0.8494557,0.6317981,0.2740546,-5.98444,0.9611101,0.9530835,-0.9654906,7864
118.12,2.731621,0,0,0.8625587,0.6487623,-0.03128911,-5.557307,0.89363,0.9069816,-1.184894,7856
118.14,0.9496841,0,0,0.8822635,0.667309,0.09084838,-6.12082,0.89363,0.8942755,-1.225487,7860
118.16,7.004002,0,0,0.8837105,0.6678885,0.02977964,-6.68221,0.9611101,0.9428397,-1.092326,7884
118.18,7.140404,0,0,0.9045622,0.6749157,0.09084838,-6.502628,0.9611101,0.9578768,-1.047339,7864
118.2,5.937473,0,0,0.9063189,0.681252,-0.107625,-6.377356,0.9611101,0.9601831,-1.115412,7868
118.22,-1.258953,0,0,0.9216999,0.6901699,0.4419934,-6.467853,0.89363,0.9061049,-1.380763,7852
118.24,-2.07011,0,0,0.9601672,0.7082449,0.09084838,-7.368036,0.89363,0.8946013,-1.352314,7860
118.26,-1.354229,0,0,0.9610313,0.7008135,0.01451245,-8.059893,0.89363,0.8890441,-1.462764,7860
118.28,5.728886,0,0,0.9579856,0.6885265,-0.8557167,-8.431538,0.9611101,0.941336,-1.288995,7884
118.3,6.480988,0,0,0.9389008,0.6721506,-0.5045714,-7.904615,0.9611101,0.9534844,-1.344073,7896
118.32,0.1606712,0,0,0.8856726,0.6419247,-1.878618,-7.328786,0.89363,0.8951311,-1.781293,7860
118.34,6.370476,0,0,0.8678767,0.6277357,-1.359534,-7.517277,0.9611101,0.9337122,-1.579265,7856
118.36,-4.764927,0,0,0.8960201,0.6337322,0.7931387,-7.099418,0.8261509,0.8416947,-1.833561,7864
118.38,7.030758,0,0,0.9013713,0.64378,-0.03128911,-7.952388,0.9611101,0.927299,-1.346228,7860
118.4,8.466175,0,0,0.904947,0.6448798,-0.3060985,-7.340284,0.9611101,0.9518417,-1.244707,7860
118.42,1.465584,0,0,0.8827862,0.6407354,-0.7641136,-6.731648,0.89363,0.9006053,-1.544689,7880
118.44,6.61348,0,0,0.8867048,0.6488217,0.4419934,-7.037756,0.9611101,0.9419073,-1.305744,7872
118.46,0.9092712,0,0,0.8884768,0.6489506,-0.1228922,-6.734793,0.89363,0.8985037,-1.515353,7852
118.48,6.523399,0,0,0.8799711,0.647872,-0.5809073,-7.080394,0.9611101,0.939785,-1.341809,7856
118.5,1.268444,0,0,0.8594185,0.6316677,-0.8251827,-6.690794,0.89363,0.8936735,-1.634029,7852
118.52,6.967159,0,0,0.8886745,0.6469649,0.1213828,-7.03236,0.9611101,0.941377,-1.263401,7856
118.54,0.9466248,0,0,0.9192113,0.6658003,-0.550373,-6.780278,0.89363,0.9037359,-1.35566,7876
118.56,5.996536,0,0,0.9122407,0.6718048,-0.183961,-7.203306,0.9611101,0.9450206,-1.220995,7872
118.58,0.3624916,0,0,0.8962681,0.659155,-0.1686933,-6.938209,0.89363,0.8981503,-1.54334,7868
118.6,6.15889,0,0,0.8941094,0.6559715,0.1824515,-7.315041,0.9611101,0.9399573,-1.347106,7860
118.62,0.898571,0,0,0.882949,0.6437922,-0.03128911,-6.95329,0.89363,0.8955545,-1.602568,7880
118.64,1.034145,0,0,0.8455589,0.6201754,0.3198562,-7.135549,0.89363,0.8788123,-1.759564,7876
118.66,2.199886,0,0,0.8706136,0.6222951,-0.06182348,-7.30398,0.89363,0.8807006,-1.586487,7868
118.68,2.926003,0,0,0.8738258,0.6233453,-0.2450293,-7.307482,0.89363,0.8830844,-1.517766,7884
118.7,9.296329,0,0,0.8716058,0.6260812,-0.01602192,-7.223942,0.9611101,0.9390021,-1.240028,7880
118.72,3.302982,0,0,0.8491918,0.617714,-0.06182348,-6.46782,0.89363,0.8967741,-1.506894,7868
118.74,2.384178,0,0,0.847263,0.6210553,0.2893218,-6.561835,0.89363,0.8855501,-1.507404,7872
118.76,8.583015,0,0,0.86695,0.6342239,0.5946653,-6.767325,0.9611101,0.9403892,-1.171902,7876
118.78,2.427132,0,0,0.8777367,0.6436836,0.3351234,-6.31804,0.89363,0.9016328,-1.343702,7868
118.8,1.226334,0,0,0.8849344,0.6539948,0.2282531,-6.665555,0.89363,0.8906263,-1.375151,7864
118.82,1.376934,0,0,0.8945585,0.6569823,0.1977187,-7.049683,0.89363,0.887713,-1.387317,7872
118.84,1.823746,0,0,0.8956237,0.6527171,0.1061156,-7.294764,0.89363,0.8864153,-1.41822,7872
118.86,8.158955,0,0,0.909165,0.6578982,0.2587874,-7.44306,0.9611101,0.9428344,-1.134284,7852
118.88,8.008236,0,0,0.9047818,0.6595795,0.1519171,-6.890529,0.9611101,0.9570846,-1.139664,7856
118.9,0.604454,0,0,0.8996009,0.6628581,0.1366499,-6.530209,0.89363,0.9044262,-1.426747,7884
118.92,-0.3118248,0,0,0.9024353,0.6659731,0.2587874,-7.048938,0.89363,0.889113,-1.492024,7872
118.94,0.3525391,0,0,0.916001,0.6658617,0.3809245,-7.526646,0.89363,0.8863125,-1.478217,7872
118.96,1.133781,0,0,0.9197783,0.6608385,0.1366499,-7.788393,0.89363,0.88605,-1.481774,7860
118.98,7.717049,0,0,0.921984,0.6594401,0.1213828,-7.881882,0.9611101,0.9414596,-1.229799,7864
119,-4.222927,0,0,0.9147839,0.6522545,0.1824515,-7.269576,0.8261509,0.8464271,-1.702361,7852
119.02,7.01907,0,0,0.9267756,0.6630782,0.01451245,-8.088483,0.9611101,0.9317452,-1.224156,7864
119.04,2.136097,0,0,0.9212278,0.6564783,0.06031401,-7.49103,0.89363,0.8994001,-1.440318,7872
119.06,7.172401,0,0,0.9248885,0.6647182,0.01451245,-7.588748,0.9611101,0.945822,-1.201981,7868
119.08,0.9166374,0,0,0.9248633,0.667024,0.01451245,-7.153397,0.89363,0.9031165,-1.4323,7860
119.1,17.96187,0,0,0.9296288,0.6816176,0.1366499,-7.492308,1.09607,1.055296,-0.7435131,7860
119.12,5.429382,0,0,0.9271647,0.6867589,0.09084838,-6.004197,0.9611101,0.9856132,-1.188929,7844
119.14,-4.002296,0,0,0.9341222,0.7038832,0.2587874,-6.309186,0.89363,0.9101092,-1.526701,7856
119.16,-4.263294,0,0,0.9474531,0.7062589,0.6251997,-7.511367,0.89363,0.8884836,-1.62245,7852
119.18,-2.305691,0,0,0.9426255,0.6852508,-0.1534266,-8.326788,0.89363,0.8810092,-1.717186,7860
119.2,-0.08616638,0,0,0.9200994,0.6530252,-0.6114421,-8.601322,0.89363,0.8774335,-1.797664,7864
119.22,7.811474,0,0,0.8963128,0.627503,-0.3824344,-8.474504,0.9611101,0.931291,-1.566553,7864
119.24,2.787315,0,0,0.8817877,0.6144179,-0.9167854,-7.545918,0.89363,0.8930469,-1.710053,7860
119.26,2.146725,0,0,0.882688,0.6211448,0.4267263,-7.432464,0.89363,0.8851926,-1.624416,7856
119.28,-9.603825,0,0,0.8836535,0.6201379,-0.183961,-7.4386,0.7586708,0.7748249,-2.041244,7868
119.3,3.435272,0,0,0.8786293,0.6146277,0.1519171,-8.604664,0.89363,0.8545884,-1.586708,7872
119.32,6.184929,0,0,0.8849697,0.6073027,0.09084838,-8.076876,0.89363,0.8801453,-1.415823,7872
119.34,5.854343,0,0,0.881951,0.6132647,-0.06182348,-7.435045,0.89363,0.8886908,-1.327915,7876
119.36,10.83587,0,0,0.8807476,0.6278691,0.1671843,-7.03308,0.9611101,0.9458193,-1.04535,7876
119.38,3.634663,0,0,0.8745312,0.6371032,0.07558119,-6.255207,0.89363,0.9047709,-1.280656,7876
119.4,1.919914,0,0,0.8679303,0.6440512,0.09084838,-6.45093,0.89363,0.8908584,-1.36905,7876
119.42,1.962822,0,0,0.8685171,0.6427127,0.3503905,-6.759397,0.89363,0.8859909,-1.412218,7888
119.44,20.47162,0,0,0.869245,0.6464466,0.2282531,-6.943782,1.09607,1.048686,-0.7065449,7876
119.46,7.968548,0,0,0.8669925,0.6509579,-0.03128911,-5.20096,0.9611101,0.9830227,-1.115072,7860
119.48,4.233738,0,0,0.8659235,0.6703513,0.2587874,-5.304276,0.9611101,0.9624411,-1.22625,7864
119.5,-8.675346,0,0,0.8819861,0.6765273,1.266421,-5.816254,0.8261509,0.8466927,-1.753743,7876
119.52,4.062889,0,0,0.8832021,0.6680151,0.01451245,-7.457952,0.9611101,0.9227951,-1.420775,7876
119.54,-5.097549,0,0,0.8931497,0.647584,0.3503905,-7.299814,0.8261509,0.8366739,-1.824306,7872
119.56,7.614239,0,0,0.8753363,0.63149,-0.8251827,-8.051762,0.9611101,0.9216089,-1.439498,7876
119.58,9.543438,0,0,0.8755176,0.622689,0.6404669,-7.260283,0.9611101,0.9475956,-1.311708,7868
119.6,2.519077,0,0,0.8701807,0.6273059,0.1061156,-6.525164,0.89363,0.9006427,-1.499483,7892
119.62,7.211636,0,0,0.8895959,0.6494985,0.1977187,-6.795809,0.9611101,0.9451575,-1.188928,7876
119.64,1.034878,0,0,0.8895077,0.6543264,0.2587874,-6.515475,0.89363,0.9010888,-1.4323,7888
119.66,-11.72785,0,0,0.894387,0.6530275,0.2893218,-6.981855,0.7586708,0.779144,-1.955907,7872
119.68,1.455841,0,0,0.9115852,0.6515344,0.5946653,-8.619692,0.89363,0.8576592,-1.493993,7880
119.7,4.658897,0,0,0.9025637,0.629687,-0.1381594,-8.350788,0.89363,0.8793444,-1.4558,7880
119.72,10.91506,0,0,0.8985466,0.6284205,-0.6572433,-7.821483,0.9611101,0.9418043,-1.14917,7892
119.74,9.864704,0,0,0.9114249,0.647965,0.6099325,-6.870741,0.9611101,0.9615564,-1.016299,7888
119.76,1.409431,0,0,0.9080292,0.6649471,-0.07709067,-6.347605,0.89363,0.909667,-1.294214,7868
119.78,-0.2911797,0,0,0.9161775,0.6781599,0.5335966,-6.884348,0.89363,0.8938668,-1.366636,7856
119.8,6.102051,0,0,0.9103161,0.6731504,-0.04655629,-7.397047,0.9611101,0.9413418,-1.234332,7872
119.82,0.6620941,0,0,0.9139818,0.6666291,0.4419934,-7.106525,0.89363,0.8998814,-1.464045,7868
119.84,120.3061,0,0,0.9128919,0.7222893,0.1977187,-7.334779,2.243231,1.982232,3.307135,7876
119.86,114.5119,0,0,0.9098589,0.8231036,0.04504682,4.609314,2.243231,2.272649,3.8375,7796
119.88,-42.58657,0,0,0.9279815,0.9926443,0.5183294,11.75974,0.8261509,1.182561,-1.569906,7784
119.9,66.91443,0,0,1.213902,1.28011,16.74734,-0.1090435,2.31071,2.095001,3.18069,7872
119.92,-53.00857,0,0,1.867118,1.586261,34.96109,1.000963,0.9611101,1.312174,0.3518693,7792
119.94,42.33703,0,0,2.027337,1.777966,1.587032,-10.85398,2.243231,2.109792,3.293813,7872
119.96,-73.34327,0,0,2.002159,1.656921,0.4877952,-9.240947,0.89363,1.191557,-2.761235,7780
119.98,70.22757,0,0,1.993947,1.616066,-0.107625,-19.66224,2.58063,2.288561,1.586182,7864
120,-36.77732,0,0,1.768607,1.35161,-12.62671,-11.56065,1.23103,1.455822,-4.114966,7768
120.02,-45.16393,0,0,1.560087,1.181032,-4.458772,-16.3145,1.23103,1.203391,-5.60922,7860
120.04,5.775291,0,0,1.579901,1.062547,-2.794649,-20.28466,1.63591,1.482643,-3.926033,7836
120.06,16.20352,0,0,1.137423,0.7422239,-25.86336,-16.49685,1.568431,1.460019,-5.251181,7804
120.08,27.0412,0,0,0.561255,0.3653064,-26.48932,-11.18148,1.568431,1.405671,-6.476913,7836
120.1,-151.7563,0,0,0.676995,0.2873267,7.632835,-6.905512,-0.5234499,-0.2377534,-11.80778,7824
120.12,-135.9547,0,0,0.7644759,0.2542934,4.930544,-22.35003,-0.4559698,-0.5874093,-10.885,7936
120.14,-203.8568,0,0,0.5891514,-0.1361253,-8.260299,-30.64441,-1.738089,-1.706414,-14.86968,7936
120.16,86.34866,0,0,0.08067665,-0.625924,-31.40534,-41.21316,0.9611101,0.1747139,-5.57261,8012
120.18,195.7717,0,0,-0.9147303,-1.295388,-57.43589,-15.84003,1.568431,1.136225,-2.889243,7860
120.2,134.8447,0,0,-2.456893,-1.959049,-68.70307,16.66565,0.89363,0.7257644,-7.144296,7820
120.22,113.294,0,0,-1.611044,-1.266462,32.3504,30.08021,0.9611101,0.8900356,0.4214064,7836
120.24,166.5291,0,0,-0.9704922,-0.3932208,30.47254,34.89456,1.90583,1.786876,7.737789,7856
120.26,65.01645,0,0,0.2237636,0.6995518,66.33515,39.76765,1.23103,1.595836,9.892786,7784
120.28,-17.40687,0,0,1.385916,1.761415,61.29698,29.04458,0.9611101,1.37343,10.36167,7828
120.3,58.34273,0,0,2.420564,2.570007,49.03743,10.35717,2.243231,2.35832,14.35278,7852
120.32,-82.71666,0,0,2.54622,2.642985,2.289322,4.757264,0.89363,1.412842,5.474927,7776
120.34,-71.394,0,0,2.350391,2.372822,-6.733582,-12.7365,1.23103,1.307035,1.099746,7848
120.36,-106.2787,0,0,2.153467,1.852937,-7.649613,-22.67729,0.6237106,0.7243981,-4.464305,7840
120.38,-182.1594,0,0,1.603125,1.106228,-31.60382,-31.21828,-0.5234499,-0.4319943,-12.0279,7876
120.4,-158.8815,0,0,0.6528347,0.0851118,-50.33665,-41.67933,-0.7933693,-1.044207,-16.58314,7924
120.42,34.93397,0,0,-0.6389328,-1.116124,-67.32903,-42.16225,0.5562305,-0.1836011,-14.13218,7936
120.44,-15.88691,0,0,-2.14528,-2.339611,-69.58856,-18.2997,-0.7933693,-1.091349,-19.17547,7876
120.46,106.6696,0,0,-2.827707,-2.797535,-22.35191,-5.040052,0.2188301,-0.4321467,-12.24539,7940
120.48,107.221,0,0,-2.547084,-2.5157,14.3962,15.61118,-0.05108929,-0.2830076,-5.54455,7888
120.5,84.26315,0,0,-2.046345,-1.78756,29.4191,27.95528,-0.1185694,-0.161952,0.2503424,7908
120.52,30.21455,0,0,-1.110413,-0.8051274,55.52599,30.96631,-0.3884897,-0.2216696,4.628377,7896
120.54,-96.80856,0,0,0.2471897,0.3034045,67.54125,23.25252,-1.40069,-0.9279199,5.612267,7928
120.56,-149.8031,0,0,1.3061,1.099913,48.99163,1.844882,-1.670609,-1.296101,5.569168,7992
120.58,-207.5669,0,0,1.516285,1.117305,6.380927,-18.75393,-2.345409,-2.017922,0.1788071,7996
120.6,-42.07019,0,0,1.095067,0.5834633,-22.82519,-37.035,-0.7933693,-1.062214,1.187951,8048
120.62,-0.07302809,0,0,0.4130985,-0.179442,-39.92443,-30.37053,-0.7933693,-0.8731969,-1.289341,7968
120.64,-15.2472,0,0,-0.653051,-0.9521703,-65.55803,-18.44361,-1.13077,-1.19092,-5.498964,7968
120.66,1.410289,0,0,-1.776573,-1.699351,-36.70306,-8.591434,-1.13077,-1.361779,-7.890065,7968
120.68,-42.75079,0,0,-1.441053,-1.658896,35.89239,-1.037789,-1.805569,-1.804403,-5.593601,7976
120.7,59.01832,0,0,-0.7270323,-1.098876,24.82368,-2.357451,-0.6584091,-0.8421305,3.470915,8020
120.72,130.8142,0,0,-0.3589016,-0.5792294,13.22062,5.917305,0.2188301,0.1758853,9.336349,7960
120.74,79.28556,0,0,-0.2312895,-0.1325107,10.70154,18.12802,0.0163908,0.264643,9.108575,7884
120.76,78.17397,0,0,0.4250051,0.5819365,45.12903,19.08862,0.5562305,0.7576887,12.11924,7900
120.78,128.577,0,0,1.409816,1.4631,54.18247,16.67804,1.63591,1.81446,17.31518,7860
120.8,74.18636,0,0,2.321777,2.301221,42.48781,17.26654,1.63591,2.10418,17.29397,7804
120.82,35.25262,0,0,2.901779,2.917337,26.28933,10.20513,1.90583,2.330066,15.27939,7812
120.84,79.92186,0,0,3.305811,3.269207,17.4649,0.2484529,2.918031,3.122266,14.92035,7788
120.86,173.4002,0,0,3.389777,3.370557,0.7015356,-2.145265,4.335111,4.374434,15.46682,7736
120.88,38.83299,0,0,3.223779,3.281028,-6.489306,6.007539,3.25543,3.715039,7.051036,7636
120.9,30.25897,0,0,3.240377,3.288329,6.671003,-2.190878,3.660311,3.78168,4.204606,7708
120.92,-258.9359,0,0,3.443534,3.122256,10.65574,-9.40499,0.5562305,1.248178,-9.312029,7708
120.94,-1019.546,0,0,3.342554,2.300146,-7.93969,-43.95038,-8.081209,-6.498933,-44.55897,7868
120.96,-1012.305,0,0,3.203761,0.7671589,-9.405337,-143.3716,-9.295849,-9.556811,-53.82249,8372
120.98,-786.6371,0,0,2.690369,-1.68254,-26.15344,-206.9014,-9.90317,-10.71008,-54.11262,8432
121,-441.0491,0,0,1.280348,-4.192177,-80.58093,-221.3835,-9.025928,-10.1171,-45.84409,8480
121.02,-333.3733,0,0,-0.4791476,-6.133737,-94.4588,-190.1876,-10.03813,-10.57341,-40.98068,8428
121.04,-264.8709,0,0,-2.067494,-7.179766,-80.58093,-153.2604,-10.51049,-10.89007,-33.30795,8524
121.06,-207.3228,0,0,-3.471648,-7.698197,-69.7565,-117.3053,-10.71293,-10.99991,-25.07548,8516
121.08,-205.7752,0,0,-5.011332,-8.13034,-83.5275,-82.97352,-11.32025,-11.47052,-20.59476,8536
121.1,-56.30122,0,0,-6.624376,-8.564544,-81.80231,-55.07051,-10.17309,-10.6671,-11.87366,8580
121.12,-67.63907,0,0,-7.846141,-8.85811,-52.7336,-17.74206,-10.78041,-10.89969,-8.086904,8516
121.14,-13.0744,0,0,-7.417574,-8.096622,24.70154,5.028159,-10.17309,-10.22971,4.630659,8544
121.16,-33.63983,0,0,-6.617685,-6.930999,42.82369,23.25931,-10.17309,-9.864364,13.59941,8512
121.18,-135.6181,0,0,-5.48456,-5.584338,60.19774,29.69667,-10.78041,-10.12254,17.96052,8512
121.2,-56.97678,0,0,-3.945166,-4.104318,75.19012,18.99852,-9.295849,-8.865185,27.93811,8568
121.22,-205.9466,0,0,-2.658619,-2.977149,61.14431,15.55656,-10.44301,-9.414762,25.81835,8448
121.24,-210.8857,0,0,-1.695625,-2.148328,41.72445,-4.907526,-9.83569,-9.103572,25.98958,8528
121.26,-226.8938,0,0,-2.186953,-2.440555,-28.73359,-18.02495,-9.83569,-9.247263,18.22179,8516
121.28,-329.646,0,0,-2.887129,-3.231417,-37.54275,-26.46811,-11.05033,-10.43755,7.22025,8492
121.3,-146.1767,0,0,-3.552615,-4.050825,-35.84809,-40.19743,-9.295849,-9.422165,8.840749,8564
121.32,-20.83209,0,0,-4.308865,-4.841756,-41.69542,-28.27829,-8.41861,-8.475961,10.47017,8452
121.34,-97.14606,0,0,-5.217268,-5.419159,-53.55803,-4.892435,-9.363329,-9.036946,6.102643,8400
121.36,-124.5813,0,0,-6.074407,-5.812653,-41.28321,5.574109,-9.565769,-9.413465,3.935318,8436
121.38,-142.5422,0,0,-6.633282,-6.139623,2.319857,11.46823,-9.90317,-9.804936,2.840275,8484
121.4,-108.8789,0,0,-5.726777,-5.662079,44.54888,11.21422,-9.633249,-9.488696,10.11251,8492
121.42,-54.84268,0,0,-4.750263,-4.874764,57.0527,11.62216,-8.958448,-8.706214,17.78653,8476
121.44,-60.0094,0,0,-3.766006,-3.960647,43.15957,14.34467,-8.68853,-8.183238,22.40105,8456
121.46,371.876,0,0,-3.615105,-3.25498,1.373291,15.34601,-3.357609,-3.7993,39.65321,8440
121.48,-167.9156,0,0,-3.529478,-2.85376,-2.504572,58.7027,-8.75601,-7.078091,19.85016,8116
121.5,197.9029,0,0,-3.636933,-2.242822,5.235888,33.56815,-3.357609,-3.758717,31.89515,8424
121.52,182.2576,0,0,-3.057095,-1.831752,42.02979,51.96039,-3.357609,-2.886562,31.63358,8104
121.54,-25.42575,0,0,-1.630379,-0.670879,70.76263,58.34088,-4.572248,-3.560661,28.45157,8112
121.56,-357.9225,0,0,-0.04476163,0.4830633,79.60233,36.41584,-7.20397,-5.857166,17.67337,8164
121.58,-370.8307,0,0,1.43556,1.168328,71.58705,-16.4434,-6.86657,-6.215466,15.10581,8336
121.6,-260.3051,0,0,1.918407,0.8803885,14.01452,-54.55547,-5.989328,-5.69216,12.61875,8324
121.62,-232.8239,0,0,1.104907,-0.2338597,-46.70306,-66.44763,-6.191769,-5.895704,4.28047,8248
121.64,-199.4633,0,0,-0.1476694,-1.549405,-65.98551,-67.70322,-6.259249,-6.15447,-2.355167,8272
121.66,98.24149,0,0,-1.427998,-2.65242,-66.84047,-60.83393,-3.425089,-4.012849,4.158642,8284
121.68,135.4031,0,0,-2.667516,-3.446196,-64.51985,-22.22503,-3.357609,-3.427402,4.236983,8108
121.7,-151.412,0,0,-3.760796,-3.849801,-58.80994,10.37325,-6.259249,-5.681611,-6.507118,8080
121.72,-204.6467,0,0,-4.519372,-4.129095,-14.53511,5.32367,-6.664129,-6.669952,-9.268799,8260
121.74,124.9386,0,0,-3.974552,-3.899421,30.54888,-4.522472,-3.425089,-4.148778,7.413266,8300
121.76,153.1969,0,0,-3.404628,-3.398553,18.74734,20.62703,-3.357609,-3.268722,14.11399,8124
121.78,97.71358,0,0,-3.392717,-2.776704,-7.93969,40.03463,-3.357609,-3.050682,15.17741,8096
121.8,42.70944,0,0,-3.676471,-2.427714,-9.954956,47.90695,-3.357609,-3.103141,12.87421,8124
121.82,3.751358,0,0,-3.09987,-1.890646,49.48018,45.83271,-3.357609,-3.096192,13.46251,8100
121.84,-314.264,0,0,-1.707292,-1.109155,67.55653,36.10924,-6.529169,-5.540178,5.224671,8132
121.86,-174.0105,0,0,-0.5261413,-0.4544846,61.63285,-6.006755,-4.707209,-4.668924,11.18023,8284
121.88,-166.0921,0,0,0.4820158,-0.2201542,41.93819,-22.98774,-4.977129,-4.5893,11.15238,8204
121.9,-186.1373,0,0,0.4349543,-0.438502,-9.191597,-33.50871,-5.247049,-4.861393,6.782422,8188
121.92,-176.9689,0,0,-0.3854374,-1.172293,-49.51222,-40.20091,-5.314529,-5.137714,1.025728,8220
121.94,31.96384,0,0,-1.571468,-2.138031,-62.47405,-39.97229,-3.357609,-3.760997,3.161019,8220
121.96,66.70467,0,0,-2.798975,-3.045526,-63.74123,-14.87428,-3.357609,-3.471445,1.262409,8060
121.98,64.02013,0,0,-3.968539,-3.626966,-55.57329,8.991535,-3.357609,-3.464139,-0.09036303,8096
122,54.78996,0,0,-4.289769,-3.651419,-2.046557,25.76146,-3.357609,-3.423147,1.996597,8128
122.02,43.37993,0,0,-3.774441,-3.105205,34.50307,34.59888,-3.290129,-3.237316,6.783937,8132
122.04,4.067825,0,0,-2.982808,-2.320246,45.1443,36.91552,-3.425089,-3.19762,10.17821,8120
122.06,-30.70802,0,0,-1.847664,-1.372588,53.12904,31.01288,-3.425089,-3.086425,13.54278,8116
122.08,-143.9149,0,0,-0.6908993,-0.5185821,56.67102,19.87751,-4.30233,-3.702831,12.19125,8136
122.1,-82.09794,0,0,0.3148714,0.1537714,42.213,-2.063575,-3.290129,-3.024965,15.43434,8148
122.12,-208.0193,0,0,0.5323092,0.1661411,3.159552,-11.44155,-4.639729,-4.015038,7.536311,8108
122.14,-238.1212,0,0,-0.07255376,-0.4300126,-31.52748,-28.81052,-4.977129,-4.716595,-0.1254604,8184
122.16,-165.0224,0,0,-0.9130362,-1.418342,-48.32138,-40.845,-4.639729,-4.745321,-3.822522,8212
122.18,7.462883,0,0,-2.039002,-2.513805,-63.26795,-37.83057,-3.357609,-3.792484,-2.306731,8188
122.2,51.27664,0,0,-3.320394,-3.479616,-69.17635,-14.35586,-3.357609,-3.592564,-3.391428,8096
122.22,34.29472,0,0,-4.648194,-4.20081,-47.9855,9.789762,-3.695009,-3.876692,-5.417952,8092
122.24,-22.82455,0,0,-4.062764,-3.802245,31.15956,22.77391,-4.30233,-4.2391,-0.5712602,8136
122.26,153.3001,0,0,-3.131317,-2.858203,45.03743,23.1183,-2.142969,-2.418055,13.2405,8168
122.28,-43.32967,0,0,-2.126367,-1.874563,58.06034,37.85024,-4.03241,-3.348198,11.73683,8040
122.3,60.34065,0,0,-1.208759,-0.808442,45.81606,24.99761,-2.142969,-2.041419,19.29335,8144
122.32,-29.26027,0,0,-0.0258267,0.1040885,59.55652,23.14369,-2.75029,-2.131976,18.87002,8028
122.34,-108.3328,0,0,0.6224573,0.7029963,29.29697,10.62723,-3.02021,-2.431696,15.3369,8084
122.36,-51.38914,0,0,0.8950862,0.8602484,11.19009,-6.655364,-2.075489,-1.843444,14.36856,8096
122.38,-57.23099,0,0,0.9253715,0.691426,3.144284,-12.58814,-2.075489,-1.768739,10.5703,8044
122.4,-181.2363,0,0,0.6737909,0.3188253,-13.45114,-16.51344,-3.357609,-2.87869,1.887547,8048
122.42,-85.36287,0,0,0.2578656,-0.1739156,-19.37481,-30.30564,-2.345409,-2.440629,1.309546,8096
122.44,-52.57224,0,0,-0.0917571,-0.7138808,-16.13817,-28.63896,-2.345409,-2.345291,-0.04332605,8044
122.46,-135.1279,0,0,-0.4733582,-1.135011,-21.57328,-23.0385,-3.425089,-3.204797,-4.528801,8060
122.48,0.41959,0,0,-1.19899,-1.613204,-40.27558,-25.34614,-2.075489,-2.404262,-1.816664,8132
122.5,33.08967,0,0,-1.998432,-2.179626,-42.19924,-10.73808,-2.075489,-2.231483,-2.288454,8044
122.52,-78.81712,0,0,-2.102857,-2.254789,-0.1686933,2.708312,-3.357609,-3.158718,-4.289445,8016
122.54,-114.6532,0,0,-1.907871,-2.050277,12.5336,-0.1870061,-3.695009,-3.613549,-3.150806,8108
122.56,-11.27758,0,0,-1.573854,-1.804196,14.28933,-6.646043,-2.68281,-2.847917,2.90365,8136
122.58,-3.61084,0,0,-1.660163,-1.782028,-6.321367,-0.3349393,-2.75029,-2.697372,3.581288,8048
122.6,78.61557,0,0,-1.707483,-1.649065,4.228254,4.868653,-1.738089,-1.835202,7.72271,8068
122.62,61.5411,0,0,-1.372945,-1.269716,19.72444,15.6767,-1.738089,-1.55662,9.781647,8004
122.64,-8.260002,0,0,-0.8252531,-0.6751785,34.83895,19.44338,-2.075489,-1.717104,10.00508,8000
122.66,-79.97009,0,0,0.2674987,0.1557982,55.66339,11.56971,-2.412889,-1.951716,10.93376,8016
122.68,-116.1881,0,0,1.086377,0.7508379,38.2588,-3.561895,-2.48037,-2.06061,10.29657,8056
122.7,-126.5419,0,0,1.207612,0.7764472,1.388559,-17.89998,-2.48037,-2.17678,6.803562,8068
122.72,-83.19827,0,0,0.9046514,0.3916176,-20.39771,-27.65358,-2.075489,-1.981527,4.065364,8052
122.74,-155.6677,0,0,0.2962767,-0.2715778,-36.80993,-28.03107,-3.08769,-2.842757,-3.220579,8032
122.76,-16.91564,0,0,-0.8077798,-1.150706,-55.29848,-32.17195,-1.805569,-2.162094,-3.36313,8080
122.78,-56.10751,0,0,-1.971058,-2.146536,-53.20688,-17.38554,-2.75029,-2.821049,-8.768932,8008
122.8,48.15393,0,0,-2.357832,-2.498108,-12.15343,-9.937266,-1.805569,-2.172592,-3.619742,8052
122.82,68.11583,0,0,-2.111192,-2.292902,13.5107,5.05436,-1.738089,-1.813613,1.562788,8020
122.84,54.53775,0,0,-1.787246,-1.770599,15.19009,16.10917,-1.670609,-1.584966,5.373976,8020
122.86,-11.48289,0,0,-1.393083,-1.195827,26.4878,20.77629,-2.075489,-1.817248,5.994176,8020
122.88,-68.26395,0,0,-0.3021841,-0.348919,62.45729,13.91471,-2.345409,-1.99206,8.361115,8016
122.9,-129.97,0,0,0.6820194,0.3605956,47.984,0.4790297,-2.75029,-2.313582,8.257181,8036
122.92,-142.57,0,0,1.159133,0.640846,19.98398,-16.3393,-2.75029,-2.429574,6.652332,8096
122.94,-128.4502,0,0,0.9092073,0.3317344,-12.64198,-28.24496,-2.68281,-2.511368,2.867143,8104
122.96,-78.42994,0,0,0.471379,-0.2027656,-29.06947,-33.39531,-2.345409,-2.334572,0.8598242,8076
122.98,-23.25214,0,0,-0.4990016,-0.9861859,-53.81757,-28.82808,-2.008009,-2.124196,-1.688707,8040
123,-4.595692,0,0,-1.771999,-1.892216,-62.61147,-16.35065,-2.075489,-2.237853,-5.293205,8036
123.02,15.43118,0,0,-2.601616,-2.493232,-9.390071,-3.473639,-2.075489,-2.288576,-5.600642,8012
123.04,29.561,0,0,-2.180319,-2.264422,31.15956,6.213172,-2.008009,-2.087436,-0.08989835,8044
123.06,-10.76496,0,0,-1.69542,-1.747838,22.62521,12.64743,-2.345409,-2.203641,2.807882,8040
123.08,-43.95291,0,0,-1.017629,-1.096705,29.77025,10.76362,-2.48037,-2.264901,5.410659,8056
123.1,-60.45673,0,0,-0.5413243,-0.6293943,20.54887,4.573393,-2.48037,-2.263719,6.306737,8056
123.12,-64.54573,0,0,-0.1525615,-0.3392203,15.95345,-2.485587,-2.412889,-2.206214,6.541972,8064
123.14,-74.63409,0,0,-0.1722246,-0.358207,-4.718313,-7.675271,-2.48037,-2.295734,4.515652,8052
123.16,-144.664,0,0,-0.3108826,-0.5713496,-8.764117,-11.84508,-3.290129,-3.020357,-0.2082759,8060
123.18,-25.03727,0,0,-0.4615573,-0.8042673,-9.161062,-21.10579,-2.075489,-2.253341,2.622979,8112
123.2,-2.577824,0,0,-0.6965029,-1.087086,-13.46641,-14.42571,-2.075489,-2.054952,2.450022,8032
123.22,-10.15336,0,0,-1.060572,-1.281915,-24.85572,-6.58149,-2.142969,-2.082901,1.543168,8028
123.24,-5.239067,0,0,-1.683677,-1.582701,-31.16107,-0.2965742,-2.075489,-2.105406,0.01350331,8056
123.26,-4.405518,0,0,-1.57405,-1.534336,16.54887,4.202894,-2.075489,-2.059747,1.715955,8036
123.28,-6.966736,0,0,-0.9718195,-1.102698,30.28934,5.598467,-2.008009,-1.891088,5.192162,8052
123.3,-58.76948,0,0,-0.603044,-0.7248742,13.93818,5.041088,-2.412889,-2.148168,4.878672,8040
123.32,-72.62979,0,0,-0.3903561,-0.506145,9.373294,-1.314884,-2.412889,-2.230434,4.429937,8052
123.34,-74.24844,0,0,-0.1932438,-0.4237315,9.678638,-7.593947,-2.412889,-2.258353,3.963086,8052
123.36,-72.47521,0,0,-0.04910931,-0.4144243,2.747338,-12.38354,-2.412889,-2.267404,3.504697,8076
123.38,-74.52188,0,0,-0.1779208,-0.5623807,-5.573276,-15.05235,-2.48037,-2.35769,1.937519,8068
123.4,-62.48392,0,0,-0.2607217,-0.7088053,-5.267932,-16.74896,-2.412889,-2.337258,1.525148,8044
123.42,-54.72279,0,0,-0.4776856,-0.9055421,-13.00839,-16.00097,-2.412889,-2.35287,0.7507074,8060
123.44,-16.51701,0,0,-0.846783,-1.155588,-20.53511,-13.57934,-2.075489,-2.118478,0.9263663,8040
123.46,-2.275795,0,0,-1.241407,-1.403238,-21.32901,-6.891415,-2.008009,-2.027994,0.6208963,8024
123.48,-39.20286,0,0,-1.232403,-1.394644,5.38856,-0.9553947,-2.412889,-2.297266,0.4455575,8032
123.5,-46.69764,0,0,-0.8734561,-1.121346,19.5565,-1.736386,-2.412889,-2.304632,2.497012,8048
123.52,-50.73692,0,0,-0.6357733,-0.897804,8.426728,-3.778774,-2.412889,-2.283814,3.435248,8040
123.54,-52.81789,0,0,-0.6634946,-0.8608116,-1.527473,-5.556036,-2.412889,-2.30124,2.915239,8040
123.56,-46.05473,0,0,-0.6810452,-0.883508,-1.390068,-6.91187,-2.345409,-2.262435,2.776531,8048
123.58,-50.15094,0,0,-0.7207004,-0.9346087,-2.306099,-7.019307,-2.412889,-2.313886,2.250461,8036
123.6,-49.02589,0,0,-0.736866,-0.968569,-1.756481,-7.441833,-2.412889,-2.327993,2.143034,8048
123.62,-47.30864,0,0,-0.7257431,-0.981468,-0.07709067,-7.62772,-2.412889,-2.326887,2.23956,8040
123.64,-40.21186,0,0,-0.7263186,-0.9854244,-0.5809073,-7.564709,-2.345409,-2.269553,2.546541,8048
123.66,-52.16665,0,0,-0.7116818,-0.9784272,0.5030622,-6.855726,-2.48037,-2.359618,2.219861,8032
123.68,-53.36584,0,0,-0.6868926,-0.9591175,0.3809245,-7.664891,-2.48037,-2.380925,2.278785,8056
123.7,-52.13893,0,0,-0.6775822,-0.9598294,0.2587874,-8.358618,-2.48037,-2.386232,2.287437,8048
123.72,-44.61804,0,0,-0.6814255,-0.9692926,-0.1381594,-8.679449,-2.412889,-2.332973,2.520657,8040
123.74,-37.63721,0,0,-0.6953035,-0.9774222,-1.008389,-8.083316,-2.345409,-2.264255,2.778554,8052
123.76,-44.66712,0,0,-0.6967817,-0.9699693,-1.023656,-6.978302,-2.412889,-2.299442,2.613081,8052
123.78,-40.97671,0,0,-0.6858642,-0.9457238,0.1977187,-6.980602,-2.345409,-2.253922,2.863776,8036
123.8,-54.0659,0,0,-0.6802799,-0.9364911,0.2435202,-6.645972,-2.48037,-2.352657,2.366601,8056
123.82,-49.01338,0,0,-0.6856895,-0.9372384,-0.07709067,-7.730493,-2.412889,-2.328114,2.446694,8068
123.84,-47.4006,0,0,-0.6688377,-0.9417136,0.5793981,-7.988917,-2.412889,-2.319179,2.497127,8060
123.86,-46.8592,0,0,-0.6850969,-0.9555184,-0.519839,-7.950979,-2.412889,-2.318963,2.420376,8056
123.88,-34.72563,0,0,-0.670564,-0.9460489,0.6862684,-7.893977,-2.277929,-2.206374,2.980516,8036
123.9,-53.66489,0,0,-0.6579331,-0.9345831,0.1519171,-6.685337,-2.48037,-2.338464,2.363876,8044
123.92,-50.30856,0,0,-0.6426777,-0.9133363,0.5641309,-7.83798,-2.412889,-2.320219,2.517304,8048
123.94,-55.15806,0,0,-0.6286427,-0.9159838,-0.550373,-8.320159,-2.48037,-2.370053,2.266191,8040
123.96,-48.29313,0,0,-0.6320294,-0.9271671,0.4114593,-9.116066,-2.412889,-2.330037,2.418757,8048
123.98,-40.63882,0,0,-0.6387569,-0.9400433,-0.2908313,-8.922542,-2.345409,-2.264284,2.663957,8052
124,-46.76344,0,0,-0.6557325,-0.9489825,-0.3213652,-7.972726,-2.412889,-2.302296,2.422076,8048
124.02,-48.1606,0,0,-0.6610176,-0.944856,-0.6877776,-7.9415,-2.412889,-2.313119,2.395588,8056
124.04,-48.04985,0,0,-0.6801513,-0.9543543,-2.214496,-8.01013,-2.412889,-2.31908,2.312717,8040
124.06,-54.46675,0,0,-0.5677742,-0.8993468,-1.16106,-8.361014,-2.48037,-2.357867,2.560489,8044
124.08,-48.9297,0,0,-0.6022295,-0.9042082,-0.7946484,-9.162834,-2.412889,-2.323144,2.519906,8060
124.1,-47.63367,0,0,-0.6221514,-0.9260675,-0.4740371,-9.079708,-2.412889,-2.317307,2.418303,8052
124.12,-47.81062,0,0,-0.5746579,-0.9060427,-0.596175,-9.017726,-2.412889,-2.30739,2.633512,8040
124.14,-54.53552,0,0,-0.5867189,-0.9070576,0.02977964,-8.974528,-2.48037,-2.362869,2.297212,8064
124.16,-48.49364,0,0,-0.6068,-0.9199494,0.4572606,-9.564044,-2.412889,-2.32718,2.386816,8072
124.18,-40.99305,0,0,-0.6286027,-0.9392046,0.1061156,-9.273464,-2.345409,-2.264731,2.578666,8056
124.2,-47.09823,0,0,-0.635932,-0.9438012,0.07558119,-8.298947,-2.412889,-2.301529,2.398892,8044
124.22,-48.52656,0,0,-0.6437337,-0.9389181,-0.1686933,-8.243782,-2.412889,-2.312397,2.369173,8056
124.24,-48.55117,0,0,-0.6484036,-0.9396874,0.2893218,-8.340246,-2.412889,-2.316221,2.350989,8052
124.26,-42.04281,0,0,-0.6693223,-0.9502,-0.04655629,-8.342009,-2.345409,-2.265318,2.517967,8060
124.28,-41.79129,0,0,-0.6691917,-0.9495789,0.1213828,-7.680666,-2.345409,-2.2501,2.591085,8072
124.3,-49.01878,0,0,-0.6726772,-0.9435899,0.1824515,-7.211055,-2.412889,-2.301136,2.35929,8056
124.32,-55.88838,0,0,-0.6761729,-0.9438664,0.2435202,-7.628317,-2.48037,-2.37116,2.059076,8040
124.34,-48.67322,0,0,-0.6862471,-0.9580518,0.01451245,-8.567204,-2.412889,-2.336929,2.217052,8052
124.36,-40.1888,0,0,-0.7005863,-0.9781374,-0.6419765,-8.410698,-2.345409,-2.272624,2.479647,8044
124.38,-39.6282,0,0,-0.7169026,-0.9863998,0.2740546,-7.394025,-2.345409,-2.254554,2.543938,8052
124.4,-41.08846,0,0,-0.7109704,-0.9697865,0.4419934,-6.672786,-2.345409,-2.247368,2.647558,8048
124.42,-48.7603,0,0,-0.7109694,-0.9558254,0.1061156,-6.352199,-2.412889,-2.301263,2.409217,8040
124.44,-49.20145,0,0,-0.7623408,-0.9794126,-0.1381594,-6.776922,-2.412889,-2.325263,2.129937,8052
124.46,-53.65494,0,0,-0.7543227,-0.9940161,0.1061156,-7.124172,-2.48037,-2.383324,1.956703,8044
124.48,-39.9647,0,0,-0.7492585,-0.9994563,-0.09235785,-7.802128,-2.345409,-2.286431,2.497741,8044
124.5,-38.43542,0,0,-0.7286111,-0.9907199,0.09084838,-6.923248,-2.345409,-2.254367,2.728536,8040
124.52,-46.01696,0,0,-0.7478901,-0.9859271,0.6404669,-6.138067,-2.412889,-2.303228,2.455563,8032
124.54,-47.75525,0,0,-0.7080629,-0.9549028,2.014513,-6.495175,-2.412889,-2.311543,2.5888,8048
124.56,-48.52683,0,0,-0.6392254,-0.911317,1.81604,-7.113213,-2.412889,-2.30631,2.798831,8048
124.58,-48.99826,0,0,-0.6442472,-0.9075707,-0.5809073,-7.606196,-2.412889,-2.31025,2.638422,8040
124.6,-42.6773,0,0,-0.6696874,-0.9258097,-0.1534266,-7.907437,-2.345409,-2.262678,2.671867,8052
124.62,-48.21042,0,0,-0.6821966,-0.9433334,0.01451245,-7.433312,-2.412889,-2.305933,2.37874,8060
124.64,-48.679,0,0,-0.6923597,-0.9524621,-0.03128911,-7.642646,-2.412889,-2.318641,2.307083,8036
124.66,-41.9586,0,0,-0.6923203,-0.9567025,-0.2602969,-7.820034,-2.345409,-2.26649,2.55705,8048
124.68,-47.41317,0,0,-0.7119142,-0.9701431,-0.6572433,-7.207754,-2.412889,-2.308932,2.292504,8076
124.7,-47.99318,0,0,-0.7075157,-0.9671484,0.5946653,-7.358873,-2.412889,-2.318792,2.322955,8048
124.72,-47.4875,0,0,-0.7090122,-0.969467,0.4725278,-7.514976,-2.412889,-2.321225,2.333894,8056
124.74,-40.93213,0,0,-0.7035159,-0.9663785,-0.06182348,-7.575882,-2.345409,-2.265569,2.62675,8072
124.76,-52.92179,0,0,-0.7049003,-0.9679878,0.1366499,-6.962434,-2.48037,-2.35961,2.192936,8044
124.78,-47.75667,0,0,-0.6927255,-0.9577674,0.4267263,-7.794313,-2.412889,-2.328949,2.432196,8048
124.8,-40.33564,0,0,-0.6978415,-0.9630182,-0.03128911,-7.809139,-2.345409,-2.266686,2.670526,8060
124.82,-46.38057,0,0,-0.6953053,-0.9615278,0.6251997,-7.079134,-2.412889,-2.303379,2.496771,8044
124.84,-47.62998,0,0,-0.7087533,-0.9612895,-0.1228922,-7.167536,-2.412889,-2.31594,2.410774,8044
124.86,-41.37807,0,0,-0.7149233,-0.9639987,0.2282531,-7.329603,-2.345409,-2.265726,2.61591,8044
124.88,-53.21526,0,0,-0.709333,-0.9658737,0.5030622,-6.831743,-2.48037,-2.360183,2.197626,8044
124.9,-53.97916,0,0,-0.6867442,-0.9546098,-0.0007547362,-7.760456,-2.48037,-2.382846,2.229511,8056
124.92,-45.59659,0,0,-0.7695942,-1.008473,-3.619076,-8.223215,-2.412889,-2.346777,2.104563,8044
124.94,-36.33475,0,0,-0.8483774,-1.071611,-1.069457,-7.436119,-2.345409,-2.288354,2.189962,8048
124.96,-41.35251,0,0,-0.8466142,-1.0788,-0.6877776,-5.960249,-2.412889,-2.319037,2.237865,8056
124.98,-48.62044,0,0,-0.8531544,-1.067953,0.1519171,-5.468456,-2.48037,-2.379652,2.115718,8052
125,-37.17311,0,0,-0.787781,-1.018417,1.174818,-6.049632,-2.345409,-2.275915,2.930628,8040
125.02,-49.1942,0,0,-0.7919513,-1.007927,-0.3060985,-5.297168,-2.48037,-2.359803,2.47806,8072
125.04,-44.42872,0,0,-0.8305138,-1.019166,-0.4893047,-5.902648,-2.412889,-2.335629,2.473109,8056
125.06,-49.11478,0,0,-0.8213774,-1.027498,0.5641309,-5.851237,-2.48037,-2.381373,2.306759,8052
125.08,-36.55141,0,0,-0.8324505,-1.033526,0.8084057,-6.244658,-2.345409,-2.284925,2.746755,8076
125.1,-42.04049,0,0,-0.7926841,-1.013783,1.22062,-5.34992,-2.412889,-2.305883,2.778285,8048
125.12,-44.52127,0,0,-0.7564568,-0.9757477,0.9763447,-5.417897,-2.412889,-2.30812,2.880406,8060
125.14,-46.09397,0,0,-0.7194972,-0.9433127,2.212986,-5.832335,-2.412889,-2.307481,2.916601,8064
125.16,-53.10231,0,0,-0.701177,-0.9313471,0.01451245,-6.338157,-2.48037,-2.363941,2.597659,8072
125.18,-47.22802,0,0,-0.6911916,-0.9315521,0.4572606,-7.411805,-2.412889,-2.326518,2.707156,8064
125.2,-46.10675,0,0,-0.678333,-0.9375098,0.2435202,-7.569335,-2.412889,-2.315719,2.694366,8048
125.22,-46.3069,0,0,-0.6733036,-0.93901,1.022146,-7.573244,-2.412889,-2.312825,2.660216,8040
125.24,-52.78965,0,0,-0.6669619,-0.9394137,0.5793981,-7.619923,-2.48037,-2.366789,2.39289,8044
125.26,-46.92023,0,0,-0.6584287,-0.9374149,0.1977187,-8.325075,-2.412889,-2.32651,2.587903,8048
125.28,-51.85146,0,0,-0.6743992,-0.9554501,-0.4435031,-8.16348,-2.48037,-2.372898,2.275375,8032
125.3,-45.72056,0,0,-0.6634079,-0.9544912,0.3198562,-8.572737,-2.412889,-2.328228,2.547212,8048
125.32,-44.9417,0,0,-0.6731907,-0.9615911,-0.1686933,-8.197868,-2.412889,-2.316921,2.5452,8056
125.34,-45.42452,0,0,-0.680698,-0.9621024,0.2282531,-7.845531,-2.412889,-2.314414,2.539806,8044
125.36,-46.07443,0,0,-0.679437,-0.9563984,0.1824515,-7.662892,-2.412889,-2.313556,2.55352,8040
125.38,-52.64431,0,0,-0.6756247,-0.9525654,0.2435202,-7.625968,-2.48037,-2.368087,2.316544,8048
125.4,-46.61844,0,0,-0.6838238,-0.9568306,-0.01602192,-8.238777,-2.412889,-2.330136,2.471211,8008
125.42,-45.33222,0,0,-0.6953145,-0.9702231,-0.01602192,-8.00351,-2.412889,-2.320763,2.459285,8060
125.44,-45.386,0,0,-0.6933502,-0.9697193,0.04504682,-7.716861,-2.412889,-2.316615,2.509446,8048
125.46,-45.96849,0,0,-0.6766735,-0.9557095,0.6099325,-7.577905,-2.412889,-2.312753,2.597569,8056
125.48,-46.5307,0,0,-0.6880001,-0.9547708,-0.4129688,-7.517922,-2.412889,-2.314543,2.529479,8032
125.5,-40.77306,0,0,-0.6894864,-0.9518407,0.3503905,-7.525017,-2.345409,-2.261111,2.747233,8044
125.52,-41.19706,0,0,-0.6863449,-0.9450492,0.06031401,-6.957022,-2.345409,-2.246573,2.774784,8064
125.54,-48.77295,0,0,-0.6925443,-0.940297,-0.09235785,-6.61316,-2.412889,-2.299736,2.473018,8056
125.56,-49.61904,0,0,-0.7061897,-0.9461925,-0.3977011,-7.114868,-2.412889,-2.317921,2.32976,8040
125.58,-54.51786,0,0,-0.720295,-0.9678336,-0.6877776,-7.499607,-2.48037,-2.379622,2.002319,8064
125.6,-40.81701,0,0,-0.7258803,-0.9830369,-0.107625,-8.215587,-2.345409,-2.285775,2.46735,8080
125.62,-38.84933,0,0,-0.7358012,-0.9958096,-0.4740371,-7.272064,-2.345409,-2.258623,2.567593,8068
125.64,-46.05923,0,0,-0.7352406,-0.9870226,0.3503905,-6.446638,-2.412889,-2.30402,2.419457,8048
125.66,-53.43064,0,0,-0.7395357,-0.9809193,0.8084057,-6.623534,-2.48037,-2.372212,2.149395,8052
125.68,-46.71614,0,0,-0.7504354,-0.9895877,-0.3366328,-7.452996,-2.412889,-2.337927,2.311662,8044
125.7,-50.70423,0,0,-0.7504423,-1.003989,0.09084838,-7.328695,-2.48037,-2.381419,2.144224,8048
125.72,-38.19595,0,0,-0.7246501,-0.9901051,1.296956,-7.70332,-2.345409,-2.277875,2.777586,8056
125.74,-50.26998,0,0,-0.6720293,-0.9580128,2.319857,-6.851115,-2.48037,-2.350884,2.604811,8052
125.76,-53.03412,0,0,-0.623743,-0.9138265,1.663368,-7.652421,-2.48037,-2.367061,2.684139,8040
125.78,-47.06351,0,0,-0.6282383,-0.9109129,-0.3060985,-8.464706,-2.412889,-2.322177,2.754549,8052
125.8,-46.50665,0,0,-0.6191054,-0.9135486,0.8847416,-8.429066,-2.412889,-2.310416,2.730989,8032
125.82,-47.12806,0,0,-0.6237836,-0.9165441,0.1213828,-8.33555,-2.412889,-2.309184,2.648367,8044
125.84,-41.71195,0,0,-0.6273165,-0.9160044,0.7168028,-8.319502,-2.345409,-2.255772,2.818495,8060
125.86,-54.30282,0,0,-0.6397609,-0.9246826,-0.2450293,-7.738887,-2.48037,-2.353511,2.266718,8044
125.88,-43.22451,0,0,-0.6392535,-0.9219822,0.3809245,-8.612547,-2.345409,-2.271474,2.653269,8052
125.9,-48.08253,0,0,-0.6366208,-0.9283007,-0.4129688,-8.088182,-2.412889,-2.303468,2.453075,8072
125.92,-43.06305,0,0,-0.6308995,-0.9199988,0.2740546,-8.238087,-2.345409,-2.256896,2.682659,8052
125.94,-49.24759,0,0,-0.6416688,-0.9245403,-0.2908313,-7.809353,-2.412889,-2.301414,2.393616,8060
125.96,-44.11789,0,0,-0.6312687,-0.9153943,0.1519171,-8.171026,-2.345409,-2.257921,2.627029,8052
125.98,-49.93463,0,0,-0.6388311,-0.9210646,-0.1228922,-7.881541,-2.412889,-2.302793,2.346272,8036
126,-44.32435,0,0,-0.6482726,-0.9253235,0.1061156,-8.242917,-2.345409,-2.262107,2.501055,8048
126.02,-49.76955,0,0,-0.6436209,-0.929037,-0.0007547362,-7.933526,-2.412889,-2.304622,2.305292,8060
126.04,-43.98171,0,0,-0.6639662,-0.9379327,-0.2908313,-8.214115,-2.345409,-2.264463,2.435549,8068
126.06,-49.28688,0,0,-0.6615198,-0.9432179,0.4877952,-7.824837,-2.412889,-2.306756,2.257724,8064
126.08,-49.43122,0,0,-0.6838306,-0.9552965,-0.6114421,-8.037923,-2.412889,-2.320977,2.162787,8044
126.1,-54.14277,0,0,-0.7118266,-0.9818254,-1.115259,-8.117642,-2.48037,-2.381982,1.851353,8044
126.12,-45.98876,0,0,-0.7742565,-1.028362,-2.825183,-8.456463,-2.412889,-2.349611,1.90685,8036
126.14,-42.91632,0,0,-0.8052014,-1.062807,-0.7335792,-7.751798,-2.412889,-2.338657,2.009199,8036
126.16,-47.582,0,0,-0.8601611,-1.095876,-0.7488468,-6.809391,-2.48037,-2.392166,1.7786,8060
126.18,-46.91834,0,0,-0.845247,-1.088257,1.022146,-6.681107,-2.48037,-2.398426,2.052272,8044
126.2,-39.70699,0,0,-0.8557534,-1.084952,-0.7488468,-6.494148,-2.412889,-2.343526,2.421235,8052
126.22,-45.01266,0,0,-0.8749484,-1.088619,0.2587874,-5.592199,-2.48037,-2.383355,2.280136,8060
126.24,-33.73672,0,0,-0.858735,-1.06436,0.09084838,-5.558734,-2.345409,-2.280376,2.922202,8056
126.26,-34.40536,0,0,-0.8321155,-1.031217,-0.0007547362,-4.477995,-2.345409,-2.248526,3.138251,8064
126.28,-43.50675,0,0,-0.8381317,-1.008072,0.4419934,-3.827429,-2.412889,-2.298758,2.833858,8060
126.3,-46.05724,0,0,-0.7984295,-0.9734246,1.724437,-4.435303,-2.412889,-2.310562,2.861695,8056
126.32,-46.6986,0,0,-0.7726769,-0.9572375,1.22062,-5.184353,-2.412889,-2.314539,2.808635,8044
126.34,-40.41095,0,0,-0.7894982,-0.9700103,-0.6725109,-5.702353,-2.345409,-2.266797,2.838486,8048
126.36,-40.11086,0,0,-0.7756526,-0.9713464,0.1824515,-5.445801,-2.345409,-2.252398,2.857041,8060
126.38,-41.18739,0,0,-0.7790676,-0.9698344,-0.03128911,-5.23505,-2.345409,-2.250293,2.782659,8056
126.4,-42.22237,0,0,-0.7760394,-0.9652948,0.3198562,-5.213191,-2.345409,-2.250922,2.726949,8044
126.42,-49.08182,0,0,-0.7551008,-0.9554248,0.2282531,-5.370313,-2.412889,-2.304443,2.500216,8060
126.44,-43.44054,0,0,-0.7434117,-0.9497201,0.5793981,-6.200044,-2.345409,-2.264732,2.672957,8036
126.46,-48.63005,0,0,-0.736265,-0.9556552,0.4419934,-6.21076,-2.412889,-2.308712,2.422663,8068
126.48,-42.77305,0,0,-0.7236552,-0.9520802,0.5641309,-6.770368,-2.345409,-2.264682,2.648521,8072
126.5,-54.34412,0,0,-0.7052838,-0.9510211,0.7931387,-6.615749,-2.48037,-2.359862,2.234718,8060
126.52,-54.65439,0,0,-0.6961783,-0.9514355,0.2587874,-7.709975,-2.48037,-2.385407,2.173908,8060
126.54,-40.30233,0,0,-0.7144593,-0.9733466,-0.3977011,-8.407038,-2.345409,-2.285295,2.556211,8060
126.56,-38.58382,0,0,-0.7112538,-0.9808071,0.5030622,-7.419403,-2.345409,-2.254729,2.695506,8036
126.58,-40.35239,0,0,-0.6959046,-0.958383,0.1519171,-6.627162,-2.345409,-2.243203,2.817202,8048
126.6,-48.66548,0,0,-0.6871058,-0.9364868,0.01451245,-6.317515,-2.412889,-2.295758,2.576082,8040
126.62,-50.08316,0,0,-0.6834148,-0.9271004,0.1824515,-6.971587,-2.412889,-2.31278,2.470602,8012
126.64,-49.42015,0,0,-0.6867232,-0.9367545,0.1671843,-7.545735,-2.412889,-2.319725,2.373435,8048
126.66,-48.38442,0,0,-0.6795256,-0.9452062,0.5183294,-7.878014,-2.412889,-2.320322,2.376759,8040
126.68,-47.69086,0,0,-0.6679288,-0.9465715,0.3961921,-8.023897,-2.412889,-2.318024,2.426985,8048
126.7,-41.47779,0,0,-0.6539328,-0.9381899,0.2282531,-8.083304,-2.345409,-2.260309,2.729977,8032
126.72,-41.82453,0,0,-0.6571553,-0.9332652,0.2587874,-7.488271,-2.345409,-2.245663,2.734383,8044
126.74,-55.36097,0,0,-0.6658643,-0.9330601,0.2587874,-7.117,-2.48037,-2.353706,2.1883,8052
126.76,-43.93155,0,0,-0.6683099,-0.9324206,0.09084838,-8.220855,-2.345409,-2.27533,2.554518,8048
126.78,-48.13188,0,0,-0.6726158,-0.9467257,-0.06182348,-7.794103,-2.412889,-2.308913,2.336973,8060
126.8,-48.37912,0,0,-0.6877065,-0.9570324,-0.5656406,-7.887337,-2.412889,-2.319429,2.2718,8048
126.82,-41.74263,0,0,-0.684399,-0.9578636,0.3198562,-7.973481,-2.345409,-2.265809,2.557073,8064
126.84,-41.43238,0,0,-0.6954663,-0.960888,0.01451245,-7.327711,-2.345409,-2.251938,2.576556,8060
126.86,-48.58018,0,0,-0.6930642,-0.9532506,0.09084838,-6.877601,-2.412889,-2.302269,2.374484,8048
126.88,-55.57437,0,0,-0.6795743,-0.9436612,0.2587874,-7.347837,-2.48037,-2.369621,2.144459,8048
126.9,-42.60419,0,0,-0.6861519,-0.950074,0.2740546,-8.342015,-2.345409,-2.280318,2.53572,8044
126.92,-52.74424,0,0,-0.686784,-0.9651115,0.1213828,-7.699824,-2.48037,-2.364121,2.132126,8064
126.94,-41.14431,0,0,-0.6855338,-0.9615165,-0.3213652,-8.283495,-2.345409,-2.276139,2.606329,8068
126.96,-46.30221,0,0,-0.6670163,-0.953502,0.5488637,-7.557324,-2.412889,-2.303195,2.528458,8052
126.98,-41.6484,0,0,-0.6828471,-0.9485186,-0.03128911,-7.548054,-2.345409,-2.259052,2.678433,8040
127,-48.00407,0,0,-0.6868106,-0.9482832,-0.04655629,-7.067909,-2.412889,-2.302955,2.434914,8060
127.02,-48.96239,0,0,-0.6836411,-0.9434782,0.2435202,-7.400335,-2.412889,-2.315222,2.400182,8044
127.04,-54.56709,0,0,-0.6759253,-0.9461533,-0.06182348,-7.748506,-2.48037,-2.372686,2.161385,8048
127.06,-41.54786,0,0,-0.6858361,-0.9563377,0.04504682,-8.50679,-2.345409,-2.280223,2.563167,8052
127.08,-39.94123,0,0,-0.6922389,-0.9664786,-0.04655629,-7.672481,-2.345409,-2.254195,2.633967,8048
127.1,-41.2928,0,0,-0.6893523,-0.9545615,0.4725278,-6.957987,-2.345409,-2.245746,2.697367,8052
127.12,-43.01168,0,0,-0.692247,-0.9412727,0.01451245,-6.615081,-2.345409,-2.245152,2.671408,8040
127.14,-50.32539,0,0,-0.6860303,-0.9314858,0.1061156,-6.589363,-2.412889,-2.300757,2.406158,8056
127.16,-44.84211,0,0,-0.6771871,-0.9247711,0.1824515,-7.33507,-2.345409,-2.261817,2.587223,8044
127.18,-50.07633,0,0,-0.6708149,-0.9294682,0.07558119,-7.303858,-2.412889,-2.305917,2.348481,8036
127.2,-50.22119,0,0,-0.6607415,-0.9290587,0.1061156,-7.839506,-2.412889,-2.316883,2.332631,8056
127.22,-43.26132,0,0,-0.6617401,-0.9351046,-0.01602192,-8.202442,-2.345409,-2.265398,2.544468,8036
127.24,-48.70098,0,0,-0.6535639,-0.9366112,0.02977964,-7.766637,-2.412889,-2.304168,2.376296,8076
127.26,-43.34144,0,0,-0.6613391,-0.9356619,-0.07709067,-7.998377,-2.345409,-2.26136,2.556407,8068
127.28,-42.96751,0,0,-0.6751508,-0.9428232,0.01451245,-7.572134,-2.345409,-2.251676,2.525873,8048
127.3,-43.72554,0,0,-0.6697247,-0.9356765,0.2435202,-7.262732,-2.345409,-2.247949,2.563692,8048
127.32,-50.61868,0,0,-0.6678183,-0.9304521,0.1519171,-7.147547,-2.412889,-2.30221,2.312969,8052
127.34,-44.8339,0,0,-0.6786827,-0.9346964,0.1519171,-7.734083,-2.345409,-2.264937,2.445825,8048
127.36,-49.78293,0,0,-0.6776714,-0.9438288,0.1519171,-7.546893,-2.412889,-2.308846,2.234539,8064
127.38,-49.69618,0,0,-0.6797593,-0.9491187,0.2129859,-7.913746,-2.412889,-2.320402,2.215434,8064
127.4,-42.65163,0,0,-0.6735063,-0.9503848,0.07558119,-8.158516,-2.345409,-2.266822,2.506242,8068
127.42,96.06656,0,0,-0.6749597,-0.8834325,0.04504682,-7.461786,-0.7933693,-0.9932168,8.115188,8052
127.44,63.59458,0,0,-0.683888,-0.7650769,0.3198562,7.016885,-1.06329,-0.8710083,7.781998,7960
127.46,-124.3951,0,0,-0.4711754,-0.4713734,17.28169,12.58078,-2.75029,-2.20143,2.01359,7976
127.48,-146.0391,0,0,0.3754415,0.06844926,40.85422,-5.215795,-2.68281,-2.433088,3.49376,8056
127.5,-142.9945,0,0,0.7696999,0.1974904,16.25879,-20.587,-2.75029,-2.551998,2.656619,8064
127.52,-89.14957,0,0,0.5889838,-0.07932818,-14.87099,-30.0404,-2.345409,-2.314786,1.727469,8084
127.54,-40.56842,0,0,-0.2224433,-0.7413903,-46.06184,-28.50182,-2.075489,-2.14154,-0.8844824,8060
127.56,-15.36362,0,0,-1.559454,-1.686239,-69.10001,-18.57424,-2.075489,-2.236702,-5.091028,8040
127.58,40.37146,0,0,-2.683241,-2.488369,-55.39009,-5.869256,-1.738089,-2.05542,-5.652416,8024
127.6,20.28692,0,0,-1.983994,-2.178691,49.63285,6.578962,-2.075489,-2.063507,-0.02015734,8008
127.62,2.302017,0,0,-1.372057,-1.526061,24.94582,11.03598,-2.075489,-1.950425,4.329214,8048
127.64,-49.1501,0,0,-0.8993,-0.9604681,33.00689,10.5971,-2.412889,-2.157002,5.119391,8044
127.66,-102.9442,0,0,0.2240822,-0.1721062,49.67865,1.713146,-2.75029,-2.373822,7.300957,8036
127.68,-30.36782,0,0,0.9107069,0.3803993,30.51834,-11.78483,-1.738089,-1.595572,11.10742,8084
127.7,-38.64312,0,0,1.039215,0.4998297,3.785506,-14.019,-1.738089,-1.445152,9.239914,8008
127.72,-143.0716,0,0,0.5883738,0.2014889,-26.10763,-15.24394,-2.75029,-2.3495,1.382583,8020
127.74,-100.7148,0,0,-0.2767419,-0.4799223,-45.49695,-24.079,-2.345409,-2.411134,-2.591507,8076
127.76,-63.52094,0,0,-0.9580877,-1.236343,-15.08473,-23.52285,-2.345409,-2.479321,-4.753241,8036
127.78,-37.37449,0,0,-0.9551015,-1.492003,-4.3061,-19.10254,-2.345409,-2.415197,-2.643668,8064
127.8,-24.42049,0,0,-1.224464,-1.647738,-17.68015,-12.64773,-2.345409,-2.380768,-1.720602,8068
127.82,-27.74973,0,0,-1.764481,-1.898377,-28.82519,-5.466536,-2.48037,-2.51718,-2.55681,8052
127.84,-11.24475,0,0,-2.29477,-2.172048,0.7168028,0.5780293,-2.412889,-2.528745,-2.54969,8056
127.86,-24.38961,0,0,-1.703811,-1.845145,25.67864,4.726129,-2.61533,-2.553454,1.383721,8092
127.88,41.65031,0,0,-1.564597,-1.543146,5.419095,5.734172,-1.805569,-1.878742,5.697541,8068
127.9,30.38802,0,0,-1.10755,-1.105439,25.15956,11.70456,-1.805569,-1.640495,8.138688,8008
127.92,5.983276,0,0,-0.5760806,-0.5507312,25.99925,12.89734,-1.738089,-1.486125,9.753712,8004
127.94,-30.6142,0,0,-0.08995587,-0.06908938,26.24353,9.638665,-1.805569,-1.497403,9.57153,8016
127.96,-49.88425,0,0,0.4110989,0.3167858,23.09849,2.171599,-1.738089,-1.449901,9.233675,8008
127.98,-64.42734,0,0,0.5093543,0.3827282,0.2435202,-5.194297,-1.738089,-1.497649,6.807595,7996
128,-68.18225,0,0,0.3601629,0.190721,-6.626712,-11.20206,-1.738089,-1.581871,3.867397,8024
128.02,-63.15565,0,0,0.1792684,-0.08879729,-10.33664,-15.02227,-1.738089,-1.648267,1.726537,8020
128.04,-143.8414,0,0,-0.07099482,-0.4414128,-13.78702,-16.35545,-2.75029,-2.518017,-3.446352,8032
128.06,-92.32486,0,0,-0.327965,-0.7838951,-14.03129,-24.52412,-2.345409,-2.440391,-3.269837,8072
128.08,-72.60825,0,0,-0.6074803,-1.1685,-17.37481,-23.85047,-2.48037,-2.524239,-3.705127,8048
128.1,-50.81299,0,0,-1.034956,-1.527876,-26.47405,-20.05675,-2.48037,-2.553861,-3.756217,8064
128.12,-18.47202,0,0,-1.698229,-1.950703,-35.75649,-13.30823,-2.345409,-2.489199,-3.858611,8056
128.14,-11.31239,0,0,-2.405836,-2.379443,-30.50458,-3.397075,-2.48037,-2.613816,-4.566321,8036
128.16,91.25362,0,0,-1.894278,-2.046105,21.05268,2.783775,-1.40069,-1.620302,4.300017,8056
128.18,49.14877,0,0,-1.4975,-1.531878,20.3046,16.03538,-1.738089,-1.5487,6.74472,7996
128.2,-19.43616,0,0,-1.015991,-0.8966888,29.3733,19.03969,-2.075489,-1.76799,7.342198,7996
128.22,-54.68735,0,0,0.106439,-0.02675188,54.57942,10.72017,-2.075489,-1.729613,10.23537,8024
128.24,3.101265,0,0,0.8846343,0.6257836,35.61758,-0.8217758,-1.13077,-0.9399031,13.74779,8056
128.26,-131.2765,0,0,1.084814,0.7866356,5.709171,-3.6098,-2.412889,-1.837014,6.835036,7976
128.28,-117.8207,0,0,0.7812517,0.5443254,-15.86336,-18.27589,-2.075489,-1.929563,3.028245,8052
128.3,-97.90668,0,0,0.5347971,0.08314446,-8.519841,-25.92596,-2.075489,-2.011217,0.215542,8032
128.32,-83.95541,0,0,0.3642163,-0.3054442,-11.03893,-28.37312,-2.142969,-2.093073,-1.098867,8036
128.34,-54.17571,0,0,-0.07480148,-0.7251856,-28.71832,-27.20756,-2.008009,-2.038028,-1.980824,8036
128.36,-8.914017,0,0,-1.062943,-1.386378,-54.16871,-20.46844,-1.738089,-1.903133,-3.784554,8040
128.38,14.85648,0,0,-2.201463,-2.136034,-50.19925,-7.955065,-1.738089,-1.956299,-5.937777,8048
128.4,19.03215,0,0,-1.841122,-2.009753,19.09849,2.079125,-1.805569,-1.871886,-1.272148,8028
128.42,17.56382,0,0,-1.477338,-1.585177,17.22062,8.150801,-1.738089,-1.702428,2.587917,7996
128.44,-29.26147,0,0,-0.9801534,-1.057108,30.99162,10.47991,-2.075489,-1.865918,4.172992,8020
128.46,-50.94001,0,0,-0.2414397,-0.4346544,36.18246,5.032054,-2.075489,-1.841953,6.49161,8028
128.48,-71.56235,0,0,0.1588399,-0.07461736,17.61757,-2.157846,-2.142969,-1.894562,6.181295,8036
128.5,-66.40277,0,0,0.24546,-0.01246923,2.365658,-9.413698,-2.008009,-1.843034,5.040112,8032
128.52,-70.45984,0,0,0.1218023,-0.1757452,-4.626711,-13.42315,-2.075489,-1.934183,2.820642,8040
128.54,-65.51802,0,0,0.0006076256,-0.3771285,-6.916788,-16.11451,-2.075489,-1.983958,1.491111,8040
128.56,-56.99628,0,0,-0.2492448,-0.6358926,-12.10763,-16.63839,-2.075489,-2.026771,0.2386971,8048
128.58,-47.28612,0,0,-0.499487,-0.8788358,-13.13053,-15.32856,-2.075489,-2.054244,-0.4264746,8028
128.6,-38.23526,0,0,-0.7377898,-1.077597,-11.58854,-12.71208,-2.075489,-2.068744,-0.630158,8024
128.62,-31.29708,0,0,-0.8874139,-1.188478,-5.60381,-9.553447,-2.075489,-2.06493,-0.2407066,8032
128.64,-22.14336,0,0,-0.8685225,-1.160699,1.724437,-6.743993,-2.008009,-1.981417,1.074799,8028
128.66,-35.10892,0,0,-0.8325317,-1.082139,2.121383,-4.062424,-2.142969,-2.050597,1.469243,8024
128.68,-32.87629,0,0,-0.756927,-0.9715746,4.732071,-3.818286,-2.075489,-2.001704,2.323175,8032
128.7,-11.2009,0,0,-0.6630189,-0.8579595,4.594666,-3.70688,-1.805569,-1.760113,3.766167,8036
128.72,-15.65408,0,0,-0.6159525,-0.7701874,2.686269,-1.613164,-1.805569,-1.696461,3.937503,8012
128.74,-24.28888,0,0,-0.5873261,-0.6911411,1.648101,-0.7837009,-1.805569,-1.68799,3.739161,8012
128.76,-19.56763,0,0,-0.4974561,-0.5988861,5.617568,-1.376497,-1.670609,-1.577689,4.122277,8028
128.78,46.05386,0,0,-0.3507279,-0.4538891,7.892378,-1.668107,-0.8608494,-0.8859984,7.102386,8036
128.8,41.2359,0,0,-0.3381655,-0.347847,0.6710012,4.690376,-0.7933693,-0.6637942,7.016179,7940
128.82,17.06723,0,0,-0.2192857,-0.1475523,5.190087,8.060093,-0.7933693,-0.6160394,6.613097,7972
128.84,-120.6396,0,0,0.1119322,0.09115113,24.65574,6.731746,-2.075489,-1.634765,2.014038,7968
128.86,-135.3881,0,0,0.6605647,0.3665318,25.78551,-9.724989,-2.075489,-1.8795,1.912957,8020
128.88,-121.9649,0,0,0.9434909,0.3584263,15.26643,-23.08933,-2.075489,-1.945233,1.188584,8036
128.9,-74.27101,0,0,0.9461864,0.1669114,-6.779382,-30.61957,-1.738089,-1.704832,1.268443,8072
128.92,-56.85493,0,0,0.4764664,-0.2565071,-27.83283,-29.4316,-1.738089,-1.701418,-0.8429281,8016
128.94,-41.39696,0,0,-0.386943,-0.8722583,-43.61909,-24.30599,-1.738089,-1.794609,-3.731792,8020
128.96,-199.3985,0,0,-1.507086,-1.72979,-54.48932,-16.14267,-3.762489,-3.562188,-13.79959,8020
128.98,100.7831,0,0,-2.373842,-2.395884,-0.6725109,-23.66112,-0.7933693,-1.662444,-4.575558,8112
129,154.4053,0,0,-2.005051,-2.340637,12.47253,0.9663595,-0.7258892,-0.9064171,2.709078,7956
129.02,120.7175,0,0,-2.258452,-2.027741,-14.36717,23.50993,-0.7933693,-0.7430397,4.603321,7948
129.04,19.49265,0,0,-2.086484,-1.502629,21.60231,34.4766,-1.46817,-1.225237,4.131678,7956
129.06,-47.24541,0,0,-0.4701898,-0.3065445,69.78554,26.80577,-1.738089,-1.379035,9.131578,8000
129.08,5.656853,0,0,0.4993271,0.570961,47.96873,11.85778,-0.7933693,-0.6242525,13.44885,8024
129.1,-14.69557,0,0,0.9784294,0.974333,20.59467,5.560113,-0.7933693,-0.4653247,12.0288,7956
129.12,-31.59066,0,0,0.7940119,0.9063747,-10.77938,-0.355019,-0.7258892,-0.4923657,7.815464,7948
129.14,-46.64616,0,0,0.6577467,0.6843961,-7.161062,-5.63197,-0.7933693,-0.6293982,4.228402,7964
129.16,-245.7726,0,0,0.6837187,0.4137743,-3.099992,-10.8833,-3.02021,-2.49187,-5.472352,7944
129.18,-92.07681,0,0,0.5067519,0.04791197,-11.74122,-33.80932,-1.46817,-1.771058,-2.723142,8116
129.2,-38.59123,0,0,0.1747279,-0.5310643,-21.43588,-32.46604,-1.46817,-1.582419,-3.136746,8008
129.22,-94.75802,0,0,-0.384151,-1.045024,-32.80993,-24.45201,-2.345409,-2.260707,-6.813754,8000
129.24,-82.58305,0,0,-1.152489,-1.585266,-40.62672,-22.44996,-2.412889,-2.545589,-8.400398,8040
129.26,-47.32004,0,0,-1.942999,-2.188053,-26.62672,-17.45265,-2.412889,-2.652416,-8.797894,8044
129.28,-49.24657,0,0,-1.819886,-2.255191,3.785506,-10.6761,-2.75029,-2.831603,-5.768669,8056
129.3,77.76616,0,0,-1.818981,-2.108808,-2.718313,-6.189716,-1.46817,-1.774504,1.69742,8060
129.32,54.80912,0,0,-1.676585,-1.814171,7.098485,9.197721,-1.738089,-1.647992,4.092125,7996
129.34,25.91899,0,0,-1.520081,-1.381472,8.04505,16.591,-1.738089,-1.594865,5.651859,8008
129.36,82.76678,0,0,-1.009974,-0.7904367,40.77789,17.09494,-0.7933693,-0.7728741,10.81787,8008
129.38,57.03889,0,0,-0.1332147,-0.02239773,36.97636,20.51306,-0.7258892,-0.4259433,13.6279,7976
129.4,-110.9216,0,0,0.4711568,0.5843315,29.84658,18.06913,-2.075489,-1.43851,8.431777,7960
129.42,-56.88628,0,0,1.256428,1.134278,38.80842,-2.913235,-1.06329,-0.8886608,10.86583,8032
129.44,-61.12779,0,0,1.788262,1.342758,22.50307,-13.14586,-1.06329,-0.7578208,9.492311,7964
129.46,-47.20124,0,0,1.644914,1.18001,-11.55801,-20.07481,-0.7933693,-0.6014356,6.490598,7964
129.48,-130.9888,0,0,1.105367,0.6655792,-30.29084,-21.82339,-1.738089,-1.443064,-1.344917,7948
129.5,-184.0585,0,0,0.3709753,-0.07003754,-36.55038,-29.30531,-2.48037,-2.375168,-8.324325,8020
129.52,-129.9713,0,0,-0.2932847,-0.8771578,-25.23741,-37.51759,-2.345409,-2.557217,-10.07272,8072
129.54,-47.36588,0,0,-0.640501,-1.456189,-24.84046,-36.19733,-2.008009,-2.281988,-7.633333,8044
129.56,-17.21187,0,0,-1.206076,-1.911381,-35.84809,-25.14299,-2.075489,-2.242341,-6.624368,8048
129.58,4.695473,0,0,-2.282605,-2.482848,-58.70306,-11.52111,-2.075489,-2.297928,-7.460686,8040
129.6,27.08784,0,0,-3.329314,-3.047631,-39.45115,2.940198,-2.075489,-2.364131,-7.731814,8016
129.62,4.287842,0,0,-2.403485,-2.510995,44.76262,12.46995,-2.412889,-2.409118,-0.7535021,8048
129.64,79.46731,0,0,-1.681498,-1.710176,27.60231,14.41118,-1.40069,-1.47695,7.759714,8088
129.66,25.54901,0,0,-1.03535,-0.9630169,38.213,21.18606,-1.738089,-1.442254,9.690018,8016
129.68,-24.55567,0,0,-0.1654883,-0.1231936,42.39621,17.52098,-1.805569,-1.436539,11.33032,8000
129.7,-51.48908,0,0,0.3039882,0.3697003,23.12902,8.36962,-1.738089,-1.416494,10.35906,8016
129.72,14.02715,0,0,0.6488404,0.6224846,14.83894,-1.539842,-0.7933693,-0.6864645,11.8213,8020
129.74,9.319332,0,0,0.5195359,0.5323828,-7.405338,-1.263736,-0.7258892,-0.523396,8.923289,7968
129.76,-15.52277,0,0,0.4974773,0.472685,1.281688,-1.488464,-0.7933693,-0.5824501,6.385256,7964
129.78,-23.92905,0,0,0.5473634,0.4506992,2.533597,-4.280595,-0.7258892,-0.5727351,4.903155,7972
129.8,-36.99074,0,0,0.5505614,0.3846725,-0.2144953,-7.01282,-0.7933693,-0.6540079,3.11739,7956
129.82,-39.68014,0,0,0.526634,0.2882621,-0.962587,-10.07476,-0.7933693,-0.6991197,1.814101,7960
129.84,-121.9403,0,0,0.4766017,0.1283475,-2.306099,-12.30545,-1.738089,-1.493502,-2.531766,7964
129.86,-119.96,0,0,0.4236915,-0.06178974,-2.596175,-21.91998,-1.805569,-1.769579,-3.749094,8020
129.88,-93.64708,0,0,0.3166119,-0.3447519,-9.420605,-27.75486,-1.805569,-1.838583,-3.995252,8024
129.9,-150.5892,0,0,-0.0856881,-0.7906667,-23.42061,-27.8306,-2.75029,-2.643153,-8.030507,8024
129.92,-95.57148,0,0,-0.895515,-1.441158,-44.06184,-31.179,-2.48037,-2.70308,-9.035181,8068
129.94,61.06461,0,0,-1.863181,-2.187188,-49.52749,-24.76397,-1.26573,-1.779873,-5.57557,8052
129.96,77.89184,0,0,-2.805834,-2.789488,-37.32901,-1.713828,-1.46817,-1.710199,-5.416825,7980
129.98,72.50302,0,0,-2.50617,-2.471759,17.00689,14.76856,-1.46817,-1.539398,0.1607192,7988
130,25.73965,0,0,-1.965821,-1.792148,31.44964,23.57716,-1.738089,-1.603618,3.801753,7980
130.02,-35.40936,0,0,-1.068653,-0.9306582,52.04507,21.93216,-2.075489,-1.795159,6.471087,8004
130.04,-100.6591,0,0,0.0582186,-0.05322266,53.29697,11.13534,-2.48037,-2.084599,7.932202,8016
130.06,-114.0305,0,0,0.8507116,0.5128928,35.48018,-5.215472,-2.412889,-2.091455,8.281437,8060
130.08,-122.6686,0,0,1.000173,0.539686,2.060315,-18.12215,-2.48037,-2.214083,5.417149,8056
130.1,-71.43961,0,0,0.6735262,0.1709567,-21.87862,-26.67152,-2.008009,-1.958305,3.365113,8056
130.12,55.87976,0,0,-0.0571661,-0.4316906,-43.95497,-24.90525,-0.7933693,-1.008644,3.987567,8036
130.14,-14.8867,0,0,-1.091592,-1.168536,-56.50459,-7.815475,-1.738089,-1.627523,-2.479145,7984
130.16,-20.23032,0,0,-2.133085,-1.820101,-28.73359,-0.4042227,-1.805569,-1.943457,-5.691137,8024
130.18,-6.616394,0,0,-1.798879,-1.770244,27.4191,3.319845,-1.805569,-1.899135,-1.874063,8024
130.2,8.575691,0,0,-1.424915,-1.461081,16.02979,6.144461,-1.670609,-1.685223,1.907515,8040
130.22,-5.794922,0,0,-1.000443,-1.046798,21.11376,8.265989,-1.738089,-1.62004,4.205097,8004
130.24,-22.04186,0,0,-0.5663542,-0.6185852,18.50307,6.858954,-1.738089,-1.567079,5.658653,8012
130.26,47.92978,0,0,-0.350693,-0.3255618,11.77024,3.595251,-0.7933693,-0.7998669,8.791744,8008
130.28,33.0571,0,0,-0.03514208,-0.04089694,15.4649,7.501636,-0.7933693,-0.5876552,9.129263,7960
130.3,-1.620823,0,0,0.08445448,0.1788924,4.426728,8.138995,-0.8608494,-0.6222707,7.605582,7976
130.32,-132.493,0,0,0.3170916,0.320398,13.89238,4.194855,-2.075489,-1.63779,2.128745,7988
130.34,-225.1082,0,0,0.6228374,0.3438377,14.5794,-12.6882,-3.02021,-2.68315,-2.603534,8048
130.36,-92.48721,0,0,0.8024834,0.1701584,7.022149,-33.72317,-1.805569,-1.979076,0.4492142,8092
130.38,-53.08467,0,0,0.6447512,-0.2238581,-9.863353,-33.81648,-1.805569,-1.795925,-0.06884313,8020
130.4,-116.8327,0,0,0.03574169,-0.7288584,-29.03893,-28.12145,-2.68281,-2.51357,-4.997551,7888
130.42,-106.4569,0,0,-0.73103,-1.309578,-49.80229,-28.4465,-2.75029,-2.82584,-7.377378,8064
130.44,105.7607,0,0,-1.733558,-2.001923,-53.03894,-24.40047,-0.7933693,-1.392537,-2.181597,8076
130.46,-121.2682,0,0,-2.577678,-2.644692,-26.44351,2.149696,-3.695009,-3.370935,-11.51103,7944
130.48,-44.25839,0,0,-2.29777,-2.432678,15.3733,-3.564152,-2.75029,-3.007362,-4.406008,8140
130.5,-18.57478,0,0,-1.962218,-2.185638,14.25879,-0.5687311,-2.75029,-2.807707,-0.1998988,8072
130.52,100.3247,0,0,-2.094868,-2.033906,-5.832818,4.439369,-1.46817,-1.711484,5.606958,8060
130.54,60.66571,0,0,-1.820587,-1.668418,10.41146,18.9678,-1.805569,-1.633569,7.31848,8000
130.56,22.20441,0,0,-1.401068,-1.090563,25.3733,23.32882,-1.805569,-1.579027,8.89873,8012
130.58,80.09909,0,0,-0.2238279,-0.1235336,58.19774,18.92932,-0.7258892,-0.5783091,16.11524,8000
130.6,-88.88322,0,0,0.7145909,0.6809198,44.76262,18.72532,-2.142969,-1.428295,12.15906,7960
130.62,-131.2758,0,0,1.357764,1.221022,29.93819,-0.6356794,-2.075489,-1.645888,9.997105,8040
130.64,-138.2316,0,0,1.677161,1.262269,11.58704,-18.9553,-2.075489,-1.770226,6.719123,8040
130.66,-126.918,0,0,1.371023,0.8026034,-14.55038,-31.05593,-2.075489,-1.912785,2.057436,8024
130.68,-79.59659,0,0,0.7494324,0.09751093,-34.15344,-36.0592,-1.805569,-1.827751,-1.081331,7904
130.7,-44.46699,0,0,-0.1745755,-0.7381805,-51.39008,-31.75707,-1.738089,-1.840795,-4.199241,8012
130.72,-83.46195,0,0,-1.219305,-1.584225,-61.72596,-22.16335,-2.48037,-2.519602,-9.153127,8028
130.74,-15.93002,0,0,-2.466421,-2.461834,-42.39771,-15.86055,-2.075489,-2.456519,-9.999901,8048
130.76,-10.49259,0,0,-1.770615,-2.270357,27.70918,-6.435409,-2.345409,-2.423037,-3.53598,8028
130.78,97.85948,0,0,-1.582944,-1.874145,5.785507,-0.06255352,-1.13077,-1.34938,4.34523,8076
130.8,-36.17673,0,0,-1.226817,-1.394453,18.06032,13.89995,-2.48037,-2.091983,3.001956,7996
130.82,85.6533,0,0,-0.8976672,-0.8210683,21.23589,8.703785,-0.7258892,-0.8585472,10.01064,8068
130.84,-112.3151,0,0,-0.1607363,-0.2700115,45.40384,15.1093,-2.75029,-2.105247,5.413456,7928
130.86,-65.93674,0,0,0.4032377,0.2552428,24.19773,-2.367871,-1.805569,-1.674943,8.033238,8068
130.88,-58.49076,0,0,0.7517282,0.4094048,16.4878,-10.50142,-1.738089,-1.524449,7.33251,8004
130.9,-148.0125,0,0,0.7900561,0.3198233,-2.168694,-15.43719,-2.68281,-2.294978,1.941693,8028
130.92,-131.4782,0,0,0.3741531,-0.08867952,-19.2374,-26.59396,-2.54785,-2.484371,-1.348893,8076
130.94,55.02664,0,0,-0.07201158,-0.5876924,-19.57328,-30.801,-0.7933693,-1.158545,2.834795,8084
130.96,76.19137,0,0,-0.5002394,-0.9546794,-26.21451,-13.34163,-0.7933693,-0.8097231,2.951912,7972
130.98,-52.62753,0,0,-1.294756,-1.305186,-46.79466,2.680583,-2.075489,-1.834929,-3.480741,7980
131,-55.76151,0,0,-2.281812,-1.828559,-43.25268,3.216288,-2.075489,-2.224381,-6.757011,8044
131.02,-72.19137,0,0,-1.411403,-1.553564,37.67865,0.9991292,-2.48037,-2.458688,-2.431676,8048
131.04,4.66452,0,0,-0.5865222,-0.9911705,32.31987,-4.460565,-1.670609,-1.725632,4.858236,8080
131.06,-3.169151,0,0,-0.4825679,-0.7443185,3.449628,-0.8227285,-1.738089,-1.590883,5.289597,8024
131.08,64.76909,0,0,-0.4443561,-0.5351042,4.487797,0.6931398,-0.7933693,-0.8114789,8.303417,8020
131.1,-36.71538,0,0,-0.3226416,-0.3569382,12.59467,8.068658,-1.738089,-1.377683,4.996324,7944
131.12,-71.36575,0,0,0.1091006,-0.0100885,23.44964,1.423806,-1.805569,-1.56405,4.87051,8008
131.14,8.573288,0,0,0.7319915,0.3826688,27.84658,-8.299883,-0.7933693,-0.7529227,9.157516,8004
131.16,-83.29202,0,0,0.8535013,0.46117,1.571765,-7.276274,-1.738089,-1.337113,4.626317,7968
131.18,-98.02298,0,0,0.6558886,0.3255326,-7.298466,-15.3854,-1.738089,-1.571973,1.521147,8024
131.2,-89.10448,0,0,0.7313744,0.1715667,4.182453,-22.45124,-1.738089,-1.639205,0.5864797,8004
131.22,-74.48886,0,0,0.425523,-0.166435,-13.86335,-25.35105,-1.738089,-1.700572,-1.211386,8008
131.24,26.42421,0,0,0.01143529,-0.524286,-21.43588,-24.43476,-0.7933693,-0.9866534,0.8192669,8028
131.26,39.01928,0,0,-0.4815468,-0.8512232,-25.9855,-12.09432,-0.7933693,-0.8242872,0.3135903,7968
131.28,33.95166,0,0,-1.078017,-1.105902,-28.2145,-0.7998851,-0.7933693,-0.8303534,-0.714029,7960
131.3,1.15007,0,0,-0.916527,-0.9498848,19.75498,5.842546,-1.06329,-0.992062,0.4023398,7944
131.32,-75.2971,0,0,-0.09777279,-0.3777103,43.08323,4.548636,-1.738089,-1.459915,1.825606,7972
131.34,-95.71072,0,0,0.4614662,0.08077118,30.99162,-5.834538,-1.805569,-1.603148,2.707148,8008
131.36,-119.9239,0,0,0.9088053,0.317802,20.68628,-16.27296,-2.075489,-1.843128,2.060387,8008
131.38,-86.32537,0,0,0.6031237,0.06722203,-14.76412,-24.89925,-1.805569,-1.770895,0.2116083,8028
131.4,25.29807,0,0,0.1112186,-0.3753281,-29.61909,-25.6918,-0.7933693,-0.994792,1.581213,8020
131.42,-49.17714,0,0,-0.5208106,-0.8774604,-32.59618,-13.08199,-1.805569,-1.657899,-3.351095,7944
131.44,-47.34676,0,0,-1.201028,-1.305216,-33.40534,-10.12163,-1.805569,-1.891057,-5.100702,8012
131.46,-23.11435,0,0,-1.308769,-1.476415,9.327493,-7.483043,-1.738089,-1.854501,-3.381389,8016
131.48,-18.57063,0,0,-1.033928,-1.327884,12.22826,-3.966656,-1.805569,-1.808981,-0.5183246,8024
131.5,72.0148,0,0,-1.042388,-1.166729,-0.8251827,-1.091203,-0.7933693,-0.9600776,4.226937,8016
131.52,77.33737,0,0,-0.9855304,-0.9535704,2.716804,9.793328,-0.6584091,-0.6074525,6.086498,7956
131.54,38.01363,0,0,-0.910288,-0.6590158,7.831309,17.2838,-0.7933693,-0.6286311,5.992061,7960
131.56,7.545258,0,0,-0.333239,-0.1346252,32.88475,16.5684,-0.7933693,-0.5876004,7.45599,7940
131.58,-21.78792,0,0,0.6601797,0.5866107,47.11376,10.02561,-0.7933693,-0.4950143,9.631552,7952
131.6,-50.47554,0,0,1.465943,1.186361,36.50308,0.1568048,-0.7933693,-0.4464769,9.876347,7956
131.62,-69.93044,0,0,1.596427,1.307755,3.648101,-9.937585,-0.7933693,-0.5153069,6.763773,7960
131.64,-164.0929,0,0,1.378824,1.006993,-9.420605,-18.18838,-1.805569,-1.452614,-0.7722499,7952
131.66,-145.5518,0,0,1.158163,0.5649079,-12.0771,-32.4989,-1.738089,-1.703196,-3.624662,8032
131.68,-78.78208,0,0,0.7875401,-0.01445904,-20.59618,-38.93266,-1.40069,-1.526057,-4.226985,8008
131.7,-134.1777,0,0,0.1422543,-0.6965777,-36.68779,-34.53084,-2.412889,-2.334375,-9.145947,8016
131.72,42.65419,0,0,-1.054195,-1.524763,-63.55803,-33.44516,-0.7933693,-1.337302,-6.396069,8088
131.74,5.601058,0,0,-2.44247,-2.510513,-63.63437,-10.69852,-1.738089,-1.916301,-10.99828,7972
131.76,-11.95993,0,0,-2.685479,-2.702312,0.9305434,1.75837,-2.075489,-2.245449,-8.608378,8024
131.78,-31.3545,0,0,-2.470662,-2.474115,10.25879,7.756268,-2.412889,-2.486109,-5.102129,8040
131.8,-57.41784,0,0,-1.941867,-2.011948,21.92292,8.222982,-2.75029,-2.703849,-1.601128,8048
131.82,27.77357,0,0,-1.53484,-1.566371,20.15192,4.688828,-1.805569,-1.933151,4.564735,8072
131.84,31.57991,0,0,-1.211766,-1.200166,15.67864,9.900352,-1.738089,-1.634662,6.902163,7992
131.86,2.799217,0,0,-0.9573687,-0.8336506,14.97635,12.90356,-1.805569,-1.603104,7.332703,8004
131.88,-16.35119,0,0,-0.4678527,-0.3908412,28.213,10.48627,-1.738089,-1.514877,8.329016,8008
131.9,-68.01077,0,0,0.04390471,-0.003745571,24.3504,5.29857,-2.075489,-1.750745,7.29528,8016
131.92,-89.95207,0,0,0.3792096,0.2065728,14.70154,-4.49114,-2.142969,-1.886823,5.900785,8044
131.94,-54.21066,0,0,0.3097024,0.09112494,-5.099993,-13.09992,-1.738089,-1.658118,4.772005,8048
131.96,-46.2061,0,0,0.1281011,-0.171089,-12.39771,-14.68165,-1.738089,-1.64144,2.840235,8020
131.98,42.57589,0,0,-0.1881938,-0.4321288,-18.00076,-13.86489,-0.7933693,-0.9147801,4.405559,8036
132,44.38495,0,0,-0.4958337,-0.6315962,-16.39771,-3.380242,-0.7933693,-0.747288,3.668543,7944
132.02,28.66121,0,0,-0.6530206,-0.6321878,-1.710679,4.302822,-0.7933693,-0.7154416,3.341742,7952
132.04,-158.2466,0,0,-0.2921157,-0.4040557,22.36567,6.649754,-2.68281,-2.190418,-1.971026,7936
132.06,-91.31793,0,0,0.188991,-0.1056226,25.06796,-12.05592,-1.805569,-1.837977,1.501256,8064
132.08,-154.8761,0,0,0.671047,-0.008380532,21.43437,-19.29575,-2.75029,-2.459052,-0.5348012,8000
132.1,30.98143,0,0,0.4126452,-0.19041,-13.64962,-29.69374,-0.7933693,-1.095976,4.259982,8064
132.12,-114.4564,0,0,-0.170647,-0.7004091,-31.72595,-16.28856,-2.68281,-2.325783,-3.925976,7968
132.14,-97.01385,0,0,-0.9314058,-1.207064,-39.81756,-19.7382,-2.48037,-2.572662,-6.117509,8072
132.16,-49.26163,0,0,-1.578908,-1.796982,-19.64962,-18.24899,-2.345409,-2.559579,-6.455281,8036
132.18,-22.58644,0,0,-1.364829,-1.843413,5.587033,-12.7814,-2.345409,-2.434968,-2.621007,8056
132.2,-19.53028,0,0,-1.524595,-1.83996,-11.60381,-5.96143,-2.412889,-2.428233,-1.213353,8044
132.22,-41.40565,0,0,-1.686818,-1.82435,-5.252665,-0.6649985,-2.68281,-2.636672,-1.090226,8064
132.24,-42.50409,0,0,-1.368601,-1.567714,12.3962,-0.2320436,-2.68281,-2.622358,1.474711,8080
132.26,33.53212,0,0,-1.064129,-1.249784,14.64047,-0.9131795,-1.805569,-1.862275,6.426714,8056
132.28,25.01669,0,0,-0.9000331,-0.9894956,6.823675,5.753196,-1.805569,-1.648732,7.40883,8016
132.3,1.305206,0,0,-0.8917956,-0.7861425,-0.596175,9.209077,-1.805569,-1.622278,6.795928,8052
132.32,71.20595,0,0,-0.6940257,-0.5186197,13.99925,8.568612,-0.7933693,-0.8019372,10.1373,8036
132.34,48.85526,0,0,-0.129215,-0.06446739,27.93818,13.52847,-0.7933693,-0.5385409,11.48344,7944
132.36,-112.8835,0,0,0.5129489,0.467537,33.84659,12.46787,-2.142969,-1.539965,7.036242,7960
132.38,-139.7761,0,0,1.245082,0.9457376,34.77789,-6.868978,-2.075489,-1.744334,6.427958,8032
132.4,-22.90035,0,0,1.580589,1.042623,11.38856,-23.49905,-0.7933693,-0.7949272,8.917873,8044
132.42,-103.5452,0,0,1.236695,0.6574837,-19.9855,-21.9415,-1.805569,-1.456717,1.920898,7952
132.44,-187.0153,0,0,0.4555519,-0.009417869,-42.7336,-26.84142,-2.75029,-2.528547,-6.341355,8020
132.46,-121.6937,0,0,-0.6015598,-0.9826043,-57.52749,-35.32412,-2.412889,-2.660206,-9.637355,8076
132.48,-32.14907,0,0,-1.507543,-1.935249,-42.15344,-31.42601,-2.075489,-2.44773,-9.46163,8068
132.5,11.65001,0,0,-2.196833,-2.556489,-36.06183,-17.45684,-2.075489,-2.356197,-7.923573,8016
132.52,32.69598,0,0,-2.745651,-2.841203,-15.1916,-1.917399,-2.075489,-2.293023,-5.662253,8016
132.54,2.595474,0,0,-2.119607,-2.345888,32.19773,8.926232,-2.412889,-2.367651,-0.2968321,8036
132.56,-38.72847,0,0,-1.527589,-1.674576,31.02216,11.26318,-2.68281,-2.50749,2.91311,8060
132.58,20.75169,0,0,-0.7367913,-0.9214641,41.96873,6.265944,-1.805569,-1.7515,9.259496,8060
132.6,7.153984,0,0,-0.08333272,-0.2968915,30.79315,6.850905,-1.738089,-1.45736,11.25929,7996
132.62,-47.53356,0,0,-0.01149479,-0.03039254,8.441997,5.390784,-2.008009,-1.667529,8.343386,8032
132.64,39.24036,0,0,0.2162901,0.1834095,9.87711,-1.760416,-0.7933693,-0.7730335,11.07788,8032
132.66,-52.11231,0,0,0.4601988,0.3061585,9.022148,1.397021,-1.670609,-1.259207,7.191794,7948
132.68,-81.514,0,0,0.321143,0.2500708,-6.809917,-5.427399,-1.738089,-1.522876,3.767679,7996
132.7,-82.0284,0,0,0.5904266,0.243202,14.442,-13.69699,-1.738089,-1.585361,3.070207,8024
132.72,-75.34882,0,0,0.5368763,0.07552291,-7.344269,-19.11865,-1.738089,-1.630737,1.533218,8016
132.74,-69.27335,0,0,0.05556267,-0.3448141,-27.37481,-20.66144,-1.805569,-1.770183,-1.309024,8052
132.76,-135.1624,0,0,-0.5859824,-0.928017,-33.40534,-19.21201,-2.75029,-2.638195,-6.912354,8016
132.78,-110.3644,0,0,-0.9760094,-1.394365,-17.93969,-23.59889,-2.75029,-2.871464,-7.399187,8072
132.8,-42.0988,0,0,-1.339193,-1.808846,-20.22977,-22.77621,-2.412889,-2.638442,-5.414655,8076
132.82,-12.48596,0,0,-1.750137,-2.129634,-23.71069,-13.99499,-2.412889,-2.553874,-4.075765,8036
132.84,-23.1363,0,0,-2.127962,-2.308867,-20.38244,-3.973548,-2.68281,-2.73241,-3.627141,8060
132.86,66.60634,0,0,-2.244201,-2.243899,2.915277,2.125734,-1.738089,-1.974227,1.780006,8108
132.88,63.38203,0,0,-1.881494,-1.849203,18.25879,14.25307,-1.738089,-1.679177,5.668897,8040
132.9,117.7403,0,0,-1.46655,-1.230707,21.5107,20.7959,-0.7933693,-0.7860551,11.37927,8000
132.92,-71.96548,0,0,-0.7037359,-0.4961864,41.3275,28.13791,-2.48037,-1.853796,7.95461,7932
132.94,-31.9756,0,0,0.3928069,0.4205025,53.99926,10.56962,-1.46817,-1.259395,12.74163,8032
132.96,-72.74123,0,0,1.078253,0.8925785,27.69391,0.6037201,-1.738089,-1.331102,11.09123,8004
132.98,-89.61911,0,0,0.9383834,0.8015543,-10.80992,-9.978327,-1.738089,-1.472467,6.559795,7988
133,-61.88124,0,0,0.5415741,0.3671462,-17.26794,-17.59563,-1.46817,-1.400531,3.118605,8020
133.02,-47.56332,0,0,0.1451047,-0.1309076,-22.94733,-18.60868,-1.46817,-1.438486,0.4297143,7976
133.04,-33.36188,0,0,-0.4608356,-0.6719801,-28.55038,-15.96027,-1.46817,-1.510446,-1.992905,7992
133.06,-19.44621,0,0,-0.7924994,-1.01588,-11.17633,-11.62515,-1.46817,-1.530132,-2.262634,8000
133.08,-5.812233,0,0,-0.7376416,-1.035438,2.380925,-7.336959,-1.40069,-1.425547,-0.3208619,7980
133.1,-125.9215,0,0,-0.7231295,-1.012162,1.266421,-3.247097,-2.75029,-2.465655,-3.960524,7988
133.12,-35.04119,0,0,-0.576764,-0.8954034,7.800775,-12.99616,-1.738089,-1.89594,0.3451,8076
133.14,-15.03625,0,0,-0.56257,-0.9270751,-2.428236,-10.37148,-1.738089,-1.726277,1.345473,8000
133.16,-19.70155,0,0,-0.8139551,-1.024952,-13.46641,-5.885206,-1.805569,-1.759291,0.754439,8024
133.18,-22.42746,0,0,-0.7491522,-0.9582067,6.777874,-3.507689,-1.805569,-1.74379,1.650927,8004
133.2,-26.5183,0,0,-0.6261498,-0.8265615,5.617568,-2.564429,-1.805569,-1.718823,2.468091,7992
133.22,-25.15824,0,0,-0.5571325,-0.7211554,6.243523,-2.58485,-1.738089,-1.655095,2.950136,8004
133.24,-29.93277,0,0,-0.4117307,-0.5986102,6.564133,-2.907429,-1.738089,-1.62699,3.342455,8008
133.26,-41.27334,0,0,-0.3459873,-0.5264595,2.991613,-3.844012,-1.805569,-1.6797,2.926533,8004
133.28,-44.7503,0,0,-0.2841091,-0.4880419,2.823674,-5.819381,-1.805569,-1.698972,2.645952,8020
133.3,-45.08467,0,0,-0.2719501,-0.5012502,1.22062,-7.539511,-1.805569,-1.712951,2.22999,8004
133.32,-38.091,0,0,-0.259291,-0.5249971,0.5641309,-8.746668,-1.738089,-1.665232,2.207899,8008
133.34,-43.43488,0,0,-0.2273263,-0.5343171,0.9916119,-8.931742,-1.805569,-1.704182,1.938016,8004
133.36,-38.06074,0,0,-0.225761,-0.5415563,-0.6114421,-9.59209,-1.738089,-1.662271,2.004924,8032
133.38,-37.56895,0,0,-0.2459063,-0.5626553,-0.5809073,-9.430262,-1.738089,-1.655308,1.839072,8028
133.4,-37.97722,0,0,-0.2556229,-0.5737922,-0.07709067,-9.238285,-1.738089,-1.654948,1.753884,8000
133.42,-44.4777,0,0,-0.2539628,-0.5776193,-0.3366328,-9.158706,-1.805569,-1.709415,1.489847,8020
133.44,-38.65152,0,0,-0.2427485,-0.5734336,0.1671843,-9.787568,-1.738089,-1.668287,1.717717,8032
133.46,-37.75907,0,0,-0.2482459,-0.5806467,-0.4435031,-9.603295,-1.738089,-1.658097,1.70019,8012
133.48,-44.03387,0,0,-0.2563899,-0.5874614,-0.4435031,-9.371009,-1.805569,-1.711023,1.429289,8016
133.5,-38.01583,0,0,-0.2705235,-0.5959017,0.1061156,-9.803112,-1.738089,-1.672554,1.584944,8028
133.52,-36.9561,0,0,-0.2691694,-0.600886,0.4267263,-9.482384,-1.738089,-1.660539,1.648654,8044
133.54,-37.54454,0,0,-0.2427012,-0.5822355,0.3961921,-9.233263,-1.738089,-1.652559,1.794953,8028
133.56,-44.5588,0,0,-0.2412076,-0.5735257,0.3503905,-9.144196,-1.805569,-1.706368,1.534651,8004
133.58,-38.84887,0,0,-0.2541346,-0.5780751,-0.07709067,-9.756005,-1.738089,-1.669743,1.64772,8012
133.6,-44.12916,0,0,-0.2131273,-0.5655351,0.7626044,-9.704901,-1.805569,-1.708084,1.593879,8020
133.62,-38.48882,0,0,-0.2211832,-0.565213,-0.1686933,-10.1815,-1.738089,-1.666314,1.735504,8016
133.64,-38.0096,0,0,-0.2079408,-0.5612788,0.1977187,-9.965522,-1.738089,-1.65326,1.795976,8004
133.66,-38.67992,0,0,-0.222422,-0.564189,0.1061156,-9.734364,-1.738089,-1.652708,1.711843,8008
133.68,-39.31077,0,0,-0.220454,-0.5612043,0.1671843,-9.652822,-1.738089,-1.652832,1.697031,8008
133.7,-45.71127,0,0,-0.2264689,-0.5655714,0.1824515,-9.653059,-1.805569,-1.709258,1.400697,8016
133.72,-39.49385,0,0,-0.2316409,-0.5718617,0.1519171,-10.27893,-1.738089,-1.670903,1.570873,8004
133.74,-44.19703,0,0,-0.2345557,-0.5842471,0.2129859,-10.06233,-1.805569,-1.714598,1.357682,8004
133.76,-38.03959,0,0,-0.2288677,-0.5828817,0.1977187,-10.39891,-1.738089,-1.669733,1.629855,8016
133.78,-43.35224,0,0,-0.2288923,-0.5860677,0.1366499,-10.00635,-1.805569,-1.71138,1.444958,8024
133.8,-7.63242,0,0,-0.2349129,-0.5707222,0.1366499,-10.22722,-1.40069,-1.394984,2.864428,8020
133.82,-44.83838,0,0,-0.2307493,-0.5580403,0.1671843,-6.81354,-1.805569,-1.636828,1.624466,7988
133.84,-51.58154,0,0,-0.2341584,-0.5281615,0.7015356,-8.300465,-1.805569,-1.708162,1.347803,8016
133.86,-38.19418,0,0,-0.1838768,-0.511021,2.503063,-10.11385,-1.670609,-1.614546,1.865424,8028
133.88,-41.9777,0,0,-0.1924134,-0.5312177,-1.023656,-9.956716,-1.738089,-1.64678,1.548151,8016
133.9,-48.02615,0,0,-0.2118762,-0.5533627,-0.6725109,-10.17971,-1.805569,-1.71303,1.172688,8012
133.92,-40.82749,0,0,-0.2163862,-0.5694578,-0.1228922,-10.91347,-1.738089,-1.675503,1.374163,8012
133.94,-32.71983,0,0,-0.2279227,-0.5855229,-0.2450293,-10.62904,-1.670609,-1.609655,1.654269,8040
133.96,-44.68243,0,0,-0.2307069,-0.5887823,-0.3213652,-9.616964,-1.805569,-1.699053,1.281667,8032
133.98,-45.98191,0,0,-0.2193456,-0.5761616,-0.03128911,-10.18344,-1.805569,-1.721164,1.317509,8028
134,-38.66591,0,0,-0.2325995,-0.5853142,0.07558119,-10.65365,-1.738089,-1.674389,1.509058,8028
134.02,-43.14886,0,0,-0.2589053,-0.6084827,-0.4587703,-10.15541,-1.805569,-1.718411,1.246072,8028
134.04,-43.11359,0,0,-0.2339392,-0.5987882,0.04504682,-10.33764,-1.805569,-1.724028,1.41319,8004
134.06,-36.32687,0,0,-0.2493929,-0.6032499,-0.8709843,-10.40925,-1.738089,-1.672302,1.633992,8016
134.08,-35.94202,0,0,-0.2403291,-0.5960667,1.159551,-9.793268,-1.738089,-1.655448,1.762813,8016
134.1,-37.17371,0,0,-0.2390786,-0.582517,0.4572606,-9.349798,-1.738089,-1.650849,1.796107,8004
134.12,-38.74532,0,0,-0.2012103,-0.5500613,1.159551,-9.289858,-1.738089,-1.645456,1.930784,8012
134.14,-40.1478,0,0,-0.1931965,-0.5332481,0.7168028,-9.444004,-1.738089,-1.646353,1.869849,7992
134.16,-47.07813,0,0,-0.1760177,-0.5237501,0.4419934,-9.749881,-1.805569,-1.701905,1.592189,8008
134.18,-47.17088,0,0,-0.1798201,-0.5321934,0.2893218,-10.64885,-1.805569,-1.720131,1.439507,8008
134.2,-39.54952,0,0,-0.1829091,-0.5486879,-0.5045714,-11.23979,-1.738089,-1.670999,1.613308,8012
134.22,-44.04263,0,0,-0.212726,-0.5785922,-0.9320526,-10.779,-1.805569,-1.715223,1.292402,8012
134.24,-43.61881,0,0,-0.2408983,-0.6018695,-1.130526,-10.83655,-1.805569,-1.728882,1.214872,8020
134.26,-42.2942,0,0,-0.2434961,-0.6127586,-0.2602969,-10.81539,-1.805569,-1.729675,1.298746,8000
134.28,-41.28852,0,0,-0.2500289,-0.6190317,-0.5656406,-10.64411,-1.805569,-1.728032,1.375175,8012
134.3,-40.81073,0,0,-0.2447519,-0.6147989,0.1061156,-10.4398,-1.805569,-1.72454,1.493987,8020
134.32,-34.78,0,0,-0.2399237,-0.603705,0.2129859,-10.26357,-1.738089,-1.667059,1.822121,8032
134.34,-41.35447,0,0,-0.2311072,-0.5901572,0.3961921,-9.570355,-1.805569,-1.704782,1.681063,8008
134.36,-36.84076,0,0,-0.2365635,-0.5787576,0.3198562,-9.757507,-1.738089,-1.662643,1.856305,8032
134.38,-37.05301,0,0,-0.2369889,-0.5743347,0.09084838,-9.428627,-1.738089,-1.652448,1.849111,8012
134.4,-38.11892,0,0,-0.2370565,-0.5677752,0.1519171,-9.232724,-1.738089,-1.650923,1.815949,8000
134.42,-44.98061,0,0,-0.2420475,-0.5687548,0.09084838,-9.205135,-1.805569,-1.707481,1.503555,8004
134.44,-33.07093,0,0,-0.2459136,-0.5700519,0.09084838,-9.858068,-1.670609,-1.614994,1.894987,8028
134.46,-44.26894,0,0,-0.2485241,-0.5797252,0.02977964,-9.092502,-1.805569,-1.699422,1.444874,8048
134.48,-129.4281,0,0,-0.2537529,-0.6232174,0.1366499,-9.784124,-2.75029,-2.489223,-2.01589,8020
134.5,-123.5212,0,0,-0.2489184,-0.7084027,0.1519171,-18.86078,-2.75029,-2.700253,-2.394602,8068
134.52,-92.96564,0,0,-0.3642799,-0.9396685,-6.703048,-23.94779,-2.68281,-2.701696,-2.291791,8080
134.54,38.80613,0,0,-0.6328108,-1.182608,-17.86336,-23.29059,-1.46817,-1.721042,1.988431,8064
134.56,53.67548,0,0,-1.318933,-1.552229,-38.9626,-7.498931,-1.46817,-1.512439,1.185041,7992
134.58,47.67733,0,0,-2.202013,-1.926255,-31.68015,7.144886,-1.46817,-1.541076,-0.6005416,7984
134.6,35.04194,0,0,-1.621634,-1.518727,35.31223,14.82799,-1.46817,-1.413724,3.760678,7984
134.62,-18.4217,0,0,-0.9324734,-0.8743525,38.93056,16.56818,-1.805569,-1.562825,5.809472,7984
134.64,43.4734,0,0,-0.00913064,-0.07536259,48.10613,9.585699,-0.7933693,-0.7035493,11.94108,8004
134.66,17.7002,0,0,0.5881103,0.4990318,25.81605,9.216103,-0.7933693,-0.4690502,12.36122,7948
134.68,-107.9831,0,0,0.7429726,0.7326496,5.556499,5.598484,-1.805569,-1.300467,6.243958,7972
134.7,-126.2821,0,0,0.8319898,0.7170508,6.36566,-9.89317,-1.805569,-1.591423,3.021775,8004
134.72,-112.7503,0,0,0.900343,0.4843724,0.7626044,-22.27259,-1.805569,-1.698902,0.9569956,8004
134.74,-175.1436,0,0,0.5797125,-0.01627804,-17.60382,-28.26782,-2.75029,-2.54512,-4.867128,8012
134.76,-32.39056,0,0,0.03712844,-0.5990409,-32.09237,-36.76002,-1.46817,-1.783014,-2.728784,8064
134.78,44.93964,0,0,-0.7638348,-1.284781,-43.43588,-25.46992,-1.06329,-1.295748,-2.40679,7996
134.8,84.1199,0,0,-1.844673,-1.905544,-54.06184,-6.803712,-0.7933693,-1.019001,-2.912921,7988
134.82,48.48945,0,0,-2.388764,-2.140005,1.571765,11.33632,-1.19825,-1.265635,-3.239725,7944
134.84,9.291943,0,0,-1.733222,-1.609924,32.73208,18.07099,-1.46817,-1.396571,1.021476,7968
134.86,-9.21376,0,0,-1.104804,-0.9680797,36.86949,16.65013,-1.46817,-1.350102,4.238509,7984
134.88,-52.61381,0,0,-0.1293593,-0.2192916,43.49544,10.84151,-1.738089,-1.458424,6.598957,8000
134.9,-77.75519,0,0,0.429139,0.2566999,22.97635,0.721835,-1.805569,-1.536672,6.499599,8004
134.92,-78.12595,0,0,0.5159196,0.3111277,0.09084838,-8.996656,-1.738089,-1.561088,4.62026,7996
134.94,-72.91556,0,0,0.3442061,0.07724953,-8.122894,-15.06619,-1.738089,-1.630429,2.108214,8032
134.96,-62.54177,0,0,0.1206035,-0.235118,-12.68778,-17.88094,-1.738089,-1.685608,0.3405336,8036
134.98,-139.1115,0,0,-0.3183092,-0.6842219,-22.06183,-17.45955,-2.75029,-2.568244,-5.091967,8024
135,-4.330841,0,0,-0.8352679,-1.139003,-25.75649,-23.19532,-1.46817,-1.804796,-2.215076,8064
135.02,27.77802,0,0,-1.154827,-1.484731,-18.19923,-12.30159,-1.46817,-1.577834,-1.133067,7992
135.04,29.82842,0,0,-1.534728,-1.632075,-22.18397,-0.5877386,-1.46817,-1.515488,-0.4920442,8004
135.06,29.96625,0,0,-1.68532,-1.57953,3.617567,7.921186,-1.40069,-1.428068,0.9210179,7996
135.08,-18.46391,0,0,-1.194152,-1.164456,28.3504,12.18719,-1.805569,-1.643018,2.702591,8008
135.1,-36.7715,0,0,-0.6263084,-0.6508403,28.3962,8.390366,-1.805569,-1.641298,4.780426,8008
135.12,40.19081,0,0,-0.0222672,-0.1433295,28.01452,2.216347,-0.7933693,-0.777796,9.762018,8020
135.14,30.91373,0,0,0.2568711,0.1670378,9.052684,4.917296,-0.7258892,-0.5060818,9.832552,7964
135.16,-3.207115,0,0,0.2300016,0.2993297,-1.145793,5.714863,-0.7933693,-0.5541078,7.450328,7972
135.18,-18.33552,0,0,0.352085,0.4026034,10.09085,2.391641,-0.7258892,-0.5471125,6.081676,7968
135.2,-36.67425,0,0,0.5747728,0.4941116,10.28932,-2.036597,-0.7933693,-0.6109503,4.841066,7952
135.22,-121.6285,0,0,0.6117777,0.423691,0.6251997,-7.075841,-1.670609,-1.372681,0.05396321,7956
135.24,-117.6611,0,0,0.6059474,0.2484215,-0.7183124,-19.0009,-1.670609,-1.601952,-1.670508,8008
135.26,-106.022,0,0,0.5535426,-0.04201685,-3.603809,-26.35164,-1.805569,-1.775567,-2.923145,8012
135.28,-52.24755,0,0,0.3709585,-0.3499173,-12.04656,-29.42179,-1.46817,-1.548737,-2.162066,8028
135.3,-30.85334,0,0,-0.09938674,-0.7401853,-27.89389,-24.59026,-1.46817,-1.516468,-2.91362,8032
135.32,42.96248,0,0,-0.7253193,-1.117471,-38.47405,-17.23915,-0.7933693,-1.002342,-1.425354,8008
135.34,-5.558147,0,0,-1.532284,-1.570443,-40.53512,-2.522426,-1.46817,-1.47081,-4.784591,7960
135.36,-7.073624,0,0,-1.522375,-1.538989,11.29696,2.531745,-1.46817,-1.533692,-2.593357,7976
135.38,-5.813095,0,0,-1.182235,-1.251797,23.54124,4.79998,-1.46817,-1.466777,0.4856689,8000
135.4,-10.48246,0,0,-0.9055133,-0.9439195,14.51833,5.568145,-1.46817,-1.406393,2.386168,8000
135.42,-41.60167,0,0,-0.7532418,-0.7395653,5.434361,5.045316,-1.738089,-1.602548,2.06029,8008
135.44,-54.28519,0,0,-0.4023605,-0.4974341,14.24352,0.4835577,-1.805569,-1.677779,2.772217,8008
135.46,-49.73996,0,0,-0.1935927,-0.3652873,7.296957,-4.511275,-1.738089,-1.637302,3.090831,8008
135.48,-24.42539,0,0,-0.1255084,-0.3412364,3.022147,-7.599707,-1.46817,-1.417274,3.610979,8012
135.5,-24.55606,0,0,-0.0967041,-0.3485257,1.663368,-7.189949,-1.46817,-1.364828,3.28736,8000
135.52,6.142632,0,0,-0.04319321,-0.2998506,2.136651,-7.044173,-1.06329,-1.024238,4.500858,7996
135.54,-12.79865,0,0,-0.02364017,-0.2537177,1.648101,-3.929493,-1.19825,-1.051153,3.76387,7968
135.56,-49.08587,0,0,0.03256731,-0.1829474,4.19772,-3.975119,-1.46817,-1.286333,2.375966,7980
135.58,-55.05464,0,0,0.07629478,-0.1596933,3.098483,-7.832224,-1.46817,-1.362639,1.701395,7992
135.6,-28.1515,0,0,0.09993665,-0.1925374,-0.07709067,-11.06121,-1.19825,-1.172286,2.162991,7992
135.62,-12.41468,0,0,0.05861231,-0.2556865,-1.939687,-10.35309,-1.06329,-1.020175,2.27755,7988
135.64,-20.3554,0,0,-0.004438217,-0.2972768,-2.290832,-8.096947,-1.13077,-1.042804,1.721089,7988
135.66,-54.87061,0,0,-0.02957935,-0.3131184,0.1824515,-7.34371,-1.46817,-1.327498,0.290229,7984
135.68,-169.9101,0,0,-0.02452749,-0.3849109,1.022146,-10.46157,-2.75029,-2.445603,-4.544098,7984
135.7,-42.70109,0,0,-0.06325546,-0.5092063,-1.848083,-23.92949,-1.46817,-1.710047,-0.6832259,8064
135.72,-5.190781,0,0,-0.1604596,-0.7280895,-6.260299,-19.70017,-1.40069,-1.440766,0.3200307,7984
135.74,28.7365,0,0,-0.4605158,-0.8709388,-17.60382,-12.12827,-1.06329,-1.107537,1.445126,7992
135.76,24.95335,0,0,-0.8067781,-0.9741303,-15.22214,-2.621377,-1.06329,-1.044362,1.187032,7988
135.78,12.22172,0,0,-0.5778493,-0.7380802,12.70154,2.736107,-1.06329,-0.9766279,3.007895,7964
135.8,-34.62585,0,0,-0.2283248,-0.389198,18.18246,3.924438,-1.40069,-1.193474,3.25384,7972
135.82,-56.49999,0,0,0.1782252,-0.04468143,23.17483,-1.300865,-1.46817,-1.282297,3.728248,7984
135.84,-94.04092,0,0,0.5659641,0.1911767,15.48017,-8.247201,-1.805569,-1.564563,2.762682,7988
135.86,-86.30966,0,0,0.392948,0.05050002,-8.092361,-16.28416,-1.738089,-1.650205,0.6987866,8016
135.88,17.85838,0,0,0.2754364,-0.1501061,-5.81755,-20.39039,-0.7258892,-0.8737186,3.203827,8024
135.9,-38.34786,0,0,0.01112146,-0.3997978,-14.79465,-11.84023,-1.46817,-1.288729,-0.01541907,7960
135.92,-43.97573,0,0,-0.3983202,-0.6315104,-21.52748,-10.59381,-1.46817,-1.446987,-1.601477,8000
135.94,-4.974218,0,0,-0.5979028,-0.8016455,-1.817549,-9.653611,-1.13077,-1.220497,-0.5493143,8008
135.96,-28.16502,0,0,-0.5462017,-0.8088754,2.060315,-5.184712,-1.46817,-1.39601,-0.4322046,7960
135.98,-0.9335899,0,0,-0.5086529,-0.7198943,2.915277,-4.619433,-1.13077,-1.151684,1.480722,7988
136,-32.18311,0,0,-0.416107,-0.6179984,3.205353,-1.805376,-1.46817,-1.342161,1.148884,7976
136.02,-14.4812,0,0,-0.3610774,-0.5130545,2.51833,-3.258824,-1.19825,-1.173396,2.238695,8008
136.04,-33.58118,0,0,-0.2844001,-0.4482256,4.441995,-2.707958,-1.40069,-1.288156,1.781016,7980
136.06,-13.10066,0,0,-0.2845508,-0.416787,0.6251997,-4.274708,-1.13077,-1.109793,2.413533,7972
136.08,-43.56843,0,0,-0.2261932,-0.3973748,1.312223,-3.453254,-1.46817,-1.33191,1.329361,7972
136.1,-46.57366,0,0,-0.2303676,-0.4016855,0.4725278,-5.987158,-1.46817,-1.399879,0.9146723,8008
136.12,-126.6159,0,0,-0.2258244,-0.484069,-0.06182348,-8.07871,-2.412889,-2.185533,-2.634482,7984
136.14,-27.12881,0,0,-0.2459192,-0.5732186,-0.9167854,-17.39388,-1.40069,-1.575672,0.5109004,8068
136.16,-5.90604,0,0,-0.2916909,-0.7078263,-4.870985,-13.36759,-1.40069,-1.396096,1.186919,7972
136.18,-12.02525,0,0,-0.5145997,-0.80788,-12.2145,-7.865921,-1.46817,-1.416329,0.7493867,7992
136.2,-15.66267,0,0,-0.6275793,-0.8263066,-2.809916,-4.461946,-1.46817,-1.424203,0.8738747,7996
136.22,-19.08809,0,0,-0.5388896,-0.7316241,4.472529,-2.798831,-1.46817,-1.404709,1.691725,7984
136.24,-23.40761,0,0,-0.4480547,-0.6192268,3.464895,-2.324365,-1.46817,-1.388588,2.193167,7984
136.26,-27.92086,0,0,-0.3372237,-0.5089822,4.365659,-2.797072,-1.46817,-1.376772,2.514277,8012
136.28,-31.50504,0,0,-0.2965943,-0.4544463,1.770238,-3.725348,-1.46817,-1.379851,2.353024,8004
136.3,-33.61956,0,0,-0.2506861,-0.4257031,2.579399,-4.857827,-1.46817,-1.383923,2.188837,7984
136.32,-34.65116,0,0,-0.2200627,-0.4177852,0.6099325,-5.925323,-1.46817,-1.388239,1.987038,7980
136.34,-34.98452,0,0,-0.1997256,-0.4218617,0.7015356,-6.803101,-1.46817,-1.391849,1.80096,7992
136.36,-34.87263,0,0,-0.1953121,-0.4358431,-0.0007547362,-7.434372,-1.46817,-1.395675,1.61539,7988
136.38,-34.36895,0,0,-0.2117199,-0.4608938,0.01451245,-7.793938,-1.46817,-1.400796,1.414958,7996
136.4,-21.7394,0,0,-0.2104812,-0.4698399,0.3656577,-7.965015,-1.33321,-1.292249,1.848449,8000
136.42,-27.94822,0,0,-0.2149143,-0.4726663,0.5335966,-6.791583,-1.40069,-1.317832,1.626833,8000
136.44,-120.604,0,0,-0.2182039,-0.50553,1.129017,-6.720917,-2.412889,-2.147342,-2.072589,7976
136.46,-117.3188,0,0,-0.1500305,-0.5448904,1.052681,-16.22981,-2.412889,-2.362463,-2.292665,8036
136.48,-94.82337,0,0,-0.1480349,-0.7047915,-2.443504,-22.22229,-2.412889,-2.407799,-2.120267,8048
136.5,41.23969,0,0,-0.3658317,-0.9092227,-12.76412,-23.14824,-1.13077,-1.385767,2.291279,8048
136.52,60.80154,0,0,-0.8755504,-1.185307,-25.75649,-8.480245,-1.06329,-1.092303,2.198789,7996
136.54,43.20571,0,0,-1.436865,-1.361951,-32.01603,4.94691,-1.13077,-1.117646,1.102467,7984
136.56,1.545544,0,0,-1.796402,-1.444403,-2.000756,13.16112,-1.46817,-1.426414,-0.431904,7984
136.58,-39.35448,0,0,-1.187396,-1.049394,34.68628,12.72492,-1.805569,-1.675522,1.661334,7996
136.6,-45.58741,0,0,-0.2509934,-0.4042087,41.78552,5.540303,-1.738089,-1.570989,5.405908,7996
136.62,27.12531,0,0,0.3507925,0.1055508,24.67101,-1.71987,-0.7933693,-0.74445,9.840811,8040
136.64,13.91164,0,0,0.4133825,0.2723036,0.8542075,0.422955,-0.7933693,-0.5746531,8.517134,7940
136.66,-9.147671,0,0,0.3455003,0.3166776,-1.817549,0.6246062,-0.7933693,-0.592011,6.321377,7952
136.68,-25.74951,0,0,0.4949408,0.3970724,7.312224,-2.024008,-0.7933693,-0.61543,5.159995,7972
136.7,-35.93666,0,0,0.6128853,0.434696,4.136652,-5.842416,-0.7933693,-0.6412873,3.974849,7960
136.72,-40.54042,0,0,0.6317183,0.3872867,1.877109,-9.49665,-0.7933693,-0.6750419,2.616956,7960
136.74,-124.3389,0,0,0.5424249,0.2131918,-0.9320526,-12.22645,-1.738089,-1.480568,-2.171151,7956
136.76,-122.3104,0,0,0.4546703,-0.01163088,-3.481672,-22.22835,-1.805569,-1.768008,-3.712939,8012
136.78,-95.70889,0,0,0.4022851,-0.2842352,-3.558008,-28.45718,-1.805569,-1.831539,-3.801931,8024
136.8,-40.04821,0,0,0.1705316,-0.5820634,-14.56565,-29.12983,-1.46817,-1.571873,-2.641654,8032
136.82,-19.57956,0,0,-0.3963317,-0.9815387,-33.55801,-22.24035,-1.46817,-1.538519,-3.370386,7992
136.84,26.44041,0,0,-1.43151,-1.571947,-49.31375,-12.493,-1.13077,-1.351883,-4.427382,8012
136.86,-67.19434,0,0,-2.623609,-2.329272,-29.35954,2.111844,-2.412889,-2.435201,-10.94621,7976
136.88,36.26446,0,0,-2.272491,-2.213271,20.12139,1.787595,-1.40069,-1.75293,-2.749969,8072
136.9,41.95412,0,0,-1.483674,-1.651671,33.06796,9.814446,-1.46817,-1.449267,3.326674,8012
136.92,18.53577,0,0,-0.8419237,-0.9379627,25.54124,13.74888,-1.46817,-1.284632,6.863896,8028
136.94,-39.74371,0,0,-0.5068381,-0.4408041,18.25879,12.76557,-1.805569,-1.521641,6.144776,8000
136.96,-54.58405,0,0,-0.09984027,-0.07704782,24.88475,4.885337,-1.738089,-1.534363,6.19245,8008
136.98,-68.98061,0,0,0.2826111,0.135727,15.83131,-3.091791,-1.805569,-1.59243,5.538488,7992
137,-39.88003,0,0,0.1095407,-0.004379692,-9.939689,-9.444318,-1.46817,-1.406652,4.084576,8020
137.02,-27.51714,0,0,-0.08202789,-0.2472806,-8.641978,-10.14932,-1.40069,-1.34326,2.600567,8000
137.04,-31.57961,0,0,-0.1657424,-0.3973202,-5.237397,-9.055104,-1.46817,-1.38808,1.69768,8016
137.06,-115.8041,0,0,-0.241289,-0.525978,-4.397703,-8.558778,-2.412889,-2.171323,-2.106054,7996
137.08,2.886475,0,0,-0.1848283,-0.5415378,1.617566,-16.74476,-1.13077,-1.328625,2.358518,8044
137.1,12.26442,0,0,-0.2129057,-0.6094699,-3.848084,-10.10649,-1.19825,-1.145139,2.813822,7976
137.12,39.0541,0,0,-0.4095891,-0.6169395,-12.64198,-4.120525,-0.7933693,-0.7899072,3.816943,7988
137.14,-116.2885,0,0,-0.5543932,-0.6574075,0.5946653,2.839434,-2.412889,-2.028307,-2.249282,7964
137.16,-42.42014,0,0,-0.2725982,-0.4764434,19.54124,-8.930693,-1.46817,-1.56181,1.535491,8064
137.18,-26.48943,0,0,-0.08878049,-0.4349421,5.266423,-9.878421,-1.46817,-1.412805,2.397417,7984
137.2,-25.30701,0,0,-0.3190205,-0.550953,-12.06183,-8.271129,-1.46817,-1.410789,1.363312,7988
137.22,-55.83779,0,0,-0.343884,-0.5990354,-1.206862,-6.998617,-1.805569,-1.681177,0.1875693,7996
137.24,-55.22916,0,0,-0.3624608,-0.6295261,-2.748847,-9.169988,-1.805569,-1.752601,0.09031469,8000
137.26,-18.57844,0,0,-0.3405478,-0.6475327,0.1977187,-10.57255,-1.46817,-1.488005,1.568859,8016
137.28,-14.38638,0,0,-0.3636696,-0.6625898,-1.64961,-7.724354,-1.46817,-1.411657,1.896128,8016
137.3,-18.27691,0,0,-0.399536,-0.6402154,-1.054191,-5.294845,-1.46817,-1.392691,1.983405,8000
137.32,-47.60118,0,0,-0.3295788,-0.5684931,2.762605,-4.297472,-1.738089,-1.597427,1.369628,7980
137.34,-26.99584,0,0,-0.3045296,-0.5200337,1.907643,-6.673382,-1.46817,-1.437929,2.161214,8004
137.36,-25.26377,0,0,-0.25893,-0.498661,1.877109,-6.317501,-1.46817,-1.392396,2.292777,7988
137.38,-27.90181,0,0,-0.2519879,-0.4802142,0.04504682,-5.933747,-1.46817,-1.38372,2.174815,7996
137.4,-24.61952,0,0,-0.2391528,-0.4594749,-0.1992282,-5.983123,-1.40069,-1.330026,2.279187,7996
137.42,-146.9507,0,0,-0.2272771,-0.5021788,0.1366499,-5.849892,-2.75029,-2.413095,-2.672187,7992
137.44,-136.8358,0,0,-0.2390492,-0.6074845,-0.2602969,-18.08843,-2.68281,-2.656512,-3.247265,8076
137.46,-4.319061,0,0,-0.3038405,-0.8187126,-4.703047,-24.89197,-1.53565,-1.782558,0.8644074,8084
137.48,-58.58043,0,0,-0.6965463,-1.168175,-23.06947,-14.91141,-2.412889,-2.27698,-2.342451,7996
137.5,58.29992,0,0,-1.23402,-1.42745,-31.11526,-11.99457,-1.13077,-1.410767,1.127835,8056
137.52,-43.44288,0,0,-1.800275,-1.76614,-19.68015,3.351896,-2.412889,-2.250969,-3.551583,7972
137.54,30.05334,0,0,-1.398322,-1.460212,18.42673,2.383897,-1.46817,-1.609283,2.816433,8036
137.56,21.15362,0,0,-0.8830457,-1.014626,26.28933,7.627196,-1.53565,-1.408726,5.806842,7996
137.58,9.15921,0,0,-0.4827812,-0.5346969,20.68628,8.948519,-1.40069,-1.219156,7.566756,7992
137.6,-39.22588,0,0,-0.09578945,-0.1335157,21.61757,7.322339,-1.670609,-1.384043,6.875721,7996
137.62,-65.97234,0,0,0.3123501,0.1827113,21.00689,0.03224599,-1.738089,-1.484939,6.230154,8000
137.64,-80.87556,0,0,0.5551826,0.2989078,10.442,-8.350967,-1.805569,-1.588866,4.764007,8004
137.66,-79.31908,0,0,0.4149476,0.1176373,-7.451138,-15.11227,-1.805569,-1.678389,2.282441,8052
137.68,-40.02845,0,0,0.2878618,-0.1194495,-6.916788,-19.01681,-1.46817,-1.456655,1.972013,8040
137.7,-24.37537,0,0,0.07667525,-0.3628678,-13.40534,-16.9618,-1.40069,-1.362915,1.256691,8016
137.72,-110.8312,0,0,-0.2851113,-0.6606714,-19.80229,-12.99965,-2.412889,-2.194549,-3.546142,7996
137.74,-95.2686,0,0,-0.7787319,-1.047105,-21.89389,-17.60986,-2.345409,-2.412405,-5.108397,8080
137.76,40.89277,0,0,-0.8135491,-1.222559,2.060315,-18.74406,-1.13077,-1.439097,0.5473689,8040
137.78,55.18953,0,0,-0.8433006,-1.223677,-6.916788,-5.557448,-1.13077,-1.130903,2.692545,7944
137.8,-74.87378,0,0,-1.152,-1.230351,-16.58091,5.431239,-2.412889,-2.114586,-1.913772,7976
137.82,-86.10757,0,0,-1.215207,-1.185066,5.98398,-0.2249084,-2.412889,-2.385541,-2.083483,8044
137.84,10.06395,0,0,-0.6337839,-0.8963523,34.09086,-6.679317,-1.46817,-1.59509,4.161866,8068
137.86,7.993828,0,0,-0.4137104,-0.6949514,8.182454,-1.972613,-1.53565,-1.409428,5.299834,7992
137.88,4.357498,0,0,-0.5343658,-0.6059651,-7.573277,1.225998,-1.40069,-1.289813,4.898499,8012
137.9,-38.42437,0,0,-0.5530475,-0.5505229,1.43436,2.972964,-1.738089,-1.553884,3.087625,8016
137.92,-54.40157,0,0,-0.3544093,-0.4262897,8.457264,-0.7797339,-1.805569,-1.66943,2.854581,8008
137.94,-54.8625,0,0,-0.2910335,-0.414746,2.854208,-5.1263,-1.805569,-1.711406,2.277281,8024
137.96,-44.80172,0,0,-0.2852206,-0.4746615,-0.7793808,-8.088393,-1.738089,-1.677449,1.971468,8012
137.98,-40.34846,0,0,-0.3003593,-0.5472987,-1.771747,-8.982175,-1.738089,-1.671263,1.67291,8008
138,-121.9673,0,0,-0.3372891,-0.6486498,-1.756481,-9.084466,-2.68281,-2.437719,-1.911818,8008
138.02,-121.7401,0,0,-0.3828954,-0.7759216,-3.130527,-17.25389,-2.75029,-2.700564,-2.672535,8072
138.04,16.70674,0,0,-0.4956855,-0.9594707,-7.00839,-22.19102,-1.46817,-1.727341,1.851872,8060
138.06,36.19127,0,0,-0.889001,-1.226937,-23.40534,-10.29457,-1.46817,-1.485863,1.851234,7988
138.08,-47.62188,0,0,-1.54999,-1.534316,-35.11527,1.478549,-2.345409,-2.19636,-2.648486,8004
138.1,28.8485,0,0,-1.897779,-1.681299,19.5107,2.017158,-1.46817,-1.693354,0.07402551,8036
138.12,8.203964,0,0,-0.9690769,-1.16563,32.38094,7.563536,-1.738089,-1.599651,4.762673,8000
138.14,-12.07703,0,0,-0.8527355,-0.8240395,4.060315,8.655981,-1.738089,-1.583722,5.073084,8020
138.16,-32.38977,0,0,-0.7316967,-0.6242142,10.71681,6.8556,-1.805569,-1.653314,4.519824,8024
138.18,-38.34509,0,0,-0.1082077,-0.2412195,24.77788,1.783318,-1.738089,-1.556859,6.296497,8004
138.2,-48.62688,0,0,0.1140229,-0.05532354,4.976346,-2.973506,-1.738089,-1.545952,5.641933,8016
138.22,-54.31397,0,0,0.05984508,-0.09988421,-2.443504,-7.11421,-1.738089,-1.592083,3.82643,8024
138.24,-29.57771,0,0,-0.03259681,-0.2308547,-6.336635,-10.15953,-1.46817,-1.419268,3.294987,8000
138.26,-13.93116,0,0,-0.1953926,-0.4004047,-7.93969,-9.175578,-1.33321,-1.290527,2.65067,8028
138.28,-14.42141,0,0,-0.3260387,-0.5148354,-8.245033,-6.511136,-1.33321,-1.269799,2.04279,7996
138.3,-113.9618,0,0,-0.3651026,-0.5873055,-1.832817,-4.733263,-2.412889,-2.140254,-1.950271,8000
138.32,-106.6453,0,0,-0.3202803,-0.6303893,2.930544,-13.71498,-2.345409,-2.312514,-1.989688,8060
138.34,-85.60496,0,0,-0.2510776,-0.7431125,3.022147,-19.13425,-2.345409,-2.335582,-1.481468,8044
138.36,47.55149,0,0,-0.440345,-0.9053611,-13.00839,-19.92326,-1.06329,-1.307735,2.95379,8056
138.38,52.9764,0,0,-0.969799,-1.182116,-30.97787,-5.432329,-1.13077,-1.131014,2.122644,7980
138.4,41.28257,0,0,-1.544441,-1.376825,-27.92443,6.488556,-1.13077,-1.138473,1.012671,7984
138.42,5.375984,0,0,-1.529533,-1.27461,21.28169,13.26292,-1.40069,-1.331635,1.239634,7976
138.44,-45.61247,0,0,-0.8952623,-0.8153874,30.06033,12.30154,-1.805569,-1.616539,2.777161,7992
138.46,29.99208,0,0,-0.1275036,-0.215161,39.35804,4.275769,-0.7933693,-0.794771,8.69421,8012
138.48,21.50497,0,0,0.5253,0.3108647,31.35803,4.529276,-0.7258892,-0.4790168,10.42156,7968
138.5,-21.27742,0,0,0.7242062,0.612689,4.121384,3.057827,-0.8608494,-0.5514307,8.414464,7960
138.52,-35.17241,0,0,0.4235058,0.5040098,-15.83282,-1.539724,-0.7933693,-0.6325737,4.715305,7968
138.54,-40.0212,0,0,0.5602439,0.4477254,15.25116,-6.367687,-0.7933693,-0.6670688,3.47808,7980
138.56,-40.89641,0,0,0.606096,0.3663133,-1.359534,-10.19489,-0.7933693,-0.6910415,2.311751,7964
138.58,-120.9177,0,0,0.2559535,0.0338072,-11.06946,-11.92066,-1.738089,-1.527599,-3.438336,7984
138.6,-114.9281,0,0,0.1530851,-0.2422391,-7.420605,-20.76747,-1.805569,-1.81005,-4.60264,8024
138.62,-84.61124,0,0,-0.1235148,-0.6374219,-18.61145,-25.17702,-1.805569,-1.893577,-5.186264,8032
138.64,-18.09024,0,0,-0.5702417,-1.067181,-28.33664,-23.60473,-1.40069,-1.599144,-4.060925,8032
138.66,0.0909214,0,0,-1.174903,-1.497119,-32.56565,-13.96602,-1.46817,-1.595444,-4.389797,8008
138.68,11.01113,0,0,-1.573808,-1.715891,-0.7946484,-4.409795,-1.46817,-1.583118,-3.432388,7992
138.7,12.24336,0,0,-1.294598,-1.480193,11.67864,2.38405,-1.46817,-1.482254,0.1258762,8012
138.72,-21.31162,0,0,-0.9377277,-1.08686,18.82368,5.939681,-1.738089,-1.607681,1.919579,7992
138.74,-35.27932,0,0,-0.5206748,-0.6655768,17.38857,3.60604,-1.738089,-1.599159,3.662268,8012
138.76,-38.23099,0,0,-0.2381198,-0.3869817,11.34276,-0.3051394,-1.670609,-1.535367,4.351437,8024
138.78,-49.59533,0,0,-0.1349666,-0.2891427,3.403826,-3.61474,-1.738089,-1.591569,3.547206,8032
138.8,-51.9825,0,0,-0.09816988,-0.2934054,1.800773,-7.116815,-1.738089,-1.624994,2.73963,8020
138.82,-50.04057,0,0,-0.1373891,-0.3762408,-4.580909,-9.586841,-1.738089,-1.652205,1.891544,8024
138.84,-51.21707,0,0,-0.3131647,-0.5486587,-8.596177,-10.52415,-1.805569,-1.741744,0.5891014,8004
138.86,-38.48771,0,0,-0.4670506,-0.7150496,-9.558009,-10.76799,-1.738089,-1.722842,0.2753182,8000
138.88,-114.9973,0,0,-0.6329326,-0.907382,-8.458774,-9.20079,-2.68281,-2.489921,-3.317248,8028
138.9,-111.7876,0,0,-0.7085819,-1.055382,-4.764115,-15.6184,-2.75029,-2.741368,-3.604862,8056
138.92,-87.43993,0,0,-0.7323395,-1.221375,-5.237397,-19.44054,-2.75029,-2.78062,-2.803002,8068
138.94,50.47268,0,0,-1.113245,-1.481365,-22.24504,-18.26989,-1.46817,-1.769291,1.515698,8088
138.96,66.36444,0,0,-1.725241,-1.802823,-30.1229,-1.712683,-1.46817,-1.535153,1.35539,7988
138.98,53.97434,0,0,-1.974307,-1.791377,-2.962588,11.75744,-1.46817,-1.463028,2.322598,7980
139,2.459244,0,0,-1.490643,-1.325081,23.73971,18.10352,-1.805569,-1.628659,4.304282,8004
139.02,64.8583,0,0,-0.5706236,-0.5216732,48.28934,14.46919,-0.7933693,-0.748528,11.29057,8004
139.04,34.72812,0,0,0.3230407,0.2747739,44.09086,15.55727,-0.7933693,-0.4534398,13.52784,7952
139.06,-10.36899,0,0,0.8304077,0.8561752,24.27406,11.4966,-0.7933693,-0.4079513,12.42294,7988
139.08,-44.69783,0,0,1.18075,1.171096,19.93818,3.002229,-0.7933693,-0.4540859,9.994356,7968
139.1,-58.319,0,0,1.460708,1.282661,9.403829,-7.055314,-0.7258892,-0.4608546,7.664707,7952
139.12,-153.2417,0,0,1.184754,0.9496617,-13.03893,-14.52569,-1.738089,-1.389838,-0.2129626,7948
139.14,-147.9533,0,0,0.9026328,0.4660797,-18.06183,-28.2227,-1.805569,-1.75711,-3.86576,8016
139.16,-80.74063,0,0,0.4687309,-0.1647341,-25.29848,-35.397,-1.46817,-1.619332,-4.785588,8020
139.18,-132.274,0,0,-0.2310155,-0.9083626,-40.12291,-31.27175,-2.48037,-2.44073,-9.811617,8016
139.2,-67.21436,0,0,-1.293862,-1.74252,-55.83283,-30.44538,-2.142969,-2.458391,-10.84711,8056
139.22,12.5515,0,0,-2.248746,-2.516198,-29.81756,-20.27341,-1.805569,-2.206749,-9.540213,8024
139.24,18.84,0,0,-2.501961,-2.741197,-20.41298,-4.415846,-2.075489,-2.259785,-6.5469,8036
139.26,51.03581,0,0,-2.886135,-2.763465,-21.93969,8.002667,-1.805569,-2.021399,-3.161046,8064
139.28,-125.04,0,0,-2.534476,-2.430488,32.2588,18.41129,-3.762489,-3.429981,-5.355006,8036
139.3,104.1738,0,0,-1.799672,-1.726535,33.0985,5.615068,-1.06329,-1.50384,8.117805,8152
139.32,135.5604,0,0,-1.505983,-1.308871,9.373294,19.237,-0.7933693,-0.7379157,11.66508,7976
139.34,40.64728,0,0,-1.662745,-1.024149,0.9916119,31.71374,-1.40069,-1.090328,8.479923,7944
139.36,-30.67452,0,0,-0.6354709,-0.2282261,64.42675,27.41091,-1.670609,-1.308968,10.05032,7980
139.38,-213.9287,0,0,0.2904159,0.4011022,37.11376,14.26871,-3.357609,-2.697775,4.637378,8008
139.4,12.10098,0,0,0.5787517,0.5756333,11.96872,-13.86082,-0.7258892,-1.001795,10.74707,8112
139.42,31.74744,0,0,0.4459404,0.2764141,-12.56565,-9.450594,-0.7933693,-0.6633492,8.401056,7972
139.44,-43.02921,0,0,-0.07458884,-0.08522805,-31.71069,-3.036172,-1.46817,-1.214757,2.505344,7964
139.46,-112.5803,0,0,-0.342525,-0.3629001,7.403828,-5.518316,-2.142969,-1.95377,-2.071867,7976
139.48,-153.7887,0,0,0.1555249,-0.3076307,11.84658,-15.55174,-2.68281,-2.506355,-2.469989,8024
139.5,-72.20144,0,0,-0.008114114,-0.5344105,-13.71068,-25.91075,-2.008009,-2.131583,-1.238695,8044
139.52,-47.30019,0,0,-0.4724648,-0.9880459,-30.36718,-23.17705,-2.075489,-2.12272,-2.485824,8024
139.54,-147.4621,0,0,-1.323922,-1.634222,-44.90153,-16.40191,-3.425089,-3.286986,-9.255695,8024
139.56,-105.66,0,0,-2.404949,-2.441467,-51.64962,-18.73501,-3.290129,-3.574357,-11.33829,8112
139.58,-65.35397,0,0,-2.80158,-2.979744,-8.764117,-14.63436,-3.425089,-3.697217,-9.559172,8104
139.6,-23.92828,0,0,-2.83545,-3.099076,-3.725947,-7.487411,-3.357609,-3.562197,-5.148815,8108
139.62,-241.0278,0,0,-2.866488,-3.121033,-7.237397,1.389256,-5.989328,-5.581472,-10.94221,8108
139.64,-134.6642,0,0,-3.00087,-3.163007,-0.1381594,-14.16644,-4.977129,-5.275021,-6.208965,8248
139.66,-61.43174,0,0,-2.382041,-2.979522,32.36567,-15.42926,-4.707209,-4.809767,0.50353,8200
139.68,-103.0933,0,0,-1.987533,-2.672219,9.434362,-10.06436,-5.314529,-5.076667,2.354136,8176
139.7,-94.36926,0,0,-2.929747,-3.012832,-65.31375,-8.170746,-5.247049,-5.229386,-0.4517812,8240
139.72,16.91942,0,0,-4.227072,-3.786499,-56.32138,-2.175534,-4.30233,-4.647664,-0.5983605,8232
139.74,99.51679,0,0,-5.602845,-4.650825,4.182453,17.28607,-3.762489,-4.151911,-0.5528655,8168
139.76,129.6524,0,0,-4.123827,-3.772668,48.21301,34.87252,-3.357609,-3.348212,11.68693,8140
139.78,76.86537,0,0,-2.85979,-2.419141,54.62522,45.79869,-3.357609,-2.966155,18.1207,8124
139.8,44.27023,0,0,-1.973532,-1.246219,42.53361,44.7837,-2.95273,-2.528323,20.83741,8108
139.82,169.8759,0,0,-0.8520516,-0.1220451,67.12904,37.40148,-0.8608494,-0.7021552,28.71616,8088
139.84,106.6211,0,0,0.7904417,1.19149,81.64813,40.15232,-0.7933693,-0.08244126,30.9206,7964
139.86,65.03968,0,0,2.240714,2.516453,61.8008,31.04663,-0.1185694,0.6171405,31.68609,7968
139.88,-16.75568,0,0,2.617141,3.042497,11.35803,19.15463,-0.1185694,0.6058868,24.23638,7928
139.9,-333.515,0,0,2.497944,2.777739,-5.588543,2.746156,-3.08769,-2.026593,4.553601,7920
139.92,-217.7289,0,0,2.513453,2.232855,2.289322,-40.1251,-1.738089,-1.762594,1.614443,8096
139.94,-824.9969,0,0,2.304539,0.9704589,-18.77939,-56.9125,-9.295849,-7.865689,-29.30788,8060
139.96,-871.8174,0,0,1.203457,-0.8999137,-59.32902,-126.1596,-10.78041,-10.82274,-42.71323,8464
139.98,-433.1913,0,0,-0.01237796,-3.313467,-65.52749,-172.6996,-8.41861,-9.650097,-35.41017,8560
140,-269.5474,0,0,-1.319535,-5.401896,-71.20689,-154.7493,-9.025928,-9.635621,-31.22901,8440
140.02,-189.4464,0,0,-2.803303,-6.623201,-80.33665,-121.2378,-9.363329,-9.747346,-25.48239,8452
140.04,380.8942,0,0,-4.333239,-7.082992,-83.35957,-85.45295,-3.695009,-5.096728,1.023084,8460
140.06,392.7403,0,0,-5.868349,-7.115526,-76.93208,0.661238,-3.762489,-3.873472,8.268305,8112
140.08,-153.2854,0,0,-7.13778,-6.662573,-58.03131,62.41041,-8.75601,-7.661352,-6.452557,8124
140.1,-35.80536,0,0,-6.684903,-5.535022,30.76262,47.10574,-6.529169,-6.799563,5.250274,8428
140.12,235.9017,0,0,-5.981717,-4.722352,25.87712,46.6969,-3.695009,-4.180311,20.40846,8288
140.14,211.4082,0,0,-5.505654,-3.948419,29.15956,72.29845,-3.695009,-3.435675,23.97444,8116
140.16,8.955139,0,0,-4.534071,-2.779717,53.64812,83.74837,-4.977129,-4.224459,21.75336,8132
140.18,-483.2646,0,0,-3.062619,-1.675859,74.67103,65.89261,-9.565769,-8.103511,6.29405,8204
140.2,-379.883,0,0,-1.633108,-1.03081,72.0756,-0.1394015,-8.148689,-7.974764,8.91147,8472
140.22,-340.4126,0,0,-0.1457073,-0.9413073,68.67103,-38.1395,-8.48609,-8.092921,9.097007,8400
140.24,-239.1127,0,0,0.4623456,-1.119268,16.54887,-61.16553,-7.811289,-7.539562,10.50645,8416
140.26,-202.5708,0,0,-0.5406555,-2.046302,-56.03131,-63.4086,-7.811289,-7.555403,4.631701,8364
140.28,-335.3676,0,0,-1.710945,-3.153209,-60.45879,-57.76205,-9.633249,-9.156126,-6.244486,8376
140.3,-104.5509,0,0,-2.67963,-4.034721,-52.32138,-64.11135,-7.473888,-7.881162,-0.91397,8468
140.32,177.5088,0,0,-3.64175,-4.733085,-54.16871,-41.70899,-4.977129,-5.516474,8.960432,8340
140.34,293.8162,0,0,-4.952814,-5.117428,-71.26795,5.838577,-3.695009,-3.905867,14.07506,8188
140.36,-135.7887,0,0,-6.060947,-5.226703,-54.56565,52.17693,-7.878769,-6.95322,-0.8822961,8116
140.38,-158.9079,0,0,-6.772183,-5.220204,24.38093,41.65144,-7.541368,-7.59447,-2.278792,8368
140.4,99.42963,0,0,-5.43434,-4.534031,50.70155,28.8125,-4.977129,-5.448375,14.21564,8356
140.42,-97.72418,0,0,-4.12982,-3.647084,56.97636,42.31089,-7.20397,-6.484318,13.42872,8212
140.44,-208.177,0,0,-3.204592,-2.740572,33.31223,28.37303,-7.811289,-7.210235,12.50892,8352
140.46,-166.4941,0,0,-3.300836,-2.71947,2.609933,7.867188,-7.27145,-7.091137,10.38808,8392
140.48,-72.24858,0,0,-3.110847,-2.870038,12.51833,-2.059631,-6.461689,-6.410358,12.23877,8344
140.5,-16.92648,0,0,-2.77753,-2.814344,17.20536,0.02795181,-5.92185,-5.745433,14.91161,8304
140.52,-70.55132,0,0,-2.746178,-2.725406,-5.466405,6.862756,-6.326729,-5.913046,12.79428,8272
140.54,-138.505,0,0,-3.407454,-3.018204,-39.35955,7.742809,-6.86657,-6.531314,6.627528,8312
140.56,35.98056,0,0,-4.063187,-3.454418,-28.51985,3.558678,-4.977129,-5.264614,9.877354,8328
140.58,-120.3625,0,0,-4.470102,-3.878415,39.41911,19.55267,-6.93405,-6.526971,2.750912,8224
140.6,33.746,0,0,-3.459333,-3.255215,40.94582,11.90667,-4.977129,-5.100163,14.23226,8340
140.62,47.06805,0,0,-2.621412,-2.542348,29.35803,19.86125,-4.707209,-4.401014,18.87607,8212
140.64,-27.56841,0,0,-2.065366,-1.835987,25.08322,24.6533,-4.977129,-4.431846,18.35505,8216
140.66,-54.29254,0,0,-1.583895,-1.267191,46.94583,18.68495,-4.707209,-4.262272,17.78333,8208
140.68,-146.1863,0,0,-0.4652063,-0.5728338,52.41148,8.581143,-5.314529,-4.653308,16.35641,8196
140.7,-122.6149,0,0,0.1055144,-0.1950381,17.11375,-9.284539,-4.707209,-4.309341,15.89834,8232
140.72,-118.667,0,0,-0.4374909,-0.6252326,-38.41298,-17.45644,-4.639729,-4.341824,9.78072,8192
140.74,-138.3021,0,0,-1.380342,-1.470935,-51.9855,-19.76374,-4.977129,-4.790478,2.376698,8180
140.76,2.501068,0,0,-2.566131,-2.462687,-62.33665,-19.55185,-3.695009,-4.008141,1.798594,8196
140.78,8.293793,0,0,-3.751406,-3.420651,-47.78703,-1.501233,-4.03241,-4.150446,-1.675745,8112
140.8,-12.27432,0,0,-3.601546,-3.429525,7.083217,11.04768,-4.30233,-4.277664,1.263123,8160
140.82,56.32765,0,0,-3.175083,-2.966558,24.442,16.23984,-3.425089,-3.492921,8.251638,8164
140.84,-20.79958,0,0,-2.115377,-2.086086,51.69392,23.4644,-4.03241,-3.625376,11.52648,8116
140.86,-101.8717,0,0,-1.284263,-1.238353,38.1214,17.77957,-4.43729,-3.946261,11.74832,8136
140.88,-64.45872,0,0,-0.58917,-0.6405751,32.80842,3.577825,-3.695009,-3.433284,14.0328,8164
140.9,-83.90001,0,0,-0.1116613,-0.3496693,16.93055,-3.686175,-3.762489,-3.371806,12.68473,8140
140.92,-124.6225,0,0,-0.04051213,-0.3468073,-3.267931,-10.85192,-4.03241,-3.642208,8.811981,8132
140.94,-126.1515,0,0,-0.5210306,-0.764708,-29.0542,-18.4295,-4.03241,-3.837508,4.142403,8156
140.96,-106.2039,0,0,-1.358827,-1.521388,-46.0313,-21.15019,-4.03241,-4.012474,-0.381597,8152
140.98,-74.28412,0,0,-2.411233,-2.433325,-57.60383,-17.72147,-4.03241,-4.158766,-3.872509,8152
141,-38.06285,0,0,-3.498639,-3.314569,-48.18398,-8.813774,-4.03241,-4.260599,-5.747337,8164
141.02,76.69398,0,0,-3.335301,-3.349468,18.88475,0.7789812,-3.02021,-3.323367,2.405705,8140
141.04,45.05052,0,0,-3.00346,-2.949998,9.17482,17.86583,-3.357609,-3.229382,5.985471,8100
141.06,10.49345,0,0,-2.50105,-2.261595,26.33513,24.50994,-3.357609,-3.134158,9.147156,8132
141.08,36.18268,0,0,-1.768063,-1.473737,35.72445,23.19731,-2.68281,-2.506461,13.87111,8132
141.1,-30.03345,0,0,-0.8198688,-0.6583985,44.74735,21.93709,-3.02021,-2.554206,14.70228,8092
141.12,-80.29971,0,0,0.05659735,0.06992176,41.86185,11.61328,-3.08769,-2.607358,14.42661,8112
141.14,-12.76472,0,0,0.5882261,0.4873219,26.96109,-2.04259,-2.008009,-1.790255,16.08927,8104
141.16,-35.09821,0,0,0.6489465,0.5009486,-0.6725109,-4.671244,-2.075489,-1.714345,12.44846,8036
141.18,-54.80946,0,0,0.2485259,0.2123879,-23.13053,-7.599583,-2.075489,-1.82424,7.465119,8048
141.2,-135.9693,0,0,-0.2957527,-0.3120657,-28.50458,-10.01978,-2.95273,-2.676506,-0.09658957,8044
141.22,-131.3779,0,0,-0.3911891,-0.6747109,6.945813,-19.40116,-3.02021,-2.965557,-1.873488,8088
141.24,-116.0809,0,0,-0.4605582,-1.005922,-3.741214,-24.8719,-3.155169,-3.133075,-2.520254,8064
141.26,8.178959,0,0,-0.9888123,-1.45606,-26.36718,-25.26566,-2.075489,-2.339646,0.05288764,8084
141.28,-57.56753,0,0,-1.729682,-2.002287,-45.78703,-10.79515,-3.08769,-2.991722,-4.265851,8020
141.3,-41.35542,0,0,-2.830747,-2.639641,-56.42826,-4.505072,-3.02021,-3.207736,-6.511864,8104
141.32,78.546,0,0,-3.526787,-3.113378,3.358025,3.625265,-2.008009,-2.453007,-2.505284,8088
141.34,82.68246,0,0,-2.70872,-2.622135,23.81605,19.09146,-2.075489,-2.084535,4.774181,8032
141.36,18.17883,0,0,-2.50327,-2.078745,15.5565,29.03893,-2.48037,-2.27821,5.744515,8028
141.38,-44.28205,0,0,-1.131283,-1.000604,71.96873,25.08307,-2.75029,-2.385571,10.12773,8048
141.4,-103.4177,0,0,-0.008796029,-0.0744015,56.62522,12.55151,-3.02021,-2.56882,11.1802,8088
141.42,-41.76931,0,0,0.6577787,0.45274,26.62521,-3.929146,-2.075489,-1.873168,13.42853,8108
141.44,-134.5037,0,0,0.7438544,0.4395679,-1.099992,-9.223403,-3.02021,-2.533994,7.076762,8044
141.46,-142.0758,0,0,0.4176463,0.09231619,-22.42824,-21.24634,-3.02021,-2.821775,2.446846,8108
141.48,-94.82623,0,0,-0.2099612,-0.5830562,-37.51222,-28.13238,-2.75029,-2.781131,-0.7027647,8104
141.5,-55.05685,0,0,-1.155548,-1.44798,-51.17634,-25.04161,-2.68281,-2.808235,-3.816551,8084
141.52,-4.868591,0,0,-2.258146,-2.311889,-53.69543,-15.52484,-2.48037,-2.727091,-5.417785,8072
141.54,19.28917,0,0,-2.719565,-2.713838,-9.344269,-2.470234,-2.48037,-2.662727,-3.765913,8052
141.56,-82.30919,0,0,-2.721305,-2.691869,-2.077091,8.74307,-3.695009,-3.544513,-4.73601,8076
141.58,-1.895256,0,0,-2.179376,-2.226823,28.19773,4.518149,-2.75029,-2.895277,2.690248,8136
141.6,1.004158,0,0,-1.566092,-1.705376,25.2359,7.96832,-2.75029,-2.625072,6.609842,8076
141.62,-48.0119,0,0,-1.326052,-1.323876,7.022149,9.667245,-3.08769,-2.82242,6.240465,8084
141.64,-59.78138,0,0,-1.062519,-1.034533,16.31986,4.960965,-3.02021,-2.825418,6.43705,8096
141.66,-73.69597,0,0,-0.708643,-0.8125869,15.09849,-0.4774899,-3.08769,-2.86877,6.35647,8080
141.68,-77.23332,0,0,-0.7131437,-0.8276333,-4.19923,-5.590373,-3.08769,-2.91908,4.882106,8096
141.7,-72.82999,0,0,-0.9582327,-1.056762,-12.44351,-8.674039,-3.08769,-2.987364,2.86162,8100
141.72,-59.11823,0,0,-0.9884938,-1.208008,-2.504572,-10.11116,-3.02021,-2.948466,2.727032,8088
141.74,-52.41721,0,0,-1.13465,-1.361965,-11.03893,-9.216825,-3.02021,-2.947669,2.257454,8096
141.76,-46.58817,0,0,-1.443189,-1.574758,-14.03129,-7.021565,-3.02021,-2.977642,1.367801,8108
141.78,35.05108,0,0,-1.321489,-1.512275,5.953446,-5.144573,-2.142969,-2.232506,5.734505,8072
141.8,36.30478,0,0,-1.301061,-1.384567,1.190086,4.29847,-2.075489,-1.965602,6.878708,8020
141.82,12.62553,0,0,-1.194579,-1.12645,11.4191,10.37232,-2.075489,-1.891911,7.294643,8040
141.84,-14.65263,0,0,-0.6245091,-0.6314475,29.66338,10.32936,-2.075489,-1.822091,8.820366,8024
141.86,-154.4244,0,0,-0.1419534,-0.2486614,24.12139,5.878416,-3.357609,-2.833517,4.39249,8048
141.88,-85.57541,0,0,0.4314314,0.08595598,27.98399,-12.90806,-2.412889,-2.324752,7.217435,8132
141.9,-45.27971,0,0,0.6960222,0.1262786,9.66337,-19.30774,-2.075489,-1.926031,7.604946,8036
141.92,-47.58369,0,0,0.5020664,-0.0447183,-14.88626,-18.98226,-2.075489,-1.880775,5.30148,8056
141.94,-134.0077,0,0,-0.1269987,-0.5048952,-35.39008,-17.27529,-3.02021,-2.742182,-1.713905,8056
141.96,-126.1421,0,0,-0.9815487,-1.200752,-46.47405,-22.33591,-3.08769,-3.136741,-5.895589,8084
141.98,30.01672,0,0,-1.155569,-1.582907,10.27406,-24.03422,-1.738089,-2.104841,-0.2712837,8092
142,51.75641,0,0,-1.146484,-1.637227,-4.550375,-9.228319,-1.738089,-1.752483,2.592235,8052
142.02,-82.24571,0,0,-1.596172,-1.714064,-27.08473,4.003541,-3.08769,-2.787207,-2.375589,8024
142.04,-83.4336,0,0,-2.077825,-1.892485,-28.82519,0.6481966,-3.02021,-3.067153,-3.578755,8092
142.06,18.1626,0,0,-1.458892,-1.625066,33.99926,-3.27182,-2.075489,-2.246481,3.733786,8100
142.08,26.67088,0,0,-0.9676244,-1.228922,18.28933,2.941393,-2.008009,-1.887673,7.172037,8008
142.1,-6.433777,0,0,-1.11531,-1.057804,-6.412971,8.195051,-2.142969,-1.951285,5.849319,8040
142.12,-54.3023,0,0,-1.156536,-0.9713269,19.03742,8.361031,-2.48037,-2.277512,3.719966,8052
142.14,-93.62268,0,0,-0.04893987,-0.3660766,46.80843,0.4704292,-2.75029,-2.443722,6.374008,8060
142.16,-105.4859,0,0,0.4803098,0.01012245,20.97635,-10.4827,-2.75029,-2.473638,6.448668,8064
142.18,-104.7205,0,0,0.2814367,-0.1397731,-12.55038,-18.58246,-2.75029,-2.570234,3.434836,8088
142.2,-59.76128,0,0,-0.4616367,-0.7297504,-40.84046,-21.75158,-2.412889,-2.447889,0.3875413,8072
142.22,-33.77255,0,0,-1.509321,-1.563801,-58.13818,-16.16772,-2.412889,-2.529836,-3.315311,8056
142.24,-6.134808,0,0,-2.728315,-2.459877,-56.09237,-6.089485,-2.412889,-2.649863,-6.200552,8060
142.26,-15.58102,0,0,-2.69479,-2.620524,31.11376,3.655668,-2.75029,-2.839711,-3.790657,8044
142.28,-11.97165,0,0,-2.309357,-2.312163,11.69391,8.2001,-2.75029,-2.768029,0.4810599,8068
142.3,67.01892,0,0,-1.830109,-1.801956,32.15193,10.24228,-1.805569,-1.896401,7.322403,8084
142.32,29.59116,0,0,-1.090895,-1.107805,27.95345,17.3298,-2.008009,-1.736752,10.26949,8004
142.34,-15.51846,0,0,-0.7389188,-0.5603287,12.76261,17.00915,-2.075489,-1.765681,9.988634,8052
142.36,-39.93973,0,0,-0.1657188,-0.06706686,36.18246,10.41504,-2.008009,-1.713577,10.18712,8040
142.38,20.78905,0,0,0.5967419,0.4621689,31.57178,1.301384,-1.06329,-0.9028542,13.84443,8032
142.4,-88.84874,0,0,0.560047,0.4948266,4.518331,1.162416,-2.075489,-1.598299,7.176138,7968
142.42,-90.79632,0,0,0.5390631,0.4136654,-3.099992,-9.985979,-1.873049,-1.690347,4.59302,8028
142.44,-100.107,0,0,0.3837466,0.1021006,-2.077091,-17.18425,-2.075489,-1.934148,1.233208,8060
142.46,-56.43425,0,0,0.2450732,-0.2072459,-12.64198,-22.39887,-1.738089,-1.74572,0.9138604,8044
142.48,-44.74978,0,0,-0.2485229,-0.658875,-30.62672,-19.96834,-1.805569,-1.801915,-1.214484,8016
142.5,-107.438,0,0,-1.040584,-1.267373,-44.04657,-14.86161,-2.68281,-2.604798,-6.695097,8004
142.52,-89.36349,0,0,-1.843178,-1.915377,-31.66489,-15.32879,-2.75029,-2.929211,-8.708257,8072
142.54,-55.61182,0,0,-1.589414,-2.013697,6.640469,-14.25673,-2.75029,-2.884228,-4.741688,8068
142.56,-35.47149,0,0,-1.581447,-1.996979,-8.428238,-10.08997,-2.75029,-2.807362,-2.105962,8072
142.58,-24.64495,0,0,-1.933182,-2.098256,-17.32901,-4.28067,-2.75029,-2.7978,-1.473465,8076
142.6,-19.90792,0,0,-1.847317,-1.984208,12.73207,0.4999583,-2.75029,-2.742224,0.8106245,8064
142.62,67.87141,0,0,-1.672073,-1.714146,8.060317,3.737684,-1.738089,-1.861762,6.425518,8072
142.64,57.69686,0,0,-1.659046,-1.484996,3.724437,14.64836,-1.738089,-1.625083,7.434785,8004
142.66,-5.610168,0,0,-1.007607,-0.88322,33.80079,18.95247,-2.075489,-1.762501,8.745938,8020
142.68,-36.487,0,0,-0.1505893,-0.1480743,40.86949,12.79147,-2.008009,-1.686172,10.65826,8016
142.7,20.39608,0,0,0.5236158,0.4302535,33.31223,3.471066,-1.06329,-0.8945256,13.88878,8052
142.72,-8.170082,0,0,0.7712092,0.6753063,10.01452,2.079059,-1.13077,-0.7928556,11.69993,7976
142.74,-124.512,0,0,0.5821131,0.56818,-11.13053,-1.422322,-2.142969,-1.695537,4.06438,7976
142.76,-131.8612,0,0,0.5384616,0.3542492,2.060315,-15.39077,-2.142969,-1.994625,0.9268017,8048
142.78,-110.411,0,0,0.4612405,-0.003223918,-6.214497,-25.16053,-2.142969,-2.097216,-0.8692635,8028
142.8,-78.06606,0,0,0.04975006,-0.5102194,-26.47405,-28.21556,-2.075489,-2.110626,-2.53365,8036
142.82,-21.25046,0,0,-0.6796671,-1.124463,-42.41298,-24.71618,-1.738089,-1.900171,-3.317412,8064
142.84,10.03094,0,0,-1.652555,-1.804175,-52.871,-13.66859,-1.670609,-1.859095,-4.828629,8008
142.86,19.98035,0,0,-2.204945,-2.17766,-9.863353,-1.33055,-1.738089,-1.894017,-4.279399,7988
142.88,15.88393,0,0,-1.826359,-1.905809,9.571767,6.996387,-1.805569,-1.827015,0.005032182,8024
142.9,-19.3115,0,0,-1.371927,-1.422241,36.47254,10.75133,-2.075489,-1.942313,2.476421,8032
142.92,52.08006,0,0,-0.5330897,-0.6843572,41.60231,7.266522,-1.06329,-1.051862,9.616102,8032
142.94,30.19667,0,0,-0.01189109,-0.1103323,23.5107,10.4336,-1.06329,-0.7940242,10.90252,7980
142.96,-11.68938,0,0,0.2222519,0.2699489,10.24352,9.439487,-1.13077,-0.8244268,9.409443,8004
142.98,-37.83897,0,0,0.3928089,0.4599888,11.99925,3.899441,-1.13077,-0.8843198,7.404586,7984
143,-40.04487,0,0,0.7060106,0.6003074,12.36566,-3.392319,-0.9958096,-0.8052014,6.651432,7964
143.02,-59.39926,0,0,0.8354483,0.597276,6.991614,-8.919345,-1.13077,-0.9239887,4.4817,7984
143.04,-140.5853,0,0,0.8169231,0.440234,-6.443505,-14.6044,-2.008009,-1.704911,-0.5969951,7996
143.06,-136.5773,0,0,0.5336953,0.06631422,-15.51221,-25.77686,-2.075489,-2.026776,-3.556216,8028
143.08,-80.61784,0,0,0.2229058,-0.4153979,-10.33664,-31.78593,-1.805569,-1.914842,-3.895923,8000
143.1,-48.40966,0,0,-0.287076,-0.9403774,-27.02366,-28.51554,-1.805569,-1.90467,-4.629299,8020
143.12,-107.9503,0,0,-1.139855,-1.582252,-46.58092,-20.57148,-2.75029,-2.724241,-9.382517,8032
143.14,-49.62623,0,0,-2.073011,-2.247942,-53.58856,-18.40668,-2.412889,-2.722831,-9.49113,8068
143.16,-41.50986,0,0,-2.26283,-2.541665,2.854208,-10.28498,-2.75029,-2.910449,-7.489199,8060
143.18,-22.99284,0,0,-2.244088,-2.49993,-2.855718,-3.964664,-2.75029,-2.868762,-3.852178,8080
143.2,78.34357,0,0,-2.419275,-2.413488,6.106118,2.712536,-1.738089,-2.007701,1.865214,8064
143.22,67.69189,0,0,-1.92223,-1.92034,22.62521,16.01079,-1.805569,-1.718114,6.324071,8020
143.24,15.1187,0,0,-1.438909,-1.261362,23.78551,22.24961,-2.008009,-1.753177,8.117576,8004
143.26,61.91376,0,0,-0.6180374,-0.4456832,52.77789,18.62922,-1.06329,-0.9381564,13.61213,8024
143.28,20.10658,0,0,0.2590723,0.3297234,42.19773,18.17657,-1.13077,-0.7352177,14.78678,7952
143.3,-145.949,0,0,0.7951729,0.8259628,26.82368,11.70667,-2.48037,-1.81409,8.398141,7972
143.32,-166.0938,0,0,1.199671,1.015987,17.77024,-10.7514,-2.412889,-2.104353,5.505699,8044
143.34,-36.02804,0,0,1.173683,0.7527722,-5.863352,-27.66384,-1.13077,-1.216943,6.475025,8056
143.36,-98.10473,0,0,0.7345594,0.1823041,-30.50458,-24.54954,-2.075489,-1.820787,0.07954457,7972
143.38,-60.18888,0,0,-0.1154834,-0.5000383,-48.22978,-26.14743,-1.738089,-1.818115,-2.9176,8016
143.4,-119.2462,0,0,-1.266927,-1.449834,-59.19162,-19.99263,-2.75029,-2.749237,-10.05898,8020
143.42,-95.99131,0,0,-2.153041,-2.26024,-30.65725,-19.03447,-2.88525,-3.140003,-11.78614,8056
143.44,-36.0418,0,0,-1.928222,-2.400342,5.449629,-16.32085,-2.68281,-2.923124,-6.232969,8068
143.46,-11.04607,0,0,-2.05485,-2.427368,-11.00839,-8.009894,-2.68281,-2.798778,-3.172077,8072
143.48,-8.156311,0,0,-2.366075,-2.454945,-10.3061,0.9555721,-2.75029,-2.809412,-1.823681,8092
143.5,-4.759407,0,0,-1.858989,-2.02865,22.67101,5.84232,-2.68281,-2.639377,2.809227,8092
143.52,67.75443,0,0,-1.532571,-1.554012,13.19009,8.469567,-1.738089,-1.782658,8.448791,8068
143.54,50.24721,0,0,-1.50038,-1.256074,11.44963,17.29421,-1.738089,-1.575441,8.804194,8008
143.56,-105.0497,0,0,-0.850344,-0.7118915,28.38094,19.34675,-3.08769,-2.558486,5.835373,8036
143.58,-38.26425,0,0,-0.1983529,-0.1717764,33.17483,3.058408,-2.008009,-1.926749,9.655636,8112
143.6,-48.8885,0,0,0.5650125,0.2468911,37.98399,-3.393375,-2.075489,-1.768232,10.39092,8048
143.62,-68.35095,0,0,0.8715545,0.4637066,10.86948,-9.801756,-2.075489,-1.756391,8.841247,8064
143.64,-78.29288,0,0,0.5548816,0.2482279,-20.26031,-15.26018,-2.075489,-1.865152,4.808546,8024
143.66,-41.53752,0,0,-0.1636805,-0.3222855,-40.94733,-17.80152,-1.738089,-1.749939,1.402505,8032
143.68,-23.59764,0,0,-0.8951895,-0.9705157,-32.2145,-13.52417,-1.738089,-1.798406,-1.493971,7900
143.7,-17.06013,0,0,-1.134911,-1.279968,-8.183965,-7.947835,-1.805569,-1.845072,-1.446474,8000
143.72,-7.041027,0,0,-1.001263,-1.227813,6.289324,-3.812106,-1.738089,-1.738157,0.7714868,8008
143.74,-18.29564,0,0,-0.61296,-0.918246,16.62521,-1.144199,-1.805569,-1.690539,3.061174,8004
143.76,-29.34366,0,0,-0.4725282,-0.6832424,8.762607,-1.010828,-1.805569,-1.673346,3.589302,8020
143.78,-37.61131,0,0,-0.3726408,-0.5418765,4.151918,-2.408997,-1.805569,-1.677235,3.507548,8012
143.8,-42.25757,0,0,-0.3218399,-0.4876842,2.319857,-4.376328,-1.805569,-1.691206,3.080191,8036
143.82,-38.06731,0,0,-0.2745217,-0.4733068,0.9305434,-6.308239,-1.738089,-1.647473,2.938871,8016
143.84,-44.54172,0,0,-0.2582612,-0.4906499,-0.3519,-7.232372,-1.805569,-1.697221,2.330893,8016
143.86,-39.03191,0,0,-0.2573883,-0.5145869,0.5946653,-8.496352,-1.738089,-1.661622,2.210264,8016
143.88,-43.5817,0,0,-0.3244818,-0.5811756,-1.451137,-8.59291,-1.805569,-1.718992,1.502377,8008
143.9,-36.29472,0,0,-0.3562251,-0.6273015,-1.878618,-8.998964,-1.738089,-1.682119,1.548262,8016
143.92,-34.14573,0,0,-0.4010585,-0.6715645,-2.703046,-8.389444,-1.738089,-1.67455,1.453669,7996
143.94,-39.25152,0,0,-0.4608924,-0.7138079,-3.252664,-7.587586,-1.805569,-1.731302,1.102855,7996
143.96,-32.63605,0,0,-0.4534327,-0.7138569,0.7015356,-7.567733,-1.738089,-1.685629,1.521083,8004
143.98,-31.91122,0,0,-0.4319912,-0.6963812,0.8694746,-6.943611,-1.738089,-1.666862,1.774776,8012
144,-32.95559,0,0,-0.4304262,-0.6780163,0.4877952,-6.464551,-1.738089,-1.66129,1.852306,8020
144.02,-34.16091,0,0,-0.4246805,-0.6607212,0.5183294,-6.273708,-1.738089,-1.660064,1.884461,7984
144.04,-34.99985,0,0,-0.427602,-0.6534595,-0.0007547362,-6.266938,-1.738089,-1.66187,1.841076,8008
144.06,-41.1259,0,0,-0.4608814,-0.6726493,-0.9931214,-6.263512,-1.805569,-1.723202,1.426003,8008
144.08,-34.39941,0,0,-0.4683336,-0.6857122,-0.2297625,-6.847098,-1.738089,-1.685202,1.620362,8008
144.1,-32.88677,0,0,-0.4556268,-0.6879913,-0.04655629,-6.585435,-1.738089,-1.670755,1.753061,8028
144.12,-39.11843,0,0,-0.453668,-0.6853838,0.2587874,-6.268437,-1.805569,-1.720215,1.569135,8004
144.14,-33.53448,0,0,-0.4385713,-0.6723847,0.7320697,-6.724683,-1.738089,-1.676704,1.860135,8016
144.16,-33.07124,0,0,-0.4317989,-0.6666571,0.3961921,-6.487233,-1.738089,-1.664258,1.910822,8020
144.18,-39.80284,0,0,-0.4328369,-0.6638947,0.2129859,-6.287634,-1.805569,-1.716488,1.655564,7992
144.2,-34.21519,0,0,-0.4315958,-0.660919,0.04504682,-6.83444,-1.738089,-1.676681,1.845204,8000
144.22,-39.2818,0,0,-0.4530911,-0.6792895,-0.9320526,-6.580618,-1.805569,-1.723836,1.527172,8004
144.24,-39.24233,0,0,-0.4378904,-0.6776209,0.3351234,-6.9598,-1.805569,-1.733209,1.590027,8000
144.26,-32.10513,0,0,-0.4615817,-0.693059,-0.7641136,-7.136545,-1.738089,-1.683863,1.747996,8000
144.28,-37.45528,0,0,-0.4399336,-0.687539,0.5488637,-6.592466,-1.805569,-1.719856,1.688556,8008
144.3,-38.23045,0,0,-0.447088,-0.6845036,0.2587874,-6.753255,-1.805569,-1.730707,1.654243,8012
144.32,-25.79472,0,0,-0.4453145,-0.6794896,0.2129859,-6.932436,-1.670609,-1.623871,2.151731,7988
144.34,-37.97478,0,0,-0.4358725,-0.6720536,0.5335966,-5.833695,-1.805569,-1.702642,1.782866,7996
144.36,-40.20934,0,0,-0.4336653,-0.6594051,0.9610775,-6.343459,-1.805569,-1.725488,1.706727,7988
144.38,-39.64926,0,0,-0.4344118,-0.6645396,-0.2755641,-6.912228,-1.805569,-1.733284,1.642956,8004
144.4,-38.58467,0,0,-0.4253822,-0.6701053,0.3961921,-7.257982,-1.805569,-1.733803,1.666528,8000
144.42,-25.53762,0,0,-0.4490156,-0.6842752,-0.3213652,-7.300152,-1.670609,-1.627263,2.061521,7988
144.44,-25.68489,0,0,-0.4094205,-0.6591347,0.01451245,-6.112828,-1.670609,-1.590699,2.335701,8004
144.46,-40.94023,0,0,-0.4127516,-0.6385544,0.304589,-5.349236,-1.805569,-1.693335,1.802862,8020
144.48,-37.33226,0,0,-0.3915135,-0.6148866,0.5946653,-6.445981,-1.738089,-1.667448,1.959411,8000
144.5,-36.23226,0,0,-0.4274992,-0.6406103,-0.3060985,-6.720749,-1.738089,-1.668764,1.711792,8016
144.52,-35.30717,0,0,-0.4524991,-0.6683758,0.01451245,-6.713498,-1.738089,-1.672043,1.591468,8004
144.54,-34.43718,0,0,-0.4728418,-0.6898121,0.1824515,-6.547748,-1.738089,-1.673643,1.548984,8012
144.56,-40.1669,0,0,-0.4396784,-0.6792777,0.5183294,-6.439619,-1.805569,-1.721341,1.516617,8004
144.58,-40.10595,0,0,-0.4430386,-0.6792146,-0.4587703,-6.941715,-1.805569,-1.734737,1.49335,8020
144.6,-31.27204,0,0,-0.6255537,-0.7855872,-1.16106,-6.753864,-1.738089,-1.709703,1.009485,8004
144.62,-34.95736,0,0,-0.5090255,-0.7555561,-0.9167854,-6.025018,-1.805569,-1.729898,1.565832,8016
144.64,-29.59869,0,0,-0.5227886,-0.7390488,4.945812,-5.877588,-1.738089,-1.681012,1.848563,8024
144.66,-30.12535,0,0,-0.4804872,-0.7025635,-2.061824,-5.36059,-1.738089,-1.661192,2.118627,7996
144.68,-37.51089,0,0,-0.5377856,-0.7152815,-0.9167854,-4.92909,-1.805569,-1.721601,1.616672,8020
144.7,-25.89464,0,0,-0.5336458,-0.7106345,-1.848083,-5.383555,-1.670609,-1.627989,2.090572,8000
144.72,-31.53157,0,0,-0.5171254,-0.7013827,0.5641309,-4.564662,-1.738089,-1.654429,1.982788,8004
144.74,-33.63326,0,0,-0.4928725,-0.6754956,-0.519839,-4.660908,-1.738089,-1.659601,2.03043,8004
144.76,-28.63737,0,0,-0.4723138,-0.6541882,0.9916119,-4.999193,-1.670609,-1.606338,2.263794,8008
144.78,-35.35769,0,0,-0.473247,-0.6513633,0.2129859,-4.731259,-1.738089,-1.649819,1.942271,8040
144.8,-36.83741,0,0,-0.4382121,-0.6316894,1.388559,-5.332638,-1.738089,-1.659,1.960912,8032
144.82,-43.29501,0,0,-0.3853423,-0.6082917,0.3961921,-6.045199,-1.805569,-1.711497,1.809975,8016
144.84,-37.42246,0,0,-0.3502831,-0.5928521,1.358024,-7.275105,-1.738089,-1.669626,2.018661,8020
144.86,-36.33706,0,0,-0.3589534,-0.6071725,-0.6419765,-7.482812,-1.738089,-1.662189,1.882103,8012
144.88,-35.99873,0,0,-0.395406,-0.6359234,0.6099325,-7.404904,-1.738089,-1.666121,1.673587,8000
144.9,-36.67912,0,0,-0.2778738,-0.5804316,2.045048,-7.636526,-1.738089,-1.648433,2.163785,8000
144.92,-38.37962,0,0,-0.2518308,-0.5485373,-0.6419765,-7.953898,-1.738089,-1.644668,2.134118,8008
144.94,-39.61582,0,0,-0.2525238,-0.5431314,-0.4282355,-8.348703,-1.738089,-1.649021,1.957043,8020
144.96,-40.13501,0,0,-0.2420764,-0.5428057,-0.03128911,-8.769296,-1.738089,-1.651875,1.856515,8012
144.98,-39.9116,0,0,-0.2779742,-0.5700796,-0.3366328,-9.002934,-1.738089,-1.660044,1.595737,8004
145,-39.2789,0,0,-0.2763064,-0.5836074,-0.2908313,-9.130962,-1.738089,-1.661221,1.575535,8008
145.02,-44.83757,0,0,-0.275058,-0.5927526,0.304589,-9.156954,-1.805569,-1.715097,1.341748,8012
145.04,-38.35855,0,0,-0.2683978,-0.594034,0.3198562,-9.745818,-1.738089,-1.673261,1.593192,8020
145.06,-43.01865,0,0,-0.2845114,-0.6109677,-0.1381594,-9.442947,-1.805569,-1.717914,1.337581,8008
145.08,-36.35944,0,0,-0.3320046,-0.6395586,-1.084725,-9.56729,-1.738089,-1.680613,1.411712,8016
145.1,-41.14663,0,0,-0.3094425,-0.6380503,-0.4893047,-9.033951,-1.805569,-1.718017,1.404971,8012
145.12,-35.08536,0,0,-0.3550891,-0.6546837,-0.6572433,-9.029299,-1.738089,-1.678834,1.505295,8016
145.14,-40.45665,0,0,-0.3238159,-0.6420171,0.9458106,-8.499303,-1.805569,-1.715443,1.523768,8020
145.16,-41.56047,0,0,-0.2777515,-0.6066504,2.594666,-8.82268,-1.805569,-1.718489,1.728724,8012
145.18,-42.50453,0,0,-0.1824534,-0.545529,2.396193,-9.429311,-1.805569,-1.707662,2.074056,8012
145.2,-37.61315,0,0,-0.1640019,-0.5188543,-0.596175,-9.998112,-1.738089,-1.653147,2.231702,8020
145.22,-38.12294,0,0,-0.2018121,-0.5354425,0.04504682,-9.787649,-1.738089,-1.648568,1.942562,8016
145.24,-39.12808,0,0,-0.2000029,-0.5384937,0.2587874,-9.698853,-1.738089,-1.648592,1.86097,8024
145.26,-39.72876,0,0,-0.2235654,-0.5524837,0.1366499,-9.6752,-1.738089,-1.653565,1.682693,8020
145.28,-40.02296,0,0,-0.2069437,-0.5490079,0.9152762,-9.761909,-1.738089,-1.652688,1.711155,8028
145.3,-40.33455,0,0,-0.1997389,-0.5453683,0.3809245,-9.871256,-1.738089,-1.652328,1.694489,8016
145.32,-46.65239,0,0,-0.188099,-0.5424768,0.4572606,-10.01608,-1.805569,-1.706306,1.454454,8004
145.34,-34.4679,0,0,-0.1958576,-0.5467347,0.3656577,-10.71943,-1.670609,-1.613781,1.826323,8016
145.36,-45.49696,0,0,-0.1971796,-0.5574428,0.07558119,-9.962122,-1.805569,-1.697759,1.387082,8008
145.38,-46.63236,0,0,-0.1842189,-0.5504285,0.3351234,-10.60607,-1.805569,-1.718688,1.384795,8020
145.4,-39.31673,0,0,-0.2009137,-0.5649522,-0.04655629,-11.09992,-1.738089,-1.672358,1.532423,8004
145.42,-44.13158,0,0,-0.1888684,-0.5693405,-0.04655629,-10.72278,-1.805569,-1.710898,1.410956,8016
145.44,-32.27891,0,0,-0.2036951,-0.570889,-0.09235785,-10.90315,-1.670609,-1.613413,1.837,8020
145.46,-43.96393,0,0,-0.2144598,-0.5776442,-0.06182348,-9.805176,-1.805569,-1.696933,1.404583,8008
145.48,-39.46222,0,0,-0.2218863,-0.5725315,0.1824515,-10.22662,-1.738089,-1.666004,1.582657,8008
145.5,-38.75829,0,0,-0.2175074,-0.5714256,0.2587874,-10.06581,-1.738089,-1.65672,1.633144,8004
145.52,-45.22517,0,0,-0.199257,-0.56069,0.04504682,-9.944899,-1.805569,-1.706164,1.479958,8016
145.54,-45.42437,0,0,-0.219201,-0.5702932,-0.3977011,-10.46724,-1.805569,-1.72365,1.342375,8036
145.56,-43.90202,0,0,-0.23638,-0.591921,0.2893218,-10.78383,-1.805569,-1.729985,1.281605,8000
145.58,-36.449,0,0,-0.2264155,-0.5956447,0.5183294,-10.85385,-1.738089,-1.672783,1.634665,8000
145.6,-36.14503,0,0,-0.2051382,-0.5808432,0.1519171,-10.2037,-1.738089,-1.65224,1.822111,8024
145.62,-37.7012,0,0,-0.2028138,-0.5632542,0.1366499,-9.751561,-1.738089,-1.647162,1.844905,8036
145.64,-39.23531,0,0,-0.1990235,-0.5483482,0.2587874,-9.625153,-1.738089,-1.647341,1.818457,8024
145.66,-40.31232,0,0,-0.1898987,-0.5367239,0.2435202,-9.727701,-1.738089,-1.648384,1.786986,8008
145.68,-46.65608,0,0,-0.2194939,-0.5541801,-0.1381594,-9.833464,-1.805569,-1.709937,1.344976,8012
145.7,-40.19597,0,0,-0.2083143,-0.558197,0.2587874,-10.56485,-1.738089,-1.670071,1.578437,8008
145.72,-44.83163,0,0,-0.2090458,-0.5699865,0.3809245,-10.40101,-1.805569,-1.713166,1.363608,8032
145.74,-32.57951,0,0,-0.212613,-0.5714453,0.5946653,-10.73419,-1.670609,-1.615006,1.829196,8040
145.76,-44.02825,0,0,-0.2202893,-0.5785735,0.1213828,-9.706301,-1.805569,-1.697806,1.405091,8016
145.78,-69.41608,0,0,-0.2308644,-0.5908659,-0.8862511,-10.1725,-2.075489,-1.940646,0.361852,8012
145.8,-66.93173,0,0,-0.2322778,-0.6215699,0.01451245,-13.04381,-2.075489,-2.005535,0.2534057,8024
145.82,24.93205,0,0,-0.2378506,-0.6386076,-1.16106,-14.59097,-1.13077,-1.251638,3.742129,8032
145.84,-2.860489,0,0,-0.2703964,-0.6365123,-2.794649,-6.256239,-1.46817,-1.317052,3.097271,7972
145.86,41.4874,0,0,-0.3256986,-0.5264771,-0.2755641,-3.29977,-0.7933693,-0.800282,5.233429,7988
145.88,-25.22353,0,0,-0.2408348,-0.3853465,4.380926,2.8233,-1.40069,-1.152824,3.416721,7960
145.9,10.095,0,0,-0.1685614,-0.216862,12.04505,-0.05215085,-0.7933693,-0.7713716,4.954255,8008
145.92,-58.61916,0,0,0.2349152,0.02198316,19.02215,0.3485281,-1.46817,-1.180743,3.555465,7952
145.94,-13.33354,0,0,0.4728299,0.2309965,8.060317,-7.040143,-0.7933693,-0.7489684,5.369663,7992
145.96,-14.40196,0,0,0.4521181,0.2131868,-4.443504,-7.410631,-0.7933693,-0.6697477,4.166795,7940
145.98,-82.01071,0,0,0.3982039,0.1360157,-0.4740371,-7.679618,-1.46817,-1.224934,0.5336839,7948
146,-114.1381,0,0,0.3912275,0.03187387,-0.5351062,-14.69128,-1.805569,-1.662917,-1.774844,8004
146.02,-8.576675,0,0,0.303592,-0.1482838,-4.183962,-22.24223,-0.7933693,-0.9718252,0.9441965,8012
146.04,10.48516,0,0,0.05588723,-0.4002523,-16.13817,-15.82969,-0.7933693,-0.7991323,0.6965626,7972
146.06,76.08071,0,0,-0.428285,-0.6213914,-26.42825,-8.109407,-0.05108929,-0.1975209,2.15835,7976
146.08,34.05839,0,0,-0.6203877,-0.6629626,-0.183961,4.261734,-0.4559698,-0.3647205,1.198721,7928
146.1,-17.95293,0,0,-0.2408347,-0.3165087,21.00689,7.180921,-0.7933693,-0.6212006,1.968824,7932
146.12,24.11512,0,0,0.3483403,0.1855424,33.1901,2.147851,-0.1185694,-0.08503614,6.131402,7956
146.14,-25.3834,0,0,0.7323119,0.5267406,15.70917,1.747164,-0.5234499,-0.261174,5.166601,7916
146.16,52.75815,0,0,0.7333969,0.660852,1.846574,-3.574126,0.5562305,0.5099761,7.062859,7944
146.18,8.598254,0,0,0.7705234,0.6824806,-0.2450293,0.5847352,0.15135,0.3582016,4.622367,7880
146.2,-35.38929,0,0,0.7625883,0.7027625,2.609933,-1.136939,-0.1185694,0.06201603,2.035697,7900
146.22,-43.26872,0,0,0.9580616,0.7562708,9.022148,-7.300973,-0.1185694,-0.01797082,1.357558,7920
146.24,55.97729,0,0,0.8926136,0.680978,-5.725948,-11.95361,0.9611101,0.8034773,3.770194,7916
146.26,52.12117,0,0,0.7941932,0.5877729,-4.565641,-4.718971,0.89363,0.9510188,2.985857,7852
146.28,34.59418,0,0,0.740006,0.6288587,-0.8862511,-0.107818,0.89363,0.9735716,2.324123,7856
146.3,12.22565,0,0,0.8569534,0.7643479,7.022149,0.8370263,0.8261509,0.9232855,1.876477,7876
146.32,-0.2482376,0,0,1.025366,0.9071453,11.5107,-1.325258,0.8261509,0.9075491,1.589746,7856
146.34,-92.46407,0,0,1.254424,1.003663,8.472529,-4.816179,-0.1185694,0.1427784,-1.925967,7876
146.36,-91.8543,0,0,1.209631,0.8930203,-3.054191,-16.3947,-0.1185694,-0.09775043,-3.640308,7920
146.38,-67.81404,0,0,1.002084,0.5510859,-9.496941,-23.43154,-0.1185694,-0.1909241,-4.982043,7912
146.4,-11.53452,0,0,0.7093356,0.1759734,-21.57328,-24.70893,0.2188301,0.04785657,-4.384805,7920
146.42,41.28734,0,0,0.05765412,-0.2962936,-36.24504,-17.86459,0.5562305,0.3391047,-4.346463,7888
146.44,56.06976,0,0,-0.7588913,-0.7860289,-36.10763,-5.487271,0.5562305,0.3603393,-5.466436,7880
146.46,-63.98952,0,0,-0.4688087,-0.6629447,13.96871,3.52309,-0.7933693,-0.6156823,-6.535266,7848
146.48,18.56762,0,0,0.03917906,-0.2250167,23.66337,-3.982148,0.2188301,0.03595459,-0.007651806,7944
146.5,-5.197968,0,0,0.435788,0.09791985,19.48017,-1.922336,-0.1185694,-0.009614654,1.183698,7900
146.52,-15.95567,0,0,0.4347316,0.2399399,-0.1228922,-3.072525,-0.1185694,-0.04648175,0.8000128,7936
146.54,-19.93213,0,0,0.5296291,0.3217809,5.159552,-5.248537,-0.1185694,-0.06057565,0.7104336,7904
146.56,-20.49583,0,0,0.5257992,0.3133684,0.2893218,-7.124239,-0.1185694,-0.07821314,0.2098525,7928
146.58,-19.02391,0,0,0.507056,0.2685166,-0.3519,-8.378518,-0.1185694,-0.09136704,-0.1874455,7920
146.6,103.4054,0,0,0.4707223,0.2695185,-1.130526,-8.82522,1.23103,0.9938118,4.346278,7920
146.62,-21.2245,0,0,0.4683546,0.2893405,-0.0007547362,3.14991,-0.1185694,0.1944188,0.08107883,7836
146.64,-45.40596,0,0,0.496931,0.4109105,7.144286,-1.574867,-0.1185694,-0.03581443,-0.7295338,7936
146.66,-44.62334,0,0,0.9092153,0.5955352,19.19009,-8.371307,-0.1185694,-0.05386382,0.2737355,7908
146.68,-39.32864,0,0,0.8763473,0.5417738,-5.60381,-12.8028,-0.1185694,-0.08353147,-0.6269056,7912
146.7,-31.49413,0,0,0.7367727,0.3755551,-5.939688,-14.81354,-0.1185694,-0.1155022,-1.559171,7928
146.72,-113.6451,0,0,0.65822,0.1965648,-6.214497,-15.17209,-1.13077,-0.9445575,-5.379782,7912
146.74,25.42253,0,0,0.3390098,-0.05292058,-16.42824,-22.63492,0.2863102,-0.05016983,-1.670941,7976
146.76,-69.09421,0,0,0.06737031,-0.3757265,-14.13817,-12.79697,-1.06329,-0.9003929,-5.911781,7896
146.78,42.11782,0,0,-0.3053923,-0.5660938,-16.13817,-14.52503,0.15135,-0.1617418,-2.197738,7976
146.8,-55.97284,0,0,-0.2968111,-0.6341885,2.609933,-4.478519,-1.13077,-0.9537008,-4.641282,7900
146.82,-67.21925,0,0,-0.3039505,-0.5748792,0.5793981,-7.662035,-1.19825,-1.200201,-4.153868,7960
146.84,41.98001,0,0,-0.1301439,-0.4616086,9.510698,-11.32124,-0.1185694,-0.3477941,1.24719,7972
146.86,49.66095,0,0,-0.1086329,-0.3818777,-0.7946484,-2.802753,-0.1185694,-0.1000631,2.55278,7916
146.88,33.02623,0,0,-0.1071472,-0.209399,2.884742,3.620189,-0.1185694,-0.0348873,2.975553,7908
146.9,-16.75873,0,0,0.1742,0.08900886,16.02979,5.334609,-0.4559698,-0.2675241,2.680452,7904
146.92,-4.689758,0,0,0.6655348,0.4837385,26.85421,-0.01999927,-0.1185694,-0.02049608,4.811645,7928
146.94,7.768664,0,0,1.078802,0.8008962,15.57177,-3.653348,0.15135,0.2781592,6.072684,7912
146.96,-89.50734,0,0,1.044408,0.8113281,0.6862684,-4.93576,-0.7933693,-0.4641408,0.8554353,7892
146.98,-36.40072,0,0,1.069607,0.7636679,1.724437,-15.66116,-0.1185694,-0.1494229,1.422738,7952
147,-167.0346,0,0,0.9903612,0.4963962,-5.191597,-17.35085,-1.738089,-1.39945,-5.411693,7904
147.02,-70.81694,0,0,0.8043437,0.2078386,-10.53511,-30.9964,-0.7933693,-0.9921322,-3.73665,8000
147.04,-32.62331,0,0,0.4153259,-0.2662577,-20.62671,-29.1529,-0.7933693,-0.9006639,-4.319526,7964
147.06,-95.85059,0,0,-0.2372368,-0.7964652,-37.55802,-22.13578,-1.738089,-1.680317,-8.66959,7956
147.08,-126.7441,0,0,-1.161969,-1.473593,-47.71069,-21.11806,-2.345409,-2.450495,-12.75043,8012
147.1,-142.5331,0,0,-1.88781,-2.16784,-25.93969,-21.32409,-3.02021,-3.211132,-15.11638,8032
147.12,-185.6917,0,0,-1.673173,-2.364274,6.335125,-23.46,-4.03241,-4.080668,-13.86116,8076
147.14,-81.15194,0,0,-1.821174,-2.54292,-6.458772,-28.66924,-3.357609,-3.693606,-8.590652,8136
147.16,-205.9272,0,0,-1.872615,-2.71568,-11.80229,-21.48975,-5.247049,-5.032965,-11.38354,8092
147.18,-128.4509,0,0,-2.681309,-3.172334,-43.42061,-26.93163,-4.707209,-5.000444,-10.05953,8224
147.2,-66.15909,0,0,-3.269935,-3.691672,-42.15344,-20.86238,-4.639729,-4.911685,-7.8962,8176
147.22,55.13782,0,0,-3.804445,-3.996694,-20.80992,-8.703827,-3.695009,-4.079054,-1.940978,8220
147.24,13.97874,0,0,-3.882617,-3.893669,8.25879,11.98669,-4.30233,-4.254303,0.4641317,8124
147.26,78.95526,0,0,-3.63982,-3.369475,20.99162,21.00514,-3.357609,-3.453161,7.672967,8176
147.28,171.069,0,0,-3.19548,-2.666183,30.82368,32.28664,-2.075489,-2.135601,15.71829,8116
147.3,143.8652,0,0,-2.129925,-1.542507,58.57942,45.91335,-1.805569,-1.455475,21.16146,8052
147.32,151.3827,0,0,-0.7736082,-0.1160536,67.69392,48.10636,-0.7933693,-0.3807323,27.38483,8012
147.34,5.20726,0,0,0.4819824,1.136652,67.90767,46.18844,-1.46817,-0.6454889,24.79823,7968
147.36,-79.64669,0,0,1.887135,2.252932,70.33514,25.66875,-1.46817,-0.7330121,22.78405,8012
147.38,-71.11121,0,0,3.067614,2.967827,63.77026,-0.3077179,-0.7933693,-0.2561985,21.61964,8008
147.4,-101.5979,0,0,3.710695,3.176635,22.96108,-18.87987,-0.7933693,-0.2202033,16.57343,7964
147.42,-121.0107,0,0,3.467618,2.78403,-5.619077,-33.79748,-0.7933693,-0.3883776,8.845085,7944
147.44,-853.4335,0,0,3.221376,1.869379,-15.05419,-45.66513,-9.025928,-7.21331,-26.16514,7960
147.46,-872.2853,0,0,2.744219,0.4946128,-25.95496,-126.1253,-9.83569,-9.791329,-36.977,8436
147.48,-677.3846,0,0,1.210513,-2.181282,-83.72597,-176.8676,-10.17309,-10.82,-42.88801,8488
147.5,-367.0565,0,0,-0.5632835,-4.812891,-94.64201,-184.861,-9.295849,-10.28758,-37.89396,8524
147.52,-381.3618,0,0,-2.008145,-6.603956,-80.22979,-153.8565,-11.38773,-11.61916,-37.13354,8464
147.54,59.0068,0,0,-3.550119,-7.474233,-78.22978,-129.2069,-7.541368,-8.70958,-16.14102,8588
147.56,-203.7439,0,0,-5.228498,-8.165954,-82.7336,-63.43564,-11.32025,-10.91204,-21.36344,8340
147.58,-417.6907,0,0,-6.888024,-8.57517,-81.23743,-41.42928,-13.68205,-13.43511,-26.4895,8572
147.6,-164.8329,0,0,-8.096318,-9.084216,-46.45879,-44.61253,-11.59017,-12.38922,-15.19815,8716
147.62,-80.96875,0,0,-7.822803,-8.966217,15.80078,-21.63693,-11.65765,-11.88057,-3.366485,8612
147.64,-152.1623,0,0,-7.471125,-8.312372,7.87711,1.118847,-12.60237,-12.3028,2.891777,8596
147.66,-292.9438,0,0,-7.191377,-7.631588,6.212988,7.970123,-14.01945,-13.46934,3.460361,8656
147.68,-236.4115,0,0,-6.996068,-7.206848,16.54887,-2.427287,-13.41213,-13.25277,8.323921,8732
147.7,-80.89777,0,0,-6.318791,-6.71192,37.1443,-5.528408,-11.92757,-11.87119,18.38018,8704
147.72,46.21469,0,0,-5.783835,-6.089009,24.28933,6.612032,-10.44301,-10.21875,27.38165,8620
147.74,-106.4632,0,0,-6.055044,-5.76879,-21.69542,27.97805,-11.65765,-10.84861,21.93548,8540
147.76,-140.7415,0,0,-6.055394,-5.410633,4.854208,26.65628,-11.38773,-10.87146,20.70412,8592
147.78,-217.5841,0,0,-5.705408,-5.153446,30.13666,21.12341,-11.99505,-11.38437,17.76014,8580
147.8,389.9823,0,0,-4.68905,-4.332505,56.99163,7.349268,-4.977129,-5.743391,44.44601,8632
147.82,43.34601,0,0,-3.354025,-3.209185,57.06797,55.29528,-8.35113,-6.841419,37.87165,8200
147.84,-254.2865,0,0,-3.151417,-2.237485,-7.496941,50.98724,-9.90317,-8.584361,25.82167,8400
147.86,-282.36,0,0,-3.134935,-2.135685,0.2587874,17.55882,-9.565769,-8.995444,18.52234,8512
147.88,-162.3683,0,0,-2.746959,-2.395779,32.28933,-8.622047,-8.41861,-8.229971,18.48898,8472
147.9,-119.2427,0,0,-2.284775,-2.57014,14.02979,-15.12623,-8.148689,-7.778884,18.32149,8416
147.92,-150.8159,0,0,-2.417046,-2.807327,-15.42061,-14.71096,-8.41861,-7.933117,14.40555,8404
147.94,152.3479,0,0,-3.534752,-3.399146,-57.8023,-14.12301,-4.977129,-5.377017,20.14484,8404
147.96,266.5832,0,0,-4.970595,-4.159397,-46.12291,21.28712,-3.762489,-3.883143,20.02508,8176
147.98,96.01689,0,0,-4.650043,-3.697617,24.01452,55.72126,-4.977129,-4.3787,18.74067,8124
148,-199.8864,0,0,-3.733734,-2.690198,51.84659,58.4529,-7.27145,-6.307116,12.41107,8200
148.02,-218.9451,0,0,-2.732027,-1.89851,60.13667,27.15858,-6.93405,-6.543053,12.75797,8352
148.04,-210.0172,0,0,-1.511312,-1.424083,57.984,0.6428989,-6.93405,-6.538169,13.54045,8316
148.06,-259.7612,0,0,-0.255496,-0.986998,47.0985,-19.89208,-7.541368,-6.932363,12.67972,8324
148.08,-102.6306,0,0,-0.4905471,-1.243728,-20.93206,-37.99211,-5.85437,-5.794941,13.6171,8364
148.1,-112.5039,0,0,-1.630252,-2.179369,-64.21451,-30.92911,-6.259249,-6.005298,6.088961,8264
148.12,-136.1516,0,0,-3.032604,-3.245592,-76.15345,-22.99967,-6.664129,-6.553101,-0.9861882,8276
148.14,-47.6689,0,0,-4.169965,-4.157226,-44.22977,-16.46272,-5.989328,-6.228498,-1.262816,8288
148.16,42.55919,0,0,-3.786599,-4.094577,31.06796,-3.790724,-5.247049,-5.362967,6.856216,8268
148.18,75.52866,0,0,-3.213671,-3.455549,28.99162,12.23203,-4.707209,-4.558467,13.95857,8264
148.2,-48.76334,0,0,-2.763184,-2.713758,12.79314,24.67536,-5.58445,-5.019363,13.20448,8196
148.22,-73.53482,0,0,-2.482414,-2.150741,27.77025,19.34271,-5.314529,-4.967068,13.2517,8268
148.24,-32.41953,0,0,-1.496828,-1.456883,52.68629,10.37097,-4.572248,-4.285252,17.56314,8240
148.26,-40.75262,0,0,-0.9055877,-0.9681261,33.96872,6.639077,-4.36981,-3.945879,17.75885,8172
148.28,-42.34138,0,0,-0.8233008,-0.7930869,6.564133,2.899223,-4.03241,-3.668736,15.75423,8180
148.3,24.94994,0,0,-0.9123399,-0.8029807,-6.245031,0.4943815,-3.02021,-2.864816,15.81895,8136
148.32,-55.92863,0,0,-0.9064816,-0.8342636,2.396193,5.603866,-3.695009,-3.247589,11.21303,8096
148.34,-23.94937,0,0,-0.8637486,-0.7808934,9.93818,0.7554765,-3.02021,-2.850187,11.15109,8128
148.36,18.27677,0,0,-0.6586775,-0.6814077,11.81604,0.2059875,-2.412889,-2.263476,12.2902,8080
148.38,-25.22123,0,0,-0.6493392,-0.6355788,2.02978,4.008478,-2.68281,-2.367092,9.668121,8068
148.4,10.54141,0,0,-0.5545021,-0.5146506,6.36566,1.902941,-2.008009,-1.879724,10.46051,8068
148.42,-49.83379,0,0,-0.1518357,-0.2783225,17.95345,2.89069,-2.48037,-2.114807,8.82355,8040
148.44,-0.9360886,0,0,-0.02819706,-0.1168548,9.892378,-2.938424,-1.670609,-1.561919,9.838697,8072
148.46,-42.70131,0,0,0.1785649,-0.01747592,4.854208,-2.55937,-2.008009,-1.703436,7.733217,8000
148.48,24.59323,0,0,0.05598164,-0.03728575,-2.351901,-6.158758,-1.06329,-1.041092,8.505634,8048
148.5,-103.6446,0,0,0.05652694,-0.1184176,-1.252663,-1.8779,-2.412889,-1.984693,2.553258,7968
148.52,-33.05217,0,0,0.02039285,-0.1588151,-0.183961,-11.79846,-1.46817,-1.506692,3.926837,8052
148.54,-22.70968,0,0,0.1529547,-0.2099419,3.846575,-11.62718,-1.46817,-1.366379,3.96744,8004
148.56,-25.93427,0,0,-0.09226024,-0.3593907,-11.11526,-9.768131,-1.46817,-1.373161,2.428909,7992
148.58,-22.65879,0,0,-0.1978358,-0.4488815,-3.344267,-8.502328,-1.40069,-1.33507,2.010046,7976
148.6,-30.79084,0,0,-0.1854494,-0.4586499,-0.4129688,-7.336141,-1.46817,-1.374827,1.781067,7984
148.62,-33.78208,0,0,-0.1663965,-0.4398314,0.3961921,-7.432648,-1.46817,-1.38464,1.729869,8000
148.64,-35.10313,0,0,-0.1480214,-0.426321,0.2282531,-7.859115,-1.46817,-1.388384,1.656311,7980
148.66,-29.57193,0,0,-0.1464173,-0.4253297,-0.3366328,-8.281447,-1.40069,-1.337871,1.761551,7996
148.68,-29.8545,0,0,-0.1450831,-0.4273478,0.09084838,-8.008098,-1.40069,-1.325993,1.691276,8004
148.7,-37.17899,0,0,-0.146318,-0.4280604,-0.01602192,-7.857368,-1.46817,-1.379607,1.358314,8000
148.72,-32.02235,0,0,-0.1355197,-0.4225833,-0.09235785,-8.522714,-1.40069,-1.339815,1.525321,8008
148.74,-31.52884,0,0,-0.1370588,-0.4283394,0.2587874,-8.442502,-1.40069,-1.33057,1.471079,8012
148.76,-32.04911,0,0,-0.1372873,-0.4293566,0.01451245,-8.336804,-1.40069,-1.328859,1.427178,8000
148.78,-32.68474,0,0,-0.1291981,-0.424156,0.06031401,-8.341649,-1.40069,-1.328114,1.416458,8004
148.8,-33.17977,0,0,-0.128581,-0.4224854,0.1366499,-8.413288,-1.40069,-1.329138,1.366418,7996
148.82,-33.43902,0,0,-0.1279442,-0.4231292,-0.01602192,-8.513919,-1.40069,-1.330365,1.322276,7996
148.84,-33.52245,0,0,-0.1273583,-0.4249653,-0.04655629,-8.608929,-1.40069,-1.331279,1.288525,8000
148.86,-33.53311,0,0,-0.1245477,-0.4257801,-0.03128911,-8.688084,-1.40069,-1.331484,1.274888,8000
148.88,-33.4928,0,0,-0.1278682,-0.4292789,-0.03128911,-8.732503,-1.40069,-1.332318,1.242124,8004
148.9,-33.44215,0,0,-0.1249812,-0.429762,0.09084838,-8.76488,-1.40069,-1.332091,1.246199,8016
148.92,-39.48263,0,0,-0.1188884,-0.4299718,0.1061156,-8.804404,-1.46817,-1.385896,1.023622,8024
148.94,-39.24704,0,0,-0.1168209,-0.4338131,0.1977187,-9.447848,-1.46817,-1.400386,0.9921463,8004
148.96,-37.84872,0,0,-0.1027722,-0.4373571,0.1519171,-9.89046,-1.46817,-1.401409,1.058394,8016
148.98,-30.67784,0,0,-0.1025124,-0.4415289,-0.107625,-10.03687,-1.40069,-1.345812,1.329805,8000
149,-30.42844,0,0,-0.08230287,-0.4290106,0.2893218,-9.463276,-1.40069,-1.326519,1.485084,7996
149.02,-37.90367,0,0,-0.08365837,-0.4185941,0.304589,-9.062877,-1.46817,-1.377205,1.235208,7988
149.04,-38.91947,0,0,-0.08825004,-0.4161869,0.1366499,-9.543963,-1.46817,-1.393441,1.14271,7988
149.06,-38.13625,0,0,-0.08958045,-0.4243268,-0.06182348,-9.964734,-1.46817,-1.398598,1.102065,8000
149.08,-37.11051,0,0,-0.09008456,-0.4338483,0.1366499,-10.16141,-1.46817,-1.399299,1.105628,8020
149.1,-36.38322,0,0,-0.08588542,-0.437528,0.1519171,-10.19664,-1.46817,-1.397604,1.153199,7996
149.12,-35.9734,0,0,-0.09153366,-0.442047,0.06031401,-10.12912,-1.46817,-1.397044,1.161729,8004
149.14,-35.74818,0,0,-0.09426712,-0.4438791,0.1824515,-10.03308,-1.46817,-1.39639,1.185261,8000
149.16,-35.7329,0,0,-0.08659506,-0.4385477,0.07558119,-9.966777,-1.46817,-1.394397,1.24744,8000
149.18,-35.78278,0,0,-0.09504288,-0.4400364,0.04504682,-9.899299,-1.46817,-1.395127,1.224106,8012
149.2,-35.71631,0,0,-0.1026667,-0.4437948,0.2435202,-9.837423,-1.46817,-1.396186,1.206699,7996
149.22,-35.68616,0,0,-0.09461715,-0.4397084,0.1671843,-9.810403,-1.46817,-1.39474,1.259778,8000
149.24,-35.76621,0,0,-0.09313887,-0.4367921,0.1824515,-9.794915,-1.46817,-1.394176,1.271605,7992
149.26,-35.85741,0,0,-0.09209104,-0.4348681,0.1061156,-9.796698,-1.46817,-1.394067,1.274736,8000
149.28,-35.91079,0,0,-0.09267688,-0.4345394,0.09084838,-9.806218,-1.46817,-1.394323,1.26791,8000
149.3,-35.84823,0,0,-0.1017099,-0.4396394,0.07558119,-9.792884,-1.46817,-1.395819,1.227252,8008
149.32,-29.69667,0,0,-0.1039542,-0.4397126,0.1366499,-9.763279,-1.40069,-1.341444,1.468666,8004
149.34,-36.00592,0,0,-0.09426127,-0.4324196,0.1977187,-9.154114,-1.46817,-1.379679,1.308565,7996
149.36,-37.42297,0,0,-0.08580386,-0.4198319,0.07558119,-9.413255,-1.46817,-1.390061,1.292454,7988
149.38,-37.32413,0,0,-0.0948039,-0.4250779,0.02977964,-9.709188,-1.46817,-1.395692,1.203809,8000
149.4,-36.772,0,0,-0.09362001,-0.431127,0.1061156,-9.8979,-1.46817,-1.397035,1.192562,8012
149.42,-30.32081,0,0,-0.08714767,-0.4295612,0.1213828,-9.977425,-1.40069,-1.341196,1.464963,8008
149.44,-30.35548,0,0,-0.09438752,-0.4296599,0.07558119,-9.357842,-1.40069,-1.326946,1.469637,7996
149.46,-37.77705,0,0,-0.09024674,-0.4206817,0.1213828,-8.966307,-1.46817,-1.377742,1.24155,7996
149.48,-38.80032,0,0,-0.08955173,-0.4160042,0.1366499,-9.462112,-1.46817,-1.393064,1.170229,7992
149.5,-38.14811,0,0,-0.08253383,-0.418857,0.07558119,-9.917655,-1.46817,-1.396964,1.157118,7992
149.52,-37.33748,0,0,-0.0753812,-0.4227223,0.09084838,-10.17422,-1.46817,-1.396788,1.174605,8008
149.54,-24.73652,0,0,-0.07515058,-0.4217345,0.1824515,-10.25,-1.33321,-1.286821,1.662342,8016
149.56,-37.08443,0,0,-0.0707739,-0.4170086,0.1213828,-9.050063,-1.46817,-1.365413,1.268965,8004
149.58,-39.55544,0,0,-0.06224044,-0.4004598,0.1824515,-9.526091,-1.46817,-1.387249,1.216732,7988
149.6,-33.30978,0,0,-0.05226546,-0.394855,-0.107625,-10.12162,-1.40069,-1.338943,1.424818,8000
149.62,-32.77602,0,0,-0.05233962,-0.3977672,0.2435202,-9.88856,-1.40069,-1.326679,1.41005,8004
149.64,-39.46789,0,0,-0.06043612,-0.4024636,0.09084838,-9.662042,-1.46817,-1.37991,1.108887,8000
149.66,-33.7193,0,0,-0.07388978,-0.4101935,-0.0007547362,-10.14314,-1.40069,-1.342191,1.236708,8000
149.68,-32.86461,0,0,-0.06254182,-0.4103957,0.01451245,-9.910729,-1.40069,-1.329473,1.315079,7996
149.7,-39.36872,0,0,-0.06570935,-0.4109182,0.2587874,-9.666633,-1.46817,-1.381194,1.065943,8000
149.72,-33.67302,0,0,-0.06713511,-0.4098099,-0.06182348,-10.15197,-1.40069,-1.341135,1.261238,7992
149.74,-38.84921,0,0,-0.07171607,-0.4184012,0.1213828,-9.89269,-1.46817,-1.385336,1.028704,8012
149.76,-32.84901,0,0,-0.08045335,-0.4232979,0.1061156,-10.20994,-1.40069,-1.343369,1.223481,8004
149.78,-38.01961,0,0,-0.08879501,-0.4334064,-0.06182348,-9.794887,-1.46817,-1.386773,1.005657,7988
149.8,-38.29703,0,0,-0.07747229,-0.4281121,0.2435202,-10.06923,-1.46817,-1.395857,1.064893,7996
149.82,-37.63915,0,0,-0.07337112,-0.4281199,0.09084838,-10.2933,-1.46817,-1.397314,1.097815,8000
149.84,-37.00336,0,0,-0.07110829,-0.4298015,0.304589,-10.38212,-1.46817,-1.396734,1.13173,8008
149.86,-30.60273,0,0,-0.06780516,-0.4265454,0.02977964,-10.37916,-1.40069,-1.340656,1.414718,8024
149.88,-36.85027,0,0,-0.05670432,-0.4173487,0.07558119,-9.7676,-1.46817,-1.378176,1.269938,8012
149.9,-32.2736,0,0,-0.0464172,-0.3999736,0.2587874,-10.01849,-1.40069,-1.333407,1.507196,8000
149.92,-32.55452,0,0,-0.05261141,-0.3974167,0.1213828,-9.711939,-1.40069,-1.323902,1.45819,7996
149.94,-27.66343,0,0,-0.04743614,-0.3862052,0.2282531,-9.545735,-1.33321,-1.267238,1.678388,8016
149.96,-34.9901,0,0,-0.04210413,-0.3759206,0.1366499,-8.965722,-1.40069,-1.30775,1.424177,8004
149.98,-36.83944,0,0,-0.0450548,-0.3699517,0.1366499,-9.317081,-1.40069,-1.322077,1.292173,7992
150,-42.85963,0,0,-0.04410225,-0.3771106,0.1366499,-9.750122,-1.46817,-1.382521,0.9632607,7996
150.02,-36.04325,0,0,-0.04027513,-0.3861268,0.1977187,-10.65027,-1.40069,-1.344147,1.139863,7992
150.04,-40.35397,0,0,-0.03532859,-0.399151,0.2282531,-10.57692,-1.46817,-1.386635,0.9444907,7996
150.06,-33.77058,0,0,-0.05672416,-0.4151289,-0.06182348,-10.89343,-1.40069,-1.345476,1.095494,7992
150.08,-32.68204,0,0,-0.04776803,-0.4165526,0.1824515,-10.4567,-1.40069,-1.330683,1.220962,8004
150.1,-33.25999,0,0,-0.04716759,-0.4090106,0.2893218,-10.05631,-1.40069,-1.325705,1.271925,8008
150.12,-34.20723,0,0,-0.03603606,-0.3939238,0.1061156,-9.881793,-1.40069,-1.323154,1.326492,8016
150.14,-41.04117,0,0,-0.0337337,-0.3876177,0.07558119,-9.879743,-1.46817,-1.378328,1.063774,8012
150.16,-35.15002,0,0,-0.03908684,-0.3901231,0.1213828,-10.55153,-1.40069,-1.340681,1.211569,8028
150.18,-40.05422,0,0,-0.03430942,-0.3977606,0.1824515,-10.42161,-1.46817,-1.384127,1.007531,7992
150.2,-33.96484,0,0,-0.03398073,-0.3991011,-0.04655629,-10.82328,-1.40069,-1.340724,1.230501,8004
150.22,-27.09089,0,0,-0.04751895,-0.4061863,-0.04655629,-10.43002,-1.33321,-1.275508,1.458781,8004
150.24,-39.85474,0,0,-0.04938054,-0.404762,0.1213828,-9.476629,-1.46817,-1.36674,1.032643,8008
150.26,-35.4409,0,0,-0.04872611,-0.3950376,0.2893218,-10.1294,-1.40069,-1.337617,1.210165,7996
150.28,-40.54671,0,0,-0.04716722,-0.4003799,-0.107625,-10.13186,-1.46817,-1.384651,0.9785086,7992
150.3,-40.27424,0,0,-0.04450051,-0.4046511,0.02977964,-10.65573,-1.46817,-1.396813,0.9636357,8000
150.32,-39.00563,0,0,-0.03892197,-0.4111643,0.2129859,-10.99108,-1.46817,-1.398354,1.001103,8004
150.34,-31.89762,0,0,-0.04271089,-0.4171465,0.09084838,-11.06667,-1.40069,-1.343251,1.264966,7988
150.36,-37.59103,0,0,-0.03399637,-0.4135554,0.1366499,-10.42557,-1.46817,-1.38023,1.14164,8008
150.38,-38.56091,0,0,-0.04218236,-0.4106061,0.09084838,-10.55291,-1.46817,-1.391674,1.098162,8000
150.4,-38.19263,0,0,-0.04588483,-0.414133,0.1366499,-10.72657,-1.46817,-1.395321,1.085757,8000
150.42,-37.62033,0,0,-0.04389279,-0.4167918,0.2282531,-10.80909,-1.46817,-1.395315,1.114952,7992
150.44,-37.20358,0,0,-0.04427579,-0.4188411,0.1519171,-10.80389,-1.46817,-1.394606,1.13989,8000
150.46,-30.97916,0,0,-0.04296805,-0.415531,0.07558119,-10.75475,-1.40069,-1.338849,1.41328,7988
150.48,-37.14035,0,0,-0.05540669,-0.418831,-0.0007547362,-10.06454,-1.46817,-1.380006,1.169246,8016
150.5,-32.2177,0,0,-0.05671896,-0.4114798,0.2282531,-10.2171,-1.40069,-1.336881,1.385731,8008
150.52,-32.22701,0,0,-0.06070498,-0.4097221,-0.1686933,-9.812147,-1.40069,-1.326152,1.387672,7992
150.54,-39.22493,0,0,-0.06171102,-0.4062299,0.06031401,-9.547399,-1.46817,-1.378751,1.132416,7996
150.56,-39.88428,0,0,-0.05189725,-0.4002876,0.304589,-10.10817,-1.46817,-1.392627,1.111652,7996
150.58,-38.9245,0,0,-0.06180825,-0.4127923,0.1061156,-10.52328,-1.46817,-1.39842,1.036866,8008
150.6,-31.77348,0,0,-0.05927843,-0.4191871,0.1366499,-10.69891,-1.40069,-1.343738,1.306023,8000
150.62,-37.25808,0,0,-0.06613395,-0.4260293,0.2129859,-10.07661,-1.46817,-1.383309,1.102866,7992
150.64,-32.02728,0,0,-0.06359256,-0.4184426,0.3351234,-10.21523,-1.40069,-1.338458,1.356342,7984
150.66,-38.07703,0,0,-0.05414052,-0.4115265,0.2435202,-9.813484,-1.46817,-1.379666,1.187266,8000
150.68,-38.95319,0,0,-0.05250596,-0.4059225,0.04504682,-10.16532,-1.46817,-1.391628,1.148815,8004
150.7,-26.36927,0,0,-0.05946498,-0.4079495,-0.03128911,-10.45886,-1.33321,-1.287074,1.576183,8004
150.72,-38.1694,0,0,-0.06471164,-0.413215,0.1519171,-9.377803,-1.46817,-1.368442,1.137949,8020
150.74,-28.0118,0,0,-0.0612544,-0.3990179,0.2587874,-9.847226,-1.33321,-1.281331,1.570541,7984
150.76,-40.02175,0,0,-0.05090065,-0.3937537,-0.03128911,-9.178732,-1.46817,-1.366598,1.149176,7992
150.78,-41.58027,0,0,-0.04070452,-0.3842188,0.1366499,-9.979673,-1.46817,-1.390167,1.082895,8008
150.8,-34.46792,0,0,-0.03725662,-0.3894446,0.01451245,-10.67849,-1.40069,-1.342567,1.272658,8004
150.82,-39.26522,0,0,-0.04441549,-0.4043923,0.1366499,-10.4087,-1.46817,-1.384938,1.02073,8040
150.84,-33.20504,0,0,-0.05374322,-0.4117149,0.1519171,-10.67664,-1.40069,-1.342211,1.214493,8000
150.86,-38.55712,0,0,-0.04679441,-0.413453,0.06031401,-10.26447,-1.46817,-1.382993,1.061665,8004
150.88,-39.02069,0,0,-0.0471471,-0.4115881,0.1213828,-10.52971,-1.46817,-1.393847,1.052817,8008
150.9,-38.25478,0,0,-0.05828773,-0.4214633,-0.04655629,-10.72279,-1.46817,-1.398096,1.016349,8020
150.92,-13.36267,0,0,-0.05653905,-0.4150724,0.07558119,-10.75015,-1.19825,-1.17874,2.030092,7996
150.94,-38.20197,0,0,-0.04893049,-0.4027009,0.1824515,-8.297132,-1.46817,-1.336153,1.255839,7996
150.96,-37.02521,0,0,-0.05304791,-0.3765543,0.1061156,-9.16392,-1.40069,-1.328309,1.31487,8000
150.98,-36.67203,0,0,-0.02659741,-0.3645492,0.8084057,-9.706626,-1.40069,-1.325294,1.335561,8000
151,-36.30732,0,0,-0.04703724,-0.3797597,-0.1534266,-9.980549,-1.40069,-1.329595,1.166628,8000
151.02,-35.70732,0,0,-0.05448373,-0.3941005,0.01451245,-10.10007,-1.40069,-1.331662,1.108753,8000
151.04,-35.27433,0,0,-0.04598586,-0.3964859,0.1671843,-10.13742,-1.40069,-1.329955,1.151964,8016
151.06,-35.13351,0,0,-0.04438815,-0.3967959,0.2282531,-10.12203,-1.40069,-1.32885,1.165942,7996
151.08,-35.09164,0,0,-0.04915537,-0.3992164,0.01451245,-10.08405,-1.40069,-1.329135,1.150961,7988
151.1,-34.94992,0,0,-0.06296901,-0.4072121,0.2282531,-10.01497,-1.40069,-1.330987,1.102703,8008
151.12,-40.84364,0,0,-0.05498592,-0.4075759,0.2129859,-9.979933,-1.46817,-1.384187,0.9188576,8012
151.14,-40.5914,0,0,-0.04954455,-0.4082313,0.04504682,-10.568,-1.46817,-1.397509,0.9248121,8036
151.16,-33.13344,0,0,-0.04978602,-0.4146279,-0.1534266,-10.927,-1.40069,-1.345555,1.184899,8012
151.18,-32.10434,0,0,-0.05761746,-0.4216917,-0.4435031,-10.38679,-1.40069,-1.330966,1.23329,7996
151.2,-26.80132,0,0,-0.05373427,-0.4100598,0.4725278,-9.924368,-1.33321,-1.270672,1.543705,7984
151.22,-40.20913,0,0,-0.04545974,-0.3956715,0.2740546,-9.119228,-1.46817,-1.363174,1.129975,8004
151.24,-30.02375,0,0,-0.04263308,-0.379618,0.5030622,-9.940946,-1.33321,-1.280892,1.514188,7992
151.26,-41.47929,0,0,-0.0366639,-0.38164,0.1977187,-9.493006,-1.46817,-1.368579,1.051521,7992
151.28,-42.38945,0,0,-0.0338043,-0.3821267,0.02977964,-10.36161,-1.46817,-1.393308,0.9601931,7996
151.3,-40.71875,0,0,-0.0385942,-0.3993255,0.01451245,-11.01916,-1.46817,-1.400807,0.9026709,8008
151.32,-38.79803,0,0,-0.04874966,-0.4207945,0.2129859,-11.25331,-1.46817,-1.402416,0.8927866,8008
151.34,-37.39035,0,0,-0.04990527,-0.43196,0.2435202,-11.20319,-1.46817,-1.400096,0.967787,7996
151.36,-30.59575,0,0,-0.05684747,-0.4352253,0.01451245,-10.99695,-1.40069,-1.343349,1.266694,7988
151.38,-36.70959,0,0,-0.04476667,-0.4243833,0.3198562,-10.20994,-1.46817,-1.37914,1.182952,8012
151.4,-38.13184,0,0,-0.04270559,-0.4108453,0.2587874,-10.31384,-1.46817,-1.389148,1.184216,7992
151.42,-38.12997,0,0,-0.04590878,-0.4099207,0.1519171,-10.5231,-1.46817,-1.393309,1.152969,7988
151.44,-31.67485,0,0,-0.05049908,-0.4124751,0.2282531,-10.6437,-1.40069,-1.340462,1.372472,7992
151.46,-37.51203,0,0,-0.05436797,-0.4158456,-0.03128911,-10.06509,-1.46817,-1.380882,1.159204,8004
151.48,-38.49801,0,0,-0.04437829,-0.4066733,0.4267263,-10.29696,-1.46817,-1.390525,1.177852,8004
151.5,-32.21568,0,0,-0.04822147,-0.4066452,-0.1686933,-10.53783,-1.40069,-1.339675,1.380267,7984
151.52,-37.99577,0,0,-0.04803392,-0.408796,0.3198562,-10.06925,-1.46817,-1.380462,1.167822,8004
151.54,-38.80869,0,0,-0.04644241,-0.4055473,0.2435202,-10.34575,-1.46817,-1.391693,1.139538,7996
151.56,-38.44906,0,0,-0.03440111,-0.4024982,0.06031401,-10.64718,-1.46817,-1.393252,1.171145,7996
151.58,-37.80032,0,0,-0.0544848,-0.4169733,-0.7793808,-10.75674,-1.46817,-1.396788,1.077723,8016
151.6,-37.31415,0,0,-0.03257822,-0.411666,0.8542075,-10.81975,-1.46817,-1.39321,1.19769,7988
151.62,-31.08908,0,0,-0.0455557,-0.4144752,0.09084838,-10.77195,-1.40069,-1.339309,1.39498,7996
151.64,-37.22163,0,0,-0.04906037,-0.4152498,-0.183961,-10.1053,-1.46817,-1.379421,1.189111,8004
151.66,-38.19468,0,0,-0.06881988,-0.4204525,0.1671843,-10.22627,-1.46817,-1.393602,1.082296,8000
151.68,-37.66185,0,0,-0.07348071,-0.4276332,-0.03128911,-10.39031,-1.46817,-1.397634,1.071276,7996
151.7,-36.90932,0,0,-0.07883601,-0.435525,-0.7030448,-10.42782,-1.46817,-1.39837,1.080897,8004
151.72,-30.42783,0,0,-0.06915544,-0.4302278,-0.0007547362,-10.39424,-1.40069,-1.341046,1.407822,7992
151.74,-36.54486,0,0,-0.0777275,-0.4306067,0.06031401,-9.699832,-1.46817,-1.381027,1.189653,8020
151.76,-37.8735,0,0,-0.0547422,-0.4113748,-0.3824344,-9.920213,-1.46817,-1.388827,1.266339,7992
151.78,-37.88331,0,0,-0.06274201,-0.4127134,0.5183294,-10.1865,-1.46817,-1.393665,1.19128,8000
151.8,-31.41858,0,0,-0.06416978,-0.4153637,0.01451245,-10.35441,-1.40069,-1.340722,1.410539,8004
151.82,-37.38032,0,0,-0.05257829,-0.4109437,0.304589,-9.849603,-1.46817,-1.379014,1.24971,8008
151.84,-38.39814,0,0,-0.06192915,-0.4107997,0.2893218,-10.09231,-1.46817,-1.391785,1.161416,8000
151.86,-38.1538,0,0,-0.04245961,-0.4044825,0.3961921,-10.41162,-1.46817,-1.392707,1.219169,7992
151.88,-37.58092,0,0,-0.06632323,-0.4201728,-0.07709067,-10.5355,-1.46817,-1.39698,1.098196,7996
151.9,-36.97091,0,0,-0.05953029,-0.4240671,0.1824515,-10.57311,-1.46817,-1.395919,1.1499,8004
151.92,-30.6116,0,0,-0.06231775,-0.4243084,0.1366499,-10.52083,-1.40069,-1.340466,1.405436,8000
151.94,-36.853,0,0,-0.05412526,-0.417364,-0.04655629,-9.871171,-1.46817,-1.378374,1.252401,7996
151.96,-38.20008,0,0,-0.0525425,-0.4080157,0.06031401,-10.07703,-1.46817,-1.389458,1.219216,8004
151.98,-38.02121,0,0,-0.06220035,-0.413965,-0.1381594,-10.32722,-1.46817,-1.394929,1.144244,8012
152,-31.38389,0,0,-0.06651305,-0.4196114,0.07558119,-10.45544,-1.40069,-1.342016,1.365657,8024
152.02,-31.18645,0,0,-0.06165422,-0.4164078,0.1366499,-9.880501,-1.40069,-1.326114,1.435037,8016
152.04,-32.53219,0,0,-0.0576789,-0.4038152,0.1366499,-9.48975,-1.40069,-1.32175,1.451372,7988
152.06,-34.03937,0,0,-0.03565354,-0.3815618,0.1519171,-9.432081,-1.40069,-1.319116,1.498068,7988
152.08,-35.03893,0,0,-0.05328053,-0.3830548,0.5946653,-9.505842,-1.40069,-1.323989,1.336093,8000
152.1,-35.4031,0,0,-0.04830887,-0.3829994,1.190086,-9.67005,-1.40069,-1.325982,1.29274,7996
152.12,-35.78551,0,0,-0.0111822,-0.3653383,1.006879,-9.920489,-1.40069,-1.32199,1.394467,7996
152.14,-36.17498,0,0,-0.01568902,-0.3653536,-0.0007547362,-10.12064,-1.40069,-1.32387,1.293922,7992
152.16,-36.26246,0,0,-0.01698123,-0.3697425,0.7473372,-10.29035,-1.40069,-1.32586,1.226978,7996
152.18,-36.27042,0,0,-0.00528462,-0.3678527,0.9916119,-10.4437,-1.40069,-1.325172,1.23621,8000
152.2,-42.44489,0,0,0.01160995,-0.3631661,-0.4587703,-10.60107,-1.46817,-1.377911,1.027381,7996
152.22,-36.0806,0,0,-0.01646842,-0.3810208,-0.04655629,-11.24832,-1.40069,-1.342734,1.077574,8000
152.24,-34.43641,0,0,-0.02695858,-0.3995082,-0.4129688,-10.99948,-1.40069,-1.333082,1.082937,7992
152.26,-34.05252,0,0,-0.0547494,-0.4170576,-0.596175,-10.58243,-1.40069,-1.33252,1.029379,8000
152.28,-34.17351,0,0,-0.04008663,-0.4087726,0.2435202,-10.2996,-1.40069,-1.328049,1.164016,7984
152.3,-34.46394,0,0,-0.05832506,-0.4111658,-0.519839,-10.07519,-1.40069,-1.329304,1.119748,7996
152.32,-40.46977,0,0,-0.07791106,-0.4225038,-0.7641136,-9.905384,-1.46817,-1.386739,0.8279309,7996
152.34,-57.61415,0,0,-0.1280547,-0.4650474,-0.183961,-10.27398,-1.670609,-1.572507,-0.08665311,8000
152.36,23.19832,0,0,-0.06296513,-0.4251291,-0.1228922,-12.3395,-0.7933693,-0.8973711,3.353737,8012
152.38,-5.114937,0,0,-0.109695,-0.424818,-0.8404495,-5.451125,-1.13077,-0.9919355,2.444126,7960
152.4,-66.60489,0,0,-0.153593,-0.384891,-1.802282,-3.654173,-1.670609,-1.467252,0.1952337,7968
152.42,1.765297,0,0,-0.1567189,-0.3519089,3.678636,-8.6136,-0.8608494,-0.9489705,2.57771,8004
152.44,-16.56238,0,0,-0.08858626,-0.3423476,6.274056,-5.226631,-1.13077,-1.017788,2.107175,7932
152.46,-60.65366,0,0,-0.08425086,-0.3142781,-3.466405,-4.878913,-1.53565,-1.36986,0.4448843,7980
152.48,-86.5096,0,0,-0.05174752,-0.3233436,3.877109,-9.237496,-1.805569,-1.687051,-0.8480744,8004
152.5,18.482,0,0,-0.0008354075,-0.3388608,0.7473372,-14.79959,-0.7258892,-0.8903356,2.939891,8040
152.52,-14.73811,0,0,-0.02946391,-0.3939523,-3.756481,-7.836583,-1.19825,-1.053542,1.723592,7952
152.54,-50.11156,0,0,-0.1029465,-0.3826902,-6.672513,-6.357961,-1.46817,-1.327394,0.3957883,8000
152.56,37.82413,0,0,-0.1181177,-0.34498,2.915277,-8.822288,-0.4559698,-0.5866059,3.736002,8004
152.58,8.13645,0,0,-0.05482616,-0.2860105,3.083216,-1.786315,-0.7933693,-0.6500069,3.202027,7920
152.6,-9.923182,0,0,0.06959969,-0.1054144,12.12139,-0.4744291,-0.7933693,-0.6621009,3.337189,7948
152.62,-23.85441,0,0,0.4434103,0.1793642,15.11375,-2.544326,-0.7933693,-0.6353631,4.126885,7952
152.64,-34.44403,0,0,0.557453,0.3089094,4.365659,-5.766422,-0.7933693,-0.6491591,3.37954,7964
152.66,-39.55613,0,0,0.5758029,0.3078323,-0.2450293,-9.094069,-0.7933693,-0.6808088,2.26169,7960
152.68,-39.70519,0,0,0.5238216,0.2190479,-2.000756,-11.69111,-0.7933693,-0.7145376,1.142571,7960
152.7,-36.45126,0,0,0.4130723,0.07921077,-5.634344,-13.09948,-0.7933693,-0.7448741,0.175333,7964
152.72,-25.35974,0,0,0.2708453,-0.07288581,-5.771749,-13.25518,-0.7258892,-0.7137268,-0.2776231,7960
152.74,-26.88097,0,0,0.2150348,-0.1610577,-2.107625,-12.02929,-0.7933693,-0.7555054,-0.491815,7956
152.76,-25.22216,0,0,0.1961643,-0.187212,-1.695411,-11.2788,-0.7933693,-0.758705,-0.2766434,7956
152.78,-23.67607,0,0,0.1498145,-0.2093444,-0.6267089,-10.46936,-0.7933693,-0.7592806,-0.1903911,7940
152.8,-22.84469,0,0,0.1550826,-0.2003455,-0.09235785,-9.777829,-0.7933693,-0.7524788,0.09908175,7952
152.82,-16.71554,0,0,0.1425135,-0.188661,0.2893218,-9.193224,-0.7258892,-0.6945409,0.4778402,7960
152.84,-23.44212,0,0,0.1676401,-0.1589276,0.07558119,-8.262841,-0.7933693,-0.7280534,0.5021582,7960
152.86,-25.17973,0,0,0.1488759,-0.1476308,0.4114593,-8.281874,-0.7933693,-0.7414272,0.4242032,7964
152.88,-25.18995,0,0,0.1504972,-0.1437283,0.1061156,-8.478995,-0.7933693,-0.7455419,0.4306391,7952
152.9,-24.85439,0,0,0.1613169,-0.1392082,0.2740546,-8.642948,-0.7933693,-0.7450441,0.4814794,7960
152.92,-24.60889,0,0,0.1650701,-0.1376422,0.2129859,-8.73035,-0.7933693,-0.7444255,0.4986285,7968
152.94,-24.50818,0,0,0.1718905,-0.1344123,0.1671843,-8.783356,-0.7933693,-0.7432661,0.5280231,7964
152.96,-24.50595,0,0,0.1731774,-0.133192,-0.1686933,-8.813301,-0.7933693,-0.7429823,0.5282438,7968
152.98,-36.39706,0,0,0.1575849,-0.1477056,-0.1686933,-8.802324,-0.9283295,-0.8547882,-0.02412391,7976
153,-22.83577,0,0,0.07556292,-0.2014308,0.06031401,-9.751508,-0.7933693,-0.7868022,0.08155012,7956
153.02,-20.02627,0,0,0.1846893,-0.1666065,-0.3671672,-9.295199,-0.7933693,-0.7456177,0.7536237,7960
153.04,-21.17633,0,0,0.17164,-0.1507528,0.6862684,-8.682724,-0.7933693,-0.7367314,0.7502872,7960
153.06,-22.7287,0,0,0.1687984,-0.1373132,0.1366499,-8.388963,-0.7933693,-0.7363992,0.7288264,7952
153.08,-23.81868,0,0,0.1678032,-0.1291905,0.2740546,-8.352809,-0.7933693,-0.7382765,0.6826078,7960
153.1,-24.24491,0,0,0.1501093,-0.1362194,0.2282531,-8.393,-0.7933693,-0.7429426,0.5592448,7960
153.12,-24.32868,0,0,0.1635613,-0.1325386,0.2893218,-8.498113,-0.7933693,-0.7424096,0.5930645,7960
153.14,-24.38853,0,0,0.1637589,-0.1327782,0.07558119,-8.578756,-0.7933693,-0.7428179,0.5670937,7968
153.16,-24.2289,0,0,0.1445697,-0.1449464,0.2740546,-8.58504,-0.7933693,-0.746134,0.4681106,7964
153.18,-23.97873,0,0,0.149465,-0.1469943,0.3198562,-8.582203,-0.7933693,-0.74552,0.5004753,7960
153.2,-17.947,0,0,0.1599376,-0.138797,0.1671843,-8.577224,-0.7258892,-0.6886795,0.7961522,7960
153.22,-24.34239,0,0,0.1534136,-0.13779,0.02977964,-7.954471,-0.7933693,-0.729373,0.5516058,7972
153.24,-25.63388,0,0,0.1573127,-0.1300786,0.5335966,-8.198231,-0.7933693,-0.74085,0.5190869,7964
153.26,-25.42006,0,0,0.1512709,-0.1352365,-0.1686933,-8.477586,-0.7933693,-0.7458365,0.4546115,7952
153.28,-24.71871,0,0,0.1378594,-0.149004,-0.07709067,-8.602807,-0.7933693,-0.7489596,0.3913901,7976
153.3,-23.99393,0,0,0.1325608,-0.1587753,-0.2602969,-8.595197,-0.7933693,-0.7492454,0.3983896,7968
153.32,-23.44074,0,0,0.1224104,-0.167504,0.02977964,-8.484479,-0.7933693,-0.7493674,0.4002725,7964
153.34,-22.96052,0,0,0.1033791,-0.1792336,0.09084838,-8.297918,-0.7933693,-0.7507226,0.3745481,7960
153.36,-22.57544,0,0,0.09742282,-0.1836808,0.1366499,-8.103508,-0.7933693,-0.7501254,0.4167851,7956
153.38,-10.38643,0,0,0.09609666,-0.1767983,0.1824515,-7.916785,-0.6584091,-0.6393354,0.9543364,7984
153.4,-23.03521,0,0,0.09359667,-0.1696151,0.07558119,-6.566308,-0.7933693,-0.7185494,0.5620522,7984
153.42,-25.66124,0,0,0.1008111,-0.1505969,0.5183294,-6.969508,-0.7933693,-0.7406121,0.5237825,7984
153.44,-25.49022,0,0,0.1091949,-0.1467296,0.09084838,-7.534726,-0.7933693,-0.7472521,0.4953659,7964
153.46,-24.81719,0,0,0.128836,-0.1431122,0.2740546,-7.950597,-0.7933693,-0.7467892,0.5413364,7984
153.48,-24.34684,0,0,0.1394394,-0.1419122,0.1824515,-8.190759,-0.7933693,-0.7455255,0.5588187,7968
153.5,-24.05634,0,0,0.1389147,-0.1452394,0.1061156,-8.302339,-0.7933693,-0.7455755,0.536942,7980
153.52,-53.94699,0,0,0.1460659,-0.1587162,0.1671843,-8.396996,-1.13077,-1.01799,-0.6469392,7980
153.54,67.83096,0,0,0.1484205,-0.1270173,0.1366499,-11.36327,0.2188301,0.003096871,4.038618,8004
153.56,-159.0168,0,0,0.1421685,-0.1889438,-0.9167854,-1.243336,-2.345409,-1.796741,-4.496477,7912
153.58,86.23076,0,0,0.2324027,-0.04013236,6.609934,-17.42368,0.5562305,0.07263897,5.042368,8056
153.6,84.35093,0,0,0.1738882,-0.1056056,-6.183964,-3.300076,0.2863102,0.3563495,4.942253,7888
153.62,-16.61808,0,0,0.1277484,0.02692924,4.19772,5.99835,-0.5234499,-0.2361756,1.891449,7896
153.64,58.97962,0,0,0.5446384,0.4328316,24.64047,0.8617399,0.6237106,0.5672379,6.653478,7924
153.66,69.40764,0,0,0.9982791,0.8257819,18.06032,3.687807,0.89363,1.026682,8.570967,7872
153.68,-21.26539,0,0,1.142062,1.076139,7.938179,6.001888,0.2188301,0.5625393,4.948698,7852
153.7,-139.1399,0,0,1.525795,1.30846,20.38093,-2.908841,-0.7933693,-0.3916959,0.3216242,7904
153.72,-116.4977,0,0,1.686653,1.269972,1.358024,-21.30568,-0.5234499,-0.4647488,-0.9261224,7972
153.74,-112.3323,0,0,1.379531,0.7941498,-12.96259,-30.43798,-0.7933693,-0.7670374,-4.57655,7928
153.76,-57.25872,0,0,0.820722,0.1657508,-31.48168,-34.34196,-0.5234499,-0.6827716,-5.939039,7956
153.78,-134.4796,0,0,-0.2540841,-0.754024,-60.85574,-28.24246,-1.805569,-1.7916,-13.32238,7936
153.8,-4.47599,0,0,-1.398074,-1.659216,-62.76413,-28.34291,-0.7933693,-1.335065,-11.87343,8012
153.82,-14.01881,0,0,-1.728251,-2.123017,-6.840452,-14.02174,-1.46817,-1.664476,-10.68189,7956
153.84,31.02076,0,0,-1.677485,-2.028837,3.052681,-5.347719,-1.13077,-1.361398,-5.039957,7992
153.86,10.37651,0,0,-1.284236,-1.603104,14.96108,3.861523,-1.40069,-1.379159,-1.015166,7968
153.88,-8.639385,0,0,-1.020669,-1.15373,19.6023,7.025244,-1.46817,-1.392096,1.341509,8000
153.9,12.70059,0,0,-0.3299669,-0.5351723,34.88475,5.15635,-1.06329,-0.9834109,5.973744,7992
153.92,20.01382,0,0,0.02910513,-0.09553501,16.76261,4.859214,-0.7933693,-0.6489208,7.689948,7976
153.94,-61.19465,0,0,0.1997748,0.1391172,10.04505,4.688715,-1.46817,-1.136509,4.55452,7960
153.96,-19.12392,0,0,0.5363787,0.3816679,15.02215,-4.62345,-0.7933693,-0.7237332,6.265465,7980
153.98,-51.54795,0,0,0.6601691,0.4089114,0.2740546,-7.051587,-1.13077,-0.9113055,4.00015,7948
154,-56.59175,0,0,0.4178084,0.217658,-3.939687,-11.29736,-1.13077,-1.030194,1.387506,7984
154.02,-140.2615,0,0,0.2941097,-0.04406838,-0.3519,-14.32095,-2.142969,-1.906201,-3.518195,7972
154.04,-203.3936,0,0,0.03658613,-0.4359713,-12.45877,-24.06982,-3.02021,-2.880244,-8.266398,8020
154.06,-369.1128,0,0,-0.1989116,-1.015102,-19.1458,-36.3563,-5.314529,-4.995615,-17.00809,8088
154.08,-273.6925,0,0,-0.9092406,-1.926228,-36.56565,-59.06961,-4.977129,-5.320477,-17.6818,8220
154.1,-145.5224,0,0,-2.083194,-3.200542,-63.64963,-60.87257,-4.707209,-5.21277,-17.20986,8212
154.12,-62.21268,0,0,-3.214813,-4.24791,-75.25269,-45.41893,-4.707209,-5.145802,-15.07803,8192
154.14,84.83716,0,0,-4.796699,-5.170095,-73.74123,-21.73161,-3.695009,-4.337276,-10.42335,8188
154.16,118.99,0,0,-5.795805,-5.586228,-11.03893,12.13052,-3.695009,-4.067349,-6.154235,8132
154.18,106.6049,0,0,-5.180125,-4.826682,32.73208,36.64232,-3.695009,-3.758286,3.297999,8124
154.2,-48.69241,0,0,-4.122052,-3.601817,44.67102,48.40237,-4.977129,-4.534608,6.481567,8128
154.22,-34.74847,0,0,-2.981027,-2.375833,55.57178,36.94925,-4.30233,-4.101401,12.92224,8192
154.24,23.26613,0,0,-1.519131,-1.212195,68.93056,26.26541,-3.357609,-3.107311,20.22884,8160
154.26,-47.52184,0,0,-0.4033139,-0.2856331,47.92292,21.41093,-3.695009,-3.082,20.08948,8112
154.28,-36.88988,0,0,0.09754934,0.2434094,19.25116,9.291306,-3.02021,-2.608186,19.30157,8140
154.3,-9.568954,0,0,0.05540048,0.2530109,-2.046557,2.226834,-2.412889,-2.123145,16.43109,8132
154.32,114.2456,0,0,-0.0919707,0.1363911,-4.51984,0.8049455,-0.7933693,-0.7840885,17.8548,8056
154.34,87.55214,0,0,-0.1462143,0.1117515,-2.977855,12.55468,-0.7933693,-0.4858652,15.30648,7976
154.36,158.8617,0,0,-0.1026849,0.3371392,4.106117,17.66709,0.5562305,0.6295589,17.49713,7972
154.38,89.27754,0,0,0.07509442,0.631104,15.06795,27.65915,0.2863102,0.6604063,14.70361,7880
154.4,82.96524,0,0,0.9144624,1.333851,47.86186,24.84676,0.89363,1.188182,16.67739,7900
154.42,58.59791,0,0,2.150061,2.248076,64.22827,18.61633,1.23103,1.657809,18.54492,7868
154.44,-178.7225,0,0,3.019982,2.86957,41.73972,8.998536,-0.7933693,0.1088424,9.196925,7848
154.46,-861.4973,0,0,3.168654,2.541531,7.28169,-22.79177,-8.081209,-6.356505,-23.37043,7956
154.48,-798.1688,0,0,3.167347,1.415065,0.4267263,-112.9884,-8.081209,-8.174076,-31.07007,8392
154.5,-640.6648,0,0,2.993975,-0.518196,-8.351902,-165.8322,-8.68853,-9.058993,-33.70567,8388
154.52,-428.964,0,0,2.611585,-2.178711,-20.67252,-183.252,-8.41861,-8.87447,-28.44287,8424
154.54,-342.9423,0,0,1.159302,-3.760585,-80.07711,-168.7499,-9.025928,-9.240811,-27.49845,8412
154.56,-219.7735,0,0,-0.536017,-4.988218,-94.4588,-144.9461,-8.68853,-9.023035,-22.95272,8448
154.58,-119.1374,0,0,-2.13176,-5.845725,-82.7336,-111.5875,-8.35113,-8.646669,-17.19754,8448
154.6,-210.58,0,0,-3.566669,-6.413507,-74.53513,-74.89775,-9.83569,-9.716249,-17.73691,8404
154.62,363.9379,0,0,-5.037742,-6.644941,-76.70307,-54.74454,-3.695009,-5.045571,6.846533,8504
154.64,-94.60735,0,0,-6.37156,-6.957541,-63.17635,20.21938,-9.093409,-8.172034,-6.788614,8128
154.66,-185.124,0,0,-7.246874,-6.70223,-18.93206,26.35773,-9.295849,-9.217526,-6.841874,8452
154.68,-185.9024,0,0,-6.817774,-6.321878,21.77024,20.01158,-9.565769,-9.58374,-2.041236,8456
154.7,366.9102,0,0,-6.026586,-5.562406,41.34277,13.92281,-3.695009,-4.752785,25.34333,8480
154.72,355.0873,0,0,-5.315294,-4.563079,25.3275,63.56521,-3.695009,-3.328254,32.6988,8136
154.74,222.8167,0,0,-5.306283,-3.39939,-6.733582,95.04254,-3.695009,-3.051786,31.62633,8124
154.76,104.8206,0,0,-5.109457,-2.446631,17.73971,101.6163,-3.695009,-3.125918,27.89511,8124
154.78,-374.4918,0,0,-3.948704,-1.618268,65.67866,90.00592,-8.148689,-6.766905,10.77789,8124
154.8,-383.7051,0,0,-2.362167,-0.9379023,89.7092,28.99877,-7.811289,-7.428589,9.671646,8392
154.82,-308.4632,0,0,-0.4298647,-0.5650415,87.06798,-18.25677,-7.541368,-7.226878,12.4255,8372
154.84,-209.7707,0,0,0.08078268,-0.8124546,10.16719,-43.67843,-6.93405,-6.690207,12.07164,8368
154.86,-261.2323,0,0,-0.5564839,-1.646937,-42.00077,-48.87159,-7.878769,-7.43634,3.525434,8312
154.88,-170.3832,0,0,-1.867162,-2.799511,-62.91681,-53.51864,-7.20397,-7.253543,-0.3820289,8364
154.9,-126.2269,0,0,-2.992635,-3.887517,-59.78703,-43.84472,-7.27145,-7.320621,-2.918925,8320
154.92,226.6358,0,0,-3.934552,-4.49204,-51.26794,-29.5415,-3.695009,-4.447294,9.836242,8328
154.94,234.5306,0,0,-4.730429,-4.685668,-38.38245,18.18172,-3.695009,-3.667992,12.47936,8116
154.96,169.0112,0,0,-4.780471,-4.023328,10.19772,51.02223,-3.627529,-3.364011,15.76842,8120
154.98,-143.7405,0,0,-4.239635,-3.103986,35.98399,64.2825,-6.259249,-5.383914,8.783574,8136
155,-254.392,0,0,-3.161883,-2.186548,59.83132,38.04523,-6.86657,-6.371444,7.53442,8284
155.02,-170.6828,0,0,-1.70388,-1.473945,71.41912,5.008704,-5.989328,-5.816329,12.81978,8312
155.04,-206.1745,0,0,-0.891003,-1.23644,40.38094,-11.14894,-6.596649,-6.125634,10.85158,8268
155.06,-197.8698,0,0,-1.227257,-1.619656,-33.02367,-24.68132,-6.596649,-6.325027,6.265332,8336
155.08,-165.8801,0,0,-2.439493,-2.658521,-63.25268,-29.34399,-6.596649,-6.561234,-0.08602428,8324
155.1,-127.3781,0,0,-3.578767,-3.753841,-62.7336,-25.64696,-6.664129,-6.767788,-3.680015,8308
155.12,187.6166,0,0,-4.674572,-4.569631,-47.0084,-15.51943,-3.627529,-4.399328,6.002078,8284
155.14,199.9674,0,0,-4.940124,-4.646142,-2.641977,24.17999,-3.695009,-3.718023,10.50869,8116
155.16,146.1147,0,0,-4.665216,-3.878903,11.23589,51.17416,-3.627529,-3.392026,15.00908,8136
155.18,-72.73633,0,0,-4.258558,-3.035751,23.08322,62.14112,-5.314529,-4.66442,10.68649,8152
155.2,-68.83722,0,0,-3.524407,-2.256555,49.69392,44.97923,-4.707209,-4.506228,12.9884,8236
155.22,-221.2403,0,0,-1.909245,-1.392188,85.00691,28.97515,-6.259249,-5.576609,11.23612,8200
155.24,-187.1304,0,0,-0.4965504,-0.6103109,63.984,-1.354323,-5.65193,-5.284998,14.44896,8292
155.26,-92.70412,0,0,-0.312773,-0.6254125,-4.443504,-18.86291,-4.707209,-4.5273,14.25488,8256
155.28,-80.39241,0,0,-1.100075,-1.290377,-45.7565,-18.79612,-4.707209,-4.494346,8.36376,8184
155.3,-72.13245,0,0,-2.155545,-2.137479,-53.19161,-14.32499,-4.707209,-4.632963,3.015215,8188
155.32,-55.35966,0,0,-3.061965,-2.900165,-21.93969,-7.662621,-4.707209,-4.748926,0.04975581,8164
155.34,-73.82317,0,0,-2.748918,-2.919174,18.15192,-2.135175,-5.044609,-4.929867,2.167166,8196
155.36,-106.423,0,0,-2.287088,-2.604962,15.05268,-1.622575,-5.38201,-5.152964,4.077148,8196
155.38,-19.84293,0,0,-2.041698,-2.313224,6.380927,-5.284639,-4.36981,-4.36444,8.861908,8248
155.4,-46.09285,0,0,-1.969194,-2.165521,2.274055,0.702584,-4.639729,-4.374643,8.459182,8160
155.42,49.34303,0,0,-1.899916,-1.939887,3.587033,1.900745,-3.357609,-3.350647,12.76911,8192
155.44,-112.9862,0,0,-1.792438,-1.777948,6.304591,11.8193,-4.977129,-4.399897,7.103731,8104
155.46,-143.0792,0,0,-1.576451,-1.558147,12.31986,1.325206,-4.977129,-4.69724,5.97569,8196
155.48,-176.993,0,0,-0.9259887,-1.317367,30.57941,-10.65963,-5.38201,-5.046739,5.604271,8184
155.5,-164.1527,0,0,-0.5776207,-1.24245,2.90001,-23.14583,-5.314529,-5.071508,5.546967,8228
155.52,-146.7309,0,0,-0.9489464,-1.6106,-19.13053,-29.16664,-5.314529,-5.153693,2.856215,8224
155.54,-90.52779,0,0,-1.996611,-2.407622,-62.03131,-28.32363,-4.977129,-5.035767,-0.20011,8220
155.56,52.95522,0,0,-3.428777,-3.40919,-77.42062,-17.65558,-3.762489,-4.153655,0.2592096,8200
155.58,87.35979,0,0,-4.730062,-4.24623,-37.54275,8.011887,-3.695009,-3.931703,-0.6517935,8132
155.6,24.57024,0,0,-4.403648,-3.980038,31.63284,27.97202,-4.30233,-4.198653,2.928103,8148
155.62,78.0244,0,0,-3.53559,-3.072526,41.1901,32.50217,-3.357609,-3.349772,11.8775,8184
155.64,-18.46358,0,0,-2.365304,-1.981463,55.35805,37.26742,-4.03241,-3.544473,14.43573,8100
155.66,-95.60538,0,0,-1.345119,-0.9955121,52.79316,27.38236,-4.30233,-3.779033,14.79224,8152
155.68,-41.24358,0,0,-0.1283056,-0.108073,60.90003,9.287114,-3.290129,-2.974523,19.15121,8152
155.7,-77.8354,0,0,0.5222652,0.3362522,30.70155,0.5357115,-3.425089,-2.904979,16.91109,8116
155.72,-106.5072,0,0,0.6113493,0.3799328,-2.046557,-9.451908,-3.425089,-2.991829,12.51893,8144
155.74,-115.5468,0,0,0.2549536,0.006250732,-23.29847,-18.06336,-3.425089,-3.147473,7.162593,8144
155.76,-107.1907,0,0,-0.2210064,-0.5578704,-27.22214,-23.27056,-3.425089,-3.284887,2.936055,8112
155.78,-82.94363,0,0,-0.799658,-1.179681,-29.57328,-24.07203,-3.357609,-3.334112,0.1714543,8124
155.8,-156.9707,0,0,-1.491914,-1.851327,-34.30611,-20.08402,-4.43729,-4.276119,-5.738358,8100
155.82,-35.97725,0,0,-1.986361,-2.329008,-24.26031,-23.17729,-3.357609,-3.658689,-2.504574,8168
155.84,-10.04654,0,0,-2.040371,-2.504036,-5.222131,-12.65089,-3.425089,-3.47012,0.1046575,8092
155.86,-4.123535,0,0,-2.094275,-2.408159,-4.611444,-2.771567,-3.357609,-3.317837,2.519248,8104
155.88,-42.91666,0,0,-2.179389,-2.267065,2.396193,4.595805,-3.695009,-3.541245,2.496284,8120
155.9,-48.73058,0,0,-1.819482,-1.91629,21.80078,4.535473,-3.627529,-3.489869,4.878026,8132
155.92,-10.22206,0,0,-1.312679,-1.476601,26.64048,2.412261,-3.08769,-2.982272,8.815087,8120
155.94,-19.63345,0,0,-0.8336911,-1.042033,19.44963,3.394733,-3.02021,-2.758603,10.35931,8084
155.96,-42.97401,0,0,-0.750729,-0.8213589,0.7778715,2.691803,-3.02021,-2.743651,9.081836,8112
155.98,-60.38926,0,0,-0.6418627,-0.7080185,6.5794,-0.5393986,-3.02021,-2.774529,7.706068,8104
156,-82.5442,0,0,-0.4728895,-0.6445339,8.304592,-4.995518,-3.155169,-2.907482,6.214534,8096
156.02,-80.47359,0,0,-0.4271703,-0.6824431,-0.2450293,-10.36479,-3.08769,-2.913994,5.082071,8096
156.04,-71.43892,0,0,-0.4930837,-0.8183027,-2.855718,-13.53826,-3.02021,-2.888227,3.999759,8120
156.06,-150.9014,0,0,-0.6254784,-1.032394,-6.809917,-14.41046,-3.96493,-3.669236,-0.4314963,8080
156.08,-141.8871,0,0,-0.7813491,-1.274146,-8.657246,-22.52075,-3.96493,-3.894593,-1.550117,8144
156.1,-115.1513,0,0,-0.9349267,-1.57373,-9.00839,-26.48996,-3.96493,-3.948463,-1.641488,8136
156.12,-72.46796,0,0,-1.212501,-1.876738,-16.91679,-25.51485,-3.762489,-3.795366,-0.8010745,8128
156.14,-44.60479,0,0,-2.011568,-2.386905,-43.68016,-18.18177,-3.695009,-3.765743,-2.040943,8112
156.16,-18.69657,0,0,-2.953647,-2.966917,-46.51986,-7.630486,-3.627529,-3.770515,-3.166104,8128
156.18,-8.664398,0,0,-3.37956,-3.241225,-0.7641136,3.444822,-3.695009,-3.80146,-1.973016,8136
156.2,46.80546,0,0,-2.83235,-2.826745,26.80841,10.49307,-3.08769,-3.166498,5.379378,8164
156.22,-0.4921417,0,0,-2.143869,-2.138229,29.44964,18.71015,-3.425089,-3.159111,8.615458,8104
156.24,-23.25047,0,0,-1.600496,-1.463183,24.71681,17.63723,-3.290129,-3.018584,10.66016,8124
156.26,-61.80992,0,0,-1.117811,-0.9722539,26.41147,12.99624,-3.425089,-3.092407,10.34701,8104
156.28,-107.6093,0,0,-0.5120559,-0.561204,26.80841,4.084404,-3.695009,-3.316597,9.383755,8112
156.3,-118.2067,0,0,-0.3229776,-0.4754843,6.396194,-7.190954,-3.695009,-3.422687,7.28722,8128
156.32,-112.3287,0,0,-0.5606781,-0.7667121,-10.3519,-15.16312,-3.695009,-3.531502,4.095029,8140
156.34,-73.17048,0,0,-0.9128965,-1.191677,-17.97023,-18.77432,-3.425089,-3.396664,2.627901,8112
156.36,-56.56115,0,0,-1.280172,-1.593436,-22.71832,-16.03537,-3.425089,-3.386713,1.410446,8096
156.38,81.28934,0,0,-1.834059,-1.942235,-30.9626,-10.69833,-2.008009,-2.2785,5.119111,8124
156.4,-33.37111,0,0,-2.414861,-2.276099,-22.1229,8.447627,-3.357609,-3.111726,-0.00705874,8024
156.42,-60.50784,0,0,-2.045428,-1.981316,22.70154,8.69701,-3.425089,-3.303563,2.212968,8100
156.44,-91.38393,0,0,-1.261513,-1.452792,39.38857,3.798493,-3.695009,-3.463601,4.707208,8104
156.46,-105.6692,0,0,-0.6103273,-0.9844925,30.06033,-4.614808,-3.762489,-3.504417,6.229706,8108
156.48,-107.6902,0,0,-0.5044937,-0.8870153,0.2893218,-12.14555,-3.762489,-3.549073,5.171154,8128
156.5,-101.61,0,0,-0.6959294,-1.078864,-7.588544,-16.87895,-3.762489,-3.615963,3.232872,8136
156.52,-53.99322,0,0,-0.9814793,-1.36802,-14.53511,-18.51634,-3.357609,-3.344605,3.132895,8124
156.54,-42.14746,0,0,-1.337287,-1.671686,-20.1687,-13.68581,-3.357609,-3.299755,2.23011,8112
156.56,76.40865,0,0,-1.733021,-1.870046,-22.90153,-7.927428,-2.075489,-2.275913,6.073016,8128
156.58,75.61405,0,0,-2.221133,-2.042766,-18.24504,9.35309,-2.075489,-2.039974,5.714387,8020
156.6,-66.82452,0,0,-1.912273,-1.721286,18.45727,19.87794,-3.357609,-2.952678,3.413683,8028
156.62,-11.53394,0,0,-1.327892,-1.164397,35.60231,10.80919,-2.412889,-2.377572,8.239657,8096
156.64,-52.60719,0,0,-0.3231124,-0.5063834,56.64049,7.310234,-2.75029,-2.396682,10.15534,8060
156.66,-80.30168,0,0,0.3697715,0.04714695,30.33513,-1.375071,-2.75029,-2.381207,10.4496,8080
156.68,-180.0063,0,0,0.404751,0.07778896,-2.657244,-10.37818,-3.695009,-3.225688,4.119163,8092
156.7,-68.24181,0,0,0.1813058,-0.2030486,-13.45114,-25.76487,-2.48037,-2.553295,4.70366,8140
156.72,-119.9149,0,0,-0.1858689,-0.7230881,-18.67252,-23.66712,-3.357609,-3.133604,-0.4428092,8052
156.74,-107.0017,0,0,-0.8738289,-1.315637,-37.39008,-25.38589,-3.357609,-3.362682,-3.341574,8116
156.76,-51.88802,0,0,-1.69623,-2.009297,-44.56565,-22.67362,-3.08769,-3.266308,-4.364358,8092
156.78,-13.21591,0,0,-2.575876,-2.679618,-38.79466,-12.54881,-3.02021,-3.225316,-4.932189,8084
156.8,-0.8895645,0,0,-2.718888,-2.828572,4.640468,-1.22018,-3.08769,-3.188691,-2.205636,8068
156.82,4.927773,0,0,-2.344585,-2.478518,21.81605,6.61635,-3.02021,-3.004511,2.452531,8100
156.84,-38.35035,0,0,-1.894085,-1.970412,23.08322,11.02254,-3.357609,-3.151872,4.550136,8092
156.86,-57.91823,0,0,-1.319828,-1.410089,27.69391,7.789419,-3.357609,-3.13572,6.770024,8084
156.88,-79.36459,0,0,-0.6595177,-0.8913496,30.213,1.590428,-3.425089,-3.138482,8.125264,8100
156.9,-91.41428,0,0,-0.3764601,-0.6472251,8.121386,-5.70661,-3.425089,-3.15913,7.401426,8124
156.92,-76.55166,0,0,-0.4430176,-0.708782,-1.787015,-11.6891,-3.222649,-3.058653,6.001205,8132
156.94,-79.63815,0,0,-0.5043139,-0.8584565,-4.122893,-13.9944,-3.290129,-3.115118,4.392951,8112
156.96,-63.95014,0,0,-0.7676098,-1.099735,-12.41297,-15.0463,-3.155169,-3.064392,3.126054,8112
156.98,-44.92585,0,0,-1.016517,-1.333943,-17.68015,-13.36413,-3.02021,-2.965603,2.627649,8108
157,-128.8537,0,0,-1.414094,-1.650635,-20.45878,-9.210824,-4.03241,-3.797484,-2.117239,8088
157.02,-112.6075,0,0,-1.785436,-1.97079,-17.1,-13.77052,-3.96493,-3.992073,-2.950739,8144
157.04,-3.893822,0,0,-1.515487,-1.960461,12.56413,-15.70181,-3.02021,-3.188619,3.020049,8152
157.06,6.307121,0,0,-1.472559,-1.880739,-2.397702,-6.098514,-3.02021,-2.932652,4.930479,8068
157.08,-6.725082,0,0,-1.782164,-1.8611,-14.82519,2.174744,-3.02021,-2.902793,4.46542,8092
157.1,-20.6879,0,0,-1.712207,-1.692325,5.968713,6.169671,-3.02021,-2.883224,5.181076,8080
157.12,-149.5229,0,0,-1.273039,-1.383736,25.4191,6.012087,-4.30233,-3.86553,2.291002,8100
157.14,-82.84808,0,0,-0.6460413,-0.9707159,30.90002,-8.922705,-3.425089,-3.36221,6.561616,8164
157.16,-69.25014,0,0,-0.1651313,-0.7277021,22.33513,-13.62501,-3.357609,-3.137579,7.803264,8112
157.18,-75.83257,0,0,-0.1714634,-0.7045501,-5.71068,-15.46562,-3.357609,-3.116422,6.456732,8120
157.2,-55.02337,0,0,-0.5465956,-0.9309005,-20.41298,-16.30451,-3.08769,-2.972895,4.727914,8112
157.22,-45.06934,0,0,-0.9425413,-1.238675,-21.93969,-13.56651,-3.02021,-2.935771,3.04739,8100
157.24,-124.8044,0,0,-1.389893,-1.600009,-21.52748,-9.457146,-3.96493,-3.738243,-1.857468,8084
157.26,-117.8999,0,0,-1.350994,-1.71038,6.655736,-14.75813,-3.96493,-3.917964,-1.283052,8108
157.28,-98.52731,0,0,-1.182336,-1.734364,5.067949,-18.01382,-3.96493,-3.911401,0.2953503,8120
157.3,-88.42754,0,0,-1.414482,-1.909577,-12.58091,-17.56351,-4.03241,-3.974897,0.01385903,8144
157.32,-68.68053,0,0,-1.697936,-2.115092,-16.50458,-15.36907,-3.96493,-3.946599,0.2568516,8148
157.34,-56.04469,0,0,-2.025325,-2.32493,-17.37481,-10.90635,-3.96493,-3.948298,0.3722959,8136
157.36,36.3372,0,0,-2.193811,-2.376102,-2.94732,-6.006354,-3.02021,-3.166764,4.652602,8156
157.38,33.60238,0,0,-2.025108,-2.155051,10.91528,6.167826,-3.02021,-2.899854,7.165897,8088
157.4,-23.47708,0,0,-1.804003,-1.768456,12.07559,13.2774,-3.357609,-3.076979,7.343428,8096
157.42,-50.9882,0,0,-1.397794,-1.320385,26.93055,10.9563,-3.357609,-3.10418,8.162568,8092
157.44,-102.3441,0,0,-0.4381558,-0.684269,48.10613,3.737652,-3.695009,-3.296965,9.367552,8100
157.46,-7.781342,0,0,0.2414601,-0.1571617,30.22826,-8.304955,-2.412889,-2.289399,14.04775,8140
157.48,-139.6656,0,0,0.2644518,-0.1269709,-3.787015,-7.164586,-3.762489,-3.18679,6.955439,8060
157.5,-119.9057,0,0,-0.07248688,-0.3706017,-16.36717,-18.80714,-3.357609,-3.209637,3.999673,8132
157.52,-101.9011,0,0,-0.3169489,-0.7772052,-5.832818,-23.80484,-3.357609,-3.261879,1.764636,8104
157.54,-86.71957,0,0,-0.3766978,-1.038152,-5.405336,-24.99873,-3.357609,-3.263191,1.430017,8084
157.56,-44.01217,0,0,-0.8170065,-1.378916,-28.79466,-22.89853,-3.02021,-3.030722,1.228738,8100
157.58,-28.91703,0,0,-1.715558,-1.947596,-46.74886,-14.53383,-3.02021,-3.062639,-1.281152,8096
157.6,-21.2561,0,0,-2.492795,-2.45975,-34.87099,-5.043024,-3.08769,-3.177159,-2.715999,8096
157.62,-7.269646,0,0,-2.323269,-2.401591,20.97635,1.798119,-3.02021,-3.055195,0.7446828,8088
157.64,-48.03152,0,0,-1.838007,-2.001591,21.02215,6.373758,-3.425089,-3.245864,3.059703,8112
157.66,-61.40105,0,0,-1.454332,-1.584268,21.75498,4.08352,-3.425089,-3.253922,4.876332,8104
157.68,-57.35392,0,0,-1.065229,-1.242969,26.09085,-0.02621377,-3.290129,-3.119616,6.461624,8100
157.7,-76.02676,0,0,-0.8471532,-1.057079,7.342759,-3.109377,-3.425089,-3.195894,5.97103,8100
157.72,-72.90086,0,0,-1.091149,-1.182026,-3.22213,-6.443202,-3.357609,-3.229118,4.069482,8120
157.74,-74.18478,0,0,-1.120677,-1.30305,-3.252664,-8.230728,-3.425089,-3.3012,3.237365,8116
157.76,-68.85323,0,0,-1.226437,-1.439471,-7.191597,-9.213362,-3.425089,-3.331299,2.647114,8104
157.78,-62.16527,0,0,-1.378983,-1.589513,-6.382436,-8.851095,-3.425089,-3.350378,2.203118,8100
157.8,-56.98454,0,0,-1.384738,-1.64009,-3.43587,-7.858036,-3.425089,-3.339279,2.643262,8100
157.82,-48.49483,0,0,-1.412657,-1.651816,-1.893885,-6.565528,-3.357609,-3.273645,3.214372,8108
157.84,-54.40911,0,0,-1.394808,-1.621748,1.388559,-4.893655,-3.425089,-3.300267,3.442359,8100
157.86,-56.49469,0,0,-1.38385,-1.580878,0.8694746,-4.418024,-3.425089,-3.304138,3.660355,8112
157.88,-45.93259,0,0,-1.313673,-1.513442,3.11375,-4.510079,-3.290129,-3.186426,4.498613,8100
157.9,-48.14195,0,0,-1.268569,-1.455807,1.022146,-3.653659,-3.290129,-3.152483,4.673231,8092
157.92,-64.23702,0,0,-1.283623,-1.436059,-0.09235785,-3.299617,-3.425089,-3.262443,3.94726,8104
157.94,-66.83959,0,0,-1.229751,-1.404866,2.533597,-4.852123,-3.425089,-3.290429,3.89833,8136
157.96,-60.29572,0,0,-1.165969,-1.381036,2.579399,-6.335213,-3.357609,-3.239025,4.174565,8120
157.98,-53.66798,0,0,-1.145643,-1.376741,-0.06182348,-6.722178,-3.290129,-3.171644,4.333048,8124
158,-60.41555,0,0,-1.167153,-1.391985,-0.2908313,-6.25835,-3.357609,-3.214513,3.880458,8136
158.02,-62.15595,0,0,-1.135332,-1.378312,0.7015356,-6.716545,-3.357609,-3.223538,3.870815,8104
158.04,-68.45649,0,0,-1.136292,-1.385262,0.09084838,-7.207626,-3.425089,-3.283832,3.488011,8096
158.06,-61.76408,0,0,-1.143281,-1.401489,-0.04655629,-8.14504,-3.357609,-3.247866,3.580783,8116
158.08,-66.07232,0,0,-1.132374,-1.414798,-0.04655629,-8.12322,-3.425089,-3.290126,3.393869,8124
158.1,-59.65496,0,0,-1.135545,-1.421607,-0.7641136,-8.524757,-3.357609,-3.24642,3.60502,8112
158.12,-64.92254,0,0,-1.114147,-1.41696,0.6557342,-8.206057,-3.425089,-3.284859,3.506227,8120
158.14,-59.52403,0,0,-1.105093,-1.405887,-0.04655629,-8.54763,-3.357609,-3.239592,3.758651,8096
158.16,-53.3305,0,0,-1.104865,-1.400056,0.1366499,-8.227511,-3.290129,-3.173237,4.009981,8116
158.18,-60.51469,0,0,-1.111858,-1.395287,-0.1534266,-7.376391,-3.357609,-3.211953,3.749979,8088
158.2,-56.46355,0,0,-1.119612,-1.386765,0.7473372,-7.510733,-3.290129,-3.170855,3.880514,8104
158.22,-63.03747,0,0,-1.112488,-1.381813,-0.3519,-7.219942,-3.357609,-3.214981,3.634285,8104
158.24,-70.05153,0,0,-1.111857,-1.38277,0.6862684,-7.701846,-3.425089,-3.28347,3.300537,8100
158.26,-69.19369,0,0,-1.10909,-1.394292,-0.183961,-8.740627,-3.425089,-3.302493,3.225183,8096
158.28,-60.88872,0,0,-1.10147,-1.407336,-0.3060985,-9.356826,-3.357609,-3.250523,3.497795,8100
158.3,-59.03299,0,0,-1.136292,-1.435498,-1.328999,-8.824448,-3.357609,-3.239303,3.436296,8116
158.32,-64.8586,0,0,-1.15402,-1.449455,-1.008389,-8.227465,-3.425089,-3.290509,3.22427,8084
158.34,-64.83398,0,0,-1.162424,-1.45408,0.3351234,-8.389925,-3.425089,-3.303426,3.24806,8096
158.36,-57.76877,0,0,-1.152251,-1.449509,0.1519171,-8.515482,-3.357609,-3.248621,3.61024,8108
158.38,-63.28925,0,0,-1.151127,-1.446683,0.2587874,-7.894481,-3.425089,-3.286878,3.472682,8088
158.4,-58.09893,0,0,-1.14905,-1.43551,-0.03128911,-8.039729,-3.357609,-3.242026,3.734946,8096
158.42,-64.11492,0,0,-1.142781,-1.429051,0.2129859,-7.638862,-3.425089,-3.283827,3.557913,8112
158.44,-58.96866,0,0,-1.134167,-1.416787,0.1061156,-8.000949,-3.357609,-3.240068,3.797022,8120
158.46,-58.89004,0,0,-1.125813,-1.409406,0.2587874,-7.749414,-3.357609,-3.227883,3.830848,8116
158.48,-59.90257,0,0,-1.122379,-1.400736,0.1519171,-7.586494,-3.357609,-3.225423,3.810097,8104
158.5,-60.80833,0,0,-1.123264,-1.396182,0.1061156,-7.581598,-3.357609,-3.226631,3.750092,8100
158.52,-67.31245,0,0,-1.126859,-1.400082,-0.0007547362,-7.668297,-3.425089,-3.28367,3.436682,8092
158.54,-61.07188,0,0,-1.13563,-1.409706,0.07558119,-8.352573,-3.357609,-3.246432,3.570446,8120
158.56,-65.65034,0,0,-1.142651,-1.426639,0.07558119,-8.159945,-3.425089,-3.291042,3.331153,8140
158.58,-59.28943,0,0,-1.145584,-1.43216,-0.1992282,-8.474114,-3.357609,-3.247399,3.570262,8116
158.6,-64.4398,0,0,-1.142529,-1.435807,0.4877952,-8.051975,-3.425089,-3.288257,3.414573,8108
158.62,-64.78214,0,0,-1.140949,-1.433261,-0.03128911,-8.294727,-3.425089,-3.298444,3.430029,8096
158.64,-58.17232,0,0,-1.128204,-1.426167,0.1977187,-8.521248,-3.357609,-3.244084,3.744421,8116
158.66,-57.8469,0,0,-1.139333,-1.428368,0.02977964,-7.974596,-3.357609,-3.230763,3.744792,8088
158.68,-64.83185,0,0,-1.14659,-1.427377,0.1671843,-7.56243,-3.425089,-3.282962,3.490163,8100
158.7,-53.55666,0,0,-1.135862,-1.413682,0.1061156,-8.012744,-3.290129,-3.186665,3.97901,8100
158.72,-59.61313,0,0,-1.117335,-1.400024,0.1977187,-7.234787,-3.357609,-3.213251,3.848285,8096
158.74,-67.76772,0,0,-1.117775,-1.390122,0.5030622,-7.339876,-3.425089,-3.277745,3.519418,8104
158.76,-68.20062,0,0,-1.098423,-1.383123,0.3198562,-8.293548,-3.425089,-3.294683,3.483243,8088
158.78,-60.66588,0,0,-1.115624,-1.40248,-0.2755641,-8.921677,-3.357609,-3.248194,3.585425,8100
158.8,-65.34789,0,0,-1.105222,-1.41176,0.2740546,-8.605711,-3.425089,-3.287145,3.432235,8108
158.82,-65.58485,0,0,-1.099618,-1.410615,0.02977964,-8.881146,-3.425089,-3.296111,3.448483,8092
158.84,-52.88956,0,0,-1.101041,-1.409553,0.1061156,-9.072642,-3.290129,-3.188957,3.932117,8116
158.86,-58.868,0,0,-1.099632,-1.405232,0.1061156,-7.92573,-3.357609,-3.213776,3.778485,8100
158.88,-67.22511,0,0,-1.105173,-1.395868,0.2282531,-7.759023,-3.425089,-3.277333,3.475183,8088
158.9,-55.88247,0,0,-1.090601,-1.381677,0.6404669,-8.525909,-3.290129,-3.184756,3.933301,8092
158.92,-55.3016,0,0,-1.096136,-1.383319,-0.5809073,-7.879083,-3.290129,-3.161597,3.918177,8092
158.94,-62.87486,0,0,-1.115814,-1.387498,-0.2602969,-7.340302,-3.357609,-3.21414,3.563818,8092
158.96,-58.18977,0,0,-1.092939,-1.370597,0.4419934,-7.804341,-3.290129,-3.171495,3.824844,8100
158.98,-64.18378,0,0,-1.099017,-1.374408,0.1519171,-7.635324,-3.357609,-3.217358,3.51599,8104
159,-70.74902,0,0,-1.09019,-1.375706,0.3961921,-8.159218,-3.425089,-3.284309,3.235138,8104
159.02,-57.62109,0,0,-1.093851,-1.385398,0.2587874,-9.149993,-3.290129,-3.194007,3.631238,8116
159.04,-61.70226,0,0,-1.101249,-1.402448,-0.0007547362,-8.463339,-3.357609,-3.223686,3.437014,8124
159.06,-68.19242,0,0,-1.126648,-1.418259,-1.054191,-8.347528,-3.425089,-3.288873,3.1113,8112
159.08,-61.3114,0,0,-1.141985,-1.432694,0.3503905,-8.871914,-3.357609,-3.252311,3.311111,8092
159.1,-65.53192,0,0,-1.135511,-1.440706,-0.1228922,-8.543093,-3.425089,-3.293091,3.214998,8116
159.12,-59.28138,0,0,-1.125041,-1.432624,0.5030622,-8.770535,-3.357609,-3.245833,3.559547,8096
159.14,-64.67077,0,0,-1.126518,-1.432058,0.04504682,-8.293971,-3.425089,-3.286862,3.397059,8100
159.16,-53.18619,0,0,-1.117895,-1.417388,0.3809245,-8.533467,-3.290129,-3.186901,3.928165,8104
159.18,-59.31543,0,0,-1.113169,-1.407448,-0.09235785,-7.555366,-3.357609,-3.214023,3.77413,8104
159.2,-67.66171,0,0,-1.099294,-1.387835,0.6557342,-7.572794,-3.425089,-3.275853,3.537496,8088
159.22,-62.19555,0,0,-1.102205,-1.385209,-0.2755641,-8.422606,-3.357609,-3.241043,3.653655,8092
159.24,-60.99541,0,0,-1.107909,-1.396961,0.1213828,-8.421045,-3.357609,-3.23306,3.611262,8112
159.26,-60.97158,0,0,-1.102316,-1.397675,0.1824515,-8.309938,-3.357609,-3.229587,3.634301,8084
159.28,-67.31779,0,0,-1.099258,-1.397458,-0.06182348,-8.248045,-3.425089,-3.283053,3.396191,8088
159.3,-67.38496,0,0,-1.093186,-1.39756,0.07558119,-8.866261,-3.425089,-3.297112,3.373708,8104
159.32,-60.07346,0,0,-1.095609,-1.40576,-0.0007547362,-9.272021,-3.357609,-3.246259,3.597456,8112
159.34,-65.1749,0,0,-1.091512,-1.410721,0.1824515,-8.816781,-3.425089,-3.285188,3.435468,8108
159.36,-65.65793,0,0,-1.091396,-1.409009,0.1213828,-9.028059,-3.425089,-3.29524,3.43417,8100
159.38,-59.08158,0,0,-1.090341,-1.408403,-0.01602192,-9.214972,-3.357609,-3.242739,3.690965,8120
159.4,-52.74785,0,0,-1.093417,-1.405166,0.1213828,-8.659215,-3.290129,-3.173645,3.971837,8116
159.42,-60.15049,0,0,-1.097872,-1.396103,0.1213828,-7.642771,-3.357609,-3.210565,3.753656,8100
159.44,-62.4784,0,0,-1.097273,-1.381656,0.1366499,-7.720032,-3.357609,-3.222512,3.688471,8100
159.46,-69.10825,0,0,-1.085772,-1.375544,0.5335966,-8.051262,-3.425089,-3.280955,3.420535,8100
159.48,-68.72636,0,0,-1.09231,-1.386866,-0.04655629,-8.927469,-3.425089,-3.299324,3.297499,8116
159.5,-60.84438,0,0,-1.086248,-1.398545,0.2129859,-9.479343,-3.357609,-3.247864,3.550987,8140
159.52,-59.32839,0,0,-1.112371,-1.420675,-0.7946484,-8.971846,-3.357609,-3.23594,3.509579,8116
159.54,-65.46925,0,0,-1.122576,-1.428785,-0.5045714,-8.449272,-3.425089,-3.286671,3.301399,8080
159.56,-65.4889,0,0,-1.150755,-1.443622,-0.4129688,-8.640411,-3.425089,-3.303329,3.209938,8096
159.58,-52.21452,0,0,-1.141008,-1.440923,0.2435202,-8.778481,-3.290129,-3.194516,3.80992,8112
159.6,-57.79171,0,0,-1.152092,-1.441443,0.01451245,-7.502596,-3.357609,-3.219592,3.657738,8088
159.62,-66.11179,0,0,-1.131202,-1.416758,0.7168028,-7.280924,-3.425089,-3.278075,3.518235,8108
159.64,-55.05793,0,0,-1.114831,-1.394554,0.6099325,-8.017975,-3.290129,-3.184357,3.991741,8092
159.66,-60.70149,0,0,-1.123114,-1.397224,-0.2602969,-7.381989,-3.357609,-3.216671,3.715856,8100
159.68,-62.28614,0,0,-1.110479,-1.385478,0.7473372,-7.564129,-3.357609,-3.224974,3.699597,8100
159.7,-68.5899,0,0,-1.111619,-1.3886,-0.2297625,-7.853734,-3.425089,-3.283973,3.380696,8096
159.72,-68.1198,0,0,-1.105459,-1.395567,0.3198562,-8.701147,-3.425089,-3.299831,3.329062,8104
159.74,-60.30941,0,0,-1.104784,-1.407996,-0.2144953,-9.211434,-3.357609,-3.248584,3.561929,8096
159.76,-53.06666,0,0,-1.103033,-1.411378,0.3198562,-8.754858,-3.290129,-3.177886,3.879315,8096
159.78,-60.03967,0,0,-1.10072,-1.401985,-0.183961,-7.728767,-3.357609,-3.212345,3.715614,8100
159.8,21.78478,0,0,-1.093971,-1.342682,0.4114593,-7.686806,-2.412889,-2.456442,7.071298,8084
159.82,-7.538223,0,0,-1.080728,-1.265545,0.5641309,0.5380072,-2.68281,-2.472547,6.482779,8036
159.84,25.87201,0,0,-1.114683,-1.121402,1.632834,3.169141,-2.075489,-2.007519,8.029418,8080
159.86,-45.98862,0,0,-0.7980024,-0.8522835,19.58704,7.30457,-2.68281,-2.351264,6.688323,8036
159.88,-17.07487,0,0,-0.3247016,-0.4470124,21.26643,1.411002,-2.075489,-1.926461,9.220779,8080
159.9,-1.467361,0,0,0.07360114,-0.1292383,21.57177,-0.8359101,-1.738089,-1.535064,10.38446,8032
159.92,6.683205,0,0,0.355625,0.1353923,12.93055,-1.64566,-1.40069,-1.174418,10.74741,8012
159.94,13.87207,0,0,0.319548,0.2181778,-0.4435031,-1.346303,-1.06329,-0.871364,9.592039,8020
159.96,16.36545,0,0,0.412142,0.3150178,1.449628,-0.7025412,-0.7933693,-0.6075139,8.946635,7988
159.98,-65.11957,0,0,0.4973821,0.375043,7.449629,-0.3747288,-1.46817,-1.118777,4.951139,8000
160,-45.62077,0,0,0.6634112,0.4483945,8.625202,-8.868997,-1.06329,-0.9499909,4.817545,8020
160.02,-105.5751,0,0,0.8350322,0.41791,7.846576,-13.13814,-1.738089,-1.459313,1.55852,8008
160.04,-44.4273,0,0,0.7710906,0.2848594,-6.245031,-21.81057,-1.06329,-1.083235,2.121046,8004
160.06,20.30172,0,0,0.2454367,-0.1326092,-28.29084,-19.83996,-0.5234499,-0.6216989,1.53415,7972
160.08,10.3524,0,0,-0.3632472,-0.56813,-23.64962,-10.13842,-0.7258892,-0.7218257,-0.9575495,7944
160.1,64.13959,0,0,-0.1331979,-0.4349454,12.56413,-5.093786,-0.05108929,-0.1298374,3.421195,7948
160.12,104.4583,0,0,0.1255907,-0.09339452,12.15192,2.998485,0.5562305,0.5628577,7.304674,7900
160.14,11.32071,0,0,0.6201294,0.4410254,28.15193,10.89788,-0.1185694,0.2427333,6.629673,7872
160.16,59.62357,0,0,1.186179,1.062397,30.60994,5.035158,0.89363,0.9876769,10.3868,7908
160.18,1.776633,0,0,1.785967,1.559582,24.82368,4.059882,0.5562305,0.9180802,9.240322,7856
160.2,-30.8456,0,0,1.856194,1.726298,1.92291,-2.85166,0.5562305,0.8135217,6.056098,7876
160.22,-75.14409,0,0,2.061541,1.748749,6.701538,-11.45035,0.2188301,0.4717995,2.646667,7876
160.24,-44.17889,0,0,1.77306,1.435782,-18.32137,-20.85607,0.5562305,0.5627954,0.06623636,7880
160.26,-26.34938,0,0,1.221662,0.8742482,-27.9855,-22.34524,0.5562305,0.5028112,-3.208378,7864
160.28,-7.768063,0,0,0.5716071,0.279473,-28.1229,-19.51005,0.5562305,0.4259975,-5.549496,7884
160.3,8.986217,0,0,0.2768995,-0.05778157,-14.70305,-14.68785,0.5562305,0.4203278,-5.325933,7864
160.32,25.16404,0,0,0.1328171,-0.1748235,0.9610775,-9.232369,0.6237106,0.5044583,-3.952612,7888
160.34,-3.156469,0,0,0.2538715,-0.06546873,5.77024,-4.272926,0.2863102,0.30734,-3.106762,7864
160.36,-8.235069,0,0,0.4685558,0.1588427,12.13665,-4.466315,0.2863102,0.2961354,-1.497318,7900
160.38,-9.869757,0,0,0.6064438,0.3192873,5.037415,-5.573793,0.2863102,0.3075554,-0.7073064,7908
160.4,-10.17257,0,0,0.5894536,0.3549304,0.7015356,-6.488654,0.2863102,0.2989029,-0.8356913,7920
160.42,-15.19844,0,0,0.5958063,0.3550282,0.6404669,-7.166177,0.2188301,0.2396849,-1.093802,7900
160.44,-7.709496,0,0,0.6084793,0.3508845,1.006879,-8.155562,0.2863102,0.2802782,-0.8350658,7900
160.46,-11.44179,0,0,0.5884174,0.3250878,-0.3366328,-8.005225,0.2188301,0.2352159,-1.099419,7908
160.48,-16.46772,0,0,0.581125,0.3079213,1.067948,-8.258463,0.15135,0.1700736,-1.312151,7904
160.5,-8.457468,0,0,0.5662394,0.2886524,0.4572606,-8.880922,0.2188301,0.2081129,-1.063449,7916
160.52,-5.763748,0,0,0.5455213,0.2659692,-0.4435031,-8.418808,0.2188301,0.219862,-0.9761442,7908
160.54,0.9767857,0,0,0.5393814,0.2662581,0.6404669,-7.805216,0.2863102,0.2812694,-0.5871568,7924
160.56,0.6532784,0,0,0.5204778,0.2707142,-0.107625,-6.660379,0.2863102,0.2975753,-0.5067451,7900
160.58,-13.10676,0,0,0.5133839,0.2807012,0.4114593,-5.923793,0.15135,0.1921555,-0.9382568,7916
160.6,-8.102323,0,0,0.5190014,0.2926296,0.9305434,-6.838559,0.2188301,0.2183454,-0.7172831,7904
160.62,-6.072765,0,0,0.4767168,0.2631136,-1.313733,-6.827696,0.2188301,0.219446,-0.8572001,7908
160.64,-4.919079,0,0,0.4729668,0.2512717,0.1519171,-6.593009,0.2188301,0.2224088,-0.775144,7912
160.66,-4.244257,0,0,0.4459116,0.2363753,-0.1534266,-6.239148,0.2188301,0.2218268,-0.7905079,7912
160.68,-9.83676,0,0,0.4390706,0.2301791,-0.2755641,-5.915775,0.15135,0.1686544,-0.9540606,7912
160.7,-3.35714,0,0,0.4329973,0.2287445,0.02977964,-6.240097,0.2188301,0.2100368,-0.6782441,7912
160.72,3.956896,0,0,0.4220472,0.2248569,-0.1992282,-5.762339,0.2863102,0.2765499,-0.3663643,7908
160.74,3.400797,0,0,0.4253334,0.2381075,-0.06182348,-4.710811,0.2863102,0.2968008,-0.2332682,7896
160.76,-4.933787,0,0,0.4373045,0.263255,0.5793981,-4.110733,0.2188301,0.2484866,-0.4022765,7908
160.78,119.4222,0,0,0.4377498,0.3379408,0.3198562,-4.435622,1.63591,1.381286,4.575401,7912
160.8,-7.228963,0,0,0.431936,0.3881001,-0.107625,7.797791,0.2863102,0.588715,0.2428219,7820
160.82,-34.77038,0,0,0.6419191,0.6249016,18.82368,2.521801,0.2863102,0.382627,0.06994414,7904
160.84,-44.87183,0,0,1.229877,0.9378076,23.58704,-5.523941,0.2188301,0.3300587,1.202837,7880
160.86,-36.60626,0,0,1.127088,0.8695141,-8.58091,-11.73957,0.2863102,0.3181193,-0.3311764,7888
160.88,-1.353546,0,0,0.6702285,0.5051938,-23.13053,-13.72534,0.5562305,0.4564281,-1.93547,7896
160.9,11.41188,0,0,0.4232305,0.2178223,-9.542743,-10.65533,0.5562305,0.4824289,-2.508394,7868
160.92,40.95195,0,0,0.2303153,0.06799355,-7.115261,-6.642695,0.8261509,0.7099161,-1.536049,7872
160.94,52.49537,0,0,0.2704729,0.1236744,4.548865,-1.017147,0.9611101,0.910829,0.08408713,7844
160.96,-53.73832,0,0,0.356725,0.2451295,8.594668,3.543247,-0.1185694,0.1067509,-2.913257,7856
160.98,-3.847866,0,0,0.6614488,0.4884514,14.01452,-5.003838,0.5562305,0.4690242,0.188326,7912
161,-140.8407,0,0,0.870868,0.5317335,6.991614,-6.475049,-1.06329,-0.7296485,-4.924316,7872
161.02,-134.1945,0,0,0.5991284,0.2764167,-17.06946,-20.58022,-1.06329,-1.106554,-7.14851,7968
161.04,-70.07008,0,0,0.3288829,-0.1775231,-14.85572,-28.42853,-0.7933693,-0.99904,-6.858662,7988
161.06,-84.25877,0,0,-0.2530606,-0.7788389,-37.31374,-25.41795,-1.40069,-1.484095,-9.596252,7968
161.08,-78.94255,0,0,-1.385904,-1.615149,-54.00077,-21.47187,-1.738089,-1.971942,-13.03025,7988
161.1,-103.3672,0,0,-1.790388,-2.122808,-6.458772,-16.9024,-2.48037,-2.644032,-13.52917,7992
161.12,-61.60659,0,0,-1.805635,-2.258182,-6.428238,-16.05807,-2.412889,-2.659707,-9.443403,8048
161.14,-112.3238,0,0,-2.058425,-2.435059,-15.84809,-10.56643,-3.357609,-3.378555,-10.06762,8060
161.16,-117.8601,0,0,-2.20211,-2.535171,-1.084725,-11.57419,-3.695009,-3.790404,-8.772859,8104
161.18,-64.63483,0,0,-1.912395,-2.408195,9.999249,-13.52548,-3.425089,-3.567948,-3.609242,8128
161.2,-97.40858,0,0,-1.854129,-2.333984,-0.5045714,-9.681244,-4.03241,-3.941776,-2.909932,8100
161.22,-25.8037,0,0,-2.172729,-2.407606,-10.84045,-9.49482,-3.357609,-3.509167,-0.1026686,8132
161.24,-39.57626,0,0,-2.381227,-2.50609,-9.832819,-1.528237,-3.695009,-3.653089,0.04744918,8116
161.26,12.53738,0,0,-2.103859,-2.242411,10.60994,1.718333,-3.08769,-3.122606,5.007002,8132
161.28,11.32411,0,0,-1.93147,-1.947789,15.72444,8.591529,-3.02021,-2.894721,7.023566,8088
161.3,-9.871002,0,0,-1.68058,-1.584497,12.54887,12.23986,-3.02021,-2.816344,8.080639,8088
161.32,127.6236,0,0,-1.077084,-0.9868825,29.52598,10.8666,-1.19825,-1.268817,16.19194,8100
161.34,68.61302,0,0,-0.2482711,-0.2321028,38.67102,21.29214,-1.46817,-1.013223,17.52629,7980
161.36,63.25593,0,0,0.3114331,0.5156672,28.57941,20.45889,-0.7933693,-0.431299,18.74443,7996
161.38,36.14326,0,0,0.6856132,0.9973166,28.77788,18.02844,-0.5234499,-0.133196,16.98196,7952
161.4,-61.73244,0,0,1.669343,1.636449,51.29697,10.65039,-1.06329,-0.4693402,14.5016,7924
161.42,-105.0487,0,0,2.540656,2.169113,41.03743,-6.885406,-1.06329,-0.5713247,12.47824,7976
161.44,19.42179,0,0,3.031864,2.397162,18.15192,-24.41918,0.5562305,0.6570857,14.85528,7956
161.46,185.4721,0,0,2.682643,2.172186,-25.23741,-22.47413,2.51315,2.429644,16.58682,7852
161.48,105.485,0,0,1.524788,1.545535,-64.41299,-1.141119,1.90583,2.190378,7.44605,7764
161.5,-226.6231,0,0,0.2743245,0.7269403,-56.58092,8.380527,-1.40069,-0.7622159,-11.48818,7792
161.52,-763.2716,0,0,-0.504715,-0.3833266,30.45727,-16.97597,-7.541368,-6.631809,-38.4996,7992
161.54,-731.2107,0,0,0.3419883,-1.153071,37.73972,-90.19733,-8.35113,-8.644187,-38.74092,8348
161.56,-613.7457,0,0,0.7927559,-2.351204,23.4649,-136.7632,-9.295849,-9.699435,-36.25051,8404
161.58,-325.709,0,0,0.3542242,-3.633039,-42.33664,-154.0623,-8.081209,-8.810252,-26.40863,8456
161.6,-324.2986,0,0,-1.213588,-5.110182,-84.88628,-131.6482,-9.633249,-9.773075,-28.06281,8372
161.62,-212.8555,0,0,-2.761654,-6.147983,-84.24506,-111.5807,-9.295849,-9.698396,-22.79488,8504
161.64,-35.91454,0,0,-4.097236,-6.816457,-70.8252,-82.61932,-8.148689,-8.672034,-13.06161,8452
161.66,408.4921,0,0,-5.435348,-7.011632,-69.26795,-40.928,-3.627529,-4.691459,8.482933,8372
161.68,23.61374,0,0,-6.584518,-6.905728,-66.71834,34.80898,-7.743809,-6.948383,-0.1347541,8140
161.7,-180.2774,0,0,-7.528954,-6.508553,-45.14581,48.85241,-9.025928,-8.681561,-4.703442,8376
161.72,-45.0722,0,0,-7.510559,-6.185582,22.3046,37.54567,-7.541368,-7.910844,3.145311,8448
161.74,-38.01251,0,0,-6.694842,-5.684389,34.86949,41.29951,-7.811289,-7.752996,8.835806,8360
161.76,312.6369,0,0,-6.01433,-4.862201,36.60995,42.81401,-3.762489,-4.324983,27.43652,8400
161.78,277.2561,0,0,-5.049461,-3.72638,44.82369,76.31825,-3.695009,-3.245684,33.05923,8140
161.8,-75.90283,0,0,-3.928722,-2.276862,60.83896,91.25186,-6.259249,-5.015244,25.36027,8144
161.82,-158.6055,0,0,-2.525506,-0.9501024,65.11377,60.97927,-5.989328,-5.295195,24.27361,8280
161.84,-237.1639,0,0,-1.199659,-0.2715841,64.53362,28.13322,-6.529169,-5.829106,19.85905,8248
161.86,-195.8648,0,0,-0.3949293,-0.1294855,33.80079,-4.212714,-5.989328,-5.585487,17.6266,8288
161.88,-197.3285,0,0,-1.275854,-1.075574,-55.63436,-19.25157,-6.259249,-5.973686,7.616538,8260
161.9,-197.6552,0,0,-2.46918,-2.37951,-66.35191,-25.79959,-6.664129,-6.57782,-1.058619,8272
161.92,-141.8211,0,0,-3.52723,-3.582963,-59.10001,-26.7506,-6.596649,-6.753303,-4.397485,8284
161.94,171.0393,0,0,-4.634573,-4.5149,-56.50459,-17.90761,-3.695009,-4.47954,4.693375,8292
161.96,199.7724,0,0,-5.448929,-4.961218,-18.10763,22.30272,-3.695009,-3.839492,7.298888,8120
161.98,6.892548,0,0,-5.057956,-4.32562,16.30459,50.96012,-5.314529,-4.838078,7.249672,8124
162,-21.85938,0,0,-4.417415,-3.385337,33.4649,48.55288,-4.977129,-4.768963,11.25818,8212
162.02,-110.4748,0,0,-3.122506,-2.382339,74.76263,40.00715,-5.65193,-5.179713,12.94102,8224
162.04,-110.7525,0,0,-1.710769,-1.391167,69.20538,21.04059,-5.314529,-4.917414,16.68559,8252
162.06,-70.55482,0,0,-0.618294,-0.6738381,47.58705,4.986765,-4.639729,-4.264022,19.51369,8228
162.08,-126.7804,0,0,-0.4020373,-0.527727,-5.145795,-2.5854,-5.044609,-4.506217,14.67968,8204
162.1,-129.7125,0,0,-1.510186,-1.258315,-54.12291,-10.308,-4.977129,-4.768934,6.286627,8224
162.12,-15.22157,0,0,-2.670793,-2.280208,-57.26794,-12.16231,-3.96493,-4.184564,3.702331,8184
162.14,68.38165,0,0,-3.362918,-2.989522,6.900011,0.5602851,-3.357609,-3.559498,4.599504,8148
162.16,59.29263,0,0,-3.213155,-2.924655,6.884743,17.35091,-3.425089,-3.347102,7.413602,8128
162.18,-18.43614,0,0,-2.935724,-2.507415,15.00688,26.77956,-3.96493,-3.674417,7.623893,8096
162.2,-84.48,0,0,-1.767255,-1.614431,55.22064,21.745,-4.30233,-3.900287,10.53403,8140
162.22,-58.95978,0,0,-0.7006446,-0.7740309,45.06796,8.436889,-3.695009,-3.400718,14.56462,8168
162.24,-114.7745,0,0,-0.1070777,-0.3311817,22.73208,0.1208245,-4.09989,-3.611802,12.39134,8132
162.26,-126.3818,0,0,-0.08997972,-0.3268603,0.8847416,-11.30352,-4.03241,-3.705744,9.011242,8176
162.28,-33.00863,0,0,-0.3334079,-0.6150403,-15.2374,-19.3432,-3.02021,-2.998493,8.94845,8156
162.3,-23.79185,0,0,-0.7971291,-1.053622,-25.11527,-13.86223,-3.02021,-2.884342,6.130071,8116
162.32,-34.25837,0,0,-1.281525,-1.409947,-24.13817,-7.773859,-3.08769,-2.967593,3.635358,8104
162.34,-36.95057,0,0,-1.552845,-1.613831,-3.191595,-3.886424,-3.08769,-3.010348,2.738783,8080
162.36,-33.84333,0,0,-1.305984,-1.493608,4.609933,-2.173403,-3.02021,-2.91218,4.462359,8088
162.38,-39.58557,0,0,-1.264978,-1.393949,7.602301,-0.8757861,-3.02021,-2.884245,4.663609,8096
162.4,-54.99288,0,0,-0.8511198,-1.111511,16.56414,-1.792891,-3.08769,-2.881656,5.893068,8088
162.42,-58.88535,0,0,-0.7168133,-0.9501692,3.541231,-4.442554,-3.02021,-2.836533,5.81767,8104
162.44,-62.90942,0,0,-0.8246455,-0.9942354,-4.886253,-6.368082,-3.02021,-2.867766,4.438539,8108
162.46,-74.41543,0,0,-0.9378398,-1.116119,-6.825184,-7.743887,-3.155169,-3.013083,2.879933,8084
162.48,-63.97015,0,0,-1.083933,-1.27357,-10.07709,-9.368383,-3.08769,-3.017365,2.234979,8084
162.5,-50.4724,0,0,-1.162737,-1.394454,-5.130528,-9.108436,-3.02021,-2.962693,2.352712,8100
162.52,-46.14664,0,0,-1.201894,-1.449153,-3.283198,-7.412347,-3.02021,-2.938918,2.617401,8096
162.54,-45.14326,0,0,-1.281471,-1.484059,-1.176328,-5.598852,-3.02021,-2.933908,2.680131,8092
162.56,-45.81017,0,0,-1.237185,-1.442744,0.8847416,-4.396814,-3.02021,-2.918044,3.214594,8080
162.58,-77.22613,0,0,-1.2698,-1.440006,-2.489305,-3.616716,-3.357609,-3.190999,2.040158,8096
162.6,-71.40836,0,0,-1.174155,-1.39218,3.403826,-6.537346,-3.290129,-3.195186,2.634087,8080
162.62,-78.57352,0,0,-1.079612,-1.367704,2.823674,-8.188016,-3.425089,-3.291143,2.594202,8120
162.64,-68.41618,0,0,-1.141699,-1.42037,-3.756481,-9.842103,-3.357609,-3.271156,2.5554,8104
162.66,-62.16249,0,0,-1.227509,-1.506981,-4.153428,-9.655625,-3.357609,-3.270895,2.427637,8096
162.68,-51.32988,0,0,-1.355376,-1.60087,-7.878621,-8.500337,-3.290129,-3.223038,2.516766,8092
162.7,-53.65009,0,0,-1.466865,-1.675447,-5.298466,-6.290411,-3.357609,-3.26678,2.344118,8132
162.72,-58.87063,0,0,-1.43143,-1.653165,0.9763447,-5.126055,-3.425089,-3.314698,2.748724,8120
162.74,-52.75011,0,0,-1.395581,-1.605459,1.92291,-4.9776,-3.357609,-3.2619,3.444518,8112
162.76,-58.69154,0,0,-1.358949,-1.561581,1.892376,-4.383461,-3.425089,-3.295378,3.567651,8116
162.78,-53.87366,0,0,-1.350092,-1.53092,-0.1228922,-4.622886,-3.357609,-3.249864,3.881371,8096
162.8,-59.82124,0,0,-1.367131,-1.53145,-0.8251827,-4.264511,-3.425089,-3.296166,3.602301,8096
162.82,-54.34172,0,0,-1.352173,-1.518955,0.6862684,-4.662959,-3.357609,-3.252047,3.890035,8104
162.84,-54.22007,0,0,-1.321866,-1.49951,0.4267263,-4.463161,-3.357609,-3.236054,4.033311,8108
162.86,-55.51476,0,0,-1.305629,-1.479745,1.037414,-4.370623,-3.357609,-3.231413,4.053373,8092
162.88,-50.7381,0,0,-1.301459,-1.466485,-0.183961,-4.453452,-3.290129,-3.177785,4.223355,8100
162.9,-63.69014,0,0,-1.313231,-1.471922,-0.07709067,-4.010365,-3.425089,-3.277021,3.627299,8112
162.92,-58.72724,0,0,-1.310033,-1.471917,0.2740546,-5.027435,-3.357609,-3.25068,3.743715,8112
162.94,-57.46966,0,0,-1.278003,-1.46669,0.8084057,-5.29274,-3.357609,-3.23918,3.847183,8108
162.96,-51.31584,0,0,-1.294259,-1.474215,-0.2450293,-5.292994,-3.290129,-3.184671,3.979095,8096
162.98,-51.7494,0,0,-1.278744,-1.46432,0.304589,-4.711128,-3.290129,-3.167637,4.05626,8104
163,-65.57665,0,0,-1.279533,-1.458084,0.3656577,-4.381541,-3.425089,-3.274388,3.521279,8092
163.02,-54.64554,0,0,-1.254072,-1.440499,0.5641309,-5.623033,-3.290129,-3.1925,3.970207,8104
163.04,-59.46349,0,0,-1.243531,-1.44257,0.3351234,-5.386638,-3.357609,-3.224977,3.749396,8112
163.06,-60.00878,0,0,-1.272175,-1.459288,-0.4282355,-5.636491,-3.357609,-3.239312,3.552561,8080
163.08,-59.47241,0,0,-1.249108,-1.457414,0.3961921,-5.916564,-3.357609,-3.239117,3.63548,8108
163.1,-58.9887,0,0,-1.253967,-1.463422,0.1824515,-6.036106,-3.357609,-3.239742,3.604275,8096
163.12,-64.65813,0,0,-1.249619,-1.467806,0.02977964,-6.08288,-3.425089,-3.29349,3.388139,8112
163.14,-58.13946,0,0,-1.252863,-1.473121,0.09084838,-6.670895,-3.357609,-3.253385,3.596254,8100
163.16,-56.76471,0,0,-1.255233,-1.481011,0.06031401,-6.394097,-3.357609,-3.241437,3.648294,8104
163.18,-56.90509,0,0,-1.256286,-1.479258,0.1977187,-6.064333,-3.357609,-3.237142,3.693393,8120
163.2,-63.52058,0,0,-1.245041,-1.470059,0.04504682,-5.896838,-3.425089,-3.288794,3.521955,8096
163.22,-63.94111,0,0,-1.230872,-1.460591,0.1366499,-6.497773,-3.425089,-3.301534,3.538827,8112
163.24,-62.86765,0,0,-1.240016,-1.471679,-0.03128911,-6.918798,-3.425089,-3.30683,3.478961,8124
163.26,-55.57896,0,0,-1.247215,-1.482907,0.04504682,-7.060143,-3.357609,-3.253357,3.71647,8096
163.28,-61.0256,0,0,-1.239807,-1.483016,0.09084838,-6.438975,-3.425089,-3.290587,3.590906,8112
163.3,-61.8923,0,0,-1.23967,-1.477001,0.1213828,-6.576434,-3.425089,-3.30044,3.591845,8096
163.32,-55.53623,0,0,-1.244802,-1.477279,0.01451245,-6.737347,-3.357609,-3.249259,3.8147,8100
163.34,-61.23262,0,0,-1.253236,-1.482963,0.07558119,-6.183651,-3.425089,-3.290814,3.587366,8096
163.36,-55.90402,0,0,-1.257808,-1.480145,0.1061156,-6.370071,-3.357609,-3.247847,3.799645,8104
163.38,-49.61015,0,0,-1.264082,-1.47872,0.1061156,-5.932221,-3.290129,-3.182159,4.052082,8100
163.4,-56.83685,0,0,-1.257144,-1.465908,0.1977187,-5.029543,-3.357609,-3.218211,3.879058,8108
163.42,-65.00661,0,0,-1.263288,-1.458325,0.1366499,-5.153579,-3.425089,-3.285841,3.537225,8096
163.44,-65.01417,0,0,-1.265419,-1.464434,0.06031401,-6.060379,-3.425089,-3.306275,3.431482,8100
163.46,-51.11729,0,0,-1.266451,-1.475855,0.06031401,-6.648021,-3.290129,-3.202095,3.889088,8112
163.48,-55.99335,0,0,-1.266092,-1.482371,0.2129859,-5.635843,-3.357609,-3.226639,3.746922,8108
163.5,-51.7438,0,0,-1.25741,-1.46475,0.1977187,-5.470454,-3.290129,-3.177149,4.022467,8096
163.52,-58.925,0,0,-1.242847,-1.447101,0.1213828,-4.983732,-3.357609,-3.21785,3.834693,8120
163.54,-66.65673,0,0,-1.234978,-1.436383,0.1061156,-5.421475,-3.425089,-3.285332,3.52076,8092
163.56,-66.30024,0,0,-1.233861,-1.444132,0.1061156,-6.503397,-3.425089,-3.305667,3.40546,8112
163.58,-64.11598,0,0,-1.238437,-1.466537,0.09084838,-7.172843,-3.425089,-3.311451,3.35473,8108
163.6,-56.13641,0,0,-1.233029,-1.478274,0.1213828,-7.398226,-3.357609,-3.255032,3.663055,8100
163.62,-55.17844,0,0,-1.241763,-1.485437,0.07558119,-6.711574,-3.357609,-3.238665,3.726196,8100
163.64,-56.08162,0,0,-1.241902,-1.476723,0.1061156,-6.153616,-3.357609,-3.233071,3.787282,8108
163.66,-57.22057,0,0,-1.244825,-1.466748,0.07558119,-5.868156,-3.357609,-3.23249,3.786565,8112
163.68,-58.03944,0,0,-1.24787,-1.460885,0.09084838,-5.788496,-3.357609,-3.233887,3.755754,8100
163.7,-64.52991,0,0,-1.24285,-1.458109,0.09084838,-5.840855,-3.425089,-3.289196,3.508097,8120
163.72,-64.53479,0,0,-1.232543,-1.456777,0.06031401,-6.562672,-3.425089,-3.303495,3.48949,8100
163.74,-57.15638,0,0,-1.231349,-1.464016,0.1366499,-7.041884,-3.357609,-3.252414,3.716932,8108
163.76,-56.18626,0,0,-1.229019,-1.46781,0.09084838,-6.618143,-3.357609,-3.237043,3.779031,8096
163.78,-56.88844,0,0,-1.23308,-1.464205,0.1366499,-6.22475,-3.357609,-3.233093,3.785219,8092
163.8,-57.84423,0,0,-1.225894,-1.453135,0.09084838,-6.055125,-3.357609,-3.231495,3.809688,8100
163.82,-58.60955,0,0,-1.22645,-1.447203,0.06031401,-6.041612,-3.357609,-3.232511,3.772679,8084
163.84,-65.01253,0,0,-1.230015,-1.450235,0.02977964,-6.108794,-3.425089,-3.289226,3.476283,8096
163.86,-64.83659,0,0,-1.225425,-1.454555,-0.0007547362,-6.81353,-3.425089,-3.304431,3.436685,8116
163.88,-63.28516,0,0,-1.227095,-1.468099,0.06031401,-7.259055,-3.425089,-3.308156,3.424615,8100
163.9,-55.82587,0,0,-1.231079,-1.478496,0.09084838,-7.376304,-3.357609,-3.253216,3.690941,8108
163.92,-55.22547,0,0,-1.228127,-1.477312,0.1213828,-6.703423,-3.357609,-3.235847,3.797216,8108
163.94,-62.40784,0,0,-1.22802,-1.468614,0.1366499,-6.200926,-3.425089,-3.285491,3.595323,8096
163.96,-63.3716,0,0,-1.227379,-1.46203,0.09084838,-6.598032,-3.425089,-3.299859,3.55873,8096
163.98,-62.65578,0,0,-1.232088,-1.46897,0.1366499,-6.949514,-3.425089,-3.304886,3.521013,8100
164,-49.72908,0,0,-1.226155,-1.467521,0.1366499,-7.112802,-3.290129,-3.195091,4.045142,8104
164.02,-61.8026,0,0,-1.221488,-1.463534,0.1519171,-5.939078,-3.425089,-3.273339,3.666037,8092
164.04,-64.03603,0,0,-1.220871,-1.451847,0.1519171,-6.382294,-3.425089,-3.295907,3.595234,8096
164.06,-57.52237,0,0,-1.220366,-1.452673,0.01451245,-6.903493,-3.357609,-3.248518,3.787387,8116
164.08,-56.66814,0,0,-1.234092,-1.464257,0.5488637,-6.553018,-3.357609,-3.237567,3.748947,8104
164.1,-92.75681,0,0,-1.288504,-1.510506,-0.0007547362,-6.113781,-3.762489,-3.570214,2.095812,8100
164.12,-24.32635,0,0,-1.336843,-1.541964,-1.466404,-9.252922,-3.02021,-3.062582,4.449362,8144
164.14,-48.09976,0,0,-1.326223,-1.563022,-1.695411,-4.46598,-3.357609,-3.18771,3.836168,8104
164.16,5.251129,0,0,-1.432034,-1.542502,-5.191597,-3.316182,-2.68281,-2.68878,5.857757,8116
164.18,-28.49622,0,0,-1.497887,-1.529727,3.739704,2.995575,-3.02021,-2.836748,4.735438,8080
164.2,15.85044,0,0,-1.161542,-1.233719,18.77788,2.902472,-2.345409,-2.287344,8.319571,8104
164.22,61.17007,0,0,-0.8935194,-0.9110576,15.23589,6.527045,-1.670609,-1.580911,11.34569,8036
164.24,86.23058,0,0,-0.5328293,-0.4728344,19.03742,12.44709,-1.06329,-0.8904903,13.98244,8020
164.26,-17.44323,0,0,0.02908752,0.08617595,29.11376,17.11734,-1.738089,-1.238891,11.98937,7976
164.28,18.87119,0,0,0.7480634,0.7360493,35.2359,7.582493,-0.7933693,-0.5614794,14.78741,8008
164.3,-58.52083,0,0,1.266072,1.119593,20.94582,3.136396,-1.33321,-0.8485523,11.39139,7960
164.32,-123.7393,0,0,1.399801,1.188164,1.648101,-8.244829,-1.738089,-1.337912,6.255198,7980
164.34,-41.38367,0,0,1.224841,0.9209657,-10.19923,-21.90809,-0.7933693,-0.799293,5.345695,8008
164.36,-23.30499,0,0,0.6231861,0.3161782,-32.22977,-20.91593,-0.7933693,-0.7595906,1.394881,7952
164.38,-11.94595,0,0,-0.2968804,-0.4095352,-45.32901,-15.63723,-0.7933693,-0.8603146,-2.570418,7972
164.4,-24.30647,0,0,-0.5787351,-0.771231,2.228254,-9.932839,-1.06329,-1.090283,-3.50195,7956
164.42,-53.33072,0,0,-0.6189108,-0.868187,-3.374801,-7.162726,-1.46817,-1.43837,-3.753882,7984
164.44,-41.14419,0,0,-0.4247264,-0.7674883,10.06032,-8.743974,-1.40069,-1.418378,-1.646254,7988
164.46,-62.57515,0,0,-0.4214322,-0.7527849,-2.962588,-8.633516,-1.738089,-1.67121,-1.993518,7972
164.48,29.81678,0,0,-0.6327659,-0.8342338,-7.344269,-10.05114,-0.7933693,-0.9917575,1.081379,8004
164.5,-21.67547,0,0,-0.6642787,-0.8665835,-3.374801,-1.581088,-1.46817,-1.335104,-0.1322139,7944
164.52,29.61285,0,0,-0.765816,-0.8079567,2.869475,-0.785774,-0.7933693,-0.8858316,2.279672,7992
164.54,54.24281,0,0,-0.2307139,-0.4218055,18.3046,3.453397,-0.4559698,-0.4063156,6.361867,7960
164.56,87.55983,0,0,-0.2349952,-0.1633103,5.678637,8.692177,0.15135,0.1834449,8.110578,7932
164.58,-2.91964,0,0,0.3529693,0.3385825,28.70154,13.74676,-0.5234499,-0.1575121,7.326505,7876
164.6,19.86525,0,0,0.8456655,0.847818,25.66338,6.440907,0.15135,0.2957812,9.290967,7932
164.62,63.30492,0,0,1.523713,1.350106,28.22826,1.842678,0.89363,1.040245,12.19099,7884
164.64,5.544758,0,0,1.511305,1.473323,-3.11526,2.966777,0.5562305,0.8766758,8.028448,7848
164.66,-57.77996,0,0,1.456496,1.438673,5.98398,-2.085365,0.15135,0.4233565,3.248983,7884
164.68,-90.48579,0,0,1.66902,1.398006,5.938179,-12.48737,-0.1185694,0.06583179,0.5370985,7904
164.7,16.31527,0,0,1.375475,1.071775,-15.17633,-21.81073,0.9611101,0.7721002,1.224963,7904
164.72,30.92052,0,0,0.7397928,0.5122973,-35.25267,-15.33063,0.89363,0.8262635,-1.689,7856
164.74,30.27899,0,0,0.03745596,0.01010799,-26.27557,-7.369561,0.8261509,0.7204579,-4.107956,7868
164.76,37.0626,0,0,0.2667974,0.07086772,8.396194,-2.569056,0.89363,0.8297691,-1.567324,7856
164.78,31.02806,0,0,0.4316115,0.2698355,8.625202,0.8403716,0.89363,0.8973394,-0.1116432,7876
164.8,14.10701,0,0,0.6651401,0.5255629,9.373294,1.771284,0.8261509,0.8856508,0.7074255,7864
164.82,8.82066,0,0,0.9195786,0.7724752,13.67864,-0.1229377,0.89363,0.9507942,1.473603,7864
164.84,-6.371666,0,0,1.18513,0.9786168,11.44963,-2.765749,0.8261509,0.9228361,1.467458,7876
164.86,-0.9980774,0,0,1.208042,1.022505,0.9152762,-6.200848,0.9611101,0.9956656,0.9032651,7860
164.88,-2.775322,0,0,1.238444,1.003137,1.358024,-8.054868,0.9611101,0.9997001,0.1711136,7860
164.9,26.76222,0,0,1.101063,0.9004027,-5.60381,-9.054461,1.298511,1.241894,0.1409279,7868
164.92,20.84135,0,0,1.057222,0.8360879,-1.54274,-6.580184,1.23103,1.245602,-0.435168,7848
164.94,15.94309,0,0,0.9513949,0.7852502,-3.374801,-5.213548,1.23103,1.229001,-1.079627,7832
164.96,12.80539,0,0,0.9783721,0.7974966,-0.5351062,-4.856522,1.23103,1.227601,-1.092019,7852
164.98,10.55983,0,0,0.9890655,0.8110378,1.541231,-4.971908,1.23103,1.225002,-1.211233,7844
165,9.389862,0,0,0.9732734,0.8035477,-2.229764,-5.238353,1.23103,1.217823,-1.445212,7856
165.02,9.014374,0,0,0.9846258,0.8014163,0.2435202,-5.564303,1.23103,1.215505,-1.515718,7836
165.04,9.117981,0,0,0.965776,0.7843314,-0.5809073,-5.766865,1.23103,1.210591,-1.684568,7852
165.06,9.417728,0,0,0.9738876,0.7788115,-0.5656406,-5.908095,1.23103,1.210631,-1.686288,7844
165.08,15.67073,0,0,0.966476,0.7733168,-0.1534266,-5.943158,1.298511,1.264314,-1.496133,7856
165.1,9.573498,0,0,0.9616205,0.769355,-0.2297625,-5.324326,1.23103,1.223756,-1.729417,7832
165.12,8.36134,0,0,0.975378,0.7807731,-0.1381594,-5.566157,1.23103,1.214329,-1.710576,7844
165.14,14.43002,0,0,0.9774082,0.7845711,0.07558119,-5.853943,1.298511,1.265618,-1.50303,7852
165.16,8.561455,0,0,0.9696618,0.7785178,-0.01602192,-5.417671,1.23103,1.223132,-1.772098,7836
165.18,1.824615,0,0,0.9671681,0.7744212,-0.09235785,-5.718081,1.16355,1.156102,-2.067731,7840
165.2,8.690742,0,0,0.9723502,0.7691189,0.02977964,-6.606923,1.23103,1.193525,-1.849065,7844
165.22,10.65572,0,0,0.9640771,0.7534511,-0.4893047,-6.479,1.23103,1.203907,-1.830653,7844
165.24,-109.056,0,0,0.9576348,0.6890058,0.06031401,-6.294205,-0.1185694,0.1136493,-6.617946,7840
165.26,17.54502,0,0,0.9488068,0.6357839,-0.3824344,-18.11391,1.23103,0.9148027,-2.335729,7920
165.28,-77.22955,0,0,0.8934036,0.4319871,-6.947322,-13.12158,-0.1185694,0.05151739,-6.356388,7844
165.3,50.22575,0,0,0.355453,0.1241332,-30.80993,-17.67976,1.23103,0.85498,-3.487223,7920
165.32,73.16425,0,0,0.2103813,-0.05439338,3.49543,-7.287166,1.23103,1.10053,-2.069916,7840
165.34,66.28339,0,0,0.09135066,-0.007061273,-14.97786,2.369182,1.23103,1.184114,-1.027824,7820
165.36,-74.66819,0,0,0.2548889,0.1913254,33.89239,7.510637,-0.1860495,0.09180488,-4.579882,7836
165.38,40.12765,0,0,0.7333753,0.5792622,20.83895,-4.60714,1.23103,1.00173,1.852897,7928
165.4,54.42524,0,0,1.049844,0.8019823,16.64047,-2.086831,1.298511,1.328966,3.437871,7840
165.42,-62.87627,0,0,0.899117,0.8030536,-14.09236,1.266859,0.15135,0.4354301,-1.97776,7832
165.44,-122.3991,0,0,0.4653534,0.502309,-4.962589,-7.221406,-0.4559698,-0.3847389,-7.233149,7900
165.46,-129.8684,0,0,0.9185107,0.4466446,10.09085,-20.08665,-0.7933693,-0.7930708,-6.767909,7924
165.48,-95.3225,0,0,0.6029128,0.04418074,-23.92443,-28.50911,-0.7933693,-0.9274121,-7.821461,7944
165.5,-53.02641,0,0,-0.2812954,-0.7094058,-49.42062,-27.99525,-0.7933693,-1.038371,-9.96606,7972
165.52,-94.00281,0,0,-1.395145,-1.619848,-57.06947,-20.04652,-1.738089,-1.899554,-14.92196,7984
165.54,-87.74306,0,0,-2.222278,-2.346519,-38.73359,-16.25401,-2.142969,-2.453334,-15.88292,7980
165.56,-2.745536,0,0,-2.57591,-2.730098,-6.336635,-11.75907,-1.738089,-2.186623,-11.08708,8032
165.58,-149.0505,0,0,-2.374002,-2.706683,-5.344268,-0.7272828,-3.762489,-3.602131,-12.35605,8020
165.6,-13.68974,0,0,-2.427416,-2.583686,8.380928,-7.886097,-2.412889,-2.827883,-4.873888,8128
165.62,-127.038,0,0,-1.918179,-2.324512,25.4649,-0.5442383,-4.03241,-3.79141,-4.929549,8060
165.64,-95.15676,0,0,-1.870837,-2.13735,6.136652,-7.302209,-3.695009,-3.748019,-2.196442,8160
165.66,-71.36859,0,0,-1.971905,-2.196218,-11.48168,-8.351284,-3.695009,-3.727112,-1.081477,8100
165.68,-53.90315,0,0,-2.201243,-2.340457,-15.22214,-5.966908,-3.695009,-3.719993,-0.4304852,8140
165.7,-41.76067,0,0,-2.376327,-2.438799,-11.90916,-2.054271,-3.695009,-3.703782,0.5229804,8144
165.72,-35.77187,0,0,-2.358392,-2.391691,2.060315,1.781167,-3.695009,-3.661499,2.157223,8136
165.74,23.97472,0,0,-2.235712,-2.206634,1.159551,4.654733,-3.02021,-3.065489,6.198306,8156
165.76,99.78815,0,0,-2.038029,-1.892994,7.06795,12.08762,-2.075489,-2.107958,11.22282,8128
165.78,130.8893,0,0,-1.686836,-1.375321,20.64047,23.67663,-1.40069,-1.275336,15.24106,8052
165.8,74.05687,0,0,-1.227468,-0.7201629,28.42673,33.05399,-1.46817,-1.102422,15.65522,7976
165.82,98.58385,0,0,-0.3963277,0.1381229,49.92293,31.05023,-0.5234499,-0.2694184,19.46096,7988
165.84,18.26585,0,0,0.7654159,1.082548,54.31987,28.57655,-0.7933693,-0.2234632,19.33741,7936
165.86,40.02458,0,0,1.717849,1.910233,47.95346,15.83123,0.15135,0.5300231,20.86448,7956
165.88,209.9095,0,0,2.426197,2.528391,36.01452,7.42738,2.58063,2.641778,26.56521,7896
165.9,70.3625,0,0,2.745189,2.872855,15.43436,17.76234,1.63591,2.338821,19.35515,7740
165.92,49.12011,0,0,2.687514,3.040775,-5.2832,10.56067,2.243231,2.582224,14.68794,7812
165.94,-254.8904,0,0,2.540097,2.74335,-7.145795,3.635144,-0.7933693,0.04040255,-2.231925,7764
165.96,-884.8507,0,0,2.647203,2.042204,10.65574,-32.61665,-7.811289,-6.394752,-32.40216,7960
165.98,-680.1642,0,0,2.71176,0.8341029,0.02977964,-120.3561,-6.596649,-7.132351,-32.99068,8404
166,-548.6724,0,0,2.406847,-1.075353,-17.2374,-156.8771,-7.608849,-8.019871,-34.84805,8316
166.02,-346.0626,0,0,1.279153,-2.89561,-69.11528,-163.9616,-7.27145,-7.871968,-31.05651,8352
166.04,-181.4105,0,0,-0.312386,-4.416565,-83.58857,-142.9466,-6.93405,-7.474867,-25.89333,8344
166.06,-145.9324,0,0,-1.950381,-5.464521,-87.55804,-107.099,-7.473888,-7.737761,-22.84099,8332
166.08,8.718815,0,0,-3.407004,-6.00796,-78.2756,-74.96256,-6.259249,-6.773667,-13.55618,8364
166.1,262.6958,0,0,-4.761655,-6.21738,-68.80994,-33.59902,-3.762489,-4.469741,0.3063455,8256
166.12,255.5016,0,0,-5.818391,-6.025567,-26.1687,22.77424,-3.695009,-3.784775,5.770239,8132
166.14,-44.22746,0,0,-5.173684,-4.797965,30.64048,57.5592,-6.191769,-5.456139,5.317338,8132
166.16,-161.9892,0,0,-4.322062,-3.518094,40.76262,47.54379,-6.664129,-6.227489,7.076963,8280
166.18,-150.3366,0,0,-2.752908,-2.366347,76.33515,24.12099,-6.326729,-6.027127,12.7847,8288
166.2,-208.4041,0,0,-1.555631,-1.638469,68.35041,5.847261,-6.93405,-6.396077,12.61835,8288
166.22,-121.272,0,0,-1.297323,-1.503091,-2.214496,-13.13132,-5.92185,-5.739406,13.49999,8316
166.24,-130.1216,0,0,-2.518816,-2.390679,-64.22978,-13.65089,-6.259249,-6.06821,5.024635,8260
166.26,7.943008,0,0,-3.764479,-3.396713,-70.03131,-10.97341,-4.977129,-5.263845,4.3292,8264
166.28,-135.5387,0,0,-4.877164,-4.353041,-43.87863,8.097472,-6.93405,-6.702337,-4.591581,8192
166.3,37.89709,0,0,-3.85141,-3.866995,47.15956,3.97454,-4.977129,-5.251198,9.06143,8316
166.32,-22.52148,0,0,-2.999966,-3.165151,43.73972,16.17545,-5.65193,-5.261109,12.31214,8232
166.34,-6.484451,0,0,-2.392726,-2.373226,23.34276,16.29452,-4.977129,-4.682041,16.43327,8236
166.36,-93.87012,0,0,-2.157794,-1.949677,22.3504,16.97716,-5.58445,-5.069688,13.29256,8208
166.38,-74.70769,0,0,-1.19804,-1.282539,40.48781,5.785029,-4.977129,-4.622397,16.5059,8264
166.4,-36.88756,0,0,-0.5706483,-0.8148162,31.54124,-1.697689,-4.30233,-3.959474,18.23604,8212
166.42,-87.80714,0,0,-0.3140249,-0.6034995,11.06795,-3.800824,-4.572248,-4.057513,14.96359,8168
166.44,-155.1193,0,0,-0.5328033,-0.7451798,-14.53511,-9.895946,-5.044609,-4.583972,8.773015,8196
166.46,-64.81528,0,0,-1.079682,-1.215696,-28.22977,-19.12028,-4.03241,-4.032104,7.346855,8224
166.48,-74.75143,0,0,-1.671943,-1.831416,-33.32901,-14.34002,-4.36981,-4.23263,3.261065,8164
166.5,30.55219,0,0,-2.367855,-2.347475,-31.68015,-9.889318,-3.290129,-3.475826,4.655849,8176
166.52,-82.52168,0,0,-2.512167,-2.54179,5.052682,4.21341,-4.639729,-4.332232,1.093053,8116
166.54,-43.25197,0,0,-2.257757,-2.30568,7.495431,1.592024,-4.03241,-4.009115,4.868466,8196
166.56,-64.43497,0,0,-2.174508,-2.188921,1.388559,3.479584,-4.30233,-4.129054,4.765981,8160
166.58,6.902542,0,0,-1.880023,-1.925803,18.442,1.809139,-3.425089,-3.413793,9.086867,8164
166.6,-50.88901,0,0,-1.565756,-1.647249,15.02215,6.888753,-3.96493,-3.63143,8.383357,8124
166.62,10.84583,0,0,-1.509236,-1.430086,2.823674,4.241878,-3.02021,-2.956618,10.71278,8148
166.64,-39.66763,0,0,-1.101288,-1.137277,21.61757,7.459187,-3.425089,-3.078464,10.05468,8092
166.66,-97.9964,0,0,-0.6513754,-0.777675,16.06032,3.080386,-3.762489,-3.372747,8.769816,8104
166.68,-23.16412,0,0,-0.4203055,-0.5813793,10.70154,-6.444472,-2.75029,-2.661616,10.86634,8144
166.7,-51.89812,0,0,-0.3042808,-0.5552561,2.945811,-5.656196,-3.02021,-2.718053,8.740556,8072
166.72,-66.18173,0,0,-0.5599438,-0.7026626,-15.1,-7.35035,-3.02021,-2.810697,5.846779,8100
166.74,-68.03113,0,0,-0.7910473,-0.9313969,-3.634344,-9.235871,-3.02021,-2.887303,3.70602,8104
166.76,12.6614,0,0,-0.7029946,-0.9682214,2.640467,-10.76588,-2.142969,-2.181403,6.723626,8076
166.78,17.17817,0,0,-0.8072733,-1.006501,-8.275566,-3.310861,-2.075489,-1.952042,6.611891,8036
166.8,0.5624466,0,0,-1.025643,-1.025091,-1.893885,2.734302,-2.075489,-1.931823,5.451722,8044
166.82,-138.748,0,0,-0.5612288,-0.751039,25.67864,3.663008,-3.425089,-2.964363,2.115548,8052
166.84,-55.55724,0,0,-0.2225648,-0.4951924,14.91528,-10.77426,-2.345409,-2.357102,5.591992,8108
166.86,-50.6753,0,0,0.039595,-0.4224725,12.6252,-12.8167,-2.412889,-2.237023,5.637209,8052
166.88,-134.2579,0,0,-0.02063798,-0.4978264,-5.298466,-13.63132,-3.290129,-2.948284,1.27301,8068
166.9,-23.25529,0,0,-0.3866725,-0.7538611,-22.35191,-21.47862,-2.075489,-2.223126,2.978031,8120
166.92,-1.122547,0,0,-0.9651463,-1.221564,-25.46641,-13.76253,-2.075489,-2.090382,1.272071,8036
166.94,-7.309685,0,0,-1.068893,-1.32754,-9.87862,-5.917763,-2.142969,-2.083308,1.771403,8028
166.96,-5.733231,0,0,-1.430459,-1.44628,-16.2603,-0.2546985,-2.075489,-2.059713,1.336717,8084
166.98,-125.8108,0,0,-1.065824,-1.252601,26.51834,2.593108,-3.357609,-3.019885,-0.8899539,8040
167,-54.95052,0,0,-0.5788268,-0.9061916,21.69391,-9.011696,-2.48037,-2.506429,3.739647,8092
167.02,-37.20171,0,0,-0.4638918,-0.8348938,2.151918,-10.01756,-2.412889,-2.313819,4.323553,8068
167.04,-38.27352,0,0,-0.6877231,-0.9359942,-14.91679,-8.295628,-2.412889,-2.306062,3.134867,8044
167.06,-42.59229,0,0,-1.223345,-1.251511,-24.73359,-5.730645,-2.48037,-2.436291,0.6299778,8052
167.08,-150.972,0,0,-1.343545,-1.459598,4.380926,-4.119794,-3.762489,-3.503271,-3.867164,8040
167.1,-50.55431,0,0,-1.241619,-1.489592,4.41146,-14.12405,-2.75029,-2.930661,0.3915198,8132
167.12,-24.75134,0,0,-1.270852,-1.59956,-7.496941,-10.52617,-2.75029,-2.750216,1.589226,8068
167.14,-21.43594,0,0,-1.463804,-1.672085,-10.1229,-4.929483,-2.75029,-2.704233,1.903246,8076
167.16,-25.6643,0,0,-1.329595,-1.532608,11.63284,-1.205339,-2.75029,-2.653158,3.362766,8072
167.18,-33.58672,0,0,-1.194617,-1.345322,7.480164,0.4232929,-2.75029,-2.620823,4.2466,8072
167.2,-40.08098,0,0,-1.270933,-1.294069,-2.94732,0.8502906,-2.75029,-2.637115,3.776622,8076
167.22,-45.17395,0,0,-1.014971,-1.129825,12.5336,-0.2577258,-2.75029,-2.612005,4.637218,8080
167.24,-51.41335,0,0,-0.7727628,-0.952664,10.06032,-2.252319,-2.75029,-2.58696,5.123409,8092
167.26,-57.57758,0,0,-0.6119099,-0.8314613,6.762606,-4.733516,-2.75029,-2.580282,5.01193,8080
167.28,-61.585,0,0,-0.5680843,-0.8055491,2.151918,-7.184729,-2.75029,-2.594698,4.343524,8068
167.3,-55.89157,0,0,-0.665889,-0.8908788,-4.214497,-8.959868,-2.68281,-2.573292,3.481163,8076
167.32,-52.74878,0,0,-0.8345646,-1.043941,-6.947322,-9.0673,-2.68281,-2.594702,2.470949,8064
167.34,-55.04397,0,0,-0.9550496,-1.174101,-7.298466,-8.434295,-2.75029,-2.664459,1.783455,8056
167.36,-45.58731,0,0,-1.001885,-1.23959,-2.382435,-8.057924,-2.68281,-2.623323,2.079148,8064
167.38,-48.85823,0,0,-1.00368,-1.25558,0.8084057,-6.82436,-2.75029,-2.656373,2.197631,8060
167.4,-42.73247,0,0,-0.9998378,-1.238749,1.129017,-6.32975,-2.68281,-2.603907,2.70567,8080
167.42,-48.75641,0,0,-0.9930687,-1.218389,0.2282531,-5.409822,-2.75029,-2.640579,2.700773,8084
167.44,-49.53521,0,0,-1.041191,-1.226553,-1.909152,-5.278688,-2.75029,-2.657338,2.56989,8076
167.46,-48.96557,0,0,-1.012965,-1.21213,0.4114593,-5.345047,-2.75029,-2.655524,2.786757,8068
167.48,-48.64087,0,0,-1.00103,-1.200133,-0.2908313,-5.369671,-2.75029,-2.652543,2.894858,8080
167.5,-48.95029,0,0,-0.9511991,-1.167655,1.464895,-5.496531,-2.75029,-2.644425,3.128447,8068
167.52,-49.65954,0,0,-0.9385464,-1.150093,0.5641309,-5.659967,-2.75029,-2.642756,3.133867,8064
167.54,-44.18828,0,0,-0.9317114,-1.139733,0.1824515,-5.860572,-2.68281,-2.588943,3.334758,8072
167.56,-44.70746,0,0,-0.9347059,-1.136851,-1.023656,-5.436533,-2.68281,-2.576619,3.284735,8060
167.58,-76.03025,0,0,-0.9620563,-1.159525,-0.01602192,-5.162689,-3.02021,-2.852722,1.901201,8064
167.6,8.426895,0,0,-0.9133154,-1.118527,-0.5809073,-8.191957,-2.075489,-2.15476,5.292218,8088
167.62,-19.70673,0,0,-0.8795121,-1.085939,-2.153427,-1.803258,-2.412889,-2.233423,4.614772,8032
167.64,26.01695,0,0,-0.9196156,-0.9870271,-0.06182348,-0.233748,-1.738089,-1.72364,6.560908,8068
167.66,-17.54588,0,0,-0.5211428,-0.6853936,21.44963,4.255841,-2.075489,-1.814913,6.851475,8028
167.68,43.12596,0,0,-0.36532,-0.4032393,8.701538,2.369481,-1.13077,-1.092136,9.589577,8008
167.7,-22.5077,0,0,-0.1253068,-0.1737419,19.98398,6.41696,-1.670609,-1.34326,7.541749,7972
167.72,28.9348,0,0,0.05236848,0.06365526,7.816042,1.955304,-0.7933693,-0.727564,9.368243,8008
167.74,-16.47224,0,0,0.3261001,0.2541811,17.93818,3.289358,-1.13077,-0.8441706,7.675372,7956
167.76,-70.89091,0,0,0.6158775,0.4567947,6.151919,-1.345653,-1.46817,-1.161426,5.448819,7976
167.78,-105.449,0,0,0.6862769,0.4449553,5.739706,-10.2561,-1.738089,-1.509787,2.391096,7996
167.8,-105.2716,0,0,0.6798334,0.2632175,-3.832817,-19.68912,-1.805569,-1.689687,0.3235385,8028
167.82,-80.08908,0,0,0.2462964,-0.1982669,-23.02366,-24.6802,-1.738089,-1.749511,-2.062261,8028
167.84,-60.50859,0,0,-0.4021961,-0.804185,-33.23741,-23.47973,-1.805569,-1.880528,-4.466153,8016
167.86,-29.52262,0,0,-1.002023,-1.336678,-30.76412,-18.78093,-1.738089,-1.884846,-5.028024,8036
167.88,-13.02518,0,0,-1.59631,-1.776847,-29.06947,-10.6448,-1.805569,-1.952544,-5.254889,8000
167.9,91.57066,0,0,-1.800734,-1.871512,-4.260297,-2.705168,-0.7933693,-1.104257,0.2953354,8004
167.92,90.89993,0,0,-1.594591,-1.586603,11.19009,12.6506,-0.7933693,-0.7913179,3.987209,7952
167.94,36.82086,0,0,-1.29147,-1.072222,18.22826,21.84834,-1.06329,-0.8808521,5.371272,7944
167.96,2.128113,0,0,-0.5647072,-0.3591733,45.29697,20.28223,-1.06329,-0.840283,7.752239,7952
167.98,-33.73293,0,0,0.3617954,0.3805093,47.15956,12.85679,-1.13077,-0.8227075,9.366926,7976
168,-83.88982,0,0,1.110183,0.9257132,35.81605,1.868296,-1.40069,-1.023017,8.40497,7980
168.02,-75.14211,0,0,1.412753,1.101027,10.5336,-11.57945,-1.13077,-0.9086066,7.018775,8008
168.04,-72.92834,0,0,1.150259,0.8082047,-17.63435,-19.01116,-1.13077,-0.9797787,3.116067,7980
168.06,-31.03494,0,0,0.4468652,0.193314,-39.75649,-21.65078,-0.7933693,-0.8450742,-0.1381158,7988
168.08,-94.88539,0,0,-0.3595406,-0.5524601,-37.23741,-16.77895,-1.738089,-1.659708,-6.586718,7968
168.1,-51.08839,0,0,-0.7891391,-1.039121,-24.0313,-18.48514,-1.46817,-1.659923,-6.295162,8012
168.12,-20.71299,0,0,-1.054511,-1.366941,-11.93969,-14.25114,-1.46817,-1.624746,-5.103415,8032
168.14,-3.045229,0,0,-1.284826,-1.527743,-13.98549,-7.571389,-1.46817,-1.582088,-3.574908,8012
168.16,5.40596,0,0,-1.469139,-1.568069,-7.099994,-0.7392424,-1.46817,-1.545764,-2.081039,7992
168.18,-18.28715,0,0,-1.296568,-1.379187,12.82368,4.192665,-1.738089,-1.692839,-0.49692,7980
168.2,-31.18834,0,0,-0.8824379,-1.011727,17.09849,3.858156,-1.805569,-1.717262,1.845013,8000
168.22,57.11438,0,0,-0.3886794,-0.5581535,24.02979,0.9157907,-0.7258892,-0.7927379,7.731158,8020
168.24,44.06337,0,0,-0.1260268,-0.218664,10.86948,6.986055,-0.7258892,-0.5397063,8.511736,7956
168.26,6.297314,0,0,0.1247461,0.1327488,17.6023,8.866728,-0.7933693,-0.5406968,7.939763,7968
168.28,-18.7232,0,0,0.8559271,0.6769364,28.3504,4.11558,-0.7258892,-0.4408319,9.126398,7944
168.3,-47.56584,0,0,1.022214,0.8792568,9.022148,-2.276469,-0.7933693,-0.5269469,6.737444,7940
168.32,-84.63316,0,0,1.26,0.9492077,8.991614,-10.24055,-1.06329,-0.7979849,4.083428,7956
168.34,-60.56604,0,0,1.023861,0.6972831,-14.61145,-18.65937,-0.7933693,-0.7330282,1.726694,7968
168.36,-134.7737,0,0,0.4194666,0.09755571,-29.81756,-20.15559,-1.805569,-1.631428,-5.373615,7964
168.38,-22.05288,0,0,-0.1067049,-0.4642884,-25.25267,-26.87848,-0.7933693,-1.094842,-3.972019,8004
168.4,-45.03812,0,0,-0.7058435,-1.069275,-32.85572,-18.11881,-1.46817,-1.515643,-6.790202,7952
168.42,-57.43916,0,0,-1.290515,-1.518836,-19.57328,-12.76371,-1.805569,-1.91161,-8.136297,7988
168.44,-40.31636,0,0,-0.8759683,-1.379802,12.3962,-11.41934,-1.805569,-1.878477,-3.764278,8004
168.46,-23.57823,0,0,-0.8236774,-1.251295,-3.22213,-8.963995,-1.738089,-1.770204,-1.393036,8008
168.48,-18.52504,0,0,-0.9587573,-1.219577,4.808407,-5.291508,-1.738089,-1.740734,-0.5542691,8012
168.5,-42.73216,0,0,-0.817173,-1.074244,6.900011,-2.755179,-2.008009,-1.913,0.1582569,8008
168.52,70.05058,0,0,-0.8605913,-0.9603595,0.3198562,-3.324521,-0.7258892,-0.9239214,4.98911,8036
168.54,60.30664,0,0,-0.6553451,-0.7317256,6.533598,7.092482,-0.7933693,-0.6779914,6.50668,7960
168.56,-118.8606,0,0,-0.5705503,-0.5120443,8.884744,12.5692,-2.48037,-1.991721,0.4902254,7952
168.58,-28.30439,0,0,0.31466,0.07879364,42.91529,-4.358674,-1.19825,-1.217157,6.900483,8040
168.6,-13.52612,0,0,0.8833832,0.4276989,26.68628,-8.280806,-1.06329,-0.868921,8.334174,7980
168.62,-5.241085,0,0,0.8802774,0.5165812,-4.122893,-9.511071,-0.7933693,-0.6153921,7.339945,7976
168.64,-105.3789,0,0,0.2524503,0.1373997,-29.0084,-7.880293,-1.805569,-1.50411,-0.5887804,7960
168.66,-65.7215,0,0,-0.2148277,-0.3042503,-5.206864,-15.45438,-1.40069,-1.48755,-2.268586,8028
168.68,-138.551,0,0,-0.029451,-0.5118163,1.953444,-16.93909,-2.48037,-2.29457,-4.80365,7984
168.7,-53.68918,0,0,-0.4639014,-0.8757924,-20.22977,-23.93578,-1.738089,-1.947089,-3.688113,8048
168.72,-49.88686,0,0,-0.9172195,-1.330636,-28.0313,-18.62742,-2.075489,-2.138077,-4.916444,8016
168.74,-145.58,0,0,-1.395517,-1.738239,-20.42824,-13.30155,-3.357609,-3.233175,-9.33302,8044
168.76,-116.8951,0,0,-1.640156,-2.007089,-7.191597,-18.57693,-3.290129,-3.441895,-8.153172,8096
168.78,-173.6711,0,0,-1.789161,-2.294116,-9.77175,-18.74862,-4.36981,-4.319553,-9.881879,8112
168.8,-193.8966,0,0,-1.946634,-2.55238,-16.24504,-24.09382,-4.977129,-4.996265,-10.19804,8172
168.82,-232.2572,0,0,-2.261999,-2.956058,-16.76412,-28.78573,-5.92185,-5.909673,-12.04396,8236
168.84,-300.9417,0,0,-2.560842,-3.42628,-17.55801,-34.90347,-7.27145,-7.196419,-14.88201,8272
168.86,-148.4598,0,0,-2.976161,-3.927226,-22.38244,-44.46954,-6.259249,-6.670844,-9.408708,8336
168.88,144.269,0,0,-3.756276,-4.474562,-54.7794,-32.77746,-3.762489,-4.482515,1.668523,8268
168.9,184.6522,0,0,-5.00261,-4.96894,-64.9168,8.379738,-3.627529,-3.826318,3.685071,8144
168.92,-149.6692,0,0,-6.299551,-5.343833,-58.71833,43.42139,-7.06901,-6.527522,-8.795206,8140
168.94,-7.450821,0,0,-6.960053,-5.455422,-6.68778,35.11305,-5.314529,-5.859592,-2.796761,8328
168.96,-116.8636,0,0,-5.438453,-4.7357,57.81606,39.64762,-6.93405,-6.67582,2.076346,8260
168.98,159.7781,0,0,-4.369551,-3.714407,53.03743,28.65754,-3.695009,-4.115406,18.92383,8336
169,-0.4241638,0,0,-3.403745,-2.819814,51.86186,46.10925,-5.314529,-4.644917,17.93802,8152
169.02,68.44276,0,0,-2.341442,-1.653798,58.60995,38.35528,-3.695009,-3.43251,24.92361,8220
169.04,-665.7364,0,0,-0.8671007,-0.7901912,69.7092,34.87683,-11.32025,-9.21841,-0.2606273,8128
169.06,57.58502,0,0,0.5926079,0.1394535,72.28934,-45.40491,-2.75029,-3.800728,26.95069,8592
169.08,99.65263,0,0,1.76979,0.3827994,58.35041,-29.39617,-3.08769,-2.529623,28.85592,8068
169.1,-894.7179,0,0,1.781088,0.302593,-16.10763,-15.57436,-13.34465,-10.61692,-12.07776,8080
169.12,-848.0914,0,0,1.214236,-0.5146812,-24.74886,-105.3577,-12.53489,-12.35817,-21.14909,8692
169.14,-674.7686,0,0,0.7996264,-2.455615,-17.13053,-159.0361,-12.80481,-13.03412,-24.85973,8656
169.16,-520.787,0,0,0.7759205,-3.948509,-0.3977011,-176.4679,-13.07473,-13.19861,-20.82901,8680
169.18,-500.8558,0,0,0.2180814,-5.034902,-31.35954,-170.435,-14.22189,-13.99851,-19.58786,8692
169.2,-437.6947,0,0,-1.343202,-6.204779,-96.99315,-159.592,-14.49181,-14.4326,-19.04176,8768
169.22,612.7012,0,0,-3.346172,-7.066102,-92.56567,-138.8826,-3.695009,-5.844664,20.55129,8748
169.24,645.0928,0,0,-4.914892,-7.173696,-79.28322,-13.98664,-3.627529,-3.439761,29.37909,8104
169.26,-494.8397,0,0,-6.24243,-6.410886,-60.09238,75.34459,-14.22189,-11.50578,-6.808297,8124
169.28,-630.0174,0,0,-7.195768,-6.039552,-43.9855,21.89423,-14.22189,-13.92308,-14.67091,8752
169.3,-497.1222,0,0,-7.459051,-6.960528,-3.649611,-26.78201,-14.15441,-14.53677,-15.17959,8744
169.32,-305.8014,0,0,-7.168644,-7.792222,7.373293,-46.1557,-13.68205,-14.10399,-7.523213,8752
169.34,-204.7957,0,0,-7.365585,-8.374567,-53.10001,-38.79297,-13.68205,-13.82129,-1.658678,8712
169.36,-139.539,0,0,-9.226452,-9.426582,-102.8252,-18.19214,-13.61457,-13.80022,-2.535652,8712
169.38,-128.0026,0,0,-10.91237,-10.40204,-71.49696,7.260109,-14.01945,-14.17896,-3.402926,8728
169.4,-97.68338,0,0,-11.08518,-10.44686,55.75499,26.29533,-14.01945,-14.109,3.637383,8752
169.42,-27.90759,0,0,-10.6292,-9.836452,41.99926,40.90714,-13.34465,-13.34974,14.14146,8740
169.44,17.29663,0,0,-8.70504,-8.194425,83.55653,52.2143,-12.53489,-12.16435,28.90889,8700
169.46,-49.02692,0,0,-6.767938,-6.254441,100.8848,58.31358,-12.46741,-11.60262,36.76985,8656
169.48,658.0729,0,0,-7.600407,-5.539614,93.92295,58.0433,-3.695009,-4.665524,59.89982,8652
169.5,146.2577,0,0,-6.080761,-4.138843,63.80079,124.4469,-8.41861,-6.52808,48.59557,8116
169.52,-235.6077,0,0,-4.622644,-2.203665,70.79316,112.0734,-10.17309,-8.530516,38.14414,8404
169.54,-334.0381,0,0,-3.270513,-1.192169,67.31225,60.59692,-10.17309,-9.216558,30.77222,8504
169.56,-339.511,0,0,-2.070643,-1.041024,65.55652,12.52034,-10.17309,-9.478249,24.67797,8512
169.58,-296.1177,0,0,-0.396205,-0.8243853,76.76263,-24.84259,-9.83569,-9.181835,24.47224,8508
169.6,-346.294,0,0,0.04377994,-1.105134,0.2435202,-46.77765,-10.51049,-9.709858,17.15836,8492
169.62,-428.6915,0,0,-1.196311,-2.35588,-80.65726,-63.05412,-11.65765,-11.04095,2.797203,8524
169.64,-136.3048,0,0,-2.661036,-3.87262,-79.84811,-77.46066,-9.025928,-9.440192,4.496994,8616
169.66,-80.21965,0,0,-3.918822,-5.193141,-71.05421,-53.39761,-9.228369,-9.210853,2.420003,8436
169.68,427.7114,0,0,-5.178059,-5.746279,-71.54276,-27.14363,-3.695009,-4.698153,21.62806,8452
169.7,413.3892,0,0,-6.245585,-5.770955,-53.29848,44.98426,-3.627529,-3.463436,24.47551,8136
169.72,276.2411,0,0,-6.201732,-4.631909,21.3275,91.49503,-3.695009,-3.170082,27.11692,8124
169.74,24.95465,0,0,-5.323055,-3.124484,33.75499,105.5972,-5.044609,-4.178927,24.01284,8144
169.76,-374.863,0,0,-4.365358,-2.11802,55.37331,85.97743,-8.48609,-7.298858,9.758062,8220
169.78,-448.1428,0,0,-2.506591,-1.319806,83.40385,26.77875,-9.025928,-8.485391,7.592606,8432
169.8,-263.7006,0,0,-0.7594821,-0.9664086,78.48782,-25.16761,-7.541368,-7.469737,13.88766,8480
169.82,-185.8782,0,0,0.580339,-0.7658701,60.80843,-44.99242,-7.20397,-6.795295,16.98148,8392
169.84,-179.7881,0,0,0.2359159,-1.148769,-46.50459,-49.47007,-7.20397,-6.732968,12.22524,8372
169.86,-179.2408,0,0,-1.067578,-2.104727,-62.76413,-48.08245,-7.27145,-6.988467,4.521235,8332
169.88,-150.8725,0,0,-2.175717,-3.075927,-59.58856,-43.65051,-7.20397,-7.11726,0.422083,8340
169.9,-34.36203,0,0,-3.403028,-4.006559,-65.7565,-33.93894,-6.259249,-6.475413,0.9073069,8328
169.92,108.1507,0,0,-4.464972,-4.663687,-50.32138,-12.22187,-4.977129,-5.300647,5.160018,8272
169.94,-81.20059,0,0,-4.229612,-4.424647,24.19773,16.10378,-7.00153,-6.482117,3.555597,8204
169.96,-150.7488,0,0,-3.392882,-3.557608,40.51834,13.38228,-7.27145,-6.88398,7.121753,8316
169.98,-105.321,0,0,-2.500519,-2.779795,43.92293,1.780346,-6.596649,-6.363916,12.52778,8316
170,-54.7261,0,0,-1.671019,-2.135541,36.85422,-3.905355,-5.92185,-5.619726,17.02744,8288
170.02,-112.0449,0,0,-1.615889,-1.929699,-14.53511,-3.020959,-6.326729,-5.81803,13.71852,8268
170.04,-4.142075,0,0,-2.960816,-2.575112,-65.11527,-4.448825,-4.977129,-5.040519,10.46979,8304
170.06,-133.4583,0,0,-4.090504,-3.478336,-48.85573,8.759915,-6.596649,-6.287644,0.2997727,8196
170.08,-85.55867,0,0,-3.02215,-3.095151,49.67865,1.886288,-5.989328,-5.912235,7.586062,8308
170.1,-139.8589,0,0,-2.097269,-2.527465,45.2359,-0.6240416,-6.596649,-6.17127,9.431066,8252
170.12,14.89229,0,0,-1.872603,-2.177745,17.95345,-8.464684,-4.707209,-4.728146,15.64864,8284
170.14,-100.1666,0,0,-1.9389,-2.147732,-22.09237,1.906392,-5.92185,-5.374848,10.41349,8184
170.16,-40.612,0,0,-2.596603,-2.386123,-39.90916,-0.9279692,-4.977129,-4.921614,9.231077,8284
170.18,-93.29366,0,0,-3.201635,-2.851596,-14.42824,4.92104,-5.65193,-5.435348,4.110276,8224
170.2,-18.03976,0,0,-2.073115,-2.311318,35.87712,0.594367,-4.707209,-4.61512,12.31258,8244
170.22,-79.44885,0,0,-1.707245,-1.934788,18.80841,4.050672,-5.247049,-4.813485,11.29318,8192
170.24,66.55202,0,0,-1.334415,-1.489363,16.09085,-0.8760331,-3.290129,-3.284422,17.93712,8236
170.26,-144.0898,0,0,-0.9380497,-1.165271,17.93818,9.136884,-5.38201,-4.571655,10.73187,8104
170.28,-91.92894,0,0,-0.6758571,-0.8474312,8.350393,-6.286386,-4.30233,-4.090951,12.0029,8252
170.3,-13.60039,0,0,-0.4897882,-0.795562,20.15192,-11.86388,-3.425089,-3.287645,13.45246,8176
170.32,-165.2331,0,0,-0.2338572,-0.7407491,12.42673,-8.548433,-4.977129,-4.335279,7.215901,8092
170.34,-100.3954,0,0,-0.3947592,-0.8318944,-9.817552,-21.18896,-4.03241,-3.928401,7.097878,8212
170.36,-112.8044,0,0,-0.9142327,-1.329753,-28.33664,-21.60847,-4.36981,-4.185781,2.676212,8180
170.38,-14.96705,0,0,-1.540895,-1.851276,-36.70306,-21.1257,-3.425089,-3.558392,3.376417,8188
170.4,3.558807,0,0,-2.29379,-2.396809,-34.04657,-8.599411,-3.425089,-3.448696,1.812837,8120
170.42,0.8845215,0,0,-2.352127,-2.429616,3.556499,1.999981,-3.425089,-3.368777,3.490209,8108
170.44,-40.78875,0,0,-2.264443,-2.239325,9.816042,8.539031,-3.762489,-3.583769,3.883293,8132
170.46,7.417236,0,0,-1.453514,-1.60537,47.00689,6.415759,-3.02021,-2.925631,10.12639,8128
170.48,-50.9474,0,0,-0.6393827,-0.9209178,38.85422,7.328566,-3.425089,-3.004625,11.31069,8076
170.5,-84.89816,0,0,-0.1554774,-0.4159601,19.25116,0.4079745,-3.425089,-3.039347,10.81025,8104
170.52,-91.84254,0,0,0.1650539,-0.1749907,13.09848,-8.73176,-3.290129,-2.975765,9.694906,8124
170.54,-105.0685,0,0,0.1728316,-0.2367483,-2.077091,-15.66392,-3.357609,-3.076108,6.859679,8100
170.56,-108.5572,0,0,-0.2134302,-0.6051015,-20.58091,-20.54333,-3.425089,-3.249318,3.077099,8104
170.58,-93.45294,0,0,-0.8655948,-1.196442,-33.83283,-22.198,-3.425089,-3.386925,-0.3434615,8112
170.6,-70.85543,0,0,-1.448213,-1.768243,-25.64962,-19.92262,-3.425089,-3.464783,-2.017971,8092
170.62,-50.47285,0,0,-1.767431,-2.114602,-17.32901,-15.00406,-3.425089,-3.46804,-1.579405,8096
170.64,-37.35478,0,0,-1.976587,-2.269078,-7.878621,-8.935555,-3.425089,-3.440954,-0.4069318,8108
170.66,-57.00957,0,0,-1.89746,-2.186194,8.503064,-3.737374,-3.695009,-3.596676,0.8177291,8124
170.68,-59.07521,0,0,-1.741586,-1.993873,8.625202,-2.717679,-3.695009,-3.59679,2.558323,8116
170.7,23.62161,0,0,-1.537754,-1.746119,11.69391,-2.794954,-2.75029,-2.798728,7.348609,8128
170.72,-98.56939,0,0,-1.329886,-1.529926,7.098485,4.735198,-4.03241,-3.601463,4.109065,8064
170.74,-34.14271,0,0,-1.271748,-1.341591,4.258789,-2.773793,-3.08769,-3.074113,6.610586,8140
170.76,-26.87511,0,0,-0.8896354,-1.125957,29.11376,-2.392699,-3.02021,-2.84042,8.05392,8096
170.78,-42.48756,0,0,-0.5968699,-0.8704357,10.28932,-2.308768,-3.02021,-2.765445,8.323133,8088
170.8,-56.03277,0,0,-0.8668396,-0.9348832,-12.84045,-3.184756,-3.02021,-2.828003,5.775318,8112
170.82,-64.74773,0,0,-1.160799,-1.154456,-10.1229,-4.309593,-3.08769,-2.962453,3.331395,8104
170.84,-59.16308,0,0,-0.7119976,-1.013964,18.50307,-7.111243,-3.02021,-2.873893,5.069947,8088
170.86,-61.68453,0,0,-0.6323974,-0.9562921,2.655735,-8.69196,-3.02021,-2.853602,4.790858,8120
170.88,-61.269,0,0,-1.029788,-1.183773,-15.25267,-8.916998,-3.02021,-2.922109,2.536765,8100
170.9,-62.2785,0,0,-1.137321,-1.340102,1.312223,-8.647493,-3.08769,-3.000887,1.88903,8060
170.92,-51.7347,0,0,-1.128579,-1.38961,-3.176328,-8.528448,-3.02021,-2.950934,2.462353,8084
170.94,-47.44521,0,0,-1.289139,-1.488006,-10.97786,-6.912519,-3.02021,-2.950562,2.168119,8096
170.96,-51.45158,0,0,-1.294189,-1.502593,5.938179,-5.35371,-3.08769,-2.992364,2.387069,8092
170.98,-52.17341,0,0,-1.165777,-1.413765,3.846575,-5.070566,-3.08769,-2.976705,3.259514,8084
171,-46.50246,0,0,-1.252957,-1.41976,-2.611443,-4.736799,-3.02021,-2.932688,3.230541,8080
171.02,-52.65513,0,0,-1.207004,-1.389734,0.8389403,-4.071715,-3.08769,-2.966771,3.333509,8084
171.04,-47.79893,0,0,-1.233626,-1.383532,-2.214496,-4.181427,-3.02021,-2.926437,3.463147,8088
171.06,-54.18873,0,0,-1.171036,-1.347328,1.983979,-3.946123,-3.08769,-2.961025,3.526734,8088
171.08,-55.78996,0,0,-1.144889,-1.319491,1.159551,-4.52288,-3.08769,-2.969832,3.53597,8076
171.1,-55.96268,0,0,-1.130694,-1.31111,1.358024,-5.119977,-3.08769,-2.973559,3.482165,8076
171.12,-49.4317,0,0,-1.149241,-1.325023,-1.008389,-5.481167,-3.02021,-2.92461,3.557929,8084
171.14,-48.86704,0,0,-1.162088,-1.338875,-0.7946484,-5.020154,-3.02021,-2.912925,3.509129,8092
171.16,-55.70413,0,0,-1.16101,-1.339106,-0.596175,-4.660006,-3.08769,-2.963894,3.274404,8088
171.18,-50.67327,0,0,-1.122227,-1.313959,1.831307,-5.214239,-3.02021,-2.917947,3.623171,8104
171.2,-51.03709,0,0,-1.075472,-1.283323,1.907643,-5.214725,-3.02021,-2.90072,3.774669,8092
171.22,-52.35323,0,0,-1.096583,-1.283671,-0.06182348,-5.205152,-3.02021,-2.903157,3.570883,8080
171.24,-53.24001,0,0,-1.083411,-1.277648,-0.0007547362,-5.369478,-3.02021,-2.904113,3.530492,8096
171.26,-59.55191,0,0,-1.106498,-1.294597,-0.8251827,-5.51341,-3.08769,-2.964547,3.101781,8096
171.28,-59.07043,0,0,-1.106554,-1.308222,-0.4893047,-6.242117,-3.08769,-2.981008,3.032322,8100
171.3,-51.27687,0,0,-1.106558,-1.321748,0.4114593,-6.667704,-3.02021,-2.929401,3.277068,8104
171.32,-50.17348,0,0,-1.09702,-1.322787,0.5488637,-6.183821,-3.02021,-2.911902,3.395837,8100
171.34,-51.10482,0,0,-1.081859,-1.306298,0.6710012,-5.79146,-3.02021,-2.904405,3.49322,8076
171.36,-52.41661,0,0,-1.074604,-1.29033,-0.01602192,-5.650784,-3.02021,-2.902848,3.4975,8080
171.38,-53.25307,0,0,-1.091796,-1.292521,-0.3213652,-5.648124,-3.02021,-2.907141,3.36739,8100
171.4,-53.46469,0,0,-1.098741,-1.297966,-0.3213652,-5.711147,-3.02021,-2.910195,3.299363,8072
171.42,-59.47404,0,0,-1.090596,-1.299719,0.1061156,-5.801661,-3.08769,-2.964619,3.072783,8080
171.44,-53.22427,0,0,-1.081042,-1.297896,0.1977187,-6.490166,-3.02021,-2.92347,3.306283,8088
171.46,-58.16561,0,0,-1.071253,-1.301008,0.5488637,-6.350614,-3.08769,-2.965204,3.129241,8076
171.48,-52.16235,0,0,-1.076803,-1.303722,0.07558119,-6.734911,-3.02021,-2.922556,3.322691,8080
171.5,-57.40951,0,0,-1.079158,-1.310741,-0.04655629,-6.381876,-3.08769,-2.965304,3.114248,8096
171.52,-57.64322,0,0,-1.082173,-1.313305,-0.2450293,-6.666536,-3.08769,-2.97682,3.095757,8084
171.54,-50.75825,0,0,-1.084098,-1.316994,-0.07709067,-6.86715,-3.02021,-2.92471,3.349211,8088
171.56,-56.0246,0,0,-1.109942,-1.333893,-0.8557167,-6.23633,-3.08769,-2.967888,3.071124,8080
171.58,-50.34037,0,0,-1.11615,-1.334765,-0.4587703,-6.318813,-3.02021,-2.924269,3.318447,8084
171.6,-49.95174,0,0,-1.11578,-1.331982,-0.03128911,-5.798765,-3.02021,-2.911138,3.395935,8080
171.62,-87.2121,0,0,-1.079814,-1.319806,0.3961921,-5.551218,-3.425089,-3.230364,2.127737,8096
171.64,-50.71956,0,0,-1.073539,-1.316511,0.7473372,-9.142454,-3.02021,-2.989634,3.378596,8124
171.66,10.20648,0,0,-1.114397,-1.341952,0.09084838,-7.673052,-2.412889,-2.434596,5.595317,8092
171.68,67.70935,0,0,-1.295898,-1.357594,-7.649613,0.05123183,-1.738089,-1.759826,7.705462,8068
171.7,-9.624138,0,0,-1.391812,-1.284945,0.4877952,11.22974,-2.412889,-2.140754,5.288442,8020
171.72,-66.61577,0,0,-1.156055,-1.020739,16.70154,10.13195,-2.75029,-2.502963,4.361772,8044
171.74,100.1584,0,0,-0.4702329,-0.5078206,37.35804,1.797215,-0.7258892,-0.8929124,13.20068,8080
171.76,47.6732,0,0,0.1160684,-0.0149264,23.96872,11.24531,-1.13077,-0.7514642,13.3398,7956
171.78,-25.43008,0,0,0.2138434,0.3233588,-3.909153,11.72751,-1.40069,-1.004204,10.05082,7992
171.8,-53.59361,0,0,0.1092495,0.3430991,7.480164,4.792492,-1.40069,-1.171867,6.430194,8012
171.82,-102.6447,0,0,1.06012,0.7247113,31.15956,-5.400091,-1.805569,-1.455131,6.454357,7980
171.84,-109.6798,0,0,1.144018,0.7175676,1.724437,-17.55398,-1.805569,-1.587776,3.808588,8012
171.86,-93.11152,0,0,0.8490455,0.3497578,-13.16107,-25.54982,-1.738089,-1.649793,0.7556065,8024
171.88,-80.13394,0,0,0.4043847,-0.1634041,-23.93969,-27.83723,-1.805569,-1.779432,-1.991557,8020
171.9,-50.98892,0,0,-0.4134207,-0.8443657,-44.51986,-25.56579,-1.738089,-1.841649,-4.594932,8012
171.92,-29.22337,0,0,-1.33122,-1.565281,-41.52748,-18.28049,-1.805569,-1.976711,-6.703596,8004
171.94,-7.504648,0,0,-1.540691,-1.826962,-7.634346,-10.34933,-1.805569,-1.950262,-4.619846,8004
171.96,93.59005,0,0,-1.636039,-1.789535,2.121383,-2.387772,-0.7933693,-1.067074,1.374969,8000
171.98,87.07347,0,0,-1.254174,-1.357605,19.69391,12.08669,-0.7933693,-0.7321227,5.501927,7952
172,27.50574,0,0,-0.8588691,-0.7535802,30.86948,19.78972,-1.06329,-0.820294,6.724242,7952
172.02,-79.27429,0,0,0.2150185,0.1266204,52.1672,15.59665,-1.805569,-1.346635,7.27723,7944
172.04,-20.65206,0,0,1.140224,0.883121,43.17483,-0.8410908,-0.7933693,-0.6329203,11.52131,8020
172.06,-62.52438,0,0,1.427021,1.098551,9.632836,-6.999825,-1.13077,-0.7732254,8.35339,7960
172.08,-105.0247,0,0,1.011294,0.799109,-25.43588,-14.31746,-1.46817,-1.222196,2.19225,7968
172.1,-2.16172,0,0,0.1925605,0.1159494,-47.55802,-21.02182,-0.4559698,-0.6655895,0.4667099,8004
172.12,-89.79373,0,0,-0.389442,-0.566705,-17.68015,-13.31965,-1.738089,-1.597841,-5.872429,7940
172.14,5.289993,0,0,-0.6218703,-0.8624395,-13.49694,-16.06004,-0.7933693,-1.060342,-2.598797,8004
172.16,85.5228,0,0,-0.5270905,-0.8669152,4.167186,-8.3431,-0.1185694,-0.2981871,2.251525,7960
172.18,48.08341,0,0,-0.6756239,-0.7835865,-6.825184,5.315495,-0.4559698,-0.3616806,2.074047,7932
172.2,77.27648,0,0,-0.5105272,-0.4427187,20.09085,10.19639,0.15135,0.1364945,5.391527,7924
172.22,-2.338058,0,0,0.2085029,0.162348,34.36567,14.21161,-0.4559698,-0.1423229,6.03973,7884
172.24,53.23332,0,0,0.8316381,0.7929537,29.78552,6.945449,0.5562305,0.6249173,10.19355,7936
172.26,5.79493,0,0,1.354931,1.237908,19.09849,5.988422,0.2863102,0.6082776,9.13663,7884
172.28,-59.45897,0,0,1.32417,1.318857,-4.382436,0.4088357,-0.1185694,0.1828926,4.391052,7880
172.3,19.18429,0,0,1.549597,1.376028,10.94581,-10.50291,0.89363,0.8619176,6.079494,7928
172.32,21.95841,0,0,1.305362,1.13872,-15.78702,-9.171652,0.89363,0.9711545,3.395023,7860
172.34,16.38871,0,0,0.7418419,0.74809,-27.26794,-6.354459,0.89363,0.9021007,-0.09051931,7876
172.36,-17.28508,0,0,0.8858013,0.6972672,2.747338,-5.334241,0.5562305,0.6418186,-0.9943948,7868
172.38,-18.95712,0,0,0.7501095,0.5924013,-4.794649,-7.667736,0.5562305,0.5487638,-2.038534,7884
172.4,-13.29037,0,0,0.8222184,0.5530667,1.70917,-9.555248,0.5562305,0.5397063,-1.799143,7892
172.42,-7.798058,0,0,0.7533085,0.473824,-4.870985,-10.03197,0.5562305,0.5326467,-2.010388,7872
172.44,-3.465851,0,0,0.7142162,0.417958,-3.11526,-9.653571,0.5562305,0.5342848,-1.924184,7904
172.46,-0.4492722,0,0,0.6502679,0.370379,-2.764114,-8.761305,0.5562305,0.5346239,-1.877161,7884
172.48,1.381042,0,0,0.6257367,0.3552927,0.6099325,-7.772618,0.5562305,0.5401199,-1.636797,7884
172.5,2.144615,0,0,0.6056515,0.3560829,-0.1228922,-6.864409,0.5562305,0.5451086,-1.426202,7896
172.52,8.198898,0,0,0.6016503,0.3727732,0.2893218,-6.162897,0.6237106,0.6047448,-0.9742048,7896
172.54,1.527527,0,0,0.5994911,0.3911495,0.2587874,-5.087655,0.5562305,0.567782,-1.045829,7876
172.56,-0.1535721,0,0,0.599415,0.4108101,0.7015356,-5.052279,0.5562305,0.5574123,-1.006522,7880
172.58,-0.6867409,0,0,0.6462711,0.4441616,1.907643,-5.336736,0.5562305,0.5606782,-0.8037365,7884
172.6,-0.8199959,0,0,0.6250761,0.4405868,-0.3213652,-5.533632,0.5562305,0.5559529,-0.9430376,7888
172.62,-0.6256886,0,0,0.6390466,0.4436934,0.1977187,-5.716199,0.5562305,0.5563633,-0.9041054,7892
172.64,-0.39114,0,0,0.6308568,0.4375714,0.5183294,-5.796603,0.5562305,0.5549095,-0.9566155,7884
172.66,-0.01665306,0,0,0.6163507,0.4259697,0.06031401,-5.783684,0.5562305,0.5527026,-1.015208,7900
172.68,0.3205242,0,0,0.6187163,0.4232499,0.2129859,-5.739322,0.5562305,0.5535592,-0.9787561,7900
172.7,0.4818382,0,0,0.6165326,0.4219854,0.07558119,-5.668332,0.5562305,0.5541671,-0.963186,7900
172.72,0.5328274,0,0,0.6157471,0.4223567,0.2282531,-5.601863,0.5562305,0.5546852,-0.9451749,7884
172.74,6.595234,0,0,0.6075233,0.4219781,0.1671843,-5.523264,0.6237106,0.6085904,-0.7221859,7888
172.76,0.3123665,0,0,0.60984,0.4257748,0.07558119,-4.869699,0.5562305,0.5692165,-0.9057382,7884
172.78,-1.014664,0,0,0.6169968,0.4370199,0.3503905,-5.091554,0.5562305,0.5587484,-0.9132518,7884
172.8,-0.8746376,0,0,0.6098278,0.4329636,-0.07709067,-5.358036,0.5562305,0.5537095,-0.9807201,7892
172.82,-0.2933998,0,0,0.6058913,0.4250588,0.1824515,-5.509017,0.5562305,0.5518752,-1.005181,7896
172.84,0.3231335,0,0,0.5966336,0.4148717,0.01451245,-5.521919,0.5562305,0.5508335,-1.027727,7892
172.86,0.8198757,0,0,0.5913973,0.4082835,0.2435202,-5.449471,0.5562305,0.5510454,-1.013675,7900
172.88,1.17474,0,0,0.582027,0.4020995,0.04504682,-5.321988,0.5562305,0.5509067,-1.010906,7884
172.9,1.379986,0,0,0.5811659,0.401593,0.1519171,-5.196072,0.5562305,0.5519205,-0.9691085,7896
172.92,1.375088,0,0,0.5867532,0.4067649,0.1061156,-5.106508,0.5562305,0.553742,-0.9105665,7896
172.94,-118.8549,0,0,0.5826187,0.3497339,0.1366499,-5.161036,-0.7933693,-0.5404174,-5.736436,7884
172.96,7.897402,0,0,0.5636393,0.289532,0.01451245,-17.16735,0.5562305,0.2569932,-1.537727,7956
172.98,33.57112,0,0,0.5192674,0.1444978,-5.191597,-12.18891,0.5562305,0.4885779,-0.6983594,7880
173,-85.54671,0,0,-0.02262451,-0.1743852,-29.1458,-4.824361,-0.7933693,-0.6026007,-6.944643,7868
173.02,64.06918,0,0,-0.2782773,-0.3378641,18.07559,-10.9846,0.8261509,0.407886,-1.739785,7972
173.04,-2.293917,0,0,0.1934074,-0.1659846,12.94581,-1.278993,-0.1185694,0.02907167,-1.115227,7848
173.06,-63.87138,0,0,-0.07010118,-0.160436,-17.31374,-0.899702,-0.6584091,-0.5506806,-3.905927,7916
173.08,-12.88496,0,0,0.2182873,-0.009978563,28.94582,-7.63331,-0.1185694,-0.2226906,-0.6788055,7960
173.1,-92.92954,0,0,0.4021993,0.04001556,-0.5809073,-7.619287,-1.13077,-0.9251491,-3.147396,7916
173.12,-48.42955,0,0,-0.2676996,-0.3515823,-33.20687,-13.82042,-0.7258892,-0.8882246,-4.817079,7980
173.14,-110.0529,0,0,-0.4480901,-0.7122215,-8.764117,-12.88444,-1.738089,-1.680737,-7.90078,7944
173.16,-118.0477,0,0,-0.6457012,-1.001924,-13.31374,-17.82992,-2.075489,-2.144607,-8.655622,7992
173.18,-118.5063,0,0,-0.9584094,-1.382952,-22.2145,-20.97375,-2.48037,-2.582935,-9.513263,8040
173.2,-187.3408,0,0,-1.451561,-1.89984,-27.06947,-21.68613,-3.695009,-3.682268,-13.41112,8060
173.22,-171.4413,0,0,-2.055583,-2.501814,-24.01603,-27.25271,-4.03241,-4.247115,-14.29707,8120
173.24,-224.9298,0,0,-2.517123,-3.111481,-23.49695,-27.9235,-5.314529,-5.384753,-16.72137,8124
173.26,-104.927,0,0,-3.122831,-3.689682,-25.13053,-31.7644,-4.639729,-5.101177,-12.46769,8236
173.28,-69.48191,0,0,-3.837433,-4.284446,-27.92443,-19.95361,-4.977129,-5.254022,-10.81182,8192
173.3,1.591141,0,0,-4.860747,-4.8423,-51.23741,-5.339252,-4.639729,-5.027522,-8.073569,8216
173.32,-79.99274,0,0,-5.70437,-5.285969,-40.00077,14.0862,-5.92185,-5.987441,-10.07077,8188
173.34,261.0873,0,0,-6.400216,-5.425967,-6.290833,21.25478,-2.345409,-3.325754,4.840121,8272
173.36,144.146,0,0,-5.463469,-4.647706,57.99926,57.90025,-3.762489,-3.503161,10.23667,8068
173.38,188.2306,0,0,-4.628185,-3.317132,47.28171,68.00412,-2.412889,-2.35512,19.80125,8152
173.4,-483.351,0,0,-3.653078,-2.357068,52.80843,75.35109,-9.228369,-7.533964,-1.730847,8084
173.42,-725.9339,0,0,-1.794688,-1.407495,83.58706,6.50666,-11.38773,-10.55851,-8.693733,8472
173.44,-634.8448,0,0,0.00515905,-1.291703,83.60233,-69.32476,-11.38773,-11.20801,-6.846036,8596
173.46,-456.172,0,0,1.592266,-1.465135,77.8924,-115.0697,-10.78041,-10.65458,-0.101368,8588
173.48,-392.7421,0,0,1.83613,-2.000386,-7.420605,-128.1121,-11.05033,-10.64621,0.1958599,8540
173.5,-333.593,0,0,0.6426156,-3.029066,-64.30611,-126.837,-10.98285,-10.70036,-3.147131,8560
173.52,-368.4936,0,0,-0.639226,-4.11726,-66.01604,-116.1029,-11.92757,-11.55057,-8.391365,8576
173.54,-323.3034,0,0,-1.647365,-4.947739,-52.76413,-109.2272,-11.92757,-11.7798,-8.073805,8608
173.56,-423.9248,0,0,-2.928747,-5.904132,-73.45116,-96.30065,-13.68205,-13.29495,-13.99743,8592
173.58,527.7511,0,0,-4.729836,-6.697518,-95.61911,-91.51924,-3.695009,-5.699282,20.07945,8716
173.6,-294.1889,0,0,-6.259797,-7.506835,-78.07712,11.72416,-13.41213,-11.53335,-8.677886,8108
173.62,-428.297,0,0,-7.554302,-7.500846,-67.17635,1.269797,-13.68205,-13.43048,-12.76971,8688
173.64,-326.8496,0,0,-8.497128,-8.249199,-47.46642,-16.56898,-13.41213,-13.76539,-11.77223,8740
173.66,-275.1769,0,0,-9.089661,-9.083076,-27.95497,-16.25784,-14.01945,-14.25447,-9.823708,8700
173.68,-193.5353,0,0,-9.315182,-9.464942,-19.64962,-9.814937,-13.95197,-14.16565,-3.246794,8748
173.7,-145.053,0,0,-10.01656,-9.822977,-41.54275,4.894315,-14.01945,-14.13455,0.6296861,8744
173.72,-58.09424,0,0,-10.60679,-9.976702,-23.80229,21.49382,-13.41213,-13.57702,6.83309,8752
173.74,-93.336,0,0,-10.71865,-9.779343,7.754973,41.72338,-13.95197,-13.76548,10.29268,8704
173.76,-94.72284,0,0,-9.641839,-8.784781,62.01453,48.60912,-13.74953,-13.43492,19.11559,8740
173.78,-99.38098,0,0,-8.01874,-7.360459,67.43439,48.19954,-13.41213,-12.86516,27.93036,8748
173.8,710.8969,0,0,-6.191905,-5.376655,86.09088,42.70246,-3.695009,-4.681939,68.05291,8708
173.82,483.2586,0,0,-4.364318,-3.164093,89.48019,115.0499,-4.977129,-3.434983,69.91711,8120
173.84,-362.5404,0,0,-2.932286,-0.8351985,61.87713,134.7341,-11.32025,-8.411266,42.35947,8196
173.86,-540.994,0,0,-2.09378,0.2069482,40.65575,58.92569,-11.32025,-10.09968,27.52666,8564
173.88,-408.0769,0,0,-1.320643,-0.2649037,46.77789,-12.19827,-10.17309,-9.812469,20.88782,8572
173.9,-391.3515,0,0,-0.3112305,-0.9700521,53.8924,-48.91398,-10.78041,-10.18632,15.06088,8520
173.92,-315.8818,0,0,-0.5302964,-1.941164,-24.58092,-70.83002,-10.44301,-10.08469,10.31526,8536
173.94,-291.2892,0,0,-2.205329,-3.572169,-78.91681,-72.81015,-10.78041,-10.55071,0.5412567,8528
173.96,395.6667,0,0,-3.73764,-4.773888,-82.97788,-66.10084,-3.695009,-5.03663,21.40763,8536
173.98,424.8198,0,0,-5.05264,-5.374769,-67.63437,12.04817,-3.627529,-3.52413,23.74258,8128
174,-205.6295,0,0,-6.219987,-5.255693,-60.38245,70.05257,-9.363329,-7.881907,2.149071,8124
174.02,-310.2715,0,0,-6.941162,-5.152927,-21.31374,46.85466,-9.565769,-9.371965,-3.652854,8464
174.04,-255.3104,0,0,-6.550282,-5.327559,28.09086,19.68493,-9.565769,-9.702779,-1.982532,8468
174.06,-0.194519,0,0,-6.097266,-5.43322,22.91528,6.149199,-7.473888,-7.966657,9.069242,8484
174.08,30.86893,0,0,-5.990061,-5.441598,7.541233,22.70104,-7.541368,-7.470369,12.44021,8360
174.1,-113.0179,0,0,-6.643039,-5.582816,-65.7107,38.58392,-8.958448,-8.556355,6.369741,8372
174.12,-12.15765,0,0,-7.583514,-5.95815,-49.26794,37.405,-7.743809,-7.986473,7.394681,8456
174.14,-17.32858,0,0,-8.002102,-6.293988,56.71682,48.12019,-8.081209,-8.108151,6.900126,8376
174.16,60.58182,0,0,-7.015121,-5.663893,42.96109,52.20835,-7.13649,-7.171994,16.50409,8380
174.18,343.6449,0,0,-5.760521,-4.443473,52.39621,59.40659,-3.627529,-3.911011,34.86545,8340
174.2,3.689758,0,0,-3.875969,-2.732577,96.36569,86.85399,-6.529169,-5.213297,31.43375,8120
174.22,-56.36627,0,0,-2.385793,-1.022284,80.80843,65.97317,-5.65193,-4.877068,33.02769,8320
174.24,-119.9133,0,0,-1.315018,-0.1514797,59.72445,42.28993,-5.65193,-4.890955,28.74061,8260
174.26,-43.96555,0,0,-0.1315674,0.4611323,52.24354,16.50276,-4.30233,-3.840269,29.86979,8268
174.28,-55.67328,0,0,0.9624766,0.9425074,40.64048,3.68167,-4.03241,-3.355775,27.98788,8188
174.3,-69.62279,0,0,0.813001,0.8247576,-23.16107,-5.840448,-3.695009,-3.145868,21.22803,8128
174.32,-28.83113,0,0,-0.3646023,-0.03227228,-62.94734,-10.25567,-3.02021,-2.830944,13.02692,8124
174.34,-52.50348,0,0,-1.799676,-1.239539,-73.26795,-4.805758,-3.357609,-3.250525,3.251219,8116
174.36,-23.34127,0,0,-1.647654,-1.555197,34.10613,-3.53111,-3.08769,-3.069159,4.622855,8100
174.38,27.97143,0,0,-1.034538,-1.271895,23.35803,-1.270816,-2.48037,-2.411128,9.58686,8092
174.4,52.52264,0,0,-1.023385,-1.064272,2.212986,5.330626,-2.008009,-1.874062,10.88423,8048
174.42,-16.39499,0,0,-1.173911,-0.9703463,-7.00839,12.50504,-2.48037,-2.173447,7.655854,8032
174.44,-10.36169,0,0,-0.5917339,-0.5332788,31.46491,8.675388,-2.075489,-1.880155,9.957018,8052
174.46,22.29976,0,0,-0.009797171,-0.07356006,22.42673,4.986617,-1.46817,-1.28412,12.5613,8028
174.48,58.1197,0,0,0.1068781,0.1575382,4.808407,5.379014,-0.7933693,-0.6340268,13.09164,8008
174.5,2.203552,0,0,0.4988999,0.4762993,15.03742,8.038106,-1.06329,-0.6874924,11.42761,7960
174.52,-68.58234,0,0,0.5458462,0.6011577,3.739704,3.83943,-1.46817,-1.1047,7.030062,7976
174.54,-114.9539,0,0,0.8016163,0.6515012,17.11375,-6.937676,-1.805569,-1.518403,3.855126,8020
174.56,-21.73628,0,0,0.9036366,0.5612372,-0.4587703,-19.04269,-0.7933693,-0.8395061,5.39255,8012
174.58,-8.3545,0,0,0.5398629,0.1930235,-24.0313,-16.6382,-0.7933693,-0.7263992,2.882225,7956
174.6,-6.469419,0,0,-0.1820935,-0.3102874,-38.74886,-11.535,-0.7933693,-0.7945846,-0.442964,7968
174.62,-2.742902,0,0,-0.4357801,-0.568138,0.7626044,-7.046729,-0.7933693,-0.8169977,-0.8996209,7972
174.64,-2.377764,0,0,-0.2956087,-0.5162726,5.403827,-3.969057,-0.7933693,-0.7728226,0.5144712,7952
174.66,-44.00124,0,0,-0.05093731,-0.3267126,12.30459,-2.61701,-1.19825,-1.046625,0.4959707,7956
174.68,-37.9878,0,0,0.05162561,-0.1971496,1.281688,-6.273107,-1.06329,-1.00945,1.070467,7980
174.7,-46.53187,0,0,0.0002104873,-0.2342224,-2.321366,-8.019114,-1.19825,-1.127455,0.114614,7988
174.72,-41.84725,0,0,-0.08924864,-0.3323948,-6.58091,-9.784445,-1.19825,-1.172161,-0.3757367,7972
174.74,1.406744,0,0,-0.1469027,-0.409509,-3.344267,-10.2509,-0.7933693,-0.8544127,1.034821,7976
174.76,5.731842,0,0,-0.2465457,-0.4709744,-5.527474,-5.874506,-0.7933693,-0.7702796,1.180776,7964
174.78,0.5260849,0,0,-0.2780415,-0.4400235,0.4419934,-2.407287,-0.7933693,-0.7440818,1.434977,7960
174.8,-7.199268,0,0,-0.1188114,-0.2879575,8.274057,-1.07879,-0.7933693,-0.7143519,2.216075,7948
174.82,-39.86249,0,0,0.06913368,-0.1202957,9.632836,-1.582972,-1.06329,-0.9112624,1.740762,7964
174.84,-45.80439,0,0,0.1548126,-0.03929351,3.678636,-5.530326,-1.06329,-0.9731317,1.36527,7972
174.86,-43.71071,0,0,0.1931921,-0.05400862,0.9610775,-8.903633,-1.06329,-0.9986857,0.9267075,7980
174.88,-38.35863,0,0,0.04970095,-0.1925144,-8.016026,-10.53638,-1.06329,-1.031598,-0.0155175,7992
174.9,-7.261767,0,0,-0.1085965,-0.3456039,-7.848085,-10.56478,-0.7933693,-0.8362415,0.3642099,7988
174.92,-26.51168,0,0,-0.1525393,-0.4195179,-2.24503,-7.27924,-1.06329,-0.9921755,-0.2616911,7952
174.94,-39.67134,0,0,-0.230655,-0.4588408,-2.809916,-6.802137,-1.19825,-1.145213,-0.7889287,7960
174.96,-25.5487,0,0,-0.09203483,-0.3917448,5.373293,-8.173355,-1.06329,-1.047844,0.5445516,7964
174.98,-22.28909,0,0,-0.1443265,-0.4049482,-1.771747,-7.53456,-1.06329,-1.027157,0.5536817,7968
175,-27.83614,0,0,-0.1532758,-0.405003,-0.7946484,-6.753688,-1.13077,-1.073711,0.4829265,7968
175.02,-22.11864,0,0,-0.1343759,-0.3826623,0.5335966,-6.840055,-1.06329,-1.026246,0.9205447,7972
175.04,-21.6381,0,0,-0.1544354,-0.3819366,-0.6725109,-6.270356,-1.06329,-1.015611,0.9433489,7980
175.06,-28.23513,0,0,-0.1623309,-0.3794333,0.06031401,-5.825924,-1.13077,-1.067759,0.7407314,7968
175.08,-34.92267,0,0,-0.1227753,-0.3568506,1.724437,-6.314669,-1.19825,-1.130455,0.6710398,7988
175.1,-22.27324,0,0,-0.0965745,-0.3398618,0.04504682,-7.38632,-1.06329,-1.035283,1.210914,7980
175.12,-20.78165,0,0,-0.1128157,-0.3500637,-0.01602192,-6.781139,-1.06329,-1.012277,1.186285,7988
175.14,-21.69301,0,0,-0.1371981,-0.357151,-0.09235785,-6.155049,-1.06329,-1.00937,1.106267,7972
175.16,-22.83503,0,0,-0.1324044,-0.3481171,-0.107625,-5.840848,-1.06329,-1.007779,1.134472,7976
175.18,-35.96989,0,0,-0.1118795,-0.3349109,0.3961921,-5.820256,-1.19825,-1.114839,0.7109406,7972
175.2,-30.21831,0,0,-0.1063012,-0.3328116,0.1366499,-7.150594,-1.13077,-1.090382,0.8533054,7980
175.22,-21.83143,0,0,-0.110015,-0.3479724,-0.550373,-7.439321,-1.06329,-1.029388,1.078351,7976
175.24,-20.9674,0,0,-0.1227996,-0.3595992,0.2435202,-6.741393,-1.06329,-1.013017,1.094823,7984
175.26,-21.9271,0,0,-0.1303671,-0.3567658,-0.03128911,-6.16322,-1.06329,-1.00869,1.106761,7984
175.28,-23.10593,0,0,-0.1276518,-0.3457326,-0.03128911,-5.883658,-1.06329,-1.007443,1.124566,7980
175.3,-36.00877,0,0,-0.13161,-0.3459394,0.1824515,-5.82223,-1.19825,-1.118381,0.5986108,7960
175.32,-23.71699,0,0,-0.1449102,-0.3558384,-0.03128911,-7.037797,-1.06329,-1.041847,0.9363543,7972
175.34,-21.19498,0,0,-0.1487707,-0.3721367,-0.3213652,-6.589057,-1.06329,-1.019707,1.005069,7988
175.36,-21.52991,0,0,-0.1450717,-0.3675229,0.5183294,-6.038694,-1.06329,-1.011245,1.09043,7968
175.38,-22.55176,0,0,-0.1463755,-0.357958,-0.3519,-5.703734,-1.06329,-1.009164,1.107016,7968
175.4,-23.47878,0,0,-0.1432009,-0.3479158,0.4114593,-5.596417,-1.06329,-1.009103,1.10764,7980
175.42,-18.04476,0,0,-0.1480897,-0.3428416,-0.06182348,-5.602845,-0.9958096,-0.956402,1.295225,7980
175.44,-24.6653,0,0,-0.1409322,-0.3361574,-0.107625,-5.085472,-1.06329,-0.996684,1.081939,7992
175.46,-26.07361,0,0,-0.1389906,-0.3292204,0.2129859,-5.419125,-1.06329,-1.009168,1.008412,7988
175.48,-31.9928,0,0,-0.1291523,-0.3303408,0.04504682,-5.820655,-1.13077,-1.067224,0.7449784,7976
175.5,-25.24202,0,0,-0.1269188,-0.3372403,0.06031401,-6.687255,-1.06329,-1.02853,0.9246751,7972
175.52,-35.62186,0,0,-0.1217911,-0.3517373,0.09084838,-6.605595,-1.19825,-1.125683,0.4932981,7984
175.54,-22.90279,0,0,-0.124015,-0.3588386,0.1519171,-7.577605,-1.06329,-1.041752,0.9375648,7972
175.56,-20.77497,0,0,-0.1215887,-0.366304,-0.2144953,-6.941682,-1.06329,-1.016272,1.060655,7972
175.58,-21.59664,0,0,-0.122884,-0.3583193,0.5488637,-6.295781,-1.06329,-1.00824,1.123077,7976
175.6,-22.85779,0,0,-0.1321897,-0.3507548,-0.2755641,-5.925379,-1.06329,-1.007942,1.097455,7968
175.62,-23.85382,0,0,-0.1263231,-0.3396291,0.2129859,-5.825467,-1.06329,-1.007975,1.107243,7972
175.64,-30.4917,0,0,-0.1280116,-0.3383476,0.2129859,-5.865532,-1.13077,-1.06435,0.821287,7976
175.66,-30.51012,0,0,-0.120037,-0.338837,-0.03128911,-6.587055,-1.13077,-1.079357,0.7888977,7960
175.68,-35.16407,0,0,-0.1125325,-0.3491132,0.1366499,-7.096749,-1.19825,-1.136843,0.5604554,7980
175.7,-27.66488,0,0,-0.1015997,-0.3553627,0.1061156,-7.92781,-1.13077,-1.094897,0.8367385,7972
175.72,-19.68116,0,0,-0.1046052,-0.3641209,-0.1686933,-7.705317,-1.06329,-1.02726,1.141974,7976
175.74,-31.91613,0,0,-0.09496021,-0.3587049,0.3961921,-6.784636,-1.19825,-1.115165,0.7981457,7984
175.76,-27.28985,0,0,-0.1021704,-0.3518345,0.4267263,-7.385002,-1.13077,-1.086024,0.9629244,7976
175.78,-20.42181,0,0,-0.08119974,-0.340613,0.5488637,-7.371666,-1.06329,-1.020245,1.316995,7980
175.8,-33.0018,0,0,-0.08286329,-0.3379099,0.4114593,-6.679603,-1.19825,-1.112724,0.8509645,7972
175.82,-28.36719,0,0,-0.07292454,-0.3265733,0.1671843,-7.514524,-1.13077,-1.083116,1.041364,7968
175.84,-21.32739,0,0,-0.06745822,-0.3260565,0.07558119,-7.615347,-1.06329,-1.020416,1.287306,7972
175.86,-27.66973,0,0,-0.05974687,-0.3211815,0.3656577,-6.998158,-1.13077,-1.05732,1.092059,7984
175.88,-23.23056,0,0,-0.05351662,-0.3078727,-0.03128911,-7.242219,-1.06329,-1.01331,1.287089,7968
175.9,-29.6675,0,0,-0.05123875,-0.3051806,-0.04655629,-6.973524,-1.13077,-1.057577,1.016566,7984
175.92,-30.44159,0,0,-0.06714337,-0.31357,0.1213828,-7.403075,-1.13077,-1.073697,0.859135,7988
175.94,-29.54076,0,0,-0.07619474,-0.3293202,-0.07709067,-7.73953,-1.13077,-1.079411,0.789312,7976
175.96,-22.5346,0,0,-0.06772424,-0.3324999,-0.1381594,-7.884118,-1.06329,-1.023591,1.084757,7980
175.98,-34.24412,0,0,-0.07018118,-0.3381796,-0.01602192,-7.275503,-1.19825,-1.117232,0.649637,7984
176,-28.7846,0,0,-0.07729926,-0.3401623,-0.1534266,-8.026799,-1.13077,-1.088875,0.8188596,7976
176.02,-21.09171,0,0,-0.08025762,-0.3474557,-0.3977011,-7.959417,-1.06329,-1.025703,1.100039,7980
176.04,-26.90195,0,0,-0.0949491,-0.3547745,0.09084838,-7.098004,-1.13077,-1.063959,0.8838799,7980
176.06,-22.01245,0,0,-0.09938075,-0.3477103,0.1061156,-7.090522,-1.06329,-1.019729,1.118298,7972
176.08,-22.21125,0,0,-0.09840702,-0.3407375,-0.1686933,-6.595856,-1.06329,-1.007603,1.161754,7976
176.1,-23.43206,0,0,-0.09887393,-0.3306738,0.3198562,-6.287705,-1.06329,-1.005259,1.153383,7964
176.12,-24.50363,0,0,-0.09805407,-0.3224111,-0.07709067,-6.212218,-1.06329,-1.006027,1.11889,7972
176.14,-25.10023,0,0,-0.1059647,-0.3233107,0.07558119,-6.251721,-1.06329,-1.008963,1.035601,7980
176.16,-25.29446,0,0,-0.1055576,-0.3246304,0.1824515,-6.339551,-1.06329,-1.010476,1.000239,7972
176.18,-31.33716,0,0,-0.1028235,-0.3281645,0.2740546,-6.431294,-1.13077,-1.065611,0.7437483,7984
176.2,-25.02929,0,0,-0.0978271,-0.329636,0.1366499,-7.110621,-1.06329,-1.025305,0.9574444,7968
176.22,-29.85889,0,0,-0.09142625,-0.3357322,0.2893218,-6.948353,-1.13077,-1.067478,0.772992,7976
176.24,-23.8507,0,0,-0.08684932,-0.3335128,0.1519171,-7.333305,-1.06329,-1.023081,1.019367,7968
176.26,-29.1354,0,0,-0.09683855,-0.342842,0.1519171,-6.960712,-1.13077,-1.066739,0.7761668,7976
176.28,-23.58278,0,0,-0.07018687,-0.3265981,0.2129859,-7.311957,-1.06329,-1.01931,1.124559,7964
176.3,-23.36573,0,0,-0.07628016,-0.325166,0.04504682,-6.973048,-1.06329,-1.008011,1.113048,7988
176.32,-36.228,0,0,-0.07939441,-0.3267675,0.2282531,-6.729574,-1.19825,-1.115485,0.6077685,7984
176.34,-30.35257,0,0,-0.08161149,-0.3310648,0.1213828,-7.856315,-1.13077,-1.090949,0.7561905,7960
176.36,-28.00365,0,0,-0.08250118,-0.346678,-0.2450293,-8.008242,-1.13077,-1.083174,0.7896988,7984
176.38,-21.0628,0,0,-0.08253065,-0.3504796,0.2587874,-7.859308,-1.06329,-1.024234,1.093085,7968
176.4,-27.18589,0,0,-0.07931696,-0.3456808,-0.1381594,-7.070926,-1.13077,-1.061107,0.9502252,7976
176.42,-22.5751,0,0,-0.07714652,-0.3315865,0.2740546,-7.166842,-1.06329,-1.01656,1.186567,7976
176.44,-22.88099,0,0,-0.08147632,-0.3267182,0.1213828,-6.757307,-1.06329,-1.00613,1.176174,7980
176.46,-29.96575,0,0,-0.09186204,-0.3274079,0.1213828,-6.494579,-1.13077,-1.060687,0.8679599,7976
176.48,-24.4961,0,0,-0.08874137,-0.324037,-0.01602192,-7.039093,-1.06329,-1.021228,1.060334,7968
176.5,-29.76699,0,0,-0.09217171,-0.332262,0.01451245,-6.84634,-1.13077,-1.065936,0.81054,7984
176.52,-29.83766,0,0,-0.0948308,-0.3377218,0.2129859,-7.240949,-1.13077,-1.07827,0.7714407,7968
176.54,-28.7772,0,0,-0.09697513,-0.3472437,0.02977964,-7.50292,-1.13077,-1.081104,0.7729824,7964
176.56,-27.76629,0,0,-0.0998307,-0.3558052,0.07558119,-7.558353,-1.13077,-1.080797,0.8011342,7976
176.58,-21.06839,0,0,-0.1044979,-0.3588325,0.04504682,-7.470184,-1.06329,-1.025082,1.07665,7976
176.6,-26.97223,0,0,-0.1131186,-0.361439,0.1213828,-6.714107,-1.13077,-1.064655,0.8832731,7984
176.62,-28.0365,0,0,-0.1107594,-0.3533674,0.1977187,-6.813194,-1.13077,-1.074778,0.8981643,7972
176.64,-21.77279,0,0,-0.1178506,-0.3534608,0.01451245,-6.963817,-1.06329,-1.024082,1.111622,7976
176.66,-21.55369,0,0,-0.1183835,-0.3516665,0.02977964,-6.428578,-1.06329,-1.009952,1.157199,7984
176.68,-28.71155,0,0,-0.1180095,-0.3451278,0.2740546,-6.057631,-1.13077,-1.061114,0.9243078,7984
176.7,-23.56221,0,0,-0.1121651,-0.3357089,-0.01602192,-6.547643,-1.06329,-1.02062,1.131971,7964
176.72,-23.23814,0,0,-0.09951881,-0.3290808,0.1061156,-6.392018,-1.06329,-1.008559,1.179143,7984
176.74,-24.00307,0,0,-0.1017096,-0.3251708,0.09084838,-6.252176,-1.06329,-1.006831,1.135265,7980
176.76,-24.63901,0,0,-0.1103235,-0.326952,0.02977964,-6.214175,-1.06329,-1.008901,1.055108,7972
176.78,-24.96922,0,0,-0.1087657,-0.3267868,-0.01602192,-6.257215,-1.06329,-1.009937,1.027151,7976
176.8,-31.09085,0,0,-0.1128191,-0.3329172,0.1519171,-6.314483,-1.13077,-1.066097,0.7397228,7976
176.82,-24.81058,0,0,-0.1044533,-0.3330463,0.1519171,-6.987262,-1.06329,-1.025426,0.9707282,7976
176.84,-29.63932,0,0,-0.103,-0.3412845,0.1366499,-6.810102,-1.13077,-1.068291,0.7648786,7988
176.86,-29.50148,0,0,-0.1102399,-0.3491572,0.1977187,-7.157391,-1.13077,-1.080363,0.7258378,7976
176.88,-22.44627,0,0,-0.0986526,-0.348109,0.1366499,-7.397852,-1.06329,-1.0259,1.045649,7968
176.9,-22.05002,0,0,-0.08641004,-0.3395249,0.2435202,-6.878324,-1.06329,-1.00834,1.161713,7988
176.92,-23.26579,0,0,-0.09027638,-0.3298683,0.1519171,-6.484396,-1.06329,-1.00483,1.15052,7976
176.94,-30.46513,0,0,-0.08887589,-0.3229836,0.09084838,-6.358836,-1.13077,-1.05981,0.8844398,7972
176.96,-30.8555,0,0,-0.09762856,-0.3284144,0.1061156,-6.982247,-1.13077,-1.077522,0.7706369,7976
176.98,-29.53946,0,0,-0.09805754,-0.3408808,0.1061156,-7.434058,-1.13077,-1.082087,0.7519005,7980
177,-22.19146,0,0,-0.09949358,-0.3497422,0.1061156,-7.586927,-1.06329,-1.027281,1.016793,7980
177.02,-21.59517,0,0,-0.1021885,-0.3517794,0.02977964,-6.933939,-1.06329,-1.011094,1.087208,7976
177.04,-22.6867,0,0,-0.1035483,-0.3425887,-0.0007547362,-6.433686,-1.06329,-1.006469,1.118467,7980
177.06,-29.79025,0,0,-0.1166781,-0.3421345,0.06031401,-6.183747,-1.13077,-1.06278,0.8153129,7980
177.08,-24.1081,0,0,-0.1204015,-0.3422626,-0.09235785,-6.719833,-1.06329,-1.024546,0.9955471,7976
177.1,-23.18322,0,0,-0.1186984,-0.3457267,0.04504682,-6.506635,-1.06329,-1.013488,1.031957,7988
177.12,-29.58679,0,0,-0.1135758,-0.3431406,-0.04655629,-6.290117,-1.13077,-1.064142,0.8266718,7976
177.14,-29.92823,0,0,-0.1094202,-0.3409572,0.09084838,-6.80655,-1.13077,-1.077743,0.8046341,7972
177.16,-29.04026,0,0,-0.09030858,-0.3377726,-0.03128911,-7.239412,-1.13077,-1.078507,0.8752188,7984
177.18,-28.17584,0,0,-0.09476989,-0.3451332,0.09084838,-7.426662,-1.13077,-1.079186,0.8575316,7996
177.2,-27.51857,0,0,-0.09444283,-0.3501037,0.02977964,-7.461978,-1.13077,-1.078387,0.8827551,7964
177.22,-27.08997,0,0,-0.1006884,-0.3555231,0.1213828,-7.399469,-1.13077,-1.078143,0.8877046,7980
177.24,-26.90805,0,0,-0.09416971,-0.3526214,0.07558119,-7.330364,-1.13077,-1.076135,0.9504099,7980
177.26,-20.99149,0,0,-0.0859044,-0.34266,0.1213828,-7.283697,-1.06329,-1.019377,1.245945,7976
177.28,-27.53699,0,0,-0.08241843,-0.3347867,0.1671843,-6.673382,-1.13077,-1.058672,1.047226,7976
177.3,-28.9105,0,0,-0.08849651,-0.3302469,0.2893218,-6.915354,-1.13077,-1.071778,0.9623908,7976
177.32,-28.69126,0,0,-0.08911275,-0.3336728,0.1519171,-7.215814,-1.13077,-1.07632,0.9206415,7984
177.34,-28.079,0,0,-0.09360047,-0.3421252,0.1061156,-7.380142,-1.13077,-1.078126,0.8900979,7980
177.36,-21.54641,0,0,-0.08989799,-0.3425966,0.1519171,-7.428643,-1.06329,-1.022561,1.160141,7976
177.38,-27.65857,0,0,-0.08141856,-0.3370748,0.1824515,-6.829389,-1.13077,-1.060453,0.9995813,7964
177.4,-22.92768,0,0,-0.07779344,-0.3249559,0.1977187,-7.054805,-1.06329,-1.0165,1.212489,7980
177.42,-23.05828,0,0,-0.0862906,-0.3252094,0.06031401,-6.707204,-1.06329,-1.007038,1.167295,7984
177.44,-30.12116,0,0,-0.07844786,-0.3186431,0.1061156,-6.517078,-1.13077,-1.058943,0.9314368,7968
177.46,-24.79375,0,0,-0.07447044,-0.3131167,0.1366499,-7.112975,-1.06329,-1.019289,1.106737,7968
177.48,-30.24057,0,0,-0.06819604,-0.3160705,0.1977187,-6.996931,-1.13077,-1.063057,0.8765374,7984
177.5,-24.49151,0,0,-0.06651334,-0.3155445,0.09084838,-7.468579,-1.06329,-1.020571,1.068498,7984
177.52,-23.92876,0,0,-0.06098834,-0.3156545,0.1213828,-7.216775,-1.06329,-1.008256,1.101161,7988
177.54,-24.64072,0,0,-0.06059891,-0.3112246,0.01451245,-6.993254,-1.06329,-1.005322,1.09,7976
177.56,-31.40332,0,0,-0.06368307,-0.3112325,0.04504682,-6.915832,-1.13077,-1.060713,0.8043015,7980
177.58,-25.57752,0,0,-0.06145972,-0.3107693,0.09084838,-7.54897,-1.06329,-1.021542,0.9909668,7984
177.6,-24.54044,0,0,-0.06796189,-0.3200541,0.06031401,-7.363347,-1.06329,-1.011726,0.9774389,7976
177.62,-30.75712,0,0,-0.06860795,-0.3233469,-0.0007547362,-7.135612,-1.13077,-1.06329,0.7487341,7980
177.64,-24.8736,0,0,-0.07147705,-0.3241428,0.1366499,-7.59761,-1.06329,-1.022916,0.9512435,7976
177.66,-23.81594,0,0,-0.09246125,-0.3391573,-0.0007547362,-7.250953,-1.06329,-1.014358,0.906612,8004
177.68,-24.0226,0,0,-0.08789111,-0.336233,0.1977187,-6.919831,-1.06329,-1.009927,0.9752099,7980
177.7,-30.61851,0,0,-0.08500136,-0.3312613,0.01451245,-6.73526,-1.13077,-1.062851,0.7652113,7964
177.72,-30.79797,0,0,-0.08992583,-0.3337976,0.1519171,-7.267904,-1.13077,-1.078446,0.7101566,7980
177.74,-29.45794,0,0,-0.09473313,-0.3458719,-0.06182348,-7.626481,-1.13077,-1.082696,0.700385,7980
177.76,-22.12897,0,0,-0.09613809,-0.3529963,0.1213828,-7.714839,-1.06329,-1.027465,0.9867195,7972
177.78,-21.52791,0,0,-0.104579,-0.3564899,-0.0007547362,-7.005255,-1.06329,-1.011854,1.046934,7972
177.8,-28.60007,0,0,-0.1052414,-0.3494513,0.09084838,-6.474269,-1.13077,-1.061669,0.8547119,7984
177.82,-23.48198,0,0,-0.1043094,-0.3398728,0.09084838,-6.835149,-1.06329,-1.020965,1.07401,7988
177.84,-29.1255,0,0,-0.1033947,-0.340525,0.1061156,-6.56989,-1.13077,-1.06487,0.8563162,7984
177.86,-23.53258,0,0,-0.09885076,-0.3351955,0.1061156,-6.970638,-1.06329,-1.021756,1.083417,7968
177.88,-29.04466,0,0,-0.1012121,-0.3396615,0.1671843,-6.673212,-1.13077,-1.065233,0.8512228,7968
177.9,-23.35337,0,0,-0.106437,-0.3406761,0.1519171,-7.010512,-1.06329,-1.023171,1.042591,7964
177.92,-22.75971,0,0,-0.1094025,-0.3439607,0.2435202,-6.650537,-1.06329,-1.011723,1.065147,7972
177.94,-23.46928,0,0,-0.1029422,-0.335586,0.1977187,-6.36737,-1.06329,-1.007498,1.105799,7964
177.96,-24.38101,0,0,-0.09696622,-0.3250838,0.1519171,-6.270428,-1.06329,-1.006446,1.110279,7968
177.98,-25.12975,0,0,-0.08920996,-0.3158908,0.1977187,-6.323972,-1.06329,-1.006522,1.099133,7976
178,-19.50953,0,0,-0.09730656,-0.3154192,0.2129859,-6.410459,-0.9958096,-0.9546151,1.252781,7984
178.02,-31.85392,0,0,-0.1032339,-0.3219106,0.1977187,-5.89559,-1.13077,-1.051597,0.7386472,7980
178.04,-26.66123,0,0,-0.09936304,-0.3202089,0.2893218,-6.804425,-1.06329,-1.023474,0.9042408,7976
178.06,-25.18591,0,0,-0.09148248,-0.3257635,-0.01602192,-6.907232,-1.06329,-1.014507,0.9411193,7968
178.08,-36.96062,0,0,-0.08807537,-0.3324545,0.1061156,-6.846237,-1.19825,-1.120488,0.4818997,7976
178.1,-30.37421,0,0,-0.09676395,-0.3443489,-0.01602192,-7.964316,-1.13077,-1.095455,0.6336787,7968
178.12,-27.56743,0,0,-0.1033077,-0.3653275,-0.596175,-8.019601,-1.13077,-1.087147,0.6852329,7972
178.14,-20.36298,0,0,-0.10758,-0.3716118,0.3809245,-7.745747,-1.06329,-1.027551,1.014664,7964
178.16,-26.33145,0,0,-0.1112681,-0.3693425,-0.2908313,-6.826922,-1.13077,-1.064389,0.8822756,7976
178.18,-15.62309,0,0,-0.1116521,-0.352464,0.2893218,-6.805721,-0.9958096,-0.9647129,1.38552,7976
178.2,-28.19629,0,0,-0.1230075,-0.3499928,-0.03128911,-5.694557,-1.13077,-1.049368,0.9204208,7984
178.22,-30.25072,0,0,-0.1213391,-0.3396465,0.4725278,-6.2324,-1.13077,-1.073545,0.8533486,7976
178.24,-29.62582,0,0,-0.1017726,-0.3346264,0.1366499,-6.857396,-1.13077,-1.078198,0.8897615,7960
178.26,-28.54626,0,0,-0.108831,-0.3459866,0.3656577,-7.192905,-1.13077,-1.080814,0.8375852,7972
178.28,-27.507,0,0,-0.1167559,-0.3593325,0.1671843,-7.280777,-1.13077,-1.081599,0.8233958,7968
178.3,-26.88338,0,0,-0.104491,-0.3582651,0.2282531,-7.263146,-1.13077,-1.078297,0.9199659,7968
178.32,-20.81236,0,0,-0.09015388,-0.3461035,0.3656577,-7.222276,-1.06329,-1.019881,1.25136,7984
178.34,-27.26378,0,0,-0.09893481,-0.3441586,0.02977964,-6.56671,-1.13077,-1.060552,1.004851,7980
178.36,-22.62115,0,0,-0.09095975,-0.3303984,0.3961921,-6.799786,-1.06329,-1.016718,1.235116,7984
178.38,-28.80639,0,0,-0.09829543,-0.3324631,0.1366499,-6.476274,-1.13077,-1.061946,0.9491103,7968
178.4,-29.45127,0,0,-0.1034956,-0.3356167,0.2435202,-6.871716,-1.13077,-1.075922,0.8674886,7968
178.42,-22.67684,0,0,-0.1018704,-0.3397501,0.09084838,-7.197809,-1.06329,-1.024725,1.095522,7964
178.44,-22.22365,0,0,-0.09188158,-0.3361292,0.2893218,-6.755805,-1.06329,-1.0087,1.175222,7984
178.46,-23.31161,0,0,-0.09441227,-0.3289207,0.02977964,-6.409792,-1.06329,-1.005324,1.158431,7972
178.48,-24.41732,0,0,-0.09268907,-0.3205969,0.1671843,-6.297098,-1.06329,-1.005502,1.130221,7980
178.5,-31.10598,0,0,-0.1002953,-0.3236598,-0.03128911,-6.322318,-1.13077,-1.062957,0.8064181,7972
178.52,-31.12428,0,0,-0.09099005,-0.3249508,0.1061156,-7.041248,-1.13077,-1.077919,0.776645,7988
178.54,-23.73562,0,0,-0.08842522,-0.3324397,0.01451245,-7.522778,-1.06329,-1.026688,1.008142,7984
178.56,-22.75868,0,0,-0.08786369,-0.3373547,0.1061156,-7.094529,-1.06329,-1.011541,1.06111,7976
178.58,-23.4674,0,0,-0.08958762,-0.3328152,0.01451245,-6.703557,-1.06329,-1.007246,1.077639,7972
178.6,-30.40815,0,0,-0.08813878,-0.3275315,0.09084838,-6.526715,-1.13077,-1.061174,0.8352719,7972
178.62,-24.73977,0,0,-0.09382623,-0.3279124,0.02977964,-7.091413,-1.06329,-1.022945,0.9956655,7964
178.64,-23.92007,0,0,-0.08051381,-0.3255054,0.2282531,-6.931085,-1.06329,-1.01036,1.071657,7984
178.66,-24.40296,0,0,-0.08273021,-0.3227447,-0.03128911,-6.736083,-1.06329,-1.007615,1.057076,7972
178.68,-24.98847,0,0,-0.08513709,-0.3203626,0.1213828,-6.649485,-1.06329,-1.007928,1.027432,7984
178.7,-31.37365,0,0,-0.08769777,-0.3229119,-0.09235785,-6.651144,-1.13077,-1.063802,0.7510686,7980
178.72,-25.29945,0,0,-0.07791773,-0.3201627,0.1366499,-7.318834,-1.06329,-1.023157,0.9833341,7980
