Tiempo,ControlPWM,ReferenciaPosicion,ReferenciaTheta,ThetaMedido,ThetaObservado,OmegaMedido,OmegaObservado,PosicionMedido,PosicionObservado,VelocidadObservado,TiempoTranscurrido
0,-94.88939,0,0,0.02844231,-0.03005568,-0.1228922,-0.1767623,-1.06329,-0.8578035,-3.6845,0
0.02,-90.20912,0,0,0.03743796,-0.1065303,0.07558119,-9.911953,-1.06329,-1.088353,-4.125581,7844
0.04,-65.84776,0,0,0.06409495,-0.2694785,-0.2908313,-15.96825,-1.06329,-1.129826,-3.7252,7984
0.06,-43.93849,0,0,-0.02671785,-0.4589847,-8.382438,-17.21786,-1.06329,-1.124671,-3.266396,7980
0.08,-2.480968,0,0,-0.411015,-0.7360815,-21.35954,-14.65595,-0.7933693,-0.9262694,-2.727267,7980
0.1,9.274303,0,0,-0.5858657,-0.8679386,-8.077094,-8.150146,-0.7933693,-0.8536091,-1.764193,7968
0.12,-74.3874,0,0,-0.6233977,-0.8660634,0.09084838,-2.546464,-1.738089,-1.571654,-3.840293,7952
0.14,-76.39275,0,0,-0.3473928,-0.6787024,16.74734,-8.042405,-1.738089,-1.708731,-2.135065,8004
0.16,-64.78423,0,0,-0.1355753,-0.5714214,7.174821,-12.56268,-1.738089,-1.709418,-0.8230636,8012
0.18,-51.71338,0,0,-0.4436292,-0.7613122,-14.88626,-13.5752,-1.738089,-1.750151,-1.726814,8020
0.2,47.05773,0,0,-0.8085155,-1.002338,-14.87099,-11.74466,-0.7933693,-1.02295,1.007054,7996
0.22,55.47957,0,0,-1.006309,-1.104776,-11.74122,0.1229484,-0.7933693,-0.8162087,1.921862,7940
0.24,42.36232,0,0,-1.202074,-1.058644,4.90001,9.476228,-0.7933693,-0.7679924,2.239467,7960
0.26,-4.676636,0,0,-0.2341916,-0.3736569,46.47255,11.64076,-1.06329,-0.8281008,5.799193,7952
0.28,49.88572,0,0,0.5200713,0.3551073,37.20537,6.041536,-0.1185694,-0.02574956,10.9055,7976
0.3,-6.729256,0,0,1.051471,0.8669256,23.75498,6.030357,-0.4559698,-0.08764832,9.849783,7924
0.32,-8.793001,0,0,1.089986,1.053544,1.43436,0.002633274,-0.1185694,0.08275958,8.041713,7924
0.34,-17.60574,0,0,1.190988,1.079573,6.503064,-4.591173,-0.05108929,0.1318654,6.032361,7936
0.36,-32.88808,0,0,1.091876,0.9442244,-10.00076,-8.303065,-0.1185694,0.0290475,3.140299,7928
0.38,-34.59882,0,0,0.9107162,0.7141204,-6.809917,-11.78165,-0.1185694,-0.05011605,0.7886366,7924
0.4,-114.0811,0,0,0.8211511,0.4730316,-7.771749,-14.03212,-1.06329,-0.8537015,-3.761212,7924
0.42,-101.8581,0,0,0.5087181,0.1111302,-13.95496,-22.61704,-1.06329,-1.108744,-5.692436,7984
0.44,-77.00543,0,0,0.3262783,-0.2597728,-13.08473,-26.45826,-1.13077,-1.220722,-5.996541,7976
0.46,-40.41677,0,0,-0.3011847,-0.7900708,-34.77939,-24.59525,-1.06329,-1.235029,-6.855665,7968
0.48,25.50959,0,0,-1.120125,-1.374557,-35.34427,-17.11185,-0.6584091,-0.9556524,-6.324556,7976
0.5,10.50328,0,0,-1.526818,-1.674168,-17.61908,-4.113299,-1.06329,-1.17627,-6.055717,7936
0.52,99.05307,0,0,-1.640579,-1.610686,5.480163,3.568975,-0.1185694,-0.4158142,-0.3066179,7964
0.54,54.66925,0,0,-0.8229206,-0.9558876,37.95346,15.325,-0.5234499,-0.3770764,4.218735,7920
0.56,-6.461876,0,0,-0.1713845,-0.1913823,34.213,16.5839,-0.7933693,-0.5245319,5.904419,7932
0.58,-40.2033,0,0,0.8628764,0.6585089,54.90003,8.054222,-0.7933693,-0.4867058,8.389397,7932
0.6,26.27331,0,0,1.43991,1.191914,23.84658,-2.899227,0.2188301,0.3289053,11.36428,7960
0.62,-78.13913,0,0,1.27752,1.131815,-9.161062,-3.332149,-0.7933693,-0.3840234,4.27761,7884
0.64,-89.66747,0,0,0.7916663,0.7466272,-18.73359,-12.8309,-0.7933693,-0.7021476,-0.6089457,7964
0.66,-74.02734,0,0,0.9537846,0.5226645,1.373291,-20.64859,-0.7933693,-0.7639318,-1.083307,7940
0.68,-31.44694,0,0,0.6494906,0.1631037,-21.08473,-23.32158,-0.5234499,-0.5950605,-1.719053,7940
0.7,-5.545145,0,0,-0.1019795,-0.4050456,-44.74886,-18.55238,-0.4559698,-0.5739748,-3.898251,7936
0.72,43.83689,0,0,-1.092877,-1.068648,-40.87099,-9.73323,-0.1185694,-0.3820268,-5.09548,7952
0.74,22.37357,0,0,-0.6808208,-0.9339513,26.19773,0.2241508,-0.4559698,-0.4601412,-1.807273,7896
0.76,13.19332,0,0,-0.6774929,-0.7317039,13.57177,4.64151,-0.4559698,-0.4572248,-0.434863,7932
0.78,-30.72287,0,0,0.3073263,-0.05186862,48.97636,3.806653,-0.7933693,-0.5839891,3.091269,7932
0.8,-49.01469,0,0,0.7484995,0.4161962,20.51833,-2.682625,-0.7933693,-0.6044803,3.790295,7968
0.82,-48.97666,0,0,0.7176754,0.4670777,-6.000757,-8.950118,-0.7258892,-0.6149634,2.286083,7956
0.84,-44.38766,0,0,0.4475711,0.2340536,-17.39007,-12.39678,-0.7258892,-0.6833961,0.03726175,7952
0.86,-45.36525,0,0,0.03661446,-0.1453142,-23.86336,-13.01136,-0.8608494,-0.8662459,-2.456187,7948
0.88,-1.827675,0,0,-0.1769127,-0.4084701,-7.099994,-12.74928,-0.5234499,-0.6430513,-1.624017,7944
0.9,21.18823,0,0,-0.2836587,-0.5278265,-7.60381,-7.753198,-0.3884897,-0.4533403,-0.4357987,7924
0.92,13.48382,0,0,-0.259694,-0.4665672,6.075583,-2.116134,-0.4559698,-0.4287916,0.4651097,7924
0.94,10.00234,0,0,-0.09477316,-0.2626525,9.052684,0.3877879,-0.3884897,-0.3384764,1.86341,7940
0.96,-0.7058048,0,0,0.1222585,-0.02439605,11.32749,1.022487,-0.3884897,-0.2954968,2.680338,7912
0.98,-42.27032,0,0,0.3647377,0.1907105,12.70154,-0.4385967,-0.7258892,-0.5467769,1.873091,7944
1,-56.007,0,0,0.5171837,0.3022048,4.319858,-6.137357,-0.7933693,-0.6774678,1.162088,7948
1.02,-52.87917,0,0,0.5298764,0.251116,-2.641977,-11.40868,-0.7933693,-0.7326505,0.2656731,7964
1.04,-19.40011,0,0,0.2903727,0.02681232,-13.89389,-13.8965,-0.5234499,-0.5690731,-0.2461567,7952
1.06,-2.389047,0,0,0.005798018,-0.2325431,-13.87862,-11.28157,-0.4559698,-0.4957798,-0.869354,7936
1.08,8.372127,0,0,-0.176391,-0.3786268,-5.527474,-7.20225,-0.3884897,-0.4225231,-0.6659008,7944
1.1,1.832315,0,0,-0.1714735,-0.362443,2.51833,-3.355198,-0.4559698,-0.4355088,-0.1101546,7916
1.12,-9.229726,0,0,-0.05892522,-0.2387931,7.571767,-1.77614,-0.5234499,-0.4700409,0.5376073,7936
1.14,-14.84387,0,0,0.1128107,-0.07685189,7.495431,-2.367787,-0.5234499,-0.4599282,1.258984,7924
1.16,-18.93198,0,0,0.1986002,0.02091625,4.380926,-3.631369,-0.5234499,-0.4584076,1.315166,7952
1.18,-15.25516,0,0,0.2346278,0.05847683,0.09084838,-5.02064,-0.4559698,-0.4109921,1.306343,7944
1.2,-16.28498,0,0,0.2524503,0.06270014,0.8389403,-5.640869,-0.4559698,-0.4043963,1.050812,7964
1.22,-11.56974,0,0,0.2594952,0.05957165,0.01451245,-6.175984,-0.3884897,-0.35289,1.03526,7948
1.24,-24.96731,0,0,0.3055627,0.07214649,1.617566,-6.197256,-0.5234499,-0.4457882,0.544275,7968
1.26,-20.657,0,0,0.3090126,0.07121032,0.5946653,-7.577509,-0.4559698,-0.4213173,0.5028903,7924
1.28,-13.48478,0,0,0.3180065,0.05948436,-0.2144953,-8.081105,-0.3884897,-0.361472,0.627784,7952
1.3,-25.24072,0,0,0.2884006,0.02923711,-1.222129,-7.617124,-0.5234499,-0.4601826,-0.04686111,7948
1.32,-19.15795,0,0,0.2284576,-0.01445732,-2.565641,-8.313478,-0.4559698,-0.4408796,-0.149932,7956
1.34,-16.76291,0,0,0.2409849,-0.0311528,-0.4282355,-8.180268,-0.4559698,-0.4297217,-0.00399816,7940
1.36,-15.65818,0,0,0.1824,-0.06628039,-1.451137,-7.67862,-0.4559698,-0.432383,-0.1520977,7924
1.38,-21.10241,0,0,0.1913857,-0.06894526,-0.5809073,-7.249783,-0.5234499,-0.4822044,-0.2134253,7932
1.4,-8.840313,0,0,0.1924677,-0.06026992,0.4725278,-7.503807,-0.3884897,-0.3839408,0.3463024,7928
1.42,-20.1853,0,0,0.1833364,-0.0627359,-0.6267089,-6.421377,-0.5234499,-0.4665371,-0.03766418,7928
1.44,-9.626814,0,0,0.1963013,-0.04152663,0.8389403,-6.87084,-0.3884897,-0.3772637,0.4964738,7948
1.46,-15.33185,0,0,0.192267,-0.0378139,-0.6877776,-6.104314,-0.4559698,-0.4088684,0.296849,7936
1.48,-17.14455,0,0,0.2249002,-0.01025021,1.449628,-6.263568,-0.4559698,-0.4136847,0.3970873,7936
1.5,-11.72846,0,0,0.220379,-0.002966672,-0.1686933,-6.545024,-0.3884897,-0.363714,0.5406723,7940
1.52,-24.14554,0,0,0.2370646,0.002551541,0.4114593,-6.246581,-0.5234499,-0.4587005,0.09545994,7944
1.54,-25.04758,0,0,0.2419592,0.003076509,0.8236728,-7.32076,-0.5234499,-0.4858766,-0.01753533,7940
1.56,-17.13979,0,0,0.2410462,-0.01193243,-0.6267089,-8.119657,-0.4559698,-0.4391006,0.1637663,7960
1.58,-21.57655,0,0,0.2607659,-0.01668173,0.9610775,-7.907287,-0.5234499,-0.4765076,0.05360663,7952
1.6,-15.44756,0,0,0.236182,-0.0290945,-0.2450293,-8.138115,-0.4559698,-0.4350152,0.1838583,7960
1.62,-20.73787,0,0,0.2482245,-0.0293386,-0.04655629,-7.706511,-0.5234499,-0.4749987,0.06520557,7956
1.64,-15.27036,0,0,0.2555564,-0.01931497,0.3198562,-7.968338,-0.4559698,-0.4297092,0.3352761,7960
1.66,-20.9353,0,0,0.2404977,-0.02685331,-0.183961,-7.557181,-0.5234499,-0.4745407,0.06226242,7964
1.68,-15.34809,0,0,0.2427945,-0.02315985,-0.07709067,-7.853913,-0.4559698,-0.4313836,0.3011185,7948
1.7,-8.920425,0,0,0.2446494,-0.01840624,0.1061156,-7.486428,-0.3884897,-0.364399,0.5863728,7948
1.72,-22.0859,0,0,0.2468706,-0.01084687,-0.1534266,-6.611373,-0.5234499,-0.4557444,0.1456826,7940
1.74,-17.93019,0,0,0.252353,0.002348214,0.5641309,-7.373027,-0.4559698,-0.4270039,0.3070646,7944
1.76,-22.98749,0,0,0.2349357,-0.01420872,-0.9473198,-7.422721,-0.5234499,-0.477779,-0.03720647,7956
1.78,-22.55318,0,0,0.2494704,-0.01703651,0.6862684,-8.002224,-0.5234499,-0.48872,-0.003524661,7948
1.8,-21.04986,0,0,0.2311025,-0.0370913,-0.2755641,-8.291948,-0.5234499,-0.4935077,-0.07062829,7956
1.82,-13.75926,0,0,0.2438135,-0.0382829,0.1061156,-8.354311,-0.4559698,-0.4357617,0.2874843,7952
1.84,-19.43709,0,0,0.2445782,-0.03685114,0.4114593,-7.665395,-0.5234499,-0.4731634,0.1378918,7956
1.86,-20.40248,0,0,0.2383303,-0.03287926,-0.09235785,-7.763834,-0.5234499,-0.4841976,0.1129965,7944
1.88,-8.181712,0,0,0.2508384,-0.02066931,0.1824515,-7.951037,-0.3884897,-0.3758696,0.6553087,7956
1.9,-20.47165,0,0,0.2471372,-0.01803423,0.2129859,-6.845449,-0.5234499,-0.4568261,0.216104,7944
1.92,-22.87632,0,0,0.27719,0.008240134,0.5030622,-7.437801,-0.5234499,-0.4760261,0.2543723,7956
1.94,-22.4278,0,0,0.253679,-0.005698889,-1.023656,-8.020481,-0.5234499,-0.4873562,0.06438047,7960
1.96,-14.9794,0,0,0.2345176,-0.02785657,-0.2755641,-8.298687,-0.4559698,-0.4380474,0.2110341,7956
1.98,-19.97128,0,0,0.2349928,-0.03822225,-0.2908313,-7.729247,-0.5234499,-0.4769379,0.05146611,7948
2,-14.46153,0,0,0.2377465,-0.03233127,-0.3519,-7.852391,-0.4559698,-0.4312035,0.322093,7944
2.02,-14.19873,0,0,0.2238834,-0.03565747,0.1519171,-7.340043,-0.4559698,-0.4204787,0.3140972,7932
2.04,-9.041643,0,0,0.2225121,-0.02654912,0.6404669,-6.960663,-0.3884897,-0.3628345,0.5749965,7940
2.06,-16.38748,0,0,0.2375844,-0.007919326,0.02977964,-6.237625,-0.4559698,-0.4004785,0.4175591,7936
2.08,-12.52725,0,0,0.2459224,0.01289548,0.7473372,-6.523798,-0.3884897,-0.3575875,0.5983818,7960
2.1,-25.35174,0,0,0.2635705,0.02302877,0.1213828,-6.39386,-0.5234499,-0.455649,0.1193717,7952
2.12,-14.01776,0,0,0.2463533,0.01585189,-0.5045714,-7.549385,-0.3884897,-0.3783562,0.3661744,7948
2.14,-18.18962,0,0,0.2327907,-0.007724769,-0.1381594,-7.138299,-0.4559698,-0.4139473,0.07972133,7940
2.16,-24.40417,0,0,0.2257818,-0.0203853,-0.4587703,-7.264526,-0.5234499,-0.4781922,-0.2006315,7948
2.18,-17.43103,0,0,0.2220491,-0.03082305,-1.084725,-7.956126,-0.4559698,-0.4401954,0.01686096,7944
2.2,-15.57907,0,0,0.2213043,-0.04103965,0.5641309,-7.704805,-0.4559698,-0.4276915,0.1002522,7936
2.22,-21.3013,0,0,0.2038588,-0.0522078,-0.9320526,-7.303032,-0.5234499,-0.479653,-0.1372035,7948
2.24,-21.23006,0,0,0.2139139,-0.04850471,0.04504682,-7.637846,-0.5234499,-0.4905715,-0.0560385,7944
2.26,-14.32518,0,0,0.2393036,-0.03494297,0.5335966,-7.919344,-0.4559698,-0.4338924,0.3376412,7940
2.28,-13.80555,0,0,0.2155884,-0.04219271,-0.3366328,-7.346578,-0.4559698,-0.4218369,0.296204,7948
2.3,-20.72611,0,0,0.2249877,-0.03329562,0.5335966,-6.941848,-0.5234499,-0.4713107,0.1325592,7936
2.32,-15.50699,0,0,0.2281833,-0.02363946,0.3351234,-7.378627,-0.4559698,-0.4304027,0.3482734,7956
2.34,-15.07631,0,0,0.2293152,-0.02238423,0.2435202,-7.14826,-0.4559698,-0.4196775,0.3632388,7956
2.36,-21.78689,0,0,0.2358052,-0.01734135,0.304589,-6.976072,-0.5234499,-0.4710414,0.1387209,7944
2.38,-22.21549,0,0,0.2340653,-0.01847276,0.2129859,-7.537754,-0.5234499,-0.4863235,0.06820703,7940
2.4,-21.13865,0,0,0.2372408,-0.02629282,0.1977187,-7.963958,-0.5234499,-0.4899547,0.06258136,7948
2.42,-8.076279,0,0,0.2446852,-0.02526894,-0.03128911,-8.144404,-0.3884897,-0.379402,0.5928175,7952
2.44,-14.03386,0,0,0.2401679,-0.02382772,0.1366499,-6.936402,-0.4559698,-0.4040537,0.4171895,7936
2.46,-16.48997,0,0,0.2428948,-0.007098243,0.5793981,-6.742699,-0.4559698,-0.4114388,0.3951958,7956
2.48,-17.76085,0,0,0.2702626,0.01585519,0.7015356,-6.945251,-0.4559698,-0.4116309,0.4440542,7944
2.5,-12.26168,0,0,0.2502471,0.01229392,0.2740546,-7.155948,-0.3884897,-0.3629301,0.5065503,7952
2.52,-18.33964,0,0,0.2335624,-0.0009811819,-0.3824344,-6.69856,-0.4559698,-0.4078847,0.1713704,7936
2.54,-19.18416,0,0,0.2430629,0.001782775,0.4877952,-7.030875,-0.4559698,-0.4189748,0.1557183,7936
2.56,-18.68677,0,0,0.2345164,-0.007796526,-0.2297625,-7.315178,-0.4559698,-0.4237586,0.08401406,7956
2.58,-23.97428,0,0,0.236982,-0.01723012,-0.2297625,-7.463822,-0.5234499,-0.4787381,-0.1446626,7964
2.6,-16.99747,0,0,0.2217827,-0.03249319,0.1061156,-8.045739,-0.4559698,-0.4401847,0.02451783,7944
2.62,-15.23582,0,0,0.2185106,-0.04429488,-0.6877776,-7.712096,-0.4559698,-0.4276685,0.1039251,7952
2.64,-15.33769,0,0,0.2359122,-0.03252995,0.4877952,-7.355145,-0.4559698,-0.4196326,0.2563997,7956
2.66,-16.04874,0,0,0.2348807,-0.02281955,-0.1686933,-7.128815,-0.4559698,-0.4177872,0.2761395,7944
2.68,-16.6086,0,0,0.2264832,-0.02061503,0.02977964,-7.030095,-0.4559698,-0.4193255,0.2363981,7956
2.7,-16.93409,0,0,0.232588,-0.01521768,0.2282531,-7.038893,-0.4559698,-0.4192559,0.2538424,7948
2.72,-17.14708,0,0,0.2348532,-0.01224776,-0.2450293,-7.086141,-0.4559698,-0.4195186,0.2455348,7952
2.74,-23.27378,0,0,0.2372557,-0.01360975,0.4725278,-7.153316,-0.5234499,-0.4744825,-0.005043745,7936
2.76,-10.85803,0,0,0.2229929,-0.02169366,-0.2144953,-7.765572,-0.3884897,-0.3823587,0.3730783,7952
2.78,-15.75785,0,0,0.2259271,-0.02690707,-0.183961,-6.928173,-0.4559698,-0.410248,0.2275324,7944
2.8,-23.23831,0,0,0.2385938,-0.01513964,0.8389403,-6.905633,-0.5234499,-0.4705416,0.03201699,7936
2.82,-17.28428,0,0,0.2284682,-0.01820706,-0.3977011,-7.617733,-0.4559698,-0.4348652,0.1697354,7940
2.84,-22.05236,0,0,0.2436057,-0.02082154,-0.06182348,-7.536907,-0.5234499,-0.4770027,0.02303612,7952
2.86,-15.90396,0,0,0.2421562,-0.02181661,0.6862684,-7.954361,-0.4559698,-0.4336315,0.2411559,7956
2.88,-14.99839,0,0,0.2303319,-0.03091465,-0.3824344,-7.576702,-0.4559698,-0.4228519,0.2386087,7944
2.9,-21.49395,0,0,0.2380834,-0.02645409,0.3503905,-7.257648,-0.5234499,-0.4725974,0.06652033,7944
2.92,-15.8845,0,0,0.2315928,-0.02495632,0.1671843,-7.679743,-0.4559698,-0.4327029,0.2525921,7948
2.94,-15.10831,0,0,0.2269815,-0.02953002,-0.107625,-7.380845,-0.4559698,-0.4221621,0.270408,7956
2.96,-15.56692,0,0,0.2288866,-0.02499536,0.2740546,-7.106631,-0.4559698,-0.4185929,0.3008575,7956
2.98,-22.22421,0,0,0.2285373,-0.0223483,0.1519171,-6.977216,-0.5234499,-0.4728156,0.05495775,7960
3,-22.3419,0,0,0.222572,-0.02734244,-0.04655629,-7.549172,-0.5234499,-0.4890308,-0.01602316,7948
3.02,-14.94769,0,0,0.2219091,-0.03576192,0.06031401,-7.93223,-0.4559698,-0.4380611,0.2285099,7948
3.04,-19.98008,0,0,0.2232871,-0.04186532,0.09084838,-7.445721,-0.5234499,-0.4771001,0.06608766,7952
3.06,-8.458691,0,0,0.2300374,-0.03050335,0.1366499,-7.634841,-0.3884897,-0.3765304,0.5858541,7952
3.08,-20.66185,0,0,0.2347118,-0.02401009,0.1519171,-6.624284,-0.5234499,-0.4580528,0.1896777,7932
3.1,-10.6003,0,0,0.2306495,-0.01078299,0.5793981,-7.164904,-0.3884897,-0.3730458,0.5730219,7944
3.12,-22.64404,0,0,0.2588526,0.002827644,0.02977964,-6.603128,-0.5234499,-0.4563921,0.2186667,7944
3.14,-24.17723,0,0,0.2544771,0.005779311,0.7626044,-7.44114,-0.5234499,-0.4823405,0.06950092,7956
3.16,-22.79849,0,0,0.2452891,-0.01257738,-0.5809073,-8.130584,-0.5234499,-0.4917139,-0.03432649,7952
3.18,-15.10971,0,0,0.2566088,-0.02041647,0.5793981,-8.469069,-0.4559698,-0.4363116,0.2666063,7940
3.2,-8.230258,0,0,0.249438,-0.02434841,-0.03128911,-7.887089,-0.3884897,-0.3660585,0.5461305,7964
3.22,-21.47235,0,0,0.2524565,-0.01599546,0.1366499,-6.822174,-0.5234499,-0.4553935,0.141963,7956
3.24,-11.50745,0,0,0.2511503,-0.0003632009,0.6557342,-7.44007,-0.3884897,-0.3721357,0.5344302,7944
3.26,-17.17771,0,0,0.2495443,-0.0007641613,-0.550373,-6.851014,-0.4559698,-0.405748,0.2964566,7956
3.28,-12.51323,0,0,0.2481337,0.006250843,0.9458106,-7.022482,-0.3884897,-0.3616516,0.4694066,7948
3.3,-18.7415,0,0,0.2357991,-0.0003269166,-0.5351062,-6.639342,-0.4559698,-0.4073921,0.1574473,7964
3.32,-13.5735,0,0,0.2489585,0.008769929,0.2893218,-7.042854,-0.3884897,-0.3638573,0.3942372,7948
3.34,-25.39165,0,0,0.2443608,0.001163527,0.304589,-6.791869,-0.5234499,-0.4630729,-0.1221244,7940
3.36,-19.52576,0,0,0.2417127,-0.004930109,-0.2297625,-7.804585,-0.4559698,-0.4361656,0.02496552,7940
3.38,-23.5183,0,0,0.2506928,-0.01691747,-0.3366328,-7.914636,-0.5234499,-0.481038,-0.1459577,7956
3.4,-10.70445,0,0,0.2609645,-0.01451881,0.6099325,-8.403677,-0.3884897,-0.3807894,0.39081,7956
3.42,-21.85612,0,0,0.2533016,-0.02212323,-0.6114421,-7.424184,-0.5234499,-0.4629291,-0.02652609,7956
3.44,-17.21992,0,0,0.2640036,-0.008709103,0.8542075,-7.920877,-0.4559698,-0.4287271,0.2327226,7952
3.46,-22.40297,0,0,0.2426,-0.0227132,-0.3366328,-7.733911,-0.5234499,-0.477641,-0.07781875,7952
3.48,-16.21921,0,0,0.2560893,-0.01845573,0.06031401,-8.160013,-0.4559698,-0.4331801,0.2233035,7916
3.5,-9.34554,0,0,0.2471048,-0.02105969,0.2282531,-7.788163,-0.3884897,-0.3670109,0.4782252,7952
3.52,-16.03777,0,0,0.233145,-0.02201957,-0.1228922,-6.810748,-0.4559698,-0.4053183,0.2420475,7948
3.54,-23.81547,0,0,0.2340494,-0.01423664,0.3351234,-6.845124,-0.5234499,-0.4709001,-0.02086592,7948
3.56,-17.73312,0,0,0.2342304,-0.01423745,-0.01602192,-7.652543,-0.4559698,-0.434938,0.1601772,7952
3.58,-16.30712,0,0,0.2407758,-0.01892082,-0.3519,-7.593218,-0.4559698,-0.4236718,0.2152364,7964
3.6,-10.36102,0,0,0.2496109,-0.01095834,0.6099325,-7.426037,-0.3884897,-0.364018,0.5137621,7964
3.62,-17.0825,0,0,0.2414935,-0.008458614,-0.1992282,-6.699344,-0.4559698,-0.4042694,0.2629015,7964
3.64,-18.68969,0,0,0.2492843,0.003381804,0.5030622,-6.918322,-0.4559698,-0.4153391,0.2395377,7956
3.66,-12.87899,0,0,0.2643423,0.01462692,0.304589,-7.26752,-0.3884897,-0.3629524,0.4870051,7956
3.68,-12.97977,0,0,0.2605099,0.0153703,0.4419934,-6.905991,-0.3884897,-0.3507233,0.4474998,7944
3.7,-20.11979,0,0,0.2517372,0.01323763,0.01451245,-6.657692,-0.4559698,-0.4047601,0.1247958,7952
3.72,-20.80129,0,0,0.260076,0.01568834,0.2893218,-7.237797,-0.4559698,-0.4193594,0.0797438,7948
3.74,-19.90656,0,0,0.2597177,0.006758258,0.2435202,-7.693518,-0.4559698,-0.4239215,0.0350228,7940
3.76,-18.75354,0,0,0.2472202,-0.01024924,0.06031401,-7.868458,-0.4559698,-0.4262839,-0.01632506,7956
3.78,-17.87131,0,0,0.2524683,-0.01584177,0.1671843,-7.876428,-0.4559698,-0.4243136,0.0477854,7956
3.8,-17.38226,0,0,0.2455294,-0.02125438,0.04504682,-7.770654,-0.4559698,-0.4234904,0.06306398,7948
3.82,-23.14741,0,0,0.2434117,-0.02531263,-0.01602192,-7.648571,-0.5234499,-0.4771279,-0.1413584,7972
3.84,-10.7568,0,0,0.2441948,-0.02264798,0.1366499,-8.138692,-0.3884897,-0.3812335,0.3535942,7964
3.86,-9.882713,0,0,0.2438117,-0.02055541,0.02977964,-7.210773,-0.3884897,-0.3540504,0.453352,7956
3.88,-17.69986,0,0,0.2368688,-0.01130512,0.06031401,-6.491422,-0.4559698,-0.4026389,0.211814,7956
3.9,-13.25474,0,0,0.2379013,0.001496717,0.3351234,-6.803557,-0.3884897,-0.3625398,0.3997059,7948
3.92,-25.37557,0,0,0.2442143,0.002361223,0.07558119,-6.596668,-0.5234499,-0.4614699,-0.07304871,7948
3.94,-19.67005,0,0,0.2416342,-0.00129649,0.1366499,-7.67282,-0.4559698,-0.4351968,0.05728602,7948
3.96,-17.54734,0,0,0.2339619,-0.01984489,-0.7183124,-7.789702,-0.4559698,-0.4284443,0.04350293,7964
3.98,-16.71856,0,0,0.2328571,-0.0279813,0.6862684,-7.642509,-0.4559698,-0.4247779,0.09026545,7940
4,-22.4114,0,0,0.2182813,-0.03915848,-0.3213652,-7.422624,-0.5234499,-0.4791865,-0.1608185,7948
4.02,-15.97738,0,0,0.2173864,-0.04152341,0.1824515,-7.839012,-0.4559698,-0.4378498,0.1024646,7948
4.04,-14.78007,0,0,0.2163519,-0.04475859,-0.0007547362,-7.460989,-0.4559698,-0.4250147,0.1865643,7940
4.06,-15.09598,0,0,0.2149583,-0.03984033,0.02977964,-7.082381,-0.4559698,-0.4206084,0.2409983,7952
4.08,-9.779921,0,0,0.2221831,-0.02514277,0.1366499,-6.877651,-0.3884897,-0.3635686,0.538247,7948
4.1,-22.8107,0,0,0.2291528,-0.01434492,0.01451245,-6.240497,-0.5234499,-0.4575151,0.1033263,7944
4.12,-18.29386,0,0,0.2391306,-0.001007453,0.4419934,-7.160822,-0.4559698,-0.4289922,0.2769637,7952
4.14,-17.13545,0,0,0.234351,-0.009786487,-0.7793808,-7.308873,-0.4559698,-0.4231717,0.2260542,7960
4.16,-10.91479,0,0,0.2426174,-0.007315293,0.6251997,-7.304111,-0.3884897,-0.3654516,0.4937471,7956
4.18,-17.21605,0,0,0.2253693,-0.01446202,-0.04655629,-6.630415,-0.4559698,-0.407334,0.1977068,7964
4.2,-24.42292,0,0,0.2285681,-0.01239538,0.4267263,-6.831875,-0.5234499,-0.4733879,-0.06990099,7940
4.22,-47.87383,0,0,0.2207622,-0.03587852,-0.09235785,-7.699317,-0.7933693,-0.7117519,-1.124438,7948
4.24,-44.43064,0,0,0.2239449,-0.07335047,-0.3519,-10.65064,-0.7933693,-0.7737582,-1.200534,7972
4.26,-36.08121,0,0,0.1970046,-0.1462427,-2.336633,-12.1782,-0.7933693,-0.7871655,-1.154383,7964
4.28,-27.79264,0,0,0.03357128,-0.28279,-8.519841,-11.86487,-0.7933693,-0.802801,-1.472868,7956
4.3,-20.62181,0,0,-0.08607357,-0.3904715,-4.947321,-10.42798,-0.7933693,-0.8056167,-1.358042,7972
4.32,-15.28773,0,0,-0.2058514,-0.4695293,-4.748848,-8.364793,-0.7933693,-0.8044285,-1.142915,7952
4.34,-12.66222,0,0,-0.1838275,-0.4496831,0.5183294,-6.476569,-0.7933693,-0.7829844,-0.3320911,7940
4.36,-12.8687,0,0,-0.1577243,-0.3937606,2.167185,-5.028357,-0.7933693,-0.7643266,0.2822433,7956
4.38,-14.92635,0,0,-0.08337764,-0.3064534,2.961078,-4.309859,-0.7933693,-0.746178,0.8667797,7948
4.4,-17.9609,0,0,-0.002639891,-0.2168243,3.663368,-4.296344,-0.7933693,-0.733398,1.236277,7956
4.42,-20.94317,0,0,0.05545084,-0.1513802,2.884742,-4.790688,-0.7933693,-0.7291775,1.324743,7964
4.44,-23.31675,0,0,0.1151251,-0.1029634,3.11375,-5.614564,-0.7933693,-0.7275583,1.327627,7964
4.46,-24.53204,0,0,0.1028057,-0.1063029,-0.9931214,-6.389473,-0.7933693,-0.7368965,0.9939323,7968
4.48,-18.69661,0,0,0.1221249,-0.1077761,1.083215,-7.077155,-0.7258892,-0.6857805,1.113073,7960
4.5,-18.64569,0,0,0.1057309,-0.1247722,-0.1381594,-6.899809,-0.7258892,-0.6768451,0.9246867,7940
4.52,-19.62485,0,0,0.1084992,-0.1275837,0.1519171,-6.778882,-0.7258892,-0.6752932,0.8459473,7952
4.54,-26.45837,0,0,0.09732939,-0.1369942,-0.04655629,-6.772121,-0.7933693,-0.7328642,0.4721426,7940
4.56,-26.51482,0,0,0.09101977,-0.1492029,-0.2144953,-7.438678,-0.7933693,-0.7502936,0.3551914,7952
4.58,-24.99768,0,0,0.08590372,-0.1674212,-0.03128911,-7.869896,-0.7933693,-0.7550339,0.3159657,7956
4.6,-23.49349,0,0,0.07744844,-0.1848926,-0.107625,-7.97309,-0.7933693,-0.7555404,0.3194355,7956
4.62,-22.45061,0,0,0.0735094,-0.1942984,-0.09235785,-7.871634,-0.7933693,-0.7537772,0.3743148,7948
4.64,-21.91897,0,0,0.07166924,-0.1964356,0.02977964,-7.689269,-0.7933693,-0.7515259,0.4414505,7956
4.66,-21.71482,0,0,0.06544124,-0.1972725,0.1519171,-7.495236,-0.7933693,-0.7505088,0.477379,7956
4.68,-21.70791,0,0,0.06795406,-0.1928193,0.06031401,-7.351559,-0.7933693,-0.7489065,0.5377702,7948
4.7,-21.80318,0,0,0.06603259,-0.1897425,0.1213828,-7.251119,-0.7933693,-0.7484315,0.5593667,7960
4.72,-21.89815,0,0,0.06591304,-0.1870063,0.2282531,-7.194463,-0.7933693,-0.7481927,0.576757,7968
4.74,-21.89762,0,0,0.05717412,-0.1899247,0.1366499,-7.142825,-0.7933693,-0.7494044,0.5502157,7956
4.76,-15.86847,0,0,0.06306325,-0.1840194,0.1519171,-7.117435,-0.7258892,-0.6937687,0.8313094,7948
4.78,-16.27233,0,0,0.0678819,-0.1743357,0.1824515,-6.505925,-0.7258892,-0.6781169,0.8844362,7956
4.8,-23.99019,0,0,0.0715023,-0.1622348,0.3503905,-6.159436,-0.7933693,-0.7295333,0.6318524,7948
4.82,-25.0762,0,0,0.06421051,-0.1617678,-0.1686933,-6.694268,-0.7933693,-0.7468487,0.5054832,7956
4.84,-24.32281,0,0,0.07016203,-0.1675693,0.1213828,-7.177705,-0.7933693,-0.7513943,0.4815358,7964
4.86,-23.34094,0,0,0.06960521,-0.1772604,0.09084838,-7.420003,-0.7933693,-0.7523205,0.46838,7952
4.88,-28.55663,0,0,0.06510673,-0.18956,0.09084838,-7.472011,-0.8608494,-0.8069107,0.2265179,7948
4.9,-21.68715,0,0,0.05999847,-0.1987142,0.04504682,-8.009268,-0.7933693,-0.7663672,0.4537905,7944
4.92,-20.20169,0,0,0.06574319,-0.2024538,-0.4587703,-7.684164,-0.7933693,-0.7523155,0.5676016,7956
4.94,-20.40434,0,0,0.06399769,-0.198555,0.6404669,-7.310485,-0.7933693,-0.7474926,0.621528,7960
4.96,-20.98573,0,0,0.06265464,-0.1919349,-0.2602969,-7.079429,-0.7933693,-0.7462035,0.6447082,7960
4.98,-21.62355,0,0,0.07738677,-0.1778744,0.304589,-7.027832,-0.7933693,-0.7440915,0.7095599,7960
5,-22.10284,0,0,0.07130881,-0.1754262,0.1977187,-7.046397,-0.7933693,-0.7457204,0.655888,7964
5.02,-22.27682,0,0,0.06968214,-0.176088,-0.1534266,-7.103837,-0.7933693,-0.7471331,0.6243451,7944
5.04,-16.29289,0,0,0.07197469,-0.1732514,0.1366499,-7.15985,-0.7258892,-0.6927731,0.858234,7952
5.06,-16.55543,0,0,0.06691849,-0.1716681,0.04504682,-6.578617,-0.7258892,-0.6791282,0.8524683,7952
5.08,-18.02256,0,0,0.06597199,-0.1627788,0.1977187,-6.216087,-0.7258892,-0.6765834,0.8257657,7968
5.1,-25.23903,0,0,0.05661993,-0.1629484,-0.04655629,-6.106771,-0.7933693,-0.7337754,0.4923356,7956
5.12,-25.6788,0,0,0.06745914,-0.1605535,0.1213828,-6.794921,-0.7933693,-0.7489424,0.4560255,7956
5.14,-24.56456,0,0,0.07033446,-0.1692108,0.01451245,-7.307153,-0.7933693,-0.7530425,0.4280201,7948
5.16,-23.34501,0,0,0.06598467,-0.1822884,0.06031401,-7.52036,-0.7933693,-0.7539726,0.4138359,7952
5.18,-22.46607,0,0,0.06780235,-0.1888048,0.09084838,-7.538997,-0.7933693,-0.7523827,0.4581494,7948
5.2,-22.00711,0,0,0.06728099,-0.1911868,0.1519171,-7.458266,-0.7933693,-0.7507316,0.4984649,7956
5.22,-21.88698,0,0,0.072368,-0.1875629,0.1213828,-7.371041,-0.7933693,-0.7486572,0.5566755,7952
5.24,-21.90369,0,0,0.06608531,-0.188088,0.06031401,-7.284359,-0.7933693,-0.7487993,0.5510643,7964
5.26,-21.85084,0,0,0.05767636,-0.1915594,0.1519171,-7.204451,-0.7933693,-0.749769,0.5346076,7960
5.28,-21.81947,0,0,0.06345277,-0.1883406,0.09084838,-7.160525,-0.7933693,-0.7486093,0.5811121,7940
5.3,-21.92496,0,0,0.06981089,-0.1827686,0.1061156,-7.146924,-0.7933693,-0.7472915,0.6173398,7960
5.32,-22.09827,0,0,0.07367378,-0.1782804,0.07558119,-7.161395,-0.7933693,-0.746731,0.6291549,7948
5.34,-22.207,0,0,0.07087249,-0.1784539,0.1061156,-7.182494,-0.7933693,-0.7474751,0.6055838,7956
5.36,-22.21881,0,0,0.07056446,-0.1791328,0.1213828,-7.2067,-0.7933693,-0.7478979,0.5966054,7940
5.38,-22.26642,0,0,0.07929657,-0.174945,0.1061156,-7.248205,-0.7933693,-0.7467678,0.6282185,7952
5.4,-22.39678,0,0,0.08442762,-0.1711609,0.1366499,-7.296656,-0.7933693,-0.7461303,0.6360033,7964
5.42,-22.50732,0,0,0.08458661,-0.1704949,0.1671843,-7.344121,-0.7933693,-0.7464859,0.6181349,7952
5.44,-22.5508,0,0,0.08523371,-0.1707541,-0.0007547362,-7.389122,-0.7933693,-0.7468338,0.6054469,7948
5.46,-22.50264,0,0,0.0796603,-0.1747424,0.06031401,-7.407945,-0.7933693,-0.7479472,0.5711473,7964
5.48,-22.41246,0,0,0.08046185,-0.1761422,0.04504682,-7.416397,-0.7933693,-0.7479389,0.5745502,7960
5.5,-22.3123,0,0,0.07489526,-0.1798578,0.1824515,-7.396823,-0.7933693,-0.7486072,0.5539406,7968
5.52,-28.17938,0,0,0.06936835,-0.1869078,0.1213828,-7.362941,-0.8608494,-0.8039411,0.2998494,7952
5.54,-21.84155,0,0,0.08233943,-0.183096,0.1824515,-7.961461,-0.7933693,-0.7616706,0.5828829,7952
5.56,-20.70081,0,0,0.08004455,-0.1876682,-0.3213652,-7.713634,-0.7933693,-0.7498094,0.6200192,7968
5.58,-20.9692,0,0,0.07873285,-0.1854316,0.5030622,-7.427498,-0.7933693,-0.7461451,0.6464431,7952
5.6,-21.43221,0,0,0.06900749,-0.1856338,-0.1381594,-7.237572,-0.7933693,-0.7466553,0.6161752,7948
5.62,-21.82979,0,0,0.07705585,-0.1785664,0.1519171,-7.180241,-0.7933693,-0.7456644,0.6539625,7944
5.64,-16.16809,0,0,0.07982962,-0.1707377,0.2893218,-7.186543,-0.7258892,-0.6909229,0.8926942,7956
5.66,-22.63469,0,0,0.0706273,-0.1718723,0.04504682,-6.601282,-0.7933693,-0.7329781,0.6205844,7956
5.68,-23.87496,0,0,0.07447283,-0.1657089,0.2282531,-6.876365,-0.7933693,-0.7448651,0.5802963,7952
5.7,-23.61011,0,0,0.06991199,-0.1711227,-0.06182348,-7.175003,-0.7933693,-0.749692,0.5192211,7948
5.72,-22.97964,0,0,0.06791539,-0.1789105,0.02977964,-7.339719,-0.7933693,-0.7510958,0.50091,7952
5.74,-22.42766,0,0,0.06662454,-0.1848063,0.1213828,-7.379112,-0.7933693,-0.7508854,0.5085688,7952
5.76,-22.10585,0,0,0.06891678,-0.1860079,0.1061156,-7.353552,-0.7933693,-0.7496533,0.5412014,7956
5.78,-21.94058,0,0,0.0630412,-0.1890508,0.06031401,-7.286932,-0.7933693,-0.7496893,0.5367287,7956
5.8,-21.87907,0,0,0.06610855,-0.1873032,0.1061156,-7.23308,-0.7933693,-0.7486928,0.5714368,7952
5.82,-21.90928,0,0,0.06590825,-0.1857814,0.1213828,-7.190938,-0.7933693,-0.7482775,0.5832871,7960
5.84,-21.89715,0,0,0.05847353,-0.1886492,0.06031401,-7.145641,-0.7933693,-0.7492266,0.559651,7964
5.86,-21.84921,0,0,0.05967355,-0.1883506,0.07558119,-7.116425,-0.7933693,-0.7489614,0.5773735,7948
5.88,-21.80444,0,0,0.05567774,-0.1899278,0.04504682,-7.080971,-0.7933693,-0.7492978,0.5700261,7948
5.9,-15.77091,0,0,0.05759975,-0.18594,0.1519171,-7.051337,-0.7258892,-0.6941303,0.8302383,7960
5.92,-22.04578,0,0,0.04904873,-0.1873034,0.1061156,-6.40468,-0.7933693,-0.7351931,0.587912,7944
5.94,-23.25108,0,0,0.05410169,-0.1793772,0.3961921,-6.622558,-0.7933693,-0.7461998,0.5734884,7940
5.96,-23.18578,0,0,0.06849585,-0.1725653,0.04504682,-6.933021,-0.7933693,-0.7478597,0.6026021,7944
5.98,-22.89335,0,0,0.07051906,-0.173655,0.304589,-7.141657,-0.7933693,-0.748735,0.582504,7960
6,-22.53678,0,0,0.06552022,-0.17999,0.01451245,-7.236849,-0.7933693,-0.7498567,0.5478088,7944
6.02,-22.2543,0,0,0.06951344,-0.1815051,0.06031401,-7.272997,-0.7933693,-0.749115,0.5690764,7948
6.04,-22.06186,0,0,0.06269128,-0.186249,0.304589,-7.248836,-0.7933693,-0.7496434,0.5471314,7952
6.06,-21.94971,0,0,0.06598797,-0.1857243,0.3351234,-7.22061,-0.7933693,-0.7487834,0.5758511,7952
6.08,-21.98716,0,0,0.07160272,-0.1818297,0.3809245,-7.206243,-0.7933693,-0.7475302,0.6083723,7956
6.1,7.887155,0,0,0.07867849,-0.161588,0.09084838,-7.190781,-0.4559698,-0.4728482,1.841937,7960
6.12,-24.03824,0,0,0.09054469,-0.1403384,0.4725278,-4.228691,-0.7933693,-0.6713771,0.8106211,7948
6.14,-91.16151,0,0,0.1559841,-0.1013528,4.151918,-5.739645,-1.46817,-1.268842,-1.609823,7956
6.16,-83.31641,0,0,0.3365895,-0.0542236,5.28169,-14.05421,-1.40069,-1.356345,-1.197404,7980
6.18,-66.6657,0,0,0.1749891,-0.2505082,-6.489306,-18.36728,-1.40069,-1.403729,-2.016962,7972
6.2,-108.7769,0,0,-0.1439604,-0.5890461,-20.50458,-18.65115,-2.075489,-1.988937,-5.253091,7984
6.22,-141.9021,0,0,-0.616889,-1.042592,-22.39771,-21.70338,-2.68281,-2.669554,-8.533473,8036
6.24,-167.3933,0,0,-0.9935471,-1.524603,-17.93969,-25.91644,-3.357609,-3.391648,-10.83984,8068
6.26,-297.8605,0,0,-1.3535,-2.073473,-24.82519,-30.27708,-5.314529,-5.142286,-16.90005,8092
6.28,-68.08264,0,0,-1.695378,-2.543041,-31.25267,-45.02149,-3.357609,-3.978369,-8.729325,8232
6.3,117.0376,0,0,-2.261083,-3.0399,-31.29848,-29.68364,-2.075489,-2.579221,-1.309918,8108
6.32,129.5237,0,0,-2.87365,-3.189087,-34.82519,1.204393,-2.075489,-2.173949,1.58316,8024
6.34,-17.46738,0,0,-3.545188,-3.173893,-34.56565,24.88735,-3.425089,-3.192482,-2.314062,8048
6.36,-430.1367,0,0,-3.626036,-3.125115,16.09085,25.63182,-7.811289,-7.004498,-16.54456,8076
6.38,-519.6621,0,0,-2.308124,-2.695911,56.01453,-19.43127,-9.025928,-8.802264,-15.9029,8372
6.4,-262.3448,0,0,-1.325451,-2.661613,49.22064,-61.24067,-7.20397,-7.633658,-4.946808,8436
6.42,-388.4676,0,0,-0.6879625,-2.861449,32.70155,-65.05322,-9.633249,-9.119126,-8.027357,8316
6.44,213.5027,0,0,-0.8573954,-2.900284,-23.64962,-79.21087,-3.290129,-4.341569,15.41703,8456
6.46,253.1439,0,0,-2.172631,-3.434535,-75.25269,-24.01009,-3.290129,-3.166561,15.46847,8108
6.48,141.8373,0,0,-3.682054,-3.603249,-77.4817,21.17907,-3.695009,-3.352795,10.87661,8124
6.5,83.1107,0,0,-4.913381,-3.718529,-62.09238,43.54467,-3.627529,-3.522321,7.310307,8116
6.52,47.73361,0,0,-5.383883,-3.716229,21.38857,53.86362,-3.695009,-3.682754,6.10974,8128
6.54,-90.71703,0,0,-4.107605,-2.920371,52.57942,53.48246,-4.977129,-4.570702,7.411585,8120
6.56,25.61423,0,0,-2.779756,-1.903645,65.99927,35.35383,-3.357609,-3.36754,16.69069,8200
6.58,-490.2321,0,0,-1.514983,-1.250584,71.20538,30.60606,-8.958448,-7.494741,-0.4115775,8100
6.6,-440.1321,0,0,-0.4307072,-0.8062582,51.52598,-27.99171,-8.148689,-7.916669,0.5316818,8432
6.62,-424.8702,0,0,-0.3782677,-1.529282,-10.80992,-62.37563,-8.958448,-8.732899,-5.291274,8392
6.64,-389.771,0,0,-1.312001,-2.890245,-47.52749,-80.92622,-9.565769,-9.53011,-11.63161,8424
6.66,263.3348,0,0,-2.341648,-3.985528,-51.9855,-85.7589,-3.290129,-4.661327,9.638211,8456
6.68,170.2364,0,0,-3.567696,-4.769442,-66.71834,-19.16319,-4.977129,-4.705393,6.959579,8084
6.7,207.3366,0,0,-5.030371,-4.847333,-74.27559,20.31323,-3.762489,-3.844948,9.857725,8188
6.72,-433.0142,0,0,-6.140242,-5.127468,-48.94733,52.91788,-10.44301,-9.144505,-14.93102,8128
6.74,140.5088,0,0,-5.623928,-4.593651,49.93819,9.129064,-3.762489,-5.056064,10.45771,8524
6.76,218.0987,0,0,-4.782511,-4.182248,39.31224,35.47536,-3.695009,-3.719686,18.68409,8132
6.78,293.9236,0,0,-3.781617,-2.922643,38.31987,58.08987,-2.075489,-1.917283,29.69469,8132
6.8,198.4063,0,0,-3.550154,-1.89773,13.93818,79.70134,-2.075489,-1.527395,28.58251,8032
6.82,97.98584,0,0,-3.368721,-1.138974,14.91528,83.51066,-2.075489,-1.568596,24.46377,8032
6.84,-487.3483,0,0,-2.141887,-0.4368073,91.63287,71.60655,-7.811289,-6.215944,3.163715,8024
6.86,-548.1134,0,0,-0.5407368,0.09404691,77.22065,-0.380971,-8.148689,-7.684289,-0.6491735,8376
6.88,-428.9569,0,0,0.8046876,-0.1216617,71.81607,-58.46435,-7.811289,-7.705684,0.1919646,8420
6.9,-313.6018,0,0,2.228592,-0.2356039,67.02217,-88.99837,-7.473888,-7.23406,4.791425,8400
6.92,-269.7869,0,0,1.975567,-0.8274492,-38.68779,-96.94061,-7.541368,-7.196496,2.309083,8356
6.94,-207.4567,0,0,0.3279363,-2.061439,-75.43589,-92.95461,-7.27145,-7.171852,-3.263145,8364
6.96,-164.0185,0,0,-1.115528,-3.237951,-74.51986,-79.48399,-7.27145,-7.262023,-6.224722,8344
6.98,222.6905,0,0,-2.504731,-4.050033,-73.28322,-61.40421,-3.357609,-4.169968,6.669332,8332
7,-110.7893,0,0,-3.746432,-4.655839,-69.06948,-6.766587,-7.27145,-6.53953,-5.256948,8104
7.02,152.4425,0,0,-4.980851,-4.797122,-61.08475,-0.08711177,-3.829969,-4.485061,4.971948,8332
7.04,182.2541,0,0,-5.605352,-4.888339,5.922912,32.84849,-3.695009,-3.82324,8.176065,8152
7.06,20.14958,0,0,-4.880886,-4.02742,29.58704,55.73105,-4.977129,-4.526309,9.974216,8140
7.08,-154.1982,0,0,-4.077191,-3.048923,28.80842,51.89669,-6.259249,-5.692348,8.146364,8224
7.1,-152.9954,0,0,-2.61486,-2.022158,81.41912,27.26857,-5.92185,-5.613553,12.59009,8280
7.12,-188.4373,0,0,-1.027254,-1.142625,66.59469,6.111054,-6.259249,-5.738662,14.59482,8264
7.14,-223.1373,0,0,-0.8956913,-1.107668,-26.61145,-12.32976,-6.596649,-6.145598,9.593633,8264
7.16,91.96793,0,0,-2.547369,-2.199324,-71.5733,-23.25893,-3.357609,-3.932727,11.16168,8292
7.18,-7.88504,0,0,-4.252723,-3.600038,-82.16872,6.366386,-4.977129,-4.828693,0.3027039,8092
7.2,104.2027,0,0,-5.657598,-4.479468,-26.53511,20.57687,-3.695009,-4.129263,1.402966,8212
7.22,-8.330612,0,0,-4.52813,-3.938756,40.41147,38.47092,-4.977129,-4.696437,5.669921,8124
7.24,90.8501,0,0,-3.566574,-2.915926,57.43438,36.27431,-3.425089,-3.455756,15.80547,8204
7.26,-122.4667,0,0,-1.880789,-1.624651,81.77026,39.57667,-5.38201,-4.531998,15.10259,8120
7.28,-111.182,0,0,-0.787704,-0.5828192,60.94583,16.7031,-4.572248,-4.157279,17.6962,8224
7.3,-190.996,0,0,0.2578318,0.01379964,42.28934,-0.8021429,-5.247049,-4.595737,14.76223,8180
7.32,-130.2439,0,0,0.8469351,0.2658394,22.06032,-22.37125,-4.36981,-4.04379,15.00486,8220
7.34,-37.29683,0,0,0.03192034,-0.3594351,-49.14581,-28.36144,-3.425089,-3.337687,11.11113,8164
7.36,-12.28786,0,0,-1.361838,-1.414596,-70.97787,-18.82971,-3.290129,-3.24995,4.465561,8112
7.38,-5.823189,0,0,-2.999798,-2.580375,-79.05421,-4.98946,-3.357609,-3.465491,-1.85587,8112
7.4,-159.5977,0,0,-4.232063,-3.582754,15.15956,8.597479,-5.314529,-5.188337,-11.35777,8096
7.42,35.56115,0,0,-2.949781,-3.059731,51.67865,-0.9093783,-3.290129,-3.704257,4.067146,8208
7.44,43.73515,0,0,-2.100699,-2.384933,38.97636,9.956123,-3.357609,-3.199095,10.04543,8140
7.46,-48.43658,0,0,-1.531373,-1.650281,15.63284,16.13111,-3.96493,-3.509774,10.33414,8092
7.48,-86.24966,0,0,-1.904217,-1.544206,-16.55038,11.66957,-4.03241,-3.782682,6.552816,8140
7.5,-25.28333,0,0,-2.303473,-1.797306,0.4114593,5.996151,-3.357609,-3.406129,5.845844,8140
7.52,-24.89812,0,0,-1.091493,-1.270203,37.08323,5.09006,-3.357609,-3.117752,10.79739,8120
7.54,-79.40495,0,0,-0.5348039,-0.785858,13.84658,2.732988,-3.695009,-3.284003,10.32034,8116
7.56,-99.92603,0,0,-0.5763125,-0.7017358,-9.619079,-4.435988,-3.695009,-3.40983,7.582941,8140
7.58,-98.41621,0,0,-1.043502,-1.063226,-23.75649,-10.03277,-3.695009,-3.557118,3.652106,8136
7.6,-91.16324,0,0,-1.27979,-1.430683,-11.71068,-12.82946,-3.762489,-3.68125,1.77177,8132
7.62,-70.16523,0,0,-1.506375,-1.737656,-14.93206,-13.18372,-3.695009,-3.667127,1.304572,8128
7.64,-56.18636,0,0,-1.814115,-2.018436,-19.68015,-10.31598,-3.695009,-3.674592,0.8923457,8112
7.66,-69.4341,0,0,-2.160968,-2.275168,-9.161062,-5.933304,-3.96493,-3.908367,-0.2820396,8136
7.68,-64.74404,0,0,-1.809634,-2.116368,13.99925,-5.228799,-3.96493,-3.879632,2.490995,8148
7.7,-75.18996,0,0,-1.697208,-1.978969,1.846574,-4.662283,-4.09989,-3.954584,3.204483,8140
7.72,21.04138,0,0,-1.692807,-1.87235,1.43436,-5.302513,-3.02021,-3.099631,7.365522,8152
7.74,-66.63549,0,0,-1.574459,-1.746339,3.846575,3.555721,-3.96493,-3.617084,5.138403,8080
7.76,-2.260239,0,0,-1.577747,-1.581885,1.831307,0.631474,-3.02021,-3.011193,7.820392,8148
7.78,-9.341171,0,0,-1.142775,-1.276907,24.19773,3.918517,-3.02021,-2.800937,9.425573,8076
7.8,-38.68034,0,0,-0.9048328,-0.9846084,7.480164,4.59959,-3.08769,-2.80444,9.034824,8080
7.82,-51.09734,0,0,-0.9532752,-0.9093682,2.51833,2.104398,-3.02021,-2.808538,7.383308,8120
7.84,-62.8277,0,0,-0.4876086,-0.6739765,21.02215,-2.155851,-3.02021,-2.775738,7.857337,8088
7.86,-73.57038,0,0,-0.2463891,-0.5280582,8.319858,-6.956363,-3.02021,-2.774788,7.141088,8096
7.88,-168.2603,0,0,-0.4167203,-0.6981604,-9.00839,-10.92702,-4.03241,-3.659762,1.157912,8088
7.9,-154.3418,0,0,-0.5980915,-0.9966559,-7.909153,-22.58958,-3.96493,-3.883526,-0.770207,8164
7.92,-123.7925,0,0,-0.7958755,-1.397768,-12.91679,-28.29001,-3.96493,-3.95006,-1.558782,8164
7.94,-64.75182,0,0,-1.21248,-1.837991,-25.55802,-27.64661,-3.627529,-3.709378,-1.004483,8140
7.96,-46.7374,0,0,-1.895406,-2.337025,-38.00077,-19.16476,-3.695009,-3.738398,-2.056657,8128
7.98,115.6529,0,0,-2.903067,-2.871135,-54.33665,-8.523653,-2.075489,-2.510666,2.043786,8124
8,16.3401,0,0,-3.98421,-3.447081,-57.08474,18.12632,-3.357609,-3.290134,-3.125519,8036
8.02,-57.92451,0,0,-4.059036,-3.386215,31.70918,26.21908,-4.03241,-3.979443,-3.00241,8104
8.04,29.30084,0,0,-3.104856,-2.703101,34.02979,21.52104,-3.02021,-3.164162,6.405308,8172
8.06,-14.63992,0,0,-2.077888,-1.88703,52.39621,24.06825,-3.425089,-3.136934,10.07334,8100
8.08,7.636627,0,0,-0.8302166,-0.835515,55.40384,17.58554,-2.75029,-2.469525,16.14089,8100
8.1,-53.23137,0,0,-0.1252092,-0.1358264,27.48017,13.11437,-3.02021,-2.519991,15.07982,8076
8.12,-83.11237,0,0,-0.5541443,-0.2261741,-18.58091,4.882176,-3.02021,-2.717218,9.174028,8084
8.14,-82.2952,0,0,-1.217788,-0.793288,-35.06947,-1.765699,-3.02021,-2.924427,3.565315,8072
8.16,-70.45084,0,0,-1.664144,-1.377577,-3.649611,-4.673628,-3.08769,-3.09051,0.5342588,8088
8.18,36.88271,0,0,-1.562419,-1.54486,-3.542741,-5.387132,-2.075489,-2.258133,4.994897,8092
8.2,43.16438,0,0,-1.721923,-1.633185,-12.1687,5.512201,-2.075489,-2.029023,5.437377,8048
8.22,24.46008,0,0,-1.645671,-1.449165,16.91528,13.23336,-2.075489,-1.947679,6.280676,8044
8.24,-3.00592,0,0,-0.8042302,-0.801013,41.29697,14.06526,-2.075489,-1.82078,9.460223,8036
8.26,-32.64446,0,0,-0.2937652,-0.2727464,20.67101,10.16214,-2.075489,-1.779141,9.76898,8028
8.28,-170.4907,0,0,0.1501037,0.03674096,28.36567,2.989903,-3.357609,-2.820386,4.482985,8044
8.3,-67.53978,0,0,0.6817296,0.2908716,19.29696,-17.24376,-2.075489,-2.054543,7.99918,8092
8.32,-53.44117,0,0,0.7395684,0.1705348,-1.939687,-20.5812,-2.075489,-1.886177,6.40805,8012
8.34,-139.6435,0,0,0.371001,-0.1720635,-26.77939,-20.40497,-3.02021,-2.685018,0.08823705,8068
8.36,-218.5584,0,0,-0.6399511,-0.9754523,-52.07711,-26.16115,-4.03241,-3.868713,-8.725378,8112
8.38,-134.5802,0,0,-1.763646,-2.04315,-60.65726,-34.50276,-3.627529,-3.959111,-11.10653,8168
8.4,-69.26734,0,0,-2.242559,-2.790427,-10.70305,-29.8026,-3.627529,-3.918952,-9.303379,8108
8.42,-37.16438,0,0,-2.353123,-3.01381,-15.32901,-19.44604,-3.695009,-3.845533,-5.438655,8124
8.44,-30.84133,0,0,-2.888166,-3.205519,-28.42825,-7.698164,-3.829969,-3.923084,-4.210194,8132
8.46,-12.03134,0,0,-3.455368,-3.391876,-39.40535,2.46094,-3.762489,-3.8982,-2.85718,8144
8.48,67.49174,0,0,-4.035144,-3.571104,5.205354,12.91783,-3.02021,-3.305326,0.6673541,8144
8.5,151.8892,0,0,-2.90226,-2.735642,53.52599,24.95403,-2.008009,-2.091521,12.32006,8120
8.52,107.3188,0,0,-2.073196,-1.692535,23.64811,38.89853,-2.008009,-1.674442,16.62445,8036
8.54,-26.32076,0,0,-1.381536,-0.7471824,58.27407,41.27956,-2.75029,-2.169274,14.67305,8036
8.56,-110.5716,0,0,0.206783,0.4283757,76.41149,24.50071,-3.02021,-2.423444,15.9579,8068
8.58,-63.83067,0,0,1.532546,1.330013,59.20537,0.6999435,-2.075489,-1.696076,19.02616,8092
8.6,-82.00172,0,0,1.661433,1.39589,-5.451138,-11.17029,-2.075489,-1.636913,13.94208,8020
8.62,-150.1385,0,0,0.6332181,0.6019973,-52.50459,-18.17471,-2.75029,-2.419266,2.603816,8020
8.64,-127.4387,0,0,-0.7453019,-0.6474735,-72.80994,-25.61618,-2.75029,-2.838929,-5.441802,8064
8.66,-44.83322,0,0,-1.944559,-1.893309,-34.0313,-24.43133,-2.412889,-2.766887,-8.113802,8072
8.68,-116.0539,0,0,-1.969771,-2.366766,-11.11526,-14.84359,-3.695009,-3.652482,-9.122877,8028
8.7,25.08999,0,0,-2.195328,-2.50835,-16.38244,-14.70678,-2.345409,-2.73638,-2.346397,8132
8.72,14.90168,0,0,-2.530744,-2.654284,-6.932054,0.6481314,-2.75029,-2.790355,-1.50223,8056
8.74,12.73946,0,0,-2.324149,-2.350172,13.12902,9.35433,-2.68281,-2.665579,2.208991,8084
8.76,83.07065,0,0,-1.967034,-1.849244,19.92292,13.92686,-1.738089,-1.803756,8.4249,8072
8.78,26.76775,0,0,-1.133555,-1.079256,34.33514,21.55044,-2.075489,-1.747057,11.12024,8004
8.8,-20.75157,0,0,-0.2889582,-0.2306989,40.24353,18.27629,-2.075489,-1.687598,12.70246,8044
8.82,-85.5983,0,0,0.7899854,0.5975476,50.68629,7.908781,-2.345409,-1.841958,12.85567,8044
8.84,-129.1435,0,0,1.566469,1.127585,35.14429,-8.083501,-2.48037,-2.005667,11.09242,8064
8.86,-128.6894,0,0,1.691019,1.114343,5.617568,-23.7142,-2.345409,-2.033452,7.583288,8036
8.88,-96.44492,0,0,1.282053,0.6352461,-25.86336,-32.94024,-2.075489,-1.942832,3.658402,8064
8.9,-74.54857,0,0,0.1535068,-0.3113373,-59.63436,-32.51035,-2.075489,-2.086187,-2.289197,8048
8.92,-133.8757,0,0,-1.210005,-1.464987,-76.7794,-25.93939,-3.08769,-3.082817,-10.62594,8040
8.94,-59.83856,0,0,-2.727694,-2.680769,-80.12292,-22.84818,-2.75029,-3.187654,-13.12221,8096
8.96,-22.11366,0,0,-3.892462,-3.702805,22.54887,-9.578741,-3.02021,-3.441045,-13.72936,8084
8.98,11.31374,0,0,-3.272273,-3.504172,12.67101,1.775299,-3.02021,-3.244561,-5.124658,8064
9,104.5031,0,0,-3.388176,-3.230289,-8.840453,13.09876,-2.075489,-2.363019,1.978473,8088
9.02,95.03278,0,0,-3.110692,-2.712346,23.40383,29.22521,-2.075489,-2.044988,6.39339,8036
9.04,22.03627,0,0,-1.830459,-1.55833,62.9611,35.22535,-2.412889,-2.058429,11.52523,8016
9.06,-58.64012,0,0,-0.8670382,-0.5428761,44.56414,28.67668,-2.75029,-2.29277,12.23754,8048
9.08,-7.420059,0,0,0.3874424,0.429118,54.74736,12.33542,-1.738089,-1.475847,17.25632,8080
9.1,-28.63515,0,0,1.014949,0.9291294,28.18246,4.488911,-1.670609,-1.242877,15.86377,8004
9.12,-64.96465,0,0,0.9970241,0.9578235,-13.51221,-3.06629,-1.738089,-1.357662,10.97119,8004
9.14,-126.3966,0,0,-0.01109864,0.2221237,-53.9855,-9.060801,-2.345409,-2.10859,0.8412163,8008
9.16,-72.31447,0,0,-1.226825,-0.8755996,-63.95498,-15.58973,-2.008009,-2.211193,-4.631632,8052
9.18,-25.6938,0,0,-2.095877,-1.854349,1.144284,-11.62703,-2.008009,-2.280138,-6.736993,8032
9.2,-0.7846909,0,0,-2.137095,-2.161839,-7.741216,-3.775629,-2.075489,-2.245702,-4.041726,8032
9.22,14.09313,0,0,-2.552083,-2.363045,-25.31374,5.273106,-2.075489,-2.222003,-2.923464,8028
9.24,21.3155,0,0,-2.726697,-2.377446,0.2435202,13.39221,-2.075489,-2.18223,-1.037321,8024
9.26,-14.62664,0,0,-1.941242,-1.819729,37.0527,17.33163,-2.412889,-2.290212,3.036227,8036
9.28,-60.5957,0,0,-1.493292,-1.325428,16.04505,14.83648,-2.75029,-2.547861,3.833688,8052
9.3,-68.31689,0,0,-1.309619,-1.100898,18.79314,7.822248,-2.75029,-2.630623,3.702373,8092
9.32,26.12828,0,0,-0.5292122,-0.6489406,31.43437,0.1971388,-1.670609,-1.689036,9.935141,8060
9.34,10.4987,0,0,-0.2314937,-0.3652349,7.083217,3.659299,-1.738089,-1.4901,9.950624,8004
9.36,-97.94746,0,0,-0.5514098,-0.4360462,-28.65725,5.071496,-2.68281,-2.305333,3.447335,8028
9.38,-82.83487,0,0,-1.386436,-0.9806744,-49.48169,-2.598767,-2.48037,-2.516616,-1.139221,8080
9.4,-38.01363,0,0,-2.250569,-1.780862,14.99162,-3.553311,-2.345409,-2.558129,-3.965479,8060
9.42,-33.07928,0,0,-1.490125,-1.659347,24.16719,-1.486449,-2.54785,-2.538889,0.5243022,8044
9.44,-49.2404,0,0,-1.357565,-1.505653,-1.603809,-0.03342652,-2.75029,-2.655301,1.363715,8068
9.46,-47.44833,0,0,-1.621119,-1.57788,-17.95496,-0.01630297,-2.75029,-2.724254,0.6849796,8088
9.48,-0.460762,0,0,-2.126316,-1.86609,-21.92443,1.656964,-2.345409,-2.47348,0.7105045,8076
9.5,8.433052,0,0,-2.017337,-1.855446,1.556498,7.339185,-2.345409,-2.350551,2.61525,8044
9.52,-32.34597,0,0,-2.039834,-1.782451,-5.359536,12.05506,-2.75029,-2.63212,1.981197,8056
9.54,-34.29195,0,0,-1.742572,-1.5381,20.04505,10.22342,-2.68281,-2.607929,3.702097,8072
9.56,43.71441,0,0,-1.113371,-1.080395,25.52597,7.044701,-1.738089,-1.756457,9.51683,8064
9.58,29.81325,0,0,-0.8880785,-0.7719881,5.174819,12.01621,-1.738089,-1.532474,9.860135,8012
9.6,1.511887,0,0,-0.8391774,-0.5607024,0.6404669,13.65907,-1.738089,-1.516825,8.574133,8028
9.62,-22.33693,0,0,-0.4628944,-0.2688232,22.70154,10.74567,-1.738089,-1.507778,8.330116,8032
9.64,-34.01544,0,0,-0.1801272,-0.06353005,8.732072,5.482138,-1.670609,-1.46579,7.609684,8020
9.66,-56.04171,0,0,-0.1409367,-0.06524593,4.014514,0.5777208,-1.805569,-1.60982,5.19988,8020
9.68,-144.6508,0,0,0.03072984,-0.1102504,2.777872,-5.499384,-2.75029,-2.422254,0.8103285,8016
9.7,-138.0969,0,0,-0.02517742,-0.321994,-9.17633,-18.35503,-2.75029,-2.67177,-1.129296,8084
9.72,-72.82346,0,0,-0.3274989,-0.754984,-19.97023,-25.30213,-2.345409,-2.445248,-1.350961,8084
9.74,-42.2025,0,0,-0.9556424,-1.336163,-36.82519,-21.40538,-2.345409,-2.432292,-2.901091,8040
9.76,4.891701,0,0,-1.882083,-1.981114,-51.14581,-12.86892,-2.075489,-2.279585,-3.799693,8060
9.78,27.40005,0,0,-2.903414,-2.627821,-53.35955,0.6981558,-2.075489,-2.302255,-5.035896,8008
9.8,12.77764,0,0,-2.779881,-2.585159,24.02979,11.91309,-2.345409,-2.41171,-1.960555,8028
9.82,-24.1078,0,0,-2.237938,-2.105622,20.50307,16.36747,-2.68281,-2.588894,1.389031,8068
9.84,40.40645,0,0,-1.523385,-1.431983,43.77026,13.51953,-1.805569,-1.828482,8.120275,8084
9.86,-3.668976,0,0,-0.5429133,-0.6315128,43.77026,15.1367,-2.075489,-1.740974,10.93284,8016
9.88,-42.18181,0,0,0.1304513,0.04652742,27.57177,9.560888,-2.075489,-1.706283,11.3771,8036
9.9,-69.70445,0,0,0.5173442,0.4038965,18.56414,0.5917939,-2.075489,-1.739681,9.736324,8044
9.92,-82.78256,0,0,0.549019,0.390679,-3.11526,-8.416843,-2.075489,-1.825713,6.661182,8024
9.94,-50.35266,0,0,0.1318915,0.007601917,-24.80993,-14.56342,-1.738089,-1.682919,3.747427,8044
9.96,-42.65615,0,0,-0.4855543,-0.5689265,-34.48931,-13.52765,-1.805569,-1.788959,0.1247005,8028
9.98,-114.2455,0,0,-0.8884296,-1.040142,-19.0542,-10.80635,-2.75029,-2.606991,-4.537619,8020
10,-100.1967,0,0,-0.9188425,-1.247623,-3.634344,-15.97175,-2.75029,-2.787292,-3.974081,8060
10.02,-73.97229,0,0,-1.044202,-1.465066,-8.993125,-17.55375,-2.75029,-2.810296,-3.183347,8068
10.04,-45.28901,0,0,-1.397102,-1.744468,-19.64962,-14.86794,-2.68281,-2.766288,-2.719356,8072
10.06,50.95666,0,0,-1.847947,-1.998266,-19.2832,-8.716423,-1.805569,-2.055544,0.597693,8060
10.08,63.81478,0,0,-1.995726,-2.005533,-5.49694,5.653679,-1.738089,-1.774572,2.818713,7992
10.1,38.80772,0,0,-1.80153,-1.663043,12.93055,15.99756,-1.805569,-1.699432,5.005059,8016
10.12,-10.05862,0,0,-0.9041179,-0.8906078,47.15956,17.71132,-2.008009,-1.728384,8.200289,8012
10.14,39.11703,0,0,0.11446,0.01035255,49.64812,10.85362,-1.06329,-0.8918973,14.0755,8024
10.16,-108.3171,0,0,0.8352317,0.6291905,34.82368,8.774935,-2.345409,-1.703118,9.785484,7980
10.18,-142.7478,0,0,1.132869,0.8885974,10.77787,-8.622293,-2.345409,-1.992786,6.633192,8060
10.2,-143.317,0,0,1.074167,0.6457309,-5.298466,-23.66556,-2.412889,-2.211151,2.656349,8068
10.22,-7.528351,0,0,0.7030639,0.1541654,-22.82519,-32.5213,-1.13077,-1.306178,3.759646,8044
10.24,-67.17091,0,0,-0.1137212,-0.5810397,-43.95497,-22.30797,-2.075489,-1.92154,-2.670336,7976
10.26,-32.44603,0,0,-1.278975,-1.388402,-62.39773,-17.98189,-1.805569,-1.988538,-5.733985,8044
10.28,7.369835,0,0,-2.556781,-2.31538,-54.74886,-7.692952,-1.738089,-2.050235,-8.166245,8016
10.3,-4.666054,0,0,-1.778021,-2.059505,43.26643,1.358893,-2.075489,-2.103487,-2.180145,8032
10.32,-3.754921,0,0,-1.515489,-1.666197,17.25116,5.371665,-2.008009,-1.987807,1.23989,8040
10.34,-10.5942,0,0,-1.428638,-1.394101,12.01452,7.760074,-2.008009,-1.946631,2.548673,8052
10.36,61.13788,0,0,-0.7041157,-0.8080044,35.80079,6.625304,-1.06329,-1.074227,9.1765,8040
10.38,39.65286,0,0,-0.2330581,-0.2839637,16.73207,11.59085,-1.06329,-0.8150668,10.56246,7968
10.4,-2.327148,0,0,-0.05703082,0.0736869,5.648102,12.01849,-1.13077,-0.8456318,9.11409,7972
10.42,-34.6798,0,0,0.8006396,0.6605351,47.58705,5.50742,-1.13077,-0.7989575,10.18075,7976
10.44,-54.77851,0,0,1.348065,1.063505,20.96108,-3.870725,-1.06329,-0.7430815,9.406778,7980
10.46,-158.0656,0,0,1.170972,0.9064828,-9.2832,-11.92846,-2.075489,-1.661091,1.694117,7980
10.48,-143.7325,0,0,0.5999862,0.3206753,-28.9626,-26.11272,-2.008009,-1.978825,-3.173352,8040
10.5,-85.80262,0,0,0.006648436,-0.4470075,-35.31374,-32.22683,-1.805569,-1.958973,-5.262382,8032
10.52,-43.87696,0,0,-0.8595923,-1.283165,-48.26031,-27.7252,-1.805569,-2.005843,-7.199925,8012
10.54,-92.98893,0,0,-1.882317,-2.113719,-56.27558,-17.38156,-2.75029,-2.832859,-11.79213,8016
10.56,-52.22464,0,0,-2.843682,-2.832608,-29.66489,-12.43044,-2.68281,-3.02568,-11.94417,8060
10.58,63.34558,0,0,-1.851078,-2.398911,33.93819,-7.387733,-1.738089,-2.032738,0.2509265,8068
10.6,63.6482,0,0,-1.617693,-1.924678,8.945812,6.883253,-1.738089,-1.68649,4.433304,8016
10.62,38.39167,0,0,-1.907174,-1.669407,5.632835,17.06815,-1.738089,-1.645885,4.413151,8016
10.64,-21.62775,0,0,-0.8715471,-0.8629965,60.88477,18.28448,-2.075489,-1.772608,7.75926,8012
10.66,35.17795,0,0,0.04069579,-0.02057809,39.64811,10.25714,-1.06329,-0.9247069,13.34407,8016
10.68,2.309952,0,0,0.5015196,0.4703611,23.57177,9.031225,-1.13077,-0.7802722,12.49825,7972
10.7,-27.45373,0,0,0.9129156,0.8411825,19.14429,3.53624,-1.06329,-0.7226192,11.10259,7988
10.72,-52.50236,0,0,1.166221,1.008147,10.64047,-4.011147,-1.06329,-0.7596077,8.651269,7988
10.74,-155.4125,0,0,1.168418,0.8832363,-1.328999,-11.76269,-2.075489,-1.660841,1.879387,7976
10.76,-149.7765,0,0,0.8098796,0.4307337,-17.57328,-26.31588,-2.075489,-1.996773,-2.340027,8032
10.78,-114.1724,0,0,0.313715,-0.2517528,-25.93969,-33.89729,-2.075489,-2.14398,-5.091736,8044
10.8,-44.09742,0,0,-0.4260574,-1.009442,-41.29848,-32.98993,-1.738089,-1.956694,-5.815132,8064
10.82,-14.22462,0,0,-1.362688,-1.761141,-52.21451,-22.38485,-1.805569,-2.00666,-7.200021,8032
10.84,-65.37658,0,0,-2.469638,-2.512805,-58.74887,-8.978608,-2.68281,-2.788965,-11.37117,8028
10.86,47.63372,0,0,-3.343952,-3.066375,7.296957,-2.382464,-1.738089,-2.246702,-7.741805,8052
10.88,77.29801,0,0,-2.572895,-2.651976,28.16719,11.54549,-1.670609,-1.808696,0.7055359,8020
10.9,23.52308,0,0,-2.164645,-2.027894,13.37329,22.52245,-2.075489,-1.926399,3.619078,8012
10.92,-7.831818,0,0,-1.403823,-1.219865,51.0527,22.04676,-2.075489,-1.873404,7.147815,8044
10.94,52.66403,0,0,-0.2388614,-0.2407003,53.41911,15.09003,-1.06329,-0.933347,14.30004,8036
10.96,-106.1806,0,0,0.4222125,0.3773245,30.51834,14.21848,-2.48037,-1.834221,9.504805,7996
10.98,-135.8657,0,0,0.7790383,0.683745,17.4191,-3.686758,-2.412889,-2.083107,6.934531,8084
11,-18.80327,0,0,1.080381,0.7138471,12.30459,-19.48725,-1.13077,-1.14444,9.316595,8052
11.02,-12.04182,0,0,1.09622,0.559761,-3.145794,-18.24482,-1.13077,-0.9294612,7.53341,7984
11.04,-108.3152,0,0,0.6597692,0.231514,-24.91679,-15.55948,-2.075489,-1.730082,0.7291979,8004
11.06,-107.2002,0,0,-0.05463703,-0.3264456,-41.03893,-21.40659,-2.075489,-2.058728,-3.553391,8028
11.08,-48.82769,0,0,-0.4370176,-0.8350368,-8.809917,-23.8826,-1.738089,-1.889417,-3.459479,8016
11.1,-22.96085,0,0,-0.6720709,-1.159188,-15.22214,-18.76888,-1.738089,-1.815932,-2.68904,8000
11.12,-9.862949,0,0,-1.180029,-1.465047,-29.34427,-11.19036,-1.738089,-1.816627,-2.885249,8024
11.14,6.43372,0,0,-1.728112,-1.752645,-22.96259,-3.14836,-1.670609,-1.789307,-2.837255,8028
11.16,0.6926994,0,0,-1.067941,-1.355855,33.93819,2.133613,-1.738089,-1.684185,1.870653,7988
11.18,-42.22027,0,0,-0.7599013,-0.9594637,13.11375,4.042675,-2.075489,-1.887315,2.63682,8008
11.2,-46.57423,0,0,-0.7593292,-0.8000606,10.64047,0.8294867,-2.008009,-1.915642,2.453907,8036
11.22,-50.03616,0,0,-0.1840949,-0.4712631,25.66338,-3.420373,-2.008009,-1.855139,4.433407,8024
11.24,-61.66647,0,0,0.007666402,-0.3095459,4.655735,-7.272593,-2.075489,-1.897651,4.025354,8032
11.26,-62.76422,0,0,-0.1930158,-0.429745,-13.03893,-10.52399,-2.075489,-1.967255,2.139673,8024
11.28,-56.6107,0,0,-0.3821821,-0.6364576,-8.15343,-12.2335,-2.075489,-2.017545,0.8889238,8036
11.3,-18.38104,0,0,-0.5005351,-0.7919943,-10.36717,-12.31215,-1.738089,-1.761684,1.707909,8024
11.32,-11.10176,0,0,-0.8501147,-1.021126,-17.86336,-7.458781,-1.738089,-1.72631,0.8350922,8016
11.34,-10.99147,0,0,-0.9470041,-1.082061,-1.588542,-3.127486,-1.738089,-1.707148,1.212288,8028
11.36,-15.28081,0,0,-0.7729807,-0.9389886,6.900011,-0.6887131,-1.738089,-1.662093,2.545413,8020
11.38,-47.06347,0,0,-0.5737813,-0.7472497,9.800775,-0.1301163,-2.008009,-1.844772,2.502782,8012
11.4,-54.65638,0,0,-0.3501266,-0.5615804,10.31986,-3.672213,-2.008009,-1.879097,2.940766,8024
11.42,-62.16206,0,0,-0.2011855,-0.4710184,7.907645,-7.296091,-2.075489,-1.941548,2.674019,8024
11.44,-67.1563,0,0,-0.1614218,-0.4802683,-0.9015187,-10.62597,-2.142969,-2.022867,1.958608,8040
11.46,-55.82051,0,0,-0.3397213,-0.6375895,-9.161062,-12.84615,-2.075489,-2.022803,1.032329,8044
11.48,-47.27775,0,0,-0.5010428,-0.8163796,-9.298468,-12.66958,-2.075489,-2.036174,0.4805483,8040
11.5,-39.60801,0,0,-0.731822,-1.005342,-12.36717,-10.97363,-2.075489,-2.055221,-0.01147869,8032
11.52,-26.52234,0,0,-0.9471943,-1.162482,-8.504574,-8.384187,-2.008009,-2.013318,0.08948143,8032
11.54,-27.87561,0,0,-1.009389,-1.20903,-2.886252,-5.101644,-2.075489,-2.040315,0.5286531,8020
11.56,-21.67732,0,0,-0.9771814,-1.153112,2.472528,-3.111436,-2.008009,-1.971219,1.642843,8036
11.58,-24.08745,0,0,-0.8304691,-1.011728,6.029782,-1.584045,-2.008009,-1.924659,2.740666,8028
11.6,-35.90749,0,0,-0.6980695,-0.8622778,7.648103,-1.237281,-2.075489,-1.953834,3.10106,8032
11.62,-42.19867,0,0,-0.5186468,-0.7069825,7.342759,-2.76054,-2.075489,-1.949148,3.531321,8028
11.64,-45.92009,0,0,-0.4729428,-0.6502147,1.464895,-4.601097,-2.075489,-1.959161,3.186926,8032
11.66,-46.77035,0,0,-0.4994313,-0.6758521,-1.741213,-6.155177,-2.075489,-1.978518,2.583647,8032
11.68,-45.53149,0,0,-0.5242088,-0.7260245,-0.7030448,-7.200891,-2.075489,-1.99201,2.175768,8036
11.7,-43.83522,0,0,-0.5166734,-0.7578053,-0.962587,-7.776207,-2.075489,-1.994065,2.07813,8020
11.72,-42.38165,0,0,-0.5459818,-0.7947569,-1.191595,-7.894834,-2.075489,-1.997604,1.914374,8032
11.74,-41.32545,0,0,-0.5474694,-0.8109606,-1.176328,-7.808828,-2.075489,-1.996019,1.946599,8032
11.76,-34.24911,0,0,-0.6189431,-0.8519776,-2.901519,-7.432428,-2.008009,-1.949307,1.948683,8012
11.78,-39.18416,0,0,-0.6651432,-0.8854944,-2.306099,-6.326448,-2.075489,-1.993613,1.683838,8020
11.8,-39.34176,0,0,-0.6775367,-0.8912406,0.06031401,-6.040737,-2.075489,-2.00312,1.765405,8028
11.82,-38.89878,0,0,-0.6551076,-0.876128,-0.06182348,-5.9257,-2.075489,-1.999442,1.983321,8048
11.84,-32.78592,0,0,-0.6503774,-0.8621573,0.6099325,-5.816117,-2.008009,-1.942231,2.315972,8028
11.86,-39.3125,0,0,-0.6323595,-0.8433117,-0.09235785,-5.185719,-2.075489,-1.978763,2.216379,8040
11.88,-40.86782,0,0,-0.6312028,-0.8300128,0.4877952,-5.436518,-2.075489,-1.99038,2.170866,8052
11.9,-34.96604,0,0,-0.6142259,-0.8175493,0.2435202,-5.807494,-2.008009,-1.937875,2.434001,8064
11.92,-41.0538,0,0,-0.6116498,-0.8159183,0.2282531,-5.475727,-2.075489,-1.979303,2.185312,8044
11.94,-41.98022,0,0,-0.6104327,-0.8139051,-0.3519,-5.875233,-2.075489,-1.991805,2.113704,8036
11.96,-41.43033,0,0,-0.6174074,-0.8240597,0.04504682,-6.216802,-2.075489,-1.996995,2.038291,8028
11.98,-34.64023,0,0,-0.6132729,-0.82785,-0.1381594,-6.390441,-2.008009,-1.942474,2.293271,8028
12,-34.57335,0,0,-0.5930964,-0.8160136,0.4572606,-5.873828,-2.008009,-1.924042,2.418554,8028
12.02,-54.19352,0,0,-0.5858954,-0.8080437,0.2740546,-5.566077,-2.210449,-2.083526,1.698321,8024
12.04,-42.68899,0,0,-0.5859407,-0.80834,0.07558119,-7.337671,-2.075489,-2.019557,2.024183,8032
12.06,-39.47123,0,0,-0.5891265,-0.8298659,-1.634343,-7.344844,-2.075489,-2.001778,2.048352,8020
12.08,51.71663,0,0,-0.6453138,-0.8236698,-1.573274,-6.766112,-1.06329,-1.18245,5.496589,8020
12.1,22.84827,0,0,-0.5938985,-0.730684,0.8542075,2.678251,-1.33321,-1.169679,5.279476,7964
12.12,-36.53335,0,0,-0.5732166,-0.5738326,7.831309,5.917563,-1.738089,-1.508973,3.505901,8008
12.14,29.0211,0,0,0.06165947,-0.1115154,31.43437,0.3153698,-0.7933693,-0.7688309,8.508503,7992
12.16,-9.024643,0,0,0.4126318,0.208164,15.52597,2.02972,-1.06329,-0.7852998,7.814026,7960
12.18,-93.23021,0,0,0.4197672,0.3017591,2.228254,-0.894413,-1.738089,-1.39578,3.369515,7960
12.2,-18.19881,0,0,0.5977446,0.3661952,10.21299,-11.82586,-0.7933693,-0.8133433,5.310138,8012
12.22,-64.69389,0,0,0.4937056,0.183626,-6.336635,-11.31707,-1.40069,-1.188623,1.659873,7968
12.24,-100.2495,0,0,0.01652473,-0.2003194,-28.24504,-14.32843,-1.805569,-1.69765,-2.755033,7988
12.26,7.693294,0,0,-0.3182035,-0.567022,-4.825184,-18.76413,-0.7933693,-1.04103,-0.5486413,8024
12.28,52.19395,0,0,-0.433278,-0.7541748,-9.909155,-10.30607,-0.5234499,-0.6159046,1.44466,7932
12.3,-53.31579,0,0,-0.9238971,-0.983173,-29.60382,1.176606,-1.670609,-1.473108,-3.370458,7952
12.32,17.91356,0,0,-0.9306757,-0.9302555,22.38093,-1.658048,-0.7933693,-0.9699172,0.3400127,8024
12.34,46.08453,0,0,-0.2661984,-0.5181639,25.83131,1.81893,-0.5234499,-0.4986147,5.184904,7960
12.36,41.21759,0,0,-0.2826675,-0.2846487,-5.390069,6.892346,-0.3884897,-0.2893869,5.497846,7944
12.38,-17.3856,0,0,-0.04399884,-0.003704607,16.12139,8.984568,-0.7933693,-0.5589337,4.340724,7928
12.4,57.62319,0,0,0.3948996,0.3849736,19.35803,3.206517,0.2863102,0.2640295,8.497877,7944
12.42,37.15825,0,0,0.6786436,0.6495776,14.85421,5.991548,0.2188301,0.4216955,8.07671,7908
12.44,-105.8116,0,0,0.8901883,0.8375856,8.090851,4.952733,-1.06329,-0.603357,2.303161,7904
12.46,-127.1769,0,0,1.037189,0.864996,11.28169,-10.71398,-1.13077,-0.9725094,-0.1832054,7960
12.48,10.80079,0,0,1.203546,0.7598956,1.693902,-23.68087,0.2188301,0.01829913,3.539561,7972
12.5,-58.64332,0,0,0.6671351,0.2667366,-30.80993,-16.91991,-0.7933693,-0.6139578,-2.464397,7888
12.52,-16.05413,0,0,-0.3483679,-0.4194401,-54.93207,-16.38749,-0.3884897,-0.5820854,-5.260334,7956
12.54,-0.9828615,0,0,-0.9538209,-0.9897666,1.571765,-9.778352,-0.5234499,-0.7034975,-6.403134,7936
12.56,13.68723,0,0,-0.8698594,-1.045444,-3.92442,-3.853947,-0.5234499,-0.6458603,-3.60379,7932
12.58,26.66128,0,0,-1.164488,-1.117644,-9.954956,2.444899,-0.4559698,-0.5755343,-2.63622,7964
12.6,23.84853,0,0,-0.5996991,-0.7171746,22.36567,6.418612,-0.4559698,-0.4390413,1.406845,7928
12.62,4.901882,0,0,-0.3293349,-0.3484735,7.510698,7.877889,-0.5234499,-0.4284538,2.673427,7936
12.64,-27.28172,0,0,-0.02040844,-0.03097816,19.77024,5.912933,-0.7258892,-0.5743622,2.733628,7944
12.66,-45.23506,0,0,0.4934953,0.321038,21.05268,-0.219522,-0.7933693,-0.6294393,3.517555,7940
12.68,-50.83901,0,0,0.6700243,0.4446894,7.816042,-6.756911,-0.7933693,-0.6627504,2.73465,7972
12.7,-18.26297,0,0,0.4749303,0.2881822,-9.527475,-11.16076,-0.4559698,-0.457652,1.836919,7944
12.72,-3.725097,0,0,0.07707999,-0.04102425,-20.0771,-9.628842,-0.3884897,-0.4084905,0.02452552,7944
12.74,-9.628736,0,0,-0.3017857,-0.3535965,-19.75649,-5.968927,-0.5234499,-0.5404229,-1.727834,7940
12.76,6.888482,0,0,-0.4110678,-0.4767224,-4.962589,-3.689633,-0.3884897,-0.4535834,-1.002241,7940
12.78,-3.444983,0,0,-0.2397045,-0.3855479,3.922911,-0.9384912,-0.5234499,-0.4917134,0.05113846,7916
12.8,-2.095483,0,0,-0.1379601,-0.2525821,3.174819,-0.4594587,-0.4559698,-0.4303032,0.9930786,7940
12.82,-6.925026,0,0,0.06373626,-0.07902415,7.922912,-0.6156851,-0.4559698,-0.3914149,1.825138,7960
12.84,-13.18531,0,0,0.1807991,0.04775259,5.938179,-1.602141,-0.4559698,-0.3800868,1.929888,7948
12.86,-24.07389,0,0,0.2536096,0.1136666,2.762605,-3.153626,-0.5234499,-0.4387937,1.43653,7948
12.88,-20.46237,0,0,0.292887,0.1304067,2.167185,-5.421874,-0.4559698,-0.4087586,1.249354,7940
12.9,-26.0678,0,0,0.3074192,0.1074513,0.304589,-6.624552,-0.5234499,-0.4621539,0.6469238,7944
12.92,-24.8703,0,0,0.2198062,0.02551442,-3.985489,-7.742813,-0.5234499,-0.4940387,-0.04086187,7952
12.94,-9.280466,0,0,0.1564568,-0.05338179,-2.580908,-8.148034,-0.3884897,-0.399154,0.1257311,7936
12.96,-17.88516,0,0,0.04904596,-0.145197,-6.550376,-6.522664,-0.5234499,-0.4912808,-0.6021489,7948
12.98,-10.87965,0,0,-0.002716398,-0.1871544,-1.222129,-6.123939,-0.4559698,-0.460055,-0.3579448,7948
13,-8.902468,0,0,1.396984e-05,-0.1899373,-1.023656,-5.13903,-0.4559698,-0.4429601,-0.03604048,7948
13.02,-9.388474,0,0,0.03452101,-0.1541114,1.129017,-4.376084,-0.4559698,-0.428785,0.3318357,7956
13.04,-4.823175,0,0,0.0439884,-0.1197308,0.6251997,-3.949468,-0.3884897,-0.3691437,0.6985515,7940
13.06,-6.626746,0,0,0.07053975,-0.08138733,0.8236728,-3.289865,-0.3884897,-0.3511464,0.8376895,7936
13.08,-15.51072,0,0,0.09739384,-0.04543211,1.296956,-3.128854,-0.4559698,-0.4012986,0.6200026,7940
13.1,-17.68649,0,0,0.1347112,-0.01475159,2.167185,-4.039415,-0.4559698,-0.4148224,0.582643,7932
13.12,-12.44379,0,0,0.227515,0.03551797,3.846575,-5.13215,-0.3884897,-0.3549727,1.019222,7920
13.14,-13.14516,0,0,0.2251363,0.0397875,-0.9473198,-5.343456,-0.3884897,-0.3456645,0.8013225,7948
13.16,-26.36722,0,0,0.2161338,0.02602904,0.2435202,-5.545735,-0.5234499,-0.4583003,0.09247297,7940
13.18,-26.22393,0,0,0.1959077,-0.003753394,-0.4282355,-6.958372,-0.5234499,-0.4941104,-0.1905243,7944
13.2,-17.1282,0,0,0.2071136,-0.02853826,-0.8251827,-7.899622,-0.4559698,-0.4457308,0.06080395,7960
13.22,-14.49463,0,0,0.179466,-0.0618936,-0.01602192,-7.519547,-0.4559698,-0.4334854,0.03036034,7948
13.24,-13.93629,0,0,0.1717983,-0.07118905,-0.5809073,-6.96526,-0.4559698,-0.4275315,0.1132443,7964
13.26,-14.30329,0,0,0.182057,-0.05974028,0.3656577,-6.563903,-0.4559698,-0.4222481,0.2458562,7940
13.28,-8.886177,0,0,0.1708464,-0.05234778,-0.1228922,-6.299977,-0.3884897,-0.3677328,0.4769036,7932
13.3,-15.66648,0,0,0.1746921,-0.04216944,-0.1228922,-5.595345,-0.4559698,-0.407323,0.2979627,7936
13.32,-23.29839,0,0,0.1820792,-0.03077825,0.5183294,-5.842779,-0.5234499,-0.4731983,0.03597581,7940
13.34,-17.18221,0,0,0.2024481,-0.02142277,0.1366499,-6.835303,-0.4559698,-0.4348797,0.2787817,7944
13.36,-9.74047,0,0,0.2003897,-0.0272859,0.06031401,-6.869414,-0.3884897,-0.3705815,0.5040215,7956
13.38,-21.87646,0,0,0.1927008,-0.0350377,0.02977964,-6.127779,-0.5234499,-0.4633904,0.02285242,7964
13.4,-10.9459,0,0,0.1978157,-0.02643888,-0.107625,-6.861053,-0.3884897,-0.3787792,0.4602715,7952
13.42,-22.1876,0,0,0.2098099,-0.02598336,0.1824515,-6.292496,-0.5234499,-0.4635838,0.06634241,7940
13.44,-11.2392,0,0,0.2209089,-0.01293282,0.2435202,-7.070435,-0.3884897,-0.3765232,0.5163786,7936
13.46,-16.47847,0,0,0.2150996,-0.01848094,-0.3519,-6.475736,-0.4559698,-0.4092229,0.2707464,7932
13.48,-11.69751,0,0,0.2223997,-0.008201763,0.5946653,-6.622135,-0.3884897,-0.362988,0.4971257,7964
13.5,-18.03687,0,0,0.2146806,-0.01042164,-0.3060985,-6.224551,-0.4559698,-0.4075013,0.2082547,7952
13.52,-19.0535,0,0,0.2311703,-0.0005313903,0.4419934,-6.64681,-0.4559698,-0.4182204,0.2106397,7944
13.54,-18.66694,0,0,0.2267089,-0.006611213,0.04504682,-7.022642,-0.4559698,-0.4230469,0.1361787,7940
13.56,-24.0581,0,0,0.2378978,-0.01139073,0.02977964,-7.269314,-0.5234499,-0.4773247,-0.07704771,7952
13.58,-23.3408,0,0,0.2435286,-0.01783001,0.1977187,-7.99332,-0.5234499,-0.4909135,-0.08901453,7952
13.6,-15.47512,0,0,0.2342421,-0.03337045,-0.2297625,-8.368476,-0.4559698,-0.4400004,0.1325493,7956
13.62,-20.19521,0,0,0.2323526,-0.04356469,0.304589,-7.817041,-0.5234499,-0.4786758,-0.01730239,7968
13.64,-20.44213,0,0,0.2277837,-0.04460552,-0.2297625,-7.910289,-0.5234499,-0.4883032,0.001611233,7964
13.66,-13.81425,0,0,0.2340972,-0.04000416,0.1366499,-8.008026,-0.4559698,-0.4340797,0.3162997,7960
13.68,-13.58792,0,0,0.2327818,-0.03560027,0.1366499,-7.400016,-0.4559698,-0.418788,0.3819494,7944
13.7,-8.766691,0,0,0.2276063,-0.02409239,0.1061156,-6.952835,-0.3884897,-0.3609769,0.6218151,7948
13.72,-22.30012,0,0,0.234118,-0.01140633,0.01451245,-6.201837,-0.5234499,-0.4549766,0.177668,7944
13.74,-12.13041,0,0,0.2422862,0.00595367,0.3656577,-7.086761,-0.3884897,-0.3724857,0.5700836,7948
13.76,-11.57519,0,0,0.2476382,0.008873761,-0.06182348,-6.669049,-0.3884897,-0.3510897,0.573177,7956
13.78,-19.04657,0,0,0.241642,0.01042926,0.5335966,-6.325609,-0.4559698,-0.4026488,0.2511413,7948
13.8,-20.0762,0,0,0.2383816,0.009043552,-0.5045714,-6.845009,-0.4559698,-0.419019,0.135309,7936
13.82,-25.49673,0,0,0.2568276,0.006803945,0.3961921,-7.352917,-0.5234499,-0.4761484,-0.08477688,7936
13.84,-24.39973,0,0,0.2521081,-0.00860025,-0.0007547362,-8.226199,-0.5234499,-0.4925354,-0.1655484,7940
13.86,-16.20103,0,0,0.2583962,-0.02108462,-0.3977011,-8.702595,-0.4559698,-0.4395204,0.1241999,7956
13.88,-20.71815,0,0,0.2451511,-0.03775725,0.1824515,-8.154355,-0.5234499,-0.4793775,-0.0770973,7956
13.9,-8.813507,0,0,0.2470654,-0.031799,-0.4435031,-8.232487,-0.3884897,-0.3784567,0.4627824,7956
13.92,-14.77883,0,0,0.2463648,-0.02535735,0.2435202,-7.085667,-0.4559698,-0.4048621,0.327158,7952
13.94,-17.01156,0,0,0.2474918,-0.008417323,0.3198562,-6.930708,-0.4559698,-0.412818,0.3153584,7968
13.96,-17.91803,0,0,0.2582527,0.005000442,0.4267263,-7.089995,-0.4559698,-0.4152469,0.3142302,7960
13.98,-18.07601,0,0,0.2405457,-0.002884656,0.304589,-7.243791,-0.4559698,-0.4203211,0.1838926,7952
14,-17.7921,0,0,0.2392191,-0.009358704,-0.1228922,-7.355854,-0.4559698,-0.4219735,0.1579883,7940
14.02,-23.57313,0,0,0.249219,-0.01083483,0.3351234,-7.433549,-0.5234499,-0.4752449,-0.04329133,7952
14.04,-17.19686,0,0,0.2520029,-0.01225764,0.2282531,-8.07148,-0.4559698,-0.4345147,0.1756814,7956
14.06,-21.95283,0,0,0.250584,-0.02194518,-0.3824344,-7.85278,-0.5234499,-0.4775292,-0.02921927,7960
14.08,-21.75609,0,0,0.2419603,-0.03040759,0.4877952,-8.160514,-0.5234499,-0.4895206,-0.06049621,7952
14.1,-20.51706,0,0,0.2337076,-0.04284386,-0.4435031,-8.319094,-0.5234499,-0.492403,-0.05161667,7940
14.12,-13.48421,0,0,0.2404048,-0.04245639,0.4267263,-8.306727,-0.4559698,-0.435255,0.2890347,7964
14.14,-13.2611,0,0,0.237757,-0.03838021,-0.04655629,-7.578937,-0.4559698,-0.4187281,0.3703692,7956
14.16,-14.62756,0,0,0.2384211,-0.02473728,0.06031401,-7.074519,-0.4559698,-0.4141878,0.4064204,7964
14.18,-15.96975,0,0,0.236308,-0.01363842,0.1671843,-6.875942,-0.4559698,-0.4146738,0.3788247,7964
14.2,-16.84139,0,0,0.2354811,-0.007696196,-0.01602192,-6.881562,-0.4559698,-0.41657,0.3326876,7952
14.22,-17.26361,0,0,0.2352117,-0.006371081,-0.0007547362,-6.975328,-0.4559698,-0.4184326,0.2856623,7956
14.24,-17.3151,0,0,0.2263665,-0.01268773,0.1671843,-7.056643,-0.4559698,-0.4210655,0.2115901,7952
14.26,-17.18564,0,0,0.2278522,-0.01574025,0.01451245,-7.118009,-0.4559698,-0.4215406,0.2031408,7948
14.28,-23.09372,0,0,0.2299754,-0.01957802,0.1061156,-7.156844,-0.5234499,-0.4759541,-0.03534472,7948
14.3,-10.61863,0,0,0.2189137,-0.02620977,0.07558119,-7.736011,-0.3884897,-0.3827808,0.3699052,7952
14.32,-15.44182,0,0,0.2080298,-0.03795399,-0.2144953,-6.832431,-0.4559698,-0.4123501,0.1740769,7952
14.34,-16.68918,0,0,0.2092665,-0.03106077,0.3809245,-6.717375,-0.4559698,-0.4194245,0.1933399,7936
14.36,-10.88002,0,0,0.2026864,-0.02813078,-0.3366328,-6.744866,-0.3884897,-0.3679097,0.4066458,7932
14.38,-17.17097,0,0,0.2144989,-0.01962329,0.2893218,-6.215467,-0.4559698,-0.4069518,0.2478441,7952
14.4,-24.36353,0,0,0.2082379,-0.0189143,0.2893218,-6.491453,-0.5234499,-0.4745411,-0.07485235,7928
14.42,-17.82039,0,0,0.2225894,-0.01720828,0.1519171,-7.437654,-0.4559698,-0.4366269,0.1645027,7940
14.44,-22.14579,0,0,0.2235458,-0.02910182,0.02977964,-7.415391,-0.5234499,-0.4803445,-0.04829681,7944
14.46,-15.46514,0,0,0.2045229,-0.04410592,-0.2602969,-7.774449,-0.4559698,-0.4392101,0.1153021,7960
14.48,-20.28715,0,0,0.2128471,-0.04899369,-0.2297625,-7.360968,-0.5234499,-0.479191,-0.0007195473,7948
14.5,-20.50809,0,0,0.2187321,-0.04438224,0.3351234,-7.587692,-0.5234499,-0.4880357,0.04820406,7948
14.52,-13.66205,0,0,0.2019861,-0.05252422,-0.1228922,-7.709558,-0.4559698,-0.4375906,0.248645,7952
14.54,-13.11302,0,0,0.2066603,-0.05000702,-0.0007547362,-7.107488,-0.4559698,-0.4215642,0.3557537,7944
14.56,-20.18495,0,0,0.20602,-0.04235105,0.2129859,-6.655801,-0.5234499,-0.4717804,0.1470863,7964
14.58,-21.01785,0,0,0.2065933,-0.03692983,-0.1686933,-7.075002,-0.5234499,-0.4862091,0.111756,7936
14.6,-14.33993,0,0,0.2186574,-0.03231615,0.2129859,-7.468177,-0.4559698,-0.4339122,0.3886023,7948
14.62,-13.90915,0,0,0.2227604,-0.02965365,0.2282531,-7.067477,-0.4559698,-0.4190705,0.4338662,7932
14.64,-14.904,0,0,0.219172,-0.02408519,-0.0007547362,-6.747964,-0.4559698,-0.4162126,0.4107609,7948
14.66,-21.8524,0,0,0.2135164,-0.02377054,0.1519171,-6.628446,-0.5234499,-0.4721561,0.1140999,7952
14.68,-22.13529,0,0,0.2167973,-0.02497877,0.1213828,-7.261594,-0.5234499,-0.4877646,0.06261152,7932
14.7,-14.88937,0,0,0.2182227,-0.03190514,-0.07709067,-7.709575,-0.4559698,-0.4369373,0.2911276,7944
14.72,-20.04899,0,0,0.225926,-0.03510697,0.2740546,-7.299745,-0.5234499,-0.4756054,0.1321354,7952
14.74,-20.48425,0,0,0.2151781,-0.0395506,-0.1686933,-7.517582,-0.5234499,-0.4875139,0.07297504,7940
14.76,-13.83686,0,0,0.2243754,-0.03691122,0.2435202,-7.724494,-0.4559698,-0.4339726,0.367478,7956
14.78,-19.55458,0,0,0.2239223,-0.03750415,0.1366499,-7.195317,-0.5234499,-0.4737009,0.1737638,7952
14.8,-14.41238,0,0,0.226984,-0.0288586,0.06031401,-7.423514,-0.4559698,-0.4295791,0.406177,7952
14.82,-14.38491,0,0,0.2305734,-0.02341136,0.1824515,-7.068409,-0.4559698,-0.4175491,0.4363199,7960
14.84,-9.423707,0,0,0.2309441,-0.01265877,0.07558119,-6.826086,-0.3884897,-0.3605346,0.6588471,7944
14.86,-16.64692,0,0,0.2246126,-0.00773266,-0.0007547362,-6.155342,-0.4559698,-0.4023314,0.3757237,7948
14.88,-24.36929,0,0,0.2205396,-0.005823791,0.2893218,-6.436619,-0.5234499,-0.4711261,0.02560842,7948
14.9,-17.99181,0,0,0.2214143,-0.01174232,-0.1381594,-7.403058,-0.4559698,-0.436271,0.1746311,7940
14.92,-16.2101,0,0,0.2190115,-0.02610222,-0.1228922,-7.392801,-0.4559698,-0.4264956,0.1785401,7944
14.94,-21.75527,0,0,0.2019666,-0.04270281,0.07558119,-7.158771,-0.5234499,-0.4797596,-0.1024271,7952
14.96,-15.35395,0,0,0.1991624,-0.04800731,-0.3977011,-7.543574,-0.4559698,-0.4383206,0.14328,7940
14.98,-20.37108,0,0,0.214852,-0.04556346,0.1061156,-7.199684,-0.5234499,-0.4776635,0.0495801,7936
15,-14.64735,0,0,0.2139809,-0.04019138,0.01451245,-7.470318,-0.4559698,-0.4333749,0.2927982,7948
15.02,-20.17916,0,0,0.2111623,-0.04264446,-0.3060985,-7.071431,-0.5234499,-0.4760986,0.0887866,7952
15.04,-20.66498,0,0,0.2173555,-0.0377598,0.1213828,-7.381757,-0.5234499,-0.4866195,0.1050017,7944
15.06,-14.04039,0,0,0.2229286,-0.03496508,-0.06182348,-7.648803,-0.4559698,-0.4338554,0.3712853,7956
15.08,-19.64307,0,0,0.2160853,-0.04004127,-0.06182348,-7.144274,-0.5234499,-0.4749242,0.1441821,7956
15.1,-20.31319,0,0,0.2153516,-0.03848454,0.01451245,-7.37114,-0.5234499,-0.4860939,0.1255868,7956
15.12,-19.7623,0,0,0.2137558,-0.0427458,-0.04655629,-7.586174,-0.5234499,-0.4891846,0.1200629,7956
15.14,-13.09558,0,0,0.2155563,-0.04341128,-0.01602192,-7.670813,-0.4559698,-0.4342782,0.3896511,7956
15.16,-6.926735,0,0,0.2114681,-0.03956698,0.04504682,-7.034446,-0.3884897,-0.3645707,0.6702847,7956
15.18,-20.57446,0,0,0.2136023,-0.02836733,0.04504682,-6.005792,-0.5234499,-0.4551666,0.2365001,7932
15.2,-10.76722,0,0,0.2122048,-0.01260798,0.3961921,-6.689899,-0.3884897,-0.3729468,0.6037126,7956
15.22,-10.65239,0,0,0.2353628,0.002519429,0.5793981,-6.224123,-0.3884897,-0.3488643,0.6900079,7944
15.24,-18.50111,0,0,0.220496,0.00434009,0.4572606,-5.873092,-0.4559698,-0.4020244,0.3090519,7944
15.26,-25.70569,0,0,0.2206666,0.001845397,-0.3671672,-6.441618,-0.5234499,-0.4734841,-0.049905,7948
15.28,-24.79222,0,0,0.2308339,-0.007702634,0.5030622,-7.577608,-0.5234499,-0.4923192,-0.1071054,7948
15.3,-22.37953,0,0,0.2317256,-0.02815676,-0.183961,-8.241165,-0.5234499,-0.4962696,-0.1166181,7952
15.32,-13.97706,0,0,0.1896635,-0.06525827,-2.443504,-8.30754,-0.4559698,-0.4462098,0.006300092,7920
15.34,-12.24291,0,0,0.1599425,-0.09112883,-1.512206,-7.403676,-0.4559698,-0.4322783,0.05046278,7960
15.36,-18.40871,0,0,0.1398409,-0.09955536,0.06031401,-6.565217,-0.5234499,-0.4822059,-0.1203189,7944
15.38,-12.82728,0,0,0.1440025,-0.08842416,-0.5656406,-6.631909,-0.4559698,-0.438123,0.2222317,7936
15.4,-18.54138,0,0,0.1562036,-0.07691695,0.6557342,-6.155126,-0.5234499,-0.4779515,0.1301532,7940
15.42,-13.14126,0,0,0.1454869,-0.07184584,-0.1686933,-6.383572,-0.4559698,-0.4359517,0.3292627,7936
15.44,-12.77332,0,0,0.1497437,-0.0671236,-0.107625,-6.002781,-0.4559698,-0.4236064,0.3973657,7936
15.46,-7.761681,0,0,0.1701069,-0.04475304,0.5946653,-5.764184,-0.3884897,-0.3628547,0.7338766,7948
15.48,-9.205069,0,0,0.1700657,-0.02881933,-0.1228922,-5.106457,-0.3884897,-0.348523,0.7169724,7924
15.5,-11.61482,0,0,0.1848612,-0.005330004,0.4114593,-4.862169,-0.3884897,-0.345531,0.697306,7956
15.52,-19.72996,0,0,0.2135456,0.01865576,1.296956,-5.039277,-0.4559698,-0.3992808,0.4433905,7972
15.54,-20.89808,0,0,0.2284649,0.02734283,0.6557342,-6.03043,-0.4559698,-0.4162527,0.3102216,7940
15.56,-20.27493,0,0,0.2566088,0.02959255,1.571765,-6.892021,-0.4559698,-0.4194486,0.2870479,7940
15.58,-25.22608,0,0,0.2371199,0.00327345,-0.107625,-7.356482,-0.5234499,-0.4794726,-0.1329089,7936
15.6,-11.77423,0,0,0.2343293,-0.01374251,-0.2144953,-8.137456,-0.3884897,-0.3856528,0.2918639,7944
15.62,-10.10495,0,0,0.236884,-0.02165946,0.1977187,-7.297006,-0.3884897,-0.3573961,0.4008678,7952
15.64,-17.48523,0,0,0.2268489,-0.01886465,0.3351234,-6.543058,-0.4559698,-0.4051815,0.1610067,7964
15.66,-24.81879,0,0,0.2219298,-0.01683241,-0.5656406,-6.781117,-0.5234499,-0.474355,-0.1362385,7940
15.68,-18.23114,0,0,0.2361569,-0.01410927,0.5488637,-7.716311,-0.4559698,-0.4366214,0.1171113,7940
15.7,-22.36762,0,0,0.2214461,-0.03407089,-0.3519,-7.638715,-0.5234499,-0.4825212,-0.1488474,7952
15.72,-15.61374,0,0,0.2231448,-0.03962545,0.1519171,-7.996468,-0.4559698,-0.4380205,0.1289473,7944
15.74,-14.46111,0,0,0.2176193,-0.0454841,-0.07709067,-7.533291,-0.4559698,-0.4247719,0.1969298,7940
15.76,-8.977655,0,0,0.2280758,-0.03078397,0.2740546,-7.128405,-0.3884897,-0.3636541,0.5449159,7952
15.78,-16.24289,0,0,0.2322763,-0.01528789,-0.07709067,-6.326867,-0.4559698,-0.4018422,0.3597755,7936
15.8,-12.25922,0,0,0.233723,0.001819029,0.5641309,-6.531993,-0.3884897,-0.359621,0.5343314,7944
15.82,-19.10564,0,0,0.2672459,0.02369236,1.022146,-6.372145,-0.4559698,-0.4001563,0.3875965,7944
15.84,-20.21541,0,0,0.2402634,0.01458246,0.07558119,-6.892114,-0.4559698,-0.4186346,0.1389202,7940
15.86,-13.43205,0,0,0.2416709,0.005509764,-0.3519,-7.345822,-0.3884897,-0.3694185,0.3241675,7936
15.88,-18.80209,0,0,0.2475593,-0.000110954,0.4572606,-6.981066,-0.4559698,-0.409344,0.1233931,7912
15.9,-13.4142,0,0,0.251093,0.004396379,0.04504682,-7.283277,-0.3884897,-0.3651321,0.3402297,7960
15.92,-19.05097,0,0,0.2308314,-0.009009495,-0.2450293,-6.890734,-0.4559698,-0.4111522,0.02452737,7972
15.94,-13.38894,0,0,0.2324513,-0.008324191,0.1366499,-7.193045,-0.3884897,-0.3682351,0.254227,7948
15.96,-24.87765,0,0,0.2274411,-0.01736408,-0.01602192,-6.819964,-0.5234499,-0.4662679,-0.2130616,7964
15.98,-24.92515,0,0,0.2268736,-0.02346621,-0.0007547362,-7.729083,-0.5234499,-0.4925209,-0.2568433,7948
16,-22.48335,0,0,0.2173641,-0.04526168,-0.2450293,-8.310488,-0.5234499,-0.4993385,-0.2643738,7952
16.02,-8.021564,0,0,0.1992995,-0.0651201,-0.06182348,-8.379128,-0.3884897,-0.3908923,0.2441849,7948
16.04,-18.91098,0,0,0.1868772,-0.07608154,-0.5045714,-6.930462,-0.5234499,-0.4686032,-0.08884692,7940
16.06,-8.560848,0,0,0.197263,-0.05342928,0.5335966,-7.079048,-0.3884897,-0.3769725,0.4862918,7952
16.08,-14.80805,0,0,0.2111857,-0.03446379,0.3809245,-6.183557,-0.4559698,-0.4049085,0.389452,7948
16.1,-10.97039,0,0,0.2152047,-0.01227893,0.304589,-6.23133,-0.3884897,-0.3593165,0.5986465,7944
16.12,-12.04874,0,0,0.2318905,0.007518634,0.4572606,-5.930035,-0.3884897,-0.3470157,0.6270383,7940
16.14,-25.81372,0,0,0.2328455,0.01363184,-0.03128911,-5.861535,-0.5234499,-0.4562513,0.0519436,7944
16.16,-14.47316,0,0,0.2454529,0.01985382,0.01451245,-7.234994,-0.3884897,-0.3774046,0.4195399,7940
16.18,-12.69106,0,0,0.24236,0.006834723,-0.4129688,-6.996639,-0.3884897,-0.3572766,0.3904181,7956
16.2,-25.21557,0,0,0.2293669,-0.006535336,0.1213828,-6.629019,-0.5234499,-0.4631442,-0.1611683,7940
16.22,-13.27936,0,0,0.2174338,-0.01579496,-0.550373,-7.601176,-0.3884897,-0.3841482,0.1986747,7952
16.24,-17.47243,0,0,0.2370009,-0.01815441,0.09084838,-7.098092,-0.4559698,-0.4127214,0.1214563,7944
16.26,-17.87561,0,0,0.2012304,-0.03402258,-0.07709067,-7.086312,-0.4559698,-0.425392,-0.02753478,7960
16.28,-11.19373,0,0,0.1994544,-0.03829789,-0.7793808,-7.101899,-0.3884897,-0.3727145,0.2525247,7948
16.3,-10.95244,0,0,0.205437,-0.03197965,0.3961921,-6.450716,-0.3884897,-0.3560365,0.3616081,7940
16.32,-12.21633,0,0,0.1978325,-0.02327961,-0.107625,-5.97332,-0.3884897,-0.3529041,0.3525944,7936
16.34,-19.45833,0,0,0.2014968,-0.01417774,-0.4129688,-5.802847,-0.4559698,-0.4073341,0.1111371,7940
16.36,-26.03769,0,0,0.2068766,-0.01306846,0.3503905,-6.44705,-0.5234499,-0.4775008,-0.1789863,7936
16.38,-24.50673,0,0,0.1911826,-0.03617038,-0.1686933,-7.498932,-0.5234499,-0.4991531,-0.3043709,7972
16.4,-15.49985,0,0,0.1892941,-0.05862522,-0.4587703,-8.02449,-0.4559698,-0.4476887,-0.01787829,7952
16.42,-19.35466,0,0,0.1745274,-0.08009996,0.4419934,-7.418887,-0.5234499,-0.4865924,-0.1747911,7940
16.44,-13.05455,0,0,0.1708295,-0.08051574,-0.1992282,-7.380072,-0.4559698,-0.4396302,0.1515456,7944
16.46,-18.62257,0,0,0.1835885,-0.07102154,-0.07709067,-6.757368,-0.5234499,-0.4774555,0.09087825,7944
16.48,-19.51934,0,0,0.1945864,-0.05510375,0.5030622,-6.939719,-0.5234499,-0.4859192,0.1584829,7952
16.5,-19.22097,0,0,0.1909329,-0.05425085,-0.2297625,-7.14749,-0.5234499,-0.4892992,0.1474144,7952
16.52,-12.69299,0,0,0.1958922,-0.05120364,0.06031401,-7.263566,-0.4559698,-0.434438,0.4260128,7956
16.54,-12.63448,0,0,0.1972776,-0.04637322,0.1977187,-6.685082,-0.4559698,-0.4190091,0.4789743,7968
16.56,-7.984982,0,0,0.1971244,-0.03257237,0.1061156,-6.288939,-0.3884897,-0.3608733,0.7171467,7928
16.58,-9.830889,0,0,0.2275415,-0.0008585602,1.205353,-5.644801,-0.3884897,-0.3424295,0.8295891,7936
16.6,-24.5162,0,0,0.2131607,0.006185584,0.02977964,-5.387235,-0.5234499,-0.4534101,0.1702065,7940
16.62,-19.73192,0,0,0.225366,0.01186293,0.6251997,-6.733438,-0.4559698,-0.4305424,0.2730633,7964
16.64,-24.02241,0,0,0.2356845,-0.001090564,-0.1534266,-7.184068,-0.5234499,-0.4788262,0.005891323,7976
16.66,-22.86062,0,0,0.2164519,-0.02716804,0.09084838,-7.860424,-0.5234499,-0.4945753,-0.1337603,7952
16.68,-20.75643,0,0,0.2158688,-0.04745476,-0.7488468,-8.182025,-0.5234499,-0.4964033,-0.09942347,7956
16.7,-13.22797,0,0,0.2228471,-0.05193612,0.8236728,-8.188569,-0.4559698,-0.438105,0.2524338,7944
16.72,-18.65936,0,0,0.2045987,-0.06127821,-0.2602969,-7.38391,-0.5234499,-0.4776349,0.04466176,7956
16.74,-19.59464,0,0,0.2245351,-0.04486139,0.07558119,-7.449149,-0.5234499,-0.4841523,0.1671005,7964
16.76,-7.503459,0,0,0.2218571,-0.03561896,0.2282531,-7.573298,-0.3884897,-0.3773147,0.646731,7956
16.78,-19.85411,0,0,0.2249867,-0.02942711,-0.09235785,-6.456732,-0.5234499,-0.4574998,0.2449063,7944
16.8,-22.0851,0,0,0.2246602,-0.01852803,0.4572606,-6.964355,-0.5234499,-0.4811181,0.1573293,7956
16.82,-15.6695,0,0,0.248488,-0.007711068,0.4419934,-7.593134,-0.4559698,-0.4306442,0.4392818,7944
16.84,-21.04726,0,0,0.2360891,-0.01872271,0.1519171,-7.338672,-0.5234499,-0.4744441,0.1335992,7956
16.86,-21.31468,0,0,0.2332592,-0.02455115,-0.183961,-7.701603,-0.5234499,-0.4868027,0.08160955,7932
16.88,-14.43576,0,0,0.2352797,-0.02868021,0.2893218,-7.967805,-0.4559698,-0.4345584,0.3296273,7956
16.9,-13.97012,0,0,0.2410253,-0.02635834,0.09084838,-7.463361,-0.4559698,-0.4186307,0.4045838,7936
16.92,-9.081773,0,0,0.2417205,-0.01391979,-0.06182348,-7.076731,-0.3884897,-0.3598288,0.654873,7944
16.94,-16.62524,0,0,0.2478832,0.0008915514,0.1824515,-6.352611,-0.4559698,-0.3991929,0.4358245,7952
16.96,-18.68087,0,0,0.2410915,0.008681938,0.2129859,-6.620686,-0.4559698,-0.4138009,0.3018072,7948
16.98,-18.81128,0,0,0.2413843,0.005983725,-0.04655629,-7.011684,-0.4559698,-0.419731,0.2192006,7948
17,-24.32825,0,0,0.2372376,-0.006715581,0.2435202,-7.27944,-0.5234499,-0.4773281,-0.08794963,7948
17.02,-23.47716,0,0,0.2414959,-0.01750788,0.1671843,-8.023552,-0.5234499,-0.4918004,-0.1109729,7940
17.04,-15.54868,0,0,0.2411436,-0.03000726,-0.4129688,-8.421898,-0.4559698,-0.4394552,0.1513715,7956
17.06,-14.20625,0,0,0.2270776,-0.043201,0.2129859,-7.840528,-0.4559698,-0.4250188,0.1874179,7952
17.08,-8.667136,0,0,0.2242835,-0.03676872,-0.3977011,-7.297897,-0.3884897,-0.3649928,0.4927926,7956
17.1,-15.99885,0,0,0.2406994,-0.01546632,0.2435202,-6.429843,-0.4559698,-0.4008664,0.3815372,7940
17.12,-18.11889,0,0,0.229094,-0.005228892,0.2893218,-6.569193,-0.4559698,-0.4148388,0.262975,7944
17.14,-18.41504,0,0,0.2375977,-0.0003145039,0.04504682,-6.904553,-0.4559698,-0.4191471,0.2379782,7940
17.16,-18.20466,0,0,0.2432262,-0.0008663088,0.3351234,-7.17589,-0.4559698,-0.4205031,0.2147094,7944
17.18,-17.93305,0,0,0.2478608,-0.002725542,-0.2144953,-7.348404,-0.4559698,-0.4206235,0.2040492,7948
17.2,-17.66065,0,0,0.241481,-0.009600848,0.06031401,-7.41753,-0.4559698,-0.4217526,0.1600133,7948
17.22,-17.80535,0,0,0.2881717,0.01277809,0.9000088,-7.563928,-0.4559698,-0.4147915,0.3533909,7952
17.24,-72.879,0,0,0.3521396,0.02846743,0.7320697,-7.919014,-1.06329,-0.8977561,-1.608206,7960
17.26,-23.20953,0,0,0.3755324,0.02624558,0.9458106,-13.75199,-0.5234499,-0.5910528,0.0301857,7976
17.28,-126.1526,0,0,0.3291602,-0.1117735,-2.107625,-12.59819,-1.805569,-1.548859,-4.479698,7940
17.3,-111.9093,0,0,0.09802815,-0.3456575,-15.1458,-21.54312,-1.738089,-1.776686,-5.433796,8040
17.32,-73.15899,0,0,-0.2552706,-0.758361,-6.733582,-24.97507,-1.670609,-1.799569,-5.758658,8020
17.34,-48.6534,0,0,-0.630728,-1.153226,-18.94733,-22.13098,-1.738089,-1.854566,-5.672101,8004
17.36,-139.711,0,0,-1.136335,-1.575678,-32.15344,-16.29637,-3.02021,-2.915484,-10.01054,8004
17.38,-29.10835,0,0,-1.814316,-2.04203,-37.25267,-19.46618,-2.075489,-2.46428,-7.307851,8104
17.4,-103.613,0,0,-1.937525,-2.308774,5.449629,-9.957502,-3.357609,-3.302383,-8.629459,8020
17.42,-120.6712,0,0,-1.746476,-2.213427,3.129017,-11.60102,-3.695009,-3.69898,-6.351793,8132
17.44,-150.6949,0,0,-1.788659,-2.252766,-5.512208,-14.37346,-4.30233,-4.256789,-6.505837,8148
17.46,-44.01742,0,0,-1.971696,-2.387529,-7.924421,-18.63344,-3.425089,-3.674384,-2.162258,8172
17.48,-106.981,0,0,-1.924846,-2.440073,3.327491,-10.82844,-4.43729,-4.269588,-2.785398,8108
17.5,-0.6684265,0,0,-1.941614,-2.334778,-4.580909,-11.81156,-3.290129,-3.463383,2.857897,8148
17.52,4.299339,0,0,-2.136079,-2.33824,-7.084726,-1.195035,-3.357609,-3.29988,3.801417,8104
17.54,-211.8404,0,0,-2.184512,-2.291184,2.090849,6.318635,-5.65193,-5.105022,-3.366565,8100
17.56,-99.4463,0,0,-1.530929,-1.882378,37.26643,-12.26319,-4.30233,-4.401163,3.700612,8236
17.58,-75.85452,0,0,-0.9340852,-1.598854,26.77788,-15.08558,-4.30233,-4.129066,6.591319,8148
17.6,-163.6586,0,0,-0.871936,-1.521734,-3.619076,-14.94603,-5.247049,-4.832772,3.133633,8164
17.62,-140.649,0,0,-1.780861,-2.050354,-56.13818,-21.21483,-5.044609,-5.010784,-0.8310076,8204
17.64,160.5015,0,0,-2.775805,-2.764087,-59.95497,-19.81077,-2.075489,-2.751878,6.704129,8200
17.66,-71.73499,0,0,-3.776381,-3.485422,-29.1916,14.41533,-4.977129,-4.546902,-3.79852,8032
17.68,-130.9899,0,0,-3.49181,-3.244589,21.95345,13.17973,-5.314529,-5.19074,-2.027911,8212
17.7,-143.201,0,0,-3.058788,-2.973629,25.08322,5.051838,-5.58445,-5.495434,-0.00519973,8220
17.72,64.73383,0,0,-2.322491,-2.494388,33.51071,-3.549005,-3.425089,-3.707977,11.52586,8236
17.74,63.47491,0,0,-1.77823,-1.988508,22.442,10.07011,-3.425089,-3.156174,14.83805,8108
17.76,31.88281,0,0,-2.152741,-1.783174,-32.0313,19.88036,-3.290129,-3.010782,12.731,8112
17.78,-9.163208,0,0,-2.979563,-2.043151,-27.61908,25.42819,-3.425089,-3.25627,7.321981,8108
17.8,-107.4604,0,0,-2.04525,-1.60935,75.19012,22.36887,-4.30233,-3.907355,7.194086,8108
17.82,-127.9763,0,0,-0.9075656,-0.92773,51.43438,7.030711,-4.30233,-3.96917,9.67436,8196
17.84,-48.77176,0,0,-0.4176574,-0.6089568,27.95345,-6.820472,-3.357609,-3.229024,12.23302,8184
17.86,-46.8247,0,0,-0.07253896,-0.4587842,12.04505,-9.130736,-3.290129,-2.985205,11.74815,8100
17.88,-67.15625,0,0,-0.5598533,-0.7182302,-40.21451,-9.194256,-3.357609,-3.101894,7.201511,8112
17.9,-150.0075,0,0,-1.616905,-1.47204,-54.97787,-8.346179,-4.30233,-4.074681,-1.970151,8096
17.92,-37.75823,0,0,-3.021706,-2.556472,-41.86336,-11.87703,-3.357609,-3.736928,-4.379326,8168
17.94,2.348106,0,0,-1.876513,-2.311285,42.51834,-5.641439,-3.290129,-3.306414,3.798915,8120
17.96,-46.47931,0,0,-1.122573,-1.679981,21.15956,0.3521624,-3.695009,-3.38258,6.943447,8136
17.98,-74.20011,0,0,-1.426715,-1.543966,-24.38244,0.01302236,-3.762489,-3.547137,4.792636,8140
18,-60.42706,0,0,-2.207618,-1.945908,-44.26031,-0.8790709,-3.627529,-3.620344,1.457831,8128
18.02,-71.4249,0,0,-2.949924,-2.535154,-13.83282,2.115288,-3.96493,-3.99259,-2.109792,8120
18.04,-95.17876,0,0,-2.215409,-2.331332,24.93055,1.139374,-4.36981,-4.249232,1.118001,8144
18.06,-0.0677948,0,0,-1.949331,-2.086929,5.892377,-2.632368,-3.357609,-3.445479,6.461149,8184
18.08,1.997299,0,0,-1.841131,-1.920291,8.243522,4.091508,-3.357609,-3.21449,7.645022,8120
18.1,-54.00015,0,0,-1.631973,-1.6492,12.50307,8.097081,-3.762489,-3.465744,6.963341,8108
18.12,-8.916046,0,0,-1.210211,-1.254878,20.93055,3.882269,-3.02021,-2.904682,10.30438,8120
18.14,-24.8481,0,0,-0.6692835,-0.8371733,20.96108,3.968986,-3.02021,-2.720318,11.35145,8080
18.16,-49.68017,0,0,-0.5817384,-0.6411165,3.144284,1.998663,-3.02021,-2.722773,9.625405,8084
18.18,-101.6935,0,0,-0.6044525,-0.6505007,4.30459,-1.891319,-3.425089,-3.110498,5.941216,8092
18.2,-101.7063,0,0,-0.3792181,-0.6304181,9.66337,-10.38181,-3.357609,-3.162127,5.219042,8108
18.22,-95.5486,0,0,-0.4039671,-0.7746035,-3.878619,-15.99052,-3.357609,-3.202936,3.769955,8112
18.24,28.47639,0,0,-0.6860772,-1.020013,-16.42824,-18.15285,-2.075489,-2.220293,6.502268,8104
18.26,35.90625,0,0,-1.15607,-1.325592,-26.33664,-5.638951,-2.075489,-2.007078,5.220384,8032
18.28,22.54152,0,0,-1.742414,-1.570819,-25.64962,5.204278,-2.075489,-2.018162,3.363008,8040
18.3,-106.6965,0,0,-1.496711,-1.424022,22.51834,10.36807,-3.357609,-3.006195,0.4181255,8044
18.32,-144.783,0,0,-0.8145224,-1.007999,26.82368,-1.255228,-3.627529,-3.404039,1.565452,8100
18.34,-65.33084,0,0,-0.1796722,-0.6661728,36.76262,-14.71272,-2.81777,-2.792608,5.997938,8144
18.36,-46.83144,0,0,0.3194475,-0.4055361,21.75498,-17.15464,-2.68281,-2.474409,7.807407,8064
18.38,-145.724,0,0,0.004747003,-0.55176,-30.45878,-16.23032,-3.695009,-3.294422,1.664411,7956
18.4,7.336723,0,0,-1.419405,-1.39165,-73.78704,-21.45071,-2.075489,-2.42781,0.3271499,8124
18.42,47.88198,0,0,-2.689202,-2.400301,-46.73359,-5.572316,-2.075489,-2.306978,-2.743362,8044
18.44,-63.06808,0,0,-1.487551,-1.894646,32.13666,6.038952,-3.290129,-2.97419,1.146616,8040
18.46,-126.8091,0,0,-1.330275,-1.519573,11.12902,1.887233,-3.762489,-3.52135,0.3541405,8108
18.48,-34.69572,0,0,-0.9442729,-1.221877,49.70918,-8.452882,-2.75029,-2.813775,5.170749,8108
18.5,-146.2272,0,0,0.03086418,-0.7140936,47.66338,-8.972866,-4.03241,-3.533148,4.677961,8072
18.52,-40.00937,0,0,-0.03845808,-0.5853089,-20.41298,-20.48782,-2.68281,-2.698412,7.259947,8164
18.54,-104.8354,0,0,-1.341498,-1.41032,-64.7336,-13.91396,-3.627529,-3.454598,-2.046889,8048
18.56,-89.04111,0,0,-2.854034,-2.522352,-70.03131,-11.56658,-3.695009,-3.885669,-7.875679,8108
18.58,51.60036,0,0,-3.579651,-3.260739,37.43438,-5.844642,-2.61533,-3.114721,-3.892837,8120
18.6,37.36404,0,0,-2.750764,-2.904565,18.94582,10.15489,-3.02021,-2.987461,2.682067,8064
18.62,15.45869,0,0,-2.587968,-2.423533,-4.611444,18.80845,-3.02021,-2.905631,5.322424,8088
18.64,77.59097,0,0,-2.349874,-1.936884,17.90765,21.60808,-2.075489,-2.103127,10.15176,8124
18.66,15.19812,0,0,-0.8793624,-0.8538127,71.26644,25.44115,-2.412889,-1.980915,14.86256,8032
18.68,-152.8556,0,0,-0.06728963,-0.02274305,40.3046,18.87387,-3.695009,-2.983509,10.53363,8060
18.7,-99.6511,0,0,0.3258778,0.3289595,12.07559,-3.86158,-2.75029,-2.56155,10.71772,8120
18.72,-89.58054,0,0,0.9364778,0.4785075,28.51834,-15.4856,-2.68281,-2.385294,10.1543,8076
18.74,-96.72388,0,0,1.194367,0.4939052,4.915277,-23.01402,-2.68281,-2.363523,8.224835,8068
18.76,-71.75906,0,0,0.3465401,-0.09381575,-55.13055,-26.38852,-2.412889,-2.312546,3.189935,8068
18.78,-20.92508,0,0,-1.11365,-1.164151,-81.51223,-21.79287,-2.075489,-2.226385,-2.17551,8080
18.8,11.73063,0,0,-2.765494,-2.394681,-79.6191,-8.566645,-2.075489,-2.361125,-7.063092,8060
18.82,32.79724,0,0,-2.643737,-2.570369,33.63284,3.693382,-2.075489,-2.246333,-2.703684,8024
18.84,29.31783,0,0,-1.969262,-2.045458,21.99925,12.20133,-2.075489,-2.043786,3.095745,8028
18.86,-21.80204,0,0,-1.407623,-1.403585,22.19773,15.73645,-2.412889,-2.185672,5.243685,8068
18.88,-79.14181,0,0,-0.491009,-0.6356024,43.29697,10.08815,-2.75029,-2.410282,7.070129,8068
18.9,-100.0858,0,0,0.2908601,-0.03194815,34.07559,-1.96013,-2.75029,-2.43398,8.075324,8084
18.92,-108.4219,0,0,0.5978506,0.1647153,12.65574,-13.20887,-2.75029,-2.475512,6.63215,8104
18.94,-105.7251,0,0,0.3927131,-0.06280284,-12.85572,-21.06699,-2.75029,-2.570707,3.468909,8068
18.96,-55.56172,0,0,-0.1943637,-0.5887653,-34.39771,-24.28097,-2.345409,-2.365714,1.299504,8080
18.98,-45.62851,0,0,-1.090652,-1.316758,-47.8023,-18.66067,-2.48037,-2.518583,-2.430568,8056
19,11.04765,0,0,-2.029182,-2.00954,-52.80993,-10.97185,-2.075489,-2.302492,-3.19895,8044
19.02,0.08178711,0,0,-2.495222,-2.387589,15.31223,1.434693,-2.412889,-2.498363,-3.424096,8012
19.04,-120.9036,0,0,-1.95958,-2.100172,18.99162,7.133869,-3.762489,-3.496117,-3.432018,8056
19.06,-34.10846,0,0,-1.55463,-1.707275,27.78551,-2.444671,-2.75029,-2.874429,2.513874,8132
19.08,-50.18752,0,0,-0.6785277,-1.161382,39.49544,-2.653349,-3.02021,-2.79862,6.017426,8056
19.1,-66.26548,0,0,-0.3318513,-0.7688835,5.037415,-5.593404,-3.02021,-2.767559,6.683202,8108
19.12,-40.08751,0,0,-1.119269,-1.099534,-39.77176,-7.104014,-2.68281,-2.648933,3.316743,8080
19.14,-31.18645,0,0,-2.1987,-1.840672,-54.26031,-2.33279,-2.75029,-2.82045,-1.334677,8076
19.16,1.634079,0,0,-3.05401,-2.518556,9.66337,4.43226,-2.61533,-2.819625,-2.853143,8048
19.18,-23.67597,0,0,-2.336986,-2.266663,24.68628,10.4915,-3.02021,-2.957462,1.280732,8068
19.2,-37.53445,0,0,-1.99329,-1.896059,11.78551,10.92002,-3.08769,-2.983627,3.485131,8100
19.22,43.02689,0,0,-1.367601,-1.358958,32.28933,8.014341,-2.075489,-2.093793,9.784803,8096
19.24,25.58814,0,0,-0.8033009,-0.8235978,22.06032,12.45164,-2.075489,-1.811731,11.669,8032
19.26,-91.72913,0,0,-0.8149724,-0.6090325,-4.275566,13.37712,-3.02021,-2.573338,6.370491,8060
19.28,-114.8913,0,0,-0.9525205,-0.6800488,3.968712,2.402007,-3.08769,-2.914149,3.03176,8096
19.3,-17.36711,0,0,-0.1984175,-0.4381316,28.38094,-9.254549,-2.075489,-2.095037,8.30534,8084
19.32,-16.04346,0,0,0.1787092,-0.2516094,8.136653,-8.30589,-2.075489,-1.84803,8.870251,8040
19.34,-118.1582,0,0,0.036018,-0.2888867,-17.74122,-7.310498,-3.02021,-2.611687,3.34211,8056
19.36,-95.52063,0,0,-0.9129737,-0.8825687,-50.55039,-14.30496,-2.75029,-2.769924,-1.401313,8092
19.38,-54.94554,0,0,-1.948115,-1.78388,-50.06184,-13.55688,-2.68281,-2.872136,-4.978565,8084
19.4,-33.1331,0,0,-1.659094,-1.934226,15.38856,-9.416314,-2.75029,-2.818805,-1.639091,8040
19.42,-24.85948,0,0,-1.507463,-1.821283,-1.54274,-4.801254,-2.75029,-2.729491,0.9386271,8052
19.44,-24.41349,0,0,-1.705242,-1.803419,4.701537,-0.366769,-2.75029,-2.71582,1.353788,8076
19.46,-53.76128,0,0,-1.22278,-1.46565,21.11376,1.262763,-3.02021,-2.844929,3.330902,8072
19.48,-38.87336,0,0,-1.00347,-1.192806,5.953446,-1.332713,-2.75029,-2.645594,5.05199,8088
19.5,-29.77132,0,0,-1.061454,-1.142921,-5.588543,-1.484819,-2.61533,-2.513953,4.905497,8076
19.52,-45.978,0,0,-1.079572,-1.136692,1.067948,-0.6485732,-2.75029,-2.602849,4.015626,8088
19.54,-50.5184,0,0,-1.052837,-1.11918,-0.6419765,-1.811743,-2.75029,-2.631896,3.708884,8084
19.56,-50.2511,0,0,-1.143584,-1.185516,-3.496939,-2.802127,-2.75029,-2.66029,2.990312,8068
19.58,-42.32011,0,0,-1.112637,-1.207468,-0.8404495,-3.491961,-2.68281,-2.607376,3.256993,8064
19.6,-41.40903,0,0,-1.08765,-1.207647,0.3351234,-3.211083,-2.68281,-2.588027,3.353805,8084
19.62,-49.1262,0,0,-1.011678,-1.163515,2.441994,-3.150513,-2.75029,-2.627273,3.380239,8068
19.64,-57.22852,0,0,-0.9835634,-1.138388,1.037414,-3.993401,-2.81777,-2.693892,3.062198,8064
19.66,-51.16583,0,0,-0.9645585,-1.134521,0.304589,-5.432652,-2.75029,-2.659146,3.168889,8088
19.68,-49.37123,0,0,-0.9759189,-1.15804,-1.451137,-5.748788,-2.75029,-2.653208,3.029761,8068
19.7,-30.40442,0,0,-1.014869,-1.184176,-2.825183,-5.642237,-2.54785,-2.492599,3.564363,8072
19.72,-78.8376,0,0,-1.00856,-1.199198,-0.8404495,-3.708907,-3.08769,-2.883598,1.788179,8092
19.74,-51.1112,0,0,-0.9733413,-1.174938,0.9152762,-7.384583,-2.75029,-2.712008,2.890437,8092
19.76,-39.31506,0,0,-0.9100496,-1.165053,2.701536,-7.207038,-2.68281,-2.600007,3.512051,8084
19.78,-45.68423,0,0,-0.9898605,-1.197406,-5.359536,-5.681777,-2.75029,-2.636271,2.9997,8080
19.8,-40.5601,0,0,-1.136047,-1.269213,-6.09236,-4.883384,-2.68281,-2.611704,2.661855,8096
19.82,-40.04889,0,0,-1.0993,-1.260416,1.678635,-3.907605,-2.68281,-2.592954,3.026223,8088
19.84,-47.338,0,0,-1.104762,-1.246831,-1.710679,-3.198924,-2.75029,-2.641727,2.865971,8060
19.86,-72.66823,0,0,-1.079734,-1.233049,2.02978,-3.563677,-3.02021,-2.870648,2.006505,8068
19.88,-77.59888,0,0,-1.025108,-1.223632,1.098482,-6.534122,-3.08769,-2.980357,1.851424,8084
19.9,-64.8083,0,0,-1.051669,-1.281558,-2.153427,-8.935163,-3.02021,-2.957423,1.96214,8068
19.92,-56.52174,0,0,-1.169684,-1.397908,-6.886253,-8.887784,-3.02021,-2.959553,1.731991,8088
19.94,-56.08976,0,0,-1.31671,-1.520469,-7.130528,-7.566609,-3.08769,-3.021101,1.356786,8092
19.96,-45.63641,0,0,-1.32672,-1.54831,-0.1992282,-6.558279,-3.02021,-2.966191,2.151703,8080
19.98,40.97796,0,0,-1.323309,-1.491311,-1.176328,-4.736592,-2.075489,-2.172091,6.113218,8092
20,35.51787,0,0,-1.298244,-1.363798,2.258788,5.155297,-2.075489,-1.948625,6.996377,8020
20.02,-43.38471,0,0,-1.201642,-1.13546,9.312226,10.82024,-2.68281,-2.382168,5.106434,8044
20.04,-13.90259,0,0,-0.5476252,-0.6246895,36.41147,4.747716,-2.075489,-1.944595,8.846549,8060
20.06,-53.18217,0,0,-0.002299301,-0.210934,23.83132,1.936021,-2.345409,-2.020859,8.618862,8024
20.08,-24.53416,0,0,0.1553002,-0.01642787,7.525965,-4.474398,-1.805569,-1.647717,8.851756,8068
20.1,56.1085,0,0,0.2337074,0.05934948,3.342758,-6.062408,-0.7933693,-0.7658657,10.90204,8020
20.12,40.94083,0,0,0.02647224,-0.001638867,-12.71832,1.575936,-0.7933693,-0.5977998,8.717218,7964
20.14,-9.158382,0,0,-0.208923,-0.06639796,-1.939687,5.771567,-1.06329,-0.8407802,5.293724,7976
20.16,-36.98956,0,0,0.3388411,0.2347237,25.14429,1.972437,-1.13077,-0.9091408,5.830559,7988
20.18,-75.09769,0,0,0.6826473,0.4475429,16.47253,-4.486763,-1.40069,-1.145219,4.358545,7980
20.2,-57.26546,0,0,0.8794557,0.5175552,6.945813,-13.26695,-1.13077,-1.009043,4.079491,7988
20.22,-52.86491,0,0,0.7351361,0.3337593,-10.04656,-16.94882,-1.13077,-1.024439,2.028962,8004
20.24,-15.2946,0,0,0.2252475,-0.0665304,-26.62672,-17.44176,-0.7933693,-0.8362108,0.3634042,7984
20.26,-3.425805,0,0,-0.3074903,-0.5026124,-17.81755,-12.33184,-0.7933693,-0.8387915,-1.426034,7964
20.28,1.126817,0,0,-0.3776105,-0.6225582,-5.695413,-7.362068,-0.7933693,-0.809442,-0.6687374,7964
20.3,-5.802307,0,0,-0.3992803,-0.600557,1.22062,-3.483868,-0.8608494,-0.8354328,-0.1011044,7984
20.32,-4.737682,0,0,-0.1896799,-0.4140044,8.716805,-2.183234,-0.7933693,-0.7478676,1.544186,7956
20.34,-5.272249,0,0,-0.03501155,-0.2295701,5.999248,-1.702426,-0.7258892,-0.6554923,2.470724,7964
20.36,-19.50179,0,0,0.1365864,-0.05795026,7.556499,-1.992048,-0.7933693,-0.6773181,2.607288,7952
20.38,-27.0759,0,0,0.2118009,0.03490923,4.335124,-3.903535,-0.7933693,-0.6946531,2.235417,7964
20.4,-30.89667,0,0,0.3183295,0.0930737,4.671002,-6.281181,-0.7933693,-0.7022293,1.980536,7972
20.42,-31.88915,0,0,0.2844296,0.054759,-1.313733,-8.184342,-0.7933693,-0.724351,1.193722,7972
20.44,-30.40029,0,0,0.2364041,-0.01937941,-3.542741,-9.408384,-0.7933693,-0.7432981,0.5909016,7964
20.46,-27.11368,0,0,0.1071279,-0.1396098,-4.840451,-9.686603,-0.7933693,-0.7663099,-0.09918046,7968
20.48,-23.51918,0,0,0.0742035,-0.2072562,-2.870985,-9.402449,-0.7933693,-0.7685959,-0.1039788,7956
20.5,-21.26296,0,0,0.06394189,-0.231966,0.04504682,-8.794044,-0.7933693,-0.7622749,0.07865274,7964
20.52,-20.52521,0,0,0.07093861,-0.2259205,-0.4893047,-8.169002,-0.7933693,-0.7539276,0.318517,7968
20.54,-20.87042,0,0,0.08697563,-0.2037022,0.8694746,-7.723609,-0.7933693,-0.7468563,0.52655,7956
20.56,-21.61217,0,0,0.0894346,-0.1865207,0.2893218,-7.476201,-0.7933693,-0.7446607,0.5973134,7952
20.58,-22.3146,0,0,0.1005332,-0.1700979,0.5793981,-7.423545,-0.7933693,-0.7432528,0.6572665,7948
20.6,-22.91957,0,0,0.1141518,-0.1557369,0.5946653,-7.503748,-0.7933693,-0.7421941,0.6927473,7956
20.62,-23.36101,0,0,0.1202894,-0.148469,0.09084838,-7.641176,-0.7933693,-0.7426219,0.6742531,7956
20.64,-17.63657,0,0,0.1301801,-0.1398127,0.1977187,-7.801932,-0.7258892,-0.6878878,0.9095211,7964
20.66,-24.02516,0,0,0.120905,-0.1431424,-0.09235785,-7.313572,-0.7933693,-0.7304345,0.610476,7980
20.68,-18.9339,0,0,0.09694146,-0.1519517,-0.2602969,-7.560815,-0.7258892,-0.6920115,0.6813437,7980
20.7,-54.64704,0,0,0.09942718,-0.1718722,0.1366499,-7.251175,-1.13077,-1.009148,-0.7418411,7964
20.72,-107.3319,0,0,0.07101225,-0.2421079,-0.5045714,-10.62813,-1.738089,-1.5911,-3.205552,7980
20.74,-35.40462,0,0,0.0814537,-0.3241844,-0.6419765,-18.15031,-1.06329,-1.191609,-0.8653152,8004
20.76,-39.50341,0,0,-0.06832655,-0.5166237,-10.48931,-15.45468,-1.33321,-1.30332,-1.643252,7984
20.78,22.86429,0,0,-0.5233378,-0.7775445,-24.82519,-12.6693,-0.7258892,-0.8825367,-0.5623161,8000
20.8,-29.4452,0,0,-0.6920581,-0.911621,-3.527473,-3.985597,-1.40069,-1.302639,-2.136162,7956
20.82,26.70035,0,0,-0.759241,-0.8695833,-3.680145,-3.185354,-0.7258892,-0.8541538,0.8544868,7972
20.84,80.98985,0,0,-0.4742322,-0.6124331,20.45727,2.281625,-0.1185694,-0.1827535,5.279232,7956
20.86,32.27432,0,0,-0.2800665,-0.292716,7.419095,10.7522,-0.4559698,-0.2589006,5.242424,7888
20.88,-27.70816,0,0,-0.01071995,0.06450281,20.67101,10.55881,-0.7933693,-0.5529172,4.194273,7940
20.9,11.3453,0,0,0.6866033,0.5724946,30.28934,2.330003,-0.1185694,-0.0335267,7.782454,7964
20.92,-25.91272,0,0,1.010289,0.8328135,17.72444,-0.3337719,-0.3884897,-0.1286765,6.237211,7928
20.94,-43.17937,0,0,1.103197,0.9105928,-2.214496,-6.254099,-0.3884897,-0.2016259,4.255528,7968
20.96,-46.82909,0,0,0.9558743,0.7465808,-4.748848,-11.58053,-0.3884897,-0.2856198,1.672121,7932
20.98,-42.51696,0,0,0.8912722,0.5546944,-3.725947,-15.26899,-0.3884897,-0.3316746,0.2477477,7952
21,-39.85506,0,0,0.5551956,0.2315122,-16.10763,-16.29238,-0.4559698,-0.4466588,-1.892977,7944
21.02,-22.64315,0,0,0.2966892,-0.05106537,-11.93969,-15.85653,-0.3884897,-0.4391085,-2.474098,7940
21.04,-15.96264,0,0,-0.1102929,-0.3707499,-22.30611,-12.58362,-0.4559698,-0.5204449,-3.571906,7952
21.06,-5.884326,0,0,-0.2965657,-0.5403939,-7.038925,-9.078646,-0.4559698,-0.5292789,-3.08564,7948
21.08,-5.650692,0,0,-0.3088222,-0.5501553,-2.718313,-5.621652,-0.5234499,-0.5530922,-2.057384,7940
21.1,1.408468,0,0,-0.2282151,-0.4477299,4.350392,-3.500903,-0.4559698,-0.4722952,-0.4893626,7948
21.12,-0.5104313,0,0,-0.1325986,-0.3131421,5.754972,-1.672539,-0.4559698,-0.4299173,0.5222629,7940
21.14,0.02136803,0,0,0.03495921,-0.1353669,8.25879,-1.157681,-0.3884897,-0.343086,1.64707,7932
21.16,-12.83389,0,0,0.1882524,0.02529648,7.922912,-1.261861,-0.4559698,-0.3654757,1.847795,7956
21.18,-19.5789,0,0,0.2774059,0.1260237,5.342759,-2.944381,-0.4559698,-0.3775209,1.676383,7956
21.2,-16.70628,0,0,0.3257408,0.1623942,3.11375,-4.918837,-0.3884897,-0.335907,1.520706,7940
21.22,-23.45685,0,0,0.306733,0.1323775,-2.550374,-5.91457,-0.4559698,-0.3937209,0.7207026,7960
21.24,-23.38273,0,0,0.2858082,0.08705721,-0.4129688,-7.194834,-0.4559698,-0.4177183,0.2729931,7952
21.26,-15.28166,0,0,0.2625723,0.03833857,-1.603809,-7.954284,-0.3884897,-0.3733512,0.246576,7944
21.28,-19.26482,0,0,0.2287285,-0.009080321,-2.550374,-7.534576,-0.4559698,-0.418412,-0.1285217,7952
21.3,-18.19107,0,0,0.156513,-0.06414903,-3.542741,-7.43853,-0.4559698,-0.4377981,-0.3909782,7944
21.32,-10.62212,0,0,0.2035321,-0.05402336,0.8694746,-7.369532,-0.3884897,-0.3754258,0.2000867,7956
21.34,-10.16843,0,0,0.1768229,-0.05805697,0.1977187,-6.485765,-0.3884897,-0.3603817,0.2181827,7944
21.36,-17.56957,0,0,0.2049148,-0.03247531,0.1061156,-5.933488,-0.4559698,-0.4057366,0.1746686,7928
21.38,-25.09406,0,0,0.2265097,-0.009815305,0.9610775,-6.39046,-0.5234499,-0.4713889,-0.02177167,7940
21.4,-24.60728,0,0,0.2261946,-0.01364039,0.2587874,-7.464301,-0.5234499,-0.4913792,-0.1128536,7940
21.42,-16.44323,0,0,0.2376701,-0.02232711,0.06031401,-8.155075,-0.4559698,-0.4398239,0.1654214,7948
21.44,-8.43812,0,0,0.184059,-0.05762572,-2.703046,-7.629691,-0.3884897,-0.3772517,0.254668,7948
21.46,-8.101907,0,0,0.145113,-0.07904986,-1.099992,-6.346863,-0.3884897,-0.3623486,0.2402256,7940
21.48,-9.6635,0,0,0.1561937,-0.06065571,0.5030622,-5.48027,-0.3884897,-0.3540643,0.3983263,7940
21.5,-11.63534,0,0,0.171994,-0.03200141,1.129017,-5.111537,-0.3884897,-0.3503544,0.4830597,7956
21.52,-19.49165,0,0,0.2057872,-0.0005444884,1.648101,-5.176883,-0.4559698,-0.4019128,0.3257675,7948
21.54,-14.79391,0,0,0.2449912,0.02967969,1.205353,-6.131325,-0.3884897,-0.3594531,0.5819403,7952
21.56,-14.58786,0,0,0.243335,0.028589,-0.1381594,-6.299441,-0.3884897,-0.3519654,0.46352,7960
21.58,-15.01177,0,0,0.2342017,0.02016869,-0.2602969,-6.365581,-0.3884897,-0.3533335,0.3319718,7964
21.6,-15.31041,0,0,0.2371142,0.01684046,0.2282531,-6.45819,-0.3884897,-0.3541868,0.2801921,7960
21.62,-21.4391,0,0,0.231302,0.007503405,-0.04655629,-6.539286,-0.4559698,-0.4107305,-0.0344615,7964
21.64,-21.04669,0,0,0.225256,-0.005263276,-0.03128911,-7.193507,-0.4559698,-0.4270378,-0.115175,7968
21.66,-19.35176,0,0,0.2264188,-0.01956935,0.1366499,-7.58814,-0.4559698,-0.4298757,-0.09708357,7956
21.68,-17.93563,0,0,0.2284836,-0.02886164,0.1061156,-7.679631,-0.4559698,-0.4281623,-0.03370953,7952
21.7,-11.01924,0,0,0.2188006,-0.03519918,0.04504682,-7.560091,-0.3884897,-0.37243,0.2343032,7944
21.72,-16.8658,0,0,0.2182416,-0.03391594,0.1213828,-6.782156,-0.4559698,-0.4103134,0.09188139,7956
21.74,-12.01314,0,0,0.2229628,-0.01967081,0.07558119,-6.862685,-0.3884897,-0.364996,0.3618948,7956
21.76,-12.20107,0,0,0.2179946,-0.01461092,0.1213828,-6.416531,-0.3884897,-0.3540537,0.3672795,7964
21.78,-13.38698,0,0,0.2254106,-0.001683727,0.1213828,-6.160955,-0.3884897,-0.35088,0.3880641,7936
21.8,-14.43417,0,0,0.2219707,0.004510455,0.09084838,-6.106194,-0.3884897,-0.3523051,0.3270969,7956
21.82,-21.09726,0,0,0.2282301,0.007451922,0.1213828,-6.202057,-0.4559698,-0.4079913,0.05925,7964
21.84,-27.08955,0,0,0.2255456,-0.002187602,0.04504682,-6.940471,-0.5234499,-0.4794351,-0.2754878,7944
21.86,-13.28498,0,0,0.2335924,-0.01151888,-0.01602192,-8.04563,-0.3884897,-0.3876191,0.1945693,7956
21.88,-10.93212,0,0,0.2221121,-0.02900924,-0.7488468,-7.349073,-0.3884897,-0.3621749,0.2470449,7952
21.9,-11.18339,0,0,0.1596234,-0.05795337,-2.580908,-6.46536,-0.3884897,-0.3626014,0.06496656,7956
21.92,-18.03712,0,0,0.1929699,-0.03975406,0.9305434,-5.989862,-0.4559698,-0.4096989,0.06005895,7940
21.94,-12.73616,0,0,0.1772882,-0.03565297,-0.2297625,-6.323164,-0.3884897,-0.3707076,0.2215984,7952
21.96,-18.16449,0,0,0.1799722,-0.03683401,-0.07709067,-6.023748,-0.4559698,-0.4141661,0.03645802,7956
21.98,-18.46466,0,0,0.184267,-0.03399096,0.6557342,-6.385056,-0.4559698,-0.4251798,0.04266077,7960
22,-17.66571,0,0,0.1883997,-0.03636985,-0.01602192,-6.668652,-0.4559698,-0.4272475,0.06664664,7952
22.02,-16.98773,0,0,0.2029138,-0.03300899,0.4572606,-6.816226,-0.4559698,-0.4248848,0.1498212,7968
22.04,-16.5812,0,0,0.196599,-0.03696017,0.07558119,-6.829401,-0.4559698,-0.4248713,0.1389868,7964
22.06,-10.29672,0,0,0.195161,-0.03624424,0.1061156,-6.785203,-0.3884897,-0.3697278,0.3978864,7952
22.08,-10.48106,0,0,0.1952082,-0.03073269,0.304589,-6.119943,-0.3884897,-0.3543102,0.449599,7956
22.1,-12.09784,0,0,0.2038143,-0.01351222,0.2435202,-5.721452,-0.3884897,-0.3496886,0.4815875,7944
22.12,-13.6351,0,0,0.2078201,0.0004265606,-0.03128911,-5.637518,-0.3884897,-0.3501311,0.4413992,7960
22.14,-20.65042,0,0,0.210722,0.004580304,0.2587874,-5.757216,-0.4559698,-0.4069972,0.1331577,7968
22.16,-20.78427,0,0,0.2085872,-0.002071597,0.1977187,-6.543157,-0.4559698,-0.4245461,0.01945412,7964
22.18,-13.26248,0,0,0.2068616,-0.01527192,0.1213828,-7.067224,-0.3884897,-0.3747337,0.2185546,7964
22.2,-18.14821,0,0,0.2109238,-0.02399029,0.1824515,-6.667712,-0.4559698,-0.4138227,0.04525083,7976
22.22,-18.4753,0,0,0.2097651,-0.0252101,0.06031401,-6.889382,-0.4559698,-0.4238936,0.03698224,7948
22.24,-17.84884,0,0,0.2147981,-0.02650607,0.1519171,-7.083623,-0.4559698,-0.4252693,0.07280564,7972
22.26,-17.19243,0,0,0.2088048,-0.03285545,0.04504682,-7.132224,-0.4559698,-0.4258114,0.07196605,7956
22.28,-10.65379,0,0,0.2029545,-0.03587082,0.1824515,-7.07302,-0.3884897,-0.3710111,0.3263677,7956
22.3,-10.73064,0,0,0.2118527,-0.02641961,0.09084838,-6.395229,-0.3884897,-0.3538001,0.4341722,7956
22.32,-12.28349,0,0,0.207968,-0.01429233,0.2129859,-5.944008,-0.3884897,-0.3505578,0.4206301,7948
22.34,-13.72818,0,0,0.214219,-0.000186637,0.01451245,-5.822729,-0.3884897,-0.3505305,0.4070987,7956
22.36,-20.65936,0,0,0.209943,0.0007387698,0.1213828,-5.888074,-0.4559698,-0.4080546,0.08189291,7964
22.38,-20.74418,0,0,0.2116717,-0.004063211,0.1213828,-6.638743,-0.4559698,-0.4247482,0.001603007,7936
22.4,-13.19778,0,0,0.2039776,-0.01922723,0.04504682,-7.118268,-0.3884897,-0.375473,0.1851828,7980
22.42,-18.07094,0,0,0.2113383,-0.02612478,0.1519171,-6.694976,-0.4559698,-0.4139299,0.03766811,7956
22.44,-12.36523,0,0,0.2033157,-0.02712689,0.1061156,-6.874796,-0.3884897,-0.3701049,0.2476791,7948
22.46,-29.95552,0,0,0.1998234,-0.03688523,0.09084838,-6.425322,-0.590929,-0.522064,-0.4362816,7936
22.48,-23.85906,0,0,0.2064043,-0.03943396,0.1977187,-7.914481,-0.5234499,-0.5070196,-0.2292213,7944
22.5,-8.460851,0,0,0.210702,-0.05097918,-0.1534266,-8.287936,-0.3884897,-0.3906126,0.3445087,7964
22.52,-13.03256,0,0,0.1756401,-0.07260861,-1.725946,-6.881582,-0.4559698,-0.4158579,0.1228915,7948
22.54,-14.46693,0,0,0.1553562,-0.07332154,-0.5045714,-6.341784,-0.4559698,-0.423447,0.1200798,7956
22.56,-21.21038,0,0,0.1857392,-0.05188721,0.5183294,-6.217464,-0.5234499,-0.4746503,0.06477839,7948
22.58,-15.4818,0,0,0.1823051,-0.04516944,0.2282531,-6.809151,-0.4559698,-0.4354676,0.2583143,7948
22.6,-8.401703,0,0,0.169623,-0.05183842,-0.1992282,-6.584423,-0.3884897,-0.3719491,0.4791929,7956
22.62,-20.9379,0,0,0.180453,-0.04567496,0.2435202,-5.758076,-0.5234499,-0.4617469,0.1044178,7944
22.64,-16.38185,0,0,0.177186,-0.03811375,0.304589,-6.463315,-0.4559698,-0.4331068,0.2571874,7956
22.66,-9.329687,0,0,0.1776334,-0.03983112,0.06031401,-6.470094,-0.3884897,-0.3709266,0.5037277,7952
22.68,-15.58186,0,0,0.1768861,-0.03898554,0.2282531,-5.764361,-0.4559698,-0.408716,0.2947928,7964
22.7,-22.97139,0,0,0.1720391,-0.0377156,0.04504682,-5.92001,-0.5234499,-0.475319,-0.01249051,7964
22.72,-22.58076,0,0,0.1742571,-0.0437089,0.1824515,-6.778445,-0.5234499,-0.4936683,-0.06377107,7964
22.74,-20.65866,0,0,0.1815228,-0.05514273,0.02977964,-7.328897,-0.5234499,-0.4965343,-0.02749705,7956
22.76,-12.92544,0,0,0.1732503,-0.06843795,0.1519171,-7.467268,-0.4559698,-0.4418268,0.228991,7964
22.78,-12.10938,0,0,0.1742757,-0.06955644,-0.1381594,-6.774172,-0.4559698,-0.4243701,0.3421803,7948
22.8,-7.162872,0,0,0.1759303,-0.05454861,0.304589,-6.227365,-0.3884897,-0.3638855,0.64618,7956
22.82,-14.69103,0,0,0.1680602,-0.04385014,-0.0007547362,-5.352086,-0.4559698,-0.404395,0.4012859,7956
22.84,-10.73815,0,0,0.1671541,-0.02898191,0.1977187,-5.526342,-0.3884897,-0.3629568,0.5681568,7964
22.86,18.33574,0,0,0.2176055,0.0193875,0.8084057,-5.358405,-0.05108929,-0.07275715,1.943869,7948
22.88,38.9555,0,0,0.2058093,0.06618887,-0.1992282,-2.265337,0.2188301,0.2179666,2.872964,7928
22.9,-25.68596,0,0,0.2365696,0.1374836,0.4572606,1.721515,-0.3884897,-0.2006597,0.7103452,7916
22.92,-128.1638,0,0,0.385763,0.219947,9.724439,-2.703888,-1.40069,-1.130107,-3.063164,7964
22.94,-94.14272,0,0,0.7677582,0.3361866,11.43436,-17.09532,-1.06329,-1.067673,-1.400102,8000
22.96,-76.70647,0,0,0.7352293,0.1583819,-5.084725,-23.20311,-1.13077,-1.115983,-2.15749,7996
22.98,-139.115,0,0,0.1012323,-0.3885327,-28.56565,-23.75716,-2.075489,-1.971763,-7.924685,7984
23,-108.6692,0,0,-0.7061008,-1.102346,-39.29848,-27.97568,-2.075489,-2.268144,-10.26557,8024
23.02,-61.20968,0,0,-1.301537,-1.750455,-31.51221,-25.75684,-2.075489,-2.339186,-9.945472,8036
23.04,-129.1914,0,0,-1.91606,-2.319115,-32.33664,-17.60071,-3.290129,-3.322576,-13.07139,8024
23.06,-101.5727,0,0,-2.413671,-2.72836,-30.53512,-17.4188,-3.357609,-3.607395,-11.77425,8104
23.08,-63.92319,0,0,-2.627088,-2.97244,5.251155,-13.72493,-3.425089,-3.659141,-8.672361,8128
23.1,-198.1713,0,0,-2.392876,-2.916203,4.136652,-8.148767,-5.247049,-5.017767,-10.11603,8152
23.12,-10.40018,0,0,-2.359051,-2.787721,-3.832817,-17.9343,-3.357609,-3.789797,-0.9163873,8244
23.14,25.07961,0,0,-2.479602,-2.813195,-4.443504,-5.137031,-3.357609,-3.417138,2.046606,8108
23.16,13.39743,0,0,-2.09916,-2.376982,22.62521,5.947251,-3.357609,-3.219147,6.030657,8108
23.18,-130.5735,0,0,-1.329703,-1.662507,36.93055,9.730862,-4.639729,-4.104594,5.287117,8116
23.2,-242.1596,0,0,-0.7375933,-1.136498,27.29696,-4.329707,-5.58445,-5.086858,2.576805,8172
23.22,-211.7324,0,0,-0.1972249,-0.9207011,24.36567,-26.6838,-5.314529,-5.113905,3.418425,8232
23.24,-183.2367,0,0,0.04922924,-1.031597,9.342759,-39.27855,-5.314529,-5.11212,3.096544,8232
23.26,14.20407,0,0,-0.8406006,-1.668959,-55.7107,-42.09299,-3.425089,-3.70934,5.668125,8216
23.28,-62.87548,0,0,-2.485046,-2.790585,-83.90918,-19.26131,-4.639729,-4.497753,-3.352068,8124
23.3,30.94094,0,0,-3.940841,-3.691125,-81.08475,-7.260878,-3.695009,-4.057755,-3.347049,8168
23.32,-143.9334,0,0,-5.011733,-4.473282,21.98399,13.37661,-5.989328,-5.829873,-11.43157,8124
23.34,-19.75204,0,0,-4.362519,-4.148424,34.06033,8.059575,-4.707209,-5.052897,-0.5273924,8244
23.36,115.497,0,0,-3.507119,-3.470276,40.213,14.72184,-3.425089,-3.617841,11.08819,8204
23.38,94.46721,0,0,-2.665131,-2.524885,32.73208,30.26576,-3.357609,-3.061106,16.58517,8120
23.4,28.35329,0,0,-2.383971,-1.772898,4.121384,37.34607,-3.425089,-3.009193,16.23977,8108
23.42,-133.4084,0,0,-2.374138,-1.471342,12.28933,34.92886,-4.707209,-4.138911,8.814333,8132
23.44,-188.8156,0,0,-0.7172476,-0.6042158,82.7321,12.15879,-4.977129,-4.500528,11.13306,8192
23.46,-195.456,0,0,0.3891254,-0.05526417,52.42675,-12.0628,-4.977129,-4.546029,11.40115,8208
23.48,-221.5625,0,0,0.879439,0.02106002,23.12902,-30.51051,-5.314529,-4.857753,8.148504,8212
23.5,-176.8142,0,0,0.4850341,-0.4736937,-33.31374,-44.3678,-4.977129,-4.78643,4.461437,8244
23.52,-111.5634,0,0,-0.8516247,-1.590398,-71.93971,-45.1382,-4.639729,-4.683773,-0.873494,8212
23.54,-154.6187,0,0,-2.354996,-2.872074,-77.90917,-34.51447,-5.58445,-5.556303,-8.695671,8192
23.56,-86.96483,0,0,-3.90995,-4.084399,-81.29848,-26.92469,-5.314529,-5.666908,-10.75385,8220
23.58,113.6703,0,0,-5.023976,-4.927285,-34.2145,-11.2694,-3.695009,-4.374451,-3.915116,8216
23.6,42.3652,0,0,-4.285934,-4.483169,17.11375,17.67528,-4.707209,-4.568774,2.481543,8144
23.62,3.991074,0,0,-3.962245,-3.709988,11.43436,28.70853,-4.707209,-4.53631,6.814306,8196
23.64,-48.18166,0,0,-3.619063,-3.073847,42.213,30.9193,-4.977129,-4.724997,8.04871,8216
23.66,-15.1571,0,0,-2.313638,-2.069126,62.76263,23.29128,-4.30233,-4.084558,15.1549,8212
23.68,39.15598,0,0,-1.236362,-1.135044,47.03743,18.24081,-3.357609,-3.080437,20.82405,8152
23.7,-123.9801,0,0,-0.6684254,-0.5623111,25.69391,18.28824,-4.707209,-3.942156,15.00023,8116
23.72,-42.28506,0,0,-0.8581155,-0.5145329,-18.0771,2.21506,-3.357609,-3.234968,14.07163,8192
23.74,-31.22981,0,0,-1.328126,-0.9620087,-27.40535,1.045546,-3.290129,-3.123314,9.556026,8104
23.76,-37.71715,0,0,-1.999771,-1.534457,-33.55801,3.403055,-3.357609,-3.260206,4.982697,8100
23.78,-179.1986,0,0,-2.190075,-1.90694,13.52597,4.906582,-4.977129,-4.617599,-1.914803,8092
23.8,-174.6796,0,0,-1.476648,-1.732765,24.16719,-10.26493,-4.977129,-4.85667,0.5388567,8204
23.82,-178.6094,0,0,-1.184162,-1.749538,10.88475,-20.82847,-5.314529,-5.148808,0.345962,8204
23.84,-147.498,0,0,-1.278236,-1.972787,-6.748848,-27.98795,-5.247049,-5.175389,0.2763902,8224
23.86,23.32243,0,0,-2.266658,-2.631411,-66.0313,-26.61781,-3.695009,-4.036286,2.661727,8216
23.88,56.2083,0,0,-3.81087,-3.601684,-86.03132,-3.842732,-3.695009,-3.874078,-0.601439,8132
23.9,71.22668,0,0,-5.230598,-4.380288,-59.31375,19.01924,-3.627529,-3.8731,-2.342649,8128
23.92,1.526184,0,0,-4.064833,-3.683801,48.80843,32.77629,-4.30233,-4.13351,4.362616,8112
23.94,48.47543,0,0,-3.197658,-2.714073,46.21301,32.30564,-3.425089,-3.370656,12.15757,8180
23.96,-39.32988,0,0,-1.85734,-1.586251,72.0756,32.58309,-4.03241,-3.525414,14.96518,8128
23.98,-31.07797,0,0,-0.5170374,-0.4329407,59.51072,19.76068,-3.357609,-2.945888,19.51818,8136
24,-95.9099,0,0,0.5673118,0.4030451,47.61758,8.535664,-3.627529,-2.999285,18.45695,8108
24.02,-80.66145,0,0,1.164004,0.8496149,25.98399,-7.469927,-3.02021,-2.58668,17.46109,8108
24.04,-96.7677,0,0,0.877442,0.6063175,-18.88626,-15.99986,-3.02021,-2.640417,11.33115,8096
24.06,-103.4898,0,0,-0.07687798,-0.1843786,-50.80993,-20.59698,-3.08769,-2.910728,3.643901,8100
24.08,-82.3195,0,0,-1.23764,-1.226624,-61.58856,-20.82026,-3.08769,-3.139317,-2.320798,8108
24.1,-41.69393,0,0,-2.32412,-2.226565,-49.83283,-15.39472,-3.02021,-3.228487,-5.314667,8108
24.12,-49.78484,0,0,-1.662727,-2.144552,31.51071,-9.15555,-3.357609,-3.317815,-0.773695,8104
24.14,63.73445,0,0,-1.365356,-1.791475,12.442,-6.544071,-2.075489,-2.22019,6.732882,8104
24.16,-87.35151,0,0,-1.628841,-1.743924,-5.680146,7.150225,-3.695009,-3.276469,1.150949,8028
24.18,-135.9839,0,0,-1.185095,-1.380654,30.01452,-0.2949071,-3.96493,-3.725534,1.637569,8120
24.2,-51.50201,0,0,-0.2493729,-0.8270448,39.84659,-12.84142,-3.02021,-2.967531,8.111797,8124
24.22,39.24151,0,0,0.08551456,-0.5189478,10.22826,-13.70747,-2.008009,-1.937056,12.19923,8088
24.24,20.73333,0,0,-0.8441797,-0.8733677,-46.36718,-2.636549,-2.075489,-1.897326,7.094911,8040
24.26,-75.00388,0,0,-2.161181,-1.630896,-58.50459,6.582997,-3.02021,-2.853098,-2.261459,8032
24.28,-99.81719,0,0,-2.298782,-1.942483,50.0298,3.675118,-3.357609,-3.358218,-3.530401,8084
24.3,1.411652,0,0,-1.532807,-1.656326,38.85422,-2.701134,-2.412889,-2.568136,4.106358,8104
24.32,-21.63508,0,0,-1.22315,-1.410926,9.373294,2.29972,-2.75029,-2.575473,5.11026,8052
24.34,-29.51871,0,0,-1.335794,-1.311979,-15.52748,3.529092,-2.68281,-2.558542,4.641112,8084
24.36,-39.79655,0,0,-1.613521,-1.417902,-22.97786,4.280966,-2.75029,-2.664245,2.931652,8096
24.38,-64.09881,0,0,-1.52139,-1.415806,17.03742,3.498415,-3.02021,-2.894966,2.316133,8076
24.4,19.3829,0,0,-1.158979,-1.201848,5.403827,-0.4093553,-2.075489,-2.137884,7.024709,8088
24.42,18.41312,0,0,-1.272493,-1.184035,-0.3366328,5.671092,-2.075489,-1.963914,6.558541,8048
24.44,-25.28155,0,0,-0.9356017,-0.9084971,15.6023,8.648201,-2.345409,-2.101006,6.608069,8036
24.46,-53.33992,0,0,-0.4742729,-0.5338714,19.19009,4.804579,-2.412889,-2.16335,7.007462,8056
24.48,-97.01863,0,0,-0.1762157,-0.3205628,15.15956,-1.611367,-2.75029,-2.462572,5.235117,8060
24.5,-10.22076,0,0,-0.1542567,-0.3182891,0.8084057,-10.369,-1.738089,-1.765059,7.010289,8084
24.52,-34.38034,0,0,-0.3356,-0.513826,-12.42824,-6.955811,-2.075489,-1.896415,4.286389,8024
24.54,49.27254,0,0,-0.6347475,-0.6808335,-20.00076,-6.132937,-1.06329,-1.16177,5.956268,8060
24.56,16.55324,0,0,-0.8350449,-0.8023862,-2.229764,3.469222,-1.40069,-1.261001,4.170915,8016
24.58,50.47383,0,0,-0.6160804,-0.576094,7.648103,6.042811,-0.7933693,-0.7659312,7.008665,7996
24.6,9.011379,0,0,-0.5157784,-0.3809268,16.22826,10.79657,-1.06329,-0.8626115,5.941056,7972
24.62,-53.61078,0,0,0.1305762,0.07938381,30.82368,7.843869,-1.46817,-1.160023,5.890993,7976
24.64,-11.76058,0,0,0.462517,0.3776718,13.02215,-1.512358,-0.7933693,-0.7077082,7.422613,8020
24.66,-18.54552,0,0,0.7412096,0.5258917,11.77024,-4.416747,-0.7933693,-0.5978999,6.746012,7940
24.68,-55.76594,0,0,0.7698443,0.5306196,-2.886252,-7.214978,-1.06329,-0.8300625,3.965132,7952
24.7,-60.85477,0,0,0.5549141,0.3359789,-10.77938,-12.26233,-1.06329,-0.9586549,1.315158,7976
24.72,-59.21489,0,0,0.3942904,0.08015158,-11.40534,-15.63461,-1.13077,-1.078003,-0.464504,7980
24.74,-40.36916,0,0,0.01563186,-0.2816166,-20.70305,-16.55965,-1.06329,-1.098689,-1.933594,7972
24.76,-25.09721,0,0,-0.3278732,-0.6150739,-18.10763,-14.1713,-1.06329,-1.121709,-2.62341,7984
24.78,-7.179039,0,0,-0.5847127,-0.8345833,-10.77938,-10.1784,-0.9958096,-1.069479,-2.205871,7992
24.8,-13.67641,0,0,-0.5247372,-0.8134815,1.419093,-5.792122,-1.13077,-1.11748,-1.025727,7984
24.82,-15.64048,0,0,-0.4079925,-0.6720645,5.693904,-3.852361,-1.13077,-1.095618,0.3566697,7972
24.84,-13.39291,0,0,-0.2246275,-0.4800049,7.312224,-3.312251,-1.06329,-1.006739,1.78391,7984
24.86,-18.73175,0,0,-0.1024148,-0.3256839,6.640469,-3.136544,-1.06329,-0.9752992,2.281354,8000
24.88,-24.93899,0,0,0.01274364,-0.2025768,4.884743,-3.940601,-1.06329,-0.9651207,2.429002,7968
24.9,-35.39319,0,0,0.04293402,-0.1587646,1.525963,-5.244373,-1.13077,-1.029252,1.806699,7992
24.92,-30.79307,0,0,0.02931986,-0.1757159,-0.596175,-7.147027,-1.06329,-1.005823,1.490042,7984
24.94,-35.10413,0,0,0.0006512254,-0.2291061,-2.825183,-7.871821,-1.13077,-1.062967,0.8542194,8008
24.96,-33.08227,0,0,-0.07446244,-0.3070569,-2.809916,-8.562909,-1.13077,-1.089053,0.3957038,7956
24.98,-29.64257,0,0,-0.1111151,-0.3675465,-2.84045,-8.687342,-1.13077,-1.095706,0.3141212,7964
25,-20.82393,0,0,-0.1398371,-0.4034482,-0.9167854,-8.312085,-1.06329,-1.039809,0.6205528,7976
25.02,-19.77527,0,0,-0.1178111,-0.3924866,0.1671843,-7.216093,-1.06329,-1.015019,0.9591633,7964
25.04,-27.43357,0,0,-0.09429423,-0.3595603,1.312223,-6.454472,-1.13077,-1.057864,0.942847,7980
25.06,-35.20251,0,0,-0.08774795,-0.3391852,0.04504682,-6.758448,-1.19825,-1.125241,0.7043826,7972
25.08,-28.88169,0,0,-0.07624479,-0.332107,0.3961921,-7.780883,-1.13077,-1.088853,0.9260416,7992
25.1,-20.91721,0,0,-0.1043034,-0.3535708,-1.267931,-7.740533,-1.06329,-1.028327,1.069631,7980
25.12,-20.60083,0,0,-0.09760603,-0.3519131,0.7626044,-6.918007,-1.06329,-1.00876,1.188817,7964
25.14,-22.17328,0,0,-0.1008334,-0.3398862,0.1213828,-6.329348,-1.06329,-1.00391,1.201212,7968
25.16,-23.77096,0,0,-0.09754195,-0.3252803,0.01451245,-6.110063,-1.06329,-1.003651,1.188231,7964
25.18,-30.90172,0,0,-0.0951233,-0.3189729,-0.0007547362,-6.144405,-1.13077,-1.060074,0.8976222,7980
25.2,-31.21649,0,0,-0.08942705,-0.3191107,0.02977964,-6.907721,-1.13077,-1.0763,0.8263135,7972
25.22,-23.92753,0,0,-0.08598308,-0.3266418,0.01451245,-7.451893,-1.06329,-1.025823,1.040193,7984
25.24,-22.93223,0,0,-0.08759565,-0.3338999,0.1366499,-7.069525,-1.06329,-1.011494,1.068291,7976
25.26,-29.67602,0,0,-0.07767433,-0.3274546,0.09084838,-6.745179,-1.13077,-1.060423,0.8843517,7976
25.28,-24.30521,0,0,-0.08427815,-0.3254242,0.1061156,-7.189492,-1.06329,-1.020936,1.04586,7984
25.3,-23.79559,0,0,-0.07303336,-0.3215615,0.1366499,-6.974222,-1.06329,-1.008645,1.107435,7972
25.32,-30.51779,0,0,-0.07130028,-0.3183309,0.1213828,-6.791809,-1.13077,-1.06042,0.8586881,7980
25.34,-24.96189,0,0,-0.06940135,-0.3150917,0.2435202,-7.35118,-1.06329,-1.020517,1.044767,7964
25.36,-24.27033,0,0,-0.06436976,-0.3159184,0.09084838,-7.177015,-1.06329,-1.009169,1.071035,7976
25.38,-30.84537,0,0,-0.05891157,-0.3129784,0.1366499,-7.012243,-1.13077,-1.060347,0.8414699,7980
25.4,-25.18441,0,0,-0.06280319,-0.3132408,0.06031401,-7.552173,-1.06329,-1.021011,1.006432,7976
25.42,-24.34679,0,0,-0.06440374,-0.3187339,0.02977964,-7.334533,-1.06329,-1.010446,1.015395,7984
25.44,-24.8629,0,0,-0.05011501,-0.3089629,0.1213828,-7.142644,-1.06329,-1.005257,1.081222,7984
25.46,-31.68246,0,0,-0.04566419,-0.3029954,0.09084838,-7.089444,-1.13077,-1.059024,0.829725,7992
25.48,-25.97207,0,0,-0.04431534,-0.3011044,0.3961921,-7.744312,-1.06329,-1.020035,1.002889,7976
25.5,-25.26853,0,0,-0.01709672,-0.2915063,0.3656577,-7.679646,-1.06329,-1.005603,1.118423,7972
25.52,-91.82135,0,0,-0.03990708,-0.3310962,0.4877952,-7.573442,-1.805569,-1.608035,-1.664904,7980
25.54,-28.23597,0,0,-0.07976454,-0.3850468,1.037414,-14.05054,-1.13077,-1.228987,0.2576524,7996
25.56,-6.803961,0,0,-0.2054432,-0.5288365,-10.65725,-11.55159,-1.06329,-1.076726,0.5326198,7960
25.58,-94.0473,0,0,-0.4608663,-0.7154626,-12.09236,-7.039367,-2.075489,-1.875927,-3.492813,7956
25.6,-153.5052,0,0,-0.1697593,-0.6445626,9.464897,-13.66283,-2.75029,-2.576461,-4.440125,8052
25.62,-194.8308,0,0,-0.1025003,-0.7515269,1.892376,-24.36493,-3.425089,-3.292537,-6.502302,8056
25.64,-298.778,0,0,-0.2429705,-1.132163,-12.74885,-35.3814,-4.977129,-4.737034,-12.13022,8100
25.66,-359.1414,0,0,-0.930184,-1.959646,-43.0084,-51.28536,-6.259249,-6.2085,-18.52263,8208
25.68,-489.7524,0,0,-2.415826,-3.499723,-85.5275,-63.73645,-8.75601,-8.725593,-30.59702,8272
25.7,84.70506,0,0,-3.878007,-4.966578,-81.61911,-80.08332,-3.695009,-5.299841,-13.01609,8420
25.72,-442.7986,0,0,-5.474875,-6.568192,-76.64201,-28.43163,-11.05033,-10.27954,-34.22969,8116
25.74,-349.0895,0,0,-6.718473,-7.390076,-70.91681,-43.19344,-10.37553,-11.00852,-29.7582,8564
25.76,-264.7076,0,0,-7.866248,-8.503617,-52.26031,-40.00343,-10.98285,-11.59972,-26.49907,8544
25.78,-134.085,0,0,-8.87972,-9.345238,-43.51222,-25.98208,-10.78041,-11.45304,-18.79185,8560
25.8,-47.32599,0,0,-9.624452,-9.733466,-31.92443,-0.9270061,-10.71293,-11.19618,-10.24251,8552
25.82,-39.68573,0,0,-9.953941,-9.591617,-12.80992,25.66667,-11.05033,-11.23467,-2.810495,8556
25.84,-91.23154,0,0,-9.41573,-8.808884,35.61758,42.616,-11.65765,-11.5227,4.654832,8564
25.86,-78.32339,0,0,-8.24339,-7.583289,58.54888,45.20247,-11.32025,-11.11282,14.71836,8604
25.88,-176.2858,0,0,-6.880769,-6.318032,68.28934,43.91503,-12.13001,-11.49771,18.60137,8600
25.9,536.031,0,0,-5.394423,-4.719227,77.67867,29.28733,-3.695009,-4.644787,52.85311,8644
25.92,609.444,0,0,-3.647524,-2.784773,80.8237,86.28167,-2.075489,-1.36363,65.62621,8132
25.94,374.3615,0,0,-2.411519,-0.420103,39.58705,127.4542,-2.075489,-0.5975104,63.55388,8020
25.96,-596.6113,0,0,-2.421944,0.5760647,6.884743,129.3803,-10.44301,-7.603277,20.32921,8024
25.98,-803.2015,0,0,-2.146868,0.3627284,30.13666,31.0331,-11.65765,-10.80799,-0.509057,8524
26,-548.5792,0,0,0.1070751,-0.1235733,96.01454,-61.56611,-10.17309,-10.27049,3.787752,8624
26.02,-322.561,0,0,1.217916,-0.9457955,67.755,-100.3773,-9.228369,-9.198708,7.74778,8488
26.04,-331.7415,0,0,0.7849813,-2.008708,-44.99313,-101.9544,-10.17309,-9.692,1.875173,8456
26.06,-347.0771,0,0,-0.708088,-3.316697,-83.31376,-99.42478,-10.78041,-10.4622,-5.801652,8508
26.08,-259.1874,0,0,-2.463597,-4.75709,-93.37483,-93.85069,-10.44301,-10.52293,-8.77351,8580
26.1,409.0234,0,0,-3.859452,-5.642578,-64.94734,-76.1488,-3.695009,-5.083696,15.53268,8524
26.12,418.9617,0,0,-4.991174,-5.852459,-54.7794,6.809954,-3.762489,-3.645406,20.48914,8124
26.14,-408.9341,0,0,-6.068272,-5.554027,-52.12291,65.4932,-11.65765,-9.758955,-7.322193,8132
26.16,-401.6576,0,0,-6.808174,-5.466498,-33.66489,22.86273,-10.71293,-10.79803,-9.456905,8596
26.18,-345.2181,0,0,-7.506983,-6.500379,-15.74122,-2.924299,-11.32025,-11.62348,-12.92211,8528
26.2,-106.1686,0,0,-7.279505,-7.06404,9.23589,-14.47441,-9.83569,-10.44439,-2.063521,8580
26.22,18.18127,0,0,-7.254788,-7.237405,-13.49694,2.263682,-9.228369,-9.468095,6.487663,8488
26.24,5.190948,0,0,-9.003462,-7.92584,-101.1153,30.95948,-9.565769,-9.632198,3.240268,8472
26.26,113.3798,0,0,-10.4715,-8.506874,-69.02368,53.26633,-8.41861,-8.846301,6.262427,8496
26.28,36.82977,0,0,-10.37577,-8.275665,65.02216,78.98926,-9.295849,-9.207076,9.1944,8424
26.3,2.706329,0,0,-10.1881,-7.720351,75.31226,87.79536,-9.363329,-9.289022,12.58488,8476
26.32,64.38303,0,0,-9.15789,-6.7659,71.90766,87.22765,-8.41861,-8.401037,21.38345,8500
26.34,440.9576,0,0,-7.342968,-5.143882,76.35042,88.09247,-3.762489,-4.182479,45.01664,8420
26.36,127.241,0,0,-5.477612,-3.306268,81.7092,120.7141,-6.259249,-4.947123,41.90365,8136
26.38,215.4992,0,0,-3.464551,-1.074344,87.06798,104.6008,-3.357609,-2.791031,51.56961,8272
26.4,-100.0847,0,0,-1.433563,0.6106954,93.14431,96.00569,-5.58445,-4.054399,41.65248,8100
26.42,-142.666,0,0,0.3007294,1.87325,92.91531,52.84623,-4.707209,-3.788527,38.00323,8232
26.44,-192.8753,0,0,1.911631,2.513802,70.44202,14.70563,-4.707209,-3.788386,31.98182,8176
26.46,-104.9205,0,0,2.659595,2.563652,41.84659,-18.08997,-3.357609,-2.832448,28.49992,8188
26.48,-175.4604,0,0,2.235674,1.829319,-34.88626,-30.0171,-4.03241,-3.354355,15.89729,8112
26.5,-115.5852,0,0,0.7596325,0.4835591,-74.30612,-40.70356,-3.357609,-3.24763,6.139985,8136
26.52,-108.6343,0,0,-0.9056013,-1.126416,-86.97788,-36.67053,-3.695009,-3.705106,-3.57029,8104
26.54,-7.428108,0,0,-2.38238,-2.485098,-55.64963,-28.49199,-3.02021,-3.386314,-5.707326,8132
26.56,-5.971771,0,0,-2.248886,-2.750044,-8.321369,-12.67372,-3.357609,-3.404569,-2.136856,8084
26.58,24.59953,0,0,-2.573261,-2.759884,-13.83282,-0.9249606,-3.02021,-3.105631,0.8000975,8120
26.6,70.9466,0,0,-2.28762,-2.36339,31.26643,9.279646,-2.412889,-2.447067,6.643159,8096
26.62,-9.661148,0,0,-1.634175,-1.671988,36.68628,18.7526,-3.02021,-2.669436,8.372456,8044
26.64,4.387802,0,0,-1.028814,-0.9463547,17.75498,15.01087,-2.412889,-2.20883,11.82955,8088
26.66,33.78693,0,0,-0.04381864,-0.1380882,57.02216,10.96587,-1.738089,-1.473936,16.27922,8060
26.68,52.11005,0,0,0.8315968,0.6428593,35.44964,8.537214,-1.06329,-0.7085193,19.16148,8000
26.7,-24.42514,0,0,0.8913932,0.9282227,2.457261,8.25093,-1.40069,-0.8976655,14.04738,7976
26.72,-95.33723,0,0,0.5497987,0.7576098,-24.24504,1.089257,-1.805569,-1.436369,6.756411,7996
26.74,-8.307674,0,0,0.1839274,0.3549421,-3.099992,-9.709841,-0.7933693,-0.8712996,5.549664,8020
26.76,-0.01551819,0,0,0.6827158,0.3588378,12.47253,-9.357044,-0.7933693,-0.6482974,6.553523,7944
26.78,-6.10117,0,0,0.498416,0.2659777,-15.20687,-7.776042,-0.7258892,-0.5857902,4.681448,7948
26.8,-18.47632,0,0,-0.09508845,-0.08854923,-32.51985,-5.662878,-0.7933693,-0.7311351,0.9309715,7972
26.82,-47.948,0,0,-0.1984161,-0.2780618,17.54124,-5.121974,-1.13077,-1.048713,-0.9210757,7964
26.84,-40.14159,0,0,0.07749923,-0.2085664,10.16719,-8.438457,-1.06329,-1.02629,0.4276406,7968
26.86,-33.88807,0,0,-0.06843153,-0.3088343,-14.88626,-9.476513,-1.06329,-1.042485,-0.234497,7980
26.88,-28.09012,0,0,-0.1339479,-0.3961185,2.41146,-9.313845,-1.06329,-1.047206,-0.2763448,7992
26.9,-30.34153,0,0,-0.1216078,-0.4187156,-1.390068,-8.624271,-1.13077,-1.089081,-0.09609282,7976
26.92,-20.59767,0,0,-0.3651978,-0.5498995,-14.04656,-7.695016,-1.06329,-1.07371,-0.5659779,7996
26.94,-16.77578,0,0,-0.2862001,-0.5343141,6.151919,-6.257537,-1.06329,-1.040848,0.3534265,7996
26.96,-23.17072,0,0,-0.2502576,-0.4842401,0.4572606,-5.021778,-1.13077,-1.073853,0.649147,7976
26.98,-25.56704,0,0,-0.1452563,-0.3902893,5.159552,-5.155534,-1.13077,-1.066878,1.23037,7984
27,-20.9849,0,0,-0.1467991,-0.3548643,-1.084725,-5.511374,-1.06329,-1.016114,1.407812,7968
27.02,-21.66306,0,0,-0.1448622,-0.3423771,-0.4893047,-5.303778,-1.06329,-1.005801,1.364018,7976
27.04,-28.66433,0,0,-0.1849162,-0.3602144,-2.077091,-5.133687,-1.13077,-1.066295,0.8773472,7992
27.06,-22.99263,0,0,-0.1547074,-0.3499768,-0.01602192,-5.800909,-1.06329,-1.023747,1.179192,7984
27.08,-22.41143,0,0,-0.1438301,-0.346458,0.02977964,-5.705951,-1.06329,-1.011313,1.208196,8000
27.1,-23.21974,0,0,-0.1244297,-0.3325428,0.3351234,-5.639715,-1.06329,-1.006182,1.250837,7984
27.12,-24.41736,0,0,-0.09231672,-0.308962,1.205353,-5.772794,-1.06329,-1.002247,1.3115,7992
27.14,-31.5356,0,0,-0.07772519,-0.2977677,0.8542075,-6.039198,-1.13077,-1.057151,1.017147,7980
27.16,-31.9339,0,0,-0.06726981,-0.2971545,0.6099325,-6.971418,-1.13077,-1.073472,0.9132951,7972
27.18,-24.655,0,0,-0.06545217,-0.3081723,0.2893218,-7.632699,-1.06329,-1.024096,1.078011,7972
27.2,-23.55109,0,0,-0.07162736,-0.3213057,-0.3060985,-7.315598,-1.06329,-1.01105,1.061305,7976
27.22,-18.02664,0,0,-0.07491814,-0.3197088,-0.2908313,-6.972426,-0.9958096,-0.9527043,1.297092,7980
27.24,-25.09333,0,0,-0.07639275,-0.3136017,-0.5656406,-6.187407,-1.06329,-0.9922085,1.069243,7980
27.26,-26.88279,0,0,-0.08236362,-0.307386,-0.2144953,-6.365475,-1.06329,-1.005589,0.9730208,7980
27.28,-27.17702,0,0,-0.0549057,-0.2938738,0.7626044,-6.744621,-1.06329,-1.006531,1.029978,7992
27.3,-27.07662,0,0,-0.06054968,-0.2980486,0.01451245,-7.016758,-1.06329,-1.009343,0.9411914,7980
27.32,-26.92608,0,0,-0.0401921,-0.2927079,0.2435202,-7.243587,-1.06329,-1.007578,0.9895476,7980
27.34,-33.07236,0,0,-0.01843418,-0.2849921,0.7778715,-7.448748,-1.13077,-1.059467,0.7976832,7972
27.36,-32.91855,0,0,-0.02407896,-0.2928256,0.07558119,-8.195004,-1.13077,-1.075757,0.6908256,7972
27.38,-25.39282,0,0,-0.015874,-0.3000636,0.2282531,-8.690656,-1.06329,-1.023735,0.9506805,7988
27.4,-24.12256,0,0,-0.04609267,-0.3221339,-0.4587703,-8.17204,-1.06329,-1.012803,0.8792163,7992
27.42,-24.64297,0,0,-0.02154963,-0.3079983,-0.3060985,-7.757922,-1.06329,-1.004244,1.045078,7976
27.44,-25.65374,0,0,-0.02797597,-0.29985,0.1519171,-7.521867,-1.06329,-1.003627,1.017923,8004
27.46,-32.3925,0,0,-0.0317332,-0.2987261,-0.4435031,-7.465721,-1.13077,-1.059847,0.7384854,7972
27.48,-26.58513,0,0,-0.01452813,-0.2897484,0.4419934,-8.152803,-1.06329,-1.018574,0.9955503,7984
27.5,-31.64635,0,0,-0.02279612,-0.3004454,-0.1228922,-8.009433,-1.13077,-1.063721,0.7225879,7988
27.52,-31.61753,0,0,-0.01601418,-0.3022333,0.4877952,-8.441148,-1.13077,-1.074565,0.7282199,7988
27.54,-30.69706,0,0,-0.003163306,-0.3024727,-0.0007547362,-8.761035,-1.13077,-1.074979,0.7875437,7984
27.56,-30.00307,0,0,0.005957573,-0.3017794,0.2740546,-8.906276,-1.13077,-1.073147,0.8410188,7996
27.58,-35.59259,0,0,0.002115325,-0.3082805,0.06031401,-8.928391,-1.19825,-1.127524,0.5990454,7972
27.6,-23.01305,0,0,0.003310568,-0.3085564,0.06031401,-9.497222,-1.06329,-1.031931,1.080195,7980
27.62,-22.04109,0,0,0.009109358,-0.3053138,-0.06182348,-8.618877,-1.06329,-1.003829,1.199745,7992
27.64,-29.9247,0,0,0.0114021,-0.2912052,0.1213828,-7.948944,-1.13077,-1.050969,0.988018,7996
27.66,-31.69429,0,0,0.02270244,-0.2745625,-0.1381594,-8.337523,-1.13077,-1.064233,0.9588425,7984
27.68,-25.64771,0,0,0.02693677,-0.2702718,0.5946653,-8.78783,-1.06329,-1.014583,1.144063,7996
27.7,-25.37029,0,0,0.02131298,-0.2746781,-0.3213652,-8.4622,-1.06329,-1.002877,1.104056,7992
27.72,-32.36129,0,0,0.02860201,-0.270139,0.4419934,-8.242385,-1.13077,-1.05402,0.8646554,7996
27.74,-33.03604,0,0,0.0273478,-0.2707312,-0.0007547362,-8.802051,-1.13077,-1.069534,0.7772343,8008
27.76,-26.02245,0,0,0.01984436,-0.2815882,0.1061156,-9.216174,-1.06329,-1.020502,0.9505252,7988
27.78,-31.08724,0,0,0.008967867,-0.2963598,0.01451245,-8.754025,-1.13077,-1.062395,0.7082504,7984
27.8,-25.3583,0,0,0.007232418,-0.2965035,-0.2297625,-8.942005,-1.06329,-1.018229,0.9474308,7988
27.82,-24.98087,0,0,0.009775852,-0.2939366,0.2435202,-8.494269,-1.06329,-1.005081,1.010963,7988
27.84,-31.82394,0,0,-0.0004859464,-0.2942404,-0.183961,-8.136112,-1.13077,-1.057902,0.7410104,7968
27.86,-26.37833,0,0,0.007688496,-0.2861261,0.1824515,-8.606596,-1.06329,-1.016721,0.9817762,7980
27.88,-31.90776,0,0,0.01937135,-0.2828648,0.02977964,-8.410801,-1.13077,-1.05878,0.8047239,7972
27.9,-26.26925,0,0,0.01496237,-0.2820246,0.02977964,-8.822822,-1.06329,-1.016851,0.9824939,8004
27.92,-31.69874,0,0,0.01411792,-0.2875718,0.1366499,-8.530886,-1.13077,-1.060234,0.757634,7984
27.94,-32.08261,0,0,0.02227843,-0.2844942,0.06031401,-8.906637,-1.13077,-1.070745,0.7649853,7984
27.96,-31.35558,0,0,0.022651,-0.2892229,0.1824515,-9.198047,-1.13077,-1.073516,0.7580809,7992
27.98,-24.5932,0,0,0.0261192,-0.2902405,0.07558119,-9.320291,-1.06329,-1.018326,1.029179,7980
28,-24.31761,0,0,0.01414826,-0.2943741,0.1213828,-8.683359,-1.06329,-1.00443,1.032724,7992
28.02,-31.55116,0,0,0.02223241,-0.2842131,0.1366499,-8.258192,-1.13077,-1.054041,0.8455086,7972
28.04,-26.49437,0,0,0.01935911,-0.2774138,0.04504682,-8.696707,-1.06329,-1.014562,1.017073,7988
28.06,-32.06335,0,0,0.01674311,-0.2824723,0.1061156,-8.47867,-1.13077,-1.059557,0.7662838,7980
28.08,-32.33233,0,0,0.01756153,-0.2845907,0.04504682,-8.897552,-1.13077,-1.071853,0.7314588,7984
28.1,-25.36433,0,0,0.01356952,-0.2914799,0.07558119,-9.185774,-1.06329,-1.020705,0.9519341,8004
28.12,-30.74721,0,0,0.01699156,-0.2947164,0.09084838,-8.685609,-1.13077,-1.059878,0.7826554,7988
28.14,-25.44661,0,0,0.02253222,-0.2859147,0.1519171,-8.905114,-1.06329,-1.014791,1.036331,7980
28.16,-19.35421,0,0,0.023194,-0.2788461,0.06031401,-8.513829,-0.9958096,-0.9480627,1.303055,7976
28.18,-32.7564,0,0,0.02879265,-0.2684165,0.04504682,-7.667267,-1.13077,-1.039485,0.8599013,7988
28.2,-34.7037,0,0,0.02926834,-0.2604726,0.2282531,-8.465271,-1.13077,-1.066736,0.7400514,7984
28.22,-27.72245,0,0,0.05071895,-0.2565418,0.9610775,-9.251202,-1.06329,-1.017525,1.000687,7976
28.24,-20.31942,0,0,0.004857415,-0.2851195,-0.6419765,-8.935791,-0.9958096,-0.9565294,1.049934,7996
28.26,-26.64591,0,0,0.01892003,-0.2812568,0.06031401,-8.011095,-1.06329,-0.9906256,0.9440087,7988
28.28,-22.41096,0,0,0.01479279,-0.2691325,0.3351234,-8.019005,-0.9958096,-0.9465042,1.13542,7992
28.3,-35.03282,0,0,0.01347913,-0.2681477,-0.2602969,-7.609068,-1.13077,-1.045466,0.6388647,7976
28.32,-35.81909,0,0,0.02106475,-0.2661838,0.7473372,-8.635243,-1.13077,-1.072559,0.5699522,7972
28.34,-33.77237,0,0,0.01317864,-0.2864797,-0.3671672,-9.377439,-1.13077,-1.08104,0.5057499,7976
28.36,-31.61078,0,0,0.01609205,-0.3028933,0.1671843,-9.665152,-1.13077,-1.080463,0.5663092,7988
28.38,-30.13787,0,0,0.01259504,-0.3140119,-0.2450293,-9.621638,-1.13077,-1.077996,0.6341257,7988
28.4,-23.39894,0,0,0.01683583,-0.3110761,0.3961921,-9.444422,-1.06329,-1.019533,0.9824347,7980
28.42,-29.58306,0,0,0.02211021,-0.3020989,-0.0007547362,-8.66573,-1.13077,-1.056347,0.8593221,7984
28.44,-31.01191,0,0,0.02738877,-0.287704,0.1977187,-8.790627,-1.13077,-1.066189,0.8706597,7984
28.46,-19.13154,0,0,0.03950386,-0.2724364,0.1213828,-9.045336,-0.9958096,-0.9587463,1.380171,7976
28.48,-25.50337,0,0,0.0300909,-0.2702683,0.1671843,-7.998417,-1.06329,-0.9868534,1.129849,7980
28.5,-33.92339,0,0,0.03072982,-0.2602899,0.1366499,-7.954905,-1.13077,-1.051007,0.8202602,7976
28.52,-34.571,0,0,0.04592906,-0.2534098,0.7626044,-8.8248,-1.13077,-1.06837,0.7723824,7980
28.54,-33.23217,0,0,0.03505655,-0.2710304,-0.2297625,-9.442616,-1.13077,-1.075767,0.6622722,7984
28.56,-25.46977,0,0,0.0125386,-0.2963495,-0.519839,-9.643213,-1.06329,-1.025027,0.8194378,7992
28.58,-24.48932,0,0,0.02504122,-0.2968338,0.1061156,-9.016351,-1.06329,-1.006457,0.9739478,7988
28.6,-25.46161,0,0,0.02090371,-0.2886716,0.09084838,-8.487352,-1.06329,-1.001303,1.00336,7976
28.62,-32.70893,0,0,0.02841497,-0.276562,-0.03128911,-8.263393,-1.13077,-1.054227,0.7945074,7976
28.64,-27.43538,0,0,0.03939361,-0.2644613,0.3503905,-8.876835,-1.06329,-1.013814,1.014921,7988
28.66,-32.84084,0,0,0.03612438,-0.2704175,-0.07709067,-8.75365,-1.13077,-1.059056,0.7475451,7984
28.68,-27.01175,0,0,0.04386503,-0.2675216,0.2435202,-9.232074,-1.06329,-1.015758,0.9763112,7988
28.7,-26.34698,0,0,0.03872416,-0.2726595,0.1671843,-8.947719,-1.06329,-1.004776,0.9694141,7992
28.72,-26.92992,0,0,0.04032235,-0.2689085,-0.0007547362,-8.693586,-1.06329,-1.001515,0.9792508,7984
28.74,-33.59854,0,0,0.03276578,-0.2710508,-0.04655629,-8.569851,-1.13077,-1.057145,0.6886166,8000
28.76,-27.66669,0,0,0.02988789,-0.2734218,0.07558119,-9.147455,-1.06329,-1.0184,0.8698145,7976
28.78,-26.48052,0,0,0.01520545,-0.2873677,-0.03128911,-8.890048,-1.06329,-1.009416,0.8412047,7988
28.8,-32.66671,0,0,0.02631048,-0.2846385,0.1213828,-8.630297,-1.13077,-1.058779,0.6858295,7980
28.82,-26.94964,0,0,0.02957675,-0.2790811,-0.01602192,-9.087167,-1.06329,-1.017052,0.9183489,7972
28.84,-32.24395,0,0,0.02829566,-0.2835883,0.1671843,-8.81755,-1.13077,-1.060466,0.7037938,7996
28.86,-26.41116,0,0,0.02546286,-0.2835149,0.1671843,-9.157892,-1.06329,-1.01774,0.9180405,7976
28.88,-31.7882,0,0,0.02520985,-0.287681,0.02977964,-8.799698,-1.13077,-1.060278,0.7193078,7992
28.9,-32.16998,0,0,0.02944496,-0.2851033,0.1671843,-9.115397,-1.13077,-1.070923,0.7257543,7976
28.92,-37.42097,0,0,0.02634834,-0.2938768,0.02977964,-9.362761,-1.19825,-1.128693,0.4770528,7984
28.94,-24.26726,0,0,0.02631585,-0.2989894,0.1671843,-10.04309,-1.06329,-1.033787,0.9607431,7984
28.96,-22.69377,0,0,0.01489639,-0.3085111,0.04504682,-9.130884,-1.06329,-1.007651,1.030564,7984
28.98,-24.01833,0,0,0.009871298,-0.2994943,-0.3213652,-8.345837,-1.06329,-1.000144,1.076828,7984
29,-25.75021,0,0,0.01631499,-0.2809537,0.304589,-7.978036,-1.06329,-0.9979511,1.108881,7988
29.02,-39.05108,0,0,0.007957311,-0.2797126,0.1366499,-7.904397,-1.19825,-1.11013,0.5455583,7996
29.04,-33.05704,0,0,0.008501439,-0.2843992,-0.01602192,-9.197634,-1.13077,-1.087099,0.6815998,7984
29.06,-24.48952,0,0,0.01124001,-0.2978071,0.2587874,-9.452425,-1.06329,-1.024641,0.9585281,7992
29.08,-29.59502,0,0,-0.003775835,-0.3121742,-1.008389,-8.714059,-1.13077,-1.062649,0.7389865,7968
29.1,-30.2007,0,0,-0.01539841,-0.3161997,0.2435202,-8.700641,-1.13077,-1.073351,0.7175779,7972
29.12,-29.67654,0,0,-0.02381225,-0.3225088,-0.2297625,-8.727619,-1.13077,-1.076349,0.7236212,7980
29.14,-29.06871,0,0,-0.02478856,-0.3253855,0.3961921,-8.687036,-1.13077,-1.075844,0.7736105,7972
29.16,-28.6549,0,0,-0.02923739,-0.3277286,-0.01602192,-8.584546,-1.13077,-1.075127,0.807193,7972
29.18,-28.53102,0,0,-0.0190011,-0.3208696,0.09084838,-8.501698,-1.13077,-1.072382,0.8967518,7980
29.2,-22.592,0,0,-0.02188649,-0.3153622,0.09084838,-8.422029,-1.06329,-1.01724,1.148055,8000
29.22,-23.01491,0,0,-0.01902204,-0.306106,-0.0007547362,-7.777797,-1.06329,-1.001945,1.20129,7988
29.24,-30.66739,0,0,-0.02221891,-0.2974387,0.2435202,-7.392165,-1.13077,-1.054298,0.928616,8016
29.26,-13.69141,0,0,-0.02341391,-0.2854855,0.1061156,-7.891418,-0.9283295,-0.9064276,1.565564,7976
29.28,-25.92575,0,0,-0.02249183,-0.2820899,0.1213828,-6.525705,-1.06329,-0.9767462,1.126931,7976
29.3,-29.01253,0,0,-0.02256307,-0.2683608,0.2435202,-6.855621,-1.06329,-0.9985361,1.002701,7972
29.32,-35.46374,0,0,0.007477798,-0.2568118,2.045048,-7.483771,-1.13077,-1.057324,0.77868,7980
29.34,-40.74512,0,0,-0.008948041,-0.2790411,-1.069457,-8.52056,-1.19825,-1.132623,0.3417136,7980
29.36,-26.20573,0,0,0.005583646,-0.2939304,0.9305434,-9.766103,-1.06329,-1.040161,0.8401811,7968
29.38,-23.18458,0,0,-0.03129908,-0.3293996,-0.8862511,-9.015624,-1.06329,-1.017537,0.8020067,7984
29.4,-23.40967,0,0,-0.0295327,-0.3281898,-1.054191,-8.200829,-1.06329,-1.00741,0.9353942,7968
29.42,-24.71179,0,0,-0.01359205,-0.3059835,1.190086,-7.725104,-1.06329,-1.001331,1.065826,7976
29.44,-25.90341,0,0,-0.033392,-0.3016963,-0.3824344,-7.492775,-1.06329,-1.004165,0.9734045,7972
29.46,-26.8166,0,0,0.0004997831,-0.2783884,0.5183294,-7.554935,-1.06329,-1.000844,1.096038,7976
29.48,-33.49267,0,0,-0.007269816,-0.2782443,0.2435202,-7.682313,-1.13077,-1.058178,0.7567594,7980
29.5,-33.38578,0,0,-0.007521965,-0.285229,-0.107625,-8.442635,-1.13077,-1.074985,0.6742495,7980
29.52,-31.78181,0,0,-0.00698259,-0.2995621,0.2740546,-8.937476,-1.13077,-1.078905,0.6609317,7992
29.54,-24.2447,0,0,-0.01364868,-0.3125291,-0.1381594,-9.074549,-1.06329,-1.024457,0.9095702,7968
29.56,-29.46015,0,0,-0.02421978,-0.3230633,-0.07709067,-8.37446,-1.13077,-1.063775,0.7194333,7980
29.58,-30.09381,0,0,-0.02304526,-0.3190908,0.1519171,-8.434766,-1.13077,-1.07299,0.7553294,7968
29.6,-29.75434,0,0,-0.01660367,-0.3151684,0.07558119,-8.55821,-1.13077,-1.073965,0.8108954,7976
29.62,-29.4855,0,0,-0.0009450484,-0.3064784,0.2740546,-8.651059,-1.13077,-1.071533,0.8992717,7980
29.64,-29.38056,0,0,-0.003036948,-0.305435,-0.09235785,-8.683008,-1.13077,-1.071435,0.8947786,7976
29.66,-23.28785,0,0,-0.003087913,-0.3025433,0.2129859,-8.687698,-1.06329,-1.016706,1.140615,7988
29.68,-29.5092,0,0,-0.008829013,-0.3032775,0.1366499,-8.065382,-1.13077,-1.057441,0.9089532,7996
29.7,-24.71058,0,0,-0.0009045857,-0.2909417,0.2893218,-8.296154,-1.06329,-1.013275,1.145485,7988
29.72,-25.05706,0,0,0.02071078,-0.2743638,0.4114593,-8.029428,-1.06329,-0.9992089,1.227246,7976
29.74,-32.35224,0,0,0.009865569,-0.2730811,0.07558119,-7.8693,-1.13077,-1.05406,0.8777843,7988
29.76,-32.99364,0,0,0.01374651,-0.2733094,-0.1534266,-8.512792,-1.13077,-1.070086,0.7984608,7984
29.78,-25.96013,0,0,0.01416679,-0.2809375,0.2129859,-9.001746,-1.06329,-1.020159,0.994385,7984
29.8,-25.10039,0,0,0.01063654,-0.2886414,-0.06182348,-8.603095,-1.06329,-1.006423,1.008667,7972
29.82,-31.82367,0,0,0.01137156,-0.2873456,0.1061156,-8.255831,-1.13077,-1.056945,0.7827599,7992
29.84,-32.36196,0,0,0.00515599,-0.2896504,-0.03128911,-8.688106,-1.13077,-1.072149,0.7130713,7992
29.86,-25.36001,0,0,0.003862109,-0.2955034,0.07558119,-9.019962,-1.06329,-1.021416,0.945194,7968
29.88,-30.65624,0,0,0.006372808,-0.2994917,0.1366499,-8.543262,-1.13077,-1.06084,0.7723932,7988
29.9,-25.25418,0,0,0.009693198,-0.2925184,0.07558119,-8.763131,-1.06329,-1.016041,1.02008,7992
29.92,-31.1036,0,0,0.01167232,-0.2911739,0.1213828,-8.377123,-1.13077,-1.058374,0.816717,8004
29.94,-31.80949,0,0,0.01634707,-0.2861547,0.09084838,-8.72554,-1.13077,-1.069714,0.801289,7984
29.96,-25.32151,0,0,0.02800712,-0.2807516,0.06031401,-9.057468,-1.06329,-1.01671,1.072355,7988
29.98,-31.06493,0,0,0.02745374,-0.282492,0.1366499,-8.628714,-1.13077,-1.057321,0.8487654,7988
30,-25.89465,0,0,0.03450033,-0.2737536,0.09084838,-8.937309,-1.06329,-1.013155,1.07822,7968
30.02,-31.83895,0,0,0.03735229,-0.2728965,0.02977964,-8.637223,-1.13077,-1.05619,0.848334,7988
30.04,-26.45163,0,0,0.03141897,-0.2725696,0.09084838,-9.016707,-1.06329,-1.014976,1.008131,7992
30.06,-32.01621,0,0,0.03058719,-0.2780229,-0.0007547362,-8.728449,-1.13077,-1.058747,0.7730163,7972
30.08,-26.38734,0,0,0.03019837,-0.2769458,0.07558119,-9.09038,-1.06329,-1.016107,0.9772904,7992
30.1,-31.80148,0,0,0.01850157,-0.2876489,0.07558119,-8.735783,-1.13077,-1.060791,0.7114827,8000
30.12,-32.0855,0,0,0.02257852,-0.2878454,0.1213828,-9.054819,-1.13077,-1.071787,0.7161461,7980
30.14,-25.24127,0,0,0.01892921,-0.2921724,0.1519171,-9.279575,-1.06329,-1.020068,0.951393,7980
30.16,-30.72161,0,0,0.01890258,-0.2953857,0.1366499,-8.740908,-1.13077,-1.059676,0.7723976,7996
30.18,-25.38291,0,0,0.01511264,-0.2912185,0.1366499,-8.918529,-1.06329,-1.016044,0.9918905,7968
30.2,-25.17555,0,0,0.01371493,-0.2893092,0.1213828,-8.494083,-1.06329,-1.004245,1.023339,7980
30.22,-32.14865,0,0,0.01772242,-0.2824504,0.1061156,-8.208356,-1.13077,-1.055516,0.802771,7980
30.24,-32.75563,0,0,0.01309464,-0.2828519,0.04504682,-8.713495,-1.13077,-1.071252,0.7259275,7984
30.26,-19.83335,0,0,0.02523566,-0.2787923,0.1061156,-9.133004,-0.9958096,-0.9643072,1.24251,7996
30.28,-25.59463,0,0,0.03074082,-0.274489,0.1366499,-8.12776,-1.06329,-0.9889468,1.085513,7996
30.3,-27.85136,0,0,0.03396935,-0.2594578,0.2282531,-8.051911,-1.06329,-0.9966637,1.045916,7976
30.32,-28.93939,0,0,0.06075592,-0.2392478,1.388559,-8.310658,-1.06329,-0.9970914,1.082905,7980
30.34,-35.34525,0,0,0.04421516,-0.2485466,-0.3977011,-8.561367,-1.13077,-1.057201,0.6760179,7988
30.36,-28.97791,0,0,0.05795605,-0.2503289,0.06031401,-9.406003,-1.06329,-1.017506,0.8904055,7972
30.38,-33.61494,0,0,0.05545649,-0.2641596,0.06031401,-9.323128,-1.13077,-1.061528,0.6425043,7992
30.4,-33.14582,0,0,0.03274123,-0.2842464,-0.5656406,-9.668645,-1.13077,-1.076025,0.5321451,7980
