Tiempo,ControlPWM,ReferenciaPosicion,ReferenciaTheta,ThetaMedido,ThetaObservado,OmegaMedido,OmegaObservado,PosicionMedido,PosicionObservado,VelocidadObservado,TiempoTranscurrido
0,436.0475,0,0,-0.2505789,0.07088292,0.5183294,1.146107,4.87495,3.915162,16.39883,0
0.02,393.9587,0,0,-0.5086663,0.269111,0.4725278,46.71154,4.60503,4.722608,16.7217,7484
0.04,347.7368,0,0,-0.6770046,0.9609671,1.022146,73.26131,5.27983,5.401037,17.4354,7660
0.06,209.3723,0,0,-0.8373319,1.492758,17.35803,86.39178,4.73999,5.003368,11.85831,7596
0.08,71.85146,0,0,-0.05373424,2.19937,45.29697,78.65084,3.99771,4.282811,8.030575,7628
0.1,-25.89951,0,0,0.7611643,2.666579,56.99163,56.93606,3.32291,3.524767,3.588186,7672
0.12,-3.600266,0,0,1.903846,3.07497,64.62522,29.20103,3.660311,3.64911,4.343544,7716
0.14,58.31158,0,0,2.603856,3.217108,39.72445,10.8904,4.267631,4.185474,5.142436,7700
0.16,-87.51316,0,0,2.411495,2.8359,-4.428237,5.254785,2.58063,2.865646,-4.932942,7648
0.18,-110.6197,0,0,2.147952,2.323172,7.968714,-12.43352,2.243231,2.170122,-10.06911,7760
0.2,-10.19087,0,0,2.307733,1.942603,8.396194,-26.75971,2.918031,2.578825,-7.725739,7768
0.22,-16.13823,0,0,1.711359,1.285275,-30.99313,-24.38065,2.37819,2.21018,-11.14814,7744
0.24,-58.06829,0,0,0.6433082,0.4351696,-58.85573,-20.23175,1.568431,1.367991,-16.67972,7796
0.26,8.564316,0,0,0.3489472,-0.002979714,21.54124,-20.5185,1.90583,1.477804,-13.75013,7824
0.28,-40.0262,0,0,0.3889655,-0.1380039,-5.099993,-13.97217,0.9611101,0.8498422,-13.20909,7796
0.3,6.279358,0,0,-0.2333456,-0.4453688,-14.0771,-12.68806,1.23103,0.8769611,-12.06795,7868
0.32,68.33301,0,0,0.1320872,-0.2798478,15.93818,-7.987844,1.63591,1.349658,-5.677719,7828
0.34,14.82386,0,0,0.01936207,-0.1788155,-8.993125,1.637957,0.9611101,0.9567046,-5.967405,7816
0.36,29.98802,0,0,0.421851,0.2167594,28.4878,1.514341,1.23103,1.149435,-1.990343,7856
0.38,23.06107,0,0,1.052794,0.7363059,30.3046,1.06474,1.23103,1.28648,1.185591,7832
0.4,45.48441,0,0,1.246949,1.053877,11.05268,-0.6362201,1.63591,1.641578,2.798691,7828
0.42,31.63623,0,0,1.557982,1.338055,20.12139,-0.4942624,1.63591,1.74457,3.189081,7812
0.44,-81.59604,0,0,1.611652,1.42063,6.47253,-2.16659,0.5562305,0.8594722,-1.904921,7832
0.46,8.315842,0,0,1.726975,1.45252,6.762606,-15.00649,1.63591,1.476388,0.5180219,7876
0.48,-65.47645,0,0,1.538424,1.175128,-12.73358,-14.04819,0.6237106,0.7824268,-4.410155,7812
0.5,-26.14119,0,0,0.8210957,0.6421533,-36.41298,-18.74397,0.9611101,0.7701763,-6.720692,7872
0.52,-35.86761,0,0,0.7610976,0.3383037,3.11375,-17.55713,0.5562305,0.4814338,-7.200512,7848
0.54,-17.66546,0,0,0.3892375,0.0283033,-23.20687,-16.58817,0.5562305,0.3965604,-7.402947,7876
0.56,11.03797,0,0,-0.1849561,-0.3759879,-11.17633,-12.36076,0.6237106,0.3980113,-7.664292,7888
0.58,21.27483,0,0,-0.1288984,-0.4120564,-2.306099,-6.633092,0.5562305,0.4197376,-5.224053,7880
0.6,33.20872,0,0,-0.2873931,-0.4069573,-2.428236,-1.30163,0.6237106,0.4979922,-3.737927,7884
0.62,122.444,0,0,-0.02340536,-0.1161366,13.69391,2.825395,1.63591,1.406455,2.510739,7856
0.64,109.5147,0,0,0.1636391,0.233543,10.13665,13.98328,1.63591,1.678004,4.346295,7812
0.66,38.61163,0,0,0.5292014,0.7222167,23.93818,18.91991,1.23103,1.443336,4.034919,7808
0.68,3.75174,0,0,1.347107,1.392749,42.31987,12.55698,1.23103,1.438719,5.634336,7824
0.7,-19.33839,0,0,1.955332,1.862895,27.83132,2.822399,1.23103,1.441485,5.412512,7828
0.72,-31.63766,0,0,2.058789,1.926425,2.258788,-6.48765,1.23103,1.37555,2.823556,7840
0.74,-30.42993,0,0,1.73943,1.609653,-16.24504,-13.08802,1.23103,1.261078,-0.8711765,7852
0.76,17.33144,0,0,1.381702,1.194896,-19.17633,-16.22197,1.63591,1.500374,-2.015299,7844
0.78,-64.0974,0,0,0.9104007,0.7055685,-24.2145,-12.10762,0.5562305,0.6443412,-7.613796,7808
0.8,-50.84057,0,0,0.4478732,0.2641011,-16.61145,-16.12919,0.5562305,0.3840836,-9.09292,7896
0.82,-22.04119,0,0,0.4889269,0.06500091,-3.099992,-17.40579,0.5562305,0.3801368,-7.295068,7864
0.84,7.784599,0,0,0.04513421,-0.2504498,-25.17634,-14.00725,0.6237106,0.4202081,-7.046507,7876
0.86,19.26223,0,0,-0.236167,-0.4521537,-7.00839,-7.810322,0.5562305,0.3941317,-6.204607,7888
0.88,34.2017,0,0,-0.3448,-0.475967,-4.382436,-2.117454,0.6237106,0.4778159,-4.277226,7860
0.9,119.4779,0,0,-0.1551315,-0.2322566,10.36566,2.768454,1.568431,1.329053,1.641737,7856
0.92,113.9645,0,0,0.04648476,0.119895,10.22826,14.01628,1.63591,1.64914,4.012543,7820
0.94,44.30231,0,0,0.4151055,0.6187516,21.92292,19.75577,1.23103,1.432618,3.947333,7816
0.96,9.00371,0,0,1.203131,1.290705,41.1901,14.13437,1.23103,1.430485,5.5689,7836
0.98,-15.4228,0,0,1.895298,1.81989,29.81605,4.61543,1.23103,1.447799,5.798551,7836
1,-30.64224,0,0,2.14271,1.989263,8.350393,-5.110271,1.23103,1.403106,3.746789,7848
1.02,-32.60982,0,0,1.851533,1.720566,-14.74885,-12.40287,1.23103,1.287966,-0.1081406,7836
1.04,13.72644,0,0,1.456181,1.28965,-17.75649,-16.23453,1.63591,1.512718,-1.710614,7852
1.06,16.6001,0,0,0.9786099,0.8184873,-23.51221,-12.62108,1.500951,1.414581,-4.145101,7828
1.08,-58.11285,0,0,0.5189047,0.3959769,-19.90916,-8.546741,0.5562305,0.5919937,-8.696571,7828
1.1,-45.98719,0,0,0.5241632,0.2475588,-1.206862,-13.24225,0.5562305,0.4158972,-7.785116,7876
1.12,-20.86272,0,0,0.377605,0.04803683,-7.267933,-14.66758,0.5562305,0.3886979,-7.028681,7876
1.14,0.6926804,0,0,0.1244645,-0.1698048,-15.11526,-12.2798,0.5562305,0.3907236,-6.368539,7876
1.16,16.35602,0,0,-0.1407945,-0.3437909,-11.68015,-7.670351,0.5562305,0.4012175,-5.568186,7908
1.18,115.6724,0,0,-0.2358391,-0.3312629,-3.206862,-2.575648,1.568431,1.256084,-0.4546704,7880
1.2,112.6507,0,0,-0.1152509,-0.1032893,5.922912,10.54223,1.568431,1.534969,2.003181,7812
1.22,84.55576,0,0,0.07113777,0.2962002,13.23589,18.37766,1.568431,1.629848,3.334843,7808
1.24,21.81075,0,0,0.8142066,0.9544025,40.27407,18.49757,1.23103,1.452727,4.542244,7812
1.26,-9.662079,0,0,1.63483,1.622407,37.83132,9.677498,1.23103,1.450466,5.727189,7848
1.28,-59.68099,0,0,2.187717,2.008965,29.61757,-1.229384,0.89363,1.167204,3.808112,7852
1.3,-36.79771,0,0,2.216038,1.974561,-4.290833,-13.77494,1.23103,1.28993,1.93772,7884
1.32,-24.1816,0,0,1.617474,1.438663,-34.18397,-18.15257,1.23103,1.198351,-2.50695,7852
1.34,29.75198,0,0,0.9964297,0.8357955,-28.56565,-17.82947,1.63591,1.428773,-4.017163,7844
1.36,-41.78149,0,0,0.4211646,0.2788566,-30.56565,-10.41388,0.6237106,0.6361017,-8.897738,7828
1.38,-35.08127,0,0,0.1029013,-0.05010346,-9.405337,-11.61165,0.5562305,0.3785671,-9.186295,7860
1.4,-11.89136,0,0,0.2893609,-0.08254527,8.503064,-12.11445,0.5562305,0.3973668,-6.481117,7892
1.42,4.822006,0,0,0.1425747,-0.1614884,-9.588544,-9.665361,0.5562305,0.4217146,-5.353492,7892
1.44,15.51212,0,0,-0.03058748,-0.2324917,-5.573276,-5.815263,0.5562305,0.438857,-4.434394,7880
1.46,20.80001,0,0,-0.03474985,-0.1891427,-2.122893,-2.117415,0.5562305,0.4748071,-2.969267,7892
1.48,117.0357,0,0,0.03626123,-0.01969314,4.671002,0.7759259,1.63591,1.38888,2.264633,7896
1.5,102.1941,0,0,0.1738122,0.2366903,6.014514,11.99615,1.568431,1.60487,3.636886,7828
1.52,77.92273,0,0,0.2940388,0.5722662,9.358027,17.54457,1.63591,1.710064,4.123561,7828
1.54,10.78604,0,0,1.036553,1.166833,40.60995,16.54217,1.23103,1.475499,4.651167,7808
1.56,-11.93623,0,0,1.685156,1.694973,30.04506,7.037468,1.298511,1.486052,5.096216,7836
1.58,-33.59954,0,0,2.209687,2.01769,25.2817,-3.28413,1.23103,1.43038,4.164955,7856
1.6,-33.3773,0,0,2.111828,1.905961,-9.710681,-12.21714,1.298511,1.385609,1.146365,7852
1.62,6.043724,0,0,1.491602,1.383376,-31.48168,-16.35936,1.63591,1.525477,-2.0367,7836
1.64,-68.98878,0,0,1.167044,0.9129713,-16.79465,-14.12786,0.6237106,0.71662,-7.099921,7824
1.66,-47.91802,0,0,0.6147556,0.4058813,-30.0771,-18.50905,0.6911907,0.5063838,-8.955082,7880
1.68,-22.11164,0,0,0.3892035,0.02890726,-0.7946484,-18.47265,0.6237106,0.4238016,-8.524251,7876
1.7,26.912,0,0,0.1334241,-0.2240889,-19.17633,-14.94114,0.89363,0.6483984,-6.484021,7868
1.72,51.8986,0,0,-0.4923537,-0.5710505,-28.1229,-5.760239,0.9611101,0.731306,-6.417662,7868
1.74,27.02046,0,0,-0.3214876,-0.4567371,5.403827,2.526533,0.6237106,0.5692497,-4.336584,7832
1.76,21.72132,0,0,-0.1928667,-0.2208849,11.44963,5.143601,0.6237106,0.5692901,-2.356574,7880
1.78,99.55347,0,0,0.3293165,0.2449408,25.84658,4.90001,1.568431,1.414677,3.924038,7872
1.8,85.58593,0,0,0.573835,0.6161454,11.83131,11.75949,1.568431,1.652581,5.072816,7812
1.82,24.45715,0,0,0.8499432,0.9957591,15.4191,13.96928,1.23103,1.437241,3.969995,7824
1.84,3.441504,0,0,1.312225,1.391065,27.11376,7.815807,1.298511,1.442074,4.148208,7836
1.86,-22.81159,0,0,1.662746,1.617244,18.77788,0.433448,1.16355,1.321998,2.851586,7840
1.88,12.55445,0,0,1.779611,1.649535,2.701536,-7.527572,1.63591,1.635759,2.758901,7848
1.9,14.45536,0,0,1.559645,1.433166,-11.02366,-8.665337,1.63591,1.655668,0.3570311,7820
1.92,-75.1405,0,0,1.208669,1.087722,-19.03893,-8.272603,0.6237106,0.7805429,-5.576171,7856
1.94,-42.5136,0,0,1.011183,0.7946426,-9.313735,-16.37726,0.89363,0.7464527,-5.993453,7896
1.96,-15.61337,0,0,0.8610032,0.4934503,-8.260299,-17.94337,0.89363,0.7492833,-5.910811,7880
1.98,11.25424,0,0,0.4072589,0.1234615,-25.74122,-14.87031,0.9611101,0.7809311,-6.284345,7880
2,22.00552,0,0,-0.02582634,-0.1933609,-16.27557,-8.749479,0.89363,0.7249619,-6.484161,7880
2.02,38.65059,0,0,-0.2262194,-0.3162029,-10.22977,-2.883534,0.9611101,0.7902426,-5.044402,7868
2.04,42.5938,0,0,-0.1430384,-0.2076194,7.510698,2.538265,0.9611101,0.8621581,-2.842523,7872
2.06,1.970123,0,0,0.03958893,0.01221898,7.968714,5.973557,0.5562305,0.5970446,-2.368669,7868
2.08,0.6543255,0,0,0.3015872,0.275324,12.33513,3.349178,0.6237106,0.6137417,-0.8185024,7904
2.1,83.11771,0,0,0.5685796,0.52689,13.22062,0.7110198,1.568431,1.408691,3.519724,7880
2.12,76.28226,0,0,0.6884469,0.7083814,4.09085,6.867989,1.568431,1.621124,3.948719,7832
2.14,58.64159,0,0,0.7635678,0.9130244,4.533598,10.00095,1.63591,1.712626,3.68209,7860
2.16,36.12778,0,0,1.09825,1.212064,20.47253,9.282546,1.63591,1.747287,3.817331,7836
2.18,16.17495,0,0,1.47287,1.505283,16.91528,5.354674,1.63591,1.761169,3.617941,7836
2.2,-5.094765,0,0,1.782956,1.707714,16.71681,-0.2789521,1.568431,1.70093,2.617729,7824
2.22,-97.50699,0,0,1.847913,1.672058,0.3503905,-6.544968,0.6237106,0.8785945,-2.557101,7828
2.24,-98.10156,0,0,1.706272,1.40665,-5.771749,-19.68382,0.5562305,0.5516435,-5.350011,7868
2.26,-37.79907,0,0,1.400479,0.937689,-16.04656,-27.5207,0.89363,0.7026821,-5.938984,7908
2.28,1.613647,0,0,0.7663182,0.32442,-36.53512,-24.68367,0.9611101,0.7518318,-7.29387,7876
2.3,51.76415,0,0,-0.1427643,-0.3335906,-50.15344,-15.99945,1.23103,0.9214976,-7.993385,7896
2.32,68.6155,0,0,-0.4085236,-0.5598942,-8.474041,-4.129491,1.23103,1.01761,-6.014665,7860
2.34,68.93618,0,0,-0.4274951,-0.4520922,-0.1686933,5.643581,1.23103,1.102251,-3.469459,7832
2.36,58.4968,0,0,-0.07668418,-0.05376087,24.31986,11.18376,1.23103,1.201942,-0.3427132,7864
2.38,16.58797,0,0,0.4638496,0.475035,26.50307,12.14278,0.9611101,1.075886,1.325274,7848
2.4,-8.495714,0,0,0.9570006,0.9391486,26.442,6.956924,0.89363,1.015204,2.17385,7876
2.42,-14.03449,0,0,1.386379,1.260623,18.70154,-0.4128235,0.9611101,1.06347,2.602563,7872
2.44,-18.56979,0,0,1.432899,1.287892,0.4877952,-6.146559,0.9611101,1.034237,1.063074,7888
2.46,-17.06437,0,0,1.282873,1.116739,-9.77175,-10.02877,0.9611101,0.9767924,-0.8839771,7884
2.48,-10.15969,0,0,1.055887,0.8599325,-12.50458,-11.77252,0.9611101,0.924517,-2.459001,7888
2.5,-0.007339478,0,0,0.7301268,0.5541544,-16.71832,-11.23179,0.9611101,0.877175,-3.758156,7888
2.52,4.391624,0,0,0.5164236,0.3290092,-8.748849,-9.136005,0.89363,0.8071803,-4.212635,7888
2.54,18.62589,0,0,0.3613084,0.195867,-6.077093,-6.764423,0.9611101,0.850847,-3.683619,7908
2.56,17.74696,0,0,0.3601918,0.190721,-0.7793808,-3.689202,0.89363,0.8349147,-2.889628,7880
2.58,24.23016,0,0,0.3372218,0.2294809,-0.0007547362,-1.650068,0.9611101,0.8971223,-1.998463,7876
2.6,17.36727,0,0,0.374628,0.3014769,2.808407,0.244678,0.89363,0.8726366,-1.531531,7888
2.62,20.04077,0,0,0.4751242,0.4148697,5.510697,0.5141569,0.9611101,0.9360677,-0.6444099,7876
2.64,5.028599,0,0,0.5340325,0.4929535,1.464895,0.7458965,0.8261509,0.8462651,-0.8817282,7872
2.66,8.007353,0,0,0.5953141,0.5533695,3.754972,-0.8139966,0.89363,0.877412,-0.6212348,7868
2.68,8.244846,0,0,0.6028681,0.5583529,-1.710679,-1.597042,0.89363,0.8798962,-0.7996618,7888
2.7,7.936882,0,0,0.6537343,0.5758792,2.335124,-2.240145,0.89363,0.8845173,-0.7529047,7896
2.72,13.63784,0,0,0.6454698,0.5701687,0.5488637,-2.678466,0.9611101,0.9353802,-0.7155201,7884
2.74,13.11487,0,0,0.6792549,0.5833779,0.6404669,-2.486891,0.9611101,0.95219,-0.6621676,7868
2.76,11.30888,0,0,0.6824028,0.5924268,0.8389403,-2.427014,0.9611101,0.9537278,-0.7831362,7852
2.78,4.014008,0,0,0.6678042,0.5840554,0.2435202,-2.539847,0.89363,0.8937594,-1.226546,7872
2.8,9.848415,0,0,0.6626696,0.5734568,-0.1228922,-3.330637,0.9611101,0.9296157,-1.139827,7872
2.82,5.083557,0,0,0.6566862,0.5545524,0.02977964,-3.253075,0.89363,0.8838821,-1.42553,7872
2.84,11.34584,0,0,0.6602313,0.5497677,-0.07709067,-3.680485,0.9611101,0.9275676,-1.19731,7876
2.86,12.17105,0,0,0.6604648,0.5457759,-0.2602969,-3.330289,0.9611101,0.9403884,-1.156388,7868
2.88,-0.6020012,0,0,0.6783954,0.5544531,-0.107625,-3.074312,0.8261509,0.8374063,-1.547602,7864
2.9,11.0769,0,0,0.6731303,0.5556938,-0.01602192,-4.172798,0.9611101,0.9168993,-1.175437,7860
2.92,13.09763,0,0,0.6543487,0.5367996,-0.7183124,-3.6707,0.9611101,0.9364115,-1.195957,7872
2.94,6.496616,0,0,0.6679307,0.5433933,0.5183294,-3.168478,0.89363,0.8905767,-1.326176,7872
2.96,11.58675,0,0,0.672115,0.5544641,0.4572606,-3.509815,0.9611101,0.9329219,-1.097691,7888
2.98,5.749237,0,0,0.677793,0.5572988,0.02977964,-3.248306,0.89363,0.8898708,-1.305991,7880
3,11.12067,0,0,0.6866556,0.5661516,0.3656577,-3.684676,0.9611101,0.9333258,-1.078537,7872
3.02,-551.0372,8,0,0.6816679,0.5608202,0.4572606,-3.427539,0.89363,0.8889406,-1.343378,7868
3.04,-413.3007,8,0,0.6947398,-0.03964482,0.07558119,-60.63768,0.89363,0.8682246,-2.988501,7872
3.06,-297.7109,8,0,0.3848555,-1.253618,-21.48168,-83.74402,0.9611101,0.8985867,-5.633081,7872
3.08,-221.5378,8,0,-0.4960204,-2.503309,-51.13054,-84.53142,0.89363,0.834056,-7.734205,7864
3.1,-130.3632,8,0,-1.803579,-3.656292,-70.76414,-73.17403,1.23103,1.046317,-7.944656,7860
3.12,-75.8866,8,0,-3.274201,-4.666244,-66.22978,-51.79676,1.298511,1.109445,-8.11009,7836
3.14,-53.0271,8,0,-4.096273,-5.129568,-29.45115,-29.32557,1.23103,1.121207,-5.362664,7832
3.16,-74.0383,8,0,-4.182824,-4.985041,2.121383,-11.60855,0.89363,0.9702263,-1.207375,7836
3.18,-21.22534,8,0,-3.70564,-4.353431,21.73971,-3.21758,1.568431,1.615443,7.065284,7864
3.2,-67.60632,8,0,-3.230636,-3.675865,19.3733,6.147645,1.23103,1.591802,10.00338,7816
3.22,-33.65674,8,0,-2.6228,-2.921817,30.54888,5.817657,1.97331,2.236703,15.1116,7820
3.24,-97.505,8,0,-2.176661,-2.378248,17.80078,7.46298,1.568431,2.080437,14.36016,7796
3.26,-120.8277,8,0,-2.102694,-2.146847,8.335126,1.678556,1.63591,2.024515,12.45262,7828
3.28,-162.3271,8,0,-1.852612,-2.046262,6.732071,-5.369423,1.298511,1.715034,10.04244,7816
3.3,-71.13263,8,0,-2.181216,-2.293048,-23.40534,-13.30878,2.31071,2.361463,10.21823,7836
3.32,-87.57843,8,0,-2.667005,-2.739599,-18.32137,-7.960733,1.97331,2.190965,6.641256,7792
3.34,-93.26691,8,0,-3.006192,-3.03618,-11.02366,-4.956147,1.90583,2.062688,5.111916,7796
3.36,-0.8655396,8,0,-2.839586,-2.972069,4.884743,-3.788978,2.918031,2.899928,9.985497,7800
3.38,-29.02863,8,0,-2.892966,-2.903393,-4.031291,6.443924,2.64811,2.906003,9.552918,7744
3.4,-89.4469,8,0,-2.655434,-2.621621,22.07559,9.685313,2.243231,2.601864,8.914252,7776
3.42,-56.41321,8,0,-2.037202,-2.134555,24.97635,3.948833,2.850551,3.068316,12.5456,7768
3.44,-62.58307,8,0,-1.884163,-1.926187,4.441995,2.856098,2.918031,3.217176,11.96819,7748
3.46,-107.165,8,0,-2.010277,-1.956852,-2.825183,1.733538,2.58063,2.917392,8.569216,7752
3.48,-144.9367,8,0,-1.919868,-1.987837,1.693902,-3.810544,2.243231,2.547805,6.233614,7748
3.5,-42.6347,8,0,-2.069066,-2.154131,-9.527475,-10.8094,3.32291,3.28463,8.284304,7784
3.52,-35.57916,8,0,-2.371356,-2.430087,-18.88626,-4.223,3.25543,3.392602,6.991278,7724
3.54,-70.4942,8,0,-2.751515,-2.657128,-5.87862,2.013301,2.918031,3.107628,4.521918,7724
3.56,-72.2356,8,0,-2.308525,-2.422832,17.48017,1.490928,2.985511,3.167676,6.918487,7768
3.58,6.725037,8,0,-2.192821,-2.234774,4.243522,0.6425656,3.93023,3.953607,10.54286,7744
3.6,-123.2416,8,0,-2.041197,-2.093605,5.251155,7.448469,2.58063,3.075647,6.270137,7684
3.62,-47.06134,8,0,-1.930207,-1.91799,11.35803,-1.440809,3.660311,3.697298,9.118672,7768
3.64,-57.28656,8,0,-1.551805,-1.73255,10.30459,-0.7955905,3.525351,3.789015,9.635205,7704
3.66,-55.92133,8,0,-1.958116,-1.881355,-25.1,-0.3314516,3.660311,3.829818,7.265534,7708
3.68,-65.1098,8,0,-2.080398,-2.005909,18.77788,0.5000886,3.592831,3.759691,5.955676,7712
3.7,-92.25946,8,0,-1.952605,-1.990619,-0.6419765,-0.2146407,3.32291,3.540521,5.192365,7700
3.72,-95.71924,8,0,-2.335598,-2.232462,-12.77939,-2.383604,3.25543,3.363216,2.894892,7736
3.74,-80.67078,8,0,-2.10128,-2.230275,2.151918,-4.736361,3.32291,3.422505,4.363916,7716
3.76,-78.45911,8,0,-2.322565,-2.380718,-14.82519,-4.167761,3.25543,3.360137,3.483753,7740
3.78,-73.52692,8,0,-2.243598,-2.383866,2.90001,-3.726028,3.25543,3.372527,4.334092,7716
3.8,-58.62253,8,0,-2.289111,-2.392513,-3.038924,-2.788209,3.39039,3.488393,5.045322,7716
3.82,-70.43558,8,0,-2.232615,-2.343647,3.403826,-0.8187283,3.25543,3.426162,5.221754,7720
3.84,-73.46527,8,0,-2.241722,-2.306192,2.716804,-0.6930484,3.25543,3.407586,5.280151,7720
3.86,-68.2995,8,0,-2.171367,-2.249167,2.167185,-1.119474,3.32291,3.466266,5.848145,7708
3.88,-68.57806,8,0,-2.221557,-2.25773,-1.954954,-0.7619464,3.32291,3.471007,5.607154,7732
3.9,-69.29199,8,0,-2.228083,-2.25945,-2.061824,-0.5307222,3.32291,3.470685,5.567683,7728
3.92,-75.86292,8,0,-2.227272,-2.259543,-0.7183124,-0.4568537,3.25543,3.41566,5.314136,7724
3.94,-69.96222,8,0,-2.2207,-2.256559,-0.6267089,-1.084965,3.32291,3.455895,5.531385,7724
3.96,-75.45367,8,0,-2.166139,-2.233604,1.129017,-1.066035,3.25543,3.420259,5.53204,7716
3.98,-76.42822,8,0,-2.135769,-2.211411,1.312223,-1.702969,3.25543,3.412711,5.566168,7716
4,-70.42407,8,0,-2.104848,-2.193488,0.8542075,-2.315094,3.32291,3.467219,5.837879,7716
4.02,-70.69934,8,0,-2.080369,-2.178487,1.296956,-2.191089,3.32291,3.483101,5.871392,7716
4.04,-78.12079,8,0,-2.088654,-2.178793,0.3961921,-2.125863,3.25543,3.428251,5.484946,7724
4.06,-84.85229,8,0,-2.086604,-2.185317,-0.1228922,-2.846185,3.18795,3.35662,5.119404,7708
4.08,-77.54831,8,0,-2.080449,-2.197833,-0.09235785,-4.0166,3.25543,3.392156,5.286791,7732
4.1,-69.09418,8,0,-2.091217,-2.219047,-0.6877776,-4.016428,3.32291,3.456396,5.511605,7720
4.12,-68.54712,8,0,-2.106778,-2.229974,-0.183961,-3.10905,3.32291,3.473864,5.538629,7728
4.14,-69.94171,8,0,-2.105024,-2.218582,-0.3671672,-2.449609,3.32291,3.479906,5.597731,7728
4.16,-77.74637,8,0,-2.076349,-2.191698,0.09084838,-2.241845,3.25543,3.429982,5.466035,7720
4.18,-66.98846,8,0,-2.066468,-2.172246,0.9610775,-2.919008,3.39039,3.524182,5.879739,7740
4.2,-79.71759,8,0,-1.981437,-2.126347,2.838941,-2.539132,3.25543,3.450532,5.720049,7728
4.22,-81.96143,8,0,-2.023148,-2.135134,-0.9778546,-3.476171,3.25543,3.418098,5.307635,7736
4.24,-80.92447,8,0,-1.998969,-2.141859,-0.3213652,-4.392933,3.25543,3.411037,5.286064,7732
4.26,-79.18036,8,0,-2.032622,-2.177128,0.01451245,-4.802916,3.25543,3.403966,5.087172,7716
4.28,-77.66479,8,0,-2.018433,-2.188277,-0.4587703,-4.926025,3.25543,3.406873,5.185451,7728
4.3,-76.93646,8,0,-2.011929,-2.189743,0.4267263,-4.868343,3.25543,3.410556,5.262911,7744
4.32,-64.63498,8,0,-2.022853,-2.189011,-0.2755641,-4.712463,3.39039,3.520291,5.739782,7740
4.34,-77.21997,8,0,-2.018671,-2.180972,-0.06182348,-3.387612,3.25543,3.441975,5.371891,7744
4.36,-73.83984,8,0,-2.013718,-2.160344,0.1519171,-3.789307,3.32291,3.474422,5.558929,7752
4.38,-80.16611,8,0,-1.98509,-2.143249,0.8542075,-3.809032,3.25543,3.430696,5.397666,7708
4.4,-80.74969,8,0,-1.997149,-2.148283,-0.2908313,-4.435722,3.25543,3.414402,5.236062,7732
4.42,-73.73541,8,0,-1.992534,-2.155191,-0.2297625,-4.917614,3.32291,3.464918,5.448445,7732
4.44,-72.84601,8,0,-2.0069,-2.168563,-0.1381594,-4.486236,3.32291,3.477137,5.413982,7724
4.46,-79.6022,8,0,-1.990849,-2.160421,-0.01602192,-4.154797,3.25543,3.428869,5.260406,7736
4.48,-74.43735,8,0,-1.97892,-2.1473,0.4114593,-4.648038,3.32291,3.4712,5.49642,7732
4.5,-74.11804,8,0,-1.979317,-2.146533,0.02977964,-4.457977,3.32291,3.48152,5.482952,7712
4.52,-80.72385,8,0,-1.991077,-2.152625,0.02977964,-4.27291,3.25543,3.427037,5.166924,7724
4.54,-80.99005,8,0,-1.983482,-2.152659,0.02977964,-4.837311,3.25543,3.413021,5.147184,7732
4.56,16.13727,8,0,-1.970428,-2.107852,0.2587874,-5.178031,4.335111,4.286602,9.046508,7724
4.58,-84.05396,8,0,-1.991554,-2.085517,-0.3213652,4.368252,3.25543,3.643472,5.553698,7680
4.6,-103.3481,8,0,-1.971578,-1.988149,0.8694746,0.5223092,3.25543,3.457319,4.896362,7740
4.62,-12.7926,8,0,-1.593842,-1.770996,26.07559,-4.994877,4.267631,4.270162,9.524267,7728
4.64,-9.194824,8,0,-1.461706,-1.633589,0.04504682,0.04543477,4.335111,4.544698,10.06596,7660
4.66,-122.5993,8,0,-1.908183,-1.796805,-21.31374,4.857736,3.25543,3.648321,3.533449,7708
4.68,-49.34705,8,0,-1.539668,-1.622608,25.15956,-4.301176,4.20015,4.215254,7.383834,7728
4.7,-31.64142,8,0,-1.306661,-1.512352,7.541233,-3.698549,4.335111,4.497408,8.450613,7668
4.72,-46.39194,8,0,-1.548606,-1.587716,-18.04656,-0.882984,4.267631,4.461228,6.527589,7680
4.74,-53.53696,8,0,-1.774463,-1.71214,-1.771747,0.1536187,4.267631,4.406949,5.025719,7700
4.76,-80.76434,8,0,-1.625496,-1.680067,6.396194,-0.2762264,3.99771,4.19562,4.434966,7676
4.78,-88.72943,8,0,-1.542099,-1.651039,4.243522,-3.571893,3.93023,4.088661,4.080105,7692
4.8,-84.16818,8,0,-1.575543,-1.716488,-3.802283,-6.493709,3.93023,4.049052,3.596913,7700
4.82,-70.22455,8,0,-1.72649,-1.866241,-8.229766,-7.527499,3.99771,4.075036,3.189586,7688
4.84,-61.98663,8,0,-1.902995,-2.028984,-7.588544,-6.254507,3.99771,4.071375,2.846109,7668
4.86,-62.69519,8,0,-1.978453,-2.110362,-3.099992,-4.303239,3.93023,4.025033,2.919099,7688
4.88,-54.24408,8,0,-1.972977,-2.104147,0.4572606,-3.048752,3.99771,4.084447,3.776695,7676
4.9,-59.37125,8,0,-1.963856,-2.071992,-0.04655629,-1.387354,3.93023,4.056403,4.065857,7680
4.92,-61.104,8,0,-1.906267,-2.003558,3.098483,-0.9692527,3.93023,4.060672,4.566083,7684
4.94,-62.41049,8,0,-1.873751,-1.952543,1.373291,-0.9809967,3.93023,4.064798,4.782826,7688
4.96,-63.52328,8,0,-1.838943,-1.914052,2.762605,-1.237018,3.93023,4.067848,4.906475,7692
4.98,-64.55432,8,0,-1.796437,-1.880201,0.4114593,-1.6537,3.93023,4.071315,4.999764,7672
5,-65.33969,8,0,-1.783623,-1.867378,0.5335966,-2.084945,3.93023,4.069988,4.924918,7676
5.02,-65.43597,8,0,-1.805861,-1.882458,-0.7641136,-2.395386,3.93023,4.063338,4.714215,7692
5.04,-65.05429,8,0,-1.802833,-1.891918,-0.01602192,-2.615428,3.93023,4.061624,4.672205,7688
5.06,-58.67374,8,0,-1.802981,-1.896126,0.1671843,-2.713598,3.99771,4.116036,4.888444,7692
5.08,-58.83957,8,0,-1.792425,-1.889006,-0.06182348,-2.161305,3.99771,4.132542,4.953458,7684
5.1,-66.61353,8,0,-1.771901,-1.869304,0.8542075,-1.876535,3.93023,4.08393,4.762966,7684
5.12,-68.01172,8,0,-1.766339,-1.859771,0.3503905,-2.497075,3.93023,4.068463,4.663672,7676
5.14,-61.47137,8,0,-1.769309,-1.865754,-0.2755641,-3.041786,3.99771,4.116561,4.803519,7672
5.16,-60.76807,8,0,-1.776076,-1.875969,0.01451245,-2.722059,3.99771,4.128482,4.769531,7692
5.18,-67.52917,8,0,-1.767317,-1.872635,0.3351234,-2.4649,3.93023,4.07836,4.555413,7684
5.2,-68.0762,8,0,-1.776172,-1.877128,-0.01602192,-2.954607,3.93023,4.062411,4.452697,7676
5.22,-61.00107,8,0,-1.780852,-1.886692,-0.09235785,-3.315473,3.99771,4.112307,4.658543,7676
5.24,-60.2196,8,0,-1.775368,-1.888,0.2740546,-2.851488,3.99771,4.127959,4.73729,7704
5.26,-67.10828,8,0,-1.775505,-1.883652,0.07558119,-2.468452,3.93023,4.077648,4.514045,7676
5.28,-67.81439,8,0,-1.775563,-1.880873,-0.06182348,-2.911947,3.93023,4.063182,4.469148,7680
5.3,-60.96838,8,0,-1.774711,-1.883848,0.1061156,-3.276208,3.99771,4.113962,4.699042,7680
5.32,-66.30798,8,0,-1.777478,-1.890306,0.1519171,-2.82331,3.93023,4.073339,4.490637,7688
5.34,-66.77118,8,0,-1.784938,-1.89365,0.2587874,-3.038627,3.93023,4.061534,4.448524,7668
5.36,-66.17221,8,0,-1.773087,-1.891988,-0.06182348,-3.260676,3.93023,4.060764,4.512537,7664
5.38,-59.62994,8,0,-1.769374,-1.889325,0.2740546,-3.352658,3.99771,4.11629,4.78615,7692
5.4,-65.55319,8,0,-1.777707,-1.89259,0.1061156,-2.735573,3.93023,4.075738,4.557123,7676
5.42,-66.51373,8,0,-1.777632,-1.888344,0.3503905,-2.922841,3.93023,4.064576,4.537617,7668
5.44,-66.20102,8,0,-1.774242,-1.888387,-0.04655629,-3.155875,3.93023,4.061841,4.542204,7664
5.46,-65.66647,8,0,-1.777221,-1.893471,0.1671843,-3.271132,3.93023,4.060873,4.53321,7688
5.48,-65.15613,8,0,-1.784291,-1.900779,0.06031401,-3.272068,3.93023,4.060271,4.522876,7692
5.5,-64.78876,8,0,-1.784925,-1.903562,0.01451245,-3.216325,3.93023,4.061051,4.552512,7676
5.52,-64.6908,8,0,-1.776213,-1.898559,0.1061156,-3.165058,3.93023,4.063329,4.618975,7680
5.54,-58.80032,8,0,-1.77239,-1.89061,0.07558119,-3.127205,3.99771,4.119228,4.887794,7684
5.56,-65.24878,8,0,-1.776062,-1.887684,-0.03128911,-2.504689,3.93023,4.078695,4.658263,7696
5.58,-66.53006,8,0,-1.777539,-1.882249,0.3351234,-2.739668,3.93023,4.066364,4.602413,7668
5.6,-66.34943,8,0,-1.772499,-1.881975,0.1519171,-3.04222,3.93023,4.06296,4.588589,7672
5.62,-65.7746,8,0,-1.783524,-1.892677,0.07558119,-3.19498,3.93023,4.06023,4.526245,7680
5.64,-65.23975,8,0,-1.777406,-1.895447,0.04504682,-3.251646,3.93023,4.0613,4.567164,7680
5.66,-65.02905,8,0,-1.768355,-1.891947,0.3656577,-3.259393,3.93023,4.063548,4.622152,7680
5.68,-64.99744,8,0,-1.772714,-1.892935,0.1671843,-3.232292,3.93023,4.063498,4.60934,7688
5.7,-64.95108,8,0,-1.776565,-1.894999,0.1061156,-3.199858,3.93023,4.063057,4.600443,7684
5.72,-64.9216,8,0,-1.774289,-1.893969,0.2129859,-3.17907,3.93023,4.063559,4.619954,7684
5.74,-64.90491,8,0,-1.778054,-1.895289,0.06031401,-3.152046,3.93023,4.063207,4.609694,7680
5.76,-58.85895,8,0,-1.77956,-1.893274,0.09084838,-3.12142,3.99771,4.117779,4.85223,7692
5.78,-65.07733,8,0,-1.789855,-1.896361,0.09084838,-2.46724,3.93023,4.076419,4.604525,7700
5.8,-60.16241,8,0,-1.792371,-1.890244,0.1061156,-2.646397,3.99771,4.119113,4.80521,7680
5.82,-60.37106,8,0,-1.769606,-1.874529,0.4114593,-2.33428,3.99771,4.133609,4.911194,7688
5.84,-67.53485,8,0,-1.790194,-1.878139,0.01451245,-2.102288,3.93023,4.077833,4.537706,7676
5.86,-68.0744,8,0,-1.784011,-1.877716,-0.3977011,-2.689033,3.93023,4.06256,4.491654,7696
5.88,-67.08865,8,0,-1.777673,-1.883675,0.3198562,-3.152666,3.93023,4.059169,4.486961,7680
5.9,-59.96628,8,0,-1.786156,-1.8944,-0.07709067,-3.32976,3.99771,4.11238,4.696548,7688
5.92,-65.52216,8,0,-1.776637,-1.893891,0.1213828,-2.755496,3.93023,4.074949,4.560518,7692
5.94,-66.51343,8,0,-1.767718,-1.88362,0.2587874,-2.960168,3.93023,4.065983,4.580635,7696
5.96,-60.31631,8,0,-1.768127,-1.880814,0.1519171,-3.193425,3.99771,4.117467,4.799358,7676
5.98,-66.18573,8,0,-1.768389,-1.88207,0.1824515,-2.728196,3.93023,4.076552,4.580429,7692
6,-61.12689,8,0,-1.756081,-1.869722,0.1824515,-3.040101,3.99771,4.121402,4.832314,7676
6.02,-67.16553,8,0,-1.754751,-1.868439,0.2740546,-2.750632,3.93023,4.078008,4.588447,7680
6.04,-67.82776,8,0,-1.759546,-1.87048,0.09084838,-3.156301,3.93023,4.064417,4.505476,7668
6.06,-67.02698,8,0,-1.766079,-1.881818,-0.0007547362,-3.4748,3.93023,4.05965,4.454284,7696
6.08,-66.13815,8,0,-1.758351,-1.886367,0.304589,-3.623276,3.93023,4.060611,4.503448,7704
6.1,-65.4971,8,0,-1.768572,-1.895459,0.1213828,-3.601827,3.93023,4.060315,4.487271,7692
6.12,-59.10178,8,0,-1.765768,-1.893645,0.1061156,-3.520642,3.99771,4.116636,4.781456,7696
6.14,-71.28564,8,0,-1.769285,-1.89481,0.09084838,-2.822229,3.86275,4.022611,4.345781,7712
6.16,-66.08124,8,0,-1.780369,-1.896161,0.01451245,-3.552321,3.93023,4.049829,4.491747,7692
6.18,-64.50128,8,0,-1.781023,-1.904701,0.1824515,-3.509515,3.93023,4.058129,4.535583,7708
6.2,-64.24033,8,0,-1.769727,-1.89984,0.1213828,-3.349141,3.93023,4.063434,4.631842,7688
6.22,-64.46866,8,0,-1.772085,-1.896446,0.1061156,-3.21088,3.93023,4.064704,4.643178,7692
6.24,-64.74191,8,0,-1.77154,-1.892761,0.2435202,-3.144559,3.93023,4.064987,4.652659,7696
6.26,-58.90485,8,0,-1.77535,-1.889669,0.1671843,-3.112566,3.99771,4.118913,4.875598,7696
6.28,-65.30447,8,0,-1.774523,-1.886299,0.1519171,-2.510157,3.93023,4.078728,4.664225,7708
6.3,-66.60593,8,0,-1.772004,-1.878752,0.2435202,-2.764939,3.93023,4.067065,4.622346,7668
6.32,-66.35938,8,0,-1.78091,-1.885757,0.06031401,-3.044602,3.93023,4.061561,4.544194,7676
6.34,-59.64417,8,0,-1.788934,-1.894317,0.01451245,-3.174892,3.99771,4.113939,4.747273,7676
6.36,-59.33667,8,0,-1.788098,-1.894474,0.1213828,-2.581111,3.99771,4.129321,4.803995,7700
6.38,-60.56998,8,0,-1.786606,-1.884186,0.1671843,-2.158423,3.99771,4.133546,4.820181,7668
6.4,-67.74908,8,0,-1.796552,-1.882933,0.02977964,-1.984013,3.93023,4.077098,4.506642,7676
6.42,-68.12439,8,0,-1.797359,-1.885352,-0.107625,-2.592865,3.93023,4.060606,4.437246,7680
6.44,-66.86609,8,0,-1.799047,-1.89708,-0.03128911,-3.031025,3.93023,4.056108,4.414073,7680
6.46,-65.66193,8,0,-1.78928,-1.902153,0.09084838,-3.218387,3.93023,4.057792,4.483039,7684
6.48,-64.9567,8,0,-1.786484,-1.904545,0.06031401,-3.227005,3.93023,4.059906,4.532046,7688
6.5,-64.70776,8,0,-1.778143,-1.900348,0.04504682,-3.183498,3.93023,4.062599,4.601654,7696
6.52,-64.7634,8,0,-1.773294,-1.895052,0.1824515,-3.144238,3.93023,4.064219,4.639302,7680
6.54,-58.94223,8,0,-1.767425,-1.88618,0.2435202,-3.135834,3.99771,4.119985,4.907287,7692
6.56,-65.53116,8,0,-1.757447,-1.875834,0.2282531,-2.578499,3.93023,4.081213,4.7247,7684
6.58,-67.05554,8,0,-1.750983,-1.864246,0.3809245,-2.896231,3.93023,4.069735,4.677125,7684
6.6,-66.86844,8,0,-1.768832,-1.875871,0.01451245,-3.217114,3.93023,4.062255,4.537199,7664
6.62,-66.08438,8,0,-1.775235,-1.888996,0.07558119,-3.389975,3.93023,4.059663,4.497795,7684
6.64,-65.34506,8,0,-1.778911,-1.898324,0.2282531,-3.410561,3.93023,4.059679,4.504594,7684
6.66,-64.8645,8,0,-1.781249,-1.902986,0.1519171,-3.339206,3.93023,4.060643,4.531857,7672
6.68,-64.67462,8,0,-1.777913,-1.901374,0.01451245,-3.250318,3.93023,4.062408,4.58307,7664
6.7,-58.68008,8,0,-1.777597,-1.896019,0.06031401,-3.166954,3.99771,4.118051,4.85,7688
6.72,-65.09741,8,0,-1.776836,-1.89081,-0.01602192,-2.514884,3.93023,4.078522,4.653695,7680
6.74,-66.31778,8,0,-1.791212,-1.89114,0.09084838,-2.691773,3.93023,4.064589,4.550685,7684
6.76,-65.98291,8,0,-1.790129,-1.894333,0.04504682,-2.936132,3.93023,4.060745,4.53922,7676
6.78,-59.35318,8,0,-1.793546,-1.898155,0.01451245,-3.04813,3.99771,4.114332,4.771143,7692
6.8,-65.17767,8,0,-1.792785,-1.899166,0.07558119,-2.458526,3.93023,4.075025,4.583942,7696
6.82,-66.14575,8,0,-1.792969,-1.894544,0.2129859,-2.654237,3.93023,4.064067,4.559951,7680
6.84,-59.88818,8,0,-1.784392,-1.888788,0.1061156,-2.902145,3.99771,4.116754,4.823647,7684
6.86,-59.81833,8,0,-1.780016,-1.88357,0.2129859,-2.448428,3.99771,4.131448,4.863355,7684
6.88,-67.13229,8,0,-1.774833,-1.87449,0.2282531,-2.161832,3.93023,4.080425,4.622319,7680
6.9,-68.10275,8,0,-1.766494,-1.867129,0.02977964,-2.738162,3.93023,4.065965,4.571445,7672
6.92,-67.41345,8,0,-1.763751,-1.872578,0.1213828,-3.231178,3.93023,4.061314,4.526441,7688
6.94,-66.43658,8,0,-1.767778,-1.88428,0.09084838,-3.476834,3.93023,4.059661,4.493316,7688
6.96,-65.67621,8,0,-1.763657,-1.889722,0.06031401,-3.548749,3.93023,4.060943,4.528502,7684
6.98,-65.19901,8,0,-1.771593,-1.896792,0.01451245,-3.495345,3.93023,4.061048,4.521502,7676
7,-64.9339,8,0,-1.771074,-1.897999,0.07558119,-3.410034,3.93023,4.062201,4.558771,7692
7.02,-64.86301,8,0,-1.770884,-1.896734,0.02977964,-3.326202,3.93023,4.06319,4.58815,7684
7.04,-64.83151,8,0,-1.778644,-1.899111,0.07558119,-3.241784,3.93023,4.062608,4.575393,7688
7.06,-58.85046,8,0,-1.770786,-1.891338,0.06031401,-3.197066,3.99771,4.118783,4.870044,7680
7.08,-65.27008,8,0,-1.77303,-1.887488,0.1824515,-2.564677,3.93023,4.078732,4.652719,7688
7.1,-72.6236,8,0,-1.768237,-1.880921,0.1213828,-2.814164,3.86275,4.01276,4.38407,7676
7.12,-66.19492,8,0,-1.765155,-1.882895,0.1824515,-3.729728,3.93023,4.049035,4.568342,7676
7.14,-64.54364,8,0,-1.758412,-1.889708,0.2129859,-3.707257,3.93023,4.06057,4.623152,7684
7.16,-64.37695,8,0,-1.761481,-1.892537,0.09084838,-3.513954,3.93023,4.064058,4.635334,7672
7.18,-64.64572,8,0,-1.758097,-1.888574,0.1977187,-3.376571,3.93023,4.06588,4.665715,7680
7.2,-71.07751,8,0,-1.748181,-1.882433,0.2129859,-3.347558,3.86275,4.012856,4.464324,7684
7.22,-59.21002,8,0,-1.737176,-1.872193,0.1977187,-3.999956,3.99771,4.108716,4.941557,7684
7.24,-64.53235,8,0,-1.749665,-1.87991,0.1366499,-3.208782,3.93023,4.077792,4.687375,7716
7.26,-66.03339,8,0,-1.741717,-1.869978,0.07558119,-3.239759,3.93023,4.070141,4.688205,7668
7.28,-66.371,8,0,-1.742086,-1.867931,0.01451245,-3.415229,3.93023,4.066774,4.643803,7696
7.3,-72.28625,8,0,-1.742176,-1.873188,-0.0007547362,-3.573252,3.86275,4.010446,4.370806,7700
7.32,-65.73087,8,0,-1.743699,-1.879905,0.04504682,-4.264974,3.93023,4.049649,4.561631,7708
7.34,-64.21313,8,0,-1.750312,-1.892373,-0.06182348,-4.041332,3.93023,4.060561,4.581213,7700
7.36,-64.21344,8,0,-1.748988,-1.891854,0.04504682,-3.7375,3.93023,4.065148,4.634747,7688
7.38,-64.60736,8,0,-1.755094,-1.890199,-0.06182348,-3.518012,3.93023,4.065851,4.633824,7700
7.4,-71.04086,8,0,-1.748495,-1.885577,-0.03128911,-3.436743,3.86275,4.012292,4.430554,7680
7.42,-65.11823,8,0,-1.742136,-1.880571,0.1213828,-4.047025,3.93023,4.052928,4.660001,7692
7.44,-58.08328,8,0,-1.749225,-1.884987,0.1061156,-3.830104,3.99771,4.117766,4.897737,7700
7.46,-58.70578,8,0,-1.741615,-1.874104,0.2282531,-2.993119,3.99771,4.136917,4.979497,7684
7.48,-66.84943,8,0,-1.746217,-1.862739,0.1977187,-2.496005,3.93023,4.085084,4.692235,7664
7.5,-68.33728,8,0,-1.742611,-1.854452,0.1061156,-3.003761,3.93023,4.0691,4.607496,7676
7.52,-73.95889,8,0,-1.733755,-1.85839,0.1671843,-3.527157,3.86275,4.009815,4.331824,7684
7.54,-66.76343,8,0,-1.746406,-1.876376,-0.06182348,-4.402203,3.93023,4.04628,4.454669,7684
7.56,-64.62701,8,0,-1.751187,-1.894669,0.09084838,-4.236831,3.93023,4.057619,4.495247,7696
7.58,-64.03766,8,0,-1.77565,-1.911207,-0.8404495,-3.834862,3.93023,4.059402,4.46583,7704
7.6,-64.05035,8,0,-1.766999,-1.905934,0.09084838,-3.524815,3.93023,4.063417,4.582084,7700
7.62,-64.4072,8,0,-1.766784,-1.898698,0.2893218,-3.321648,3.93023,4.065113,4.625937,7696
7.64,-64.80109,8,0,-1.764213,-1.891392,-0.09235785,-3.232059,3.93023,4.065783,4.652973,7692
7.66,-65.15137,8,0,-1.757307,-1.883524,0.2282531,-3.234196,3.93023,4.06649,4.679197,7700
7.68,-65.41763,8,0,-1.754749,-1.879323,0.2282531,-3.281233,3.93023,4.066288,4.672109,7708
7.7,-65.47455,8,0,-1.763843,-1.883727,0.1824515,-3.315836,3.93023,4.064238,4.613605,7700
7.72,-65.38986,8,0,-1.7621,-1.885108,0.1671843,-3.347959,3.93023,4.06402,4.615918,7692
7.74,-65.30579,8,0,-1.763403,-1.886831,0.2435202,-3.356662,3.93023,4.063864,4.609241,7700
7.76,-65.2002,8,0,-1.768812,-1.890595,0.1519171,-3.338192,3.93023,4.06317,4.589509,7684
7.78,-59.09909,8,0,-1.768124,-1.888391,0.1519171,-3.309484,3.99771,4.118167,4.843799,7692
7.8,-65.43469,8,0,-1.763633,-1.883157,0.09084838,-2.692364,3.93023,4.079128,4.657728,7680
7.82,-66.85806,8,0,-1.750885,-1.868887,0.5183294,-2.96009,3.93023,4.06926,4.660921,7676
7.84,-66.72839,8,0,-1.76743,-1.877816,-0.1381594,-3.241946,3.93023,4.062546,4.538268,7676
7.86,-60.00815,8,0,-1.776006,-1.887582,-0.04655629,-3.383322,3.99771,4.114451,4.73473,7684
7.88,-59.67682,8,0,-1.773849,-1.887656,0.2282531,-2.799675,3.99771,4.12996,4.796056,7688
7.9,-60.91153,8,0,-1.77111,-1.876787,0.07558119,-2.38485,3.99771,4.134393,4.81621,7676
7.92,-68.18591,8,0,-1.771137,-1.869915,0.07558119,-2.243761,3.93023,4.079391,4.541091,7672
7.94,-68.7139,8,0,-1.77016,-1.869756,0.1213828,-2.891624,3.93023,4.063017,4.464108,7684
7.96,-67.51761,8,0,-1.775617,-1.883344,0.01451245,-3.361789,3.93023,4.057518,4.408836,7700
7.98,-66.10092,8,0,-1.78806,-1.902102,0.1213828,-3.514105,3.93023,4.055577,4.378442,7692
8,-65.05872,8,0,-1.785265,-1.909133,0.1213828,-3.472647,3.93023,4.057821,4.452634,7680
8.02,-64.55585,8,0,-1.784938,-1.910107,0.1671843,-3.337352,3.93023,4.060228,4.51687,7676
8.04,-52.4375,8,0,-1.781226,-1.899927,0.1824515,-3.193533,4.06519,4.171884,5.064689,7680
8.06,-65.1994,8,0,-1.78101,-1.890707,0.06031401,-1.887723,3.93023,4.09284,4.668161,7672
8.08,-67.936,8,0,-1.76929,-1.869216,1.083215,-2.345608,3.93023,4.071062,4.632049,7684
8.1,-73.75433,8,0,-1.772097,-1.874519,-0.6877776,-2.934435,3.86275,4.007679,4.298046,7676
8.12,-66.51028,8,0,-1.765152,-1.883276,0.3503905,-3.927176,3.93023,4.046005,4.505667,7692
8.14,-64.30099,8,0,-1.780864,-1.905853,-0.9473198,-3.808273,3.93023,4.055627,4.48644,7680
8.16,-57.82553,8,0,-1.770405,-1.902407,0.6862684,-3.519686,3.99771,4.116966,4.843469,7680
8.18,-58.32941,8,0,-1.781601,-1.898043,0.02977964,-2.641695,3.99771,4.132648,4.867387,7688
8.2,-66.29175,8,0,-1.768915,-1.878763,0.6862684,-2.15084,3.93023,4.083371,4.687758,7672
8.22,-61.87683,8,0,-1.753862,-1.857964,0.6251997,-2.672995,3.99771,4.12443,4.903008,7668
8.24,-67.86462,8,0,-1.762364,-1.862717,-0.4282355,-2.564788,3.93023,4.077238,4.573683,7688
8.26,-56.23294,8,0,-1.76006,-1.860241,0.2435202,-3.091498,4.06519,4.173084,4.987288,7684
8.28,-67.86816,8,0,-1.768594,-1.87002,-0.01602192,-2.254975,3.93023,4.088049,4.492909,7684
8.3,-69.2868,8,0,-1.765184,-1.867242,0.304589,-2.881356,3.93023,4.064754,4.42671,7684
8.32,-74.25024,8,0,-1.755817,-1.874731,-0.183961,-3.475866,3.86275,4.004811,4.188412,7676
8.34,-66.65811,8,0,-1.75288,-1.885927,0.1671843,-4.373572,3.93023,4.044504,4.416259,7696
8.36,-64.45758,8,0,-1.75531,-1.900212,-0.6114421,-4.192037,3.93023,4.057197,4.484762,7668
8.38,-64.082,8,0,-1.758096,-1.902759,0.4725278,-3.834754,3.93023,4.062452,4.552027,7684
8.4,-64.27106,8,0,-1.766672,-1.902469,-0.107625,-3.533318,3.93023,4.063741,4.572471,7680
8.42,-64.62424,8,0,-1.759675,-1.893715,0.2893218,-3.370909,3.93023,4.065707,4.639712,7684
8.44,-58.92432,8,0,-1.767566,-1.889384,-0.06182348,-3.273323,3.99771,4.119465,4.857456,7676
8.46,-65.37656,8,0,-1.770544,-1.886678,-0.0007547362,-2.630844,3.93023,4.078685,4.637916,7688
8.48,-66.71069,8,0,-1.763947,-1.8765,0.3351234,-2.875324,3.93023,4.067622,4.621045,7684
8.5,-66.61829,8,0,-1.760628,-1.875511,0.07558119,-3.186532,3.93023,4.063977,4.593767,7676
8.52,-66.086,8,0,-1.770927,-1.885745,0.1824515,-3.356327,3.93023,4.061109,4.528899,7684
8.54,-59.52924,8,0,-1.768084,-1.887557,-0.1992282,-3.413539,3.99771,4.116245,4.79255,7672
8.56,-65.50287,8,0,-1.770993,-1.889025,0.2893218,-2.785336,3.93023,4.076655,4.585886,7692
8.58,-66.5415,8,0,-1.774347,-1.885865,0.2282531,-2.961431,3.93023,4.065057,4.545449,7664
8.6,-60.3331,8,0,-1.761492,-1.878051,0.09084838,-3.214823,3.99771,4.118256,4.826889,7680
8.62,-60.28552,8,0,-1.761734,-1.874727,0.2435202,-2.757632,3.99771,4.132227,4.842441,7700
8.64,-67.49948,8,0,-1.765247,-1.8712,0.2129859,-2.44599,3.93023,4.079806,4.566375,7672
8.66,-68.34436,8,0,-1.755287,-1.864627,0.3198562,-2.997897,3.93023,4.065721,4.535316,7664
8.68,-61.54074,8,0,-1.759467,-1.870816,0.1366499,-3.436031,3.99771,4.115149,4.714053,7684
8.7,-72.78513,8,0,-1.76665,-1.885174,0.09084838,-3.02946,3.86275,4.018633,4.230315,7692
8.72,-60.81927,8,0,-1.768415,-1.887541,0.1519171,-3.873911,3.99771,4.102291,4.664226,7680
8.74,-65.20181,8,0,-1.766853,-1.895152,0.01451245,-3.234919,3.93023,4.072042,4.517685,7676
8.76,-65.91345,8,0,-1.773466,-1.894817,0.1213828,-3.231151,3.93023,4.063598,4.503959,7688
8.78,-65.742,8,0,-1.767669,-1.891798,0.4419934,-3.316768,3.93023,4.062605,4.54666,7696
8.8,-59.38205,8,0,-1.778844,-1.895063,0.01451245,-3.320036,3.99771,4.115635,4.756577,7676
8.82,-59.42206,8,0,-1.770867,-1.887381,-0.2297625,-2.699408,3.99771,4.131929,4.847239,7704
8.84,-66.9902,8,0,-1.761854,-1.872578,0.304589,-2.324151,3.93023,4.082126,4.640081,7684
8.86,-68.0517,8,0,-1.772959,-1.872557,0.09084838,-2.814892,3.93023,4.064811,4.509807,7680
8.88,-67.26147,8,0,-1.770503,-1.879729,0.06031401,-3.256448,3.93023,4.059947,4.482571,7688
8.9,-66.15375,8,0,-1.781827,-1.895228,0.07558119,-3.436428,3.93023,4.057636,4.43732,7696
8.92,-59.28482,8,0,-1.776836,-1.897568,0.1061156,-3.446009,3.99771,4.114179,4.740058,7700
8.94,-65.11688,8,0,-1.785025,-1.901124,0.1061156,-2.739327,3.93023,4.074726,4.53563,7676
8.96,-66.11185,8,0,-1.786176,-1.896143,0.1061156,-2.853988,3.93023,4.064018,4.527807,7676
8.98,-41.80127,8,0,-1.78742,-1.885667,0.1213828,-3.004653,4.20015,4.279685,5.489082,7676
9,-72.6026,8,0,-1.791192,-1.88339,0.1671843,-0.6688111,3.86275,4.063991,4.393767,7684
9.02,897.0433,-6,0,-1.790616,-1.867595,0.3198562,-2.232689,3.86275,4.002403,4.197485,7672
9.04,663.2102,-6,0,-1.717916,-0.7858464,4.548865,95.44878,3.93023,4.067558,7.540467,7688
9.06,479.6783,-6,0,-1.745493,1.005246,-1.252663,136.5813,3.93023,4.032338,10.16859,7692
9.08,353.1988,-6,0,-1.208208,2.522513,36.99163,143.2432,3.93023,3.935954,10.09003,7712
9.1,249.6744,-6,0,-0.2826633,3.625001,48.45728,131.677,3.660311,3.638111,8.008776,7700
9.12,194.5244,-6,0,1.010028,4.501978,67.06797,109.4223,3.592831,3.515407,6.976635,7724
9.14,165.1769,-6,0,2.316271,5.164772,70.12141,84.98779,3.592831,3.509999,5.933526,7728
9.16,147.289,-6,0,3.81404,5.836212,79.03745,61.26192,3.660311,3.634263,6.051512,7712
9.18,122.0046,-6,0,5.125835,6.423357,64.0298,39.67727,3.660311,3.710995,5.121427,7716
9.2,129.4199,-6,0,5.818751,6.675449,33.03743,20.56155,3.99771,3.96055,2.887716,7708
9.22,148.9961,-6,0,5.700856,6.407856,-3.695412,8.794422,4.335111,4.168168,-1.723329,7680
9.24,54.23682,-6,0,5.669732,6.05432,-2.855718,2.993195,3.32291,3.339319,-9.067701,7664
9.26,109.9977,-6,0,5.431756,5.639574,-11.68015,-9.635359,3.93023,3.541546,-10.79379,7736
9.28,72.76822,-6,0,5.25486,5.184453,-4.229764,-11.83234,3.25543,3.031183,-14.76456,7692
9.3,28.35059,-6,0,4.94462,4.741152,-16.56565,-16.09311,2.58063,2.326411,-18.66628,7720
9.32,93.06287,-6,0,4.548879,4.26802,-19.48168,-22.11507,2.985511,2.450149,-18.24515,7768
9.34,72.4408,-6,0,3.844092,3.617763,-36.24504,-17.48194,2.31071,1.901842,-21.47817,7732
9.36,42.53931,-6,0,3.342285,3.120849,-9.970223,-14.87897,1.63591,1.223159,-23.27006,7780
9.38,130.1273,-6,0,3.216246,2.913191,-12.10763,-15.55182,2.243231,1.608287,-18.54976,7832
9.4,108.0504,-6,0,2.918266,2.703495,-15.11526,-6.253925,1.63591,1.259547,-18.38878,7788
9.42,143.3723,-6,0,2.886055,2.756551,7.434362,-2.074523,1.90583,1.448325,-14.68594,7812
9.44,103.0772,-6,0,3.121266,2.985581,6.5794,3.580568,1.365991,1.142558,-13.16369,7824
9.46,124.1888,-6,0,3.29329,3.250029,12.74734,2.743725,1.63591,1.318488,-10.31386,7836
9.48,65.52295,-6,0,3.489828,3.440201,3.648101,3.621821,0.9611101,0.8492742,-11.13949,7824
9.5,88.30859,-6,0,3.580236,3.551098,6.945813,-2.025707,1.23103,0.9471008,-9.888997,7860
9.52,38.52948,-6,0,3.584817,3.496854,-5.87862,-3.596597,0.5562305,0.4268164,-12.09085,7844
9.54,-10.8566,-6,0,3.32933,3.245469,-8.825185,-9.007052,-0.1185694,-0.290376,-15.55292,7888
9.56,80.63977,-6,0,3.264227,3.025704,-9.099994,-17.26082,0.6237106,0.1403825,-12.61258,7936
9.58,55.95905,-6,0,2.531744,2.442722,-36.59619,-11.42331,-0.05108929,-0.3495386,-16.28899,7868
9.6,13.96167,-6,0,1.833934,1.874369,-15.83282,-7.916294,-0.7933693,-1.111947,-19.60563,7920
9.62,109.2996,-6,0,1.920241,1.766946,-3.161061,-9.767894,-0.05108929,-0.6123763,-13.81454,7952
9.64,71.82095,-6,0,1.648318,1.590948,-18.2145,-0.5967124,-0.7933693,-1.048011,-14.42578,7924
9.66,108.214,-6,0,1.791309,1.743167,9.861844,1.440042,-0.4559698,-0.8138646,-10.26252,7956
9.68,65.80298,-6,0,2.049878,1.989502,8.335126,5.669425,-0.9958096,-1.118999,-9.195287,7952
9.7,91.427,-6,0,2.248387,2.252719,8.777874,3.590158,-0.6584091,-0.8946521,-6.464784,7972
9.72,25.46649,-6,0,2.508143,2.456886,9.495431,3.911487,-1.40069,-1.403001,-7.611378,7972
9.74,52.98584,-6,0,2.537776,2.527104,1.92291,-2.677568,-1.06329,-1.277513,-6.746086,8008
9.76,88.16693,-6,0,2.535543,2.48151,-4.382436,-4.278037,-0.7933693,-1.02694,-5.754986,7988
9.78,40.67905,-6,0,2.212617,2.257724,-13.68015,-0.919545,-1.40069,-1.492207,-8.947479,7964
9.8,-42.38687,-6,0,2.444865,2.278683,8.838943,-4.136503,-2.345409,-2.330735,-11.06233,8016
9.82,108.5231,-6,0,2.458798,2.25445,-2.641977,-14.5881,-0.7933693,-1.288815,-5.584561,8056
9.84,43.36331,-6,0,2.087454,1.939933,-21.37481,-5.319903,-1.805569,-1.858863,-9.423719,7968
9.86,74.80634,-6,0,1.590432,1.656313,-15.42061,-4.195377,-1.46817,-1.781193,-9.486164,8016
9.88,41.77167,-6,0,2.147197,1.879235,21.66337,-1.745494,-1.940529,-2.016341,-7.285634,8008
9.9,27.54547,-6,0,2.180028,1.997881,-0.9015187,-3.636403,-2.075489,-2.18131,-7.231931,8024
9.92,65.41052,-6,0,1.896615,1.863526,-7.863354,-5.554059,-1.738089,-1.994076,-6.972836,8048
9.94,-8.558167,-6,0,1.961926,1.805373,1.22062,-3.213222,-2.68281,-2.678089,-9.218226,8044
9.96,27.2959,-6,0,1.78862,1.687469,-11.39007,-8.597779,-2.345409,-2.600602,-8.495811,8092
9.98,70.61096,-6,0,1.822982,1.616285,2.701536,-8.577048,-2.075489,-2.327679,-6.376351,8084
10,79.22751,-6,0,1.692017,1.549892,-11.1916,-3.779235,-2.075489,-2.247766,-5.794493,8044
10.02,116.1273,-6,0,1.351724,1.436201,-12.56565,1.309116,-1.670609,-1.929209,-4.843782,8044
10.04,104.7037,-6,0,1.703681,1.693489,19.4649,7.494382,-1.738089,-1.824299,-2.524963,8036
10.06,92.87836,-6,0,1.908935,2.001768,7.602301,9.798849,-1.670609,-1.725032,-1.427825,8044
10.08,69.31311,-6,0,2.231952,2.326117,22.21299,9.11061,-1.738089,-1.737433,-1.019867,8016
10.1,52.34265,-6,0,2.687392,2.676097,21.09849,4.865608,-1.738089,-1.716524,-0.4433671,8040
10.12,-37.63684,-6,0,2.86161,2.788866,7.922912,-0.3901599,-2.61533,-2.447619,-4.605051,8036
10.14,-44.46017,-6,0,2.878946,2.688267,0.4267263,-13.10834,-2.68281,-2.736026,-6.769888,8084
10.16,-22.29391,-6,0,2.768466,2.379569,-6.596177,-21.93533,-2.68281,-2.836347,-8.157724,8096
10.18,34.42703,-6,0,2.400332,1.944672,-22.09237,-24.40034,-2.345409,-2.619426,-8.283259,8112
10.2,53.70508,-6,0,1.667807,1.36714,-39.54275,-18.09368,-2.412889,-2.674689,-10.20004,8068
10.22,72.83459,-6,0,0.8846239,0.8223795,-33.49694,-9.523666,-2.412889,-2.735909,-11.29925,8068
10.24,88.11612,-6,0,1.338895,1.020629,22.28933,-2.917102,-2.345409,-2.551043,-6.431387,8068
10.26,82.79865,-6,0,1.517118,1.319352,6.426728,2.475388,-2.345409,-2.450737,-4.096848,8044
10.28,58.85153,-6,0,1.67844,1.605103,14.30459,4.96353,-2.48037,-2.515973,-3.343045,8056
10.3,57.72687,-6,0,2.104356,1.983209,19.64811,2.915174,-2.345409,-2.381552,-1.316632,8076
10.32,41.39487,-6,0,2.306315,2.206684,7.174821,0.7207823,-2.412889,-2.405779,-1.549704,8036
10.34,-51.18173,-6,0,2.421356,2.268411,6.976346,-2.893265,-3.357609,-3.19558,-5.581835,8068
10.36,64.77478,-6,0,2.424832,2.224372,-0.07709067,-14.5943,-2.075489,-2.393524,-2.421479,8128
10.38,-1.143982,-6,0,2.271335,1.97754,-10.96259,-10.30075,-3.02021,-2.96332,-6.331113,8056
10.4,1.361816,-6,0,1.736404,1.602624,-29.20687,-12.52631,-3.02021,-3.185293,-8.758759,8100
10.42,22.96286,-6,0,1.314846,1.189651,-9.66488,-12.43324,-3.02021,-3.269277,-9.627496,8112
10.44,36.14349,-6,0,1.34668,1.06391,-2.825183,-10.11483,-3.08769,-3.285876,-8.06209,8096
10.46,-30.22693,-6,0,1.113014,0.8979344,-14.18397,-6.604163,-3.96493,-3.996106,-10.63038,8108
10.48,60.9342,-6,0,0.8826391,0.7561766,-2.061824,-10.18398,-3.08769,-3.473937,-7.28638,8200
10.5,86.17847,-6,0,1.102351,0.840616,6.747339,-3.883538,-3.02021,-3.19874,-4.047329,8100
10.52,-8.231201,-6,0,0.9569608,0.8706864,-11.1916,3.162348,-4.03241,-3.947397,-6.995842,8092
10.54,79.2995,-6,0,0.669398,0.8130386,-4.397703,-0.806128,-3.02021,-3.364522,-4.266209,8152
10.56,86.75058,-6,0,1.438247,1.221779,35.44964,3.290057,-3.02021,-3.069103,0.2178676,8088
10.58,66.17145,-6,0,1.861746,1.68839,13.86185,5.43938,-3.02021,-2.950676,1.789381,8104
10.6,-44.08478,-6,0,1.699176,1.75354,-11.03893,4.968944,-4.03241,-3.814981,-3.76289,8104
10.62,67.33978,-6,0,1.400198,1.578619,0.02977964,-5.584288,-2.75029,-3.08516,-2.014702,8180
10.64,84.1691,-6,0,2.313148,1.932878,36.02979,-3.821313,-2.68281,-2.68828,2.266075,8112
10.66,62.13217,-6,0,2.644517,2.292985,13.06795,-2.008061,-2.68281,-2.568404,2.647436,8084
10.68,-42.7139,-6,0,2.280464,2.197993,-24.04657,-2.246912,-3.627529,-3.412842,-4.011875,8080
10.7,-10.05756,-6,0,1.41573,1.610527,-45.92443,-10.54714,-3.290129,-3.521499,-8.054771,8144
10.72,45.79166,-6,0,0.3924229,0.7112792,-45.39008,-9.676977,-3.08769,-3.495167,-10.94252,8132
10.74,78.33337,-6,0,0.8408037,0.6694345,23.11376,-4.341808,-3.02021,-3.271726,-6.283131,8084
10.76,86.16418,-6,0,1.031347,0.8755695,7.739706,2.011407,-2.95273,-3.084973,-3.413055,8108
10.78,71.50729,-6,0,0.9308794,1.00704,-4.703047,7.2439,-3.02021,-3.099305,-3.180267,8104
10.8,57.08472,-6,0,1.569908,1.488202,34.88475,7.417422,-3.02021,-3.012896,-0.2149649,8104
10.82,38.81839,-6,0,2.129446,1.980384,24.85422,4.328164,-3.02021,-2.946121,1.28153,8104
10.84,22.59906,-6,0,2.373123,2.243745,10.99162,-0.4534866,-3.02021,-2.949904,0.6318353,8092
10.86,-77.01151,-6,0,2.49478,2.278908,5.190087,-5.825221,-4.03241,-3.802925,-4.268634,8104
10.88,-43.79361,-6,0,2.371972,2.078808,-7.374802,-19.1375,-3.695009,-3.810125,-5.501184,8156
10.9,-16.64014,-6,0,2.157418,1.692966,-13.31374,-23.97786,-3.695009,-3.836518,-6.787505,8132
10.92,13.15778,-6,0,1.636164,1.197919,-27.9855,-22.84733,-3.627529,-3.831096,-8.094511,8140
10.94,60.19778,-6,0,0.8742326,0.633405,-41.31374,-16.7316,-3.357609,-3.666842,-8.698523,8156
10.96,87.39819,-6,0,0.02153882,0.07575577,-36.29084,-5.281071,-3.290129,-3.618429,-9.437893,8136
10.98,85.95117,-6,0,0.5353563,0.3478912,26.21299,3.889667,-3.357609,-3.500903,-4.525374,8124
11,73.51151,-6,0,0.8280535,0.7678698,15.52597,8.950603,-3.357609,-3.408055,-1.823998,8128
11.02,32.42334,-6,0,1.197195,1.200272,28.41147,9.857311,-3.627529,-3.566464,-1.017329,8120
11.04,8.536041,-6,0,1.848466,1.71435,29.09849,4.314149,-3.695009,-3.606157,0.5973873,8120
11.06,2.279449,-6,0,2.315218,2.071577,21.02215,-3.295583,-3.627529,-3.548694,1.136475,8128
11.08,19.76001,-6,0,2.488376,2.190501,7.87711,-9.604923,-3.357609,-3.34208,0.9729816,8148
11.1,-66.01926,-6,0,2.309602,2.004354,-9.954956,-11.68456,-4.30233,-4.115093,-4.622761,8128
11.12,54.89429,-6,0,1.820476,1.616583,-24.51985,-20.20823,-3.02021,-3.36803,-3.369465,8200
11.14,-4.66272,-6,0,1.461726,1.175086,-12.84045,-12.59066,-3.96493,-3.952549,-7.371221,8132
11.16,29.00189,-6,0,1.228674,0.9657525,-14.79465,-12.69072,-3.627529,-3.832344,-6.427379,8180
11.18,-38.92615,-6,0,0.7834831,0.621096,-24.71832,-8.106134,-4.572248,-4.593624,-10.32245,8136
11.2,85.99438,-6,0,0.2726659,0.2828513,-24.82519,-10.2477,-3.357609,-3.842696,-6.824918,8192
11.22,107.5099,-6,0,0.5542748,0.3690494,18.31986,0.3246415,-3.357609,-3.531465,-2.924536,8128
11.24,94.94092,-6,0,0.6117288,0.6217273,2.075582,9.367296,-3.357609,-3.415639,-1.163686,8112
11.26,74.72977,-6,0,0.8300605,0.9781708,20.86948,13.42244,-3.357609,-3.361417,0.176653,8112
11.28,-64.93439,-6,0,1.866189,1.68876,46.38094,10.93343,-4.639729,-4.264503,-0.6333194,8100
11.3,-93.72253,-6,0,2.568356,2.213712,32.06033,-7.104158,-4.707209,-4.536566,-0.6123838,8180
11.32,35.14703,-6,0,2.773863,2.282695,10.09085,-22.69961,-3.357609,-3.554133,2.498704,8192
11.34,-33.97452,-6,0,2.445616,1.926536,-19.2832,-19.25809,-4.30233,-4.130785,-3.252391,8104
11.36,-1.48175,-6,0,1.579541,1.319675,-48.06184,-21.38631,-3.96493,-4.140369,-6.549985,8164
11.38,-57.46936,-6,0,0.5243102,0.4431246,-56.32138,-16.42622,-4.909649,-5.016488,-13.33441,8156
11.4,6.307465,-6,0,-0.3793362,-0.3454936,-49.32901,-15.89099,-4.572248,-5.022148,-13.76283,8212
11.42,47.83932,-6,0,-0.5324553,-0.6753865,39.3275,-8.331437,-4.572248,-4.927271,-10.54988,8184
11.44,62.28094,-6,0,-0.06342629,-0.3829046,10.76261,-0.249167,-4.572248,-4.740925,-4.979053,8188
11.46,45.39716,-6,0,0.06155181,-0.05753808,-5.619077,6.148219,-4.707209,-4.753294,-2.838277,8188
11.48,44.06906,-6,0,-0.1524432,0.04783572,-14.80992,9.196158,-4.639729,-4.734566,-2.562593,8212
11.5,82.39786,-6,0,-0.6671427,-0.1297903,-18.82519,12.53506,-4.23485,-4.472717,-2.540715,8200
11.52,51.52585,-6,0,-0.9017248,-0.2648738,45.75499,19.33125,-4.639729,-4.737658,-3.712058,8180
11.54,35.20551,-6,0,0.1045929,0.3277691,36.79315,17.97666,-4.707209,-4.691707,1.073011,8192
11.56,25.36737,-6,0,0.7973229,0.9170395,27.38857,13.27259,-4.639729,-4.55888,3.528773,8192
11.58,9.005646,-6,0,1.259163,1.321193,17.17482,7.623225,-4.639729,-4.516376,3.815114,8180
11.6,22.25742,-6,0,1.213709,1.359791,-7.267933,2.18926,-4.36981,-4.353992,2.541735,8212
11.62,35.48492,-6,0,0.6647574,0.9930391,-32.09237,1.427325,-4.23485,-4.315251,-0.6921346,8192
11.64,-52.25006,-6,0,-0.001991786,0.4249813,-38.9626,4.151862,-5.314529,-5.270193,-7.630755,8200
11.66,-2.865356,-6,0,-0.06101179,0.167755,13.90765,-2.496256,-4.909649,-5.168432,-6.141161,8248
11.68,18.26913,-6,0,0.5621251,0.3483804,22.09085,-3.563965,-4.909649,-5.003753,-2.250811,8212
11.7,13.73145,-6,0,0.7734636,0.5353386,4.380926,-2.794163,-4.977129,-4.975631,-1.050553,8212
11.72,41.02417,-6,0,0.6107608,0.5425369,-12.87099,-2.323156,-4.639729,-4.728085,-0.5118171,8208
11.74,42.5275,-6,0,0.2484562,0.3705807,-23.72595,1.762968,-4.639729,-4.714622,-1.770166,8212
11.76,42.60538,-6,0,-0.04851474,0.2035999,-3.92442,5.533755,-4.639729,-4.74087,-2.538678,8204
11.78,37.55463,-6,0,0.5778118,0.5476905,24.71681,6.371271,-4.639729,-4.63646,0.679741,8192
11.8,24.99426,-6,0,0.9253983,0.8861226,13.06795,5.318718,-4.639729,-4.578753,1.748037,8192
11.82,13.89322,-6,0,0.9430815,1.001032,-2.321366,3.164554,-4.639729,-4.598503,0.8116306,8196
11.84,15.62595,-6,0,0.8426982,0.9481741,-3.848084,0.8417974,-4.572248,-4.590658,-0.338905,8192
11.86,8.62204,-6,0,1.007796,0.9785447,3.846575,-0.9839576,-4.639729,-4.628548,-0.4796686,8216
11.88,-77.04565,-6,0,1.03663,0.9299958,-2.336633,-3.092525,-5.58445,-5.412036,-4.343821,8216
11.9,13.15073,-6,0,0.9220093,0.7926682,-6.764116,-12.74678,-4.639729,-4.88134,-2.275691,8260
11.92,-49.79666,-6,0,0.8386945,0.5643204,-7.451138,-9.852972,-5.58445,-5.497999,-5.41953,8220
11.94,-36.52411,-6,0,0.5471866,0.3174677,-19.0542,-13.38662,-5.51697,-5.63135,-6.140567,8248
11.96,-19.10202,-6,0,0.1100993,-0.06839567,-25.43588,-13.08364,-5.58445,-5.749784,-7.131199,8264
11.98,5.130615,-6,0,-0.4429586,-0.5053663,-29.42061,-9.417367,-5.58445,-5.807248,-7.649001,8268
12,117.45,-6,0,-0.9089531,-0.8105409,-15.95496,-2.947308,-4.572248,-5.001115,-3.549813,8252
12.02,117.6482,-6,0,-0.6165919,-0.580954,11.58704,12.04241,-4.639729,-4.726924,0.468061,8212
12.04,68.25229,-6,0,-0.4455781,-0.166256,7.434362,21.47545,-4.909649,-4.836901,1.521624,8200
12.06,39.24899,-6,0,0.1121909,0.4217292,40.04506,21.05206,-4.909649,-4.813591,3.615204,8212
12.08,-23.1712,-6,0,1.146193,1.18135,45.54125,14.68356,-5.314529,-5.040402,5.065734,8232
12.1,42.85663,-6,0,1.870708,1.775949,33.70918,1.891512,-4.30233,-4.263986,8.817292,8224
12.12,27.83765,-6,0,2.278075,2.072563,17.61757,-1.331982,-4.30233,-4.081671,7.784827,8176
12.14,-80.37158,-6,0,2.28813,2.081246,-4.016023,-5.250274,-5.247049,-4.876125,1.397066,8204
12.16,-56.50385,-6,0,1.82935,1.695449,-26.9626,-17.52633,-4.909649,-4.940921,-2.323352,8236
12.18,1.397064,-6,0,1.054545,0.9456228,-39.13054,-20.96407,-4.572248,-4.796361,-5.280446,8244
12.2,55.57361,-6,0,0.2450145,0.1989941,-44.19924,-14.82785,-4.30233,-4.59967,-6.579934,8224
12.22,-8.216553,-6,0,-0.4290719,-0.3708133,-31.22214,-3.1684,-5.247049,-5.330332,-10.37608,8188
12.24,-7.497589,-6,0,-0.07828099,-0.2563593,25.93818,-2.610087,-5.314529,-5.45328,-6.895861,8228
12.26,1.075989,-6,0,0.4036496,0.07423624,20.33513,-3.53729,-5.314529,-5.380352,-3.230374,8224
12.28,3.094238,-6,0,0.5790248,0.2981591,5.754972,-3.890814,-5.314529,-5.333049,-1.72814,8232
12.3,3.427551,-6,0,0.4977642,0.3389615,-5.390069,-3.77437,-5.314529,-5.338675,-1.787003,8240
12.32,6.303528,-6,0,0.291041,0.2431131,-12.0771,-3.098407,-5.314529,-5.369418,-2.401196,8232
12.34,17.22552,-6,0,0.1595653,0.149212,-0.03128911,-1.944529,-5.247049,-5.329502,-2.244105,8236
12.36,13.9689,-6,0,0.2535383,0.18945,2.762605,-0.2996158,-5.314529,-5.34329,-1.48715,8236
12.38,18.71136,-6,0,0.2815936,0.2488115,-0.7030448,0.3829313,-5.247049,-5.283327,-0.8210599,8252
12.4,10.37424,-6,0,0.4106129,0.3559588,8.25879,0.9307647,-5.314529,-5.303258,-0.3622164,8232
12.42,17.74094,-6,0,0.5526234,0.4856393,6.564133,0.02755171,-5.179569,-5.186549,0.551119,8228
12.44,8.167053,-6,0,0.5731942,0.5353169,0.8694746,0.05721745,-5.247049,-5.21996,0.09182897,8248
12.46,3.738129,-6,0,0.6589646,0.5949476,3.617567,-1.153034,-5.247049,-5.227606,0.03826299,8244
12.48,7.078888,-6,0,0.7546342,0.650999,3.403826,-2.694275,-5.179569,-5.172168,0.2346412,8256
12.5,-0.4021606,-6,0,0.7350171,0.6358072,-0.519839,-3.358947,-5.247049,-5.225968,-0.5106376,8264
12.52,-7.219147,-6,0,0.724309,0.603862,-0.1686933,-4.532579,-5.314529,-5.302938,-1.147864,8248
12.54,0.4658813,-6,0,0.7100943,0.5622035,-1.603809,-5.948675,-5.247049,-5.272962,-1.19252,8244
12.56,3.401337,-6,0,0.7025563,0.5245129,-1.023656,-6.078646,-5.247049,-5.263784,-1.242932,8240
12.58,-1.410645,-6,0,0.6814741,0.495059,-1.817549,-5.801395,-5.314529,-5.316083,-1.526096,8224
12.6,-0.7901001,-6,0,0.6907967,0.4898005,1.724437,-6.118297,-5.314529,-5.32593,-1.440658,8252
12.62,0.5979004,-6,0,0.6840757,0.4797465,-1.176328,-6.245328,-5.314529,-5.327474,-1.40171,8244
12.64,7.836304,-6,0,0.6676584,0.4688675,-0.2908313,-6.133042,-5.247049,-5.273217,-1.141639,8248
12.66,8.194458,-6,0,0.6826906,0.4801773,0.2129859,-5.362807,-5.247049,-5.253664,-0.948844,8232
12.68,0.7374878,-6,0,0.6814747,0.4935456,0.6557342,-4.819896,-5.314529,-5.303292,-1.150064,8232
12.7,5.619843,-6,0,0.6815959,0.5050373,0.2893218,-5.211961,-5.247049,-5.263408,-0.9504972,8252
12.72,5.945099,-6,0,0.6774658,0.5045343,-0.1686933,-4.971897,-5.247049,-5.254002,-0.9627429,8256
12.74,-0.5454712,-6,0,0.6597914,0.4955047,-1.115259,-4.73577,-5.314529,-5.309209,-1.285877,8288
12.76,5.237762,-6,0,0.6759704,0.5029626,0.8694746,-5.271032,-5.247049,-5.266913,-1.008051,8260
12.78,5.909485,-6,0,0.6831394,0.5055988,0.02977964,-5.06518,-5.247049,-5.254409,-0.9591001,8260
12.8,-0.7182922,-6,0,0.6845207,0.5081418,0.3656577,-4.871146,-5.314529,-5.306005,-1.201713,8240
12.82,-1.129242,-6,0,0.6871833,0.5088999,-0.4587703,-5.42121,-5.314529,-5.320456,-1.246142,8244
12.84,5.848511,-6,0,0.6979436,0.509166,-0.107625,-5.853575,-5.247049,-5.268086,-0.978188,8252
12.86,6.437408,-6,0,0.7046242,0.5111552,0.2282531,-5.45421,-5.247049,-5.252466,-0.9164975,8248
12.88,-0.5735474,-6,0,0.7072653,0.5171202,0.4114593,-5.14288,-5.314529,-5.303024,-1.150721,8240
12.9,-1.407349,-6,0,0.7173253,0.5248834,0.1213828,-5.675561,-5.314529,-5.316537,-1.174395,8240
12.92,-0.6668701,-6,0,0.7159239,0.5181236,-0.03128911,-6.11411,-5.314529,-5.321272,-1.222357,8240
12.94,12.34,-6,0,0.7129675,0.5132675,0.06031401,-6.308329,-5.179569,-5.213071,-0.7543998,8260
12.96,0.4634399,-6,0,0.7109833,0.5106099,0.1977187,-5.126238,-5.314529,-5.292461,-1.162156,8248
12.98,10.3757,-6,0,0.717419,0.5290415,0.4114593,-5.545317,-5.179569,-5.204473,-0.7139707,8240
13,4.194824,-6,0,0.7220233,0.5362824,0.1366499,-4.847483,-5.247049,-5.236056,-0.9257557,8252
13.02,-3.56424,-6,0,0.7096565,0.5356646,-0.03128911,-4.982867,-5.314529,-5.303314,-1.301521,8244
13.04,8.661072,-6,0,0.704398,0.5305221,-0.1381594,-5.831522,-5.179569,-5.214104,-0.9289348,8248
13.06,-1.980072,-6,0,0.6968903,0.5137842,-0.04655629,-5.149282,-5.314529,-5.299689,-1.392616,8252
13.08,3.493835,-6,0,0.6834821,0.505804,-0.2602969,-5.721798,-5.247049,-5.269526,-1.244108,8248
13.1,10.77719,-6,0,0.7013838,0.5105715,0.1061156,-5.589866,-5.179569,-5.202436,-0.8704413,8240
13.12,-1.576385,-6,0,0.6860822,0.5053989,-0.3977011,-4.736009,-5.314529,-5.295548,-1.35898,8196
13.14,9.100586,-6,0,0.7066064,0.5252726,1.006879,-5.460367,-5.179569,-5.208708,-0.8423975,8268
13.16,9.581482,-6,0,0.7206465,0.5370883,0.6710012,-4.90911,-5.179569,-5.183967,-0.7574135,8272
13.18,-4.160187,-6,0,0.7125941,0.5402217,-0.5656406,-4.487753,-5.314529,-5.289821,-1.314102,8224
13.2,0.8859558,-6,0,0.7162094,0.5430362,0.3503905,-5.603369,-5.247049,-5.265324,-1.184924,8264
13.22,-3.359558,-6,0,0.7200207,0.5293261,-0.09235785,-5.854177,-5.314529,-5.313053,-1.42692,8248
13.24,3.848877,-6,0,0.6899519,0.5031573,-1.084725,-6.35575,-5.247049,-5.274765,-1.328397,8256
13.26,5.499939,-6,0,0.7089185,0.5008657,0.9916119,-6.003181,-5.247049,-5.258355,-1.145909,8252
13.28,-0.7208252,-6,0,0.6995782,0.4987506,-0.3977011,-5.579918,-5.314529,-5.308625,-1.362985,8264
13.3,-1.067139,-6,0,0.7075261,0.5047312,0.3961921,-5.948565,-5.314529,-5.320549,-1.322756,8260
13.32,-0.04684448,-6,0,0.6946451,0.4940319,-0.2144953,-6.195228,-5.314529,-5.325243,-1.357021,8256
13.34,13.05469,-6,0,0.697139,0.4940822,0.3198562,-6.246551,-5.179569,-5.214981,-0.8090788,8268
13.36,7.066528,-6,0,0.6996136,0.5012148,0.09084838,-4.967429,-5.247049,-5.238028,-0.9232821,8240
13.38,4.379211,-6,0,0.7160576,0.5289915,1.43436,-4.769706,-5.247049,-5.242977,-0.8758198,8244
13.4,2.88501,-6,0,0.7369177,0.5525583,0.8236728,-4.978944,-5.247049,-5.244282,-0.8672306,8252
13.42,-3.761383,-6,0,0.7253014,0.5477942,-0.1381594,-5.252814,-5.314529,-5.304359,-1.261633,8252
13.44,-3.452454,-6,0,0.7291375,0.5387951,0.2282531,-6.117518,-5.314529,-5.321337,-1.344191,8244
13.46,4.401306,-6,0,0.7198009,0.5195457,-0.5656406,-6.627051,-5.247049,-5.272033,-1.165861,8248
13.48,-0.1575928,-6,0,0.7122968,0.5025326,-0.1992282,-6.149554,-5.314529,-5.312229,-1.364688,8232
13.5,-0.257843,-6,0,0.7137099,0.5010428,-0.04655629,-6.290033,-5.314529,-5.321128,-1.327068,8248
13.52,12.48297,-6,0,0.7129715,0.5037909,0.07558119,-6.378414,-5.179569,-5.213049,-0.805956,8220
13.54,6.395477,-6,0,0.72211,0.5148265,0.2282531,-5.180188,-5.247049,-5.236131,-0.904971,8256
13.56,-2.260376,-6,0,0.731477,0.535901,0.5641309,-5.034389,-5.314529,-5.297305,-1.143955,8236
13.58,-3.151825,-6,0,0.7348486,0.5420539,-0.1534266,-5.830976,-5.314529,-5.31617,-1.237321,8248
13.6,4.085114,-6,0,0.7289907,0.5308555,-0.3519,-6.432122,-5.247049,-5.268496,-1.078245,8248
13.62,5.478149,-6,0,0.7012964,0.5066915,-0.3977011,-6.018786,-5.247049,-5.258611,-1.157218,8244
13.64,-0.7635193,-6,0,0.7129338,0.5083029,0.3656577,-5.631827,-5.314529,-5.306903,-1.293729,8252
13.66,-1.148438,-6,0,0.7076745,0.5077462,-0.01602192,-5.991421,-5.314529,-5.320607,-1.328046,8244
13.68,-0.2208252,-6,0,0.7132503,0.5048301,0.2587874,-6.285149,-5.314529,-5.322865,-1.288358,8264
13.7,0.7533569,-6,0,0.7053207,0.495454,-0.01602192,-6.363478,-5.314529,-5.323591,-1.287627,8252
13.72,1.475891,-6,0,0.7039677,0.4906506,0.1519171,-6.30942,-5.314529,-5.322382,-1.240067,8260
13.74,1.860382,-6,0,0.7032578,0.4899178,-0.09235785,-6.196079,-5.314529,-5.320799,-1.189918,8240
13.76,8.034424,-6,0,0.698217,0.4919536,0.1366499,-6.060744,-5.247049,-5.265518,-0.9262803,8276
13.78,1.694458,-6,0,0.70481,0.5001239,0.1366499,-5.370761,-5.314529,-5.303689,-1.076125,8240
13.8,6.233398,-6,0,0.7156982,0.5186417,0.1061156,-5.57994,-5.247049,-5.258747,-0.8237348,8248
13.82,5.820648,-6,0,0.7208089,0.528605,0.2587874,-5.281339,-5.247049,-5.247451,-0.8189656,8248
13.84,-7.375824,-6,0,0.7122062,0.5260895,0.02977964,-5.116614,-5.38201,-5.357,-1.390141,8256
13.86,10.43829,-6,0,0.711215,0.5263448,0.1977187,-6.320653,-5.179569,-5.224042,-0.7844012,8264
13.88,6.174072,-6,0,0.7085547,0.5157286,-0.07709067,-5.318952,-5.247049,-5.242413,-0.9644077,8252
13.9,4.511322,-6,0,0.6901937,0.5139244,-1.64961,-5.027956,-5.247049,-5.250212,-1.058706,8260
13.92,-2.320435,-6,0,0.7155392,0.5277397,2.533597,-5.078757,-5.314529,-5.303696,-1.212158,8256
13.94,3.270416,-6,0,0.7385169,0.5431392,-0.2908313,-5.867477,-5.247049,-5.261742,-0.9563268,8256
13.96,-1.731995,-6,0,0.7059584,0.5195972,-0.3213652,-5.748509,-5.314529,-5.311242,-1.360256,8268
13.98,4.453003,-6,0,0.7312099,0.5255893,0.6404669,-6.231201,-5.247049,-5.265162,-1.029967,8240
14,5.25946,-6,0,0.7153344,0.5159395,0.06031401,-5.884706,-5.247049,-5.254731,-1.068797,8236
14.02,4.736145,-6,0,0.7218631,0.5217957,0.1366499,-5.586782,-5.247049,-5.250351,-1.018554,8252
14.04,-1.957703,-6,0,0.7126458,0.5203345,-0.09235785,-5.423872,-5.314529,-5.305799,-1.306059,8240
14.06,9.862854,-6,0,0.7199486,0.5274385,0.1213828,-6.000378,-5.179569,-5.21074,-0.8350915,8268
14.08,4.423798,-6,0,0.7207088,0.5270569,0.2282531,-5.199147,-5.247049,-5.239544,-1.023204,8244
14.1,-3.253235,-6,0,0.7246435,0.534795,0.4572606,-5.232954,-5.314529,-5.302409,-1.289315,8244
14.12,2.638275,-6,0,0.7277274,0.5363939,0.2282531,-6.038064,-5.247049,-5.265653,-1.113731,8264
14.14,4.054962,-6,0,0.7116068,0.5195417,-0.7030448,-5.933968,-5.247049,-5.258005,-1.172231,8244
14.16,-1.635315,-6,0,0.6971655,0.5046209,-0.01602192,-5.680696,-5.314529,-5.311448,-1.440589,8248
14.18,4.643494,-6,0,0.6996559,0.5031219,-0.06182348,-6.082785,-5.247049,-5.269402,-1.17587,8264
14.2,-0.3241272,-6,0,0.696816,0.4963613,0.3503905,-5.712532,-5.314529,-5.311695,-1.356255,8248
14.22,-0.5299683,-6,0,0.7108627,0.5039741,0.1519171,-6.004954,-5.314529,-5.320068,-1.278746,8240
14.24,0.1854553,-6,0,0.7100888,0.5019493,0.2129859,-6.221038,-5.314529,-5.322121,-1.263759,8228
14.26,6.949677,-6,0,0.7066968,0.4994258,0.01451245,-6.275942,-5.247049,-5.267612,-1.004348,8248
14.28,1.184143,-6,0,0.7033183,0.4976954,0.06031401,-5.623424,-5.314529,-5.306973,-1.188751,8268
14.3,0.2268066,-6,0,0.7058293,0.5046339,0.1213828,-5.77835,-5.314529,-5.317193,-1.183474,8260
14.32,0.3812561,-6,0,0.7212329,0.5128833,0.2587874,-6.024002,-5.314529,-5.317938,-1.123693,8252
14.34,6.754761,-6,0,0.7133377,0.5109052,0.1061156,-6.146917,-5.247049,-5.26505,-0.9255676,8264
14.36,12.80518,-6,0,0.7175975,0.517993,0.06031401,-5.588734,-5.179569,-5.195076,-0.6294273,8244
14.38,5.144379,-6,0,0.7138931,0.5287458,0.07558119,-4.603053,-5.247049,-5.232289,-0.868187,8232
14.4,-3.472137,-6,0,0.7307364,0.5492393,0.5946653,-4.779308,-5.314529,-5.297194,-1.130829,8244
14.42,-4.046204,-6,0,0.7439815,0.5555131,1.190086,-5.81416,-5.314529,-5.316056,-1.217486,8260
14.44,-2.334534,-6,0,0.7129512,0.5238283,-1.069457,-6.47807,-5.314529,-5.327115,-1.427249,8272
14.46,6.006195,-6,0,0.6771544,0.4851512,-1.054191,-6.629247,-5.247049,-5.278228,-1.303602,8272
14.48,7.351105,-6,0,0.7006077,0.4868197,1.144284,-5.936247,-5.247049,-5.256943,-1.059083,8260
14.5,12.50546,-6,0,0.6875533,0.4951882,-0.1534266,-5.295759,-5.179569,-5.197124,-0.7979896,8240
14.52,-1.197113,-6,0,0.7159362,0.5222484,0.8847416,-4.441797,-5.314529,-5.286395,-1.106603,8240
14.54,2.757568,-6,0,0.6993214,0.5301067,0.2587874,-5.217415,-5.247049,-5.261635,-1.056575,8224
14.56,-2.378235,-6,0,0.7093844,0.5263856,-0.2602969,-5.37154,-5.314529,-5.309291,-1.284287,8264
14.58,-1.941193,-6,0,0.700726,0.513951,0.4419934,-5.968693,-5.314529,-5.323781,-1.372101,8240
14.6,5.622253,-6,0,0.7025908,0.5040011,0.02977964,-6.316697,-5.247049,-5.271417,-1.109599,8260
14.62,0.6256409,-6,0,0.6975744,0.4944157,0.1061156,-5.771241,-5.314529,-5.310808,-1.293096,8268
14.64,6.16983,-6,0,0.702473,0.5014392,-0.1534266,-5.917106,-5.247049,-5.264975,-1.011844,8236
14.66,0.375824,-6,0,0.6984222,0.5007845,0.1366499,-5.450409,-5.314529,-5.307518,-1.220526,8244
14.68,5.658691,-6,0,0.7087368,0.5124452,0.3351234,-5.748127,-5.247049,-5.26294,-0.951719,8240
14.7,11.81924,-6,0,0.7098731,0.5196548,0.2587874,-5.413169,-5.179569,-5.196496,-0.6892782,8248
14.72,-1.511658,-6,0,0.7171952,0.5302538,-0.06182348,-4.602136,-5.314529,-5.287795,-1.128445,8256
14.74,2.594604,-6,0,0.7179894,0.5408398,0.3656577,-5.411392,-5.247049,-5.260287,-1.00792,8248
14.76,-2.608398,-6,0,0.7243513,0.5356641,0.04504682,-5.563372,-5.314529,-5.307989,-1.264696,8232
14.78,-2.352386,-6,0,0.7300113,0.5305705,0.1366499,-6.205446,-5.314529,-5.320539,-1.302816,8252
14.8,-1.063568,-6,0,0.7367442,0.5224011,0.1671843,-6.624378,-5.314529,-5.322449,-1.287182,8240
14.82,12.14447,-6,0,0.7268757,0.5139188,0.1061156,-6.730018,-5.179569,-5.21387,-0.8249951,8252
14.84,6.355377,-6,0,0.7233981,0.5135282,0.02977964,-5.456664,-5.247049,-5.238054,-0.9729745,8240
14.86,-1.975555,-6,0,0.7171394,0.5228385,0.2435202,-5.182593,-5.314529,-5.300807,-1.253013,8256
14.88,3.354156,-6,0,0.724352,0.5317716,0.6099325,-5.860726,-5.247049,-5.263454,-1.048082,8268
14.9,4.346832,-6,0,0.709049,0.5198494,-0.3366328,-5.733904,-5.247049,-5.256133,-1.111867,8256
14.92,-1.66214,-6,0,0.7038174,0.5120065,0.2893218,-5.536067,-5.314529,-5.308954,-1.359119,8252
14.94,4.413513,-6,0,0.7049373,0.5113515,0.04504682,-6.006344,-5.247049,-5.267837,-1.128181,8256
14.96,5.365326,-6,0,0.7063789,0.5089212,0.2587874,-5.708373,-5.247049,-5.255558,-1.071973,8248
14.98,-1.098602,-6,0,0.7080155,0.5113729,0.09084838,-5.423175,-5.314529,-5.306238,-1.279181,8268
15,4.58725,-6,0,0.7032861,0.5125412,-0.01602192,-5.868824,-5.247049,-5.266297,-1.086631,8272
15.02,-417.9136,0,0,0.6913472,0.5005304,0.2740546,-5.563473,-5.314529,-5.311471,-1.339914,8296
15.04,-308.2234,0,0,0.6910957,0.04563081,0.1671843,-48.44785,-5.247049,-5.275759,-2.336108,8252
15.06,-233.7863,0,0,0.6907701,-0.737457,-0.01602192,-65.77263,-5.314529,-5.299351,-3.708275,8244
15.08,-174.2719,0,0,0.5529803,-1.337541,-10.01603,-69.09878,-5.247049,-5.198966,-3.038801,8248
15.1,-146.6343,0,0,0.1247129,-1.819566,-25.13053,-63.86591,-5.314529,-5.211909,-2.988436,8220
15.12,-121.4122,0,0,-0.9525223,-2.499464,-65.37482,-54.37556,-5.314529,-5.299182,-4.928203,8244
15.14,-174.9296,0,0,-2.410903,-3.44224,-77.43589,-41.23422,-6.259249,-6.205225,-10.88271,8236
15.16,-43.88756,0,0,-3.851814,-4.388327,-75.55803,-33.39154,-5.247049,-5.708029,-8.929462,8268
15.18,99.2496,0,0,-5.004736,-5.123043,0.5335966,-11.19309,-4.23485,-4.755137,-3.71694,8212
15.2,72.67235,0,0,-4.679232,-4.777461,7.251156,17.461,-4.639729,-4.620682,2.956294,8160
15.22,-24.62088,0,0,-4.088105,-3.895211,22.09085,32.05767,-5.314529,-4.996228,6.557744,8184
15.24,-9.576157,0,0,-2.597587,-2.522143,78.39622,27.52106,-4.639729,-4.36889,15.53712,8228
15.26,3.740463,0,0,-1.282545,-1.287009,66.77789,21.88377,-4.03241,-3.623118,21.17556,8184
15.28,15.12717,0,0,-0.588872,-0.4767202,34.54887,17.11229,-3.357609,-2.919227,22.57144,8168
15.3,-57.0199,0,0,-0.2283195,-0.05271484,8.945812,13.71434,-3.627529,-3.038827,18.47398,8120
15.32,-131.9393,0,0,-0.2137748,-0.01805935,-6.290833,3.872589,-4.03241,-3.523199,12.05355,8132
15.34,-39.53659,0,0,-0.4272293,-0.2970854,-12.77939,-9.614397,-2.88525,-2.8392,11.02293,8180
15.36,-45.83265,0,0,-0.930603,-0.8531507,-21.31374,-7.781779,-3.08769,-2.921073,6.26369,8096
15.38,-39.4998,0,0,-1.379608,-1.301029,-22.84046,-5.743096,-3.02021,-2.947065,3.740263,8092
15.4,-35.82832,0,0,-1.557581,-1.541826,-7.390069,-3.083298,-3.02021,-2.957476,3.046956,8080
15.42,-35.43436,0,0,-1.503129,-1.561611,-1.313733,-1.000701,-3.02021,-2.932668,3.624024,8076
15.44,-32.97472,0,0,-1.36531,-1.456161,6.747339,0.05698878,-2.95273,-2.845566,4.627139,8116
15.46,-39.22195,0,0,-1.211286,-1.310725,5.678637,0.5408868,-2.95273,-2.807161,5.162249,8092
15.48,-58.31046,0,0,-1.164472,-1.231315,3.129017,0.03105399,-3.08769,-2.916013,4.435423,8100
15.5,-50.79121,0,0,-1.077563,-1.169089,3.22062,-2.504437,-2.95273,-2.83865,4.69275,8116
15.52,-57.83774,0,0,-0.9826267,-1.130859,2.136651,-3.731385,-3.02021,-2.870614,4.384548,8124
15.54,-53.85246,0,0,-0.966848,-1.130137,-1.863351,-5.3182,-2.95273,-2.833525,4.185287,8120
15.56,-59.83847,0,0,-0.9792434,-1.163244,0.8389403,-5.94733,-3.02021,-2.88703,3.545244,8108
15.58,-59.79064,0,0,-0.9838737,-1.194029,-0.5656406,-6.949444,-3.02021,-2.905203,3.264852,8088
15.6,-51.65923,0,0,-1.062028,-1.263037,-4.367168,-7.377733,-2.95273,-2.867253,3.055741,8100
15.62,-55.06793,0,0,-1.123997,-1.328627,-4.214497,-6.647582,-3.02021,-2.915899,2.650152,8076
15.64,-54.24107,0,0,-1.103902,-1.333812,-0.107625,-6.536821,-3.02021,-2.919708,2.873825,8088
15.66,-53.73016,0,0,-1.0581,-1.307532,1.632834,-6.504274,-3.02021,-2.91077,3.183062,8092
15.68,-54.07269,0,0,-1.034476,-1.282899,1.358024,-6.506104,-3.02021,-2.905184,3.318964,8084
15.7,-60.47814,0,0,-1.046818,-1.283234,-0.9473198,-6.52283,-3.08769,-2.961851,3.009433,8080
15.72,-54.16249,0,0,-1.056407,-1.2906,-0.8862511,-7.149231,-3.02021,-2.924339,3.171802,8088
15.74,-52.81988,0,0,-1.047422,-1.293753,-0.5351062,-6.949588,-3.02021,-2.911491,3.263166,8084
15.76,-53.18088,0,0,-1.027391,-1.279674,0.3961921,-6.735246,-3.02021,-2.904319,3.378702,8088
15.78,-54.25728,0,0,-0.9934897,-1.252174,1.617566,-6.728947,-3.02021,-2.898488,3.50132,8080
15.8,-55.25417,0,0,-0.9994237,-1.245528,-0.06182348,-6.827824,-3.02021,-2.900742,3.398599,8076
15.82,-61.62988,0,0,-1.011203,-1.254904,-0.7030448,-6.970928,-3.08769,-2.95975,3.036751,8088
15.84,-55.11615,0,0,-1.025963,-1.270817,-0.6877776,-7.661036,-3.02021,-2.92359,3.14935,8088
15.86,-47.63224,0,0,-1.010287,-1.271617,-0.04655629,-7.493257,-2.95273,-2.855068,3.502608,8100
15.88,-54.02933,0,0,-1.024176,-1.274621,-0.2450293,-6.590996,-3.02021,-2.892666,3.257844,8100
15.9,-55.82682,0,0,-1.002291,-1.254038,0.8084057,-6.697292,-3.02021,-2.900184,3.320108,8084
15.92,-50.29379,0,0,-1.000082,-1.244855,-0.3824344,-6.957991,-2.95273,-2.84921,3.511625,8096
15.94,-56.41042,0,0,-1.016815,-1.253826,-0.8862511,-6.534956,-3.02021,-2.893956,3.180838,8080
15.96,-63.19745,0,0,-1.014911,-1.257061,0.1671843,-6.880609,-3.08769,-2.961099,2.891863,8100
15.98,-56.32909,0,0,-1.01151,-1.263803,0.07558119,-7.800115,-3.02021,-2.924186,3.091756,8104
16,-60.41236,0,0,-1.010435,-1.278252,-0.3060985,-7.724211,-3.08769,-2.967312,2.901718,8104
16.02,-59.63431,0,0,-1.030512,-1.296675,-2.016023,-8.025134,-3.08769,-2.980293,2.84082,8096
16.04,-57.39178,0,0,-1.108649,-1.351317,-3.909153,-7.921185,-3.08769,-2.992481,2.599582,8088
16.06,-42.49574,0,0,-1.191255,-1.409188,-3.267931,-7.360213,-2.95273,-2.891929,2.940421,8088
16.08,-53.10349,0,0,-1.171168,-1.406367,0.5488637,-5.523668,-3.08769,-2.962339,2.893738,8084
16.1,-49.08263,0,0,-1.164044,-1.376369,0.9763447,-5.386687,-3.02021,-2.922855,3.292,8088
16.12,-43.28296,0,0,-1.163514,-1.355926,-0.3213652,-4.894009,-2.95273,-2.857305,3.63451,8092
16.14,-50.64491,0,0,-1.160877,-1.337338,0.2129859,-3.99952,-3.02021,-2.894661,3.465806,8076
16.16,-52.80317,0,0,-1.158556,-1.319988,0.304589,-4.162133,-3.02021,-2.906777,3.415356,8080
16.18,-53.18352,0,0,-1.154079,-1.314909,-0.2908313,-4.508271,-3.02021,-2.911599,3.366319,8088
16.2,-52.95863,0,0,-1.151918,-1.317573,0.3961921,-4.785723,-3.02021,-2.913755,3.324471,8084
16.22,-52.62611,0,0,-1.147244,-1.320326,0.1824515,-4.960167,-3.02021,-2.913949,3.315967,8080
16.24,-52.37523,0,0,-1.145827,-1.32319,0.3503905,-5.045836,-3.02021,-2.913824,3.307289,8092
16.26,-52.31095,0,0,-1.134368,-1.319136,0.1519171,-5.108546,-3.02021,-2.912006,3.348907,8084
16.28,-52.47948,0,0,-1.121726,-1.311484,0.3656577,-5.180754,-3.02021,-2.910074,3.385852,8084
16.3,-52.6767,0,0,-1.123278,-1.310677,-0.1686933,-5.244639,-3.02021,-2.910707,3.350042,8088
16.32,-40.71489,0,0,-1.125996,-1.307282,0.2282531,-5.287727,-2.88525,-2.802418,3.797658,8084
16.34,-47.35433,0,0,-1.123086,-1.299555,-0.07709067,-4.121545,-2.95273,-2.827733,3.611394,8112
16.36,-50.15054,0,0,-1.125537,-1.28454,0.1824515,-4.012961,-2.95273,-2.83733,3.519937,8088
16.38,-57.1919,0,0,-1.134352,-1.287035,-0.0007547362,-4.21142,-3.02021,-2.898758,3.145713,8088
16.4,-57.0611,0,0,-1.128774,-1.293255,0.1824515,-5.07153,-3.02021,-2.915935,3.070081,8088
16.42,-49.34972,0,0,-1.1316,-1.30785,-0.09235785,-5.615273,-2.95273,-2.865988,3.269538,8100
16.44,-47.92664,0,0,-1.149521,-1.326594,-0.4893047,-5.141525,-2.95273,-2.853333,3.255014,8108
16.46,-60.38044,0,0,-1.134438,-1.32284,0.6404669,-4.729017,-3.08769,-2.955242,2.89538,8088
16.48,-54.63759,0,0,-1.139511,-1.323524,-0.107625,-5.695461,-3.02021,-2.92908,3.066883,8104
16.5,-52.65824,0,0,-1.123533,-1.32582,0.3809245,-5.802272,-3.02021,-2.918329,3.187847,8088
16.52,-58.12563,0,0,-1.125696,-1.33096,-0.01602192,-5.672064,-3.08769,-2.969287,2.983802,8084
16.54,-51.88535,0,0,-1.110929,-1.323521,0.2740546,-6.171494,-3.02021,-2.925299,3.295042,8088
16.56,-50.85801,0,0,-1.123916,-1.331097,-0.519839,-5.838914,-3.02021,-2.914657,3.29481,8092
16.58,-57.19019,0,0,-1.120715,-1.329156,0.4419934,-5.525357,-3.08769,-2.965066,3.111025,8092
16.6,-51.41538,0,0,-1.128241,-1.329152,-0.183961,-5.930652,-3.02021,-2.92512,3.306272,8080
16.62,-44.56649,0,0,-1.128479,-1.328534,-0.2755641,-5.609192,-2.95273,-2.858845,3.597556,8084
16.64,-45.30573,0,0,-1.134517,-1.321717,0.3656577,-4.685037,-2.95273,-2.841444,3.629198,8104
16.66,-47.53096,0,0,-1.126766,-1.300833,0.304589,-4.168366,-2.95273,-2.836844,3.64902,8072
16.68,-55.47475,0,0,-1.126886,-1.289303,-0.1534266,-4.063412,-3.02021,-2.893262,3.331639,8080
16.7,-50.28046,0,0,-1.130668,-1.28824,0.304589,-4.785694,-2.95273,-2.857165,3.433847,8100
16.72,-55.37898,0,0,-1.143655,-1.305836,-0.2144953,-4.712059,-3.02021,-2.904856,3.106651,8072
16.74,-55.14804,0,0,-1.144696,-1.315894,-0.0007547362,-5.169766,-3.02021,-2.917403,3.066577,8080
16.76,-53.97321,0,0,-1.13572,-1.321818,-0.1228922,-5.472623,-3.02021,-2.91828,3.116317,8100
16.78,-59.01074,0,0,-1.139074,-1.332734,0.3656577,-5.549893,-3.08769,-2.97248,2.892982,8088
16.8,-52.13048,0,0,-1.131451,-1.334473,-0.04655629,-6.121926,-3.02021,-2.929803,3.183437,8100
16.82,-44.71111,0,0,-1.129036,-1.334774,0.2282531,-5.806193,-2.95273,-2.861418,3.517551,8100
16.84,-57.20996,0,0,-1.13772,-1.335197,-0.4740371,-4.832507,-3.08769,-2.952602,3.08369,8088
16.86,-52.71964,0,0,-1.125448,-1.319138,0.7778715,-5.476513,-3.02021,-2.921253,3.332652,8084
16.88,-51.95661,0,0,-1.116517,-1.314735,0.3961921,-5.482072,-3.02021,-2.912065,3.377068,8092
16.9,-45.92382,0,0,-1.143447,-1.324671,-0.8099151,-5.328878,-2.95273,-2.859332,3.49928,8104
16.92,-58.27423,0,0,-1.137019,-1.324159,0.4114593,-4.642795,-3.08769,-2.952812,3.090769,8108
16.94,-53.25858,0,0,-1.144035,-1.322966,-0.107625,-5.410098,-3.02021,-2.925217,3.234059,8096
16.96,-52.04808,0,0,-1.117623,-1.316233,1.022146,-5.48792,-3.02021,-2.913399,3.366774,8096
16.98,-51.98272,0,0,-1.132964,-1.322499,-0.519839,-5.376947,-3.02021,-2.912773,3.300154,8088
17,-52.21925,0,0,-1.114894,-1.313121,0.6710012,-5.344521,-3.02021,-2.90965,3.382285,8092
17.02,-58.51015,0,0,-1.124495,-1.31739,-0.2755641,-5.329801,-3.08769,-2.965709,3.082032,8080
17.04,-52.39998,0,0,-1.110933,-1.312858,0.4877952,-5.98689,-3.02021,-2.924351,3.339609,8076
17.06,-45.23401,0,0,-1.124366,-1.321604,-0.7793808,-5.764306,-2.95273,-2.860164,3.549173,8088
17.08,-57.69913,0,0,-1.124003,-1.322091,0.9305434,-4.90075,-3.08769,-2.951316,3.12641,8088
17.1,-52.99857,0,0,-1.132555,-1.319445,0.04504682,-5.556731,-3.02021,-2.923338,3.267233,8088
17.12,-57.85544,0,0,-1.131468,-1.327642,-0.550373,-5.528261,-3.08769,-2.970063,3.050912,8092
17.14,-57.49032,0,0,-1.124789,-1.330078,0.6099325,-6.016335,-3.08769,-2.981001,3.071149,8088
17.16,-50.17576,0,0,-1.126939,-1.336588,-0.183961,-6.291274,-3.02021,-2.928526,3.327596,8092
17.18,-55.33384,0,0,-1.133161,-1.344499,0.3656577,-5.720184,-3.08769,-2.968303,3.141569,8076
17.2,-49.92106,0,0,-1.121284,-1.332638,-0.183961,-5.885416,-3.02021,-2.921679,3.450976,8080
17.22,-55.8716,0,0,-1.120564,-1.329152,0.2282531,-5.460106,-3.08769,-2.963741,3.251107,8100
17.24,-56.58585,0,0,-1.124905,-1.327745,-0.2144953,-5.768136,-3.08769,-2.976435,3.201661,8104
17.26,-49.90038,0,0,-1.128369,-1.331524,0.2893218,-6.030332,-3.02021,-2.925667,3.422333,8088
17.28,-49.39393,0,0,-1.128837,-1.332599,0.02977964,-5.525572,-3.02021,-2.911155,3.470667,8088
17.3,-44.39034,0,0,-1.127364,-1.321009,0.2893218,-5.135461,-2.95273,-2.852302,3.73252,8104
17.32,-57.85039,0,0,-1.12331,-1.310451,0.01451245,-4.397261,-3.08769,-2.946428,3.271942,8092
17.34,-53.55161,0,0,-1.125923,-1.303005,0.2435202,-5.258581,-3.02021,-2.920177,3.378063,8096
17.36,-70.66567,0,0,-1.104108,-1.307288,0.5946653,-5.480052,-3.222649,-3.074975,2.711953,8104
17.38,-51.43319,0,0,-1.141212,-1.336582,-0.8862511,-7.236257,-3.02021,-2.958856,3.158158,8104
17.4,-47.50824,0,0,-1.125317,-1.352953,0.6557342,-6.492988,-3.02021,-2.920752,3.385595,8104
17.42,-47.81772,0,0,-1.173637,-1.371609,-2.84045,-5.458786,-3.02021,-2.914889,3.29469,8096
17.44,-48.85318,0,0,-1.1799,-1.366175,1.358024,-4.775896,-3.02021,-2.912077,3.363477,8080
17.46,-49.90208,0,0,-1.18193,-1.354998,-1.115259,-4.421563,-3.02021,-2.911266,3.40011,8088
17.48,-50.76668,0,0,-1.173464,-1.341003,0.7168028,-4.31927,-3.02021,-2.910465,3.441288,8084
17.5,-51.33466,0,0,-1.17624,-1.336092,-0.3519,-4.336169,-3.02021,-2.911965,3.404654,8080
17.52,-51.61431,0,0,-1.171551,-1.332302,0.9000088,-4.420033,-3.02021,-2.912568,3.396798,8092
17.54,-45.66838,0,0,-1.17696,-1.332518,-0.09235785,-4.484555,-2.95273,-2.859551,3.587815,8084
17.56,-51.87606,0,0,-1.182145,-1.335294,0.2435202,-3.917544,-3.02021,-2.900902,3.339839,8092
17.58,-58.9757,0,0,-1.181915,-1.334781,0.6099325,-4.173996,-3.08769,-2.967516,3.051331,8084
17.6,-58.49483,0,0,-1.163523,-1.333435,0.1977187,-5.115148,-3.08769,-2.98331,3.068335,8088
17.62,-50.46201,0,0,-1.177469,-1.352143,-0.1686933,-5.648969,-3.02021,-2.934469,3.243512,8092
17.64,-48.9689,0,0,-1.1682,-1.356871,0.5183294,-5.210253,-3.02021,-2.917343,3.372384,8076
17.66,-49.43862,0,0,-1.173133,-1.353392,0.1213828,-4.750905,-3.02021,-2.912267,3.40612,8088
17.68,-56.33426,0,0,-1.166307,-1.344188,0.1824515,-4.518716,-3.08769,-2.96464,3.212649,8092
17.7,-50.71342,0,0,-1.174912,-1.343686,0.1366499,-5.035142,-3.02021,-2.926368,3.373152,8100
17.72,-55.87038,0,0,-1.169696,-1.347592,0.1061156,-4.831265,-3.08769,-2.969592,3.183317,8080
17.74,-49.82019,0,0,-1.186448,-1.355971,-0.03128911,-5.162874,-3.02021,-2.928851,3.33777,8100
17.76,-55.03638,0,0,-1.175756,-1.357039,0.1977187,-4.804191,-3.08769,-2.96958,3.202167,8100
17.78,-43.36955,0,0,-1.176689,-1.35014,0.07558119,-5.07758,-2.95273,-2.871038,3.675166,8092
17.8,-55.39688,0,0,-1.162446,-1.341299,-0.107625,-4.133538,-3.08769,-2.95144,3.32056,8092
17.82,-45.32225,0,0,-1.160195,-1.324556,0.2435202,-4.719204,-2.95273,-2.865288,3.726307,8108
17.84,-57.4091,0,0,-1.132793,-1.310732,1.525963,-4.185259,-3.08769,-2.948799,3.358298,8104
17.86,-46.90791,0,0,-1.141033,-1.304522,-0.9320526,-5.023178,-2.95273,-2.866134,3.667884,8100
17.88,-52.25478,0,0,-1.134764,-1.30744,1.006879,-4.54521,-3.02021,-2.898641,3.442154,8120
17.9,-53.38394,0,0,-1.145709,-1.311216,-0.3671672,-4.736721,-3.02021,-2.910363,3.32118,8080
17.92,-53.32919,0,0,-1.130413,-1.308146,0.4725278,-5.020285,-3.02021,-2.911843,3.3416,8084
17.94,-59.053,0,0,-1.135214,-1.317055,-0.4740371,-5.197881,-3.08769,-2.968296,3.044657,8096
17.96,-58.53978,0,0,-1.118083,-1.317905,0.4877952,-5.940187,-3.08769,-2.980831,3.075291,8100
17.98,-50.77271,0,0,-1.138008,-1.337649,-0.7793808,-6.320667,-3.02021,-2.931768,3.235127,8088
18,-43.52213,0,0,-1.128922,-1.337746,0.7778715,-5.799562,-2.95273,-2.859854,3.609431,8088
18.02,-44.50516,0,0,-1.13386,-1.327105,-0.4435031,-4.704343,-2.95273,-2.840221,3.669207,8096
18.04,-53.10457,0,0,-1.125955,-1.305003,0.9610775,-4.106324,-3.02021,-2.889892,3.453109,8088
18.06,-55.13963,0,0,-1.109275,-1.283952,0.8389403,-4.633492,-3.02021,-2.904133,3.41125,8084
18.08,-55.31063,0,0,-1.085541,-1.272456,0.7015356,-5.265556,-3.02021,-2.907441,3.401862,8092
18.1,-54.79498,0,0,-1.102995,-1.287992,-0.550373,-5.660264,-3.02021,-2.913049,3.237314,8080
18.12,-60.14984,0,0,-1.087523,-1.294401,0.5183294,-5.915071,-3.08769,-2.966721,3.030969,8100
18.14,-47.29494,0,0,-1.101815,-1.306897,-0.1534266,-6.572313,-2.95273,-2.873707,3.41026,8096
18.16,-51.99183,0,0,-1.097844,-1.313648,0.02977964,-5.721659,-3.02021,-2.900745,3.278098,8080
18.18,-58.98769,0,0,-1.136288,-1.330566,-0.4435031,-5.526346,-3.08769,-2.968047,2.881415,8100
18.2,-58.66122,0,0,-1.11156,-1.325198,0.4419934,-6.166713,-3.08769,-2.981187,2.994181,8100
18.22,-57.1989,0,0,-1.100102,-1.326319,0.1519171,-6.594005,-3.08769,-2.982058,3.070201,8088
18.24,-49.96565,0,0,-1.100449,-1.329519,-0.07709067,-6.722785,-3.02021,-2.92639,3.354077,8084
18.26,-49.51554,0,0,-1.09856,-1.326446,0.3656577,-6.080205,-3.02021,-2.909601,3.445887,8088
18.28,-38.68054,0,0,-1.102562,-1.311165,-0.107625,-5.583877,-2.88525,-2.796207,3.941449,8092
18.3,-52.53702,0,0,-1.104791,-1.296839,0.2893218,-4.168459,-3.02021,-2.876533,3.493365,8108
18.32,-55.71861,0,0,-1.120237,-1.2877,-0.01602192,-4.590486,-3.02021,-2.904032,3.296514,8100
18.34,-61.82314,0,0,-1.083498,-1.275688,1.846574,-5.306502,-3.08769,-2.9629,3.114478,8120
18.36,-60.72124,0,0,-1.11096,-1.302037,-1.16106,-6.329792,-3.08769,-2.984762,2.887369,8076
18.38,-51.94804,0,0,-1.125762,-1.332996,-0.8251827,-6.842826,-3.02021,-2.936054,3.081377,8084
18.4,-49.88457,0,0,-1.1322,-1.350333,0.3503905,-6.266647,-3.02021,-2.919706,3.184703,8100
18.42,-56.00397,0,0,-1.138068,-1.35252,-0.01602192,-5.656463,-3.08769,-2.96797,3.029045,8092
18.44,-50.4192,0,0,-1.136457,-1.34406,0.2129859,-5.866126,-3.02021,-2.924943,3.315279,8096
18.46,-49.99274,0,0,-1.129664,-1.336068,-0.2450293,-5.462271,-3.02021,-2.911577,3.413649,8084
18.48,-50.92575,0,0,-1.118756,-1.320133,0.5335966,-5.183255,-3.02021,-2.906629,3.479798,8088
18.5,-57.74084,0,0,-1.143724,-1.327018,-0.3213652,-5.034249,-3.08769,-2.965209,3.108685,8092
18.52,-51.82825,0,0,-1.132238,-1.322948,0.4419934,-5.648153,-3.02021,-2.924884,3.357569,8084
18.54,-44.88094,0,0,-1.12748,-1.321208,-0.1534266,-5.467425,-2.95273,-2.858285,3.642169,8092
18.56,-57.6033,0,0,-1.128109,-1.318987,0.2893218,-4.655155,-3.08769,-2.949859,3.191021,8080
18.58,-53.03385,0,0,-1.135437,-1.315662,0.1213828,-5.375951,-3.02021,-2.922467,3.313773,8080
18.6,-52.13918,0,0,-1.107339,-1.306821,1.098482,-5.473624,-3.02021,-2.911072,3.430782,8096
18.62,-52.11516,0,0,-1.138775,-1.321841,-0.6114421,-5.363854,-3.02021,-2.913515,3.274573,8068
18.64,-58.23237,0,0,-1.117584,-1.317156,0.3809245,-5.3481,-3.08769,-2.965063,3.130291,8104
18.66,-58.11014,0,0,-1.127832,-1.325113,-0.09235785,-5.929891,-3.08769,-2.980967,3.044239,8100
18.68,-50.65469,0,0,-1.121019,-1.3305,0.1519171,-6.314954,-3.02021,-2.928513,3.328219,8104
18.7,-49.54831,0,0,-1.142031,-1.344945,-0.2602969,-5.755982,-3.02021,-2.915868,3.313883,8096
18.72,-50.26223,0,0,-1.118601,-1.327888,0.6862684,-5.331242,-3.02021,-2.90742,3.473475,8084
18.74,-51.35137,0,0,-1.128458,-1.320482,-0.07709067,-5.099228,-3.02021,-2.907662,3.426337,8080
18.76,-52.24374,0,0,-1.111674,-1.305427,0.2435202,-5.10465,-3.02021,-2.906411,3.470944,8100
18.78,-52.81145,0,0,-1.118744,-1.30431,0.1519171,-5.184776,-3.02021,-2.90895,3.388172,8116
18.8,-53.0278,0,0,-1.114163,-1.303139,0.1213828,-5.309186,-3.02021,-2.909949,3.365451,8104
18.82,-52.99426,0,0,-1.123554,-1.310144,0.1061156,-5.388479,-3.02021,-2.912297,3.292048,8080
18.84,-52.8167,0,0,-1.124108,-1.314501,0.06031401,-5.433915,-3.02021,-2.91289,3.278788,8080
18.86,-52.74717,0,0,-1.11471,-1.311588,0.7015356,-5.47089,-3.02021,-2.911394,3.31699,8092
18.88,-58.73378,0,0,-1.122677,-1.318346,-0.4587703,-5.473553,-3.08769,-2.967112,3.03422,8080
18.9,-58.44912,0,0,-1.10988,-1.318143,0.5030622,-6.114445,-3.08769,-2.980018,3.060961,8088
18.92,-44.84975,0,0,-1.12586,-1.330898,-0.7641136,-6.455629,-2.95273,-2.875734,3.4867,8088
18.94,-50.0306,0,0,-1.122548,-1.332555,0.9458106,-5.316897,-3.02021,-2.899501,3.380382,8096
18.96,-57.8727,0,0,-1.136445,-1.329606,-0.01602192,-5.04902,-3.08769,-2.962697,3.086809,8088
18.98,-58.39474,0,0,-1.106759,-1.31323,1.006879,-5.748177,-3.08769,-2.975936,3.173156,8084
19,-51.09486,0,0,-1.135936,-1.331449,-0.9015187,-6.185361,-3.02021,-2.929945,3.264445,8080
19.02,-49.94493,0,0,-1.122112,-1.33251,0.8236728,-5.769465,-3.02021,-2.913469,3.396415,8096
19.04,-50.54482,0,0,-1.13054,-1.330199,-0.4587703,-5.351799,-3.02021,-2.909652,3.395601,8088
19.06,-57.44374,0,0,-1.122363,-1.3215,0.2740546,-5.164011,-3.08769,-2.962368,3.195636,8104
19.08,-51.80787,0,0,-1.129301,-1.321003,-0.4435031,-5.714898,-3.02021,-2.924054,3.354606,8072
19.1,-57.00813,0,0,-1.117418,-1.321755,0.6099325,-5.551146,-3.08769,-2.966399,3.185343,8104
19.12,-45.14204,0,0,-1.119972,-1.318775,-0.1534266,-5.948618,-2.95273,-2.869004,3.626431,8088
19.14,-50.93654,0,0,-1.105416,-1.310245,0.4267263,-5.060443,-3.02021,-2.894896,3.505216,8092
19.16,-52.92433,0,0,-1.116969,-1.303637,-0.1381594,-5.026251,-3.02021,-2.905327,3.399374,8108
19.18,-53.71051,0,0,-1.082849,-1.283077,1.648101,-5.302785,-3.02021,-2.904652,3.485476,8092
19.2,-53.93688,0,0,-1.103936,-1.291865,-1.038923,-5.51593,-3.02021,-2.910074,3.314655,8080
19.22,-53.84777,0,0,-1.084454,-1.288167,1.022146,-5.732422,-3.02021,-2.909122,3.35587,8104
19.24,-53.65672,0,0,-1.101416,-1.299632,-0.519839,-5.821979,-3.02021,-2.912122,3.24607,8120
19.26,-53.45983,0,0,-1.088437,-1.298251,0.6251997,-5.894439,-3.02021,-2.910588,3.294821,8108
19.28,-53.13011,0,0,-1.123779,-1.318418,-0.6114421,-5.824667,-3.02021,-2.915489,3.13961,8084
19.3,-52.78214,0,0,-1.109449,-1.316975,0.6099325,-5.777148,-3.02021,-2.913089,3.237087,8088
19.32,-46.66782,0,0,-1.11559,-1.315827,-0.2297625,-5.687266,-2.95273,-2.8581,3.475264,8092
19.34,-52.98808,0,0,-1.11398,-1.311602,0.4114593,-5.019507,-3.02021,-2.89735,3.289751,8080
19.36,-54.23667,0,0,-1.120657,-1.307694,0.2587874,-5.197206,-3.02021,-2.909866,3.225187,8084
19.38,-53.9299,0,0,-1.128655,-1.314312,-0.0007547362,-5.421185,-3.02021,-2.914942,3.171359,8084
19.4,-59.39566,0,0,-1.116198,-1.316164,0.304589,-5.577847,-3.08769,-2.968565,2.990867,8104
19.42,-52.72804,0,0,-1.115361,-1.319776,0.1519171,-6.230793,-3.02021,-2.927852,3.215469,8088
19.44,-51.2494,0,0,-1.120092,-1.329224,-0.5351062,-5.976233,-3.02021,-2.916176,3.255745,8084
19.46,-57.17952,0,0,-1.136516,-1.339824,0.2129859,-5.613421,-3.08769,-2.968788,2.999448,8084
19.48,-51.15025,0,0,-1.131057,-1.33638,-0.2450293,-5.976599,-3.02021,-2.926273,3.283065,8088
19.5,-50.22951,0,0,-1.141707,-1.342198,-0.09235785,-5.579523,-3.02021,-2.915266,3.306878,8084
19.52,-50.64107,0,0,-1.140533,-1.336814,-0.03128911,-5.222528,-3.02021,-2.911139,3.361808,8092
19.54,-51.29241,0,0,-1.142788,-1.330567,0.3503905,-5.021829,-3.02021,-2.910461,3.369096,8084
19.56,-51.84013,0,0,-1.138624,-1.323098,0.1366499,-4.967954,-3.02021,-2.910215,3.382295,8088
19.58,-52.13048,0,0,-1.147485,-1.324684,0.2435202,-4.965627,-3.02021,-2.912284,3.326113,8100
19.6,-52.23513,0,0,-1.141001,-1.321911,0.1366499,-5.011079,-3.02021,-2.912094,3.34286,8076
19.62,-58.24566,0,0,-1.147892,-1.328401,0.1213828,-5.040015,-3.08769,-2.96813,3.059137,8092
19.64,-45.8275,0,0,-1.147454,-1.329593,0.09084838,-5.654093,-2.95273,-2.87361,3.513333,8096
19.66,-44.87523,0,0,-1.14277,-1.328226,0.3198562,-4.818931,-2.95273,-2.846246,3.611284,8096
19.68,-52.60922,0,0,-1.153952,-1.323096,-0.3671672,-4.141523,-3.02021,-2.895645,3.334674,8104
19.7,-54.31898,0,0,-1.123382,-1.299018,1.495429,-4.560421,-3.02021,-2.906018,3.397454,8112
19.72,-48.58842,0,0,-1.097012,-1.279918,1.022146,-5.089503,-2.95273,-2.852756,3.664012,8092
19.74,-54.93559,0,0,-1.076042,-1.268167,0.6251997,-4.934567,-3.02021,-2.892371,3.450949,8100
19.76,-56.13357,0,0,-1.069602,-1.262393,0.4572606,-5.496901,-3.02021,-2.905092,3.347567,8092
19.78,-55.71165,0,0,-1.076074,-1.273713,-0.07709067,-5.977655,-3.02021,-2.911413,3.22558,8100
19.8,-54.85073,0,0,-1.079905,-1.287729,0.2129859,-6.2408,-3.02021,-2.913685,3.17154,8080
19.82,-54.11069,0,0,-1.079767,-1.296725,-0.03128911,-6.324268,-3.02021,-2.913312,3.175182,8088
19.84,-47.73235,0,0,-1.071295,-1.293378,0.2435202,-6.319029,-2.95273,-2.856266,3.471386,8088
19.86,-59.94697,0,0,-1.07727,-1.296592,-0.09235785,-5.666827,-3.08769,-2.950919,3.004071,8076
19.88,-54.86304,0,0,-1.071724,-1.290296,1.006879,-6.47664,-3.02021,-2.921579,3.205717,8088
19.9,-53.44951,0,0,-1.075203,-1.298821,-0.8557167,-6.494301,-3.02021,-2.91398,3.209087,8092
19.92,-53.1919,0,0,-1.070024,-1.298514,0.8694746,-6.374168,-3.02021,-2.910238,3.25857,8084
19.94,-59.29774,0,0,-1.07649,-1.302789,-0.4740371,-6.256161,-3.08769,-2.96461,3.005203,8084
19.96,-53.10329,0,0,-1.076092,-1.303746,0.2587874,-6.788724,-3.02021,-2.924245,3.23195,8080
19.98,-51.8538,0,0,-1.090991,-1.316271,-0.4435031,-6.474445,-3.02021,-2.914465,3.224631,8084
20,-46.02475,0,0,-1.082,-1.307333,0.6099325,-6.15252,-2.95273,-2.854322,3.557876,8080
20.02,-52.94723,0,0,-1.083112,-1.298115,-0.1228922,-5.354291,-3.02021,-2.89305,3.357378,8088
20.04,-48.73015,0,0,-1.080675,-1.282688,0.7015356,-5.527251,-2.95273,-2.850118,3.554505,8108
20.06,-61.31062,0,0,-1.069071,-1.275863,0.2435202,-5.26654,-3.08769,-2.947936,3.093265,8088
20.08,-49.82645,0,0,-1.091134,-1.284669,0.1366499,-6.295134,-2.95273,-2.870359,3.36027,8104
20.1,-54.14655,0,0,-1.080462,-1.293162,-0.06182348,-5.851066,-3.02021,-2.901573,3.208349,8096
20.12,-54.46547,0,0,-1.116198,-1.312528,-0.4282355,-5.889462,-3.02021,-2.91498,3.043544,8080
20.14,-47.94112,0,0,-1.087063,-1.301734,0.7015356,-6.01508,-2.95273,-2.857844,3.444362,8096
20.16,-53.95756,0,0,-1.092445,-1.300671,0.304589,-5.433446,-3.02021,-2.897749,3.223868,8120
20.18,-55.13562,0,0,-1.075633,-1.286049,0.3198562,-5.702191,-3.02021,-2.906727,3.262565,8096
20.2,-55.06721,0,0,-1.071756,-1.283252,0.1977187,-6.016948,-3.02021,-2.909873,3.238176,8096
20.22,-54.63287,0,0,-1.075491,-1.289196,-0.07709067,-6.210556,-3.02021,-2.911811,3.197572,8088
20.24,-54.02718,0,0,-1.092484,-1.30375,-0.1381594,-6.245983,-3.02021,-2.914473,3.12688,8096
20.26,-53.52187,0,0,-1.087429,-1.306713,0.1977187,-6.216812,-3.02021,-2.913039,3.181098,8076
20.28,-53.29556,0,0,-1.088455,-1.307526,0.06031401,-6.142027,-3.02021,-2.911941,3.207003,8080
20.3,-53.27239,0,0,-1.08478,-1.304374,0.04504682,-6.079049,-3.02021,-2.910587,3.246597,8092
20.32,-53.35693,0,0,-1.084154,-1.301722,0.2893218,-6.037535,-3.02021,-2.910061,3.260835,8084
20.34,-53.42445,0,0,-1.086711,-1.301485,0.02977964,-6.012218,-3.02021,-2.910387,3.254195,8076
20.36,-47.43755,0,0,-1.087029,-1.298292,0.1519171,-5.995173,-2.95273,-2.855796,3.497609,8096
20.38,-53.81801,0,0,-1.081715,-1.292495,0.1061156,-5.400096,-3.02021,-2.895021,3.308685,8080
20.4,-55.16206,0,0,-1.079481,-1.284255,0.1519171,-5.657934,-3.02021,-2.906622,3.263023,8084
20.42,-60.95074,0,0,-1.088603,-1.294109,0.06031401,-5.949802,-3.08769,-2.96696,2.939542,8088
20.44,-53.98461,0,0,-1.088641,-1.303792,0.2893218,-6.720284,-3.02021,-2.928198,3.144969,8100
20.46,-58.11008,0,0,-1.099528,-1.323609,-0.1686933,-6.500569,-3.08769,-2.972176,2.921728,8092
20.48,-51.52074,0,0,-1.099769,-1.327897,0.1519171,-6.757021,-3.02021,-2.927157,3.205504,8088
20.5,-44.65082,0,0,-1.090984,-1.320878,-0.1992282,-6.277201,-2.95273,-2.856964,3.579617,8080
20.52,-51.70214,0,0,-1.095065,-1.31078,0.2587874,-5.259234,-3.02021,-2.892933,3.394625,8108
20.54,-59.82473,0,0,-1.097161,-1.299955,-0.04655629,-5.298721,-3.08769,-2.959249,3.103485,8076
20.56,-54.19198,0,0,-1.062416,-1.279892,1.892376,-6.242251,-3.02021,-2.918974,3.409791,8096
20.58,-52.94269,0,0,-1.094344,-1.30071,-1.405335,-6.219485,-3.02021,-2.914227,3.247905,8076
20.6,-52.52071,0,0,-1.10909,-1.315919,-0.3213652,-6.029011,-3.02021,-2.914039,3.204253,8096
20.62,-52.48643,0,0,-1.099022,-1.312934,0.2587874,-5.88165,-3.02021,-2.91104,3.282525,8112
20.64,-52.65424,0,0,-1.106569,-1.313561,0.1671843,-5.75987,-3.02021,-2.91115,3.265911,8096
20.66,-58.84306,0,0,-1.101473,-1.312051,0.1671843,-5.715788,-3.08769,-2.964985,3.05707,8100
20.68,-46.70725,0,0,-1.098068,-1.307391,0.4877952,-6.310457,-2.95273,-2.869799,3.523789,8088
20.7,-51.9213,0,0,-1.099951,-1.310209,-0.1686933,-5.481001,-3.02021,-2.898506,3.341883,8088
20.72,-53.63503,0,0,-1.074964,-1.288126,1.144284,-5.524803,-3.02021,-2.903033,3.422784,8096
20.74,-54.20151,0,0,-1.085233,-1.287191,-0.6572433,-5.707291,-3.02021,-2.907977,3.318334,8084
20.76,-48.31072,0,0,-1.065409,-1.276288,0.5488637,-5.936109,-2.95273,-2.852644,3.600012,8088
20.78,-48.56623,0,0,-1.077321,-1.278226,-0.3366328,-5.463541,-2.95273,-2.840704,3.531385,8092
20.8,-62.01562,0,0,-1.065792,-1.27138,0.8389403,-5.218768,-3.08769,-2.946373,3.05703,8088
20.82,-56.58241,0,0,-1.076778,-1.277793,-0.3824344,-6.383071,-3.02021,-2.923989,3.121127,8088
20.84,-60.42772,0,0,-1.074084,-1.296202,-0.01602192,-6.62049,-3.08769,-2.971629,2.894672,8080
20.86,-58.99869,0,0,-1.102356,-1.325554,-0.596175,-7.081896,-3.08769,-2.98695,2.784878,8088
20.88,-57.01837,0,0,-1.07607,-1.328384,0.6557342,-7.30656,-3.08769,-2.983436,2.989102,8088
20.9,-49.7269,0,0,-1.088952,-1.335528,-0.183961,-7.211879,-3.02021,-2.927291,3.265337,8072
20.92,-55.4762,0,0,-1.07234,-1.325036,0.3656577,-6.460023,-3.08769,-2.962058,3.216412,8080
20.94,-50.56345,0,0,-1.087572,-1.318588,0.09084838,-6.495728,-3.02021,-2.919249,3.40228,8084
20.96,-56.89861,0,0,-1.053816,-1.297157,1.251154,-6.12496,-3.08769,-2.957366,3.344705,8092
20.98,-51.93771,0,0,-1.072144,-1.294766,-0.4740371,-6.469877,-3.02021,-2.917814,3.44189,8116
21,-51.79369,0,0,-1.055878,-1.28676,0.4725278,-6.244148,-3.02021,-2.905284,3.509818,8100
21.02,-609.1635,8,0,-1.067628,-1.286661,-0.03128911,-6.04963,-3.02021,-2.904928,3.42474,8088
21.04,-465.7295,8,0,-1.055769,-1.880423,0.3961921,-62.80952,-2.95273,-2.859647,2.021004,8096
21.06,-360.0331,8,0,-1.08922,-2.92982,-0.9167854,-85.82032,-2.95273,-2.826715,0.270309,8100
21.08,-295.6059,8,0,-1.278144,-3.736077,-13.49694,-89.54201,-3.02021,-2.805158,0.5496917,8092
21.1,-251.7281,8,0,-1.897387,-4.403827,-33.71069,-83.45563,-3.02021,-2.78869,0.6059575,8116
21.12,-225.7216,8,0,-2.882046,-5.080633,-58.39772,-71.94257,-3.08769,-2.882091,-0.3162065,8088
21.14,-188.9384,8,0,-4.256953,-5.897303,-75.16109,-57.51038,-3.02021,-2.944217,-1.724663,8092
21.16,-237.2381,8,0,-5.817131,-6.85933,-81.58856,-39.55842,-3.96493,-3.822726,-6.551744,8084
21.18,-195.8516,8,0,-7.237996,-7.761539,-68.41299,-28.11298,-3.96493,-4.111485,-6.901828,8148
21.2,-93.22699,8,0,-7.549048,-8.030863,28.04506,-14.98495,-3.357609,-3.564275,0.6765949,8148
21.22,-130.9955,8,0,-7.361684,-7.760187,9.434362,3.714693,-4.03241,-3.799946,5.299646,8116
21.24,48.3421,8,0,-7.39756,-7.299677,-10.3061,12.58063,-1.940529,-2.11244,16.38307,8164
21.26,-151.1174,8,0,-7.236351,-6.842095,23.66337,35.84985,-4.03241,-3.305018,12.87068,8044
21.28,-144.9521,8,0,-5.833514,-5.623915,56.85423,27.14989,-3.357609,-2.902647,20.83347,8164
21.3,-27.92828,8,0,-4.671579,-4.562834,50.31987,18.41759,-1.738089,-1.406117,29.4694,8112
21.32,-149.7617,8,0,-4.121844,-3.944808,25.17483,22.40192,-2.68281,-1.808768,25.5151,8020
21.34,-145.4538,8,0,-4.141318,-3.725288,-3.145794,12.57283,-2.075489,-1.556547,22.95971,8072
21.36,-235.8601,8,0,9.172138,3.625955,19.54803,-30.80562,-1.670609,0.7099701,75.48061,8036
21.38,-452.2393,8,0,8.227628,5.179149,5.022148,-69.11604,-2.075489,0.1451392,50.12443,10696
21.4,-482.2825,8,0,7.381082,4.523847,-10.67251,-114.8492,-1.46817,-0.1226411,30.44743,8044
21.42,-405.0782,8,0,6.135749,2.814139,-30.38244,-144.6861,-0.7258892,0.01393908,15.84619,7996
21.44,-419.3813,8,0,4.525477,0.7709487,-51.20688,-151.7477,-1.40069,-0.7558238,1.147572,7952
21.46,-394.6241,8,0,2.475581,-1.321762,-68.7794,-151.4689,-1.738089,-1.448196,-9.57744,7992
21.48,-228.2572,8,0,0.3641331,-3.24985,-76.6878,-141.9941,-0.7258892,-0.9468304,-11.38065,8032
21.5,-135.5422,8,0,-1.485813,-4.744696,-72.41299,-112.8959,-0.5234499,-0.6837206,-11.11438,7952
21.52,-141.2411,8,0,-3.339941,-5.840705,-69.22215,-78.37801,-1.06329,-1.091627,-12.37235,7952
21.54,4.98761,8,0,-4.546311,-6.319274,-9.2832,-51.98823,0.2863102,-0.07630898,-4.371684,7980
21.56,16.92279,8,0,-4.65833,-6.024671,12.88475,-19.05082,0.2863102,0.3509342,3.281926,7912
21.58,72.92096,8,0,-4.228484,-5.079972,43.41911,2.932932,1.298511,1.423876,13.7742,7896
21.6,-10.62726,8,0,-3.411142,-3.872995,54.41148,20.60614,0.9611101,1.539248,18.15811,7852
21.62,94.4173,8,0,-2.679539,-2.68929,71.78553,21.61024,2.918031,3.162623,26.67849,7888
21.64,-5.199341,8,0,-1.472035,-1.488456,72.45729,29.03848,2.51315,3.317449,27.55445,7744
21.66,-14.26593,8,0,-0.2905552,-0.2925135,80.44202,20.19927,3.39039,4.061325,29.88213,7776
21.68,-29.8103,8,0,0.9200448,0.7092398,79.99928,9.567661,3.99771,4.729263,30.29567,7744
21.7,-46.2868,8,0,2.259297,1.669548,78.83896,-3.209374,4.60503,5.390849,30.43529,7704
21.72,-51.66873,8,0,2.955163,2.22121,38.38094,-15.6974,5.27983,6.002616,27.54275,7672
21.74,-23.64734,8,0,2.828161,2.174992,5.342759,-24.40038,6.15707,6.670644,22.44155,7616
21.76,-49.95752,8,0,2.904,2.061392,6.961079,-27.60307,6.29203,6.842751,17.23315,7572
21.78,7.013184,8,0,2.580524,1.789226,-7.466405,-31.40876,7.30423,7.561143,14.38141,7544
21.8,-15.64526,8,0,2.490345,1.595341,4.762606,-27.86174,7.30423,7.678611,10.63129,7512
21.82,40.3916,8,0,2.261576,1.4584,-3.695412,-27.02237,8.24895,8.388008,10.08111,7504
21.84,22.77612,8,0,2.389936,1.520954,14.59467,-21.11543,8.31643,8.611418,8.884573,7460
21.86,-16.08051,8,0,2.336968,1.58336,5.28169,-18.86463,8.24895,8.554258,6.109988,7448
21.88,73.3764,8,0,2.444264,1.721536,21.70918,-21.52278,9.531071,9.540614,8.7998,7456
21.9,82.82513,8,0,2.660847,1.923995,14.12139,-14.88408,9.86847,10.06395,9.285025,7352
21.92,44.5946,8,0,2.651381,2.099511,3.617567,-9.573307,9.86847,10.14042,7.051124,7344
21.94,122.0928,8,0,2.912423,2.41532,22.68628,-10.60251,11.15059,11.17149,10.12863,7348
21.96,119.0875,8,0,3.259885,2.775523,25.19009,-4.525008,11.48799,11.7021,10.47442,7280
21.98,-21.67401,8,0,3.744928,3.224164,31.61758,-2.387905,10.47579,11.00591,5.753796,7232
22,-41.98108,8,0,4.325306,3.655142,35.77025,-17.00481,10.74571,11.01325,4.679056,7304
22.02,85.99768,8,0,4.408454,3.680139,3.892376,-29.08231,12.29775,12.18792,6.561559,7296
22.04,62.13788,8,0,3.61097,3.122899,-39.49695,-22.01074,12.02783,12.11252,0.0006726384,7192
22.06,113.4094,8,0,2.51562,2.408376,-21.1458,-16.40173,12.70263,12.46932,-3.499555,7204
22.08,83.49786,8,0,3.061697,2.541431,24.59467,-8.763042,12.43271,12.4639,-1.711435,7164
22.1,6.693176,8,0,3.189954,2.73556,6.274056,-7.167871,11.82539,11.97193,-4.013923,7180
22.12,70.55829,8,0,3.438751,2.955622,24.15192,-14.57279,12.70263,12.55226,-1.21707,7220
22.14,123.5591,8,0,3.520122,3.03893,2.503063,-13.30556,13.30995,13.18324,0.455286,7180
22.16,4.432312,8,0,2.961802,2.761229,-22.38244,-5.689056,12.09531,12.25963,-6.948047,7132
22.18,69.65387,8,0,3.160544,2.832537,14.3962,-13.04831,12.97255,12.74495,-3.989084,7216
22.2,86.72375,8,0,3.460942,2.962791,13.5565,-12.20814,13.10751,13.02324,-2.470056,7156
22.22,73.94928,8,0,2.986407,2.76953,-23.25267,-8.655396,13.04003,12.95337,-5.265433,7140
22.24,41.02521,8,0,2.630329,2.525557,1.144284,-6.548641,12.70263,12.60909,-8.154294,7168
22.26,48.30939,8,0,2.849776,2.564664,11.34276,-8.992211,12.77011,12.61904,-6.883296,7176
22.28,48.36353,8,0,2.76135,2.495502,0.5793981,-9.65552,12.70263,12.55822,-7.365901,7176
22.3,53.42145,8,0,2.73445,2.443862,-1.344267,-9.989177,12.70263,12.547,-7.215572,7192
22.32,89.07031,8,0,2.578495,2.35088,-4.214497,-9.211134,13.04003,12.80506,-6.295415,7184
22.34,86.66144,8,0,2.477787,2.294352,-2.718313,-4.771239,12.97255,12.82064,-6.273156,7152
22.36,88.80676,8,0,2.414867,2.309426,-1.054191,-1.850029,13.04003,12.88044,-5.829192,7168
22.38,78.13574,8,0,2.500159,2.408395,5.678637,0.06617123,12.97255,12.85801,-5.410111,7152
22.4,77.29944,8,0,2.689371,2.578362,10.31986,-0.2956516,13.04003,12.92793,-4.450891,7180
22.42,65.47955,8,0,2.780373,2.685839,5.358026,-0.9471266,12.97255,12.88932,-4.686435,7160
22.44,61.00183,8,0,2.80741,2.722933,4.747338,-2.696781,12.97255,12.8662,-5.128822,7184
22.46,66.28864,8,0,2.81138,2.710356,1.052681,-4.338309,13.04003,12.90415,-5.342641,7168
22.48,73.58691,8,0,2.739117,2.644762,-1.038923,-4.687216,13.10751,12.95342,-5.684025,7176
22.5,68.18567,8,0,2.723179,2.606123,-0.4129688,-4.119781,13.04003,12.9109,-6.06014,7164
22.52,73.63379,8,0,2.700273,2.585819,0.304589,-4.204443,13.10751,12.95174,-5.977512,7156
22.54,74.15356,8,0,2.669294,2.56301,-0.2297625,-3.615535,13.10751,12.95949,-6.07841,7160
22.56,73.60474,8,0,2.661395,2.559266,0.01451245,-3.139844,13.10751,12.96199,-6.07051,7164
22.58,61.0575,8,0,2.636772,2.545383,0.01451245,-2.820449,12.97255,12.85007,-6.633517,7176
22.6,67.49219,8,0,2.627019,2.533651,0.1366499,-3.838693,13.04003,12.87397,-6.460383,7168
22.62,76.42981,8,0,2.602513,2.507189,-0.8862511,-3.786335,13.10751,12.93443,-6.221703,7156
22.64,77.6933,8,0,2.577653,2.490489,0.3961921,-2.766654,13.10751,12.95134,-6.153957,7160
22.66,70.91016,8,0,2.56674,2.492216,0.1977187,-1.927854,13.04003,12.90256,-6.307693,7168
22.68,75.98138,8,0,2.576729,2.510037,0.6404669,-2.077121,13.10751,12.94647,-5.980739,7152
22.7,70.1723,8,0,2.565791,2.509485,-0.06182348,-1.645192,13.04003,12.90193,-6.212739,7156
22.72,75.78503,8,0,2.557138,2.510119,0.2587874,-1.914553,13.10751,12.94335,-6.010732,7172
22.74,64.44202,8,0,2.545645,2.498006,-0.06182348,-1.50622,12.97255,12.8442,-6.486554,7164
22.76,64.72345,8,0,2.526222,2.480937,0.07558119,-2.323101,12.97255,12.81548,-6.584039,7160
22.78,79.50702,8,0,2.51839,2.463402,0.09084838,-2.797697,13.10751,12.91903,-6.057307,7168
22.8,75.41235,8,0,2.502328,2.448105,0.1519171,-1.57151,13.04003,12.89418,-6.171061,7172
22.82,74.27319,8,0,2.496205,2.455385,0.2435202,-1.145192,13.04003,12.88904,-6.099046,7168
22.84,73.82733,8,0,2.503837,2.468673,0.3198562,-0.9998026,13.04003,12.88954,-6.006693,7172
22.86,67.66437,8,0,2.491015,2.465971,0.02977964,-0.9230263,12.97255,12.83284,-6.276814,7172
22.88,-16.0213,8,0,2.48682,2.418767,0.07558119,-1.5691,12.02783,12.05146,-9.674348,7184
22.9,-9.756287,8,0,2.486299,2.331075,0.1671843,-10.44955,12.02783,11.8431,-10.02188,7216
22.92,14.06256,8,0,2.455991,2.146757,-1.359534,-15.61203,12.02783,11.8011,-9.767109,7236
22.94,37.54565,8,0,2.091737,1.810499,-23.37481,-15.54853,12.02783,11.76827,-10.33485,7228
22.96,167.7521,8,0,1.494226,1.420457,-26.59618,-11.21326,13.24247,12.70498,-6.886798,7216
22.98,192.1877,8,0,1.188648,1.269481,-13.83282,5.880101,13.37743,13.08635,-4.939415,7148
23,59.42621,8,0,1.0879,1.389871,-4.275566,19.97734,12.09531,12.17148,-8.014991,7128
23.02,115.7212,8,0,1.419871,1.790786,20.3962,15.05056,12.97255,12.68436,-3.305513,7200
23.04,117.6843,8,0,2.079965,2.282926,26.65574,15.48066,13.04003,12.95686,-0.1657259,7144
23.06,99.17407,8,0,2.167744,2.530982,4.747338,15.53157,13.04003,12.99656,-0.8237466,7132
23.08,81.89148,8,0,2.453577,2.770772,24.62521,12.79111,13.04003,13.00559,-1.023072,7156
23.1,61.76923,8,0,2.833319,3.012908,14.16719,8.047457,12.97255,12.96476,-1.326373,7156
23.12,53.45093,8,0,2.829203,3.011011,0.3351234,2.757481,12.97255,12.90611,-3.185233,7152
23.14,58.75629,8,0,2.874048,2.94384,0.6710012,-1.739681,13.04003,12.92475,-4.133674,7152
23.16,56.0415,8,0,2.749022,2.774152,-6.550376,-3.839912,12.97255,12.84381,-5.778356,7164
23.18,-22.94,8,0,2.57962,2.535215,-7.756482,-5.068911,12.02783,12.03276,-10.25415,7156
23.2,108.2147,8,0,2.523232,2.392827,-2.351901,-13.5118,13.37743,12.91359,-5.950224,7196
23.22,129.7977,8,0,2.315785,2.183617,-14.22977,-5.226956,13.37743,13.14938,-5.628303,7144
23.24,29.86249,8,0,1.808131,1.919366,-20.48931,3.880448,12.29775,12.28722,-10.62315,7124
23.26,37.12335,8,0,2.09982,2.058867,20.93055,-0.8622099,12.43271,12.23275,-8.408398,7208
23.28,46.48004,8,0,2.464004,2.250389,15.43436,-4.350656,12.43271,12.28099,-6.39778,7208
23.3,77.72046,8,0,2.22034,2.155077,-15.83282,-5.091472,12.70263,12.47303,-6.297091,7176
23.32,84.80927,8,0,2.03023,2.023583,-4.061825,-1.853696,12.70263,12.51002,-6.49823,7176
23.34,84.90656,8,0,2.047563,2.039179,-4.825184,1.026144,12.70263,12.5403,-5.776613,7196
23.36,82.63049,8,0,1.978003,2.053411,3.022147,3.147,12.70263,12.54484,-5.665697,7200
23.38,79.17297,8,0,2.122097,2.171986,5.373293,3.924495,12.70263,12.57043,-4.810141,7192
23.4,74.55298,8,0,2.224916,2.285857,6.075583,3.761675,12.70263,12.58524,-4.454247,7196
23.42,70.61237,8,0,2.266128,2.347099,1.388559,3.026485,12.70263,12.58347,-4.572242,7176
23.44,74.05084,8,0,2.325534,2.391777,2.609933,1.952771,12.77011,12.63632,-4.423202,7200
23.46,66.36444,8,0,2.345371,2.401867,0.3961921,1.504413,12.70263,12.59002,-4.898047,7196
23.48,70.85077,8,0,2.348891,2.39707,-0.3671672,0.4177574,12.77011,12.62596,-4.969004,7184
23.5,65.05157,8,0,2.356669,2.381827,-0.1686933,0.1196419,12.70263,12.57843,-5.372653,7188
23.52,64.81049,8,0,2.356345,2.366196,0.1824515,-0.6608132,12.70263,12.56325,-5.553286,7184
23.54,65.88123,8,0,2.361787,2.350267,0.1213828,-1.21553,12.70263,12.55939,-5.623555,7184
23.56,66.8299,8,0,2.375152,2.343311,0.2740546,-1.508609,12.70263,12.56086,-5.601839,7188
23.58,67.29163,8,0,2.385836,2.342516,0.2282531,-1.635323,12.70263,12.56321,-5.571004,7172
23.6,67.42859,8,0,2.387009,2.341142,0.2282531,-1.676125,12.70263,12.56396,-5.577845,7184
23.62,67.44244,8,0,2.388646,2.340931,0.1824515,-1.693598,12.70263,12.56434,-5.578909,7188
23.64,61.34375,8,0,2.396897,2.342235,0.1824515,-1.733048,12.63515,12.51084,-5.793274,7196
23.66,73.54346,8,0,2.398325,2.344408,0.1671843,-2.368787,12.77011,12.60559,-5.349004,7196
23.68,74.35583,8,0,2.402097,2.346038,-0.2144953,-1.568999,12.77011,12.63232,-5.272417,7164
23.7,66.43005,8,0,2.409043,2.360659,0.6710012,-0.9801754,12.70263,12.58511,-5.488233,7180
23.72,64.78381,8,0,2.40437,2.367229,-0.2144953,-1.382813,12.70263,12.56911,-5.603207,7188
23.74,65.01251,8,0,2.414092,2.367555,0.3656577,-1.847773,12.70263,12.56472,-5.629386,7184
23.76,71.69434,8,0,2.408674,2.360309,-0.03128911,-2.113587,12.77011,12.6169,-5.449685,7176
23.78,66.00397,8,0,2.411416,2.356564,0.2129859,-1.625717,12.70263,12.57721,-5.654008,7180
23.8,71.23401,8,0,2.40276,2.356736,0.1519171,-1.844931,12.77011,12.61952,-5.486068,7180
23.82,65.35223,8,0,2.411228,2.358837,0.09084838,-1.491632,12.70263,12.57755,-5.672821,7196
23.84,70.51154,8,0,2.427584,2.37299,0.2740546,-1.891952,12.77011,12.62253,-5.411152,7192
23.86,64.56927,8,0,2.428741,2.373554,0.09084838,-1.651465,12.70263,12.57896,-5.662486,7160
23.88,63.89166,8,0,2.436244,2.377366,0.2740546,-2.114132,12.70263,12.56714,-5.697293,7192
23.9,64.60883,8,0,2.42767,2.366251,0.06031401,-2.468734,12.70263,12.56202,-5.772334,7180
23.92,65.62305,8,0,2.417399,2.351097,0.07558119,-2.599637,12.70263,12.55997,-5.808615,7204
23.94,72.46869,8,0,2.413619,2.344715,0.1519171,-2.561598,12.77011,12.61528,-5.541225,7180
23.96,66.59283,8,0,2.415903,2.346153,0.1213828,-1.85324,12.70263,12.57737,-5.693137,7192
23.98,65.4007,8,0,2.424155,2.35833,0.1671843,-1.999345,12.70263,12.56818,-5.667541,7196
24,65.4361,8,0,2.428051,2.362164,0.07558119,-2.232777,12.70263,12.56544,-5.6701,7204
24.02,65.72626,8,0,2.434237,2.363465,0.1213828,-2.403506,12.70263,12.56528,-5.655931,7204
24.04,71.97382,8,0,2.437625,2.366287,0.07558119,-2.491718,12.77011,12.62034,-5.407178,7180
24.06,65.79901,8,0,2.437983,2.367689,0.1061156,-1.926469,12.70263,12.58049,-5.621807,7184
24.08,64.67267,8,0,2.434367,2.370627,0.09084838,-2.165377,12.70263,12.56821,-5.685305,7180
24.1,70.85345,8,0,2.450708,2.379184,0.1671843,-2.479297,12.77011,12.62143,-5.405494,7192
24.12,64.91718,8,0,2.446821,2.376835,0.02977964,-2.061623,12.70263,12.57988,-5.660543,7184
24.14,58.0105,8,0,2.453481,2.378931,0.01451245,-2.40828,12.63515,12.51408,-5.927735,7176
24.16,58.76727,8,0,2.450972,2.367965,-0.0007547362,-3.332257,12.63515,12.49529,-6.002693,7196
24.18,61.09869,8,0,2.441705,2.344619,-0.6572433,-3.841253,12.63515,12.49033,-6.024838,7188
24.2,69.38135,8,0,2.411342,2.315365,-1.176328,-3.84423,12.70263,12.54247,-5.824698,7192
24.22,71.11896,8,0,2.356802,2.279722,-3.176328,-2.843739,12.70263,12.55305,-5.878171,7176
24.24,71.3045,8,0,2.317935,2.261507,0.7931387,-1.878139,12.70263,12.55503,-5.856323,7176
24.26,70.78387,8,0,2.337643,2.28115,-0.183961,-1.262933,12.70263,12.56225,-5.61237,7184
24.28,69.97186,8,0,2.325169,2.291582,0.7778715,-0.8773556,12.70263,12.56274,-5.590557,7180
24.3,69.28625,8,0,2.335586,2.307149,-0.3519,-0.7351803,12.70263,12.56427,-5.510717,7188
24.32,74.7171,8,0,2.343422,2.32235,0.304589,-0.7312329,12.77011,12.61961,-5.23993,7172
24.34,68.1983,8,0,2.322114,2.317389,0.1977187,-0.1314094,12.70263,12.57546,-5.565914,7168
24.36,66.99469,8,0,2.334376,2.326946,0.4572606,-0.4241073,12.70263,12.56452,-5.562704,7188
24.38,67.07953,8,0,2.349052,2.33334,1.11375,-0.7857475,12.70263,12.56266,-5.545478,7188
24.4,67.43121,8,0,2.348186,2.329652,-0.4587703,-1.018366,12.70263,12.56116,-5.586292,7200
24.42,67.90283,8,0,2.338533,2.319354,0.4114593,-1.109602,12.70263,12.5593,-5.641164,7172
24.44,74.3833,8,0,2.332908,2.313995,-0.06182348,-1.096915,12.77011,12.61349,-5.410486,7204
24.46,68.31805,8,0,2.338798,2.31709,0.2740546,-0.4530727,12.70263,12.57521,-5.572699,7184
24.48,73.02362,8,0,2.350095,2.333293,0.04504682,-0.6644741,12.77011,12.62053,-5.317058,7200
24.5,66.68591,8,0,2.353469,2.338557,0.3351234,-0.3509355,12.70263,12.57721,-5.556218,7208
24.52,65.91583,8,0,2.338417,2.332507,-0.03128911,-0.7437338,12.70263,12.56166,-5.692954,7184
24.54,66.64136,8,0,2.346933,2.328086,0.07558119,-1.105132,12.70263,12.55874,-5.681005,7220
24.56,67.41925,8,0,2.350749,2.32332,0.304589,-1.281541,12.70263,12.55906,-5.663693,7184
24.58,67.97705,8,0,2.347556,2.317496,0.06031401,-1.309577,12.70263,12.55938,-5.661469,7184
24.6,74.35284,8,0,2.343478,2.315879,0.1061156,-1.251896,12.77011,12.61442,-5.411383,7184
24.62,74.14569,8,0,2.352495,2.325756,0.1824515,-0.5925646,12.77011,12.63136,-5.316892,7176
24.64,66.43939,8,0,2.358202,2.34005,0.1519171,-0.2000609,12.70263,12.58096,-5.544493,7180
24.66,65.20789,8,0,2.36047,2.347471,0.01451245,-0.730499,12.70263,12.56535,-5.624117,7180
24.68,71.88745,8,0,2.353265,2.339947,0.06031401,-1.18543,12.77011,12.61351,-5.470737,7188
24.7,66.66046,8,0,2.345866,2.327475,0.1824515,-0.7953911,12.70263,12.57125,-5.720464,7176
24.72,66.29816,8,0,2.347508,2.325884,0.1366499,-1.064469,12.70263,12.56059,-5.729743,7188
24.74,67.03186,8,0,2.343057,2.318356,0.1366499,-1.267318,12.70263,12.55755,-5.74225,7184
24.76,67.83014,8,0,2.339974,2.31112,-0.0007547362,-1.316594,12.70263,12.55741,-5.724051,7200
24.78,74.43402,8,0,2.333672,2.307614,0.1519171,-1.241844,12.77011,12.61248,-5.465333,7204
24.8,68.41425,8,0,2.337074,2.311209,0.07558119,-0.537688,12.70263,12.57438,-5.615853,7172
24.82,67.23645,8,0,2.335343,2.318494,0.1213828,-0.6741143,12.70263,12.56342,-5.637519,7180
24.84,61.45502,8,0,2.330383,2.312733,0.02977964,-0.8792363,12.63515,12.50454,-5.910262,7184
24.86,68.36145,8,0,2.326228,2.303819,-0.0007547362,-1.581025,12.70263,12.54321,-5.704614,7200
24.88,76.06708,8,0,2.332641,2.300853,0.02977964,-1.357715,12.77011,12.61132,-5.361153,7180
24.9,69.69391,8,0,2.336753,2.308165,0.07558119,-0.4452329,12.70263,12.57691,-5.500619,7176
24.92,67.93732,8,0,2.334402,2.31954,0.2587874,-0.4783427,12.70263,12.56628,-5.536368,7184
24.94,67.57794,8,0,2.347167,2.329306,0.1366499,-0.7182167,12.70263,12.56406,-5.516909,7184
24.96,73.63031,8,0,2.349003,2.332968,0.1519171,-0.9172509,12.77011,12.61731,-5.305886,7184
24.98,67.51019,8,0,2.347507,2.33171,0.01451245,-0.4409217,12.70263,12.5762,-5.550427,7172
25,66.47955,8,0,2.348948,2.335013,0.2740546,-0.7467856,12.70263,12.56428,-5.603087,7200
25.02,66.89844,8,0,2.342079,2.326861,0.1671843,-1.037192,12.70263,12.55936,-5.668916,7200
25.04,67.58203,8,0,2.34516,2.321086,0.01451245,-1.193938,12.70263,12.55901,-5.657058,7208
25.06,68.08667,8,0,2.345441,2.317035,0.1824515,-1.227751,12.70263,12.5597,-5.641172,7212
25.08,56.31738,8,0,2.349751,2.311908,-0.01602192,-1.221951,12.56767,12.45179,-6.085384,7172
25.1,63.05682,8,0,2.34663,2.302928,0.1213828,-2.392271,12.63515,12.47732,-5.89935,7196
25.12,72.02112,8,0,2.33492,2.282459,-0.1686933,-2.447283,12.70263,12.53973,-5.622247,7192
25.14,72.87695,8,0,2.3498,2.288505,0.1977187,-1.609855,12.70263,12.5623,-5.415369,7196
25.16,71.55139,8,0,2.338628,2.29861,0.3351234,-0.9357705,12.70263,12.56734,-5.400028,7188
25.18,70.05341,8,0,2.346503,2.316659,0.04504682,-0.6463744,12.70263,12.56903,-5.359116,7184
25.2,69.03467,8,0,2.333005,2.319637,0.1061156,-0.5743509,12.70263,12.5656,-5.453657,7188
25.22,68.48096,8,0,2.346754,2.328747,0.01451245,-0.6692467,12.70263,12.56563,-5.431901,7192
25.24,68.14264,8,0,2.349879,2.332042,0.2129859,-0.8009738,12.70263,12.56476,-5.466391,7192
25.26,67.96851,8,0,2.355815,2.334181,0.04504682,-0.9411444,12.70263,12.56438,-5.484684,7168
25.28,67.87317,8,0,2.360535,2.335188,0.06031401,-1.066464,12.70263,12.56417,-5.503088,7180
25.3,67.84399,8,0,2.36104,2.333708,0.02977964,-1.161679,12.70263,12.56355,-5.533008,7176
25.32,67.94495,8,0,2.35264,2.32684,0.07558119,-1.204266,12.70263,12.5618,-5.589581,7196
25.34,68.12482,8,0,2.350974,2.322577,0.07558119,-1.215291,12.70263,12.56138,-5.59866,7196
25.36,74.27032,8,0,2.349975,2.323217,0.1061156,-1.193859,12.77011,12.61621,-5.355411,7180
25.38,62.04877,8,0,2.343965,2.318984,0.06031401,-0.55337,12.63515,12.52095,-5.82607,7172
25.4,73.21356,8,0,2.345472,2.325352,0.2587874,-1.353862,12.77011,12.60431,-5.400004,7196
25.42,68.33252,8,0,2.347858,2.321649,-0.01602192,-0.7724494,12.70263,12.57284,-5.579446,7172
25.44,67.37518,8,0,2.34455,2.323981,0.1824515,-0.8684613,12.70263,12.5636,-5.615263,7192
25.46,67.44183,8,0,2.353328,2.327589,0.09084838,-1.054761,12.70263,12.56213,-5.591918,7176
25.48,67.70819,8,0,2.350584,2.324585,0.1061156,-1.165893,12.70263,12.56105,-5.61447,7180
25.5,67.98297,8,0,2.351261,2.322224,-0.04655629,-1.213768,12.70263,12.56109,-5.609744,7188
25.52,68.17755,8,0,2.350214,2.320177,0.1213828,-1.21401,12.70263,12.56126,-5.606528,7204
25.54,74.2121,8,0,2.360057,2.327931,0.06031401,-1.214962,12.77011,12.61779,-5.314492,7192
25.56,67.79083,8,0,2.359766,2.332146,0.1061156,-0.6131185,12.70263,12.57797,-5.532651,7196
25.58,72.51007,8,0,2.355911,2.339353,0.2129859,-0.8468222,12.77011,12.62003,-5.362587,7204
25.6,66.32074,8,0,2.366824,2.344914,0.2129859,-0.5645089,12.70263,12.5774,-5.567276,7180
25.62,65.49677,8,0,2.365054,2.345995,0.1824515,-1.000304,12.70263,12.56409,-5.649268,7184
25.64,72.0448,8,0,2.376506,2.348176,0.1213828,-1.400581,12.77011,12.61627,-5.400874,7172
25.66,66.46136,8,0,2.368095,2.339707,0.1366499,-0.9882622,12.70263,12.57428,-5.667616,7172
25.68,59.79565,8,0,2.374936,2.33971,0.1519171,-1.300893,12.63515,12.50909,-5.915637,7192
25.7,66.64978,8,0,2.373597,2.332251,0.2129859,-2.173987,12.70263,12.54583,-5.72682,7188
25.72,74.66089,8,0,2.363846,2.318067,-0.04655629,-2.025669,12.77011,12.61064,-5.469918,7176
25.74,68.75226,8,0,2.362396,2.316916,0.1671843,-1.112503,12.70263,12.57531,-5.619482,7192
25.76,73.35004,8,0,2.359568,2.328026,0.2435202,-1.087306,12.77011,12.62012,-5.387934,7188
25.78,66.89276,8,0,2.362935,2.335027,-0.06182348,-0.624845,12.70263,12.57745,-5.592988,7180
25.8,65.86548,8,0,2.360637,2.339104,0.1671843,-0.9665876,12.70263,12.56425,-5.656689,7196
25.82,72.45105,8,0,2.350245,2.331683,-0.03128911,-1.264756,12.77011,12.61324,-5.488303,7172
25.84,66.99939,8,0,2.34997,2.325682,0.1366499,-0.7995484,12.70263,12.57255,-5.690181,7188
25.86,66.36469,8,0,2.354085,2.329055,0.09084838,-1.050553,12.70263,12.56232,-5.690576,7184
25.88,66.82819,8,0,2.358782,2.32864,0.1366499,-1.296386,12.70263,12.56022,-5.676667,7192
25.9,67.44,8,0,2.353083,2.321814,0.07558119,-1.397146,12.70263,12.55913,-5.693159,7180
25.92,74.03009,8,0,2.343125,2.315425,0.2435202,-1.365664,12.77011,12.61299,-5.467404,7176
25.94,68.12537,8,0,2.34155,2.314387,0.09084838,-0.6768472,12.70263,12.57384,-5.645431,7204
25.96,73.05621,8,0,2.343789,2.324812,0.1824515,-0.8150327,12.77011,12.61821,-5.40498,7204
25.98,66.93341,8,0,2.343566,2.327206,0.1366499,-0.4174869,12.70263,12.57497,-5.628495,7192
26,66.15082,8,0,2.343577,2.329991,0.04504682,-0.773326,12.70263,12.56239,-5.67367,7184
26.02,66.71259,8,0,2.349195,2.328048,0.01451245,-1.10647,12.70263,12.5595,-5.671367,7176
26.04,67.46875,8,0,2.343036,2.319032,0.1977187,-1.253681,12.70263,12.55812,-5.69685,7196
26.06,62.19214,8,0,2.329586,2.303377,0.06031401,-1.24035,12.63515,12.50211,-5.968369,7196
26.08,69.00189,8,0,2.336161,2.300431,0.1213828,-1.771521,12.70263,12.54437,-5.67924,7232
26.1,70.29266,8,0,2.349128,2.30322,0.09084838,-1.47088,12.70263,12.55962,-5.539746,7192
26.12,75.96252,8,0,2.341617,2.308826,0.06031401,-1.11345,12.77011,12.61795,-5.285137,7200
26.14,74.98431,8,0,2.348353,2.324456,0.1061156,-0.3221838,12.77011,12.63463,-5.209473,7184
26.16,72.75134,8,0,2.356174,2.346558,0.1519171,0.07818019,12.77011,12.6383,-5.209681,7180
26.18,64.9422,8,0,2.352584,2.354757,0.06031401,0.1139777,12.70263,12.58079,-5.555271,7180
26.2,70.23798,8,0,2.357467,2.358325,0.1519171,-0.6637627,12.77011,12.61802,-5.419032,7188
26.22,65.04712,8,0,2.356657,2.347678,0.07558119,-0.6518037,12.70263,12.57223,-5.703685,7176
26.24,65.0899,8,0,2.359131,2.341219,0.1366499,-1.172496,12.70263,12.55998,-5.751083,7188
26.26,72.33905,8,0,2.345312,2.325728,0.1977187,-1.468041,12.77011,12.60986,-5.577921,7188
26.28,67.15845,8,0,2.352874,2.321511,0.1213828,-0.9526212,12.70263,12.57164,-5.717471,7192
26.3,60.46222,8,0,2.363007,2.327075,0.1824515,-1.166231,12.63515,12.50855,-5.917807,7168
26.32,61.10791,8,0,2.36584,2.322824,0.1671843,-1.996165,12.63515,12.49173,-5.938755,7176
26.34,69.09509,8,0,2.374489,2.316472,0.1671843,-2.499967,12.70263,12.54447,-5.635652,7184
26.36,70.52875,8,0,2.359884,2.303795,0.1519171,-1.983697,12.70263,12.55858,-5.60675,7188
26.38,70.21582,8,0,2.351827,2.303629,0.1213828,-1.466893,12.70263,12.56299,-5.565666,7208
26.4,69.50055,8,0,2.353715,2.312655,0.1213828,-1.159043,12.70263,12.56509,-5.514681,7180
26.42,74.82819,8,0,2.354359,2.323863,0.01451245,-1.025141,12.77011,12.62,-5.263034,7184
26.44,68.07343,8,0,2.34972,2.328608,0.01451245,-0.3941615,12.70263,12.57857,-5.507778,7188
26.46,66.6236,8,0,2.352508,2.33701,0.07558119,-0.6671863,12.70263,12.56625,-5.558417,7212
26.48,66.72321,8,0,2.356213,2.336941,0.1519171,-1.009635,12.70263,12.56221,-5.593668,7172
26.5,67.17731,8,0,2.359447,2.333315,-0.01602192,-1.236982,12.70263,12.56119,-5.608373,7196
26.52,67.67023,8,0,2.351346,2.324085,0.09084838,-1.318649,12.70263,12.55986,-5.6511,7188
26.54,68.03363,8,0,2.356389,2.322351,0.1671843,-1.333779,12.70263,12.56104,-5.615951,7196
26.56,68.12726,8,0,2.363493,2.325689,0.1671843,-1.32618,12.70263,12.56284,-5.573495,7196
26.58,74.03436,8,0,2.368642,2.332986,0.1213828,-1.321051,12.77011,12.61869,-5.309371,7188
26.6,61.5553,8,0,2.369525,2.334746,0.1671843,-0.7373814,12.63515,12.52403,-5.768683,7204
26.62,72.54749,8,0,2.370476,2.34201,0.1366499,-1.60265,12.77011,12.60666,-5.370384,7204
26.64,61.70612,8,0,2.361644,2.328285,0.1366499,-1.057215,12.63515,12.51816,-5.857716,7192
26.66,67.22192,8,0,2.362165,2.326934,0.1213828,-1.781253,12.70263,12.54921,-5.663754,7188
26.68,74.71533,8,0,2.359842,2.320651,-0.09235785,-1.692147,12.77011,12.61294,-5.393688,7168
26.7,62.64215,8,0,2.35285,2.31524,0.2282531,-0.8646423,12.63515,12.52085,-5.835547,7176
26.72,67.64478,8,0,2.347861,2.317721,0.1366499,-1.512929,12.70263,12.54982,-5.656483,7196
26.74,69.07391,8,0,2.331781,2.303223,-0.107625,-1.394407,12.70263,12.55599,-5.682966,7188
26.76,69.38831,8,0,2.337296,2.303608,0.1977187,-1.180452,12.70263,12.5602,-5.602568,7200
26.78,63.18335,8,0,2.341403,2.30685,0.09084838,-1.023549,12.63515,12.50794,-5.790825,7168
26.8,69.17072,8,0,2.34379,2.310526,-0.03128911,-1.548524,12.70263,12.54881,-5.556276,7184
26.82,70.1629,8,0,2.341303,2.306691,0.1366499,-1.286588,12.70263,12.56008,-5.521725,7168
26.84,69.73541,8,0,2.352647,2.316373,0.1213828,-1.041723,12.70263,12.56535,-5.446021,7188
26.86,75.03735,8,0,2.350325,2.32533,0.04504682,-0.9127871,12.77011,12.62037,-5.223751,7172
26.88,68.20258,8,0,2.349064,2.33092,0.1366499,-0.2964338,12.70263,12.57934,-5.465384,7188
26.9,66.66034,8,0,2.352756,2.339824,0.2435202,-0.59024,12.70263,12.567,-5.524642,7176
26.92,66.70068,8,0,2.356484,2.339529,0.07558119,-0.9562399,12.70263,12.5627,-5.571291,7188
26.94,61.20294,8,0,2.350613,2.327385,0.06031401,-1.186014,12.63515,12.50541,-5.873485,7188
26.96,62.05078,8,0,2.353758,2.316838,0.1519171,-1.899887,12.63515,12.49097,-5.892136,7184
26.98,69.98602,8,0,2.351765,2.304022,0.06031401,-2.273857,12.70263,12.54319,-5.62964,7180
27,71.20721,8,0,2.353456,2.299889,0.1519171,-1.719401,12.70263,12.56004,-5.522359,7188
27.02,1044.408,-6,0,2.352811,2.307636,0.02977964,-1.222596,12.70263,12.56562,-5.465354,7188
27.04,795.4679,-6,0,2.35601,3.376717,0.07558119,98.37713,12.63515,12.53046,-2.781707,7192
27.06,614.7226,-6,0,2.376964,5.212266,1.81604,139.1345,12.70263,12.52992,0.2726316,7180
27.08,489.5577,-6,0,2.698101,6.62271,32.44201,146.4156,12.70263,12.40811,-0.7375221,7184
27.1,417.9564,-6,0,3.645322,7.720855,50.18247,135.4061,12.77011,12.38844,-1.306117,7188
27.12,363.4894,-6,0,4.7491,8.522832,61.22064,117.2839,12.70263,12.318,-2.785396,7156
27.14,327.7109,-6,0,6.17029,9.285938,71.81607,95.38061,12.70263,12.34953,-3.083426,7176
27.16,296.3411,-6,0,7.672751,10.03158,75.34278,72.63366,12.70263,12.42182,-3.298784,7168
27.18,266.2803,-6,0,8.972454,10.64621,69.20538,50.34123,12.70263,12.4721,-4.581734,7168
27.2,271.7139,-6,0,9.800607,10.96907,39.72445,29.88054,13.04003,12.72766,-6.51942,7172
27.22,205.1304,-6,0,9.796708,10.72845,-3.22213,16.58295,12.43271,12.17824,-14.38708,7148
27.24,168.1536,-6,0,9.693305,10.28546,-0.4893047,1.286496,12.02783,11.61665,-20.6602,7184
27.26,136.7975,-6,0,9.336031,9.60903,-17.52748,-11.56514,11.42051,10.90177,-26.88221,7220
27.28,183.8143,-6,0,8.59831,8.707523,-40.35191,-20.99183,11.48799,10.6882,-30.34513,7248
27.3,206.5864,-6,0,7.824692,7.796786,-38.73359,-20.04037,11.15059,10.33184,-32.94537,7252
27.32,251.703,-6,0,7.131236,7.093406,-39.74123,-14.80315,11.15059,10.25048,-32.55695,7272
27.34,258.1395,-6,0,6.738904,6.711646,-15.08473,-5.389468,10.81319,10.01836,-31.23007,7252
27.36,165.1707,-6,0,6.633927,6.614605,0.1977187,1.885072,9.531071,9.000444,-32.35639,7276
27.38,145.8629,-6,0,6.875579,6.755362,17.08322,-3.323849,9.12619,8.502256,-30.07534,7356
27.4,61.91943,-6,0,7.092416,6.792521,6.533598,-9.50002,7.84407,7.410348,-31.45935,7364
27.42,105.898,-6,0,6.775351,6.48744,-17.37481,-21.21247,7.91155,7.170249,-30.86144,7448
27.44,78.67145,-6,0,6.297076,5.919262,-26.93206,-23.17875,6.96683,6.351676,-33.27357,7440
27.46,7.019592,-6,0,5.376407,5.085719,-47.71069,-24.56115,5.54975,4.955165,-38.65759,7504
27.48,230.7848,-6,0,4.715047,4.410994,-31.08473,-30.3769,7.30423,6.048697,-30.68398,7584
27.5,205.5053,-6,0,3.978006,3.777338,-41.80229,-9.346807,6.22455,5.527887,-30.85324,7484
27.52,231.0756,-6,0,3.06565,3.353508,-45.52749,4.939994,6.22455,5.398422,-28.90951,7536
27.54,229.2142,-6,0,3.338215,3.590364,18.59467,16.46631,5.95463,5.315858,-23.11355,7548
27.56,237.6753,-6,0,3.86182,4.174633,26.18246,22.45073,6.02211,5.492956,-16.86545,7580
27.58,190.2131,-6,0,4.727411,4.979389,46.62522,24.64448,5.61723,5.349767,-12.74324,7560
27.6,55.26779,-6,0,5.431521,5.636803,33.99926,18.92494,4.335111,4.332123,-14.67111,7576
27.62,41.52188,-6,0,5.965094,6.002577,32.76262,-0.2908614,4.267631,4.020012,-14.63655,7672
27.64,63.92438,-6,0,6.137279,5.928081,8.777874,-15.112,4.267631,3.92332,-15.41725,7660
27.66,11.5206,-6,0,5.537679,5.305599,-31.61908,-21.10943,3.32291,3.043648,-21.77271,7672
27.68,-37.77609,-6,0,4.640278,4.388599,-44.50459,-27.75851,2.31071,1.90776,-28.3764,7724
27.7,-71.58585,-6,0,3.828165,3.399118,-38.09237,-34.64733,1.23103,0.7168454,-33.05704,7796
27.72,7.41745,-6,0,2.910881,2.383227,-51.31375,-39.69423,1.23103,0.4127385,-32.61557,7844
27.74,9.251038,-6,0,1.801241,1.323675,-50.93207,-31.62229,0.2863102,-0.4110081,-34.28326,7840
27.76,104.2234,-6,0,0.8120923,0.5218284,-57.20688,-22.81856,0.5562305,-0.3562844,-30.32248,7924
27.78,52.26456,-6,0,0.19834,0.04319887,-14.71832,-5.382049,-0.7258892,-1.270015,-29.49571,7872
27.8,81.65466,-6,0,0.1487539,0.08869369,-11.08473,1.348523,-0.7933693,-1.413749,-23.24043,7952
27.82,82.90295,-6,0,0.5272544,0.4533664,30.3504,7.754746,-1.13077,-1.552802,-17.1607,7964
27.84,64.89691,-6,0,1.027331,0.98032,18.82368,10.62504,-1.46817,-1.726515,-12.39682,7968
27.86,76.72717,-6,0,1.163504,1.310508,9.693905,10.16959,-1.40069,-1.678974,-9.444942,7996
27.88,134.8726,-6,0,1.648141,1.745143,25.2817,9.657778,-0.7933693,-1.090884,-3.824331,8008
27.9,20.89294,-6,0,1.857803,2.016965,4.258789,14.34987,-2.008009,-1.897138,-6.603438,7968
27.92,-27.08469,-6,0,1.880996,2.112394,4.533598,5.737414,-2.412889,-2.465754,-8.753865,8048
27.94,45.94183,-6,0,2.332257,2.261352,24.73208,-6.092257,-1.738089,-2.013503,-4.998521,8084
27.96,37.49115,-6,0,2.596309,2.321475,2.747338,-7.402339,-2.008009,-2.073749,-4.817546,8036
27.98,-115.5521,-6,0,2.196321,2.01934,-24.2145,-8.19818,-3.762489,-3.578549,-13.05396,8056
28,-81.12695,-6,0,1.417463,1.352885,-42.51985,-21.91554,-3.627529,-3.971413,-16.16553,8180
28.02,-41.64673,-6,0,0.4994566,0.3838409,-53.74123,-24.76997,-3.897449,-4.347106,-18.812,8164
28.04,-16.86829,-6,0,-0.3747801,-0.5056875,-25.1,-19.88235,-4.30233,-4.770479,-19.89042,8160
28.06,-29.2066,-6,0,-0.5229502,-0.8555082,-9.267933,-13.39576,-4.977129,-5.302217,-17.89294,8192
28.08,58.54691,-6,0,-0.5364475,-0.8630308,-12.27557,-10.05889,-4.36981,-4.837824,-11.26852,8228
28.1,36.09387,-6,0,-0.7188259,-0.8601584,-0.7183124,1.54393,-4.909649,-5.091714,-9.692576,8176
28.12,-28.18823,-6,0,-0.4334106,-0.5530928,13.17482,6.164861,-5.65193,-5.661136,-8.151489,8212
28.14,8.28833,-6,0,0.1030287,-0.07981217,21.84658,1.181839,-5.247049,-5.386633,-2.96863,8260
28.16,37.34793,-6,0,0.5229366,0.3047704,17.72444,0.239226,-4.977129,-5.03609,0.5994309,8224
28.18,-23.17624,-6,0,0.6648405,0.5160214,2.961078,1.959606,-5.58445,-5.432482,-0.8739623,8220
28.2,-6.170471,-6,0,0.5152828,0.5107483,-11.26793,-2.658097,-5.314529,-5.366578,-1.239036,8276
28.22,-50.48727,-6,0,0.2444148,0.270611,-11.58854,-3.312532,-5.92185,-5.883652,-4.637453,8240
28.24,-40.56277,-6,0,0.2943363,0.1632399,3.22062,-8.281898,-5.92185,-5.996812,-4.270131,8272
28.26,-78.32141,-6,0,0.3907557,0.07996319,1.098482,-10.86876,-6.529169,-6.482617,-5.447056,8284
28.28,-26.90308,-6,0,0.2689724,-0.06753163,-9.527475,-15.99988,-6.124289,-6.282777,-4.048329,8272
28.3,-10.49896,-6,0,-0.01573379,-0.3272038,-17.0542,-13.3627,-6.191769,-6.292096,-4.238467,8304
28.32,2.443054,-6,0,-0.3536382,-0.5597595,-19.74122,-8.893975,-6.191769,-6.302461,-4.159153,8312
28.34,43.39993,-6,0,-0.7468286,-0.7707635,-22.13817,-3.378153,-5.85437,-6.046198,-2.923958,8312
28.36,46.45383,-6,0,-1.228736,-1.003462,-25.1458,5.874608,-5.92185,-6.058139,-3.229633,8268
28.38,16.53278,-6,0,-1.278116,-0.9835416,17.06795,12.55702,-6.259249,-6.298416,-2.812777,8268
28.4,3.614624,-6,0,0.05654564,-0.1435605,56.74736,10.25767,-6.259249,-6.144336,3.810725,8308
28.42,-48.67978,-6,0,0.9917201,0.6479472,46.41148,4.461329,-6.596649,-6.292326,5.546561,8308
28.44,-75.72156,-6,0,1.452221,1.079115,19.81605,-6.294647,-6.664129,-6.405064,4.742853,8316
28.46,-41.14365,-6,0,1.101028,0.8747348,-24.42825,-15.35967,-6.259249,-6.229772,2.169076,8304
28.48,-114.3549,-6,0,0.2153874,0.1338448,-45.22215,-15.45605,-7.27145,-7.147676,-6.194525,8292
28.5,26.38547,-6,0,-0.6890434,-0.6596655,-47.19161,-20.01085,-5.989328,-6.444091,-5.171207,8360
28.52,99.4982,-6,0,-1.585776,-1.42235,-40.9626,-5.956529,-5.65193,-6.018931,-4.800936,8284
28.54,-1.877594,-6,0,-1.514321,-1.453164,9.022148,10.80401,-6.86657,-6.776415,-5.261052,8248
28.56,63.21521,-6,0,-1.318756,-1.118618,10.80841,11.27699,-5.989328,-6.200424,0.3866045,8352
28.58,-49.3396,-6,0,-0.6634344,-0.6152433,46.33514,16.12617,-7.20397,-6.92541,0.1381551,8292
28.6,4.324585,-6,0,0.4032643,0.2120925,46.9611,4.880714,-6.326729,-6.288387,6.861677,8352
28.62,-8.442627,-6,0,1.176554,0.8260455,36.88475,0.3413095,-6.326729,-6.072711,8.536332,8320
28.64,-22.10297,-6,0,1.634445,1.239908,20.5336,-5.489383,-6.191769,-5.921873,8.318662,8300
28.66,-16.35281,-6,0,1.590525,1.278595,-7.924421,-10.78643,-5.92185,-5.748797,6.229609,8292
28.68,-97.95728,-6,0,0.8156998,0.7360696,-41.48168,-11.68489,-6.799089,-6.577161,-2.314713,8288
28.7,-60.92108,-6,0,0.0877878,0.05214125,-41.87863,-18.29309,-6.529169,-6.681705,-5.451747,8336
28.72,-22.96304,-6,0,-0.7465258,-0.7574815,-39.64962,-16.35942,-6.529169,-6.773817,-7.83359,8324
28.74,40.39246,-6,0,-1.368785,-1.343807,-28.82519,-9.142927,-6.191769,-6.523529,-6.618308,8316
28.76,55.8335,-6,0,-1.022411,-1.213351,19.99925,1.351757,-6.191769,-6.310484,-1.839966,8284
28.78,38.99603,-6,0,-0.6163614,-0.7550097,19.17482,8.736887,-6.259249,-6.214,1.610533,8288
28.8,-90.74713,-6,0,-0.1264459,-0.2468005,29.17483,10.31111,-7.473888,-7.117424,-0.2850919,8292
28.82,-109.8926,-6,0,0.7217452,0.3576557,40.04506,-4.331879,-7.473888,-7.282276,1.857433,8368
28.84,-111.8112,-6,0,1.251539,0.6408001,30.22826,-17.74715,-7.541368,-7.35975,2.046117,8360
28.86,4.849762,-6,0,1.451165,0.6991163,1.92291,-27.44397,-6.326729,-6.40751,5.579729,8368
28.88,-59.22595,-6,0,0.349075,-0.003514215,-66.67253,-19.13161,-7.20397,-7.042772,-2.655668,8272
28.9,-24.08301,-6,0,-0.9824632,-0.9256169,-70.09238,-16.07301,-6.93405,-7.155739,-6.924053,8332
28.92,18.38803,-6,0,-2.170856,-1.868415,-27.78702,-6.795197,-6.86657,-7.213359,-9.099584,8340
28.94,34.526,-6,0,-0.9753821,-1.386489,47.00689,0.7236195,-6.86657,-6.929776,-0.2674739,8332
28.96,20.60858,-6,0,-0.4069456,-0.7424437,28.70154,5.61807,-6.86657,-6.752819,3.745985,8328
28.98,-2.441559,-6,0,-0.07160206,-0.2333924,14.4878,6.298274,-6.86657,-6.69379,5.007654,8344
29,-28.28885,-6,0,0.2170049,0.1166463,12.54887,3.411139,-6.93405,-6.741413,4.84,8352
29.02,-40.38129,-6,0,0.3248587,0.246173,7.77024,-1.570828,-6.93405,-6.788157,3.709521,8336
29.04,-37.54431,-6,0,0.3553794,0.2253698,4.487797,-6.252767,-6.86657,-6.775797,2.675003,8320
29.06,-37.89435,-6,0,0.572483,0.2626156,8.472529,-9.692939,-6.86657,-6.757907,2.604475,8348
29.08,-39.95694,-6,0,0.6997446,0.2905167,3.754972,-12.39755,-6.86657,-6.751642,2.246795,8356
29.1,-40.02881,-6,0,0.5339673,0.1622617,-8.657246,-13.96251,-6.86657,-6.790207,0.7842652,8332
29.12,-40.582,-6,0,0.1519698,-0.1302819,-20.84046,-13.90792,-6.93405,-6.912018,-1.359332,8332
29.14,-29.49484,-6,0,-0.289486,-0.4904065,-23.26794,-12.58453,-6.93405,-6.988479,-2.832011,8344
29.16,-8.725586,-6,0,-0.7106797,-0.8322716,-22.26031,-9.257281,-6.86657,-6.977084,-3.260059,8328
29.18,11.70435,-6,0,-1.166691,-1.146055,-22.27557,-3.520005,-6.799089,-6.938231,-3.301726,8336
29.2,8.910767,-6,0,-1.326854,-1.253913,13.40383,2.936407,-6.93405,-7.009023,-2.53151,8320
29.22,-11.82562,-6,0,-0.7349817,-0.8701663,26.79315,5.337624,-7.13649,-7.068664,0.7496921,8364
29.24,-29.58337,-6,0,-0.1232689,-0.3553768,27.98399,2.987513,-7.20397,-7.059865,3.284844,8384
29.26,48.98328,-6,0,0.2397595,0.04270938,17.26643,-1.491355,-6.191769,-6.223816,7.581542,8372
29.28,37.39355,-6,0,0.3505723,0.2426503,4.075583,3.00977,-6.191769,-6.025129,7.216144,8288
29.3,11.63281,-6,0,0.4472165,0.4318763,4.121384,4.479763,-6.191769,-6.002613,6.179304,8300
29.32,-10.72043,-6,0,0.7753716,0.6875184,19.58704,1.851306,-6.191769,-5.995494,5.798927,8296
29.34,-124.7993,-6,0,1.198168,0.9128568,19.84658,-3.552897,-7.27145,-6.859363,1.672323,8296
29.36,-125.9927,-6,0,1.367816,0.9260648,7.06795,-19.26797,-7.20397,-7.0678,-0.03408217,8352
29.38,-105.5795,-6,0,1.310768,0.6467125,-3.099992,-29.71863,-7.20397,-7.156304,-1.818741,8340
29.4,-44.08829,-6,0,0.869446,0.1566498,-29.17633,-33.24804,-6.799089,-6.904922,-2.560274,8344
29.42,-102.8489,-6,0,-0.5793918,-0.8970676,-76.22978,-25.23615,-7.811289,-7.825728,-11.08467,8324
29.44,-47.29846,-6,0,-1.979398,-1.990951,-73.11528,-21.50598,-7.608849,-8.012909,-13.65079,8384
29.46,-88.27695,-6,0,-2.997499,-2.922283,-10.44351,-10.21307,-8.68853,-8.937607,-16.96391,8356
29.48,100.7361,-6,0,-2.088726,-2.539528,38.59468,-8.82413,-6.93405,-7.473093,-1.775789,8432
29.5,118.5665,-6,0,-1.653991,-1.972191,26.53361,9.915408,-6.86657,-6.889953,4.665676,8320
29.52,57.83618,-6,0,-1.477441,-1.347948,1.907643,23.49527,-7.13649,-6.931499,6.145088,8300
29.54,20.25793,-6,0,-1.453875,-0.9180414,-0.6877776,26.10194,-7.13649,-6.987232,5.856356,8344
29.56,-37.5614,-6,0,-1.146426,-0.5834039,30.76262,22.97396,-7.541368,-7.334421,4.564648,8344
29.58,27.06561,-6,0,0.8708929,0.6208509,96.85425,9.360805,-6.529169,-6.358854,14.78295,8364
29.6,-37.67029,-6,0,2.153004,1.616052,64.24355,2.746606,-6.86657,-6.302417,15.53115,8312
29.62,-53.74698,-6,0,1.85995,1.689736,-39.40535,-7.777167,-6.596649,-6.266256,10.08015,8352
29.64,-141.9711,-6,0,0.7810371,0.8847712,-51.7565,-13.55167,-7.541368,-7.269598,-1.671037,8324
29.66,-189.6997,-6,0,-0.2807207,-0.2197281,-50.88627,-23.15539,-8.35113,-8.345507,-10.7539,8376
29.68,-62.01321,-6,0,-0.2494959,-0.7818982,13.70917,-33.9775,-7.473888,-7.83357,-6.599719,8428
29.7,-22.349,-6,0,-0.1984991,-1.049456,0.8694746,-28.18873,-7.541368,-7.650599,-3.910135,8356
29.72,15.8381,-6,0,-0.700165,-1.295484,-43.97023,-18.77349,-7.27145,-7.393464,-2.618793,8376
29.74,34.53381,-6,0,-1.984455,-1.921847,-66.26032,-4.931786,-7.20397,-7.403629,-5.225749,8344
29.76,171.0798,-6,0,-3.88078,-2.92867,-44.58092,11.85381,-5.92185,-6.560659,-5.234797,8352
29.78,116.7412,-6,0,-2.773853,-2.363361,64.68629,34.11267,-6.596649,-6.579693,2.215597,8248
29.8,40.81427,-6,0,-1.630346,-1.198612,51.12904,40.03054,-6.93405,-6.68206,7.387279,8312
29.82,8.287292,-6,0,-0.6988128,-0.1768437,36.02979,33.26474,-6.799089,-6.550166,10.2748,8328
29.84,-60.80972,-6,0,0.2977727,0.625964,53.26644,22.24558,-7.20397,-6.807714,9.99187,8348
29.86,-1.670044,-6,0,1.705189,1.535417,65.43438,3.744838,-6.191769,-5.96674,15.32951,8352
29.88,-33.35135,-6,0,2.562767,2.103838,38.65575,-5.372983,-6.259249,-5.800384,14.22354,8320
29.9,-35.22305,-6,0,1.886265,1.778821,-49.66489,-12.9922,-5.989328,-5.765627,7.415858,8316
29.92,-115.2028,-6,0,0.5744076,0.7444737,-65.81757,-14.59045,-6.93405,-6.767001,-4.438221,8304
29.94,-50.93381,-6,0,-0.5809314,-0.3755375,-49.60382,-20.11189,-6.529169,-6.839756,-8.535487,8352
29.96,-9.629395,-6,0,-0.2548902,-0.6714703,22.96108,-17.77004,-6.529169,-6.705913,-4.9318,8300
29.98,5.00058,-6,0,-0.1181956,-0.6386052,-1.023656,-12.28489,-6.529169,-6.584093,-2.226602,8300
30,-0.1226807,-6,0,-0.2554509,-0.6028196,-9.512208,-6.771501,-6.596649,-6.598486,-1.570351,8312
30.02,-2.095154,-6,0,-0.373344,-0.5672917,-10.47404,-3.290908,-6.596649,-6.604026,-1.046357,8304
30.04,-84.34018,-6,0,-0.7279268,-0.7351112,-18.18397,-0.2734884,-7.541368,-7.412167,-5.124591,8324
30.06,24.08585,-6,0,-1.247935,-1.051389,-26.24504,-4.965337,-6.461689,-6.808125,-2.857647,8352
30.08,44.29489,-6,0,-1.380564,-1.24367,0.3351234,3.37672,-6.529169,-6.66398,-1.487071,8284
30.1,40.7652,-6,0,-1.047626,-0.9829231,14.80841,10.13563,-6.529169,-6.533506,1.653767,8304
30.12,-4.691101,-6,0,-0.6977633,-0.5931785,24.97635,13.18431,-6.86657,-6.72192,2.511075,8304
30.14,-24.62946,-6,0,0.03938165,-0.01377809,35.87712,8.410549,-6.86657,-6.695099,4.966629,8324
30.16,43.61746,-6,0,0.6503975,0.5025969,29.54124,1.367005,-5.92185,-5.889517,9.299431,8352
30.18,26.06842,-6,0,1.059279,0.8645175,16.86948,2.231392,-5.92185,-5.677301,9.257493,8280
30.2,-8.613007,-6,0,1.08295,1.009176,-3.038924,0.8044329,-5.989328,-5.743801,6.632304,8288
30.22,-102.3445,-6,0,0.7436677,0.7831341,-19.58855,-2.862925,-6.86657,-6.581851,-0.3438865,8288
30.24,-102.2797,-6,0,0.2939674,0.310531,-23.83282,-13.47318,-6.93405,-6.950202,-4.30959,8320
30.26,-27.09039,-6,0,-0.152059,-0.2711412,-23.71069,-19.07482,-6.461689,-6.703342,-4.536523,8336
30.28,-6.007812,-6,0,-0.605506,-0.7895671,-23.83282,-13.71908,-6.596649,-6.749021,-5.255323,8320
30.3,5.242188,-6,0,-1.014729,-1.11902,-19.60382,-6.67215,-6.664129,-6.807148,-5.048347,8328
30.32,20.29987,-6,0,-0.987115,-1.104082,8.976348,-0.7688047,-6.596649,-6.702919,-2.437915,8312
30.34,24.12457,-6,0,-0.5583493,-0.7464892,18.67101,3.506669,-6.529169,-6.523766,1.284689,8312
30.36,-18.62405,-6,0,-0.229948,-0.3643049,14.91528,5.668577,-6.86657,-6.708484,1.973413,8324
30.38,-38.85764,-6,0,0.03123135,-0.06786127,12.74734,1.903961,-6.93405,-6.805266,2.228868,8360
30.4,-44.24158,-6,0,0.3139522,0.130745,15.49543,-3.557546,-6.93405,-6.821959,2.464853,8348
30.42,-46.07858,-6,0,0.5618888,0.2544443,8.411462,-8.515207,-6.93405,-6.817934,2.484659,8340
30.44,-46.18579,-6,0,0.5999444,0.2419081,-0.8709843,-12.16454,-6.93405,-6.834959,1.667071,8344
30.46,-36.4541,-6,0,0.369247,0.05130825,-13.20687,-13.95805,-6.86657,-6.831074,0.2674313,8340
30.48,-27.74033,-6,0,-0.04640055,-0.2775626,-22.39771,-12.93864,-6.86657,-6.883471,-1.510394,8348
30.5,13.82895,-6,0,-0.5078428,-0.6260456,-25.08473,-9.932357,-6.529169,-6.66371,-1.570914,8348
30.52,19.24332,-6,0,-0.9563654,-0.9358796,-22.45878,-2.337668,-6.596649,-6.683144,-2.273458,8312
30.54,-3.968781,-6,0,-0.8649449,-0.8908705,19.34276,3.117115,-6.86657,-6.850603,-1.338645,8316
30.56,-10.71368,-6,0,-0.3936424,-0.5375431,22.70154,3.078204,-6.86657,-6.810307,1.43193,8348
30.58,64.40182,-6,0,0.08253308,-0.09656683,19.58704,0.9970858,-5.92185,-5.980176,6.718105,8332
30.6,49.6084,-6,0,0.3435434,0.2408574,11.09849,6.315083,-5.92185,-5.754609,7.357899,8292
30.62,27.71832,-6,0,0.2765597,0.4071287,-3.161061,8.418385,-5.85437,-5.700996,5.896584,8268
30.64,1.877563,-6,0,0.2802687,0.483173,12.70154,7.5131,-5.92185,-5.78618,4.081416,8280
30.66,-10.09689,-6,0,1.126858,0.9491751,39.11376,1.895236,-5.85437,-5.66552,6.271037,8264
30.68,-41.67282,-6,0,1.773061,1.382688,28.38094,-5.067253,-5.989328,-5.711735,6.18498,8276
30.7,-128.5716,-6,0,1.845616,1.417915,2.732071,-13.36125,-6.799089,-6.445245,0.7815247,8268
30.72,-213.159,-6,0,1.360153,0.9178587,-30.10763,-26.45119,-7.811289,-7.581993,-7.410419,8332
30.74,-140.1923,-6,0,0.3183706,-0.1127004,-56.93207,-40.61489,-7.473888,-7.750437,-11.47544,8376
30.76,-51.06165,-6,0,-0.8751958,-1.339144,-61.7107,-38.91988,-7.27145,-7.701906,-13.32866,8364
30.78,40.28195,-6,0,-2.254155,-2.471956,-72.5962,-24.40026,-6.93405,-7.460991,-13.10667,8348
30.8,84.02643,-6,0,-3.47524,-3.286204,-69.05421,-1.604993,-6.93405,-7.401002,-11.98536,8304
30.82,313.8863,-6,0,-4.624543,-3.737621,-36.38245,21.7832,-4.639729,-5.534812,-2.238342,8324
30.84,-22.49786,-6,0,-4.047138,-3.203712,56.77789,58.8941,-8.35113,-7.819067,-6.226083,8196
30.86,75.93701,-6,0,-3.004341,-1.980391,46.83896,46.65446,-6.596649,-6.854459,5.449332,8432
30.88,46.52148,-6,0,-2.072861,-1.109652,47.40384,45.38744,-6.86657,-6.731731,8.622477,8328
30.9,-16.36572,-6,0,-0.9983984,-0.2274565,49.63285,38.20135,-7.20397,-6.895499,10.08182,8320
30.92,37.99762,-6,0,-0.1457598,0.4690067,41.03743,24.4039,-6.259249,-6.155819,13.62703,8364
30.94,-13.56915,-6,0,0.5259442,0.9121992,34.3962,18.51806,-6.596649,-6.23594,11.81939,8300
30.96,-37.99228,-6,0,1.026205,1.224976,24.25879,7.789553,-6.529169,-6.231905,10.07358,8312
30.98,-54.40393,-6,0,1.311656,1.307361,11.29696,-2.775935,-6.529169,-6.278581,7.431768,8344
31,-65.39651,-6,0,1.202894,1.086533,-11.52748,-11.23749,-6.596649,-6.426999,3.555647,8340
31.02,-26.46817,-6,0,0.5951303,0.5262712,-33.58855,-16.19714,-6.259249,-6.310565,0.1973844,8316
31.04,17.60828,-6,0,-0.154228,-0.1538524,-40.56565,-13.24336,-5.989328,-6.147976,-2.135823,8288
31.06,41.18192,-6,0,-0.9120017,-0.7616303,-42.70306,-4.434237,-5.92185,-6.105142,-3.775448,8280
31.08,84.63745,-6,0,-1.748937,-1.292198,-44.50459,6.428771,-5.58445,-5.875795,-3.982801,8272
31.1,64.92499,-6,0,-2.351387,-1.642031,25.60231,19.93284,-5.92185,-6.101849,-4.950224,8256
31.12,31.09592,-6,0,-1.190077,-0.9380819,50.19774,23.81753,-6.191769,-6.147563,1.29691,8276
31.14,0.2050171,-6,0,0.03940259,0.06165969,53.31224,19.28782,-6.259249,-6.059412,6.232077,8304
31.16,-55.75397,-6,0,0.7309977,0.7292948,35.00689,10.79959,-6.596649,-6.293344,5.929002,8308
31.18,-59.47894,-6,0,1.034567,0.9861249,11.6023,-1.622604,-6.461689,-6.291327,4.770628,8336
31.2,-59.21463,-6,0,1.165847,0.954254,2.380925,-10.75863,-6.461689,-6.330567,2.897386,8308
31.22,-29.19247,-6,0,0.999701,0.7107562,-14.94733,-16.33436,-6.191769,-6.176805,1.456726,8308
31.24,17.6474,-6,0,-0.1619361,-0.08773527,-64.85574,-13.65385,-5.85437,-6.033688,-2.774112,8288
31.26,66.28088,-6,0,-1.44926,-1.030825,-73.00842,-3.205839,-5.58445,-5.90624,-5.790455,8284
31.28,-19.28476,-6,0,-2.46732,-1.815831,-6.519841,11.77881,-6.799089,-6.906878,-11.36872,8264
31.3,-55.61905,-6,0,-0.6729413,-0.9572015,70.25881,8.372259,-7.20397,-7.136938,-2.382332,8336
31.32,27.00873,-6,0,0.5212352,0.01714414,50.31987,-1.124081,-6.191769,-6.217905,6.606438,8344
31.34,10.38492,-6,0,0.7885529,0.4550586,6.47253,-0.2080822,-6.259249,-6.051861,6.678727,8292
31.36,31.97272,-6,0,-0.2257356,0.0771549,-60.36719,1.414896,-5.85437,-5.890943,2.255668,8288
31.38,66.88025,-6,0,-1.076085,-0.4931528,-44.09237,7.221396,-5.51697,-5.695737,-0.2643814,8268
31.4,31.38654,-6,0,-1.598834,-0.9124275,18.19772,16.25558,-5.989328,-6.06047,-3.075401,8256
31.42,-1.683899,-6,0,-0.4830874,-0.3476433,46.71682,15.7064,-6.259249,-6.169741,1.688445,8276
31.44,-13.73181,-6,0,0.5749851,0.4354705,44.01453,8.834893,-6.191769,-6.019133,5.710395,8296
31.46,-39.08743,-6,0,1.280937,1.012941,30.83895,0.7561939,-6.259249,-6.004122,6.426323,8280
31.48,-44.66309,-6,0,1.068249,0.971805,-20.18397,-6.826509,-6.191769,-6.05766,3.122002,8296
31.5,-125.3722,-6,0,0.08222195,0.232685,-52.21451,-9.782623,-7.20397,-7.072972,-6.325645,8284
31.52,-71.34753,-6,0,-0.8155996,-0.6515024,-52.9626,-17.11637,-6.93405,-7.222294,-9.258275,8336
31.54,-18.52698,-6,0,-1.65805,-1.539335,-19.89389,-13.83979,-6.93405,-7.290037,-10.39601,8344
31.56,97.68753,-6,0,-1.173036,-1.477556,17.22062,-7.22261,-5.989328,-6.348578,-1.254679,8340
31.58,-9.252441,-6,0,-0.9222618,-1.169429,9.113751,8.137311,-7.20397,-6.984447,-1.458161,8288
31.6,-36.7659,-6,0,-1.065826,-0.9601372,-9.222133,7.841465,-7.27145,-7.233887,-1.628793,8352
31.62,51.95752,-6,0,-1.174885,-0.9184056,-9.237398,5.179859,-6.326729,-6.553258,1.741394,8348
31.64,26.03647,-6,0,-0.1198853,-0.3025015,54.0756,9.40453,-6.596649,-6.420124,6.159511,8288
31.66,-5.643127,-6,0,0.6131231,0.3941596,35.3275,7.315234,-6.596649,-6.326287,8.118896,8304
31.68,-28.2457,-6,0,1.080923,0.8698423,16.82368,1.141867,-6.529169,-6.260616,7.927349,8304
31.7,-39.46082,-6,0,1.09554,0.9459786,-6.245031,-5.491672,-6.461689,-6.266393,5.463006,8312
31.72,-47.32047,-6,0,0.5701057,0.5596993,-25.46641,-9.63297,-6.529169,-6.44964,0.8299249,8324
31.74,-4.902405,-6,0,-0.07676399,-0.0135549,-33.55801,-11.21718,-6.191769,-6.320382,-1.54308,8340
31.76,8.839142,-6,0,-0.6835293,-0.5749285,-33.55801,-6.077435,-6.259249,-6.388337,-3.585331,8324
31.78,21.88895,-6,0,-1.061463,-0.9122558,4.426728,0.01156497,-6.259249,-6.4048,-3.628769,8324
31.8,-13.11627,-6,0,-0.3482384,-0.5549083,29.86185,3.498821,-6.664129,-6.580562,-0.3698399,8312
31.82,-18.97137,-6,0,0.1798436,-0.08417711,23.72444,0.6843626,-6.596649,-6.502571,2.283222,8344
31.84,-20.45416,-6,0,0.3445259,0.1469016,6.319859,-2.414368,-6.529169,-6.437419,2.582042,8308
31.86,-29.74039,-6,0,0.244119,0.1269425,-7.00839,-4.446555,-6.596649,-6.518483,1.117311,8304
31.88,-106.2998,-6,0,0.09726478,-0.04118713,-10.62671,-6.408006,-7.473888,-7.283971,-3.185466,8308
31.9,12.91553,-6,0,-0.1371543,-0.2709964,-12.00076,-14.63652,-6.259249,-6.534603,-0.2795557,8364
31.92,48.17734,-6,0,-0.3283131,-0.5048979,-8.748849,-7.417968,-6.124289,-6.218497,0.5884275,8288
31.94,-75.21426,-6,0,-0.5414593,-0.6332011,-12.33664,1.525973,-7.473888,-7.229486,-3.997614,8276
31.96,2.953308,-6,0,-0.4641235,-0.5442092,14.93055,-5.07851,-6.529169,-6.710426,-0.1404772,8380
31.98,9.520477,-6,0,0.4722579,-0.0332585,38.96109,-4.21107,-6.529169,-6.419213,4.597963,8308
32,-9.924164,-6,0,0.9038638,0.4254087,21.15956,-4.366667,-6.529169,-6.313998,5.724959,8328
32.02,-25.64642,-6,0,0.4809014,0.3495696,-32.2145,-5.437918,-6.529169,-6.404723,2.419597,8312
32.04,-6.092194,-6,0,-0.2287634,-0.09888285,-37.58855,-5.723028,-6.326729,-6.389981,-0.7569723,8288
32.06,13.66693,-6,0,-0.8221241,-0.5942134,-26.55038,-2.104502,-6.259249,-6.392428,-2.595451,8300
32.08,-89.06174,-6,0,-0.3314303,-0.4947565,48.09087,1.015866,-7.473888,-7.256935,-3.650059,8284
32.1,-10.57541,-6,0,0.3836312,-0.03778532,30.24353,-9.244561,-6.529169,-6.61354,2.601339,8356
32.12,-12.87625,-6,0,0.8774173,0.3089339,20.59467,-9.693867,-6.596649,-6.444357,4.291445,8312
32.14,11.3013,-6,0,0.7213949,0.3643533,-21.97023,-9.888928,-6.191769,-6.132228,4.09858,8324
32.16,-74.04169,-6,0,-0.2121168,-0.1638983,-47.37482,-5.078921,-7.13649,-6.974125,-3.811352,8288
32.18,53.2356,-6,0,-1.225202,-0.8658639,-50.41298,-7.367777,-5.85437,-6.284921,-3.390376,8372
32.2,-68.75568,-6,0,-1.318564,-1.207526,43.34277,4.368411,-7.541368,-7.400888,-7.281302,8284
32.22,6.271484,-6,0,-0.6459296,-0.8250332,31.31223,-1.814221,-6.664129,-6.839055,-0.05770826,8368
32.24,25.72699,-6,0,-0.1998625,-0.4592641,10.4878,0.2933947,-6.529169,-6.505853,3.331398,8340
32.26,42.23798,-6,0,-0.686079,-0.5267059,-38.56565,4.915299,-6.259249,-6.289657,2.32434,8308
32.28,35.1152,-6,0,-1.532238,-0.9430958,-46.67253,12.04916,-6.326729,-6.410368,-1.113696,8280
32.3,17.95819,-6,0,-2.341176,-1.459996,8.319858,18.47725,-6.596649,-6.746473,-4.421861,8288
32.32,-15.93124,-6,0,-0.577061,-0.6016251,77.51073,16.27023,-6.93405,-6.792228,3.331274,8300
32.34,-33.48746,-6,0,0.7793802,0.4367946,62.15194,7.268504,-6.86657,-6.596265,8.309132,8348
32.36,-67.69553,-6,0,1.195099,0.9110771,9.999249,-2.081933,-7.00153,-6.6933,6.877944,8356
32.38,-56.89691,-6,0,0.02934,0.2739961,-60.19925,-8.704111,-6.86657,-6.864614,-0.3774433,8332
32.4,-7.748627,-6,0,-0.859679,-0.5611419,-51.31375,-9.288778,-6.596649,-6.80685,-3.609676,8360
32.42,28.05612,-6,0,-1.641321,-1.294387,-26.88626,-2.198311,-6.529169,-6.780199,-5.079434,8332
32.44,39.17752,-6,0,-1.051537,-1.111023,33.63284,4.791731,-6.529169,-6.599415,-0.08699507,8316
32.46,29.9314,-6,0,-0.7580247,-0.7521958,11.17482,9.699471,-6.529169,-6.487237,2.411893,8308
32.48,8.083679,-6,0,-0.5267602,-0.4127865,5.846576,11.2522,-6.596649,-6.49524,3.272393,8344
32.5,-7.687347,-6,0,-0.125494,-0.04794547,19.06795,8.825953,-6.596649,-6.469981,4.289579,8316
32.52,-52.67026,-6,0,0.4665268,0.3581384,28.85422,3.785004,-6.93405,-6.692062,4.293354,8324
32.54,-57.48352,-6,0,0.6639543,0.5143961,7.327492,-4.835684,-6.86657,-6.723798,3.375452,8336
32.56,-19.46173,-6,0,0.6652557,0.4497504,-4.718313,-11.1048,-6.461689,-6.44217,3.209917,8336
32.58,-110.9818,-6,0,0.557988,0.2421537,-8.916789,-11.21872,-7.541368,-7.271582,-1.922032,8316
32.6,16.49838,-6,0,0.02770594,-0.1456152,-30.13817,-18.88075,-6.191769,-6.480743,-0.2024688,8356
32.62,75.71701,-6,0,-0.7781674,-0.7611859,-45.02367,-8.655105,-5.85437,-6.073083,-1.087301,8288
32.64,-1.31485,-6,0,-1.567473,-1.277223,-46.12291,6.509974,-6.799089,-6.78238,-5.662551,8280
32.66,-33.79709,-6,0,-2.251422,-1.688628,-21.28321,10.89958,-7.20397,-7.341526,-8.124648,8348
32.68,62.56839,-6,0,-1.258856,-1.202162,69.99928,8.023888,-6.259249,-6.510242,1.643899,8344
32.7,35.88226,-6,0,-0.4801001,-0.5595682,46.65575,13.49234,-6.529169,-6.383031,5.300412,8300
32.72,0.8107605,-6,0,-0.05438276,-0.005929172,10.74734,12.99992,-6.596649,-6.389011,6.118562,8308
32.74,-99.31256,-6,0,-0.539925,-0.1362642,-22.01603,10.17567,-7.541368,-7.292584,-0.9778647,8308
32.76,-90.67746,-6,0,-1.069582,-0.6013976,-26.84046,-0.320117,-7.541368,-7.632389,-4.505443,8372
32.78,33.48065,-6,0,-1.149417,-0.9428172,19.66337,-5.94953,-6.529169,-6.876273,-0.7356989,8360
32.8,53.18109,-6,0,-0.7208283,-0.8349938,19.09849,1.804036,-6.529169,-6.556011,2.838331,8300
32.82,37.83984,-6,0,-0.5178618,-0.5415571,-4.641977,8.363039,-6.529169,-6.432553,4.366478,8324
32.84,-65.16135,-6,0,-1.419036,-0.8799987,-46.06184,13.49543,-7.541368,-7.377868,-3.287465,8284
32.86,28.69781,-6,0,-2.284991,-1.446226,-30.70305,9.123859,-6.596649,-6.978577,-3.47259,8368
32.88,133.5592,-6,0,-1.202414,-1.022307,78.42676,12.99546,-5.65193,-5.876515,6.548437,8312
32.9,1.699463,-6,0,-0.2082578,-0.2166918,47.99926,23.14833,-6.86657,-6.42253,7.173807,8264
32.92,73.91086,-6,0,-0.4103921,0.1047231,-40.8252,16.94055,-5.58445,-5.644892,8.630013,8340
32.94,-22.9169,-6,0,-0.899721,-0.1376824,-34.36718,21.25288,-6.596649,-6.383271,1.594607,8248
32.96,60.60803,-6,0,-1.32607,-0.4326846,33.92292,15.68981,-5.58445,-5.841311,2.07409,8324
32.98,-51.67261,-6,0,-0.07583058,0.062452,47.81606,16.93374,-6.86657,-6.532558,2.958886,8272
33,37.37418,-6,0,0.782971,0.7271626,41.98399,3.924233,-5.58445,-5.604383,9.102368,8316
33.02,-477.596,0,0,0.8305935,0.8234019,-18.47404,3.778395,-6.596649,-6.241242,3.745404,8260
33.04,-350.6374,0,0,-0.2382947,-0.2530887,-54.79467,-45.81404,-6.259249,-6.358791,-3.189096,8304
33.06,-318.9156,0,0,-1.226327,-1.961681,-59.55803,-62.95088,-7.13649,-7.199162,-11.62842,8312
33.08,-117.5446,0,0,-1.684882,-3.07531,-14.94733,-69.11385,-5.85437,-6.298581,-6.421728,8336
33.1,-150.6679,0,0,-1.974774,-3.661644,-20.50458,-51.68317,-6.93405,-6.807031,-6.27151,8252
33.12,-13.66936,0,0,-2.563586,-3.896459,-38.42825,-41.3996,-5.58445,-5.819492,0.2834706,8312
33.14,8.696732,0,0,-3.899747,-4.459617,-75.23742,-16.82874,-5.58445,-5.6561,-0.5981997,8252
33.16,204.3622,0,0,-5.139517,-4.862612,-68.27558,5.710965,-3.425089,-3.943183,6.446968,8240
33.18,209.0704,0,0,-6.501429,-5.270262,5.251155,44.52684,-3.357609,-3.528672,6.307902,8128
33.2,-152.0348,0,0,-5.072085,-4.158823,57.72446,66.74158,-6.799089,-5.921888,3.836907,8108
33.22,-127.4275,0,0,-3.929076,-2.947305,56.60995,41.48467,-5.85437,-5.706773,10.07981,8324
33.24,-158.4345,0,0,-2.701849,-2.186486,51.92293,23.22007,-6.259249,-5.891016,11.58045,8276
33.26,-184.2252,0,0,-2.080253,-1.869038,24.213,5.848105,-6.529169,-6.157537,10.15182,8300
33.28,27.99002,0,0,-2.561819,-2.215728,-46.00077,-6.92743,-4.30233,-4.558086,13.36731,8304
33.3,-145.2595,0,0,-3.724432,-3.151296,-65.00841,9.199258,-6.529169,-6.095918,0.7315283,8156
33.32,-139.0561,0,0,-5.087364,-4.148198,-70.10765,6.566996,-6.529169,-6.660738,-4.77693,8284
33.34,77.03807,0,0,-6.151111,-5.082913,-1.54274,8.968102,-4.707209,-5.382731,0.0963192,8316
33.36,0.3509827,0,0,-5.277161,-4.811916,21.25116,30.26601,-5.92185,-5.749271,4.674227,8188
33.38,29.42313,0,0,-4.572392,-3.99364,21.98399,34.71132,-5.247049,-5.165865,11.96845,8292
33.4,90.63445,0,0,-4.499015,-3.496495,12.91528,40.19914,-4.30233,-4.272944,15.89598,8232
33.42,-28.12106,0,0,-3.83332,-2.843776,65.51073,47.91554,-5.247049,-4.749104,14.80596,8184
33.44,2.529572,0,0,-2.363705,-1.697905,59.99926,36.7611,-4.30233,-3.983609,21.48977,8228
33.46,-93.53053,0,0,-1.138838,-0.7572696,50.24354,28.49805,-4.909649,-4.226555,20.37929,8204
33.48,-86.02823,0,0,-0.3235509,-0.1227665,34.13666,10.65745,-4.30233,-3.838513,20.20964,8232
33.5,-108.7065,0,0,0.004826635,0.0155419,3.312223,-1.668259,-4.30233,-3.823662,16.24546,8172
33.52,-124.9438,0,0,-0.5996811,-0.4970812,-40.1687,-10.58535,-4.36981,-4.061668,8.924675,8164
33.54,-105.5479,0,0,-1.615954,-1.425424,-58.15345,-15.1611,-4.30233,-4.246516,2.415058,8196
33.56,46.11861,0,0,-2.74693,-2.424152,-63.11528,-12.62641,-2.95273,-3.32161,2.579923,8184
33.58,-44.9337,0,0,-3.712943,-3.262375,-47.34428,7.369076,-4.30233,-4.21281,-3.510022,8104
33.6,33.93974,0,0,-3.139613,-2.974764,25.77025,10.29396,-3.357609,-3.511385,4.676821,8160
33.62,-113.6318,0,0,-2.802666,-2.635115,15.49543,19.04438,-4.977129,-4.562148,2.09626,8104
33.64,-39.35081,0,0,-1.991964,-1.968001,44.94583,7.652712,-3.897449,-3.870915,8.874995,8196
33.66,-80.75284,0,0,-1.02221,-1.310115,35.38857,4.582383,-4.30233,-3.91446,10.80054,8156
33.68,-20.23212,0,0,-0.5994992,-0.8584899,10.90001,-3.00658,-3.357609,-3.173708,13.67007,8156
33.7,-29.63663,0,0,-1.24432,-1.124472,-38.59619,-0.3237692,-3.357609,-3.139298,8.926701,8128
33.72,-34.80964,0,0,-2.212483,-1.739763,-53.32901,3.301093,-3.357609,-3.294209,3.63655,8132
33.74,-47.13298,0,0,-3.248477,-2.519208,9.968714,8.287661,-3.627529,-3.677984,-1.434305,8116
33.76,-73.19157,0,0,-1.779535,-1.949375,49.70918,6.528153,-3.96493,-3.768964,4.96053,8116
33.78,5.395401,0,0,-1.043155,-1.315776,35.02216,0.5447571,-2.95273,-2.886625,11.2249,8140
33.8,-13.33717,0,0,-0.9734721,-1.072075,-0.2908313,4.067143,-3.02021,-2.748679,10.31067,8080
33.82,-31.21039,0,0,-1.749585,-1.372265,-41.20687,6.582912,-3.02021,-2.876777,5.535511,8100
33.84,-23.47995,0,0,-2.612579,-1.945074,-49.45115,8.971024,-2.95273,-2.987988,1.593842,8088
33.86,-47.44474,0,0,-2.201259,-1.912507,59.35805,10.3801,-3.290129,-3.190361,2.826946,8092
33.88,-86.21377,0,0,-1.13467,-1.313805,42.47254,5.874248,-3.627529,-3.353472,6.150172,8124
33.9,-13.80116,0,0,-0.6737648,-0.8809534,12.83895,-2.481199,-2.68281,-2.612121,10.08021,8120
33.92,-104.6646,0,0,-1.300497,-1.188044,-42.97787,0.7656933,-3.695009,-3.375526,2.653629,8084
33.94,-105.9762,0,0,-2.337556,-1.906307,-55.20688,-3.269673,-3.762489,-3.794817,-2.854613,8148
33.96,35.57584,0,0,-4.251895,-3.270233,-11.34427,-0.3726525,-2.68281,-3.254451,-5.771468,8132
33.98,32.33363,0,0,-2.922162,-2.927436,40.41147,12.66576,-3.08769,-3.08989,2.866057,8076
34,12.03798,0,0,-2.32694,-2.249876,21.09849,19.25515,-3.08769,-2.928043,7.195159,8092
34.02,-9.917328,0,0,-2.523784,-2.00159,-9.573277,21.89402,-3.08769,-2.952369,6.299363,8124
34.04,-6.963501,0,0,-2.894171,-2.079323,-27.48168,22.38286,-2.95273,-2.932379,4.790029,8112
34.06,82.36168,0,0,-2.851624,-2.033337,46.42675,23.0092,-1.940529,-2.100571,8.572373,8116
34.08,30.22209,0,0,-1.701223,-1.31972,51.25117,29.19859,-2.345409,-2.037119,12.2122,8052
34.1,-16.54709,0,0,-0.6891844,-0.4205829,39.66338,24.94142,-2.345409,-1.94717,14.29618,8056
34.12,-54.50232,0,0,-0.1339329,0.1316367,19.86185,15.46109,-2.345409,-1.959096,12.94793,8060
34.14,-50.4491,0,0,-0.1962634,0.1368116,-6.886253,5.265766,-2.075489,-1.859739,9.713894,8076
34.16,-38.51033,0,0,-0.7101713,-0.3103998,-30.94733,0.3024411,-1.940529,-1.858131,5.239528,8028
34.18,-131.2237,0,0,-1.250283,-0.9133245,-30.39771,-0.2416773,-3.08769,-2.871611,-2.343333,8048
34.2,-117.1627,0,0,-1.208577,-1.203343,-5.344268,-9.883474,-3.08769,-3.109022,-2.609462,8108
34.22,-80.72858,0,0,-1.255539,-1.479823,-9.87862,-14.63556,-3.02021,-3.08742,-1.935058,8084
34.24,-47.94,0,0,-1.67771,-1.865392,-26.1687,-12.81743,-2.95273,-3.04433,-2.131705,8088
34.26,-120.8089,0,0,-2.476156,-2.450592,-43.69542,-5.999087,-4.03241,-3.96784,-7.343427,8092
34.28,1.774132,0,0,-3.194435,-2.970066,-34.97786,-6.488364,-2.95273,-3.369189,-4.217689,8152
34.3,22.8873,0,0,-2.419748,-2.655056,25.09849,3.641612,-3.02021,-3.047777,2.602137,8084
34.32,15.5437,0,0,-2.123698,-2.181066,8.04505,11.60885,-2.95273,-2.838849,5.967752,8112
34.34,74.39989,0,0,-2.255452,-1.907174,-7.81755,16.45306,-2.075489,-2.112137,8.954873,8096
34.36,26.04823,0,0,-1.531685,-1.290546,51.44965,23.48942,-2.345409,-2.050732,11.15128,8024
34.38,-53.09924,0,0,-0.7295218,-0.5472268,35.95346,20.76698,-2.75029,-2.313441,11.23396,8072
34.4,-85.56535,0,0,-0.2035566,-0.06971897,22.12139,9.175969,-2.75029,-2.407409,10.14184,8092
34.42,-12.08307,0,0,0.6466249,0.4194743,39.80079,-4.318147,-1.738089,-1.575074,13.93306,8072
34.44,-27.75594,0,0,1.088935,0.6864039,15.20536,-7.31738,-1.738089,-1.3718,12.7185,8008
34.46,-142.1956,0,0,0.8023156,0.516923,-19.46641,-10.32184,-2.75029,-2.263276,4.568177,8004
34.48,-190.5137,0,0,-0.125871,-0.2285479,-51.37482,-21.32266,-3.290129,-3.124833,-4.12801,8104
34.5,-122.5977,0,0,-1.287979,-1.367337,-63.06948,-30.00209,-3.02021,-3.275141,-8.488907,8140
34.52,-60.30172,0,0,-2.296343,-2.459046,-33.95496,-25.65789,-3.02021,-3.349531,-10.02647,8112
34.54,-19.96793,0,0,-2.141132,-2.676917,-4.367168,-16.45608,-3.02021,-3.201423,-5.014947,8096
34.56,2.081863,0,0,-2.430379,-2.734192,-16.88626,-5.31701,-2.95273,-3.060402,-2.286911,8100
34.58,-4.140938,0,0,-2.896574,-2.820375,-13.03893,5.673449,-3.08769,-3.142301,-1.698554,8084
34.6,-32.53403,0,0,-1.623366,-1.976409,60.28934,8.845557,-3.290129,-3.092667,5.268344,8116
34.62,-98.36819,0,0,-0.869991,-1.211887,35.75498,5.630881,-3.762489,-3.389369,6.604887,8124
34.64,-13.17188,0,0,-0.6114231,-0.8172787,9.480165,-4.08304,-2.61533,-2.572072,10.02934,8124
34.66,-28.34029,0,0,-0.6332618,-0.7772703,-6.58091,-2.043222,-2.75029,-2.514396,8.260387,8080
34.68,-12.52182,0,0,-0.8957983,-0.8776531,-17.49694,-1.482038,-2.412889,-2.298268,7.007588,8084
34.7,-11.5766,0,0,-1.303857,-1.125892,4.045048,1.667044,-2.345409,-2.2611,4.771853,8072
34.72,-57.60798,0,0,-0.7742532,-0.8985368,22.07559,2.43238,-2.75029,-2.498043,5.244686,8080
34.74,-153.9085,0,0,-0.6624476,-0.8110604,1.999246,-2.206333,-3.695009,-3.340422,1.187661,8088
34.76,-35.27863,0,0,-0.7054898,-0.889231,-1.817549,-14.84606,-2.412889,-2.55955,4.171404,8124
34.78,-15.45041,0,0,-0.6159848,-0.9857171,-2.672511,-11.48596,-2.412889,-2.328353,4.78741,8056
34.8,-104.2387,0,0,-0.9088144,-1.161741,-18.68778,-6.474411,-3.357609,-3.071541,0.2467737,8056
34.82,11.69239,0,0,-1.493768,-1.485649,-29.40534,-10.30429,-2.075489,-2.312598,2.150866,8128
34.84,-80.95159,0,0,-1.339289,-1.554924,26.96109,-1.539046,-3.290129,-3.029824,-0.04874933,8056
34.86,16.28785,0,0,-0.9559537,-1.241894,6.548866,-6.003011,-2.075489,-2.168736,6.099068,8148
34.88,17.6128,0,0,-1.083645,-1.190122,-12.36717,1.105802,-2.075489,-1.965834,5.976532,8052
34.9,1.962051,0,0,-1.306272,-1.182256,-13.69542,6.577767,-2.075489,-1.956285,4.948879,8056
34.92,-129.8353,0,0,-0.7794908,-0.867722,35.54124,7.045817,-3.357609,-2.926323,2.251908,8056
34.94,-47.56326,0,0,-0.2629051,-0.4983817,26.442,-7.449253,-2.277929,-2.276279,6.549206,8116
34.96,-51.17701,0,0,-0.101099,-0.44175,11.87711,-9.392264,-2.412889,-2.223556,5.738204,8060
34.98,-147.6451,0,0,-0.124939,-0.5139461,-6.840452,-11.10956,-3.425089,-3.059814,0.9011101,8060
35,-11.14526,0,0,-0.4755406,-0.7720451,-22.93206,-20.88277,-1.940529,-2.148928,3.475033,8128
35.02,-88.61774,0,0,-1.010894,-1.278315,-32.47404,-12.09431,-3.08769,-2.888296,-2.059653,8036
35.04,-75.19457,0,0,-1.759688,-1.8064,-29.26794,-11.78755,-3.02021,-3.103133,-4.245972,8092
35.06,-55.60299,0,0,-1.261199,-1.716266,25.78551,-11.407,-3.02021,-3.02099,-0.2616236,8076
35.08,-54.39777,0,0,-1.131981,-1.586207,2.365658,-9.559098,-3.08769,-3.006806,1.333332,8080
35.1,-50.88705,0,0,-1.466205,-1.687656,-20.45878,-7.312895,-3.08769,-3.043718,0.7077706,8096
35.12,-37.3317,0,0,-1.823397,-1.882528,-24.36718,-4.411869,-3.02021,-3.030713,0.3986986,8076
35.14,-28.1744,0,0,-1.405297,-1.664353,23.5107,-2.186999,-2.95273,-2.878561,3.590925,8096
35.16,-47.0518,0,0,-1.148035,-1.397222,12.56413,-0.5846073,-3.08769,-2.909659,4.610565,8088
35.18,35.1551,0,0,-1.267461,-1.303185,-5.191597,-1.100953,-2.075489,-2.135508,7.409142,8080
35.2,27.65262,0,0,-1.097598,-1.12259,12.54887,6.363525,-2.075489,-1.911968,8.270563,8032
35.22,1.722488,0,0,-0.9498246,-0.8602883,5.358026,10.09246,-2.075489,-1.858693,8.175162,8044
35.24,-48.39369,0,0,-0.4639797,-0.4625864,33.52597,8.463688,-2.345409,-2.035383,7.869412,8044
35.26,-77.96822,0,0,0.2495325,0.02083206,33.20536,0.1445205,-2.412889,-2.093901,8.41485,8052
35.28,-85.50018,0,0,0.564958,0.2298079,13.44963,-9.465901,-2.345409,-2.082091,7.282682,8064
35.3,-63.50844,0,0,0.4189316,0.07764976,-10.71832,-16.29651,-2.075489,-1.937706,5.277805,8076
35.32,-140.145,0,0,-0.1116688,-0.4165336,-30.45878,-17.18402,-3.02021,-2.76269,-1.609741,8048
35.34,-117.0334,0,0,-0.8597156,-1.095159,-39.8939,-23.25706,-2.95273,-3.021841,-5.00563,8116
35.36,-54.44836,0,0,-1.372171,-1.711347,-6.733582,-23.24829,-2.68281,-2.881335,-4.73471,8080
35.38,-31.37584,0,0,-1.478439,-1.963746,-10.00076,-16.371,-2.75029,-2.827659,-2.752239,8068
35.4,-12.78456,0,0,-1.905453,-2.165149,-26.44351,-8.141315,-2.68281,-2.759082,-1.850345,8092
35.42,3.783417,0,0,-2.612553,-2.484694,-37.90916,1.298769,-2.61533,-2.737016,-2.189253,8072
35.44,-20.43346,0,0,-3.322575,-2.854782,6.197721,11.35059,-3.02021,-3.102502,-4.00952,8092
35.46,-22.31357,0,0,-1.996928,-2.112131,51.78552,12.05378,-3.02021,-2.937991,4.006434,8116
35.48,46.43099,0,0,-1.175752,-1.307274,34.28933,9.858017,-2.075489,-2.027974,11.15959,8104
35.5,0.2548218,0,0,-1.009353,-0.8973528,9.022148,14.55845,-2.345409,-2.040379,10.07176,8044
35.52,-143.7679,0,0,-1.026013,-0.7657274,10.25879,12.78048,-3.627529,-3.15152,3.507586,8052
35.54,-65.69797,0,0,0.2112916,-0.1145082,51.35804,-6.401218,-2.54785,-2.442724,10.03575,8120
35.56,11.37949,0,0,0.9212565,0.3216846,27.22063,-13.44453,-1.670609,-1.506194,13.84619,8072
35.58,-96.11391,0,0,0.608866,0.2094105,-23.63435,-9.741833,-2.68281,-2.196342,6.527365,8008
35.6,-83.04042,0,0,-0.5999411,-0.5237858,-65.95498,-14.73123,-2.412889,-2.390118,-0.08937693,8068
35.62,-51.4173,0,0,-1.970006,-1.64728,-52.33665,-12.63897,-2.412889,-2.610565,-5.752115,8056
35.64,-28.24739,0,0,-0.9628935,-1.468259,41.03743,-10.42692,-2.412889,-2.418166,0.7965102,8060
35.66,-46.29418,0,0,-0.7403625,-1.226125,15.99925,-7.303114,-2.61533,-2.472622,2.168338,8056
35.68,-141.5175,0,0,-0.9246912,-1.238694,-14.01603,-6.711294,-3.627529,-3.342652,-1.962571,8048
35.7,-131.7599,0,0,-1.415999,-1.573663,-29.02366,-14.57419,-3.627529,-3.647125,-4.134926,8132
35.72,-16.89594,0,0,-1.259833,-1.689875,9.66337,-19.04216,-2.68281,-2.895113,1.077096,8140
35.74,0.4090881,0,0,-1.079614,-1.61873,-1.863351,-10.8427,-2.68281,-2.622182,3.701677,8052
35.76,-2.155991,0,0,-1.452547,-1.651245,-20.27557,-2.598471,-2.61533,-2.536873,3.358987,8084
35.78,-19.96738,0,0,-2.075289,-1.886853,-33.8939,4.38006,-2.75029,-2.706147,1.016686,8092
35.8,64.70941,0,0,-2.348331,-1.990967,27.58704,8.171348,-1.805569,-2.000267,4.208946,8076
35.82,-54.05344,0,0,-1.164292,-1.302198,46.24353,15.89602,-3.02021,-2.593402,6.188836,8028
35.84,-6.314415,0,0,-0.4528009,-0.558507,29.38857,6.862518,-2.075489,-1.940002,10.96631,8100
35.86,-21.24602,0,0,-0.2691901,-0.2776295,10.6252,4.870925,-2.075489,-1.815801,9.791265,8048
35.88,-71.81661,0,0,-0.0990122,-0.136985,17.25116,1.403824,-2.412889,-2.09441,7.052347,8080
35.9,-78.20851,0,0,0.03433553,-0.1027115,5.938179,-6.460998,-2.345409,-2.146982,5.530024,8080
35.92,-76.58773,0,0,-0.004015151,-0.2451772,-0.8557167,-12.26907,-2.345409,-2.200595,3.634492,8060
35.94,-76.61618,0,0,-0.08329985,-0.4428881,-9.802284,-15.71697,-2.412889,-2.292655,2.044071,8052
35.96,-37.1582,0,0,-0.421059,-0.7506661,-20.19923,-16.97449,-2.075489,-2.089806,1.432357,8060
35.98,-18.25669,0,0,-0.9361175,-1.147342,-20.38244,-12.25884,-2.008009,-2.032087,0.0694505,8024
36,-11.91155,0,0,-1.176256,-1.347299,-4.51984,-6.379057,-2.008009,-2.012463,0.2104965,8016
36.02,-35.15893,0,0,-1.250381,-1.378563,-2.397702,-1.553809,-2.277929,-2.205298,0.08518729,8040
36.04,-44.10053,0,0,-1.052488,-1.221027,8.701538,-1.231361,-2.345409,-2.266067,1.390092,8060
36.06,-46.46932,0,0,-0.7361446,-0.9820867,11.98398,-2.859519,-2.345409,-2.236428,2.966793,8076
36.08,-49.12634,0,0,-0.6259464,-0.8536809,4.854208,-4.580788,-2.345409,-2.227039,3.210823,8052
36.1,-63.03682,0,0,-0.55159,-0.7973362,3.464895,-6.266635,-2.48037,-2.336776,2.67528,8048
36.12,-50.51213,0,0,-0.5981905,-0.8327374,-1.176328,-8.679005,-2.345409,-2.273984,2.539879,8052
36.14,-39.95444,0,0,-0.689644,-0.9243534,-5.81755,-8.745618,-2.277929,-2.216001,2.309177,8056
36.16,-42.93878,0,0,-0.831611,-1.035976,-8.183965,-7.296937,-2.345409,-2.26929,1.620137,8064
36.18,-41.6588,0,0,-0.8466107,-1.066984,-0.4282355,-6.54862,-2.345409,-2.275395,1.817927,8044
36.2,-41.10302,0,0,-0.783096,-1.030254,2.258788,-6.084269,-2.345409,-2.260627,2.334268,8052
36.22,-17.90636,0,0,-0.7532235,-0.9792495,2.274055,-5.78976,-2.075489,-2.032783,3.532548,8068
36.24,-134.3243,0,0,-0.7625628,-0.9985922,-0.2908313,-3.35579,-3.357609,-3.014409,-0.9716201,8032
36.26,-50.6507,0,0,-0.7896739,-1.02478,-0.7030448,-13.34747,-2.412889,-2.522207,1.661219,8104
36.28,-24.92595,0,0,-0.7353828,-1.098312,4.136652,-11.67048,-2.345409,-2.313077,2.711561,8056
36.3,-30.37554,0,0,-0.834326,-1.139661,-11.06946,-7.64929,-2.412889,-2.313871,2.553101,8060
36.32,10.46051,0,0,-1.289172,-1.328669,-25.45115,-4.189947,-1.940529,-1.992026,2.663895,8068
36.34,-22.68523,0,0,-1.681861,-1.554315,9.770241,3.382533,-2.345409,-2.270616,0.4764348,8052
36.36,-29.84328,0,0,-1.238478,-1.298326,15.92291,3.925344,-2.345409,-2.256201,3.038936,8080
36.38,-40.54789,0,0,-1.167306,-1.156116,-1.954954,3.264853,-2.412889,-2.305767,3.107985,8072
36.4,-36.92075,0,0,-1.131407,-1.095407,12.10612,1.593612,-2.345409,-2.271628,3.2514,8068
36.42,-39.25333,0,0,-0.7863972,-0.9036747,12.28933,-0.1406907,-2.345409,-2.218966,4.468535,8048
36.44,-55.45117,0,0,-0.7922845,-0.8677916,-4.794649,-1.603415,-2.48037,-2.334876,3.371527,8068
36.46,-44.27335,0,0,-0.8465324,-0.914357,2.823674,-4.071163,-2.345409,-2.277919,3.051712,8072
36.48,-47.2277,0,0,-0.8301259,-0.9584478,-3.054191,-4.621517,-2.412889,-2.316679,2.670825,8048
36.5,-45.4698,0,0,-0.9389992,-1.047809,-5.771749,-4.968142,-2.412889,-2.342874,2.081394,8072
36.52,-7.660606,0,0,-0.8171589,-1.001817,3.098483,-5.291076,-2.008009,-1.997371,4.121832,8064
36.54,-9.447693,0,0,-0.8212618,-0.9643804,-0.596175,-1.685348,-2.008009,-1.905602,4.259265,8040
36.56,-19.66853,0,0,-0.7490267,-0.8549085,5.403827,0.3192974,-2.008009,-1.877987,4.407602,8048
36.58,-36.57536,0,0,-0.555452,-0.6842366,10.27406,0.02983803,-2.075489,-1.91289,4.505312,8032
36.6,-45.52508,0,0,-0.4180525,-0.5594866,6.777874,-2.326861,-2.075489,-1.926547,4.26499,8040
36.62,-38.07343,0,0,-0.3392819,-0.5069262,1.968712,-5.063645,-1.940529,-1.832511,4.203618,8040
36.64,-51.65233,0,0,-0.3742624,-0.5520408,-2.077091,-6.073553,-2.075489,-1.938619,2.880538,8092
36.66,-52.44537,0,0,-0.409528,-0.6171143,-3.099992,-8.010324,-2.075489,-1.980922,2.172722,8048
36.68,-49.33742,0,0,-0.4507309,-0.6978884,-0.9015187,-9.244628,-2.075489,-1.999538,1.728221,8036
36.7,-45.28835,0,0,-0.5369883,-0.7953075,-4.703047,-9.482474,-2.075489,-2.013016,1.338745,8032
36.72,-59.77758,0,0,-0.5679592,-0.8601679,-2.24503,-9.126134,-2.277929,-2.176502,0.6664813,8040
36.74,-32.09,0,0,-0.6535252,-0.92554,-5.176329,-10.06553,-2.008009,-2.006111,1.439624,8028
36.76,-32.6216,0,0,-0.6987952,-0.9732557,-2.580908,-7.741839,-2.075489,-2.009218,1.504021,8040
36.78,-32.78009,0,0,-0.7915689,-1.006363,-6.626712,-5.967493,-2.075489,-2.01458,1.489612,8044
36.8,-62.82675,0,0,-0.8171237,-1.019228,2.716804,-4.745607,-2.412889,-2.285607,0.5222991,8044
36.82,-56.07328,0,0,-0.7573708,-0.9890447,1.251154,-7.125914,-2.345409,-2.290225,1.12869,8060
36.84,-55.64701,0,0,-0.7947195,-1.032324,-3.909153,-7.939405,-2.412889,-2.347102,0.9506721,8064
36.86,-50.00245,0,0,-0.8662033,-1.100438,-2.962588,-8.220059,-2.412889,-2.364056,0.9504566,8048
36.88,-38.48863,0,0,-0.9163157,-1.151121,-3.787015,-7.660993,-2.345409,-2.308707,1.418432,8060
36.9,-28.96959,0,0,-0.9622813,-1.175158,-2.000756,-5.96604,-2.277929,-2.233476,1.972473,8060
36.92,-35.20451,0,0,-0.9374012,-1.138837,1.464895,-3.936537,-2.345409,-2.255034,2.286401,8052
36.94,-38.23138,0,0,-0.8946148,-1.072317,3.098483,-3.34609,-2.345409,-2.252912,2.653122,8044
36.96,-46.8015,0,0,-0.8102211,-0.9945696,3.938178,-3.524916,-2.412889,-2.297872,2.777522,8040
36.98,-43.02883,0,0,-0.7358603,-0.928745,3.144284,-4.742508,-2.345409,-2.251251,3.151644,8068
37,-43.94074,0,0,-0.6829528,-0.8904174,1.571765,-5.345722,-2.345409,-2.238125,3.172621,8044
37.02,-45.10299,0,0,-0.7088055,-0.9006723,-0.9931214,-5.783869,-2.345409,-2.245162,2.826635,8044
37.04,-21.4651,0,0,-0.6971103,-0.8949419,0.3809245,-6.199115,-2.075489,-2.029492,3.676736,8060
37.06,-22.67909,0,0,-0.7094177,-0.8899209,-0.01602192,-4.052401,-2.075489,-1.975218,3.617278,8044
37.08,-28.69714,0,0,-0.7054799,-0.8537225,0.5793981,-2.759206,-2.075489,-1.964923,3.486123,8064
37.1,-34.70992,0,0,-0.6131288,-0.7730075,4.838942,-2.780053,-2.075489,-1.956667,3.602057,8052
37.12,-64.03114,0,0,-0.5083925,-0.7005092,4.594666,-3.752767,-2.345409,-2.170327,2.652888,8032
37.14,-66.67185,0,0,-0.4482915,-0.676158,2.884742,-7.567092,-2.345409,-2.233299,2.272822,8060
37.16,-146.5507,0,0,-0.4274961,-0.7588067,0.3809245,-10.53276,-3.290129,-3.020591,-1.431759,8048
37.18,-27.97935,0,0,-0.5290431,-0.8989332,-6.031292,-20.16918,-2.075489,-2.262072,1.937639,8108
37.2,1.018261,0,0,-0.7114596,-1.118581,-8.641978,-14.01908,-2.008009,-2.004958,2.385738,8032
37.22,-0.2439041,0,0,-1.063257,-1.28199,-22.51984,-5.916911,-2.008009,-1.962355,1.857857,8060
37.24,-2.913422,0,0,-1.64679,-1.542675,-21.28321,1.050679,-2.008009,-2.016484,0.2883739,8072
37.26,-44.62756,0,0,-1.063872,-1.227382,32.02979,3.86291,-2.412889,-2.242551,2.363553,8016
37.28,-56.52711,0,0,-0.6399664,-0.8511301,17.90765,0.216538,-2.412889,-2.254632,3.959612,8052
37.3,-54.66923,0,0,-0.5622105,-0.7236593,4.136652,-3.771785,-2.345409,-2.22361,3.776588,8076
37.32,-60.66906,0,0,-0.5042049,-0.7075181,0.3961921,-6.461976,-2.412889,-2.28146,3.114687,8036
37.34,-58.64944,0,0,-0.6058733,-0.8061735,-5.099993,-8.588197,-2.412889,-2.322609,2.154771,8060
37.36,-48.16088,0,0,-0.6088517,-0.8766445,-1.695411,-9.751495,-2.345409,-2.27709,2.223575,8052
37.38,-43.91172,0,0,-0.727018,-0.9811673,-4.825184,-9.109143,-2.345409,-2.276685,1.798122,8044
37.4,-41.42363,0,0,-0.786223,-1.041702,-1.252663,-8.0456,-2.345409,-2.275615,1.794691,8052
37.42,-40.24159,0,0,-0.8072196,-1.057895,-0.2144953,-7.001912,-2.345409,-2.269715,1.994288,8052
37.44,-40.01313,0,0,-0.8281448,-1.057836,-1.16106,-6.120397,-2.345409,-2.265778,2.146553,8048
37.46,-40.4254,0,0,-0.8144741,-1.035498,0.2740546,-5.546514,-2.345409,-2.259456,2.382933,8056
37.48,-29.20723,0,0,-0.8055227,-1.006736,0.5030622,-5.225826,-2.210449,-2.146517,2.993026,8056
37.5,-42.75513,0,0,-0.7858261,-0.9771551,1.266421,-3.954472,-2.345409,-2.223551,2.673311,8056
37.52,-46.00466,0,0,-0.7792391,-0.9516932,0.9458106,-4.508313,-2.345409,-2.247451,2.573354,8068
37.54,-52.53283,0,0,-0.7139221,-0.9194949,2.945811,-5.40504,-2.412889,-2.302413,2.483226,8056
37.56,-57.58796,0,0,-0.7754713,-0.963092,-2.84045,-6.51048,-2.48037,-2.385103,1.813266,8072
37.58,-42.49552,0,0,-0.7531792,-0.98299,0.3198562,-7.792585,-2.345409,-2.292278,2.363578,8048
37.6,-39.10146,0,0,-0.7943946,-1.022945,-1.939687,-6.996354,-2.345409,-2.269257,2.331846,8044
37.62,-33.03131,0,0,-0.8041204,-1.025912,-1.054191,-6.073177,-2.277929,-2.205218,2.687364,8056
37.64,-40.68297,0,0,-0.7620892,-0.9874803,2.777872,-4.965353,-2.345409,-2.234467,2.749277,8072
37.66,-43.45359,0,0,-0.7780445,-0.9693026,-0.9473198,-4.971354,-2.345409,-2.247999,2.619148,8064
37.68,-50.56891,0,0,-0.7278061,-0.9393232,3.373292,-5.409448,-2.412889,-2.301584,2.51295,8076
37.7,-50.87158,0,0,-0.7166544,-0.9335266,-0.3519,-6.464543,-2.412889,-2.318077,2.412194,8048
37.72,-37.20368,0,0,-0.7418377,-0.9564691,-1.328999,-7.118331,-2.277929,-2.218348,2.705233,8048
37.74,-42.05321,0,0,-0.7308865,-0.9629619,0.5335966,-6.199002,-2.345409,-2.242582,2.583119,8056
37.76,-43.87368,0,0,-0.7140076,-0.9452049,1.266421,-6.122066,-2.345409,-2.2468,2.629098,8052
37.78,-44.83111,0,0,-0.6975873,-0.9293081,0.1519171,-6.307867,-2.345409,-2.247561,2.63653,8048
37.8,-45.11934,0,0,-0.7185928,-0.9385811,-0.1381594,-6.476361,-2.345409,-2.253187,2.472486,8044
37.82,-44.88539,0,0,-0.7212431,-0.9467227,-0.4129688,-6.607316,-2.345409,-2.255418,2.42756,8048
37.84,-44.52705,0,0,-0.7272213,-0.9552093,0.2587874,-6.65131,-2.345409,-2.256557,2.394039,8048
37.86,-44.26395,0,0,-0.7240495,-0.9572114,-0.03128911,-6.650035,-2.345409,-2.255711,2.417529,8048
37.88,-44.28227,0,0,-0.7096397,-0.9497375,0.5030622,-6.661992,-2.345409,-2.252989,2.48699,8060
37.9,-56.45407,0,0,-0.7120201,-0.9541612,0.1366499,-6.680335,-2.48037,-2.362532,1.984134,8052
37.92,-43.90532,0,0,-0.7089949,-0.9572859,0.1671843,-7.918936,-2.345409,-2.282447,2.41276,8048
37.94,-41.33937,0,0,-0.7241673,-0.9773628,-0.7488468,-7.430397,-2.345409,-2.261207,2.437067,8060
37.96,-41.07347,0,0,-0.784362,-1.009127,-2.183961,-6.669115,-2.345409,-2.262065,2.271636,8044
37.98,-41.51913,0,0,-0.7493638,-0.9897005,1.22062,-6.220124,-2.345409,-2.253752,2.531116,8044
38,-42.29937,0,0,-0.7681344,-0.9855872,-0.4740371,-5.920424,-2.345409,-2.254535,2.484526,8068
38.02,-43.01303,0,0,-0.744316,-0.9664829,0.6557342,-5.867579,-2.345409,-2.251486,2.598043,8036
38.04,-49.50116,0,0,-0.7608215,-0.9707888,-0.01602192,-5.871891,-2.412889,-2.309342,2.258177,8044
38.06,-49.34537,0,0,-0.751914,-0.9722282,0.01451245,-6.554818,-2.412889,-2.324018,2.250945,8072
38.08,-35.72949,0,0,-0.7639219,-0.9842052,0.06031401,-6.947622,-2.277929,-2.219721,2.684649,8064
38.1,-40.78493,0,0,-0.7725226,-0.9930156,-0.1686933,-5.808693,-2.345409,-2.245389,2.521221,8068
38.12,-42.51713,0,0,-0.7759623,-0.9840411,0.3961921,-5.548327,-2.345409,-2.252331,2.522416,8084
38.14,-49.46823,0,0,-0.7378984,-0.9593478,2.121383,-5.66594,-2.412889,-2.304001,2.429352,8048
38.16,-44.03147,0,0,-0.7120427,-0.9392048,0.6251997,-6.523376,-2.345409,-2.261924,2.683703,8044
38.18,-43.14354,0,0,-0.7388276,-0.9559886,-0.5351062,-6.477623,-2.345409,-2.256444,2.52749,8064
38.2,-43.13848,0,0,-0.739356,-0.9616718,-0.2602969,-6.3498,-2.345409,-2.254665,2.518112,8048
38.22,-43.33314,0,0,-0.7436572,-0.9643464,0.4419934,-6.250079,-2.345409,-2.254622,2.495729,8056
38.24,-55.59035,0,0,-0.7374074,-0.9663468,-0.04655629,-6.232199,-2.48037,-2.363086,2.03539,8056
38.26,-43.09871,0,0,-0.7443817,-0.9735852,0.5183294,-7.428293,-2.345409,-2.284312,2.418829,8048
38.28,-40.45415,0,0,-0.7659063,-0.998185,-1.313733,-6.897913,-2.345409,-2.264112,2.422998,8056
38.3,-40.10794,0,0,-0.8238131,-1.029704,-0.9167854,-6.105413,-2.345409,-2.264418,2.281148,8060
38.32,-40.39074,0,0,-0.8072358,-1.019853,-0.06182348,-5.576043,-2.345409,-2.258463,2.474398,8036
38.34,-40.9935,0,0,-0.8205609,-1.015019,0.4572606,-5.21776,-2.345409,-2.258106,2.480009,8060
38.36,-35.48167,0,0,-0.8192184,-1.004105,-0.3366328,-5.039047,-2.277929,-2.202928,2.762283,8048
38.38,-42.30753,0,0,-0.8026907,-0.9867622,0.5793981,-4.418381,-2.345409,-2.240663,2.627867,8076
38.4,-43.97421,0,0,-0.8040078,-0.9758916,0.2435202,-4.698687,-2.345409,-2.253337,2.549991,8068
38.42,-44.4301,0,0,-0.7461762,-0.9451524,2.457261,-5.220121,-2.345409,-2.24995,2.726467,8064
38.44,-44.57127,0,0,-0.7600729,-0.9495862,-0.9931214,-5.587024,-2.345409,-2.254356,2.562107,8056
38.46,-50.33377,0,0,-0.7545324,-0.9572808,0.9000088,-5.866386,-2.412889,-2.310553,2.28053,8052
38.48,-49.58649,0,0,-0.7685725,-0.9767309,-0.4282355,-6.594015,-2.412889,-2.32806,2.157091,8048
38.5,-47.7109,0,0,-0.7513006,-0.9855858,0.4114593,-7.04413,-2.412889,-2.328321,2.25091,8060
38.52,-34.03149,0,0,-0.7827827,-1.006334,-1.267931,-7.050292,-2.277929,-2.221709,2.652494,8052
38.54,-51.76289,0,0,-0.7480437,-0.9940482,0.7931387,-5.777133,-2.48037,-2.348678,2.230257,8064
38.56,-41.65243,0,0,-0.768295,-0.9871597,-0.06182348,-6.65882,-2.345409,-2.277796,2.555226,8080
38.58,-40.55793,0,0,-0.721925,-0.965201,1.92291,-6.354954,-2.345409,-2.25137,2.807246,8072
38.6,-35.54586,0,0,-0.7640283,-0.9716424,-2.077091,-5.926284,-2.277929,-2.197562,2.845973,8048
38.62,-55.06683,0,0,-0.7216896,-0.9492021,1.739704,-5.267995,-2.48037,-2.341352,2.31179,8052
38.64,-44.64489,0,0,-0.7384191,-0.9476129,-0.0007547362,-6.754928,-2.345409,-2.276891,2.542069,8060
38.66,-30.15185,0,0,-0.7582124,-0.9682654,-2.046557,-6.62424,-2.210449,-2.153156,2.946038,8064
38.68,-42.20926,0,0,-0.7952454,-0.9905751,0.1824515,-4.971556,-2.345409,-2.232829,2.408369,8052
38.7,-44.82396,0,0,-0.772466,-0.9692991,1.403826,-5.145895,-2.345409,-2.250515,2.478328,8048
38.72,-45.49778,0,0,-0.7093476,-0.9304098,2.793139,-5.711059,-2.345409,-2.247637,2.689226,8048
38.74,-45.46948,0,0,-0.7470498,-0.9456996,-1.237397,-6.06564,-2.345409,-2.256134,2.42515,8048
38.76,-50.98319,0,0,-0.725966,-0.9486223,1.006879,-6.358844,-2.412889,-2.310151,2.236401,8048
38.78,-44.18474,0,0,-0.7400373,-0.9632753,-0.2297625,-7.065894,-2.345409,-2.27224,2.3651,8044
38.8,-42.55968,0,0,-0.7333286,-0.9715117,0.1061156,-6.862105,-2.345409,-2.259178,2.449241,8064
38.82,-42.55401,0,0,-0.7404885,-0.9742882,0.02977964,-6.538525,-2.345409,-2.255451,2.463496,8052
38.84,-42.96625,0,0,-0.7390399,-0.9694061,0.1977187,-6.325133,-2.345409,-2.253682,2.498171,8052
38.86,-43.46012,0,0,-0.7333197,-0.9612056,0.1671843,-6.242369,-2.345409,-2.252584,2.527757,8048
38.88,-43.83994,0,0,-0.7352542,-0.958134,0.06031401,-6.234913,-2.345409,-2.25334,2.50508,8072
38.9,-56.08675,0,0,-0.7298196,-0.9599313,0.3351234,-6.297184,-2.48037,-2.362719,2.027936,8064
38.92,-43.55873,0,0,-0.7288786,-0.963958,0.1061156,-7.567878,-2.345409,-2.283177,2.436622,8052
38.94,-41.04139,0,0,-0.7348609,-0.9798188,-0.01602192,-7.128219,-2.345409,-2.260821,2.492531,8064
38.96,-35.15791,0,0,-0.7585981,-0.9875549,-1.588542,-6.501754,-2.277929,-2.201758,2.703297,8060
38.98,-42.26669,0,0,-0.7464415,-0.9726229,1.266421,-5.525754,-2.345409,-2.237509,2.595336,8076
39,-44.30193,0,0,-0.7590548,-0.9635291,-0.7641136,-5.565255,-2.345409,-2.25075,2.497992,8064
39.02,-613.2938,8,0,-0.7333853,-0.9536331,1.037414,-5.885212,-2.48037,-2.361306,2.080675,8084
39.04,-462.257,8,0,-0.7559912,-1.576053,-1.008389,-64.06533,-2.345409,-2.296899,0.7015292,8060
39.06,-351.0468,8,0,-0.9819736,-2.760509,-15.81755,-86.70392,-2.345409,-2.283006,-1.723797,8060
39.08,-272.6137,8,0,-1.603277,-3.846956,-35.29847,-88.35293,-2.345409,-2.261212,-2.575774,8068
39.1,-188.236,8,0,-2.597649,-4.774219,-55.25268,-78.27882,-2.008009,-1.994702,-1.878162,8052
39.12,-154.8045,8,0,-3.877331,-5.622208,-71.11528,-59.07973,-2.075489,-2.025532,-2.557968,8040
39.14,-119.3209,8,0,-5.432293,-6.476399,-81.61911,-38.19805,-2.008009,-2.065837,-3.391961,8024
39.16,-87.88248,8,0,-6.97155,-7.296744,-43.81756,-16.02954,-2.008009,-2.150195,-3.749145,8040
39.18,-54.80255,8,0,-5.695167,-6.504946,49.2359,-1.26136,-1.738089,-1.606032,8.867884,8036
39.2,14.00079,8,0,-5.232657,-5.621765,27.05269,10.4662,-0.7258892,-0.5441976,17.56973,8016
39.22,-81.62436,8,0,-5.205396,-5.050211,29.2359,24.78917,-1.40069,-0.8398954,16.33323,7964
39.24,-71.66339,8,0,-4.186711,-4.073354,52.33514,21.65571,-0.7258892,-0.283117,21.84908,8000
39.26,-178.3548,8,0,-3.104362,-3.167605,50.60995,17.10467,-1.46817,-0.6778833,21.13947,7956
39.28,-153.0027,8,0,-2.430459,-2.563733,26.02979,1.09328,-0.7258892,-0.2150932,22.1094,7996
39.3,-227.9509,8,0,-2.294547,-2.527726,-1.099992,-7.709476,-1.40069,-0.7302594,16.18199,7964
39.32,-233.5832,8,0,-2.687206,-2.93696,-24.67252,-20.10707,-1.40069,-0.9998422,10.847,8020
39.34,-233.3065,8,0,-3.534778,-3.788399,-47.55802,-26.46127,-1.670609,-1.42702,4.610245,7976
39.36,-108.3781,8,0,-4.794141,-4.884425,-67.46642,-26.74802,-0.7258892,-0.9060194,3.221954,7996
39.38,-90.44202,8,0,-6.197499,-6.020817,-55.57329,-9.981805,-1.06329,-1.128901,-0.4584527,7936
39.4,-22.27014,8,0,-6.289772,-6.207294,-14.51984,3.765848,-0.5234499,-0.6239746,5.502642,7976
39.42,-63.72577,8,0,-6.061046,-5.896287,21.96872,19.24353,-0.9958096,-0.7527642,8.618964,7944
39.44,-72.31989,8,0,-5.09929,-5.007384,41.92292,22.59693,-0.7933693,-0.4647467,15.05715,7992
39.46,-73.61395,8,0,-4.148724,-4.065436,54.1672,21.00957,-0.4559698,-0.02697153,19.7819,7968
39.48,-74.04489,8,0,-3.376005,-3.278348,44.1214,17.33618,-0.05108929,0.4390032,22.28555,7964
39.5,-88.75806,8,0,-2.711545,-2.655706,37.99926,12.69662,0.2188301,0.7717394,22.77294,7936
39.52,-59.242,8,0,-2.360996,-2.28067,10.671,6.942221,0.9611101,1.400993,22.96885,7896
39.54,-39.38745,8,0,-2.479598,-2.260226,-7.832818,6.303698,1.500951,1.891361,20.75058,7864
39.56,-122.1369,8,0,-2.448945,-2.271145,1.510696,7.709505,0.89363,1.464568,15.67155,7828
39.58,-86.96762,8,0,-2.401719,-2.268504,1.663368,0.1795492,1.568431,1.841057,15.11526,7876
39.6,-64.64459,8,0,-2.199198,-2.242987,3.587033,-1.835148,1.90583,2.201857,15.03505,7824
39.62,-101.2839,8,0,-2.462355,-2.415411,-17.22214,-0.2355269,1.63591,2.000624,11.13188,7812
39.64,-59.23706,8,0,-2.414369,-2.437785,8.075583,-2.906034,2.243231,2.421955,11.9786,7824
39.66,-11.66968,8,0,-2.327085,-2.388871,-2.504572,-0.6204053,2.850551,3.021416,13.59636,7792
39.68,-46.51938,8,0,-2.398078,-2.353288,-0.07709067,5.86832,2.64811,2.982885,11.74681,7752
39.7,-16.49353,8,0,-2.307536,-2.190699,9.342759,6.44371,3.25543,3.446194,13.014,7764
39.72,-91.72272,8,0,-1.816908,-1.854877,19.70918,8.367973,2.64811,3.113828,11.67929,7728
39.74,-63.51257,8,0,-1.566252,-1.587081,11.43436,1.251234,3.25543,3.492173,12.56244,7764
39.76,-15.21033,8,0,-1.203967,-1.350185,13.11375,-1.702638,3.93023,4.140084,14.52434,7720
39.78,-55.51132,8,0,-1.475322,-1.440257,-13.74122,1.844732,3.660311,4.001228,10.55801,7692
39.8,-14.82397,8,0,-1.470282,-1.424251,7.174821,0.1949355,4.335111,4.475267,11.19563,7708
39.82,-64.29865,8,0,-1.205355,-1.291205,7.602301,2.41737,3.93023,4.284575,9.624552,7672
39.84,-106.6153,8,0,-1.308331,-1.314414,1.693902,-0.9093882,3.660311,3.956434,6.406692,7700
39.86,-21.53217,8,0,-0.9909956,-1.190615,12.10612,-8.205787,4.67251,4.708263,9.839498,7716
39.88,-63.52145,8,0,-1.083208,-1.272519,-7.634346,-4.298402,4.20015,4.490143,6.961287,7656
39.9,21.54028,8,0,-1.379745,-1.396055,-13.35954,-4.995891,5.27983,5.243545,8.519192,7680
39.92,-7.883301,8,0,-1.249109,-1.337112,8.090851,2.799232,5.009911,5.244889,8.066463,7596
39.94,-41.98291,8,0,-1.322023,-1.262147,-2.535107,5.178386,4.87495,5.102774,6.463091,7640
39.96,-88.81131,8,0,-0.8102204,-0.9525183,29.99926,1.816722,4.53755,4.840616,6.357271,7648
39.98,-93.71759,8,0,-0.4863852,-0.7378221,11.11375,-6.186683,4.60503,4.828742,6.280813,7636
40,-9.023743,8,0,-0.4775627,-0.7417514,0.4725278,-12.04595,5.54975,5.554227,8.168285,7652
40.02,-0.3745728,8,0,-0.8147988,-0.9645736,-19.39007,-6.438297,5.61723,5.737812,6.415293,7600
40.04,-16.49585,8,0,-1.149191,-1.150474,-17.31374,-0.821596,5.54975,5.681038,4.443233,7604
40.06,-15.51892,8,0,-0.9935551,-1.056084,10.36566,0.9332951,5.684711,5.800305,5.377377,7600
40.08,-32.42236,8,0,-0.7839562,-0.8785837,12.12139,1.571274,5.61723,5.794755,5.569016,7588
40.1,-38.95178,8,0,-0.5360578,-0.6724741,11.89238,-0.4727249,5.684711,5.857846,5.962978,7588
40.12,-54.34833,8,0,-0.3842143,-0.5501153,8.609936,-3.010826,5.61723,5.810023,5.245438,7588
40.14,-66.48917,8,0,-0.3333634,-0.5313684,0.6099325,-6.463155,5.54975,5.720672,4.039081,7596
40.16,-66.75031,8,0,-0.3629378,-0.6067795,0.2435202,-9.92462,5.54975,5.673284,2.955227,7616
40.18,-56.27686,8,0,-0.4527134,-0.740418,-6.275566,-11.97784,5.61723,5.696254,2.282493,7592
40.2,-55.88989,8,0,-0.6521886,-0.9328178,-8.886253,-11.68738,5.54975,5.623884,1.128226,7604
40.22,-49.88245,8,0,-0.8074432,-1.089744,-10.51984,-10.94832,5.54975,5.596965,0.761665,7596
40.24,-37.06525,8,0,-1.001208,-1.239067,-4.51984,-9.238475,5.61723,5.635102,0.7481289,7604
40.26,-31.60779,8,0,-1.119841,-1.325646,-8.428238,-6.409659,5.61723,5.650131,1.034008,7604
40.28,-29.78204,8,0,-1.160456,-1.331522,0.8694746,-3.820907,5.61723,5.666733,1.61251,7600
40.3,-24.3479,8,0,-1.154037,-1.283228,-0.4129688,-1.915789,5.684711,5.737802,2.447563,7588
40.32,-33.03894,8,0,-1.072521,-1.186512,5.190087,-0.3448845,5.61723,5.717971,2.908278,7588
40.34,-37.82953,8,0,-0.9759883,-1.075671,5.632835,-0.4822497,5.61723,5.721891,3.31972,7584
40.36,-35.59619,8,0,-0.8579609,-0.9692807,4.289323,-1.424202,5.684711,5.785309,3.846186,7588
40.38,-38.27985,8,0,-0.8652374,-0.9456685,1.037414,-1.847404,5.684711,5.789136,3.488822,7584
40.4,-40.55518,8,0,-0.8390285,-0.9315053,-0.5809073,-2.485587,5.684711,5.785934,3.286909,7584
40.42,-47.73203,8,0,-0.8417327,-0.9430444,0.5488637,-3.147359,5.61723,5.723737,2.753166,7588
40.44,-41.56409,8,0,-0.8473564,-0.9640952,-0.6114421,-4.290338,5.684711,5.757343,2.738548,7580
40.46,-40.02209,8,0,-0.8423201,-0.9836165,0.5793981,-4.434985,5.684711,5.76691,2.683875,7596
40.48,-45.91592,8,0,-0.8407365,-0.9947811,0.2282531,-4.379207,5.61723,5.715333,2.409623,7600
40.5,-39.87671,8,0,-0.8399222,-0.9992525,0.2129859,-4.930814,5.684711,5.756151,2.596185,7588
40.52,-38.99493,8,0,-0.8335419,-1.001873,0.2129859,-4.703393,5.684711,5.768714,2.643271,7576
40.54,-45.5686,8,0,-0.827171,-0.9981215,0.02977964,-4.485675,5.61723,5.718359,2.429697,7600
40.56,-39.95093,8,0,-0.834382,-0.9990553,0.1519171,-4.981157,5.684711,5.757496,2.587156,7596
40.58,-45.14731,8,0,-0.836093,-1.007099,-0.09235785,-4.743849,5.61723,5.713405,2.360563,7592
40.6,-45.35886,8,0,-0.8222002,-1.002474,0.1671843,-5.147431,5.61723,5.703901,2.400605,7592
40.62,-38.58209,8,0,-0.819806,-1.002849,0.1824515,-5.439947,5.684711,5.75646,2.647104,7584
40.64,-44.13885,8,0,-0.8197343,-1.005621,0.01451245,-4.955139,5.61723,5.716544,2.449936,7596
40.66,-38.95264,8,0,-0.8073711,-0.9932425,0.2129859,-5.221793,5.684711,5.762148,2.721078,7600
40.68,-44.86285,8,0,-0.8187453,-0.9981638,0.1366499,-4.85368,5.61723,5.717371,2.439518,7600
40.7,-51.43619,8,0,-0.8176367,-1.000868,0.1213828,-5.214127,5.54975,5.650323,2.16554,7592
40.72,-38.35291,8,0,-0.8200414,-1.007729,0.1671843,-6.099515,5.684711,5.741423,2.599879,7580
40.74,-48.55066,8,0,-0.825072,-1.023549,-0.7641136,-5.360804,5.54975,5.657824,2.19365,7580
40.76,-43.04944,8,0,-0.8227528,-1.021062,0.8236728,-5.894768,5.61723,5.691535,2.443231,7604
40.78,-35.71167,8,0,-0.8345817,-1.028044,-0.7793808,-5.655108,5.684711,5.75483,2.700008,7588
40.8,-41.99084,8,0,-0.8287579,-1.021345,0.7168028,-4.772208,5.61723,5.719569,2.574119,7600
40.82,-43.48529,8,0,-0.8453148,-1.018484,0.07558119,-4.775535,5.61723,5.706886,2.488438,7584
40.84,-43.63031,8,0,-0.8236189,-1.006366,-0.0007547362,-4.990633,5.61723,5.70635,2.572119,7584
40.86,-43.53754,8,0,-0.8236289,-1.005108,0.2893218,-5.153212,5.61723,5.705336,2.549152,7604
40.88,-37.31006,8,0,-0.8266615,-1.005921,-0.2755641,-5.23809,5.684711,5.758992,2.763876,7592
40.9,-49.55615,8,0,-0.8098944,-0.9996901,0.4114593,-4.723311,5.54975,5.666681,2.378122,7604
40.92,-50.54993,8,0,-0.8098174,-0.9978963,0.06031401,-5.622494,5.54975,5.640226,2.285082,7596
40.94,-42.71088,8,0,-0.8197759,-1.01465,-0.2450293,-6.289022,5.61723,5.686247,2.45662,7580
40.96,-34.97498,8,0,-0.8215855,-1.024123,0.3198562,-5.92205,5.684711,5.755392,2.766625,7588
40.98,-47.4859,8,0,-0.8205323,-1.021722,-0.3366328,-4.905989,5.54975,5.666483,2.37995,7604
41,-37.11151,8,0,-0.8161174,-1.005376,0.8236728,-5.495945,5.684711,5.751782,2.831326,7588
41.02,-36.95483,8,0,-0.7805201,-0.9810364,1.678635,-4.944613,5.684711,5.779436,3.013071,7624
41.04,-44.78616,8,0,-0.8219125,-0.9888996,-0.6267089,-4.461485,5.61723,5.723154,2.536611,7596
41.06,-45.9407,8,0,-0.8060936,-0.981392,-0.6267089,-4.973921,5.61723,5.708846,2.518913,7576
41.08,-45.38141,8,0,-0.8068399,-0.9878706,0.5946653,-5.433333,5.61723,5.703719,2.455129,7604
41.1,-44.45343,8,0,-0.8134612,-1.001003,-0.1381594,-5.662153,5.61723,5.701519,2.408786,7600
41.12,-49.62729,8,0,-0.8187172,-1.014915,0.06031401,-5.707253,5.54975,5.64664,2.164855,7588
41.14,-48.76178,8,0,-0.8194214,-1.025018,-0.107625,-6.253531,5.54975,5.633219,2.172608,7592
41.16,-41.04456,8,0,-0.8067154,-1.026712,0.09084838,-6.554991,5.61723,5.688385,2.526,7600
41.18,-39.95209,8,0,-0.8282347,-1.038372,-0.3671672,-5.91352,5.61723,5.702035,2.535942,7600
41.2,-40.56561,8,0,-0.8267896,-1.031104,-0.06182348,-5.374688,5.61723,5.707627,2.620481,7588
41.22,-41.55713,8,0,-0.8227342,-1.017838,0.5793981,-5.091464,5.61723,5.70973,2.666591,7612
41.24,-48.2486,8,0,-0.8407663,-1.021827,-0.2450293,-4.963824,5.54975,5.651857,2.340086,7588
41.26,-36.26923,8,0,-0.828941,-1.013718,0.2282531,-5.575213,5.684711,5.747198,2.839101,7596
41.28,-35.46082,8,0,-0.8439277,-1.019961,0.06031401,-4.731299,5.684711,5.771002,2.834176,7604
41.3,-48.94641,8,0,-0.8702621,-1.029156,-0.3519,-4.023667,5.54975,5.664015,2.257197,7612
41.32,-43.82153,8,0,-0.860795,-1.023058,0.1824515,-4.933899,5.61723,5.690887,2.474677,7616
41.34,-42.19385,8,0,-0.8584908,-1.029959,0.3503905,-5.030355,5.61723,5.6989,2.506388,7624
41.36,-41.69061,8,0,-0.864621,-1.036375,-0.1534266,-4.910035,5.61723,5.70113,2.511775,7600
41.38,-41.72229,8,0,-0.8491166,-1.027924,0.4114593,-4.819621,5.61723,5.704962,2.608938,7596
41.4,-41.98566,8,0,-0.8523582,-1.024966,0.1519171,-4.756586,5.61723,5.705201,2.598444,7620
41.42,-42.22467,8,0,-0.8473711,-1.020228,0.1366499,-4.756279,5.61723,5.705671,2.615111,7620
41.44,-48.46902,8,0,-0.8396053,-1.01715,0.2740546,-4.809975,5.54975,5.651726,2.392451,7600
41.46,-36.29541,8,0,-0.8410476,-1.016225,0.09084838,-5.462635,5.684711,5.745679,2.817785,7580
41.48,-41.25739,8,0,-0.8602784,-1.0311,-0.1534266,-4.618246,5.61723,5.714118,2.556899,7588
41.5,-48.52078,8,0,-0.8520701,-1.025568,0.3961921,-4.581313,5.54975,5.652631,2.348749,7596
41.52,-36.39703,8,0,-0.8573315,-1.025043,0.2893218,-5.26684,5.684711,5.744109,2.764959,7588
41.54,-47.2168,8,0,-0.8724784,-1.041214,-0.596175,-4.466724,5.54975,5.658032,2.290942,7600
41.56,-42.10754,8,0,-0.8541655,-1.029518,0.5030622,-5.067438,5.61723,5.692918,2.586554,7588
41.58,-41.04919,8,0,-0.8687525,-1.038758,-0.4282355,-4.914075,5.61723,5.700296,2.553505,7588
41.6,-47.08313,8,0,-0.8627874,-1.038758,0.04504682,-4.72399,5.54975,5.649375,2.371257,7600
41.62,-41.08844,8,0,-0.8647023,-1.038127,0.3503905,-5.196347,5.61723,5.690183,2.588793,7592
41.64,-40.02216,8,0,-0.879386,-1.049118,-0.1992282,-4.863392,5.61723,5.699865,2.577784,7604
41.66,-46.26935,8,0,-0.8768287,-1.048845,0.1977187,-4.542568,5.54975,5.649379,2.3947,7604
41.68,-34.48047,8,0,-0.8788943,-1.043355,0.1824515,-4.942841,5.684711,5.74502,2.859082,7588
41.7,-40.04431,8,0,-0.8771165,-1.040967,0.09084838,-4.029408,5.61723,5.717004,2.701824,7580
41.72,-41.88599,8,0,-0.8706729,-1.026093,0.5793981,-4.0028,5.61723,5.70952,2.700875,7608
41.74,-36.56244,8,0,-0.856887,-1.010649,0.02977964,-4.209591,5.684711,5.762517,2.949979,7588
41.76,-49.07764,8,0,-0.8602813,-1.011961,0.2435202,-3.817638,5.54975,5.665104,2.422745,7600
41.78,-37.78558,8,0,-0.8699066,-1.014945,-0.06182348,-4.783887,5.684711,5.745065,2.749985,7592
41.8,-42.26715,8,0,-0.8764919,-1.029939,-0.4740371,-4.271734,5.61723,5.71149,2.515784,7584
41.82,-42.89478,8,0,-0.8736297,-1.029421,0.7015356,-4.386499,5.61723,5.703428,2.515579,7604
41.84,-36.54218,8,0,-0.8830768,-1.033796,-0.3060985,-4.494104,5.684711,5.754673,2.714341,7584
41.86,-42.35388,8,0,-0.8845952,-1.03643,0.09084838,-3.92307,5.61723,5.714325,2.514918,7600
41.88,-37.18866,8,0,-0.8893643,-1.032363,0.3351234,-4.110259,5.684711,5.757263,2.716051,7600
41.9,-43.07874,8,0,-0.8881012,-1.032243,-0.06182348,-3.723418,5.61723,5.714325,2.505638,7576
41.92,-49.79477,8,0,-0.8817841,-1.029728,0.2129859,-4.085719,5.54975,5.648411,2.25458,7592
41.94,-42.90112,8,0,-0.880769,-1.035693,0.1824515,-5.004504,5.61723,5.685139,2.451683,7596
41.96,-40.93915,8,0,-0.8790991,-1.046533,-0.1228922,-4.921271,5.61723,5.696813,2.51205,7592
41.98,-46.64758,8,0,-0.8774078,-1.049934,0.5488637,-4.67378,5.54975,5.647117,2.332144,7604
42,-34.47925,8,0,-0.8881906,-1.051468,-0.107625,-5.042578,5.684711,5.742222,2.775875,7588
42.02,-39.84351,8,0,-0.8795897,-1.047201,0.1977187,-4.086028,5.61723,5.715957,2.674361,7588
42.04,-41.53577,8,0,-0.8901787,-1.040185,0.3961921,-3.963462,5.61723,5.706717,2.619154,7600
42.06,-35.99402,8,0,-0.88162,-1.029041,0.3961921,-4.073454,5.684711,5.759371,2.877787,7580
42.08,-48.36963,8,0,-0.8853212,-1.030427,0.04504682,-3.592202,5.54975,5.662692,2.382288,7592
42.1,-49.18384,8,0,-0.8806443,-1.029701,-0.07709067,-4.536873,5.54975,5.636049,2.311133,7612
42.12,-41.3526,8,0,-0.8720096,-1.037091,0.01451245,-5.267042,5.61723,5.685003,2.56388,7592
42.14,-39.6767,8,0,-0.8869119,-1.054121,0.09084838,-4.916444,5.61723,5.697582,2.560788,7620
42.16,-39.76617,8,0,-0.8861303,-1.053567,-0.183961,-4.508719,5.61723,5.702944,2.62624,7604
42.18,-34.45923,8,0,-0.873457,-1.036936,0.4419934,-4.275256,5.684711,5.761439,2.95118,7612
42.2,-47.54916,8,0,-0.8738544,-1.029044,0.02977964,-3.600039,5.54975,5.666659,2.482457,7608
42.22,-49.07581,8,0,-0.8601362,-1.017124,0.4114593,-4.516524,5.54975,5.640954,2.4336,7592
42.24,-41.75134,8,0,-0.8516042,-1.020332,0.4114593,-5.304128,5.61723,5.688783,2.648855,7576
42.26,-34.2439,8,0,-0.8730491,-1.037834,0.06031401,-5.020478,5.684711,5.753802,2.823684,7620
42.28,-46.77151,8,0,-0.8550556,-1.030743,0.06031401,-4.127633,5.54975,5.66613,2.48583,7604
42.3,-48.51575,8,0,-0.8449958,-1.017273,0.5335966,-4.831462,5.54975,5.642538,2.449041,7620
42.32,-41.52814,8,0,-0.8398167,-1.018513,0.2282531,-5.490494,5.61723,5.690461,2.661867,7584
42.34,-40.41711,8,0,-0.8455604,-1.027616,0.1519171,-5.20599,5.61723,5.70297,2.662499,7592
42.36,-34.84924,8,0,-0.8421814,-1.021164,-0.07709067,-4.903826,5.684711,5.762131,2.935861,7592
42.38,-41.91302,8,0,-0.8421273,-1.012884,0.1061156,-4.147773,5.61723,5.722867,2.714633,7604
42.4,-43.76471,8,0,-0.839775,-1.001631,0.07558119,-4.368909,5.61723,5.710612,2.650221,7612
42.42,-43.95966,8,0,-0.8349614,-0.9994944,0.2282531,-4.721745,5.61723,5.706178,2.601657,7608
42.44,-43.66516,8,0,-0.8321161,-1.002908,0.1213828,-4.98571,5.61723,5.704482,2.565945,7604
42.46,-43.35132,8,0,-0.8249676,-1.004312,0.02977964,-5.150738,5.61723,5.70488,2.570331,7604
42.48,-43.12964,8,0,-0.8265439,-1.008179,0.1671843,-5.224171,5.61723,5.704631,2.547628,7608
42.5,-36.94257,8,0,-0.8290823,-1.00923,0.1213828,-5.236033,5.684711,5.759036,2.774024,7608
42.52,-43.17767,8,0,-0.8259294,-1.00663,0.1061156,-4.632362,5.61723,5.719721,2.578053,7608
42.54,-50.36682,8,0,-0.8331646,-1.00758,0.2129859,-4.848265,5.54975,5.652316,2.259403,7604
42.56,-49.62671,8,0,-0.8480034,-1.024727,0.04504682,-5.678056,5.54975,5.631509,2.144745,7596
42.58,-35.15704,8,0,-0.8612476,-1.045365,-0.4587703,-6.100066,5.684711,5.735518,2.611098,7592
42.6,-33.86938,8,0,-0.8402791,-1.03789,0.5030622,-4.967012,5.684711,5.770411,2.860571,7600
42.62,-42.07642,8,0,-0.842195,-1.020115,0.2740546,-4.08494,5.61723,5.724924,2.661964,7592
42.64,-44.05133,8,0,-0.852057,-1.010658,-0.03128911,-4.307016,5.61723,5.708892,2.557925,7588
42.66,-49.96756,8,0,-0.8545073,-1.0162,0.09084838,-4.657985,5.54975,5.648101,2.25931,7596
42.68,-43.07996,8,0,-0.8454854,-1.020172,0.06031401,-5.507706,5.61723,5.687741,2.493323,7592
42.7,-41.30194,8,0,-0.8520715,-1.033778,-0.6572433,-5.356812,5.61723,5.698742,2.511276,7616
42.72,-35.1203,8,0,-0.8494257,-1.031005,0.3656577,-5.072186,5.684711,5.75841,2.815175,7612
42.74,-41.7851,8,0,-0.8515739,-1.025104,0.1366499,-4.257885,5.61723,5.71995,2.622069,7588
42.76,-43.49744,8,0,-0.8424239,-1.009675,0.3503905,-4.417644,5.61723,5.70974,2.620782,7592
42.78,-49.74506,8,0,-0.8372769,-1.007472,0.01451245,-4.723953,5.54975,5.651372,2.350304,7600
42.8,-37.17664,8,0,-0.8360677,-1.009432,0.2587874,-5.552481,5.684711,5.74433,2.770893,7592
42.82,-47.92349,8,0,-0.836368,-1.020307,-0.2144953,-4.843337,5.54975,5.660813,2.345045,7608
42.84,-42.93225,8,0,-0.8166447,-1.007195,0.7931387,-5.503379,5.61723,5.695949,2.62203,7596
42.86,-41.94238,8,0,-0.8336043,-1.0183,-0.0007547362,-5.395583,5.61723,5.702511,2.556734,7596
42.88,-47.9122,8,0,-0.8343573,-1.0236,-0.0007547362,-5.223464,5.54975,5.650198,2.333256,7604
42.9,-35.71936,8,0,-0.8448172,-1.027154,0.2435202,-5.669322,5.684711,5.744353,2.757739,7600
42.92,-40.86719,8,0,-0.8510632,-1.033193,-0.1228922,-4.71953,5.61723,5.715569,2.583796,7592
42.94,-48.39377,8,0,-0.8485481,-1.025782,0.2893218,-4.618458,5.54975,5.653645,2.355774,7596
42.96,-36.45996,8,0,-0.8488165,-1.020911,-0.01602192,-5.302512,5.684711,5.745536,2.792624,7588
42.98,-41.51959,8,0,-0.8505079,-1.025097,-0.4129688,-4.553709,5.61723,5.71586,2.606021,7600
43,-48.81055,8,0,-0.8532284,-1.023043,0.5335966,-4.563889,5.54975,5.652445,2.33362,7568
43.02,-42.59167,8,0,-0.8561274,-1.026269,-0.3213652,-5.295133,5.61723,5.68907,2.515007,7592
43.04,-35.16992,8,0,-0.8482325,-1.027226,-0.1992282,-5.167533,5.684711,5.755844,2.830883,7604
43.06,-47.56845,8,0,-0.849252,-1.0267,0.4419934,-4.340378,5.54975,5.664945,2.400313,7600
43.08,-48.78116,8,0,-0.8639106,-1.030494,0.1061156,-5.003376,5.54975,5.637276,2.273411,7592
43.1,-41.10803,8,0,-0.871489,-1.044479,-0.04655629,-5.539037,5.61723,5.684046,2.483993,7588
43.12,-39.60333,8,0,-0.8680732,-1.050863,0.5793981,-5.123307,5.61723,5.699582,2.588444,7600
43.14,-39.95831,8,0,-0.8704035,-1.046913,-0.1381594,-4.684703,5.61723,5.70481,2.640031,7596
43.16,-46.80106,8,0,-0.8602829,-1.035908,0.2587874,-4.464048,5.54975,5.653091,2.465703,7588
43.18,-35.26453,8,0,-0.8577229,-1.025701,-0.0007547362,-5.008468,5.684711,5.747831,2.914176,7584
43.2,-40.79364,8,0,-0.8650703,-1.029089,0.09084838,-4.193144,5.61723,5.717345,2.686129,7600
43.22,-42.38977,8,0,-0.8640938,-1.021109,0.2587874,-4.211109,5.61723,5.708456,2.65237,7592
43.24,-42.83331,8,0,-0.8497151,-1.011484,0.09084838,-4.428005,5.61723,5.706986,2.669719,7600
43.26,-36.85187,8,0,-0.8555351,-1.011885,0.304589,-4.598907,5.684711,5.759103,2.83879,7624
43.28,-42.90857,8,0,-0.8645142,-1.018537,-0.2450293,-4.088626,5.61723,5.716737,2.563141,7580
43.3,-37.81409,8,0,-0.8652885,-1.015079,0.4267263,-4.351026,5.684711,5.75933,2.753393,7604
43.32,-43.90839,8,0,-0.8417295,-1.004104,0.6557342,-4.08371,5.61723,5.719236,2.612663,7604
43.34,-50.71884,8,0,-0.8575311,-1.011785,0.04504682,-4.48888,5.54975,5.649547,2.227028,7616
43.36,-43.69202,8,0,-0.8525751,-1.020385,-0.1381594,-5.453158,5.61723,5.686028,2.431435,7592
43.38,-35.7226,8,0,-0.8388027,-1.023252,0.3198562,-5.413457,5.684711,5.754287,2.77946,7596
43.4,-35.61884,8,0,-0.86583,-1.033091,-0.5045714,-4.503664,5.684711,5.769787,2.735021,7588
43.42,-37.21051,8,0,-0.858077,-1.01827,0.04504682,-3.90478,5.684711,5.775618,2.801722,7608
43.44,-50.87415,8,0,-0.8574771,-1.009736,0.8542075,-3.686491,5.54975,5.666266,2.293245,7600
43.46,-45.30914,8,0,-0.861763,-1.012241,-0.07709067,-4.909301,5.61723,5.688776,2.40081,7592
43.48,-43.06586,8,0,-0.8525172,-1.02332,0.04504682,-5.185837,5.61723,5.696881,2.451104,7592
43.5,-47.97491,8,0,-0.8776983,-1.04729,-0.5809073,-5.074623,5.54975,5.642088,2.140214,7596
43.52,-41.14532,8,0,-0.8652617,-1.048407,-0.01602192,-5.516547,5.61723,5.686279,2.474258,7612
43.54,-45.94727,8,0,-0.8600509,-1.050682,0.3351234,-5.13954,5.54975,5.646289,2.348233,7612
43.56,-33.99127,8,0,-0.8680217,-1.047473,-0.1992282,-5.338421,5.684711,5.744642,2.824307,7612
43.58,-33.78204,8,0,-0.8581664,-1.035204,0.1824515,-4.289207,5.684711,5.773801,2.969156,7604
43.6,-42.22113,8,0,-0.8609775,-1.01828,0.2282531,-3.571787,5.61723,5.725291,2.71943,7624
43.62,-44.31299,8,0,-0.8437579,-0.996945,0.8236728,-4.002662,5.61723,5.711898,2.695821,7608
43.64,-38.39667,8,0,-0.8451213,-0.994895,0.6862684,-4.500056,5.684711,5.759973,2.83321,7600
43.66,-50.00021,8,0,-0.8636267,-1.014072,-0.2602969,-4.194651,5.54975,5.659768,2.244697,7600
43.68,-44.10254,8,0,-0.8553239,-1.01763,0.09084838,-5.175683,5.61723,5.688739,2.446222,7608
43.7,-41.93414,8,0,-0.881428,-1.044731,-0.596175,-5.158186,5.61723,5.693853,2.368634,7592
43.72,-29.13434,8,0,-0.8684894,-1.040377,0.2587874,-4.940351,5.752191,5.809383,2.982558,7584
43.74,-41.85333,8,0,-0.8617347,-1.028101,0.3503905,-3.532197,5.61723,5.733273,2.636889,7604
43.76,-44.79291,8,0,-0.8510377,-1.00431,0.8084057,-3.915749,5.61723,5.712108,2.602914,7604
43.78,-38.70538,8,0,-0.8641226,-1.007583,-0.6419765,-4.43538,5.684711,5.756577,2.707701,7592
43.8,-50.10995,8,0,-0.8587443,-1.015669,0.3198562,-4.191951,5.54975,5.659798,2.248907,7584
43.82,-44.19214,8,0,-0.8568037,-1.019185,0.1366499,-5.180404,5.61723,5.688394,2.425359,7588
43.84,-48.1489,8,0,-0.8627006,-1.038013,-0.7488468,-5.228411,5.54975,5.641678,2.19406,7600
43.86,-41.23938,8,0,-0.8512998,-1.039554,0.4572606,-5.679181,5.61723,5.687465,2.510818,7596
43.88,-33.88739,8,0,-0.8731452,-1.051372,-0.4740371,-5.212008,5.684711,5.753082,2.744877,7604
43.9,-40.46851,8,0,-0.8642977,-1.041283,0.3656577,-4.182623,5.61723,5.719304,2.647604,7580
43.92,-42.46686,8,0,-0.8616669,-1.02431,0.8694746,-4.173736,5.61723,5.709624,2.64052,7592
43.94,-42.99188,8,0,-0.8546933,-1.015082,-0.09235785,-4.396009,5.61723,5.706372,2.629711,7584
43.96,-48.86804,8,0,-0.8679822,-1.02573,0.3656577,-4.570008,5.54975,5.647615,2.293722,7596
43.98,-35.99854,8,0,-0.8833017,-1.039544,-0.107625,-5.221655,5.684711,5.739217,2.678413,7596
44,-40.57611,8,0,-0.878951,-1.046454,-0.3366328,-4.366257,5.61723,5.712208,2.560447,7596
44.02,-41.92773,8,0,-0.8636363,-1.030383,0.6404669,-4.299539,5.61723,5.707777,2.637162,7584
44.04,-36.26154,8,0,-0.8785887,-1.029384,-0.1534266,-4.349936,5.684711,5.757935,2.795191,7588
44.06,-42.54858,8,0,-0.8676597,-1.022636,0.1519171,-3.847186,5.61723,5.718211,2.622878,7592
44.08,-37.69501,8,0,-0.8718809,-1.016096,0.4572606,-4.133271,5.684711,5.760179,2.787163,7592
44.1,-37.67053,8,0,-0.8726009,-1.015093,-0.107625,-3.833353,5.684711,5.770563,2.775709,7592
44.12,-38.6745,8,0,-0.864513,-1.005624,0.2435202,-3.654294,5.684711,5.773629,2.779793,7596
44.14,-39.60767,8,0,-0.867092,-1.001435,0.07558119,-3.633332,5.684711,5.77235,2.713204,7592
44.16,-46.16626,8,0,-0.8665715,-1.002953,0.1213828,-3.723456,5.61723,5.715912,2.417528,7588
44.18,-52.14926,8,0,-0.8585067,-1.008194,0.2129859,-4.47582,5.54975,5.646175,2.132844,7596
44.2,-38.43695,8,0,-0.8511304,-1.01639,0.06031401,-5.589128,5.684711,5.738063,2.593026,7604
44.22,-42.23547,8,0,-0.8528228,-1.031117,-0.3519,-4.941337,5.61723,5.71002,2.436787,7608
44.24,-42.55371,8,0,-0.8864904,-1.048075,-0.8251827,-4.794326,5.61723,5.69884,2.326032,7588
44.26,-42.12146,8,0,-0.870958,-1.043801,-0.3977011,-4.765161,5.61723,5.700233,2.455982,7576
44.28,-41.92365,8,0,-0.865791,-1.038278,0.5793981,-4.717579,5.61723,5.702222,2.520863,7600
44.3,-35.81818,8,0,-0.8749765,-1.037298,-0.3366328,-4.635816,5.684711,5.756322,2.749197,7580
44.32,-36.17242,8,0,-0.8598191,-1.022792,0.2129859,-4.005914,5.684711,5.773631,2.866402,7604
44.34,-49.93668,8,0,-0.859054,-1.012929,0.304589,-3.642058,5.54975,5.667473,2.366338,7600
44.36,-38.68396,8,0,-0.8689554,-1.012936,-0.0007547362,-4.756727,5.684711,5.744473,2.687881,7584
44.38,-42.92816,8,0,-0.8698477,-1.025918,0.304589,-4.364419,5.61723,5.710838,2.477858,7600
44.4,-43.38147,8,0,-0.8613898,-1.023187,0.3656577,-4.551373,5.61723,5.703587,2.501783,7588
44.42,-37.11713,8,0,-0.8492472,-1.015676,-0.01602192,-4.750568,5.684711,5.758128,2.787283,7600
44.44,-37.20245,8,0,-0.8440842,-1.008565,0.3961921,-4.266566,5.684711,5.773303,2.828355,7620
44.46,-38.53754,8,0,-0.8528429,-1.003247,0.04504682,-3.93113,5.684711,5.774799,2.76441,7600
44.48,-51.67688,8,0,-0.8531241,-1.003002,-0.0007547362,-3.856657,5.54975,5.664224,2.233761,7596
44.5,-45.74173,8,0,-0.8493133,-1.006157,0.2435202,-5.141793,5.61723,5.688239,2.379153,7608
44.52,-43.14178,8,0,-0.8653854,-1.032297,-0.1381594,-5.351418,5.61723,5.693235,2.328469,7600
44.54,-41.79755,8,0,-0.8744069,-1.048895,0.1824515,-5.192676,5.61723,5.696063,2.362049,7612
44.56,-41.25562,8,0,-0.871473,-1.050089,-0.09235785,-4.952275,5.61723,5.699855,2.458716,7584
44.58,-41.30664,8,0,-0.8623802,-1.041101,0.2740546,-4.761662,5.61723,5.703543,2.55874,7592
44.6,-35.57062,8,0,-0.8658937,-1.033514,0.09084838,-4.626868,5.684711,5.758766,2.812298,7600
44.62,-42.14264,8,0,-0.8634971,-1.025889,0.06031401,-3.972085,5.61723,5.719132,2.62114,7592
44.64,-43.49457,8,0,-0.8719602,-1.022056,0.1977187,-4.180267,5.61723,5.705792,2.536611,7616
44.66,-49.35522,8,0,-0.8608194,-1.021543,0.1366499,-4.494698,5.54975,5.648427,2.311838,7600
44.68,-42.53278,8,0,-0.8686922,-1.031922,0.3503905,-5.269503,5.61723,5.686185,2.472585,7600
44.7,-40.74268,8,0,-0.8716247,-1.044866,-0.06182348,-5.08305,5.61723,5.697634,2.517514,7612
44.72,-34.56183,8,0,-0.8723555,-1.043118,0.09084838,-4.764259,5.684711,5.757057,2.813772,7620
44.74,-35.16187,8,0,-0.8807195,-1.037609,-0.03128911,-3.903299,5.684711,5.772484,2.843606,7616
44.76,-43.11395,8,0,-0.873525,-1.021295,0.304589,-3.418659,5.61723,5.72216,2.634304,7612
44.78,-38.5849,8,0,-0.8636163,-1.004622,0.7931387,-3.928453,5.684711,5.762339,2.830116,7588
44.8,-44.48047,8,0,-0.8687817,-1.00884,0.4725278,-3.808182,5.61723,5.715811,2.5249,7604
44.82,-38.85107,8,0,-0.8653754,-1.008172,-0.03128911,-4.326919,5.684711,5.757422,2.707739,7584
44.84,-44.2821,8,0,-0.8619211,-1.013163,0.2740546,-4.119155,5.61723,5.714265,2.477968,7596
44.86,-44.57718,8,0,-0.8649097,-1.017473,0.01451245,-4.520386,5.61723,5.7018,2.419736,7600
44.88,-43.70697,8,0,-0.8615391,-1.023801,-0.0007547362,-4.825459,5.61723,5.699302,2.426411,7584
44.9,-42.8443,8,0,-0.862701,-1.031047,0.2587874,-4.934951,5.61723,5.69938,2.439886,7600
44.92,-48.229,8,0,-0.8675476,-1.040509,0.07558119,-4.910309,5.54975,5.645139,2.212389,7600
44.94,-41.56659,8,0,-0.8645278,-1.042902,0.1213828,-5.437279,5.61723,5.686902,2.479276,7596
44.96,-40.14789,8,0,-0.874319,-1.052629,-0.5809073,-5.08543,5.61723,5.698466,2.519331,7600
44.98,-34.37903,8,0,-0.8590565,-1.038322,0.5335966,-4.739764,5.684711,5.760173,2.892503,7588
45,-47.42139,8,0,-0.862525,-1.030867,0.2282531,-3.933362,5.54975,5.66653,2.440463,7588
45.02,930.8578,-6,0,-0.8476796,-1.013408,0.5183294,-4.754248,5.61723,5.696391,2.65892,7600
45.04,695.991,-6,0,-0.8593163,0.039837,0.04504682,94.53122,5.684711,5.774152,5.72678,7584
45.06,508.2731,-6,0,-0.6737052,1.962894,22.12139,136.0432,5.684711,5.77505,9.294474,7608
45.08,343.1304,-6,0,0.2926518,3.758769,49.0985,141.2543,5.34731,5.466158,9.481091,7584
45.1,248.9983,-6,0,1.404253,5.030791,57.99926,124.198,5.27983,5.271243,7.85066,7600
45.12,199.3392,-6,0,2.805725,5.955425,73.43438,98.86771,5.27983,5.221134,6.614512,7604
45.14,167.4326,-6,0,4.248154,6.665399,71.37331,72.53474,5.27983,5.237794,5.373426,7596
45.16,178.2084,-6,0,5.532993,7.216942,67.37331,47.88663,5.684711,5.593553,5.075593,7596
45.18,68.09787,-6,0,6.190266,7.352726,30.70155,30.36496,4.67251,4.815469,-2.319404,7568
45.2,88.29413,-6,0,6.205828,7.054688,0.7168028,7.433846,5.009911,4.764341,-7.129261,7620
45.22,41.87253,-6,0,6.222791,6.553745,-3.176328,-5.840976,4.267631,4.101974,-13.3155,7616
45.24,14.90451,-6,0,5.458539,5.65457,-40.1687,-17.13938,3.660311,3.312592,-20.81233,7668
45.26,122.2509,-6,0,4.860271,4.799404,-27.28321,-25.33202,4.335111,3.618869,-20.66327,7696
45.28,102.3867,-6,0,4.082359,3.948563,-48.30611,-17.49548,3.525351,3.031735,-24.10127,7648
45.3,202.9221,-6,0,3.248492,3.301362,-27.75649,-11.54555,4.267631,3.465587,-21.59693,7696
45.32,127.5481,-6,0,3.576586,3.358705,9.999249,1.845643,3.12047,2.820965,-19.81305,7656
45.34,199.8176,-6,0,3.493346,3.538752,2.90001,3.451919,3.93023,3.345276,-14.77513,7724
45.36,105.6115,-6,0,4.378902,4.141679,43.92293,9.216972,2.850551,2.776163,-12.59743,7684
45.38,34.66116,-6,0,4.637808,4.52438,10.64047,2.528115,2.243231,2.14158,-13.86333,7736
45.4,100.0084,-6,0,4.966106,4.732347,23.5565,-10.10742,2.918031,2.537948,-10.84692,7788
45.42,53.02887,-6,0,4.797666,4.536134,-15.48168,-11.58955,2.175751,2.008229,-14.29451,7736
45.44,15.53543,-6,0,4.01201,3.939209,-47.45115,-15.11902,1.568431,1.270615,-19.71393,7796
45.46,115.8745,-6,0,3.719147,3.496055,-0.7335792,-20.14729,2.31071,1.6925,-16.94834,7816
45.48,87.37796,-6,0,3.287913,3.049873,-23.1458,-12.02311,1.568431,1.220815,-18.63411,7780
45.5,78.58585,-6,0,2.522803,2.550573,-37.71069,-7.200108,1.23103,0.7837636,-20.43131,7816
45.52,41.24609,-6,0,2.976242,2.658629,25.57177,-5.992959,0.5562305,0.275858,-17.82601,7848
45.54,119.121,-6,0,3.010961,2.752679,-5.252665,-9.020923,1.23103,0.7381674,-13.20324,7884
45.56,80.54224,-6,0,2.682703,2.593875,-6.504574,-2.318802,0.5562305,0.3065307,-14.72544,7836
45.58,34.07211,-6,0,2.59704,2.54272,-7.634346,-1.498394,-0.05108929,-0.2722099,-15.51555,7892
45.6,102.7141,-6,0,2.762053,2.627871,9.220622,-6.026025,0.5562305,0.1254763,-11.25023,7932
45.62,61.57159,-6,0,2.612773,2.532941,-9.970223,-1.759132,-0.1185694,-0.3061907,-12.62478,7888
45.64,9.586578,-6,0,2.355671,2.366403,-13.1916,-2.376739,-0.7933693,-0.9784766,-14.96845,7936
45.66,55.85471,-6,0,2.705434,2.469674,14.94582,-8.921191,-0.4559698,-0.7964838,-11.13993,7976
45.68,53.34863,-6,0,2.586328,2.36795,-8.748849,-8.318408,-0.7258892,-0.9574829,-11.30526,7964
45.7,92.44452,-6,0,2.136104,2.101448,-18.56565,-6.839718,-0.4559698,-0.8180185,-10.99232,7964
45.72,51.48892,-6,0,2.246708,2.088669,3.022147,-2.149936,-1.06329,-1.20887,-10.87656,7960
45.74,2.004181,-6,0,2.085825,2.017739,-6.79465,-2.759993,-1.670609,-1.804293,-12.65882,7988
45.76,39.89429,-6,0,2.242194,2.04912,8.426728,-8.549709,-1.40069,-1.695368,-10.11837,8048
45.78,107.9771,-6,0,2.226384,2.016962,-5.954956,-8.480631,-0.8608494,-1.203873,-7.044618,8020
45.8,69.50351,-6,0,1.925785,1.867128,-18.0771,-0.732486,-1.40069,-1.52698,-8.819377,7964
45.82,91.8446,-6,0,1.797704,1.846674,1.43436,0.9835455,-1.13077,-1.389357,-7.443098,7996
45.84,32.01538,-6,0,2.260878,2.113907,19.5107,3.048448,-1.805569,-1.810628,-6.913146,7992
45.86,68.26633,-6,0,2.356521,2.284387,2.640467,-1.951177,-1.33321,-1.539115,-5.028835,8044
45.88,-16.97589,-6,0,2.434627,2.298839,9.434362,-1.987657,-2.345409,-2.283539,-8.278272,8008
45.9,45.5386,-6,0,2.423457,2.266432,-4.840451,-10.55225,-1.670609,-1.944489,-6.450943,8072
45.92,-24.75745,-6,0,2.163057,1.975788,-9.527475,-9.283818,-2.68281,-2.700347,-10.70315,8028
45.94,41.94177,-6,0,2.001081,1.76988,-14.33664,-14.93204,-2.075489,-2.40783,-8.807004,8088
45.96,91.64398,-6,0,1.649365,1.467572,-14.27557,-10.85214,-1.805569,-2.120846,-7.848454,8056
45.98,23.53732,-6,0,1.428394,1.292172,-14.91679,-2.441724,-2.68281,-2.738707,-10.05119,8052
46,50.55579,-6,0,1.172416,1.181489,-7.115261,-2.913348,-2.412889,-2.689388,-8.981893,8096
46.02,62.52734,-6,0,1.517383,1.347664,19.83131,-1.402747,-2.412889,-2.587502,-5.970192,8084
46.04,91.68121,-6,0,1.795094,1.618643,10.80841,0.01771224,-2.075489,-2.234197,-2.728703,8088
46.06,84.55414,-6,0,1.816899,1.781866,-0.2908313,3.756302,-2.075489,-2.146056,-2.335477,8032
46.08,70.40665,-6,0,2.070669,2.040514,15.44963,4.755602,-2.075489,-2.101598,-1.509324,8044
46.1,-27.32385,-6,0,2.258638,2.209653,8.823676,3.276949,-3.02021,-2.857727,-4.906362,8060
46.12,-32.59332,-6,0,2.386477,2.2519,7.739706,-8.026921,-3.02021,-3.074775,-5.844752,8092
46.14,-9.245972,-6,0,2.386202,2.088085,-3.451137,-16.10673,-2.95273,-3.089805,-6.377971,8104
46.16,6.022949,-6,0,2.029267,1.71132,-22.0771,-18.0771,-3.02021,-3.188167,-8.056074,8116
46.18,58.57233,-6,0,1.322057,1.165884,-39.74123,-15.69328,-2.68281,-3.007141,-8.879022,8128
46.2,83.60864,-6,0,0.410571,0.5237669,-48.53512,-6.024795,-2.68281,-3.026267,-10.53784,8088
46.22,100.0859,-6,0,-0.05544209,0.1896201,17.63284,4.512103,-2.68281,-3.014656,-9.582438,8088
46.24,84.24673,-6,0,0.4604759,0.5234501,19.38857,11.88771,-2.88525,-3.028605,-5.364637,8084
46.26,66.93631,-6,0,0.8287948,0.9681379,15.87711,14.05434,-2.95273,-3.02252,-2.856284,8112
46.28,51.12473,-6,0,1.613927,1.604374,39.0527,11.39208,-2.95273,-2.927,0.4449427,8088
46.3,56.77545,-6,0,2.20201,2.138698,26.16719,6.157486,-2.68281,-2.650635,2.61075,8112
46.32,41.48907,-6,0,2.339034,2.341334,3.541231,2.646518,-2.68281,-2.621439,1.31808,8068
46.34,-59.08508,-6,0,2.212187,2.233915,-5.81755,-1.069104,-3.695009,-3.50323,-4.7211,8080
46.36,-26.74246,-6,0,2.21189,2.07127,-2.061824,-13.66415,-3.357609,-3.491175,-5.279858,8168
46.38,27.08398,-6,0,2.150758,1.81088,-7.038925,-18.52657,-3.02021,-3.217463,-4.741088,8116
46.4,38.10895,-6,0,1.795849,1.469746,-21.49694,-15.23657,-3.08769,-3.227143,-5.981642,8096
46.42,0.9283142,-6,0,1.113114,0.9934952,-38.09237,-9.93889,-3.627529,-3.734032,-9.823609,8112
46.44,7.088135,-6,0,0.3182507,0.4192253,-42.67252,-7.775822,-3.762489,-4.044286,-12.17755,8160
46.46,72.66891,-6,0,0.6204607,0.4285392,31.1901,-6.279786,-3.290129,-3.620298,-6.759789,8188
46.48,74.75125,-6,0,1.022991,0.7314593,17.09849,0.2380885,-3.357609,-3.45495,-3.119927,8124
46.5,63.78012,-6,0,1.028095,0.9616863,-5.619077,4.674631,-3.357609,-3.408829,-2.230647,8116
46.52,85.6636,-6,0,0.7351602,0.9671504,-19.32901,7.287366,-3.02021,-3.177924,-2.042009,8112
46.54,0.00402832,-6,0,0.393377,0.7954965,-24.41298,12.11134,-3.96493,-3.930668,-6.448398,8092
46.56,85.88245,-6,0,0.2036811,0.6796061,49.8924,7.339735,-3.02021,-3.3831,-3.770315,8148
46.58,94.03207,-6,0,1.058204,1.098586,34.1214,10.51424,-3.02021,-3.082571,0.9063336,8116
46.6,-16.5119,-6,0,1.501104,1.521759,12.07559,11.96808,-4.03241,-3.783262,-1.228969,8080
46.62,-0.04269409,-6,0,1.141543,1.443588,-24.53511,2.618067,-3.695009,-3.80503,-3.321408,8140
46.64,56.67499,-6,0,0.4343702,0.8990236,-38.0771,0.09023213,-3.290129,-3.594343,-5.335485,8152
46.66,80.83652,-6,0,-0.2312819,0.3159225,-27.69542,6.21167,-3.290129,-3.589505,-6.978278,8148
46.68,79.24713,-6,0,0.5471652,0.6351463,31.51071,10.78421,-3.357609,-3.462865,-2.102274,8100
46.7,-13.46088,-6,0,1.124687,1.118323,20.02979,11.86484,-4.23485,-4.056326,-2.375777,8124
46.72,-32.96097,-6,0,1.300341,1.35387,7.464897,2.522815,-4.30233,-4.28711,-3.045458,8152
46.74,-26.22617,-6,0,1.642676,1.474773,17.26643,-6.725039,-4.30233,-4.326059,-2.599825,8196
46.76,-9.693176,-6,0,1.703757,1.416837,-1.115259,-12.4204,-4.23485,-4.288554,-2.842738,8172
46.78,25.94324,-6,0,1.422796,1.170196,-19.31374,-13.71439,-3.96493,-4.101562,-3.31262,8172
46.8,-45.14316,-6,0,0.7943489,0.6876701,-35.60382,-9.208163,-4.909649,-4.889288,-8.79214,8152
46.82,-8.700378,-6,0,-0.08326619,0.04140967,-49.34428,-10.74326,-4.707209,-5.022715,-10.85121,8232
46.84,43.38336,-6,0,-0.952613,-0.6817007,-43.86337,-5.379519,-4.572248,-4.992887,-11.41969,8200
46.86,35.47375,-6,0,-0.2080221,-0.4336145,46.44201,1.650254,-4.909649,-5.039841,-5.879663,8192
46.88,24.71729,-6,0,0.341635,0.08122459,21.09849,3.920263,-4.977129,-4.992618,-1.911672,8208
46.9,16.98294,-6,0,0.39329,0.3448712,-0.4282355,4.017016,-4.977129,-4.987644,-1.212335,8228
46.92,20.14783,-6,0,0.307271,0.4008983,-8.764117,3.449323,-4.909649,-4.959834,-1.311409,8228
46.94,46.3494,-6,0,0.1130473,0.3201877,-12.48931,3.938505,-4.639729,-4.765571,-1.084147,8244
46.96,50.61511,-6,0,-0.2187102,0.1306312,3.938178,7.87478,-4.639729,-4.752882,-2.04196,8208
46.98,13.31671,-6,0,0.6045629,0.5661922,33.11376,8.673212,-4.977129,-4.882773,0.7615925,8208
47,3.501007,-6,0,1.051551,0.9747397,18.59467,4.023612,-4.909649,-4.829282,2.040521,8212
47.02,109.4859,-6,0,1.152939,1.163823,1.877109,-0.3943891,-3.627529,-3.806744,5.716904,8220
47.04,18.21942,-6,0,0.9548901,1.088164,-11.98549,7.774631,-4.572248,-4.358374,0.8405487,8156
47.06,-8.147858,-6,0,0.8317971,1.045717,6.671003,4.336995,-4.639729,-4.606081,-1.290869,8180
47.08,-7.370544,-6,0,1.732093,1.457501,40.48781,-3.122045,-4.572248,-4.499031,1.758777,8192
47.1,-28.07697,-6,0,2.332665,1.827309,23.25116,-9.867043,-4.707209,-4.535442,2.222416,8200
47.12,8.410522,-6,0,2.087921,1.730106,-18.64198,-15.88244,-4.23485,-4.254296,0.8732994,8192
47.14,-69.35474,-6,0,0.8722267,0.8974575,-62.91681,-12.86991,-5.247049,-5.196629,-8.727683,8180
47.16,-24.62674,-6,0,-0.3583921,-0.1142056,-67.60383,-14.96588,-5.044609,-5.416482,-12.63192,8224
47.18,31.96338,-6,0,-1.260573,-1.004804,8.823676,-8.914512,-4.977129,-5.440692,-13.11666,8240
47.2,68.33701,-6,0,-0.7394025,-0.9136351,23.17483,-0.2426293,-4.909649,-5.183569,-6.429557,8212
47.22,66.86176,-6,0,-0.05719022,-0.3240715,21.22063,7.303852,-4.909649,-4.954541,-0.6400464,8224
47.24,37.48047,-6,0,0.051286,0.0857937,1.358024,11.66088,-5.044609,-4.99826,0.2684531,8208
47.26,31.87622,-6,0,-0.3043292,0.1008437,-19.35954,12.44003,-4.977129,-5.035582,-1.091901,8240
47.28,39.34073,-6,0,-0.580493,-0.03540981,-0.2908313,13.16492,-4.909649,-5.034969,-1.895181,8220
47.3,1.529022,-6,0,0.8408787,0.7057493,61.67866,10.45581,-5.247049,-5.084645,3.210509,8216
47.32,-28.10474,-6,0,1.756209,1.43227,43.2817,1.978227,-5.314529,-5.077331,5.152442,8224
47.34,-39.28702,-6,0,2.103693,1.753181,11.43436,-7.922026,-5.247049,-5.056357,4.151555,8224
47.36,-20.83508,-6,0,1.37676,1.311349,-45.9397,-13.74102,-5.044609,-5.059917,-0.6522639,8220
47.38,34.31885,-6,0,0.3346405,0.4912088,-57.86337,-12.64958,-4.639729,-4.882984,-4.258886,8204
47.4,-17.84308,-6,0,-0.7232702,-0.4012982,-54.0313,-3.15697,-5.51697,-5.639147,-10.42479,8192
47.42,85.31598,-6,0,-1.616336,-1.093088,15.3733,0.8120511,-4.639729,-5.171633,-8.7364,8248
47.44,-8.633179,-6,0,-0.6457889,-0.7335753,37.1443,11.3521,-5.92185,-5.833096,-5.449135,8196
47.46,66.00955,-6,0,0.07364086,-0.04081813,31.72445,6.833471,-4.909649,-5.069104,2.250624,8276
47.48,58.75497,-6,0,0.444574,0.4228911,16.28933,10.0879,-4.909649,-4.839174,4.09794,8256
47.5,32.19635,-6,0,0.3190445,0.5762706,-12.99313,11.68918,-4.977129,-4.896986,2.460086,8224
47.52,22.77341,-6,0,-0.1655094,0.3694758,-29.34427,11.3567,-4.977129,-5.017629,-0.6042652,8228
47.54,32.88306,-6,0,-0.4690357,0.1080789,-19.26794,11.10827,-4.909649,-5.039014,-1.930664,8244
47.56,-0.233551,-6,0,0.7237676,0.6583691,65.8008,8.701372,-5.247049,-5.12266,2.12042,8216
47.58,65.0712,-6,0,1.604875,1.342896,39.38857,1.160753,-4.30233,-4.293593,7.841526,8240
47.6,46.02121,-6,0,1.893149,1.694105,4.533598,1.670557,-4.30233,-4.102628,7.153671,8168
47.62,-65.07874,-6,0,1.078662,1.320307,-47.37482,2.113832,-5.314529,-5.065392,-2.323716,8176
47.64,-24.39902,-6,0,0.316772,0.6883866,-47.06947,-6.544369,-4.909649,-5.124704,-5.735523,8228
47.66,-16.82184,-6,0,-0.532835,-0.1549969,8.25879,-5.618971,-5.247049,-5.492255,-9.799244,8220
47.68,9.053497,-6,0,-0.08359423,-0.210996,15.48017,-5.163048,-5.247049,-5.436677,-5.811088,8256
47.7,15.46072,-6,0,0.09041169,-0.1066456,3.922911,-2.696885,-5.314529,-5.404978,-3.594133,8244
47.72,25.05969,-6,0,-0.01309609,-0.07209116,-10.80992,-0.1379502,-5.247049,-5.338913,-2.662456,8232
47.74,60.11258,-6,0,-0.4549137,-0.239333,-26.10763,3.798809,-4.909649,-5.098226,-2.357766,8228
47.76,37.34369,-6,0,-1.007775,-0.5372037,-30.87099,11.554,-5.247049,-5.359437,-4.53239,8236
47.78,118.9493,-6,0,-0.4660651,-0.2017125,44.90002,13.11225,-4.30233,-4.54453,2.441607,8228
47.8,104.1587,-6,0,0.3534148,0.4715406,41.25117,20.00182,-4.30233,-4.207499,6.620225,8188
47.82,27.86261,-6,0,0.9682076,1.155923,24.51834,21.08414,-4.707209,-4.417432,6.452774,8172
47.84,29.53976,-6,0,1.280163,1.571535,10.442,12.97686,-4.30233,-4.191927,6.369367,8180
47.86,13.22842,-6,0,1.625871,1.791937,27.44964,6.602541,-4.30233,-4.157457,5.102331,8172
47.88,-2.189484,-6,0,2.013387,1.973046,14.50307,-0.4819407,-4.30233,-4.154846,4.048024,8176
47.9,-11.49918,-6,0,2.051608,1.934127,-2.535107,-6.95799,-4.30233,-4.205904,1.676191,8196
47.92,-101.5959,-6,0,1.814213,1.626949,-17.81755,-11.64757,-5.314529,-5.11026,-4.829772,8168
47.94,-61.85565,-6,0,1.160193,1.011753,-35.35955,-21.93505,-5.044609,-5.235289,-7.91211,8232
47.96,17.87589,-6,0,0.2457982,0.1459723,-49.77176,-21.94513,-4.639729,-5.022425,-9.352989,8220
47.98,63.43646,-6,0,-0.6522777,-0.6285434,-54.16871,-11.02912,-4.572248,-4.943217,-9.958316,8200
48,81.75342,-6,0,-1.443278,-1.162028,-26.39771,3.372868,-4.639729,-4.983239,-9.753361,8208
48.02,91.51334,-6,0,-0.7074658,-0.7074445,32.13666,13.00203,-4.572248,-4.731902,-2.679976,8204
48.04,45.28403,-6,0,-0.1649266,-0.07412556,26.59467,18.70987,-4.909649,-4.842265,0.1728179,8212
48.06,15.7038,-6,0,0.361715,0.5248666,29.11376,16.12663,-4.977129,-4.884944,1.964534,8224
48.08,-26.60303,-6,0,1.125349,1.11067,36.67102,9.025664,-5.247049,-5.057043,2.932934,8236
48.1,-41.02563,-6,0,1.718395,1.524526,26.09085,-1.875485,-5.247049,-5.084688,3.200975,8240
48.12,-45.28757,-6,0,1.913726,1.607538,8.25879,-11.31571,-5.247049,-5.127162,1.663672,8236
48.14,-16.51959,-6,0,1.671054,1.358674,-17.46641,-17.38136,-4.977129,-4.994322,-0.2201095,8224
48.16,0.6373901,-6,0,0.5790234,0.5735894,-62.87101,-15.37781,-4.977129,-5.121136,-5.400814,8220
48.18,50.73788,-6,0,-0.6503875,-0.3636401,-67.49696,-8.55209,-4.707209,-5.059857,-8.39057,8236
48.2,82.54541,-6,0,-1.872635,-1.263151,-22.18397,4.846932,-4.707209,-5.121686,-10.47916,8188
48.22,64.07584,-6,0,-0.3381927,-0.5294525,70.16721,13.04637,-4.977129,-5.010328,-1.115605,8192
48.24,38.63785,-6,0,0.6310157,0.4219833,49.41911,13.67604,-4.977129,-4.84431,3.889441,8212
48.26,-19.77188,-6,0,1.132408,1.052079,20.70154,9.732828,-5.314529,-5.071654,3.574699,8232
48.28,-31.67966,-6,0,1.284767,1.278864,7.739706,0.526482,-5.247049,-5.133044,2.180875,8224
48.3,-32.05252,-6,0,1.341964,1.240611,-0.2755641,-7.072189,-5.247049,-5.189979,0.5092146,8244
48.32,-31.5752,-6,0,1.215535,1.027624,-10.70305,-11.8235,-5.314529,-5.300044,-1.532284,8248
48.34,-12.59988,-6,0,0.6926045,0.578536,-26.71832,-13.40116,-5.247049,-5.349609,-3.977182,8248
48.36,0.7150269,-6,0,0.08596618,0.0504303,-32.30611,-10.67471,-5.314529,-5.471833,-6.07977,8248
48.38,17.65189,-6,0,-0.1364352,-0.2248184,-7.00839,-6.68286,-5.314529,-5.479765,-5.436059,8236
48.4,116.8557,-6,0,-0.0209099,-0.1446028,3.373292,-2.423196,-4.30233,-4.594261,0.4077398,8224
48.42,112.7386,-6,0,-0.009210436,0.03518021,1.663368,10.40355,-4.30233,-4.331213,2.101038,8188
48.44,84.97449,-6,0,0.1531254,0.3961911,11.03742,18.01759,-4.30233,-4.245378,3.193337,8180
48.46,24.0939,-6,0,0.7549425,0.9570533,37.64811,18.43173,-4.639729,-4.444295,3.781306,8180
48.48,0.6064758,-6,0,1.614255,1.617475,42.27407,9.93158,-4.572248,-4.383934,5.547887,8168
48.5,-26.11346,-6,0,2.291429,2.093074,36.53361,-0.2724528,-4.639729,-4.409244,5.273804,8192
48.52,-41.05341,-6,0,2.699019,2.317657,17.35803,-11.11537,-4.639729,-4.440464,3.781999,8204
48.54,-15.13806,-6,0,2.634007,2.193265,-6.886253,-19.74693,-4.30233,-4.250629,1.854312,8192
48.56,-85.27219,-6,0,1.975992,1.614859,-41.58855,-21.08927,-5.179569,-5.036496,-5.725783,8196
48.58,-38.87585,-6,0,0.6678526,0.5964358,-68.99314,-25.19491,-4.909649,-5.202582,-10.81556,8236
48.6,-53.39227,-6,0,-0.7514467,-0.653663,-75.11529,-18.94875,-5.65193,-5.963099,-17.15051,8228
48.62,80.99146,-6,0,-1.616763,-1.486325,2.548864,-13.25866,-4.707209,-5.382023,-13.32125,8284
48.64,122.4685,-6,0,-1.079879,-1.310128,14.21299,2.98937,-4.639729,-4.938635,-5.248445,8200
48.66,110.129,-6,0,-0.6428123,-0.6990267,17.58704,16.75879,-4.639729,-4.692922,0.1169009,8200
48.68,80.5607,-6,0,-0.30343,-0.05525018,38.02979,23.52496,-4.639729,-4.588792,2.757618,8196
48.7,19.1712,-6,0,1.085725,1.045976,64.68629,20.89783,-4.909649,-4.621961,7.085976,8164
48.72,-26.61417,-6,0,2.079366,1.938639,42.77789,9.727425,-4.977129,-4.648321,8.070221,8212
48.74,-52.59183,-6,0,2.633733,2.379119,24.01452,-4.257565,-4.977129,-4.695887,6.391899,8204
48.76,-152.6524,-6,0,2.766252,2.331507,-1.328999,-16.86204,-5.989328,-5.605872,-0.4960692,8196
48.78,12.92685,-6,0,1.760151,1.545896,-60.91681,-32.43001,-4.30233,-4.68467,-1.863346,8264
48.8,-29.07858,-6,0,0.3661472,0.2862518,-77.05421,-21.95915,-5.314529,-5.416471,-10.61918,8180
48.82,-57.51505,-6,0,-1.128546,-0.9317341,-78.30612,-14.63957,-5.989328,-6.275169,-17.05408,8236
48.84,89.77814,-6,0,-2.286305,-1.90135,-0.9320526,-8.824862,-4.909649,-5.654925,-13.93818,8272
48.86,125.3911,-6,0,-1.191084,-1.458875,36.31987,7.300494,-4.909649,-5.159398,-3.351454,8208
48.88,98.091,-6,0,-0.4345444,-0.574351,29.44964,19.39615,-4.977129,-4.924422,2.731265,8212
48.9,67.5643,-6,0,-0.1292103,0.1218399,9.846577,23.52708,-4.909649,-4.804333,4.589557,8200
48.92,41.02191,-6,0,-0.1889268,0.404,-0.4587703,23.09359,-4.909649,-4.844872,3.252131,8224
48.94,-9.963531,-6,0,0.7204185,0.9770685,65.60233,17.43321,-5.247049,-5.041257,4.452099,8220
48.96,50.83652,-6,0,1.816344,1.721992,59.43438,5.297756,-4.30233,-4.238967,9.874962,8268
48.98,-55.89139,-6,0,2.564253,2.233134,32.93056,0.8887639,-5.247049,-4.774163,6.679951,8212
49,-168.5337,-6,0,2.062066,1.953098,-46.65726,-11.7603,-6.259249,-5.917799,-3.156515,8236
49.02,1.308777,-6,0,0.8984492,0.9772786,-61.28322,-28.10775,-4.639729,-5.117975,-4.923053,8292
49.04,-29.84598,-6,0,-0.338311,-0.275807,-58.70306,-18.0866,-5.65193,-5.829874,-12.16307,8212
49.06,28.33401,-6,0,-0.6316987,-0.7750306,-20.56565,-13.2276,-5.314529,-5.669328,-9.332466,8248
49.08,55.20648,-6,0,-1.019908,-1.058773,-16.53511,-2.805884,-5.314529,-5.584934,-7.478392,8232
49.1,61.63437,-6,0,-0.7896148,-0.8483297,7.907645,6.345894,-5.314529,-5.452841,-3.348784,8240
49.12,59.28168,-6,0,-0.5076798,-0.4490849,14.74734,12.25336,-5.247049,-5.294259,-0.02733827,8268
49.14,41.88425,-6,0,0.07027335,0.1249217,29.38857,14.19733,-5.247049,-5.176381,3.018263,8252
49.16,13.48807,-6,0,0.6056458,0.6635555,26.01452,12.01483,-5.314529,-5.165207,4.258881,8248
49.18,4.595734,-6,0,1.1348,1.117151,24.33513,6.010028,-5.179569,-5.036643,5.212219,8244
49.2,-23.36536,-6,0,1.531542,1.403272,17.22062,-0.1963289,-5.314529,-5.118764,4.210653,8244
49.22,-112.6001,-6,0,1.679016,1.43493,4.441995,-7.778432,-6.191769,-5.89033,-0.6782379,8252
49.24,-83.76355,-6,0,1.458592,1.147236,-13.2374,-21.2492,-5.92185,-5.951295,-2.898351,8292
49.26,-47.81818,-6,0,0.983266,0.5781356,-27.02366,-25.87329,-5.85437,-5.974649,-5.170691,8284
49.28,17.75171,-6,0,0.3042416,-0.05226817,-40.09237,-23.16789,-5.44949,-5.703401,-5.598663,8268
49.3,33.48633,-6,0,-0.8324654,-0.8448243,-62.76413,-11.31885,-5.58445,-5.833127,-8.521497,8256
49.32,-33.31039,-6,0,-1.997723,-1.642827,-62.38245,1.648047,-6.596649,-6.761968,-13.76202,8256
49.34,83.34537,-6,0,-2.483996,-2.014397,23.08322,5.305853,-5.58445,-6.14869,-8.532288,8304
49.36,77.92517,-6,0,-1.263635,-1.337646,48.54888,16.28788,-5.85437,-5.915646,0.03463936,8260
49.38,20.89188,-6,0,-0.3459636,-0.3976966,45.96873,20.22977,-6.191769,-5.991405,4.121274,8292
49.4,-18.42502,-6,0,0.4124946,0.4134789,32.82368,14.60952,-6.259249,-6.022811,5.990773,8304
49.42,-39.60175,-6,0,0.8364676,0.8472912,15.05268,5.386071,-6.259249,-6.055369,5.438277,8300
49.44,-46.72049,-6,0,0.8148459,0.8383725,0.1824515,-3.022243,-6.259249,-6.137835,2.879656,8292
49.46,-42.46332,-6,0,0.669406,0.6100627,-11.42061,-8.951201,-6.259249,-6.214991,0.5398157,8304
49.48,-25.47394,-6,0,0.3747818,0.2649759,-18.0771,-11.56585,-6.191769,-6.227148,-1.245348,8292
49.5,-16.75159,-6,0,-0.11404,-0.1758889,-26.9626,-10.10279,-6.259249,-6.335936,-3.36113,8304
49.52,0.1337585,-6,0,-0.7600956,-0.677819,-35.25267,-6.271228,-6.259249,-6.418709,-5.051396,8300
49.54,19.43326,-6,0,-1.351593,-1.127342,-30.77939,-0.1580285,-6.259249,-6.467305,-5.658621,8292
49.56,120.5151,-6,0,-1.063576,-0.9829787,41.48018,5.341363,-5.247049,-5.54881,1.508525,8296
49.58,80.60547,-6,0,-0.4845616,-0.4543996,30.91529,17.54794,-5.58445,-5.462912,4.623244,8264
49.6,43.40283,-6,0,-0.08471461,0.1401982,17.89238,20.3306,-5.58445,-5.418051,5.948418,8248
49.62,14.25287,-6,0,0.2670981,0.5834868,12.97635,17.20671,-5.58445,-5.419475,5.822846,8256
49.64,73.32849,-6,0,0.5334177,0.8678077,22.27406,11.33141,-4.707209,-4.735855,7.933375,8264
49.66,58.89343,-6,0,1.46014,1.440553,40.57941,10.69035,-4.639729,-4.415549,10.22745,8180
49.68,-99.74988,-6,0,2.074922,1.919151,24.36567,6.725162,-5.989328,-5.423152,4.907382,8192
49.7,-94.65894,-6,0,2.178589,1.992632,1.693902,-12.43826,-5.65193,-5.508767,2.231616,8280
49.72,-46.13269,-6,0,1.73745,1.483007,-24.88626,-23.48032,-5.314529,-5.376861,-1.138489,8276
49.74,-103.4376,-6,0,1.04134,0.709734,-39.28321,-23.89088,-6.259249,-6.197164,-8.080084,8248
49.76,-49.67871,-6,0,0.1193629,-0.142619,-54.33665,-27.07448,-5.989328,-6.279671,-10.41391,8300
49.78,34.93481,-6,0,-0.9799085,-1.077258,-59.92444,-20.3138,-5.58445,-6.036006,-10.8194,8276
49.8,75.74045,-6,0,-2.113019,-1.897469,-54.76413,-3.703781,-5.58445,-6.007058,-11.16192,8260
49.82,94.26865,-6,0,-2.249506,-1.990873,35.96872,12.21659,-5.58445,-5.885594,-6.820895,8256
49.84,86.94165,-6,0,-1.371761,-1.261388,40.1214,22.31561,-5.58445,-5.644973,0.5851109,8256
49.86,22.09717,-6,0,-0.4109443,-0.2957687,42.13667,25.32758,-5.989328,-5.779117,4.330521,8248
49.88,-8.74707,-6,0,0.7389267,0.7282866,52.33514,17.20461,-5.92185,-5.665571,8.006218,8288
49.9,-43.22433,-6,0,1.557995,1.427859,41.12903,5.977729,-5.989328,-5.677005,8.223361,8284
49.92,-147.4383,-6,0,2.032046,1.714444,20.65574,-6.689428,-6.93405,-6.481896,3.18204,8272
49.94,-27.75482,-6,0,1.846246,1.497875,-22.27557,-25.16807,-5.58445,-5.712589,3.488266,8316
49.96,-49.67181,-6,0,0.5997196,0.4793312,-68.5504,-21.8785,-6.191769,-6.196131,-5.029932,8240
49.98,-88.32755,-6,0,-0.8144315,-0.705908,-76.16872,-17.64451,-6.93405,-7.075091,-12.87069,8280
50,71.38651,-6,0,-1.914453,-1.682651,-37.32901,-15.08655,-5.65193,-6.316305,-10.13121,8328
50.02,1.200256,-6,0,-0.6925296,-1.26855,48.33514,-0.339771,-6.799089,-6.71394,-4.084794,8260
50.04,-18.42838,-6,0,-0.1498428,-0.6112656,22.16719,0.7357917,-6.799089,-6.714993,-0.04421329,8332
50.06,-38.48141,-6,0,-0.1508519,-0.3517826,2.777872,-0.7799495,-6.93405,-6.851861,-0.2505614,8204
50.08,-33.85709,-6,0,0.01364361,-0.1920055,3.159552,-4.367446,-6.86657,-6.826658,0.5652241,8344
50.1,-5.240967,-6,0,-0.1333195,-0.252281,-11.89389,-5.914511,-6.596649,-6.633228,0.7527924,8336
50.12,3.792297,-6,0,-0.752242,-0.6244758,-27.87863,-2.297495,-6.596649,-6.666737,-1.551724,8308
50.14,13.08212,-6,0,-1.213312,-0.9624431,-29.61909,2.458473,-6.596649,-6.709902,-2.501742,8292
50.16,111.5017,-6,0,-1.407248,-1.074364,11.84658,7.337558,-5.58445,-5.885988,1.719189,8344
50.18,76.55457,-6,0,-0.2381507,-0.3284342,55.34277,17.31133,-5.85437,-5.676847,7.34209,8264
50.2,-88.95343,-6,0,0.5778418,0.4917344,38.18246,17.73717,-7.20397,-6.65158,4.886523,8288
50.22,-37.22049,-6,0,0.9516022,0.9457407,17.4191,-0.009502172,-6.259249,-6.195185,6.476744,8356
50.24,-27.79959,-6,0,1.18373,1.006145,13.31223,-7.430107,-6.191769,-6.053884,5.289586,8292
50.26,-33.47083,-6,0,1.400868,1.032855,8.014515,-12.06833,-6.191769,-6.027015,4.181281,8312
50.28,-13.96246,-6,0,1.253454,0.8890937,-9.023658,-15.3218,-5.92185,-5.857531,2.78726,8292
50.3,-10.80017,-6,0,0.6983682,0.4810479,-30.88626,-13.92224,-5.92185,-5.907765,-0.4784367,8304
50.32,21.58447,-6,0,-0.00974194,-0.03996731,-39.35955,-10.51879,-5.65193,-5.789557,-2.456422,8296
50.34,-42.89255,-6,0,-0.6845462,-0.5804704,-35.86336,-2.969985,-6.529169,-6.522861,-7.224955,8276
50.36,-57.71469,-6,0,-1.283396,-1.063252,-4.993123,-2.610771,-6.86657,-7.023875,-9.479757,8332
50.38,-39.43259,-6,0,-0.06253027,-0.5698428,57.38857,-7.083723,-6.86657,-6.904365,-2.199067,8352
50.4,-44.72601,-6,0,0.9072157,0.109933,40.01453,-11.10101,-6.93405,-6.78038,2.384462,8336
50.42,-13.1752,-6,0,0.5485257,0.1284899,-27.68015,-13.52853,-6.529169,-6.516397,1.645231,8332
50.44,-1.628174,-6,0,-0.750021,-0.6042799,-59.52749,-8.335311,-6.529169,-6.646898,-3.82451,8316
50.46,-59.02475,-6,0,-1.788128,-1.416097,-54.09237,-0.6069098,-7.40641,-7.487087,-9.73451,8308
50.48,39.07141,-6,0,-1.518548,-1.458785,41.61758,-1.618258,-6.529169,-6.870537,-3.095806,8368
50.5,20.4458,-6,0,-0.6613548,-0.9501864,39.93819,5.246351,-6.86657,-6.793858,1.847452,8300
50.52,-8.682892,-6,0,0.1301782,-0.2136528,30.3504,5.537546,-6.93405,-6.725698,5.323028,8344
50.54,-25.8475,-6,0,-0.2617211,-0.1598586,-27.71069,3.59944,-6.93405,-6.826623,2.482371,8344
50.56,-17.28058,-6,0,-0.9415289,-0.5598999,-37.08474,2.449112,-6.86657,-6.923981,-0.9108474,8344
50.58,-3.310974,-6,0,-1.280321,-0.91803,-0.3366328,3.645065,-6.86657,-6.974826,-1.91597,8348
50.6,81.99942,-6,0,-0.08303419,-0.3201121,48.94582,2.737567,-5.92185,-6.006616,7.427662,8332
50.62,-47.10898,-6,0,0.5400418,0.2554039,33.17483,8.691694,-7.13649,-6.671615,5.458357,8268
50.64,-92.91315,-6,0,0.6665084,0.542811,6.991614,-1.000299,-7.27145,-7.018109,3.048183,8348
50.66,-79.61948,-6,0,0.5963288,0.4316634,-9.374804,-12.00794,-7.13649,-7.067399,1.063191,8360
50.68,47.45963,-6,0,0.09007943,-0.009354487,-30.48931,-16.44102,-5.92185,-6.183115,2.267617,8372
50.7,-23.19556,-6,0,-0.7006121,-0.6474469,-42.33664,-4.254739,-6.93405,-6.849698,-3.756375,8268
50.72,-11.44077,-6,0,-1.63032,-1.269641,-48.62672,-0.4382613,-6.86657,-7.061362,-6.374771,8352
50.74,100.0599,-6,0,-2.428518,-1.843034,-20.27557,5.857806,-5.92185,-6.393588,-4.001356,8332
50.76,-36.48788,-6,0,-1.22893,-1.282998,60.9611,18.07502,-7.541368,-7.257372,-1.312171,8276
50.78,19.55981,-6,0,-0.459841,-0.4931329,39.64811,10.13708,-6.596649,-6.62489,5.338854,8376
50.8,100.6717,-6,0,0.02327428,0.04523884,20.4878,8.967642,-5.58445,-5.61543,10.35112,8308
50.82,74.20953,-6,0,0.4151356,0.509342,18.10612,15.09179,-5.58445,-5.346138,10.81661,8272
50.84,31.49368,-6,0,0.7503913,0.9473704,13.70917,15.36676,-5.58445,-5.303419,9.79938,8284
50.86,-0.8607178,-6,0,0.8599798,1.14412,3.434361,10.73428,-5.58445,-5.362963,7.192599,8256
50.88,-47.88544,-6,0,1.656953,1.54737,49.43438,2.025374,-5.85437,-5.549595,6.631021,8260
50.9,-79.64203,-6,0,2.419402,1.943739,33.58704,-10.85411,-5.989328,-5.677789,5.936652,8280
50.92,-52.65744,-6,0,2.711749,2.043738,6.167187,-23.60374,-5.58445,-5.423467,5.129755,8272
50.94,-128.2873,-6,0,1.743961,1.31195,-60.85574,-26.81201,-6.529169,-6.318239,-4.795938,8264
50.96,-76.24442,-6,0,0.2670353,0.104458,-72.5962,-32.19201,-6.259249,-6.537608,-10.8512,8320
50.98,-78.02802,-6,0,-1.093261,-1.200047,-69.6649,-26.3112,-6.93405,-7.233932,-16.47558,8316
51,-20.09875,-6,0,-1.753185,-1.973477,-1.420603,-20.20773,-6.86657,-7.306407,-14.63572,8348
51.02,-289.2902,0,0,-1.61637,-1.994391,-1.43587,-10.22107,-5.65193,-6.172318,-4.50807,8328
51.04,-171.571,0,0,-1.519144,-2.122126,-2.993122,-31.3717,-5.58445,-5.715613,-0.4018575,8248
51.06,-121.6646,0,0,-1.58026,-2.450977,-4.061825,-33.32542,-5.58445,-5.559723,0.6167401,8252
51.08,-104.1113,0,0,-1.94564,-2.776923,-21.25267,-28.42814,-5.65193,-5.573353,0.5813906,8248
51.1,-77.84444,0,0,-3.131661,-3.467035,-72.13818,-19.93361,-5.58445,-5.642499,-2.117368,8244
51.12,45.53365,0,0,-4.287754,-4.174469,-62.32138,-8.008529,-4.50477,-4.865497,0.0838244,8244
51.14,60.53128,0,0,-5.771054,-4.997554,0.6099325,16.84784,-4.639729,-4.870575,-2.022887,8188
51.16,-125.2607,0,0,-4.394713,-4.224058,59.67865,31.24577,-6.596649,-6.133018,1.350575,8192
51.18,-71.03545,0,0,-3.361948,-3.200109,58.97637,18.96903,-5.65193,-5.566466,9.522087,8296
51.2,-132.6427,0,0,-2.152058,-2.302153,52.1672,12.46235,-6.259249,-5.786201,11.8898,8248
51.22,-70.68932,0,0,-1.488812,-1.689608,30.3962,-0.2216351,-5.314529,-5.071754,15.51522,8292
51.24,-102.8018,0,0,-1.599258,-1.685579,-22.19924,-2.367295,-5.58445,-5.196144,11.70101,8240
51.26,-113.9398,0,0,-2.511939,-2.260202,-49.08474,-4.524188,-5.65193,-5.466117,5.520978,8244
51.28,-96.28874,0,0,-3.425373,-3.040529,-50.32138,-4.331169,-5.65193,-5.65586,1.320172,8240
51.3,-74.20152,0,0,-3.422993,-3.328366,19.02215,-2.126395,-5.65193,-5.639983,2.680357,8216
51.32,-83.13539,0,0,-3.081856,-3.20518,19.49543,0.7250709,-5.85437,-5.699875,4.899796,8264
51.34,-116.2167,0,0,-2.776659,-2.95916,8.838943,0.7997297,-6.191769,-5.932899,5.672857,8272
51.36,-39.86217,0,0,-2.760458,-2.836166,-6.901521,-2.552291,-5.314529,-5.292844,8.806433,8276
51.38,49.70303,0,0,-3.160819,-2.968059,-22.73359,4.101692,-4.36981,-4.41697,10.91511,8212
51.4,47.03165,0,0,-3.669716,-3.132508,-30.87099,19.07838,-4.30233,-4.191045,9.887476,8172
51.42,25.58461,0,0,-4.199149,-3.258899,-20.76412,30.3291,-4.30233,-4.201954,8.162111,8168
51.44,-64.91084,0,0,-3.426194,-2.74857,65.0069,33.47705,-5.044609,-4.688076,8.994576,8180
51.46,-29.45227,0,0,-2.141838,-1.817542,59.32751,22.70055,-4.30233,-4.077124,15.45018,8220
51.48,-55.22665,0,0,-1.05063,-0.9949844,42.45728,15.69646,-4.30233,-3.847193,17.39802,8168
51.5,-121.4276,0,0,-0.3611578,-0.4427367,28.02979,6.129478,-4.639729,-4.076919,15.13218,8192
51.52,-137.9939,0,0,-0.3311201,-0.4176301,-9.817552,-7.26199,-4.572248,-4.193954,11.05543,8216
51.54,-136.5866,0,0,-1.215396,-1.137755,-44.85573,-15.43592,-4.639729,-4.475631,3.889729,8196
51.56,-107.9315,0,0,-2.273943,-2.144166,-55.69543,-17.52872,-4.639729,-4.689397,-1.393282,8196
51.58,-64.08866,0,0,-3.154699,-3.038383,-38.36718,-13.17717,-4.572248,-4.740314,-3.317516,8172
51.6,-74.78767,0,0,-2.871989,-3.142779,7.983981,-6.315267,-4.977129,-4.934363,-0.6018178,8188
51.62,-92.26163,0,0,-2.791697,-3.041937,2.808407,-3.016632,-5.247049,-5.139221,0.8802704,8192
51.64,-2.737686,0,0,-2.760119,-2.897707,5.938179,-2.611898,-4.30233,-4.398408,5.795317,8236
51.66,-0.3579712,0,0,-2.713328,-2.740392,0.1366499,6.544478,-4.30233,-4.174901,7.486557,8180
51.68,-13.03629,0,0,-2.599745,-2.464932,9.93818,12.5219,-4.23485,-4.046899,8.72048,8168
51.7,-81.11514,0,0,-1.744102,-1.816173,40.35041,12.68504,-4.707209,-4.29411,10.24028,8172
51.72,-36.94106,0,0,-1.095967,-1.215194,29.03742,3.915231,-3.897449,-3.678159,13.78061,8184
51.74,-65.69852,0,0,-0.7967343,-0.9321311,14.06032,1.452622,-4.03241,-3.655355,12.29512,8164
51.76,9.903671,0,0,-0.7833014,-0.8351882,-4.168695,-3.163718,-2.95273,-2.841238,13.58915,8148
51.78,-2.31517,0,0,-0.9997619,-0.9454387,-12.99313,1.961274,-2.95273,-2.701509,10.95193,8112
51.8,-30.65482,0,0,-1.13464,-1.00294,-1.237397,4.535027,-3.02021,-2.772564,8.514004,8100
51.82,-49.67356,0,0,-0.7621546,-0.8041757,21.70918,2.349446,-3.02021,-2.766348,8.547399,8100
51.84,-64.15331,0,0,-0.5250492,-0.6479245,11.4191,-1.781731,-3.02021,-2.773115,7.764608,8104
51.86,-72.88757,0,0,-0.4500915,-0.6261557,-0.3366328,-6.281627,-3.02021,-2.806071,6.317471,8100
51.88,-75.55624,0,0,-0.465034,-0.7082863,-2.51984,-10.14273,-3.02021,-2.845946,4.830562,8116
51.9,-73.40263,0,0,-0.5764334,-0.8692049,-6.596177,-12.65284,-3.02021,-2.886724,3.424077,8112
51.92,-67.91003,0,0,-0.7633457,-1.076757,-10.01603,-13.53037,-3.02021,-2.924378,2.241696,8084
51.94,-60.55861,0,0,-0.9898607,-1.294889,-10.00076,-12.85003,-3.02021,-2.95483,1.408248,8084
51.96,-53.33871,0,0,-1.148359,-1.451928,-8.672513,-11.12594,-3.02021,-2.964853,1.27389,8084
51.98,-41.39647,0,0,-1.324533,-1.574573,-10.45877,-8.684724,-2.95273,-2.916599,1.498469,8108
52,-43.40014,0,0,-1.4347,-1.637674,-3.573275,-5.496157,-3.02021,-2.952777,1.6363,8104
52.02,-43.29888,0,0,-1.371136,-1.575862,1.877109,-3.722427,-3.02021,-2.936491,2.603197,8088
52.04,-38.72781,0,0,-1.316381,-1.488301,4.396194,-2.695857,-2.95273,-2.864084,3.485721,8108
52.06,-41.85925,0,0,-1.210452,-1.374559,4.380926,-1.875603,-2.95273,-2.830619,4.109221,8084
52.08,-52.57497,0,0,-1.158363,-1.293104,2.548864,-1.840134,-3.02021,-2.877285,3.967864,8104
52.1,-62.41683,0,0,-1.066136,-1.220343,4.106117,-3.19676,-3.08769,-2.941145,3.812963,8080
52.12,-51.38979,0,0,-1.041186,-1.201268,0.2893218,-5.183641,-2.95273,-2.855618,4.015707,8092
52.14,-56.14162,0,0,-1.054786,-1.228588,-0.6725109,-5.369031,-3.02021,-2.894655,3.508219,8100
52.16,-50.30949,0,0,-1.076088,-1.255294,-0.8557167,-5.899209,-2.95273,-2.85555,3.488734,8088
52.18,-61.60078,0,0,-1.078789,-1.277703,-0.2602969,-5.657889,-3.08769,-2.954358,2.956482,8096
52.2,-55.55815,0,0,-1.077582,-1.28732,-0.0007547362,-6.629109,-3.02021,-2.925826,3.119178,8096
52.22,-53.54539,0,0,-1.074848,-1.300507,-0.7488468,-6.668725,-3.02021,-2.916245,3.163071,8100
52.24,-46.56508,0,0,-1.128139,-1.331551,-1.710679,-6.331235,-2.95273,-2.865151,3.230667,8084
52.26,-46.51546,0,0,-1.094103,-1.314332,1.129017,-5.482784,-2.95273,-2.842883,3.503788,8092
52.28,-54.28763,0,0,-1.108337,-1.304946,-0.3824344,-4.884963,-3.02021,-2.894297,3.226976,8096
52.3,-49.83063,0,0,-1.072299,-1.274442,0.304589,-5.371301,-2.95273,-2.849739,3.564327,8088
52.32,-56.12444,0,0,-1.066256,-1.266631,0.3351234,-5.279099,-3.02021,-2.894127,3.298649,8088
52.34,-50.88414,0,0,-1.059621,-1.260226,0.3351234,-5.870512,-2.95273,-2.852711,3.46463,8104
52.36,-56.45837,0,0,-1.063737,-1.268703,0.2435202,-5.731794,-3.02021,-2.89804,3.169905,8068
52.38,-62.72009,0,0,-1.064444,-1.27729,-0.07709067,-6.204949,-3.08769,-2.965658,2.863063,8096
52.4,-55.42255,0,0,-1.064621,-1.28974,-0.2144953,-7.144227,-3.02021,-2.928876,3.0578,8100
52.42,-59.04558,0,0,-1.085407,-1.318556,-0.6419765,-6.974742,-3.08769,-2.974519,2.798252,8088
52.44,-46.02155,0,0,-1.084157,-1.323004,-1.313733,-7.208295,-2.95273,-2.874023,3.355707,8092
52.46,-51.45949,0,0,-1.052906,-1.304378,1.938177,-6.136834,-3.02021,-2.894273,3.394249,8112
52.48,-59.52283,0,0,-1.074896,-1.299171,-0.8557167,-5.92473,-3.08769,-2.958963,3.050448,8108
52.5,-60.21626,0,0,-1.02491,-1.271668,1.953444,-6.741066,-3.08769,-2.970079,3.209159,8096
52.52,-53.08089,0,0,-1.056834,-1.289078,-1.680145,-7.27034,-3.02021,-2.925005,3.256974,8092
52.54,-45.90312,0,0,-1.048066,-1.291379,0.1824515,-6.912663,-2.95273,-2.855382,3.585302,8088
52.56,-52.79174,0,0,-1.047295,-1.284066,0.5335966,-5.955263,-3.02021,-2.8906,3.40033,8072
52.58,-55.16073,0,0,-1.014748,-1.253041,1.892376,-6.108347,-3.02021,-2.896964,3.478611,8076
52.6,-56.15417,0,0,-1.000423,-1.237193,-0.4129688,-6.502282,-3.02021,-2.900052,3.433519,8100
52.62,-56.28468,0,0,-1.01538,-1.24651,0.2129859,-6.830219,-3.02021,-2.905933,3.267506,8088
52.64,-55.96401,0,0,-1.008928,-1.252064,-0.3213652,-7.077032,-3.02021,-2.907169,3.240971,8072
52.66,-55.66118,0,0,-1.005946,-1.256371,0.7168028,-7.215605,-3.02021,-2.90718,3.223533,8088
52.68,-55.45045,0,0,-1.006852,-1.26061,-0.03128911,-7.273331,-3.02021,-2.907301,3.204442,8088
52.7,-61.43375,0,0,-0.9936597,-1.258637,0.3656577,-7.331992,-3.08769,-2.959924,3.013084,8092
52.72,-55.18665,0,0,-0.9966115,-1.261772,-0.2144953,-7.963044,-3.02021,-2.920278,3.19742,8080
52.74,-53.91435,0,0,-1.002885,-1.271932,-0.5809073,-7.732507,-3.02021,-2.909645,3.209565,8084
52.76,-59.64014,0,0,-1.051831,-1.301511,-1.710679,-7.315623,-3.08769,-2.967615,2.803538,8080
52.78,-53.49027,0,0,-1.009435,-1.283926,1.831307,-7.718074,-3.02021,-2.919675,3.270119,8076
52.8,-52.87977,0,0,-1.011837,-1.28011,-0.5351062,-7.363271,-3.02021,-2.906678,3.31492,8100
52.82,-59.67981,0,0,-1.001532,-1.269732,0.6557342,-7.101303,-3.08769,-2.956518,3.135779,8072
52.84,-60.10363,0,0,-1.0231,-1.278392,-0.7641136,-7.558669,-3.08769,-2.974376,2.995646,8084
52.86,-46.88405,0,0,-1.018425,-1.28079,0.5641309,-7.90372,-2.95273,-2.868271,3.507383,8104
52.88,-58.32784,0,0,-1.025279,-1.287332,-0.03128911,-6.787769,-3.08769,-2.94865,3.092494,8084
52.9,-54.07349,0,0,-1.014835,-1.271756,0.2893218,-7.222869,-3.02021,-2.914344,3.339947,8084
52.92,-59.86557,0,0,-0.9970027,-1.262426,1.205353,-7.144031,-3.08769,-2.957947,3.174347,8104
52.94,-47.89757,0,0,-1.037938,-1.278684,-1.267931,-7.554722,-2.95273,-2.867726,3.425057,8100
52.96,-53.29037,0,0,-1.009267,-1.269978,0.7015356,-6.697237,-3.02021,-2.892216,3.386077,8104
52.98,-49.00721,0,0,-1.030525,-1.265921,-0.4282355,-6.609478,-2.95273,-2.848478,3.497464,8088
53,-55.71159,0,0,-1.024168,-1.259403,0.7626044,-6.143169,-3.02021,-2.891313,3.281378,8084
53.02,-56.95186,0,0,-1.022045,-1.25326,0.8694746,-6.519721,-3.02021,-2.904294,3.213954,8084
53.04,-56.59031,0,0,-1.024889,-1.259363,-0.4129688,-6.890861,-3.02021,-2.9094,3.148137,8080
53.06,-61.81595,0,0,-1.03296,-1.274814,0.1519171,-7.083116,-3.08769,-2.96653,2.857024,8088
53.08,-54.67666,0,0,-1.045806,-1.291795,-0.1686933,-7.692205,-3.02021,-2.927937,3.036437,8084
53.1,-46.89841,0,0,-1.037668,-1.295311,-0.2602969,-7.385263,-2.95273,-2.858809,3.407384,8084
53.12,-59.21889,0,0,-1.04716,-1.297289,0.1824515,-6.377564,-3.08769,-2.949338,2.984348,8096
53.14,-48.7094,0,0,-1.029723,-1.275349,0.7015356,-6.988422,-2.95273,-2.862002,3.508986,8076
53.16,-60.2937,0,0,-1.02925,-1.274387,-0.7641136,-6.353597,-3.08769,-2.948502,3.066864,8096
53.18,-55.42591,0,0,-1.022574,-1.265704,1.083215,-7.116034,-3.02021,-2.917397,3.259549,8096
53.2,-54.22398,0,0,-1.036846,-1.278786,-0.9931214,-7.094904,-3.02021,-2.911497,3.198802,8076
53.22,-53.93571,0,0,-1.042559,-1.285924,1.067948,-6.938313,-3.02021,-2.909806,3.19702,8084
53.24,-53.87231,0,0,-1.053609,-1.292164,-0.8099151,-6.771121,-3.02021,-2.91015,3.17647,8080
53.26,-53.93597,0,0,-1.047005,-1.288186,0.9305434,-6.669214,-3.02021,-2.908453,3.232906,8104
53.28,-60.3016,0,0,-1.024573,-1.27543,0.7778715,-6.677938,-3.08769,-2.959363,3.09493,8080
53.3,-60.3274,0,0,-1.035925,-1.281399,-0.2602969,-7.301143,-3.08769,-2.97599,2.992881,8084
53.32,-47.01582,0,0,-1.013472,-1.275166,-0.04655629,-7.767104,-2.95273,-2.867058,3.572402,8096
53.34,-52.37561,0,0,-1.038863,-1.287608,-0.6725109,-6.667803,-3.02021,-2.895474,3.300024,8096
53.36,-60.3912,0,0,-1.011033,-1.266493,0.7168028,-6.557013,-3.08769,-2.953633,3.169362,8088
53.38,-60.95923,0,0,-1.020332,-1.267393,0.3656577,-7.276573,-3.08769,-2.972893,3.044347,8108
53.4,-47.55546,0,0,-1.021919,-1.274543,0.1213828,-7.796576,-2.95273,-2.869086,3.493754,8084
53.42,-46.47696,0,0,-1.051633,-1.29254,-0.6725109,-6.700734,-2.95273,-2.844032,3.454812,8108
53.44,-54.35256,0,0,-1.037891,-1.276904,0.4419934,-5.89908,-3.02021,-2.888874,3.319896,8100
53.46,-62.35242,0,0,-1.023891,-1.25895,0.6710012,-6.213254,-3.08769,-2.955578,3.071598,8076
53.48,-50.19567,0,0,-1.02272,-1.256154,-0.2144953,-7.230267,-2.95273,-2.866353,3.454401,8096
53.5,-54.7492,0,0,-1.033687,-1.271521,-0.7793808,-6.65439,-3.02021,-2.898566,3.196196,8092
53.52,-49.46014,0,0,-1.042536,-1.273844,0.5793981,-6.69502,-2.95273,-2.853492,3.382709,8084
53.54,-49.47881,0,0,-1.046957,-1.274121,-0.3977011,-6.173574,-2.95273,-2.8416,3.395359,8088
53.56,-50.67557,0,0,-1.04093,-1.262762,1.205353,-5.844808,-2.95273,-2.837898,3.418128,8080
